date,nav,outer_fold,target_family,horizon_sessions,cost_bps
2022-02-21,1.0,O1,RAW,40,0
2022-02-22,1.0035077207298482,O1,RAW,40,0
2022-02-23,1.0035952201093685,O1,RAW,40,0
2022-02-24,0.9193593852836064,O1,RAW,40,0
2022-02-25,0.9811842615185595,O1,RAW,40,0
2022-02-28,0.9727673103103074,O1,RAW,40,0
2022-03-01,0.9933012727315065,O1,RAW,40,0
2022-03-02,1.0133238756581233,O1,RAW,40,0
2022-03-03,1.0413326917800028,O1,RAW,40,0
2022-03-04,1.026756952588426,O1,RAW,40,0
2022-03-07,1.0390041609493703,O1,RAW,40,0
2022-03-08,1.0483690562076198,O1,RAW,40,0
2022-03-09,1.0773257019615285,O1,RAW,40,0
2022-03-10,1.088796772138568,O1,RAW,40,0
2022-03-11,1.0887091983933677,O1,RAW,40,0
2022-03-14,1.1077725492885986,O1,RAW,40,0
2022-03-15,1.1109558093549265,O1,RAW,40,0
2022-03-16,1.11417732307408,O1,RAW,40,0
2022-03-17,1.1367616051708251,O1,RAW,40,0
2022-03-18,1.150030248175601,O1,RAW,40,0
2022-03-21,1.173567507484864,O1,RAW,40,0
2022-03-22,1.204649027249245,O1,RAW,40,0
2022-03-23,1.2036633733168065,O1,RAW,40,0
2022-03-24,1.2078939619163958,O1,RAW,40,0
2022-03-25,1.2111416418411705,O1,RAW,40,0
2022-03-28,1.2196816898945508,O1,RAW,40,0
2022-03-29,1.2561247175454726,O1,RAW,40,0
2022-03-30,1.2678629479171322,O1,RAW,40,0
2022-03-31,1.2835305557413137,O1,RAW,40,0
2022-04-01,1.2884944852085916,O1,RAW,40,0
2022-04-04,1.3228718850116437,O1,RAW,40,0
2022-04-05,1.3509587102213165,O1,RAW,40,0
2022-04-06,1.3707610183534615,O1,RAW,40,0
2022-04-07,1.4130058296680061,O1,RAW,40,0
2022-04-08,1.4492600806710771,O1,RAW,40,0
2022-04-11,1.477306616992595,O1,RAW,40,0
2022-04-12,1.4557861693593872,O1,RAW,40,0
2022-04-13,1.4388197586092708,O1,RAW,40,0
2022-04-14,1.4204121105924672,O1,RAW,40,0
2022-04-15,1.4478621322448448,O1,RAW,40,0
2022-04-18,1.4364348502716344,O1,RAW,40,0
2022-04-19,1.42781852174638,O1,RAW,40,0
2022-04-20,1.4295024823285603,O1,RAW,40,0
2022-04-21,1.445521934636359,O1,RAW,40,0
2022-04-22,1.40446375952007,O1,RAW,40,0
2022-04-25,1.406475357244402,O1,RAW,40,0
2022-04-26,1.3973568953346458,O1,RAW,40,0
2022-04-27,1.426240642295964,O1,RAW,40,0
2022-04-28,1.4168935116248065,O1,RAW,40,0
2022-04-29,1.4292502012572696,O1,RAW,40,0
2022-05-05,1.4581217124796055,O1,RAW,40,0
2022-05-06,1.4462289635477195,O1,RAW,40,0
2022-05-09,1.4614747194822764,O1,RAW,40,0
2022-05-10,1.472436294159433,O1,RAW,40,0
2022-05-11,1.4691864366413605,O1,RAW,40,0
2022-05-12,1.443102614307727,O1,RAW,40,0
2022-05-13,1.4771072095958164,O1,RAW,40,0
2022-05-16,1.4710964733796335,O1,RAW,40,0
2022-05-17,1.4777454923876763,O1,RAW,40,0
2022-05-18,1.4818191179152866,O1,RAW,40,0
2022-05-20,1.4820772203705936,O1,RAW,40,0
2022-05-23,1.5048365926292568,O1,RAW,40,0
2022-05-24,1.5156522783528725,O1,RAW,40,0
2022-05-25,1.5298794825292557,O1,RAW,40,0
2022-05-26,1.5480796114549211,O1,RAW,40,0
2022-05-27,1.535408318343117,O1,RAW,40,0
2022-05-30,1.6000209863739707,O1,RAW,40,0
2022-05-31,1.6299844360717484,O1,RAW,40,0
2022-06-01,1.645934015037821,O1,RAW,40,0
2022-06-02,1.6620065668798691,O1,RAW,40,0
2022-06-03,1.6699071175357372,O1,RAW,40,0
2022-06-06,1.6888088188422965,O1,RAW,40,0
2022-06-07,1.6884254565429402,O1,RAW,40,0
2022-06-08,1.6069473317047434,O1,RAW,40,0
2022-06-09,1.6301767192800583,O1,RAW,40,0
2022-06-10,1.6128448174102932,O1,RAW,40,0
2022-06-13,1.6027250641806932,O1,RAW,40,0
2022-06-14,1.5918533744371195,O1,RAW,40,0
2022-06-15,1.6343071066082284,O1,RAW,40,0
2022-06-16,1.6217104548955108,O1,RAW,40,0
2022-06-17,1.6303898660457528,O1,RAW,40,0
2022-06-20,1.634597094364386,O1,RAW,40,0
2022-06-21,1.6619166121823934,O1,RAW,40,0
2022-06-22,1.6690462598333697,O1,RAW,40,0
2022-06-23,1.6676762083326397,O1,RAW,40,0
2022-06-24,1.6929640659469911,O1,RAW,40,0
2022-06-27,1.6690452960634157,O1,RAW,40,0
2022-06-28,1.6363705513983433,O1,RAW,40,0
2022-06-29,1.5935105749444505,O1,RAW,40,0
2022-06-30,1.6121265657540425,O1,RAW,40,0
2022-07-01,1.628828677043171,O1,RAW,40,0
2022-07-04,1.5943575951497357,O1,RAW,40,0
2022-07-05,1.5985248337316604,O1,RAW,40,0
2022-07-06,1.624428125656455,O1,RAW,40,0
2022-07-07,1.6542904462456889,O1,RAW,40,0
2022-07-08,1.662783198100987,O1,RAW,40,0
2022-07-13,1.6771042264301181,O1,RAW,40,0
2022-07-14,1.6903997513857791,O1,RAW,40,0
2022-07-18,1.7180182875835683,O1,RAW,40,0
2022-07-19,1.7439377864073147,O1,RAW,40,0
2022-07-20,1.7399383836375142,O1,RAW,40,0
2022-07-21,1.738795701208879,O1,RAW,40,0
2022-07-22,1.7416535689593884,O1,RAW,40,0
2022-07-25,1.7577015966862717,O1,RAW,40,0
2022-07-26,1.7553582341610707,O1,RAW,40,0
2022-07-27,1.7768413001649233,O1,RAW,40,0
2022-07-28,1.7949589111800577,O1,RAW,40,0
2022-07-29,1.8336694676631864,O1,RAW,40,0
2022-08-01,1.89863024975967,O1,RAW,40,0
2022-08-02,1.9340043132039215,O1,RAW,40,0
2022-08-03,1.958837284694142,O1,RAW,40,0
2022-08-04,1.9613344518117177,O1,RAW,40,0
2022-08-05,1.9989114526724157,O1,RAW,40,0
2022-08-08,2.0343789641062324,O1,RAW,40,0
2022-08-09,2.037861846131807,O1,RAW,40,0
2022-08-10,2.0456333568210066,O1,RAW,40,0
2022-08-11,2.0722545088009383,O1,RAW,40,0
2022-08-12,2.0670922897746276,O1,RAW,40,0
2022-08-15,2.069978502290329,O1,RAW,40,0
2022-08-16,2.1196969705803475,O1,RAW,40,0
2022-08-17,2.160212924507811,O1,RAW,40,0
2022-08-18,2.14531462792675,O1,RAW,40,0
2022-08-19,2.1867309321648136,O1,RAW,40,0
2022-08-22,2.2340418794547836,O1,RAW,40,0
2022-08-23,2.2577416096566445,O1,RAW,40,0
2022-08-24,2.257266482745692,O1,RAW,40,0
2022-08-25,2.2966450547938715,O1,RAW,40,0
2022-08-26,2.2560883421356928,O1,RAW,40,0
2022-08-29,2.237587026431185,O1,RAW,40,0
2022-08-31,2.24155747798244,O1,RAW,40,0
2022-09-01,2.235299486500348,O1,RAW,40,0
2022-09-02,2.2266519355813315,O1,RAW,40,0
2022-09-05,2.2507087496816327,O1,RAW,40,0
2022-09-06,2.2255953868460727,O1,RAW,40,0
2022-09-07,2.213955681409273,O1,RAW,40,0
2022-09-08,2.2378028447239044,O1,RAW,40,0
2022-09-09,2.247326415842099,O1,RAW,40,0
2022-09-12,2.305242857530476,O1,RAW,40,0
2022-09-13,2.2080233742151565,O1,RAW,40,0
2022-09-14,2.281455750935392,O1,RAW,40,0
2022-09-15,2.2840464638019706,O1,RAW,40,0
2022-09-16,2.3158418777042433,O1,RAW,40,0
2022-09-19,2.267641954293867,O1,RAW,40,0
2022-09-20,2.299034762484887,O1,RAW,40,0
2022-09-21,2.2823589244164646,O1,RAW,40,0
2022-09-22,2.328442162734926,O1,RAW,40,0
2022-09-23,2.3641297812540896,O1,RAW,40,0
2022-09-26,2.3847872028804886,O1,RAW,40,0
2022-09-27,2.3999465368483466,O1,RAW,40,0
2022-09-28,2.410152523099955,O1,RAW,40,0
2022-09-29,2.33254423154403,O1,RAW,40,0
2022-09-30,2.4379835214333583,O1,RAW,40,0
2022-10-03,2.5118992282867914,O1,RAW,40,0
2022-10-04,2.628667808363524,O1,RAW,40,0
2022-10-05,2.6763468317410752,O1,RAW,40,0
2022-10-06,2.6909326428053757,O1,RAW,40,0
2022-10-07,2.739308084175543,O1,RAW,40,0
2022-10-10,2.7754795646286645,O1,RAW,40,0
2022-10-11,2.7400191216626597,O1,RAW,40,0
2022-10-12,2.7825077142316195,O1,RAW,40,0
2022-10-13,2.888488067024016,O1,RAW,40,0
2022-10-14,2.9384080771884173,O1,RAW,40,0
2022-10-17,3.0531681150614536,O1,RAW,40,0
2022-10-18,3.009697674091397,O1,RAW,40,0
2022-10-19,2.999389707610346,O1,RAW,40,0
2022-10-20,3.027461220741656,O1,RAW,40,0
2022-10-21,3.0457424290957253,O1,RAW,40,0
2022-10-24,3.09412321509284,O1,RAW,40,0
2022-10-25,3.096387461743941,O1,RAW,40,0
2022-10-26,3.142255409586245,O1,RAW,40,0
2022-10-27,3.180918684642993,O1,RAW,40,0
2022-10-28,3.1540341978326474,O1,RAW,40,0
2022-10-31,3.215496889368054,O1,RAW,40,0
2022-11-01,3.3300415586342336,O1,RAW,40,0
2022-11-02,3.3308735409064965,O1,RAW,40,0
2022-11-03,3.398930815089126,O1,RAW,40,0
2022-11-04,3.4824963452226876,O1,RAW,40,0
2022-11-07,3.507808167476461,O1,RAW,40,0
2022-11-08,3.571803535836411,O1,RAW,40,0
2022-11-09,3.7370921594168287,O1,RAW,40,0
2022-11-10,3.77766616593218,O1,RAW,40,0
2022-11-11,3.9011779121920833,O1,RAW,40,0
2022-02-21,1.0,O1,RAW,40,30
2022-02-22,1.000507720729848,O1,RAW,40,30
2022-02-23,1.0005952201093684,O1,RAW,40,30
2022-02-24,0.9163593852836063,O1,RAW,40,30
2022-02-25,0.9781842615185595,O1,RAW,40,30
2022-02-28,0.9697673103103075,O1,RAW,40,30
2022-03-01,0.9903012727315065,O1,RAW,40,30
2022-03-02,1.0103238756581234,O1,RAW,40,30
2022-03-03,1.0383326917800029,O1,RAW,40,30
2022-03-04,1.0237569525884258,O1,RAW,40,30
2022-03-07,1.0360041609493702,O1,RAW,40,30
2022-03-08,1.0453690562076199,O1,RAW,40,30
2022-03-09,1.0743257019615287,O1,RAW,40,30
2022-03-10,1.0857967721385682,O1,RAW,40,30
2022-03-11,1.0857091983933673,O1,RAW,40,30
2022-03-14,1.1047725492885987,O1,RAW,40,30
2022-03-15,1.1079558093549267,O1,RAW,40,30
2022-03-16,1.11117732307408,O1,RAW,40,30
2022-03-17,1.1337616051708252,O1,RAW,40,30
2022-03-18,1.1470302481756012,O1,RAW,40,30
2022-03-21,1.1705675074848638,O1,RAW,40,30
2022-03-22,1.2016490272492448,O1,RAW,40,30
2022-03-23,1.2006633733168066,O1,RAW,40,30
2022-03-24,1.2048939619163959,O1,RAW,40,30
2022-03-25,1.2081416418411706,O1,RAW,40,30
2022-03-28,1.2166816898945507,O1,RAW,40,30
2022-03-29,1.2531247175454727,O1,RAW,40,30
2022-03-30,1.264862947917132,O1,RAW,40,30
2022-03-31,1.2805305557413136,O1,RAW,40,30
2022-04-01,1.2854944852085914,O1,RAW,40,30
2022-04-04,1.3198718850116435,O1,RAW,40,30
2022-04-05,1.3479587102213164,O1,RAW,40,30
2022-04-06,1.3677610183534614,O1,RAW,40,30
2022-04-07,1.4100058296680062,O1,RAW,40,30
2022-04-08,1.446260080671077,O1,RAW,40,30
2022-04-11,1.4743066169925951,O1,RAW,40,30
2022-04-12,1.452786169359387,O1,RAW,40,30
2022-04-13,1.4358197586092707,O1,RAW,40,30
2022-04-14,1.4174121105924673,O1,RAW,40,30
2022-04-15,1.4448621322448452,O1,RAW,40,30
2022-04-18,1.4334348502716345,O1,RAW,40,30
2022-04-19,1.4248185217463798,O1,RAW,40,30
2022-04-20,1.4265024823285601,O1,RAW,40,30
2022-04-21,1.4425219346363591,O1,RAW,40,30
2022-04-22,1.4014637595200703,O1,RAW,40,30
2022-04-25,1.4034753572444019,O1,RAW,40,30
2022-04-26,1.3943568953346457,O1,RAW,40,30
2022-04-27,1.423240642295964,O1,RAW,40,30
2022-04-28,1.4138935116248064,O1,RAW,40,30
2022-04-29,1.4262502012572695,O1,RAW,40,30
2022-05-05,1.4551217124796054,O1,RAW,40,30
2022-05-06,1.4432289635477193,O1,RAW,40,30
2022-05-09,1.4584747194822767,O1,RAW,40,30
2022-05-10,1.4694362941594328,O1,RAW,40,30
2022-05-11,1.4661864366413606,O1,RAW,40,30
2022-05-12,1.4401026143077271,O1,RAW,40,30
2022-05-13,1.4741072095958165,O1,RAW,40,30
2022-05-16,1.4680964733796333,O1,RAW,40,30
2022-05-17,1.4747454923876762,O1,RAW,40,30
2022-05-18,1.4788191179152865,O1,RAW,40,30
2022-05-20,1.4790772203705935,O1,RAW,40,30
2022-05-23,1.4978612557222586,O1,RAW,40,30
2022-05-24,1.508655247690998,O1,RAW,40,30
2022-05-25,1.5228539153984175,O1,RAW,40,30
2022-05-26,1.5410175390903222,O1,RAW,40,30
2022-05-27,1.5283716616510656,O1,RAW,40,30
2022-05-30,1.592854731668629,O1,RAW,40,30
2022-05-31,1.6227580816418405,O1,RAW,40,30
2022-06-01,1.6386756694549425,O1,RAW,40,30
2022-06-02,1.6547159834889769,O1,RAW,40,30
2022-06-03,1.6626006874742132,O1,RAW,40,30
2022-06-06,1.681464476355674,O1,RAW,40,30
2022-06-07,1.6810818829920988,O1,RAW,40,30
2022-06-08,1.5997671843585064,O1,RAW,40,30
2022-06-09,1.6229499791746695,O1,RAW,40,30
2022-06-10,1.6056528410767363,O1,RAW,40,30
2022-06-13,1.595553385722979,O1,RAW,40,30
2022-06-14,1.584703502065345,O1,RAW,40,30
2022-06-15,1.6270720819046616,O1,RAW,40,30
2022-06-16,1.6145006961511723,O1,RAW,40,30
2022-06-17,1.6231626984174305,O1,RAW,40,30
2022-06-20,1.6273614880126965,O1,RAW,40,30
2022-06-21,1.6546262092197423,O1,RAW,40,30
2022-06-22,1.6617415564525628,O1,RAW,40,30
2022-06-23,1.6603742529571082,O1,RAW,40,30
2022-06-24,1.68561138899925,O1,RAW,40,30
2022-06-27,1.6617405946157078,O1,RAW,40,30
2022-06-28,1.6291313879035232,O1,RAW,40,30
2022-06-29,1.5863573786131502,O1,RAW,40,30
2022-06-30,1.6049360300665778,O1,RAW,40,30
2022-07-01,1.6216046407975835,O1,RAW,40,30
2022-07-04,1.5872026998925262,O1,RAW,40,30
2022-07-05,1.5913615799612117,O1,RAW,40,30
2022-07-06,1.6172129158954327,O1,RAW,40,30
2022-07-07,1.647015339601617,O1,RAW,40,30
2022-07-08,1.655491056968147,O1,RAW,40,30
2022-07-13,1.6697833606388444,O1,RAW,40,30
2022-07-14,1.683052217857784,O1,RAW,40,30
2022-07-18,1.710615357683154,O1,RAW,40,30
2022-07-19,1.7364828680090494,O1,RAW,40,30
2022-07-20,1.7324914871128094,O1,RAW,40,30
2022-07-21,1.7313510966398704,O1,RAW,40,30
2022-07-22,1.7342032321710803,O1,RAW,40,30
2022-07-25,1.750219071279632,O1,RAW,40,30
2022-07-26,1.7478804089956825,O1,RAW,40,30
2022-07-27,1.769320384956076,O1,RAW,40,30
2022-07-28,1.7874016562492225,O1,RAW,40,30
2022-07-29,1.8260345683420722,O1,RAW,40,30
2022-08-01,1.890865054189259,O1,RAW,40,30
2022-08-02,1.9261681654737544,O1,RAW,40,30
2022-08-03,1.950951327787736,O1,RAW,40,30
2022-08-04,1.9534434861677499,O1,RAW,40,30
2022-08-05,1.9909451162876108,O1,RAW,40,30
2022-08-08,2.0263414881266977,O1,RAW,40,30
2022-08-09,2.0298173842994234,O1,RAW,40,30
2022-08-10,2.0375733071422095,O1,RAW,40,30
2022-08-11,2.0641410632709367,O1,RAW,40,30
2022-08-12,2.058989198457668,O1,RAW,40,30
2022-08-15,2.0618696219010504,O1,RAW,40,30
2022-08-16,2.111488366485012,O1,RAW,40,30
2022-08-17,2.1519230548140165,O1,RAW,40,30
2022-08-18,2.131723475639589,O1,RAW,40,30
2022-08-19,2.1729810249345416,O1,RAW,40,30
2022-08-22,2.2201106222251887,O1,RAW,40,30
2022-08-23,2.2437195077853276,O1,RAW,40,30
2022-08-24,2.2432462021075126,O1,RAW,40,30
2022-08-25,2.282473830147521,O1,RAW,40,30
2022-08-26,2.2420725774882313,O1,RAW,40,30
2022-08-29,2.2236421801183304,O1,RAW,40,30
2022-08-31,2.2275974123297213,O1,RAW,40,30
2022-09-01,2.221363408673197,O1,RAW,40,30
2022-09-02,2.212749005121611,O1,RAW,40,30
2022-09-05,2.2367136058237307,O1,RAW,40,30
2022-09-06,2.2116965062970686,O1,RAW,40,30
2022-09-07,2.2001014176074274,O1,RAW,40,30
2022-09-08,2.223857171146971,O1,RAW,40,30
2022-09-09,2.2333442369801366,O1,RAW,40,30
2022-09-12,2.2910386762089847,O1,RAW,40,30
2022-09-13,2.194191849841863,O1,RAW,40,30
2022-09-14,2.2673427491825215,O1,RAW,40,30
2022-09-15,2.2699235314557913,O1,RAW,40,30
2022-09-16,2.301597068739227,O1,RAW,40,30
2022-09-19,2.2535819029077735,O1,RAW,40,30
2022-09-20,2.2848543777283936,O1,RAW,40,30
2022-09-21,2.2682424606633687,O1,RAW,40,30
2022-09-22,2.314149054976233,O1,RAW,40,30
2022-09-23,2.3496998774690003,O1,RAW,40,30
2022-09-26,2.3702781160814763,O1,RAW,40,30
2022-09-27,2.385379342034968,O1,RAW,40,30
2022-09-28,2.3955462072013765,O1,RAW,40,30
2022-09-29,2.3182353999366643,O1,RAW,40,30
2022-09-30,2.4232705251189763,O1,RAW,40,30
2022-10-03,2.4969029019155053,O1,RAW,40,30
2022-10-04,2.61322389040655,O1,RAW,40,30
2022-10-05,2.660720152893598,O1,RAW,40,30
2022-10-06,2.6752500543433557,O1,RAW,40,30
2022-10-07,2.7234400653477775,O1,RAW,40,30
2022-10-10,2.7594728950587046,O1,RAW,40,30
2022-10-11,2.724148377320924,O1,RAW,40,30
2022-10-12,2.7664741047038115,O1,RAW,40,30
2022-10-13,2.8720482188134477,O1,RAW,40,30
2022-10-14,2.9217768780468676,O1,RAW,40,30
2022-10-17,3.0360970233795355,O1,RAW,40,30
2022-10-18,2.9927932111686157,O1,RAW,40,30
2022-10-19,2.9825247566783704,O1,RAW,40,30
2022-10-20,3.010488667464368,O1,RAW,40,30
2022-10-21,3.028699801188515,O1,RAW,40,30
2022-10-24,3.0768951363331225,O1,RAW,40,30
2022-10-25,3.0791507037851753,O1,RAW,40,30
2022-10-26,3.1248428328627615,O1,RAW,40,30
2022-10-27,3.1633579057526324,O1,RAW,40,30
2022-10-28,3.1365764712366113,O1,RAW,40,30
2022-10-31,3.1978035670017606,O1,RAW,40,30
2022-11-01,3.3119091692679374,O1,RAW,40,30
2022-11-02,3.3127379624266196,O1,RAW,40,30
2022-11-03,3.3805343628087017,O1,RAW,40,30
2022-11-04,3.463779573656745,O1,RAW,40,30
2022-11-07,3.488994371876726,O1,RAW,40,30
2022-11-08,3.5527444363340157,O1,RAW,40,30
2022-11-09,3.7173994836812034,O1,RAW,40,30
2022-11-10,3.7578179639077027,O1,RAW,40,30
2022-11-11,3.8808562710085184,O1,RAW,40,30
2022-02-21,1.0,O1,RAW,40,50
2022-02-22,0.9985077207298482,O1,RAW,40,50
2022-02-23,0.9985952201093683,O1,RAW,40,50
2022-02-24,0.9143593852836063,O1,RAW,40,50
2022-02-25,0.9761842615185595,O1,RAW,40,50
2022-02-28,0.9677673103103075,O1,RAW,40,50
2022-03-01,0.9883012727315065,O1,RAW,40,50
2022-03-02,1.0083238756581234,O1,RAW,40,50
2022-03-03,1.0363326917800029,O1,RAW,40,50
2022-03-04,1.0217569525884258,O1,RAW,40,50
2022-03-07,1.0340041609493702,O1,RAW,40,50
2022-03-08,1.0433690562076199,O1,RAW,40,50
2022-03-09,1.0723257019615287,O1,RAW,40,50
2022-03-10,1.0837967721385682,O1,RAW,40,50
2022-03-11,1.0837091983933673,O1,RAW,40,50
2022-03-14,1.1027725492885987,O1,RAW,40,50
2022-03-15,1.1059558093549267,O1,RAW,40,50
2022-03-16,1.10917732307408,O1,RAW,40,50
2022-03-17,1.1317616051708252,O1,RAW,40,50
2022-03-18,1.1450302481756012,O1,RAW,40,50
2022-03-21,1.1685675074848638,O1,RAW,40,50
2022-03-22,1.199649027249245,O1,RAW,40,50
2022-03-23,1.1986633733168066,O1,RAW,40,50
2022-03-24,1.2028939619163959,O1,RAW,40,50
2022-03-25,1.2061416418411706,O1,RAW,40,50
2022-03-28,1.2146816898945505,O1,RAW,40,50
2022-03-29,1.2511247175454727,O1,RAW,40,50
2022-03-30,1.262862947917132,O1,RAW,40,50
2022-03-31,1.2785305557413136,O1,RAW,40,50
2022-04-01,1.2834944852085914,O1,RAW,40,50
2022-04-04,1.3178718850116435,O1,RAW,40,50
2022-04-05,1.3459587102213164,O1,RAW,40,50
2022-04-06,1.3657610183534614,O1,RAW,40,50
2022-04-07,1.4080058296680062,O1,RAW,40,50
2022-04-08,1.4442600806710768,O1,RAW,40,50
2022-04-11,1.4723066169925951,O1,RAW,40,50
2022-04-12,1.4507861693593873,O1,RAW,40,50
2022-04-13,1.433819758609271,O1,RAW,40,50
2022-04-14,1.4154121105924673,O1,RAW,40,50
2022-04-15,1.442862132244845,O1,RAW,40,50
2022-04-18,1.4314348502716345,O1,RAW,40,50
2022-04-19,1.4228185217463798,O1,RAW,40,50
2022-04-20,1.4245024823285601,O1,RAW,40,50
2022-04-21,1.4405219346363591,O1,RAW,40,50
2022-04-22,1.39946375952007,O1,RAW,40,50
2022-04-25,1.4014753572444019,O1,RAW,40,50
2022-04-26,1.3923568953346457,O1,RAW,40,50
2022-04-27,1.421240642295964,O1,RAW,40,50
2022-04-28,1.4118935116248064,O1,RAW,40,50
2022-04-29,1.4242502012572698,O1,RAW,40,50
2022-05-05,1.4531217124796056,O1,RAW,40,50
2022-05-06,1.4412289635477196,O1,RAW,40,50
2022-05-09,1.4564747194822765,O1,RAW,40,50
2022-05-10,1.467436294159433,O1,RAW,40,50
2022-05-11,1.4641864366413606,O1,RAW,40,50
2022-05-12,1.4381026143077271,O1,RAW,40,50
2022-05-13,1.4721072095958165,O1,RAW,40,50
2022-05-16,1.4660964733796336,O1,RAW,40,50
2022-05-17,1.4727454923876762,O1,RAW,40,50
2022-05-18,1.4768191179152863,O1,RAW,40,50
2022-05-20,1.4770772203705937,O1,RAW,40,50
2022-05-23,1.4932130311175933,O1,RAW,40,50
2022-05-24,1.5039925605830817,O1,RAW,40,50
2022-05-25,1.5181722039778585,O1,RAW,40,50
2022-05-26,1.5363114908472564,O1,RAW,40,50
2022-05-27,1.5236825571896981,O1,RAW,40,50
2022-05-30,1.5880792285317344,O1,RAW,40,50
2022-05-31,1.617942512021902,O1,RAW,40,50
2022-06-01,1.63383877239969,O1,RAW,40,50
2022-06-02,1.6498575945617149,O1,RAW,40,50
2022-06-03,1.657731734099864,O1,RAW,40,50
2022-06-06,1.6765702480312594,O1,RAW,40,50
2022-06-07,1.6761881672915377,O1,RAW,40,50
2022-06-08,1.5949824194610154,O1,RAW,40,50
2022-06-09,1.6181341524377442,O1,RAW,40,50
2022-06-10,1.6008601901876987,O1,RAW,40,50
2022-06-13,1.5907742667511695,O1,RAW,40,50
2022-06-14,1.579938920484162,O1,RAW,40,50
2022-06-15,1.6222507321022839,O1,RAW,40,50
2022-06-16,1.6096961903216132,O1,RAW,40,50
2022-06-17,1.6183465866652162,O1,RAW,40,50
2022-06-20,1.6225397504449033,O1,RAW,40,50
2022-06-21,1.6497679405779753,O1,RAW,40,50
2022-06-22,1.6568737541986913,O1,RAW,40,50
2022-06-23,1.6555082827067533,O1,RAW,40,50
2022-06-24,1.6807116043674222,O1,RAW,40,50
2022-06-27,1.6568727936505687,O1,RAW,40,50
2022-06-28,1.6243072789069763,O1,RAW,40,50
2022-06-29,1.5815905810589501,O1,RAW,40,50
2022-06-30,1.6001443396082684,O1,RAW,40,50
2022-07-01,1.6167906166338586,O1,RAW,40,50
2022-07-04,1.5824347697210528,O1,RAW,40,50
2022-07-05,1.5865880774475793,O1,RAW,40,50
2022-07-06,1.6124047760547515,O1,RAW,40,50
2022-07-07,1.6421672685055684,O1,RAW,40,50
2022-07-08,1.6506316295462538,O1,RAW,40,50
2022-07-13,1.6649047834446613,O1,RAW,40,50
2022-07-14,1.6781558621724537,O1,RAW,40,50
2022-07-18,1.7056820710828773,O1,RAW,40,50
2022-07-19,1.7315149224102064,O1,RAW,40,50
2022-07-20,1.7275288894296728,O1,RAW,40,50
2022-07-21,1.7263900269271983,O1,RAW,40,50
2022-07-22,1.7292383409788747,O1,RAW,40,50
2022-07-25,1.7452327210085388,O1,RAW,40,50
2022-07-26,1.7428971922187575,O1,RAW,40,50
2022-07-27,1.764308441483511,O1,RAW,40,50
2022-07-28,1.7823654862953326,O1,RAW,40,50
2022-07-29,1.8209466354613288,O1,RAW,40,50
2022-08-01,1.8856902571423182,O1,RAW,40,50
2022-08-02,1.920946066986976,O1,RAW,40,50
2022-08-03,1.9456960231834648,O1,RAW,40,50
2022-08-04,1.948184842405105,O1,RAW,40,50
2022-08-05,1.9856362253644078,O1,RAW,40,50
2022-08-08,2.0209851708070072,O1,RAW,40,50
2022-08-09,2.0244564097445004,O1,RAW,40,50
2022-08-10,2.0322019406896783,O1,RAW,40,50
2022-08-11,2.058734099584269,O1,RAW,40,50
2022-08-12,2.0535891375796944,O1,RAW,40,50
2022-08-15,2.056465701641531,O1,RAW,40,50
2022-08-16,2.106017963754789,O1,RAW,40,50
2022-08-17,2.1463984750181537,O1,RAW,40,50
2022-08-18,2.1226793171759657,O1,RAW,40,50
2022-08-19,2.163831068095277,O1,RAW,40,50
2022-08-22,2.2108398090839083,O1,RAW,40,50
2022-08-23,2.23438815343921,O1,RAW,40,50
2022-08-24,2.2339160614779807,O1,RAW,40,50
2022-08-25,2.27304309655021,O1,RAW,40,50
2022-08-26,2.23274544643102,O1,RAW,40,50
2022-08-29,2.2143623108625956,O1,RAW,40,50
2022-08-31,2.2183074005146137,O1,RAW,40,50
2022-09-01,2.21208938296177,O1,RAW,40,50
2022-09-02,2.203497069668051,O1,RAW,40,50
2022-09-05,2.2274002169908367,O1,RAW,40,50
2022-09-06,2.2024472698081317,O1,RAW,40,50
2022-09-07,2.1908819148658836,O1,RAW,40,50
2022-09-08,2.214576750581184,O1,RAW,40,50
2022-09-09,2.2240394883538634,O1,RAW,40,50
2022-09-12,2.2815859794360502,O1,RAW,40,50
2022-09-13,2.184987501240132,O1,RAW,40,50
2022-09-14,2.2579508168183215,O1,RAW,40,50
2022-09-15,2.260524981088897,O1,RAW,40,50
2022-09-16,2.2921172966601207,O1,RAW,40,50
2022-09-19,2.244225258029336,O1,RAW,40,50
2022-09-20,2.275417539598179,O1,RAW,40,50
2022-09-21,2.2588482211332113,O1,RAW,40,50
2022-09-22,2.30463709533927,O1,RAW,40,50
2022-09-23,2.3400967534430532,O1,RAW,40,50
2022-09-26,2.360622222459274,O1,RAW,40,50
2022-09-27,2.3756847237380487,O1,RAW,40,50
2022-09-28,2.385825517607486,O1,RAW,40,50
2022-09-29,2.308712961522689,O1,RAW,40,50
2022-09-30,2.413478740953266,O1,RAW,40,50
2022-10-03,2.4869222993155238,O1,RAW,40,50
2022-10-04,2.6029450012663915,O1,RAW,40,50
2022-10-05,2.6503194671972685,O1,RAW,40,50
2022-10-06,2.6648121090424715,O1,RAW,40,50
2022-10-07,2.7128785444837895,O1,RAW,40,50
2022-10-10,2.74881897377544,O1,RAW,40,50
2022-10-11,2.713585040104353,O1,RAW,40,50
2022-10-12,2.755802229940016,O1,RAW,40,50
2022-10-13,2.8611056161471606,O1,RAW,40,50
2022-10-14,2.910706754200587,O1,RAW,40,50
2022-10-17,3.024733743834818,O1,RAW,40,50
2022-10-18,2.9815409773129735,O1,RAW,40,50
2022-10-19,2.971298854629246,O1,RAW,40,50
2022-10-20,2.999191056445895,O1,RAW,40,50
2022-10-21,3.01735549063506,O1,RAW,40,50
2022-10-24,3.065427236563658,O1,RAW,40,50
2022-10-25,3.0676770199743264,O1,RAW,40,50
2022-10-26,3.113251978906845,O1,RAW,40,50
2022-10-27,3.1516682860624656,O1,RAW,40,50
2022-10-28,3.1249555282448322,O1,RAW,40,50
2022-10-31,3.1860256169315697,O1,RAW,40,50
2022-11-01,3.299838613660635,O1,RAW,40,50
2022-11-02,3.3006652815120354,O1,RAW,40,50
2022-11-03,3.3682878288864293,O1,RAW,40,50
2022-11-04,3.451319570727269,O1,RAW,40,50
2022-11-07,3.476469709636665,O1,RAW,40,50
2022-11-08,3.5400562972665157,O1,RAW,40,50
2022-11-09,3.704289113122784,O1,RAW,40,50
2022-11-10,3.7446039466318473,O1,RAW,40,50
2022-11-11,3.867326741705035,O1,RAW,40,50
2022-02-21,1.0,O1,RAW,40,100
2022-02-22,0.9935077207298482,O1,RAW,40,100
2022-02-23,0.9935952201093684,O1,RAW,40,100
2022-02-24,0.9093593852836064,O1,RAW,40,100
2022-02-25,0.9711842615185595,O1,RAW,40,100
2022-02-28,0.9627673103103074,O1,RAW,40,100
2022-03-01,0.9833012727315065,O1,RAW,40,100
2022-03-02,1.0033238756581235,O1,RAW,40,100
2022-03-03,1.0313326917800028,O1,RAW,40,100
2022-03-04,1.016756952588426,O1,RAW,40,100
2022-03-07,1.0290041609493703,O1,RAW,40,100
2022-03-08,1.0383690562076198,O1,RAW,40,100
2022-03-09,1.0673257019615288,O1,RAW,40,100
2022-03-10,1.078796772138568,O1,RAW,40,100
2022-03-11,1.0787091983933674,O1,RAW,40,100
2022-03-14,1.0977725492885988,O1,RAW,40,100
2022-03-15,1.1009558093549268,O1,RAW,40,100
2022-03-16,1.10417732307408,O1,RAW,40,100
2022-03-17,1.1267616051708251,O1,RAW,40,100
2022-03-18,1.140030248175601,O1,RAW,40,100
2022-03-21,1.163567507484864,O1,RAW,40,100
2022-03-22,1.1946490272492447,O1,RAW,40,100
2022-03-23,1.1936633733168065,O1,RAW,40,100
2022-03-24,1.1978939619163957,O1,RAW,40,100
2022-03-25,1.2011416418411707,O1,RAW,40,100
2022-03-28,1.2096816898945506,O1,RAW,40,100
2022-03-29,1.2461247175454726,O1,RAW,40,100
2022-03-30,1.2578629479171322,O1,RAW,40,100
2022-03-31,1.2735305557413137,O1,RAW,40,100
2022-04-01,1.2784944852085915,O1,RAW,40,100
2022-04-04,1.3128718850116436,O1,RAW,40,100
2022-04-05,1.3409587102213165,O1,RAW,40,100
2022-04-06,1.3607610183534615,O1,RAW,40,100
2022-04-07,1.4030058296680061,O1,RAW,40,100
2022-04-08,1.439260080671077,O1,RAW,40,100
2022-04-11,1.467306616992595,O1,RAW,40,100
2022-04-12,1.445786169359387,O1,RAW,40,100
2022-04-13,1.4288197586092706,O1,RAW,40,100
2022-04-14,1.4104121105924672,O1,RAW,40,100
2022-04-15,1.437862132244845,O1,RAW,40,100
2022-04-18,1.4264348502716344,O1,RAW,40,100
2022-04-19,1.41781852174638,O1,RAW,40,100
2022-04-20,1.4195024823285602,O1,RAW,40,100
2022-04-21,1.435521934636359,O1,RAW,40,100
2022-04-22,1.3944637595200702,O1,RAW,40,100
2022-04-25,1.396475357244402,O1,RAW,40,100
2022-04-26,1.3873568953346458,O1,RAW,40,100
2022-04-27,1.416240642295964,O1,RAW,40,100
2022-04-28,1.4068935116248065,O1,RAW,40,100
2022-04-29,1.4192502012572699,O1,RAW,40,100
2022-05-05,1.4481217124796057,O1,RAW,40,100
2022-05-06,1.4362289635477197,O1,RAW,40,100
2022-05-09,1.4514747194822766,O1,RAW,40,100
2022-05-10,1.4624362941594327,O1,RAW,40,100
2022-05-11,1.4591864366413605,O1,RAW,40,100
2022-05-12,1.433102614307727,O1,RAW,40,100
2022-05-13,1.4671072095958164,O1,RAW,40,100
2022-05-16,1.4610964733796337,O1,RAW,40,100
2022-05-17,1.4677454923876763,O1,RAW,40,100
2022-05-18,1.4718191179152864,O1,RAW,40,100
2022-05-20,1.4720772203705934,O1,RAW,40,100
2022-05-23,1.4815994696059298,O1,RAW,40,100
2022-05-24,1.4923428428132919,O1,RAW,40,100
2022-05-25,1.506474925426462,O1,RAW,40,100
2022-05-26,1.5245533702395913,O1,RAW,40,100
2022-05-27,1.5119667960362797,O1,RAW,40,100
2022-05-30,1.5761474706894987,O1,RAW,40,100
2022-05-31,1.6059105879720552,O1,RAW,40,100
2022-06-01,1.6217535297615588,O1,RAW,40,100
2022-06-02,1.6377186222435611,O1,RAW,40,100
2022-06-03,1.6455663506639908,O1,RAW,40,100
2022-06-06,1.664341677220222,O1,RAW,40,100
2022-06-07,1.6639608780401363,O1,RAW,40,100
2022-06-08,1.5830275072172877,O1,RAW,40,100
2022-06-09,1.6061015855954301,O1,RAW,40,100
2022-06-10,1.5888855629651046,O1,RAW,40,100
2022-06-13,1.5788334693216457,O1,RAW,40,100
2022-06-14,1.5680344665312047,O1,RAW,40,100
2022-06-15,1.6102043575963398,O1,RAW,40,100
2022-06-16,1.5976919257477158,O1,RAW,40,100
2022-06-17,1.60631330728468,O1,RAW,40,100
2022-06-20,1.6104924065254211,O1,RAW,40,100
2022-06-21,1.6376292689735574,O1,RAW,40,100
2022-06-22,1.644711248564013,O1,RAW,40,100
2022-06-23,1.6433503570808674,O1,RAW,40,100
2022-06-24,1.668469142787853,O1,RAW,40,100
2022-06-27,1.6447102912377218,O1,RAW,40,100
2022-06-28,1.6122540064156095,O1,RAW,40,100
2022-06-29,1.5696805871734503,O1,RAW,40,100
2022-06-30,1.5881721134624935,O1,RAW,40,100
2022-07-01,1.6047625562245464,O1,RAW,40,100
2022-07-04,1.5705219442923695,O1,RAW,40,100
2022-07-05,1.5746613211634983,O1,RAW,40,100
2022-07-06,1.6003914264530485,O1,RAW,40,100
2022-07-07,1.6300540907654484,O1,RAW,40,100
2022-07-08,1.6384900609915214,O1,RAW,40,100
2022-07-13,1.6527153404592043,O1,RAW,40,100
2022-07-14,1.6659219729591277,O1,RAW,40,100
2022-07-18,1.6933558545821872,O1,RAW,40,100
2022-07-19,1.719102058413098,O1,RAW,40,100
2022-07-20,1.7151293952218314,O1,RAW,40,100
2022-07-21,1.713994352645518,O1,RAW,40,100
2022-07-22,1.7168331129983607,O1,RAW,40,100
2022-07-25,1.7327738453308053,O1,RAW,40,100
2022-07-26,1.7304461502764443,O1,RAW,40,100
2022-07-27,1.751785582802099,O1,RAW,40,100
2022-07-28,1.7697820614106072,O1,RAW,40,100
2022-07-29,1.808233803259472,O1,RAW,40,100
2022-08-01,1.872760264524966,O1,RAW,40,100
2022-08-02,1.9078978207700308,O1,RAW,40,100
2022-08-03,1.9325647616727875,O1,RAW,40,100
2022-08-04,1.9350452329984924,O1,RAW,40,100
2022-08-05,1.9723709980564,O1,RAW,40,100
2022-08-08,2.0076013775077817,O1,RAW,40,100
2022-08-09,2.0110609733571936,O1,RAW,40,100
2022-08-10,2.01878052455835,O1,RAW,40,100
2022-08-11,2.0452236903676004,O1,RAW,40,100
2022-08-12,2.0400959853847613,O1,RAW,40,100
2022-08-15,2.0429629009927326,O1,RAW,40,100
2022-08-16,2.0923489569292304,O1,RAW,40,100
2022-08-17,2.1325940255284963,O1,RAW,40,100
2022-08-18,2.1001270410642716,O1,RAW,40,100
2022-08-19,2.1410144299303253,O1,RAW,40,100
2022-08-22,2.1877211831052867,O1,RAW,40,100
2022-08-23,2.211118251062245,O1,RAW,40,100
2022-08-24,2.210649191856547,O1,RAW,40,100
2022-08-25,2.2495248718078273,O1,RAW,40,100
2022-08-26,2.209486096931828,O1,RAW,40,100
2022-08-29,2.191221056058176,O1,RAW,40,100
2022-08-31,2.195140802146983,O1,RAW,40,100
2022-09-01,2.188962729623226,O1,RAW,40,100
2022-09-02,2.1804256140193696,O1,RAW,40,100
2022-09-05,2.2041752056619135,O1,RAW,40,100
2022-09-06,2.1793825581555213,O1,RAW,40,100
2022-09-07,2.1678914999542593,O1,RAW,40,100
2022-09-08,2.19143411819931,O1,RAW,40,100
2022-09-09,2.200836066607475,O1,RAW,40,100
2022-09-12,2.2580128745485952,O1,RAW,40,100
2022-09-13,2.1620349525007616,O1,RAW,40,100
2022-09-14,2.234529546056489,O1,RAW,40,100
2022-09-15,2.2370871736952864,O1,RAW,40,100
2022-09-16,2.2684765377705225,O1,RAW,40,100
2022-09-19,2.2208921613262618,O1,RAW,40,100
2022-09-20,2.251884061248708,O1,RAW,40,100
2022-09-21,2.2354211853761603,O1,RAW,40,100
2022-09-22,2.2809159082877772,O1,RAW,40,100
2022-09-23,2.316147770785913,O1,RAW,40,100
2022-09-26,2.3365413825904238,O1,RAW,40,100
2022-09-27,2.35150712118775,O1,RAW,40,100
2022-09-28,2.361582769807493,O1,RAW,40,100
2022-09-29,2.2849655907893607,O1,RAW,40,100
2022-09-30,2.3890583466925617,O1,RAW,40,100
2022-10-03,2.4620300979153074,O1,RAW,40,100
2022-10-04,2.577307460991716,O1,RAW,40,100
2022-10-05,2.6243775896634074,O1,RAW,40,100
2022-10-06,2.63877712964855,O1,RAW,40,100
2022-10-07,2.686534782564649,O1,RAW,40,100
2022-10-10,2.722244327739093,O1,RAW,40,100
2022-10-11,2.6872367396023162,O1,RAW,40,100
2022-10-12,2.7291827229221353,O1,RAW,40,100
2022-10-13,2.8338096319740957,O1,RAW,40,100
2022-10-14,2.8830921284531845,O1,RAW,40,100
2022-10-17,2.9963865998243264,O1,RAW,40,100
2022-10-18,2.9534713069989467,O1,RAW,40,100
2022-10-19,2.9432949805091093,O1,RAW,40,100
2022-10-20,2.9710080006487365,O1,RAW,40,100
2022-10-21,2.9890557450978235,O1,RAW,40,100
2022-10-24,3.036818674386219,O1,RAW,40,100
2022-10-25,3.0390540050130195,O1,RAW,40,100
2022-10-26,3.084336186859475,O1,RAW,40,100
2022-10-27,3.1225057046656426,O1,RAW,40,100
2022-10-28,3.095964551684914,O1,RAW,40,100
2022-10-31,3.1566423213651165,O1,RAW,40,100
2022-11-01,3.2697241745381835,O1,RAW,40,100
2022-11-02,3.270545531810917,O1,RAW,40,100
2022-11-03,3.3377336666737882,O1,RAW,40,100
2022-11-04,3.4202320061376144,O1,RAW,40,100
2022-11-07,3.445220578595687,O1,RAW,40,100
2022-11-08,3.5083986810337797,O1,RAW,40,100
2022-11-09,3.671576452488725,O1,RAW,40,100
2022-11-10,3.711632300367162,O1,RAW,40,100
2022-11-11,3.833566714645796,O1,RAW,40,100
2022-02-21,1.0,O1,SECTOR_RELATIVE,40,0
2022-02-22,1.0019244573964128,O1,SECTOR_RELATIVE,40,0
2022-02-23,0.9969067759687761,O1,SECTOR_RELATIVE,40,0
2022-02-24,0.9065292526228641,O1,SECTOR_RELATIVE,40,0
2022-02-25,0.9706212980685944,O1,SECTOR_RELATIVE,40,0
2022-02-28,0.9562581891809045,O1,SECTOR_RELATIVE,40,0
2022-03-01,0.9736515730471925,O1,SECTOR_RELATIVE,40,0
2022-03-02,0.9951378951285532,O1,SECTOR_RELATIVE,40,0
2022-03-03,1.022004544475542,O1,SECTOR_RELATIVE,40,0
2022-03-04,1.0054530946194202,O1,SECTOR_RELATIVE,40,0
2022-03-07,1.0156110552055886,O1,SECTOR_RELATIVE,40,0
2022-03-08,1.026266384050968,O1,SECTOR_RELATIVE,40,0
2022-03-09,1.0599478015005306,O1,SECTOR_RELATIVE,40,0
2022-03-10,1.0701335346177416,O1,SECTOR_RELATIVE,40,0
2022-03-11,1.0733287873552495,O1,SECTOR_RELATIVE,40,0
2022-03-14,1.088824357886893,O1,SECTOR_RELATIVE,40,0
2022-03-15,1.0940041920184054,O1,SECTOR_RELATIVE,40,0
2022-03-16,1.0990522197825572,O1,SECTOR_RELATIVE,40,0
2022-03-17,1.120443838529066,O1,SECTOR_RELATIVE,40,0
2022-03-18,1.134146648666786,O1,SECTOR_RELATIVE,40,0
2022-03-21,1.1562220361692155,O1,SECTOR_RELATIVE,40,0
2022-03-22,1.186575631880669,O1,SECTOR_RELATIVE,40,0
2022-03-23,1.187603229427912,O1,SECTOR_RELATIVE,40,0
2022-03-24,1.190402073319326,O1,SECTOR_RELATIVE,40,0
2022-03-25,1.1948340778870887,O1,SECTOR_RELATIVE,40,0
2022-03-28,1.2072544343343887,O1,SECTOR_RELATIVE,40,0
2022-03-29,1.246570697620814,O1,SECTOR_RELATIVE,40,0
2022-03-30,1.2562775393460939,O1,SECTOR_RELATIVE,40,0
2022-03-31,1.270929560766404,O1,SECTOR_RELATIVE,40,0
2022-04-01,1.2767520367251903,O1,SECTOR_RELATIVE,40,0
2022-04-04,1.3105739375469216,O1,SECTOR_RELATIVE,40,0
2022-04-05,1.3377517372275525,O1,SECTOR_RELATIVE,40,0
2022-04-06,1.3576887577407195,O1,SECTOR_RELATIVE,40,0
2022-04-07,1.4017461163640579,O1,SECTOR_RELATIVE,40,0
2022-04-08,1.437141800982878,O1,SECTOR_RELATIVE,40,0
2022-04-11,1.4659290946606423,O1,SECTOR_RELATIVE,40,0
2022-04-12,1.4435781797492961,O1,SECTOR_RELATIVE,40,0
2022-04-13,1.42478793908818,O1,SECTOR_RELATIVE,40,0
2022-04-14,1.4056059007073185,O1,SECTOR_RELATIVE,40,0
2022-04-15,1.432915639273014,O1,SECTOR_RELATIVE,40,0
2022-04-18,1.4221786011694848,O1,SECTOR_RELATIVE,40,0
2022-04-19,1.4065871730040165,O1,SECTOR_RELATIVE,40,0
2022-04-20,1.40863026528861,O1,SECTOR_RELATIVE,40,0
2022-04-21,1.4201661162727963,O1,SECTOR_RELATIVE,40,0
2022-04-22,1.3810775380107383,O1,SECTOR_RELATIVE,40,0
2022-04-25,1.3824212989676965,O1,SECTOR_RELATIVE,40,0
2022-04-26,1.373964969206913,O1,SECTOR_RELATIVE,40,0
2022-04-27,1.4039205929698901,O1,SECTOR_RELATIVE,40,0
2022-04-28,1.397407300629799,O1,SECTOR_RELATIVE,40,0
2022-04-29,1.4089839821289156,O1,SECTOR_RELATIVE,40,0
2022-05-05,1.4411439574959906,O1,SECTOR_RELATIVE,40,0
2022-05-06,1.4275003661983476,O1,SECTOR_RELATIVE,40,0
2022-05-09,1.4387113896044843,O1,SECTOR_RELATIVE,40,0
2022-05-10,1.4481186128478643,O1,SECTOR_RELATIVE,40,0
2022-05-11,1.4403906179699864,O1,SECTOR_RELATIVE,40,0
2022-05-12,1.4111418355049445,O1,SECTOR_RELATIVE,40,0
2022-05-13,1.4473686160126609,O1,SECTOR_RELATIVE,40,0
2022-05-16,1.4401289232969723,O1,SECTOR_RELATIVE,40,0
2022-05-17,1.4490057953390818,O1,SECTOR_RELATIVE,40,0
2022-05-18,1.4528998127683939,O1,SECTOR_RELATIVE,40,0
2022-05-20,1.4547179314903946,O1,SECTOR_RELATIVE,40,0
2022-05-23,1.4775470840028087,O1,SECTOR_RELATIVE,40,0
2022-05-24,1.4881666323183487,O1,SECTOR_RELATIVE,40,0
2022-05-25,1.5021358327931986,O1,SECTOR_RELATIVE,40,0
2022-05-26,1.5200059108829447,O1,SECTOR_RELATIVE,40,0
2022-05-27,1.5075644057523583,O1,SECTOR_RELATIVE,40,0
2022-05-30,1.5710053532321284,O1,SECTOR_RELATIVE,40,0
2022-05-31,1.6004254297669926,O1,SECTOR_RELATIVE,40,0
2022-06-01,1.616085770569324,O1,SECTOR_RELATIVE,40,0
2022-06-02,1.6318668541919714,O1,SECTOR_RELATIVE,40,0
2022-06-03,1.6396241320524185,O1,SECTOR_RELATIVE,40,0
2022-06-06,1.658183059835669,O1,SECTOR_RELATIVE,40,0
2022-06-07,1.6578066496325246,O1,SECTOR_RELATIVE,40,0
2022-06-08,1.5778060925259538,O1,SECTOR_RELATIVE,40,0
2022-06-09,1.600614226009144,O1,SECTOR_RELATIVE,40,0
2022-06-10,1.5835966300832303,O1,SECTOR_RELATIVE,40,0
2022-06-13,1.5736603938510298,O1,SECTOR_RELATIVE,40,0
2022-06-14,1.5629858571222714,O1,SECTOR_RELATIVE,40,0
2022-06-15,1.6046697106926184,O1,SECTOR_RELATIVE,40,0
2022-06-16,1.592301493374215,O1,SECTOR_RELATIVE,40,0
2022-06-17,1.600823507457814,O1,SECTOR_RELATIVE,40,0
2022-06-20,1.6049544396562854,O1,SECTOR_RELATIVE,40,0
2022-06-21,1.6317785307809118,O1,SECTOR_RELATIVE,40,0
2022-06-22,1.638778885602336,O1,SECTOR_RELATIVE,40,0
2022-06-23,1.6374336793455553,O1,SECTOR_RELATIVE,40,0
2022-06-24,1.6622629534752338,O1,SECTOR_RELATIVE,40,0
2022-06-27,1.6387779393099,O1,SECTOR_RELATIVE,40,0
2022-06-28,1.6066957358753988,O1,SECTOR_RELATIVE,40,0
2022-06-29,1.5646130050725593,O1,SECTOR_RELATIVE,40,0
2022-06-30,1.582891403585236,O1,SECTOR_RELATIVE,40,0
2022-07-01,1.599290629888488,O1,SECTOR_RELATIVE,40,0
2022-07-04,1.5654446649621054,O1,SECTOR_RELATIVE,40,0
2022-07-05,1.5695363326190621,O1,SECTOR_RELATIVE,40,0
2022-07-06,1.5949698804454628,O1,SECTOR_RELATIVE,40,0
2022-07-07,1.624290661800924,O1,SECTOR_RELATIVE,40,0
2022-07-08,1.6326294015686955,O1,SECTOR_RELATIVE,40,0
2022-07-13,1.6466907247391127,O1,SECTOR_RELATIVE,40,0
2022-07-14,1.6597451415606763,O1,SECTOR_RELATIVE,40,0
2022-07-18,1.6868628285064526,O1,SECTOR_RELATIVE,40,0
2022-07-19,1.7123122893272633,O1,SECTOR_RELATIVE,40,0
2022-07-20,1.7083854138583818,O1,SECTOR_RELATIVE,40,0
2022-07-21,1.7072634534417883,O1,SECTOR_RELATIVE,40,0
2022-07-22,1.7100694950956887,O1,SECTOR_RELATIVE,40,0
2022-07-25,1.7258264993365435,O1,SECTOR_RELATIVE,40,0
2022-07-26,1.7235256325960404,O1,SECTOR_RELATIVE,40,0
2022-07-27,1.7446191132336772,O1,SECTOR_RELATIVE,40,0
2022-07-28,1.7624081698366516,O1,SECTOR_RELATIVE,40,0
2022-07-29,1.8004167284615047,O1,SECTOR_RELATIVE,40,0
2022-08-01,1.8641994771209454,O1,SECTOR_RELATIVE,40,0
2022-08-02,1.898932048449546,O1,SECTOR_RELATIVE,40,0
2022-08-03,1.9233146856024554,O1,SECTOR_RELATIVE,40,0
2022-08-04,1.925766567760899,O1,SECTOR_RELATIVE,40,0
2022-08-05,1.9626621272649971,O1,SECTOR_RELATIVE,40,0
2022-08-08,1.9974864519475264,O1,SECTOR_RELATIVE,40,0
2022-08-09,2.000906173534587,O1,SECTOR_RELATIVE,40,0
2022-08-10,2.008536751507881,O1,SECTOR_RELATIVE,40,0
2022-08-11,2.034675141332665,O1,SECTOR_RELATIVE,40,0
2022-08-12,2.029606536736878,O1,SECTOR_RELATIVE,40,0
2022-08-15,2.0324404091368953,O1,SECTOR_RELATIVE,40,0
2022-08-16,2.0812572562303395,O1,SECTOR_RELATIVE,40,0
2022-08-17,2.1210384722602615,O1,SECTOR_RELATIVE,40,0
2022-08-18,2.1064103493279935,O1,SECTOR_RELATIVE,40,0
2022-08-19,2.1470755882362296,O1,SECTOR_RELATIVE,40,0
2022-08-22,2.193528573598294,O1,SECTOR_RELATIVE,40,0
2022-08-23,2.2167985202642178,O1,SECTOR_RELATIVE,40,0
2022-08-24,2.2163320095578403,O1,SECTOR_RELATIVE,40,0
2022-08-25,2.254996469597534,O1,SECTOR_RELATIVE,40,0
2022-08-26,2.2151752339774387,O1,SECTOR_RELATIVE,40,0
2022-08-29,2.1970094309903847,O1,SECTOR_RELATIVE,40,0
2022-08-31,2.200907880257545,O1,SECTOR_RELATIVE,40,0
2022-09-01,2.194763374527575,O1,SECTOR_RELATIVE,40,0
2022-09-02,2.186272642904792,O1,SECTOR_RELATIVE,40,0
2022-09-05,2.209893197919468,O1,SECTOR_RELATIVE,40,0
2022-09-06,2.185235254187283,O1,SECTOR_RELATIVE,40,0
2022-09-07,2.173806629371118,O1,SECTOR_RELATIVE,40,0
2022-09-08,2.1972213355191847,O1,SECTOR_RELATIVE,40,0
2022-09-09,2.2065722011240654,O1,SECTOR_RELATIVE,40,0
2022-09-12,2.263438355197953,O1,SECTOR_RELATIVE,40,0
2022-09-13,2.1679819017967037,O1,SECTOR_RELATIVE,40,0
2022-09-14,2.2400826166688805,O1,SECTOR_RELATIVE,40,0
2022-09-15,2.242626348167869,O1,SECTOR_RELATIVE,40,0
2022-09-16,2.2738451670921767,O1,SECTOR_RELATIVE,40,0
2022-09-19,2.2265193267763665,O1,SECTOR_RELATIVE,40,0
2022-09-20,2.257342841055919,O1,SECTOR_RELATIVE,40,0
2022-09-21,2.240969411520789,O1,SECTOR_RELATIVE,40,0
2022-09-22,2.2862169518400215,O1,SECTOR_RELATIVE,40,0
2022-09-23,2.321257392068728,O1,SECTOR_RELATIVE,40,0
2022-09-26,2.341540201003998,O1,SECTOR_RELATIVE,40,0
2022-09-27,2.356424627531996,O1,SECTOR_RELATIVE,40,0
2022-09-28,2.366445532990634,O1,SECTOR_RELATIVE,40,0
2022-09-29,2.2902446315475444,O1,SECTOR_RELATIVE,40,0
2022-09-30,2.3937718291704466,O1,SECTOR_RELATIVE,40,0
2022-10-03,2.4663471092096416,O1,SECTOR_RELATIVE,40,0
2022-10-04,2.5809981456348514,O1,SECTOR_RELATIVE,40,0
2022-10-05,2.627812532196594,O1,SECTOR_RELATIVE,40,0
2022-10-06,2.6421338363909705,O1,SECTOR_RELATIVE,40,0
2022-10-07,2.6896320117303643,O1,SECTOR_RELATIVE,40,0
2022-10-10,2.7251475392828914,O1,SECTOR_RELATIVE,40,0
2022-10-11,2.6903301548848115,O1,SECTOR_RELATIVE,40,0
2022-10-12,2.7320482366759804,O1,SECTOR_RELATIVE,40,0
2022-10-13,2.8361066852789594,O1,SECTOR_RELATIVE,40,0
2022-10-14,2.8851214193790446,O1,SECTOR_RELATIVE,40,0
2022-10-17,2.997800337575136,O1,SECTOR_RELATIVE,40,0
2022-10-18,2.9551182127449573,O1,SECTOR_RELATIVE,40,0
2022-10-19,2.9449971764206975,O1,SECTOR_RELATIVE,40,0
2022-10-20,2.9725596257749123,O1,SECTOR_RELATIVE,40,0
2022-10-21,2.9905093129555045,O1,SECTOR_RELATIVE,40,0
2022-10-24,3.038012735999532,O1,SECTOR_RELATIVE,40,0
2022-10-25,3.040235921595353,O1,SECTOR_RELATIVE,40,0
2022-10-26,3.085272075630641,O1,SECTOR_RELATIVE,40,0
2022-10-27,3.1232342102556925,O1,SECTOR_RELATIVE,40,0
2022-10-28,3.0968372610546284,O1,SECTOR_RELATIVE,40,0
2022-10-31,3.1571853553911926,O1,SECTOR_RELATIVE,40,0
2022-11-01,3.2696528105895037,O1,SECTOR_RELATIVE,40,0
2022-11-02,3.2704697052519176,O1,SECTOR_RELATIVE,40,0
2022-11-03,3.33729279256004,O1,SECTOR_RELATIVE,40,0
2022-11-04,3.4193429008420715,O1,SECTOR_RELATIVE,40,0
2022-11-07,3.444195705023631,O1,SECTOR_RELATIVE,40,0
2022-11-08,3.50703054727366,O1,SECTOR_RELATIVE,40,0
2022-11-09,3.6693217388796393,O1,SECTOR_RELATIVE,40,0
2022-11-10,3.7091599547408864,O1,SECTOR_RELATIVE,40,0
2022-11-11,3.83043187318059,O1,SECTOR_RELATIVE,40,0
2022-02-21,1.0,O1,SECTOR_RELATIVE,40,30
2022-02-22,0.9989244573964129,O1,SECTOR_RELATIVE,40,30
2022-02-23,0.993906775968776,O1,SECTOR_RELATIVE,40,30
2022-02-24,0.903529252622864,O1,SECTOR_RELATIVE,40,30
2022-02-25,0.9676212980685943,O1,SECTOR_RELATIVE,40,30
2022-02-28,0.9532581891809047,O1,SECTOR_RELATIVE,40,30
2022-03-01,0.9706515730471925,O1,SECTOR_RELATIVE,40,30
2022-03-02,0.9921378951285532,O1,SECTOR_RELATIVE,40,30
2022-03-03,1.019004544475542,O1,SECTOR_RELATIVE,40,30
2022-03-04,1.0024530946194203,O1,SECTOR_RELATIVE,40,30
2022-03-07,1.0126110552055885,O1,SECTOR_RELATIVE,40,30
2022-03-08,1.023266384050968,O1,SECTOR_RELATIVE,40,30
2022-03-09,1.0569478015005305,O1,SECTOR_RELATIVE,40,30
2022-03-10,1.0671335346177417,O1,SECTOR_RELATIVE,40,30
2022-03-11,1.0703287873552494,O1,SECTOR_RELATIVE,40,30
2022-03-14,1.0858243578868931,O1,SECTOR_RELATIVE,40,30
2022-03-15,1.0910041920184055,O1,SECTOR_RELATIVE,40,30
2022-03-16,1.0960522197825573,O1,SECTOR_RELATIVE,40,30
2022-03-17,1.117443838529066,O1,SECTOR_RELATIVE,40,30
2022-03-18,1.1311466486667858,O1,SECTOR_RELATIVE,40,30
2022-03-21,1.1532220361692154,O1,SECTOR_RELATIVE,40,30
2022-03-22,1.183575631880669,O1,SECTOR_RELATIVE,40,30
2022-03-23,1.1846032294279119,O1,SECTOR_RELATIVE,40,30
2022-03-24,1.1874020733193258,O1,SECTOR_RELATIVE,40,30
2022-03-25,1.1918340778870886,O1,SECTOR_RELATIVE,40,30
2022-03-28,1.2042544343343886,O1,SECTOR_RELATIVE,40,30
2022-03-29,1.243570697620814,O1,SECTOR_RELATIVE,40,30
2022-03-30,1.253277539346094,O1,SECTOR_RELATIVE,40,30
2022-03-31,1.267929560766404,O1,SECTOR_RELATIVE,40,30
2022-04-01,1.2737520367251904,O1,SECTOR_RELATIVE,40,30
2022-04-04,1.3075739375469217,O1,SECTOR_RELATIVE,40,30
2022-04-05,1.3347517372275528,O1,SECTOR_RELATIVE,40,30
2022-04-06,1.3546887577407194,O1,SECTOR_RELATIVE,40,30
2022-04-07,1.3987461163640578,O1,SECTOR_RELATIVE,40,30
2022-04-08,1.4341418009828784,O1,SECTOR_RELATIVE,40,30
2022-04-11,1.4629290946606421,O1,SECTOR_RELATIVE,40,30
2022-04-12,1.4405781797492965,O1,SECTOR_RELATIVE,40,30
2022-04-13,1.42178793908818,O1,SECTOR_RELATIVE,40,30
2022-04-14,1.4026059007073186,O1,SECTOR_RELATIVE,40,30
2022-04-15,1.4299156392730141,O1,SECTOR_RELATIVE,40,30
2022-04-18,1.4191786011694847,O1,SECTOR_RELATIVE,40,30
2022-04-19,1.4035871730040166,O1,SECTOR_RELATIVE,40,30
2022-04-20,1.40563026528861,O1,SECTOR_RELATIVE,40,30
2022-04-21,1.4171661162727962,O1,SECTOR_RELATIVE,40,30
2022-04-22,1.3780775380107382,O1,SECTOR_RELATIVE,40,30
2022-04-25,1.3794212989676966,O1,SECTOR_RELATIVE,40,30
2022-04-26,1.3709649692069128,O1,SECTOR_RELATIVE,40,30
2022-04-27,1.4009205929698902,O1,SECTOR_RELATIVE,40,30
2022-04-28,1.3944073006297988,O1,SECTOR_RELATIVE,40,30
2022-04-29,1.4059839821289155,O1,SECTOR_RELATIVE,40,30
2022-05-05,1.4381439574959904,O1,SECTOR_RELATIVE,40,30
2022-05-06,1.4245003661983475,O1,SECTOR_RELATIVE,40,30
2022-05-09,1.4357113896044842,O1,SECTOR_RELATIVE,40,30
2022-05-10,1.4451186128478644,O1,SECTOR_RELATIVE,40,30
2022-05-11,1.4373906179699862,O1,SECTOR_RELATIVE,40,30
2022-05-12,1.4081418355049444,O1,SECTOR_RELATIVE,40,30
2022-05-13,1.4443686160126608,O1,SECTOR_RELATIVE,40,30
2022-05-16,1.4371289232969722,O1,SECTOR_RELATIVE,40,30
2022-05-17,1.4460057953390817,O1,SECTOR_RELATIVE,40,30
2022-05-18,1.4498998127683942,O1,SECTOR_RELATIVE,40,30
2022-05-20,1.4517179314903945,O1,SECTOR_RELATIVE,40,30
2022-05-23,1.4706693919719198,O1,SECTOR_RELATIVE,40,30
2022-05-24,1.4812672465325836,O1,SECTOR_RELATIVE,40,30
2022-05-25,1.4952079105384692,O1,SECTOR_RELATIVE,40,30
2022-05-26,1.5130414833944545,O1,SECTOR_RELATIVE,40,30
2022-05-27,1.500625393936416,O1,SECTOR_RELATIVE,40,30
2022-05-30,1.563936743402896,O1,SECTOR_RELATIVE,40,30
2022-05-31,1.5932967202131934,O1,SECTOR_RELATIVE,40,30
2022-06-01,1.6089250698625541,O1,SECTOR_RELATIVE,40,30
2022-06-02,1.6246739156771874,O1,SECTOR_RELATIVE,40,30
2022-06-03,1.6324153468670037,O1,SECTOR_RELATIVE,40,30
2022-06-06,1.6509363622251556,O1,SECTOR_RELATIVE,40,30
2022-06-07,1.6505607209577924,O1,SECTOR_RELATIVE,40,30
2022-06-08,1.5707235900558258,O1,SECTOR_RELATIVE,40,30
2022-06-09,1.5934851307798643,O1,SECTOR_RELATIVE,40,30
2022-06-10,1.5765022986257824,O1,SECTOR_RELATIVE,40,30
2022-06-13,1.5665863602694245,O1,SECTOR_RELATIVE,40,30
2022-06-14,1.555933629626606,O1,SECTOR_RELATIVE,40,30
2022-06-15,1.5975323308651612,O1,SECTOR_RELATIVE,40,30
2022-06-16,1.5851893795059855,O1,SECTOR_RELATIVE,40,30
2022-06-17,1.5936939847056009,O1,SECTOR_RELATIVE,40,30
2022-06-20,1.5978164781807047,O1,SECTOR_RELATIVE,40,30
2022-06-21,1.62458577269437,O1,SECTOR_RELATIVE,40,30
2022-06-22,1.631571827097638,O1,SECTOR_RELATIVE,40,30
2022-06-23,1.6302293688461325,O1,SECTOR_RELATIVE,40,30
2022-06-24,1.6550079214036013,O1,SECTOR_RELATIVE,40,30
2022-06-27,1.6315708827383009,O1,SECTOR_RELATIVE,40,30
2022-06-28,1.5995542172566872,O1,SECTOR_RELATIVE,40,30
2022-06-29,1.5575574536173682,O1,SECTOR_RELATIVE,40,30
2022-06-30,1.57579851277388,O1,SECTOR_RELATIVE,40,30
2022-07-01,1.5921642385190096,O1,SECTOR_RELATIVE,40,30
2022-07-04,1.5583874145810048,O1,SECTOR_RELATIVE,40,30
2022-07-05,1.5624707237247228,O1,SECTOR_RELATIVE,40,30
2022-07-06,1.58785231556055,O1,SECTOR_RELATIVE,40,30
2022-07-07,1.617113200032961,O1,SECTOR_RELATIVE,40,30
2022-07-08,1.6254349053119646,O1,SECTOR_RELATIVE,40,30
2022-07-13,1.6394675038239477,O1,SECTOR_RELATIVE,40,30
2022-07-14,1.6524952529087897,O1,SECTOR_RELATIVE,40,30
2022-07-18,1.6795575434821475,O1,SECTOR_RELATIVE,40,30
2022-07-19,1.7049550158051072,O1,SECTOR_RELATIVE,40,30
2022-07-20,1.7010361622097858,O1,SECTOR_RELATIVE,40,30
2022-07-21,1.6999164937488889,O1,SECTOR_RELATIVE,40,30
2022-07-22,1.7027168031834894,O1,SECTOR_RELATIVE,40,30
2022-07-25,1.7184416188060128,O1,SECTOR_RELATIVE,40,30
2022-07-26,1.7161454523067614,O1,SECTOR_RELATIVE,40,30
2022-07-27,1.7371958429009389,O1,SECTOR_RELATIVE,40,30
2022-07-28,1.7549485597819254,O1,SECTOR_RELATIVE,40,30
2022-07-29,1.792879474016499,O1,SECTOR_RELATIVE,40,30
2022-08-01,1.856531926426643,O1,SECTOR_RELATIVE,40,30
2022-08-02,1.8911935455954876,O1,SECTOR_RELATIVE,40,30
2022-08-03,1.915526373572158,O1,SECTOR_RELATIVE,40,30
2022-08-04,1.917973246993041,O1,SECTOR_RELATIVE,40,30
2022-08-05,1.9547934357563006,O1,SECTOR_RELATIVE,40,30
2022-08-08,1.9895466208440997,O1,SECTOR_RELATIVE,40,30
2022-08-09,1.9929593565783121,O1,SECTOR_RELATIVE,40,30
2022-08-10,2.000574346705193,O1,SECTOR_RELATIVE,40,30
2022-08-11,2.0266593406787727,O1,SECTOR_RELATIVE,40,30
2022-08-12,2.021601090296027,O1,SECTOR_RELATIVE,40,30
2022-08-15,2.0244291736237248,O1,SECTOR_RELATIVE,40,30
2022-08-16,2.0731462970111134,O1,SECTOR_RELATIVE,40,30
2022-08-17,2.112846247442576,O1,SECTOR_RELATIVE,40,30
2022-08-18,2.093013460386981,O1,SECTOR_RELATIVE,40,30
2022-08-19,2.1335218119616646,O1,SECTOR_RELATIVE,40,30
2022-08-22,2.179795580744541,O1,SECTOR_RELATIVE,40,30
2022-08-23,2.202975751474497,O1,SECTOR_RELATIVE,40,30
2022-08-24,2.202511040576083,O1,SECTOR_RELATIVE,40,30
2022-08-25,2.2410263323285182,O1,SECTOR_RELATIVE,40,30
2022-08-26,2.201358727859817,O1,SECTOR_RELATIVE,40,30
2022-08-29,2.1832630089167533,O1,SECTOR_RELATIVE,40,30
2022-08-31,2.187146417885936,O1,SECTOR_RELATIVE,40,30
2022-09-01,2.1810256177862746,O1,SECTOR_RELATIVE,40,30
2022-09-02,2.172567643581865,O1,SECTOR_RELATIVE,40,30
2022-09-05,2.1960970700063065,O1,SECTOR_RELATIVE,40,30
2022-09-06,2.171534257131504,O1,SECTOR_RELATIVE,40,30
2022-09-07,2.1601497241864736,O1,SECTOR_RELATIVE,40,30
2022-09-08,2.1834740959134944,O1,SECTOR_RELATIVE,40,30
2022-09-09,2.192788885685291,O1,SECTOR_RELATIVE,40,30
2022-09-12,2.249435648959529,O1,SECTOR_RELATIVE,40,30
2022-09-13,2.1543474685316237,O1,SECTOR_RELATIVE,40,30
2022-09-14,2.226170017353208,O1,SECTOR_RELATIVE,40,30
2022-09-15,2.2287039350834137,O1,SECTOR_RELATIVE,40,30
2022-09-16,2.259802311158025,O1,SECTOR_RELATIVE,40,30
2022-09-19,2.212659054913884,O1,SECTOR_RELATIVE,40,30
2022-09-20,2.2433636514372433,O1,SECTOR_RELATIVE,40,30
2022-09-21,2.2270533909322197,O1,SECTOR_RELATIVE,40,30
2022-09-22,2.2721263653041937,O1,SECTOR_RELATIVE,40,30
2022-09-23,2.3070316187890962,O1,SECTOR_RELATIVE,40,30
2022-09-26,2.3272361762276033,O1,SECTOR_RELATIVE,40,30
2022-09-27,2.342063178329922,O1,SECTOR_RELATIVE,40,30
2022-09-28,2.35204542292785,O1,SECTOR_RELATIVE,40,30
2022-09-29,2.2761385061400246,O1,SECTOR_RELATIVE,40,30
2022-09-30,2.379266293691296,O1,SECTOR_RELATIVE,40,30
2022-10-03,2.4515615767976597,O1,SECTOR_RELATIVE,40,30
2022-10-04,2.565770287150855,O1,SECTOR_RELATIVE,40,30
2022-10-05,2.6124040628401004,O1,SECTOR_RELATIVE,40,30
2022-10-06,2.6266701151464185,O1,SECTOR_RELATIVE,40,30
2022-10-07,2.673985041542054,O1,SECTOR_RELATIVE,40,30
2022-10-10,2.709363549454047,O1,SECTOR_RELATIVE,40,30
2022-10-11,2.6746804912457587,O1,SECTOR_RELATIVE,40,30
2022-10-12,2.7162376238137362,O1,SECTOR_RELATIVE,40,30
2022-10-13,2.819894612767806,O1,SECTOR_RELATIVE,40,30
2022-10-14,2.868720247009039,O1,SECTOR_RELATIVE,40,30
2022-10-17,2.9809644476060706,O1,SECTOR_RELATIVE,40,30
2022-10-18,2.9384469912970848,O1,SECTOR_RELATIVE,40,30
2022-10-19,2.928365002140488,O1,SECTOR_RELATIVE,40,30
2022-10-20,2.9558211149945013,O1,SECTOR_RELATIVE,40,30
2022-10-21,2.9737015519103602,O1,SECTOR_RELATIVE,40,30
2022-10-24,3.0210217057648756,O1,SECTOR_RELATIVE,40,30
2022-10-25,3.023236314264644,O1,SECTOR_RELATIVE,40,30
2022-10-26,3.0680987178853334,O1,SECTOR_RELATIVE,40,30
2022-10-27,3.1059143938091167,O1,SECTOR_RELATIVE,40,30
2022-10-28,3.079619284584535,O1,SECTOR_RELATIVE,40,30
2022-10-31,3.139734554723833,O1,SECTOR_RELATIVE,40,30
2022-11-01,3.2517681081517082,O1,SECTOR_RELATIVE,40,30
2022-11-02,3.2525818512176037,O1,SECTOR_RELATIVE,40,30
2022-11-03,3.3191471336715317,O1,SECTOR_RELATIVE,40,30
2022-11-04,3.400880690937225,O1,SECTOR_RELATIVE,40,30
2022-11-07,3.4256376124857537,O1,SECTOR_RELATIVE,40,30
2022-11-08,3.4882300366135857,O1,SECTOR_RELATIVE,40,30
2022-11-09,3.649895105442626,O1,SECTOR_RELATIVE,40,30
2022-11-10,3.6895796246423576,O1,SECTOR_RELATIVE,40,30
2022-11-11,3.810383673510171,O1,SECTOR_RELATIVE,40,30
2022-02-21,1.0,O1,SECTOR_RELATIVE,40,50
2022-02-22,0.9969244573964129,O1,SECTOR_RELATIVE,40,50
2022-02-23,0.9919067759687762,O1,SECTOR_RELATIVE,40,50
2022-02-24,0.901529252622864,O1,SECTOR_RELATIVE,40,50
2022-02-25,0.9656212980685943,O1,SECTOR_RELATIVE,40,50
2022-02-28,0.9512581891809047,O1,SECTOR_RELATIVE,40,50
2022-03-01,0.9686515730471925,O1,SECTOR_RELATIVE,40,50
2022-03-02,0.9901378951285532,O1,SECTOR_RELATIVE,40,50
2022-03-03,1.017004544475542,O1,SECTOR_RELATIVE,40,50
2022-03-04,1.0004530946194203,O1,SECTOR_RELATIVE,40,50
2022-03-07,1.0106110552055885,O1,SECTOR_RELATIVE,40,50
2022-03-08,1.021266384050968,O1,SECTOR_RELATIVE,40,50
2022-03-09,1.0549478015005305,O1,SECTOR_RELATIVE,40,50
2022-03-10,1.0651335346177417,O1,SECTOR_RELATIVE,40,50
2022-03-11,1.0683287873552494,O1,SECTOR_RELATIVE,40,50
2022-03-14,1.0838243578868931,O1,SECTOR_RELATIVE,40,50
2022-03-15,1.0890041920184055,O1,SECTOR_RELATIVE,40,50
2022-03-16,1.0940522197825573,O1,SECTOR_RELATIVE,40,50
2022-03-17,1.115443838529066,O1,SECTOR_RELATIVE,40,50
2022-03-18,1.1291466486667858,O1,SECTOR_RELATIVE,40,50
2022-03-21,1.1512220361692154,O1,SECTOR_RELATIVE,40,50
2022-03-22,1.1815756318806692,O1,SECTOR_RELATIVE,40,50
2022-03-23,1.1826032294279119,O1,SECTOR_RELATIVE,40,50
2022-03-24,1.1854020733193258,O1,SECTOR_RELATIVE,40,50
2022-03-25,1.1898340778870886,O1,SECTOR_RELATIVE,40,50
2022-03-28,1.2022544343343888,O1,SECTOR_RELATIVE,40,50
2022-03-29,1.241570697620814,O1,SECTOR_RELATIVE,40,50
2022-03-30,1.251277539346094,O1,SECTOR_RELATIVE,40,50
2022-03-31,1.265929560766404,O1,SECTOR_RELATIVE,40,50
2022-04-01,1.2717520367251904,O1,SECTOR_RELATIVE,40,50
2022-04-04,1.3055739375469217,O1,SECTOR_RELATIVE,40,50
2022-04-05,1.3327517372275526,O1,SECTOR_RELATIVE,40,50
2022-04-06,1.3526887577407196,O1,SECTOR_RELATIVE,40,50
2022-04-07,1.3967461163640578,O1,SECTOR_RELATIVE,40,50
2022-04-08,1.4321418009828781,O1,SECTOR_RELATIVE,40,50
2022-04-11,1.4609290946606421,O1,SECTOR_RELATIVE,40,50
2022-04-12,1.4385781797492962,O1,SECTOR_RELATIVE,40,50
2022-04-13,1.41978793908818,O1,SECTOR_RELATIVE,40,50
2022-04-14,1.4006059007073186,O1,SECTOR_RELATIVE,40,50
2022-04-15,1.4279156392730141,O1,SECTOR_RELATIVE,40,50
2022-04-18,1.4171786011694847,O1,SECTOR_RELATIVE,40,50
2022-04-19,1.4015871730040166,O1,SECTOR_RELATIVE,40,50
2022-04-20,1.40363026528861,O1,SECTOR_RELATIVE,40,50
2022-04-21,1.4151661162727962,O1,SECTOR_RELATIVE,40,50
2022-04-22,1.3760775380107384,O1,SECTOR_RELATIVE,40,50
2022-04-25,1.3774212989676964,O1,SECTOR_RELATIVE,40,50
2022-04-26,1.368964969206913,O1,SECTOR_RELATIVE,40,50
2022-04-27,1.3989205929698902,O1,SECTOR_RELATIVE,40,50
2022-04-28,1.3924073006297988,O1,SECTOR_RELATIVE,40,50
2022-04-29,1.4039839821289157,O1,SECTOR_RELATIVE,40,50
2022-05-05,1.4361439574959902,O1,SECTOR_RELATIVE,40,50
2022-05-06,1.4225003661983477,O1,SECTOR_RELATIVE,40,50
2022-05-09,1.433711389604484,O1,SECTOR_RELATIVE,40,50
2022-05-10,1.4431186128478644,O1,SECTOR_RELATIVE,40,50
2022-05-11,1.4353906179699862,O1,SECTOR_RELATIVE,40,50
2022-05-12,1.4061418355049444,O1,SECTOR_RELATIVE,40,50
2022-05-13,1.4423686160126608,O1,SECTOR_RELATIVE,40,50
2022-05-16,1.4351289232969724,O1,SECTOR_RELATIVE,40,50
2022-05-17,1.4440057953390817,O1,SECTOR_RELATIVE,40,50
2022-05-18,1.447899812768394,O1,SECTOR_RELATIVE,40,50
2022-05-20,1.4497179314903943,O1,SECTOR_RELATIVE,40,50
2022-05-23,1.466086263951327,O1,SECTOR_RELATIVE,40,50
2022-05-24,1.47666965600874,O1,SECTOR_RELATIVE,40,50
2022-05-25,1.4905912957019833,O1,SECTOR_RELATIVE,40,50
2022-05-26,1.5084005317354612,O1,SECTOR_RELATIVE,40,50
2022-05-27,1.4960013860591213,O1,SECTOR_RELATIVE,40,50
2022-05-30,1.5592263368500743,O1,SECTOR_RELATIVE,40,50
2022-05-31,1.5885462471773273,O1,SECTOR_RELATIVE,40,50
2022-06-01,1.6041532693913738,O1,SECTOR_RELATIVE,40,50
2022-06-02,1.6198806233339984,O1,SECTOR_RELATIVE,40,50
2022-06-03,1.6276114900767271,O1,SECTOR_RELATIVE,40,50
2022-06-06,1.6461072304848132,O1,SECTOR_RELATIVE,40,50
2022-06-07,1.645732101841304,O1,SECTOR_RELATIVE,40,50
2022-06-08,1.5660039217424075,O1,SECTOR_RELATIVE,40,50
2022-06-09,1.5887344006270114,O1,SECTOR_RELATIVE,40,50
2022-06-10,1.5717747443208174,O1,SECTOR_RELATIVE,40,50
2022-06-13,1.5618723378816879,O1,SECTOR_RELATIVE,40,50
2022-06-14,1.551234144629496,O1,SECTOR_RELATIVE,40,50
2022-06-15,1.5927760776468558,O1,SECTOR_RELATIVE,40,50
2022-06-16,1.580449970260499,O1,SECTOR_RELATIVE,40,50
2022-06-17,1.5889429695374595,O1,SECTOR_RELATIVE,40,50
2022-06-20,1.5930598371969846,O1,SECTOR_RELATIVE,40,50
2022-06-21,1.6197926006366756,O1,SECTOR_RELATIVE,40,50
2022-06-22,1.6267691214278395,O1,SECTOR_RELATIVE,40,50
2022-06-23,1.6254284951798508,O1,SECTOR_RELATIVE,40,50
2022-06-24,1.6501732333558468,O1,SECTOR_RELATIVE,40,50
2022-06-27,1.6267681783572345,O1,SECTOR_RELATIVE,40,50
2022-06-28,1.594795204844213,O1,SECTOR_RELATIVE,40,50
2022-06-29,1.5528557526472406,O1,SECTOR_RELATIVE,40,50
2022-06-30,1.5710719188996431,O1,SECTOR_RELATIVE,40,50
2022-07-01,1.5874153109393574,O1,SECTOR_RELATIVE,40,50
2022-07-04,1.5536845809936042,O1,SECTOR_RELATIVE,40,50
2022-07-05,1.557762317795163,O1,SECTOR_RELATIVE,40,50
2022-07-06,1.583109272303941,O1,SECTOR_RELATIVE,40,50
2022-07-07,1.6123302255209855,O1,SECTOR_RELATIVE,40,50
2022-07-08,1.6206405744741441,O1,SECTOR_RELATIVE,40,50
2022-07-13,1.6346540232138376,O1,SECTOR_RELATIVE,40,50
2022-07-14,1.6476639938075317,O1,SECTOR_RELATIVE,40,50
2022-07-18,1.6746893534659437,O1,SECTOR_RELATIVE,40,50
2022-07-19,1.7000521667903365,O1,SECTOR_RELATIVE,40,50
2022-07-20,1.6961386611107219,O1,SECTOR_RELATIVE,40,50
2022-07-21,1.6950205206202895,O1,SECTOR_RELATIVE,40,50
2022-07-22,1.6978170085753568,O1,SECTOR_RELATIVE,40,50
2022-07-25,1.7135203651189914,O1,SECTOR_RELATIVE,40,50
2022-07-26,1.7112273321139089,O1,SECTOR_RELATIVE,40,50
2022-07-27,1.7322489960124465,O1,SECTOR_RELATIVE,40,50
2022-07-28,1.749977486412108,O1,SECTOR_RELATIVE,40,50
2022-07-29,1.7878566377198286,O1,SECTOR_RELATIVE,40,50
2022-08-01,1.8514222259637747,O1,SECTOR_RELATIVE,40,50
2022-08-02,1.8860365436927822,O1,SECTOR_RELATIVE,40,50
2022-08-03,1.9103361655519597,O1,SECTOR_RELATIVE,40,50
2022-08-04,1.9127796998144684,O1,SECTOR_RELATIVE,40,50
2022-08-05,1.9495496414171705,O1,SECTOR_RELATIVE,40,50
2022-08-08,1.9842554001084824,O1,SECTOR_RELATIVE,40,50
2022-08-09,1.9876634786074618,O1,SECTOR_RELATIVE,40,50
2022-08-10,1.9952680768367344,O1,SECTOR_RELATIVE,40,50
2022-08-11,2.021317473576178,O1,SECTOR_RELATIVE,40,50
2022-08-12,2.016266126002127,O1,SECTOR_RELATIVE,40,50
2022-08-15,2.0190903499482786,O1,SECTOR_RELATIVE,40,50
2022-08-16,2.0677409908649627,O1,SECTOR_RELATIVE,40,50
2022-08-17,2.107386764230786,O1,SECTOR_RELATIVE,40,50
2022-08-18,2.0840987457242064,O1,SECTOR_RELATIVE,40,50
2022-08-19,2.1245025439962872,O1,SECTOR_RELATIVE,40,50
2022-08-22,2.1706568787572387,O1,SECTOR_RELATIVE,40,50
2022-08-23,2.1937772207528603,O1,SECTOR_RELATIVE,40,50
2022-08-24,2.193313709287582,O1,SECTOR_RELATIVE,40,50
2022-08-25,2.2317295918861793,O1,SECTOR_RELATIVE,40,50
2022-08-26,2.192164370725915,O1,SECTOR_RELATIVE,40,50
2022-08-29,2.174115357390582,O1,SECTOR_RELATIVE,40,50
2022-08-31,2.177988743161651,O1,SECTOR_RELATIVE,40,50
2022-09-01,2.1718837410354968,O1,SECTOR_RELATIVE,40,50
2022-09-02,2.163447597122917,O1,SECTOR_RELATIVE,40,50
2022-09-05,2.1869162933733226,O1,SECTOR_RELATIVE,40,50
2022-09-06,2.1624168778748007,O1,SECTOR_RELATIVE,40,50
2022-09-07,2.151061728759813,O1,SECTOR_RELATIVE,40,50
2022-09-08,2.174325899565285,O1,SECTOR_RELATIVE,40,50
2022-09-09,2.1836166475778933,O1,SECTOR_RELATIVE,40,50
2022-09-12,2.2401172038120563,O1,SECTOR_RELATIVE,40,50
2022-09-13,2.1452744489054503,O1,SECTOR_RELATIVE,40,50
2022-09-14,2.216911621517223,O1,SECTOR_RELATIVE,40,50
2022-09-15,2.2194389991277514,O1,SECTOR_RELATIVE,40,50
2022-09-16,2.2504571093362444,O1,SECTOR_RELATIVE,40,50
2022-09-19,2.203435531287936,O1,SECTOR_RELATIVE,40,50
2022-09-20,2.234060878302322,O1,SECTOR_RELATIVE,40,50
2022-09-21,2.2177927150818295,O1,SECTOR_RELATIVE,40,50
2022-09-22,2.2627493547192237,O1,SECTOR_RELATIVE,40,50
2022-09-23,2.2975645166702043,O1,SECTOR_RELATIVE,40,50
2022-09-26,2.317716925523896,O1,SECTOR_RELATIVE,40,50
2022-09-27,2.3325056586772885,O1,SECTOR_RELATIVE,40,50
2022-09-28,2.3424621387945708,O1,SECTOR_RELATIVE,40,50
2022-09-29,2.26675114009603,O1,SECTOR_RELATIVE,40,50
2022-09-30,2.3696127516524896,O1,SECTOR_RELATIVE,40,50
2022-10-03,2.4417214384072974,O1,SECTOR_RELATIVE,40,50
2022-10-04,2.555635372562765,O1,SECTOR_RELATIVE,40,50
2022-10-05,2.602148785041176,O1,SECTOR_RELATIVE,40,50
2022-10-06,2.6163780162272623,O1,SECTOR_RELATIVE,40,50
2022-10-07,2.6635708213411187,O1,SECTOR_RELATIVE,40,50
2022-10-10,2.6988580162349423,O1,SECTOR_RELATIVE,40,50
2022-10-11,2.6642644760677263,O1,SECTOR_RELATIVE,40,50
2022-10-12,2.7057143483970676,O1,SECTOR_RELATIVE,40,50
2022-10-13,2.809103795471211,O1,SECTOR_RELATIVE,40,50
2022-10-14,2.8578034092472038,O1,SECTOR_RELATIVE,40,50
2022-10-17,2.9697579041066726,O1,SECTOR_RELATIVE,40,50
2022-10-18,2.9273501866614646,O1,SECTOR_RELATIVE,40,50
2022-10-19,2.9172942194292895,O1,SECTOR_RELATIVE,40,50
2022-10-20,2.9446794672106966,O1,SECTOR_RELATIVE,40,50
2022-10-21,2.9625137541683655,O1,SECTOR_RELATIVE,40,50
2022-10-24,3.009711773248869,O1,SECTOR_RELATIVE,40,50
2022-10-25,3.011920665775915,O1,SECTOR_RELATIVE,40,50
2022-10-26,3.0566672781516173,O1,SECTOR_RELATIVE,40,50
2022-10-27,3.094385350651556,O1,SECTOR_RELATIVE,40,50
2022-10-28,3.0681581099134685,O1,SECTOR_RELATIVE,40,50
2022-10-31,3.128118220689682,O1,SECTOR_RELATIVE,40,50
2022-11-01,3.239862612066824,O1,SECTOR_RELATIVE,40,50
2022-11-02,3.240674254836812,O1,SECTOR_RELATIVE,40,50
2022-11-03,3.307067730247286,O1,SECTOR_RELATIVE,40,50
2022-11-04,3.388590330685229,O1,SECTOR_RELATIVE,40,50
2022-11-07,3.413283353857015,O1,SECTOR_RELATIVE,40,50
2022-11-08,3.4757142250110507,O1,SECTOR_RELATIVE,40,50
2022-11-09,3.6369620313200306,O1,SECTOR_RELATIVE,40,50
2022-11-10,3.6765441235538834,O1,SECTOR_RELATIVE,40,50
2022-11-11,3.7970363734522024,O1,SECTOR_RELATIVE,40,50
2022-02-21,1.0,O1,SECTOR_RELATIVE,40,100
2022-02-22,0.9919244573964128,O1,SECTOR_RELATIVE,40,100
2022-02-23,0.9869067759687761,O1,SECTOR_RELATIVE,40,100
2022-02-24,0.8965292526228641,O1,SECTOR_RELATIVE,40,100
2022-02-25,0.9606212980685944,O1,SECTOR_RELATIVE,40,100
2022-02-28,0.9462581891809045,O1,SECTOR_RELATIVE,40,100
2022-03-01,0.9636515730471924,O1,SECTOR_RELATIVE,40,100
2022-03-02,0.9851378951285532,O1,SECTOR_RELATIVE,40,100
2022-03-03,1.012004544475542,O1,SECTOR_RELATIVE,40,100
2022-03-04,0.9954530946194202,O1,SECTOR_RELATIVE,40,100
2022-03-07,1.0056110552055886,O1,SECTOR_RELATIVE,40,100
2022-03-08,1.016266384050968,O1,SECTOR_RELATIVE,40,100
2022-03-09,1.0499478015005304,O1,SECTOR_RELATIVE,40,100
2022-03-10,1.0601335346177418,O1,SECTOR_RELATIVE,40,100
2022-03-11,1.0633287873552495,O1,SECTOR_RELATIVE,40,100
2022-03-14,1.078824357886893,O1,SECTOR_RELATIVE,40,100
2022-03-15,1.0840041920184056,O1,SECTOR_RELATIVE,40,100
2022-03-16,1.0890522197825572,O1,SECTOR_RELATIVE,40,100
2022-03-17,1.110443838529066,O1,SECTOR_RELATIVE,40,100
2022-03-18,1.124146648666786,O1,SECTOR_RELATIVE,40,100
2022-03-21,1.1462220361692155,O1,SECTOR_RELATIVE,40,100
2022-03-22,1.1765756318806688,O1,SECTOR_RELATIVE,40,100
2022-03-23,1.177603229427912,O1,SECTOR_RELATIVE,40,100
2022-03-24,1.180402073319326,O1,SECTOR_RELATIVE,40,100
2022-03-25,1.1848340778870887,O1,SECTOR_RELATIVE,40,100
2022-03-28,1.1972544343343887,O1,SECTOR_RELATIVE,40,100
2022-03-29,1.236570697620814,O1,SECTOR_RELATIVE,40,100
2022-03-30,1.2462775393460939,O1,SECTOR_RELATIVE,40,100
2022-03-31,1.260929560766404,O1,SECTOR_RELATIVE,40,100
2022-04-01,1.2667520367251905,O1,SECTOR_RELATIVE,40,100
2022-04-04,1.3005739375469216,O1,SECTOR_RELATIVE,40,100
2022-04-05,1.3277517372275527,O1,SECTOR_RELATIVE,40,100
2022-04-06,1.3476887577407197,O1,SECTOR_RELATIVE,40,100
2022-04-07,1.3917461163640579,O1,SECTOR_RELATIVE,40,100
2022-04-08,1.4271418009828782,O1,SECTOR_RELATIVE,40,100
2022-04-11,1.4559290946606422,O1,SECTOR_RELATIVE,40,100
2022-04-12,1.4335781797492964,O1,SECTOR_RELATIVE,40,100
2022-04-13,1.41478793908818,O1,SECTOR_RELATIVE,40,100
2022-04-14,1.3956059007073185,O1,SECTOR_RELATIVE,40,100
2022-04-15,1.422915639273014,O1,SECTOR_RELATIVE,40,100
2022-04-18,1.4121786011694848,O1,SECTOR_RELATIVE,40,100
2022-04-19,1.3965871730040165,O1,SECTOR_RELATIVE,40,100
2022-04-20,1.39863026528861,O1,SECTOR_RELATIVE,40,100
2022-04-21,1.4101661162727963,O1,SECTOR_RELATIVE,40,100
2022-04-22,1.371077538010738,O1,SECTOR_RELATIVE,40,100
2022-04-25,1.3724212989676965,O1,SECTOR_RELATIVE,40,100
2022-04-26,1.3639649692069131,O1,SECTOR_RELATIVE,40,100
2022-04-27,1.3939205929698901,O1,SECTOR_RELATIVE,40,100
2022-04-28,1.387407300629799,O1,SECTOR_RELATIVE,40,100
2022-04-29,1.3989839821289158,O1,SECTOR_RELATIVE,40,100
2022-05-05,1.4311439574959903,O1,SECTOR_RELATIVE,40,100
2022-05-06,1.4175003661983476,O1,SECTOR_RELATIVE,40,100
2022-05-09,1.428711389604484,O1,SECTOR_RELATIVE,40,100
2022-05-10,1.4381186128478642,O1,SECTOR_RELATIVE,40,100
2022-05-11,1.4303906179699863,O1,SECTOR_RELATIVE,40,100
2022-05-12,1.4011418355049445,O1,SECTOR_RELATIVE,40,100
2022-05-13,1.4373686160126609,O1,SECTOR_RELATIVE,40,100
2022-05-16,1.430128923296972,O1,SECTOR_RELATIVE,40,100
2022-05-17,1.4390057953390818,O1,SECTOR_RELATIVE,40,100
2022-05-18,1.442899812768394,O1,SECTOR_RELATIVE,40,100
2022-05-20,1.4447179314903944,O1,SECTOR_RELATIVE,40,100
2022-05-23,1.4546354438998454,O1,SECTOR_RELATIVE,40,100
2022-05-24,1.4651826796991316,O1,SECTOR_RELATIVE,40,100
2022-05-25,1.4790567586107686,O1,SECTOR_RELATIVE,40,100
2022-05-26,1.4968051525879777,O1,SECTOR_RELATIVE,40,100
2022-05-27,1.4844483663658836,O1,SECTOR_RELATIVE,40,100
2022-05-30,1.5474573204680198,O1,SECTOR_RELATIVE,40,100
2022-05-31,1.576677064587662,O1,SECTOR_RELATIVE,40,100
2022-06-01,1.592230768213425,O1,SECTOR_RELATIVE,40,100
2022-06-02,1.6079043924760261,O1,SECTOR_RELATIVE,40,100
2022-06-03,1.6156088481010358,O1,SECTOR_RELATIVE,40,100
2022-06-06,1.6340414011339575,O1,SECTOR_RELATIVE,40,100
2022-06-07,1.6336675540500836,O1,SECTOR_RELATIVE,40,100
2022-06-08,1.554211750958861,O1,SECTOR_RELATIVE,40,100
2022-06-09,1.5768645752448789,O1,SECTOR_RELATIVE,40,100
2022-06-10,1.559962858558404,O1,SECTOR_RELATIVE,40,100
2022-06-13,1.5500942819123458,O1,SECTOR_RELATIVE,40,100
2022-06-14,1.5394924321367198,O1,SECTOR_RELATIVE,40,100
2022-06-15,1.5808924446010932,O1,SECTOR_RELATIVE,40,100
2022-06-16,1.568608447146783,O1,SECTOR_RELATIVE,40,100
2022-06-17,1.5770724316171043,O1,SECTOR_RELATIVE,40,100
2022-06-20,1.581175234737684,O1,SECTOR_RELATIVE,40,100
2022-06-21,1.607816670492439,O1,SECTOR_RELATIVE,40,100
2022-06-22,1.6147693572533428,O1,SECTOR_RELATIVE,40,100
2022-06-23,1.613433311014146,O1,SECTOR_RELATIVE,40,100
2022-06-24,1.638093513236459,O1,SECTOR_RELATIVE,40,100
2022-06-27,1.6147684174045693,O1,SECTOR_RELATIVE,40,100
2022-06-28,1.5829046738130272,O1,SECTOR_RELATIVE,40,100
2022-06-29,1.5411085002219223,O1,SECTOR_RELATIVE,40,100
2022-06-30,1.5592624342140502,O1,SECTOR_RELATIVE,40,100
2022-07-01,1.575549991990227,O1,SECTOR_RELATIVE,40,100
2022-07-04,1.5419344970251025,O1,SECTOR_RELATIVE,40,100
2022-07-05,1.5459983029712634,O1,SECTOR_RELATIVE,40,100
2022-07-06,1.5712586641624193,O1,SECTOR_RELATIVE,40,100
2022-07-07,1.600379789241047,O1,SECTOR_RELATIVE,40,100
2022-07-08,1.6086617473795928,O1,SECTOR_RELATIVE,40,100
2022-07-13,1.622627321688562,O1,SECTOR_RELATIVE,40,100
2022-07-14,1.6355928460543878,O1,SECTOR_RELATIVE,40,100
2022-07-18,1.6625258784254344,O1,SECTOR_RELATIVE,40,100
2022-07-19,1.68780204425341,O1,SECTOR_RELATIVE,40,100
2022-07-20,1.6839019083630618,O1,SECTOR_RELATIVE,40,100
2022-07-21,1.6827875877987903,O1,SECTOR_RELATIVE,40,100
2022-07-22,1.685574522055024,O1,SECTOR_RELATIVE,40,100
2022-07-25,1.70122423090144,O1,SECTOR_RELATIVE,40,100
2022-07-26,1.6989390316317774,O1,SECTOR_RELATIVE,40,100
2022-07-27,1.7198888787912159,O1,SECTOR_RELATIVE,40,100
2022-07-28,1.7375568029875643,O1,SECTOR_RELATIVE,40,100
2022-07-29,1.7753065469781528,O1,SECTOR_RELATIVE,40,100
2022-08-01,1.8386549748066041,O1,SECTOR_RELATIVE,40,100
2022-08-02,1.8731510389360186,O1,SECTOR_RELATIVE,40,100
2022-08-03,1.8973676455014643,O1,SECTOR_RELATIVE,40,100
2022-08-04,1.8998028318680378,O1,SECTOR_RELATIVE,40,100
2022-08-05,1.936447155569344,O1,SECTOR_RELATIVE,40,100
2022-08-08,1.9710343482694384,O1,SECTOR_RELATIVE,40,100
2022-08-09,1.9744307836803368,O1,SECTOR_RELATIVE,40,100
2022-08-10,1.9820094021655874,O1,SECTOR_RELATIVE,40,100
2022-08-11,2.00796980581969,O1,SECTOR_RELATIVE,40,100
2022-08-12,2.002935715267375,O1,SECTOR_RELATIVE,40,100
2022-08-15,2.0057502907596616,O1,SECTOR_RELATIVE,40,100
2022-08-16,2.0542347254995854,O1,SECTOR_RELATIVE,40,100
2022-08-17,2.0937450562013105,O1,SECTOR_RELATIVE,40,100
2022-08-18,2.0618698512765885,O1,SECTOR_RELATIVE,40,100
2022-08-19,2.1020124001780096,O1,SECTOR_RELATIVE,40,100
2022-08-22,2.1478683028255166,O1,SECTOR_RELATIVE,40,100
2022-08-23,2.170839149599052,O1,SECTOR_RELATIVE,40,100
2022-08-24,2.17037863518068,O1,SECTOR_RELATIVE,40,100
2022-08-25,2.2085461221931837,O1,SECTOR_RELATIVE,40,100
2022-08-26,2.1692367281969527,O1,SECTOR_RELATIVE,40,100
2022-08-29,2.1513044190720287,O1,SECTOR_RELATIVE,40,100
2022-08-31,2.1551527596830313,O1,SECTOR_RELATIVE,40,100
2022-09-01,2.1490872322605323,O1,SECTOR_RELATIVE,40,100
2022-09-02,2.1407056361227212,O1,SECTOR_RELATIVE,40,100
2022-09-05,2.16402258470613,O1,SECTOR_RELATIVE,40,100
2022-09-06,2.1396815814647283,O1,SECTOR_RELATIVE,40,100
2022-09-07,2.128399854297352,O1,SECTOR_RELATIVE,40,100
2022-09-08,2.1515135998893107,O1,SECTOR_RELATIVE,40,100
2022-09-09,2.160744274290648,O1,SECTOR_RELATIVE,40,100
2022-09-12,2.216879500150208,O1,SECTOR_RELATIVE,40,100
2022-09-13,2.1226499947669306,O1,SECTOR_RELATIVE,40,100
2022-09-14,2.193823964237883,O1,SECTOR_RELATIVE,40,100
2022-09-15,2.196334999924177,O1,SECTOR_RELATIVE,40,100
2022-09-16,2.227152548251917,O1,SECTOR_RELATIVE,40,100
2022-09-19,2.1804350098780425,O1,SECTOR_RELATIVE,40,100
2022-09-20,2.2108623346030427,O1,SECTOR_RELATIVE,40,100
2022-09-21,2.194699360686152,O1,SECTOR_RELATIVE,40,100
2022-09-22,2.2393653124596686,O1,SECTOR_RELATIVE,40,100
2022-09-23,2.273955360942656,O1,SECTOR_RELATIVE,40,100
2022-09-26,2.293977465113238,O1,SECTOR_RELATIVE,40,100
2022-09-27,2.3086705748996597,O1,SECTOR_RELATIVE,40,100
2022-09-28,2.3185626768080643,O1,SECTOR_RELATIVE,40,100
2022-09-29,2.243341222449607,O1,SECTOR_RELATIVE,40,100
2022-09-30,2.3455377348710007,O1,SECTOR_RELATIVE,40,100
2022-10-03,2.4171801696930837,O1,SECTOR_RELATIVE,40,100
2022-10-04,2.530357540830216,O1,SECTOR_RELATIVE,40,100
2022-10-05,2.576570199412783,O1,SECTOR_RELATIVE,40,100
2022-10-06,2.590707424949615,O1,SECTOR_RELATIVE,40,100
2022-10-07,2.6375950832415658,O1,SECTOR_RELATIVE,40,100
2022-10-10,2.6726541125209513,O1,SECTOR_RELATIVE,40,100
2022-10-11,2.6382842528239903,O1,SECTOR_RELATIVE,40,100
2022-10-12,2.679466111908956,O1,SECTOR_RELATIVE,40,100
2022-10-13,2.7821870468843346,O1,SECTOR_RELATIVE,40,100
2022-10-14,2.83057177087287,O1,SECTOR_RELATIVE,40,100
2022-10-17,2.9418023723714315,O1,SECTOR_RELATIVE,40,100
2022-10-18,2.899668861559449,O1,SECTOR_RELATIVE,40,100
2022-10-19,2.889677915815925,O1,SECTOR_RELATIVE,40,100
2022-10-20,2.9168860916621613,O1,SECTOR_RELATIVE,40,100
2022-10-21,2.934605062821734,O1,SECTOR_RELATIVE,40,100
2022-10-24,2.981497901367029,O1,SECTOR_RELATIVE,40,100
2022-10-25,2.9836925112818644,O1,SECTOR_RELATIVE,40,100
2022-10-26,3.028149793821703,O1,SECTOR_RELATIVE,40,100
2022-10-27,3.0656239827482032,O1,SECTOR_RELATIVE,40,100
2022-10-28,3.039566326317284,O1,SECTOR_RELATIVE,40,100
2022-10-31,3.0991387373752803,O1,SECTOR_RELATIVE,40,100
2022-11-01,3.2101605939123696,O1,SECTOR_RELATIVE,40,100
2022-11-02,3.210966988632127,O1,SECTOR_RELATIVE,40,100
2022-11-03,3.276931166441665,O1,SECTOR_RELATIVE,40,100
2022-11-04,3.3579266449512306,O1,SECTOR_RELATIVE,40,100
2022-11-07,3.382460004006295,O1,SECTOR_RELATIVE,40,100
2022-11-08,3.444487199602679,O1,SECTOR_RELATIVE,40,100
2022-11-09,3.6046923839374867,O1,SECTOR_RELATIVE,40,100
2022-11-10,3.6440185399196077,O1,SECTOR_RELATIVE,40,100
2022-11-11,3.763731691668705,O1,SECTOR_RELATIVE,40,100
2022-02-21,1.0,O1,BETA_RESIDUAL,40,0
2022-02-22,1.0035077207298482,O1,BETA_RESIDUAL,40,0
2022-02-23,1.0035952201093685,O1,BETA_RESIDUAL,40,0
2022-02-24,0.9193593852836064,O1,BETA_RESIDUAL,40,0
2022-02-25,0.9811842615185595,O1,BETA_RESIDUAL,40,0
2022-02-28,0.9727673103103074,O1,BETA_RESIDUAL,40,0
2022-03-01,0.9933012727315065,O1,BETA_RESIDUAL,40,0
2022-03-02,1.0133238756581233,O1,BETA_RESIDUAL,40,0
2022-03-03,1.0413326917800028,O1,BETA_RESIDUAL,40,0
2022-03-04,1.026756952588426,O1,BETA_RESIDUAL,40,0
2022-03-07,1.0390041609493703,O1,BETA_RESIDUAL,40,0
2022-03-08,1.0483690562076198,O1,BETA_RESIDUAL,40,0
2022-03-09,1.0773257019615285,O1,BETA_RESIDUAL,40,0
2022-03-10,1.088796772138568,O1,BETA_RESIDUAL,40,0
2022-03-11,1.0887091983933677,O1,BETA_RESIDUAL,40,0
2022-03-14,1.1077725492885986,O1,BETA_RESIDUAL,40,0
2022-03-15,1.1109558093549265,O1,BETA_RESIDUAL,40,0
2022-03-16,1.11417732307408,O1,BETA_RESIDUAL,40,0
2022-03-17,1.1367616051708251,O1,BETA_RESIDUAL,40,0
2022-03-18,1.150030248175601,O1,BETA_RESIDUAL,40,0
2022-03-21,1.173567507484864,O1,BETA_RESIDUAL,40,0
2022-03-22,1.204649027249245,O1,BETA_RESIDUAL,40,0
2022-03-23,1.2036633733168065,O1,BETA_RESIDUAL,40,0
2022-03-24,1.2078939619163958,O1,BETA_RESIDUAL,40,0
2022-03-25,1.2111416418411705,O1,BETA_RESIDUAL,40,0
2022-03-28,1.2196816898945508,O1,BETA_RESIDUAL,40,0
2022-03-29,1.2561247175454726,O1,BETA_RESIDUAL,40,0
2022-03-30,1.2678629479171322,O1,BETA_RESIDUAL,40,0
2022-03-31,1.2835305557413137,O1,BETA_RESIDUAL,40,0
2022-04-01,1.2884944852085916,O1,BETA_RESIDUAL,40,0
2022-04-04,1.3228718850116437,O1,BETA_RESIDUAL,40,0
2022-04-05,1.3509587102213165,O1,BETA_RESIDUAL,40,0
2022-04-06,1.3707610183534615,O1,BETA_RESIDUAL,40,0
2022-04-07,1.4130058296680061,O1,BETA_RESIDUAL,40,0
2022-04-08,1.4492600806710771,O1,BETA_RESIDUAL,40,0
2022-04-11,1.477306616992595,O1,BETA_RESIDUAL,40,0
2022-04-12,1.4557861693593872,O1,BETA_RESIDUAL,40,0
2022-04-13,1.4388197586092708,O1,BETA_RESIDUAL,40,0
2022-04-14,1.4204121105924672,O1,BETA_RESIDUAL,40,0
2022-04-15,1.4478621322448448,O1,BETA_RESIDUAL,40,0
2022-04-18,1.4364348502716344,O1,BETA_RESIDUAL,40,0
2022-04-19,1.42781852174638,O1,BETA_RESIDUAL,40,0
2022-04-20,1.4295024823285603,O1,BETA_RESIDUAL,40,0
2022-04-21,1.445521934636359,O1,BETA_RESIDUAL,40,0
2022-04-22,1.40446375952007,O1,BETA_RESIDUAL,40,0
2022-04-25,1.406475357244402,O1,BETA_RESIDUAL,40,0
2022-04-26,1.3973568953346458,O1,BETA_RESIDUAL,40,0
2022-04-27,1.426240642295964,O1,BETA_RESIDUAL,40,0
2022-04-28,1.4168935116248065,O1,BETA_RESIDUAL,40,0
2022-04-29,1.4292502012572696,O1,BETA_RESIDUAL,40,0
2022-05-05,1.4581217124796055,O1,BETA_RESIDUAL,40,0
2022-05-06,1.4462289635477195,O1,BETA_RESIDUAL,40,0
2022-05-09,1.4614747194822764,O1,BETA_RESIDUAL,40,0
2022-05-10,1.472436294159433,O1,BETA_RESIDUAL,40,0
2022-05-11,1.4691864366413605,O1,BETA_RESIDUAL,40,0
2022-05-12,1.443102614307727,O1,BETA_RESIDUAL,40,0
2022-05-13,1.4771072095958164,O1,BETA_RESIDUAL,40,0
2022-05-16,1.4710964733796335,O1,BETA_RESIDUAL,40,0
2022-05-17,1.4777454923876763,O1,BETA_RESIDUAL,40,0
2022-05-18,1.4818191179152866,O1,BETA_RESIDUAL,40,0
2022-05-20,1.4820772203705936,O1,BETA_RESIDUAL,40,0
2022-05-23,1.5048365926292568,O1,BETA_RESIDUAL,40,0
2022-05-24,1.5156522783528725,O1,BETA_RESIDUAL,40,0
2022-05-25,1.5298794825292557,O1,BETA_RESIDUAL,40,0
2022-05-26,1.5480796114549211,O1,BETA_RESIDUAL,40,0
2022-05-27,1.535408318343117,O1,BETA_RESIDUAL,40,0
2022-05-30,1.6000209863739707,O1,BETA_RESIDUAL,40,0
2022-05-31,1.6299844360717484,O1,BETA_RESIDUAL,40,0
2022-06-01,1.645934015037821,O1,BETA_RESIDUAL,40,0
2022-06-02,1.6620065668798691,O1,BETA_RESIDUAL,40,0
2022-06-03,1.6699071175357372,O1,BETA_RESIDUAL,40,0
2022-06-06,1.6888088188422965,O1,BETA_RESIDUAL,40,0
2022-06-07,1.6884254565429402,O1,BETA_RESIDUAL,40,0
2022-06-08,1.6069473317047434,O1,BETA_RESIDUAL,40,0
2022-06-09,1.6301767192800583,O1,BETA_RESIDUAL,40,0
2022-06-10,1.6128448174102932,O1,BETA_RESIDUAL,40,0
2022-06-13,1.6027250641806932,O1,BETA_RESIDUAL,40,0
2022-06-14,1.5918533744371195,O1,BETA_RESIDUAL,40,0
2022-06-15,1.6343071066082284,O1,BETA_RESIDUAL,40,0
2022-06-16,1.6217104548955108,O1,BETA_RESIDUAL,40,0
2022-06-17,1.6303898660457528,O1,BETA_RESIDUAL,40,0
2022-06-20,1.634597094364386,O1,BETA_RESIDUAL,40,0
2022-06-21,1.6619166121823934,O1,BETA_RESIDUAL,40,0
2022-06-22,1.6690462598333697,O1,BETA_RESIDUAL,40,0
2022-06-23,1.6676762083326397,O1,BETA_RESIDUAL,40,0
2022-06-24,1.6929640659469911,O1,BETA_RESIDUAL,40,0
2022-06-27,1.6690452960634157,O1,BETA_RESIDUAL,40,0
2022-06-28,1.6363705513983433,O1,BETA_RESIDUAL,40,0
2022-06-29,1.5935105749444505,O1,BETA_RESIDUAL,40,0
2022-06-30,1.6121265657540425,O1,BETA_RESIDUAL,40,0
2022-07-01,1.628828677043171,O1,BETA_RESIDUAL,40,0
2022-07-04,1.5943575951497357,O1,BETA_RESIDUAL,40,0
2022-07-05,1.5985248337316604,O1,BETA_RESIDUAL,40,0
2022-07-06,1.624428125656455,O1,BETA_RESIDUAL,40,0
2022-07-07,1.6542904462456889,O1,BETA_RESIDUAL,40,0
2022-07-08,1.662783198100987,O1,BETA_RESIDUAL,40,0
2022-07-13,1.6771042264301181,O1,BETA_RESIDUAL,40,0
2022-07-14,1.6903997513857791,O1,BETA_RESIDUAL,40,0
2022-07-18,1.7180182875835683,O1,BETA_RESIDUAL,40,0
2022-07-19,1.7439377864073147,O1,BETA_RESIDUAL,40,0
2022-07-20,1.7399383836375142,O1,BETA_RESIDUAL,40,0
2022-07-21,1.738795701208879,O1,BETA_RESIDUAL,40,0
2022-07-22,1.7416535689593884,O1,BETA_RESIDUAL,40,0
2022-07-25,1.7577015966862717,O1,BETA_RESIDUAL,40,0
2022-07-26,1.7553582341610707,O1,BETA_RESIDUAL,40,0
2022-07-27,1.7768413001649233,O1,BETA_RESIDUAL,40,0
2022-07-28,1.7949589111800577,O1,BETA_RESIDUAL,40,0
2022-07-29,1.8336694676631864,O1,BETA_RESIDUAL,40,0
2022-08-01,1.89863024975967,O1,BETA_RESIDUAL,40,0
2022-08-02,1.9340043132039215,O1,BETA_RESIDUAL,40,0
2022-08-03,1.958837284694142,O1,BETA_RESIDUAL,40,0
2022-08-04,1.9613344518117177,O1,BETA_RESIDUAL,40,0
2022-08-05,1.9989114526724157,O1,BETA_RESIDUAL,40,0
2022-08-08,2.0343789641062324,O1,BETA_RESIDUAL,40,0
2022-08-09,2.037861846131807,O1,BETA_RESIDUAL,40,0
2022-08-10,2.0456333568210066,O1,BETA_RESIDUAL,40,0
2022-08-11,2.0722545088009383,O1,BETA_RESIDUAL,40,0
2022-08-12,2.0670922897746276,O1,BETA_RESIDUAL,40,0
2022-08-15,2.069978502290329,O1,BETA_RESIDUAL,40,0
2022-08-16,2.1196969705803475,O1,BETA_RESIDUAL,40,0
2022-08-17,2.160212924507811,O1,BETA_RESIDUAL,40,0
2022-08-18,2.1571101355361466,O1,BETA_RESIDUAL,40,0
2022-08-19,2.1962245935936076,O1,BETA_RESIDUAL,40,0
2022-08-22,2.2359079519015066,O1,BETA_RESIDUAL,40,0
2022-08-23,2.2590017248987535,O1,BETA_RESIDUAL,40,0
2022-08-24,2.2587513668677546,O1,BETA_RESIDUAL,40,0
2022-08-25,2.2883693724557053,O1,BETA_RESIDUAL,40,0
2022-08-26,2.247560395598757,O1,BETA_RESIDUAL,40,0
2022-08-29,2.2344067245878585,O1,BETA_RESIDUAL,40,0
2022-08-31,2.233567582025105,O1,BETA_RESIDUAL,40,0
2022-09-01,2.227679639529642,O1,BETA_RESIDUAL,40,0
2022-09-02,2.2206132133414997,O1,BETA_RESIDUAL,40,0
2022-09-05,2.253313572040251,O1,BETA_RESIDUAL,40,0
2022-09-06,2.2158738978529255,O1,BETA_RESIDUAL,40,0
2022-09-07,2.2208465506739254,O1,BETA_RESIDUAL,40,0
2022-09-08,2.2510831038429058,O1,BETA_RESIDUAL,40,0
2022-09-09,2.2536396285928637,O1,BETA_RESIDUAL,40,0
2022-09-12,2.3040255699466274,O1,BETA_RESIDUAL,40,0
2022-09-13,2.19073951159081,O1,BETA_RESIDUAL,40,0
2022-09-14,2.2551118138897874,O1,BETA_RESIDUAL,40,0
2022-09-15,2.27746990186093,O1,BETA_RESIDUAL,40,0
2022-09-16,2.3068495724469593,O1,BETA_RESIDUAL,40,0
2022-09-19,2.255833836046283,O1,BETA_RESIDUAL,40,0
2022-09-20,2.2997248306120146,O1,BETA_RESIDUAL,40,0
2022-09-21,2.2713338550391935,O1,BETA_RESIDUAL,40,0
2022-09-22,2.3239586430691515,O1,BETA_RESIDUAL,40,0
2022-09-23,2.3738974619390913,O1,BETA_RESIDUAL,40,0
2022-09-26,2.385102514774613,O1,BETA_RESIDUAL,40,0
2022-09-27,2.4025362138265036,O1,BETA_RESIDUAL,40,0
2022-09-28,2.418284983970415,O1,BETA_RESIDUAL,40,0
2022-09-29,2.3393890960758106,O1,BETA_RESIDUAL,40,0
2022-09-30,2.4377981735113345,O1,BETA_RESIDUAL,40,0
2022-10-03,2.518275159464307,O1,BETA_RESIDUAL,40,0
2022-10-04,2.6514656991395933,O1,BETA_RESIDUAL,40,0
2022-10-05,2.6958397373881584,O1,BETA_RESIDUAL,40,0
2022-10-06,2.7046507391458077,O1,BETA_RESIDUAL,40,0
2022-10-07,2.7539286866555295,O1,BETA_RESIDUAL,40,0
2022-10-10,2.7883230978071736,O1,BETA_RESIDUAL,40,0
2022-10-11,2.7554219391965584,O1,BETA_RESIDUAL,40,0
2022-10-12,2.805576378620515,O1,BETA_RESIDUAL,40,0
2022-10-13,2.9039871203181447,O1,BETA_RESIDUAL,40,0
2022-10-14,2.957170346870309,O1,BETA_RESIDUAL,40,0
2022-10-17,3.1022700526530977,O1,BETA_RESIDUAL,40,0
2022-10-18,3.0640136298529677,O1,BETA_RESIDUAL,40,0
2022-10-19,3.057381060049207,O1,BETA_RESIDUAL,40,0
2022-10-20,3.1025411116298125,O1,BETA_RESIDUAL,40,0
2022-10-21,3.1222620855533734,O1,BETA_RESIDUAL,40,0
2022-10-24,3.1579744732605515,O1,BETA_RESIDUAL,40,0
2022-10-25,3.1612302101256247,O1,BETA_RESIDUAL,40,0
2022-10-26,3.2167246360234136,O1,BETA_RESIDUAL,40,0
2022-10-27,3.2559672210046067,O1,BETA_RESIDUAL,40,0
2022-10-28,3.2238060451129007,O1,BETA_RESIDUAL,40,0
2022-10-31,3.2863603599718916,O1,BETA_RESIDUAL,40,0
2022-11-01,3.4112311083036446,O1,BETA_RESIDUAL,40,0
2022-11-02,3.4087719312105134,O1,BETA_RESIDUAL,40,0
2022-11-03,3.495567190123902,O1,BETA_RESIDUAL,40,0
2022-11-04,3.5723788415500883,O1,BETA_RESIDUAL,40,0
2022-11-07,3.5940585757367196,O1,BETA_RESIDUAL,40,0
2022-11-08,3.688771469590561,O1,BETA_RESIDUAL,40,0
2022-11-09,3.859942734608371,O1,BETA_RESIDUAL,40,0
2022-11-10,3.888849285682161,O1,BETA_RESIDUAL,40,0
2022-11-11,4.015870627974973,O1,BETA_RESIDUAL,40,0
2022-02-21,1.0,O1,BETA_RESIDUAL,40,30
2022-02-22,1.000507720729848,O1,BETA_RESIDUAL,40,30
2022-02-23,1.0005952201093684,O1,BETA_RESIDUAL,40,30
2022-02-24,0.9163593852836063,O1,BETA_RESIDUAL,40,30
2022-02-25,0.9781842615185595,O1,BETA_RESIDUAL,40,30
2022-02-28,0.9697673103103075,O1,BETA_RESIDUAL,40,30
2022-03-01,0.9903012727315065,O1,BETA_RESIDUAL,40,30
2022-03-02,1.0103238756581234,O1,BETA_RESIDUAL,40,30
2022-03-03,1.0383326917800029,O1,BETA_RESIDUAL,40,30
2022-03-04,1.0237569525884258,O1,BETA_RESIDUAL,40,30
2022-03-07,1.0360041609493702,O1,BETA_RESIDUAL,40,30
2022-03-08,1.0453690562076199,O1,BETA_RESIDUAL,40,30
2022-03-09,1.0743257019615287,O1,BETA_RESIDUAL,40,30
2022-03-10,1.0857967721385682,O1,BETA_RESIDUAL,40,30
2022-03-11,1.0857091983933673,O1,BETA_RESIDUAL,40,30
2022-03-14,1.1047725492885987,O1,BETA_RESIDUAL,40,30
2022-03-15,1.1079558093549267,O1,BETA_RESIDUAL,40,30
2022-03-16,1.11117732307408,O1,BETA_RESIDUAL,40,30
2022-03-17,1.1337616051708252,O1,BETA_RESIDUAL,40,30
2022-03-18,1.1470302481756012,O1,BETA_RESIDUAL,40,30
2022-03-21,1.1705675074848638,O1,BETA_RESIDUAL,40,30
2022-03-22,1.2016490272492448,O1,BETA_RESIDUAL,40,30
2022-03-23,1.2006633733168066,O1,BETA_RESIDUAL,40,30
2022-03-24,1.2048939619163959,O1,BETA_RESIDUAL,40,30
2022-03-25,1.2081416418411706,O1,BETA_RESIDUAL,40,30
2022-03-28,1.2166816898945507,O1,BETA_RESIDUAL,40,30
2022-03-29,1.2531247175454727,O1,BETA_RESIDUAL,40,30
2022-03-30,1.264862947917132,O1,BETA_RESIDUAL,40,30
2022-03-31,1.2805305557413136,O1,BETA_RESIDUAL,40,30
2022-04-01,1.2854944852085914,O1,BETA_RESIDUAL,40,30
2022-04-04,1.3198718850116435,O1,BETA_RESIDUAL,40,30
2022-04-05,1.3479587102213164,O1,BETA_RESIDUAL,40,30
2022-04-06,1.3677610183534614,O1,BETA_RESIDUAL,40,30
2022-04-07,1.4100058296680062,O1,BETA_RESIDUAL,40,30
2022-04-08,1.446260080671077,O1,BETA_RESIDUAL,40,30
2022-04-11,1.4743066169925951,O1,BETA_RESIDUAL,40,30
2022-04-12,1.452786169359387,O1,BETA_RESIDUAL,40,30
2022-04-13,1.4358197586092707,O1,BETA_RESIDUAL,40,30
2022-04-14,1.4174121105924673,O1,BETA_RESIDUAL,40,30
2022-04-15,1.4448621322448452,O1,BETA_RESIDUAL,40,30
2022-04-18,1.4334348502716345,O1,BETA_RESIDUAL,40,30
2022-04-19,1.4248185217463798,O1,BETA_RESIDUAL,40,30
2022-04-20,1.4265024823285601,O1,BETA_RESIDUAL,40,30
2022-04-21,1.4425219346363591,O1,BETA_RESIDUAL,40,30
2022-04-22,1.4014637595200703,O1,BETA_RESIDUAL,40,30
2022-04-25,1.4034753572444019,O1,BETA_RESIDUAL,40,30
2022-04-26,1.3943568953346457,O1,BETA_RESIDUAL,40,30
2022-04-27,1.423240642295964,O1,BETA_RESIDUAL,40,30
2022-04-28,1.4138935116248064,O1,BETA_RESIDUAL,40,30
2022-04-29,1.4262502012572695,O1,BETA_RESIDUAL,40,30
2022-05-05,1.4551217124796054,O1,BETA_RESIDUAL,40,30
2022-05-06,1.4432289635477193,O1,BETA_RESIDUAL,40,30
2022-05-09,1.4584747194822767,O1,BETA_RESIDUAL,40,30
2022-05-10,1.4694362941594328,O1,BETA_RESIDUAL,40,30
2022-05-11,1.4661864366413606,O1,BETA_RESIDUAL,40,30
2022-05-12,1.4401026143077271,O1,BETA_RESIDUAL,40,30
2022-05-13,1.4741072095958165,O1,BETA_RESIDUAL,40,30
2022-05-16,1.4680964733796333,O1,BETA_RESIDUAL,40,30
2022-05-17,1.4747454923876762,O1,BETA_RESIDUAL,40,30
2022-05-18,1.4788191179152865,O1,BETA_RESIDUAL,40,30
2022-05-20,1.4790772203705935,O1,BETA_RESIDUAL,40,30
2022-05-23,1.4978612557222586,O1,BETA_RESIDUAL,40,30
2022-05-24,1.508655247690998,O1,BETA_RESIDUAL,40,30
2022-05-25,1.5228539153984175,O1,BETA_RESIDUAL,40,30
2022-05-26,1.5410175390903222,O1,BETA_RESIDUAL,40,30
2022-05-27,1.5283716616510656,O1,BETA_RESIDUAL,40,30
2022-05-30,1.592854731668629,O1,BETA_RESIDUAL,40,30
2022-05-31,1.6227580816418405,O1,BETA_RESIDUAL,40,30
2022-06-01,1.6386756694549425,O1,BETA_RESIDUAL,40,30
2022-06-02,1.6547159834889769,O1,BETA_RESIDUAL,40,30
2022-06-03,1.6626006874742132,O1,BETA_RESIDUAL,40,30
2022-06-06,1.681464476355674,O1,BETA_RESIDUAL,40,30
2022-06-07,1.6810818829920988,O1,BETA_RESIDUAL,40,30
2022-06-08,1.5997671843585064,O1,BETA_RESIDUAL,40,30
2022-06-09,1.6229499791746695,O1,BETA_RESIDUAL,40,30
2022-06-10,1.6056528410767363,O1,BETA_RESIDUAL,40,30
2022-06-13,1.595553385722979,O1,BETA_RESIDUAL,40,30
2022-06-14,1.584703502065345,O1,BETA_RESIDUAL,40,30
2022-06-15,1.6270720819046616,O1,BETA_RESIDUAL,40,30
2022-06-16,1.6145006961511723,O1,BETA_RESIDUAL,40,30
2022-06-17,1.6231626984174305,O1,BETA_RESIDUAL,40,30
2022-06-20,1.6273614880126965,O1,BETA_RESIDUAL,40,30
2022-06-21,1.6546262092197423,O1,BETA_RESIDUAL,40,30
2022-06-22,1.6617415564525628,O1,BETA_RESIDUAL,40,30
2022-06-23,1.6603742529571082,O1,BETA_RESIDUAL,40,30
2022-06-24,1.68561138899925,O1,BETA_RESIDUAL,40,30
2022-06-27,1.6617405946157078,O1,BETA_RESIDUAL,40,30
2022-06-28,1.6291313879035232,O1,BETA_RESIDUAL,40,30
2022-06-29,1.5863573786131502,O1,BETA_RESIDUAL,40,30
2022-06-30,1.6049360300665778,O1,BETA_RESIDUAL,40,30
2022-07-01,1.6216046407975835,O1,BETA_RESIDUAL,40,30
2022-07-04,1.5872026998925262,O1,BETA_RESIDUAL,40,30
2022-07-05,1.5913615799612117,O1,BETA_RESIDUAL,40,30
2022-07-06,1.6172129158954327,O1,BETA_RESIDUAL,40,30
2022-07-07,1.647015339601617,O1,BETA_RESIDUAL,40,30
2022-07-08,1.655491056968147,O1,BETA_RESIDUAL,40,30
2022-07-13,1.6697833606388444,O1,BETA_RESIDUAL,40,30
2022-07-14,1.683052217857784,O1,BETA_RESIDUAL,40,30
2022-07-18,1.710615357683154,O1,BETA_RESIDUAL,40,30
2022-07-19,1.7364828680090494,O1,BETA_RESIDUAL,40,30
2022-07-20,1.7324914871128094,O1,BETA_RESIDUAL,40,30
2022-07-21,1.7313510966398704,O1,BETA_RESIDUAL,40,30
2022-07-22,1.7342032321710803,O1,BETA_RESIDUAL,40,30
2022-07-25,1.750219071279632,O1,BETA_RESIDUAL,40,30
2022-07-26,1.7478804089956825,O1,BETA_RESIDUAL,40,30
2022-07-27,1.769320384956076,O1,BETA_RESIDUAL,40,30
2022-07-28,1.7874016562492225,O1,BETA_RESIDUAL,40,30
2022-07-29,1.8260345683420722,O1,BETA_RESIDUAL,40,30
2022-08-01,1.890865054189259,O1,BETA_RESIDUAL,40,30
2022-08-02,1.9261681654737544,O1,BETA_RESIDUAL,40,30
2022-08-03,1.950951327787736,O1,BETA_RESIDUAL,40,30
2022-08-04,1.9534434861677499,O1,BETA_RESIDUAL,40,30
2022-08-05,1.9909451162876108,O1,BETA_RESIDUAL,40,30
2022-08-08,2.0263414881266977,O1,BETA_RESIDUAL,40,30
2022-08-09,2.0298173842994234,O1,BETA_RESIDUAL,40,30
2022-08-10,2.0375733071422095,O1,BETA_RESIDUAL,40,30
2022-08-11,2.0641410632709367,O1,BETA_RESIDUAL,40,30
2022-08-12,2.058989198457668,O1,BETA_RESIDUAL,40,30
2022-08-15,2.0618696219010504,O1,BETA_RESIDUAL,40,30
2022-08-16,2.111488366485012,O1,BETA_RESIDUAL,40,30
2022-08-17,2.1519230548140165,O1,BETA_RESIDUAL,40,30
2022-08-18,2.1434737692885912,O1,BETA_RESIDUAL,40,30
2022-08-19,2.1824382957266586,O1,BETA_RESIDUAL,40,30
2022-08-22,2.2219695417346665,O1,BETA_RESIDUAL,40,30
2022-08-23,2.2449747928155848,O1,BETA_RESIDUAL,40,30
2022-08-24,2.244725394444693,O1,BETA_RESIDUAL,40,30
2022-08-25,2.274229869748407,O1,BETA_RESIDUAL,40,30
2022-08-26,2.2335773198570834,O1,BETA_RESIDUAL,40,30
2022-08-29,2.220474068851819,O1,BETA_RESIDUAL,40,30
2022-08-31,2.2196381428491203,O1,BETA_RESIDUAL,40,30
2022-09-01,2.2137727697256255,O1,BETA_RESIDUAL,40,30
2022-09-02,2.2067334302152584,O1,BETA_RESIDUAL,40,30
2022-09-05,2.239308443505229,O1,BETA_RESIDUAL,40,30
2022-09-06,2.2020122812380274,O1,BETA_RESIDUAL,40,30
2022-09-07,2.206965873130482,O1,BETA_RESIDUAL,40,30
2022-09-08,2.2370865250290204,O1,BETA_RESIDUAL,40,30
2022-09-09,2.239633250233878,O1,BETA_RESIDUAL,40,30
2022-09-12,2.289826054672112,O1,BETA_RESIDUAL,40,30
2022-09-13,2.176974238870776,O1,BETA_RESIDUAL,40,30
2022-09-14,2.2410997924224323,O1,BETA_RESIDUAL,40,30
2022-09-15,2.2633721784689538,O1,BETA_RESIDUAL,40,30
2022-09-16,2.292639232344769,O1,BETA_RESIDUAL,40,30
2022-09-19,2.241819046959063,O1,BETA_RESIDUAL,40,30
2022-09-20,2.2855418007202712,O1,BETA_RESIDUAL,40,30
2022-09-21,2.2572596520405024,O1,BETA_RESIDUAL,40,30
2022-09-22,2.309682721317819,O1,BETA_RESIDUAL,40,30
2022-09-23,2.3594301171601715,O1,BETA_RESIDUAL,40,30
2022-09-26,2.3705922193375355,O1,BETA_RESIDUAL,40,30
2022-09-27,2.387959092390532,O1,BETA_RESIDUAL,40,30
2022-09-28,2.4036474951222795,O1,BETA_RESIDUAL,40,30
2022-09-29,2.3250540270699287,O1,BETA_RESIDUAL,40,30
2022-09-30,2.4230858876635035,O1,BETA_RESIDUAL,40,30
2022-10-03,2.5032543931868054,O1,BETA_RESIDUAL,40,30
2022-10-04,2.6359343934274877,O1,BETA_RESIDUAL,40,30
2022-10-05,2.680138339292211,O1,BETA_RESIDUAL,40,30
2022-10-06,2.6889155671507035,O1,BETA_RESIDUAL,40,30
2022-10-07,2.7380046248524756,O1,BETA_RESIDUAL,40,30
2022-10-10,2.7722671970366846,O1,BETA_RESIDUAL,40,30
2022-10-11,2.73949215353121,O1,BETA_RESIDUAL,40,30
2022-10-12,2.789454343421462,O1,BETA_RESIDUAL,40,30
2022-10-13,2.887487861897775,O1,BETA_RESIDUAL,40,30
2022-10-14,2.9404672291181835,O1,BETA_RESIDUAL,40,30
2022-10-17,3.0850107458358016,O1,BETA_RESIDUAL,40,30
2022-10-18,3.0469009656764623,O1,BETA_RESIDUAL,40,30
2022-10-19,3.0402938195134936,O1,BETA_RESIDUAL,40,30
2022-10-20,3.0852807658025614,O1,BETA_RESIDUAL,40,30
2022-10-21,3.1049261462575375,O1,BETA_RESIDUAL,40,30
2022-10-24,3.140501642994284,O1,BETA_RESIDUAL,40,30
2022-10-25,3.1437449001287217,O1,BETA_RESIDUAL,40,30
2022-10-26,3.1990266075189453,O1,BETA_RESIDUAL,40,30
2022-10-27,3.238118769750913,O1,BETA_RESIDUAL,40,30
2022-10-28,3.2060808724989376,O1,BETA_RESIDUAL,40,30
2022-10-31,3.268395407230766,O1,BETA_RESIDUAL,40,30
2022-11-01,3.3927875071434404,O1,BETA_RESIDUAL,40,30
2022-11-02,3.3903377564471513,O1,BETA_RESIDUAL,40,30
2022-11-03,3.4768003160372993,O1,BETA_RESIDUAL,40,30
2022-11-04,3.55331753681409,O1,BETA_RESIDUAL,40,30
2022-11-07,3.574914169308506,O1,BETA_RESIDUAL,40,30
2022-11-08,3.6692640143497535,O1,BETA_RESIDUAL,40,30
2022-11-09,3.839779154082121,O1,BETA_RESIDUAL,40,30
2022-11-10,3.8685749019841724,O1,BETA_RESIDUAL,40,30
2022-11-11,3.9951093523067684,O1,BETA_RESIDUAL,40,30
2022-02-21,1.0,O1,BETA_RESIDUAL,40,50
2022-02-22,0.9985077207298482,O1,BETA_RESIDUAL,40,50
2022-02-23,0.9985952201093683,O1,BETA_RESIDUAL,40,50
2022-02-24,0.9143593852836063,O1,BETA_RESIDUAL,40,50
2022-02-25,0.9761842615185595,O1,BETA_RESIDUAL,40,50
2022-02-28,0.9677673103103075,O1,BETA_RESIDUAL,40,50
2022-03-01,0.9883012727315065,O1,BETA_RESIDUAL,40,50
2022-03-02,1.0083238756581234,O1,BETA_RESIDUAL,40,50
2022-03-03,1.0363326917800029,O1,BETA_RESIDUAL,40,50
2022-03-04,1.0217569525884258,O1,BETA_RESIDUAL,40,50
2022-03-07,1.0340041609493702,O1,BETA_RESIDUAL,40,50
2022-03-08,1.0433690562076199,O1,BETA_RESIDUAL,40,50
2022-03-09,1.0723257019615287,O1,BETA_RESIDUAL,40,50
2022-03-10,1.0837967721385682,O1,BETA_RESIDUAL,40,50
2022-03-11,1.0837091983933673,O1,BETA_RESIDUAL,40,50
2022-03-14,1.1027725492885987,O1,BETA_RESIDUAL,40,50
2022-03-15,1.1059558093549267,O1,BETA_RESIDUAL,40,50
2022-03-16,1.10917732307408,O1,BETA_RESIDUAL,40,50
2022-03-17,1.1317616051708252,O1,BETA_RESIDUAL,40,50
2022-03-18,1.1450302481756012,O1,BETA_RESIDUAL,40,50
2022-03-21,1.1685675074848638,O1,BETA_RESIDUAL,40,50
2022-03-22,1.199649027249245,O1,BETA_RESIDUAL,40,50
2022-03-23,1.1986633733168066,O1,BETA_RESIDUAL,40,50
2022-03-24,1.2028939619163959,O1,BETA_RESIDUAL,40,50
2022-03-25,1.2061416418411706,O1,BETA_RESIDUAL,40,50
2022-03-28,1.2146816898945505,O1,BETA_RESIDUAL,40,50
2022-03-29,1.2511247175454727,O1,BETA_RESIDUAL,40,50
2022-03-30,1.262862947917132,O1,BETA_RESIDUAL,40,50
2022-03-31,1.2785305557413136,O1,BETA_RESIDUAL,40,50
2022-04-01,1.2834944852085914,O1,BETA_RESIDUAL,40,50
2022-04-04,1.3178718850116435,O1,BETA_RESIDUAL,40,50
2022-04-05,1.3459587102213164,O1,BETA_RESIDUAL,40,50
2022-04-06,1.3657610183534614,O1,BETA_RESIDUAL,40,50
2022-04-07,1.4080058296680062,O1,BETA_RESIDUAL,40,50
2022-04-08,1.4442600806710768,O1,BETA_RESIDUAL,40,50
2022-04-11,1.4723066169925951,O1,BETA_RESIDUAL,40,50
2022-04-12,1.4507861693593873,O1,BETA_RESIDUAL,40,50
2022-04-13,1.433819758609271,O1,BETA_RESIDUAL,40,50
2022-04-14,1.4154121105924673,O1,BETA_RESIDUAL,40,50
2022-04-15,1.442862132244845,O1,BETA_RESIDUAL,40,50
2022-04-18,1.4314348502716345,O1,BETA_RESIDUAL,40,50
2022-04-19,1.4228185217463798,O1,BETA_RESIDUAL,40,50
2022-04-20,1.4245024823285601,O1,BETA_RESIDUAL,40,50
2022-04-21,1.4405219346363591,O1,BETA_RESIDUAL,40,50
2022-04-22,1.39946375952007,O1,BETA_RESIDUAL,40,50
2022-04-25,1.4014753572444019,O1,BETA_RESIDUAL,40,50
2022-04-26,1.3923568953346457,O1,BETA_RESIDUAL,40,50
2022-04-27,1.421240642295964,O1,BETA_RESIDUAL,40,50
2022-04-28,1.4118935116248064,O1,BETA_RESIDUAL,40,50
2022-04-29,1.4242502012572698,O1,BETA_RESIDUAL,40,50
2022-05-05,1.4531217124796056,O1,BETA_RESIDUAL,40,50
2022-05-06,1.4412289635477196,O1,BETA_RESIDUAL,40,50
2022-05-09,1.4564747194822765,O1,BETA_RESIDUAL,40,50
2022-05-10,1.467436294159433,O1,BETA_RESIDUAL,40,50
2022-05-11,1.4641864366413606,O1,BETA_RESIDUAL,40,50
2022-05-12,1.4381026143077271,O1,BETA_RESIDUAL,40,50
2022-05-13,1.4721072095958165,O1,BETA_RESIDUAL,40,50
2022-05-16,1.4660964733796336,O1,BETA_RESIDUAL,40,50
2022-05-17,1.4727454923876762,O1,BETA_RESIDUAL,40,50
2022-05-18,1.4768191179152863,O1,BETA_RESIDUAL,40,50
2022-05-20,1.4770772203705937,O1,BETA_RESIDUAL,40,50
2022-05-23,1.4932130311175933,O1,BETA_RESIDUAL,40,50
2022-05-24,1.5039925605830817,O1,BETA_RESIDUAL,40,50
2022-05-25,1.5181722039778585,O1,BETA_RESIDUAL,40,50
2022-05-26,1.5363114908472564,O1,BETA_RESIDUAL,40,50
2022-05-27,1.5236825571896981,O1,BETA_RESIDUAL,40,50
2022-05-30,1.5880792285317344,O1,BETA_RESIDUAL,40,50
2022-05-31,1.617942512021902,O1,BETA_RESIDUAL,40,50
2022-06-01,1.63383877239969,O1,BETA_RESIDUAL,40,50
2022-06-02,1.6498575945617149,O1,BETA_RESIDUAL,40,50
2022-06-03,1.657731734099864,O1,BETA_RESIDUAL,40,50
2022-06-06,1.6765702480312594,O1,BETA_RESIDUAL,40,50
2022-06-07,1.6761881672915377,O1,BETA_RESIDUAL,40,50
2022-06-08,1.5949824194610154,O1,BETA_RESIDUAL,40,50
2022-06-09,1.6181341524377442,O1,BETA_RESIDUAL,40,50
2022-06-10,1.6008601901876987,O1,BETA_RESIDUAL,40,50
2022-06-13,1.5907742667511695,O1,BETA_RESIDUAL,40,50
2022-06-14,1.579938920484162,O1,BETA_RESIDUAL,40,50
2022-06-15,1.6222507321022839,O1,BETA_RESIDUAL,40,50
2022-06-16,1.6096961903216132,O1,BETA_RESIDUAL,40,50
2022-06-17,1.6183465866652162,O1,BETA_RESIDUAL,40,50
2022-06-20,1.6225397504449033,O1,BETA_RESIDUAL,40,50
2022-06-21,1.6497679405779753,O1,BETA_RESIDUAL,40,50
2022-06-22,1.6568737541986913,O1,BETA_RESIDUAL,40,50
2022-06-23,1.6555082827067533,O1,BETA_RESIDUAL,40,50
2022-06-24,1.6807116043674222,O1,BETA_RESIDUAL,40,50
2022-06-27,1.6568727936505687,O1,BETA_RESIDUAL,40,50
2022-06-28,1.6243072789069763,O1,BETA_RESIDUAL,40,50
2022-06-29,1.5815905810589501,O1,BETA_RESIDUAL,40,50
2022-06-30,1.6001443396082684,O1,BETA_RESIDUAL,40,50
2022-07-01,1.6167906166338586,O1,BETA_RESIDUAL,40,50
2022-07-04,1.5824347697210528,O1,BETA_RESIDUAL,40,50
2022-07-05,1.5865880774475793,O1,BETA_RESIDUAL,40,50
2022-07-06,1.6124047760547515,O1,BETA_RESIDUAL,40,50
2022-07-07,1.6421672685055684,O1,BETA_RESIDUAL,40,50
2022-07-08,1.6506316295462538,O1,BETA_RESIDUAL,40,50
2022-07-13,1.6649047834446613,O1,BETA_RESIDUAL,40,50
2022-07-14,1.6781558621724537,O1,BETA_RESIDUAL,40,50
2022-07-18,1.7056820710828773,O1,BETA_RESIDUAL,40,50
2022-07-19,1.7315149224102064,O1,BETA_RESIDUAL,40,50
2022-07-20,1.7275288894296728,O1,BETA_RESIDUAL,40,50
2022-07-21,1.7263900269271983,O1,BETA_RESIDUAL,40,50
2022-07-22,1.7292383409788747,O1,BETA_RESIDUAL,40,50
2022-07-25,1.7452327210085388,O1,BETA_RESIDUAL,40,50
2022-07-26,1.7428971922187575,O1,BETA_RESIDUAL,40,50
2022-07-27,1.764308441483511,O1,BETA_RESIDUAL,40,50
2022-07-28,1.7823654862953326,O1,BETA_RESIDUAL,40,50
2022-07-29,1.8209466354613288,O1,BETA_RESIDUAL,40,50
2022-08-01,1.8856902571423182,O1,BETA_RESIDUAL,40,50
2022-08-02,1.920946066986976,O1,BETA_RESIDUAL,40,50
2022-08-03,1.9456960231834648,O1,BETA_RESIDUAL,40,50
2022-08-04,1.948184842405105,O1,BETA_RESIDUAL,40,50
2022-08-05,1.9856362253644078,O1,BETA_RESIDUAL,40,50
2022-08-08,2.0209851708070072,O1,BETA_RESIDUAL,40,50
2022-08-09,2.0244564097445004,O1,BETA_RESIDUAL,40,50
2022-08-10,2.0322019406896783,O1,BETA_RESIDUAL,40,50
2022-08-11,2.058734099584269,O1,BETA_RESIDUAL,40,50
2022-08-12,2.0535891375796944,O1,BETA_RESIDUAL,40,50
2022-08-15,2.056465701641531,O1,BETA_RESIDUAL,40,50
2022-08-16,2.106017963754789,O1,BETA_RESIDUAL,40,50
2022-08-17,2.1463984750181537,O1,BETA_RESIDUAL,40,50
2022-08-18,2.1343994790793213,O1,BETA_RESIDUAL,40,50
2022-08-19,2.173264087231517,O1,BETA_RESIDUAL,40,50
2022-08-22,2.2126939616921066,O1,BETA_RESIDUAL,40,50
2022-08-23,2.235640219492106,O1,BETA_RESIDUAL,40,50
2022-08-24,2.235391460663382,O1,BETA_RESIDUAL,40,50
2022-08-25,2.264820276466844,O1,BETA_RESIDUAL,40,50
2022-08-26,2.2242719735271135,O1,BETA_RESIDUAL,40,50
2022-08-29,2.2112023237098906,O1,BETA_RESIDUAL,40,50
2022-08-31,2.2103685413055083,O1,BETA_RESIDUAL,40,50
2022-09-01,2.204518208991747,O1,BETA_RESIDUAL,40,50
2022-09-02,2.1974969207398405,O1,BETA_RESIDUAL,40,50
2022-09-05,2.2299884006267976,O1,BETA_RESIDUAL,40,50
2022-09-06,2.1927878783928265,O1,BETA_RESIDUAL,40,50
2022-09-07,2.1977287675924457,O1,BETA_RESIDUAL,40,50
2022-09-08,2.227772179904566,O1,BETA_RESIDUAL,40,50
2022-09-09,2.230312374440626,O1,BETA_RESIDUAL,40,50
2022-09-12,2.280376467472845,O1,BETA_RESIDUAL,40,50
2022-09-13,2.1678140420740912,O1,BETA_RESIDUAL,40,50
2022-09-14,2.2317751559166803,O1,BETA_RESIDUAL,40,50
2022-09-15,2.2539904279972567,O1,BETA_RESIDUAL,40,50
2022-09-16,2.283182431202037,O1,BETA_RESIDUAL,40,50
2022-09-19,2.232492566040277,O1,BETA_RESIDUAL,40,50
2022-09-20,2.27610319980392,O1,BETA_RESIDUAL,40,50
2022-09-21,2.247893576163595,O1,BETA_RESIDUAL,40,50
2022-09-22,2.300182214878009,O1,BETA_RESIDUAL,40,50
2022-09-23,2.3498020414933363,O1,BETA_RESIDUAL,40,50
2022-09-26,2.3609355202478532,O1,BETA_RESIDUAL,40,50
2022-09-27,2.378257858737106,O1,BETA_RESIDUAL,40,50
2022-09-28,2.393906031073355,O1,BETA_RESIDUAL,40,50
2022-09-29,2.3155141033790256,O1,BETA_RESIDUAL,40,50
2022-09-30,2.413294576970968,O1,BETA_RESIDUAL,40,50
2022-10-03,2.493257503204978,O1,BETA_RESIDUAL,40,50
2022-10-04,2.6255972668405905,O1,BETA_RESIDUAL,40,50
2022-10-05,2.669687858767687,O1,BETA_RESIDUAL,40,50
2022-10-06,2.6784425788314623,O1,BETA_RESIDUAL,40,50
2022-10-07,2.7274057555089035,O1,BETA_RESIDUAL,40,50
2022-10-10,2.7615804668156647,O1,BETA_RESIDUAL,40,50
2022-10-11,2.728889469658645,O1,BETA_RESIDUAL,40,50
2022-10-12,2.778723539516946,O1,BETA_RESIDUAL,40,50
2022-10-13,2.876505666740253,O1,BETA_RESIDUAL,40,50
2022-10-14,2.929349176860804,O1,BETA_RESIDUAL,40,50
2022-10-17,3.073522034885901,O1,BETA_RESIDUAL,40,50
2022-10-18,3.0355099811525337,O1,BETA_RESIDUAL,40,50
2022-10-19,3.028919777957425,O1,BETA_RESIDUAL,40,50
2022-10-20,3.0737913624297137,O1,BETA_RESIDUAL,40,50
2022-10-21,3.0933863654537337,O1,BETA_RESIDUAL,40,50
2022-10-24,3.128870634528351,O1,BETA_RESIDUAL,40,50
2022-10-25,3.132105574849443,O1,BETA_RESIDUAL,40,50
2022-10-26,3.1872455211572825,O1,BETA_RESIDUAL,40,50
2022-10-27,3.226237437801833,O1,BETA_RESIDUAL,40,50
2022-10-28,3.194281696604837,O1,BETA_RESIDUAL,40,50
2022-10-31,3.2564364356952336,O1,BETA_RESIDUAL,40,50
2022-11-01,3.380509551995495,O1,BETA_RESIDUAL,40,50
2022-11-02,3.3780660832924125,O1,BETA_RESIDUAL,40,50
2022-11-03,3.464306923499932,O1,BETA_RESIDUAL,40,50
2022-11-04,3.540627928122221,O1,BETA_RESIDUAL,40,50
2022-11-07,3.56216917951242,O1,BETA_RESIDUAL,40,50
2022-11-08,3.656277079491054,O1,BETA_RESIDUAL,40,50
2022-11-09,3.826354960464376,O1,BETA_RESIDUAL,40,50
2022-11-10,3.8550768662840578,O1,BETA_RESIDUAL,40,50
2022-11-11,3.9812868392798215,O1,BETA_RESIDUAL,40,50
2022-02-21,1.0,O1,BETA_RESIDUAL,40,100
2022-02-22,0.9935077207298482,O1,BETA_RESIDUAL,40,100
2022-02-23,0.9935952201093684,O1,BETA_RESIDUAL,40,100
2022-02-24,0.9093593852836064,O1,BETA_RESIDUAL,40,100
2022-02-25,0.9711842615185595,O1,BETA_RESIDUAL,40,100
2022-02-28,0.9627673103103074,O1,BETA_RESIDUAL,40,100
2022-03-01,0.9833012727315065,O1,BETA_RESIDUAL,40,100
2022-03-02,1.0033238756581235,O1,BETA_RESIDUAL,40,100
2022-03-03,1.0313326917800028,O1,BETA_RESIDUAL,40,100
2022-03-04,1.016756952588426,O1,BETA_RESIDUAL,40,100
2022-03-07,1.0290041609493703,O1,BETA_RESIDUAL,40,100
2022-03-08,1.0383690562076198,O1,BETA_RESIDUAL,40,100
2022-03-09,1.0673257019615288,O1,BETA_RESIDUAL,40,100
2022-03-10,1.078796772138568,O1,BETA_RESIDUAL,40,100
2022-03-11,1.0787091983933674,O1,BETA_RESIDUAL,40,100
2022-03-14,1.0977725492885988,O1,BETA_RESIDUAL,40,100
2022-03-15,1.1009558093549268,O1,BETA_RESIDUAL,40,100
2022-03-16,1.10417732307408,O1,BETA_RESIDUAL,40,100
2022-03-17,1.1267616051708251,O1,BETA_RESIDUAL,40,100
2022-03-18,1.140030248175601,O1,BETA_RESIDUAL,40,100
2022-03-21,1.163567507484864,O1,BETA_RESIDUAL,40,100
2022-03-22,1.1946490272492447,O1,BETA_RESIDUAL,40,100
2022-03-23,1.1936633733168065,O1,BETA_RESIDUAL,40,100
2022-03-24,1.1978939619163957,O1,BETA_RESIDUAL,40,100
2022-03-25,1.2011416418411707,O1,BETA_RESIDUAL,40,100
2022-03-28,1.2096816898945506,O1,BETA_RESIDUAL,40,100
2022-03-29,1.2461247175454726,O1,BETA_RESIDUAL,40,100
2022-03-30,1.2578629479171322,O1,BETA_RESIDUAL,40,100
2022-03-31,1.2735305557413137,O1,BETA_RESIDUAL,40,100
2022-04-01,1.2784944852085915,O1,BETA_RESIDUAL,40,100
2022-04-04,1.3128718850116436,O1,BETA_RESIDUAL,40,100
2022-04-05,1.3409587102213165,O1,BETA_RESIDUAL,40,100
2022-04-06,1.3607610183534615,O1,BETA_RESIDUAL,40,100
2022-04-07,1.4030058296680061,O1,BETA_RESIDUAL,40,100
2022-04-08,1.439260080671077,O1,BETA_RESIDUAL,40,100
2022-04-11,1.467306616992595,O1,BETA_RESIDUAL,40,100
2022-04-12,1.445786169359387,O1,BETA_RESIDUAL,40,100
2022-04-13,1.4288197586092706,O1,BETA_RESIDUAL,40,100
2022-04-14,1.4104121105924672,O1,BETA_RESIDUAL,40,100
2022-04-15,1.437862132244845,O1,BETA_RESIDUAL,40,100
2022-04-18,1.4264348502716344,O1,BETA_RESIDUAL,40,100
2022-04-19,1.41781852174638,O1,BETA_RESIDUAL,40,100
2022-04-20,1.4195024823285602,O1,BETA_RESIDUAL,40,100
2022-04-21,1.435521934636359,O1,BETA_RESIDUAL,40,100
2022-04-22,1.3944637595200702,O1,BETA_RESIDUAL,40,100
2022-04-25,1.396475357244402,O1,BETA_RESIDUAL,40,100
2022-04-26,1.3873568953346458,O1,BETA_RESIDUAL,40,100
2022-04-27,1.416240642295964,O1,BETA_RESIDUAL,40,100
2022-04-28,1.4068935116248065,O1,BETA_RESIDUAL,40,100
2022-04-29,1.4192502012572699,O1,BETA_RESIDUAL,40,100
2022-05-05,1.4481217124796057,O1,BETA_RESIDUAL,40,100
2022-05-06,1.4362289635477197,O1,BETA_RESIDUAL,40,100
2022-05-09,1.4514747194822766,O1,BETA_RESIDUAL,40,100
2022-05-10,1.4624362941594327,O1,BETA_RESIDUAL,40,100
2022-05-11,1.4591864366413605,O1,BETA_RESIDUAL,40,100
2022-05-12,1.433102614307727,O1,BETA_RESIDUAL,40,100
2022-05-13,1.4671072095958164,O1,BETA_RESIDUAL,40,100
2022-05-16,1.4610964733796337,O1,BETA_RESIDUAL,40,100
2022-05-17,1.4677454923876763,O1,BETA_RESIDUAL,40,100
2022-05-18,1.4718191179152864,O1,BETA_RESIDUAL,40,100
2022-05-20,1.4720772203705934,O1,BETA_RESIDUAL,40,100
2022-05-23,1.4815994696059298,O1,BETA_RESIDUAL,40,100
2022-05-24,1.4923428428132919,O1,BETA_RESIDUAL,40,100
2022-05-25,1.506474925426462,O1,BETA_RESIDUAL,40,100
2022-05-26,1.5245533702395913,O1,BETA_RESIDUAL,40,100
2022-05-27,1.5119667960362797,O1,BETA_RESIDUAL,40,100
2022-05-30,1.5761474706894987,O1,BETA_RESIDUAL,40,100
2022-05-31,1.6059105879720552,O1,BETA_RESIDUAL,40,100
2022-06-01,1.6217535297615588,O1,BETA_RESIDUAL,40,100
2022-06-02,1.6377186222435611,O1,BETA_RESIDUAL,40,100
2022-06-03,1.6455663506639908,O1,BETA_RESIDUAL,40,100
2022-06-06,1.664341677220222,O1,BETA_RESIDUAL,40,100
2022-06-07,1.6639608780401363,O1,BETA_RESIDUAL,40,100
2022-06-08,1.5830275072172877,O1,BETA_RESIDUAL,40,100
2022-06-09,1.6061015855954301,O1,BETA_RESIDUAL,40,100
2022-06-10,1.5888855629651046,O1,BETA_RESIDUAL,40,100
2022-06-13,1.5788334693216457,O1,BETA_RESIDUAL,40,100
2022-06-14,1.5680344665312047,O1,BETA_RESIDUAL,40,100
2022-06-15,1.6102043575963398,O1,BETA_RESIDUAL,40,100
2022-06-16,1.5976919257477158,O1,BETA_RESIDUAL,40,100
2022-06-17,1.60631330728468,O1,BETA_RESIDUAL,40,100
2022-06-20,1.6104924065254211,O1,BETA_RESIDUAL,40,100
2022-06-21,1.6376292689735574,O1,BETA_RESIDUAL,40,100
2022-06-22,1.644711248564013,O1,BETA_RESIDUAL,40,100
2022-06-23,1.6433503570808674,O1,BETA_RESIDUAL,40,100
2022-06-24,1.668469142787853,O1,BETA_RESIDUAL,40,100
2022-06-27,1.6447102912377218,O1,BETA_RESIDUAL,40,100
2022-06-28,1.6122540064156095,O1,BETA_RESIDUAL,40,100
2022-06-29,1.5696805871734503,O1,BETA_RESIDUAL,40,100
2022-06-30,1.5881721134624935,O1,BETA_RESIDUAL,40,100
2022-07-01,1.6047625562245464,O1,BETA_RESIDUAL,40,100
2022-07-04,1.5705219442923695,O1,BETA_RESIDUAL,40,100
2022-07-05,1.5746613211634983,O1,BETA_RESIDUAL,40,100
2022-07-06,1.6003914264530485,O1,BETA_RESIDUAL,40,100
2022-07-07,1.6300540907654484,O1,BETA_RESIDUAL,40,100
2022-07-08,1.6384900609915214,O1,BETA_RESIDUAL,40,100
2022-07-13,1.6527153404592043,O1,BETA_RESIDUAL,40,100
2022-07-14,1.6659219729591277,O1,BETA_RESIDUAL,40,100
2022-07-18,1.6933558545821872,O1,BETA_RESIDUAL,40,100
2022-07-19,1.719102058413098,O1,BETA_RESIDUAL,40,100
2022-07-20,1.7151293952218314,O1,BETA_RESIDUAL,40,100
2022-07-21,1.713994352645518,O1,BETA_RESIDUAL,40,100
2022-07-22,1.7168331129983607,O1,BETA_RESIDUAL,40,100
2022-07-25,1.7327738453308053,O1,BETA_RESIDUAL,40,100
2022-07-26,1.7304461502764443,O1,BETA_RESIDUAL,40,100
2022-07-27,1.751785582802099,O1,BETA_RESIDUAL,40,100
2022-07-28,1.7697820614106072,O1,BETA_RESIDUAL,40,100
2022-07-29,1.808233803259472,O1,BETA_RESIDUAL,40,100
2022-08-01,1.872760264524966,O1,BETA_RESIDUAL,40,100
2022-08-02,1.9078978207700308,O1,BETA_RESIDUAL,40,100
2022-08-03,1.9325647616727875,O1,BETA_RESIDUAL,40,100
2022-08-04,1.9350452329984924,O1,BETA_RESIDUAL,40,100
2022-08-05,1.9723709980564,O1,BETA_RESIDUAL,40,100
2022-08-08,2.0076013775077817,O1,BETA_RESIDUAL,40,100
2022-08-09,2.0110609733571936,O1,BETA_RESIDUAL,40,100
2022-08-10,2.01878052455835,O1,BETA_RESIDUAL,40,100
2022-08-11,2.0452236903676004,O1,BETA_RESIDUAL,40,100
2022-08-12,2.0400959853847613,O1,BETA_RESIDUAL,40,100
2022-08-15,2.0429629009927326,O1,BETA_RESIDUAL,40,100
2022-08-16,2.0923489569292304,O1,BETA_RESIDUAL,40,100
2022-08-17,2.1325940255284963,O1,BETA_RESIDUAL,40,100
2022-08-18,2.1117719117346647,O1,BETA_RESIDUAL,40,100
2022-08-19,2.1503868506168864,O1,BETA_RESIDUAL,40,100
2022-08-22,2.1895634244927082,O1,BETA_RESIDUAL,40,100
2022-08-23,2.2123622737452924,O1,BETA_RESIDUAL,40,100
2022-08-24,2.212115112962661,O1,BETA_RESIDUAL,40,100
2022-08-25,2.2413548757611603,O1,BETA_RESIDUAL,40,100
2022-08-26,2.201067058277863,O1,BETA_RESIDUAL,40,100
2022-08-29,2.188081368909075,O1,BETA_RESIDUAL,40,100
2022-08-31,2.1872529427878025,O1,BETA_RESIDUAL,40,100
2022-09-01,2.181440193464513,O1,BETA_RESIDUAL,40,100
2022-09-02,2.174464010515232,O1,BETA_RESIDUAL,40,100
2022-09-05,2.2067467626046007,O1,BETA_RESIDUAL,40,100
2022-09-06,2.1697852194230474,O1,BETA_RESIDUAL,40,100
2022-09-07,2.1746943679655977,O1,BETA_RESIDUAL,40,100
2022-09-08,2.2045447790569135,O1,BETA_RESIDUAL,40,100
2022-09-09,2.207068655185415,O1,BETA_RESIDUAL,40,100
2022-09-12,2.2568111325844513,O1,BETA_RESIDUAL,40,100
2022-09-13,2.1449718169740617,O1,BETA_RESIDUAL,40,100
2022-09-14,2.2085220396393295,O1,BETA_RESIDUAL,40,100
2022-09-15,2.23059459908169,O1,BETA_RESIDUAL,40,100
2022-09-16,2.259599070584087,O1,BETA_RESIDUAL,40,100
2022-09-19,2.2092348410644123,O1,BETA_RESIDUAL,40,100
2022-09-20,2.2525653167198803,O1,BETA_RESIDUAL,40,100
2022-09-21,2.2245369138990974,O1,BETA_RESIDUAL,40,100
2022-09-22,2.2764896463255946,O1,BETA_RESIDUAL,40,100
2022-09-23,2.3257907113098057,O1,BETA_RESIDUAL,40,100
2022-09-26,2.336852667729606,O1,BETA_RESIDUAL,40,100
2022-09-27,2.354063726167149,O1,BETA_RESIDUAL,40,100
2022-09-28,2.3696113734254576,O1,BETA_RESIDUAL,40,100
2022-09-29,2.291723041580664,O1,BETA_RESIDUAL,40,100
2022-09-30,2.388875365794031,O1,BETA_RESIDUAL,40,100
2022-10-03,2.4683246039615203,O1,BETA_RESIDUAL,40,100
2022-10-04,2.5998142066474585,O1,BETA_RESIDUAL,40,100
2022-10-05,2.6436215571777533,O1,BETA_RESIDUAL,40,100
2022-10-06,2.6523200362379242,O1,BETA_RESIDUAL,40,100
2022-10-07,2.700968669654598,O1,BETA_RESIDUAL,40,100
2022-10-10,2.734923839954022,O1,BETA_RESIDUAL,40,100
2022-10-11,2.702442852309074,O1,BETA_RESIDUAL,40,100
2022-10-12,2.7519567842209796,O1,BETA_RESIDUAL,40,100
2022-10-13,2.8491107514426535,O1,BETA_RESIDUAL,40,100
2022-10-14,2.9016147907381553,O1,BETA_RESIDUAL,40,100
2022-10-17,3.0448614710935282,O1,BETA_RESIDUAL,40,100
2022-10-18,3.007093609754141,O1,BETA_RESIDUAL,40,100
2022-10-19,3.000545742537675,O1,BETA_RESIDUAL,40,100
2022-10-20,3.045129068456221,O1,BETA_RESIDUAL,40,100
2022-10-21,3.06459819165454,O1,BETA_RESIDUAL,40,100
2022-10-24,3.0998545070207157,O1,BETA_RESIDUAL,40,100
2022-10-25,3.103068665833212,O1,BETA_RESIDUAL,40,100
2022-10-26,3.157854388831063,O1,BETA_RESIDUAL,40,100
2022-10-27,3.1965958183659686,O1,BETA_RESIDUAL,40,100
2022-10-28,3.164845363339488,O1,BETA_RESIDUAL,40,100
2022-10-31,3.2266008155446717,O1,BETA_RESIDUAL,40,100
2022-11-01,3.3498768764816385,O1,BETA_RESIDUAL,40,100
2022-11-02,3.347449104811829,O1,BETA_RESIDUAL,40,100
2022-11-03,3.433135927144468,O1,BETA_RESIDUAL,40,100
2022-11-04,3.508966639688342,O1,BETA_RESIDUAL,40,100
2022-11-07,3.5303695084017415,O1,BETA_RESIDUAL,40,100
2022-11-08,3.6238728519007526,O1,BETA_RESIDUAL,40,100
2022-11-09,3.7928581393191614,O1,BETA_RESIDUAL,40,100
2022-11-10,3.8213955333786784,O1,BETA_RESIDUAL,40,100
2022-11-11,3.9467947236772942,O1,BETA_RESIDUAL,40,100
2022-02-21,1.0,O1,VOL_SCALED,40,0
2022-02-22,1.0035077207298482,O1,VOL_SCALED,40,0
2022-02-23,1.0035952201093685,O1,VOL_SCALED,40,0
2022-02-24,0.9193593852836064,O1,VOL_SCALED,40,0
2022-02-25,0.9811842615185595,O1,VOL_SCALED,40,0
2022-02-28,0.9727673103103074,O1,VOL_SCALED,40,0
2022-03-01,0.9933012727315065,O1,VOL_SCALED,40,0
2022-03-02,1.0133238756581233,O1,VOL_SCALED,40,0
2022-03-03,1.0413326917800028,O1,VOL_SCALED,40,0
2022-03-04,1.026756952588426,O1,VOL_SCALED,40,0
2022-03-07,1.0390041609493703,O1,VOL_SCALED,40,0
2022-03-08,1.0483690562076198,O1,VOL_SCALED,40,0
2022-03-09,1.0773257019615285,O1,VOL_SCALED,40,0
2022-03-10,1.088796772138568,O1,VOL_SCALED,40,0
2022-03-11,1.0887091983933677,O1,VOL_SCALED,40,0
2022-03-14,1.1077725492885986,O1,VOL_SCALED,40,0
2022-03-15,1.1109558093549265,O1,VOL_SCALED,40,0
2022-03-16,1.11417732307408,O1,VOL_SCALED,40,0
2022-03-17,1.1367616051708251,O1,VOL_SCALED,40,0
2022-03-18,1.150030248175601,O1,VOL_SCALED,40,0
2022-03-21,1.173567507484864,O1,VOL_SCALED,40,0
2022-03-22,1.204649027249245,O1,VOL_SCALED,40,0
2022-03-23,1.2036633733168065,O1,VOL_SCALED,40,0
2022-03-24,1.2078939619163958,O1,VOL_SCALED,40,0
2022-03-25,1.2111416418411705,O1,VOL_SCALED,40,0
2022-03-28,1.2196816898945508,O1,VOL_SCALED,40,0
2022-03-29,1.2561247175454726,O1,VOL_SCALED,40,0
2022-03-30,1.2678629479171322,O1,VOL_SCALED,40,0
2022-03-31,1.2835305557413137,O1,VOL_SCALED,40,0
2022-04-01,1.2884944852085916,O1,VOL_SCALED,40,0
2022-04-04,1.3228718850116437,O1,VOL_SCALED,40,0
2022-04-05,1.3509587102213165,O1,VOL_SCALED,40,0
2022-04-06,1.3707610183534615,O1,VOL_SCALED,40,0
2022-04-07,1.4130058296680061,O1,VOL_SCALED,40,0
2022-04-08,1.4492600806710771,O1,VOL_SCALED,40,0
2022-04-11,1.477306616992595,O1,VOL_SCALED,40,0
2022-04-12,1.4557861693593872,O1,VOL_SCALED,40,0
2022-04-13,1.4388197586092708,O1,VOL_SCALED,40,0
2022-04-14,1.4204121105924672,O1,VOL_SCALED,40,0
2022-04-15,1.4478621322448448,O1,VOL_SCALED,40,0
2022-04-18,1.4364348502716344,O1,VOL_SCALED,40,0
2022-04-19,1.42781852174638,O1,VOL_SCALED,40,0
2022-04-20,1.4295024823285603,O1,VOL_SCALED,40,0
2022-04-21,1.445521934636359,O1,VOL_SCALED,40,0
2022-04-22,1.40446375952007,O1,VOL_SCALED,40,0
2022-04-25,1.406475357244402,O1,VOL_SCALED,40,0
2022-04-26,1.3973568953346458,O1,VOL_SCALED,40,0
2022-04-27,1.426240642295964,O1,VOL_SCALED,40,0
2022-04-28,1.4168935116248065,O1,VOL_SCALED,40,0
2022-04-29,1.4292502012572696,O1,VOL_SCALED,40,0
2022-05-05,1.4581217124796055,O1,VOL_SCALED,40,0
2022-05-06,1.4462289635477195,O1,VOL_SCALED,40,0
2022-05-09,1.4614747194822764,O1,VOL_SCALED,40,0
2022-05-10,1.472436294159433,O1,VOL_SCALED,40,0
2022-05-11,1.4691864366413605,O1,VOL_SCALED,40,0
2022-05-12,1.443102614307727,O1,VOL_SCALED,40,0
2022-05-13,1.4771072095958164,O1,VOL_SCALED,40,0
2022-05-16,1.4710964733796335,O1,VOL_SCALED,40,0
2022-05-17,1.4777454923876763,O1,VOL_SCALED,40,0
2022-05-18,1.4818191179152866,O1,VOL_SCALED,40,0
2022-05-20,1.4820772203705936,O1,VOL_SCALED,40,0
2022-05-23,1.5048365926292568,O1,VOL_SCALED,40,0
2022-05-24,1.5156522783528725,O1,VOL_SCALED,40,0
2022-05-25,1.5298794825292557,O1,VOL_SCALED,40,0
2022-05-26,1.5480796114549211,O1,VOL_SCALED,40,0
2022-05-27,1.535408318343117,O1,VOL_SCALED,40,0
2022-05-30,1.6000209863739707,O1,VOL_SCALED,40,0
2022-05-31,1.6299844360717484,O1,VOL_SCALED,40,0
2022-06-01,1.645934015037821,O1,VOL_SCALED,40,0
2022-06-02,1.6620065668798691,O1,VOL_SCALED,40,0
2022-06-03,1.6699071175357372,O1,VOL_SCALED,40,0
2022-06-06,1.6888088188422965,O1,VOL_SCALED,40,0
2022-06-07,1.6884254565429402,O1,VOL_SCALED,40,0
2022-06-08,1.6069473317047434,O1,VOL_SCALED,40,0
2022-06-09,1.6301767192800583,O1,VOL_SCALED,40,0
2022-06-10,1.6128448174102932,O1,VOL_SCALED,40,0
2022-06-13,1.6027250641806932,O1,VOL_SCALED,40,0
2022-06-14,1.5918533744371195,O1,VOL_SCALED,40,0
2022-06-15,1.6343071066082284,O1,VOL_SCALED,40,0
2022-06-16,1.6217104548955108,O1,VOL_SCALED,40,0
2022-06-17,1.6303898660457528,O1,VOL_SCALED,40,0
2022-06-20,1.634597094364386,O1,VOL_SCALED,40,0
2022-06-21,1.6619166121823934,O1,VOL_SCALED,40,0
2022-06-22,1.6690462598333697,O1,VOL_SCALED,40,0
2022-06-23,1.6676762083326397,O1,VOL_SCALED,40,0
2022-06-24,1.6929640659469911,O1,VOL_SCALED,40,0
2022-06-27,1.6690452960634157,O1,VOL_SCALED,40,0
2022-06-28,1.6363705513983433,O1,VOL_SCALED,40,0
2022-06-29,1.5935105749444505,O1,VOL_SCALED,40,0
2022-06-30,1.6121265657540425,O1,VOL_SCALED,40,0
2022-07-01,1.628828677043171,O1,VOL_SCALED,40,0
2022-07-04,1.5943575951497357,O1,VOL_SCALED,40,0
2022-07-05,1.5985248337316604,O1,VOL_SCALED,40,0
2022-07-06,1.624428125656455,O1,VOL_SCALED,40,0
2022-07-07,1.6542904462456889,O1,VOL_SCALED,40,0
2022-07-08,1.662783198100987,O1,VOL_SCALED,40,0
2022-07-13,1.6771042264301181,O1,VOL_SCALED,40,0
2022-07-14,1.6903997513857791,O1,VOL_SCALED,40,0
2022-07-18,1.7180182875835683,O1,VOL_SCALED,40,0
2022-07-19,1.7439377864073147,O1,VOL_SCALED,40,0
2022-07-20,1.7399383836375142,O1,VOL_SCALED,40,0
2022-07-21,1.738795701208879,O1,VOL_SCALED,40,0
2022-07-22,1.7416535689593884,O1,VOL_SCALED,40,0
2022-07-25,1.7577015966862717,O1,VOL_SCALED,40,0
2022-07-26,1.7553582341610707,O1,VOL_SCALED,40,0
2022-07-27,1.7768413001649233,O1,VOL_SCALED,40,0
2022-07-28,1.7949589111800577,O1,VOL_SCALED,40,0
2022-07-29,1.8336694676631864,O1,VOL_SCALED,40,0
2022-08-01,1.89863024975967,O1,VOL_SCALED,40,0
2022-08-02,1.9340043132039215,O1,VOL_SCALED,40,0
2022-08-03,1.958837284694142,O1,VOL_SCALED,40,0
2022-08-04,1.9613344518117177,O1,VOL_SCALED,40,0
2022-08-05,1.9989114526724157,O1,VOL_SCALED,40,0
2022-08-08,2.0343789641062324,O1,VOL_SCALED,40,0
2022-08-09,2.037861846131807,O1,VOL_SCALED,40,0
2022-08-10,2.0456333568210066,O1,VOL_SCALED,40,0
2022-08-11,2.0722545088009383,O1,VOL_SCALED,40,0
2022-08-12,2.0670922897746276,O1,VOL_SCALED,40,0
2022-08-15,2.069978502290329,O1,VOL_SCALED,40,0
2022-08-16,2.1196969705803475,O1,VOL_SCALED,40,0
2022-08-17,2.160212924507811,O1,VOL_SCALED,40,0
2022-08-18,2.14531462792675,O1,VOL_SCALED,40,0
2022-08-19,2.1867309321648136,O1,VOL_SCALED,40,0
2022-08-22,2.2340418794547836,O1,VOL_SCALED,40,0
2022-08-23,2.2577416096566445,O1,VOL_SCALED,40,0
2022-08-24,2.257266482745692,O1,VOL_SCALED,40,0
2022-08-25,2.2966450547938715,O1,VOL_SCALED,40,0
2022-08-26,2.2560883421356928,O1,VOL_SCALED,40,0
2022-08-29,2.237587026431185,O1,VOL_SCALED,40,0
2022-08-31,2.24155747798244,O1,VOL_SCALED,40,0
2022-09-01,2.235299486500348,O1,VOL_SCALED,40,0
2022-09-02,2.2266519355813315,O1,VOL_SCALED,40,0
2022-09-05,2.2507087496816327,O1,VOL_SCALED,40,0
2022-09-06,2.2255953868460727,O1,VOL_SCALED,40,0
2022-09-07,2.213955681409273,O1,VOL_SCALED,40,0
2022-09-08,2.2378028447239044,O1,VOL_SCALED,40,0
2022-09-09,2.247326415842099,O1,VOL_SCALED,40,0
2022-09-12,2.305242857530476,O1,VOL_SCALED,40,0
2022-09-13,2.2080233742151565,O1,VOL_SCALED,40,0
2022-09-14,2.281455750935392,O1,VOL_SCALED,40,0
2022-09-15,2.2840464638019706,O1,VOL_SCALED,40,0
2022-09-16,2.3158418777042433,O1,VOL_SCALED,40,0
2022-09-19,2.267641954293867,O1,VOL_SCALED,40,0
2022-09-20,2.299034762484887,O1,VOL_SCALED,40,0
2022-09-21,2.2823589244164646,O1,VOL_SCALED,40,0
2022-09-22,2.328442162734926,O1,VOL_SCALED,40,0
2022-09-23,2.3641297812540896,O1,VOL_SCALED,40,0
2022-09-26,2.3847872028804886,O1,VOL_SCALED,40,0
2022-09-27,2.3999465368483466,O1,VOL_SCALED,40,0
2022-09-28,2.410152523099955,O1,VOL_SCALED,40,0
2022-09-29,2.33254423154403,O1,VOL_SCALED,40,0
2022-09-30,2.4379835214333583,O1,VOL_SCALED,40,0
2022-10-03,2.5118992282867914,O1,VOL_SCALED,40,0
2022-10-04,2.628667808363524,O1,VOL_SCALED,40,0
2022-10-05,2.6763468317410752,O1,VOL_SCALED,40,0
2022-10-06,2.6909326428053757,O1,VOL_SCALED,40,0
2022-10-07,2.739308084175543,O1,VOL_SCALED,40,0
2022-10-10,2.7754795646286645,O1,VOL_SCALED,40,0
2022-10-11,2.7400191216626597,O1,VOL_SCALED,40,0
2022-10-12,2.7825077142316195,O1,VOL_SCALED,40,0
2022-10-13,2.888488067024016,O1,VOL_SCALED,40,0
2022-10-14,2.9384080771884173,O1,VOL_SCALED,40,0
2022-10-17,3.0531681150614536,O1,VOL_SCALED,40,0
2022-10-18,3.009697674091397,O1,VOL_SCALED,40,0
2022-10-19,2.999389707610346,O1,VOL_SCALED,40,0
2022-10-20,3.027461220741656,O1,VOL_SCALED,40,0
2022-10-21,3.0457424290957253,O1,VOL_SCALED,40,0
2022-10-24,3.09412321509284,O1,VOL_SCALED,40,0
2022-10-25,3.096387461743941,O1,VOL_SCALED,40,0
2022-10-26,3.142255409586245,O1,VOL_SCALED,40,0
2022-10-27,3.180918684642993,O1,VOL_SCALED,40,0
2022-10-28,3.1540341978326474,O1,VOL_SCALED,40,0
2022-10-31,3.215496889368054,O1,VOL_SCALED,40,0
2022-11-01,3.3300415586342336,O1,VOL_SCALED,40,0
2022-11-02,3.3308735409064965,O1,VOL_SCALED,40,0
2022-11-03,3.398930815089126,O1,VOL_SCALED,40,0
2022-11-04,3.4824963452226876,O1,VOL_SCALED,40,0
2022-11-07,3.507808167476461,O1,VOL_SCALED,40,0
2022-11-08,3.571803535836411,O1,VOL_SCALED,40,0
2022-11-09,3.7370921594168287,O1,VOL_SCALED,40,0
2022-11-10,3.77766616593218,O1,VOL_SCALED,40,0
2022-11-11,3.9011779121920833,O1,VOL_SCALED,40,0
2022-02-21,1.0,O1,VOL_SCALED,40,30
2022-02-22,1.000507720729848,O1,VOL_SCALED,40,30
2022-02-23,1.0005952201093684,O1,VOL_SCALED,40,30
2022-02-24,0.9163593852836063,O1,VOL_SCALED,40,30
2022-02-25,0.9781842615185595,O1,VOL_SCALED,40,30
2022-02-28,0.9697673103103075,O1,VOL_SCALED,40,30
2022-03-01,0.9903012727315065,O1,VOL_SCALED,40,30
2022-03-02,1.0103238756581234,O1,VOL_SCALED,40,30
2022-03-03,1.0383326917800029,O1,VOL_SCALED,40,30
2022-03-04,1.0237569525884258,O1,VOL_SCALED,40,30
2022-03-07,1.0360041609493702,O1,VOL_SCALED,40,30
2022-03-08,1.0453690562076199,O1,VOL_SCALED,40,30
2022-03-09,1.0743257019615287,O1,VOL_SCALED,40,30
2022-03-10,1.0857967721385682,O1,VOL_SCALED,40,30
2022-03-11,1.0857091983933673,O1,VOL_SCALED,40,30
2022-03-14,1.1047725492885987,O1,VOL_SCALED,40,30
2022-03-15,1.1079558093549267,O1,VOL_SCALED,40,30
2022-03-16,1.11117732307408,O1,VOL_SCALED,40,30
2022-03-17,1.1337616051708252,O1,VOL_SCALED,40,30
2022-03-18,1.1470302481756012,O1,VOL_SCALED,40,30
2022-03-21,1.1705675074848638,O1,VOL_SCALED,40,30
2022-03-22,1.2016490272492448,O1,VOL_SCALED,40,30
2022-03-23,1.2006633733168066,O1,VOL_SCALED,40,30
2022-03-24,1.2048939619163959,O1,VOL_SCALED,40,30
2022-03-25,1.2081416418411706,O1,VOL_SCALED,40,30
2022-03-28,1.2166816898945507,O1,VOL_SCALED,40,30
2022-03-29,1.2531247175454727,O1,VOL_SCALED,40,30
2022-03-30,1.264862947917132,O1,VOL_SCALED,40,30
2022-03-31,1.2805305557413136,O1,VOL_SCALED,40,30
2022-04-01,1.2854944852085914,O1,VOL_SCALED,40,30
2022-04-04,1.3198718850116435,O1,VOL_SCALED,40,30
2022-04-05,1.3479587102213164,O1,VOL_SCALED,40,30
2022-04-06,1.3677610183534614,O1,VOL_SCALED,40,30
2022-04-07,1.4100058296680062,O1,VOL_SCALED,40,30
2022-04-08,1.446260080671077,O1,VOL_SCALED,40,30
2022-04-11,1.4743066169925951,O1,VOL_SCALED,40,30
2022-04-12,1.452786169359387,O1,VOL_SCALED,40,30
2022-04-13,1.4358197586092707,O1,VOL_SCALED,40,30
2022-04-14,1.4174121105924673,O1,VOL_SCALED,40,30
2022-04-15,1.4448621322448452,O1,VOL_SCALED,40,30
2022-04-18,1.4334348502716345,O1,VOL_SCALED,40,30
2022-04-19,1.4248185217463798,O1,VOL_SCALED,40,30
2022-04-20,1.4265024823285601,O1,VOL_SCALED,40,30
2022-04-21,1.4425219346363591,O1,VOL_SCALED,40,30
2022-04-22,1.4014637595200703,O1,VOL_SCALED,40,30
2022-04-25,1.4034753572444019,O1,VOL_SCALED,40,30
2022-04-26,1.3943568953346457,O1,VOL_SCALED,40,30
2022-04-27,1.423240642295964,O1,VOL_SCALED,40,30
2022-04-28,1.4138935116248064,O1,VOL_SCALED,40,30
2022-04-29,1.4262502012572695,O1,VOL_SCALED,40,30
2022-05-05,1.4551217124796054,O1,VOL_SCALED,40,30
2022-05-06,1.4432289635477193,O1,VOL_SCALED,40,30
2022-05-09,1.4584747194822767,O1,VOL_SCALED,40,30
2022-05-10,1.4694362941594328,O1,VOL_SCALED,40,30
2022-05-11,1.4661864366413606,O1,VOL_SCALED,40,30
2022-05-12,1.4401026143077271,O1,VOL_SCALED,40,30
2022-05-13,1.4741072095958165,O1,VOL_SCALED,40,30
2022-05-16,1.4680964733796333,O1,VOL_SCALED,40,30
2022-05-17,1.4747454923876762,O1,VOL_SCALED,40,30
2022-05-18,1.4788191179152865,O1,VOL_SCALED,40,30
2022-05-20,1.4790772203705935,O1,VOL_SCALED,40,30
2022-05-23,1.4978612557222586,O1,VOL_SCALED,40,30
2022-05-24,1.508655247690998,O1,VOL_SCALED,40,30
2022-05-25,1.5228539153984175,O1,VOL_SCALED,40,30
2022-05-26,1.5410175390903222,O1,VOL_SCALED,40,30
2022-05-27,1.5283716616510656,O1,VOL_SCALED,40,30
2022-05-30,1.592854731668629,O1,VOL_SCALED,40,30
2022-05-31,1.6227580816418405,O1,VOL_SCALED,40,30
2022-06-01,1.6386756694549425,O1,VOL_SCALED,40,30
2022-06-02,1.6547159834889769,O1,VOL_SCALED,40,30
2022-06-03,1.6626006874742132,O1,VOL_SCALED,40,30
2022-06-06,1.681464476355674,O1,VOL_SCALED,40,30
2022-06-07,1.6810818829920988,O1,VOL_SCALED,40,30
2022-06-08,1.5997671843585064,O1,VOL_SCALED,40,30
2022-06-09,1.6229499791746695,O1,VOL_SCALED,40,30
2022-06-10,1.6056528410767363,O1,VOL_SCALED,40,30
2022-06-13,1.595553385722979,O1,VOL_SCALED,40,30
2022-06-14,1.584703502065345,O1,VOL_SCALED,40,30
2022-06-15,1.6270720819046616,O1,VOL_SCALED,40,30
2022-06-16,1.6145006961511723,O1,VOL_SCALED,40,30
2022-06-17,1.6231626984174305,O1,VOL_SCALED,40,30
2022-06-20,1.6273614880126965,O1,VOL_SCALED,40,30
2022-06-21,1.6546262092197423,O1,VOL_SCALED,40,30
2022-06-22,1.6617415564525628,O1,VOL_SCALED,40,30
2022-06-23,1.6603742529571082,O1,VOL_SCALED,40,30
2022-06-24,1.68561138899925,O1,VOL_SCALED,40,30
2022-06-27,1.6617405946157078,O1,VOL_SCALED,40,30
2022-06-28,1.6291313879035232,O1,VOL_SCALED,40,30
2022-06-29,1.5863573786131502,O1,VOL_SCALED,40,30
2022-06-30,1.6049360300665778,O1,VOL_SCALED,40,30
2022-07-01,1.6216046407975835,O1,VOL_SCALED,40,30
2022-07-04,1.5872026998925262,O1,VOL_SCALED,40,30
2022-07-05,1.5913615799612117,O1,VOL_SCALED,40,30
2022-07-06,1.6172129158954327,O1,VOL_SCALED,40,30
2022-07-07,1.647015339601617,O1,VOL_SCALED,40,30
2022-07-08,1.655491056968147,O1,VOL_SCALED,40,30
2022-07-13,1.6697833606388444,O1,VOL_SCALED,40,30
2022-07-14,1.683052217857784,O1,VOL_SCALED,40,30
2022-07-18,1.710615357683154,O1,VOL_SCALED,40,30
2022-07-19,1.7364828680090494,O1,VOL_SCALED,40,30
2022-07-20,1.7324914871128094,O1,VOL_SCALED,40,30
2022-07-21,1.7313510966398704,O1,VOL_SCALED,40,30
2022-07-22,1.7342032321710803,O1,VOL_SCALED,40,30
2022-07-25,1.750219071279632,O1,VOL_SCALED,40,30
2022-07-26,1.7478804089956825,O1,VOL_SCALED,40,30
2022-07-27,1.769320384956076,O1,VOL_SCALED,40,30
2022-07-28,1.7874016562492225,O1,VOL_SCALED,40,30
2022-07-29,1.8260345683420722,O1,VOL_SCALED,40,30
2022-08-01,1.890865054189259,O1,VOL_SCALED,40,30
2022-08-02,1.9261681654737544,O1,VOL_SCALED,40,30
2022-08-03,1.950951327787736,O1,VOL_SCALED,40,30
2022-08-04,1.9534434861677499,O1,VOL_SCALED,40,30
2022-08-05,1.9909451162876108,O1,VOL_SCALED,40,30
2022-08-08,2.0263414881266977,O1,VOL_SCALED,40,30
2022-08-09,2.0298173842994234,O1,VOL_SCALED,40,30
2022-08-10,2.0375733071422095,O1,VOL_SCALED,40,30
2022-08-11,2.0641410632709367,O1,VOL_SCALED,40,30
2022-08-12,2.058989198457668,O1,VOL_SCALED,40,30
2022-08-15,2.0618696219010504,O1,VOL_SCALED,40,30
2022-08-16,2.111488366485012,O1,VOL_SCALED,40,30
2022-08-17,2.1519230548140165,O1,VOL_SCALED,40,30
2022-08-18,2.131723475639589,O1,VOL_SCALED,40,30
2022-08-19,2.1729810249345416,O1,VOL_SCALED,40,30
2022-08-22,2.2201106222251887,O1,VOL_SCALED,40,30
2022-08-23,2.2437195077853276,O1,VOL_SCALED,40,30
2022-08-24,2.2432462021075126,O1,VOL_SCALED,40,30
2022-08-25,2.282473830147521,O1,VOL_SCALED,40,30
2022-08-26,2.2420725774882313,O1,VOL_SCALED,40,30
2022-08-29,2.2236421801183304,O1,VOL_SCALED,40,30
2022-08-31,2.2275974123297213,O1,VOL_SCALED,40,30
2022-09-01,2.221363408673197,O1,VOL_SCALED,40,30
2022-09-02,2.212749005121611,O1,VOL_SCALED,40,30
2022-09-05,2.2367136058237307,O1,VOL_SCALED,40,30
2022-09-06,2.2116965062970686,O1,VOL_SCALED,40,30
2022-09-07,2.2001014176074274,O1,VOL_SCALED,40,30
2022-09-08,2.223857171146971,O1,VOL_SCALED,40,30
2022-09-09,2.2333442369801366,O1,VOL_SCALED,40,30
2022-09-12,2.2910386762089847,O1,VOL_SCALED,40,30
2022-09-13,2.194191849841863,O1,VOL_SCALED,40,30
2022-09-14,2.2673427491825215,O1,VOL_SCALED,40,30
2022-09-15,2.2699235314557913,O1,VOL_SCALED,40,30
2022-09-16,2.301597068739227,O1,VOL_SCALED,40,30
2022-09-19,2.2535819029077735,O1,VOL_SCALED,40,30
2022-09-20,2.2848543777283936,O1,VOL_SCALED,40,30
2022-09-21,2.2682424606633687,O1,VOL_SCALED,40,30
2022-09-22,2.314149054976233,O1,VOL_SCALED,40,30
2022-09-23,2.3496998774690003,O1,VOL_SCALED,40,30
2022-09-26,2.3702781160814763,O1,VOL_SCALED,40,30
2022-09-27,2.385379342034968,O1,VOL_SCALED,40,30
2022-09-28,2.3955462072013765,O1,VOL_SCALED,40,30
2022-09-29,2.3182353999366643,O1,VOL_SCALED,40,30
2022-09-30,2.4232705251189763,O1,VOL_SCALED,40,30
2022-10-03,2.4969029019155053,O1,VOL_SCALED,40,30
2022-10-04,2.61322389040655,O1,VOL_SCALED,40,30
2022-10-05,2.660720152893598,O1,VOL_SCALED,40,30
2022-10-06,2.6752500543433557,O1,VOL_SCALED,40,30
2022-10-07,2.7234400653477775,O1,VOL_SCALED,40,30
2022-10-10,2.7594728950587046,O1,VOL_SCALED,40,30
2022-10-11,2.724148377320924,O1,VOL_SCALED,40,30
2022-10-12,2.7664741047038115,O1,VOL_SCALED,40,30
2022-10-13,2.8720482188134477,O1,VOL_SCALED,40,30
2022-10-14,2.9217768780468676,O1,VOL_SCALED,40,30
2022-10-17,3.0360970233795355,O1,VOL_SCALED,40,30
2022-10-18,2.9927932111686157,O1,VOL_SCALED,40,30
2022-10-19,2.9825247566783704,O1,VOL_SCALED,40,30
2022-10-20,3.010488667464368,O1,VOL_SCALED,40,30
2022-10-21,3.028699801188515,O1,VOL_SCALED,40,30
2022-10-24,3.0768951363331225,O1,VOL_SCALED,40,30
2022-10-25,3.0791507037851753,O1,VOL_SCALED,40,30
2022-10-26,3.1248428328627615,O1,VOL_SCALED,40,30
2022-10-27,3.1633579057526324,O1,VOL_SCALED,40,30
2022-10-28,3.1365764712366113,O1,VOL_SCALED,40,30
2022-10-31,3.1978035670017606,O1,VOL_SCALED,40,30
2022-11-01,3.3119091692679374,O1,VOL_SCALED,40,30
2022-11-02,3.3127379624266196,O1,VOL_SCALED,40,30
2022-11-03,3.3805343628087017,O1,VOL_SCALED,40,30
2022-11-04,3.463779573656745,O1,VOL_SCALED,40,30
2022-11-07,3.488994371876726,O1,VOL_SCALED,40,30
2022-11-08,3.5527444363340157,O1,VOL_SCALED,40,30
2022-11-09,3.7173994836812034,O1,VOL_SCALED,40,30
2022-11-10,3.7578179639077027,O1,VOL_SCALED,40,30
2022-11-11,3.8808562710085184,O1,VOL_SCALED,40,30
2022-02-21,1.0,O1,VOL_SCALED,40,50
2022-02-22,0.9985077207298482,O1,VOL_SCALED,40,50
2022-02-23,0.9985952201093683,O1,VOL_SCALED,40,50
2022-02-24,0.9143593852836063,O1,VOL_SCALED,40,50
2022-02-25,0.9761842615185595,O1,VOL_SCALED,40,50
2022-02-28,0.9677673103103075,O1,VOL_SCALED,40,50
2022-03-01,0.9883012727315065,O1,VOL_SCALED,40,50
2022-03-02,1.0083238756581234,O1,VOL_SCALED,40,50
2022-03-03,1.0363326917800029,O1,VOL_SCALED,40,50
2022-03-04,1.0217569525884258,O1,VOL_SCALED,40,50
2022-03-07,1.0340041609493702,O1,VOL_SCALED,40,50
2022-03-08,1.0433690562076199,O1,VOL_SCALED,40,50
2022-03-09,1.0723257019615287,O1,VOL_SCALED,40,50
2022-03-10,1.0837967721385682,O1,VOL_SCALED,40,50
2022-03-11,1.0837091983933673,O1,VOL_SCALED,40,50
2022-03-14,1.1027725492885987,O1,VOL_SCALED,40,50
2022-03-15,1.1059558093549267,O1,VOL_SCALED,40,50
2022-03-16,1.10917732307408,O1,VOL_SCALED,40,50
2022-03-17,1.1317616051708252,O1,VOL_SCALED,40,50
2022-03-18,1.1450302481756012,O1,VOL_SCALED,40,50
2022-03-21,1.1685675074848638,O1,VOL_SCALED,40,50
2022-03-22,1.199649027249245,O1,VOL_SCALED,40,50
2022-03-23,1.1986633733168066,O1,VOL_SCALED,40,50
2022-03-24,1.2028939619163959,O1,VOL_SCALED,40,50
2022-03-25,1.2061416418411706,O1,VOL_SCALED,40,50
2022-03-28,1.2146816898945505,O1,VOL_SCALED,40,50
2022-03-29,1.2511247175454727,O1,VOL_SCALED,40,50
2022-03-30,1.262862947917132,O1,VOL_SCALED,40,50
2022-03-31,1.2785305557413136,O1,VOL_SCALED,40,50
2022-04-01,1.2834944852085914,O1,VOL_SCALED,40,50
2022-04-04,1.3178718850116435,O1,VOL_SCALED,40,50
2022-04-05,1.3459587102213164,O1,VOL_SCALED,40,50
2022-04-06,1.3657610183534614,O1,VOL_SCALED,40,50
2022-04-07,1.4080058296680062,O1,VOL_SCALED,40,50
2022-04-08,1.4442600806710768,O1,VOL_SCALED,40,50
2022-04-11,1.4723066169925951,O1,VOL_SCALED,40,50
2022-04-12,1.4507861693593873,O1,VOL_SCALED,40,50
2022-04-13,1.433819758609271,O1,VOL_SCALED,40,50
2022-04-14,1.4154121105924673,O1,VOL_SCALED,40,50
2022-04-15,1.442862132244845,O1,VOL_SCALED,40,50
2022-04-18,1.4314348502716345,O1,VOL_SCALED,40,50
2022-04-19,1.4228185217463798,O1,VOL_SCALED,40,50
2022-04-20,1.4245024823285601,O1,VOL_SCALED,40,50
2022-04-21,1.4405219346363591,O1,VOL_SCALED,40,50
2022-04-22,1.39946375952007,O1,VOL_SCALED,40,50
2022-04-25,1.4014753572444019,O1,VOL_SCALED,40,50
2022-04-26,1.3923568953346457,O1,VOL_SCALED,40,50
2022-04-27,1.421240642295964,O1,VOL_SCALED,40,50
2022-04-28,1.4118935116248064,O1,VOL_SCALED,40,50
2022-04-29,1.4242502012572698,O1,VOL_SCALED,40,50
2022-05-05,1.4531217124796056,O1,VOL_SCALED,40,50
2022-05-06,1.4412289635477196,O1,VOL_SCALED,40,50
2022-05-09,1.4564747194822765,O1,VOL_SCALED,40,50
2022-05-10,1.467436294159433,O1,VOL_SCALED,40,50
2022-05-11,1.4641864366413606,O1,VOL_SCALED,40,50
2022-05-12,1.4381026143077271,O1,VOL_SCALED,40,50
2022-05-13,1.4721072095958165,O1,VOL_SCALED,40,50
2022-05-16,1.4660964733796336,O1,VOL_SCALED,40,50
2022-05-17,1.4727454923876762,O1,VOL_SCALED,40,50
2022-05-18,1.4768191179152863,O1,VOL_SCALED,40,50
2022-05-20,1.4770772203705937,O1,VOL_SCALED,40,50
2022-05-23,1.4932130311175933,O1,VOL_SCALED,40,50
2022-05-24,1.5039925605830817,O1,VOL_SCALED,40,50
2022-05-25,1.5181722039778585,O1,VOL_SCALED,40,50
2022-05-26,1.5363114908472564,O1,VOL_SCALED,40,50
2022-05-27,1.5236825571896981,O1,VOL_SCALED,40,50
2022-05-30,1.5880792285317344,O1,VOL_SCALED,40,50
2022-05-31,1.617942512021902,O1,VOL_SCALED,40,50
2022-06-01,1.63383877239969,O1,VOL_SCALED,40,50
2022-06-02,1.6498575945617149,O1,VOL_SCALED,40,50
2022-06-03,1.657731734099864,O1,VOL_SCALED,40,50
2022-06-06,1.6765702480312594,O1,VOL_SCALED,40,50
2022-06-07,1.6761881672915377,O1,VOL_SCALED,40,50
2022-06-08,1.5949824194610154,O1,VOL_SCALED,40,50
2022-06-09,1.6181341524377442,O1,VOL_SCALED,40,50
2022-06-10,1.6008601901876987,O1,VOL_SCALED,40,50
2022-06-13,1.5907742667511695,O1,VOL_SCALED,40,50
2022-06-14,1.579938920484162,O1,VOL_SCALED,40,50
2022-06-15,1.6222507321022839,O1,VOL_SCALED,40,50
2022-06-16,1.6096961903216132,O1,VOL_SCALED,40,50
2022-06-17,1.6183465866652162,O1,VOL_SCALED,40,50
2022-06-20,1.6225397504449033,O1,VOL_SCALED,40,50
2022-06-21,1.6497679405779753,O1,VOL_SCALED,40,50
2022-06-22,1.6568737541986913,O1,VOL_SCALED,40,50
2022-06-23,1.6555082827067533,O1,VOL_SCALED,40,50
2022-06-24,1.6807116043674222,O1,VOL_SCALED,40,50
2022-06-27,1.6568727936505687,O1,VOL_SCALED,40,50
2022-06-28,1.6243072789069763,O1,VOL_SCALED,40,50
2022-06-29,1.5815905810589501,O1,VOL_SCALED,40,50
2022-06-30,1.6001443396082684,O1,VOL_SCALED,40,50
2022-07-01,1.6167906166338586,O1,VOL_SCALED,40,50
2022-07-04,1.5824347697210528,O1,VOL_SCALED,40,50
2022-07-05,1.5865880774475793,O1,VOL_SCALED,40,50
2022-07-06,1.6124047760547515,O1,VOL_SCALED,40,50
2022-07-07,1.6421672685055684,O1,VOL_SCALED,40,50
2022-07-08,1.6506316295462538,O1,VOL_SCALED,40,50
2022-07-13,1.6649047834446613,O1,VOL_SCALED,40,50
2022-07-14,1.6781558621724537,O1,VOL_SCALED,40,50
2022-07-18,1.7056820710828773,O1,VOL_SCALED,40,50
2022-07-19,1.7315149224102064,O1,VOL_SCALED,40,50
2022-07-20,1.7275288894296728,O1,VOL_SCALED,40,50
2022-07-21,1.7263900269271983,O1,VOL_SCALED,40,50
2022-07-22,1.7292383409788747,O1,VOL_SCALED,40,50
2022-07-25,1.7452327210085388,O1,VOL_SCALED,40,50
2022-07-26,1.7428971922187575,O1,VOL_SCALED,40,50
2022-07-27,1.764308441483511,O1,VOL_SCALED,40,50
2022-07-28,1.7823654862953326,O1,VOL_SCALED,40,50
2022-07-29,1.8209466354613288,O1,VOL_SCALED,40,50
2022-08-01,1.8856902571423182,O1,VOL_SCALED,40,50
2022-08-02,1.920946066986976,O1,VOL_SCALED,40,50
2022-08-03,1.9456960231834648,O1,VOL_SCALED,40,50
2022-08-04,1.948184842405105,O1,VOL_SCALED,40,50
2022-08-05,1.9856362253644078,O1,VOL_SCALED,40,50
2022-08-08,2.0209851708070072,O1,VOL_SCALED,40,50
2022-08-09,2.0244564097445004,O1,VOL_SCALED,40,50
2022-08-10,2.0322019406896783,O1,VOL_SCALED,40,50
2022-08-11,2.058734099584269,O1,VOL_SCALED,40,50
2022-08-12,2.0535891375796944,O1,VOL_SCALED,40,50
2022-08-15,2.056465701641531,O1,VOL_SCALED,40,50
2022-08-16,2.106017963754789,O1,VOL_SCALED,40,50
2022-08-17,2.1463984750181537,O1,VOL_SCALED,40,50
2022-08-18,2.1226793171759657,O1,VOL_SCALED,40,50
2022-08-19,2.163831068095277,O1,VOL_SCALED,40,50
2022-08-22,2.2108398090839083,O1,VOL_SCALED,40,50
2022-08-23,2.23438815343921,O1,VOL_SCALED,40,50
2022-08-24,2.2339160614779807,O1,VOL_SCALED,40,50
2022-08-25,2.27304309655021,O1,VOL_SCALED,40,50
2022-08-26,2.23274544643102,O1,VOL_SCALED,40,50
2022-08-29,2.2143623108625956,O1,VOL_SCALED,40,50
2022-08-31,2.2183074005146137,O1,VOL_SCALED,40,50
2022-09-01,2.21208938296177,O1,VOL_SCALED,40,50
2022-09-02,2.203497069668051,O1,VOL_SCALED,40,50
2022-09-05,2.2274002169908367,O1,VOL_SCALED,40,50
2022-09-06,2.2024472698081317,O1,VOL_SCALED,40,50
2022-09-07,2.1908819148658836,O1,VOL_SCALED,40,50
2022-09-08,2.214576750581184,O1,VOL_SCALED,40,50
2022-09-09,2.2240394883538634,O1,VOL_SCALED,40,50
2022-09-12,2.2815859794360502,O1,VOL_SCALED,40,50
2022-09-13,2.184987501240132,O1,VOL_SCALED,40,50
2022-09-14,2.2579508168183215,O1,VOL_SCALED,40,50
2022-09-15,2.260524981088897,O1,VOL_SCALED,40,50
2022-09-16,2.2921172966601207,O1,VOL_SCALED,40,50
2022-09-19,2.244225258029336,O1,VOL_SCALED,40,50
2022-09-20,2.275417539598179,O1,VOL_SCALED,40,50
2022-09-21,2.2588482211332113,O1,VOL_SCALED,40,50
2022-09-22,2.30463709533927,O1,VOL_SCALED,40,50
2022-09-23,2.3400967534430532,O1,VOL_SCALED,40,50
2022-09-26,2.360622222459274,O1,VOL_SCALED,40,50
2022-09-27,2.3756847237380487,O1,VOL_SCALED,40,50
2022-09-28,2.385825517607486,O1,VOL_SCALED,40,50
2022-09-29,2.308712961522689,O1,VOL_SCALED,40,50
2022-09-30,2.413478740953266,O1,VOL_SCALED,40,50
2022-10-03,2.4869222993155238,O1,VOL_SCALED,40,50
2022-10-04,2.6029450012663915,O1,VOL_SCALED,40,50
2022-10-05,2.6503194671972685,O1,VOL_SCALED,40,50
2022-10-06,2.6648121090424715,O1,VOL_SCALED,40,50
2022-10-07,2.7128785444837895,O1,VOL_SCALED,40,50
2022-10-10,2.74881897377544,O1,VOL_SCALED,40,50
2022-10-11,2.713585040104353,O1,VOL_SCALED,40,50
2022-10-12,2.755802229940016,O1,VOL_SCALED,40,50
2022-10-13,2.8611056161471606,O1,VOL_SCALED,40,50
2022-10-14,2.910706754200587,O1,VOL_SCALED,40,50
2022-10-17,3.024733743834818,O1,VOL_SCALED,40,50
2022-10-18,2.9815409773129735,O1,VOL_SCALED,40,50
2022-10-19,2.971298854629246,O1,VOL_SCALED,40,50
2022-10-20,2.999191056445895,O1,VOL_SCALED,40,50
2022-10-21,3.01735549063506,O1,VOL_SCALED,40,50
2022-10-24,3.065427236563658,O1,VOL_SCALED,40,50
2022-10-25,3.0676770199743264,O1,VOL_SCALED,40,50
2022-10-26,3.113251978906845,O1,VOL_SCALED,40,50
2022-10-27,3.1516682860624656,O1,VOL_SCALED,40,50
2022-10-28,3.1249555282448322,O1,VOL_SCALED,40,50
2022-10-31,3.1860256169315697,O1,VOL_SCALED,40,50
2022-11-01,3.299838613660635,O1,VOL_SCALED,40,50
2022-11-02,3.3006652815120354,O1,VOL_SCALED,40,50
2022-11-03,3.3682878288864293,O1,VOL_SCALED,40,50
2022-11-04,3.451319570727269,O1,VOL_SCALED,40,50
2022-11-07,3.476469709636665,O1,VOL_SCALED,40,50
2022-11-08,3.5400562972665157,O1,VOL_SCALED,40,50
2022-11-09,3.704289113122784,O1,VOL_SCALED,40,50
2022-11-10,3.7446039466318473,O1,VOL_SCALED,40,50
2022-11-11,3.867326741705035,O1,VOL_SCALED,40,50
2022-02-21,1.0,O1,VOL_SCALED,40,100
2022-02-22,0.9935077207298482,O1,VOL_SCALED,40,100
2022-02-23,0.9935952201093684,O1,VOL_SCALED,40,100
2022-02-24,0.9093593852836064,O1,VOL_SCALED,40,100
2022-02-25,0.9711842615185595,O1,VOL_SCALED,40,100
2022-02-28,0.9627673103103074,O1,VOL_SCALED,40,100
2022-03-01,0.9833012727315065,O1,VOL_SCALED,40,100
2022-03-02,1.0033238756581235,O1,VOL_SCALED,40,100
2022-03-03,1.0313326917800028,O1,VOL_SCALED,40,100
2022-03-04,1.016756952588426,O1,VOL_SCALED,40,100
2022-03-07,1.0290041609493703,O1,VOL_SCALED,40,100
2022-03-08,1.0383690562076198,O1,VOL_SCALED,40,100
2022-03-09,1.0673257019615288,O1,VOL_SCALED,40,100
2022-03-10,1.078796772138568,O1,VOL_SCALED,40,100
2022-03-11,1.0787091983933674,O1,VOL_SCALED,40,100
2022-03-14,1.0977725492885988,O1,VOL_SCALED,40,100
2022-03-15,1.1009558093549268,O1,VOL_SCALED,40,100
2022-03-16,1.10417732307408,O1,VOL_SCALED,40,100
2022-03-17,1.1267616051708251,O1,VOL_SCALED,40,100
2022-03-18,1.140030248175601,O1,VOL_SCALED,40,100
2022-03-21,1.163567507484864,O1,VOL_SCALED,40,100
2022-03-22,1.1946490272492447,O1,VOL_SCALED,40,100
2022-03-23,1.1936633733168065,O1,VOL_SCALED,40,100
2022-03-24,1.1978939619163957,O1,VOL_SCALED,40,100
2022-03-25,1.2011416418411707,O1,VOL_SCALED,40,100
2022-03-28,1.2096816898945506,O1,VOL_SCALED,40,100
2022-03-29,1.2461247175454726,O1,VOL_SCALED,40,100
2022-03-30,1.2578629479171322,O1,VOL_SCALED,40,100
2022-03-31,1.2735305557413137,O1,VOL_SCALED,40,100
2022-04-01,1.2784944852085915,O1,VOL_SCALED,40,100
2022-04-04,1.3128718850116436,O1,VOL_SCALED,40,100
2022-04-05,1.3409587102213165,O1,VOL_SCALED,40,100
2022-04-06,1.3607610183534615,O1,VOL_SCALED,40,100
2022-04-07,1.4030058296680061,O1,VOL_SCALED,40,100
2022-04-08,1.439260080671077,O1,VOL_SCALED,40,100
2022-04-11,1.467306616992595,O1,VOL_SCALED,40,100
2022-04-12,1.445786169359387,O1,VOL_SCALED,40,100
2022-04-13,1.4288197586092706,O1,VOL_SCALED,40,100
2022-04-14,1.4104121105924672,O1,VOL_SCALED,40,100
2022-04-15,1.437862132244845,O1,VOL_SCALED,40,100
2022-04-18,1.4264348502716344,O1,VOL_SCALED,40,100
2022-04-19,1.41781852174638,O1,VOL_SCALED,40,100
2022-04-20,1.4195024823285602,O1,VOL_SCALED,40,100
2022-04-21,1.435521934636359,O1,VOL_SCALED,40,100
2022-04-22,1.3944637595200702,O1,VOL_SCALED,40,100
2022-04-25,1.396475357244402,O1,VOL_SCALED,40,100
2022-04-26,1.3873568953346458,O1,VOL_SCALED,40,100
2022-04-27,1.416240642295964,O1,VOL_SCALED,40,100
2022-04-28,1.4068935116248065,O1,VOL_SCALED,40,100
2022-04-29,1.4192502012572699,O1,VOL_SCALED,40,100
2022-05-05,1.4481217124796057,O1,VOL_SCALED,40,100
2022-05-06,1.4362289635477197,O1,VOL_SCALED,40,100
2022-05-09,1.4514747194822766,O1,VOL_SCALED,40,100
2022-05-10,1.4624362941594327,O1,VOL_SCALED,40,100
2022-05-11,1.4591864366413605,O1,VOL_SCALED,40,100
2022-05-12,1.433102614307727,O1,VOL_SCALED,40,100
2022-05-13,1.4671072095958164,O1,VOL_SCALED,40,100
2022-05-16,1.4610964733796337,O1,VOL_SCALED,40,100
2022-05-17,1.4677454923876763,O1,VOL_SCALED,40,100
2022-05-18,1.4718191179152864,O1,VOL_SCALED,40,100
2022-05-20,1.4720772203705934,O1,VOL_SCALED,40,100
2022-05-23,1.4815994696059298,O1,VOL_SCALED,40,100
2022-05-24,1.4923428428132919,O1,VOL_SCALED,40,100
2022-05-25,1.506474925426462,O1,VOL_SCALED,40,100
2022-05-26,1.5245533702395913,O1,VOL_SCALED,40,100
2022-05-27,1.5119667960362797,O1,VOL_SCALED,40,100
2022-05-30,1.5761474706894987,O1,VOL_SCALED,40,100
2022-05-31,1.6059105879720552,O1,VOL_SCALED,40,100
2022-06-01,1.6217535297615588,O1,VOL_SCALED,40,100
2022-06-02,1.6377186222435611,O1,VOL_SCALED,40,100
2022-06-03,1.6455663506639908,O1,VOL_SCALED,40,100
2022-06-06,1.664341677220222,O1,VOL_SCALED,40,100
2022-06-07,1.6639608780401363,O1,VOL_SCALED,40,100
2022-06-08,1.5830275072172877,O1,VOL_SCALED,40,100
2022-06-09,1.6061015855954301,O1,VOL_SCALED,40,100
2022-06-10,1.5888855629651046,O1,VOL_SCALED,40,100
2022-06-13,1.5788334693216457,O1,VOL_SCALED,40,100
2022-06-14,1.5680344665312047,O1,VOL_SCALED,40,100
2022-06-15,1.6102043575963398,O1,VOL_SCALED,40,100
2022-06-16,1.5976919257477158,O1,VOL_SCALED,40,100
2022-06-17,1.60631330728468,O1,VOL_SCALED,40,100
2022-06-20,1.6104924065254211,O1,VOL_SCALED,40,100
2022-06-21,1.6376292689735574,O1,VOL_SCALED,40,100
2022-06-22,1.644711248564013,O1,VOL_SCALED,40,100
2022-06-23,1.6433503570808674,O1,VOL_SCALED,40,100
2022-06-24,1.668469142787853,O1,VOL_SCALED,40,100
2022-06-27,1.6447102912377218,O1,VOL_SCALED,40,100
2022-06-28,1.6122540064156095,O1,VOL_SCALED,40,100
2022-06-29,1.5696805871734503,O1,VOL_SCALED,40,100
2022-06-30,1.5881721134624935,O1,VOL_SCALED,40,100
2022-07-01,1.6047625562245464,O1,VOL_SCALED,40,100
2022-07-04,1.5705219442923695,O1,VOL_SCALED,40,100
2022-07-05,1.5746613211634983,O1,VOL_SCALED,40,100
2022-07-06,1.6003914264530485,O1,VOL_SCALED,40,100
2022-07-07,1.6300540907654484,O1,VOL_SCALED,40,100
2022-07-08,1.6384900609915214,O1,VOL_SCALED,40,100
2022-07-13,1.6527153404592043,O1,VOL_SCALED,40,100
2022-07-14,1.6659219729591277,O1,VOL_SCALED,40,100
2022-07-18,1.6933558545821872,O1,VOL_SCALED,40,100
2022-07-19,1.719102058413098,O1,VOL_SCALED,40,100
2022-07-20,1.7151293952218314,O1,VOL_SCALED,40,100
2022-07-21,1.713994352645518,O1,VOL_SCALED,40,100
2022-07-22,1.7168331129983607,O1,VOL_SCALED,40,100
2022-07-25,1.7327738453308053,O1,VOL_SCALED,40,100
2022-07-26,1.7304461502764443,O1,VOL_SCALED,40,100
2022-07-27,1.751785582802099,O1,VOL_SCALED,40,100
2022-07-28,1.7697820614106072,O1,VOL_SCALED,40,100
2022-07-29,1.808233803259472,O1,VOL_SCALED,40,100
2022-08-01,1.872760264524966,O1,VOL_SCALED,40,100
2022-08-02,1.9078978207700308,O1,VOL_SCALED,40,100
2022-08-03,1.9325647616727875,O1,VOL_SCALED,40,100
2022-08-04,1.9350452329984924,O1,VOL_SCALED,40,100
2022-08-05,1.9723709980564,O1,VOL_SCALED,40,100
2022-08-08,2.0076013775077817,O1,VOL_SCALED,40,100
2022-08-09,2.0110609733571936,O1,VOL_SCALED,40,100
2022-08-10,2.01878052455835,O1,VOL_SCALED,40,100
2022-08-11,2.0452236903676004,O1,VOL_SCALED,40,100
2022-08-12,2.0400959853847613,O1,VOL_SCALED,40,100
2022-08-15,2.0429629009927326,O1,VOL_SCALED,40,100
2022-08-16,2.0923489569292304,O1,VOL_SCALED,40,100
2022-08-17,2.1325940255284963,O1,VOL_SCALED,40,100
2022-08-18,2.1001270410642716,O1,VOL_SCALED,40,100
2022-08-19,2.1410144299303253,O1,VOL_SCALED,40,100
2022-08-22,2.1877211831052867,O1,VOL_SCALED,40,100
2022-08-23,2.211118251062245,O1,VOL_SCALED,40,100
2022-08-24,2.210649191856547,O1,VOL_SCALED,40,100
2022-08-25,2.2495248718078273,O1,VOL_SCALED,40,100
2022-08-26,2.209486096931828,O1,VOL_SCALED,40,100
2022-08-29,2.191221056058176,O1,VOL_SCALED,40,100
2022-08-31,2.195140802146983,O1,VOL_SCALED,40,100
2022-09-01,2.188962729623226,O1,VOL_SCALED,40,100
2022-09-02,2.1804256140193696,O1,VOL_SCALED,40,100
2022-09-05,2.2041752056619135,O1,VOL_SCALED,40,100
2022-09-06,2.1793825581555213,O1,VOL_SCALED,40,100
2022-09-07,2.1678914999542593,O1,VOL_SCALED,40,100
2022-09-08,2.19143411819931,O1,VOL_SCALED,40,100
2022-09-09,2.200836066607475,O1,VOL_SCALED,40,100
2022-09-12,2.2580128745485952,O1,VOL_SCALED,40,100
2022-09-13,2.1620349525007616,O1,VOL_SCALED,40,100
2022-09-14,2.234529546056489,O1,VOL_SCALED,40,100
2022-09-15,2.2370871736952864,O1,VOL_SCALED,40,100
2022-09-16,2.2684765377705225,O1,VOL_SCALED,40,100
2022-09-19,2.2208921613262618,O1,VOL_SCALED,40,100
2022-09-20,2.251884061248708,O1,VOL_SCALED,40,100
2022-09-21,2.2354211853761603,O1,VOL_SCALED,40,100
2022-09-22,2.2809159082877772,O1,VOL_SCALED,40,100
2022-09-23,2.316147770785913,O1,VOL_SCALED,40,100
2022-09-26,2.3365413825904238,O1,VOL_SCALED,40,100
2022-09-27,2.35150712118775,O1,VOL_SCALED,40,100
2022-09-28,2.361582769807493,O1,VOL_SCALED,40,100
2022-09-29,2.2849655907893607,O1,VOL_SCALED,40,100
2022-09-30,2.3890583466925617,O1,VOL_SCALED,40,100
2022-10-03,2.4620300979153074,O1,VOL_SCALED,40,100
2022-10-04,2.577307460991716,O1,VOL_SCALED,40,100
2022-10-05,2.6243775896634074,O1,VOL_SCALED,40,100
2022-10-06,2.63877712964855,O1,VOL_SCALED,40,100
2022-10-07,2.686534782564649,O1,VOL_SCALED,40,100
2022-10-10,2.722244327739093,O1,VOL_SCALED,40,100
2022-10-11,2.6872367396023162,O1,VOL_SCALED,40,100
2022-10-12,2.7291827229221353,O1,VOL_SCALED,40,100
2022-10-13,2.8338096319740957,O1,VOL_SCALED,40,100
2022-10-14,2.8830921284531845,O1,VOL_SCALED,40,100
2022-10-17,2.9963865998243264,O1,VOL_SCALED,40,100
2022-10-18,2.9534713069989467,O1,VOL_SCALED,40,100
2022-10-19,2.9432949805091093,O1,VOL_SCALED,40,100
2022-10-20,2.9710080006487365,O1,VOL_SCALED,40,100
2022-10-21,2.9890557450978235,O1,VOL_SCALED,40,100
2022-10-24,3.036818674386219,O1,VOL_SCALED,40,100
2022-10-25,3.0390540050130195,O1,VOL_SCALED,40,100
2022-10-26,3.084336186859475,O1,VOL_SCALED,40,100
2022-10-27,3.1225057046656426,O1,VOL_SCALED,40,100
2022-10-28,3.095964551684914,O1,VOL_SCALED,40,100
2022-10-31,3.1566423213651165,O1,VOL_SCALED,40,100
2022-11-01,3.2697241745381835,O1,VOL_SCALED,40,100
2022-11-02,3.270545531810917,O1,VOL_SCALED,40,100
2022-11-03,3.3377336666737882,O1,VOL_SCALED,40,100
2022-11-04,3.4202320061376144,O1,VOL_SCALED,40,100
2022-11-07,3.445220578595687,O1,VOL_SCALED,40,100
2022-11-08,3.5083986810337797,O1,VOL_SCALED,40,100
2022-11-09,3.671576452488725,O1,VOL_SCALED,40,100
2022-11-10,3.711632300367162,O1,VOL_SCALED,40,100
2022-11-11,3.833566714645796,O1,VOL_SCALED,40,100
2023-02-02,1.0,O2,RAW,40,0
2023-02-03,1.039370311933753,O2,RAW,40,0
2023-02-06,1.0098477919814999,O2,RAW,40,0
2023-02-07,0.9105362153709997,O2,RAW,40,0
2023-02-08,0.8287483975627459,O2,RAW,40,0
2023-02-15,0.9926308926801368,O2,RAW,40,0
2023-02-16,0.9732648506941122,O2,RAW,40,0
2023-02-17,0.9842706563710096,O2,RAW,40,0
2023-02-20,1.038524958499744,O2,RAW,40,0
2023-02-21,1.045043532648106,O2,RAW,40,0
2023-02-22,1.0402713278668931,O2,RAW,40,0
2023-02-23,1.0743279876525982,O2,RAW,40,0
2023-02-24,1.0660976858370044,O2,RAW,40,0
2023-02-27,1.0895235733826436,O2,RAW,40,0
2023-02-28,1.0984163609708741,O2,RAW,40,0
2023-03-01,1.1132560064517358,O2,RAW,40,0
2023-03-02,1.0991257728165293,O2,RAW,40,0
2023-03-03,1.0769235159511639,O2,RAW,40,0
2023-03-06,1.1085278910323837,O2,RAW,40,0
2023-03-07,1.106743812921593,O2,RAW,40,0
2023-03-08,1.083865531783747,O2,RAW,40,0
2023-03-09,1.0917143396343507,O2,RAW,40,0
2023-03-10,1.080895062083936,O2,RAW,40,0
2023-03-13,1.0612182189864434,O2,RAW,40,0
2023-03-14,1.0229861304550791,O2,RAW,40,0
2023-03-15,0.9915870574739183,O2,RAW,40,0
2023-03-16,1.0172955231220877,O2,RAW,40,0
2023-03-17,1.0219325255784286,O2,RAW,40,0
2023-03-20,0.9800364490770263,O2,RAW,40,0
2023-03-21,0.9642209727145319,O2,RAW,40,0
2023-03-22,0.9816248812894949,O2,RAW,40,0
2023-03-23,1.0007128911318712,O2,RAW,40,0
2023-03-24,0.9902395752358287,O2,RAW,40,0
2023-03-27,0.97614364851882,O2,RAW,40,0
2023-03-28,0.9197673427882228,O2,RAW,40,0
2023-03-29,0.9380692871576202,O2,RAW,40,0
2023-03-30,0.9269285483113713,O2,RAW,40,0
2023-03-31,0.9040992600564544,O2,RAW,40,0
2023-04-03,0.908783340968825,O2,RAW,40,0
2023-04-04,0.9372768998614545,O2,RAW,40,0
2023-04-05,0.9289555704156888,O2,RAW,40,0
2023-04-06,0.9340206645660494,O2,RAW,40,0
2023-04-07,0.958570014519881,O2,RAW,40,0
2023-04-10,1.0198047171044327,O2,RAW,40,0
2023-04-11,1.0298170340745463,O2,RAW,40,0
2023-04-12,1.0141720028975925,O2,RAW,40,0
2023-04-13,1.0250696185842827,O2,RAW,40,0
2023-04-14,1.0124103624567218,O2,RAW,40,0
2023-04-17,1.0020099258976716,O2,RAW,40,0
2023-04-18,0.9838364508223171,O2,RAW,40,0
2023-04-19,0.9992719235034263,O2,RAW,40,0
2023-04-20,0.9856937478377056,O2,RAW,40,0
2023-04-24,0.9857402550805034,O2,RAW,40,0
2023-04-25,0.9616488473742361,O2,RAW,40,0
2023-04-26,0.9439064449631719,O2,RAW,40,0
2023-04-27,0.9528616870366554,O2,RAW,40,0
2023-04-28,0.9158283879101504,O2,RAW,40,0
2023-05-02,0.8736358973895106,O2,RAW,40,0
2023-05-03,0.8452070876292134,O2,RAW,40,0
2023-05-04,0.8545545324811759,O2,RAW,40,0
2023-05-05,0.8396901615556907,O2,RAW,40,0
2023-05-08,0.8480895837964963,O2,RAW,40,0
2023-05-09,0.8346817709531932,O2,RAW,40,0
2023-05-10,0.8361017197480439,O2,RAW,40,0
2023-05-11,0.8833308098513151,O2,RAW,40,0
2023-05-12,0.8604021782400372,O2,RAW,40,0
2023-05-15,0.8411374976555015,O2,RAW,40,0
2023-05-16,0.8889351284009296,O2,RAW,40,0
2023-05-17,0.9211562383072655,O2,RAW,40,0
2023-05-18,0.8829390591157997,O2,RAW,40,0
2023-05-22,0.9004833075827011,O2,RAW,40,0
2023-05-23,0.8995449500764502,O2,RAW,40,0
2023-05-24,0.9068727770162618,O2,RAW,40,0
2023-05-25,0.9132727274232382,O2,RAW,40,0
2023-05-26,0.9433047577758231,O2,RAW,40,0
2023-05-29,0.9918855406939019,O2,RAW,40,0
2023-05-30,1.0212080178414573,O2,RAW,40,0
2023-05-31,1.0356172064392788,O2,RAW,40,0
2023-06-01,1.067202726581921,O2,RAW,40,0
2023-06-02,1.0939535434693788,O2,RAW,40,0
2023-06-05,1.1508865388659395,O2,RAW,40,0
2023-06-06,1.1434205499303043,O2,RAW,40,0
2023-06-07,1.1669833928859357,O2,RAW,40,0
2023-06-08,1.169224759813474,O2,RAW,40,0
2023-06-09,1.2005353254431856,O2,RAW,40,0
2023-06-12,1.1873394846221879,O2,RAW,40,0
2023-06-13,1.1283355240301085,O2,RAW,40,0
2023-06-14,1.1256017895201071,O2,RAW,40,0
2023-06-15,1.1512792999442338,O2,RAW,40,0
2023-06-16,1.158124504536163,O2,RAW,40,0
2023-06-19,1.1070896775327772,O2,RAW,40,0
2023-06-20,1.0932853399936673,O2,RAW,40,0
2023-06-21,1.0727515929808322,O2,RAW,40,0
2023-06-22,1.13680279298164,O2,RAW,40,0
2023-06-23,1.170417821289298,O2,RAW,40,0
2023-06-26,1.2094719771809204,O2,RAW,40,0
2023-06-27,1.2236703366320465,O2,RAW,40,0
2023-07-03,1.2773932260295844,O2,RAW,40,0
2023-07-04,1.2690663987147361,O2,RAW,40,0
2023-07-05,1.2781816996541018,O2,RAW,40,0
2023-07-06,1.290950205175542,O2,RAW,40,0
2023-07-07,1.3192872238310476,O2,RAW,40,0
2023-07-10,1.3579928222789603,O2,RAW,40,0
2023-07-11,1.3612212010850535,O2,RAW,40,0
2023-07-12,1.3645326049481932,O2,RAW,40,0
2023-07-13,1.3686032713061433,O2,RAW,40,0
2023-07-14,1.3856873145324569,O2,RAW,40,0
2023-07-17,1.4309662149832723,O2,RAW,40,0
2023-07-18,1.3813343892230594,O2,RAW,40,0
2023-07-19,1.4221181471644617,O2,RAW,40,0
2023-07-20,1.4710351189784945,O2,RAW,40,0
2023-07-21,1.4805444787065318,O2,RAW,40,0
2023-07-24,1.5112009756038713,O2,RAW,40,0
2023-07-25,1.4689465034668272,O2,RAW,40,0
2023-07-26,1.4940252723600997,O2,RAW,40,0
2023-07-27,1.4920127474133824,O2,RAW,40,0
2023-07-28,1.5275259524167284,O2,RAW,40,0
2023-07-31,1.568870286384709,O2,RAW,40,0
2023-08-01,1.5621259478721596,O2,RAW,40,0
2023-08-02,1.5898237262172896,O2,RAW,40,0
2023-08-03,1.632015496788576,O2,RAW,40,0
2023-08-04,1.662561758610373,O2,RAW,40,0
2023-08-07,1.6932012515965866,O2,RAW,40,0
2023-08-08,1.71778710724658,O2,RAW,40,0
2023-08-09,1.7410500747761772,O2,RAW,40,0
2023-08-10,1.738509383535542,O2,RAW,40,0
2023-08-11,1.8188647552449226,O2,RAW,40,0
2023-08-14,1.845611171087924,O2,RAW,40,0
2023-08-15,1.8160698516986304,O2,RAW,40,0
2023-08-16,1.790630205934135,O2,RAW,40,0
2023-08-17,1.804332380035415,O2,RAW,40,0
2023-08-18,1.744231777967259,O2,RAW,40,0
2023-08-21,1.82183145307828,O2,RAW,40,0
2023-08-22,1.8644796555601568,O2,RAW,40,0
2023-08-23,1.8142469306801274,O2,RAW,40,0
2023-08-24,1.7517183290703422,O2,RAW,40,0
2023-08-25,1.8523913029644583,O2,RAW,40,0
2023-08-28,1.9133002264166734,O2,RAW,40,0
2023-08-29,1.9469862812086067,O2,RAW,40,0
2023-08-31,2.05134135008914,O2,RAW,40,0
2023-09-01,2.1235142399035243,O2,RAW,40,0
2023-09-04,2.2043560005195255,O2,RAW,40,0
2023-09-05,2.2135223340744674,O2,RAW,40,0
2023-09-06,2.2012998156730417,O2,RAW,40,0
2023-09-07,2.260450850802272,O2,RAW,40,0
2023-09-08,2.2064150451677724,O2,RAW,40,0
2023-09-11,2.1553932074640163,O2,RAW,40,0
2023-09-12,2.1874193741604735,O2,RAW,40,0
2023-09-13,2.1731858310037233,O2,RAW,40,0
2023-09-14,2.2468665742930085,O2,RAW,40,0
2023-09-15,2.225950772810105,O2,RAW,40,0
2023-09-18,2.2034433908024824,O2,RAW,40,0
2023-09-19,2.2464855726328405,O2,RAW,40,0
2023-09-20,2.2986019039488683,O2,RAW,40,0
2023-09-21,2.421686389616008,O2,RAW,40,0
2023-09-22,2.508514409716559,O2,RAW,40,0
2023-09-25,2.639986583612267,O2,RAW,40,0
2023-09-26,2.5375153020713928,O2,RAW,40,0
2023-09-27,2.490292675712962,O2,RAW,40,0
2023-09-28,2.4194306456568313,O2,RAW,40,0
2023-09-29,2.3742043302700275,O2,RAW,40,0
2023-10-02,2.458708612074282,O2,RAW,40,0
2023-10-03,2.4762369070702417,O2,RAW,40,0
2023-10-04,2.423933955056973,O2,RAW,40,0
2023-10-05,2.4510729385320595,O2,RAW,40,0
2023-10-06,2.462196481931107,O2,RAW,40,0
2023-10-09,2.3260162333544727,O2,RAW,40,0
2023-10-10,2.4482343446397836,O2,RAW,40,0
2023-10-11,2.428550620785213,O2,RAW,40,0
2023-10-12,2.4474450070000655,O2,RAW,40,0
2023-10-13,2.3907123319773484,O2,RAW,40,0
2023-10-16,2.2784458182943665,O2,RAW,40,0
2023-10-17,2.3983762194174556,O2,RAW,40,0
2023-10-18,2.370339469992979,O2,RAW,40,0
2023-10-19,2.393181416728364,O2,RAW,40,0
2023-10-20,2.299039486822605,O2,RAW,40,0
2023-10-23,2.4124459403499228,O2,RAW,40,0
2023-10-24,2.511068282886802,O2,RAW,40,0
2023-10-25,2.309630174322498,O2,RAW,40,0
2023-10-26,2.470070056950981,O2,RAW,40,0
2023-10-27,2.529939362186523,O2,RAW,40,0
2023-10-30,2.58851896888261,O2,RAW,40,0
2023-02-02,1.0,O2,RAW,40,30
2023-02-03,1.0363703119337528,O2,RAW,40,30
2023-02-06,1.0068477919814998,O2,RAW,40,30
2023-02-07,0.9075362153709998,O2,RAW,40,30
2023-02-08,0.825748397562746,O2,RAW,40,30
2023-02-15,0.9896308926801369,O2,RAW,40,30
2023-02-16,0.9702648506941123,O2,RAW,40,30
2023-02-17,0.9812706563710096,O2,RAW,40,30
2023-02-20,1.0355249584997441,O2,RAW,40,30
2023-02-21,1.0420435326481061,O2,RAW,40,30
2023-02-22,1.037271327866893,O2,RAW,40,30
2023-02-23,1.071327987652598,O2,RAW,40,30
2023-02-24,1.0630976858370043,O2,RAW,40,30
2023-02-27,1.0865235733826437,O2,RAW,40,30
2023-02-28,1.095416360970874,O2,RAW,40,30
2023-03-01,1.110256006451736,O2,RAW,40,30
2023-03-02,1.0961257728165292,O2,RAW,40,30
2023-03-03,1.073923515951164,O2,RAW,40,30
2023-03-06,1.1055278910323836,O2,RAW,40,30
2023-03-07,1.1037438129215928,O2,RAW,40,30
2023-03-08,1.0808655317837468,O2,RAW,40,30
2023-03-09,1.0887143396343506,O2,RAW,40,30
2023-03-10,1.077895062083936,O2,RAW,40,30
2023-03-13,1.0582182189864433,O2,RAW,40,30
2023-03-14,1.0199861304550792,O2,RAW,40,30
2023-03-15,0.9885870574739184,O2,RAW,40,30
2023-03-16,1.014295523122088,O2,RAW,40,30
2023-03-17,1.0189325255784285,O2,RAW,40,30
2023-03-20,0.9770364490770264,O2,RAW,40,30
2023-03-21,0.9612209727145318,O2,RAW,40,30
2023-03-22,0.9786248812894949,O2,RAW,40,30
2023-03-23,0.9977128911318713,O2,RAW,40,30
2023-03-24,0.9872395752358288,O2,RAW,40,30
2023-03-27,0.97314364851882,O2,RAW,40,30
2023-03-28,0.9167673427882228,O2,RAW,40,30
2023-03-29,0.9350692871576203,O2,RAW,40,30
2023-03-30,0.9239285483113714,O2,RAW,40,30
2023-03-31,0.9010992600564545,O2,RAW,40,30
2023-04-03,0.9057833409688251,O2,RAW,40,30
2023-04-04,0.9342768998614545,O2,RAW,40,30
2023-04-05,0.9259555704156889,O2,RAW,40,30
2023-04-06,0.9310206645660494,O2,RAW,40,30
2023-04-07,0.955570014519881,O2,RAW,40,30
2023-04-10,1.0168047171044325,O2,RAW,40,30
2023-04-11,1.0268170340745462,O2,RAW,40,30
2023-04-12,1.0111720028975923,O2,RAW,40,30
2023-04-13,1.0220696185842828,O2,RAW,40,30
2023-04-14,1.0094103624567217,O2,RAW,40,30
2023-04-17,0.9990099258976715,O2,RAW,40,30
2023-04-18,0.9808364508223171,O2,RAW,40,30
2023-04-19,0.9962719235034263,O2,RAW,40,30
2023-04-20,0.9826937478377055,O2,RAW,40,30
2023-04-24,0.9827402550805033,O2,RAW,40,30
2023-04-25,0.9586488473742361,O2,RAW,40,30
2023-04-26,0.940906444963172,O2,RAW,40,30
2023-04-27,0.9498616870366554,O2,RAW,40,30
2023-04-28,0.9128283879101503,O2,RAW,40,30
2023-05-02,0.8706358973895105,O2,RAW,40,30
2023-05-03,0.8422070876292134,O2,RAW,40,30
2023-05-04,0.851554532481176,O2,RAW,40,30
2023-05-05,0.8366901615556908,O2,RAW,40,30
2023-05-08,0.841990409044087,O2,RAW,40,30
2023-05-09,0.8286301764106973,O2,RAW,40,30
2023-05-10,0.8300450862433761,O2,RAW,40,30
2023-05-11,0.8771065748110789,O2,RAW,40,30
2023-05-12,0.8542593098714463,O2,RAW,40,30
2023-05-15,0.8350629937216506,O2,RAW,40,30
2023-05-16,0.8826910053553843,O2,RAW,40,30
2023-05-17,0.9147977724385534,O2,RAW,40,30
2023-05-18,0.876716214278608,O2,RAW,40,30
2023-05-22,0.8941982035959681,O2,RAW,40,30
2023-05-23,0.8932631760323144,O2,RAW,40,30
2023-05-24,0.9005649987648712,O2,RAW,40,30
2023-05-25,0.9069422377134344,O2,RAW,40,30
2023-05-26,0.9368676936138688,O2,RAW,40,30
2023-05-29,0.9852760782537179,O2,RAW,40,30
2023-05-30,1.0144944989355262,O2,RAW,40,30
2023-05-31,1.028852553748428,O2,RAW,40,30
2023-06-01,1.0603259865807697,O2,RAW,40,30
2023-06-02,1.086981873034924,O2,RAW,40,30
2023-06-05,1.1437128307163373,O2,RAW,40,30
2023-06-06,1.1362733362824466,O2,RAW,40,30
2023-06-07,1.1597525619451539,O2,RAW,40,30
2023-06-08,1.1619859749498447,O2,RAW,40,30
2023-06-09,1.1931854289983772,O2,RAW,40,30
2023-06-12,1.1800364161636878,O2,RAW,40,30
2023-06-13,1.1212418425061905,O2,RAW,40,30
2023-06-14,1.1185178091803685,O2,RAW,40,30
2023-06-15,1.1441041980061912,O2,RAW,40,30
2023-06-16,1.1509251110693532,O2,RAW,40,30
2023-06-19,1.1000713909929591,O2,RAW,40,30
2023-06-20,1.0863160408081263,O2,RAW,40,30
2023-06-21,1.0658551617570238,O2,RAW,40,30
2023-06-22,1.1296790637207184,O2,RAW,40,30
2023-06-23,1.1631748026169098,O2,RAW,40,30
2023-06-26,1.2020903673037588,O2,RAW,40,30
2023-06-27,1.2162383411378563,O2,RAW,40,30
2023-07-03,1.2697705845005354,O2,RAW,40,30
2023-07-04,1.2614733065384554,O2,RAW,40,30
2023-07-05,1.2705562600743188,O2,RAW,40,30
2023-07-06,1.2832794540911836,O2,RAW,40,30
2023-07-07,1.3115159133704724,O2,RAW,40,30
2023-07-10,1.350084157536929,O2,RAW,40,30
2023-07-11,1.3533010798181537,O2,RAW,40,30
2023-07-12,1.3566007325259957,O2,RAW,40,30
2023-07-13,1.3606569533392427,O2,RAW,40,30
2023-07-14,1.3776803705430734,O2,RAW,40,30
2023-07-17,1.4227985900824462,O2,RAW,40,30
2023-07-18,1.3733428924287094,O2,RAW,40,30
2023-07-19,1.413981921338867,O2,RAW,40,30
2023-07-20,1.46272530184353,O2,RAW,40,30
2023-07-21,1.4722009157744493,O2,RAW,40,30
2023-07-24,1.5027486221796602,O2,RAW,40,30
2023-07-25,1.4606440981868485,O2,RAW,40,30
2023-07-26,1.4856338702316219,O2,RAW,40,30
2023-07-27,1.4836284871178451,O2,RAW,40,30
2023-07-28,1.5190156666636074,O2,RAW,40,30
2023-07-31,1.5602132822881918,O2,RAW,40,30
2023-08-01,1.5534928773616723,O2,RAW,40,30
2023-08-02,1.5810923647981203,O2,RAW,40,30
2023-08-03,1.623134409733774,O2,RAW,40,30
2023-08-04,1.6504799038555766,O2,RAW,40,30
2023-08-07,1.6809531435529903,O2,RAW,40,30
2023-08-08,1.7054055936221018,O2,RAW,40,30
2023-08-09,1.72854233370855,O2,RAW,40,30
2023-08-10,1.7260154285405096,O2,RAW,40,30
2023-08-11,1.8059347830865047,O2,RAW,40,30
2023-08-14,1.832536069909274,O2,RAW,40,30
2023-08-15,1.803155044996986,O2,RAW,40,30
2023-08-16,1.7778534375732737,O2,RAW,40,30
2023-08-17,1.7914812621574427,O2,RAW,40,30
2023-08-18,1.7317067726250643,O2,RAW,40,30
2023-08-21,1.8088853832882237,O2,RAW,40,30
2023-08-22,1.851302171891052,O2,RAW,40,30
2023-08-23,1.8013420153502073,O2,RAW,40,30
2023-08-24,1.7391527008711307,O2,RAW,40,30
2023-08-25,1.8392794120379006,O2,RAW,40,30
2023-08-28,1.8998578369128145,O2,RAW,40,30
2023-08-29,1.9333611074335335,O2,RAW,40,30
2023-08-31,2.0371499341307477,O2,RAW,40,30
2023-09-01,2.108931205836463,O2,RAW,40,30
2023-09-04,2.1893343100889004,O2,RAW,40,30
2023-09-05,2.198450906100847,O2,RAW,40,30
2023-09-06,2.186294708440518,O2,RAW,40,30
2023-09-07,2.2451247834895476,O2,RAW,40,30
2023-09-08,2.1913821821324078,O2,RAW,40,30
2023-09-11,2.140637194581579,O2,RAW,40,30
2023-09-12,2.1724895837438147,O2,RAW,40,30
2023-09-13,2.158333273371633,O2,RAW,40,30
2023-09-14,2.2316142167719786,O2,RAW,40,30
2023-09-15,2.210811906748806,O2,RAW,40,30
2023-09-18,2.188426652293448,O2,RAW,40,30
2023-09-19,2.231235282469096,O2,RAW,40,30
2023-09-20,2.283068824788408,O2,RAW,40,30
2023-09-21,2.4054854403784667,O2,RAW,40,30
2023-09-22,2.4918423220072365,O2,RAW,40,30
2023-09-25,2.6226011132988116,O2,RAW,40,30
2023-09-26,2.5206858523021203,O2,RAW,40,30
2023-09-27,2.473719461154285,O2,RAW,40,30
2023-09-28,2.4032419363363178,O2,RAW,40,30
2023-09-29,2.3582610239552597,O2,RAW,40,30
2023-10-02,2.4423067761495774,O2,RAW,40,30
2023-10-03,2.459739960671893,O2,RAW,40,30
2023-10-04,2.407720810279953,O2,RAW,40,30
2023-10-05,2.4347125346192744,O2,RAW,40,30
2023-10-06,2.4457757204375343,O2,RAW,40,30
2023-10-09,2.3103344010006746,O2,RAW,40,30
2023-10-10,2.4318893432524367,O2,RAW,40,30
2023-10-11,2.412312425467671,O2,RAW,40,30
2023-10-12,2.43110428864634,O2,RAW,40,30
2023-10-13,2.3746794514135354,O2,RAW,40,30
2023-10-16,2.263022108291251,O2,RAW,40,30
2023-10-17,2.3823017537499833,O2,RAW,40,30
2023-10-18,2.354417134838932,O2,RAW,40,30
2023-10-19,2.377135138636715,O2,RAW,40,30
2023-10-20,2.2835040332889154,O2,RAW,40,30
2023-10-23,2.3962951308154494,O2,RAW,40,30
2023-10-24,2.4943823375782714,O2,RAW,40,30
2023-10-25,2.2940372545432575,O2,RAW,40,30
2023-10-26,2.4536065725656733,O2,RAW,40,30
2023-10-27,2.513151020307717,O2,RAW,40,30
2023-10-30,2.5714127675576894,O2,RAW,40,30
2023-02-02,1.0,O2,RAW,40,50
2023-02-03,1.0343703119337528,O2,RAW,40,50
2023-02-06,1.0048477919814998,O2,RAW,40,50
2023-02-07,0.9055362153709998,O2,RAW,40,50
2023-02-08,0.823748397562746,O2,RAW,40,50
2023-02-15,0.9876308926801369,O2,RAW,40,50
2023-02-16,0.9682648506941123,O2,RAW,40,50
2023-02-17,0.9792706563710096,O2,RAW,40,50
2023-02-20,1.0335249584997441,O2,RAW,40,50
2023-02-21,1.0400435326481061,O2,RAW,40,50
2023-02-22,1.035271327866893,O2,RAW,40,50
2023-02-23,1.069327987652598,O2,RAW,40,50
2023-02-24,1.0610976858370043,O2,RAW,40,50
2023-02-27,1.0845235733826437,O2,RAW,40,50
2023-02-28,1.093416360970874,O2,RAW,40,50
2023-03-01,1.1082560064517362,O2,RAW,40,50
2023-03-02,1.0941257728165292,O2,RAW,40,50
2023-03-03,1.071923515951164,O2,RAW,40,50
2023-03-06,1.1035278910323836,O2,RAW,40,50
2023-03-07,1.1017438129215928,O2,RAW,40,50
2023-03-08,1.0788655317837468,O2,RAW,40,50
2023-03-09,1.0867143396343506,O2,RAW,40,50
2023-03-10,1.075895062083936,O2,RAW,40,50
2023-03-13,1.0562182189864433,O2,RAW,40,50
2023-03-14,1.0179861304550792,O2,RAW,40,50
2023-03-15,0.9865870574739184,O2,RAW,40,50
2023-03-16,1.0122955231220878,O2,RAW,40,50
2023-03-17,1.0169325255784285,O2,RAW,40,50
2023-03-20,0.9750364490770264,O2,RAW,40,50
2023-03-21,0.9592209727145318,O2,RAW,40,50
2023-03-22,0.9766248812894949,O2,RAW,40,50
2023-03-23,0.9957128911318713,O2,RAW,40,50
2023-03-24,0.9852395752358288,O2,RAW,40,50
2023-03-27,0.97114364851882,O2,RAW,40,50
2023-03-28,0.9147673427882228,O2,RAW,40,50
2023-03-29,0.9330692871576203,O2,RAW,40,50
2023-03-30,0.9219285483113714,O2,RAW,40,50
2023-03-31,0.8990992600564545,O2,RAW,40,50
2023-04-03,0.9037833409688251,O2,RAW,40,50
2023-04-04,0.9322768998614546,O2,RAW,40,50
2023-04-05,0.9239555704156889,O2,RAW,40,50
2023-04-06,0.9290206645660494,O2,RAW,40,50
2023-04-07,0.953570014519881,O2,RAW,40,50
2023-04-10,1.0148047171044325,O2,RAW,40,50
2023-04-11,1.0248170340745462,O2,RAW,40,50
2023-04-12,1.0091720028975923,O2,RAW,40,50
2023-04-13,1.0200696185842828,O2,RAW,40,50
2023-04-14,1.0074103624567217,O2,RAW,40,50
2023-04-17,0.9970099258976715,O2,RAW,40,50
2023-04-18,0.9788364508223171,O2,RAW,40,50
2023-04-19,0.9942719235034263,O2,RAW,40,50
2023-04-20,0.9806937478377055,O2,RAW,40,50
2023-04-24,0.9807402550805033,O2,RAW,40,50
2023-04-25,0.956648847374236,O2,RAW,40,50
2023-04-26,0.938906444963172,O2,RAW,40,50
2023-04-27,0.9478616870366554,O2,RAW,40,50
2023-04-28,0.9108283879101503,O2,RAW,40,50
2023-05-02,0.8686358973895105,O2,RAW,40,50
2023-05-03,0.8402070876292134,O2,RAW,40,50
2023-05-04,0.849554532481176,O2,RAW,40,50
2023-05-05,0.8346901615556908,O2,RAW,40,50
2023-05-08,0.8379302925424805,O2,RAW,40,50
2023-05-09,0.8246017800490335,O2,RAW,40,50
2023-05-10,0.8260133305735978,O2,RAW,40,50
2023-05-11,0.8729630847842551,O2,RAW,40,50
2023-05-12,0.8501700642923857,O2,RAW,40,50
2023-05-15,0.831019324432417,O2,RAW,40,50
2023-05-16,0.8785342566583542,O2,RAW,40,50
2023-05-17,0.9105647951927454,O2,RAW,40,50
2023-05-18,0.8725736510538136,O2,RAW,40,50
2023-05-22,0.8900141342714792,O2,RAW,40,50
2023-05-23,0.8890813266695571,O2,RAW,40,50
2023-05-24,0.8963658132639442,O2,RAW,40,50
2023-05-25,0.902727911240232,O2,RAW,40,50
2023-05-26,0.9325823175058995,O2,RAW,40,50
2023-05-29,0.9808757699602619,O2,RAW,40,50
2023-05-30,1.0100248196649058,O2,RAW,40,50
2023-05-31,1.0243487852878612,O2,RAW,40,50
2023-06-01,1.055747493246669,O2,RAW,40,50
2023-06-02,1.0823400927452875,O2,RAW,40,50
2023-06-05,1.1389363586166026,O2,RAW,40,50
2023-06-06,1.1315145271838754,O2,RAW,40,50
2023-06-07,1.1549380079846328,O2,RAW,40,50
2023-06-08,1.1571661183740922,O2,RAW,40,50
2023-06-09,1.1882914980351713,O2,RAW,40,50
2023-06-12,1.1751737038580212,O2,RAW,40,50
2023-06-13,1.1165187214902454,O2,RAW,40,50
2023-06-14,1.113801155620543,O2,RAW,40,50
2023-06-15,1.1393267967141631,O2,RAW,40,50
2023-06-16,1.1461315154248137,O2,RAW,40,50
2023-06-19,1.0953985332997473,O2,RAW,40,50
2023-06-20,1.081675841351099,O2,RAW,40,50
2023-06-21,1.0612635409411515,O2,RAW,40,50
2023-06-22,1.124935910880104,O2,RAW,40,50
2023-06-23,1.1583521235019842,O2,RAW,40,50
2023-06-26,1.197175294052318,O2,RAW,40,50
2023-06-27,1.211289677475063,O2,RAW,40,50
2023-07-03,1.2646948234811695,O2,RAW,40,50
2023-07-04,1.2564172450876014,O2,RAW,40,50
2023-07-05,1.2654786336877968,O2,RAW,40,50
2023-07-06,1.2781716200349447,O2,RAW,40,50
2023-07-07,1.306341039730089,O2,RAW,40,50
2023-07-10,1.3448177143755748,O2,RAW,40,50
2023-07-11,1.3480269989735536,O2,RAW,40,50
2023-07-12,1.351318817577864,O2,RAW,40,50
2023-07-13,1.355365408027976,O2,RAW,40,50
2023-07-14,1.3723484078834847,O2,RAW,40,50
2023-07-17,1.4173595068152296,O2,RAW,40,50
2023-07-18,1.368021227899143,O2,RAW,40,50
2023-07-19,1.4085637707884708,O2,RAW,40,50
2023-07-20,1.4571914237535535,O2,RAW,40,50
2023-07-21,1.4666445404863944,O2,RAW,40,50
2023-07-24,1.4971197198968527,O2,RAW,40,50
2023-07-25,1.4551151613335294,O2,RAW,40,50
2023-07-26,1.4800456021459703,O2,RAW,40,50
2023-07-27,1.4780449802541533,O2,RAW,40,50
2023-07-28,1.5133481428281936,O2,RAW,40,50
2023-07-31,1.5544479462238472,O2,RAW,40,50
2023-08-01,1.5477434970213475,O2,RAW,40,50
2023-08-02,1.575277457185341,O2,RAW,40,50
2023-08-03,1.6172196850305725,O2,RAW,40,50
2023-08-04,1.642445567679364,O2,RAW,40,50
2023-08-07,1.6728080835620416,O2,RAW,40,50
2023-08-08,1.6971716862168904,O2,RAW,40,50
2023-08-09,1.720224359491002,O2,RAW,40,50
2023-08-10,1.7177066357747028,O2,RAW,40,50
2023-08-11,1.79733560518625,O2,RAW,40,50
2023-08-14,1.8238402368458937,O2,RAW,40,50
2023-08-15,1.794565967211071,O2,RAW,40,50
2023-08-16,1.769356292595315,O2,RAW,40,50
2023-08-17,1.7829346007926639,O2,RAW,40,50
2023-08-18,1.7233773004915807,O2,RAW,40,50
2023-08-21,1.8002754844500788,O2,RAW,40,50
2023-08-22,1.8425381526282467,O2,RAW,40,50
2023-08-23,1.7927595251657649,O2,RAW,40,50
2023-08-24,1.7307961741288214,O2,RAW,40,50
2023-08-25,1.8305590771961744,O2,RAW,40,50
2023-08-28,1.8909173917592381,O2,RAW,40,50
2023-08-29,1.9242989289179966,O2,RAW,40,50
2023-08-31,2.0277106413033414,O2,RAW,40,50
2023-09-01,2.0992310974112134,O2,RAW,40,50
2023-09-04,2.179342058835784,O2,RAW,40,50
2023-09-05,2.188425529906048,O2,RAW,40,50
2023-09-06,2.176313501509998,O2,RAW,40,50
2023-09-07,2.234929818836011,O2,RAW,40,50
2023-09-08,2.181382489983377,O2,RAW,40,50
2023-09-11,2.130821883176315,O2,RAW,40,50
2023-09-12,2.1625585374159915,O2,RAW,40,50
2023-09-13,2.1484536636715714,O2,RAW,40,50
2023-09-14,2.2214683424515043,O2,RAW,40,50
2023-09-15,2.200741617142788,O2,RAW,40,50
2023-09-18,2.178437698994031,O2,RAW,40,50
2023-09-19,2.2210907849976853,O2,RAW,40,50
2023-09-20,2.272735991334546,O2,RAW,40,50
2023-09-21,2.3947078089707334,O2,RAW,40,50
2023-09-22,2.4807509148586355,O2,RAW,40,50
2023-09-25,2.6110345970930213,O2,RAW,40,50
2023-09-26,2.50948964285037,O2,RAW,40,50
2023-09-27,2.46269390300328,O2,RAW,40,50
2023-09-28,2.39247245664886,O2,RAW,40,50
2023-09-29,2.3476549813771674,O2,RAW,40,50
2023-10-02,2.4313953552662007,O2,RAW,40,50
2023-10-03,2.4487651967139863,O2,RAW,40,50
2023-10-04,2.3969350567071555,O2,RAW,40,50
2023-10-05,2.4238287072376252,O2,RAW,40,50
2023-10-06,2.434851695224966,O2,RAW,40,50
2023-10-09,2.299902498703487,O2,RAW,40,50
2023-10-10,2.4210157738716105,O2,RAW,40,50
2023-10-11,2.4015099883668194,O2,RAW,40,50
2023-10-12,2.420233571743347,O2,RAW,40,50
2023-10-13,2.3640137528573395,O2,RAW,40,50
2023-10-16,2.2527621141201677,O2,RAW,40,50
2023-10-17,2.3716083597337656,O2,RAW,40,50
2023-10-18,2.3438250589434317,O2,RAW,40,50
2023-10-19,2.36646051739754,O2,RAW,40,50
2023-10-20,2.273169618514988,O2,RAW,40,50
2023-10-23,2.3855508921858886,O2,RAW,40,50
2023-10-24,2.4832817013415815,O2,RAW,40,50
2023-10-25,2.28366456755245,O2,RAW,40,50
2023-10-26,2.4426540941322177,O2,RAW,40,50
2023-10-27,2.501982188494514,O2,RAW,40,50
2023-10-30,2.560032243027441,O2,RAW,40,50
2023-02-02,1.0,O2,RAW,40,100
2023-02-03,1.029370311933753,O2,RAW,40,100
2023-02-06,0.9998477919814998,O2,RAW,40,100
2023-02-07,0.9005362153709997,O2,RAW,40,100
2023-02-08,0.8187483975627459,O2,RAW,40,100
2023-02-15,0.9826308926801368,O2,RAW,40,100
2023-02-16,0.9632648506941122,O2,RAW,40,100
2023-02-17,0.9742706563710097,O2,RAW,40,100
2023-02-20,1.028524958499744,O2,RAW,40,100
2023-02-21,1.035043532648106,O2,RAW,40,100
2023-02-22,1.0302713278668931,O2,RAW,40,100
2023-02-23,1.0643279876525982,O2,RAW,40,100
2023-02-24,1.0560976858370044,O2,RAW,40,100
2023-02-27,1.0795235733826436,O2,RAW,40,100
2023-02-28,1.0884163609708741,O2,RAW,40,100
2023-03-01,1.1032560064517363,O2,RAW,40,100
2023-03-02,1.0891257728165293,O2,RAW,40,100
2023-03-03,1.066923515951164,O2,RAW,40,100
2023-03-06,1.0985278910323837,O2,RAW,40,100
2023-03-07,1.096743812921593,O2,RAW,40,100
2023-03-08,1.0738655317837469,O2,RAW,40,100
2023-03-09,1.0817143396343507,O2,RAW,40,100
2023-03-10,1.070895062083936,O2,RAW,40,100
2023-03-13,1.0512182189864434,O2,RAW,40,100
2023-03-14,1.0129861304550791,O2,RAW,40,100
2023-03-15,0.9815870574739183,O2,RAW,40,100
2023-03-16,1.007295523122088,O2,RAW,40,100
2023-03-17,1.0119325255784286,O2,RAW,40,100
2023-03-20,0.9700364490770262,O2,RAW,40,100
2023-03-21,0.9542209727145319,O2,RAW,40,100
2023-03-22,0.9716248812894949,O2,RAW,40,100
2023-03-23,0.9907128911318714,O2,RAW,40,100
2023-03-24,0.9802395752358287,O2,RAW,40,100
2023-03-27,0.96614364851882,O2,RAW,40,100
2023-03-28,0.9097673427882228,O2,RAW,40,100
2023-03-29,0.9280692871576202,O2,RAW,40,100
2023-03-30,0.9169285483113713,O2,RAW,40,100
2023-03-31,0.8940992600564543,O2,RAW,40,100
2023-04-03,0.898783340968825,O2,RAW,40,100
2023-04-04,0.9272768998614545,O2,RAW,40,100
2023-04-05,0.918955570415689,O2,RAW,40,100
2023-04-06,0.9240206645660494,O2,RAW,40,100
2023-04-07,0.948570014519881,O2,RAW,40,100
2023-04-10,1.0098047171044326,O2,RAW,40,100
2023-04-11,1.0198170340745463,O2,RAW,40,100
2023-04-12,1.0041720028975925,O2,RAW,40,100
2023-04-13,1.0150696185842827,O2,RAW,40,100
2023-04-14,1.0024103624567218,O2,RAW,40,100
2023-04-17,0.9920099258976716,O2,RAW,40,100
2023-04-18,0.9738364508223171,O2,RAW,40,100
2023-04-19,0.9892719235034263,O2,RAW,40,100
2023-04-20,0.9756937478377056,O2,RAW,40,100
2023-04-24,0.9757402550805034,O2,RAW,40,100
2023-04-25,0.951648847374236,O2,RAW,40,100
2023-04-26,0.9339064449631719,O2,RAW,40,100
2023-04-27,0.9428616870366554,O2,RAW,40,100
2023-04-28,0.9058283879101504,O2,RAW,40,100
2023-05-02,0.8636358973895106,O2,RAW,40,100
2023-05-03,0.8352070876292134,O2,RAW,40,100
2023-05-04,0.8445545324811758,O2,RAW,40,100
2023-05-05,0.8296901615556906,O2,RAW,40,100
2023-05-08,0.8278010012884648,O2,RAW,40,100
2023-05-09,0.8145517891448738,O2,RAW,40,100
2023-05-10,0.8159549413991514,O2,RAW,40,100
2023-05-11,0.8626253597171955,O2,RAW,40,100
2023-05-12,0.8399679503447345,O2,RAW,40,100
2023-05-15,0.8209311512093321,O2,RAW,40,100
2023-05-16,0.8681633849157789,O2,RAW,40,100
2023-05-17,0.9000033520782253,O2,RAW,40,100
2023-05-18,0.8622382429918273,O2,RAW,40,100
2023-05-22,0.8795749609602576,O2,RAW,40,100
2023-05-23,0.8786477032626637,O2,RAW,40,100
2023-05-24,0.8858888495116266,O2,RAW,40,100
2023-05-25,0.892213095057226,O2,RAW,40,100
2023-05-26,0.921889877235976,O2,RAW,40,100
2023-05-29,0.9698959992266217,O2,RAW,40,100
2023-05-30,0.998871621488354,O2,RAW,40,100
2023-05-31,1.0131103641364436,O2,RAW,40,100
2023-06-01,1.044322259911417,O2,RAW,40,100
2023-06-02,1.0707566420211962,O2,RAW,40,100
2023-06-05,1.1270161783672654,O2,RAW,40,100
2023-06-06,1.1196385044374462,O2,RAW,40,100
2023-06-07,1.1429226230833298,O2,RAW,40,100
2023-06-08,1.1451374769347107,O2,RAW,40,100
2023-06-09,1.1760776706271572,O2,RAW,40,100
2023-06-12,1.1630379230938543,O2,RAW,40,100
2023-06-13,1.1047319189503824,O2,RAW,40,100
2023-06-14,1.1020305217209785,O2,RAW,40,100
2023-06-15,1.127404293484092,O2,RAW,40,100
2023-06-16,1.1341685263134642,O2,RAW,40,100
2023-06-19,1.0837373890667177,O2,RAW,40,100
2023-06-20,1.0700963427085304,O2,RAW,40,100
2023-06-21,1.049805488901471,O2,RAW,40,100
2023-06-22,1.113099028778568,O2,RAW,40,100
2023-06-23,1.1463164257146705,O2,RAW,40,100
2023-06-26,1.1849086109237155,O2,RAW,40,100
2023-06-27,1.1989390183180795,O2,RAW,40,100
2023-07-03,1.2520264209327543,O2,RAW,40,100
2023-07-04,1.2437980914604667,O2,RAW,40,100
2023-07-05,1.252805567721492,O2,RAW,40,100
2023-07-06,1.2654230348943476,O2,RAW,40,100
2023-07-07,1.29342485562913,O2,RAW,40,100
2023-07-10,1.331672606472189,O2,RAW,40,100
2023-07-11,1.3348627968620534,O2,RAW,40,100
2023-07-12,1.3381350302075357,O2,RAW,40,100
2023-07-13,1.3421575447498082,O2,RAW,40,100
2023-07-14,1.359039501234513,O2,RAW,40,100
2023-07-17,1.4037827986471865,O2,RAW,40,100
2023-07-18,1.3547380665752262,O2,RAW,40,100
2023-07-19,1.3950393944124797,O2,RAW,40,100
2023-07-20,1.4433777285286125,O2,RAW,40,100
2023-07-21,1.4527746022662569,O2,RAW,40,100
2023-07-24,1.4830684641898337,O2,RAW,40,100
2023-07-25,1.441313819200232,O2,RAW,40,100
2023-07-26,1.466095931931841,O2,RAW,40,100
2023-07-27,1.4641072130949244,O2,RAW,40,100
2023-07-28,1.499200333239659,O2,RAW,40,100
2023-07-31,1.5400556060629853,O2,RAW,40,100
2023-08-01,1.5333910461705353,O2,RAW,40,100
2023-08-02,1.5607611881533923,O2,RAW,40,100
2023-08-03,1.6024538732725688,O2,RAW,40,100
2023-08-04,1.6224305030499442,O2,RAW,40,100
2023-08-07,1.652516600384736,O2,RAW,40,100
2023-08-08,1.676658398242738,O2,RAW,40,100
2023-08-09,1.6995012013435107,O2,RAW,40,100
2023-08-10,1.6970063988349375,O2,RAW,40,100
2023-08-11,1.7759104308210285,O2,RAW,40,100
2023-08-14,1.8021737658824617,O2,RAW,40,100
2023-08-15,1.7731660074660816,O2,RAW,40,100
2023-08-16,1.7481858402362376,O2,RAW,40,100
2023-08-17,1.7616405323192583,O2,RAW,40,100
2023-08-18,1.7026254381557961,O2,RAW,40,100
2023-08-21,1.778823545598008,O2,RAW,40,100
2023-08-22,1.8207014569459863,O2,RAW,40,100
2023-08-23,1.7713760111622587,O2,RAW,40,100
2023-08-24,1.7099767708064573,O2,RAW,40,100
2023-08-25,1.8088314383077828,O2,RAW,40,100
2023-08-28,1.8686402543467844,O2,RAW,40,100
2023-08-29,1.9017178879666112,O2,RAW,40,100
2023-08-31,2.004188146241816,O2,RAW,40,100
2023-09-01,2.075057484349525,O2,RAW,40,100
2023-09-04,2.1544391203218747,O2,RAW,40,100
2023-09-05,2.163439896009032,O2,RAW,40,100
2023-09-06,2.1514381348027674,O2,RAW,40,100
2023-09-07,2.2095208126444814,O2,RAW,40,100
2023-09-08,2.1564609755050435,O2,RAW,40,100
2023-09-11,2.106360669470415,O2,RAW,40,100
2023-09-12,2.137808395087919,O2,RAW,40,100
2023-09-13,2.123831931279408,O2,RAW,40,100
2023-09-14,2.196181888744392,O2,RAW,40,100
2023-09-15,2.175643858316377,O2,RAW,40,100
2023-09-18,2.153542993718605,O2,RAW,40,100
2023-09-19,2.1958077685512913,O2,RAW,40,100
2023-09-20,2.24698279998578,O2,RAW,40,100
2023-09-21,2.367844193411924,O2,RAW,40,100
2023-09-22,2.453103967955447,O2,RAW,40,100
2023-09-25,2.582201555256344,O2,RAW,40,100
2023-09-26,2.481581060268167,O2,RAW,40,100
2023-09-27,2.435211346067494,O2,RAW,40,100
2023-09-28,2.3656291916053114,O2,RAW,40,100
2023-09-29,2.3212197319764054,O2,RAW,40,100
2023-10-02,2.404197738456913,O2,RAW,40,100
2023-10-03,2.421409445896023,O2,RAW,40,100
2023-10-04,2.3700511644167515,O2,RAW,40,100
2023-10-05,2.396699976744232,O2,RAW,40,100
2023-10-06,2.407622612101224,O2,RAW,40,100
2023-10-09,2.2739019850792195,O2,RAW,40,100
2023-10-10,2.3939126521571246,O2,RAW,40,100
2023-10-11,2.3745844461693086,O2,RAW,40,100
2023-10-12,2.3931375711507497,O2,RAW,40,100
2023-10-13,2.3374295741690574,O2,RAW,40,100
2023-10-16,2.227190763767602,O2,RAW,40,100
2023-10-17,2.344955040193893,O2,RAW,40,100
2023-10-18,2.3174246769298694,O2,RAW,40,100
2023-10-19,2.339854063509672,O2,RAW,40,100
2023-10-20,2.247412479450032,O2,RAW,40,100
2023-10-23,2.358770640655625,O2,RAW,40,100
2023-10-24,2.4556117143080125,O2,RAW,40,100
2023-10-25,2.257811883092498,O2,RAW,40,100
2023-10-26,2.4153539784305327,O2,RAW,40,100
2023-10-27,2.474141953332512,O2,RAW,40,100
2023-10-30,2.5316635236040983,O2,RAW,40,100
2023-02-02,1.0,O2,SECTOR_RELATIVE,40,0
2023-02-03,1.0386050398650697,O2,SECTOR_RELATIVE,40,0
2023-02-06,1.005421331978735,O2,SECTOR_RELATIVE,40,0
2023-02-07,0.9086589451775047,O2,SECTOR_RELATIVE,40,0
2023-02-08,0.8234812161641474,O2,SECTOR_RELATIVE,40,0
2023-02-15,0.9905269268660799,O2,SECTOR_RELATIVE,40,0
2023-02-16,0.9696482380956,O2,SECTOR_RELATIVE,40,0
2023-02-17,0.9771014341642447,O2,SECTOR_RELATIVE,40,0
2023-02-20,1.0321183038106965,O2,SECTOR_RELATIVE,40,0
2023-02-21,1.0444633002077277,O2,SECTOR_RELATIVE,40,0
2023-02-22,1.0356417019042372,O2,SECTOR_RELATIVE,40,0
2023-02-23,1.0709271363796982,O2,SECTOR_RELATIVE,40,0
2023-02-24,1.066705938555936,O2,SECTOR_RELATIVE,40,0
2023-02-27,1.0881335660156732,O2,SECTOR_RELATIVE,40,0
2023-02-28,1.1014556531333675,O2,SECTOR_RELATIVE,40,0
2023-03-01,1.1218252733616538,O2,SECTOR_RELATIVE,40,0
2023-03-02,1.1171659252393675,O2,SECTOR_RELATIVE,40,0
2023-03-03,1.0883982765392064,O2,SECTOR_RELATIVE,40,0
2023-03-06,1.125599521403294,O2,SECTOR_RELATIVE,40,0
2023-03-07,1.1279845626618,O2,SECTOR_RELATIVE,40,0
2023-03-08,1.1161662325849084,O2,SECTOR_RELATIVE,40,0
2023-03-09,1.1257335461851306,O2,SECTOR_RELATIVE,40,0
2023-03-10,1.1196246516845594,O2,SECTOR_RELATIVE,40,0
2023-03-13,1.0988039037531199,O2,SECTOR_RELATIVE,40,0
2023-03-14,1.0554815311545198,O2,SECTOR_RELATIVE,40,0
2023-03-15,1.0233574131370489,O2,SECTOR_RELATIVE,40,0
2023-03-16,1.0450958175969847,O2,SECTOR_RELATIVE,40,0
2023-03-17,1.0474270290091665,O2,SECTOR_RELATIVE,40,0
2023-03-20,1.0045568139005108,O2,SECTOR_RELATIVE,40,0
2023-03-21,0.9864995279588353,O2,SECTOR_RELATIVE,40,0
2023-03-22,1.0107192841946087,O2,SECTOR_RELATIVE,40,0
2023-03-23,1.0308676647551183,O2,SECTOR_RELATIVE,40,0
2023-03-24,1.0170768851805625,O2,SECTOR_RELATIVE,40,0
2023-03-27,1.0017425169479237,O2,SECTOR_RELATIVE,40,0
2023-03-28,0.9431424620479711,O2,SECTOR_RELATIVE,40,0
2023-03-29,0.9636305490819626,O2,SECTOR_RELATIVE,40,0
2023-03-30,0.9573351925341879,O2,SECTOR_RELATIVE,40,0
2023-03-31,0.9371873945590528,O2,SECTOR_RELATIVE,40,0
2023-04-03,0.9419076572230413,O2,SECTOR_RELATIVE,40,0
2023-04-04,0.9670059189000231,O2,SECTOR_RELATIVE,40,0
2023-04-05,0.955641252011009,O2,SECTOR_RELATIVE,40,0
2023-04-06,0.9581991370837767,O2,SECTOR_RELATIVE,40,0
2023-04-07,0.9820003384304355,O2,SECTOR_RELATIVE,40,0
2023-04-10,1.0440655898545597,O2,SECTOR_RELATIVE,40,0
2023-04-11,1.0558938943313092,O2,SECTOR_RELATIVE,40,0
2023-04-12,1.0420914543709077,O2,SECTOR_RELATIVE,40,0
2023-04-13,1.0538946406979468,O2,SECTOR_RELATIVE,40,0
2023-04-14,1.0411312153083145,O2,SECTOR_RELATIVE,40,0
2023-04-17,1.028953533667319,O2,SECTOR_RELATIVE,40,0
2023-04-18,1.0115379289309996,O2,SECTOR_RELATIVE,40,0
2023-04-19,1.026186522125939,O2,SECTOR_RELATIVE,40,0
2023-04-20,1.011545376878081,O2,SECTOR_RELATIVE,40,0
2023-04-24,1.0104321476311837,O2,SECTOR_RELATIVE,40,0
2023-04-25,0.9851300124300789,O2,SECTOR_RELATIVE,40,0
2023-04-26,0.9649832099586352,O2,SECTOR_RELATIVE,40,0
2023-04-27,0.9722629007864434,O2,SECTOR_RELATIVE,40,0
2023-04-28,0.9335153257238643,O2,SECTOR_RELATIVE,40,0
2023-05-02,0.8901387283210924,O2,SECTOR_RELATIVE,40,0
2023-05-03,0.8676783922027675,O2,SECTOR_RELATIVE,40,0
2023-05-04,0.8759338583254581,O2,SECTOR_RELATIVE,40,0
2023-05-05,0.8583915356379088,O2,SECTOR_RELATIVE,40,0
2023-05-08,0.8679171154710585,O2,SECTOR_RELATIVE,40,0
2023-05-09,0.8541958406552039,O2,SECTOR_RELATIVE,40,0
2023-05-10,0.8556489865087664,O2,SECTOR_RELATIVE,40,0
2023-05-11,0.903982248031985,O2,SECTOR_RELATIVE,40,0
2023-05-12,0.880517566717689,O2,SECTOR_RELATIVE,40,0
2023-05-15,0.8608024961368747,O2,SECTOR_RELATIVE,40,0
2023-05-16,0.9097175902442879,O2,SECTOR_RELATIVE,40,0
2023-05-17,0.9426919991999972,O2,SECTOR_RELATIVE,40,0
2023-05-18,0.9035813385351015,O2,SECTOR_RELATIVE,40,0
2023-05-22,0.9215357549239185,O2,SECTOR_RELATIVE,40,0
2023-05-23,0.9205754595074126,O2,SECTOR_RELATIVE,40,0
2023-05-24,0.9280746041046163,O2,SECTOR_RELATIVE,40,0
2023-05-25,0.9346241792939676,O2,SECTOR_RELATIVE,40,0
2023-05-26,0.9653583300881241,O2,SECTOR_RELATIVE,40,0
2023-05-29,1.0150748857246596,O2,SECTOR_RELATIVE,40,0
2023-05-30,1.0450828946315098,O2,SECTOR_RELATIVE,40,0
2023-05-31,1.0598289564191294,O2,SECTOR_RELATIVE,40,0
2023-06-01,1.0921529161241141,O2,SECTOR_RELATIVE,40,0
2023-06-02,1.1195291417882982,O2,SECTOR_RELATIVE,40,0
2023-06-05,1.1777931767249268,O2,SECTOR_RELATIVE,40,0
2023-06-06,1.17015264003522,O2,SECTOR_RELATIVE,40,0
2023-06-07,1.1942663599547614,O2,SECTOR_RELATIVE,40,0
2023-06-08,1.196560127919406,O2,SECTOR_RELATIVE,40,0
2023-06-09,1.2286027049352175,O2,SECTOR_RELATIVE,40,0
2023-06-12,1.215098357846899,O2,SECTOR_RELATIVE,40,0
2023-06-13,1.1547149405088386,O2,SECTOR_RELATIVE,40,0
2023-06-14,1.151917293873724,O2,SECTOR_RELATIVE,40,0
2023-06-15,1.1781951201854473,O2,SECTOR_RELATIVE,40,0
2023-06-16,1.1852003591811215,O2,SECTOR_RELATIVE,40,0
2023-06-19,1.1329723862315428,O2,SECTOR_RELATIVE,40,0
2023-06-20,1.1188453163478407,O2,SECTOR_RELATIVE,40,0
2023-06-21,1.0978315097669207,O2,SECTOR_RELATIVE,40,0
2023-06-22,1.16338016619341,O2,SECTOR_RELATIVE,40,0
2023-06-23,1.1977810820431927,O2,SECTOR_RELATIVE,40,0
2023-06-26,1.2377482871312198,O2,SECTOR_RELATIVE,40,0
2023-06-27,1.2522785907862632,O2,SECTOR_RELATIVE,40,0
2023-07-03,1.3072574704842723,O2,SECTOR_RELATIVE,40,0
2023-07-04,1.298735969828909,O2,SECTOR_RELATIVE,40,0
2023-07-05,1.3080643778757681,O2,SECTOR_RELATIVE,40,0
2023-07-06,1.321131398969737,O2,SECTOR_RELATIVE,40,0
2023-07-07,1.3501309102978212,O2,SECTOR_RELATIVE,40,0
2023-07-10,1.389741408999046,O2,SECTOR_RELATIVE,40,0
2023-07-11,1.3930452642456688,O2,SECTOR_RELATIVE,40,0
2023-07-12,1.3964340855965809,O2,SECTOR_RELATIVE,40,0
2023-07-13,1.4005999202807207,O2,SECTOR_RELATIVE,40,0
2023-07-14,1.4180833722660513,O2,SECTOR_RELATIVE,40,0
2023-07-17,1.464420850548773,O2,SECTOR_RELATIVE,40,0
2023-07-18,1.4136286796833635,O2,SECTOR_RELATIVE,40,0
2023-07-19,1.4553659232798672,O2,SECTOR_RELATIVE,40,0
2023-07-20,1.50542652759051,O2,SECTOR_RELATIVE,40,0
2023-07-21,1.5151582071475072,O2,SECTOR_RELATIVE,40,0
2023-07-24,1.5465314239231203,O2,SECTOR_RELATIVE,40,0
2023-07-25,1.5032890822252463,O2,SECTOR_RELATIVE,40,0
2023-07-26,1.5289541689958879,O2,SECTOR_RELATIVE,40,0
2023-07-27,1.5268945931209557,O2,SECTOR_RELATIVE,40,0
2023-07-28,1.563238063240773,O2,SECTOR_RELATIVE,40,0
2023-07-31,1.6055489886007197,O2,SECTOR_RELATIVE,40,0
2023-08-01,1.5986469738378828,O2,SECTOR_RELATIVE,40,0
2023-08-02,1.626992300022233,O2,SECTOR_RELATIVE,40,0
2023-08-03,1.6701704742510948,O2,SECTOR_RELATIVE,40,0
2023-08-04,1.7014308787594454,O2,SECTOR_RELATIVE,40,0
2023-08-07,1.7327866940885857,O2,SECTOR_RELATIVE,40,0
2023-08-08,1.757947343770908,O2,SECTOR_RELATIVE,40,0
2023-08-09,1.7817541774608143,O2,SECTOR_RELATIVE,40,0
2023-08-10,1.7791540872639704,O2,SECTOR_RELATIVE,40,0
2023-08-11,1.8613880915001848,O2,SECTOR_RELATIVE,40,0
2023-08-14,1.8887598132276588,O2,SECTOR_RELATIVE,40,0
2023-08-15,1.8585278457546126,O2,SECTOR_RELATIVE,40,0
2023-08-16,1.8324934451531019,O2,SECTOR_RELATIVE,40,0
2023-08-17,1.8465159631145047,O2,SECTOR_RELATIVE,40,0
2023-08-18,1.7850102658607296,O2,SECTOR_RELATIVE,40,0
2023-08-21,1.864424147920634,O2,SECTOR_RELATIVE,40,0
2023-08-22,1.9080694250061008,O2,SECTOR_RELATIVE,40,0
2023-08-23,1.8566623065682593,O2,SECTOR_RELATIVE,40,0
2023-08-24,1.792671845441895,O2,SECTOR_RELATIVE,40,0
2023-08-25,1.8956984581694498,O2,SECTOR_RELATIVE,40,0
2023-08-28,1.9580313745960936,O2,SECTOR_RELATIVE,40,0
2023-08-29,1.9925049774621206,O2,SECTOR_RELATIVE,40,0
2023-08-31,2.0992997690714343,O2,SECTOR_RELATIVE,40,0
2023-09-01,2.1731599927314167,O2,SECTOR_RELATIVE,40,0
2023-09-04,2.2558917571864767,O2,SECTOR_RELATIVE,40,0
2023-09-05,2.2652723909431574,O2,SECTOR_RELATIVE,40,0
2023-09-06,2.252764121631242,O2,SECTOR_RELATIVE,40,0
2023-09-07,2.3132980519699116,O2,SECTOR_RELATIVE,40,0
2023-09-08,2.257998940349525,O2,SECTOR_RELATIVE,40,0
2023-09-11,2.2057842603771056,O2,SECTOR_RELATIVE,40,0
2023-09-12,2.238559168535221,O2,SECTOR_RELATIVE,40,0
2023-09-13,2.2239928586128204,O2,SECTOR_RELATIVE,40,0
2023-09-14,2.299396187934626,O2,SECTOR_RELATIVE,40,0
2023-09-15,2.2779913948117767,O2,SECTOR_RELATIVE,40,0
2023-09-18,2.2549578115181186,O2,SECTOR_RELATIVE,40,0
2023-09-19,2.299006278816296,O2,SECTOR_RELATIVE,40,0
2023-09-20,2.352341040625604,O2,SECTOR_RELATIVE,40,0
2023-09-21,2.4783031250568825,O2,SECTOR_RELATIVE,40,0
2023-09-22,2.5671611020766973,O2,SECTOR_RELATIVE,40,0
2023-09-25,2.7017069709476127,O2,SECTOR_RELATIVE,40,0
2023-09-26,2.596840007842782,O2,SECTOR_RELATIVE,40,0
2023-09-27,2.5485133611806394,O2,SECTOR_RELATIVE,40,0
2023-09-28,2.4759946439392095,O2,SECTOR_RELATIVE,40,0
2023-09-29,2.429710980109519,O2,SECTOR_RELATIVE,40,0
2023-10-02,2.516190892031301,O2,SECTOR_RELATIVE,40,0
2023-10-03,2.5341289819721267,O2,SECTOR_RELATIVE,40,0
2023-10-04,2.4806032364503317,O2,SECTOR_RELATIVE,40,0
2023-10-05,2.5083767036695264,O2,SECTOR_RELATIVE,40,0
2023-10-06,2.5197603049837904,O2,SECTOR_RELATIVE,40,0
2023-10-09,2.3803962911025325,O2,SECTOR_RELATIVE,40,0
2023-10-10,2.505471746139039,O2,SECTOR_RELATIVE,40,0
2023-10-11,2.4853278354531994,O2,SECTOR_RELATIVE,40,0
2023-10-12,2.5046639545324845,O2,SECTOR_RELATIVE,40,0
2023-10-13,2.4466049232704186,O2,SECTOR_RELATIVE,40,0
2023-10-16,2.3317137247680844,O2,SECTOR_RELATIVE,40,0
2023-10-17,2.454447985144303,O2,SECTOR_RELATIVE,40,0
2023-10-18,2.4257557630576376,O2,SECTOR_RELATIVE,40,0
2023-10-19,2.4491317328856983,O2,SECTOR_RELATIVE,40,0
2023-10-20,2.3527888537727164,O2,SECTOR_RELATIVE,40,0
2023-10-23,2.4688466428338893,O2,SECTOR_RELATIVE,40,0
2023-10-24,2.5697746823841854,O2,SECTOR_RELATIVE,40,0
2023-10-25,2.3636271415212997,O2,SECTOR_RELATIVE,40,0
2023-10-26,2.5278179567345678,O2,SECTOR_RELATIVE,40,0
2023-10-27,2.5890869496547264,O2,SECTOR_RELATIVE,40,0
2023-10-30,2.6490360921043954,O2,SECTOR_RELATIVE,40,0
2023-02-02,1.0,O2,SECTOR_RELATIVE,40,30
2023-02-03,1.0356050398650698,O2,SECTOR_RELATIVE,40,30
2023-02-06,1.002421331978735,O2,SECTOR_RELATIVE,40,30
2023-02-07,0.9056589451775048,O2,SECTOR_RELATIVE,40,30
2023-02-08,0.8204812161641473,O2,SECTOR_RELATIVE,40,30
2023-02-15,0.9875269268660798,O2,SECTOR_RELATIVE,40,30
2023-02-16,0.9666482380956001,O2,SECTOR_RELATIVE,40,30
2023-02-17,0.9741014341642447,O2,SECTOR_RELATIVE,40,30
2023-02-20,1.0291183038106966,O2,SECTOR_RELATIVE,40,30
2023-02-21,1.0414633002077278,O2,SECTOR_RELATIVE,40,30
2023-02-22,1.032641701904237,O2,SECTOR_RELATIVE,40,30
2023-02-23,1.067927136379698,O2,SECTOR_RELATIVE,40,30
2023-02-24,1.0637059385559362,O2,SECTOR_RELATIVE,40,30
2023-02-27,1.0851335660156733,O2,SECTOR_RELATIVE,40,30
2023-02-28,1.0984556531333676,O2,SECTOR_RELATIVE,40,30
2023-03-01,1.1188252733616537,O2,SECTOR_RELATIVE,40,30
2023-03-02,1.1141659252393676,O2,SECTOR_RELATIVE,40,30
2023-03-03,1.0853982765392063,O2,SECTOR_RELATIVE,40,30
2023-03-06,1.1225995214032938,O2,SECTOR_RELATIVE,40,30
2023-03-07,1.1249845626618,O2,SECTOR_RELATIVE,40,30
2023-03-08,1.1131662325849085,O2,SECTOR_RELATIVE,40,30
2023-03-09,1.1227335461851307,O2,SECTOR_RELATIVE,40,30
2023-03-10,1.1166246516845593,O2,SECTOR_RELATIVE,40,30
2023-03-13,1.0958039037531198,O2,SECTOR_RELATIVE,40,30
2023-03-14,1.05248153115452,O2,SECTOR_RELATIVE,40,30
2023-03-15,1.0203574131370488,O2,SECTOR_RELATIVE,40,30
2023-03-16,1.042095817596985,O2,SECTOR_RELATIVE,40,30
2023-03-17,1.0444270290091666,O2,SECTOR_RELATIVE,40,30
2023-03-20,1.0015568139005109,O2,SECTOR_RELATIVE,40,30
2023-03-21,0.9834995279588354,O2,SECTOR_RELATIVE,40,30
2023-03-22,1.0077192841946088,O2,SECTOR_RELATIVE,40,30
2023-03-23,1.0278676647551184,O2,SECTOR_RELATIVE,40,30
2023-03-24,1.0140768851805624,O2,SECTOR_RELATIVE,40,30
2023-03-27,0.9987425169479236,O2,SECTOR_RELATIVE,40,30
2023-03-28,0.9401424620479711,O2,SECTOR_RELATIVE,40,30
2023-03-29,0.9606305490819627,O2,SECTOR_RELATIVE,40,30
2023-03-30,0.954335192534188,O2,SECTOR_RELATIVE,40,30
2023-03-31,0.9341873945590526,O2,SECTOR_RELATIVE,40,30
2023-04-03,0.9389076572230414,O2,SECTOR_RELATIVE,40,30
2023-04-04,0.9640059189000232,O2,SECTOR_RELATIVE,40,30
2023-04-05,0.9526412520110091,O2,SECTOR_RELATIVE,40,30
2023-04-06,0.9551991370837767,O2,SECTOR_RELATIVE,40,30
2023-04-07,0.9790003384304355,O2,SECTOR_RELATIVE,40,30
2023-04-10,1.0410655898545598,O2,SECTOR_RELATIVE,40,30
2023-04-11,1.0528938943313093,O2,SECTOR_RELATIVE,40,30
2023-04-12,1.0390914543709078,O2,SECTOR_RELATIVE,40,30
2023-04-13,1.0508946406979467,O2,SECTOR_RELATIVE,40,30
2023-04-14,1.0381312153083146,O2,SECTOR_RELATIVE,40,30
2023-04-17,1.025953533667319,O2,SECTOR_RELATIVE,40,30
2023-04-18,1.0085379289309997,O2,SECTOR_RELATIVE,40,30
2023-04-19,1.023186522125939,O2,SECTOR_RELATIVE,40,30
2023-04-20,1.008545376878081,O2,SECTOR_RELATIVE,40,30
2023-04-24,1.0074321476311838,O2,SECTOR_RELATIVE,40,30
2023-04-25,0.9821300124300788,O2,SECTOR_RELATIVE,40,30
2023-04-26,0.9619832099586353,O2,SECTOR_RELATIVE,40,30
2023-04-27,0.9692629007864434,O2,SECTOR_RELATIVE,40,30
2023-04-28,0.9305153257238642,O2,SECTOR_RELATIVE,40,30
2023-05-02,0.8871387283210925,O2,SECTOR_RELATIVE,40,30
2023-05-03,0.8646783922027675,O2,SECTOR_RELATIVE,40,30
2023-05-04,0.872933858325458,O2,SECTOR_RELATIVE,40,30
2023-05-05,0.8553915356379089,O2,SECTOR_RELATIVE,40,30
2023-05-08,0.8617230724443619,O2,SECTOR_RELATIVE,40,30
2023-05-09,0.8480493778384208,O2,SECTOR_RELATIVE,40,30
2023-05-10,0.8494974847298115,O2,SECTOR_RELATIVE,40,30
2023-05-11,0.8976631447174619,O2,SECTOR_RELATIVE,40,30
2023-05-12,0.8742798300748109,O2,SECTOR_RELATIVE,40,30
2023-05-15,0.8546331239287367,O2,SECTOR_RELATIVE,40,30
2023-05-16,0.9033785989244555,O2,SECTOR_RELATIVE,40,30
2023-05-17,0.936238665056998,O2,SECTOR_RELATIVE,40,30
2023-05-18,0.8972636254236225,O2,SECTOR_RELATIVE,40,30
2023-05-22,0.915155782662898,O2,SECTOR_RELATIVE,40,30
2023-05-23,0.9141988171889894,O2,SECTOR_RELATIVE,40,30
2023-05-24,0.9216719575789387,O2,SECTOR_RELATIVE,40,30
2023-05-25,0.9281988213098767,O2,SECTOR_RELATIVE,40,30
2023-05-26,0.9588263976518827,O2,SECTOR_RELATIVE,40,30
2023-05-29,1.0083705550101882,O2,SECTOR_RELATIVE,40,30
2023-05-30,1.0382745074512916,O2,SECTOR_RELATIVE,40,30
2023-05-31,1.0529694354539916,O2,SECTOR_RELATIVE,40,30
2023-06-01,1.0851813078486756,O2,SECTOR_RELATIVE,40,30
2023-06-02,1.1124626030795561,O2,SECTOR_RELATIVE,40,30
2023-06-05,1.1705246003010377,O2,SECTOR_RELATIVE,40,30
2023-06-06,1.162910558113075,O2,SECTOR_RELATIVE,40,30
2023-06-07,1.1869406607396924,O2,SECTOR_RELATIVE,40,30
2023-06-08,1.1892264747814896,O2,SECTOR_RELATIVE,40,30
2023-06-09,1.2211579402161217,O2,SECTOR_RELATIVE,40,30
2023-06-12,1.2077004211141116,O2,SECTOR_RELATIVE,40,30
2023-06-13,1.1475263907106334,O2,SECTOR_RELATIVE,40,30
2023-06-14,1.144738445259698,O2,SECTOR_RELATIVE,40,30
2023-06-15,1.1709251499731175,O2,SECTOR_RELATIVE,40,30
2023-06-16,1.1779060974400248,O2,SECTOR_RELATIVE,40,30
2023-06-19,1.1258592314174374,O2,SECTOR_RELATIVE,40,30
2023-06-20,1.1117811488880123,O2,SECTOR_RELATIVE,40,30
2023-06-21,1.090840210268825,O2,SECTOR_RELATIVE,40,30
2023-06-22,1.1561615686582012,O2,SECTOR_RELATIVE,40,30
2023-06-23,1.1904431950965173,O2,SECTOR_RELATIVE,40,30
2023-06-26,1.230271808979771,O2,SECTOR_RELATIVE,40,30
2023-06-27,1.244751727017786,O2,SECTOR_RELATIVE,40,30
2023-07-03,1.2995399606809355,O2,SECTOR_RELATIVE,40,30
2023-07-04,1.2910480093783405,O2,SECTOR_RELATIVE,40,30
2023-07-05,1.3003440700216977,O2,SECTOR_RELATIVE,40,30
2023-07-06,1.3133657796110918,O2,SECTOR_RELATIVE,40,30
2023-07-07,1.3422647315629583,O2,SECTOR_RELATIVE,40,30
2023-07-10,1.3817378759827268,O2,SECTOR_RELATIVE,40,30
2023-07-11,1.3850302747044814,O2,SECTOR_RELATIVE,40,30
2023-07-12,1.3884073449000964,O2,SECTOR_RELATIVE,40,30
2023-07-13,1.392558734039533,O2,SECTOR_RELATIVE,40,30
2023-07-14,1.4099815600023806,O2,SECTOR_RELATIVE,40,30
2023-07-17,1.4561583573736603,O2,SECTOR_RELATIVE,40,30
2023-07-18,1.4055423146147261,O2,SECTOR_RELATIVE,40,30
2023-07-19,1.4471348291799853,O2,SECTOR_RELATIVE,40,30
2023-07-20,1.497021842181258,O2,SECTOR_RELATIVE,40,30
2023-07-21,1.5067197759411375,O2,SECTOR_RELATIVE,40,30
2023-07-24,1.5379842022246213,O2,SECTOR_RELATIVE,40,30
2023-07-25,1.4948918086709801,O2,SECTOR_RELATIVE,40,30
2023-07-26,1.520467898593123,O2,SECTOR_RELATIVE,40,30
2023-07-27,1.5184154645511312,O2,SECTOR_RELATIVE,40,30
2023-07-28,1.5546329092133648,O2,SECTOR_RELATIVE,40,30
2023-07-31,1.5967971162299155,O2,SECTOR_RELATIVE,40,30
2023-08-01,1.5899190350531078,O2,SECTOR_RELATIVE,40,30
2023-08-02,1.6181660703287766,O2,SECTOR_RELATIVE,40,30
2023-08-03,1.6611945189220052,O2,SECTOR_RELATIVE,40,30
2023-08-04,1.6891813849926036,O2,SECTOR_RELATIVE,40,30
2023-08-07,1.7203691807259223,O2,SECTOR_RELATIVE,40,30
2023-08-08,1.7453950075007276,O2,SECTOR_RELATIVE,40,30
2023-08-09,1.7690742726827706,O2,SECTOR_RELATIVE,40,30
2023-08-10,1.7664881150244167,O2,SECTOR_RELATIVE,40,30
2023-08-11,1.8482814697667636,O2,SECTOR_RELATIVE,40,30
2023-08-14,1.8755065205952886,O2,SECTOR_RELATIVE,40,30
2023-08-15,1.8454365505987045,O2,SECTOR_RELATIVE,40,30
2023-08-16,1.8195416548839465,O2,SECTOR_RELATIVE,40,30
2023-08-17,1.8334890334246219,O2,SECTOR_RELATIVE,40,30
2023-08-18,1.772312913389134,O2,SECTOR_RELATIVE,40,30
2023-08-21,1.8513012575312298,O2,SECTOR_RELATIVE,40,30
2023-08-22,1.894712662151941,O2,SECTOR_RELATIVE,40,30
2023-08-23,1.8435810078719166,O2,SECTOR_RELATIVE,40,30
2023-08-24,1.7799334385282106,O2,SECTOR_RELATIVE,40,30
2023-08-25,1.882407984927791,O2,SECTOR_RELATIVE,40,30
2023-08-28,1.9444068914964718,O2,SECTOR_RELATIVE,40,30
2023-08-29,1.9786957681559152,O2,SECTOR_RELATIVE,40,30
2023-08-31,2.0849183017156854,O2,SECTOR_RELATIVE,40,30
2023-09-01,2.158382746640642,O2,SECTOR_RELATIVE,40,30
2023-09-04,2.240671194362284,O2,SECTOR_RELATIVE,40,30
2023-09-05,2.250001562154715,O2,SECTOR_RELATIVE,40,30
2023-09-06,2.237560318188246,O2,SECTOR_RELATIVE,40,30
2023-09-07,2.2977698785048877,O2,SECTOR_RELATIVE,40,30
2023-09-08,2.2427670862206837,O2,SECTOR_RELATIVE,40,30
2023-09-11,2.1908321977106406,O2,SECTOR_RELATIVE,40,30
2023-09-12,2.2234314820884764,O2,SECTOR_RELATIVE,40,30
2023-09-13,2.2089432254866512,O2,SECTOR_RELATIVE,40,30
2023-09-14,2.283942507368347,O2,SECTOR_RELATIVE,40,30
2023-09-15,2.2626524114603983,O2,SECTOR_RELATIVE,40,30
2023-09-18,2.2397422532256863,O2,SECTOR_RELATIVE,40,30
2023-09-19,2.2835546875713058,O2,SECTOR_RELATIVE,40,30
2023-09-20,2.336603655979026,O2,SECTOR_RELATIVE,40,30
2023-09-21,2.4618907747526464,O2,SECTOR_RELATIVE,40,30
2023-09-22,2.5502726078346387,O2,SECTOR_RELATIVE,40,30
2023-09-25,2.6840975149869726,O2,SECTOR_RELATIVE,40,30
2023-09-26,2.5797924796958824,O2,SECTOR_RELATIVE,40,30
2023-09-27,2.531724790536659,O2,SECTOR_RELATIVE,40,30
2023-09-28,2.4595946635912407,O2,SECTOR_RELATIVE,40,30
2023-09-29,2.4135590099761846,O2,SECTOR_RELATIVE,40,30
2023-10-02,2.4995755207809713,O2,SECTOR_RELATIVE,40,30
2023-10-03,2.5174174897761277,O2,SECTOR_RELATIVE,40,30
2023-10-04,2.46417856103885,O2,SECTOR_RELATIVE,40,30
2023-10-05,2.4918032046128062,O2,SECTOR_RELATIVE,40,30
2023-10-06,2.5031258070956963,O2,SECTOR_RELATIVE,40,30
2023-10-09,2.364508572879987,O2,SECTOR_RELATIVE,40,30
2023-10-10,2.48891381324716,O2,SECTOR_RELATIVE,40,30
2023-10-11,2.4688778433594205,O2,SECTOR_RELATIVE,40,30
2023-10-12,2.488110350178002,O2,SECTOR_RELATIVE,40,30
2023-10-13,2.430362427233933,O2,SECTOR_RELATIVE,40,30
2023-10-16,2.316086871237884,O2,SECTOR_RELATIVE,40,30
2023-10-17,2.4381634621959916,O2,SECTOR_RELATIVE,40,30
2023-10-18,2.4096249868866826,O2,SECTOR_RELATIVE,40,30
2023-10-19,2.4328756969834546,O2,SECTOR_RELATIVE,40,30
2023-10-20,2.33704906952711,O2,SECTOR_RELATIVE,40,30
2023-10-23,2.452484964926602,O2,SECTOR_RELATIVE,40,30
2023-10-24,2.552872183317111,O2,SECTOR_RELATIVE,40,30
2023-10-25,2.34782928049766,O2,SECTOR_RELATIVE,40,30
2023-10-26,2.5111402820584927,O2,SECTOR_RELATIVE,40,30
2023-10-27,2.572080966136454,O2,SECTOR_RELATIVE,40,30
2023-10-30,2.6317088721399156,O2,SECTOR_RELATIVE,40,30
2023-02-02,1.0,O2,SECTOR_RELATIVE,40,50
2023-02-03,1.0336050398650698,O2,SECTOR_RELATIVE,40,50
2023-02-06,1.000421331978735,O2,SECTOR_RELATIVE,40,50
2023-02-07,0.9036589451775048,O2,SECTOR_RELATIVE,40,50
2023-02-08,0.8184812161641473,O2,SECTOR_RELATIVE,40,50
2023-02-15,0.9855269268660798,O2,SECTOR_RELATIVE,40,50
2023-02-16,0.9646482380956001,O2,SECTOR_RELATIVE,40,50
2023-02-17,0.9721014341642447,O2,SECTOR_RELATIVE,40,50
2023-02-20,1.0271183038106966,O2,SECTOR_RELATIVE,40,50
2023-02-21,1.0394633002077278,O2,SECTOR_RELATIVE,40,50
2023-02-22,1.030641701904237,O2,SECTOR_RELATIVE,40,50
2023-02-23,1.065927136379698,O2,SECTOR_RELATIVE,40,50
2023-02-24,1.0617059385559362,O2,SECTOR_RELATIVE,40,50
2023-02-27,1.0831335660156733,O2,SECTOR_RELATIVE,40,50
2023-02-28,1.0964556531333676,O2,SECTOR_RELATIVE,40,50
2023-03-01,1.1168252733616537,O2,SECTOR_RELATIVE,40,50
2023-03-02,1.1121659252393676,O2,SECTOR_RELATIVE,40,50
2023-03-03,1.0833982765392063,O2,SECTOR_RELATIVE,40,50
2023-03-06,1.1205995214032938,O2,SECTOR_RELATIVE,40,50
2023-03-07,1.1229845626618,O2,SECTOR_RELATIVE,40,50
2023-03-08,1.1111662325849085,O2,SECTOR_RELATIVE,40,50
2023-03-09,1.1207335461851307,O2,SECTOR_RELATIVE,40,50
2023-03-10,1.1146246516845593,O2,SECTOR_RELATIVE,40,50
2023-03-13,1.0938039037531198,O2,SECTOR_RELATIVE,40,50
2023-03-14,1.05048153115452,O2,SECTOR_RELATIVE,40,50
2023-03-15,1.0183574131370488,O2,SECTOR_RELATIVE,40,50
2023-03-16,1.0400958175969848,O2,SECTOR_RELATIVE,40,50
2023-03-17,1.0424270290091666,O2,SECTOR_RELATIVE,40,50
2023-03-20,0.9995568139005108,O2,SECTOR_RELATIVE,40,50
2023-03-21,0.9814995279588354,O2,SECTOR_RELATIVE,40,50
2023-03-22,1.0057192841946088,O2,SECTOR_RELATIVE,40,50
2023-03-23,1.0258676647551184,O2,SECTOR_RELATIVE,40,50
2023-03-24,1.0120768851805624,O2,SECTOR_RELATIVE,40,50
2023-03-27,0.9967425169479236,O2,SECTOR_RELATIVE,40,50
2023-03-28,0.9381424620479711,O2,SECTOR_RELATIVE,40,50
2023-03-29,0.9586305490819627,O2,SECTOR_RELATIVE,40,50
2023-03-30,0.952335192534188,O2,SECTOR_RELATIVE,40,50
2023-03-31,0.9321873945590526,O2,SECTOR_RELATIVE,40,50
2023-04-03,0.9369076572230414,O2,SECTOR_RELATIVE,40,50
2023-04-04,0.9620059189000232,O2,SECTOR_RELATIVE,40,50
2023-04-05,0.9506412520110091,O2,SECTOR_RELATIVE,40,50
2023-04-06,0.9531991370837767,O2,SECTOR_RELATIVE,40,50
2023-04-07,0.9770003384304355,O2,SECTOR_RELATIVE,40,50
2023-04-10,1.0390655898545598,O2,SECTOR_RELATIVE,40,50
2023-04-11,1.0508938943313093,O2,SECTOR_RELATIVE,40,50
2023-04-12,1.0370914543709078,O2,SECTOR_RELATIVE,40,50
2023-04-13,1.0488946406979467,O2,SECTOR_RELATIVE,40,50
2023-04-14,1.0361312153083146,O2,SECTOR_RELATIVE,40,50
2023-04-17,1.023953533667319,O2,SECTOR_RELATIVE,40,50
2023-04-18,1.0065379289309997,O2,SECTOR_RELATIVE,40,50
2023-04-19,1.021186522125939,O2,SECTOR_RELATIVE,40,50
2023-04-20,1.006545376878081,O2,SECTOR_RELATIVE,40,50
2023-04-24,1.0054321476311838,O2,SECTOR_RELATIVE,40,50
2023-04-25,0.9801300124300789,O2,SECTOR_RELATIVE,40,50
2023-04-26,0.9599832099586353,O2,SECTOR_RELATIVE,40,50
2023-04-27,0.9672629007864434,O2,SECTOR_RELATIVE,40,50
2023-04-28,0.9285153257238642,O2,SECTOR_RELATIVE,40,50
2023-05-02,0.8851387283210925,O2,SECTOR_RELATIVE,40,50
2023-05-03,0.8626783922027675,O2,SECTOR_RELATIVE,40,50
2023-05-04,0.870933858325458,O2,SECTOR_RELATIVE,40,50
2023-05-05,0.8533915356379089,O2,SECTOR_RELATIVE,40,50
2023-05-08,0.8575997104265639,O2,SECTOR_RELATIVE,40,50
2023-05-09,0.8439577359605653,O2,SECTOR_RELATIVE,40,50
2023-05-10,0.8454024835438413,O2,SECTOR_RELATIVE,40,50
2023-05-11,0.8934564091744465,O2,SECTOR_RELATIVE,40,50
2023-05-12,0.870127338979559,O2,SECTOR_RELATIVE,40,50
2023-05-15,0.8505262091233111,O2,SECTOR_RELATIVE,40,50
2023-05-16,0.8991586047112339,O2,SECTOR_RELATIVE,40,50
2023-05-17,0.9319424422949985,O2,SECTOR_RELATIVE,40,50
2023-05-18,0.8930578166826365,O2,SECTOR_RELATIVE,40,50
2023-05-22,0.9109084678222176,O2,SECTOR_RELATIVE,40,50
2023-05-23,0.9099537223100406,O2,SECTOR_RELATIVE,40,50
2023-05-24,0.91740952656182,O2,SECTOR_RELATIVE,40,50
2023-05-25,0.9239212493204828,O2,SECTOR_RELATIVE,40,50
2023-05-26,0.9544777760277219,O2,SECTOR_RELATIVE,40,50
2023-05-29,1.0039070012005407,O2,SECTOR_RELATIVE,40,50
2023-05-30,1.0337415826644794,O2,SECTOR_RELATIVE,40,50
2023-05-31,1.048402421477233,O2,SECTOR_RELATIVE,40,50
2023-06-01,1.0805395689983832,O2,SECTOR_RELATIVE,40,50
2023-06-02,1.107757577273728,O2,SECTOR_RELATIVE,40,50
2023-06-05,1.1656848826851112,O2,SECTOR_RELATIVE,40,50
2023-06-06,1.158088503498312,O2,SECTOR_RELATIVE,40,50
2023-06-07,1.1820628612629795,O2,SECTOR_RELATIVE,40,50
2023-06-08,1.1843433726895454,O2,SECTOR_RELATIVE,40,50
2023-06-09,1.216200763736724,O2,SECTOR_RELATIVE,40,50
2023-06-12,1.2027744632922535,O2,SECTOR_RELATIVE,40,50
2023-06-13,1.1427400241784968,O2,SECTOR_RELATIVE,40,50
2023-06-14,1.1399585461836808,O2,SECTOR_RELATIVE,40,50
2023-06-15,1.1660845031648974,O2,SECTOR_RELATIVE,40,50
2023-06-16,1.1730492562792936,O2,SECTOR_RELATIVE,40,50
2023-06-19,1.1211231282080338,O2,SECTOR_RELATIVE,40,50
2023-06-20,1.1070777039147932,O2,SECTOR_RELATIVE,40,50
2023-06-21,1.0861853439367612,O2,SECTOR_RELATIVE,40,50
2023-06-22,1.1513551703013953,O2,SECTOR_RELATIVE,40,50
2023-06-23,1.1855572704654003,O2,SECTOR_RELATIVE,40,50
2023-06-26,1.2252934902121382,O2,SECTOR_RELATIVE,40,50
2023-06-27,1.2397398178388008,O2,SECTOR_RELATIVE,40,50
2023-07-03,1.294400954145378,O2,SECTOR_RELATIVE,40,50
2023-07-04,1.285928702411295,O2,SECTOR_RELATIVE,40,50
2023-07-05,1.295203198118984,O2,SECTOR_RELATIVE,40,50
2023-07-06,1.3081947000386611,O2,SECTOR_RELATIVE,40,50
2023-07-07,1.3370266124063832,O2,SECTOR_RELATIVE,40,50
2023-07-10,1.3764081873051814,O2,SECTOR_RELATIVE,40,50
2023-07-11,1.3796929483436897,O2,SECTOR_RELATIVE,40,50
2023-07-12,1.3830621844357731,O2,SECTOR_RELATIVE,40,50
2023-07-13,1.3872039432120742,O2,SECTOR_RELATIVE,40,50
2023-07-14,1.4045863518266,O2,SECTOR_RELATIVE,40,50
2023-07-17,1.4506560285902517,O2,SECTOR_RELATIVE,40,50
2023-07-18,1.4001574045689678,O2,SECTOR_RELATIVE,40,50
2023-07-19,1.441653433113397,O2,SECTOR_RELATIVE,40,50
2023-07-20,1.49142471857509,O2,SECTOR_RELATIVE,40,50
2023-07-21,1.501100155136891,O2,SECTOR_RELATIVE,40,50
2023-07-24,1.532292054425622,O2,SECTOR_RELATIVE,40,50
2023-07-25,1.4892996263014695,O2,SECTOR_RELATIVE,40,50
2023-07-26,1.5148163849912792,O2,SECTOR_RELATIVE,40,50
2023-07-27,1.5127687121712479,O2,SECTOR_RELATIVE,40,50
2023-07-28,1.5489021398617597,O2,SECTOR_RELATIVE,40,50
2023-07-31,1.5909685346493792,O2,SECTOR_RELATIVE,40,50
2023-08-01,1.5841064091965915,O2,SECTOR_RELATIVE,40,50
2023-08-02,1.6122879171998057,O2,SECTOR_RELATIVE,40,50
2023-08-03,1.6552165487026118,O2,SECTOR_RELATIVE,40,50
2023-08-04,1.6810353527205435,O2,SECTOR_RELATIVE,40,50
2023-08-07,1.7121112471011108,O2,SECTOR_RELATIVE,40,50
2023-08-08,1.7370472815772304,O2,SECTOR_RELATIVE,40,50
2023-08-09,1.760641585903794,O2,SECTOR_RELATIVE,40,50
2023-08-10,1.7580647073411122,O2,SECTOR_RELATIVE,40,50
2023-08-11,1.8395645887286889,O2,SECTOR_RELATIVE,40,50
2023-08-14,1.8666919564749445,O2,SECTOR_RELATIVE,40,50
2023-08-15,1.8367298770887959,O2,SECTOR_RELATIVE,40,50
2023-08-16,1.8109278918793077,O2,SECTOR_RELATIVE,40,50
2023-08-17,1.824825227430751,O2,SECTOR_RELATIVE,40,50
2023-08-18,1.763868606414899,O2,SECTOR_RELATIVE,40,50
2023-08-21,1.8425735415390356,O2,SECTOR_RELATIVE,40,50
2023-08-22,1.8858291866779475,O2,SECTOR_RELATIVE,40,50
2023-08-23,1.8348809920220424,O2,SECTOR_RELATIVE,40,50
2023-08-24,1.7714617892217688,O2,SECTOR_RELATIVE,40,50
2023-08-25,1.8735686584548465,O2,SECTOR_RELATIVE,40,50
2023-08-28,1.9353451138579028,O2,SECTOR_RELATIVE,40,50
2023-08-29,1.9695109625318064,O2,SECTOR_RELATIVE,40,50
2023-08-31,2.075352371202224,O2,SECTOR_RELATIVE,40,50
2023-09-01,2.1485532267784326,O2,SECTOR_RELATIVE,40,50
2023-09-04,2.2305464247589715,O2,SECTOR_RELATIVE,40,50
2023-09-05,2.239843315328883,O2,SECTOR_RELATIVE,40,50
2023-09-06,2.2274467103629285,O2,SECTOR_RELATIVE,40,50
2023-09-07,2.2874402396620015,O2,SECTOR_RELATIVE,40,50
2023-09-08,2.2326347965881848,O2,SECTOR_RELATIVE,40,50
2023-09-11,2.1808862496948733,O2,SECTOR_RELATIVE,40,50
2023-09-12,2.2133685683194453,O2,SECTOR_RELATIVE,40,50
2023-09-13,2.1989322953693864,O2,SECTOR_RELATIVE,40,50
2023-09-14,2.2736624809298895,O2,SECTOR_RELATIVE,40,50
2023-09-15,2.252448773573176,O2,SECTOR_RELATIVE,40,50
2023-09-18,2.2296208166495197,O2,SECTOR_RELATIVE,40,50
2023-09-19,2.2732760526245808,O2,SECTOR_RELATIVE,40,50
2023-09-20,2.3261346821132687,O2,SECTOR_RELATIVE,40,50
2023-09-21,2.450972272545965,O2,SECTOR_RELATIVE,40,50
2023-09-22,2.5390369929097303,O2,SECTOR_RELATIVE,40,50
2023-09-25,2.67238173826191,O2,SECTOR_RELATIVE,40,50
2023-09-26,2.5684509479045636,O2,SECTOR_RELATIVE,40,50
2023-09-27,2.5205557249076342,O2,SECTOR_RELATIVE,40,50
2023-09-28,2.448684399797662,O2,SECTOR_RELATIVE,40,50
2023-09-29,2.402813921431231,O2,SECTOR_RELATIVE,40,50
2023-10-02,2.488521806259361,O2,SECTOR_RELATIVE,40,50
2023-10-03,2.50629975853197,O2,SECTOR_RELATIVE,40,50
2023-10-04,2.4532518502885954,O2,SECTOR_RELATIVE,40,50
2023-10-05,2.4807773770473833,O2,SECTOR_RELATIVE,40,50
2023-10-06,2.4920593541989637,O2,SECTOR_RELATIVE,40,50
2023-10-09,2.353939476582483,O2,SECTOR_RELATIVE,40,50
2023-10-10,2.4778983527754948,O2,SECTOR_RELATIVE,40,50
2023-10-11,2.4579342716532606,O2,SECTOR_RELATIVE,40,50
2023-10-12,2.4770977725200205,O2,SECTOR_RELATIVE,40,50
2023-10-13,2.419557048274804,O2,SECTOR_RELATIVE,40,50
2023-10-16,2.3056915112942606,O2,SECTOR_RELATIVE,40,50
2023-10-17,2.427330093238063,O2,SECTOR_RELATIVE,40,50
2023-10-18,2.3988940135587593,O2,SECTOR_RELATIVE,40,50
2023-10-19,2.422061300449399,O2,SECTOR_RELATIVE,40,50
2023-10-20,2.3265784975240873,O2,SECTOR_RELATIVE,40,50
2023-10-23,2.4416002106273473,O2,SECTOR_RELATIVE,40,50
2023-10-24,2.541627241153575,O2,SECTOR_RELATIVE,40,50
2023-10-25,2.337320029256103,O2,SECTOR_RELATIVE,40,50
2023-10-26,2.500045073343376,O2,SECTOR_RELATIVE,40,50
2023-10-27,2.560767103142457,O2,SECTOR_RELATIVE,40,50
2023-10-30,2.620181065095478,O2,SECTOR_RELATIVE,40,50
2023-02-02,1.0,O2,SECTOR_RELATIVE,40,100
2023-02-03,1.0286050398650697,O2,SECTOR_RELATIVE,40,100
2023-02-06,0.995421331978735,O2,SECTOR_RELATIVE,40,100
2023-02-07,0.8986589451775047,O2,SECTOR_RELATIVE,40,100
2023-02-08,0.8134812161641474,O2,SECTOR_RELATIVE,40,100
2023-02-15,0.9805269268660799,O2,SECTOR_RELATIVE,40,100
2023-02-16,0.9596482380956,O2,SECTOR_RELATIVE,40,100
2023-02-17,0.9671014341642447,O2,SECTOR_RELATIVE,40,100
2023-02-20,1.0221183038106965,O2,SECTOR_RELATIVE,40,100
2023-02-21,1.0344633002077277,O2,SECTOR_RELATIVE,40,100
2023-02-22,1.0256417019042372,O2,SECTOR_RELATIVE,40,100
2023-02-23,1.0609271363796982,O2,SECTOR_RELATIVE,40,100
2023-02-24,1.056705938555936,O2,SECTOR_RELATIVE,40,100
2023-02-27,1.0781335660156735,O2,SECTOR_RELATIVE,40,100
2023-02-28,1.0914556531333675,O2,SECTOR_RELATIVE,40,100
2023-03-01,1.1118252733616538,O2,SECTOR_RELATIVE,40,100
2023-03-02,1.1071659252393677,O2,SECTOR_RELATIVE,40,100
2023-03-03,1.0783982765392064,O2,SECTOR_RELATIVE,40,100
2023-03-06,1.1155995214032939,O2,SECTOR_RELATIVE,40,100
2023-03-07,1.1179845626618,O2,SECTOR_RELATIVE,40,100
2023-03-08,1.1061662325849084,O2,SECTOR_RELATIVE,40,100
2023-03-09,1.1157335461851305,O2,SECTOR_RELATIVE,40,100
2023-03-10,1.1096246516845594,O2,SECTOR_RELATIVE,40,100
2023-03-13,1.0888039037531199,O2,SECTOR_RELATIVE,40,100
2023-03-14,1.0454815311545198,O2,SECTOR_RELATIVE,40,100
2023-03-15,1.0133574131370489,O2,SECTOR_RELATIVE,40,100
2023-03-16,1.0350958175969849,O2,SECTOR_RELATIVE,40,100
2023-03-17,1.0374270290091665,O2,SECTOR_RELATIVE,40,100
2023-03-20,0.9945568139005107,O2,SECTOR_RELATIVE,40,100
2023-03-21,0.9764995279588353,O2,SECTOR_RELATIVE,40,100
2023-03-22,1.0007192841946086,O2,SECTOR_RELATIVE,40,100
2023-03-23,1.0208676647551183,O2,SECTOR_RELATIVE,40,100
2023-03-24,1.0070768851805625,O2,SECTOR_RELATIVE,40,100
2023-03-27,0.9917425169479236,O2,SECTOR_RELATIVE,40,100
2023-03-28,0.9331424620479711,O2,SECTOR_RELATIVE,40,100
2023-03-29,0.9536305490819625,O2,SECTOR_RELATIVE,40,100
2023-03-30,0.9473351925341879,O2,SECTOR_RELATIVE,40,100
2023-03-31,0.9271873945590527,O2,SECTOR_RELATIVE,40,100
2023-04-03,0.9319076572230413,O2,SECTOR_RELATIVE,40,100
2023-04-04,0.9570059189000231,O2,SECTOR_RELATIVE,40,100
2023-04-05,0.945641252011009,O2,SECTOR_RELATIVE,40,100
2023-04-06,0.9481991370837768,O2,SECTOR_RELATIVE,40,100
2023-04-07,0.9720003384304355,O2,SECTOR_RELATIVE,40,100
2023-04-10,1.0340655898545597,O2,SECTOR_RELATIVE,40,100
2023-04-11,1.0458938943313094,O2,SECTOR_RELATIVE,40,100
2023-04-12,1.0320914543709077,O2,SECTOR_RELATIVE,40,100
2023-04-13,1.0438946406979468,O2,SECTOR_RELATIVE,40,100
2023-04-14,1.0311312153083145,O2,SECTOR_RELATIVE,40,100
2023-04-17,1.018953533667319,O2,SECTOR_RELATIVE,40,100
2023-04-18,1.0015379289309996,O2,SECTOR_RELATIVE,40,100
2023-04-19,1.016186522125939,O2,SECTOR_RELATIVE,40,100
2023-04-20,1.001545376878081,O2,SECTOR_RELATIVE,40,100
2023-04-24,1.0004321476311837,O2,SECTOR_RELATIVE,40,100
2023-04-25,0.9751300124300789,O2,SECTOR_RELATIVE,40,100
2023-04-26,0.9549832099586352,O2,SECTOR_RELATIVE,40,100
2023-04-27,0.9622629007864434,O2,SECTOR_RELATIVE,40,100
2023-04-28,0.9235153257238643,O2,SECTOR_RELATIVE,40,100
2023-05-02,0.8801387283210924,O2,SECTOR_RELATIVE,40,100
2023-05-03,0.8576783922027675,O2,SECTOR_RELATIVE,40,100
2023-05-04,0.8659338583254581,O2,SECTOR_RELATIVE,40,100
2023-05-05,0.848391535637909,O2,SECTOR_RELATIVE,40,100
2023-05-08,0.8473123053820693,O2,SECTOR_RELATIVE,40,100
2023-05-09,0.8337496312659267,O2,SECTOR_RELATIVE,40,100
2023-05-10,0.8351859805789164,O2,SECTOR_RELATIVE,40,100
2023-05-11,0.882960570316908,O2,SECTOR_RELATIVE,40,100
2023-05-12,0.8597671112414287,O2,SECTOR_RELATIVE,40,100
2023-05-15,0.8402799221097476,O2,SECTOR_RELATIVE,40,100
2023-05-16,0.8886296191781797,O2,SECTOR_RELATIVE,40,100
2023-05-17,0.9212228853899995,O2,SECTOR_RELATIVE,40,100
2023-05-18,0.8825642948301714,O2,SECTOR_RELATIVE,40,100
2023-05-22,0.9003111807205172,O2,SECTOR_RELATIVE,40,100
2023-05-23,0.8993619851126686,O2,SECTOR_RELATIVE,40,100
2023-05-24,0.9067744490190237,O2,SECTOR_RELATIVE,40,100
2023-05-25,0.9132483193469979,O2,SECTOR_RELATIVE,40,100
2023-05-26,0.9436272219673195,O2,SECTOR_RELATIVE,40,100
2023-05-29,0.9927691166764218,O2,SECTOR_RELATIVE,40,100
2023-05-30,1.0224302706974493,O2,SECTOR_RELATIVE,40,100
2023-05-31,1.0370058865353367,O2,SECTOR_RELATIVE,40,100
2023-06-01,1.0689562218726525,O2,SECTOR_RELATIVE,40,100
2023-06-02,1.0960160127591578,O2,SECTOR_RELATIVE,40,100
2023-06-05,1.153606588645295,O2,SECTOR_RELATIVE,40,100
2023-06-06,1.1460543669614043,O2,SECTOR_RELATIVE,40,100
2023-06-07,1.1698893625711981,O2,SECTOR_RELATIVE,40,100
2023-06-08,1.1721566174596851,O2,SECTOR_RELATIVE,40,100
2023-06-09,1.2038288225382314,O2,SECTOR_RELATIVE,40,100
2023-06-12,1.1904805687376077,O2,SECTOR_RELATIVE,40,100
2023-06-13,1.1307951078481548,O2,SECTOR_RELATIVE,40,100
2023-06-14,1.1280297984936376,O2,SECTOR_RELATIVE,40,100
2023-06-15,1.1540038861443478,O2,SECTOR_RELATIVE,40,100
2023-06-16,1.1609281533774651,O2,SECTOR_RELATIVE,40,100
2023-06-19,1.1093038701845255,O2,SECTOR_RELATIVE,40,100
2023-06-20,1.0953400914817457,O2,SECTOR_RELATIVE,40,100
2023-06-21,1.0745691781066018,O2,SECTOR_RELATIVE,40,100
2023-06-22,1.1393601744093806,O2,SECTOR_RELATIVE,40,100
2023-06-23,1.1733634588876074,O2,SECTOR_RELATIVE,40,100
2023-06-26,1.2128686932930572,O2,SECTOR_RELATIVE,40,100
2023-06-27,1.2272310448913386,O2,SECTOR_RELATIVE,40,100
2023-07-03,1.2815744378064844,O2,SECTOR_RELATIVE,40,100
2023-07-04,1.2731514349936814,O2,SECTOR_RELATIVE,40,100
2023-07-05,1.2823720183622005,O2,SECTOR_RELATIVE,40,100
2023-07-06,1.2952880011075854,O2,SECTOR_RELATIVE,40,100
2023-07-07,1.3239523145149457,O2,SECTOR_RELATIVE,40,100
2023-07-10,1.3631049656113172,O2,SECTOR_RELATIVE,40,100
2023-07-11,1.3663706324417106,O2,SECTOR_RELATIVE,40,100
2023-07-12,1.3697202832749658,O2,SECTOR_RELATIVE,40,100
2023-07-13,1.3738379661434283,O2,SECTOR_RELATIVE,40,100
2023-07-14,1.3911193313871495,O2,SECTOR_RELATIVE,40,100
2023-07-17,1.4369212066317298,O2,SECTOR_RELATIVE,40,100
2023-07-18,1.3867161294545725,O2,SECTOR_RELATIVE,40,100
2023-07-19,1.4279709429469272,O2,SECTOR_RELATIVE,40,100
2023-07-20,1.4774529095596705,O2,SECTOR_RELATIVE,40,100
2023-07-21,1.4870721031262746,O2,SECTOR_RELATIVE,40,100
2023-07-24,1.5180826849281246,O2,SECTOR_RELATIVE,40,100
2023-07-25,1.4753401703776934,O2,SECTOR_RELATIVE,40,100
2023-07-26,1.5007086009866715,O2,SECTOR_RELATIVE,40,100
2023-07-27,1.4986728312215403,O2,SECTOR_RELATIVE,40,100
2023-07-28,1.534596216482747,O2,SECTOR_RELATIVE,40,100
2023-07-31,1.5764180806980386,O2,SECTOR_RELATIVE,40,100
2023-08-01,1.5695958445553004,O2,SECTOR_RELATIVE,40,100
2023-08-02,1.597613534377378,O2,SECTOR_RELATIVE,40,100
2023-08-03,1.6402926231541295,O2,SECTOR_RELATIVE,40,100
2023-08-04,1.6607412692108126,O2,SECTOR_RELATIVE,40,100
2023-08-07,1.6915378011984568,O2,SECTOR_RELATIVE,40,100
2023-08-08,1.7162496686666722,O2,SECTOR_RELATIVE,40,100
2023-08-09,1.7396318677120395,O2,SECTOR_RELATIVE,40,100
2023-08-10,1.7370781544669092,O2,SECTOR_RELATIVE,40,100
2023-08-11,1.8178453778782262,O2,SECTOR_RELATIVE,40,100
2023-08-14,1.84472887922841,O2,SECTOR_RELATIVE,40,100
2023-08-15,1.8150361493931304,O2,SECTOR_RELATIVE,40,100
2023-08-16,1.7894661158128373,O2,SECTOR_RELATIVE,40,100
2023-08-17,1.8032385187439242,O2,SECTOR_RELATIVE,40,100
2023-08-18,1.7428298783365435,O2,SECTOR_RELATIVE,40,100
2023-08-21,1.8208272811611483,O2,SECTOR_RELATIVE,40,100
2023-08-22,1.8636940718270258,O2,SECTOR_RELATIVE,40,100
2023-08-23,1.8132038852142638,O2,SECTOR_RELATIVE,40,100
2023-08-24,1.7503548008483807,O2,SECTOR_RELATIVE,40,100
2023-08-25,1.8515437618477173,O2,SECTOR_RELATIVE,40,100
2023-08-28,1.9127648665922747,O2,SECTOR_RELATIVE,40,100
2023-08-29,1.9466235751682976,O2,SECTOR_RELATIVE,40,100
2023-08-31,2.05151350328487,O2,SECTOR_RELATIVE,40,100
2023-09-01,2.1240563064836526,O2,SECTOR_RELATIVE,40,100
2023-09-04,2.20531241172888,O2,SECTOR_RELATIVE,40,100
2023-09-05,2.214525726213594,O2,SECTOR_RELATIVE,40,100
2023-09-06,2.2022405627780097,O2,SECTOR_RELATIVE,40,100
2023-09-07,2.2616947693564033,O2,SECTOR_RELATIVE,40,100
2023-09-08,2.207382009760487,O2,SECTOR_RELATIVE,40,100
2023-09-11,2.1560986658220243,O2,SECTOR_RELATIVE,40,100
2023-09-12,2.188288978747661,O2,SECTOR_RELATIVE,40,100
2023-09-13,2.1739824832935226,O2,SECTOR_RELATIVE,40,100
2023-09-14,2.2480408682871285,O2,SECTOR_RELATIVE,40,100
2023-09-15,2.227017865403063,O2,SECTOR_RELATIVE,40,100
2023-09-18,2.20439512454153,O2,SECTOR_RELATIVE,40,100
2023-09-19,2.2476579138492077,O2,SECTOR_RELATIVE,40,100
2023-09-20,2.300041361094072,O2,SECTOR_RELATIVE,40,100
2023-09-21,2.423756701349094,O2,SECTOR_RELATIVE,40,100
2023-09-22,2.5110297479250807,O2,SECTOR_RELATIVE,40,100
2023-09-25,2.6431757664863578,O2,SECTOR_RELATIVE,40,100
2023-09-26,2.540179280832748,O2,SECTOR_RELATIVE,40,100
2023-09-27,2.4927146206361073,O2,SECTOR_RELATIVE,40,100
2023-09-28,2.42148939584812,O2,SECTOR_RELATIVE,40,100
2023-09-29,2.376031278472623,O2,SECTOR_RELATIVE,40,100
2023-10-02,2.4609686767137955,O2,SECTOR_RELATIVE,40,100
2023-10-03,2.478586810857687,O2,SECTOR_RELATIVE,40,100
2023-10-04,2.426015786413856,O2,SECTOR_RELATIVE,40,100
2023-10-05,2.4532938674538616,O2,SECTOR_RELATIVE,40,100
2023-10-06,2.4644744232241176,O2,SECTOR_RELATIVE,40,100
2023-10-09,2.327596199316734,O2,SECTOR_RELATIVE,40,100
2023-10-10,2.4504407246932183,O2,SECTOR_RELATIVE,40,100
2023-10-11,2.4306561143017866,O2,SECTOR_RELATIVE,40,100
2023-10-12,2.449647341399259,O2,SECTOR_RELATIVE,40,100
2023-10-13,2.3926238899384966,O2,SECTOR_RELATIVE,40,100
2023-10-16,2.279781967869652,O2,SECTOR_RELATIVE,40,100
2023-10-17,2.4003270577032234,O2,SECTOR_RELATIVE,40,100
2023-10-18,2.372146609323449,O2,SECTOR_RELATIVE,40,100
2023-10-19,2.3951056296836377,O2,SECTOR_RELATIVE,40,100
2023-10-20,2.3004811867457016,O2,SECTOR_RELATIVE,40,100
2023-10-23,2.414468891282157,O2,SECTOR_RELATIVE,40,100
2023-10-24,2.5135967106621977,O2,SECTOR_RELATIVE,40,100
2023-10-25,2.3111261555285845,O2,SECTOR_RELATIVE,40,100
2023-10-26,2.472388353296844,O2,SECTOR_RELATIVE,40,100
2023-10-27,2.5325645113877755,O2,SECTOR_RELATIVE,40,100
2023-10-30,2.591444360745968,O2,SECTOR_RELATIVE,40,100
2023-02-02,1.0,O2,BETA_RESIDUAL,40,0
2023-02-03,1.0432611121214497,O2,BETA_RESIDUAL,40,0
2023-02-06,1.0218824701141687,O2,BETA_RESIDUAL,40,0
2023-02-07,0.924515945164154,O2,BETA_RESIDUAL,40,0
2023-02-08,0.8459560329290312,O2,BETA_RESIDUAL,40,0
2023-02-15,1.0079879792325057,O2,BETA_RESIDUAL,40,0
2023-02-16,0.9948732593760689,O2,BETA_RESIDUAL,40,0
2023-02-17,1.002904014564491,O2,BETA_RESIDUAL,40,0
2023-02-20,1.053378384611114,O2,BETA_RESIDUAL,40,0
2023-02-21,1.0476317519461056,O2,BETA_RESIDUAL,40,0
2023-02-22,1.0394805670826328,O2,BETA_RESIDUAL,40,0
2023-02-23,1.0754305410902332,O2,BETA_RESIDUAL,40,0
2023-02-24,1.0663123837970316,O2,BETA_RESIDUAL,40,0
2023-02-27,1.0746023940432547,O2,BETA_RESIDUAL,40,0
2023-02-28,1.0824035934712637,O2,BETA_RESIDUAL,40,0
2023-03-01,1.0992693927062995,O2,BETA_RESIDUAL,40,0
2023-03-02,1.0863786742380024,O2,BETA_RESIDUAL,40,0
2023-03-03,1.0591032141760042,O2,BETA_RESIDUAL,40,0
2023-03-06,1.0891328028497975,O2,BETA_RESIDUAL,40,0
2023-03-07,1.0898325796442223,O2,BETA_RESIDUAL,40,0
2023-03-08,1.06476516862112,O2,BETA_RESIDUAL,40,0
2023-03-09,1.0695014393682052,O2,BETA_RESIDUAL,40,0
2023-03-10,1.0617064970366916,O2,BETA_RESIDUAL,40,0
2023-03-13,1.0368632387684003,O2,BETA_RESIDUAL,40,0
2023-03-14,1.0013851689611895,O2,BETA_RESIDUAL,40,0
2023-03-15,0.9776155236227684,O2,BETA_RESIDUAL,40,0
2023-03-16,1.000959958892274,O2,BETA_RESIDUAL,40,0
2023-03-17,1.0033386078018554,O2,BETA_RESIDUAL,40,0
2023-03-20,0.9684812407712421,O2,BETA_RESIDUAL,40,0
2023-03-21,0.9560921822439701,O2,BETA_RESIDUAL,40,0
2023-03-22,0.9695321551037105,O2,BETA_RESIDUAL,40,0
2023-03-23,0.9876042965800468,O2,BETA_RESIDUAL,40,0
2023-03-24,0.9756453148236398,O2,BETA_RESIDUAL,40,0
2023-03-27,0.959694593566749,O2,BETA_RESIDUAL,40,0
2023-03-28,0.904020105561981,O2,BETA_RESIDUAL,40,0
2023-03-29,0.9165306734024734,O2,BETA_RESIDUAL,40,0
2023-03-30,0.9106547740921888,O2,BETA_RESIDUAL,40,0
2023-03-31,0.8859052008824942,O2,BETA_RESIDUAL,40,0
2023-04-03,0.8858327470288275,O2,BETA_RESIDUAL,40,0
2023-04-04,0.9139312999062955,O2,BETA_RESIDUAL,40,0
2023-04-05,0.9056484922149938,O2,BETA_RESIDUAL,40,0
2023-04-06,0.9096318425186506,O2,BETA_RESIDUAL,40,0
2023-04-07,0.932386310195876,O2,BETA_RESIDUAL,40,0
2023-04-10,0.9914571717328109,O2,BETA_RESIDUAL,40,0
2023-04-11,1.0012123571224107,O2,BETA_RESIDUAL,40,0
2023-04-12,0.9877800887167162,O2,BETA_RESIDUAL,40,0
2023-04-13,0.9988285938437808,O2,BETA_RESIDUAL,40,0
2023-04-14,0.9853298634668404,O2,BETA_RESIDUAL,40,0
2023-04-17,0.972931174955354,O2,BETA_RESIDUAL,40,0
2023-04-18,0.961235068465045,O2,BETA_RESIDUAL,40,0
2023-04-19,0.9747844986339161,O2,BETA_RESIDUAL,40,0
2023-04-20,0.9587219646826276,O2,BETA_RESIDUAL,40,0
2023-04-24,0.9611158692158317,O2,BETA_RESIDUAL,40,0
2023-04-25,0.9379255272748681,O2,BETA_RESIDUAL,40,0
2023-04-26,0.9156438513255893,O2,BETA_RESIDUAL,40,0
2023-04-27,0.9258906934017107,O2,BETA_RESIDUAL,40,0
2023-04-28,0.8929114582635445,O2,BETA_RESIDUAL,40,0
2023-05-02,0.8446517680853234,O2,BETA_RESIDUAL,40,0
2023-05-03,0.8118816006270461,O2,BETA_RESIDUAL,40,0
2023-05-04,0.8184082167339983,O2,BETA_RESIDUAL,40,0
2023-05-05,0.8000232619045777,O2,BETA_RESIDUAL,40,0
2023-05-08,0.8012580950890358,O2,BETA_RESIDUAL,40,0
2023-05-09,0.786448423264108,O2,BETA_RESIDUAL,40,0
2023-05-10,0.7874619412308961,O2,BETA_RESIDUAL,40,0
2023-05-11,0.829745228439892,O2,BETA_RESIDUAL,40,0
2023-05-12,0.8128522643285676,O2,BETA_RESIDUAL,40,0
2023-05-15,0.7973148535104778,O2,BETA_RESIDUAL,40,0
2023-05-16,0.836569026185858,O2,BETA_RESIDUAL,40,0
2023-05-17,0.8713786579750027,O2,BETA_RESIDUAL,40,0
2023-05-18,0.8404592178325255,O2,BETA_RESIDUAL,40,0
2023-05-22,0.8554966714259434,O2,BETA_RESIDUAL,40,0
2023-05-23,0.8588768413072977,O2,BETA_RESIDUAL,40,0
2023-05-24,0.859189234636742,O2,BETA_RESIDUAL,40,0
2023-05-25,0.8684822016713949,O2,BETA_RESIDUAL,40,0
2023-05-26,0.8924091312442586,O2,BETA_RESIDUAL,40,0
2023-05-29,0.9327253616400059,O2,BETA_RESIDUAL,40,0
2023-05-30,0.9505570324099879,O2,BETA_RESIDUAL,40,0
2023-05-31,0.9680081816060272,O2,BETA_RESIDUAL,40,0
2023-06-01,0.9906572218371562,O2,BETA_RESIDUAL,40,0
2023-06-02,1.0162862573976759,O2,BETA_RESIDUAL,40,0
2023-06-05,1.0743890852172304,O2,BETA_RESIDUAL,40,0
2023-06-06,1.060946803386034,O2,BETA_RESIDUAL,40,0
2023-06-07,1.0810482815041216,O2,BETA_RESIDUAL,40,0
2023-06-08,1.0859354528884424,O2,BETA_RESIDUAL,40,0
2023-06-09,1.1067478912880913,O2,BETA_RESIDUAL,40,0
2023-06-12,1.0917332669331934,O2,BETA_RESIDUAL,40,0
2023-06-13,1.0334778213002966,O2,BETA_RESIDUAL,40,0
2023-06-14,1.0349692972991824,O2,BETA_RESIDUAL,40,0
2023-06-15,1.0557700074884764,O2,BETA_RESIDUAL,40,0
2023-06-16,1.0546882428383568,O2,BETA_RESIDUAL,40,0
2023-06-19,1.0094208801000106,O2,BETA_RESIDUAL,40,0
2023-06-20,0.9964678349975337,O2,BETA_RESIDUAL,40,0
2023-06-21,0.9810545118105549,O2,BETA_RESIDUAL,40,0
2023-06-22,1.028054031189078,O2,BETA_RESIDUAL,40,0
2023-06-23,1.0575160967303932,O2,BETA_RESIDUAL,40,0
2023-06-26,1.0813322667923657,O2,BETA_RESIDUAL,40,0
2023-06-27,1.0913560417526247,O2,BETA_RESIDUAL,40,0
2023-07-03,1.1360287737205896,O2,BETA_RESIDUAL,40,0
2023-07-04,1.1308677447180784,O2,BETA_RESIDUAL,40,0
2023-07-05,1.1409075232751775,O2,BETA_RESIDUAL,40,0
2023-07-06,1.1443281399919438,O2,BETA_RESIDUAL,40,0
2023-07-07,1.1657452973524638,O2,BETA_RESIDUAL,40,0
2023-07-10,1.2070499398931667,O2,BETA_RESIDUAL,40,0
2023-07-11,1.2115030295747795,O2,BETA_RESIDUAL,40,0
2023-07-12,1.210439749666535,O2,BETA_RESIDUAL,40,0
2023-07-13,1.2264368083343495,O2,BETA_RESIDUAL,40,0
2023-07-14,1.2468830617685924,O2,BETA_RESIDUAL,40,0
2023-07-17,1.2856215299855696,O2,BETA_RESIDUAL,40,0
2023-07-18,1.2325359031822205,O2,BETA_RESIDUAL,40,0
2023-07-19,1.272077832838108,O2,BETA_RESIDUAL,40,0
2023-07-20,1.319917099823391,O2,BETA_RESIDUAL,40,0
2023-07-21,1.3368700505938325,O2,BETA_RESIDUAL,40,0
2023-07-24,1.3831780648519385,O2,BETA_RESIDUAL,40,0
2023-07-25,1.3598108352695042,O2,BETA_RESIDUAL,40,0
2023-07-26,1.3689773336991269,O2,BETA_RESIDUAL,40,0
2023-07-27,1.3848146631346832,O2,BETA_RESIDUAL,40,0
2023-07-28,1.4025983408130287,O2,BETA_RESIDUAL,40,0
2023-07-31,1.44652813849721,O2,BETA_RESIDUAL,40,0
2023-08-01,1.4542983309179838,O2,BETA_RESIDUAL,40,0
2023-08-02,1.4765568825573614,O2,BETA_RESIDUAL,40,0
2023-08-03,1.5372939627057167,O2,BETA_RESIDUAL,40,0
2023-08-04,1.5641101665133768,O2,BETA_RESIDUAL,40,0
2023-08-07,1.5929352866801056,O2,BETA_RESIDUAL,40,0
2023-08-08,1.6160652465600485,O2,BETA_RESIDUAL,40,0
2023-08-09,1.637950655524782,O2,BETA_RESIDUAL,40,0
2023-08-10,1.6355604158967687,O2,BETA_RESIDUAL,40,0
2023-08-11,1.7111573993914784,O2,BETA_RESIDUAL,40,0
2023-08-14,1.7363199779971594,O2,BETA_RESIDUAL,40,0
2023-08-15,1.708528001097827,O2,BETA_RESIDUAL,40,0
2023-08-16,1.6845948098243766,O2,BETA_RESIDUAL,40,0
2023-08-17,1.6974855849815422,O2,BETA_RESIDUAL,40,0
2023-08-18,1.6409439484248651,O2,BETA_RESIDUAL,40,0
2023-08-21,1.713948418863745,O2,BETA_RESIDUAL,40,0
2023-08-22,1.7540711311419224,O2,BETA_RESIDUAL,40,0
2023-08-23,1.70681302763412,O2,BETA_RESIDUAL,40,0
2023-08-24,1.6479871699062987,O2,BETA_RESIDUAL,40,0
2023-08-25,1.742698612140202,O2,BETA_RESIDUAL,40,0
2023-08-28,1.8000007038727963,O2,BETA_RESIDUAL,40,0
2023-08-29,1.8316919781950374,O2,BETA_RESIDUAL,40,0
2023-08-31,1.9298674735220045,O2,BETA_RESIDUAL,40,0
2023-09-01,1.9977665155399573,O2,BETA_RESIDUAL,40,0
2023-09-04,2.073821085545234,O2,BETA_RESIDUAL,40,0
2023-09-05,2.0824446181320297,O2,BETA_RESIDUAL,40,0
2023-09-06,2.0709458781946664,O2,BETA_RESIDUAL,40,0
2023-09-07,2.1265941781307536,O2,BETA_RESIDUAL,40,0
2023-09-08,2.075758200152224,O2,BETA_RESIDUAL,40,0
2023-09-11,2.0277577125593043,O2,BETA_RESIDUAL,40,0
2023-09-12,2.057887392052384,O2,BETA_RESIDUAL,40,0
2023-09-13,2.044496713816414,O2,BETA_RESIDUAL,40,0
2023-09-14,2.1138143190471266,O2,BETA_RESIDUAL,40,0
2023-09-15,2.0941370844597453,O2,BETA_RESIDUAL,40,0
2023-09-18,2.072962517658,O2,BETA_RESIDUAL,40,0
2023-09-19,2.1134558790872036,O2,BETA_RESIDUAL,40,0
2023-09-20,2.1624860478797974,O2,BETA_RESIDUAL,40,0
2023-09-21,2.27828186380964,O2,BETA_RESIDUAL,40,0
2023-09-22,2.3599682061509997,O2,BETA_RESIDUAL,40,0
2023-09-25,2.483655018228146,O2,BETA_RESIDUAL,40,0
2023-09-26,2.3872517583770954,O2,BETA_RESIDUAL,40,0
2023-09-27,2.3428255049797957,O2,BETA_RESIDUAL,40,0
2023-09-28,2.276159697796061,O2,BETA_RESIDUAL,40,0
2023-09-29,2.2336115402169003,O2,BETA_RESIDUAL,40,0
2023-10-02,2.313111748614826,O2,BETA_RESIDUAL,40,0
2023-10-03,2.329602074019484,O2,BETA_RESIDUAL,40,0
2023-10-04,2.28039633561071,O2,BETA_RESIDUAL,40,0
2023-10-05,2.3059282352483508,O2,BETA_RESIDUAL,40,0
2023-10-06,2.316393077969529,O2,BETA_RESIDUAL,40,0
2023-10-09,2.188276988342238,O2,BETA_RESIDUAL,40,0
2023-10-10,2.303257733811326,O2,BETA_RESIDUAL,40,0
2023-10-11,2.284739617154109,O2,BETA_RESIDUAL,40,0
2023-10-12,2.302515138223101,O2,BETA_RESIDUAL,40,0
2023-10-13,2.2491419908395724,O2,BETA_RESIDUAL,40,0
2023-10-16,2.1435235411782885,O2,BETA_RESIDUAL,40,0
2023-10-17,2.2563520473670993,O2,BETA_RESIDUAL,40,0
2023-10-18,2.2299755446094123,O2,BETA_RESIDUAL,40,0
2023-10-19,2.251464864285353,O2,BETA_RESIDUAL,40,0
2023-10-20,2.1628977184947136,O2,BETA_RESIDUAL,40,0
2023-10-23,2.269588604407165,O2,BETA_RESIDUAL,40,0
2023-10-24,2.3623708471168916,O2,BETA_RESIDUAL,40,0
2023-10-25,2.172861259339533,O2,BETA_RESIDUAL,40,0
2023-10-26,2.323800405048726,O2,BETA_RESIDUAL,40,0
2023-10-27,2.380124441431755,O2,BETA_RESIDUAL,40,0
2023-10-30,2.4352351510996395,O2,BETA_RESIDUAL,40,0
2023-02-02,1.0,O2,BETA_RESIDUAL,40,30
2023-02-03,1.0402611121214498,O2,BETA_RESIDUAL,40,30
2023-02-06,1.0188824701141685,O2,BETA_RESIDUAL,40,30
2023-02-07,0.9215159451641539,O2,BETA_RESIDUAL,40,30
2023-02-08,0.8429560329290313,O2,BETA_RESIDUAL,40,30
2023-02-15,1.0049879792325056,O2,BETA_RESIDUAL,40,30
2023-02-16,0.9918732593760687,O2,BETA_RESIDUAL,40,30
2023-02-17,0.999904014564491,O2,BETA_RESIDUAL,40,30
2023-02-20,1.050378384611114,O2,BETA_RESIDUAL,40,30
2023-02-21,1.0446317519461057,O2,BETA_RESIDUAL,40,30
2023-02-22,1.036480567082633,O2,BETA_RESIDUAL,40,30
2023-02-23,1.0724305410902333,O2,BETA_RESIDUAL,40,30
2023-02-24,1.0633123837970317,O2,BETA_RESIDUAL,40,30
2023-02-27,1.0716023940432549,O2,BETA_RESIDUAL,40,30
2023-02-28,1.0794035934712638,O2,BETA_RESIDUAL,40,30
2023-03-01,1.0962693927062994,O2,BETA_RESIDUAL,40,30
2023-03-02,1.0833786742380025,O2,BETA_RESIDUAL,40,30
2023-03-03,1.0561032141760043,O2,BETA_RESIDUAL,40,30
2023-03-06,1.0861328028497976,O2,BETA_RESIDUAL,40,30
2023-03-07,1.0868325796442224,O2,BETA_RESIDUAL,40,30
2023-03-08,1.06176516862112,O2,BETA_RESIDUAL,40,30
2023-03-09,1.0665014393682053,O2,BETA_RESIDUAL,40,30
2023-03-10,1.0587064970366915,O2,BETA_RESIDUAL,40,30
2023-03-13,1.0338632387684001,O2,BETA_RESIDUAL,40,30
2023-03-14,0.9983851689611896,O2,BETA_RESIDUAL,40,30
2023-03-15,0.9746155236227685,O2,BETA_RESIDUAL,40,30
2023-03-16,0.9979599588922742,O2,BETA_RESIDUAL,40,30
2023-03-17,1.0003386078018552,O2,BETA_RESIDUAL,40,30
2023-03-20,0.965481240771242,O2,BETA_RESIDUAL,40,30
2023-03-21,0.9530921822439702,O2,BETA_RESIDUAL,40,30
2023-03-22,0.9665321551037106,O2,BETA_RESIDUAL,40,30
2023-03-23,0.9846042965800468,O2,BETA_RESIDUAL,40,30
2023-03-24,0.9726453148236398,O2,BETA_RESIDUAL,40,30
2023-03-27,0.956694593566749,O2,BETA_RESIDUAL,40,30
2023-03-28,0.9010201055619809,O2,BETA_RESIDUAL,40,30
2023-03-29,0.9135306734024733,O2,BETA_RESIDUAL,40,30
2023-03-30,0.9076547740921889,O2,BETA_RESIDUAL,40,30
2023-03-31,0.8829052008824942,O2,BETA_RESIDUAL,40,30
2023-04-03,0.8828327470288274,O2,BETA_RESIDUAL,40,30
2023-04-04,0.9109312999062956,O2,BETA_RESIDUAL,40,30
2023-04-05,0.9026484922149937,O2,BETA_RESIDUAL,40,30
2023-04-06,0.9066318425186506,O2,BETA_RESIDUAL,40,30
2023-04-07,0.929386310195876,O2,BETA_RESIDUAL,40,30
2023-04-10,0.988457171732811,O2,BETA_RESIDUAL,40,30
2023-04-11,0.9982123571224109,O2,BETA_RESIDUAL,40,30
2023-04-12,0.9847800887167163,O2,BETA_RESIDUAL,40,30
2023-04-13,0.9958285938437808,O2,BETA_RESIDUAL,40,30
2023-04-14,0.9823298634668405,O2,BETA_RESIDUAL,40,30
2023-04-17,0.9699311749553541,O2,BETA_RESIDUAL,40,30
2023-04-18,0.958235068465045,O2,BETA_RESIDUAL,40,30
2023-04-19,0.9717844986339161,O2,BETA_RESIDUAL,40,30
2023-04-20,0.9557219646826277,O2,BETA_RESIDUAL,40,30
2023-04-24,0.9581158692158318,O2,BETA_RESIDUAL,40,30
2023-04-25,0.9349255272748681,O2,BETA_RESIDUAL,40,30
2023-04-26,0.9126438513255893,O2,BETA_RESIDUAL,40,30
2023-04-27,0.9228906934017107,O2,BETA_RESIDUAL,40,30
2023-04-28,0.8899114582635446,O2,BETA_RESIDUAL,40,30
2023-05-02,0.8416517680853233,O2,BETA_RESIDUAL,40,30
2023-05-03,0.8088816006270461,O2,BETA_RESIDUAL,40,30
2023-05-04,0.8154082167339982,O2,BETA_RESIDUAL,40,30
2023-05-05,0.7970232619045778,O2,BETA_RESIDUAL,40,30
2023-05-08,0.795360313902077,O2,BETA_RESIDUAL,40,30
2023-05-09,0.7806058491106223,O2,BETA_RESIDUAL,40,30
2023-05-10,0.7816155889166931,O2,BETA_RESIDUAL,40,30
2023-05-11,0.8237412538042841,O2,BETA_RESIDUAL,40,30
2023-05-12,0.8069112627585464,O2,BETA_RESIDUAL,40,30
2023-05-15,0.7914317718166874,O2,BETA_RESIDUAL,40,30
2023-05-16,0.8305396140094979,O2,BETA_RESIDUAL,40,30
2023-05-17,0.8652194835371907,O2,BETA_RESIDUAL,40,30
2023-05-18,0.834415303920881,O2,BETA_RESIDUAL,40,30
2023-05-22,0.8493967013630421,O2,BETA_RESIDUAL,40,30
2023-05-23,0.8527642707523673,O2,BETA_RESIDUAL,40,30
2023-05-24,0.8530754995516857,O2,BETA_RESIDUAL,40,30
2023-05-25,0.8623338245531991,O2,BETA_RESIDUAL,40,30
2023-05-26,0.886171560063058,O2,BETA_RESIDUAL,40,30
2023-05-29,0.9263375008705366,O2,BETA_RESIDUAL,40,30
2023-05-30,0.94410269929348,O2,BETA_RESIDUAL,40,30
2023-05-31,0.9614887946389548,O2,BETA_RESIDUAL,40,30
2023-06-01,0.9840534044831749,O2,BETA_RESIDUAL,40,30
2023-06-02,1.0095869009229907,O2,BETA_RESIDUAL,40,30
2023-06-05,1.0674731348302542,O2,BETA_RESIDUAL,40,30
2023-06-06,1.0540809627186913,O2,BETA_RESIDUAL,40,30
2023-06-07,1.0741075071725867,O2,BETA_RESIDUAL,40,30
2023-06-08,1.078976460311602,O2,BETA_RESIDUAL,40,30
2023-06-09,1.0997113147514597,O2,BETA_RESIDUAL,40,30
2023-06-12,1.0847526614456942,O2,BETA_RESIDUAL,40,30
2023-06-13,1.0267143786490207,O2,BETA_RESIDUAL,40,30
2023-06-14,1.0282002947701205,O2,BETA_RESIDUAL,40,30
2023-06-15,1.048923464719681,O2,BETA_RESIDUAL,40,30
2023-06-16,1.0478457326381392,O2,BETA_RESIDUAL,40,30
2023-06-19,1.0027471161650359,O2,BETA_RESIDUAL,40,30
2023-06-20,0.9898423570207492,O2,BETA_RESIDUAL,40,30
2023-06-21,0.9744864911399939,O2,BETA_RESIDUAL,40,30
2023-06-22,1.021310807173688,O2,BETA_RESIDUAL,40,30
2023-06-23,1.050663044944493,O2,BETA_RESIDUAL,40,30
2023-06-26,1.0743904338293164,O2,BETA_RESIDUAL,40,30
2023-06-27,1.0843768424734075,O2,BETA_RESIDUAL,40,30
2023-07-03,1.1288830448221994,O2,BETA_RESIDUAL,40,30
2023-07-04,1.123741254942895,O2,BETA_RESIDUAL,40,30
2023-07-05,1.133743607526116,O2,BETA_RESIDUAL,40,30
2023-07-06,1.1371514729743997,O2,BETA_RESIDUAL,40,30
2023-07-07,1.1584887921226168,O2,BETA_RESIDUAL,40,30
2023-07-10,1.1996394605030352,O2,BETA_RESIDUAL,40,30
2023-07-11,1.2040759500955969,O2,BETA_RESIDUAL,40,30
2023-07-12,1.2030166338490846,O2,BETA_RESIDUAL,40,30
2023-07-13,1.2189540591797272,O2,BETA_RESIDUAL,40,30
2023-07-14,1.239324093707091,O2,BETA_RESIDUAL,40,30
2023-07-17,1.2779181538685198,O2,BETA_RESIDUAL,40,30
2023-07-18,1.225030418011743,O2,BETA_RESIDUAL,40,30
2023-07-19,1.2644249444935491,O2,BETA_RESIDUAL,40,30
2023-07-20,1.3120858777490239,O2,BETA_RESIDUAL,40,30
2023-07-21,1.3289756318374786,O2,BETA_RESIDUAL,40,30
2023-07-24,1.3751110205220114,O2,BETA_RESIDUAL,40,30
2023-07-25,1.3518308985703862,O2,BETA_RESIDUAL,40,30
2023-07-26,1.3609632264125966,O2,BETA_RESIDUAL,40,30
2023-07-27,1.3767415179446392,O2,BETA_RESIDUAL,40,30
2023-07-28,1.3944589021830989,O2,BETA_RESIDUAL,40,30
2023-07-31,1.4382249397353954,O2,BETA_RESIDUAL,40,30
2023-08-01,1.4459661666748183,O2,BETA_RESIDUAL,40,30
2023-08-02,1.4681417435785,O2,BETA_RESIDUAL,40,30
2023-08-03,1.528652409930761,O2,BETA_RESIDUAL,40,30
2023-08-04,1.5524859231846668,O2,BETA_RESIDUAL,40,30
2023-08-07,1.5811493937541683,O2,BETA_RESIDUAL,40,30
2023-08-08,1.6041496421645023,O2,BETA_RESIDUAL,40,30
2023-08-09,1.6259123190287672,O2,BETA_RESIDUAL,40,30
2023-08-10,1.6235354837255553,O2,BETA_RESIDUAL,40,30
2023-08-11,1.6987085237340676,O2,BETA_RESIDUAL,40,30
2023-08-14,1.7237299920625566,O2,BETA_RESIDUAL,40,30
2023-08-15,1.6960938709531035,O2,BETA_RESIDUAL,40,30
2023-08-16,1.672294895624195,O2,BETA_RESIDUAL,40,30
2023-08-17,1.6851133800640954,O2,BETA_RESIDUAL,40,30
2023-08-18,1.6288888257163772,O2,BETA_RESIDUAL,40,30
2023-08-21,1.701483891331479,O2,BETA_RESIDUAL,40,30
2023-08-22,1.7413815977730134,O2,BETA_RESIDUAL,40,30
2023-08-23,1.6943885149608258,O2,BETA_RESIDUAL,40,30
2023-08-24,1.6358925492214254,O2,BETA_RESIDUAL,40,30
2023-08-25,1.73007285519635,O2,BETA_RESIDUAL,40,30
2023-08-28,1.7870536001315924,O2,BETA_RESIDUAL,40,30
2023-08-29,1.8185671516308175,O2,BETA_RESIDUAL,40,30
2023-08-31,1.9161920844905527,O2,BETA_RESIDUAL,40,30
2023-09-01,1.9837103526303448,O2,BETA_RESIDUAL,40,30
2023-09-04,2.05933841303089,O2,BETA_RESIDUAL,40,30
2023-09-05,2.0679135853485424,O2,BETA_RESIDUAL,40,30
2023-09-06,2.056479329675902,O2,BETA_RESIDUAL,40,30
2023-09-07,2.111815557182836,O2,BETA_RESIDUAL,40,30
2023-09-08,2.0612646644118398,O2,BETA_RESIDUAL,40,30
2023-09-11,2.0135333607613024,O2,BETA_RESIDUAL,40,30
2023-09-12,2.0434940747643338,O2,BETA_RESIDUAL,40,30
2023-09-13,2.0301784906730167,O2,BETA_RESIDUAL,40,30
2023-09-14,2.099107366805585,O2,BETA_RESIDUAL,40,30
2023-09-15,2.079540481005207,O2,BETA_RESIDUAL,40,30
2023-09-18,2.0584846599424265,O2,BETA_RESIDUAL,40,30
2023-09-19,2.0987509369561073,O2,BETA_RESIDUAL,40,30
2023-09-20,2.147506147414045,O2,BETA_RESIDUAL,40,30
2023-09-21,2.2626525871436347,O2,BETA_RESIDUAL,40,30
2023-09-22,2.343880837228584,O2,BETA_RESIDUAL,40,30
2023-09-25,2.466874020858079,O2,BETA_RESIDUAL,40,30
2023-09-26,2.3710113848807945,O2,BETA_RESIDUAL,40,30
2023-09-27,2.3268342713284107,O2,BETA_RESIDUAL,40,30
2023-09-28,2.2605423221136203,O2,BETA_RESIDUAL,40,30
2023-09-29,2.2182327721272697,O2,BETA_RESIDUAL,40,30
2023-10-02,2.297287147980779,O2,BETA_RESIDUAL,40,30
2023-10-03,2.3136849965997586,O2,BETA_RESIDUAL,40,30
2023-10-04,2.2647552011098364,O2,BETA_RESIDUAL,40,30
2023-10-05,2.290143919339421,O2,BETA_RESIDUAL,40,30
2023-10-06,2.300550075831326,O2,BETA_RESIDUAL,40,30
2023-10-09,2.1731524537825515,O2,BETA_RESIDUAL,40,30
2023-10-10,2.28748839391912,O2,BETA_RESIDUAL,40,30
2023-10-11,2.269074125782975,O2,BETA_RESIDUAL,40,30
2023-10-12,2.2867499627637593,O2,BETA_RESIDUAL,40,30
2023-10-13,2.233676128886208,O2,BETA_RESIDUAL,40,30
2023-10-16,2.1286499813471282,O2,BETA_RESIDUAL,40,30
2023-10-17,2.240845751836115,O2,BETA_RESIDUAL,40,30
2023-10-18,2.2146171669716543,O2,BETA_RESIDUAL,40,30
2023-10-19,2.2359859757928193,O2,BETA_RESIDUAL,40,30
2023-10-20,2.147915509404098,O2,BETA_RESIDUAL,40,30
2023-10-23,2.254008079034229,O2,BETA_RESIDUAL,40,30
2023-10-24,2.3462700043236935,O2,BETA_RESIDUAL,40,30
2023-10-25,2.1578231752914077,O2,BETA_RESIDUAL,40,30
2023-10-26,2.307915863051123,O2,BETA_RESIDUAL,40,30
2023-10-27,2.3639240375143102,O2,BETA_RESIDUAL,40,30
2023-10-30,2.418725689527996,O2,BETA_RESIDUAL,40,30
2023-02-02,1.0,O2,BETA_RESIDUAL,40,50
2023-02-03,1.0382611121214498,O2,BETA_RESIDUAL,40,50
2023-02-06,1.0168824701141685,O2,BETA_RESIDUAL,40,50
2023-02-07,0.9195159451641539,O2,BETA_RESIDUAL,40,50
2023-02-08,0.8409560329290313,O2,BETA_RESIDUAL,40,50
2023-02-15,1.0029879792325056,O2,BETA_RESIDUAL,40,50
2023-02-16,0.9898732593760687,O2,BETA_RESIDUAL,40,50
2023-02-17,0.997904014564491,O2,BETA_RESIDUAL,40,50
2023-02-20,1.048378384611114,O2,BETA_RESIDUAL,40,50
2023-02-21,1.0426317519461057,O2,BETA_RESIDUAL,40,50
2023-02-22,1.034480567082633,O2,BETA_RESIDUAL,40,50
2023-02-23,1.0704305410902333,O2,BETA_RESIDUAL,40,50
2023-02-24,1.0613123837970317,O2,BETA_RESIDUAL,40,50
2023-02-27,1.0696023940432549,O2,BETA_RESIDUAL,40,50
2023-02-28,1.0774035934712638,O2,BETA_RESIDUAL,40,50
2023-03-01,1.0942693927062994,O2,BETA_RESIDUAL,40,50
2023-03-02,1.0813786742380025,O2,BETA_RESIDUAL,40,50
2023-03-03,1.054103214176004,O2,BETA_RESIDUAL,40,50
2023-03-06,1.0841328028497976,O2,BETA_RESIDUAL,40,50
2023-03-07,1.0848325796442224,O2,BETA_RESIDUAL,40,50
2023-03-08,1.05976516862112,O2,BETA_RESIDUAL,40,50
2023-03-09,1.0645014393682053,O2,BETA_RESIDUAL,40,50
2023-03-10,1.0567064970366915,O2,BETA_RESIDUAL,40,50
2023-03-13,1.0318632387684001,O2,BETA_RESIDUAL,40,50
2023-03-14,0.9963851689611896,O2,BETA_RESIDUAL,40,50
2023-03-15,0.9726155236227685,O2,BETA_RESIDUAL,40,50
2023-03-16,0.9959599588922742,O2,BETA_RESIDUAL,40,50
2023-03-17,0.9983386078018553,O2,BETA_RESIDUAL,40,50
2023-03-20,0.963481240771242,O2,BETA_RESIDUAL,40,50
2023-03-21,0.9510921822439702,O2,BETA_RESIDUAL,40,50
2023-03-22,0.9645321551037106,O2,BETA_RESIDUAL,40,50
2023-03-23,0.9826042965800468,O2,BETA_RESIDUAL,40,50
2023-03-24,0.9706453148236398,O2,BETA_RESIDUAL,40,50
2023-03-27,0.954694593566749,O2,BETA_RESIDUAL,40,50
2023-03-28,0.8990201055619809,O2,BETA_RESIDUAL,40,50
2023-03-29,0.9115306734024733,O2,BETA_RESIDUAL,40,50
2023-03-30,0.9056547740921889,O2,BETA_RESIDUAL,40,50
2023-03-31,0.8809052008824942,O2,BETA_RESIDUAL,40,50
2023-04-03,0.8808327470288274,O2,BETA_RESIDUAL,40,50
2023-04-04,0.9089312999062956,O2,BETA_RESIDUAL,40,50
2023-04-05,0.9006484922149937,O2,BETA_RESIDUAL,40,50
2023-04-06,0.9046318425186506,O2,BETA_RESIDUAL,40,50
2023-04-07,0.927386310195876,O2,BETA_RESIDUAL,40,50
2023-04-10,0.986457171732811,O2,BETA_RESIDUAL,40,50
2023-04-11,0.9962123571224109,O2,BETA_RESIDUAL,40,50
2023-04-12,0.9827800887167163,O2,BETA_RESIDUAL,40,50
2023-04-13,0.9938285938437807,O2,BETA_RESIDUAL,40,50
2023-04-14,0.9803298634668405,O2,BETA_RESIDUAL,40,50
2023-04-17,0.9679311749553541,O2,BETA_RESIDUAL,40,50
2023-04-18,0.956235068465045,O2,BETA_RESIDUAL,40,50
2023-04-19,0.9697844986339161,O2,BETA_RESIDUAL,40,50
2023-04-20,0.9537219646826277,O2,BETA_RESIDUAL,40,50
2023-04-24,0.9561158692158318,O2,BETA_RESIDUAL,40,50
2023-04-25,0.9329255272748681,O2,BETA_RESIDUAL,40,50
2023-04-26,0.9106438513255893,O2,BETA_RESIDUAL,40,50
2023-04-27,0.9208906934017107,O2,BETA_RESIDUAL,40,50
2023-04-28,0.8879114582635446,O2,BETA_RESIDUAL,40,50
2023-05-02,0.8396517680853233,O2,BETA_RESIDUAL,40,50
2023-05-03,0.8068816006270461,O2,BETA_RESIDUAL,40,50
2023-05-04,0.8134082167339982,O2,BETA_RESIDUAL,40,50
2023-05-05,0.7950232619045778,O2,BETA_RESIDUAL,40,50
2023-05-08,0.7914324597774377,O2,BETA_RESIDUAL,40,50
2023-05-09,0.7767147996749648,O2,BETA_RESIDUAL,40,50
2023-05-10,0.7777220207072246,O2,BETA_RESIDUAL,40,50
2023-05-11,0.819742604047212,O2,BETA_RESIDUAL,40,50
2023-05-12,0.8029545950451992,O2,BETA_RESIDUAL,40,50
2023-05-15,0.7875137173541604,O2,BETA_RESIDUAL,40,50
2023-05-16,0.8265240058919247,O2,BETA_RESIDUAL,40,50
2023-05-17,0.8611173672453161,O2,BETA_RESIDUAL,40,50
2023-05-18,0.8303900279797846,O2,BETA_RESIDUAL,40,50
2023-05-22,0.8453340546544412,O2,BETA_RESIDUAL,40,50
2023-05-23,0.8486932237157472,O2,BETA_RESIDUAL,40,50
2023-05-24,0.8490036761616482,O2,BETA_RESIDUAL,40,50
2023-05-25,0.8582389064744018,O2,BETA_RESIDUAL,40,50
2023-05-26,0.8820171792755909,O2,BETA_RESIDUAL,40,50
2023-05-29,0.9220829270242237,O2,BETA_RESIDUAL,40,50
2023-05-30,0.9398038105491413,O2,BETA_RESIDUAL,40,50
2023-05-31,0.9571465366609064,O2,BETA_RESIDUAL,40,50
2023-06-01,0.979654859580521,O2,BETA_RESIDUAL,40,50
2023-06-02,1.0051246632732005,O2,BETA_RESIDUAL,40,50
2023-06-05,1.062866501238937,O2,BETA_RESIDUAL,40,50
2023-06-06,1.0495077356071292,O2,BETA_RESIDUAL,40,50
2023-06-07,1.069484324284897,O2,BETA_RESIDUAL,40,50
2023-06-08,1.0743411319270417,O2,BETA_RESIDUAL,40,50
2023-06-09,1.0950242637270389,O2,BETA_RESIDUAL,40,50
2023-06-12,1.080102924454028,O2,BETA_RESIDUAL,40,50
2023-06-13,1.0222094168815032,O2,BETA_RESIDUAL,40,50
2023-06-14,1.0236916264174125,O2,BETA_RESIDUAL,40,50
2023-06-15,1.0443631028738174,O2,BETA_RESIDUAL,40,50
2023-06-16,1.0432880591713276,O2,BETA_RESIDUAL,40,50
2023-06-19,0.9983019402083858,O2,BETA_RESIDUAL,40,50
2023-06-20,0.9854293717028926,O2,BETA_RESIDUAL,40,50
2023-06-21,0.970111810692953,O2,BETA_RESIDUAL,40,50
2023-06-22,1.0168193244967614,O2,BETA_RESIDUAL,40,50
2023-06-23,1.0460983437538929,O2,BETA_RESIDUAL,40,50
2023-06-26,1.0697665451872835,O2,BETA_RESIDUAL,40,50
2023-06-27,1.079728042953929,O2,BETA_RESIDUAL,40,50
2023-07-03,1.1241232255566054,O2,BETA_RESIDUAL,40,50
2023-07-04,1.1189942617594393,O2,BETA_RESIDUAL,40,50
2023-07-05,1.1289716636934084,O2,BETA_RESIDUAL,40,50
2023-07-06,1.1323710282960369,O2,BETA_RESIDUAL,40,50
2023-07-07,1.1536551219693851,O2,BETA_RESIDUAL,40,50
2023-07-10,1.194703140909614,O2,BETA_RESIDUAL,40,50
2023-07-11,1.1991285637761415,O2,BETA_RESIDUAL,40,50
2023-07-12,1.1980718899707845,O2,BETA_RESIDUAL,40,50
2023-07-13,1.2139695597433124,O2,BETA_RESIDUAL,40,50
2023-07-14,1.2342887816660897,O2,BETA_RESIDUAL,40,50
2023-07-17,1.272786569790486,O2,BETA_RESIDUAL,40,50
2023-07-18,1.220030761231425,O2,BETA_RESIDUAL,40,50
2023-07-19,1.2593270189305101,O2,BETA_RESIDUAL,40,50
2023-07-20,1.3068690630327795,O2,BETA_RESIDUAL,40,50
2023-07-21,1.3237166859999097,O2,BETA_RESIDUAL,40,50
2023-07-24,1.3697369909687265,O2,BETA_RESIDUAL,40,50
2023-07-25,1.346514940770974,O2,BETA_RESIDUAL,40,50
2023-07-26,1.3556244882215767,O2,BETA_RESIDUAL,40,50
2023-07-27,1.371363421151277,O2,BETA_RESIDUAL,40,50
2023-07-28,1.3890366097631452,O2,BETA_RESIDUAL,40,50
2023-07-31,1.4326934738941859,O2,BETA_RESIDUAL,40,50
2023-08-01,1.440415390512708,O2,BETA_RESIDUAL,40,50
2023-08-02,1.4625356509259257,O2,BETA_RESIDUAL,40,50
2023-08-03,1.522895374747457,O2,BETA_RESIDUAL,40,50
2023-08-04,1.5447523291794094,O2,BETA_RESIDUAL,40,50
2023-08-07,1.5733081078248459,O2,BETA_RESIDUAL,40,50
2023-08-08,1.5962219416818801,O2,BETA_RESIDUAL,40,50
2023-08-09,1.6179028536901192,O2,BETA_RESIDUAL,40,50
2023-08-10,1.6155349484278931,O2,BETA_RESIDUAL,40,50
2023-08-11,1.6904255547619242,O2,BETA_RESIDUAL,40,50
2023-08-14,1.7153530145836384,O2,BETA_RESIDUAL,40,50
2023-08-15,1.6878207255293005,O2,BETA_RESIDUAL,40,50
2023-08-16,1.6641111656617102,O2,BETA_RESIDUAL,40,50
2023-08-17,1.6768814895953807,O2,BETA_RESIDUAL,40,50
2023-08-18,1.620868177303042,O2,BETA_RESIDUAL,40,50
2023-08-21,1.6931904949871222,O2,BETA_RESIDUAL,40,50
2023-08-22,1.7329383012006974,O2,BETA_RESIDUAL,40,50
2023-08-23,1.6861217767537477,O2,BETA_RESIDUAL,40,50
2023-08-24,1.627845587021068,O2,BETA_RESIDUAL,40,50
2023-08-25,1.721672046858105,O2,BETA_RESIDUAL,40,50
2023-08-28,1.7784387086437912,O2,BETA_RESIDUAL,40,50
2023-08-29,1.8098338601402373,O2,BETA_RESIDUAL,40,50
2023-08-31,1.9070920050064921,O2,BETA_RESIDUAL,40,50
2023-09-01,1.9743565993216903,O2,BETA_RESIDUAL,40,50
2023-09-04,2.0497005164843083,O2,BETA_RESIDUAL,40,50
2023-09-05,2.0582434709027417,O2,BETA_RESIDUAL,40,50
2023-09-06,2.046852175031171,O2,BETA_RESIDUAL,40,50
2023-09-07,2.101980498027858,O2,BETA_RESIDUAL,40,50
2023-09-08,2.0516195307193947,O2,BETA_RESIDUAL,40,50
2023-09-11,2.004067559013878,O2,BETA_RESIDUAL,40,50
2023-09-12,2.0339157072014924,O2,BETA_RESIDUAL,40,50
2023-09-13,2.0206501512764214,O2,BETA_RESIDUAL,40,50
2023-09-14,2.0893200537694803,O2,BETA_RESIDUAL,40,50
2023-09-15,2.069826682987972,O2,BETA_RESIDUAL,40,50
2023-09-18,2.048849971043452,O2,BETA_RESIDUAL,40,50
2023-09-19,2.088964963067549,O2,BETA_RESIDUAL,40,50
2023-09-20,2.137536994645955,O2,BETA_RESIDUAL,40,50
2023-09-21,2.2522508160848305,O2,BETA_RESIDUAL,40,50
2023-09-22,2.3331738823812755,O2,BETA_RESIDUAL,40,50
2023-09-25,2.4557049666093795,O2,BETA_RESIDUAL,40,50
2023-09-26,2.3602024974754414,O2,BETA_RESIDUAL,40,50
2023-09-27,2.3161913623710104,O2,BETA_RESIDUAL,40,50
2023-09-28,2.2501484795609197,O2,BETA_RESIDUAL,40,50
2023-09-29,2.2079978913734664,O2,BETA_RESIDUAL,40,50
2023-10-02,2.286755250931591,O2,BETA_RESIDUAL,40,50
2023-10-03,2.3030914909653846,O2,BETA_RESIDUAL,40,50
2023-10-04,2.254345530290846,O2,BETA_RESIDUAL,40,50
2023-10-05,2.279638860213943,O2,BETA_RESIDUAL,40,50
2023-10-06,2.2900059195905147,O2,BETA_RESIDUAL,40,50
2023-10-09,2.1630869449199928,O2,BETA_RESIDUAL,40,50
2023-10-10,2.276993311905145,O2,BETA_RESIDUAL,40,50
2023-10-11,2.2586482282720075,O2,BETA_RESIDUAL,40,50
2023-10-12,2.2762576551197515,O2,BETA_RESIDUAL,40,50
2023-10-13,2.2233832256818653,O2,BETA_RESIDUAL,40,50
2023-10-16,2.11875167334291,O2,BETA_RESIDUAL,40,50
2023-10-17,2.2305259115416383,O2,BETA_RESIDUAL,40,50
2023-10-18,2.204395870458284,O2,BETA_RESIDUAL,40,50
2023-10-19,2.2256843942305276,O2,BETA_RESIDUAL,40,50
2023-10-20,2.13794481861638,O2,BETA_RESIDUAL,40,50
2023-10-23,2.243638786377112,O2,BETA_RESIDUAL,40,50
2023-10-24,2.335554073103452,O2,BETA_RESIDUAL,40,50
2023-10-25,2.147815260274341,O2,BETA_RESIDUAL,40,50
2023-10-26,2.2973440327086703,O2,BETA_RESIDUAL,40,50
2023-10-27,2.3531417780803516,O2,BETA_RESIDUAL,40,50
2023-10-30,2.407737534044814,O2,BETA_RESIDUAL,40,50
2023-02-02,1.0,O2,BETA_RESIDUAL,40,100
2023-02-03,1.0332611121214497,O2,BETA_RESIDUAL,40,100
2023-02-06,1.0118824701141687,O2,BETA_RESIDUAL,40,100
2023-02-07,0.914515945164154,O2,BETA_RESIDUAL,40,100
2023-02-08,0.8359560329290312,O2,BETA_RESIDUAL,40,100
2023-02-15,0.9979879792325057,O2,BETA_RESIDUAL,40,100
2023-02-16,0.9848732593760688,O2,BETA_RESIDUAL,40,100
2023-02-17,0.992904014564491,O2,BETA_RESIDUAL,40,100
2023-02-20,1.0433783846111142,O2,BETA_RESIDUAL,40,100
2023-02-21,1.0376317519461056,O2,BETA_RESIDUAL,40,100
2023-02-22,1.029480567082633,O2,BETA_RESIDUAL,40,100
2023-02-23,1.0654305410902334,O2,BETA_RESIDUAL,40,100
2023-02-24,1.0563123837970316,O2,BETA_RESIDUAL,40,100
2023-02-27,1.0646023940432547,O2,BETA_RESIDUAL,40,100
2023-02-28,1.0724035934712637,O2,BETA_RESIDUAL,40,100
2023-03-01,1.0892693927062995,O2,BETA_RESIDUAL,40,100
2023-03-02,1.0763786742380026,O2,BETA_RESIDUAL,40,100
2023-03-03,1.0491032141760042,O2,BETA_RESIDUAL,40,100
2023-03-06,1.0791328028497975,O2,BETA_RESIDUAL,40,100
2023-03-07,1.0798325796442223,O2,BETA_RESIDUAL,40,100
2023-03-08,1.0547651686211201,O2,BETA_RESIDUAL,40,100
2023-03-09,1.0595014393682052,O2,BETA_RESIDUAL,40,100
2023-03-10,1.0517064970366916,O2,BETA_RESIDUAL,40,100
2023-03-13,1.0268632387684002,O2,BETA_RESIDUAL,40,100
2023-03-14,0.9913851689611896,O2,BETA_RESIDUAL,40,100
2023-03-15,0.9676155236227684,O2,BETA_RESIDUAL,40,100
2023-03-16,0.9909599588922741,O2,BETA_RESIDUAL,40,100
2023-03-17,0.9933386078018553,O2,BETA_RESIDUAL,40,100
2023-03-20,0.9584812407712421,O2,BETA_RESIDUAL,40,100
2023-03-21,0.9460921822439701,O2,BETA_RESIDUAL,40,100
2023-03-22,0.9595321551037105,O2,BETA_RESIDUAL,40,100
2023-03-23,0.9776042965800469,O2,BETA_RESIDUAL,40,100
2023-03-24,0.9656453148236398,O2,BETA_RESIDUAL,40,100
2023-03-27,0.949694593566749,O2,BETA_RESIDUAL,40,100
2023-03-28,0.894020105561981,O2,BETA_RESIDUAL,40,100
2023-03-29,0.9065306734024734,O2,BETA_RESIDUAL,40,100
2023-03-30,0.9006547740921887,O2,BETA_RESIDUAL,40,100
2023-03-31,0.8759052008824942,O2,BETA_RESIDUAL,40,100
2023-04-03,0.8758327470288275,O2,BETA_RESIDUAL,40,100
2023-04-04,0.9039312999062955,O2,BETA_RESIDUAL,40,100
2023-04-05,0.8956484922149938,O2,BETA_RESIDUAL,40,100
2023-04-06,0.8996318425186506,O2,BETA_RESIDUAL,40,100
2023-04-07,0.922386310195876,O2,BETA_RESIDUAL,40,100
2023-04-10,0.9814571717328109,O2,BETA_RESIDUAL,40,100
2023-04-11,0.9912123571224108,O2,BETA_RESIDUAL,40,100
2023-04-12,0.9777800887167162,O2,BETA_RESIDUAL,40,100
2023-04-13,0.9888285938437807,O2,BETA_RESIDUAL,40,100
2023-04-14,0.9753298634668404,O2,BETA_RESIDUAL,40,100
2023-04-17,0.962931174955354,O2,BETA_RESIDUAL,40,100
2023-04-18,0.951235068465045,O2,BETA_RESIDUAL,40,100
2023-04-19,0.9647844986339161,O2,BETA_RESIDUAL,40,100
2023-04-20,0.9487219646826276,O2,BETA_RESIDUAL,40,100
2023-04-24,0.9511158692158317,O2,BETA_RESIDUAL,40,100
2023-04-25,0.9279255272748681,O2,BETA_RESIDUAL,40,100
2023-04-26,0.9056438513255893,O2,BETA_RESIDUAL,40,100
2023-04-27,0.9158906934017107,O2,BETA_RESIDUAL,40,100
2023-04-28,0.8829114582635444,O2,BETA_RESIDUAL,40,100
2023-05-02,0.8346517680853234,O2,BETA_RESIDUAL,40,100
2023-05-03,0.801881600627046,O2,BETA_RESIDUAL,40,100
2023-05-04,0.8084082167339983,O2,BETA_RESIDUAL,40,100
2023-05-05,0.7900232619045777,O2,BETA_RESIDUAL,40,100
2023-05-08,0.7816268244658395,O2,BETA_RESIDUAL,40,100
2023-05-09,0.7670011760858215,O2,BETA_RESIDUAL,40,100
2023-05-10,0.7680021001835534,O2,BETA_RESIDUAL,40,100
2023-05-11,0.8097599796545323,O2,BETA_RESIDUAL,40,100
2023-05-12,0.7930769257618309,O2,BETA_RESIDUAL,40,100
2023-05-15,0.7777325811978434,O2,BETA_RESIDUAL,40,100
2023-05-16,0.816498985597991,O2,BETA_RESIDUAL,40,100
2023-05-17,0.850876076515629,O2,BETA_RESIDUAL,40,100
2023-05-18,0.8203408381270437,O2,BETA_RESIDUAL,40,100
2023-05-22,0.8351914378829394,O2,BETA_RESIDUAL,40,100
2023-05-23,0.8385296061241966,O2,BETA_RESIDUAL,40,100
2023-05-24,0.8388381176865544,O2,BETA_RESIDUAL,40,100
2023-05-25,0.8480156112774089,O2,BETA_RESIDUAL,40,100
2023-05-26,0.8716452273069231,O2,BETA_RESIDUAL,40,100
2023-05-29,0.9114604924084417,O2,BETA_RESIDUAL,40,100
2023-05-30,0.9290705886882946,O2,BETA_RESIDUAL,40,100
2023-05-31,0.9463048917157858,O2,BETA_RESIDUAL,40,100
2023-06-01,0.9686724973238858,O2,BETA_RESIDUAL,40,100
2023-06-02,0.9939830691487253,O2,BETA_RESIDUAL,40,100
2023-06-05,1.0513639172606433,O2,BETA_RESIDUAL,40,100
2023-06-06,1.0380886678282246,O2,BETA_RESIDUAL,40,100
2023-06-07,1.0579403670656724,O2,BETA_RESIDUAL,40,100
2023-06-08,1.0627668109656412,O2,BETA_RESIDUAL,40,100
2023-06-09,1.0833206361659866,O2,BETA_RESIDUAL,40,100
2023-06-12,1.0684925819748625,O2,BETA_RESIDUAL,40,100
2023-06-13,1.01096101246271,O2,BETA_RESIDUAL,40,100
2023-06-14,1.012433955535643,O2,BETA_RESIDUAL,40,100
2023-06-15,1.0329761982591583,O2,BETA_RESIDUAL,40,100
2023-06-16,1.0319078755042983,O2,BETA_RESIDUAL,40,100
2023-06-19,0.9872030003167611,O2,BETA_RESIDUAL,40,100
2023-06-20,0.9744109084082516,O2,BETA_RESIDUAL,40,100
2023-06-21,0.959189109575351,O2,BETA_RESIDUAL,40,100
2023-06-22,1.0056046178044449,O2,BETA_RESIDUAL,40,100
2023-06-23,1.0347005907773923,O2,BETA_RESIDUAL,40,100
2023-06-26,1.0582208235822013,O2,BETA_RESIDUAL,40,100
2023-06-27,1.0681200441552334,O2,BETA_RESIDUAL,40,100
2023-07-03,1.1122376773926215,O2,BETA_RESIDUAL,40,100
2023-07-04,1.1071407788008,O2,BETA_RESIDUAL,40,100
2023-07-05,1.1170558041116392,O2,BETA_RESIDUAL,40,100
2023-07-06,1.1204339166001298,O2,BETA_RESIDUAL,40,100
2023-07-07,1.1415849465863064,O2,BETA_RESIDUAL,40,100
2023-07-10,1.182376341926061,O2,BETA_RESIDUAL,40,100
2023-07-11,1.1867740979775037,O2,BETA_RESIDUAL,40,100
2023-07-12,1.1857240302750343,O2,BETA_RESIDUAL,40,100
2023-07-13,1.2015223111522755,O2,BETA_RESIDUAL,40,100
2023-07-14,1.2217145015635869,O2,BETA_RESIDUAL,40,100
2023-07-17,1.2599716095954032,O2,BETA_RESIDUAL,40,100
2023-07-18,1.2075456192806293,O2,BETA_RESIDUAL,40,100
2023-07-19,1.2465962050229122,O2,BETA_RESIDUAL,40,100
2023-07-20,1.2938410262421676,O2,BETA_RESIDUAL,40,100
2023-07-21,1.310583321405986,O2,BETA_RESIDUAL,40,100
2023-07-24,1.3563159170855141,O2,BETA_RESIDUAL,40,100
2023-07-25,1.333239046272443,O2,BETA_RESIDUAL,40,100
2023-07-26,1.3422916427440261,O2,BETA_RESIDUAL,40,100
2023-07-27,1.3579321791678702,O2,BETA_RESIDUAL,40,100
2023-07-28,1.3754948787132617,O2,BETA_RESIDUAL,40,100
2023-07-31,1.4188788092911624,O2,BETA_RESIDUAL,40,100
2023-08-01,1.4265524501074318,O2,BETA_RESIDUAL,40,100
2023-08-02,1.44853441929449,O2,BETA_RESIDUAL,40,100
2023-08-03,1.5085167867891967,O2,BETA_RESIDUAL,40,100
2023-08-04,1.5254739995815214,O2,BETA_RESIDUAL,40,100
2023-08-07,1.5537608090760988,O2,BETA_RESIDUAL,40,100
2023-08-08,1.5764588157090893,O2,BETA_RESIDUAL,40,100
2023-08-09,1.5979355134822657,O2,BETA_RESIDUAL,40,100
2023-08-10,1.595589911708087,O2,BETA_RESIDUAL,40,100
2023-08-11,1.6697751174630242,O2,BETA_RESIDUAL,40,100
2023-08-14,1.6944677835575366,O2,BETA_RESIDUAL,40,100
2023-08-15,1.6671948233241733,O2,BETA_RESIDUAL,40,100
2023-08-16,1.643708585687225,O2,BETA_RESIDUAL,40,100
2023-08-17,1.6563586249238023,O2,BETA_RESIDUAL,40,100
2023-08-18,1.6008729064761675,O2,BETA_RESIDUAL,40,100
2023-08-21,1.6725140144962718,O2,BETA_RESIDUAL,40,100
2023-08-22,1.7118874329609253,O2,BETA_RESIDUAL,40,100
2023-08-23,1.6655118770823,O2,BETA_RESIDUAL,40,100
2023-08-24,1.6077845954169612,O2,BETA_RESIDUAL,40,100
2023-08-25,1.70072729636429,O2,BETA_RESIDUAL,40,100
2023-08-28,1.7569592684464599,O2,BETA_RESIDUAL,40,100
2023-08-29,1.7880587065132731,O2,BETA_RESIDUAL,40,100
2023-08-31,1.8844007691755165,O2,BETA_RESIDUAL,40,100
2023-09-01,1.9510317929255245,O2,BETA_RESIDUAL,40,100
2023-09-04,2.02566603973829,O2,BETA_RESIDUAL,40,100
2023-09-05,2.034128527389409,O2,BETA_RESIDUAL,40,100
2023-09-06,2.0228445270399042,O2,BETA_RESIDUAL,40,100
2023-09-07,2.07745359197647,O2,BETA_RESIDUAL,40,100
2023-09-08,2.027566978625627,O2,BETA_RESIDUAL,40,100
2023-09-11,1.9804629027246716,O2,BETA_RESIDUAL,40,100
2023-09-12,2.010029908829893,O2,BETA_RESIDUAL,40,100
2023-09-13,1.9968893022314416,O2,BETA_RESIDUAL,40,100
2023-09-14,2.0649123974497816,O2,BETA_RESIDUAL,40,100
2023-09-15,2.045602636278489,O2,BETA_RESIDUAL,40,100
2023-09-18,2.024823505652608,O2,BETA_RESIDUAL,40,100
2023-09-19,2.064560651375422,O2,BETA_RESIDUAL,40,100
2023-09-20,2.1126751791241705,O2,BETA_RESIDUAL,40,100
2023-09-21,2.2263085019526843,O2,BETA_RESIDUAL,40,100
2023-09-22,2.3064693474497284,O2,BETA_RESIDUAL,40,100
2023-09-25,2.427846301647345,O2,BETA_RESIDUAL,40,100
2023-09-26,2.3332433778680204,O2,BETA_RESIDUAL,40,100
2023-09-27,2.2896467871465096,O2,BETA_RESIDUAL,40,100
2023-09-28,2.224225967503747,O2,BETA_RESIDUAL,40,100
2023-09-29,2.182472399059784,O2,BETA_RESIDUAL,40,100
2023-10-02,2.2604879367825714,O2,BETA_RESIDUAL,40,100
2023-10-03,2.276670304471833,O2,BETA_RESIDUAL,40,100
2023-10-04,2.228383485878946,O2,BETA_RESIDUAL,40,100
2023-10-05,2.2534385759152484,O2,BETA_RESIDUAL,40,100
2023-10-06,2.2637079871347847,O2,BETA_RESIDUAL,40,100
2023-10-09,2.137984472383913,O2,BETA_RESIDUAL,40,100
2023-10-10,2.2508179462364413,O2,BETA_RESIDUAL,40,100
2023-10-11,2.232645656405515,O2,BETA_RESIDUAL,40,100
2023-10-12,2.250089218660836,O2,BETA_RESIDUAL,40,100
2023-10-13,2.197712817680329,O2,BETA_RESIDUAL,40,100
2023-10-16,2.094066798256973,O2,BETA_RESIDUAL,40,100
2023-10-17,2.2047882260137417,O2,BETA_RESIDUAL,40,100
2023-10-18,2.178904305866166,O2,BETA_RESIDUAL,40,100
2023-10-19,2.1999923113393587,O2,BETA_RESIDUAL,40,100
2023-10-20,2.113079161768173,O2,BETA_RESIDUAL,40,100
2023-10-23,2.2177775896379255,O2,BETA_RESIDUAL,40,100
2023-10-24,2.3088271189661325,O2,BETA_RESIDUAL,40,100
2023-10-25,2.1228566329509,O2,BETA_RESIDUAL,40,100
2023-10-26,2.270976981981686,O2,BETA_RESIDUAL,40,100
2023-10-27,2.3262491639506395,O2,BETA_RESIDUAL,40,100
2023-10-30,2.3803306781462257,O2,BETA_RESIDUAL,40,100
2023-02-02,1.0,O2,VOL_SCALED,40,0
2023-02-03,1.0432611121214497,O2,VOL_SCALED,40,0
2023-02-06,1.0218824701141687,O2,VOL_SCALED,40,0
2023-02-07,0.924515945164154,O2,VOL_SCALED,40,0
2023-02-08,0.8459560329290312,O2,VOL_SCALED,40,0
2023-02-15,1.0079879792325057,O2,VOL_SCALED,40,0
2023-02-16,0.9948732593760689,O2,VOL_SCALED,40,0
2023-02-17,1.002904014564491,O2,VOL_SCALED,40,0
2023-02-20,1.053378384611114,O2,VOL_SCALED,40,0
2023-02-21,1.0476317519461056,O2,VOL_SCALED,40,0
2023-02-22,1.0394805670826328,O2,VOL_SCALED,40,0
2023-02-23,1.0754305410902332,O2,VOL_SCALED,40,0
2023-02-24,1.0663123837970316,O2,VOL_SCALED,40,0
2023-02-27,1.0746023940432547,O2,VOL_SCALED,40,0
2023-02-28,1.0824035934712637,O2,VOL_SCALED,40,0
2023-03-01,1.0992693927062995,O2,VOL_SCALED,40,0
2023-03-02,1.0863786742380024,O2,VOL_SCALED,40,0
2023-03-03,1.0591032141760042,O2,VOL_SCALED,40,0
2023-03-06,1.0891328028497975,O2,VOL_SCALED,40,0
2023-03-07,1.0898325796442223,O2,VOL_SCALED,40,0
2023-03-08,1.06476516862112,O2,VOL_SCALED,40,0
2023-03-09,1.0695014393682052,O2,VOL_SCALED,40,0
2023-03-10,1.0617064970366916,O2,VOL_SCALED,40,0
2023-03-13,1.0368632387684003,O2,VOL_SCALED,40,0
2023-03-14,1.0013851689611895,O2,VOL_SCALED,40,0
2023-03-15,0.9776155236227684,O2,VOL_SCALED,40,0
2023-03-16,1.000959958892274,O2,VOL_SCALED,40,0
2023-03-17,1.0033386078018554,O2,VOL_SCALED,40,0
2023-03-20,0.9684812407712421,O2,VOL_SCALED,40,0
2023-03-21,0.9560921822439701,O2,VOL_SCALED,40,0
2023-03-22,0.9695321551037105,O2,VOL_SCALED,40,0
2023-03-23,0.9876042965800468,O2,VOL_SCALED,40,0
2023-03-24,0.9756453148236398,O2,VOL_SCALED,40,0
2023-03-27,0.959694593566749,O2,VOL_SCALED,40,0
2023-03-28,0.904020105561981,O2,VOL_SCALED,40,0
2023-03-29,0.9165306734024734,O2,VOL_SCALED,40,0
2023-03-30,0.9106547740921888,O2,VOL_SCALED,40,0
2023-03-31,0.8859052008824942,O2,VOL_SCALED,40,0
2023-04-03,0.8858327470288275,O2,VOL_SCALED,40,0
2023-04-04,0.9139312999062955,O2,VOL_SCALED,40,0
2023-04-05,0.9056484922149938,O2,VOL_SCALED,40,0
2023-04-06,0.9096318425186506,O2,VOL_SCALED,40,0
2023-04-07,0.932386310195876,O2,VOL_SCALED,40,0
2023-04-10,0.9914571717328109,O2,VOL_SCALED,40,0
2023-04-11,1.0012123571224107,O2,VOL_SCALED,40,0
2023-04-12,0.9877800887167162,O2,VOL_SCALED,40,0
2023-04-13,0.9988285938437808,O2,VOL_SCALED,40,0
2023-04-14,0.9853298634668404,O2,VOL_SCALED,40,0
2023-04-17,0.972931174955354,O2,VOL_SCALED,40,0
2023-04-18,0.961235068465045,O2,VOL_SCALED,40,0
2023-04-19,0.9747844986339161,O2,VOL_SCALED,40,0
2023-04-20,0.9587219646826276,O2,VOL_SCALED,40,0
2023-04-24,0.9611158692158317,O2,VOL_SCALED,40,0
2023-04-25,0.9379255272748681,O2,VOL_SCALED,40,0
2023-04-26,0.9156438513255893,O2,VOL_SCALED,40,0
2023-04-27,0.9258906934017107,O2,VOL_SCALED,40,0
2023-04-28,0.8929114582635445,O2,VOL_SCALED,40,0
2023-05-02,0.8446517680853234,O2,VOL_SCALED,40,0
2023-05-03,0.8118816006270461,O2,VOL_SCALED,40,0
2023-05-04,0.8184082167339983,O2,VOL_SCALED,40,0
2023-05-05,0.8000232619045777,O2,VOL_SCALED,40,0
2023-05-08,0.805735459295019,O2,VOL_SCALED,40,0
2023-05-09,0.798139220794412,O2,VOL_SCALED,40,0
2023-05-10,0.8004689646056145,O2,VOL_SCALED,40,0
2023-05-11,0.8466657221308422,O2,VOL_SCALED,40,0
2023-05-12,0.8297019216519594,O2,VOL_SCALED,40,0
2023-05-15,0.805770713502543,O2,VOL_SCALED,40,0
2023-05-16,0.8314335336039786,O2,VOL_SCALED,40,0
2023-05-17,0.8636932702001566,O2,VOL_SCALED,40,0
2023-05-18,0.8347229903063369,O2,VOL_SCALED,40,0
2023-05-22,0.8417079558289249,O2,VOL_SCALED,40,0
2023-05-23,0.8355036625249659,O2,VOL_SCALED,40,0
2023-05-24,0.8364896358296853,O2,VOL_SCALED,40,0
2023-05-25,0.8498991358385479,O2,VOL_SCALED,40,0
2023-05-26,0.8704950580681031,O2,VOL_SCALED,40,0
2023-05-29,0.9022506642661646,O2,VOL_SCALED,40,0
2023-05-30,0.9194158156670111,O2,VOL_SCALED,40,0
2023-05-31,0.9376248014961134,O2,VOL_SCALED,40,0
2023-06-01,0.9609888600336237,O2,VOL_SCALED,40,0
2023-06-02,0.980907730368646,O2,VOL_SCALED,40,0
2023-06-05,1.0319106037245078,O2,VOL_SCALED,40,0
2023-06-06,1.0139806310383006,O2,VOL_SCALED,40,0
2023-06-07,1.0374953872057033,O2,VOL_SCALED,40,0
2023-06-08,1.042648069780092,O2,VOL_SCALED,40,0
2023-06-09,1.0649928625044036,O2,VOL_SCALED,40,0
2023-06-12,1.0560964871428662,O2,VOL_SCALED,40,0
2023-06-13,1.0093998081665623,O2,VOL_SCALED,40,0
2023-06-14,1.015590666143605,O2,VOL_SCALED,40,0
2023-06-15,1.0310101615245217,O2,VOL_SCALED,40,0
2023-06-16,1.0299393973223754,O2,VOL_SCALED,40,0
2023-06-19,0.9882483294705973,O2,VOL_SCALED,40,0
2023-06-20,0.97578485472676,O2,VOL_SCALED,40,0
2023-06-21,0.9622730836561323,O2,VOL_SCALED,40,0
2023-06-22,1.006216328787982,O2,VOL_SCALED,40,0
2023-06-23,1.034653678908714,O2,VOL_SCALED,40,0
2023-06-26,1.0562377836016654,O2,VOL_SCALED,40,0
2023-06-27,1.065774735796313,O2,VOL_SCALED,40,0
2023-07-03,1.1105941630238823,O2,VOL_SCALED,40,0
2023-07-04,1.1086085973697846,O2,VOL_SCALED,40,0
2023-07-05,1.1194906458586489,O2,VOL_SCALED,40,0
2023-07-06,1.1224368153465571,O2,VOL_SCALED,40,0
2023-07-07,1.1440807944513331,O2,VOL_SCALED,40,0
2023-07-10,1.1863812724582417,O2,VOL_SCALED,40,0
2023-07-11,1.1873811961968612,O2,VOL_SCALED,40,0
2023-07-12,1.1921763409015347,O2,VOL_SCALED,40,0
2023-07-13,1.2163165049712825,O2,VOL_SCALED,40,0
2023-07-14,1.240391871441512,O2,VOL_SCALED,40,0
2023-07-17,1.2730452774335566,O2,VOL_SCALED,40,0
2023-07-18,1.2194685223428123,O2,VOL_SCALED,40,0
2023-07-19,1.2639091446564545,O2,VOL_SCALED,40,0
2023-07-20,1.3119143589119937,O2,VOL_SCALED,40,0
2023-07-21,1.3325875372529241,O2,VOL_SCALED,40,0
2023-07-24,1.3784101100332602,O2,VOL_SCALED,40,0
2023-07-25,1.3628332875719007,O2,VOL_SCALED,40,0
2023-07-26,1.368629495428476,O2,VOL_SCALED,40,0
2023-07-27,1.3834986771033984,O2,VOL_SCALED,40,0
2023-07-28,1.4020886903520529,O2,VOL_SCALED,40,0
2023-07-31,1.4439024897123809,O2,VOL_SCALED,40,0
2023-08-01,1.4504877124510025,O2,VOL_SCALED,40,0
2023-08-02,1.4797138374225836,O2,VOL_SCALED,40,0
2023-08-03,1.544785225731484,O2,VOL_SCALED,40,0
2023-08-04,1.577814549951002,O2,VOL_SCALED,40,0
2023-08-07,1.6289070862481356,O2,VOL_SCALED,40,0
2023-08-08,1.6392293278531973,O2,VOL_SCALED,40,0
2023-08-09,1.6627296250972587,O2,VOL_SCALED,40,0
2023-08-10,1.6549540556222055,O2,VOL_SCALED,40,0
2023-08-11,1.7357519764018208,O2,VOL_SCALED,40,0
2023-08-14,1.7443505386717173,O2,VOL_SCALED,40,0
2023-08-15,1.7220540969246392,O2,VOL_SCALED,40,0
2023-08-16,1.719739786139993,O2,VOL_SCALED,40,0
2023-08-17,1.7317184462934407,O2,VOL_SCALED,40,0
2023-08-18,1.6665484961049375,O2,VOL_SCALED,40,0
2023-08-21,1.7427122709043783,O2,VOL_SCALED,40,0
2023-08-22,1.8050693894318162,O2,VOL_SCALED,40,0
2023-08-23,1.7707406214901542,O2,VOL_SCALED,40,0
2023-08-24,1.7014956932067369,O2,VOL_SCALED,40,0
2023-08-25,1.782862551545279,O2,VOL_SCALED,40,0
2023-08-28,1.8377418504875738,O2,VOL_SCALED,40,0
2023-08-29,1.8709224343080462,O2,VOL_SCALED,40,0
2023-08-31,1.9749901062286899,O2,VOL_SCALED,40,0
2023-09-01,2.0410976747508545,O2,VOL_SCALED,40,0
2023-09-04,2.1015303728935537,O2,VOL_SCALED,40,0
2023-09-05,2.109775865047706,O2,VOL_SCALED,40,0
2023-09-06,2.103538089410385,O2,VOL_SCALED,40,0
2023-09-07,2.1600292505958283,O2,VOL_SCALED,40,0
2023-09-08,2.1126850781811113,O2,VOL_SCALED,40,0
2023-09-11,2.0679264478790667,O2,VOL_SCALED,40,0
2023-09-12,2.10154624365292,O2,VOL_SCALED,40,0
2023-09-13,2.085518636361949,O2,VOL_SCALED,40,0
2023-09-14,2.1526159618988085,O2,VOL_SCALED,40,0
2023-09-15,2.134847772030125,O2,VOL_SCALED,40,0
2023-09-18,2.1126464755475585,O2,VOL_SCALED,40,0
2023-09-19,2.1500626525065027,O2,VOL_SCALED,40,0
2023-09-20,2.1987298337457446,O2,VOL_SCALED,40,0
2023-09-21,2.312922055956447,O2,VOL_SCALED,40,0
2023-09-22,2.3979388323692388,O2,VOL_SCALED,40,0
2023-09-25,2.5150430882698234,O2,VOL_SCALED,40,0
2023-09-26,2.409735549066566,O2,VOL_SCALED,40,0
2023-09-27,2.345125894116911,O2,VOL_SCALED,40,0
2023-09-28,2.292457869635774,O2,VOL_SCALED,40,0
2023-09-29,2.2490209028812966,O2,VOL_SCALED,40,0
2023-10-02,2.3288431112106265,O2,VOL_SCALED,40,0
2023-10-03,2.3554377265772057,O2,VOL_SCALED,40,0
2023-10-04,2.3104804861106314,O2,VOL_SCALED,40,0
2023-10-05,2.33619537574174,O2,VOL_SCALED,40,0
2023-10-06,2.349610703569911,O2,VOL_SCALED,40,0
2023-10-09,2.221011943533264,O2,VOL_SCALED,40,0
2023-10-10,2.33615683192102,O2,VOL_SCALED,40,0
2023-10-11,2.308154115415028,O2,VOL_SCALED,40,0
2023-10-12,2.3095688565521875,O2,VOL_SCALED,40,0
2023-10-13,2.262993232501586,O2,VOL_SCALED,40,0
2023-10-16,2.1628705740622425,O2,VOL_SCALED,40,0
2023-10-17,2.276842136784471,O2,VOL_SCALED,40,0
2023-10-18,2.2670873478095133,O2,VOL_SCALED,40,0
2023-10-19,2.2938550102212534,O2,VOL_SCALED,40,0
2023-10-20,2.19850408348515,O2,VOL_SCALED,40,0
2023-10-23,2.301432903101532,O2,VOL_SCALED,40,0
2023-10-24,2.3951154849629788,O2,VOL_SCALED,40,0
2023-10-25,2.2088441499822626,O2,VOL_SCALED,40,0
2023-10-26,2.3575889928056357,O2,VOL_SCALED,40,0
2023-10-27,2.410237129971509,O2,VOL_SCALED,40,0
2023-10-30,2.464859263511119,O2,VOL_SCALED,40,0
2023-02-02,1.0,O2,VOL_SCALED,40,30
2023-02-03,1.0402611121214498,O2,VOL_SCALED,40,30
2023-02-06,1.0188824701141685,O2,VOL_SCALED,40,30
2023-02-07,0.9215159451641539,O2,VOL_SCALED,40,30
2023-02-08,0.8429560329290313,O2,VOL_SCALED,40,30
2023-02-15,1.0049879792325056,O2,VOL_SCALED,40,30
2023-02-16,0.9918732593760687,O2,VOL_SCALED,40,30
2023-02-17,0.999904014564491,O2,VOL_SCALED,40,30
2023-02-20,1.050378384611114,O2,VOL_SCALED,40,30
2023-02-21,1.0446317519461057,O2,VOL_SCALED,40,30
2023-02-22,1.036480567082633,O2,VOL_SCALED,40,30
2023-02-23,1.0724305410902333,O2,VOL_SCALED,40,30
2023-02-24,1.0633123837970317,O2,VOL_SCALED,40,30
2023-02-27,1.0716023940432549,O2,VOL_SCALED,40,30
2023-02-28,1.0794035934712638,O2,VOL_SCALED,40,30
2023-03-01,1.0962693927062994,O2,VOL_SCALED,40,30
2023-03-02,1.0833786742380025,O2,VOL_SCALED,40,30
2023-03-03,1.0561032141760043,O2,VOL_SCALED,40,30
2023-03-06,1.0861328028497976,O2,VOL_SCALED,40,30
2023-03-07,1.0868325796442224,O2,VOL_SCALED,40,30
2023-03-08,1.06176516862112,O2,VOL_SCALED,40,30
2023-03-09,1.0665014393682053,O2,VOL_SCALED,40,30
2023-03-10,1.0587064970366915,O2,VOL_SCALED,40,30
2023-03-13,1.0338632387684001,O2,VOL_SCALED,40,30
2023-03-14,0.9983851689611896,O2,VOL_SCALED,40,30
2023-03-15,0.9746155236227685,O2,VOL_SCALED,40,30
2023-03-16,0.9979599588922742,O2,VOL_SCALED,40,30
2023-03-17,1.0003386078018552,O2,VOL_SCALED,40,30
2023-03-20,0.965481240771242,O2,VOL_SCALED,40,30
2023-03-21,0.9530921822439702,O2,VOL_SCALED,40,30
2023-03-22,0.9665321551037106,O2,VOL_SCALED,40,30
2023-03-23,0.9846042965800468,O2,VOL_SCALED,40,30
2023-03-24,0.9726453148236398,O2,VOL_SCALED,40,30
2023-03-27,0.956694593566749,O2,VOL_SCALED,40,30
2023-03-28,0.9010201055619809,O2,VOL_SCALED,40,30
2023-03-29,0.9135306734024733,O2,VOL_SCALED,40,30
2023-03-30,0.9076547740921889,O2,VOL_SCALED,40,30
2023-03-31,0.8829052008824942,O2,VOL_SCALED,40,30
2023-04-03,0.8828327470288274,O2,VOL_SCALED,40,30
2023-04-04,0.9109312999062956,O2,VOL_SCALED,40,30
2023-04-05,0.9026484922149937,O2,VOL_SCALED,40,30
2023-04-06,0.9066318425186506,O2,VOL_SCALED,40,30
2023-04-07,0.929386310195876,O2,VOL_SCALED,40,30
2023-04-10,0.988457171732811,O2,VOL_SCALED,40,30
2023-04-11,0.9982123571224109,O2,VOL_SCALED,40,30
2023-04-12,0.9847800887167163,O2,VOL_SCALED,40,30
2023-04-13,0.9958285938437808,O2,VOL_SCALED,40,30
2023-04-14,0.9823298634668405,O2,VOL_SCALED,40,30
2023-04-17,0.9699311749553541,O2,VOL_SCALED,40,30
2023-04-18,0.958235068465045,O2,VOL_SCALED,40,30
2023-04-19,0.9717844986339161,O2,VOL_SCALED,40,30
2023-04-20,0.9557219646826277,O2,VOL_SCALED,40,30
2023-04-24,0.9581158692158318,O2,VOL_SCALED,40,30
2023-04-25,0.9349255272748681,O2,VOL_SCALED,40,30
2023-04-26,0.9126438513255893,O2,VOL_SCALED,40,30
2023-04-27,0.9228906934017107,O2,VOL_SCALED,40,30
2023-04-28,0.8899114582635446,O2,VOL_SCALED,40,30
2023-05-02,0.8416517680853233,O2,VOL_SCALED,40,30
2023-05-03,0.8088816006270461,O2,VOL_SCALED,40,30
2023-05-04,0.8154082167339982,O2,VOL_SCALED,40,30
2023-05-05,0.7970232619045778,O2,VOL_SCALED,40,30
2023-05-08,0.7998209875291931,O2,VOL_SCALED,40,30
2023-05-09,0.7922530660499306,O2,VOL_SCALED,40,30
2023-05-10,0.7945741251146988,O2,VOL_SCALED,40,30
2023-05-11,0.8405986718057378,O2,VOL_SCALED,40,30
2023-05-12,0.8236981084540471,O2,VOL_SCALED,40,30
2023-05-15,0.7998561103171801,O2,VOL_SCALED,40,30
2023-05-16,0.825423265356952,O2,VOL_SCALED,40,30
2023-05-17,0.8575627451115775,O2,VOL_SCALED,40,30
2023-05-18,0.8287004597250451,O2,VOL_SCALED,40,30
2023-05-22,0.8356593869106617,O2,VOL_SCALED,40,30
2023-05-23,0.8294782217780867,O2,VOL_SCALED,40,30
2023-05-24,0.8304605196022228,O2,VOL_SCALED,40,30
2023-05-25,0.8438200320945086,O2,VOL_SCALED,40,30
2023-05-26,0.8643391774865097,O2,VOL_SCALED,40,30
2023-05-29,0.8959764061246187,O2,VOL_SCALED,40,30
2023-05-30,0.9130775698085762,O2,VOL_SCALED,40,30
2023-05-31,0.9312186767473113,O2,VOL_SCALED,40,30
2023-06-01,0.9544956394749351,O2,VOL_SCALED,40,30
2023-06-02,0.9743402568653734,O2,VOL_SCALED,40,30
2023-06-05,1.0251530032981095,O2,VOL_SCALED,40,30
2023-06-06,1.0072898694057635,O2,VOL_SCALED,40,30
2023-06-07,1.0307169679973476,O2,VOL_SCALED,40,30
2023-06-08,1.0358504425620836,O2,VOL_SCALED,40,30
2023-06-09,1.058111939063869,O2,VOL_SCALED,40,30
2023-06-12,1.0492487273333813,O2,VOL_SCALED,40,30
2023-06-13,1.0027261227828848,O2,VOL_SCALED,40,30
2023-06-14,1.008893902672337,O2,VOL_SCALED,40,30
2023-06-15,1.0242559177385178,O2,VOL_SCALED,40,30
2023-06-16,1.0231891450978219,O2,VOL_SCALED,40,30
2023-06-19,0.9816534919105699,O2,VOL_SCALED,40,30
2023-06-20,0.9692364781197849,O2,VOL_SCALED,40,30
2023-06-21,0.9557750758086131,O2,VOL_SCALED,40,30
2023-06-22,0.9995545106796022,O2,VOL_SCALED,40,30
2023-06-23,1.0278858529320605,O2,VOL_SCALED,40,30
2023-06-26,1.0493894970716413,O2,VOL_SCALED,40,30
2023-06-27,1.0588908977128673,O2,VOL_SCALED,40,30
2023-07-03,1.1035432484752428,O2,VOL_SCALED,40,30
2023-07-04,1.1015650845509621,O2,VOL_SCALED,40,30
2023-07-05,1.1124065672783239,O2,VOL_SCALED,40,30
2023-07-06,1.1153417541273556,O2,VOL_SCALED,40,30
2023-07-07,1.136905049480793,O2,VOL_SCALED,40,30
2023-07-10,1.1790478410829757,O2,VOL_SCALED,40,30
2023-07-11,1.1800440373370185,O2,VOL_SCALED,40,30
2023-07-12,1.184821306850577,O2,VOL_SCALED,40,30
2023-07-13,1.2088714819684026,O2,VOL_SCALED,40,30
2023-07-14,1.2328571010371838,O2,VOL_SCALED,40,30
2023-07-17,1.26538878267916,O2,VOL_SCALED,40,30
2023-07-18,1.2120117493477247,O2,VOL_SCALED,40,30
2023-07-19,1.256286707293336,O2,VOL_SCALED,40,30
2023-07-20,1.304112969206,O2,VOL_SCALED,40,30
2023-07-21,1.3247090827164498,O2,VOL_SCALED,40,30
2023-07-24,1.3703608395368376,O2,VOL_SCALED,40,30
2023-07-25,1.3548420838692052,O2,VOL_SCALED,40,30
2023-07-26,1.3606166848026198,O2,VOL_SCALED,40,30
2023-07-27,1.3754304376051034,O2,VOL_SCALED,40,30
2023-07-28,1.3939511515812413,O2,VOL_SCALED,40,30
2023-07-31,1.4356090787623472,O2,VOL_SCALED,40,30
2023-08-01,1.4421697533126998,O2,VOL_SCALED,40,30
2023-08-02,1.4712869300456795,O2,VOL_SCALED,40,30
2023-08-03,1.5361157472594897,O2,VOL_SCALED,40,30
2023-08-04,1.5651766201197528,O2,VOL_SCALED,40,30
2023-08-07,1.6159831147412604,O2,VOL_SCALED,40,30
2023-08-08,1.6262475672542371,O2,VOL_SCALED,40,30
2023-08-09,1.6496162980330458,O2,VOL_SCALED,40,30
2023-08-10,1.6418842601006167,O2,VOL_SCALED,40,30
2023-08-11,1.7222298335449477,O2,VOL_SCALED,40,30
2023-08-14,1.7307802567452675,O2,VOL_SCALED,40,30
2023-08-15,1.7086086416758226,O2,VOL_SCALED,40,30
2023-08-16,1.7063072875651397,O2,VOL_SCALED,40,30
2023-08-17,1.718218885163655,O2,VOL_SCALED,40,30
2023-08-18,1.6534137890830785,O2,VOL_SCALED,40,30
2023-08-21,1.7291511608235883,O2,VOL_SCALED,40,30
2023-08-22,1.791159172887274,O2,VOL_SCALED,40,30
2023-08-23,1.7570225946276257,O2,VOL_SCALED,40,30
2023-08-24,1.6881653342258658,O2,VOL_SCALED,40,30
2023-08-25,1.769076660030962,O2,VOL_SCALED,40,30
2023-08-28,1.8236487170987228,O2,VOL_SCALED,40,30
2023-08-29,1.8566435393484817,O2,VOL_SCALED,40,30
2023-08-31,1.9601285881814479,O2,VOL_SCALED,40,30
2023-09-01,2.0258660533374044,O2,VOL_SCALED,40,30
2023-09-04,2.085960418888063,O2,VOL_SCALED,40,30
2023-09-05,2.09415974863645,O2,VOL_SCALED,40,30
2023-09-06,2.087956895199606,O2,VOL_SCALED,40,30
2023-09-07,2.1441317904962403,O2,VOL_SCALED,40,30
2023-09-08,2.097052674533798,O2,VOL_SCALED,40,30
2023-09-11,2.052544625520885,O2,VOL_SCALED,40,30
2023-09-12,2.0859762007949483,O2,VOL_SCALED,40,30
2023-09-13,2.070038324098269,O2,VOL_SCALED,40,30
2023-09-14,2.1367600051121203,O2,VOL_SCALED,40,30
2023-09-15,2.1190912904930768,O2,VOL_SCALED,40,30
2023-09-18,2.0970142880171734,O2,VOL_SCALED,40,30
2023-09-19,2.1342209904280027,O2,VOL_SCALED,40,30
2023-09-20,2.1826157083471873,O2,VOL_SCALED,40,30
2023-09-21,2.296168625153384,O2,VOL_SCALED,40,30
2023-09-22,2.3807094349584506,O2,VOL_SCALED,40,30
2023-09-25,2.497158082427581,O2,VOL_SCALED,40,30
2023-09-26,2.3924401077116797,O2,VOL_SCALED,40,30
2023-09-27,2.328192170055838,O2,VOL_SCALED,40,30
2023-09-28,2.2758190076243534,O2,VOL_SCALED,40,30
2023-09-29,2.2326252228227608,O2,VOL_SCALED,40,30
2023-10-02,2.312000546345083,O2,VOL_SCALED,40,30
2023-10-03,2.3384462716996675,O2,VOL_SCALED,40,30
2023-10-04,2.293740724441663,O2,VOL_SCALED,40,30
2023-10-05,2.3193116492072217,O2,VOL_SCALED,40,30
2023-10-06,2.332651871293357,O2,VOL_SCALED,40,30
2023-10-09,2.2047730716945795,O2,VOL_SCALED,40,30
2023-10-10,2.319273321174166,O2,VOL_SCALED,40,30
2023-10-11,2.2914273779374605,O2,VOL_SCALED,40,30
2023-10-12,2.2928341986432854,O2,VOL_SCALED,40,30
2023-10-13,2.2465193283252693,O2,VOL_SCALED,40,30
2023-10-16,2.1469572068070453,O2,VOL_SCALED,40,30
2023-10-17,2.2602906994873955,O2,VOL_SCALED,40,30
2023-10-18,2.2505905227197376,O2,VOL_SCALED,40,30
2023-10-19,2.2772083263152254,O2,VOL_SCALED,40,30
2023-10-20,2.182391221949917,O2,VOL_SCALED,40,30
2023-10-23,2.284743794345725,O2,VOL_SCALED,40,30
2023-10-24,2.377901894068787,O2,VOL_SCALED,40,30
2023-10-25,2.1926733995622474,O2,VOL_SCALED,40,30
2023-10-26,2.340585494059437,O2,VOL_SCALED,40,30
2023-10-27,2.3929388805148357,O2,VOL_SCALED,40,30
2023-10-30,2.4472552119209774,O2,VOL_SCALED,40,30
2023-02-02,1.0,O2,VOL_SCALED,40,50
2023-02-03,1.0382611121214498,O2,VOL_SCALED,40,50
2023-02-06,1.0168824701141685,O2,VOL_SCALED,40,50
2023-02-07,0.9195159451641539,O2,VOL_SCALED,40,50
2023-02-08,0.8409560329290313,O2,VOL_SCALED,40,50
2023-02-15,1.0029879792325056,O2,VOL_SCALED,40,50
2023-02-16,0.9898732593760687,O2,VOL_SCALED,40,50
2023-02-17,0.997904014564491,O2,VOL_SCALED,40,50
2023-02-20,1.048378384611114,O2,VOL_SCALED,40,50
2023-02-21,1.0426317519461057,O2,VOL_SCALED,40,50
2023-02-22,1.034480567082633,O2,VOL_SCALED,40,50
2023-02-23,1.0704305410902333,O2,VOL_SCALED,40,50
2023-02-24,1.0613123837970317,O2,VOL_SCALED,40,50
2023-02-27,1.0696023940432549,O2,VOL_SCALED,40,50
2023-02-28,1.0774035934712638,O2,VOL_SCALED,40,50
2023-03-01,1.0942693927062994,O2,VOL_SCALED,40,50
2023-03-02,1.0813786742380025,O2,VOL_SCALED,40,50
2023-03-03,1.054103214176004,O2,VOL_SCALED,40,50
2023-03-06,1.0841328028497976,O2,VOL_SCALED,40,50
2023-03-07,1.0848325796442224,O2,VOL_SCALED,40,50
2023-03-08,1.05976516862112,O2,VOL_SCALED,40,50
2023-03-09,1.0645014393682053,O2,VOL_SCALED,40,50
2023-03-10,1.0567064970366915,O2,VOL_SCALED,40,50
2023-03-13,1.0318632387684001,O2,VOL_SCALED,40,50
2023-03-14,0.9963851689611896,O2,VOL_SCALED,40,50
2023-03-15,0.9726155236227685,O2,VOL_SCALED,40,50
2023-03-16,0.9959599588922742,O2,VOL_SCALED,40,50
2023-03-17,0.9983386078018553,O2,VOL_SCALED,40,50
2023-03-20,0.963481240771242,O2,VOL_SCALED,40,50
2023-03-21,0.9510921822439702,O2,VOL_SCALED,40,50
2023-03-22,0.9645321551037106,O2,VOL_SCALED,40,50
2023-03-23,0.9826042965800468,O2,VOL_SCALED,40,50
2023-03-24,0.9706453148236398,O2,VOL_SCALED,40,50
2023-03-27,0.954694593566749,O2,VOL_SCALED,40,50
2023-03-28,0.8990201055619809,O2,VOL_SCALED,40,50
2023-03-29,0.9115306734024733,O2,VOL_SCALED,40,50
2023-03-30,0.9056547740921889,O2,VOL_SCALED,40,50
2023-03-31,0.8809052008824942,O2,VOL_SCALED,40,50
2023-04-03,0.8808327470288274,O2,VOL_SCALED,40,50
2023-04-04,0.9089312999062956,O2,VOL_SCALED,40,50
2023-04-05,0.9006484922149937,O2,VOL_SCALED,40,50
2023-04-06,0.9046318425186506,O2,VOL_SCALED,40,50
2023-04-07,0.927386310195876,O2,VOL_SCALED,40,50
2023-04-10,0.986457171732811,O2,VOL_SCALED,40,50
2023-04-11,0.9962123571224109,O2,VOL_SCALED,40,50
2023-04-12,0.9827800887167163,O2,VOL_SCALED,40,50
2023-04-13,0.9938285938437807,O2,VOL_SCALED,40,50
2023-04-14,0.9803298634668405,O2,VOL_SCALED,40,50
2023-04-17,0.9679311749553541,O2,VOL_SCALED,40,50
2023-04-18,0.956235068465045,O2,VOL_SCALED,40,50
2023-04-19,0.9697844986339161,O2,VOL_SCALED,40,50
2023-04-20,0.9537219646826277,O2,VOL_SCALED,40,50
2023-04-24,0.9561158692158318,O2,VOL_SCALED,40,50
2023-04-25,0.9329255272748681,O2,VOL_SCALED,40,50
2023-04-26,0.9106438513255893,O2,VOL_SCALED,40,50
2023-04-27,0.9208906934017107,O2,VOL_SCALED,40,50
2023-04-28,0.8879114582635446,O2,VOL_SCALED,40,50
2023-05-02,0.8396517680853233,O2,VOL_SCALED,40,50
2023-05-03,0.8068816006270461,O2,VOL_SCALED,40,50
2023-05-04,0.8134082167339982,O2,VOL_SCALED,40,50
2023-05-05,0.7950232619045778,O2,VOL_SCALED,40,50
2023-05-08,0.7958820063519758,O2,VOL_SCALED,40,50
2023-05-09,0.7883329628869429,O2,VOL_SCALED,40,50
2023-05-10,0.7906482321207553,O2,VOL_SCALED,40,50
2023-05-11,0.8365579715890014,O2,VOL_SCALED,40,50
2023-05-12,0.8196995663221056,O2,VOL_SCALED,40,50
2023-05-15,0.7959170415269379,O2,VOL_SCALED,40,50
2023-05-16,0.8214204198589343,O2,VOL_SCALED,40,50
2023-05-17,0.8534797283858582,O2,VOL_SCALED,40,50
2023-05-18,0.8246894393375173,O2,VOL_SCALED,40,50
2023-05-22,0.8316310076318195,O2,VOL_SCALED,40,50
2023-05-23,0.825465261280167,O2,VOL_SCALED,40,50
2023-05-24,0.8264451087839144,O2,VOL_SCALED,40,50
2023-05-25,0.839771296265149,O2,VOL_SCALED,40,50
2023-05-26,0.8602392570987807,O2,VOL_SCALED,40,50
2023-05-29,0.8917975673635882,O2,VOL_SCALED,40,50
2023-05-30,0.9088560725696195,O2,VOL_SCALED,40,50
2023-05-31,0.9269519269147767,O2,VOL_SCALED,40,50
2023-06-01,0.950170825769143,O2,VOL_SCALED,40,50
2023-06-02,0.9699659411965248,O2,VOL_SCALED,40,50
2023-06-05,1.0206519363471773,O2,VOL_SCALED,40,50
2023-06-06,1.0028333616507388,O2,VOL_SCALED,40,50
2023-06-07,1.0262020218584438,O2,VOL_SCALED,40,50
2023-06-08,1.0313226910834115,O2,VOL_SCALED,40,50
2023-06-09,1.053528656770179,O2,VOL_SCALED,40,50
2023-06-12,1.0446875541270582,O2,VOL_SCALED,40,50
2023-06-13,0.9982809991937663,O2,VOL_SCALED,40,50
2023-06-14,1.0044333936914913,O2,VOL_SCALED,40,50
2023-06-15,1.0197570885478486,O2,VOL_SCALED,40,50
2023-06-16,1.0186929769481194,O2,VOL_SCALED,40,50
2023-06-19,0.9772609335372185,O2,VOL_SCALED,40,50
2023-06-20,0.9648748937151345,O2,VOL_SCALED,40,50
2023-06-21,0.9514470705769338,O2,VOL_SCALED,40,50
2023-06-22,0.995117298607349,O2,VOL_SCALED,40,50
2023-06-23,1.0233779689476243,O2,VOL_SCALED,40,50
2023-06-26,1.0448279727182919,O2,VOL_SCALED,40,50
2023-06-27,1.0543056723239035,O2,VOL_SCALED,40,50
2023-07-03,1.0988466387761495,O2,VOL_SCALED,40,50
2023-07-04,1.096873409338414,O2,VOL_SCALED,40,50
2023-07-05,1.1076878482247738,O2,VOL_SCALED,40,50
2023-07-06,1.1106157133145544,O2,VOL_SCALED,40,50
2023-07-07,1.132125219500433,O2,VOL_SCALED,40,50
2023-07-10,1.1741628868327982,O2,VOL_SCALED,40,50
2023-07-11,1.1751565980971233,O2,VOL_SCALED,40,50
2023-07-12,1.1799219508166057,O2,VOL_SCALED,40,50
2023-07-13,1.203912133299816,O2,VOL_SCALED,40,50
2023-07-14,1.2278379207676313,O2,VOL_SCALED,40,50
2023-07-17,1.2602884528428957,O2,VOL_SCALED,40,50
2023-07-18,1.207044567351,O2,VOL_SCALED,40,50
2023-07-19,1.2512090823845903,O2,VOL_SCALED,40,50
2023-07-20,1.2989160427353375,O2,VOL_SCALED,40,50
2023-07-21,1.3194607796921338,O2,VOL_SCALED,40,50
2023-07-24,1.364998659205889,O2,VOL_SCALED,40,50
2023-07-25,1.349518614734075,O2,VOL_SCALED,40,50
2023-07-26,1.355278811052049,O2,VOL_SCALED,40,50
2023-07-27,1.3700556112729072,O2,VOL_SCALED,40,50
2023-07-28,1.3885301257340334,O2,VOL_SCALED,40,50
2023-07-31,1.430084138128991,O2,VOL_SCALED,40,50
2023-08-01,1.436628447220498,O2,VOL_SCALED,40,50
2023-08-02,1.4656729917944102,O2,VOL_SCALED,40,50
2023-08-03,1.530340094944827,O2,VOL_SCALED,40,50
2023-08-04,1.556773150669529,O2,VOL_SCALED,40,50
2023-08-07,1.6073890821832155,O2,VOL_SCALED,40,50
2023-08-08,1.6176150351699896,O2,VOL_SCALED,40,50
2023-08-09,1.6408961153837234,O2,VOL_SCALED,40,50
2023-08-10,1.6331930784912039,O2,VOL_SCALED,40,50
2023-08-11,1.7132372947509997,O2,VOL_SCALED,40,50
2023-08-14,1.7217556473424267,O2,VOL_SCALED,40,50
2023-08-15,1.6996671927410387,O2,VOL_SCALED,40,50
2023-08-16,1.697374470463644,O2,VOL_SCALED,40,50
2023-08-17,1.709241390485515,O2,VOL_SCALED,40,50
2023-08-18,1.644679362945757,O2,VOL_SCALED,40,50
2023-08-21,1.7201326617730577,O2,VOL_SCALED,40,50
2023-08-22,1.7819080964944822,O2,VOL_SCALED,40,50
2023-08-23,1.7478995564412088,O2,VOL_SCALED,40,50
2023-08-24,1.6793005632872875,O2,VOL_SCALED,40,50
2023-08-25,1.7599084099049642,O2,VOL_SCALED,40,50
2023-08-28,1.8142757801335228,O2,VOL_SCALED,40,50
2023-08-29,1.847146846632826,O2,VOL_SCALED,40,50
2023-08-31,1.9502437475987613,O2,VOL_SCALED,40,50
2023-09-01,2.015734647118696,O2,VOL_SCALED,40,50
2023-09-04,2.075603612961164,O2,VOL_SCALED,40,50
2023-09-05,2.083772188968901,O2,VOL_SCALED,40,50
2023-09-06,2.077592600963713,O2,VOL_SCALED,40,50
2023-09-07,2.133556797555211,O2,VOL_SCALED,40,50
2023-09-08,2.086654264187535,O2,VOL_SCALED,40,50
2023-09-11,2.0423131543072306,O2,VOL_SCALED,40,50
2023-09-12,2.075619335673861,O2,VOL_SCALED,40,50
2023-09-13,2.0597412381715148,O2,VOL_SCALED,40,50
2023-09-14,2.12621266198916,O2,VOL_SCALED,40,50
2023-09-15,2.1086102185268665,O2,VOL_SCALED,40,50
2023-09-18,2.086616021649628,O2,VOL_SCALED,40,50
2023-09-19,2.123683170546758,O2,VOL_SCALED,40,50
2023-09-20,2.1718963713603534,O2,VOL_SCALED,40,50
2023-09-21,2.2850233781152873,O2,VOL_SCALED,40,50
2023-09-22,2.3692470953995213,O2,VOL_SCALED,40,50
2023-09-25,2.4852589716186646,O2,VOL_SCALED,40,50
2023-09-26,2.380933769182278,O2,VOL_SCALED,40,50
2023-09-27,2.316926810298186,O2,VOL_SCALED,40,50
2023-09-28,2.264750087173796,O2,VOL_SCALED,40,50
2023-09-29,2.2217183120115553,O2,VOL_SCALED,40,50
2023-10-02,2.300795917526614,O2,VOL_SCALED,40,50
2023-10-03,2.327142451239467,O2,VOL_SCALED,40,50
2023-10-04,2.2826045838831326,O2,VOL_SCALED,40,50
2023-10-05,2.3080795981764273,O2,VOL_SCALED,40,50
2023-10-06,2.3213697842543977,O2,VOL_SCALED,40,50
2023-10-09,2.1939706276945175,O2,VOL_SCALED,40,50
2023-10-10,2.308041413902731,O2,VOL_SCALED,40,50
2023-10-11,2.280299914192841,O2,VOL_SCALED,40,50
2023-10-12,2.2817014582479573,O2,VOL_SCALED,40,50
2023-10-13,2.2355603040206087,O2,VOL_SCALED,40,50
2023-10-16,2.1363716163997455,O2,VOL_SCALED,40,50
2023-10-17,2.2492800220366718,O2,VOL_SCALED,40,50
2023-10-18,2.2396162283307666,O2,VOL_SCALED,40,50
2023-10-19,2.2661341948598652,O2,VOL_SCALED,40,50
2023-10-20,2.171672726958302,O2,VOL_SCALED,40,50
2023-10-23,2.2736413991375226,O2,VOL_SCALED,40,50
2023-10-24,2.366450084929665,O2,VOL_SCALED,40,50
2023-10-25,2.1819163385617877,O2,VOL_SCALED,40,50
2023-10-26,2.329273649883681,O2,VOL_SCALED,40,50
2023-10-27,2.3814306712069793,O2,VOL_SCALED,40,50
2023-10-30,2.435543274940207,O2,VOL_SCALED,40,50
2023-02-02,1.0,O2,VOL_SCALED,40,100
2023-02-03,1.0332611121214497,O2,VOL_SCALED,40,100
2023-02-06,1.0118824701141687,O2,VOL_SCALED,40,100
2023-02-07,0.914515945164154,O2,VOL_SCALED,40,100
2023-02-08,0.8359560329290312,O2,VOL_SCALED,40,100
2023-02-15,0.9979879792325057,O2,VOL_SCALED,40,100
2023-02-16,0.9848732593760688,O2,VOL_SCALED,40,100
2023-02-17,0.992904014564491,O2,VOL_SCALED,40,100
2023-02-20,1.0433783846111142,O2,VOL_SCALED,40,100
2023-02-21,1.0376317519461056,O2,VOL_SCALED,40,100
2023-02-22,1.029480567082633,O2,VOL_SCALED,40,100
2023-02-23,1.0654305410902334,O2,VOL_SCALED,40,100
2023-02-24,1.0563123837970316,O2,VOL_SCALED,40,100
2023-02-27,1.0646023940432547,O2,VOL_SCALED,40,100
2023-02-28,1.0724035934712637,O2,VOL_SCALED,40,100
2023-03-01,1.0892693927062995,O2,VOL_SCALED,40,100
2023-03-02,1.0763786742380026,O2,VOL_SCALED,40,100
2023-03-03,1.0491032141760042,O2,VOL_SCALED,40,100
2023-03-06,1.0791328028497975,O2,VOL_SCALED,40,100
2023-03-07,1.0798325796442223,O2,VOL_SCALED,40,100
2023-03-08,1.0547651686211201,O2,VOL_SCALED,40,100
2023-03-09,1.0595014393682052,O2,VOL_SCALED,40,100
2023-03-10,1.0517064970366916,O2,VOL_SCALED,40,100
2023-03-13,1.0268632387684002,O2,VOL_SCALED,40,100
2023-03-14,0.9913851689611896,O2,VOL_SCALED,40,100
2023-03-15,0.9676155236227684,O2,VOL_SCALED,40,100
2023-03-16,0.9909599588922741,O2,VOL_SCALED,40,100
2023-03-17,0.9933386078018553,O2,VOL_SCALED,40,100
2023-03-20,0.9584812407712421,O2,VOL_SCALED,40,100
2023-03-21,0.9460921822439701,O2,VOL_SCALED,40,100
2023-03-22,0.9595321551037105,O2,VOL_SCALED,40,100
2023-03-23,0.9776042965800469,O2,VOL_SCALED,40,100
2023-03-24,0.9656453148236398,O2,VOL_SCALED,40,100
2023-03-27,0.949694593566749,O2,VOL_SCALED,40,100
2023-03-28,0.894020105561981,O2,VOL_SCALED,40,100
2023-03-29,0.9065306734024734,O2,VOL_SCALED,40,100
2023-03-30,0.9006547740921887,O2,VOL_SCALED,40,100
2023-03-31,0.8759052008824942,O2,VOL_SCALED,40,100
2023-04-03,0.8758327470288275,O2,VOL_SCALED,40,100
2023-04-04,0.9039312999062955,O2,VOL_SCALED,40,100
2023-04-05,0.8956484922149938,O2,VOL_SCALED,40,100
2023-04-06,0.8996318425186506,O2,VOL_SCALED,40,100
2023-04-07,0.922386310195876,O2,VOL_SCALED,40,100
2023-04-10,0.9814571717328109,O2,VOL_SCALED,40,100
2023-04-11,0.9912123571224108,O2,VOL_SCALED,40,100
2023-04-12,0.9777800887167162,O2,VOL_SCALED,40,100
2023-04-13,0.9888285938437807,O2,VOL_SCALED,40,100
2023-04-14,0.9753298634668404,O2,VOL_SCALED,40,100
2023-04-17,0.962931174955354,O2,VOL_SCALED,40,100
2023-04-18,0.951235068465045,O2,VOL_SCALED,40,100
2023-04-19,0.9647844986339161,O2,VOL_SCALED,40,100
2023-04-20,0.9487219646826276,O2,VOL_SCALED,40,100
2023-04-24,0.9511158692158317,O2,VOL_SCALED,40,100
2023-04-25,0.9279255272748681,O2,VOL_SCALED,40,100
2023-04-26,0.9056438513255893,O2,VOL_SCALED,40,100
2023-04-27,0.9158906934017107,O2,VOL_SCALED,40,100
2023-04-28,0.8829114582635444,O2,VOL_SCALED,40,100
2023-05-02,0.8346517680853234,O2,VOL_SCALED,40,100
2023-05-03,0.801881600627046,O2,VOL_SCALED,40,100
2023-05-04,0.8084082167339983,O2,VOL_SCALED,40,100
2023-05-05,0.7900232619045777,O2,VOL_SCALED,40,100
2023-05-08,0.7860485534089323,O2,VOL_SCALED,40,100
2023-05-09,0.7785467049794735,O2,VOL_SCALED,40,100
2023-05-10,0.7808474996358963,O2,VOL_SCALED,40,100
2023-05-11,0.8264702210471607,O2,VOL_SCALED,40,100
2023-05-12,0.8097172109922516,O2,VOL_SCALED,40,100
2023-05-15,0.7860833695513327,O2,VOL_SCALED,40,100
2023-05-16,0.8114273061138897,O2,VOL_SCALED,40,100
2023-05-17,0.8432861865715595,O2,VOL_SCALED,40,100
2023-05-18,0.8146758883686973,O2,VOL_SCALED,40,100
2023-05-22,0.8215740594347141,O2,VOL_SCALED,40,100
2023-05-23,0.8154468600353684,O2,VOL_SCALED,40,100
2023-05-24,0.8164205817381434,O2,VOL_SCALED,40,100
2023-05-25,0.8296634566917505,O2,VOL_SCALED,40,100
2023-05-26,0.8500034561294583,O2,VOL_SCALED,40,100
2023-05-29,0.8813644704610119,O2,VOL_SCALED,40,100
2023-05-30,0.898316329472228,O2,VOL_SCALED,40,100
2023-05-31,0.9162990523334401,O2,VOL_SCALED,40,100
2023-06-01,0.9393727915046625,O2,VOL_SCALED,40,100
2023-06-02,0.9590441520244036,O2,VOL_SCALED,40,100
2023-06-05,1.009413268969847,O2,VOL_SCALED,40,100
2023-06-06,0.9917060922631766,O2,VOL_SCALED,40,100
2023-06-07,1.014928656511184,O2,VOL_SCALED,40,100
2023-06-08,1.0200173123867313,O2,VOL_SCALED,40,100
2023-06-09,1.0420844510359546,O2,VOL_SCALED,40,100
2023-06-12,1.03329862111125,O2,VOL_SCALED,40,100
2023-06-13,0.9871821902209706,O2,VOL_SCALED,40,100
2023-06-14,0.9932961212393778,O2,VOL_SCALED,40,100
2023-06-15,1.0085240155711754,O2,VOL_SCALED,40,100
2023-06-16,1.0074665565738639,O2,VOL_SCALED,40,100
2023-06-19,0.96629353760384,O2,VOL_SCALED,40,100
2023-06-20,0.953984932703509,O2,VOL_SCALED,40,100
2023-06-21,0.9406410574977351,O2,VOL_SCALED,40,100
2023-06-22,0.9840382684267158,O2,VOL_SCALED,40,100
2023-06-23,1.0121222589865346,O2,VOL_SCALED,40,100
2023-06-26,1.0334381618349182,O2,VOL_SCALED,40,100
2023-06-27,1.0428566088514941,O2,VOL_SCALED,40,100
2023-07-03,1.087119114528417,O2,VOL_SCALED,40,100
2023-07-04,1.0851582213070432,O2,VOL_SCALED,40,100
2023-07-05,1.0959050505908992,O2,VOL_SCALED,40,100
2023-07-06,1.0988146112825519,O2,VOL_SCALED,40,100
2023-07-07,1.1201896445495332,O2,VOL_SCALED,40,100
2023-07-10,1.1619645012073543,O2,VOL_SCALED,40,100
2023-07-11,1.1629519999973859,O2,VOL_SCALED,40,100
2023-07-12,1.1676875607316768,O2,VOL_SCALED,40,100
2023-07-13,1.1915277616283495,O2,VOL_SCALED,40,100
2023-07-14,1.2153039700937502,O2,VOL_SCALED,40,100
2023-07-17,1.2475516282522348,O2,VOL_SCALED,40,100
2023-07-18,1.1946406123591882,O2,VOL_SCALED,40,100
2023-07-19,1.238529020112726,O2,VOL_SCALED,40,100
2023-07-20,1.2859377265586815,O2,VOL_SCALED,40,100
2023-07-21,1.3063540221313437,O2,VOL_SCALED,40,100
2023-07-24,1.3516072083785173,O2,VOL_SCALED,40,100
2023-07-25,1.336223941896249,O2,VOL_SCALED,40,100
2023-07-26,1.3419481266756221,O2,VOL_SCALED,40,100
2023-07-27,1.356632545442416,O2,VOL_SCALED,40,100
2023-07-28,1.374991561116014,O2,VOL_SCALED,40,100
2023-07-31,1.4162857865456016,O2,VOL_SCALED,40,100
2023-08-01,1.4227891819899936,O2,VOL_SCALED,40,100
2023-08-02,1.4516521461662364,O2,VOL_SCALED,40,100
2023-08-03,1.5159149641581697,O2,VOL_SCALED,40,100
2023-08-04,1.5358408089077689,O2,VOL_SCALED,40,100
2023-08-07,1.5859807923509897,O2,VOL_SCALED,40,100
2023-08-08,1.5961105893954113,O2,VOL_SCALED,40,100
2023-08-09,1.619172754637619,O2,VOL_SCALED,40,100
2023-08-10,1.6115421503851022,O2,VOL_SCALED,40,100
2023-08-11,1.6908337006533516,O2,VOL_SCALED,40,100
2023-08-14,1.6992719540870984,O2,VOL_SCALED,40,100
2023-08-15,1.6773912000462394,O2,VOL_SCALED,40,100
2023-08-16,1.675120036529326,O2,VOL_SCALED,40,100
2023-08-17,1.6868753703861723,O2,VOL_SCALED,40,100
2023-08-18,1.6229204278394977,O2,VOL_SCALED,40,100
2023-08-21,1.6976642296583826,O2,VOL_SCALED,40,100
2023-08-22,1.7588587820749961,O2,VOL_SCALED,40,100
2023-08-23,1.7251700286686074,O2,VOL_SCALED,40,100
2023-08-24,1.6572160806111824,O2,VOL_SCALED,40,100
2023-08-25,1.737065961349051,O2,VOL_SCALED,40,100
2023-08-28,1.7909221082496425,O2,VOL_SCALED,40,100
2023-08-29,1.8234840839112068,O2,VOL_SCALED,40,100
2023-08-31,1.9256115515462062,O2,VOL_SCALED,40,100
2023-09-01,1.99048663177116,O2,VOL_SCALED,40,100
2023-09-04,2.049792642079246,O2,VOL_SCALED,40,100
2023-09-05,2.0578844079232055,O2,VOL_SCALED,40,100
2023-09-06,2.0517629273735043,O2,VOL_SCALED,40,100
2023-09-07,2.107200885474742,O2,VOL_SCALED,40,100
2023-09-08,2.0607393826203593,O2,VOL_SCALED,40,100
2023-09-11,2.016815217861061,O2,VOL_SCALED,40,100
2023-09-12,2.049808216949267,O2,VOL_SCALED,40,100
2023-09-13,2.0340794232262436,O2,VOL_SCALED,40,100
2023-09-14,2.099925807753669,O2,VOL_SCALED,40,100
2023-09-15,2.0824888823160532,O2,VOL_SCALED,40,100
2023-09-18,2.0607014996819215,O2,VOL_SCALED,40,100
2023-09-19,2.097420101442455,O2,VOL_SCALED,40,100
2023-09-20,2.1451799473693187,O2,VOL_SCALED,40,100
2023-09-21,2.257243206427186,O2,VOL_SCALED,40,100
2023-09-22,2.340674957337788,O2,VOL_SCALED,40,100
2023-09-25,2.4555959590637357,O2,VOL_SCALED,40,100
2023-09-26,2.3522517398339335,O2,VOL_SCALED,40,100
2023-09-27,2.288846646561443,O2,VOL_SCALED,40,100
2023-09-28,2.2371605478304333,O2,VOL_SCALED,40,100
2023-09-29,2.194533405947571,O2,VOL_SCALED,40,100
2023-10-02,2.2728674346354056,O2,VOL_SCALED,40,100
2023-10-03,2.2989662285258534,O2,VOL_SCALED,40,100
2023-10-04,2.254847156426209,O2,VOL_SCALED,40,100
2023-10-05,2.280082625905542,O2,VOL_SCALED,40,100
2023-10-06,2.2932478426659326,O2,VOL_SCALED,40,100
2023-10-09,2.167046636651074,O2,VOL_SCALED,40,100
2023-10-10,2.2800448006834486,O2,VOL_SCALED,40,100
2023-10-11,2.2525641578394486,O2,VOL_SCALED,40,100
2023-10-12,2.2539525229967605,O2,VOL_SCALED,40,100
2023-10-13,2.208245239937378,O2,VOL_SCALED,40,100
2023-10-16,2.1099892362180737,O2,VOL_SCALED,40,100
2023-10-17,2.2218359496921725,O2,VOL_SCALED,40,100
2023-10-18,2.2122630258730833,O2,VOL_SCALED,40,100
2023-10-19,2.2385316405751032,O2,VOL_SCALED,40,100
2023-10-20,2.1449584059241515,O2,VOL_SCALED,40,100
2023-10-23,2.2459682536518546,O2,VOL_SCALED,40,100
2023-10-24,2.337904247514712,O2,VOL_SCALED,40,100
2023-10-25,2.1551056955390555,O2,VOL_SCALED,40,100
2023-10-26,2.301077387236944,O2,VOL_SCALED,40,100
2023-10-27,2.352743969425415,O2,VOL_SCALED,40,100
2023-10-30,2.406347745432578,O2,VOL_SCALED,40,100
2024-01-23,1.0,O3,RAW,60,0
2024-01-24,1.00771623730203,O3,RAW,60,0
2024-01-25,1.0216874270133813,O3,RAW,60,0
2024-01-26,1.0461415978672735,O3,RAW,60,0
2024-01-29,1.0536629391586319,O3,RAW,60,0
2024-01-30,1.0632845041656622,O3,RAW,60,0
2024-01-31,1.0688225102725686,O3,RAW,60,0
2024-02-01,1.0829355329276509,O3,RAW,60,0
2024-02-02,1.07497974405114,O3,RAW,60,0
2024-02-05,1.0858048862616447,O3,RAW,60,0
2024-02-06,1.0958465353983005,O3,RAW,60,0
2024-02-07,1.096517584841503,O3,RAW,60,0
2024-02-08,1.111675746196187,O3,RAW,60,0
2024-02-09,1.1237865588031761,O3,RAW,60,0
2024-02-12,1.1502293978687885,O3,RAW,60,0
2024-02-13,1.1538809670396333,O3,RAW,60,0
2024-02-14,1.160223397168803,O3,RAW,60,0
2024-02-15,1.2122305492324796,O3,RAW,60,0
2024-02-16,1.2212541930230023,O3,RAW,60,0
2024-02-19,1.2227238536877858,O3,RAW,60,0
2024-02-20,1.2428485671792837,O3,RAW,60,0
2024-02-21,1.2653320580994105,O3,RAW,60,0
2024-02-22,1.2960700590463117,O3,RAW,60,0
2024-02-23,1.3020292954541217,O3,RAW,60,0
2024-02-26,1.3221985457321608,O3,RAW,60,0
2024-02-27,1.3244453847712943,O3,RAW,60,0
2024-02-28,1.2882250955559518,O3,RAW,60,0
2024-02-29,1.29680842540734,O3,RAW,60,0
2024-03-01,1.2911796080178153,O3,RAW,60,0
2024-03-04,1.2972258365160794,O3,RAW,60,0
2024-03-05,1.2891298960053228,O3,RAW,60,0
2024-03-06,1.265904010452137,O3,RAW,60,0
2024-03-07,1.2942055779465946,O3,RAW,60,0
2024-03-08,1.3041642001066174,O3,RAW,60,0
2024-03-11,1.3053029908304783,O3,RAW,60,0
2024-03-12,1.281932553809293,O3,RAW,60,0
2024-03-13,1.2740517299730807,O3,RAW,60,0
2024-03-14,1.2585008157858089,O3,RAW,60,0
2024-03-15,1.261824835006919,O3,RAW,60,0
2024-03-18,1.2463480306818377,O3,RAW,60,0
2024-03-19,1.2560958943397158,O3,RAW,60,0
2024-03-20,1.244834938209288,O3,RAW,60,0
2024-03-21,1.244746462062678,O3,RAW,60,0
2024-03-22,1.2300338636721309,O3,RAW,60,0
2024-03-25,1.203846548429024,O3,RAW,60,0
2024-03-26,1.1661354502313848,O3,RAW,60,0
2024-03-27,1.1935891603742328,O3,RAW,60,0
2024-03-28,1.220810312370175,O3,RAW,60,0
2024-03-29,1.2418527073059185,O3,RAW,60,0
2024-04-01,1.219166779171535,O3,RAW,60,0
2024-04-02,1.1966614155552704,O3,RAW,60,0
2024-04-03,1.1957978935098297,O3,RAW,60,0
2024-04-04,1.1941622072528668,O3,RAW,60,0
2024-04-05,1.2286668466479425,O3,RAW,60,0
2024-04-08,1.2840807686887865,O3,RAW,60,0
2024-04-09,1.2840807686887865,O3,RAW,60,0
2024-04-15,1.33882657694847,O3,RAW,60,0
2024-04-16,1.3479099956693839,O3,RAW,60,0
2024-04-17,1.3181125079222873,O3,RAW,60,0
2024-04-18,1.3064205160637483,O3,RAW,60,0
2024-04-19,1.3201193234017183,O3,RAW,60,0
2024-04-22,1.311523184919117,O3,RAW,60,0
2024-04-24,1.3110773243183693,O3,RAW,60,0
2024-04-25,1.3220230524632481,O3,RAW,60,0
2024-04-26,1.3433430702120952,O3,RAW,60,0
2024-04-29,1.3432983148953812,O3,RAW,60,0
2024-04-30,1.3331636566329075,O3,RAW,60,0
2024-05-02,1.3619560701517672,O3,RAW,60,0
2024-05-03,1.4015898770894772,O3,RAW,60,0
2024-05-06,1.3949922114437812,O3,RAW,60,0
2024-05-07,1.3901335822110212,O3,RAW,60,0
2024-05-08,1.396968331903557,O3,RAW,60,0
2024-05-09,1.4038959369747797,O3,RAW,60,0
2024-05-10,1.396102070628714,O3,RAW,60,0
2024-05-13,1.3689244080609433,O3,RAW,60,0
2024-05-14,1.3859453207634924,O3,RAW,60,0
2024-05-15,1.3868951549958237,O3,RAW,60,0
2024-05-16,1.4281443675502523,O3,RAW,60,0
2024-05-17,1.443699182695004,O3,RAW,60,0
2024-05-20,1.460980350864006,O3,RAW,60,0
2024-05-21,1.430534543086308,O3,RAW,60,0
2024-05-22,1.4462464438950537,O3,RAW,60,0
2024-05-23,1.4514705639825682,O3,RAW,60,0
2024-05-24,1.4565868477816657,O3,RAW,60,0
2024-05-27,1.4321394547275466,O3,RAW,60,0
2024-05-28,1.4274339903701476,O3,RAW,60,0
2024-05-29,1.4005224376899506,O3,RAW,60,0
2024-05-30,1.3925517745630984,O3,RAW,60,0
2024-05-31,1.3788775323261848,O3,RAW,60,0
2024-06-03,1.391390805820693,O3,RAW,60,0
2024-06-04,1.4123383054539285,O3,RAW,60,0
2024-06-05,1.395235992631449,O3,RAW,60,0
2024-06-06,1.3831044368897008,O3,RAW,60,0
2024-06-07,1.3770698213902732,O3,RAW,60,0
2024-06-10,1.3607590276758328,O3,RAW,60,0
2024-06-11,1.3643026711470219,O3,RAW,60,0
2024-06-12,1.3613523459491728,O3,RAW,60,0
2024-06-13,1.3958350507175834,O3,RAW,60,0
2024-06-14,1.4056111062206806,O3,RAW,60,0
2024-06-20,1.4510807877488188,O3,RAW,60,0
2024-06-21,1.454563955469338,O3,RAW,60,0
2024-06-24,1.4284201251711242,O3,RAW,60,0
2024-06-25,1.4228537656357068,O3,RAW,60,0
2024-06-26,1.4012791707010657,O3,RAW,60,0
2024-06-27,1.424583488897686,O3,RAW,60,0
2024-06-28,1.4194786589960469,O3,RAW,60,0
2024-07-01,1.3763483917407968,O3,RAW,60,0
2024-07-02,1.4018839134657193,O3,RAW,60,0
2024-07-03,1.4055509846014356,O3,RAW,60,0
2024-07-04,1.4338028135611713,O3,RAW,60,0
2024-07-05,1.4304957266150318,O3,RAW,60,0
2024-07-08,1.4355756328996843,O3,RAW,60,0
2024-07-09,1.4443588670628318,O3,RAW,60,0
2024-07-10,1.4623024944001315,O3,RAW,60,0
2024-07-11,1.489691408541517,O3,RAW,60,0
2024-07-12,1.4985470365932108,O3,RAW,60,0
2024-07-16,1.474763865272062,O3,RAW,60,0
2024-07-17,1.4903080067911643,O3,RAW,60,0
2024-07-18,1.4908144154699328,O3,RAW,60,0
2024-07-19,1.4828549448962691,O3,RAW,60,0
2024-07-22,1.4924923381290682,O3,RAW,60,0
2024-07-23,1.5086189637364904,O3,RAW,60,0
2024-07-24,1.514250647014387,O3,RAW,60,0
2024-07-25,1.5054830518865827,O3,RAW,60,0
2024-07-26,1.5404420950784858,O3,RAW,60,0
2024-07-29,1.5107014658701934,O3,RAW,60,0
2024-07-30,1.504179437724979,O3,RAW,60,0
2024-07-31,1.5202138206441973,O3,RAW,60,0
2024-08-01,1.5434225183436352,O3,RAW,60,0
2024-08-02,1.5289759525816085,O3,RAW,60,0
2024-08-05,1.4360115496541723,O3,RAW,60,0
2024-08-06,1.459741387382208,O3,RAW,60,0
2024-08-07,1.4862472674951257,O3,RAW,60,0
2024-08-08,1.4792972854254125,O3,RAW,60,0
2024-08-09,1.4546762045673882,O3,RAW,60,0
2024-08-12,1.473486324312498,O3,RAW,60,0
2024-08-13,1.4832194237847909,O3,RAW,60,0
2024-08-14,1.4678116080652361,O3,RAW,60,0
2024-08-15,1.4788425720934208,O3,RAW,60,0
2024-08-16,1.44905804983841,O3,RAW,60,0
2024-08-19,1.4720291799592968,O3,RAW,60,0
2024-08-20,1.4666383319826783,O3,RAW,60,0
2024-08-21,1.453947306533814,O3,RAW,60,0
2024-08-22,1.470414251856925,O3,RAW,60,0
2024-08-23,1.4508570524521662,O3,RAW,60,0
2024-08-26,1.4154799747421718,O3,RAW,60,0
2024-08-27,1.4539240858178137,O3,RAW,60,0
2024-08-28,1.4582161916502387,O3,RAW,60,0
2024-08-29,1.4646626947212606,O3,RAW,60,0
2024-09-02,1.4977317976102054,O3,RAW,60,0
2024-09-03,1.5100821238100186,O3,RAW,60,0
2024-09-04,1.524344209981003,O3,RAW,60,0
2024-09-05,1.5410880998435825,O3,RAW,60,0
2024-09-06,1.5332479493731113,O3,RAW,60,0
2024-09-09,1.5068490305973758,O3,RAW,60,0
2024-09-10,1.4710494212096683,O3,RAW,60,0
2024-09-11,1.43572185160707,O3,RAW,60,0
2024-09-12,1.4142868584830413,O3,RAW,60,0
2024-09-13,1.4524972520215562,O3,RAW,60,0
2024-09-16,1.4719502355656744,O3,RAW,60,0
2024-09-17,1.4854381716813432,O3,RAW,60,0
2024-09-18,1.4692677817293784,O3,RAW,60,0
2024-09-19,1.520606233959959,O3,RAW,60,0
2024-09-20,1.5354112920460559,O3,RAW,60,0
2024-09-23,1.5281019741330453,O3,RAW,60,0
2024-09-24,1.5237157226800442,O3,RAW,60,0
2024-09-25,1.502628938587413,O3,RAW,60,0
2024-09-26,1.4845353521016473,O3,RAW,60,0
2024-09-27,1.4787130785999882,O3,RAW,60,0
2024-09-30,1.4806467677060078,O3,RAW,60,0
2024-10-01,1.3969286814117563,O3,RAW,60,0
2024-10-02,1.3272396211501822,O3,RAW,60,0
2024-10-03,1.3350240185267896,O3,RAW,60,0
2024-10-04,1.3913037357266675,O3,RAW,60,0
2024-10-07,1.4104840270086274,O3,RAW,60,0
2024-10-08,1.3963334492443171,O3,RAW,60,0
2024-10-09,1.4065141516943158,O3,RAW,60,0
2024-10-10,1.4161562973135944,O3,RAW,60,0
2024-10-11,1.409518467146335,O3,RAW,60,0
2024-10-14,1.3797720424188566,O3,RAW,60,0
2024-10-15,1.4089585597466272,O3,RAW,60,0
2024-10-16,1.4356460019574193,O3,RAW,60,0
2024-01-23,1.0,O3,RAW,60,30
2024-01-24,1.00471623730203,O3,RAW,60,30
2024-01-25,1.0186874270133814,O3,RAW,60,30
2024-01-26,1.0431415978672736,O3,RAW,60,30
2024-01-29,1.050662939158632,O3,RAW,60,30
2024-01-30,1.0602845041656623,O3,RAW,60,30
2024-01-31,1.0658225102725687,O3,RAW,60,30
2024-02-01,1.0799355329276508,O3,RAW,60,30
2024-02-02,1.0719797440511398,O3,RAW,60,30
2024-02-05,1.0828048862616446,O3,RAW,60,30
2024-02-06,1.0928465353983006,O3,RAW,60,30
2024-02-07,1.093517584841503,O3,RAW,60,30
2024-02-08,1.1086757461961871,O3,RAW,60,30
2024-02-09,1.120786558803176,O3,RAW,60,30
2024-02-12,1.1472293978687886,O3,RAW,60,30
2024-02-13,1.1508809670396334,O3,RAW,60,30
2024-02-14,1.1572233971688028,O3,RAW,60,30
2024-02-15,1.2092305492324795,O3,RAW,60,30
2024-02-16,1.2182541930230022,O3,RAW,60,30
2024-02-19,1.2197238536877857,O3,RAW,60,30
2024-02-20,1.2398485671792836,O3,RAW,60,30
2024-02-21,1.2623320580994106,O3,RAW,60,30
2024-02-22,1.2930700590463118,O3,RAW,60,30
2024-02-23,1.2990292954541216,O3,RAW,60,30
2024-02-26,1.3191985457321607,O3,RAW,60,30
2024-02-27,1.3214453847712944,O3,RAW,60,30
2024-02-28,1.2852250955559517,O3,RAW,60,30
2024-02-29,1.2938084254073403,O3,RAW,60,30
2024-03-01,1.2881796080178152,O3,RAW,60,30
2024-03-04,1.2942258365160795,O3,RAW,60,30
2024-03-05,1.286129896005323,O3,RAW,60,30
2024-03-06,1.262904010452137,O3,RAW,60,30
2024-03-07,1.2912055779465947,O3,RAW,60,30
2024-03-08,1.3011642001066175,O3,RAW,60,30
2024-03-11,1.3023029908304782,O3,RAW,60,30
2024-03-12,1.278932553809293,O3,RAW,60,30
2024-03-13,1.271051729973081,O3,RAW,60,30
2024-03-14,1.255500815785809,O3,RAW,60,30
2024-03-15,1.258824835006919,O3,RAW,60,30
2024-03-18,1.243348030681838,O3,RAW,60,30
2024-03-19,1.253095894339716,O3,RAW,60,30
2024-03-20,1.241834938209288,O3,RAW,60,30
2024-03-21,1.241746462062678,O3,RAW,60,30
2024-03-22,1.2270338636721307,O3,RAW,60,30
2024-03-25,1.2008465484290238,O3,RAW,60,30
2024-03-26,1.1631354502313846,O3,RAW,60,30
2024-03-27,1.1905891603742327,O3,RAW,60,30
2024-03-28,1.217810312370175,O3,RAW,60,30
2024-03-29,1.2388527073059183,O3,RAW,60,30
2024-04-01,1.2161667791715352,O3,RAW,60,30
2024-04-02,1.1936614155552703,O3,RAW,60,30
2024-04-03,1.1927978935098296,O3,RAW,60,30
2024-04-04,1.1911622072528667,O3,RAW,60,30
2024-04-05,1.2256668466479423,O3,RAW,60,30
2024-04-08,1.2810807686887864,O3,RAW,60,30
2024-04-09,1.2810807686887864,O3,RAW,60,30
2024-04-15,1.3358265769484698,O3,RAW,60,30
2024-04-16,1.3449099956693837,O3,RAW,60,30
2024-04-17,1.3151125079222872,O3,RAW,60,30
2024-04-18,1.3034205160637484,O3,RAW,60,30
2024-04-19,1.3171193234017187,O3,RAW,60,30
2024-04-22,1.3043341754412574,O3,RAW,60,30
2024-04-24,1.3038893216509806,O3,RAW,60,30
2024-04-25,1.3148103329366276,O3,RAW,60,30
2024-04-26,1.3360822073485905,O3,RAW,60,30
2024-04-29,1.3360375530951274,O3,RAW,60,30
2024-04-30,1.3259257801919755,O3,RAW,60,30
2024-05-02,1.3546531767450862,O3,RAW,60,30
2024-05-03,1.3941974854590207,O3,RAW,60,30
2024-05-06,1.3876147181892808,O3,RAW,60,30
2024-05-07,1.3827670603650213,O3,RAW,60,30
2024-05-08,1.3895863763153882,O3,RAW,60,30
2024-05-09,1.3964983379650775,O3,RAW,60,30
2024-05-10,1.388722071169704,O3,RAW,60,30
2024-05-13,1.3616057792527523,O3,RAW,60,30
2024-05-14,1.3785882565494796,O3,RAW,60,30
2024-05-15,1.3795359459341856,O3,RAW,60,30
2024-05-16,1.4206920124715898,O3,RAW,60,30
2024-05-17,1.4362117028470043,O3,RAW,60,30
2024-05-20,1.4534538479199328,O3,RAW,60,30
2024-05-21,1.4230767906844628,O3,RAW,60,30
2024-05-22,1.4387532120042776,O3,RAW,60,30
2024-05-23,1.443965535358025,O3,RAW,60,30
2024-05-24,1.4490702659315373,O3,RAW,60,30
2024-05-27,1.4246780782291961,O3,RAW,60,30
2024-05-28,1.419983239414347,O3,RAW,60,30
2024-05-29,1.3931324564746825,O3,RAW,60,30
2024-05-30,1.3851797921283486,O3,RAW,60,30
2024-05-31,1.3715364280857405,O3,RAW,60,30
2024-06-03,1.3840214450023947,O3,RAW,60,30
2024-06-04,1.4049216424924709,O3,RAW,60,30
2024-06-05,1.3878579488877336,O3,RAW,60,30
2024-06-06,1.3757537877561532,O3,RAW,60,30
2024-06-07,1.3697327991931745,O3,RAW,60,30
2024-06-10,1.3534588373447245,O3,RAW,60,30
2024-06-11,1.3569944788140658,O3,RAW,60,30
2024-06-12,1.3540508158292401,O3,RAW,60,30
2024-06-13,1.3884556542238096,O3,RAW,60,30
2024-06-14,1.3982096341386487,O3,RAW,60,30
2024-06-20,1.4435766392890461,O3,RAW,60,30
2024-06-21,1.4470519415697252,O3,RAW,60,30
2024-06-24,1.420967147396355,O3,RAW,60,30
2024-06-25,1.4154133574153107,O3,RAW,60,30
2024-06-26,1.3938874806855186,O3,RAW,60,30
2024-06-27,1.4171391747401234,O3,RAW,60,30
2024-06-28,1.412045872199699,O3,RAW,60,30
2024-07-01,1.3690129986244552,O3,RAW,60,30
2024-07-02,1.3944908578633797,O3,RAW,60,30
2024-07-03,1.3981496482817375,O3,RAW,60,30
2024-07-04,1.4263376809850525,O3,RAW,60,30
2024-07-05,1.4230380618657612,O3,RAW,60,30
2024-07-08,1.428106497069926,O3,RAW,60,30
2024-07-09,1.436869897562847,O3,RAW,60,30
2024-07-10,1.4547730058862325,O3,RAW,60,30
2024-07-11,1.4821000723436277,O3,RAW,60,30
2024-07-12,1.4909357032504023,O3,RAW,60,30
2024-07-16,1.4672062373830936,O3,RAW,60,30
2024-07-17,1.4827152782352764,O3,RAW,60,30
2024-07-18,1.4832205433782417,O3,RAW,60,30
2024-07-19,1.475279046310874,O3,RAW,60,30
2024-07-22,1.4848946770726208,O3,RAW,60,30
2024-07-23,1.4954754716557024,O3,RAW,60,30
2024-07-24,1.5010785801913853,O3,RAW,60,30
2024-07-25,1.4923554711893534,O3,RAW,60,30
2024-07-26,1.527137134795448,O3,RAW,60,30
2024-07-29,1.4975474073284212,O3,RAW,60,30
2024-07-30,1.4910584714690764,O3,RAW,60,30
2024-07-31,1.5070114971215847,O3,RAW,60,30
2024-08-01,1.530102435614557,O3,RAW,60,30
2024-08-02,1.5157291706530458,O3,RAW,60,30
2024-08-05,1.4232364621937792,O3,RAW,60,30
2024-08-06,1.4468458964895932,O3,RAW,60,30
2024-08-07,1.4732172877376388,O3,RAW,60,30
2024-08-08,1.4663025693601877,O3,RAW,60,30
2024-08-09,1.4418064140357587,O3,RAW,60,30
2024-08-12,1.4605210926318914,O3,RAW,60,30
2024-08-13,1.470204807081158,O3,RAW,60,30
2024-08-14,1.4548751694729303,O3,RAW,60,30
2024-08-15,1.4658501632098329,O3,RAW,60,30
2024-08-16,1.4362167654061428,O3,RAW,60,30
2024-08-19,1.4590713417207934,O3,RAW,60,30
2024-08-20,1.4537078465059772,O3,RAW,60,30
2024-08-21,1.4410812143766107,O3,RAW,60,30
2024-08-22,1.457464607643537,O3,RAW,60,30
2024-08-23,1.4380066400144,O3,RAW,60,30
2024-08-26,1.4028090629662757,O3,RAW,60,30
2024-08-27,1.441058111480797,O3,RAW,60,30
2024-08-28,1.4453284394873633,O3,RAW,60,30
2024-08-29,1.4517422334811276,O3,RAW,60,30
2024-09-02,1.4846435462008363,O3,RAW,60,30
2024-09-03,1.4969312077638093,O3,RAW,60,30
2024-09-04,1.5111209291700063,O3,RAW,60,30
2024-09-05,1.5277798617804,O3,RAW,60,30
2024-09-06,1.5199794916504688,O3,RAW,60,30
2024-09-09,1.493714519025734,O3,RAW,60,30
2024-09-10,1.4580965541942121,O3,RAW,60,30
2024-09-11,1.422948234053028,O3,RAW,60,30
2024-09-12,1.401622000490331,O3,RAW,60,30
2024-09-13,1.4396385173331308,O3,RAW,60,30
2024-09-16,1.458992797885155,O3,RAW,60,30
2024-09-17,1.472412297215856,O3,RAW,60,30
2024-09-18,1.4563239546201725,O3,RAW,60,30
2024-09-19,1.5074019193613597,O3,RAW,60,30
2024-09-20,1.5221318576835443,O3,RAW,60,30
2024-09-23,1.5148596267061465,O3,RAW,60,30
2024-09-24,1.5104956307668822,O3,RAW,60,30
2024-09-25,1.4895158394488484,O3,RAW,60,30
2024-09-26,1.4715140584755793,O3,RAW,60,30
2024-09-27,1.4657213267567577,O3,RAW,60,30
2024-09-30,1.4676452044680308,O3,RAW,60,30
2024-10-01,1.3843518975188542,O3,RAW,60,30
2024-10-02,1.3150164343673802,O3,RAW,60,30
2024-10-03,1.322761334290501,O3,RAW,60,30
2024-10-04,1.3787554923899337,O3,RAW,60,30
2024-10-07,1.397838464300062,O3,RAW,60,30
2024-10-08,1.3837596855151748,O3,RAW,60,30
2024-10-09,1.393888731837919,O3,RAW,60,30
2024-10-10,1.4034819539272585,O3,RAW,60,30
2024-10-11,1.396877803616718,O3,RAW,60,30
2024-10-14,1.3672823100365386,O3,RAW,60,30
2024-10-15,1.3963207371455246,O3,RAW,60,30
2024-10-16,1.4228727692588596,O3,RAW,60,30
2024-01-23,1.0,O3,RAW,60,50
2024-01-24,1.00271623730203,O3,RAW,60,50
2024-01-25,1.0166874270133814,O3,RAW,60,50
2024-01-26,1.0411415978672736,O3,RAW,60,50
2024-01-29,1.048662939158632,O3,RAW,60,50
2024-01-30,1.0582845041656623,O3,RAW,60,50
2024-01-31,1.0638225102725687,O3,RAW,60,50
2024-02-01,1.0779355329276508,O3,RAW,60,50
2024-02-02,1.0699797440511398,O3,RAW,60,50
2024-02-05,1.0808048862616446,O3,RAW,60,50
2024-02-06,1.0908465353983003,O3,RAW,60,50
2024-02-07,1.091517584841503,O3,RAW,60,50
2024-02-08,1.1066757461961871,O3,RAW,60,50
2024-02-09,1.118786558803176,O3,RAW,60,50
2024-02-12,1.1452293978687886,O3,RAW,60,50
2024-02-13,1.1488809670396334,O3,RAW,60,50
2024-02-14,1.1552233971688028,O3,RAW,60,50
2024-02-15,1.2072305492324795,O3,RAW,60,50
2024-02-16,1.2162541930230022,O3,RAW,60,50
2024-02-19,1.2177238536877857,O3,RAW,60,50
2024-02-20,1.2378485671792836,O3,RAW,60,50
2024-02-21,1.2603320580994106,O3,RAW,60,50
2024-02-22,1.2910700590463118,O3,RAW,60,50
2024-02-23,1.2970292954541216,O3,RAW,60,50
2024-02-26,1.3171985457321607,O3,RAW,60,50
2024-02-27,1.3194453847712944,O3,RAW,60,50
2024-02-28,1.2832250955559519,O3,RAW,60,50
2024-02-29,1.29180842540734,O3,RAW,60,50
2024-03-01,1.286179608017815,O3,RAW,60,50
2024-03-04,1.2922258365160795,O3,RAW,60,50
2024-03-05,1.284129896005323,O3,RAW,60,50
2024-03-06,1.260904010452137,O3,RAW,60,50
2024-03-07,1.2892055779465947,O3,RAW,60,50
2024-03-08,1.2991642001066175,O3,RAW,60,50
2024-03-11,1.3003029908304782,O3,RAW,60,50
2024-03-12,1.276932553809293,O3,RAW,60,50
2024-03-13,1.2690517299730808,O3,RAW,60,50
2024-03-14,1.253500815785809,O3,RAW,60,50
2024-03-15,1.256824835006919,O3,RAW,60,50
2024-03-18,1.2413480306818379,O3,RAW,60,50
2024-03-19,1.251095894339716,O3,RAW,60,50
2024-03-20,1.2398349382092881,O3,RAW,60,50
2024-03-21,1.239746462062678,O3,RAW,60,50
2024-03-22,1.2250338636721307,O3,RAW,60,50
2024-03-25,1.1988465484290238,O3,RAW,60,50
2024-03-26,1.1611354502313849,O3,RAW,60,50
2024-03-27,1.1885891603742325,O3,RAW,60,50
2024-03-28,1.215810312370175,O3,RAW,60,50
2024-03-29,1.2368527073059183,O3,RAW,60,50
2024-04-01,1.2141667791715351,O3,RAW,60,50
2024-04-02,1.1916614155552703,O3,RAW,60,50
2024-04-03,1.1907978935098296,O3,RAW,60,50
2024-04-04,1.189162207252867,O3,RAW,60,50
2024-04-05,1.2236668466479426,O3,RAW,60,50
2024-04-08,1.2790807686887864,O3,RAW,60,50
2024-04-09,1.2790807686887864,O3,RAW,60,50
2024-04-15,1.3338265769484698,O3,RAW,60,50
2024-04-16,1.3429099956693837,O3,RAW,60,50
2024-04-17,1.3131125079222872,O3,RAW,60,50
2024-04-18,1.3014205160637484,O3,RAW,60,50
2024-04-19,1.3151193234017184,O3,RAW,60,50
2024-04-22,1.2995455024560183,O3,RAW,60,50
2024-04-24,1.299101319872722,O3,RAW,60,50
2024-04-25,1.3100058532522139,O3,RAW,60,50
2024-04-26,1.3312456321062545,O3,RAW,60,50
2024-04-29,1.3312010452282912,O3,RAW,60,50
2024-04-30,1.3211045292313541,O3,RAW,60,50
2024-05-02,1.3497885811406325,O3,RAW,60,50
2024-05-03,1.3892732243720491,O3,RAW,60,50
2024-05-06,1.3827003893529477,O3,RAW,60,50
2024-05-07,1.3778600458010213,O3,RAW,60,50
2024-05-08,1.3846690725899427,O3,RAW,60,50
2024-05-09,1.391570605291943,O3,RAW,60,50
2024-05-10,1.3838060715303642,O3,RAW,60,50
2024-05-13,1.3567306933806247,O3,RAW,60,50
2024-05-14,1.3736875470734704,O3,RAW,60,50
2024-05-15,1.3746338065597603,O3,RAW,60,50
2024-05-16,1.415727775752481,O3,RAW,60,50
2024-05-17,1.4312240496150048,O3,RAW,60,50
2024-05-20,1.4484401792905506,O3,RAW,60,50
2024-05-21,1.4181089557498994,O3,RAW,60,50
2024-05-22,1.4337617240770937,O3,RAW,60,50
2024-05-23,1.438966182941663,O3,RAW,60,50
2024-05-24,1.444063211364785,O3,RAW,60,50
2024-05-27,1.4197078272302956,O3,RAW,60,50
2024-05-28,1.41502007211048,O3,RAW,60,50
2024-05-29,1.3882098023311706,O3,RAW,60,50
2024-05-30,1.380269137171849,O3,RAW,60,50
2024-05-31,1.3666463585921114,O3,RAW,60,50
2024-06-03,1.379112537790196,O3,RAW,60,50
2024-06-04,1.399981200518166,O3,RAW,60,50
2024-06-05,1.38294325305859,O3,RAW,60,50
2024-06-06,1.3708573550004546,O3,RAW,60,50
2024-06-07,1.3648454510617751,O3,RAW,60,50
2024-06-10,1.3485960437906521,O3,RAW,60,50
2024-06-11,1.3521263505920949,O3,RAW,60,50
2024-06-12,1.3491871290826185,O3,RAW,60,50
2024-06-13,1.3835400565612936,O3,RAW,60,50
2024-06-14,1.393279319417294,O3,RAW,60,50
2024-06-20,1.4385778736491976,O3,RAW,60,50
2024-06-21,1.4420479323033164,O3,RAW,60,50
2024-06-24,1.4160024955465087,O3,RAW,60,50
2024-06-25,1.4104570852683798,O3,RAW,60,50
2024-06-26,1.3889636873418207,O3,RAW,60,50
2024-06-27,1.4121802986350818,O3,RAW,60,50
2024-06-28,1.4070946810021334,O3,RAW,60,50
2024-07-01,1.3641267365468939,O3,RAW,60,50
2024-07-02,1.389566154128487,O3,RAW,60,50
2024-07-03,1.3932194240686053,O3,RAW,60,50
2024-07-04,1.4213649259343066,O3,RAW,60,50
2024-07-05,1.418070285366248,O3,RAW,60,50
2024-07-08,1.4231310731834206,O3,RAW,60,50
2024-07-09,1.431881251229524,O3,RAW,60,50
2024-07-10,1.4497573468769664,O3,RAW,60,50
2024-07-11,1.477043181545035,O3,RAW,60,50
2024-07-12,1.4858654810218632,O3,RAW,60,50
2024-07-16,1.462171818790448,O3,RAW,60,50
2024-07-17,1.4776574591980176,O3,RAW,60,50
2024-07-18,1.4781619619837805,O3,RAW,60,50
2024-07-19,1.4702324472539443,O3,RAW,60,50
2024-07-22,1.4798335697016562,O3,RAW,60,50
2024-07-23,1.4867366072800206,O3,RAW,60,50
2024-07-24,1.4923206809921477,O3,RAW,60,50
2024-07-25,1.4836272060476492,O3,RAW,60,50
2024-07-26,1.5182907097384908,O3,RAW,60,50
2024-07-29,1.4888015041938614,O3,RAW,60,50
2024-07-30,1.4823346124816832,O3,RAW,60,50
2024-07-31,1.4982334426770536,O3,RAW,60,50
2024-08-01,1.5212459368676967,O3,RAW,60,50
2024-08-02,1.5069215006163068,O3,RAW,60,50
2024-08-05,1.4147430074492375,O3,RAW,60,50
2024-08-06,1.4382722360140332,O3,RAW,60,50
2024-08-07,1.4645540386388813,O3,RAW,60,50
2024-08-08,1.4576628108726535,O3,RAW,60,50
2024-08-09,1.4332498736389392,O3,RAW,60,50
2024-08-12,1.4519009749185308,O3,RAW,60,50
2024-08-13,1.461551791951169,O3,RAW,60,50
2024-08-14,1.4462742320325301,O3,RAW,60,50
2024-08-15,1.45721194163189,O3,RAW,60,50
2024-08-16,1.4276792141070227,O3,RAW,60,50
2024-08-19,1.4504561490865417,O3,RAW,60,50
2024-08-20,1.445110874683335,O3,RAW,60,50
2024-08-21,1.4325271376207267,O3,RAW,60,50
2024-08-22,1.4488548733900155,O3,RAW,60,50
2024-08-23,1.4294630081713928,O3,RAW,60,50
2024-08-26,1.3943850039754537,O3,RAW,60,50
2024-08-27,1.4325041132098364,O3,RAW,60,50
2024-08-28,1.4367599341013588,O3,RAW,60,50
2024-08-29,1.4431519392191412,O3,RAW,60,50
2024-09-02,1.4759414799325792,O3,RAW,60,50
2024-09-03,1.4881873979761682,O3,RAW,60,50
2024-09-04,1.5023289142045506,O3,RAW,60,50
2024-09-05,1.5189312532578405,O3,RAW,60,50
2024-09-06,1.5111573824662945,O3,RAW,60,50
2024-09-09,1.4849816369404878,O3,RAW,60,50
2024-09-10,1.4494846730982704,O3,RAW,60,50
2024-09-11,1.4144557584742061,O3,RAW,60,50
2024-09-12,1.393201974176127,O3,RAW,60,50
2024-09-13,1.4310893416930277,O3,RAW,60,50
2024-09-16,1.450377872079226,O3,RAW,60,50
2024-09-17,1.4637517828227442,O3,RAW,60,50
2024-09-18,1.447718095381547,O3,RAW,60,50
2024-09-19,1.498622538578351,O3,RAW,60,50
2024-09-20,1.5133024365032866,O3,RAW,60,50
2024-09-23,1.506054910675295,O3,RAW,60,50
2024-09-24,1.501705740058827,O3,RAW,60,50
2024-09-25,1.4807972210753266,O3,RAW,60,50
2024-09-26,1.4628565955700166,O3,RAW,60,50
2024-09-27,1.4570835428607078,O3,RAW,60,50
2024-09-30,1.4590008847941098,O3,RAW,60,50
2024-10-01,1.3759905410235136,O3,RAW,60,50
2024-10-02,1.3068906236050677,O3,RAW,60,50
2024-10-03,1.3146092126326274,O3,RAW,60,50
2024-10-04,1.3704131479454034,O3,RAW,60,50
2024-10-07,1.389431291376675,O3,RAW,60,50
2024-10-08,1.3754003408764537,O3,RAW,60,50
2024-10-09,1.3854949769056406,O3,RAW,60,50
2024-10-10,1.3950556089980803,O3,RAW,60,50
2024-10-11,1.388473894240073,O3,RAW,60,50
2024-10-14,1.3589789421708725,O3,RAW,60,50
2024-10-15,1.3879187202294523,O3,RAW,60,50
2024-10-16,1.4143805500482722,O3,RAW,60,50
2024-01-23,1.0,O3,RAW,60,100
2024-01-24,0.99771623730203,O3,RAW,60,100
2024-01-25,1.0116874270133815,O3,RAW,60,100
2024-01-26,1.0361415978672734,O3,RAW,60,100
2024-01-29,1.0436629391586318,O3,RAW,60,100
2024-01-30,1.0532845041656624,O3,RAW,60,100
2024-01-31,1.0588225102725686,O3,RAW,60,100
2024-02-01,1.0729355329276509,O3,RAW,60,100
2024-02-02,1.06497974405114,O3,RAW,60,100
2024-02-05,1.0758048862616447,O3,RAW,60,100
2024-02-06,1.0858465353983004,O3,RAW,60,100
2024-02-07,1.086517584841503,O3,RAW,60,100
2024-02-08,1.101675746196187,O3,RAW,60,100
2024-02-09,1.1137865588031761,O3,RAW,60,100
2024-02-12,1.1402293978687885,O3,RAW,60,100
2024-02-13,1.1438809670396333,O3,RAW,60,100
2024-02-14,1.150223397168803,O3,RAW,60,100
2024-02-15,1.2022305492324796,O3,RAW,60,100
2024-02-16,1.2112541930230023,O3,RAW,60,100
2024-02-19,1.2127238536877858,O3,RAW,60,100
2024-02-20,1.2328485671792837,O3,RAW,60,100
2024-02-21,1.2553320580994105,O3,RAW,60,100
2024-02-22,1.2860700590463117,O3,RAW,60,100
2024-02-23,1.2920292954541217,O3,RAW,60,100
2024-02-26,1.3121985457321608,O3,RAW,60,100
2024-02-27,1.3144453847712942,O3,RAW,60,100
2024-02-28,1.278225095555952,O3,RAW,60,100
2024-02-29,1.2868084254073402,O3,RAW,60,100
2024-03-01,1.281179608017815,O3,RAW,60,100
2024-03-04,1.2872258365160794,O3,RAW,60,100
2024-03-05,1.2791298960053228,O3,RAW,60,100
2024-03-06,1.255904010452137,O3,RAW,60,100
2024-03-07,1.2842055779465946,O3,RAW,60,100
2024-03-08,1.2941642001066174,O3,RAW,60,100
2024-03-11,1.2953029908304783,O3,RAW,60,100
2024-03-12,1.271932553809293,O3,RAW,60,100
2024-03-13,1.264051729973081,O3,RAW,60,100
2024-03-14,1.2485008157858088,O3,RAW,60,100
2024-03-15,1.251824835006919,O3,RAW,60,100
2024-03-18,1.236348030681838,O3,RAW,60,100
2024-03-19,1.2460958943397158,O3,RAW,60,100
2024-03-20,1.2348349382092882,O3,RAW,60,100
2024-03-21,1.234746462062678,O3,RAW,60,100
2024-03-22,1.2200338636721308,O3,RAW,60,100
2024-03-25,1.1938465484290237,O3,RAW,60,100
2024-03-26,1.156135450231385,O3,RAW,60,100
2024-03-27,1.1835891603742326,O3,RAW,60,100
2024-03-28,1.210810312370175,O3,RAW,60,100
2024-03-29,1.2318527073059184,O3,RAW,60,100
2024-04-01,1.209166779171535,O3,RAW,60,100
2024-04-02,1.1866614155552704,O3,RAW,60,100
2024-04-03,1.1857978935098297,O3,RAW,60,100
2024-04-04,1.1841622072528666,O3,RAW,60,100
2024-04-05,1.2186668466479427,O3,RAW,60,100
2024-04-08,1.2740807686887865,O3,RAW,60,100
2024-04-09,1.2740807686887865,O3,RAW,60,100
2024-04-15,1.32882657694847,O3,RAW,60,100
2024-04-16,1.3379099956693838,O3,RAW,60,100
2024-04-17,1.3081125079222873,O3,RAW,60,100
2024-04-18,1.2964205160637483,O3,RAW,60,100
2024-04-19,1.3101193234017185,O3,RAW,60,100
2024-04-22,1.2875878199929194,O3,RAW,60,100
2024-04-24,1.2871453154270744,O3,RAW,60,100
2024-04-25,1.29800865404118,O3,RAW,60,100
2024-04-26,1.3191681940004139,O3,RAW,60,100
2024-04-29,1.3191237755612013,O3,RAW,60,100
2024-04-30,1.3090654018298007,O3,RAW,60,100
2024-05-02,1.3376410921294977,O3,RAW,60,100
2024-05-03,1.3769765716546212,O3,RAW,60,100
2024-05-06,1.3704285672621142,O3,RAW,60,100
2024-05-07,1.3656065093910206,O3,RAW,60,100
2024-05-08,1.3723898132763281,O3,RAW,60,100
2024-05-09,1.3792652736091062,O3,RAW,60,100
2024-05-10,1.371530072432014,O3,RAW,60,100
2024-05-13,1.3445569787003064,O3,RAW,60,100
2024-05-14,1.361449773383449,O3,RAW,60,100
2024-05-15,1.362392458123697,O3,RAW,60,100
2024-05-16,1.4033311839547096,O3,RAW,60,100
2024-05-17,1.4187689165350055,O3,RAW,60,100
2024-05-20,1.4359200077170948,O3,RAW,60,100
2024-05-21,1.4057033684134905,O3,RAW,60,100
2024-05-22,1.4212970042591337,O3,RAW,60,100
2024-05-23,1.426481801900758,O3,RAW,60,100
2024-05-24,1.4315595749479044,O3,RAW,60,100
2024-05-27,1.4072961997330453,O3,RAW,60,100
2024-05-28,1.4026261538508125,O3,RAW,60,100
2024-05-29,1.3759171669723913,O3,RAW,60,100
2024-05-30,1.3680064997805996,O3,RAW,60,100
2024-05-31,1.3544351848580376,O3,RAW,60,100
2024-06-03,1.3668542697596995,O3,RAW,60,100
2024-06-04,1.3876440955824032,O3,RAW,60,100
2024-06-05,1.3706705134857307,O3,RAW,60,100
2024-06-06,1.3586302731112085,O3,RAW,60,100
2024-06-07,1.3526410807332772,O3,RAW,60,100
2024-06-10,1.3364530599054718,O3,RAW,60,100
2024-06-11,1.3399700300371673,O3,RAW,60,100
2024-06-12,1.3370419122160642,O3,RAW,60,100
2024-06-13,1.3712650624050038,O3,RAW,60,100
2024-06-14,1.3809675326139073,O3,RAW,60,100
2024-06-20,1.4260949595495769,O3,RAW,60,100
2024-06-21,1.4295519091372957,O3,RAW,60,100
2024-06-24,1.4036048659218934,O3,RAW,60,100
2024-06-25,1.3980804049010531,O3,RAW,60,100
2024-06-26,1.3766682039825753,O3,RAW,60,100
2024-06-27,1.3997971083724772,O3,RAW,60,100
2024-06-28,1.3947307030082199,O3,RAW,60,100
2024-07-01,1.3519250813529913,O3,RAW,60,100
2024-07-02,1.3772683947912547,O3,RAW,60,100
2024-07-03,1.3809078635357752,O3,RAW,60,100
2024-07-04,1.4089470383074423,O3,RAW,60,100
2024-07-05,1.405664844117464,O3,RAW,60,100
2024-07-08,1.4107065134671568,O3,RAW,60,100
2024-07-09,1.4194236353962166,O3,RAW,60,100
2024-07-10,1.437232199353802,O3,RAW,60,100
2024-07-11,1.4644149545485534,O3,RAW,60,100
2024-07-12,1.473203925450516,O3,RAW,60,100
2024-07-16,1.4495997723088345,O3,RAW,60,100
2024-07-17,1.4650269116048709,O3,RAW,60,100
2024-07-18,1.4655295084976283,O3,RAW,60,100
2024-07-19,1.457629949611619,O3,RAW,60,100
2024-07-22,1.4671948012742442,O3,RAW,60,100
2024-07-23,1.4649715132144367,O3,RAW,60,100
2024-07-24,1.4705080523837246,O3,RAW,60,100
2024-07-25,1.4618885808242947,O3,RAW,60,100
2024-07-26,1.4962570107238344,O3,RAW,60,100
2024-07-29,1.4670188326506386,O3,RAW,60,100
2024-07-30,1.4606069904877634,O3,RAW,60,100
2024-07-31,1.4763704815626328,O3,RAW,60,100
2024-08-01,1.499187081421049,O3,RAW,60,100
2024-08-02,1.4849845822291858,O3,RAW,60,100
2024-08-05,1.3935907603895716,O3,RAW,60,100
2024-08-06,1.4169196959101054,O3,RAW,60,100
2024-08-07,1.442977774147138,O3,RAW,60,100
2024-08-08,1.4361452080996404,O3,RAW,60,100
2024-08-09,1.4119400864984892,O3,RAW,60,100
2024-08-12,1.430432419893114,O3,RAW,60,100
2024-08-13,1.44000108414638,O3,RAW,60,100
2024-08-14,1.4248535747721764,O3,RAW,60,100
2024-08-15,1.4356981768926034,O3,RAW,60,100
2024-08-16,1.4064168473209255,O3,RAW,60,100
2024-08-19,1.4289998931708692,O3,RAW,60,100
2024-08-20,1.423700120526451,O3,RAW,60,100
2024-08-21,1.411223502785563,O3,RAW,60,100
2024-08-22,1.4274122483667917,O3,RAW,60,100
2024-08-23,1.4081854568014702,O3,RAW,60,100
2024-08-26,1.3734060548409466,O3,RAW,60,100
2024-08-27,1.4112006743704464,O3,RAW,60,100
2024-08-28,1.4154202674987062,O3,RAW,60,100
2024-08-29,1.4217578605408667,O3,RAW,60,100
2024-09-02,1.4542682796115634,O3,RAW,60,100
2024-09-03,1.4664099540248108,O3,RAW,60,100
2024-09-04,1.4804310903041409,O3,RAW,60,100
2024-09-05,1.4968921016032422,O3,RAW,60,100
2024-09-06,1.489184406047414,O3,RAW,60,100
2024-09-09,1.463231482096176,O3,RAW,60,100
2024-09-10,1.4280366868920185,O3,RAW,60,100
2024-09-11,1.3933059566273749,O3,RAW,60,100
2024-09-12,1.3722330956072277,O3,RAW,60,100
2024-09-13,1.409797946125403,O3,RAW,60,100
2024-09-16,1.4289222824981953,O3,RAW,60,100
2024-09-17,1.44218234755021,O3,RAW,60,100
2024-09-18,1.4262851472046054,O3,RAW,60,100
2024-09-19,1.4767562652770316,O3,RAW,60,100
2024-09-20,1.4913112002676003,O3,RAW,60,100
2024-09-23,1.4841253691529506,O3,RAW,60,100
2024-09-24,1.4798132209412072,O3,RAW,60,100
2024-09-25,1.459082686157516,O3,RAW,60,100
2024-09-26,1.4412947805974654,O3,RAW,60,100
2024-09-27,1.4355708711186137,O3,RAW,60,100
2024-09-30,1.437471891639196,O3,RAW,60,100
2024-10-01,1.3551681751349067,O3,RAW,60,100
2024-10-02,1.2866564721910614,O3,RAW,60,100
2024-10-03,1.2943093565700612,O3,RAW,60,100
2024-10-04,1.3496382597306007,O3,RAW,60,100
2024-10-07,1.3684945108230069,O3,RAW,60,100
2024-10-08,1.3545829990787919,O3,RAW,60,100
2024-10-09,1.3645917043102294,O3,RAW,60,100
2024-10-10,1.3740709513244636,O3,RAW,60,100
2024-10-11,1.3675452635493093,O3,RAW,60,100
2024-10-14,1.3383013878689514,O3,RAW,60,100
2024-10-15,1.3669948154689233,O3,RAW,60,100
2024-10-16,1.3932313884147205,O3,RAW,60,100
2024-01-23,1.0,O3,SECTOR_RELATIVE,60,0
2024-01-24,1.0109225546729326,O3,SECTOR_RELATIVE,60,0
2024-01-25,1.030083545866232,O3,SECTOR_RELATIVE,60,0
2024-01-26,1.0489545254759969,O3,SECTOR_RELATIVE,60,0
2024-01-29,1.064232682850376,O3,SECTOR_RELATIVE,60,0
2024-01-30,1.070389644835724,O3,SECTOR_RELATIVE,60,0
2024-01-31,1.069256103452715,O3,SECTOR_RELATIVE,60,0
2024-02-01,1.0848020635190077,O3,SECTOR_RELATIVE,60,0
2024-02-02,1.0779273926487472,O3,SECTOR_RELATIVE,60,0
2024-02-05,1.0885539797055974,O3,SECTOR_RELATIVE,60,0
2024-02-06,1.1070209764893497,O3,SECTOR_RELATIVE,60,0
2024-02-07,1.1049049044502646,O3,SECTOR_RELATIVE,60,0
2024-02-08,1.1141858344708357,O3,SECTOR_RELATIVE,60,0
2024-02-09,1.119706976766288,O3,SECTOR_RELATIVE,60,0
2024-02-12,1.144717676433172,O3,SECTOR_RELATIVE,60,0
2024-02-13,1.1329335743649243,O3,SECTOR_RELATIVE,60,0
2024-02-14,1.132170426824359,O3,SECTOR_RELATIVE,60,0
2024-02-15,1.1721343300464817,O3,SECTOR_RELATIVE,60,0
2024-02-16,1.1785880178675603,O3,SECTOR_RELATIVE,60,0
2024-02-19,1.1685552014136456,O3,SECTOR_RELATIVE,60,0
2024-02-20,1.1840792429185965,O3,SECTOR_RELATIVE,60,0
2024-02-21,1.1985920658636255,O3,SECTOR_RELATIVE,60,0
2024-02-22,1.2305905548176508,O3,SECTOR_RELATIVE,60,0
2024-02-23,1.2379667502364178,O3,SECTOR_RELATIVE,60,0
2024-02-26,1.263543641839418,O3,SECTOR_RELATIVE,60,0
2024-02-27,1.2607920671764778,O3,SECTOR_RELATIVE,60,0
2024-02-28,1.2337587931053946,O3,SECTOR_RELATIVE,60,0
2024-02-29,1.234861425169812,O3,SECTOR_RELATIVE,60,0
2024-03-01,1.2271654047012581,O3,SECTOR_RELATIVE,60,0
2024-03-04,1.227525216915284,O3,SECTOR_RELATIVE,60,0
2024-03-05,1.2020004758371872,O3,SECTOR_RELATIVE,60,0
2024-03-06,1.1685868218255904,O3,SECTOR_RELATIVE,60,0
2024-03-07,1.2021967552307173,O3,SECTOR_RELATIVE,60,0
2024-03-08,1.2107968892102394,O3,SECTOR_RELATIVE,60,0
2024-03-11,1.2048144046417326,O3,SECTOR_RELATIVE,60,0
2024-03-12,1.1889692342567926,O3,SECTOR_RELATIVE,60,0
2024-03-13,1.1751675741851195,O3,SECTOR_RELATIVE,60,0
2024-03-14,1.1680281147796747,O3,SECTOR_RELATIVE,60,0
2024-03-15,1.164007350719982,O3,SECTOR_RELATIVE,60,0
2024-03-18,1.142015028682589,O3,SECTOR_RELATIVE,60,0
2024-03-19,1.1551339693332574,O3,SECTOR_RELATIVE,60,0
2024-03-20,1.1651962207521747,O3,SECTOR_RELATIVE,60,0
2024-03-21,1.167620912598027,O3,SECTOR_RELATIVE,60,0
2024-03-22,1.1523792379007025,O3,SECTOR_RELATIVE,60,0
2024-03-25,1.1265180602240414,O3,SECTOR_RELATIVE,60,0
2024-03-26,1.0847492522341766,O3,SECTOR_RELATIVE,60,0
2024-03-27,1.0942448887767235,O3,SECTOR_RELATIVE,60,0
2024-03-28,1.1091892000466412,O3,SECTOR_RELATIVE,60,0
2024-03-29,1.1180890011843574,O3,SECTOR_RELATIVE,60,0
2024-04-01,1.0759113163005507,O3,SECTOR_RELATIVE,60,0
2024-04-02,1.0632695189000538,O3,SECTOR_RELATIVE,60,0
2024-04-03,1.0539843391362138,O3,SECTOR_RELATIVE,60,0
2024-04-04,1.0587672599253497,O3,SECTOR_RELATIVE,60,0
2024-04-05,1.110926439454079,O3,SECTOR_RELATIVE,60,0
2024-04-08,1.1684706116131915,O3,SECTOR_RELATIVE,60,0
2024-04-09,1.1684706116131915,O3,SECTOR_RELATIVE,60,0
2024-04-15,1.210013941126517,O3,SECTOR_RELATIVE,60,0
2024-04-16,1.209659217007202,O3,SECTOR_RELATIVE,60,0
2024-04-17,1.1886920362156277,O3,SECTOR_RELATIVE,60,0
2024-04-18,1.1797283274022874,O3,SECTOR_RELATIVE,60,0
2024-04-19,1.1949910294110717,O3,SECTOR_RELATIVE,60,0
2024-04-22,1.1730619577034678,O3,SECTOR_RELATIVE,60,0
2024-04-24,1.1829216902206299,O3,SECTOR_RELATIVE,60,0
2024-04-25,1.1810892879437158,O3,SECTOR_RELATIVE,60,0
2024-04-26,1.2092629970715074,O3,SECTOR_RELATIVE,60,0
2024-04-29,1.2210274281480848,O3,SECTOR_RELATIVE,60,0
2024-04-30,1.2126373806944106,O3,SECTOR_RELATIVE,60,0
2024-05-02,1.2236946537140243,O3,SECTOR_RELATIVE,60,0
2024-05-03,1.2619952941616195,O3,SECTOR_RELATIVE,60,0
2024-05-06,1.2606184950262385,O3,SECTOR_RELATIVE,60,0
2024-05-07,1.2693396749216412,O3,SECTOR_RELATIVE,60,0
2024-05-08,1.2735293057074784,O3,SECTOR_RELATIVE,60,0
2024-05-09,1.275036482311561,O3,SECTOR_RELATIVE,60,0
2024-05-10,1.261513705524686,O3,SECTOR_RELATIVE,60,0
2024-05-13,1.248897668393897,O3,SECTOR_RELATIVE,60,0
2024-05-14,1.273568116452159,O3,SECTOR_RELATIVE,60,0
2024-05-15,1.27514315879279,O3,SECTOR_RELATIVE,60,0
2024-05-16,1.3151671372285052,O3,SECTOR_RELATIVE,60,0
2024-05-17,1.3465173914344835,O3,SECTOR_RELATIVE,60,0
2024-05-20,1.3667240994737222,O3,SECTOR_RELATIVE,60,0
2024-05-21,1.362349910064727,O3,SECTOR_RELATIVE,60,0
2024-05-22,1.3672372435326177,O3,SECTOR_RELATIVE,60,0
2024-05-23,1.3770544133489349,O3,SECTOR_RELATIVE,60,0
2024-05-24,1.3799476389405743,O3,SECTOR_RELATIVE,60,0
2024-05-27,1.3619496667820412,O3,SECTOR_RELATIVE,60,0
2024-05-28,1.3679891021808983,O3,SECTOR_RELATIVE,60,0
2024-05-29,1.3380845191401198,O3,SECTOR_RELATIVE,60,0
2024-05-30,1.3365286170106871,O3,SECTOR_RELATIVE,60,0
2024-05-31,1.3210944962343172,O3,SECTOR_RELATIVE,60,0
2024-06-03,1.3354047544535494,O3,SECTOR_RELATIVE,60,0
2024-06-04,1.3384710416987293,O3,SECTOR_RELATIVE,60,0
2024-06-05,1.3215836855639496,O3,SECTOR_RELATIVE,60,0
2024-06-06,1.3074732107919875,O3,SECTOR_RELATIVE,60,0
2024-06-07,1.29673210599794,O3,SECTOR_RELATIVE,60,0
2024-06-10,1.2743469439188437,O3,SECTOR_RELATIVE,60,0
2024-06-11,1.278446103363785,O3,SECTOR_RELATIVE,60,0
2024-06-12,1.2819497472309707,O3,SECTOR_RELATIVE,60,0
2024-06-13,1.3061550316568356,O3,SECTOR_RELATIVE,60,0
2024-06-14,1.3096016723172423,O3,SECTOR_RELATIVE,60,0
2024-06-20,1.3538938447286732,O3,SECTOR_RELATIVE,60,0
2024-06-21,1.3768570333990897,O3,SECTOR_RELATIVE,60,0
2024-06-24,1.3583374266298758,O3,SECTOR_RELATIVE,60,0
2024-06-25,1.3474151875529752,O3,SECTOR_RELATIVE,60,0
2024-06-26,1.3243810118792443,O3,SECTOR_RELATIVE,60,0
2024-06-27,1.3561620232627272,O3,SECTOR_RELATIVE,60,0
2024-06-28,1.345643685640696,O3,SECTOR_RELATIVE,60,0
2024-07-01,1.3034616954181375,O3,SECTOR_RELATIVE,60,0
2024-07-02,1.320093180108333,O3,SECTOR_RELATIVE,60,0
2024-07-03,1.3373878226268692,O3,SECTOR_RELATIVE,60,0
2024-07-04,1.3686816855593225,O3,SECTOR_RELATIVE,60,0
2024-07-05,1.3519840591090104,O3,SECTOR_RELATIVE,60,0
2024-07-08,1.3477048827931126,O3,SECTOR_RELATIVE,60,0
2024-07-09,1.345167233350255,O3,SECTOR_RELATIVE,60,0
2024-07-10,1.3488492853381548,O3,SECTOR_RELATIVE,60,0
2024-07-11,1.3776599695952243,O3,SECTOR_RELATIVE,60,0
2024-07-12,1.3920864668926485,O3,SECTOR_RELATIVE,60,0
2024-07-16,1.3878359612210378,O3,SECTOR_RELATIVE,60,0
2024-07-17,1.38846909328461,O3,SECTOR_RELATIVE,60,0
2024-07-18,1.3866534798294199,O3,SECTOR_RELATIVE,60,0
2024-07-19,1.3825663462141002,O3,SECTOR_RELATIVE,60,0
2024-07-22,1.3866793361242309,O3,SECTOR_RELATIVE,60,0
2024-07-23,1.394568447861113,O3,SECTOR_RELATIVE,60,0
2024-07-24,1.3796753478295674,O3,SECTOR_RELATIVE,60,0
2024-07-25,1.363853053845772,O3,SECTOR_RELATIVE,60,0
2024-07-26,1.391360760411218,O3,SECTOR_RELATIVE,60,0
2024-07-29,1.3638822583221109,O3,SECTOR_RELATIVE,60,0
2024-07-30,1.3725124779026612,O3,SECTOR_RELATIVE,60,0
2024-07-31,1.3904986011194254,O3,SECTOR_RELATIVE,60,0
2024-08-01,1.4061291631454669,O3,SECTOR_RELATIVE,60,0
2024-08-02,1.3913472471903106,O3,SECTOR_RELATIVE,60,0
2024-08-05,1.2995760475903406,O3,SECTOR_RELATIVE,60,0
2024-08-06,1.3102998395904735,O3,SECTOR_RELATIVE,60,0
2024-08-07,1.3357184565307694,O3,SECTOR_RELATIVE,60,0
2024-08-08,1.3370228974184148,O3,SECTOR_RELATIVE,60,0
2024-08-09,1.3179227694981657,O3,SECTOR_RELATIVE,60,0
2024-08-12,1.3243741825766935,O3,SECTOR_RELATIVE,60,0
2024-08-13,1.3311070208300977,O3,SECTOR_RELATIVE,60,0
2024-08-14,1.3146338415072232,O3,SECTOR_RELATIVE,60,0
2024-08-15,1.3159991389381018,O3,SECTOR_RELATIVE,60,0
2024-08-16,1.2850571424436903,O3,SECTOR_RELATIVE,60,0
2024-08-19,1.3022175385434718,O3,SECTOR_RELATIVE,60,0
2024-08-20,1.2863368278846696,O3,SECTOR_RELATIVE,60,0
2024-08-21,1.2743419012099568,O3,SECTOR_RELATIVE,60,0
2024-08-22,1.2799655219653963,O3,SECTOR_RELATIVE,60,0
2024-08-23,1.2676538889402735,O3,SECTOR_RELATIVE,60,0
2024-08-26,1.2318585355695415,O3,SECTOR_RELATIVE,60,0
2024-08-27,1.2600891088628798,O3,SECTOR_RELATIVE,60,0
2024-08-28,1.2657214165541026,O3,SECTOR_RELATIVE,60,0
2024-08-29,1.2716726995302405,O3,SECTOR_RELATIVE,60,0
2024-09-02,1.2932904264027805,O3,SECTOR_RELATIVE,60,0
2024-09-03,1.2977760997661698,O3,SECTOR_RELATIVE,60,0
2024-09-04,1.301422214256445,O3,SECTOR_RELATIVE,60,0
2024-09-05,1.307039122870305,O3,SECTOR_RELATIVE,60,0
2024-09-06,1.2964211952898466,O3,SECTOR_RELATIVE,60,0
2024-09-09,1.2889319394572372,O3,SECTOR_RELATIVE,60,0
2024-09-10,1.2650171033702138,O3,SECTOR_RELATIVE,60,0
2024-09-11,1.240006455452898,O3,SECTOR_RELATIVE,60,0
2024-09-12,1.2149513706380937,O3,SECTOR_RELATIVE,60,0
2024-09-13,1.244700200184033,O3,SECTOR_RELATIVE,60,0
2024-09-16,1.257144712847396,O3,SECTOR_RELATIVE,60,0
2024-09-17,1.2741928626359482,O3,SECTOR_RELATIVE,60,0
2024-09-18,1.2535157412660176,O3,SECTOR_RELATIVE,60,0
2024-09-19,1.2926098208482741,O3,SECTOR_RELATIVE,60,0
2024-09-20,1.3010914783071559,O3,SECTOR_RELATIVE,60,0
2024-09-23,1.2903707691956887,O3,SECTOR_RELATIVE,60,0
2024-09-24,1.2860963168422417,O3,SECTOR_RELATIVE,60,0
2024-09-25,1.2699321506203585,O3,SECTOR_RELATIVE,60,0
2024-09-26,1.2560463495919627,O3,SECTOR_RELATIVE,60,0
2024-09-27,1.2571973051802254,O3,SECTOR_RELATIVE,60,0
2024-09-30,1.2588618537070497,O3,SECTOR_RELATIVE,60,0
2024-10-01,1.1939454048432923,O3,SECTOR_RELATIVE,60,0
2024-10-02,1.1467284187742377,O3,SECTOR_RELATIVE,60,0
2024-10-03,1.1572234230551812,O3,SECTOR_RELATIVE,60,0
2024-10-04,1.1944960700575264,O3,SECTOR_RELATIVE,60,0
2024-10-07,1.2091379790347467,O3,SECTOR_RELATIVE,60,0
2024-10-08,1.1957568841292159,O3,SECTOR_RELATIVE,60,0
2024-10-09,1.2078323159672164,O3,SECTOR_RELATIVE,60,0
2024-10-10,1.2265495059612408,O3,SECTOR_RELATIVE,60,0
2024-10-11,1.2332111299692077,O3,SECTOR_RELATIVE,60,0
2024-10-14,1.2135414889096265,O3,SECTOR_RELATIVE,60,0
2024-10-15,1.2325251199315854,O3,SECTOR_RELATIVE,60,0
2024-10-16,1.2453747056300086,O3,SECTOR_RELATIVE,60,0
2024-01-23,1.0,O3,SECTOR_RELATIVE,60,30
2024-01-24,1.0079225546729325,O3,SECTOR_RELATIVE,60,30
2024-01-25,1.0270835458662322,O3,SECTOR_RELATIVE,60,30
2024-01-26,1.045954525475997,O3,SECTOR_RELATIVE,60,30
2024-01-29,1.061232682850376,O3,SECTOR_RELATIVE,60,30
2024-01-30,1.0673896448357238,O3,SECTOR_RELATIVE,60,30
2024-01-31,1.0662561034527152,O3,SECTOR_RELATIVE,60,30
2024-02-01,1.0818020635190075,O3,SECTOR_RELATIVE,60,30
2024-02-02,1.0749273926487473,O3,SECTOR_RELATIVE,60,30
2024-02-05,1.0855539797055973,O3,SECTOR_RELATIVE,60,30
2024-02-06,1.1040209764893496,O3,SECTOR_RELATIVE,60,30
2024-02-07,1.1019049044502645,O3,SECTOR_RELATIVE,60,30
2024-02-08,1.1111858344708356,O3,SECTOR_RELATIVE,60,30
2024-02-09,1.1167069767662878,O3,SECTOR_RELATIVE,60,30
2024-02-12,1.1417176764331718,O3,SECTOR_RELATIVE,60,30
2024-02-13,1.1299335743649241,O3,SECTOR_RELATIVE,60,30
2024-02-14,1.1291704268243592,O3,SECTOR_RELATIVE,60,30
2024-02-15,1.1691343300464816,O3,SECTOR_RELATIVE,60,30
2024-02-16,1.1755880178675604,O3,SECTOR_RELATIVE,60,30
2024-02-19,1.1655552014136457,O3,SECTOR_RELATIVE,60,30
2024-02-20,1.1810792429185966,O3,SECTOR_RELATIVE,60,30
2024-02-21,1.1955920658636254,O3,SECTOR_RELATIVE,60,30
2024-02-22,1.2275905548176507,O3,SECTOR_RELATIVE,60,30
2024-02-23,1.2349667502364179,O3,SECTOR_RELATIVE,60,30
2024-02-26,1.260543641839418,O3,SECTOR_RELATIVE,60,30
2024-02-27,1.257792067176478,O3,SECTOR_RELATIVE,60,30
2024-02-28,1.230758793105395,O3,SECTOR_RELATIVE,60,30
2024-02-29,1.2318614251698121,O3,SECTOR_RELATIVE,60,30
2024-03-01,1.224165404701258,O3,SECTOR_RELATIVE,60,30
2024-03-04,1.224525216915284,O3,SECTOR_RELATIVE,60,30
2024-03-05,1.1990004758371873,O3,SECTOR_RELATIVE,60,30
2024-03-06,1.1655868218255905,O3,SECTOR_RELATIVE,60,30
2024-03-07,1.1991967552307172,O3,SECTOR_RELATIVE,60,30
2024-03-08,1.2077968892102393,O3,SECTOR_RELATIVE,60,30
2024-03-11,1.2018144046417327,O3,SECTOR_RELATIVE,60,30
2024-03-12,1.1859692342567925,O3,SECTOR_RELATIVE,60,30
2024-03-13,1.1721675741851199,O3,SECTOR_RELATIVE,60,30
2024-03-14,1.1650281147796748,O3,SECTOR_RELATIVE,60,30
2024-03-15,1.1610073507199818,O3,SECTOR_RELATIVE,60,30
2024-03-18,1.1390150286825889,O3,SECTOR_RELATIVE,60,30
2024-03-19,1.1521339693332575,O3,SECTOR_RELATIVE,60,30
2024-03-20,1.162196220752175,O3,SECTOR_RELATIVE,60,30
2024-03-21,1.164620912598027,O3,SECTOR_RELATIVE,60,30
2024-03-22,1.1493792379007024,O3,SECTOR_RELATIVE,60,30
2024-03-25,1.1235180602240415,O3,SECTOR_RELATIVE,60,30
2024-03-26,1.0817492522341765,O3,SECTOR_RELATIVE,60,30
2024-03-27,1.0912448887767239,O3,SECTOR_RELATIVE,60,30
2024-03-28,1.1061892000466411,O3,SECTOR_RELATIVE,60,30
2024-03-29,1.1150890011843573,O3,SECTOR_RELATIVE,60,30
2024-04-01,1.0729113163005506,O3,SECTOR_RELATIVE,60,30
2024-04-02,1.060269518900054,O3,SECTOR_RELATIVE,60,30
2024-04-03,1.0509843391362137,O3,SECTOR_RELATIVE,60,30
2024-04-04,1.0557672599253496,O3,SECTOR_RELATIVE,60,30
2024-04-05,1.1079264394540789,O3,SECTOR_RELATIVE,60,30
2024-04-08,1.1654706116131914,O3,SECTOR_RELATIVE,60,30
2024-04-09,1.1654706116131914,O3,SECTOR_RELATIVE,60,30
2024-04-15,1.207013941126517,O3,SECTOR_RELATIVE,60,30
2024-04-16,1.206659217007202,O3,SECTOR_RELATIVE,60,30
2024-04-17,1.1856920362156278,O3,SECTOR_RELATIVE,60,30
2024-04-18,1.1767283274022873,O3,SECTOR_RELATIVE,60,30
2024-04-19,1.1919910294110716,O3,SECTOR_RELATIVE,60,30
2024-04-22,1.1650856311389544,O3,SECTOR_RELATIVE,60,30
2024-04-24,1.1749207986876526,O3,SECTOR_RELATIVE,60,30
2024-04-25,1.1730929617378474,O3,SECTOR_RELATIVE,60,30
2024-04-26,1.201196477655526,O3,SECTOR_RELATIVE,60,30
2024-04-29,1.212931598314413,O3,SECTOR_RELATIVE,60,30
2024-04-30,1.2045624541916105,O3,SECTOR_RELATIVE,60,30
2024-05-02,1.2155921786380202,O3,SECTOR_RELATIVE,60,30
2024-05-03,1.2537973951962649,O3,SECTOR_RELATIVE,60,30
2024-05-06,1.2524240262784159,O3,SECTOR_RELATIVE,60,30
2024-05-07,1.261123477845111,O3,SECTOR_RELATIVE,60,30
2024-05-08,1.2653026704017216,O3,SECTOR_RELATIVE,60,30
2024-05-09,1.2668060919601491,O3,SECTOR_RELATIVE,60,30
2024-05-10,1.253317006410307,O3,SECTOR_RELATIVE,60,30
2024-05-13,1.2407324014257464,O3,SECTOR_RELATIVE,60,30
2024-05-14,1.2653413844516168,O3,SECTOR_RELATIVE,60,30
2024-05-15,1.2669125026629309,O3,SECTOR_RELATIVE,60,30
2024-05-16,1.3068367636097225,O3,SECTOR_RELATIVE,60,30
2024-05-17,1.3381089104223651,O3,SECTOR_RELATIVE,60,30
2024-05-20,1.3582652745861608,O3,SECTOR_RELATIVE,60,30
2024-05-21,1.3539019832238113,O3,SECTOR_RELATIVE,60,30
2024-05-22,1.3587771401755235,O3,SECTOR_RELATIVE,60,30
2024-05-23,1.3685698510659496,O3,SECTOR_RELATIVE,60,30
2024-05-24,1.3714558683489162,O3,SECTOR_RELATIVE,60,30
2024-05-27,1.3535027371247306,O3,SECTOR_RELATIVE,60,30
2024-05-28,1.3595271256103116,O3,SECTOR_RELATIVE,60,30
2024-05-29,1.329697048154552,O3,SECTOR_RELATIVE,60,30
2024-05-30,1.3281450224676776,O3,SECTOR_RELATIVE,60,30
2024-05-31,1.3127493549342815,O3,SECTOR_RELATIVE,60,30
2024-06-03,1.3270239599508278,O3,SECTOR_RELATIVE,60,30
2024-06-04,1.330082607713968,O3,SECTOR_RELATIVE,60,30
2024-06-05,1.3132373254762404,O3,SECTOR_RELATIVE,60,30
2024-06-06,1.2991620061577533,O3,SECTOR_RELATIVE,60,30
2024-06-07,1.2884476622215764,O3,SECTOR_RELATIVE,60,30
2024-06-10,1.2661182715135164,O3,SECTOR_RELATIVE,60,30
2024-06-11,1.2702072181334831,O3,SECTOR_RELATIVE,60,30
2024-06-12,1.2737021328692286,O3,SECTOR_RELATIVE,60,30
2024-06-13,1.2978471111917032,O3,SECTOR_RELATIVE,60,30
2024-06-14,1.3012851647409507,O3,SECTOR_RELATIVE,60,30
2024-06-20,1.3454669856984662,O3,SECTOR_RELATIVE,60,30
2024-06-21,1.3683729628771368,O3,SECTOR_RELATIVE,60,30
2024-06-24,1.3498994966655355,O3,SECTOR_RELATIVE,60,30
2024-06-25,1.3390044697323733,O3,SECTOR_RELATIVE,60,30
2024-06-26,1.3160276824105097,O3,SECTOR_RELATIVE,60,30
2024-06-27,1.3477295131934008,O3,SECTOR_RELATIVE,60,30
2024-06-28,1.3372373814173726,O3,SECTOR_RELATIVE,60,30
2024-07-01,1.2951604852486094,O3,SECTOR_RELATIVE,60,30
2024-07-02,1.3117505335310513,O3,SECTOR_RELATIVE,60,30
2024-07-03,1.3290020874214403,O3,SECTOR_RELATIVE,60,30
2024-07-04,1.360217983456241,O3,SECTOR_RELATIVE,60,30
2024-07-05,1.3435619582021538,O3,SECTOR_RELATIVE,60,30
2024-07-08,1.3392934432131298,O3,SECTOR_RELATIVE,60,30
2024-07-09,1.3367621161809895,O3,SECTOR_RELATIVE,60,30
2024-07-10,1.3404349945436609,O3,SECTOR_RELATIVE,60,30
2024-07-11,1.3691738986029443,O3,SECTOR_RELATIVE,60,30
2024-07-12,1.3835644530945632,O3,SECTOR_RELATIVE,60,30
2024-07-16,1.3793245373185299,O3,SECTOR_RELATIVE,60,30
2024-07-17,1.3799560919692107,O3,SECTOR_RELATIVE,60,30
2024-07-18,1.378145002012726,O3,SECTOR_RELATIVE,60,30
2024-07-19,1.3740680512607035,O3,SECTOR_RELATIVE,60,30
2024-07-22,1.378170793888034,O3,SECTOR_RELATIVE,60,30
2024-07-23,1.3793670103289046,O3,SECTOR_RELATIVE,60,30
2024-07-24,1.364565215747779,O3,SECTOR_RELATIVE,60,30
2024-07-25,1.34883992384386,O3,SECTOR_RELATIVE,60,30
2024-07-26,1.3761789883178237,O3,SECTOR_RELATIVE,60,30
2024-07-29,1.3488689492756842,O3,SECTOR_RELATIVE,60,30
2024-07-30,1.3574462593824275,O3,SECTOR_RELATIVE,60,30
2024-07-31,1.3753221146846455,O3,SECTOR_RELATIVE,60,30
2024-08-01,1.39085685008607,O3,SECTOR_RELATIVE,60,30
2024-08-02,1.3761655579427114,O3,SECTOR_RELATIVE,60,30
2024-08-05,1.284956982020639,O3,SECTOR_RELATIVE,60,30
2024-08-06,1.2956150294372597,O3,SECTOR_RELATIVE,60,30
2024-08-07,1.3208778119130142,O3,SECTOR_RELATIVE,60,30
2024-08-08,1.3221742556367018,O3,SECTOR_RELATIVE,60,30
2024-08-09,1.3031912252837246,O3,SECTOR_RELATIVE,60,30
2024-08-12,1.3096030865445831,O3,SECTOR_RELATIVE,60,30
2024-08-13,1.3162946476409125,O3,SECTOR_RELATIVE,60,30
2024-08-14,1.2999224607947377,O3,SECTOR_RELATIVE,60,30
2024-08-15,1.3012793879671327,O3,SECTOR_RELATIVE,60,30
2024-08-16,1.2705270882397357,O3,SECTOR_RELATIVE,60,30
2024-08-19,1.2875822787280626,O3,SECTOR_RELATIVE,60,30
2024-08-20,1.2717989282855093,O3,SECTOR_RELATIVE,60,30
2024-08-21,1.259877539167146,O3,SECTOR_RELATIVE,60,30
2024-08-22,1.265466683069212,O3,SECTOR_RELATIVE,60,30
2024-08-23,1.2532305292389099,O3,SECTOR_RELATIVE,60,30
2024-08-26,1.2176546272151456,O3,SECTOR_RELATIVE,60,30
2024-08-27,1.2457121267223215,O3,SECTOR_RELATIVE,60,30
2024-08-28,1.2513099043029858,O3,SECTOR_RELATIVE,60,30
2024-08-29,1.2572247016198879,O3,SECTOR_RELATIVE,60,30
2024-09-02,1.2787098962268173,O3,SECTOR_RELATIVE,60,30
2024-09-03,1.283168069175517,O3,SECTOR_RELATIVE,60,30
2024-09-04,1.2867918303528412,O3,SECTOR_RELATIVE,60,30
2024-09-05,1.2923743032635993,O3,SECTOR_RELATIVE,60,30
2024-09-06,1.281821471241366,O3,SECTOR_RELATIVE,60,30
2024-09-09,1.2743781299514412,O3,SECTOR_RELATIVE,60,30
2024-09-10,1.2506099090671638,O3,SECTOR_RELATIVE,60,30
2024-09-11,1.2257525944698782,O3,SECTOR_RELATIVE,60,30
2024-09-12,1.2008511154053527,O3,SECTOR_RELATIVE,60,30
2024-09-13,1.23041756315869,O3,SECTOR_RELATIVE,60,30
2024-09-16,1.242785781979161,O3,SECTOR_RELATIVE,60,30
2024-09-17,1.2597294143071458,O3,SECTOR_RELATIVE,60,30
2024-09-18,1.2391790586123312,O3,SECTOR_RELATIVE,60,30
2024-09-19,1.2780334632755013,O3,SECTOR_RELATIVE,60,30
2024-09-20,1.2864631220535883,O3,SECTOR_RELATIVE,60,30
2024-09-23,1.2758081386253015,O3,SECTOR_RELATIVE,60,30
2024-09-24,1.2715598917493303,O3,SECTOR_RELATIVE,60,30
2024-09-25,1.2554948235308463,O3,SECTOR_RELATIVE,60,30
2024-09-26,1.2416941524830896,O3,SECTOR_RELATIVE,60,30
2024-09-27,1.2428380518830382,O3,SECTOR_RELATIVE,60,30
2024-09-30,1.2444923955262142,O3,SECTOR_RELATIVE,60,30
2024-10-01,1.1799739313392938,O3,SECTOR_RELATIVE,60,30
2024-10-02,1.1330464194677778,O3,SECTOR_RELATIVE,60,30
2024-10-03,1.1434770817990267,O3,SECTOR_RELATIVE,60,30
2024-10-04,1.1805212205783908,O3,SECTOR_RELATIVE,60,30
2024-10-07,1.1950733640876197,O3,SECTOR_RELATIVE,60,30
2024-10-08,1.1817743049499865,O3,SECTOR_RELATIVE,60,30
2024-10-09,1.1937757056768925,O3,SECTOR_RELATIVE,60,30
2024-10-10,1.2123781457894696,O3,SECTOR_RELATIVE,60,30
2024-10-11,1.2189989292350765,O3,SECTOR_RELATIVE,60,30
2024-10-14,1.199449877269286,O3,SECTOR_RELATIVE,60,30
2024-10-15,1.2183171249340268,O3,SECTOR_RELATIVE,60,30
2024-10-16,1.2310879333995424,O3,SECTOR_RELATIVE,60,30
2024-01-23,1.0,O3,SECTOR_RELATIVE,60,50
2024-01-24,1.0059225546729325,O3,SECTOR_RELATIVE,60,50
2024-01-25,1.0250835458662322,O3,SECTOR_RELATIVE,60,50
2024-01-26,1.043954525475997,O3,SECTOR_RELATIVE,60,50
2024-01-29,1.059232682850376,O3,SECTOR_RELATIVE,60,50
2024-01-30,1.0653896448357238,O3,SECTOR_RELATIVE,60,50
2024-01-31,1.0642561034527152,O3,SECTOR_RELATIVE,60,50
2024-02-01,1.0798020635190075,O3,SECTOR_RELATIVE,60,50
2024-02-02,1.0729273926487473,O3,SECTOR_RELATIVE,60,50
2024-02-05,1.0835539797055973,O3,SECTOR_RELATIVE,60,50
2024-02-06,1.1020209764893496,O3,SECTOR_RELATIVE,60,50
2024-02-07,1.0999049044502645,O3,SECTOR_RELATIVE,60,50
2024-02-08,1.1091858344708356,O3,SECTOR_RELATIVE,60,50
2024-02-09,1.1147069767662878,O3,SECTOR_RELATIVE,60,50
2024-02-12,1.1397176764331718,O3,SECTOR_RELATIVE,60,50
2024-02-13,1.1279335743649241,O3,SECTOR_RELATIVE,60,50
2024-02-14,1.1271704268243592,O3,SECTOR_RELATIVE,60,50
2024-02-15,1.1671343300464816,O3,SECTOR_RELATIVE,60,50
2024-02-16,1.1735880178675604,O3,SECTOR_RELATIVE,60,50
2024-02-19,1.1635552014136457,O3,SECTOR_RELATIVE,60,50
2024-02-20,1.1790792429185966,O3,SECTOR_RELATIVE,60,50
2024-02-21,1.1935920658636254,O3,SECTOR_RELATIVE,60,50
2024-02-22,1.2255905548176507,O3,SECTOR_RELATIVE,60,50
2024-02-23,1.2329667502364179,O3,SECTOR_RELATIVE,60,50
2024-02-26,1.258543641839418,O3,SECTOR_RELATIVE,60,50
2024-02-27,1.255792067176478,O3,SECTOR_RELATIVE,60,50
2024-02-28,1.2287587931053947,O3,SECTOR_RELATIVE,60,50
2024-02-29,1.229861425169812,O3,SECTOR_RELATIVE,60,50
2024-03-01,1.2221654047012582,O3,SECTOR_RELATIVE,60,50
2024-03-04,1.222525216915284,O3,SECTOR_RELATIVE,60,50
2024-03-05,1.1970004758371873,O3,SECTOR_RELATIVE,60,50
2024-03-06,1.1635868218255905,O3,SECTOR_RELATIVE,60,50
2024-03-07,1.1971967552307172,O3,SECTOR_RELATIVE,60,50
2024-03-08,1.2057968892102393,O3,SECTOR_RELATIVE,60,50
2024-03-11,1.1998144046417327,O3,SECTOR_RELATIVE,60,50
2024-03-12,1.1839692342567925,O3,SECTOR_RELATIVE,60,50
2024-03-13,1.1701675741851196,O3,SECTOR_RELATIVE,60,50
2024-03-14,1.1630281147796748,O3,SECTOR_RELATIVE,60,50
2024-03-15,1.1590073507199818,O3,SECTOR_RELATIVE,60,50
2024-03-18,1.1370150286825886,O3,SECTOR_RELATIVE,60,50
2024-03-19,1.1501339693332573,O3,SECTOR_RELATIVE,60,50
2024-03-20,1.1601962207521748,O3,SECTOR_RELATIVE,60,50
2024-03-21,1.162620912598027,O3,SECTOR_RELATIVE,60,50
2024-03-22,1.1473792379007024,O3,SECTOR_RELATIVE,60,50
2024-03-25,1.1215180602240415,O3,SECTOR_RELATIVE,60,50
2024-03-26,1.0797492522341765,O3,SECTOR_RELATIVE,60,50
2024-03-27,1.0892448887767237,O3,SECTOR_RELATIVE,60,50
2024-03-28,1.1041892000466411,O3,SECTOR_RELATIVE,60,50
2024-03-29,1.1130890011843575,O3,SECTOR_RELATIVE,60,50
2024-04-01,1.0709113163005506,O3,SECTOR_RELATIVE,60,50
2024-04-02,1.058269518900054,O3,SECTOR_RELATIVE,60,50
2024-04-03,1.0489843391362137,O3,SECTOR_RELATIVE,60,50
2024-04-04,1.0537672599253498,O3,SECTOR_RELATIVE,60,50
2024-04-05,1.1059264394540789,O3,SECTOR_RELATIVE,60,50
2024-04-08,1.1634706116131914,O3,SECTOR_RELATIVE,60,50
2024-04-09,1.1634706116131914,O3,SECTOR_RELATIVE,60,50
2024-04-15,1.205013941126517,O3,SECTOR_RELATIVE,60,50
2024-04-16,1.204659217007202,O3,SECTOR_RELATIVE,60,50
2024-04-17,1.1836920362156278,O3,SECTOR_RELATIVE,60,50
2024-04-18,1.1747283274022873,O3,SECTOR_RELATIVE,60,50
2024-04-19,1.1899910294110718,O3,SECTOR_RELATIVE,60,50
2024-04-22,1.1597720800959455,O3,SECTOR_RELATIVE,60,50
2024-04-24,1.1695908709990013,O3,SECTOR_RELATIVE,60,50
2024-04-25,1.1677660776006018,O3,SECTOR_RELATIVE,60,50
2024-04-26,1.195822798044872,O3,SECTOR_RELATIVE,60,50
2024-04-29,1.2075383784252989,O3,SECTOR_RELATIVE,60,50
2024-04-30,1.1991831698564104,O3,SECTOR_RELATIVE,60,50
2024-05-02,1.2101945285873503,O3,SECTOR_RELATIVE,60,50
2024-05-03,1.248336129219362,O3,SECTOR_RELATIVE,60,50
2024-05-06,1.2469650471132008,O3,SECTOR_RELATIVE,60,50
2024-05-07,1.2556500131274249,O3,SECTOR_RELATIVE,60,50
2024-05-08,1.2598222468645506,O3,SECTOR_RELATIVE,60,50
2024-05-09,1.2613231650592076,O3,SECTOR_RELATIVE,60,50
2024-05-10,1.247856540334054,O3,SECTOR_RELATIVE,60,50
2024-05-13,1.2352928901136462,O3,SECTOR_RELATIVE,60,50
2024-05-14,1.2598608964512554,O3,SECTOR_RELATIVE,60,50
2024-05-15,1.2614293985763587,O3,SECTOR_RELATIVE,60,50
2024-05-16,1.3012871811972007,O3,SECTOR_RELATIVE,60,50
2024-05-17,1.332507256414286,O3,SECTOR_RELATIVE,60,50
2024-05-20,1.3526300579944532,O3,SECTOR_RELATIVE,60,50
2024-05-21,1.3482740319965343,O3,SECTOR_RELATIVE,60,50
2024-05-22,1.353141071270794,O3,SECTOR_RELATIVE,60,50
2024-05-23,1.3629174762106264,O3,SECTOR_RELATIVE,60,50
2024-05-24,1.3657986879544775,O3,SECTOR_RELATIVE,60,50
2024-05-27,1.3478754506865238,O3,SECTOR_RELATIVE,60,50
2024-05-28,1.3538898078965873,O3,SECTOR_RELATIVE,60,50
2024-05-29,1.3241094008308405,O3,SECTOR_RELATIVE,60,50
2024-05-30,1.3225599594390045,O3,SECTOR_RELATIVE,60,50
2024-05-31,1.3071899274009247,O3,SECTOR_RELATIVE,60,50
2024-06-03,1.32144076361568,O3,SECTOR_RELATIVE,60,50
2024-06-04,1.324494318390794,O3,SECTOR_RELATIVE,60,50
2024-06-05,1.307677085417768,O3,SECTOR_RELATIVE,60,50
2024-06-06,1.2936252030682642,O3,SECTOR_RELATIVE,60,50
2024-06-07,1.282928699704001,O3,SECTOR_RELATIVE,60,50
2024-06-10,1.2606364899099647,O3,SECTOR_RELATIVE,60,50
2024-06-11,1.2647186279799485,O3,SECTOR_RELATIVE,60,50
2024-06-12,1.2682077232947342,O3,SECTOR_RELATIVE,60,50
2024-06-13,1.2923124975482816,O3,SECTOR_RELATIVE,60,50
2024-06-14,1.2957448263567561,O3,SECTOR_RELATIVE,60,50
2024-06-20,1.3398530796783286,O3,SECTOR_RELATIVE,60,50
2024-06-21,1.362720915862502,O3,SECTOR_RELATIVE,60,50
2024-06-24,1.3442782100226423,O3,SECTOR_RELATIVE,60,50
2024-06-25,1.3334013245186387,O3,SECTOR_RELATIVE,60,50
2024-06-26,1.3104627960980206,O3,SECTOR_RELATIVE,60,50
2024-06-27,1.34211183981385,O3,SECTOR_RELATIVE,60,50
2024-06-28,1.331637178601824,O3,SECTOR_RELATIVE,60,50
2024-07-01,1.2896303451355906,O3,SECTOR_RELATIVE,60,50
2024-07-02,1.306192769146197,O3,SECTOR_RELATIVE,60,50
2024-07-03,1.3234155972844877,O3,SECTOR_RELATIVE,60,50
2024-07-04,1.3545795153875198,O3,SECTOR_RELATIVE,60,50
2024-07-05,1.3379512242642497,O3,SECTOR_RELATIVE,60,50
2024-07-08,1.3336898168264746,O3,SECTOR_RELATIVE,60,50
2024-07-09,1.3311627047348122,O3,SECTOR_RELATIVE,60,50
2024-07-10,1.3348294673473315,O3,SECTOR_RELATIVE,60,50
2024-07-11,1.3635205179414245,O3,SECTOR_RELATIVE,60,50
2024-07-12,1.3778871105625066,O3,SECTOR_RELATIVE,60,50
2024-07-16,1.3736542547168584,O3,SECTOR_RELATIVE,60,50
2024-07-17,1.3742847577589452,O3,SECTOR_RELATIVE,60,50
2024-07-18,1.372476683468263,O3,SECTOR_RELATIVE,60,50
2024-07-19,1.3684065212917722,O3,SECTOR_RELATIVE,60,50
2024-07-22,1.3725024323972361,O3,SECTOR_RELATIVE,60,50
2024-07-23,1.3692686896570123,O3,SECTOR_RELATIVE,60,50
2024-07-24,1.3545277224768755,O3,SECTOR_RELATIVE,60,50
2024-07-25,1.3388670530503912,O3,SECTOR_RELATIVE,60,50
2024-07-26,1.366093768698791,O3,SECTOR_RELATIVE,60,50
2024-07-29,1.3388959592033283,O3,SECTOR_RELATIVE,60,50
2024-07-30,1.3474380211867167,O3,SECTOR_RELATIVE,60,50
2024-07-31,1.3652404163545888,O3,SECTOR_RELATIVE,60,50
2024-08-01,1.380711312363138,O3,SECTOR_RELATIVE,60,50
2024-08-02,1.3660803935152852,O3,SECTOR_RELATIVE,60,50
2024-08-05,1.2752466356999523,O3,SECTOR_RELATIVE,60,50
2024-08-06,1.28586088428391,O3,SECTOR_RELATIVE,60,50
2024-08-07,1.3110198503344783,O3,SECTOR_RELATIVE,60,50
2024-08-08,1.3123109663729444,O3,SECTOR_RELATIVE,60,50
2024-08-09,1.2934059460472611,O3,SECTOR_RELATIVE,60,50
2024-08-12,1.2997914580128453,O3,SECTOR_RELATIVE,60,50
2024-08-13,1.3064555203982713,O3,SECTOR_RELATIVE,60,50
2024-08-14,1.2901506144192167,O3,SECTOR_RELATIVE,60,50
2024-08-15,1.291501965352003,O3,SECTOR_RELATIVE,60,50
2024-08-16,1.260876041008118,O3,SECTOR_RELATIVE,60,50
2024-08-19,1.2778611438523357,O3,SECTOR_RELATIVE,60,50
2024-08-20,1.2621426544765306,O3,SECTOR_RELATIVE,60,50
2024-08-21,1.2502702558445757,O3,SECTOR_RELATIVE,60,50
2024-08-22,1.2558364313764585,O3,SECTOR_RELATIVE,60,50
2024-08-23,1.2436505615459457,O3,SECTOR_RELATIVE,60,50
2024-08-26,1.2082208573123268,O3,SECTOR_RELATIVE,60,50
2024-08-27,1.2361630556130228,O3,SECTOR_RELATIVE,60,50
2024-08-28,1.2417378293437358,O3,SECTOR_RELATIVE,60,50
2024-08-29,1.2476283200303717,O3,SECTOR_RELATIVE,60,50
2024-09-02,1.2690252220630107,O3,SECTOR_RELATIVE,60,50
2024-09-03,1.273465074322814,O3,SECTOR_RELATIVE,60,50
2024-09-04,1.2770739437940675,O3,SECTOR_RELATIVE,60,50
2024-09-05,1.2826334757488227,O3,SECTOR_RELATIVE,60,50
2024-09-06,1.272124010180668,O3,SECTOR_RELATIVE,60,50
2024-09-09,1.2647112570132075,O3,SECTOR_RELATIVE,60,50
2024-09-10,1.2410407107111983,O3,SECTOR_RELATIVE,60,50
2024-09-11,1.2162855462845712,O3,SECTOR_RELATIVE,60,50
2024-09-12,1.1914863988828706,O3,SECTOR_RELATIVE,60,50
2024-09-13,1.22093134446541,O3,SECTOR_RELATIVE,60,50
2024-09-16,1.2332487365701343,O3,SECTOR_RELATIVE,60,50
2024-09-17,1.2501227396979453,O3,SECTOR_RELATIVE,60,50
2024-09-18,1.2296568348931538,O3,SECTOR_RELATIVE,60,50
2024-09-19,1.2683515688866842,O3,SECTOR_RELATIVE,60,50
2024-09-20,1.2767465863088268,O3,SECTOR_RELATIVE,60,50
2024-09-23,1.2661353891218616,O3,SECTOR_RELATIVE,60,50
2024-09-24,1.2619046002517298,O3,SECTOR_RELATIVE,60,50
2024-09-25,1.2459055508082724,O3,SECTOR_RELATIVE,60,50
2024-09-26,1.2321615930831562,O3,SECTOR_RELATIVE,60,50
2024-09-27,1.233300791672868,O3,SECTOR_RELATIVE,60,50
2024-09-30,1.2349483368549785,O3,SECTOR_RELATIVE,60,50
2024-10-01,1.1706950087953558,O3,SECTOR_RELATIVE,60,50
2024-10-02,1.123960343714571,O3,SECTOR_RELATIVE,60,50
2024-10-03,1.1343481416433498,O3,SECTOR_RELATIVE,60,50
2024-10-04,1.1712400489705426,O3,SECTOR_RELATIVE,60,50
2024-10-07,1.1857323910101838,O3,SECTOR_RELATIVE,60,50
2024-10-08,1.1724879838404931,O3,SECTOR_RELATIVE,60,50
2024-10-09,1.1844400652763871,O3,SECTOR_RELATIVE,60,50
2024-10-10,1.2029660593825091,O3,SECTOR_RELATIVE,60,50
2024-10-11,1.2095596349752231,O3,SECTOR_RELATIVE,60,50
2024-10-14,1.190090919080601,O3,SECTOR_RELATIVE,60,50
2024-10-15,1.208880632522516,O3,SECTOR_RELATIVE,60,50
2024-10-16,1.2215989598457464,O3,SECTOR_RELATIVE,60,50
2024-01-23,1.0,O3,SECTOR_RELATIVE,60,100
2024-01-24,1.0009225546729326,O3,SECTOR_RELATIVE,60,100
2024-01-25,1.020083545866232,O3,SECTOR_RELATIVE,60,100
2024-01-26,1.038954525475997,O3,SECTOR_RELATIVE,60,100
2024-01-29,1.054232682850376,O3,SECTOR_RELATIVE,60,100
2024-01-30,1.060389644835724,O3,SECTOR_RELATIVE,60,100
2024-01-31,1.059256103452715,O3,SECTOR_RELATIVE,60,100
2024-02-01,1.0748020635190076,O3,SECTOR_RELATIVE,60,100
2024-02-02,1.0679273926487471,O3,SECTOR_RELATIVE,60,100
2024-02-05,1.0785539797055974,O3,SECTOR_RELATIVE,60,100
2024-02-06,1.0970209764893495,O3,SECTOR_RELATIVE,60,100
2024-02-07,1.0949049044502646,O3,SECTOR_RELATIVE,60,100
2024-02-08,1.1041858344708357,O3,SECTOR_RELATIVE,60,100
2024-02-09,1.109706976766288,O3,SECTOR_RELATIVE,60,100
2024-02-12,1.134717676433172,O3,SECTOR_RELATIVE,60,100
2024-02-13,1.122933574364924,O3,SECTOR_RELATIVE,60,100
2024-02-14,1.122170426824359,O3,SECTOR_RELATIVE,60,100
2024-02-15,1.1621343300464817,O3,SECTOR_RELATIVE,60,100
2024-02-16,1.1685880178675603,O3,SECTOR_RELATIVE,60,100
2024-02-19,1.1585552014136455,O3,SECTOR_RELATIVE,60,100
2024-02-20,1.1740792429185964,O3,SECTOR_RELATIVE,60,100
2024-02-21,1.1885920658636255,O3,SECTOR_RELATIVE,60,100
2024-02-22,1.2205905548176508,O3,SECTOR_RELATIVE,60,100
2024-02-23,1.227966750236418,O3,SECTOR_RELATIVE,60,100
2024-02-26,1.253543641839418,O3,SECTOR_RELATIVE,60,100
2024-02-27,1.2507920671764778,O3,SECTOR_RELATIVE,60,100
2024-02-28,1.2237587931053948,O3,SECTOR_RELATIVE,60,100
2024-02-29,1.224861425169812,O3,SECTOR_RELATIVE,60,100
2024-03-01,1.2171654047012583,O3,SECTOR_RELATIVE,60,100
2024-03-04,1.217525216915284,O3,SECTOR_RELATIVE,60,100
2024-03-05,1.1920004758371872,O3,SECTOR_RELATIVE,60,100
2024-03-06,1.1585868218255904,O3,SECTOR_RELATIVE,60,100
2024-03-07,1.1921967552307173,O3,SECTOR_RELATIVE,60,100
2024-03-08,1.2007968892102394,O3,SECTOR_RELATIVE,60,100
2024-03-11,1.1948144046417328,O3,SECTOR_RELATIVE,60,100
2024-03-12,1.1789692342567926,O3,SECTOR_RELATIVE,60,100
2024-03-13,1.1651675741851197,O3,SECTOR_RELATIVE,60,100
2024-03-14,1.1580281147796747,O3,SECTOR_RELATIVE,60,100
2024-03-15,1.154007350719982,O3,SECTOR_RELATIVE,60,100
2024-03-18,1.1320150286825887,O3,SECTOR_RELATIVE,60,100
2024-03-19,1.1451339693332574,O3,SECTOR_RELATIVE,60,100
2024-03-20,1.1551962207521749,O3,SECTOR_RELATIVE,60,100
2024-03-21,1.157620912598027,O3,SECTOR_RELATIVE,60,100
2024-03-22,1.1423792379007025,O3,SECTOR_RELATIVE,60,100
2024-03-25,1.1165180602240414,O3,SECTOR_RELATIVE,60,100
2024-03-26,1.0747492522341764,O3,SECTOR_RELATIVE,60,100
2024-03-27,1.0842448887767238,O3,SECTOR_RELATIVE,60,100
2024-03-28,1.0991892000466412,O3,SECTOR_RELATIVE,60,100
2024-03-29,1.1080890011843574,O3,SECTOR_RELATIVE,60,100
2024-04-01,1.0659113163005507,O3,SECTOR_RELATIVE,60,100
2024-04-02,1.0532695189000538,O3,SECTOR_RELATIVE,60,100
2024-04-03,1.0439843391362138,O3,SECTOR_RELATIVE,60,100
2024-04-04,1.04876725992535,O3,SECTOR_RELATIVE,60,100
2024-04-05,1.1009264394540788,O3,SECTOR_RELATIVE,60,100
2024-04-08,1.1584706116131915,O3,SECTOR_RELATIVE,60,100
2024-04-09,1.1584706116131915,O3,SECTOR_RELATIVE,60,100
2024-04-15,1.200013941126517,O3,SECTOR_RELATIVE,60,100
2024-04-16,1.199659217007202,O3,SECTOR_RELATIVE,60,100
2024-04-17,1.1786920362156277,O3,SECTOR_RELATIVE,60,100
2024-04-18,1.1697283274022874,O3,SECTOR_RELATIVE,60,100
2024-04-19,1.184991029411072,O3,SECTOR_RELATIVE,60,100
2024-04-22,1.1465022024884233,O3,SECTOR_RELATIVE,60,100
2024-04-24,1.1562800517773724,O3,SECTOR_RELATIVE,60,100
2024-04-25,1.1544628672574875,O3,SECTOR_RELATIVE,60,100
2024-04-26,1.182402599018236,O3,SECTOR_RELATIVE,60,100
2024-04-29,1.194069328702513,O3,SECTOR_RELATIVE,60,100
2024-04-30,1.18574895901841,O3,SECTOR_RELATIVE,60,100
2024-05-02,1.1967144034606765,O3,SECTOR_RELATIVE,60,100
2024-05-03,1.2346969642771042,O3,SECTOR_RELATIVE,60,100
2024-05-06,1.233331599200163,O3,SECTOR_RELATIVE,60,100
2024-05-07,1.2419803513332082,O3,SECTOR_RELATIVE,60,100
2024-05-08,1.2461351880216225,O3,SECTOR_RELATIVE,60,100
2024-05-09,1.2476298478068548,O3,SECTOR_RELATIVE,60,100
2024-05-10,1.2342193751434223,O3,SECTOR_RELATIVE,60,100
2024-05-13,1.2217081118333954,O3,SECTOR_RELATIVE,60,100
2024-05-14,1.2461736764503522,O3,SECTOR_RELATIVE,60,100
2024-05-15,1.247735638359927,O3,SECTOR_RELATIVE,60,100
2024-05-16,1.287427225165896,O3,SECTOR_RELATIVE,60,100
2024-05-17,1.3185171213940885,O3,SECTOR_RELATIVE,60,100
2024-05-20,1.3385560165151842,O3,SECTOR_RELATIVE,60,100
2024-05-21,1.3342181539283418,O3,SECTOR_RELATIVE,60,100
2024-05-22,1.3390648990089706,O3,SECTOR_RELATIVE,60,100
2024-05-23,1.348800539072318,O3,SECTOR_RELATIVE,60,100
2024-05-24,1.3516697369683806,O3,SECTOR_RELATIVE,60,100
2024-05-27,1.3338212345910065,O3,SECTOR_RELATIVE,60,100
2024-05-28,1.339810513612276,O3,SECTOR_RELATIVE,60,100
2024-05-29,1.3101542825215606,O3,SECTOR_RELATIVE,60,100
2024-05-30,1.3086113018673222,O3,SECTOR_RELATIVE,60,100
2024-05-31,1.293305358567532,O3,SECTOR_RELATIVE,60,100
2024-06-03,1.3074967727778102,O3,SECTOR_RELATIVE,60,100
2024-06-04,1.3105375950828588,O3,SECTOR_RELATIVE,60,100
2024-06-05,1.293790485271586,O3,SECTOR_RELATIVE,60,100
2024-06-06,1.279797195344541,O3,SECTOR_RELATIVE,60,100
2024-06-07,1.2691452934100618,O3,SECTOR_RELATIVE,60,100
2024-06-10,1.2469460359010862,O3,SECTOR_RELATIVE,60,100
2024-06-11,1.251011152596112,O3,SECTOR_RELATIVE,60,100
2024-06-12,1.2544856993584976,O3,SECTOR_RELATIVE,60,100
2024-06-13,1.2784899634397282,O3,SECTOR_RELATIVE,60,100
2024-06-14,1.2819079803962694,O3,SECTOR_RELATIVE,60,100
2024-06-20,1.3258323146279838,O3,SECTOR_RELATIVE,60,100
2024-06-21,1.3486047983259144,O3,SECTOR_RELATIVE,60,100
2024-06-24,1.3302389934154084,O3,SECTOR_RELATIVE,60,100
2024-06-25,1.3194074614843023,O3,SECTOR_RELATIVE,60,100
2024-06-26,1.2965645803167969,O3,SECTOR_RELATIVE,60,100
2024-06-27,1.328081656364973,O3,SECTOR_RELATIVE,60,100
2024-06-28,1.3176506715629526,O3,SECTOR_RELATIVE,60,100
2024-07-01,1.2758189948530432,O3,SECTOR_RELATIVE,60,100
2024-07-02,1.2923123581840608,O3,SECTOR_RELATIVE,60,100
2024-07-03,1.309463371942106,O3,SECTOR_RELATIVE,60,100
2024-07-04,1.3404973452157172,O3,SECTOR_RELATIVE,60,100
2024-07-05,1.323938389419489,O3,SECTOR_RELATIVE,60,100
2024-07-08,1.3196947508598365,O3,SECTOR_RELATIVE,60,100
2024-07-09,1.3171781761193695,O3,SECTOR_RELATIVE,60,100
2024-07-10,1.3208296493565082,O3,SECTOR_RELATIVE,60,100
2024-07-11,1.3494010662876246,O3,SECTOR_RELATIVE,60,100
2024-07-12,1.3637077542323648,O3,SECTOR_RELATIVE,60,100
2024-07-16,1.359492548212679,O3,SECTOR_RELATIVE,60,100
2024-07-17,1.3601204222332808,O3,SECTOR_RELATIVE,60,100
2024-07-18,1.3583198871071063,O3,SECTOR_RELATIVE,60,100
2024-07-19,1.3542666963694439,O3,SECTOR_RELATIVE,60,100
2024-07-22,1.3583455286702413,O3,SECTOR_RELATIVE,60,100
2024-07-23,1.3441486745341407,O3,SECTOR_RELATIVE,60,100
2024-07-24,1.3295596257089595,O3,SECTOR_RELATIVE,60,100
2024-07-25,1.3140603529607042,O3,SECTOR_RELATIVE,60,100
2024-07-26,1.341006473869181,O3,SECTOR_RELATIVE,60,100
2024-07-29,1.3140889612108548,O3,SECTOR_RELATIVE,60,100
2024-07-30,1.3225429898929961,O3,SECTOR_RELATIVE,60,100
2024-07-31,1.3401619160554012,O3,SECTOR_RELATIVE,60,100
2024-08-01,1.3554733711641387,O3,SECTOR_RELATIVE,60,100
2024-08-02,1.3409932365284531,O3,SECTOR_RELATIVE,60,100
2024-08-05,1.2510955987718015,O3,SECTOR_RELATIVE,60,100
2024-08-06,1.2616004583879765,O3,SECTOR_RELATIVE,60,100
2024-08-07,1.286500139638025,O3,SECTOR_RELATIVE,60,100
2024-08-08,1.287777949614397,O3,SECTOR_RELATIVE,60,100
2024-08-09,1.2690677617955075,O3,SECTOR_RELATIVE,60,100
2024-08-12,1.2753874655640107,O3,SECTOR_RELATIVE,60,100
2024-08-13,1.281982849050519,O3,SECTOR_RELATIVE,60,100
2024-08-14,1.2658459791618895,O3,SECTOR_RELATIVE,60,100
2024-08-15,1.2671834032601494,O3,SECTOR_RELATIVE,60,100
2024-08-16,1.236873105427635,O3,SECTOR_RELATIVE,60,100
2024-08-19,1.2536831621672588,O3,SECTOR_RELATIVE,60,100
2024-08-20,1.238126665354029,O3,SECTOR_RELATIVE,60,100
2024-08-21,1.226376622009044,O3,SECTOR_RELATIVE,60,100
2024-08-22,1.2318854333110316,O3,SECTOR_RELATIVE,60,100
2024-08-23,1.2198251493580075,O3,SECTOR_RELATIVE,60,100
2024-08-26,1.1847605787223363,O3,SECTOR_RELATIVE,60,100
2024-08-27,1.2124148086185311,O3,SECTOR_RELATIVE,60,100
2024-08-28,1.2179321295075098,O3,SECTOR_RELATIVE,60,100
2024-08-29,1.2237619136174291,O3,SECTOR_RELATIVE,60,100
2024-09-02,1.2449383021574183,O3,SECTOR_RELATIVE,60,100
2024-09-03,1.2493323979181188,O3,SECTOR_RELATIVE,60,100
2024-09-04,1.2529040748831668,O3,SECTOR_RELATIVE,60,100
2024-09-05,1.2584063110758077,O3,SECTOR_RELATIVE,60,100
2024-09-06,1.2480051545962672,O3,SECTOR_RELATIVE,60,100
2024-09-09,1.2406687962306626,O3,SECTOR_RELATIVE,60,100
2024-09-10,1.217242195282519,O3,SECTOR_RELATIVE,60,100
2024-09-11,1.1927421541331087,O3,SECTOR_RELATIVE,60,100
2024-09-12,1.1681985832910402,O3,SECTOR_RELATIVE,60,100
2024-09-13,1.1973400733648618,O3,SECTOR_RELATIVE,60,100
2024-09-16,1.2095305241418555,O3,SECTOR_RELATIVE,60,100
2024-09-17,1.2262306261432778,O3,SECTOR_RELATIVE,60,100
2024-09-18,1.2059756401033552,O3,SECTOR_RELATIVE,60,100
2024-09-19,1.2442715915569151,O3,SECTOR_RELATIVE,60,100
2024-09-20,1.2525800910985818,O3,SECTOR_RELATIVE,60,100
2024-09-23,1.2420782514321271,O3,SECTOR_RELATIVE,60,100
2024-09-24,1.2378910644829177,O3,SECTOR_RELATIVE,60,100
2024-09-25,1.222056899015023,O3,SECTOR_RELATIVE,60,100
2024-09-26,1.2084545846042603,O3,SECTOR_RELATIVE,60,100
2024-09-27,1.2095820427719495,O3,SECTOR_RELATIVE,60,100
2024-09-30,1.2112126085828476,O3,SECTOR_RELATIVE,60,100
2024-10-01,1.147621466374392,O3,SECTOR_RELATIVE,60,100
2024-10-02,1.101368442243735,O3,SECTOR_RELATIVE,60,100
2024-10-03,1.1116491849736474,O3,SECTOR_RELATIVE,60,100
2024-10-04,1.1481608894414344,O3,SECTOR_RELATIVE,60,100
2024-10-07,1.1625038754221955,O3,SECTOR_RELATIVE,60,100
2024-10-08,1.1493959632684008,O3,SECTOR_RELATIVE,60,100
2024-10-09,1.161224868217444,O3,SECTOR_RELATIVE,60,100
2024-10-10,1.1795599360082085,O3,SECTOR_RELATIVE,60,100
2024-10-11,1.186085559129075,O3,SECTOR_RELATIVE,60,100
2024-10-14,1.1668174851092805,O3,SECTOR_RELATIVE,60,100
2024-10-15,1.1854135543810884,O3,SECTOR_RELATIVE,60,100
2024-10-16,1.1980008083940599,O3,SECTOR_RELATIVE,60,100
2024-01-23,1.0,O3,BETA_RESIDUAL,60,0
2024-01-24,1.0158638047525332,O3,BETA_RESIDUAL,60,0
2024-01-25,1.0263716376457512,O3,BETA_RESIDUAL,60,0
2024-01-26,1.0602177863389397,O3,BETA_RESIDUAL,60,0
2024-01-29,1.0666736404097257,O3,BETA_RESIDUAL,60,0
2024-01-30,1.0648087199055767,O3,BETA_RESIDUAL,60,0
2024-01-31,1.0694263925007335,O3,BETA_RESIDUAL,60,0
2024-02-01,1.0960176747046118,O3,BETA_RESIDUAL,60,0
2024-02-02,1.0923638670174665,O3,BETA_RESIDUAL,60,0
2024-02-05,1.0878982014328513,O3,BETA_RESIDUAL,60,0
2024-02-06,1.1045038445458573,O3,BETA_RESIDUAL,60,0
2024-02-07,1.1174637757684276,O3,BETA_RESIDUAL,60,0
2024-02-08,1.121626266107736,O3,BETA_RESIDUAL,60,0
2024-02-09,1.1352247542188243,O3,BETA_RESIDUAL,60,0
2024-02-12,1.1516580198454442,O3,BETA_RESIDUAL,60,0
2024-02-13,1.1259403192006483,O3,BETA_RESIDUAL,60,0
2024-02-14,1.1307784713441715,O3,BETA_RESIDUAL,60,0
2024-02-15,1.156880715485709,O3,BETA_RESIDUAL,60,0
2024-02-16,1.168643216541654,O3,BETA_RESIDUAL,60,0
2024-02-19,1.1617896471590894,O3,BETA_RESIDUAL,60,0
2024-02-20,1.182189739256104,O3,BETA_RESIDUAL,60,0
2024-02-21,1.1817066805969638,O3,BETA_RESIDUAL,60,0
2024-02-22,1.19207230321542,O3,BETA_RESIDUAL,60,0
2024-02-23,1.2085848327063484,O3,BETA_RESIDUAL,60,0
2024-02-26,1.1995957062607794,O3,BETA_RESIDUAL,60,0
2024-02-27,1.1896423436221628,O3,BETA_RESIDUAL,60,0
2024-02-28,1.1719494032694093,O3,BETA_RESIDUAL,60,0
2024-02-29,1.1709732774956634,O3,BETA_RESIDUAL,60,0
2024-03-01,1.1562638505114915,O3,BETA_RESIDUAL,60,0
2024-03-04,1.1480609427078512,O3,BETA_RESIDUAL,60,0
2024-03-05,1.1396837995686042,O3,BETA_RESIDUAL,60,0
2024-03-06,1.121613565479477,O3,BETA_RESIDUAL,60,0
2024-03-07,1.1480841703495708,O3,BETA_RESIDUAL,60,0
2024-03-08,1.153884959032729,O3,BETA_RESIDUAL,60,0
2024-03-11,1.15532419502361,O3,BETA_RESIDUAL,60,0
2024-03-12,1.1278199958338162,O3,BETA_RESIDUAL,60,0
2024-03-13,1.1091378684662851,O3,BETA_RESIDUAL,60,0
2024-03-14,1.100528667058774,O3,BETA_RESIDUAL,60,0
2024-03-15,1.089696494562739,O3,BETA_RESIDUAL,60,0
2024-03-18,1.0733401805348337,O3,BETA_RESIDUAL,60,0
2024-03-19,1.0807189167453877,O3,BETA_RESIDUAL,60,0
2024-03-20,1.0816675383565304,O3,BETA_RESIDUAL,60,0
2024-03-21,1.1025930191812572,O3,BETA_RESIDUAL,60,0
2024-03-22,1.0897198095649485,O3,BETA_RESIDUAL,60,0
2024-03-25,1.0795158173384645,O3,BETA_RESIDUAL,60,0
2024-03-26,1.042214327179428,O3,BETA_RESIDUAL,60,0
2024-03-27,1.0466961583883139,O3,BETA_RESIDUAL,60,0
2024-03-28,1.0588067201314741,O3,BETA_RESIDUAL,60,0
2024-03-29,1.0585887364702755,O3,BETA_RESIDUAL,60,0
2024-04-01,1.0298705918565203,O3,BETA_RESIDUAL,60,0
2024-04-02,1.0236900925796282,O3,BETA_RESIDUAL,60,0
2024-04-03,1.0130573025195955,O3,BETA_RESIDUAL,60,0
2024-04-04,1.039866018100964,O3,BETA_RESIDUAL,60,0
2024-04-05,1.0868187988765297,O3,BETA_RESIDUAL,60,0
2024-04-08,1.115590781751107,O3,BETA_RESIDUAL,60,0
2024-04-09,1.115590781751107,O3,BETA_RESIDUAL,60,0
2024-04-15,1.1279526045278676,O3,BETA_RESIDUAL,60,0
2024-04-16,1.1124513656984623,O3,BETA_RESIDUAL,60,0
2024-04-17,1.1023484674122874,O3,BETA_RESIDUAL,60,0
2024-04-18,1.0816032653280574,O3,BETA_RESIDUAL,60,0
2024-04-19,1.1067655319657963,O3,BETA_RESIDUAL,60,0
2024-04-22,1.098344664570317,O3,BETA_RESIDUAL,60,0
2024-04-24,1.11238942603015,O3,BETA_RESIDUAL,60,0
2024-04-25,1.116839268634113,O3,BETA_RESIDUAL,60,0
2024-04-26,1.1373539248119315,O3,BETA_RESIDUAL,60,0
2024-04-29,1.1503148702489419,O3,BETA_RESIDUAL,60,0
2024-04-30,1.1585062016013625,O3,BETA_RESIDUAL,60,0
2024-05-02,1.1744211401221851,O3,BETA_RESIDUAL,60,0
2024-05-03,1.1912910894710471,O3,BETA_RESIDUAL,60,0
2024-05-06,1.198939982605915,O3,BETA_RESIDUAL,60,0
2024-05-07,1.2039241035935535,O3,BETA_RESIDUAL,60,0
2024-05-08,1.2058143836125892,O3,BETA_RESIDUAL,60,0
2024-05-09,1.2110231175875705,O3,BETA_RESIDUAL,60,0
2024-05-10,1.2061150264229386,O3,BETA_RESIDUAL,60,0
2024-05-13,1.209076327174132,O3,BETA_RESIDUAL,60,0
2024-05-14,1.2303751015025277,O3,BETA_RESIDUAL,60,0
2024-05-15,1.2338524857468363,O3,BETA_RESIDUAL,60,0
2024-05-16,1.2725819390088116,O3,BETA_RESIDUAL,60,0
2024-05-17,1.2956049023879754,O3,BETA_RESIDUAL,60,0
2024-05-20,1.3103683984789765,O3,BETA_RESIDUAL,60,0
2024-05-21,1.3049701761483274,O3,BETA_RESIDUAL,60,0
2024-05-22,1.3150645786028083,O3,BETA_RESIDUAL,60,0
2024-05-23,1.3184097810660504,O3,BETA_RESIDUAL,60,0
2024-05-24,1.308508954252743,O3,BETA_RESIDUAL,60,0
2024-05-27,1.294127163615099,O3,BETA_RESIDUAL,60,0
2024-05-28,1.3011437179090684,O3,BETA_RESIDUAL,60,0
2024-05-29,1.2802230617636456,O3,BETA_RESIDUAL,60,0
2024-05-30,1.2776858749022215,O3,BETA_RESIDUAL,60,0
2024-05-31,1.2516705024861,O3,BETA_RESIDUAL,60,0
2024-06-03,1.2619486180042763,O3,BETA_RESIDUAL,60,0
2024-06-04,1.2512109088660328,O3,BETA_RESIDUAL,60,0
2024-06-05,1.244608292207968,O3,BETA_RESIDUAL,60,0
2024-06-06,1.2316863435525445,O3,BETA_RESIDUAL,60,0
2024-06-07,1.2295931977401289,O3,BETA_RESIDUAL,60,0
2024-06-10,1.2104725537970107,O3,BETA_RESIDUAL,60,0
2024-06-11,1.217914820121267,O3,BETA_RESIDUAL,60,0
2024-06-12,1.2308512425329365,O3,BETA_RESIDUAL,60,0
2024-06-13,1.2511086070637585,O3,BETA_RESIDUAL,60,0
2024-06-14,1.2607067914733254,O3,BETA_RESIDUAL,60,0
2024-06-20,1.2936345283666473,O3,BETA_RESIDUAL,60,0
2024-06-21,1.3118840474336486,O3,BETA_RESIDUAL,60,0
2024-06-24,1.3047664662971965,O3,BETA_RESIDUAL,60,0
2024-06-25,1.3021255471285678,O3,BETA_RESIDUAL,60,0
2024-06-26,1.2821911606213248,O3,BETA_RESIDUAL,60,0
2024-06-27,1.314596405284942,O3,BETA_RESIDUAL,60,0
2024-06-28,1.3042663190443635,O3,BETA_RESIDUAL,60,0
2024-07-01,1.269540676689772,O3,BETA_RESIDUAL,60,0
2024-07-02,1.2796738432991124,O3,BETA_RESIDUAL,60,0
2024-07-03,1.292506357589756,O3,BETA_RESIDUAL,60,0
2024-07-04,1.325828177481663,O3,BETA_RESIDUAL,60,0
2024-07-05,1.3062037327377445,O3,BETA_RESIDUAL,60,0
2024-07-08,1.292257239485948,O3,BETA_RESIDUAL,60,0
2024-07-09,1.2888888910668956,O3,BETA_RESIDUAL,60,0
2024-07-10,1.297817395524089,O3,BETA_RESIDUAL,60,0
2024-07-11,1.3166929295008993,O3,BETA_RESIDUAL,60,0
2024-07-12,1.3182967092725104,O3,BETA_RESIDUAL,60,0
2024-07-16,1.3179301036976352,O3,BETA_RESIDUAL,60,0
2024-07-17,1.312622913303981,O3,BETA_RESIDUAL,60,0
2024-07-18,1.3057883828840868,O3,BETA_RESIDUAL,60,0
2024-07-19,1.3024735279381385,O3,BETA_RESIDUAL,60,0
2024-07-22,1.317133126535729,O3,BETA_RESIDUAL,60,0
2024-07-23,1.3105138641373582,O3,BETA_RESIDUAL,60,0
2024-07-24,1.3016380213772107,O3,BETA_RESIDUAL,60,0
2024-07-25,1.301043119051611,O3,BETA_RESIDUAL,60,0
2024-07-26,1.3104529357459576,O3,BETA_RESIDUAL,60,0
2024-07-29,1.2867626591203414,O3,BETA_RESIDUAL,60,0
2024-07-30,1.293452538602189,O3,BETA_RESIDUAL,60,0
2024-07-31,1.2997689332350633,O3,BETA_RESIDUAL,60,0
2024-08-01,1.321580572548019,O3,BETA_RESIDUAL,60,0
2024-08-02,1.3042108823451308,O3,BETA_RESIDUAL,60,0
2024-08-05,1.22777488809436,O3,BETA_RESIDUAL,60,0
2024-08-06,1.247279655187271,O3,BETA_RESIDUAL,60,0
2024-08-07,1.2629686514895357,O3,BETA_RESIDUAL,60,0
2024-08-08,1.2623308879426232,O3,BETA_RESIDUAL,60,0
2024-08-09,1.2460488638901102,O3,BETA_RESIDUAL,60,0
2024-08-12,1.2515663678679774,O3,BETA_RESIDUAL,60,0
2024-08-13,1.2672359638909567,O3,BETA_RESIDUAL,60,0
2024-08-14,1.2544282187071811,O3,BETA_RESIDUAL,60,0
2024-08-15,1.253921250380522,O3,BETA_RESIDUAL,60,0
2024-08-16,1.2214008326094914,O3,BETA_RESIDUAL,60,0
2024-08-19,1.2419229454923029,O3,BETA_RESIDUAL,60,0
2024-08-20,1.2239515556746676,O3,BETA_RESIDUAL,60,0
2024-08-21,1.2084736545177899,O3,BETA_RESIDUAL,60,0
2024-08-22,1.2151471523475528,O3,BETA_RESIDUAL,60,0
2024-08-23,1.2010125099779823,O3,BETA_RESIDUAL,60,0
2024-08-26,1.1654391699809687,O3,BETA_RESIDUAL,60,0
2024-08-27,1.194779902311494,O3,BETA_RESIDUAL,60,0
2024-08-28,1.2068662104292367,O3,BETA_RESIDUAL,60,0
2024-08-29,1.2108189907713902,O3,BETA_RESIDUAL,60,0
2024-09-02,1.2369302231108357,O3,BETA_RESIDUAL,60,0
2024-09-03,1.2335844587243696,O3,BETA_RESIDUAL,60,0
2024-09-04,1.229783874062654,O3,BETA_RESIDUAL,60,0
2024-09-05,1.2313023585567608,O3,BETA_RESIDUAL,60,0
2024-09-06,1.2144908622316923,O3,BETA_RESIDUAL,60,0
2024-09-09,1.2071350329718529,O3,BETA_RESIDUAL,60,0
2024-09-10,1.1879220128674854,O3,BETA_RESIDUAL,60,0
2024-09-11,1.163738324954601,O3,BETA_RESIDUAL,60,0
2024-09-12,1.149366853295705,O3,BETA_RESIDUAL,60,0
2024-09-13,1.1753808768640543,O3,BETA_RESIDUAL,60,0
2024-09-16,1.1677405997336345,O3,BETA_RESIDUAL,60,0
2024-09-17,1.1884052033868258,O3,BETA_RESIDUAL,60,0
2024-09-18,1.1724850423581168,O3,BETA_RESIDUAL,60,0
2024-09-19,1.2115772334020192,O3,BETA_RESIDUAL,60,0
2024-09-20,1.2111203343195316,O3,BETA_RESIDUAL,60,0
2024-09-23,1.192708867449472,O3,BETA_RESIDUAL,60,0
2024-09-24,1.192231718078783,O3,BETA_RESIDUAL,60,0
2024-09-25,1.173997590336547,O3,BETA_RESIDUAL,60,0
2024-09-26,1.1622786138182535,O3,BETA_RESIDUAL,60,0
2024-09-27,1.169205322534293,O3,BETA_RESIDUAL,60,0
2024-09-30,1.1709546502177066,O3,BETA_RESIDUAL,60,0
2024-10-01,1.1312970325460894,O3,BETA_RESIDUAL,60,0
2024-10-02,1.10459058888386,O3,BETA_RESIDUAL,60,0
2024-10-03,1.107099001049866,O3,BETA_RESIDUAL,60,0
2024-10-04,1.1357497667852636,O3,BETA_RESIDUAL,60,0
2024-10-07,1.1291717432086132,O3,BETA_RESIDUAL,60,0
2024-10-08,1.1148822518020725,O3,BETA_RESIDUAL,60,0
2024-10-09,1.1291079949616496,O3,BETA_RESIDUAL,60,0
2024-10-10,1.1196573194828736,O3,BETA_RESIDUAL,60,0
2024-10-11,1.1091337967712869,O3,BETA_RESIDUAL,60,0
2024-10-14,1.0790162780250494,O3,BETA_RESIDUAL,60,0
2024-10-15,1.100706454817969,O3,BETA_RESIDUAL,60,0
2024-10-16,1.1164030796233808,O3,BETA_RESIDUAL,60,0
2024-01-23,1.0,O3,BETA_RESIDUAL,60,30
2024-01-24,1.0128638047525333,O3,BETA_RESIDUAL,60,30
2024-01-25,1.0233716376457513,O3,BETA_RESIDUAL,60,30
2024-01-26,1.0572177863389398,O3,BETA_RESIDUAL,60,30
2024-01-29,1.0636736404097256,O3,BETA_RESIDUAL,60,30
2024-01-30,1.0618087199055766,O3,BETA_RESIDUAL,60,30
2024-01-31,1.0664263925007333,O3,BETA_RESIDUAL,60,30
2024-02-01,1.0930176747046119,O3,BETA_RESIDUAL,60,30
2024-02-02,1.0893638670174666,O3,BETA_RESIDUAL,60,30
2024-02-05,1.0848982014328512,O3,BETA_RESIDUAL,60,30
2024-02-06,1.1015038445458571,O3,BETA_RESIDUAL,60,30
2024-02-07,1.1144637757684277,O3,BETA_RESIDUAL,60,30
2024-02-08,1.1186262661077362,O3,BETA_RESIDUAL,60,30
2024-02-09,1.1322247542188242,O3,BETA_RESIDUAL,60,30
2024-02-12,1.1486580198454444,O3,BETA_RESIDUAL,60,30
2024-02-13,1.1229403192006484,O3,BETA_RESIDUAL,60,30
2024-02-14,1.1277784713441716,O3,BETA_RESIDUAL,60,30
2024-02-15,1.153880715485709,O3,BETA_RESIDUAL,60,30
2024-02-16,1.165643216541654,O3,BETA_RESIDUAL,60,30
2024-02-19,1.1587896471590895,O3,BETA_RESIDUAL,60,30
2024-02-20,1.179189739256104,O3,BETA_RESIDUAL,60,30
2024-02-21,1.1787066805969637,O3,BETA_RESIDUAL,60,30
2024-02-22,1.1890723032154198,O3,BETA_RESIDUAL,60,30
2024-02-23,1.2055848327063483,O3,BETA_RESIDUAL,60,30
2024-02-26,1.1965957062607793,O3,BETA_RESIDUAL,60,30
2024-02-27,1.1866423436221627,O3,BETA_RESIDUAL,60,30
2024-02-28,1.1689494032694094,O3,BETA_RESIDUAL,60,30
2024-02-29,1.1679732774956633,O3,BETA_RESIDUAL,60,30
2024-03-01,1.1532638505114914,O3,BETA_RESIDUAL,60,30
2024-03-04,1.145060942707851,O3,BETA_RESIDUAL,60,30
2024-03-05,1.1366837995686043,O3,BETA_RESIDUAL,60,30
2024-03-06,1.1186135654794769,O3,BETA_RESIDUAL,60,30
2024-03-07,1.1450841703495707,O3,BETA_RESIDUAL,60,30
2024-03-08,1.150884959032729,O3,BETA_RESIDUAL,60,30
2024-03-11,1.15232419502361,O3,BETA_RESIDUAL,60,30
2024-03-12,1.124819995833816,O3,BETA_RESIDUAL,60,30
2024-03-13,1.106137868466285,O3,BETA_RESIDUAL,60,30
2024-03-14,1.097528667058774,O3,BETA_RESIDUAL,60,30
2024-03-15,1.086696494562739,O3,BETA_RESIDUAL,60,30
2024-03-18,1.0703401805348338,O3,BETA_RESIDUAL,60,30
2024-03-19,1.0777189167453876,O3,BETA_RESIDUAL,60,30
2024-03-20,1.0786675383565305,O3,BETA_RESIDUAL,60,30
2024-03-21,1.099593019181257,O3,BETA_RESIDUAL,60,30
2024-03-22,1.0867198095649486,O3,BETA_RESIDUAL,60,30
2024-03-25,1.0765158173384644,O3,BETA_RESIDUAL,60,30
2024-03-26,1.0392143271794279,O3,BETA_RESIDUAL,60,30
2024-03-27,1.043696158388314,O3,BETA_RESIDUAL,60,30
2024-03-28,1.0558067201314743,O3,BETA_RESIDUAL,60,30
2024-03-29,1.0555887364702756,O3,BETA_RESIDUAL,60,30
2024-04-01,1.0268705918565202,O3,BETA_RESIDUAL,60,30
2024-04-02,1.0206900925796283,O3,BETA_RESIDUAL,60,30
2024-04-03,1.0100573025195956,O3,BETA_RESIDUAL,60,30
2024-04-04,1.0368660181009641,O3,BETA_RESIDUAL,60,30
2024-04-05,1.0838187988765295,O3,BETA_RESIDUAL,60,30
2024-04-08,1.1125907817511071,O3,BETA_RESIDUAL,60,30
2024-04-09,1.1125907817511071,O3,BETA_RESIDUAL,60,30
2024-04-15,1.1249526045278675,O3,BETA_RESIDUAL,60,30
2024-04-16,1.1094513656984624,O3,BETA_RESIDUAL,60,30
2024-04-17,1.0993484674122875,O3,BETA_RESIDUAL,60,30
2024-04-18,1.0786032653280575,O3,BETA_RESIDUAL,60,30
2024-04-19,1.1037655319657964,O3,BETA_RESIDUAL,60,30
2024-04-22,1.0887057632241757,O3,BETA_RESIDUAL,60,30
2024-04-24,1.1027127635116247,O3,BETA_RESIDUAL,60,30
2024-04-25,1.1071506421335633,O3,BETA_RESIDUAL,60,30
2024-04-26,1.1276101419834843,O3,BETA_RESIDUAL,60,30
2024-04-29,1.1405362402287995,O3,BETA_RESIDUAL,60,30
2024-04-30,1.1487055481188684,O3,BETA_RESIDUAL,60,30
2024-05-02,1.164577697252439,O3,BETA_RESIDUAL,60,30
2024-05-03,1.181402289542921,O3,BETA_RESIDUAL,60,30
2024-05-06,1.1890306176313103,O3,BETA_RESIDUAL,60,30
2024-05-07,1.1940013381598285,O3,BETA_RESIDUAL,60,30
2024-05-08,1.1958865359145725,O3,BETA_RESIDUAL,60,30
2024-05-09,1.2010812655291314,O3,BETA_RESIDUAL,60,30
2024-05-10,1.1961863704075275,O3,BETA_RESIDUAL,60,30
2024-05-13,1.199139709315548,O3,BETA_RESIDUAL,60,30
2024-05-14,1.2203812191121628,O3,BETA_RESIDUAL,60,30
2024-05-15,1.2238492539555381,O3,BETA_RESIDUAL,60,30
2024-05-16,1.2624745780327542,O3,BETA_RESIDUAL,60,30
2024-05-17,1.2854356411730687,O3,BETA_RESIDUAL,60,30
2024-05-20,1.3001594436799198,O3,BETA_RESIDUAL,60,30
2024-05-21,1.2947757351738434,O3,BETA_RESIDUAL,60,30
2024-05-22,1.3048429975111862,O3,BETA_RESIDUAL,60,30
2024-05-23,1.3081792059614485,O3,BETA_RESIDUAL,60,30
2024-05-24,1.2983049988119284,O3,BETA_RESIDUAL,60,30
2024-05-27,1.2839618754935553,O3,BETA_RESIDUAL,60,30
2024-05-28,1.2909595648664658,O3,BETA_RESIDUAL,60,30
2024-05-29,1.2700951566327887,O3,BETA_RESIDUAL,60,30
2024-05-30,1.267564791329048,O3,BETA_RESIDUAL,60,30
2024-05-31,1.241619364633631,O3,BETA_RESIDUAL,60,30
2024-06-03,1.2518698460981448,O3,BETA_RESIDUAL,60,30
2024-06-04,1.2411610066909344,O3,BETA_RESIDUAL,60,30
2024-06-05,1.234576142028624,O3,BETA_RESIDUAL,60,30
2024-06-06,1.221688935716964,O3,BETA_RESIDUAL,60,30
2024-06-07,1.2196014175999759,O3,BETA_RESIDUAL,60,30
2024-06-10,1.2005321820011066,O3,BETA_RESIDUAL,60,30
2024-06-11,1.207954438822005,O3,BETA_RESIDUAL,60,30
2024-06-12,1.2208560799753305,O3,BETA_RESIDUAL,60,30
2024-06-13,1.2410589799403937,O3,BETA_RESIDUAL,60,30
2024-06-14,1.2506313583797353,O3,BETA_RESIDUAL,60,30
2024-06-20,1.2834705647592006,O3,BETA_RESIDUAL,60,30
2024-06-21,1.3016710176147621,O3,BETA_RESIDUAL,60,30
2024-06-24,1.2945725730232072,O3,BETA_RESIDUAL,60,30
2024-06-25,1.2919387543100946,O3,BETA_RESIDUAL,60,30
2024-06-26,1.2720579640000824,O3,BETA_RESIDUAL,60,30
2024-06-27,1.3043760829383269,O3,BETA_RESIDUAL,60,30
2024-06-28,1.2940737704814744,O3,BETA_RESIDUAL,60,30
2024-07-01,1.259441492543988,O3,BETA_RESIDUAL,60,30
2024-07-02,1.2695474148137067,O3,BETA_RESIDUAL,60,30
2024-07-03,1.2823454272165373,O3,BETA_RESIDUAL,60,30
2024-07-04,1.315577657051064,O3,BETA_RESIDUAL,60,30
2024-07-05,1.2960059751855348,O3,BETA_RESIDUAL,60,30
2024-07-08,1.2820969788992322,O3,BETA_RESIDUAL,60,30
2024-07-09,1.27873768672408,O3,BETA_RESIDUAL,60,30
2024-07-10,1.2876421857329143,O3,BETA_RESIDUAL,60,30
2024-07-11,1.3064669703755782,O3,BETA_RESIDUAL,60,30
2024-07-12,1.3080664381761675,O3,BETA_RESIDUAL,60,30
2024-07-16,1.3077008182681797,O3,BETA_RESIDUAL,60,30
2024-07-17,1.3024078969478663,O3,BETA_RESIDUAL,60,30
2024-07-18,1.2955917420541132,O3,BETA_RESIDUAL,60,30
2024-07-19,1.2922857995278882,O3,BETA_RESIDUAL,60,30
2024-07-22,1.3069059838832855,O3,BETA_RESIDUAL,60,30
2024-07-23,1.2932601531184487,O3,BETA_RESIDUAL,60,30
2024-07-24,1.2844531671410302,O3,BETA_RESIDUAL,60,30
2024-07-25,1.2838628799332605,O3,BETA_RESIDUAL,60,30
2024-07-26,1.2931996973957425,O3,BETA_RESIDUAL,60,30
2024-07-29,1.269693204583616,O3,BETA_RESIDUAL,60,30
2024-07-30,1.2763311854919523,O3,BETA_RESIDUAL,60,30
2024-07-31,1.2825985789623884,O3,BETA_RESIDUAL,60,30
2024-08-01,1.304241008505668,O3,BETA_RESIDUAL,60,30
2024-08-02,1.2870060684348723,O3,BETA_RESIDUAL,60,30
2024-08-05,1.2111630473575807,O3,BETA_RESIDUAL,60,30
2024-08-06,1.2305165008742838,O3,BETA_RESIDUAL,60,30
2024-08-07,1.2460837854880014,O3,BETA_RESIDUAL,60,30
2024-08-08,1.24545096956659,O3,BETA_RESIDUAL,60,30
2024-08-09,1.2292952577779221,O3,BETA_RESIDUAL,60,30
2024-08-12,1.2347699582065517,O3,BETA_RESIDUAL,60,30
2024-08-13,1.2503179930439674,O3,BETA_RESIDUAL,60,30
2024-08-14,1.2376096074535503,O3,BETA_RESIDUAL,60,30
2024-08-15,1.237106572072625,O3,BETA_RESIDUAL,60,30
2024-08-16,1.2048384403550119,O3,BETA_RESIDUAL,60,30
2024-08-19,1.225201347322837,O3,BETA_RESIDUAL,60,30
2024-08-20,1.2073693754869577,O3,BETA_RESIDUAL,60,30
2024-08-21,1.1920115483901843,O3,BETA_RESIDUAL,60,30
2024-08-22,1.1986332747315913,O3,BETA_RESIDUAL,60,30
2024-08-23,1.1846082857239486,O3,BETA_RESIDUAL,60,30
2024-08-26,1.1493109156612056,O3,BETA_RESIDUAL,60,30
2024-08-27,1.1784240292195438,O3,BETA_RESIDUAL,60,30
2024-08-28,1.1904165744896846,O3,BETA_RESIDUAL,60,30
2024-08-29,1.1943386900550337,O3,BETA_RESIDUAL,60,30
2024-09-02,1.2202473573535513,O3,BETA_RESIDUAL,60,30
2024-09-03,1.2169275486512545,O3,BETA_RESIDUAL,60,30
2024-09-04,1.2131564480666426,O3,BETA_RESIDUAL,60,30
2024-09-05,1.2146631525011296,O3,BETA_RESIDUAL,60,30
2024-09-06,1.197982075966168,O3,BETA_RESIDUAL,60,30
2024-09-09,1.1906833115677529,O3,BETA_RESIDUAL,60,30
2024-09-10,1.171619341732373,O3,BETA_RESIDUAL,60,30
2024-09-11,1.1476232654062637,O3,BETA_RESIDUAL,60,30
2024-09-12,1.133363284377413,O3,BETA_RESIDUAL,60,30
2024-09-13,1.159175497028517,O3,BETA_RESIDUAL,60,30
2024-09-16,1.1515944914418341,O3,BETA_RESIDUAL,60,30
2024-09-17,1.1720987837688364,O3,BETA_RESIDUAL,60,30
2024-09-18,1.156302127752393,O3,BETA_RESIDUAL,60,30
2024-09-19,1.1950910504106511,O3,BETA_RESIDUAL,60,30
2024-09-20,1.1946376958480138,O3,BETA_RESIDUAL,60,30
2024-09-23,1.1763690609780524,O3,BETA_RESIDUAL,60,30
2024-09-24,1.1758956132243745,O3,BETA_RESIDUAL,60,30
2024-09-25,1.1578029417253513,O3,BETA_RESIDUAL,60,30
2024-09-26,1.1461748783791057,O3,BETA_RESIDUAL,60,30
2024-09-27,1.1530478512539442,O3,BETA_RESIDUAL,60,30
2024-09-30,1.1547836080484322,O3,BETA_RESIDUAL,60,30
2024-10-01,1.1154336452144848,O3,BETA_RESIDUAL,60,30
2024-10-02,1.0889343841081436,O3,BETA_RESIDUAL,60,30
2024-10-03,1.0914233365793153,O3,BETA_RESIDUAL,60,30
2024-10-04,1.11985183614748,O3,BETA_RESIDUAL,60,30
2024-10-07,1.1133248433915017,O3,BETA_RESIDUAL,60,30
2024-10-08,1.099146206630731,O3,BETA_RESIDUAL,60,30
2024-10-09,1.1132615896890345,O3,BETA_RESIDUAL,60,30
2024-10-10,1.1038842304153411,O3,BETA_RESIDUAL,60,30
2024-10-11,1.0934423468152703,O3,BETA_RESIDUAL,60,30
2024-10-14,1.063558472974726,O3,BETA_RESIDUAL,60,30
2024-10-15,1.085080382276756,O3,BETA_RESIDUAL,60,30
2024-10-16,1.1006552362134168,O3,BETA_RESIDUAL,60,30
2024-01-23,1.0,O3,BETA_RESIDUAL,60,50
2024-01-24,1.0108638047525333,O3,BETA_RESIDUAL,60,50
2024-01-25,1.0213716376457513,O3,BETA_RESIDUAL,60,50
2024-01-26,1.0552177863389398,O3,BETA_RESIDUAL,60,50
2024-01-29,1.0616736404097256,O3,BETA_RESIDUAL,60,50
2024-01-30,1.0598087199055766,O3,BETA_RESIDUAL,60,50
2024-01-31,1.0644263925007333,O3,BETA_RESIDUAL,60,50
2024-02-01,1.0910176747046119,O3,BETA_RESIDUAL,60,50
2024-02-02,1.0873638670174666,O3,BETA_RESIDUAL,60,50
2024-02-05,1.0828982014328512,O3,BETA_RESIDUAL,60,50
2024-02-06,1.0995038445458571,O3,BETA_RESIDUAL,60,50
2024-02-07,1.1124637757684277,O3,BETA_RESIDUAL,60,50
2024-02-08,1.1166262661077362,O3,BETA_RESIDUAL,60,50
2024-02-09,1.1302247542188242,O3,BETA_RESIDUAL,60,50
2024-02-12,1.1466580198454444,O3,BETA_RESIDUAL,60,50
2024-02-13,1.1209403192006484,O3,BETA_RESIDUAL,60,50
2024-02-14,1.1257784713441716,O3,BETA_RESIDUAL,60,50
2024-02-15,1.151880715485709,O3,BETA_RESIDUAL,60,50
2024-02-16,1.163643216541654,O3,BETA_RESIDUAL,60,50
2024-02-19,1.1567896471590895,O3,BETA_RESIDUAL,60,50
2024-02-20,1.177189739256104,O3,BETA_RESIDUAL,60,50
2024-02-21,1.1767066805969637,O3,BETA_RESIDUAL,60,50
2024-02-22,1.1870723032154198,O3,BETA_RESIDUAL,60,50
2024-02-23,1.2035848327063483,O3,BETA_RESIDUAL,60,50
2024-02-26,1.1945957062607793,O3,BETA_RESIDUAL,60,50
2024-02-27,1.1846423436221627,O3,BETA_RESIDUAL,60,50
2024-02-28,1.1669494032694094,O3,BETA_RESIDUAL,60,50
2024-02-29,1.165973277495663,O3,BETA_RESIDUAL,60,50
2024-03-01,1.1512638505114914,O3,BETA_RESIDUAL,60,50
2024-03-04,1.143060942707851,O3,BETA_RESIDUAL,60,50
2024-03-05,1.1346837995686043,O3,BETA_RESIDUAL,60,50
2024-03-06,1.1166135654794769,O3,BETA_RESIDUAL,60,50
2024-03-07,1.1430841703495707,O3,BETA_RESIDUAL,60,50
2024-03-08,1.148884959032729,O3,BETA_RESIDUAL,60,50
2024-03-11,1.15032419502361,O3,BETA_RESIDUAL,60,50
2024-03-12,1.122819995833816,O3,BETA_RESIDUAL,60,50
2024-03-13,1.1041378684662848,O3,BETA_RESIDUAL,60,50
2024-03-14,1.0955286670587738,O3,BETA_RESIDUAL,60,50
2024-03-15,1.084696494562739,O3,BETA_RESIDUAL,60,50
2024-03-18,1.0683401805348338,O3,BETA_RESIDUAL,60,50
2024-03-19,1.0757189167453876,O3,BETA_RESIDUAL,60,50
2024-03-20,1.0766675383565305,O3,BETA_RESIDUAL,60,50
2024-03-21,1.097593019181257,O3,BETA_RESIDUAL,60,50
2024-03-22,1.0847198095649486,O3,BETA_RESIDUAL,60,50
2024-03-25,1.0745158173384644,O3,BETA_RESIDUAL,60,50
2024-03-26,1.0372143271794279,O3,BETA_RESIDUAL,60,50
2024-03-27,1.041696158388314,O3,BETA_RESIDUAL,60,50
2024-03-28,1.0538067201314743,O3,BETA_RESIDUAL,60,50
2024-03-29,1.0535887364702756,O3,BETA_RESIDUAL,60,50
2024-04-01,1.0248705918565202,O3,BETA_RESIDUAL,60,50
2024-04-02,1.0186900925796283,O3,BETA_RESIDUAL,60,50
2024-04-03,1.0080573025195956,O3,BETA_RESIDUAL,60,50
2024-04-04,1.0348660181009641,O3,BETA_RESIDUAL,60,50
2024-04-05,1.0818187988765295,O3,BETA_RESIDUAL,60,50
2024-04-08,1.1105907817511071,O3,BETA_RESIDUAL,60,50
2024-04-09,1.1105907817511071,O3,BETA_RESIDUAL,60,50
2024-04-15,1.1229526045278675,O3,BETA_RESIDUAL,60,50
2024-04-16,1.1074513656984624,O3,BETA_RESIDUAL,60,50
2024-04-17,1.0973484674122875,O3,BETA_RESIDUAL,60,50
2024-04-18,1.0766032653280575,O3,BETA_RESIDUAL,60,50
2024-04-19,1.1017655319657964,O3,BETA_RESIDUAL,60,50
2024-04-22,1.0822898289934146,O3,BETA_RESIDUAL,60,50
2024-04-24,1.0962716551659415,O3,BETA_RESIDUAL,60,50
2024-04-25,1.1007015577998631,O3,BETA_RESIDUAL,60,50
2024-04-26,1.121124286764519,O3,BETA_RESIDUAL,60,50
2024-04-29,1.1340271535487043,O3,BETA_RESIDUAL,60,50
2024-04-30,1.1421817791305384,O3,BETA_RESIDUAL,60,50
2024-05-02,1.1580254020059417,O3,BETA_RESIDUAL,60,50
2024-05-03,1.174819756257504,O3,BETA_RESIDUAL,60,50
2024-05-06,1.1824343743149073,O3,BETA_RESIDUAL,60,50
2024-05-07,1.1873961612040114,O3,BETA_RESIDUAL,60,50
2024-05-08,1.1892779707825611,O3,BETA_RESIDUAL,60,50
2024-05-09,1.1944633641568383,O3,BETA_RESIDUAL,60,50
2024-05-10,1.1895772663972533,O3,BETA_RESIDUAL,60,50
2024-05-13,1.192525297409825,O3,BETA_RESIDUAL,60,50
2024-05-14,1.2137286308519188,O3,BETA_RESIDUAL,60,50
2024-05-15,1.2171904327613392,O3,BETA_RESIDUAL,60,50
2024-05-16,1.2557463373820494,O3,BETA_RESIDUAL,60,50
2024-05-17,1.2786661336964644,O3,BETA_RESIDUAL,60,50
2024-05-20,1.293363473813882,O3,BETA_RESIDUAL,60,50
2024-05-21,1.2879894411908537,O3,BETA_RESIDUAL,60,50
2024-05-22,1.2980386101167711,O3,BETA_RESIDUAL,60,50
2024-05-23,1.3013688225583802,O3,BETA_RESIDUAL,60,50
2024-05-24,1.291512361851385,O3,BETA_RESIDUAL,60,50
2024-05-27,1.27719501674586,O3,BETA_RESIDUAL,60,50
2024-05-28,1.2841801295047308,O3,BETA_RESIDUAL,60,50
2024-05-29,1.2633532198788844,O3,BETA_RESIDUAL,60,50
2024-05-30,1.2608274022802657,O3,BETA_RESIDUAL,60,50
2024-05-31,1.234928606065318,O3,BETA_RESIDUAL,60,50
2024-06-03,1.2451606648273899,O3,BETA_RESIDUAL,60,50
2024-06-04,1.2344710719075356,O3,BETA_RESIDUAL,60,50
2024-06-05,1.2278980419090615,O3,BETA_RESIDUAL,60,50
2024-06-06,1.2150339971599102,O3,BETA_RESIDUAL,60,50
2024-06-07,1.2129502308398736,O3,BETA_RESIDUAL,60,50
2024-06-10,1.1939152674705038,O3,BETA_RESIDUAL,60,50
2024-06-11,1.2013241846224965,O3,BETA_RESIDUAL,60,50
2024-06-12,1.2142026382702593,O3,BETA_RESIDUAL,60,50
2024-06-13,1.2343692285248176,O3,BETA_RESIDUAL,60,50
2024-06-14,1.2439244029840084,O3,BETA_RESIDUAL,60,50
2024-06-20,1.2767045890209023,O3,BETA_RESIDUAL,60,50
2024-06-21,1.2948723310688377,O3,BETA_RESIDUAL,60,50
2024-06-24,1.287786644173881,O3,BETA_RESIDUAL,60,50
2024-06-25,1.2851575590977793,O3,BETA_RESIDUAL,60,50
2024-06-26,1.2653124995859206,O3,BETA_RESIDUAL,60,50
2024-06-27,1.29757253470725,O3,BETA_RESIDUAL,60,50
2024-06-28,1.2872887381062148,O3,BETA_RESIDUAL,60,50
2024-07-01,1.2527187031134657,O3,BETA_RESIDUAL,60,50
2024-07-02,1.2628064624901025,O3,BETA_RESIDUAL,60,50
2024-07-03,1.2755814736343911,O3,BETA_RESIDUAL,60,50
2024-07-04,1.308753976763998,O3,BETA_RESIDUAL,60,50
2024-07-05,1.2892174701507284,O3,BETA_RESIDUAL,60,50
2024-07-08,1.2753334718414215,O3,BETA_RESIDUAL,60,50
2024-07-09,1.2719802171622028,O3,BETA_RESIDUAL,60,50
2024-07-10,1.2808687125387979,O3,BETA_RESIDUAL,60,50
2024-07-11,1.2996596642920306,O3,BETA_RESIDUAL,60,50
2024-07-12,1.3012562574452724,O3,BETA_RESIDUAL,60,50
2024-07-16,1.3008912946485427,O3,BETA_RESIDUAL,60,50
2024-07-17,1.29560788604379,O3,BETA_RESIDUAL,60,50
2024-07-18,1.2888039815007972,O3,BETA_RESIDUAL,60,50
2024-07-19,1.285503980587721,O3,BETA_RESIDUAL,60,50
2024-07-22,1.300097888781656,O3,BETA_RESIDUAL,60,50
2024-07-23,1.281806680964944,O3,BETA_RESIDUAL,60,50
2024-07-24,1.2730455322136907,O3,BETA_RESIDUAL,60,50
2024-07-25,1.2724583172406576,O3,BETA_RESIDUAL,60,50
2024-07-26,1.2817465398927486,O3,BETA_RESIDUAL,60,50
2024-07-29,1.258362390005902,O3,BETA_RESIDUAL,60,50
2024-07-30,1.2649658225871538,O3,BETA_RESIDUAL,60,50
2024-07-31,1.2712005965061672,O3,BETA_RESIDUAL,60,50
2024-08-01,1.2927303849097562,O3,BETA_RESIDUAL,60,50
2024-08-02,1.2755851465652936,O3,BETA_RESIDUAL,60,50
2024-08-05,1.2001368614077672,O3,BETA_RESIDUAL,60,50
2024-08-06,1.2193895870899776,O3,BETA_RESIDUAL,60,50
2024-08-07,1.2348758495302246,O3,BETA_RESIDUAL,60,50
2024-08-08,1.234246327190361,O3,BETA_RESIDUAL,60,50
2024-08-09,1.218174700129092,O3,BETA_RESIDUAL,60,50
2024-08-12,1.2236209066913322,O3,BETA_RESIDUAL,60,50
2024-08-13,1.239088019543509,O3,BETA_RESIDUAL,60,50
2024-08-14,1.2264457765750958,O3,BETA_RESIDUAL,60,50
2024-08-15,1.2259453593142162,O3,BETA_RESIDUAL,60,50
2024-08-16,1.1938451717326843,O3,BETA_RESIDUAL,60,50
2024-08-19,1.2141020970202323,O3,BETA_RESIDUAL,60,50
2024-08-20,1.1963629342484428,O3,BETA_RESIDUAL,60,50
2024-08-21,1.1810850391733443,O3,BETA_RESIDUAL,60,50
2024-08-22,1.1876723017869,O3,BETA_RESIDUAL,60,50
2024-08-23,1.1737203078532537,O3,BETA_RESIDUAL,60,50
2024-08-26,1.1386066480335773,O3,BETA_RESIDUAL,60,50
2024-08-27,1.1675682382019656,O3,BETA_RESIDUAL,60,50
2024-08-28,1.1794983665440846,O3,BETA_RESIDUAL,60,50
2024-08-29,1.1834000688944386,O3,BETA_RESIDUAL,60,50
2024-09-02,1.2091738908048018,O3,BETA_RESIDUAL,60,50
2024-09-03,1.2058713605247375,O3,BETA_RESIDUAL,60,50
2024-09-04,1.202119887175916,O3,BETA_RESIDUAL,60,50
2024-09-05,1.2036187497503044,O3,BETA_RESIDUAL,60,50
2024-09-06,1.1870244922791824,O3,BETA_RESIDUAL,60,50
2024-09-09,1.1797637153506368,O3,BETA_RESIDUAL,60,50
2024-09-10,1.1607989666902636,O3,BETA_RESIDUAL,60,50
2024-09-11,1.1369277813973016,O3,BETA_RESIDUAL,60,50
2024-09-12,1.1227420184922454,O3,BETA_RESIDUAL,60,50
2024-09-13,1.148419887767291,O3,BETA_RESIDUAL,60,50
2024-09-16,1.140878338615366,O3,BETA_RESIDUAL,60,50
2024-09-17,1.1612759134016393,O3,BETA_RESIDUAL,60,50
2024-09-18,1.145561473355147,O3,BETA_RESIDUAL,60,50
2024-09-19,1.184148513482293,O3,BETA_RESIDUAL,60,50
2024-09-20,1.1836975184687313,O3,BETA_RESIDUAL,60,50
2024-09-23,1.1655239653384717,O3,BETA_RESIDUAL,60,50
2024-09-24,1.1650529817117738,O3,BETA_RESIDUAL,60,50
2024-09-25,1.1470544761257608,O3,BETA_RESIDUAL,60,50
2024-09-26,1.1354869327089019,O3,BETA_RESIDUAL,60,50
2024-09-27,1.1423241342071426,O3,BETA_RESIDUAL,60,50
2024-09-30,1.1440508570055552,O3,BETA_RESIDUAL,60,50
2024-10-01,1.1049056967170674,O3,BETA_RESIDUAL,60,50
2024-10-02,1.0785443548293618,O3,BETA_RESIDUAL,60,50
2024-10-03,1.0810203531891465,O3,BETA_RESIDUAL,60,50
2024-10-04,1.109300892539414,O3,BETA_RESIDUAL,60,50
2024-10-07,1.1028078704567055,O3,BETA_RESIDUAL,60,50
2024-10-08,1.0887030284517778,O3,BETA_RESIDUAL,60,50
2024-10-09,1.1027449459672376,O3,BETA_RESIDUAL,60,50
2024-10-10,1.0934163925096272,O3,BETA_RESIDUAL,60,50
2024-10-11,1.0830288551957197,O3,BETA_RESIDUAL,60,50
2024-10-14,1.0533005162779545,O3,BETA_RESIDUAL,60,50
2024-10-15,1.0747104117052368,O3,BETA_RESIDUAL,60,50
2024-10-16,1.0902042040727962,O3,BETA_RESIDUAL,60,50
2024-01-23,1.0,O3,BETA_RESIDUAL,60,100
2024-01-24,1.0058638047525332,O3,BETA_RESIDUAL,60,100
2024-01-25,1.0163716376457512,O3,BETA_RESIDUAL,60,100
2024-01-26,1.0502177863389397,O3,BETA_RESIDUAL,60,100
2024-01-29,1.0566736404097257,O3,BETA_RESIDUAL,60,100
2024-01-30,1.0548087199055767,O3,BETA_RESIDUAL,60,100
2024-01-31,1.0594263925007334,O3,BETA_RESIDUAL,60,100
2024-02-01,1.0860176747046117,O3,BETA_RESIDUAL,60,100
2024-02-02,1.0823638670174665,O3,BETA_RESIDUAL,60,100
2024-02-05,1.0778982014328513,O3,BETA_RESIDUAL,60,100
2024-02-06,1.0945038445458573,O3,BETA_RESIDUAL,60,100
2024-02-07,1.1074637757684276,O3,BETA_RESIDUAL,60,100
2024-02-08,1.111626266107736,O3,BETA_RESIDUAL,60,100
2024-02-09,1.1252247542188243,O3,BETA_RESIDUAL,60,100
2024-02-12,1.1416580198454442,O3,BETA_RESIDUAL,60,100
2024-02-13,1.1159403192006485,O3,BETA_RESIDUAL,60,100
2024-02-14,1.1207784713441715,O3,BETA_RESIDUAL,60,100
2024-02-15,1.146880715485709,O3,BETA_RESIDUAL,60,100
2024-02-16,1.158643216541654,O3,BETA_RESIDUAL,60,100
2024-02-19,1.1517896471590894,O3,BETA_RESIDUAL,60,100
2024-02-20,1.1721897392561038,O3,BETA_RESIDUAL,60,100
2024-02-21,1.1717066805969638,O3,BETA_RESIDUAL,60,100
2024-02-22,1.18207230321542,O3,BETA_RESIDUAL,60,100
2024-02-23,1.1985848327063484,O3,BETA_RESIDUAL,60,100
2024-02-26,1.1895957062607794,O3,BETA_RESIDUAL,60,100
2024-02-27,1.1796423436221628,O3,BETA_RESIDUAL,60,100
2024-02-28,1.1619494032694095,O3,BETA_RESIDUAL,60,100
2024-02-29,1.1609732774956631,O3,BETA_RESIDUAL,60,100
2024-03-01,1.1462638505114915,O3,BETA_RESIDUAL,60,100
2024-03-04,1.1380609427078512,O3,BETA_RESIDUAL,60,100
2024-03-05,1.1296837995686042,O3,BETA_RESIDUAL,60,100
2024-03-06,1.111613565479477,O3,BETA_RESIDUAL,60,100
2024-03-07,1.1380841703495708,O3,BETA_RESIDUAL,60,100
2024-03-08,1.143884959032729,O3,BETA_RESIDUAL,60,100
2024-03-11,1.14532419502361,O3,BETA_RESIDUAL,60,100
2024-03-12,1.1178199958338162,O3,BETA_RESIDUAL,60,100
2024-03-13,1.0991378684662851,O3,BETA_RESIDUAL,60,100
2024-03-14,1.0905286670587737,O3,BETA_RESIDUAL,60,100
2024-03-15,1.079696494562739,O3,BETA_RESIDUAL,60,100
2024-03-18,1.0633401805348337,O3,BETA_RESIDUAL,60,100
2024-03-19,1.0707189167453874,O3,BETA_RESIDUAL,60,100
2024-03-20,1.0716675383565306,O3,BETA_RESIDUAL,60,100
2024-03-21,1.092593019181257,O3,BETA_RESIDUAL,60,100
2024-03-22,1.0797198095649487,O3,BETA_RESIDUAL,60,100
2024-03-25,1.0695158173384645,O3,BETA_RESIDUAL,60,100
2024-03-26,1.0322143271794277,O3,BETA_RESIDUAL,60,100
2024-03-27,1.0366961583883139,O3,BETA_RESIDUAL,60,100
2024-03-28,1.0488067201314744,O3,BETA_RESIDUAL,60,100
2024-03-29,1.0485887364702755,O3,BETA_RESIDUAL,60,100
2024-04-01,1.0198705918565203,O3,BETA_RESIDUAL,60,100
2024-04-02,1.0136900925796282,O3,BETA_RESIDUAL,60,100
2024-04-03,1.0030573025195957,O3,BETA_RESIDUAL,60,100
2024-04-04,1.029866018100964,O3,BETA_RESIDUAL,60,100
2024-04-05,1.0768187988765296,O3,BETA_RESIDUAL,60,100
2024-04-08,1.105590781751107,O3,BETA_RESIDUAL,60,100
2024-04-09,1.105590781751107,O3,BETA_RESIDUAL,60,100
2024-04-15,1.1179526045278676,O3,BETA_RESIDUAL,60,100
2024-04-16,1.1024513656984622,O3,BETA_RESIDUAL,60,100
2024-04-17,1.0923484674122874,O3,BETA_RESIDUAL,60,100
2024-04-18,1.0716032653280574,O3,BETA_RESIDUAL,60,100
2024-04-19,1.0967655319657963,O3,BETA_RESIDUAL,60,100
2024-04-22,1.0662849934165124,O3,BETA_RESIDUAL,60,100
2024-04-24,1.0802038843017332,O3,BETA_RESIDUAL,60,100
2024-04-25,1.0846138469656132,O3,BETA_RESIDUAL,60,100
2024-04-26,1.1049446487171066,O3,BETA_RESIDUAL,60,100
2024-04-29,1.1177894368484667,O3,BETA_RESIDUAL,60,100
2024-04-30,1.1259073566597146,O3,BETA_RESIDUAL,60,100
2024-05-02,1.1416796638896989,O3,BETA_RESIDUAL,60,100
2024-05-03,1.158398423043961,O3,BETA_RESIDUAL,60,100
2024-05-06,1.1659787660238992,O3,BETA_RESIDUAL,60,100
2024-05-07,1.17091821881447,O3,BETA_RESIDUAL,60,100
2024-05-08,1.1727915579525334,O3,BETA_RESIDUAL,60,100
2024-05-09,1.1779536107261066,O3,BETA_RESIDUAL,60,100
2024-05-10,1.1730895063715683,O3,BETA_RESIDUAL,60,100
2024-05-13,1.1760242676455186,O3,BETA_RESIDUAL,60,100
2024-05-14,1.1971321602013103,O3,BETA_RESIDUAL,60,100
2024-05-15,1.2005783797758425,O3,BETA_RESIDUAL,60,100
2024-05-16,1.238960735755287,O3,BETA_RESIDUAL,60,100
2024-05-17,1.2617773650049537,O3,BETA_RESIDUAL,60,100
2024-05-20,1.2764085491487869,O3,BETA_RESIDUAL,60,100
2024-05-21,1.2710587062333802,O3,BETA_RESIDUAL,60,100
2024-05-22,1.2810626416307345,O3,BETA_RESIDUAL,60,100
2024-05-23,1.2843778640507097,O3,BETA_RESIDUAL,60,100
2024-05-24,1.2745657694500276,O3,BETA_RESIDUAL,60,100
2024-05-27,1.2603128698766204,O3,BETA_RESIDUAL,60,100
2024-05-28,1.267266541100393,O3,BETA_RESIDUAL,60,100
2024-05-29,1.2465333779941234,O3,BETA_RESIDUAL,60,100
2024-05-30,1.24401892965831,O3,BETA_RESIDUAL,60,100
2024-05-31,1.2182367096445366,O3,BETA_RESIDUAL,60,100
2024-06-03,1.2284227116505035,O3,BETA_RESIDUAL,60,100
2024-06-04,1.2177812349490384,O3,BETA_RESIDUAL,60,100
2024-06-05,1.2112377916101555,O3,BETA_RESIDUAL,60,100
2024-06-06,1.198431650767276,O3,BETA_RESIDUAL,60,100
2024-06-07,1.1963572639396185,O3,BETA_RESIDUAL,60,100
2024-06-10,1.1774079811439975,O3,BETA_RESIDUAL,60,100
2024-06-11,1.1847835491237264,O3,BETA_RESIDUAL,60,100
2024-06-12,1.1976040340075822,O3,BETA_RESIDUAL,60,100
2024-06-13,1.217679849985877,O3,BETA_RESIDUAL,60,100
2024-06-14,1.2271920144946917,O3,BETA_RESIDUAL,60,100
2024-06-20,1.259824649675158,O3,BETA_RESIDUAL,60,100
2024-06-21,1.2779106147040271,O3,BETA_RESIDUAL,60,100
2024-06-24,1.2708568220505658,O3,BETA_RESIDUAL,60,100
2024-06-25,1.2682395710669905,O3,BETA_RESIDUAL,60,100
2024-06-26,1.248483838550517,O3,BETA_RESIDUAL,60,100
2024-06-27,1.280598664129558,O3,BETA_RESIDUAL,60,100
2024-06-28,1.2703611571680664,O3,BETA_RESIDUAL,60,100
2024-07-01,1.23594672953716,O3,BETA_RESIDUAL,60,100
2024-07-02,1.2459890816810923,O3,BETA_RESIDUAL,60,100
2024-07-03,1.2587065896790266,O3,BETA_RESIDUAL,60,100
2024-07-04,1.291729776046333,O3,BETA_RESIDUAL,60,100
2024-07-05,1.2722812075637122,O3,BETA_RESIDUAL,60,100
2024-07-08,1.2584597041968952,O3,BETA_RESIDUAL,60,100
2024-07-09,1.2551215432575098,O3,BETA_RESIDUAL,60,100
2024-07-10,1.263970029553507,O3,BETA_RESIDUAL,60,100
2024-07-11,1.2826763990831627,O3,BETA_RESIDUAL,60,100
2024-07-12,1.2842658056180347,O3,BETA_RESIDUAL,60,100
2024-07-16,1.2839024855994505,O3,BETA_RESIDUAL,60,100
2024-07-17,1.2786428587835992,O3,BETA_RESIDUAL,60,100
2024-07-18,1.2718695801175082,O3,BETA_RESIDUAL,60,100
2024-07-19,1.2685844332373037,O3,BETA_RESIDUAL,60,100
2024-07-22,1.2831126510275843,O3,BETA_RESIDUAL,60,100
2024-07-23,1.2533442270880377,O3,BETA_RESIDUAL,60,100
2024-07-24,1.2446974358674077,O3,BETA_RESIDUAL,60,100
2024-07-25,1.244117885694524,O3,BETA_RESIDUAL,60,100
2024-07-26,1.2532848710252857,O3,BETA_RESIDUAL,60,100
2024-07-29,1.2302059497919755,O3,BETA_RESIDUAL,60,100
2024-07-30,1.2367231890822485,O3,BETA_RESIDUAL,60,100
2024-07-31,1.2428765817384144,O3,BETA_RESIDUAL,60,100
2024-08-01,1.2641253460997715,O3,BETA_RESIDUAL,60,100
2024-08-02,1.2472039011384242,O3,BETA_RESIDUAL,60,100
2024-08-05,1.1727404274280404,O3,BETA_RESIDUAL,60,100
2024-08-06,1.1917418511144406,O3,BETA_RESIDUAL,60,100
2024-08-07,1.207025974453808,O3,BETA_RESIDUAL,60,100
2024-08-08,1.2064046691437325,O3,BETA_RESIDUAL,60,100
2024-08-09,1.1905428218312155,O3,BETA_RESIDUAL,60,100
2024-08-12,1.195917940143341,O3,BETA_RESIDUAL,60,100
2024-08-13,1.2111831638503998,O3,BETA_RESIDUAL,60,100
2024-08-14,1.1987059375628413,O3,BETA_RESIDUAL,60,100
2024-08-15,1.1982120521488526,O3,BETA_RESIDUAL,60,100
2024-08-16,1.1665308619258394,O3,BETA_RESIDUAL,60,100
2024-08-19,1.1865233776000284,O3,BETA_RESIDUAL,60,100
2024-08-20,1.1690157605886746,O3,BETA_RESIDUAL,60,100
2024-08-21,1.1539372848367162,O3,BETA_RESIDUAL,60,100
2024-08-22,1.1604385652226625,O3,BETA_RESIDUAL,60,100
2024-08-23,1.1466686838884956,O3,BETA_RESIDUAL,60,100
2024-08-26,1.112013355680589,O3,BETA_RESIDUAL,60,100
2024-08-27,1.1405969159777118,O3,BETA_RESIDUAL,60,100
2024-08-28,1.1523713227294372,O3,BETA_RESIDUAL,60,100
2024-08-29,1.1562220969356998,O3,BETA_RESIDUAL,60,100
2024-09-02,1.1816594982793003,O3,BETA_RESIDUAL,60,100
2024-09-03,1.1784000752695674,O3,BETA_RESIDUAL,60,100
2024-09-04,1.1746975691555863,O3,BETA_RESIDUAL,60,100
2024-09-05,1.1761768673751603,O3,BETA_RESIDUAL,60,100
2024-09-06,1.1597992114434938,O3,BETA_RESIDUAL,60,100
2024-09-09,1.1526332079908388,O3,BETA_RESIDUAL,60,100
2024-09-10,1.1339160024195356,O3,BETA_RESIDUAL,60,100
2024-09-11,1.110356402956315,O3,BETA_RESIDUAL,60,100
2024-09-12,1.0963558039905879,O3,BETA_RESIDUAL,60,100
2024-09-13,1.1216985051495185,O3,BETA_RESIDUAL,60,100
2024-09-16,1.1142553943374247,O3,BETA_RESIDUAL,60,100
2024-09-17,1.1343867236404306,O3,BETA_RESIDUAL,60,100
2024-09-18,1.1188774010516895,O3,BETA_RESIDUAL,60,100
2024-09-19,1.1569607722253372,O3,BETA_RESIDUAL,60,100
2024-09-20,1.1565156639599108,O3,BETA_RESIDUAL,60,100
2024-09-23,1.1385793266009647,O3,BETA_RESIDUAL,60,100
2024-09-24,1.1381144906297904,O3,BETA_RESIDUAL,60,100
2024-09-25,1.1203509159543414,O3,BETA_RESIDUAL,60,100
2024-09-26,1.1089343613790243,O3,BETA_RESIDUAL,60,100
2024-09-27,1.1156823182471471,O3,BETA_RESIDUAL,60,100
2024-09-30,1.1173865024766003,O3,BETA_RESIDUAL,60,100
2024-10-01,1.078752296172976,O3,BETA_RESIDUAL,60,100
2024-10-02,1.052735043633343,O3,BETA_RESIDUAL,60,100
2024-10-03,1.055178723279419,O3,BETA_RESIDUAL,60,100
2024-10-04,1.0830901223791776,O3,BETA_RESIDUAL,60,100
2024-10-07,1.0766818524211894,O3,BETA_RESIDUAL,60,100
2024-10-08,1.0627611181111891,O3,BETA_RESIDUAL,60,100
2024-10-09,1.0766197492725564,O3,BETA_RESIDUAL,60,100
2024-10-10,1.0674129595662512,O3,BETA_RESIDUAL,60,100
2024-10-11,1.0571610087091203,O3,BETA_RESIDUAL,60,100
2024-10-14,1.027820707881414,O3,BETA_RESIDUAL,60,100
2024-10-15,1.048951144205618,O3,BETA_RESIDUAL,60,100
2024-10-16,1.064242699185656,O3,BETA_RESIDUAL,60,100
2024-01-23,1.0,O3,VOL_SCALED,60,0
2024-01-24,1.0077469751564703,O3,VOL_SCALED,60,0
2024-01-25,1.011699763223796,O3,VOL_SCALED,60,0
2024-01-26,1.0452903669988955,O3,VOL_SCALED,60,0
2024-01-29,1.0639708318997267,O3,VOL_SCALED,60,0
2024-01-30,1.0581903819504603,O3,VOL_SCALED,60,0
2024-01-31,1.0579460928064188,O3,VOL_SCALED,60,0
2024-02-01,1.0845209984122282,O3,VOL_SCALED,60,0
2024-02-02,1.0897028409748362,O3,VOL_SCALED,60,0
2024-02-05,1.0973298000229164,O3,VOL_SCALED,60,0
2024-02-06,1.1035640990254902,O3,VOL_SCALED,60,0
2024-02-07,1.1042301706183946,O3,VOL_SCALED,60,0
2024-02-08,1.1199223565821432,O3,VOL_SCALED,60,0
2024-02-09,1.132828623212708,O3,VOL_SCALED,60,0
2024-02-12,1.1398377788719574,O3,VOL_SCALED,60,0
2024-02-13,1.1102496214708228,O3,VOL_SCALED,60,0
2024-02-14,1.1187666756895793,O3,VOL_SCALED,60,0
2024-02-15,1.1356030215592292,O3,VOL_SCALED,60,0
2024-02-16,1.125181952709044,O3,VOL_SCALED,60,0
2024-02-19,1.1147941656672036,O3,VOL_SCALED,60,0
2024-02-20,1.134414547814384,O3,VOL_SCALED,60,0
2024-02-21,1.1274676261611585,O3,VOL_SCALED,60,0
2024-02-22,1.13013736622028,O3,VOL_SCALED,60,0
2024-02-23,1.1428800868866833,O3,VOL_SCALED,60,0
2024-02-26,1.1372069437020873,O3,VOL_SCALED,60,0
2024-02-27,1.1153972126004086,O3,VOL_SCALED,60,0
2024-02-28,1.1007279175257854,O3,VOL_SCALED,60,0
2024-02-29,1.1205617216176802,O3,VOL_SCALED,60,0
2024-03-01,1.0983099398265221,O3,VOL_SCALED,60,0
2024-03-04,1.0802697151058016,O3,VOL_SCALED,60,0
2024-03-05,1.0802471153572588,O3,VOL_SCALED,60,0
2024-03-06,1.069071290650072,O3,VOL_SCALED,60,0
2024-03-07,1.0985801277220195,O3,VOL_SCALED,60,0
2024-03-08,1.1009012785493806,O3,VOL_SCALED,60,0
2024-03-11,1.0987836580676236,O3,VOL_SCALED,60,0
2024-03-12,1.0883512493924468,O3,VOL_SCALED,60,0
2024-03-13,1.0680084185142602,O3,VOL_SCALED,60,0
2024-03-14,1.0650190961411,O3,VOL_SCALED,60,0
2024-03-15,1.0581045591815101,O3,VOL_SCALED,60,0
2024-03-18,1.0491030939119053,O3,VOL_SCALED,60,0
2024-03-19,1.070769157785048,O3,VOL_SCALED,60,0
2024-03-20,1.0688073896594352,O3,VOL_SCALED,60,0
2024-03-21,1.0962799392213756,O3,VOL_SCALED,60,0
2024-03-22,1.0921808654655698,O3,VOL_SCALED,60,0
2024-03-25,1.0844480553028135,O3,VOL_SCALED,60,0
2024-03-26,1.0583393540721686,O3,VOL_SCALED,60,0
2024-03-27,1.0643817850678579,O3,VOL_SCALED,60,0
2024-03-28,1.0906444387570844,O3,VOL_SCALED,60,0
2024-03-29,1.0919604135818013,O3,VOL_SCALED,60,0
2024-04-01,1.1046125014369652,O3,VOL_SCALED,60,0
2024-04-02,1.1037684159287018,O3,VOL_SCALED,60,0
2024-04-03,1.1042665366663356,O3,VOL_SCALED,60,0
2024-04-04,1.1353594739979107,O3,VOL_SCALED,60,0
2024-04-05,1.197548238625922,O3,VOL_SCALED,60,0
2024-04-08,1.2061934326771069,O3,VOL_SCALED,60,0
2024-04-09,1.2061934326771069,O3,VOL_SCALED,60,0
2024-04-15,1.1758926990432275,O3,VOL_SCALED,60,0
2024-04-16,1.1707280428634241,O3,VOL_SCALED,60,0
2024-04-17,1.1749862525424155,O3,VOL_SCALED,60,0
2024-04-18,1.1626816113432112,O3,VOL_SCALED,60,0
2024-04-19,1.1915000066098649,O3,VOL_SCALED,60,0
2024-04-22,1.19875176298642,O3,VOL_SCALED,60,0
2024-04-24,1.2134878394653692,O3,VOL_SCALED,60,0
2024-04-25,1.2231747959764592,O3,VOL_SCALED,60,0
2024-04-26,1.2524785869268482,O3,VOL_SCALED,60,0
2024-04-29,1.2746836492344393,O3,VOL_SCALED,60,0
2024-04-30,1.2747853278469146,O3,VOL_SCALED,60,0
2024-05-02,1.3003891620783699,O3,VOL_SCALED,60,0
2024-05-03,1.2867208616900276,O3,VOL_SCALED,60,0
2024-05-06,1.292310116455609,O3,VOL_SCALED,60,0
2024-05-07,1.3051910192888434,O3,VOL_SCALED,60,0
2024-05-08,1.293294971769644,O3,VOL_SCALED,60,0
2024-05-09,1.2933783525572207,O3,VOL_SCALED,60,0
2024-05-10,1.3028617964325917,O3,VOL_SCALED,60,0
2024-05-13,1.2914902882904489,O3,VOL_SCALED,60,0
2024-05-14,1.3047578641161726,O3,VOL_SCALED,60,0
2024-05-15,1.2903875931654925,O3,VOL_SCALED,60,0
2024-05-16,1.3092651141843759,O3,VOL_SCALED,60,0
2024-05-17,1.3453025236078857,O3,VOL_SCALED,60,0
2024-05-20,1.3554226826595808,O3,VOL_SCALED,60,0
2024-05-21,1.373563574246345,O3,VOL_SCALED,60,0
2024-05-22,1.389598218994504,O3,VOL_SCALED,60,0
2024-05-23,1.3819883018421288,O3,VOL_SCALED,60,0
2024-05-24,1.3567131813294004,O3,VOL_SCALED,60,0
2024-05-27,1.3552445167118004,O3,VOL_SCALED,60,0
2024-05-28,1.362665186294617,O3,VOL_SCALED,60,0
2024-05-29,1.3502814954235616,O3,VOL_SCALED,60,0
2024-05-30,1.3481748828521471,O3,VOL_SCALED,60,0
2024-05-31,1.324269041879837,O3,VOL_SCALED,60,0
2024-06-03,1.3304431213266688,O3,VOL_SCALED,60,0
2024-06-04,1.3058803942306227,O3,VOL_SCALED,60,0
2024-06-05,1.3038302692781978,O3,VOL_SCALED,60,0
2024-06-06,1.2861120480825976,O3,VOL_SCALED,60,0
2024-06-07,1.2778063438599432,O3,VOL_SCALED,60,0
2024-06-10,1.2517040875077998,O3,VOL_SCALED,60,0
2024-06-11,1.2578641097437082,O3,VOL_SCALED,60,0
2024-06-12,1.2881530734036943,O3,VOL_SCALED,60,0
2024-06-13,1.3151330423939802,O3,VOL_SCALED,60,0
2024-06-14,1.3331663128496445,O3,VOL_SCALED,60,0
2024-06-20,1.361189826465625,O3,VOL_SCALED,60,0
2024-06-21,1.3512534988774834,O3,VOL_SCALED,60,0
2024-06-24,1.3651513525177235,O3,VOL_SCALED,60,0
2024-06-25,1.3616854287384468,O3,VOL_SCALED,60,0
2024-06-26,1.3430543191310684,O3,VOL_SCALED,60,0
2024-06-27,1.3660202332566607,O3,VOL_SCALED,60,0
2024-06-28,1.3673194726197058,O3,VOL_SCALED,60,0
2024-07-01,1.3319014975090118,O3,VOL_SCALED,60,0
2024-07-02,1.3330245214960508,O3,VOL_SCALED,60,0
2024-07-03,1.3628227802085309,O3,VOL_SCALED,60,0
2024-07-04,1.3947770566044881,O3,VOL_SCALED,60,0
2024-07-05,1.3822932418708807,O3,VOL_SCALED,60,0
2024-07-08,1.3629825805969447,O3,VOL_SCALED,60,0
2024-07-09,1.3594034335415175,O3,VOL_SCALED,60,0
2024-07-10,1.3637039649573168,O3,VOL_SCALED,60,0
2024-07-11,1.383975427741174,O3,VOL_SCALED,60,0
2024-07-12,1.3866039166485107,O3,VOL_SCALED,60,0
2024-07-16,1.3990450143823916,O3,VOL_SCALED,60,0
2024-07-17,1.394839336800923,O3,VOL_SCALED,60,0
2024-07-18,1.3793531232733531,O3,VOL_SCALED,60,0
2024-07-19,1.3805369072830365,O3,VOL_SCALED,60,0
2024-07-22,1.3941722501816494,O3,VOL_SCALED,60,0
2024-07-23,1.3678449362739846,O3,VOL_SCALED,60,0
2024-07-24,1.3624505379413738,O3,VOL_SCALED,60,0
2024-07-25,1.3694570198508933,O3,VOL_SCALED,60,0
2024-07-26,1.3636854721638245,O3,VOL_SCALED,60,0
2024-07-29,1.349775913479099,O3,VOL_SCALED,60,0
2024-07-30,1.3428288318155797,O3,VOL_SCALED,60,0
2024-07-31,1.3311600879322316,O3,VOL_SCALED,60,0
2024-08-01,1.3454706779096095,O3,VOL_SCALED,60,0
2024-08-02,1.3151717227871318,O3,VOL_SCALED,60,0
2024-08-05,1.24482027663143,O3,VOL_SCALED,60,0
2024-08-06,1.2446144427497199,O3,VOL_SCALED,60,0
2024-08-07,1.2635232424210985,O3,VOL_SCALED,60,0
2024-08-08,1.2779066332512659,O3,VOL_SCALED,60,0
2024-08-09,1.263807930355173,O3,VOL_SCALED,60,0
2024-08-12,1.2453444270282525,O3,VOL_SCALED,60,0
2024-08-13,1.256317192778901,O3,VOL_SCALED,60,0
2024-08-14,1.2467236073028696,O3,VOL_SCALED,60,0
2024-08-15,1.2629815486795353,O3,VOL_SCALED,60,0
2024-08-16,1.2426301221179203,O3,VOL_SCALED,60,0
2024-08-19,1.275441286027576,O3,VOL_SCALED,60,0
2024-08-20,1.2648125602243188,O3,VOL_SCALED,60,0
2024-08-21,1.248520712002181,O3,VOL_SCALED,60,0
2024-08-22,1.2487624050636463,O3,VOL_SCALED,60,0
2024-08-23,1.222987292022484,O3,VOL_SCALED,60,0
2024-08-26,1.205725754918593,O3,VOL_SCALED,60,0
2024-08-27,1.2334841352794121,O3,VOL_SCALED,60,0
2024-08-28,1.2444703917382824,O3,VOL_SCALED,60,0
2024-08-29,1.244405488756258,O3,VOL_SCALED,60,0
2024-09-02,1.2720289493693788,O3,VOL_SCALED,60,0
2024-09-03,1.2572762784888818,O3,VOL_SCALED,60,0
2024-09-04,1.2500102685314165,O3,VOL_SCALED,60,0
2024-09-05,1.2536826580032705,O3,VOL_SCALED,60,0
2024-09-06,1.2379328669412837,O3,VOL_SCALED,60,0
2024-09-09,1.2279726743287682,O3,VOL_SCALED,60,0
2024-09-10,1.2212795058638346,O3,VOL_SCALED,60,0
2024-09-11,1.2021555372462345,O3,VOL_SCALED,60,0
2024-09-12,1.2132335844292248,O3,VOL_SCALED,60,0
2024-09-13,1.2262538055938346,O3,VOL_SCALED,60,0
2024-09-16,1.2061824341508627,O3,VOL_SCALED,60,0
2024-09-17,1.224091129350197,O3,VOL_SCALED,60,0
2024-09-18,1.218346882309209,O3,VOL_SCALED,60,0
2024-09-19,1.2400631992882085,O3,VOL_SCALED,60,0
2024-09-20,1.2313199081984765,O3,VOL_SCALED,60,0
2024-09-23,1.2178605355116363,O3,VOL_SCALED,60,0
2024-09-24,1.228368560377714,O3,VOL_SCALED,60,0
2024-09-25,1.206247236371883,O3,VOL_SCALED,60,0
2024-09-26,1.1995441467166907,O3,VOL_SCALED,60,0
2024-09-27,1.2118847119662117,O3,VOL_SCALED,60,0
2024-09-30,1.207184445490123,O3,VOL_SCALED,60,0
2024-10-01,1.1684901297512567,O3,VOL_SCALED,60,0
2024-10-02,1.1428417467047547,O3,VOL_SCALED,60,0
2024-10-03,1.125611744106713,O3,VOL_SCALED,60,0
2024-10-04,1.1422066045442778,O3,VOL_SCALED,60,0
2024-10-07,1.1279000754088677,O3,VOL_SCALED,60,0
2024-10-08,1.1169633464283348,O3,VOL_SCALED,60,0
2024-10-09,1.1309459891206357,O3,VOL_SCALED,60,0
2024-10-10,1.1125071125217973,O3,VOL_SCALED,60,0
2024-10-11,1.104199701970055,O3,VOL_SCALED,60,0
2024-10-14,1.0750236864702292,O3,VOL_SCALED,60,0
2024-10-15,1.0938528324900474,O3,VOL_SCALED,60,0
2024-10-16,1.1131177006609947,O3,VOL_SCALED,60,0
2024-01-23,1.0,O3,VOL_SCALED,60,30
2024-01-24,1.0047469751564702,O3,VOL_SCALED,60,30
2024-01-25,1.0086997632237962,O3,VOL_SCALED,60,30
2024-01-26,1.0422903669988954,O3,VOL_SCALED,60,30
2024-01-29,1.0609708318997266,O3,VOL_SCALED,60,30
2024-01-30,1.0551903819504604,O3,VOL_SCALED,60,30
2024-01-31,1.054946092806419,O3,VOL_SCALED,60,30
2024-02-01,1.081520998412228,O3,VOL_SCALED,60,30
2024-02-02,1.0867028409748363,O3,VOL_SCALED,60,30
2024-02-05,1.0943298000229162,O3,VOL_SCALED,60,30
2024-02-06,1.1005640990254901,O3,VOL_SCALED,60,30
2024-02-07,1.1012301706183947,O3,VOL_SCALED,60,30
2024-02-08,1.1169223565821431,O3,VOL_SCALED,60,30
2024-02-09,1.129828623212708,O3,VOL_SCALED,60,30
2024-02-12,1.1368377788719572,O3,VOL_SCALED,60,30
2024-02-13,1.1072496214708232,O3,VOL_SCALED,60,30
2024-02-14,1.1157666756895792,O3,VOL_SCALED,60,30
2024-02-15,1.132603021559229,O3,VOL_SCALED,60,30
2024-02-16,1.1221819527090442,O3,VOL_SCALED,60,30
2024-02-19,1.1117941656672037,O3,VOL_SCALED,60,30
2024-02-20,1.1314145478143838,O3,VOL_SCALED,60,30
2024-02-21,1.1244676261611584,O3,VOL_SCALED,60,30
2024-02-22,1.1271373662202802,O3,VOL_SCALED,60,30
2024-02-23,1.1398800868866832,O3,VOL_SCALED,60,30
2024-02-26,1.1342069437020874,O3,VOL_SCALED,60,30
2024-02-27,1.1123972126004085,O3,VOL_SCALED,60,30
2024-02-28,1.0977279175257852,O3,VOL_SCALED,60,30
2024-02-29,1.11756172161768,O3,VOL_SCALED,60,30
2024-03-01,1.095309939826522,O3,VOL_SCALED,60,30
2024-03-04,1.0772697151058017,O3,VOL_SCALED,60,30
2024-03-05,1.0772471153572587,O3,VOL_SCALED,60,30
2024-03-06,1.066071290650072,O3,VOL_SCALED,60,30
2024-03-07,1.0955801277220196,O3,VOL_SCALED,60,30
2024-03-08,1.0979012785493807,O3,VOL_SCALED,60,30
2024-03-11,1.0957836580676235,O3,VOL_SCALED,60,30
2024-03-12,1.0853512493924466,O3,VOL_SCALED,60,30
2024-03-13,1.0650084185142603,O3,VOL_SCALED,60,30
2024-03-14,1.0620190961411,O3,VOL_SCALED,60,30
2024-03-15,1.05510455918151,O3,VOL_SCALED,60,30
2024-03-18,1.0461030939119051,O3,VOL_SCALED,60,30
2024-03-19,1.0677691577850479,O3,VOL_SCALED,60,30
2024-03-20,1.0658073896594353,O3,VOL_SCALED,60,30
2024-03-21,1.0932799392213757,O3,VOL_SCALED,60,30
2024-03-22,1.0891808654655697,O3,VOL_SCALED,60,30
2024-03-25,1.0814480553028134,O3,VOL_SCALED,60,30
2024-03-26,1.0553393540721685,O3,VOL_SCALED,60,30
2024-03-27,1.061381785067858,O3,VOL_SCALED,60,30
2024-03-28,1.0876444387570843,O3,VOL_SCALED,60,30
2024-03-29,1.0889604135818014,O3,VOL_SCALED,60,30
2024-04-01,1.1016125014369653,O3,VOL_SCALED,60,30
2024-04-02,1.1007684159287017,O3,VOL_SCALED,60,30
2024-04-03,1.1012665366663357,O3,VOL_SCALED,60,30
2024-04-04,1.1323594739979106,O3,VOL_SCALED,60,30
2024-04-05,1.1945482386259219,O3,VOL_SCALED,60,30
2024-04-08,1.203193432677107,O3,VOL_SCALED,60,30
2024-04-09,1.203193432677107,O3,VOL_SCALED,60,30
2024-04-15,1.1728926990432273,O3,VOL_SCALED,60,30
2024-04-16,1.1677280428634242,O3,VOL_SCALED,60,30
2024-04-17,1.1719862525424156,O3,VOL_SCALED,60,30
2024-04-18,1.1596816113432113,O3,VOL_SCALED,60,30
2024-04-19,1.1885000066098648,O3,VOL_SCALED,60,30
2024-04-22,1.1912232628433954,O3,VOL_SCALED,60,30
2024-04-24,1.205922640970429,O3,VOL_SCALED,60,30
2024-04-25,1.2155854733301854,O3,VOL_SCALED,60,30
2024-04-26,1.2448162868612251,O3,VOL_SCALED,60,30
2024-04-29,1.2669660502436217,O3,VOL_SCALED,60,30
2024-04-30,1.2670674756382538,O3,VOL_SCALED,60,30
2024-05-02,1.2926075467289324,O3,VOL_SCALED,60,30
2024-05-03,1.2789732855299538,O3,VOL_SCALED,60,30
2024-05-06,1.2845486209569223,O3,VOL_SCALED,60,30
2024-05-07,1.2973974455157367,O3,VOL_SCALED,60,30
2024-05-08,1.2855310236122086,O3,VOL_SCALED,60,30
2024-05-09,1.285614196750382,O3,VOL_SCALED,60,30
2024-05-10,1.2950740232971372,O3,VOL_SCALED,60,30
2024-05-13,1.2837308344710763,O3,VOL_SCALED,60,30
2024-05-14,1.296965369061745,O3,VOL_SCALED,60,30
2024-05-15,1.2826308854701511,O3,VOL_SCALED,60,30
2024-05-16,1.30146139438845,O3,VOL_SCALED,60,30
2024-05-17,1.337409057159583,O3,VOL_SCALED,60,30
2024-05-20,1.3475040132233014,O3,VOL_SCALED,60,30
2024-05-21,1.3655997271927762,O3,VOL_SCALED,60,30
2024-05-22,1.3815944396674666,O3,VOL_SCALED,60,30
2024-05-23,1.374003474060172,O3,VOL_SCALED,60,30
2024-05-24,1.3487912980678947,O3,VOL_SCALED,60,30
2024-05-27,1.3473262909754884,O3,VOL_SCALED,60,30
2024-05-28,1.3547284803105817,O3,VOL_SCALED,60,30
2024-05-29,1.3423756294698594,O3,VOL_SCALED,60,30
2024-05-30,1.3402742631530775,O3,VOL_SCALED,60,30
2024-05-31,1.3164279566821049,O3,VOL_SCALED,60,30
2024-06-03,1.3225866603577385,O3,VOL_SCALED,60,30
2024-06-04,1.2980851036556083,O3,VOL_SCALED,60,30
2024-06-05,1.2960400842824795,O3,VOL_SCALED,60,30
2024-06-06,1.2783659880965232,O3,VOL_SCALED,60,30
2024-06-07,1.2700809681894607,O3,VOL_SCALED,60,30
2024-06-10,1.244043716235929,O3,VOL_SCALED,60,30
2024-06-11,1.2501883977083617,O3,VOL_SCALED,60,30
2024-06-12,1.2804019304998162,O3,VOL_SCALED,60,30
2024-06-13,1.3073147092581496,O3,VOL_SCALED,60,30
2024-06-14,1.3253030701134656,O3,VOL_SCALED,60,30
2024-06-20,1.3532567946803689,O3,VOL_SCALED,60,30
2024-06-21,1.3433452122709795,O3,VOL_SCALED,60,30
2024-06-24,1.3572084550482473,O3,VOL_SCALED,60,30
2024-06-25,1.353751162717833,O3,VOL_SCALED,60,30
2024-06-26,1.3351664515542965,O3,VOL_SCALED,60,30
2024-06-27,1.3580751719485817,O3,VOL_SCALED,60,30
2024-06-28,1.3593711757187994,O3,VOL_SCALED,60,30
2024-07-01,1.3240414046369466,O3,VOL_SCALED,60,30
2024-07-02,1.32516163187347,O3,VOL_SCALED,60,30
2024-07-03,1.3548856817566006,O3,VOL_SCALED,60,30
2024-07-04,1.386760380031335,O3,VOL_SCALED,60,30
2024-07-05,1.3743076546739936,O3,VOL_SCALED,60,30
2024-07-08,1.3550450841821715,O3,VOL_SCALED,60,30
2024-07-09,1.3514748505439882,O3,VOL_SCALED,60,30
2024-07-10,1.3557646720251897,O3,VOL_SCALED,60,30
2024-07-11,1.3759856512711697,O3,VOL_SCALED,60,30
2024-07-12,1.3786075942562543,O3,VOL_SCALED,60,30
2024-07-16,1.3910177089952038,O3,VOL_SCALED,60,30
2024-07-17,1.3868225051267449,O3,VOL_SCALED,60,30
2024-07-18,1.3713748580734122,O3,VOL_SCALED,60,30
2024-07-19,1.3725556940173573,O3,VOL_SCALED,60,30
2024-07-22,1.386157079803105,O3,VOL_SCALED,60,30
2024-07-23,1.3549036396066587,O3,VOL_SCALED,60,30
2024-07-24,1.349540227382795,O3,VOL_SCALED,60,30
2024-07-25,1.3565064631708756,O3,VOL_SCALED,60,30
2024-07-26,1.3507680679863183,O3,VOL_SCALED,60,30
2024-07-29,1.3369384075722535,O3,VOL_SCALED,60,30
2024-07-30,1.33003123082762,O3,VOL_SCALED,60,30
2024-07-31,1.318429513690281,O3,VOL_SCALED,60,30
2024-08-01,1.3326579018223494,O3,VOL_SCALED,60,30
2024-08-02,1.302532987744019,O3,VOL_SCALED,60,30
2024-08-05,1.232585649224922,O3,VOL_SCALED,60,30
2024-08-06,1.2323809976791553,O3,VOL_SCALED,60,30
2024-08-07,1.2511811828050798,O3,VOL_SCALED,60,30
2024-08-08,1.2654819536125987,O3,VOL_SCALED,60,30
2024-08-09,1.2514642354555252,O3,VOL_SCALED,60,30
2024-08-12,1.2331067888353333,O3,VOL_SCALED,60,30
2024-08-13,1.2440165256267095,O3,VOL_SCALED,60,30
2024-08-14,1.2344780469233902,O3,VOL_SCALED,60,30
2024-08-15,1.2506426006211266,O3,VOL_SCALED,60,30
2024-08-16,1.23040807523694,O3,VOL_SCALED,60,30
2024-08-19,1.2630307676562942,O3,VOL_SCALED,60,30
2024-08-20,1.252463094603182,O3,VOL_SCALED,60,30
2024-08-21,1.236264828825198,O3,VOL_SCALED,60,30
2024-08-22,1.2365051335710393,O3,VOL_SCALED,60,30
2024-08-23,1.2108780760508855,O3,VOL_SCALED,60,30
2024-08-26,1.1937156914071698,O3,VOL_SCALED,60,30
2024-08-27,1.2213146241077548,O3,VOL_SCALED,60,30
2024-08-28,1.2322377741150121,O3,VOL_SCALED,60,30
2024-08-29,1.232173243943955,O3,VOL_SCALED,60,30
2024-09-02,1.2596380318929983,O3,VOL_SCALED,60,30
2024-09-03,1.2449701022266328,O3,VOL_SCALED,60,30
2024-09-04,1.237745829152656,O3,VOL_SCALED,60,30
2024-09-05,1.2413971239532382,O3,VOL_SCALED,60,30
2024-09-06,1.2257378016902722,O3,VOL_SCALED,60,30
2024-09-09,1.2158348216883956,O3,VOL_SCALED,60,30
2024-09-10,1.2091800996327051,O3,VOL_SCALED,60,30
2024-09-11,1.1901659815182986,O3,VOL_SCALED,60,30
2024-09-12,1.2011803949921052,O3,VOL_SCALED,60,30
2024-09-13,1.2141258263536556,O3,VOL_SCALED,60,30
2024-09-16,1.194169747415962,O3,VOL_SCALED,60,30
2024-09-17,1.2119755727968753,O3,VOL_SCALED,60,30
2024-09-18,1.2062643214400226,O3,VOL_SCALED,60,30
2024-09-19,1.227855897137788,O3,VOL_SCALED,60,30
2024-09-20,1.219162828621883,O3,VOL_SCALED,60,30
2024-09-23,1.2057807682801884,O3,VOL_SCALED,60,30
2024-09-24,1.2162284337176255,O3,VOL_SCALED,60,30
2024-09-25,1.1942341774047995,O3,VOL_SCALED,60,30
2024-09-26,1.1875695911474267,O3,VOL_SCALED,60,30
2024-09-27,1.1998392706237355,O3,VOL_SCALED,60,30
2024-09-30,1.1951660030749018,O3,VOL_SCALED,60,30
2024-10-01,1.156693952397207,O3,VOL_SCALED,60,30
2024-10-02,1.131192896918538,O3,VOL_SCALED,60,30
2024-10-03,1.1140618656424672,O3,VOL_SCALED,60,30
2024-10-04,1.1305614030952513,O3,VOL_SCALED,60,30
2024-10-07,1.1163370524791587,O3,VOL_SCALED,60,30
2024-10-08,1.105463145458117,O3,VOL_SCALED,60,30
2024-10-09,1.119365470075941,O3,VOL_SCALED,60,30
2024-10-10,1.1010325087247794,O3,VOL_SCALED,60,30
2024-10-11,1.092772816993727,O3,VOL_SCALED,60,30
2024-10-14,1.0637643922303175,O3,VOL_SCALED,60,30
2024-10-15,1.082485381245367,O3,VOL_SCALED,60,30
2024-10-16,1.1016395895682018,O3,VOL_SCALED,60,30
2024-01-23,1.0,O3,VOL_SCALED,60,50
2024-01-24,1.0027469751564702,O3,VOL_SCALED,60,50
2024-01-25,1.0066997632237962,O3,VOL_SCALED,60,50
2024-01-26,1.0402903669988954,O3,VOL_SCALED,60,50
2024-01-29,1.0589708318997266,O3,VOL_SCALED,60,50
2024-01-30,1.0531903819504604,O3,VOL_SCALED,60,50
2024-01-31,1.052946092806419,O3,VOL_SCALED,60,50
2024-02-01,1.079520998412228,O3,VOL_SCALED,60,50
2024-02-02,1.0847028409748363,O3,VOL_SCALED,60,50
2024-02-05,1.0923298000229162,O3,VOL_SCALED,60,50
2024-02-06,1.0985640990254901,O3,VOL_SCALED,60,50
2024-02-07,1.0992301706183947,O3,VOL_SCALED,60,50
2024-02-08,1.1149223565821431,O3,VOL_SCALED,60,50
2024-02-09,1.127828623212708,O3,VOL_SCALED,60,50
2024-02-12,1.1348377788719572,O3,VOL_SCALED,60,50
2024-02-13,1.1052496214708232,O3,VOL_SCALED,60,50
2024-02-14,1.1137666756895792,O3,VOL_SCALED,60,50
2024-02-15,1.130603021559229,O3,VOL_SCALED,60,50
2024-02-16,1.1201819527090442,O3,VOL_SCALED,60,50
2024-02-19,1.1097941656672037,O3,VOL_SCALED,60,50
2024-02-20,1.1294145478143838,O3,VOL_SCALED,60,50
2024-02-21,1.1224676261611584,O3,VOL_SCALED,60,50
2024-02-22,1.1251373662202802,O3,VOL_SCALED,60,50
2024-02-23,1.1378800868866832,O3,VOL_SCALED,60,50
2024-02-26,1.1322069437020874,O3,VOL_SCALED,60,50
2024-02-27,1.1103972126004085,O3,VOL_SCALED,60,50
2024-02-28,1.0957279175257852,O3,VOL_SCALED,60,50
2024-02-29,1.1155617216176799,O3,VOL_SCALED,60,50
2024-03-01,1.093309939826522,O3,VOL_SCALED,60,50
2024-03-04,1.0752697151058017,O3,VOL_SCALED,60,50
2024-03-05,1.0752471153572587,O3,VOL_SCALED,60,50
2024-03-06,1.064071290650072,O3,VOL_SCALED,60,50
2024-03-07,1.0935801277220196,O3,VOL_SCALED,60,50
2024-03-08,1.0959012785493807,O3,VOL_SCALED,60,50
2024-03-11,1.0937836580676235,O3,VOL_SCALED,60,50
2024-03-12,1.0833512493924466,O3,VOL_SCALED,60,50
2024-03-13,1.0630084185142603,O3,VOL_SCALED,60,50
2024-03-14,1.0600190961411,O3,VOL_SCALED,60,50
2024-03-15,1.05310455918151,O3,VOL_SCALED,60,50
2024-03-18,1.0441030939119051,O3,VOL_SCALED,60,50
2024-03-19,1.065769157785048,O3,VOL_SCALED,60,50
2024-03-20,1.063807389659435,O3,VOL_SCALED,60,50
2024-03-21,1.0912799392213757,O3,VOL_SCALED,60,50
2024-03-22,1.0871808654655697,O3,VOL_SCALED,60,50
2024-03-25,1.0794480553028136,O3,VOL_SCALED,60,50
2024-03-26,1.0533393540721685,O3,VOL_SCALED,60,50
2024-03-27,1.059381785067858,O3,VOL_SCALED,60,50
2024-03-28,1.0856444387570843,O3,VOL_SCALED,60,50
2024-03-29,1.0869604135818014,O3,VOL_SCALED,60,50
2024-04-01,1.099612501436965,O3,VOL_SCALED,60,50
2024-04-02,1.0987684159287017,O3,VOL_SCALED,60,50
2024-04-03,1.0992665366663357,O3,VOL_SCALED,60,50
2024-04-04,1.1303594739979106,O3,VOL_SCALED,60,50
2024-04-05,1.1925482386259219,O3,VOL_SCALED,60,50
2024-04-08,1.201193432677107,O3,VOL_SCALED,60,50
2024-04-09,1.201193432677107,O3,VOL_SCALED,60,50
2024-04-15,1.1708926990432273,O3,VOL_SCALED,60,50
2024-04-16,1.1657280428634242,O3,VOL_SCALED,60,50
2024-04-17,1.1699862525424156,O3,VOL_SCALED,60,50
2024-04-18,1.1576816113432113,O3,VOL_SCALED,60,50
2024-04-19,1.1865000066098648,O3,VOL_SCALED,60,50
2024-04-22,1.1862102627480458,O3,VOL_SCALED,60,50
2024-04-24,1.2008851753071352,O3,VOL_SCALED,60,50
2024-04-25,1.2105319248993365,O3,VOL_SCALED,60,50
2024-04-26,1.2397140868174765,O3,VOL_SCALED,60,50
2024-04-29,1.2618269842497434,O3,VOL_SCALED,60,50
2024-04-30,1.26192824083248,O3,VOL_SCALED,60,50
2024-05-02,1.287425803162641,O3,VOL_SCALED,60,50
2024-05-03,1.273814234756571,O3,VOL_SCALED,60,50
2024-05-06,1.2793802906244647,O3,VOL_SCALED,60,50
2024-05-07,1.2922077296669991,O3,VOL_SCALED,60,50
2024-05-08,1.2803610581739187,O3,VOL_SCALED,60,50
2024-05-09,1.2804440928791563,O3,VOL_SCALED,60,50
2024-05-10,1.2898881745401676,O3,VOL_SCALED,60,50
2024-05-13,1.278563865258161,O3,VOL_SCALED,60,50
2024-05-14,1.291776372358794,O3,VOL_SCALED,60,50
2024-05-15,1.2774657470065907,O3,VOL_SCALED,60,50
2024-05-16,1.2962649145245002,O3,VOL_SCALED,60,50
2024-05-17,1.3321527461940483,O3,VOL_SCALED,60,50
2024-05-20,1.3422309002657822,O3,VOL_SCALED,60,50
2024-05-21,1.36029649582373,O3,VOL_SCALED,60,50
2024-05-22,1.376264586782775,O3,VOL_SCALED,60,50
2024-05-23,1.3686862555388677,O3,VOL_SCALED,60,50
2024-05-24,1.343516042560224,O3,VOL_SCALED,60,50
2024-05-27,1.3420534738179473,O3,VOL_SCALED,60,50
2024-05-28,1.3494433429878918,O3,VOL_SCALED,60,50
2024-05-29,1.3371110521673915,O3,VOL_SCALED,60,50
2024-05-30,1.3350131833536982,O3,VOL_SCALED,60,50
2024-05-31,1.3112065665502841,O3,VOL_SCALED,60,50
2024-06-03,1.3173550197117856,O3,VOL_SCALED,60,50
2024-06-04,1.2928942432722652,O3,VOL_SCALED,60,50
2024-06-05,1.290852627618667,O3,VOL_SCALED,60,50
2024-06-06,1.2732079481058074,O3,VOL_SCALED,60,50
2024-06-07,1.2649367177424722,O3,VOL_SCALED,60,50
2024-06-10,1.2389428020546818,O3,VOL_SCALED,60,50
2024-06-11,1.245077256351464,O3,VOL_SCALED,60,50
2024-06-12,1.2752405018972304,O3,VOL_SCALED,60,50
2024-06-13,1.3021084871675959,O3,VOL_SCALED,60,50
2024-06-14,1.3200669082893461,O3,VOL_SCALED,60,50
2024-06-20,1.3479741068235314,O3,VOL_SCALED,60,50
2024-06-21,1.338079021199977,O3,VOL_SCALED,60,50
2024-06-24,1.3519191900685965,O3,VOL_SCALED,60,50
2024-06-25,1.3484676520374241,O3,VOL_SCALED,60,50
2024-06-26,1.3299138731697817,O3,VOL_SCALED,60,50
2024-06-27,1.352784464409863,O3,VOL_SCALED,60,50
2024-06-28,1.3540783111181949,O3,VOL_SCALED,60,50
2024-07-01,1.3188073427222367,O3,VOL_SCALED,60,50
2024-07-02,1.3199257054584168,O3,VOL_SCALED,60,50
2024-07-03,1.3496002827886473,O3,VOL_SCALED,60,50
2024-07-04,1.3814219289825664,O3,VOL_SCALED,60,50
2024-07-05,1.3689899298760695,O3,VOL_SCALED,60,50
2024-07-08,1.3497594199056562,O3,VOL_SCALED,60,50
2024-07-09,1.346195128545636,O3,VOL_SCALED,60,50
2024-07-10,1.3504778100704384,O3,VOL_SCALED,60,50
2024-07-11,1.3706651336245002,O3,VOL_SCALED,60,50
2024-07-12,1.3732827126614169,O3,VOL_SCALED,60,50
2024-07-16,1.3856721720704117,O3,VOL_SCALED,60,50
2024-07-17,1.381483950677293,O3,VOL_SCALED,60,50
2024-07-18,1.3660620146067846,O3,VOL_SCALED,60,50
2024-07-19,1.3672408851735713,O3,VOL_SCALED,60,50
2024-07-22,1.3808196328840756,O3,VOL_SCALED,60,50
2024-07-23,1.3463021505484096,O3,VOL_SCALED,60,50
2024-07-24,1.340959372549984,O3,VOL_SCALED,60,50
2024-07-25,1.3478988076981533,O3,VOL_SCALED,60,50
2024-07-26,1.342182489380887,O3,VOL_SCALED,60,50
2024-07-29,1.3284060347095112,O3,VOL_SCALED,60,50
2024-07-30,1.3215254313916704,O3,VOL_SCALED,60,50
2024-07-31,1.3099683486096432,O3,VOL_SCALED,60,50
2024-08-01,1.3241419970058708,O3,VOL_SCALED,60,50
2024-08-02,1.2941329800919672,O3,VOL_SCALED,60,50
2024-08-05,1.2244547443551228,O3,VOL_SCALED,60,50
2024-08-06,1.224250880148825,O3,VOL_SCALED,60,50
2024-08-07,1.2429787368312182,O3,VOL_SCALED,60,50
2024-08-08,1.257224489430837,O3,VOL_SCALED,60,50
2024-08-09,1.2432607005159162,O3,VOL_SCALED,60,50
2024-08-12,1.224973879026932,O3,VOL_SCALED,60,50
2024-08-13,1.2358416436634503,O3,VOL_SCALED,60,50
2024-08-14,1.2263398615837895,O3,VOL_SCALED,60,50
2024-08-15,1.2424422266912805,O3,VOL_SCALED,60,50
2024-08-16,1.2222855479727956,O3,VOL_SCALED,60,50
2024-08-19,1.2547827337255566,O3,VOL_SCALED,60,50
2024-08-20,1.2442557168329322,O3,VOL_SCALED,60,50
2024-08-21,1.2281197693429746,O3,VOL_SCALED,60,50
2024-08-22,1.2283591495836517,O3,VOL_SCALED,60,50
2024-08-23,1.2028306849853392,O3,VOL_SCALED,60,50
2024-08-26,1.1857343278067922,O3,VOL_SCALED,60,50
2024-08-27,1.2132270813483956,O3,VOL_SCALED,60,50
2024-08-28,1.2241082075972067,O3,VOL_SCALED,60,50
2024-08-29,1.2240439256878979,O3,VOL_SCALED,60,50
2024-09-02,1.2514030505622977,O3,VOL_SCALED,60,50
2024-09-03,1.2367915516446453,O3,VOL_SCALED,60,50
2024-09-04,1.2295950719367226,O3,VOL_SCALED,60,50
2024-09-05,1.2332323194038322,O3,VOL_SCALED,60,50
2024-09-06,1.2176332419947573,O3,VOL_SCALED,60,50
2024-09-09,1.2077683609331338,O3,VOL_SCALED,60,50
2024-09-10,1.201139241055571,O3,VOL_SCALED,60,50
2024-09-11,1.1821982744319142,O3,VOL_SCALED,60,50
2024-09-12,1.193170313036663,O3,VOL_SCALED,60,50
2024-09-13,1.2060659404789993,O3,VOL_SCALED,60,50
2024-09-16,1.186186636962339,O3,VOL_SCALED,60,50
2024-09-17,1.2039239594201714,O3,VOL_SCALED,60,50
2024-09-18,1.1982346805023396,O3,VOL_SCALED,60,50
2024-09-19,1.2197431886636336,O3,VOL_SCALED,60,50
2024-09-20,1.2110835642926165,O3,VOL_SCALED,60,50
2024-09-23,1.1977529876777722,O3,VOL_SCALED,60,50
2024-09-24,1.2081604586503907,O3,VOL_SCALED,60,50
2024-09-25,1.1862508190748513,O3,VOL_SCALED,60,50
2024-09-26,1.1796118729453573,O3,VOL_SCALED,60,50
2024-09-27,1.1918343482684515,O3,VOL_SCALED,60,50
2024-09-30,1.1871790598068312,O3,VOL_SCALED,60,50
2024-10-01,1.1488550195623495,O3,VOL_SCALED,60,50
2024-10-02,1.1234520722479795,O3,VOL_SCALED,60,50
2024-10-03,1.106386947813782,O3,VOL_SCALED,60,50
2024-10-04,1.1228230079202022,O3,VOL_SCALED,60,50
2024-10-07,1.1086533815067392,O3,VOL_SCALED,60,50
2024-10-08,1.0978213087955548,O3,VOL_SCALED,60,50
2024-10-09,1.11167014811553,O3,VOL_SCALED,60,50
2024-10-10,1.0934077176953656,O3,VOL_SCALED,60,50
2024-10-11,1.0851798028134747,O3,VOL_SCALED,60,50
2024-10-14,1.0562829798347488,O3,VOL_SCALED,60,50
2024-10-15,1.0749319450911088,O3,VOL_SCALED,60,50
2024-10-16,1.0940124629653771,O3,VOL_SCALED,60,50
2024-01-23,1.0,O3,VOL_SCALED,60,100
2024-01-24,0.9977469751564702,O3,VOL_SCALED,60,100
2024-01-25,1.001699763223796,O3,VOL_SCALED,60,100
2024-01-26,1.0352903669988955,O3,VOL_SCALED,60,100
2024-01-29,1.0539708318997267,O3,VOL_SCALED,60,100
2024-01-30,1.0481903819504603,O3,VOL_SCALED,60,100
2024-01-31,1.0479460928064188,O3,VOL_SCALED,60,100
2024-02-01,1.0745209984122281,O3,VOL_SCALED,60,100
2024-02-02,1.0797028409748362,O3,VOL_SCALED,60,100
2024-02-05,1.0873298000229163,O3,VOL_SCALED,60,100
2024-02-06,1.0935640990254902,O3,VOL_SCALED,60,100
2024-02-07,1.0942301706183946,O3,VOL_SCALED,60,100
2024-02-08,1.1099223565821432,O3,VOL_SCALED,60,100
2024-02-09,1.122828623212708,O3,VOL_SCALED,60,100
2024-02-12,1.1298377788719574,O3,VOL_SCALED,60,100
2024-02-13,1.100249621470823,O3,VOL_SCALED,60,100
2024-02-14,1.1087666756895793,O3,VOL_SCALED,60,100
2024-02-15,1.1256030215592292,O3,VOL_SCALED,60,100
2024-02-16,1.115181952709044,O3,VOL_SCALED,60,100
2024-02-19,1.1047941656672038,O3,VOL_SCALED,60,100
2024-02-20,1.1244145478143839,O3,VOL_SCALED,60,100
2024-02-21,1.1174676261611585,O3,VOL_SCALED,60,100
2024-02-22,1.12013736622028,O3,VOL_SCALED,60,100
2024-02-23,1.1328800868866833,O3,VOL_SCALED,60,100
2024-02-26,1.1272069437020873,O3,VOL_SCALED,60,100
2024-02-27,1.1053972126004086,O3,VOL_SCALED,60,100
2024-02-28,1.0907279175257854,O3,VOL_SCALED,60,100
2024-02-29,1.11056172161768,O3,VOL_SCALED,60,100
2024-03-01,1.0883099398265221,O3,VOL_SCALED,60,100
2024-03-04,1.0702697151058016,O3,VOL_SCALED,60,100
2024-03-05,1.0702471153572588,O3,VOL_SCALED,60,100
2024-03-06,1.059071290650072,O3,VOL_SCALED,60,100
2024-03-07,1.0885801277220197,O3,VOL_SCALED,60,100
2024-03-08,1.0909012785493806,O3,VOL_SCALED,60,100
2024-03-11,1.0887836580676236,O3,VOL_SCALED,60,100
2024-03-12,1.0783512493924468,O3,VOL_SCALED,60,100
2024-03-13,1.0580084185142602,O3,VOL_SCALED,60,100
2024-03-14,1.0550190961411,O3,VOL_SCALED,60,100
2024-03-15,1.0481045591815101,O3,VOL_SCALED,60,100
2024-03-18,1.0391030939119053,O3,VOL_SCALED,60,100
2024-03-19,1.060769157785048,O3,VOL_SCALED,60,100
2024-03-20,1.0588073896594352,O3,VOL_SCALED,60,100
2024-03-21,1.0862799392213756,O3,VOL_SCALED,60,100
2024-03-22,1.0821808654655698,O3,VOL_SCALED,60,100
2024-03-25,1.0744480553028137,O3,VOL_SCALED,60,100
2024-03-26,1.0483393540721684,O3,VOL_SCALED,60,100
2024-03-27,1.0543817850678578,O3,VOL_SCALED,60,100
2024-03-28,1.0806444387570844,O3,VOL_SCALED,60,100
2024-03-29,1.0819604135818013,O3,VOL_SCALED,60,100
2024-04-01,1.0946125014369652,O3,VOL_SCALED,60,100
2024-04-02,1.0937684159287018,O3,VOL_SCALED,60,100
2024-04-03,1.0942665366663356,O3,VOL_SCALED,60,100
2024-04-04,1.1253594739979107,O3,VOL_SCALED,60,100
2024-04-05,1.187548238625922,O3,VOL_SCALED,60,100
2024-04-08,1.1961934326771069,O3,VOL_SCALED,60,100
2024-04-09,1.1961934326771069,O3,VOL_SCALED,60,100
2024-04-15,1.1658926990432275,O3,VOL_SCALED,60,100
2024-04-16,1.1607280428634241,O3,VOL_SCALED,60,100
2024-04-17,1.1649862525424155,O3,VOL_SCALED,60,100
2024-04-18,1.1526816113432115,O3,VOL_SCALED,60,100
2024-04-19,1.1815000066098649,O3,VOL_SCALED,60,100
2024-04-22,1.1736987625096715,O3,VOL_SCALED,60,100
2024-04-24,1.1883125111489012,O3,VOL_SCALED,60,100
2024-04-25,1.1979190538222135,O3,VOL_SCALED,60,100
2024-04-26,1.2269795867081057,O3,VOL_SCALED,60,100
2024-04-29,1.2490003192650472,O3,VOL_SCALED,60,100
2024-04-30,1.249101153818045,O3,VOL_SCALED,60,100
2024-05-02,1.274492444246912,O3,VOL_SCALED,60,100
2024-05-03,1.2609376078231151,O3,VOL_SCALED,60,100
2024-05-06,1.2664804647933203,O3,VOL_SCALED,60,100
2024-05-07,1.2792544400451549,O3,VOL_SCALED,60,100
2024-05-08,1.2674571445781928,O3,VOL_SCALED,60,100
2024-05-09,1.267539833201092,O3,VOL_SCALED,60,100
2024-05-10,1.2769445526477434,O3,VOL_SCALED,60,100
2024-05-13,1.2656674422258736,O3,VOL_SCALED,60,100
2024-05-14,1.2788248806014157,O3,VOL_SCALED,60,100
2024-05-15,1.2645739008476893,O3,VOL_SCALED,60,100
2024-05-16,1.2832947148646245,O3,VOL_SCALED,60,100
2024-05-17,1.3190329687802105,O3,VOL_SCALED,60,100
2024-05-20,1.3290691178719836,O3,VOL_SCALED,60,100
2024-05-21,1.3470594174011155,O3,VOL_SCALED,60,100
2024-05-22,1.3629609545710457,O3,VOL_SCALED,60,100
2024-05-23,1.3554142092356067,O3,VOL_SCALED,60,100
2024-05-24,1.3303489037910476,O3,VOL_SCALED,60,100
2024-05-27,1.3288924309240937,O3,VOL_SCALED,60,100
2024-05-28,1.336251499681166,O3,VOL_SCALED,60,100
2024-05-29,1.3239706089112213,O3,VOL_SCALED,60,100
2024-05-30,1.3218814838552493,O3,VOL_SCALED,60,100
2024-05-31,1.2981740912207305,O3,VOL_SCALED,60,100
2024-06-03,1.3042969180969026,O3,VOL_SCALED,60,100
2024-06-04,1.2799380923139074,O3,VOL_SCALED,60,100
2024-06-05,1.2779049859591358,O3,VOL_SCALED,60,100
2024-06-06,1.2603338481290176,O3,VOL_SCALED,60,100
2024-06-07,1.2520970916250018,O3,VOL_SCALED,60,100
2024-06-10,1.2262115166015635,O3,VOL_SCALED,60,100
2024-06-11,1.2323204029592199,O3,VOL_SCALED,60,100
2024-06-12,1.2623579303907664,O3,VOL_SCALED,60,100
2024-06-13,1.2891139319412122,O3,VOL_SCALED,60,100
2024-06-14,1.3069975037290482,O3,VOL_SCALED,60,100
2024-06-20,1.3347883871814377,O3,VOL_SCALED,60,100
2024-06-21,1.3249345435224704,O3,VOL_SCALED,60,100
2024-06-24,1.3387170276194693,O3,VOL_SCALED,60,100
2024-06-25,1.3352798753364017,O3,VOL_SCALED,60,100
2024-06-26,1.3168034272084952,O3,VOL_SCALED,60,100
2024-06-27,1.3395786955630655,O3,VOL_SCALED,60,100
2024-06-28,1.3408671496166844,O3,VOL_SCALED,60,100
2024-07-01,1.3057431879354615,O3,VOL_SCALED,60,100
2024-07-02,1.3068568894207826,O3,VOL_SCALED,60,100
2024-07-03,1.336407785368764,O3,VOL_SCALED,60,100
2024-07-04,1.368096801360645,O3,VOL_SCALED,60,100
2024-07-05,1.3557166178812585,O3,VOL_SCALED,60,100
2024-07-08,1.3365662592143677,O3,VOL_SCALED,60,100
2024-07-09,1.3330168235497546,O3,VOL_SCALED,60,100
2024-07-10,1.33728165518356,O3,VOL_SCALED,60,100
2024-07-11,1.357384839507826,O3,VOL_SCALED,60,100
2024-07-12,1.359991508674323,O3,VOL_SCALED,60,100
2024-07-16,1.3723293297584325,O3,VOL_SCALED,60,100
2024-07-17,1.368158564553663,O3,VOL_SCALED,60,100
2024-07-18,1.352800905940216,O3,VOL_SCALED,60,100
2024-07-19,1.3539748630641057,O3,VOL_SCALED,60,100
2024-07-22,1.3674970155865014,O3,VOL_SCALED,60,100
2024-07-23,1.3248894910893405,O3,VOL_SCALED,60,100
2024-07-24,1.3195982175231342,O3,VOL_SCALED,60,100
2024-07-25,1.326470756448527,O3,VOL_SCALED,60,100
2024-07-26,1.320809543495811,O3,VOL_SCALED,60,100
2024-07-29,1.307165893982362,O3,VOL_SCALED,60,100
2024-07-30,1.300351619747878,O3,VOL_SCALED,60,100
2024-07-31,1.2889059473570323,O3,VOL_SCALED,60,100
2024-08-01,1.3029429616439367,O3,VOL_SCALED,60,100
2024-08-02,1.2732232319469214,O3,VOL_SCALED,60,100
2024-08-05,1.2042166950848463,O3,VOL_SCALED,60,100
2024-08-06,1.2040147961314933,O3,VOL_SCALED,60,100
2024-08-07,1.2225621160920912,O3,VOL_SCALED,60,100
2024-08-08,1.2366705394971602,O3,VOL_SCALED,60,100
2024-08-09,1.2228413616441078,O3,VOL_SCALED,60,100
2024-08-12,1.2047308252933357,O3,VOL_SCALED,60,100
2024-08-13,1.215493824572345,O3,VOL_SCALED,60,100
2024-08-14,1.20608363976497,O3,VOL_SCALED,60,100
2024-08-15,1.2220307779151558,O3,VOL_SCALED,60,100
2024-08-16,1.2020684097768848,O3,VOL_SCALED,60,100
2024-08-19,1.2342523223407875,O3,VOL_SCALED,60,100
2024-08-20,1.223826785994085,O3,VOL_SCALED,60,100
2024-08-21,1.2078463891959283,O3,VOL_SCALED,60,100
2024-08-22,1.2080834618087413,O3,VOL_SCALED,60,100
2024-08-23,1.1828010918591227,O3,VOL_SCALED,60,100
2024-08-26,1.1658695437311788,O3,VOL_SCALED,60,100
2024-08-27,1.1930972668594415,O3,VOL_SCALED,60,100
2024-08-28,1.2038734989446696,O3,VOL_SCALED,60,100
2024-08-29,1.203809836713596,O3,VOL_SCALED,60,100
2024-09-02,1.230905219356315,O3,VOL_SCALED,60,100
2024-09-03,1.2164345754312995,O3,VOL_SCALED,60,100
2024-09-04,1.2093074698582267,O3,VOL_SCALED,60,100
2024-09-05,1.212909654224139,O3,VOL_SCALED,60,100
2024-09-06,1.1974609520740285,O3,VOL_SCALED,60,100
2024-09-09,1.1876911685624323,O3,VOL_SCALED,60,100
2024-09-10,1.1811259534653997,O3,VOL_SCALED,60,100
2024-09-11,1.1623675779454583,O3,VOL_SCALED,60,100
2024-09-12,1.173233845990623,O3,VOL_SCALED,60,100
2024-09-13,1.1860051594581456,O3,VOL_SCALED,60,100
2024-09-16,1.1663174926220374,O3,VOL_SCALED,60,100
2024-09-17,1.1838838271176984,O3,VOL_SCALED,60,100
2024-09-18,1.1782493929043416,O3,VOL_SCALED,60,100
2024-09-19,1.1995505588363566,O3,VOL_SCALED,60,100
2024-09-20,1.1909744133290687,O3,VOL_SCALED,60,100
2024-09-23,1.1777723436033198,O3,VOL_SCALED,60,100
2024-09-24,1.1880794864538557,O3,VOL_SCALED,60,100
2024-09-25,1.1663810560183565,O3,VOL_SCALED,60,100
2024-09-26,1.159806109394557,O3,VOL_SCALED,60,100
2024-09-27,1.1719107599358582,O3,VOL_SCALED,60,100
2024-09-30,1.1673003485005913,O3,VOL_SCALED,60,100
2024-10-01,1.1293457523793227,O3,VOL_SCALED,60,100
2024-10-02,1.1041876897258,O3,VOL_SCALED,60,100
2024-10-03,1.0872870732582443,O3,VOL_SCALED,60,100
2024-10-04,1.1035646895843019,O3,VOL_SCALED,60,100
2024-10-07,1.0895316585082093,O3,VOL_SCALED,60,100
2024-10-08,1.0788040070840246,O3,VOL_SCALED,60,100
2024-10-09,1.092519343457352,O3,VOL_SCALED,60,100
2024-10-10,1.0744329630452578,O3,VOL_SCALED,60,100
2024-10-11,1.066284365343393,O3,VOL_SCALED,60,100
2024-10-14,1.0376661080211302,O3,VOL_SCALED,60,100
2024-10-15,1.0561352970698141,O3,VOL_SCALED,60,100
2024-10-16,1.0750318785649446,O3,VOL_SCALED,60,100
2025-01-10,1.0,O4,RAW,20,0
2025-01-13,0.9870715690647253,O4,RAW,20,0
2025-01-14,0.9853036333491376,O4,RAW,20,0
2025-01-15,0.9883374855498177,O4,RAW,20,0
2025-01-16,1.0012634631001829,O4,RAW,20,0
2025-01-17,0.9990882333467273,O4,RAW,20,0
2025-01-20,1.011403807928568,O4,RAW,20,0
2025-01-21,1.0121510712500401,O4,RAW,20,0
2025-01-22,0.9950934147919924,O4,RAW,20,0
2025-01-23,0.9899676950454617,O4,RAW,20,0
2025-01-24,1.0021383321043202,O4,RAW,20,0
2025-01-27,0.9987584918052504,O4,RAW,20,0
2025-01-28,1.0131584847254456,O4,RAW,20,0
2025-01-29,0.9999842492154234,O4,RAW,20,0
2025-01-30,1.0008826235860404,O4,RAW,20,0
2025-01-31,0.98381823856945,O4,RAW,20,0
2025-02-03,0.957794898765468,O4,RAW,20,0
2025-02-04,0.9653401162916038,O4,RAW,20,0
2025-02-05,0.9463585560397111,O4,RAW,20,0
2025-02-06,0.9540592617269357,O4,RAW,20,0
2025-02-07,0.9634352952501501,O4,RAW,20,0
2025-02-10,0.954760971652413,O4,RAW,20,0
2025-02-11,0.9527481193500088,O4,RAW,20,0
2025-02-12,0.9376837313536105,O4,RAW,20,0
2025-02-13,0.950979403364863,O4,RAW,20,0
2025-02-14,0.946220353320862,O4,RAW,20,0
2025-02-17,0.9458396139885475,O4,RAW,20,0
2025-02-18,0.9408495069505353,O4,RAW,20,0
2025-02-19,0.9258860630818458,O4,RAW,20,0
2025-02-20,0.9237482792793761,O4,RAW,20,0
2025-02-21,0.8918905368991942,O4,RAW,20,0
2025-02-24,0.8887050624612098,O4,RAW,20,0
2025-02-25,0.8642692478697122,O4,RAW,20,0
2025-02-26,0.8676399259519183,O4,RAW,20,0
2025-02-27,0.8851999698055334,O4,RAW,20,0
2025-02-28,0.8825624833038742,O4,RAW,20,0
2025-03-03,0.8877323620670428,O4,RAW,20,0
2025-03-04,0.8834502381503263,O4,RAW,20,0
2025-03-05,0.8914094455476085,O4,RAW,20,0
2025-03-06,0.9254056007074913,O4,RAW,20,0
2025-03-07,0.9484801501020885,O4,RAW,20,0
2025-03-10,0.9514391549839917,O4,RAW,20,0
2025-03-11,0.9391538083752835,O4,RAW,20,0
2025-03-12,0.9319678985739926,O4,RAW,20,0
2025-03-13,0.9497009687968878,O4,RAW,20,0
2025-03-14,0.9712774745941417,O4,RAW,20,0
2025-03-17,0.9795299757358884,O4,RAW,20,0
2025-03-18,0.9738582926494332,O4,RAW,20,0
2025-03-19,0.8769313960899306,O4,RAW,20,0
2025-03-20,0.8738372300618071,O4,RAW,20,0
2025-03-21,0.7959354458006221,O4,RAW,20,0
2025-03-24,0.7850374354303754,O4,RAW,20,0
2025-03-25,0.8263808815625309,O4,RAW,20,0
2025-03-26,0.8372801396919958,O4,RAW,20,0
2025-03-27,0.8340235560119674,O4,RAW,20,0
2025-03-28,0.852790380215088,O4,RAW,20,0
2025-04-02,0.8581967031402912,O4,RAW,20,0
2025-04-03,0.8441952623650903,O4,RAW,20,0
2025-04-04,0.8239910397049586,O4,RAW,20,0
2025-04-07,0.8185652863244798,O4,RAW,20,0
2025-04-08,0.8318218369143546,O4,RAW,20,0
2025-04-09,0.8195491218495089,O4,RAW,20,0
2025-01-10,1.0,O4,RAW,20,30
2025-01-13,0.9840715690647253,O4,RAW,20,30
2025-01-14,0.9823036333491377,O4,RAW,20,30
2025-01-15,0.9853374855498177,O4,RAW,20,30
2025-01-16,0.9982634631001827,O4,RAW,20,30
2025-01-17,0.9960882333467271,O4,RAW,20,30
2025-01-20,1.008403807928568,O4,RAW,20,30
2025-01-21,1.00915107125004,O4,RAW,20,30
2025-01-22,0.9920934147919924,O4,RAW,20,30
2025-01-23,0.9869676950454617,O4,RAW,20,30
2025-01-24,0.9991383321043203,O4,RAW,20,30
2025-01-27,0.9957584918052503,O4,RAW,20,30
2025-01-28,1.0101584847254454,O4,RAW,20,30
2025-01-29,0.9969842492154233,O4,RAW,20,30
2025-01-30,0.9978826235860405,O4,RAW,20,30
2025-01-31,0.9808182385694499,O4,RAW,20,30
2025-02-03,0.954794898765468,O4,RAW,20,30
2025-02-04,0.9623401162916038,O4,RAW,20,30
2025-02-05,0.9433585560397111,O4,RAW,20,30
2025-02-06,0.9510592617269356,O4,RAW,20,30
2025-02-07,0.96043529525015,O4,RAW,20,30
2025-02-10,0.9517609716524131,O4,RAW,20,30
2025-02-11,0.9497481193500087,O4,RAW,20,30
2025-02-12,0.9346837313536105,O4,RAW,20,30
2025-02-13,0.9479794033648629,O4,RAW,20,30
2025-02-14,0.943220353320862,O4,RAW,20,30
2025-02-17,0.9428396139885477,O4,RAW,20,30
2025-02-18,0.9378495069505353,O4,RAW,20,30
2025-02-19,0.9228860630818458,O4,RAW,20,30
2025-02-20,0.9207482792793762,O4,RAW,20,30
2025-02-21,0.8888905368991943,O4,RAW,20,30
2025-02-24,0.8857050624612098,O4,RAW,20,30
2025-02-25,0.8612692478697122,O4,RAW,20,30
2025-02-26,0.8646399259519182,O4,RAW,20,30
2025-02-27,0.8821999698055335,O4,RAW,20,30
2025-02-28,0.8795624833038742,O4,RAW,20,30
2025-03-03,0.8847323620670429,O4,RAW,20,30
2025-03-04,0.8804502381503263,O4,RAW,20,30
2025-03-05,0.8884094455476085,O4,RAW,20,30
2025-03-06,0.9224056007074913,O4,RAW,20,30
2025-03-07,0.9454801501020884,O4,RAW,20,30
2025-03-10,0.9484391549839917,O4,RAW,20,30
2025-03-11,0.9361538083752836,O4,RAW,20,30
2025-03-12,0.9289678985739926,O4,RAW,20,30
2025-03-13,0.9467009687968877,O4,RAW,20,30
2025-03-14,0.9682774745941417,O4,RAW,20,30
2025-03-17,0.9765299757358883,O4,RAW,20,30
2025-03-18,0.9708582926494332,O4,RAW,20,30
2025-03-19,0.8739313960899306,O4,RAW,20,30
2025-03-20,0.8708372300618071,O4,RAW,20,30
2025-03-21,0.7929354458006221,O4,RAW,20,30
2025-03-24,0.7820374354303753,O4,RAW,20,30
2025-03-25,0.8233808815625309,O4,RAW,20,30
2025-03-26,0.8342801396919958,O4,RAW,20,30
2025-03-27,0.8310235560119674,O4,RAW,20,30
2025-03-28,0.849790380215088,O4,RAW,20,30
2025-04-02,0.8551967031402911,O4,RAW,20,30
2025-04-03,0.8411952623650905,O4,RAW,20,30
2025-04-04,0.8209910397049587,O4,RAW,20,30
2025-04-07,0.8155652863244798,O4,RAW,20,30
2025-04-08,0.8288218369143547,O4,RAW,20,30
2025-04-09,0.8165491218495089,O4,RAW,20,30
2025-01-10,1.0,O4,RAW,20,50
2025-01-13,0.9820715690647253,O4,RAW,20,50
2025-01-14,0.9803036333491377,O4,RAW,20,50
2025-01-15,0.9833374855498177,O4,RAW,20,50
2025-01-16,0.9962634631001827,O4,RAW,20,50
2025-01-17,0.9940882333467271,O4,RAW,20,50
2025-01-20,1.006403807928568,O4,RAW,20,50
2025-01-21,1.00715107125004,O4,RAW,20,50
2025-01-22,0.9900934147919924,O4,RAW,20,50
2025-01-23,0.9849676950454617,O4,RAW,20,50
2025-01-24,0.9971383321043203,O4,RAW,20,50
2025-01-27,0.9937584918052503,O4,RAW,20,50
2025-01-28,1.0081584847254454,O4,RAW,20,50
2025-01-29,0.9949842492154233,O4,RAW,20,50
2025-01-30,0.9958826235860405,O4,RAW,20,50
2025-01-31,0.9788182385694499,O4,RAW,20,50
2025-02-03,0.952794898765468,O4,RAW,20,50
2025-02-04,0.9603401162916038,O4,RAW,20,50
2025-02-05,0.9413585560397111,O4,RAW,20,50
2025-02-06,0.9490592617269356,O4,RAW,20,50
2025-02-07,0.95843529525015,O4,RAW,20,50
2025-02-10,0.9497609716524131,O4,RAW,20,50
2025-02-11,0.9477481193500087,O4,RAW,20,50
2025-02-12,0.9326837313536105,O4,RAW,20,50
2025-02-13,0.9459794033648629,O4,RAW,20,50
2025-02-14,0.941220353320862,O4,RAW,20,50
2025-02-17,0.9408396139885477,O4,RAW,20,50
2025-02-18,0.9358495069505353,O4,RAW,20,50
2025-02-19,0.9208860630818458,O4,RAW,20,50
2025-02-20,0.9187482792793762,O4,RAW,20,50
2025-02-21,0.8868905368991943,O4,RAW,20,50
2025-02-24,0.8837050624612098,O4,RAW,20,50
2025-02-25,0.8592692478697121,O4,RAW,20,50
2025-02-26,0.8626399259519182,O4,RAW,20,50
2025-02-27,0.8801999698055335,O4,RAW,20,50
2025-02-28,0.8775624833038742,O4,RAW,20,50
2025-03-03,0.8827323620670429,O4,RAW,20,50
2025-03-04,0.8784502381503263,O4,RAW,20,50
2025-03-05,0.8864094455476085,O4,RAW,20,50
2025-03-06,0.9204056007074913,O4,RAW,20,50
2025-03-07,0.9434801501020884,O4,RAW,20,50
2025-03-10,0.9464391549839917,O4,RAW,20,50
2025-03-11,0.9341538083752836,O4,RAW,20,50
2025-03-12,0.9269678985739926,O4,RAW,20,50
2025-03-13,0.9447009687968877,O4,RAW,20,50
2025-03-14,0.9662774745941417,O4,RAW,20,50
2025-03-17,0.9745299757358883,O4,RAW,20,50
2025-03-18,0.9688582926494332,O4,RAW,20,50
2025-03-19,0.8719313960899306,O4,RAW,20,50
2025-03-20,0.8688372300618071,O4,RAW,20,50
2025-03-21,0.7909354458006221,O4,RAW,20,50
2025-03-24,0.7800374354303753,O4,RAW,20,50
2025-03-25,0.8213808815625309,O4,RAW,20,50
2025-03-26,0.8322801396919958,O4,RAW,20,50
2025-03-27,0.8290235560119674,O4,RAW,20,50
2025-03-28,0.847790380215088,O4,RAW,20,50
2025-04-02,0.8531967031402911,O4,RAW,20,50
2025-04-03,0.8391952623650902,O4,RAW,20,50
2025-04-04,0.8189910397049587,O4,RAW,20,50
2025-04-07,0.8135652863244798,O4,RAW,20,50
2025-04-08,0.8268218369143547,O4,RAW,20,50
2025-04-09,0.8145491218495089,O4,RAW,20,50
2025-01-10,1.0,O4,RAW,20,100
2025-01-13,0.9770715690647253,O4,RAW,20,100
2025-01-14,0.9753036333491376,O4,RAW,20,100
2025-01-15,0.9783374855498177,O4,RAW,20,100
2025-01-16,0.9912634631001828,O4,RAW,20,100
2025-01-17,0.9890882333467272,O4,RAW,20,100
2025-01-20,1.0014038079285679,O4,RAW,20,100
2025-01-21,1.00215107125004,O4,RAW,20,100
2025-01-22,0.9850934147919924,O4,RAW,20,100
2025-01-23,0.9799676950454617,O4,RAW,20,100
2025-01-24,0.9921383321043205,O4,RAW,20,100
2025-01-27,0.9887584918052504,O4,RAW,20,100
2025-01-28,1.0031584847254456,O4,RAW,20,100
2025-01-29,0.9899842492154234,O4,RAW,20,100
2025-01-30,0.9908826235860405,O4,RAW,20,100
2025-01-31,0.97381823856945,O4,RAW,20,100
2025-02-03,0.947794898765468,O4,RAW,20,100
2025-02-04,0.9553401162916038,O4,RAW,20,100
2025-02-05,0.9363585560397111,O4,RAW,20,100
2025-02-06,0.9440592617269357,O4,RAW,20,100
2025-02-07,0.9534352952501501,O4,RAW,20,100
2025-02-10,0.944760971652413,O4,RAW,20,100
2025-02-11,0.9427481193500088,O4,RAW,20,100
2025-02-12,0.9276837313536105,O4,RAW,20,100
2025-02-13,0.940979403364863,O4,RAW,20,100
2025-02-14,0.936220353320862,O4,RAW,20,100
2025-02-17,0.9358396139885475,O4,RAW,20,100
2025-02-18,0.9308495069505353,O4,RAW,20,100
2025-02-19,0.915886063081846,O4,RAW,20,100
2025-02-20,0.9137482792793761,O4,RAW,20,100
2025-02-21,0.8818905368991942,O4,RAW,20,100
2025-02-24,0.8787050624612098,O4,RAW,20,100
2025-02-25,0.8542692478697121,O4,RAW,20,100
2025-02-26,0.8576399259519183,O4,RAW,20,100
2025-02-27,0.8751999698055334,O4,RAW,20,100
2025-02-28,0.8725624833038742,O4,RAW,20,100
2025-03-03,0.8777323620670427,O4,RAW,20,100
2025-03-04,0.8734502381503263,O4,RAW,20,100
2025-03-05,0.8814094455476085,O4,RAW,20,100
2025-03-06,0.9154056007074913,O4,RAW,20,100
2025-03-07,0.9384801501020885,O4,RAW,20,100
2025-03-10,0.9414391549839917,O4,RAW,20,100
2025-03-11,0.9291538083752835,O4,RAW,20,100
2025-03-12,0.9219678985739926,O4,RAW,20,100
2025-03-13,0.9397009687968878,O4,RAW,20,100
2025-03-14,0.9612774745941417,O4,RAW,20,100
2025-03-17,0.9695299757358884,O4,RAW,20,100
2025-03-18,0.9638582926494332,O4,RAW,20,100
2025-03-19,0.8669313960899308,O4,RAW,20,100
2025-03-20,0.8638372300618071,O4,RAW,20,100
2025-03-21,0.7859354458006221,O4,RAW,20,100
2025-03-24,0.7750374354303754,O4,RAW,20,100
2025-03-25,0.8163808815625309,O4,RAW,20,100
2025-03-26,0.8272801396919958,O4,RAW,20,100
2025-03-27,0.8240235560119675,O4,RAW,20,100
2025-03-28,0.842790380215088,O4,RAW,20,100
2025-04-02,0.8481967031402912,O4,RAW,20,100
2025-04-03,0.8341952623650903,O4,RAW,20,100
2025-04-04,0.8139910397049586,O4,RAW,20,100
2025-04-07,0.8085652863244798,O4,RAW,20,100
2025-04-08,0.8218218369143546,O4,RAW,20,100
2025-04-09,0.8095491218495089,O4,RAW,20,100
2025-01-10,1.0,O4,SECTOR_RELATIVE,20,0
2025-01-13,0.9909778923350673,O4,SECTOR_RELATIVE,20,0
2025-01-14,0.9862497339392888,O4,SECTOR_RELATIVE,20,0
2025-01-15,0.9891350583578254,O4,SECTOR_RELATIVE,20,0
2025-01-16,1.0027794970598927,O4,SECTOR_RELATIVE,20,0
2025-01-17,1.0025812448465965,O4,SECTOR_RELATIVE,20,0
2025-01-20,1.0114441773418572,O4,SECTOR_RELATIVE,20,0
2025-01-21,1.010337155489505,O4,SECTOR_RELATIVE,20,0
2025-01-22,0.9974966275075079,O4,SECTOR_RELATIVE,20,0
2025-01-23,0.9917105649949998,O4,SECTOR_RELATIVE,20,0
2025-01-24,1.0013673944825279,O4,SECTOR_RELATIVE,20,0
2025-01-27,0.9958685041138658,O4,SECTOR_RELATIVE,20,0
2025-01-28,1.0138091344758409,O4,SECTOR_RELATIVE,20,0
2025-01-29,1.0005154219166126,O4,SECTOR_RELATIVE,20,0
2025-01-30,1.0008438798375214,O4,SECTOR_RELATIVE,20,0
2025-01-31,0.9888289041679077,O4,SECTOR_RELATIVE,20,0
2025-02-03,0.9584689628590579,O4,SECTOR_RELATIVE,20,0
2025-02-04,0.9642616135707723,O4,SECTOR_RELATIVE,20,0
2025-02-05,0.9425378052042774,O4,SECTOR_RELATIVE,20,0
2025-02-06,0.9570928487965364,O4,SECTOR_RELATIVE,20,0
2025-02-07,0.9651013816680762,O4,SECTOR_RELATIVE,20,0
2025-02-10,0.9539374700244441,O4,SECTOR_RELATIVE,20,0
2025-02-11,0.9511625774798692,O4,SECTOR_RELATIVE,20,0
2025-02-12,0.9296853247167003,O4,SECTOR_RELATIVE,20,0
2025-02-13,0.9363001327697821,O4,SECTOR_RELATIVE,20,0
2025-02-14,0.9312197849622004,O4,SECTOR_RELATIVE,20,0
2025-02-17,0.929117981392681,O4,SECTOR_RELATIVE,20,0
2025-02-18,0.9249771047697984,O4,SECTOR_RELATIVE,20,0
2025-02-19,0.9151607416990176,O4,SECTOR_RELATIVE,20,0
2025-02-20,0.911963831603571,O4,SECTOR_RELATIVE,20,0
2025-02-21,0.8827119108016109,O4,SECTOR_RELATIVE,20,0
2025-02-24,0.8873261668729969,O4,SECTOR_RELATIVE,20,0
2025-02-25,0.8621880505639318,O4,SECTOR_RELATIVE,20,0
2025-02-26,0.8581803789916715,O4,SECTOR_RELATIVE,20,0
2025-02-27,0.8783123431623917,O4,SECTOR_RELATIVE,20,0
2025-02-28,0.8747319751799825,O4,SECTOR_RELATIVE,20,0
2025-03-03,0.8793190292747901,O4,SECTOR_RELATIVE,20,0
2025-03-04,0.8747269053346057,O4,SECTOR_RELATIVE,20,0
2025-03-05,0.882448774751965,O4,SECTOR_RELATIVE,20,0
2025-03-06,0.91497410611921,O4,SECTOR_RELATIVE,20,0
2025-03-07,0.9410500433573057,O4,SECTOR_RELATIVE,20,0
2025-03-10,0.9451069240347136,O4,SECTOR_RELATIVE,20,0
2025-03-11,0.935721245005394,O4,SECTOR_RELATIVE,20,0
2025-03-12,0.9299528734380795,O4,SECTOR_RELATIVE,20,0
2025-03-13,0.9518723860789786,O4,SECTOR_RELATIVE,20,0
2025-03-14,0.967586585841815,O4,SECTOR_RELATIVE,20,0
2025-03-17,0.9742956012614372,O4,SECTOR_RELATIVE,20,0
2025-03-18,0.9696814301971475,O4,SECTOR_RELATIVE,20,0
2025-03-19,0.8731743142274977,O4,SECTOR_RELATIVE,20,0
2025-03-20,0.8674888548646249,O4,SECTOR_RELATIVE,20,0
2025-03-21,0.791613296283041,O4,SECTOR_RELATIVE,20,0
2025-03-24,0.7799790659572304,O4,SECTOR_RELATIVE,20,0
2025-03-25,0.8186553319047115,O4,SECTOR_RELATIVE,20,0
2025-03-26,0.8353264771258947,O4,SECTOR_RELATIVE,20,0
2025-03-27,0.8338636197266163,O4,SECTOR_RELATIVE,20,0
2025-03-28,0.8540706065108981,O4,SECTOR_RELATIVE,20,0
2025-04-02,0.8590264633413517,O4,SECTOR_RELATIVE,20,0
2025-04-03,0.8464118979690891,O4,SECTOR_RELATIVE,20,0
2025-04-04,0.8277350167831778,O4,SECTOR_RELATIVE,20,0
2025-04-07,0.8317218902341397,O4,SECTOR_RELATIVE,20,0
2025-04-08,0.8494538731891133,O4,SECTOR_RELATIVE,20,0
2025-04-09,0.8394576372619555,O4,SECTOR_RELATIVE,20,0
2025-01-10,1.0,O4,SECTOR_RELATIVE,20,30
2025-01-13,0.9879778923350673,O4,SECTOR_RELATIVE,20,30
2025-01-14,0.9832497339392889,O4,SECTOR_RELATIVE,20,30
2025-01-15,0.9861350583578254,O4,SECTOR_RELATIVE,20,30
2025-01-16,0.9997794970598927,O4,SECTOR_RELATIVE,20,30
2025-01-17,0.9995812448465966,O4,SECTOR_RELATIVE,20,30
2025-01-20,1.0084441773418573,O4,SECTOR_RELATIVE,20,30
2025-01-21,1.0073371554895052,O4,SECTOR_RELATIVE,20,30
2025-01-22,0.9944966275075079,O4,SECTOR_RELATIVE,20,30
2025-01-23,0.9887105649949998,O4,SECTOR_RELATIVE,20,30
2025-01-24,0.998367394482528,O4,SECTOR_RELATIVE,20,30
2025-01-27,0.9928685041138657,O4,SECTOR_RELATIVE,20,30
2025-01-28,1.010809134475841,O4,SECTOR_RELATIVE,20,30
2025-01-29,0.9975154219166125,O4,SECTOR_RELATIVE,20,30
2025-01-30,0.9978438798375214,O4,SECTOR_RELATIVE,20,30
2025-01-31,0.9858289041679078,O4,SECTOR_RELATIVE,20,30
2025-02-03,0.9554689628590579,O4,SECTOR_RELATIVE,20,30
2025-02-04,0.9612616135707723,O4,SECTOR_RELATIVE,20,30
2025-02-05,0.9395378052042774,O4,SECTOR_RELATIVE,20,30
2025-02-06,0.9540928487965366,O4,SECTOR_RELATIVE,20,30
2025-02-07,0.9621013816680763,O4,SECTOR_RELATIVE,20,30
2025-02-10,0.950937470024444,O4,SECTOR_RELATIVE,20,30
2025-02-11,0.9481625774798692,O4,SECTOR_RELATIVE,20,30
2025-02-12,0.9266853247167003,O4,SECTOR_RELATIVE,20,30
2025-02-13,0.9333001327697822,O4,SECTOR_RELATIVE,20,30
2025-02-14,0.9282197849622004,O4,SECTOR_RELATIVE,20,30
2025-02-17,0.9261179813926809,O4,SECTOR_RELATIVE,20,30
2025-02-18,0.9219771047697984,O4,SECTOR_RELATIVE,20,30
2025-02-19,0.9121607416990176,O4,SECTOR_RELATIVE,20,30
2025-02-20,0.9089638316035709,O4,SECTOR_RELATIVE,20,30
2025-02-21,0.8797119108016108,O4,SECTOR_RELATIVE,20,30
2025-02-24,0.8843261668729969,O4,SECTOR_RELATIVE,20,30
2025-02-25,0.8591880505639318,O4,SECTOR_RELATIVE,20,30
2025-02-26,0.8551803789916717,O4,SECTOR_RELATIVE,20,30
2025-02-27,0.8753123431623918,O4,SECTOR_RELATIVE,20,30
2025-02-28,0.8717319751799825,O4,SECTOR_RELATIVE,20,30
2025-03-03,0.87631902927479,O4,SECTOR_RELATIVE,20,30
2025-03-04,0.8717269053346057,O4,SECTOR_RELATIVE,20,30
2025-03-05,0.879448774751965,O4,SECTOR_RELATIVE,20,30
2025-03-06,0.91197410611921,O4,SECTOR_RELATIVE,20,30
2025-03-07,0.9380500433573058,O4,SECTOR_RELATIVE,20,30
2025-03-10,0.9421069240347135,O4,SECTOR_RELATIVE,20,30
2025-03-11,0.9327212450053939,O4,SECTOR_RELATIVE,20,30
2025-03-12,0.9269528734380795,O4,SECTOR_RELATIVE,20,30
2025-03-13,0.9488723860789785,O4,SECTOR_RELATIVE,20,30
2025-03-14,0.964586585841815,O4,SECTOR_RELATIVE,20,30
2025-03-17,0.9712956012614373,O4,SECTOR_RELATIVE,20,30
2025-03-18,0.9666814301971475,O4,SECTOR_RELATIVE,20,30
2025-03-19,0.8701743142274977,O4,SECTOR_RELATIVE,20,30
2025-03-20,0.8644888548646249,O4,SECTOR_RELATIVE,20,30
2025-03-21,0.788613296283041,O4,SECTOR_RELATIVE,20,30
2025-03-24,0.7769790659572305,O4,SECTOR_RELATIVE,20,30
2025-03-25,0.8156553319047115,O4,SECTOR_RELATIVE,20,30
2025-03-26,0.8323264771258947,O4,SECTOR_RELATIVE,20,30
2025-03-27,0.8308636197266163,O4,SECTOR_RELATIVE,20,30
2025-03-28,0.8510706065108979,O4,SECTOR_RELATIVE,20,30
2025-04-02,0.8560264633413516,O4,SECTOR_RELATIVE,20,30
2025-04-03,0.8434118979690892,O4,SECTOR_RELATIVE,20,30
2025-04-04,0.8247350167831777,O4,SECTOR_RELATIVE,20,30
2025-04-07,0.8287218902341397,O4,SECTOR_RELATIVE,20,30
2025-04-08,0.8464538731891134,O4,SECTOR_RELATIVE,20,30
2025-04-09,0.8364576372619557,O4,SECTOR_RELATIVE,20,30
2025-01-10,1.0,O4,SECTOR_RELATIVE,20,50
2025-01-13,0.9859778923350673,O4,SECTOR_RELATIVE,20,50
2025-01-14,0.9812497339392889,O4,SECTOR_RELATIVE,20,50
2025-01-15,0.9841350583578254,O4,SECTOR_RELATIVE,20,50
2025-01-16,0.9977794970598927,O4,SECTOR_RELATIVE,20,50
2025-01-17,0.9975812448465966,O4,SECTOR_RELATIVE,20,50
2025-01-20,1.0064441773418573,O4,SECTOR_RELATIVE,20,50
2025-01-21,1.0053371554895052,O4,SECTOR_RELATIVE,20,50
2025-01-22,0.9924966275075079,O4,SECTOR_RELATIVE,20,50
2025-01-23,0.9867105649949998,O4,SECTOR_RELATIVE,20,50
2025-01-24,0.996367394482528,O4,SECTOR_RELATIVE,20,50
2025-01-27,0.9908685041138657,O4,SECTOR_RELATIVE,20,50
2025-01-28,1.008809134475841,O4,SECTOR_RELATIVE,20,50
2025-01-29,0.9955154219166125,O4,SECTOR_RELATIVE,20,50
2025-01-30,0.9958438798375214,O4,SECTOR_RELATIVE,20,50
2025-01-31,0.9838289041679078,O4,SECTOR_RELATIVE,20,50
2025-02-03,0.9534689628590579,O4,SECTOR_RELATIVE,20,50
2025-02-04,0.9592616135707723,O4,SECTOR_RELATIVE,20,50
2025-02-05,0.9375378052042774,O4,SECTOR_RELATIVE,20,50
2025-02-06,0.9520928487965366,O4,SECTOR_RELATIVE,20,50
2025-02-07,0.9601013816680763,O4,SECTOR_RELATIVE,20,50
2025-02-10,0.948937470024444,O4,SECTOR_RELATIVE,20,50
2025-02-11,0.9461625774798692,O4,SECTOR_RELATIVE,20,50
2025-02-12,0.9246853247167003,O4,SECTOR_RELATIVE,20,50
2025-02-13,0.9313001327697822,O4,SECTOR_RELATIVE,20,50
2025-02-14,0.9262197849622004,O4,SECTOR_RELATIVE,20,50
2025-02-17,0.9241179813926809,O4,SECTOR_RELATIVE,20,50
2025-02-18,0.9199771047697984,O4,SECTOR_RELATIVE,20,50
2025-02-19,0.9101607416990176,O4,SECTOR_RELATIVE,20,50
2025-02-20,0.9069638316035709,O4,SECTOR_RELATIVE,20,50
2025-02-21,0.8777119108016108,O4,SECTOR_RELATIVE,20,50
2025-02-24,0.8823261668729969,O4,SECTOR_RELATIVE,20,50
2025-02-25,0.8571880505639318,O4,SECTOR_RELATIVE,20,50
2025-02-26,0.8531803789916717,O4,SECTOR_RELATIVE,20,50
2025-02-27,0.8733123431623918,O4,SECTOR_RELATIVE,20,50
2025-02-28,0.8697319751799825,O4,SECTOR_RELATIVE,20,50
2025-03-03,0.87431902927479,O4,SECTOR_RELATIVE,20,50
2025-03-04,0.8697269053346057,O4,SECTOR_RELATIVE,20,50
2025-03-05,0.877448774751965,O4,SECTOR_RELATIVE,20,50
2025-03-06,0.90997410611921,O4,SECTOR_RELATIVE,20,50
2025-03-07,0.9360500433573058,O4,SECTOR_RELATIVE,20,50
2025-03-10,0.9401069240347135,O4,SECTOR_RELATIVE,20,50
2025-03-11,0.9307212450053939,O4,SECTOR_RELATIVE,20,50
2025-03-12,0.9249528734380795,O4,SECTOR_RELATIVE,20,50
2025-03-13,0.9468723860789785,O4,SECTOR_RELATIVE,20,50
2025-03-14,0.962586585841815,O4,SECTOR_RELATIVE,20,50
2025-03-17,0.9692956012614373,O4,SECTOR_RELATIVE,20,50
2025-03-18,0.9646814301971475,O4,SECTOR_RELATIVE,20,50
2025-03-19,0.8681743142274977,O4,SECTOR_RELATIVE,20,50
2025-03-20,0.8624888548646249,O4,SECTOR_RELATIVE,20,50
2025-03-21,0.786613296283041,O4,SECTOR_RELATIVE,20,50
2025-03-24,0.7749790659572305,O4,SECTOR_RELATIVE,20,50
2025-03-25,0.8136553319047115,O4,SECTOR_RELATIVE,20,50
2025-03-26,0.8303264771258947,O4,SECTOR_RELATIVE,20,50
2025-03-27,0.8288636197266163,O4,SECTOR_RELATIVE,20,50
2025-03-28,0.8490706065108979,O4,SECTOR_RELATIVE,20,50
2025-04-02,0.8540264633413516,O4,SECTOR_RELATIVE,20,50
2025-04-03,0.8414118979690892,O4,SECTOR_RELATIVE,20,50
2025-04-04,0.8227350167831777,O4,SECTOR_RELATIVE,20,50
2025-04-07,0.8267218902341397,O4,SECTOR_RELATIVE,20,50
2025-04-08,0.8444538731891134,O4,SECTOR_RELATIVE,20,50
2025-04-09,0.8344576372619557,O4,SECTOR_RELATIVE,20,50
2025-01-10,1.0,O4,SECTOR_RELATIVE,20,100
2025-01-13,0.9809778923350673,O4,SECTOR_RELATIVE,20,100
2025-01-14,0.9762497339392888,O4,SECTOR_RELATIVE,20,100
2025-01-15,0.9791350583578254,O4,SECTOR_RELATIVE,20,100
2025-01-16,0.9927794970598925,O4,SECTOR_RELATIVE,20,100
2025-01-17,0.9925812448465965,O4,SECTOR_RELATIVE,20,100
2025-01-20,1.0014441773418574,O4,SECTOR_RELATIVE,20,100
2025-01-21,1.000337155489505,O4,SECTOR_RELATIVE,20,100
2025-01-22,0.9874966275075079,O4,SECTOR_RELATIVE,20,100
2025-01-23,0.9817105649949998,O4,SECTOR_RELATIVE,20,100
2025-01-24,0.9913673944825281,O4,SECTOR_RELATIVE,20,100
2025-01-27,0.9858685041138658,O4,SECTOR_RELATIVE,20,100
2025-01-28,1.0038091344758409,O4,SECTOR_RELATIVE,20,100
2025-01-29,0.9905154219166126,O4,SECTOR_RELATIVE,20,100
2025-01-30,0.9908438798375214,O4,SECTOR_RELATIVE,20,100
2025-01-31,0.9788289041679079,O4,SECTOR_RELATIVE,20,100
2025-02-03,0.9484689628590579,O4,SECTOR_RELATIVE,20,100
2025-02-04,0.9542616135707723,O4,SECTOR_RELATIVE,20,100
2025-02-05,0.9325378052042774,O4,SECTOR_RELATIVE,20,100
2025-02-06,0.9470928487965364,O4,SECTOR_RELATIVE,20,100
2025-02-07,0.9551013816680762,O4,SECTOR_RELATIVE,20,100
2025-02-10,0.9439374700244441,O4,SECTOR_RELATIVE,20,100
2025-02-11,0.9411625774798692,O4,SECTOR_RELATIVE,20,100
2025-02-12,0.9196853247167003,O4,SECTOR_RELATIVE,20,100
2025-02-13,0.9263001327697823,O4,SECTOR_RELATIVE,20,100
2025-02-14,0.9212197849622004,O4,SECTOR_RELATIVE,20,100
2025-02-17,0.919117981392681,O4,SECTOR_RELATIVE,20,100
2025-02-18,0.9149771047697984,O4,SECTOR_RELATIVE,20,100
2025-02-19,0.9051607416990176,O4,SECTOR_RELATIVE,20,100
2025-02-20,0.901963831603571,O4,SECTOR_RELATIVE,20,100
2025-02-21,0.8727119108016109,O4,SECTOR_RELATIVE,20,100
2025-02-24,0.8773261668729969,O4,SECTOR_RELATIVE,20,100
2025-02-25,0.8521880505639318,O4,SECTOR_RELATIVE,20,100
2025-02-26,0.8481803789916715,O4,SECTOR_RELATIVE,20,100
2025-02-27,0.8683123431623917,O4,SECTOR_RELATIVE,20,100
2025-02-28,0.8647319751799825,O4,SECTOR_RELATIVE,20,100
2025-03-03,0.8693190292747901,O4,SECTOR_RELATIVE,20,100
2025-03-04,0.8647269053346058,O4,SECTOR_RELATIVE,20,100
2025-03-05,0.872448774751965,O4,SECTOR_RELATIVE,20,100
2025-03-06,0.90497410611921,O4,SECTOR_RELATIVE,20,100
2025-03-07,0.9310500433573057,O4,SECTOR_RELATIVE,20,100
2025-03-10,0.9351069240347136,O4,SECTOR_RELATIVE,20,100
2025-03-11,0.925721245005394,O4,SECTOR_RELATIVE,20,100
2025-03-12,0.9199528734380795,O4,SECTOR_RELATIVE,20,100
2025-03-13,0.9418723860789786,O4,SECTOR_RELATIVE,20,100
2025-03-14,0.957586585841815,O4,SECTOR_RELATIVE,20,100
2025-03-17,0.9642956012614372,O4,SECTOR_RELATIVE,20,100
2025-03-18,0.9596814301971475,O4,SECTOR_RELATIVE,20,100
2025-03-19,0.8631743142274977,O4,SECTOR_RELATIVE,20,100
2025-03-20,0.857488854864625,O4,SECTOR_RELATIVE,20,100
2025-03-21,0.781613296283041,O4,SECTOR_RELATIVE,20,100
2025-03-24,0.7699790659572304,O4,SECTOR_RELATIVE,20,100
2025-03-25,0.8086553319047115,O4,SECTOR_RELATIVE,20,100
2025-03-26,0.8253264771258947,O4,SECTOR_RELATIVE,20,100
2025-03-27,0.8238636197266163,O4,SECTOR_RELATIVE,20,100
2025-03-28,0.844070606510898,O4,SECTOR_RELATIVE,20,100
2025-04-02,0.8490264633413517,O4,SECTOR_RELATIVE,20,100
2025-04-03,0.8364118979690891,O4,SECTOR_RELATIVE,20,100
2025-04-04,0.8177350167831778,O4,SECTOR_RELATIVE,20,100
2025-04-07,0.8217218902341396,O4,SECTOR_RELATIVE,20,100
2025-04-08,0.8394538731891132,O4,SECTOR_RELATIVE,20,100
2025-04-09,0.8294576372619555,O4,SECTOR_RELATIVE,20,100
2025-01-10,1.0,O4,BETA_RESIDUAL,20,0
2025-01-13,0.9909778923350673,O4,BETA_RESIDUAL,20,0
2025-01-14,0.9862497339392888,O4,BETA_RESIDUAL,20,0
2025-01-15,0.9891350583578254,O4,BETA_RESIDUAL,20,0
2025-01-16,1.0027794970598927,O4,BETA_RESIDUAL,20,0
2025-01-17,1.0025812448465965,O4,BETA_RESIDUAL,20,0
2025-01-20,1.0114441773418572,O4,BETA_RESIDUAL,20,0
2025-01-21,1.010337155489505,O4,BETA_RESIDUAL,20,0
2025-01-22,0.9974966275075079,O4,BETA_RESIDUAL,20,0
2025-01-23,0.9917105649949998,O4,BETA_RESIDUAL,20,0
2025-01-24,1.0013673944825279,O4,BETA_RESIDUAL,20,0
2025-01-27,0.9958685041138658,O4,BETA_RESIDUAL,20,0
2025-01-28,1.0138091344758409,O4,BETA_RESIDUAL,20,0
2025-01-29,1.0005154219166126,O4,BETA_RESIDUAL,20,0
2025-01-30,1.0008438798375214,O4,BETA_RESIDUAL,20,0
2025-01-31,0.9888289041679077,O4,BETA_RESIDUAL,20,0
2025-02-03,0.9584689628590579,O4,BETA_RESIDUAL,20,0
2025-02-04,0.9642616135707723,O4,BETA_RESIDUAL,20,0
2025-02-05,0.9425378052042774,O4,BETA_RESIDUAL,20,0
2025-02-06,0.9570928487965364,O4,BETA_RESIDUAL,20,0
2025-02-07,0.9651013816680762,O4,BETA_RESIDUAL,20,0
2025-02-10,0.9539374700244441,O4,BETA_RESIDUAL,20,0
2025-02-11,0.9511625774798692,O4,BETA_RESIDUAL,20,0
2025-02-12,0.9296853247167003,O4,BETA_RESIDUAL,20,0
2025-02-13,0.9363001327697821,O4,BETA_RESIDUAL,20,0
2025-02-14,0.9312197849622004,O4,BETA_RESIDUAL,20,0
2025-02-17,0.929117981392681,O4,BETA_RESIDUAL,20,0
2025-02-18,0.9249771047697984,O4,BETA_RESIDUAL,20,0
2025-02-19,0.9151607416990176,O4,BETA_RESIDUAL,20,0
2025-02-20,0.911963831603571,O4,BETA_RESIDUAL,20,0
2025-02-21,0.8827119108016109,O4,BETA_RESIDUAL,20,0
2025-02-24,0.8873261668729969,O4,BETA_RESIDUAL,20,0
2025-02-25,0.8621880505639318,O4,BETA_RESIDUAL,20,0
2025-02-26,0.8581803789916715,O4,BETA_RESIDUAL,20,0
2025-02-27,0.8783123431623917,O4,BETA_RESIDUAL,20,0
2025-02-28,0.8747319751799825,O4,BETA_RESIDUAL,20,0
2025-03-03,0.8793190292747901,O4,BETA_RESIDUAL,20,0
2025-03-04,0.8747269053346057,O4,BETA_RESIDUAL,20,0
2025-03-05,0.882448774751965,O4,BETA_RESIDUAL,20,0
2025-03-06,0.91497410611921,O4,BETA_RESIDUAL,20,0
2025-03-07,0.9410500433573057,O4,BETA_RESIDUAL,20,0
2025-03-10,0.9451069240347136,O4,BETA_RESIDUAL,20,0
2025-03-11,0.935721245005394,O4,BETA_RESIDUAL,20,0
2025-03-12,0.9299528734380795,O4,BETA_RESIDUAL,20,0
2025-03-13,0.9518723860789786,O4,BETA_RESIDUAL,20,0
2025-03-14,0.967586585841815,O4,BETA_RESIDUAL,20,0
2025-03-17,0.9742956012614372,O4,BETA_RESIDUAL,20,0
2025-03-18,0.9696814301971475,O4,BETA_RESIDUAL,20,0
2025-03-19,0.8731743142274977,O4,BETA_RESIDUAL,20,0
2025-03-20,0.8674888548646249,O4,BETA_RESIDUAL,20,0
2025-03-21,0.791613296283041,O4,BETA_RESIDUAL,20,0
2025-03-24,0.7799790659572304,O4,BETA_RESIDUAL,20,0
2025-03-25,0.8186553319047115,O4,BETA_RESIDUAL,20,0
2025-03-26,0.8353264771258947,O4,BETA_RESIDUAL,20,0
2025-03-27,0.8338636197266163,O4,BETA_RESIDUAL,20,0
2025-03-28,0.8540706065108981,O4,BETA_RESIDUAL,20,0
2025-04-02,0.8590264633413517,O4,BETA_RESIDUAL,20,0
2025-04-03,0.8464118979690891,O4,BETA_RESIDUAL,20,0
2025-04-04,0.8277350167831778,O4,BETA_RESIDUAL,20,0
2025-04-07,0.8317218902341397,O4,BETA_RESIDUAL,20,0
2025-04-08,0.8494538731891133,O4,BETA_RESIDUAL,20,0
2025-04-09,0.8394576372619555,O4,BETA_RESIDUAL,20,0
2025-01-10,1.0,O4,BETA_RESIDUAL,20,30
2025-01-13,0.9879778923350673,O4,BETA_RESIDUAL,20,30
2025-01-14,0.9832497339392889,O4,BETA_RESIDUAL,20,30
2025-01-15,0.9861350583578254,O4,BETA_RESIDUAL,20,30
2025-01-16,0.9997794970598927,O4,BETA_RESIDUAL,20,30
2025-01-17,0.9995812448465966,O4,BETA_RESIDUAL,20,30
2025-01-20,1.0084441773418573,O4,BETA_RESIDUAL,20,30
2025-01-21,1.0073371554895052,O4,BETA_RESIDUAL,20,30
2025-01-22,0.9944966275075079,O4,BETA_RESIDUAL,20,30
2025-01-23,0.9887105649949998,O4,BETA_RESIDUAL,20,30
2025-01-24,0.998367394482528,O4,BETA_RESIDUAL,20,30
2025-01-27,0.9928685041138657,O4,BETA_RESIDUAL,20,30
2025-01-28,1.010809134475841,O4,BETA_RESIDUAL,20,30
2025-01-29,0.9975154219166125,O4,BETA_RESIDUAL,20,30
2025-01-30,0.9978438798375214,O4,BETA_RESIDUAL,20,30
2025-01-31,0.9858289041679078,O4,BETA_RESIDUAL,20,30
2025-02-03,0.9554689628590579,O4,BETA_RESIDUAL,20,30
2025-02-04,0.9612616135707723,O4,BETA_RESIDUAL,20,30
2025-02-05,0.9395378052042774,O4,BETA_RESIDUAL,20,30
2025-02-06,0.9540928487965366,O4,BETA_RESIDUAL,20,30
2025-02-07,0.9621013816680763,O4,BETA_RESIDUAL,20,30
2025-02-10,0.950937470024444,O4,BETA_RESIDUAL,20,30
2025-02-11,0.9481625774798692,O4,BETA_RESIDUAL,20,30
2025-02-12,0.9266853247167003,O4,BETA_RESIDUAL,20,30
2025-02-13,0.9333001327697822,O4,BETA_RESIDUAL,20,30
2025-02-14,0.9282197849622004,O4,BETA_RESIDUAL,20,30
2025-02-17,0.9261179813926809,O4,BETA_RESIDUAL,20,30
2025-02-18,0.9219771047697984,O4,BETA_RESIDUAL,20,30
2025-02-19,0.9121607416990176,O4,BETA_RESIDUAL,20,30
2025-02-20,0.9089638316035709,O4,BETA_RESIDUAL,20,30
2025-02-21,0.8797119108016108,O4,BETA_RESIDUAL,20,30
2025-02-24,0.8843261668729969,O4,BETA_RESIDUAL,20,30
2025-02-25,0.8591880505639318,O4,BETA_RESIDUAL,20,30
2025-02-26,0.8551803789916717,O4,BETA_RESIDUAL,20,30
2025-02-27,0.8753123431623918,O4,BETA_RESIDUAL,20,30
2025-02-28,0.8717319751799825,O4,BETA_RESIDUAL,20,30
2025-03-03,0.87631902927479,O4,BETA_RESIDUAL,20,30
2025-03-04,0.8717269053346057,O4,BETA_RESIDUAL,20,30
2025-03-05,0.879448774751965,O4,BETA_RESIDUAL,20,30
2025-03-06,0.91197410611921,O4,BETA_RESIDUAL,20,30
2025-03-07,0.9380500433573058,O4,BETA_RESIDUAL,20,30
2025-03-10,0.9421069240347135,O4,BETA_RESIDUAL,20,30
2025-03-11,0.9327212450053939,O4,BETA_RESIDUAL,20,30
2025-03-12,0.9269528734380795,O4,BETA_RESIDUAL,20,30
2025-03-13,0.9488723860789785,O4,BETA_RESIDUAL,20,30
2025-03-14,0.964586585841815,O4,BETA_RESIDUAL,20,30
2025-03-17,0.9712956012614373,O4,BETA_RESIDUAL,20,30
2025-03-18,0.9666814301971475,O4,BETA_RESIDUAL,20,30
2025-03-19,0.8701743142274977,O4,BETA_RESIDUAL,20,30
2025-03-20,0.8644888548646249,O4,BETA_RESIDUAL,20,30
2025-03-21,0.788613296283041,O4,BETA_RESIDUAL,20,30
2025-03-24,0.7769790659572305,O4,BETA_RESIDUAL,20,30
2025-03-25,0.8156553319047115,O4,BETA_RESIDUAL,20,30
2025-03-26,0.8323264771258947,O4,BETA_RESIDUAL,20,30
2025-03-27,0.8308636197266163,O4,BETA_RESIDUAL,20,30
2025-03-28,0.8510706065108979,O4,BETA_RESIDUAL,20,30
2025-04-02,0.8560264633413516,O4,BETA_RESIDUAL,20,30
2025-04-03,0.8434118979690892,O4,BETA_RESIDUAL,20,30
2025-04-04,0.8247350167831777,O4,BETA_RESIDUAL,20,30
2025-04-07,0.8287218902341397,O4,BETA_RESIDUAL,20,30
2025-04-08,0.8464538731891134,O4,BETA_RESIDUAL,20,30
2025-04-09,0.8364576372619557,O4,BETA_RESIDUAL,20,30
2025-01-10,1.0,O4,BETA_RESIDUAL,20,50
2025-01-13,0.9859778923350673,O4,BETA_RESIDUAL,20,50
2025-01-14,0.9812497339392889,O4,BETA_RESIDUAL,20,50
2025-01-15,0.9841350583578254,O4,BETA_RESIDUAL,20,50
2025-01-16,0.9977794970598927,O4,BETA_RESIDUAL,20,50
2025-01-17,0.9975812448465966,O4,BETA_RESIDUAL,20,50
2025-01-20,1.0064441773418573,O4,BETA_RESIDUAL,20,50
2025-01-21,1.0053371554895052,O4,BETA_RESIDUAL,20,50
2025-01-22,0.9924966275075079,O4,BETA_RESIDUAL,20,50
2025-01-23,0.9867105649949998,O4,BETA_RESIDUAL,20,50
2025-01-24,0.996367394482528,O4,BETA_RESIDUAL,20,50
2025-01-27,0.9908685041138657,O4,BETA_RESIDUAL,20,50
2025-01-28,1.008809134475841,O4,BETA_RESIDUAL,20,50
2025-01-29,0.9955154219166125,O4,BETA_RESIDUAL,20,50
2025-01-30,0.9958438798375214,O4,BETA_RESIDUAL,20,50
2025-01-31,0.9838289041679078,O4,BETA_RESIDUAL,20,50
2025-02-03,0.9534689628590579,O4,BETA_RESIDUAL,20,50
2025-02-04,0.9592616135707723,O4,BETA_RESIDUAL,20,50
2025-02-05,0.9375378052042774,O4,BETA_RESIDUAL,20,50
2025-02-06,0.9520928487965366,O4,BETA_RESIDUAL,20,50
2025-02-07,0.9601013816680763,O4,BETA_RESIDUAL,20,50
2025-02-10,0.948937470024444,O4,BETA_RESIDUAL,20,50
2025-02-11,0.9461625774798692,O4,BETA_RESIDUAL,20,50
2025-02-12,0.9246853247167003,O4,BETA_RESIDUAL,20,50
2025-02-13,0.9313001327697822,O4,BETA_RESIDUAL,20,50
2025-02-14,0.9262197849622004,O4,BETA_RESIDUAL,20,50
2025-02-17,0.9241179813926809,O4,BETA_RESIDUAL,20,50
2025-02-18,0.9199771047697984,O4,BETA_RESIDUAL,20,50
2025-02-19,0.9101607416990176,O4,BETA_RESIDUAL,20,50
2025-02-20,0.9069638316035709,O4,BETA_RESIDUAL,20,50
2025-02-21,0.8777119108016108,O4,BETA_RESIDUAL,20,50
2025-02-24,0.8823261668729969,O4,BETA_RESIDUAL,20,50
2025-02-25,0.8571880505639318,O4,BETA_RESIDUAL,20,50
2025-02-26,0.8531803789916717,O4,BETA_RESIDUAL,20,50
2025-02-27,0.8733123431623918,O4,BETA_RESIDUAL,20,50
2025-02-28,0.8697319751799825,O4,BETA_RESIDUAL,20,50
2025-03-03,0.87431902927479,O4,BETA_RESIDUAL,20,50
2025-03-04,0.8697269053346057,O4,BETA_RESIDUAL,20,50
2025-03-05,0.877448774751965,O4,BETA_RESIDUAL,20,50
2025-03-06,0.90997410611921,O4,BETA_RESIDUAL,20,50
2025-03-07,0.9360500433573058,O4,BETA_RESIDUAL,20,50
2025-03-10,0.9401069240347135,O4,BETA_RESIDUAL,20,50
2025-03-11,0.9307212450053939,O4,BETA_RESIDUAL,20,50
2025-03-12,0.9249528734380795,O4,BETA_RESIDUAL,20,50
2025-03-13,0.9468723860789785,O4,BETA_RESIDUAL,20,50
2025-03-14,0.962586585841815,O4,BETA_RESIDUAL,20,50
2025-03-17,0.9692956012614373,O4,BETA_RESIDUAL,20,50
2025-03-18,0.9646814301971475,O4,BETA_RESIDUAL,20,50
2025-03-19,0.8681743142274977,O4,BETA_RESIDUAL,20,50
2025-03-20,0.8624888548646249,O4,BETA_RESIDUAL,20,50
2025-03-21,0.786613296283041,O4,BETA_RESIDUAL,20,50
2025-03-24,0.7749790659572305,O4,BETA_RESIDUAL,20,50
2025-03-25,0.8136553319047115,O4,BETA_RESIDUAL,20,50
2025-03-26,0.8303264771258947,O4,BETA_RESIDUAL,20,50
2025-03-27,0.8288636197266163,O4,BETA_RESIDUAL,20,50
2025-03-28,0.8490706065108979,O4,BETA_RESIDUAL,20,50
2025-04-02,0.8540264633413516,O4,BETA_RESIDUAL,20,50
2025-04-03,0.8414118979690892,O4,BETA_RESIDUAL,20,50
2025-04-04,0.8227350167831777,O4,BETA_RESIDUAL,20,50
2025-04-07,0.8267218902341397,O4,BETA_RESIDUAL,20,50
2025-04-08,0.8444538731891134,O4,BETA_RESIDUAL,20,50
2025-04-09,0.8344576372619557,O4,BETA_RESIDUAL,20,50
2025-01-10,1.0,O4,BETA_RESIDUAL,20,100
2025-01-13,0.9809778923350673,O4,BETA_RESIDUAL,20,100
2025-01-14,0.9762497339392888,O4,BETA_RESIDUAL,20,100
2025-01-15,0.9791350583578254,O4,BETA_RESIDUAL,20,100
2025-01-16,0.9927794970598925,O4,BETA_RESIDUAL,20,100
2025-01-17,0.9925812448465965,O4,BETA_RESIDUAL,20,100
2025-01-20,1.0014441773418574,O4,BETA_RESIDUAL,20,100
2025-01-21,1.000337155489505,O4,BETA_RESIDUAL,20,100
2025-01-22,0.9874966275075079,O4,BETA_RESIDUAL,20,100
2025-01-23,0.9817105649949998,O4,BETA_RESIDUAL,20,100
2025-01-24,0.9913673944825281,O4,BETA_RESIDUAL,20,100
2025-01-27,0.9858685041138658,O4,BETA_RESIDUAL,20,100
2025-01-28,1.0038091344758409,O4,BETA_RESIDUAL,20,100
2025-01-29,0.9905154219166126,O4,BETA_RESIDUAL,20,100
2025-01-30,0.9908438798375214,O4,BETA_RESIDUAL,20,100
2025-01-31,0.9788289041679079,O4,BETA_RESIDUAL,20,100
2025-02-03,0.9484689628590579,O4,BETA_RESIDUAL,20,100
2025-02-04,0.9542616135707723,O4,BETA_RESIDUAL,20,100
2025-02-05,0.9325378052042774,O4,BETA_RESIDUAL,20,100
2025-02-06,0.9470928487965364,O4,BETA_RESIDUAL,20,100
2025-02-07,0.9551013816680762,O4,BETA_RESIDUAL,20,100
2025-02-10,0.9439374700244441,O4,BETA_RESIDUAL,20,100
2025-02-11,0.9411625774798692,O4,BETA_RESIDUAL,20,100
2025-02-12,0.9196853247167003,O4,BETA_RESIDUAL,20,100
2025-02-13,0.9263001327697823,O4,BETA_RESIDUAL,20,100
2025-02-14,0.9212197849622004,O4,BETA_RESIDUAL,20,100
2025-02-17,0.919117981392681,O4,BETA_RESIDUAL,20,100
2025-02-18,0.9149771047697984,O4,BETA_RESIDUAL,20,100
2025-02-19,0.9051607416990176,O4,BETA_RESIDUAL,20,100
2025-02-20,0.901963831603571,O4,BETA_RESIDUAL,20,100
2025-02-21,0.8727119108016109,O4,BETA_RESIDUAL,20,100
2025-02-24,0.8773261668729969,O4,BETA_RESIDUAL,20,100
2025-02-25,0.8521880505639318,O4,BETA_RESIDUAL,20,100
2025-02-26,0.8481803789916715,O4,BETA_RESIDUAL,20,100
2025-02-27,0.8683123431623917,O4,BETA_RESIDUAL,20,100
2025-02-28,0.8647319751799825,O4,BETA_RESIDUAL,20,100
2025-03-03,0.8693190292747901,O4,BETA_RESIDUAL,20,100
2025-03-04,0.8647269053346058,O4,BETA_RESIDUAL,20,100
2025-03-05,0.872448774751965,O4,BETA_RESIDUAL,20,100
2025-03-06,0.90497410611921,O4,BETA_RESIDUAL,20,100
2025-03-07,0.9310500433573057,O4,BETA_RESIDUAL,20,100
2025-03-10,0.9351069240347136,O4,BETA_RESIDUAL,20,100
2025-03-11,0.925721245005394,O4,BETA_RESIDUAL,20,100
2025-03-12,0.9199528734380795,O4,BETA_RESIDUAL,20,100
2025-03-13,0.9418723860789786,O4,BETA_RESIDUAL,20,100
2025-03-14,0.957586585841815,O4,BETA_RESIDUAL,20,100
2025-03-17,0.9642956012614372,O4,BETA_RESIDUAL,20,100
2025-03-18,0.9596814301971475,O4,BETA_RESIDUAL,20,100
2025-03-19,0.8631743142274977,O4,BETA_RESIDUAL,20,100
2025-03-20,0.857488854864625,O4,BETA_RESIDUAL,20,100
2025-03-21,0.781613296283041,O4,BETA_RESIDUAL,20,100
2025-03-24,0.7699790659572304,O4,BETA_RESIDUAL,20,100
2025-03-25,0.8086553319047115,O4,BETA_RESIDUAL,20,100
2025-03-26,0.8253264771258947,O4,BETA_RESIDUAL,20,100
2025-03-27,0.8238636197266163,O4,BETA_RESIDUAL,20,100
2025-03-28,0.844070606510898,O4,BETA_RESIDUAL,20,100
2025-04-02,0.8490264633413517,O4,BETA_RESIDUAL,20,100
2025-04-03,0.8364118979690891,O4,BETA_RESIDUAL,20,100
2025-04-04,0.8177350167831778,O4,BETA_RESIDUAL,20,100
2025-04-07,0.8217218902341396,O4,BETA_RESIDUAL,20,100
2025-04-08,0.8394538731891132,O4,BETA_RESIDUAL,20,100
2025-04-09,0.8294576372619555,O4,BETA_RESIDUAL,20,100
2025-01-10,1.0,O4,VOL_SCALED,20,0
2025-01-13,0.9704961256347809,O4,VOL_SCALED,20,0
2025-01-14,0.9640451473408526,O4,VOL_SCALED,20,0
2025-01-15,0.9641339654771661,O4,VOL_SCALED,20,0
2025-01-16,0.9738627979246939,O4,VOL_SCALED,20,0
2025-01-17,0.9767917980014671,O4,VOL_SCALED,20,0
2025-01-20,0.9747118498598776,O4,VOL_SCALED,20,0
2025-01-21,0.9623080905610145,O4,VOL_SCALED,20,0
2025-01-22,0.9694299515732295,O4,VOL_SCALED,20,0
2025-01-23,0.9660478481805037,O4,VOL_SCALED,20,0
2025-01-24,0.9679862021406964,O4,VOL_SCALED,20,0
2025-01-27,0.9498112230544582,O4,VOL_SCALED,20,0
2025-01-28,0.95433700051835,O4,VOL_SCALED,20,0
2025-01-29,0.9468938220012821,O4,VOL_SCALED,20,0
2025-01-30,0.9465632044491922,O4,VOL_SCALED,20,0
2025-01-31,0.934657332445831,O4,VOL_SCALED,20,0
2025-02-03,0.9067710063323238,O4,VOL_SCALED,20,0
2025-02-04,0.9138848179750322,O4,VOL_SCALED,20,0
2025-02-05,0.9007550400709023,O4,VOL_SCALED,20,0
2025-02-06,0.9162561555016776,O4,VOL_SCALED,20,0
2025-02-07,0.9299847134942627,O4,VOL_SCALED,20,0
2025-02-10,0.9215667988634019,O4,VOL_SCALED,20,0
2025-02-11,0.9214191549766,O4,VOL_SCALED,20,0
2025-02-12,0.9103247301232148,O4,VOL_SCALED,20,0
2025-02-13,0.9153231908282483,O4,VOL_SCALED,20,0
2025-02-14,0.9129726079297686,O4,VOL_SCALED,20,0
2025-02-17,0.9096636707463246,O4,VOL_SCALED,20,0
2025-02-18,0.9028540208377938,O4,VOL_SCALED,20,0
2025-02-19,0.8850322332287833,O4,VOL_SCALED,20,0
2025-02-20,0.8962042130931234,O4,VOL_SCALED,20,0
2025-02-21,0.8794436953196075,O4,VOL_SCALED,20,0
2025-02-24,0.8850860900351254,O4,VOL_SCALED,20,0
2025-02-25,0.8648953591485924,O4,VOL_SCALED,20,0
2025-02-26,0.869366863822848,O4,VOL_SCALED,20,0
2025-02-27,0.8832067281279596,O4,VOL_SCALED,20,0
2025-02-28,0.8747123815035235,O4,VOL_SCALED,20,0
2025-03-03,0.8862115045164994,O4,VOL_SCALED,20,0
2025-03-04,0.8768717656854891,O4,VOL_SCALED,20,0
2025-03-05,0.9024032916016146,O4,VOL_SCALED,20,0
2025-03-06,0.9458257853885768,O4,VOL_SCALED,20,0
2025-03-07,0.9609330130259927,O4,VOL_SCALED,20,0
2025-03-10,0.9692823545210467,O4,VOL_SCALED,20,0
2025-03-11,0.9748153480590216,O4,VOL_SCALED,20,0
2025-03-12,0.971707895626253,O4,VOL_SCALED,20,0
2025-03-13,0.9916202621161601,O4,VOL_SCALED,20,0
2025-03-14,1.0004390546970354,O4,VOL_SCALED,20,0
2025-03-17,1.0130032257256174,O4,VOL_SCALED,20,0
2025-03-18,1.0166766539270988,O4,VOL_SCALED,20,0
2025-03-19,0.9291409080582297,O4,VOL_SCALED,20,0
2025-03-20,0.949017659950845,O4,VOL_SCALED,20,0
2025-03-21,0.8878767450434966,O4,VOL_SCALED,20,0
2025-03-24,0.8887599252606533,O4,VOL_SCALED,20,0
2025-03-25,0.9365141008225548,O4,VOL_SCALED,20,0
2025-03-26,0.9319546394399819,O4,VOL_SCALED,20,0
2025-03-27,0.9349116759630023,O4,VOL_SCALED,20,0
2025-03-28,0.9522615810662768,O4,VOL_SCALED,20,0
2025-04-02,0.940276722328692,O4,VOL_SCALED,20,0
2025-04-03,0.9389754556207981,O4,VOL_SCALED,20,0
2025-04-04,0.9260618866088233,O4,VOL_SCALED,20,0
2025-04-07,0.9249168261260676,O4,VOL_SCALED,20,0
2025-04-08,0.933610307106851,O4,VOL_SCALED,20,0
2025-04-09,0.9205438609151626,O4,VOL_SCALED,20,0
2025-01-10,1.0,O4,VOL_SCALED,20,30
2025-01-13,0.9674961256347809,O4,VOL_SCALED,20,30
2025-01-14,0.9610451473408524,O4,VOL_SCALED,20,30
2025-01-15,0.9611339654771661,O4,VOL_SCALED,20,30
2025-01-16,0.9708627979246938,O4,VOL_SCALED,20,30
2025-01-17,0.9737917980014671,O4,VOL_SCALED,20,30
2025-01-20,0.9717118498598777,O4,VOL_SCALED,20,30
2025-01-21,0.9593080905610145,O4,VOL_SCALED,20,30
2025-01-22,0.9664299515732295,O4,VOL_SCALED,20,30
2025-01-23,0.9630478481805038,O4,VOL_SCALED,20,30
2025-01-24,0.9649862021406964,O4,VOL_SCALED,20,30
2025-01-27,0.9468112230544582,O4,VOL_SCALED,20,30
2025-01-28,0.9513370005183499,O4,VOL_SCALED,20,30
2025-01-29,0.9438938220012822,O4,VOL_SCALED,20,30
2025-01-30,0.9435632044491922,O4,VOL_SCALED,20,30
2025-01-31,0.9316573324458312,O4,VOL_SCALED,20,30
2025-02-03,0.9037710063323238,O4,VOL_SCALED,20,30
2025-02-04,0.9108848179750322,O4,VOL_SCALED,20,30
2025-02-05,0.8977550400709025,O4,VOL_SCALED,20,30
2025-02-06,0.9132561555016776,O4,VOL_SCALED,20,30
2025-02-07,0.9269847134942627,O4,VOL_SCALED,20,30
2025-02-10,0.9185667988634019,O4,VOL_SCALED,20,30
2025-02-11,0.9184191549765999,O4,VOL_SCALED,20,30
2025-02-12,0.9073247301232148,O4,VOL_SCALED,20,30
2025-02-13,0.9123231908282483,O4,VOL_SCALED,20,30
2025-02-14,0.9099726079297688,O4,VOL_SCALED,20,30
2025-02-17,0.9066636707463246,O4,VOL_SCALED,20,30
2025-02-18,0.8998540208377939,O4,VOL_SCALED,20,30
2025-02-19,0.8820322332287833,O4,VOL_SCALED,20,30
2025-02-20,0.8932042130931234,O4,VOL_SCALED,20,30
2025-02-21,0.8764436953196076,O4,VOL_SCALED,20,30
2025-02-24,0.8820860900351253,O4,VOL_SCALED,20,30
2025-02-25,0.8618953591485924,O4,VOL_SCALED,20,30
2025-02-26,0.866366863822848,O4,VOL_SCALED,20,30
2025-02-27,0.8802067281279597,O4,VOL_SCALED,20,30
2025-02-28,0.8717123815035235,O4,VOL_SCALED,20,30
2025-03-03,0.8832115045164995,O4,VOL_SCALED,20,30
2025-03-04,0.8738717656854891,O4,VOL_SCALED,20,30
2025-03-05,0.8994032916016147,O4,VOL_SCALED,20,30
2025-03-06,0.9428257853885766,O4,VOL_SCALED,20,30
2025-03-07,0.9579330130259928,O4,VOL_SCALED,20,30
2025-03-10,0.9662823545210468,O4,VOL_SCALED,20,30
2025-03-11,0.9718153480590217,O4,VOL_SCALED,20,30
2025-03-12,0.9687078956262529,O4,VOL_SCALED,20,30
2025-03-13,0.98862026211616,O4,VOL_SCALED,20,30
2025-03-14,0.9974390546970354,O4,VOL_SCALED,20,30
2025-03-17,1.0100032257256175,O4,VOL_SCALED,20,30
2025-03-18,1.0136766539270987,O4,VOL_SCALED,20,30
2025-03-19,0.9261409080582298,O4,VOL_SCALED,20,30
2025-03-20,0.9460176599508451,O4,VOL_SCALED,20,30
2025-03-21,0.8848767450434964,O4,VOL_SCALED,20,30
2025-03-24,0.8857599252606534,O4,VOL_SCALED,20,30
2025-03-25,0.9335141008225548,O4,VOL_SCALED,20,30
2025-03-26,0.9289546394399819,O4,VOL_SCALED,20,30
2025-03-27,0.9319116759630022,O4,VOL_SCALED,20,30
2025-03-28,0.9492615810662768,O4,VOL_SCALED,20,30
2025-04-02,0.9372767223286921,O4,VOL_SCALED,20,30
2025-04-03,0.9359754556207982,O4,VOL_SCALED,20,30
2025-04-04,0.9230618866088232,O4,VOL_SCALED,20,30
2025-04-07,0.9219168261260675,O4,VOL_SCALED,20,30
2025-04-08,0.9306103071068511,O4,VOL_SCALED,20,30
2025-04-09,0.9175438609151627,O4,VOL_SCALED,20,30
2025-01-10,1.0,O4,VOL_SCALED,20,50
2025-01-13,0.9654961256347809,O4,VOL_SCALED,20,50
2025-01-14,0.9590451473408524,O4,VOL_SCALED,20,50
2025-01-15,0.9591339654771661,O4,VOL_SCALED,20,50
2025-01-16,0.9688627979246938,O4,VOL_SCALED,20,50
2025-01-17,0.9717917980014671,O4,VOL_SCALED,20,50
2025-01-20,0.9697118498598777,O4,VOL_SCALED,20,50
2025-01-21,0.9573080905610145,O4,VOL_SCALED,20,50
2025-01-22,0.9644299515732295,O4,VOL_SCALED,20,50
2025-01-23,0.9610478481805038,O4,VOL_SCALED,20,50
2025-01-24,0.9629862021406964,O4,VOL_SCALED,20,50
2025-01-27,0.9448112230544582,O4,VOL_SCALED,20,50
2025-01-28,0.9493370005183499,O4,VOL_SCALED,20,50
2025-01-29,0.9418938220012822,O4,VOL_SCALED,20,50
2025-01-30,0.9415632044491922,O4,VOL_SCALED,20,50
2025-01-31,0.9296573324458312,O4,VOL_SCALED,20,50
2025-02-03,0.9017710063323238,O4,VOL_SCALED,20,50
2025-02-04,0.9088848179750322,O4,VOL_SCALED,20,50
2025-02-05,0.8957550400709025,O4,VOL_SCALED,20,50
2025-02-06,0.9112561555016776,O4,VOL_SCALED,20,50
2025-02-07,0.9249847134942627,O4,VOL_SCALED,20,50
2025-02-10,0.9165667988634019,O4,VOL_SCALED,20,50
2025-02-11,0.9164191549765999,O4,VOL_SCALED,20,50
2025-02-12,0.9053247301232148,O4,VOL_SCALED,20,50
2025-02-13,0.9103231908282483,O4,VOL_SCALED,20,50
2025-02-14,0.9079726079297687,O4,VOL_SCALED,20,50
2025-02-17,0.9046636707463246,O4,VOL_SCALED,20,50
2025-02-18,0.8978540208377939,O4,VOL_SCALED,20,50
2025-02-19,0.8800322332287833,O4,VOL_SCALED,20,50
2025-02-20,0.8912042130931234,O4,VOL_SCALED,20,50
2025-02-21,0.8744436953196076,O4,VOL_SCALED,20,50
2025-02-24,0.8800860900351253,O4,VOL_SCALED,20,50
2025-02-25,0.8598953591485924,O4,VOL_SCALED,20,50
2025-02-26,0.864366863822848,O4,VOL_SCALED,20,50
2025-02-27,0.8782067281279597,O4,VOL_SCALED,20,50
2025-02-28,0.8697123815035235,O4,VOL_SCALED,20,50
2025-03-03,0.8812115045164995,O4,VOL_SCALED,20,50
2025-03-04,0.8718717656854891,O4,VOL_SCALED,20,50
2025-03-05,0.8974032916016147,O4,VOL_SCALED,20,50
2025-03-06,0.9408257853885766,O4,VOL_SCALED,20,50
2025-03-07,0.9559330130259928,O4,VOL_SCALED,20,50
2025-03-10,0.9642823545210468,O4,VOL_SCALED,20,50
2025-03-11,0.9698153480590217,O4,VOL_SCALED,20,50
2025-03-12,0.9667078956262529,O4,VOL_SCALED,20,50
2025-03-13,0.98662026211616,O4,VOL_SCALED,20,50
2025-03-14,0.9954390546970354,O4,VOL_SCALED,20,50
2025-03-17,1.0080032257256175,O4,VOL_SCALED,20,50
2025-03-18,1.0116766539270987,O4,VOL_SCALED,20,50
2025-03-19,0.9241409080582298,O4,VOL_SCALED,20,50
2025-03-20,0.9440176599508451,O4,VOL_SCALED,20,50
2025-03-21,0.8828767450434964,O4,VOL_SCALED,20,50
2025-03-24,0.8837599252606534,O4,VOL_SCALED,20,50
2025-03-25,0.9315141008225548,O4,VOL_SCALED,20,50
2025-03-26,0.9269546394399819,O4,VOL_SCALED,20,50
2025-03-27,0.9299116759630022,O4,VOL_SCALED,20,50
2025-03-28,0.9472615810662768,O4,VOL_SCALED,20,50
2025-04-02,0.9352767223286921,O4,VOL_SCALED,20,50
2025-04-03,0.9339754556207982,O4,VOL_SCALED,20,50
2025-04-04,0.9210618866088232,O4,VOL_SCALED,20,50
2025-04-07,0.9199168261260675,O4,VOL_SCALED,20,50
2025-04-08,0.9286103071068511,O4,VOL_SCALED,20,50
2025-04-09,0.9155438609151627,O4,VOL_SCALED,20,50
2025-01-10,1.0,O4,VOL_SCALED,20,100
2025-01-13,0.960496125634781,O4,VOL_SCALED,20,100
2025-01-14,0.9540451473408526,O4,VOL_SCALED,20,100
2025-01-15,0.9541339654771661,O4,VOL_SCALED,20,100
2025-01-16,0.9638627979246939,O4,VOL_SCALED,20,100
2025-01-17,0.9667917980014671,O4,VOL_SCALED,20,100
2025-01-20,0.9647118498598778,O4,VOL_SCALED,20,100
2025-01-21,0.9523080905610145,O4,VOL_SCALED,20,100
2025-01-22,0.9594299515732295,O4,VOL_SCALED,20,100
2025-01-23,0.9560478481805039,O4,VOL_SCALED,20,100
2025-01-24,0.9579862021406965,O4,VOL_SCALED,20,100
2025-01-27,0.9398112230544582,O4,VOL_SCALED,20,100
2025-01-28,0.94433700051835,O4,VOL_SCALED,20,100
2025-01-29,0.9368938220012821,O4,VOL_SCALED,20,100
2025-01-30,0.9365632044491923,O4,VOL_SCALED,20,100
2025-01-31,0.924657332445831,O4,VOL_SCALED,20,100
2025-02-03,0.8967710063323238,O4,VOL_SCALED,20,100
2025-02-04,0.9038848179750322,O4,VOL_SCALED,20,100
2025-02-05,0.8907550400709023,O4,VOL_SCALED,20,100
2025-02-06,0.9062561555016776,O4,VOL_SCALED,20,100
2025-02-07,0.9199847134942627,O4,VOL_SCALED,20,100
2025-02-10,0.9115667988634019,O4,VOL_SCALED,20,100
2025-02-11,0.9114191549766,O4,VOL_SCALED,20,100
2025-02-12,0.9003247301232148,O4,VOL_SCALED,20,100
2025-02-13,0.9053231908282484,O4,VOL_SCALED,20,100
2025-02-14,0.9029726079297686,O4,VOL_SCALED,20,100
2025-02-17,0.8996636707463246,O4,VOL_SCALED,20,100
2025-02-18,0.8928540208377937,O4,VOL_SCALED,20,100
2025-02-19,0.8750322332287833,O4,VOL_SCALED,20,100
2025-02-20,0.8862042130931234,O4,VOL_SCALED,20,100
2025-02-21,0.8694436953196075,O4,VOL_SCALED,20,100
2025-02-24,0.8750860900351254,O4,VOL_SCALED,20,100
2025-02-25,0.8548953591485924,O4,VOL_SCALED,20,100
2025-02-26,0.859366863822848,O4,VOL_SCALED,20,100
2025-02-27,0.8732067281279596,O4,VOL_SCALED,20,100
2025-02-28,0.8647123815035235,O4,VOL_SCALED,20,100
2025-03-03,0.8762115045164994,O4,VOL_SCALED,20,100
2025-03-04,0.8668717656854891,O4,VOL_SCALED,20,100
2025-03-05,0.8924032916016146,O4,VOL_SCALED,20,100
2025-03-06,0.9358257853885767,O4,VOL_SCALED,20,100
2025-03-07,0.9509330130259926,O4,VOL_SCALED,20,100
2025-03-10,0.9592823545210467,O4,VOL_SCALED,20,100
2025-03-11,0.9648153480590216,O4,VOL_SCALED,20,100
2025-03-12,0.961707895626253,O4,VOL_SCALED,20,100
2025-03-13,0.98162026211616,O4,VOL_SCALED,20,100
2025-03-14,0.9904390546970354,O4,VOL_SCALED,20,100
2025-03-17,1.0030032257256176,O4,VOL_SCALED,20,100
2025-03-18,1.0066766539270988,O4,VOL_SCALED,20,100
2025-03-19,0.9191409080582297,O4,VOL_SCALED,20,100
2025-03-20,0.939017659950845,O4,VOL_SCALED,20,100
2025-03-21,0.8778767450434966,O4,VOL_SCALED,20,100
2025-03-24,0.8787599252606533,O4,VOL_SCALED,20,100
2025-03-25,0.9265141008225548,O4,VOL_SCALED,20,100
2025-03-26,0.921954639439982,O4,VOL_SCALED,20,100
2025-03-27,0.9249116759630023,O4,VOL_SCALED,20,100
2025-03-28,0.9422615810662768,O4,VOL_SCALED,20,100
2025-04-02,0.930276722328692,O4,VOL_SCALED,20,100
2025-04-03,0.9289754556207983,O4,VOL_SCALED,20,100
2025-04-04,0.9160618866088233,O4,VOL_SCALED,20,100
2025-04-07,0.9149168261260676,O4,VOL_SCALED,20,100
2025-04-08,0.9236103071068512,O4,VOL_SCALED,20,100
2025-04-09,0.9105438609151626,O4,VOL_SCALED,20,100
