legacy_observation_id,ticker,kap_ticker,financial_period,period_end,legacy_available_date,legacy_source_file,legacy_sector,legacy_is_bank,local_revenue,local_operating_profit,local_ebitda,local_net_income,local_equity,local_cfo,local_fcf
AEFES.IS:2018Q1,AEFES.IS,AEFES,2018Q1,2018-03-31,2018-05-15,data/fundamentals/AEFES_IS.parquet,XUSIN.IS,False,2709332000.0,48564000.0,286626000.0,-147642000.0,20369622000.0,107612000.0,-166193000.0
AEFES.IS:2018Q2,AEFES.IS,AEFES,2018Q2,2018-06-30,2018-08-15,data/fundamentals/AEFES_IS.parquet,XUSIN.IS,False,8042943000.0,540424000.0,1158259000.0,-9141000.0,21695410000.0,823908000.0,290170000.0
AEFES.IS:2018Q3,AEFES.IS,AEFES,2018Q3,2018-09-30,2018-11-15,data/fundamentals/AEFES_IS.parquet,XUSIN.IS,False,14364132000.0,1270672000.0,2329708000.0,-63516000.0,25990458000.0,2580776000.0,1749898000.0
AEFES.IS:2018Q4,AEFES.IS,AEFES,2018Q4,2018-12-31,2019-03-15,data/fundamentals/AEFES_IS.parquet,XUSIN.IS,False,18689686000.0,1216886000.0,2713636000.0,98886000.0,21322274000.0,2818246000.0,1445459000.0
AEFES.IS:2019Q1,AEFES.IS,AEFES,2019Q1,2019-03-31,2019-05-15,data/fundamentals/AEFES_IS.parquet,XUSIN.IS,False,3913279000.0,-83840000.0,366421000.0,-336387000.0,22453053000.0,227252000.0,-77349000.0
AEFES.IS:2019Q2,AEFES.IS,AEFES,2019Q2,2019-06-30,2019-08-15,data/fundamentals/AEFES_IS.parquet,XUSIN.IS,False,11026562000.0,936107000.0,1808503000.0,280638000.0,22703567000.0,1733809000.0,845901000.0
AEFES.IS:2019Q3,AEFES.IS,AEFES,2019Q3,2019-09-30,2019-11-15,data/fundamentals/AEFES_IS.parquet,XUSIN.IS,False,18064482000.0,1915630000.0,3205184000.0,1169882000.0,22821899000.0,3048060000.0,1770655000.0
AEFES.IS:2019Q4,AEFES.IS,AEFES,2019Q4,2019-12-31,2020-03-15,data/fundamentals/AEFES_IS.parquet,XUSIN.IS,False,23076564000.0,2077019000.0,3820224000.0,1308595000.0,24380300000.0,4157115000.0,2630941000.0
AEFES.IS:2020Q1,AEFES.IS,AEFES,2020Q1,2020-03-31,2020-05-15,data/fundamentals/AEFES_IS.parquet,XUSIN.IS,False,4513520000.0,-241653000.0,259644000.0,-354288000.0,22161771000.0,-563605000.0,-1012173000.0
AEFES.IS:2020Q2,AEFES.IS,AEFES,2020Q2,2020-06-30,2020-08-15,data/fundamentals/AEFES_IS.parquet,XUSIN.IS,False,11583735000.0,762477000.0,1769666000.0,324675000.0,24780277000.0,2046232000.0,1165265000.0
AEFES.IS:2020Q3,AEFES.IS,AEFES,2020Q3,2020-09-30,2020-11-15,data/fundamentals/AEFES_IS.parquet,XUSIN.IS,False,20323648000.0,2328146000.0,3849285000.0,1269745000.0,25692897000.0,4402418000.0,3212936000.0
AEFES.IS:2020Q4,AEFES.IS,AEFES,2020Q4,2020-12-31,2021-03-15,data/fundamentals/AEFES_IS.parquet,XUSIN.IS,False,26742693000.0,2676062000.0,4749111000.0,1452910000.0,25014728000.0,4972316000.0,3457295000.0
AEFES.IS:2021Q1,AEFES.IS,AEFES,2021Q1,2021-03-31,2021-05-15,data/fundamentals/AEFES_IS.parquet,XUSIN.IS,False,6159333000.0,116885000.0,655939000.0,416618000.0,27124148000.0,352790000.0,-81776000.0
AEFES.IS:2021Q2,AEFES.IS,AEFES,2021Q2,2021-06-30,2021-08-15,data/fundamentals/AEFES_IS.parquet,XUSIN.IS,False,16546562000.0,1567777000.0,2664247000.0,1336207000.0,27704083000.0,3380859000.0,2268332000.0
AEFES.IS:2021Q3,AEFES.IS,AEFES,2021Q3,2021-09-30,2021-11-15,data/fundamentals/AEFES_IS.parquet,XUSIN.IS,False,28333587000.0,3313163000.0,4987407000.0,2425557000.0,29333268000.0,6448420000.0,2800471000.0
AEFES.IS:2021Q4,AEFES.IS,AEFES,2021Q4,2021-12-31,2022-03-15,data/fundamentals/AEFES_IS.parquet,XUSIN.IS,False,39284384000.0,4048280000.0,6447286000.0,2367266000.0,39332493000.0,8072534000.0,2282800000.0
AEFES.IS:2022Q1,AEFES.IS,AEFES,2022Q1,2022-03-31,2022-05-15,data/fundamentals/AEFES_IS.parquet,XUSIN.IS,False,13767417000.0,1184688000.0,2037020000.0,-209790000.0,40220641000.0,774412000.0,-748091000.0
AEFES.IS:2022Q2,AEFES.IS,AEFES,2022Q2,2022-06-30,2022-08-15,data/fundamentals/AEFES_IS.parquet,XUSIN.IS,False,38297916000.0,4908909000.0,6797780000.0,2258929000.0,56268766000.0,7778679000.0,5187435000.0
AEFES.IS:2022Q3,AEFES.IS,AEFES,2022Q3,2022-09-30,2022-11-15,data/fundamentals/AEFES_IS.parquet,XUSIN.IS,False,68053082000.0,10516317000.0,13459709000.0,5427065000.0,61376976000.0,11451803000.0,7588513000.0
AEFES.IS:2022Q4,AEFES.IS,AEFES,2022Q4,2022-12-31,2023-03-15,data/fundamentals/AEFES_IS.parquet,XUSIN.IS,False,155060052000.0,16716188000.0,25327907000.0,23003578000.0,134725218000.0,14550131000.0,4827506000.0
AEFES.IS:2023Q1,AEFES.IS,AEFES,2023Q1,2023-03-31,2023-05-15,data/fundamentals/AEFES_IS.parquet,XUSIN.IS,False,44914937000.0,3526062000.0,6164723000.0,5622563000.0,56254565000.0,-1592167000.0,-5665223000.0
AEFES.IS:2023Q2,AEFES.IS,AEFES,2023Q2,2023-06-30,2023-08-15,data/fundamentals/AEFES_IS.parquet,XUSIN.IS,False,108651986000.0,13978092000.0,19236897000.0,15027594000.0,73822378000.0,11496573000.0,3890108000.0
AEFES.IS:2023Q3,AEFES.IS,AEFES,2023Q3,2023-09-30,2023-11-15,data/fundamentals/AEFES_IS.parquet,XUSIN.IS,False,179026728000.0,26556087000.0,34452261000.0,36338059000.0,81201685000.0,26365853000.0,14920760000.0
AEFES.IS:2023Q4,AEFES.IS,AEFES,2023Q4,2023-12-31,2024-03-15,data/fundamentals/AEFES_IS.parquet,XUSIN.IS,False,230829114000.0,28116504000.0,39048001000.0,48427296000.0,187516402000.0,34409262000.0,18674550000.0
AEFES.IS:2024Q1,AEFES.IS,AEFES,2024Q1,2024-03-31,2024-05-15,data/fundamentals/AEFES_IS.parquet,XUSIN.IS,False,60160356000.0,4040608000.0,7376507000.0,7105148000.0,146610492000.0,-4262856000.0,-8796980000.0
AEFES.IS:2024Q2,AEFES.IS,AEFES,2024Q2,2024-06-30,2024-08-15,data/fundamentals/AEFES_IS.parquet,XUSIN.IS,False,145489930000.0,17319678000.0,24230482000.0,16777891000.0,158074887000.0,15606842000.0,4990586000.0
AEFES.IS:2024Q3,AEFES.IS,AEFES,2024Q3,2024-09-30,2024-11-15,data/fundamentals/AEFES_IS.parquet,XUSIN.IS,False,239310757000.0,32387452000.0,43109829000.0,30653451000.0,171577305000.0,33874680000.0,16966211000.0
AEFES.IS:2024Q4,AEFES.IS,AEFES,2024Q4,2024-12-31,2025-03-15,data/fundamentals/AEFES_IS.parquet,XUSIN.IS,False,302825275779.0,34996527494.0,49989366778.0,30556553679.0,222212202323.0,42426562473.0,18002382462.0
AEFES.IS:2025Q1,AEFES.IS,AEFES,2025Q1,2025-03-31,2025-05-15,data/fundamentals/AEFES_IS.parquet,XUSIN.IS,False,58033193000.0,994364000.0,4681823000.0,4855475000.0,181918905000.0,-11588291000.0,-51488178000.0
AEFES.IS:2025Q2,AEFES.IS,AEFES,2025Q2,2025-06-30,2025-08-15,data/fundamentals/AEFES_IS.parquet,XUSIN.IS,False,147172767000.0,12877560000.0,20734092000.0,13918822000.0,193920109000.0,9541135000.0,-38178529000.0
AEFES.IS:2025Q3,AEFES.IS,AEFES,2025Q3,2025-09-30,2025-11-15,data/fundamentals/AEFES_IS.parquet,XUSIN.IS,False,188622454000.0,22533420000.0,32092998000.0,20106097000.0,212651768000.0,25714597000.0,-16851060000.0
AEFES.IS:2025Q4,AEFES.IS,AEFES,2025Q4,2025-12-31,2026-03-15,data/fundamentals/AEFES_IS.parquet,XUSIN.IS,False,287150653458.0,31078684999.0,46567758174.0,20415229149.0,257896036579.0,40218634741.0,-15243036868.0
AEFES.IS:2026Q1,AEFES.IS,AEFES,2026Q1,2026-03-31,2026-05-15,data/fundamentals/AEFES_IS.parquet,XUSIN.IS,False,62424703000.0,4281965000.0,8065157000.0,4524638000.0,235846893000.0,-184762000.0,-3533542000.0
AEFES.IS:2026Q2,AEFES.IS,AEFES,2026Q2,2026-06-30,2026-08-15,data/fundamentals/AEFES_IS.parquet,XUSIN.IS,False,154294387000.0,17653735000.0,26077715000.0,14068480000.0,252419350000.0,12143061000.0,2445413000.0
AGHOL.IS:2018Q1,AGHOL.IS,AGHOL,2018Q1,2018-03-31,2018-05-15,data/fundamentals/AGHOL_IS.parquet,XUSIN.IS,False,3868865000.0,162775000.0,442748000.0,-456906000.0,21666432000.0,304680000.0,63288000.0
AGHOL.IS:2018Q2,AGHOL.IS,AGHOL,2018Q2,2018-06-30,2018-08-15,data/fundamentals/AGHOL_IS.parquet,XUSIN.IS,False,10436742000.0,771909000.0,1532283000.0,-637072000.0,22955689000.0,802885000.0,204647000.0
AGHOL.IS:2018Q3,AGHOL.IS,AGHOL,2018Q3,2018-09-30,2018-11-15,data/fundamentals/AGHOL_IS.parquet,XUSIN.IS,False,18138295000.0,1679722000.0,2865437000.0,-1470740000.0,26032927000.0,3083788000.0,2179636000.0
AGHOL.IS:2018Q4,AGHOL.IS,AGHOL,2018Q4,2018-12-31,2019-03-15,data/fundamentals/AGHOL_IS.parquet,XUSIN.IS,False,23981255000.0,1659594000.0,3322819000.0,-1103479000.0,21653763000.0,3922791000.0,2483765000.0
AGHOL.IS:2019Q1,AGHOL.IS,AGHOL,2019Q1,2019-03-31,2019-05-15,data/fundamentals/AGHOL_IS.parquet,XUSIN.IS,False,5291753000.0,12578000.0,519528000.0,-667533000.0,22428642000.0,618706000.0,242419000.0
AGHOL.IS:2019Q2,AGHOL.IS,AGHOL,2019Q2,2019-06-30,2019-08-15,data/fundamentals/AGHOL_IS.parquet,XUSIN.IS,False,17599528000.0,1012841000.0,2139106000.0,581373000.0,21425460000.0,3028224000.0,3882545000.0
AGHOL.IS:2019Q3,AGHOL.IS,AGHOL,2019Q3,2019-09-30,2019-11-15,data/fundamentals/AGHOL_IS.parquet,XUSIN.IS,False,32279812000.0,2584732000.0,4404380000.0,1548598000.0,21587927000.0,5404671000.0,5859819000.0
AGHOL.IS:2019Q4,AGHOL.IS,AGHOL,2019Q4,2019-12-31,2020-03-15,data/fundamentals/AGHOL_IS.parquet,XUSIN.IS,False,44781682000.0,3167662000.0,5628907000.0,1260856000.0,23971582000.0,7177208000.0,7331283000.0
AGHOL.IS:2020Q1,AGHOL.IS,AGHOL,2020Q1,2020-03-31,2020-05-15,data/fundamentals/AGHOL_IS.parquet,XUSIN.IS,False,12350595000.0,148852000.0,908845000.0,-801304000.0,21248013000.0,13566000.0,-511275000.0
AGHOL.IS:2020Q2,AGHOL.IS,AGHOL,2020Q2,2020-06-30,2020-08-15,data/fundamentals/AGHOL_IS.parquet,XUSIN.IS,False,27422492000.0,1527191000.0,3054933000.0,-422833000.0,23639263000.0,4004216000.0,3573047000.0
AGHOL.IS:2020Q3,AGHOL.IS,AGHOL,2020Q3,2020-09-30,2020-11-15,data/fundamentals/AGHOL_IS.parquet,XUSIN.IS,False,45774830000.0,3793012000.0,6101601000.0,573453000.0,24989512000.0,7735480000.0,7254250000.0
AGHOL.IS:2020Q4,AGHOL.IS,AGHOL,2020Q4,2020-12-31,2021-03-15,data/fundamentals/AGHOL_IS.parquet,XUSIN.IS,False,62081493000.0,4806886000.0,7944985000.0,542575000.0,24194688000.0,9527033000.0,8465645000.0
AGHOL.IS:2021Q1,AGHOL.IS,AGHOL,2021Q1,2021-03-31,2021-05-15,data/fundamentals/AGHOL_IS.parquet,XUSIN.IS,False,15137942000.0,637908000.0,1443829000.0,1086167000.0,26510148000.0,660448000.0,550811000.0
AGHOL.IS:2021Q2,AGHOL.IS,AGHOL,2021Q2,2021-06-30,2021-08-15,data/fundamentals/AGHOL_IS.parquet,XUSIN.IS,False,35486336000.0,2705001000.0,4291769000.0,2083889000.0,27572931000.0,5027379000.0,4121612000.0
AGHOL.IS:2021Q3,AGHOL.IS,AGHOL,2021Q3,2021-09-30,2021-11-15,data/fundamentals/AGHOL_IS.parquet,XUSIN.IS,False,58376719000.0,5288266000.0,7717101000.0,3330898000.0,29389025000.0,10102285000.0,6272490000.0
AGHOL.IS:2021Q4,AGHOL.IS,AGHOL,2021Q4,2021-12-31,2022-03-15,data/fundamentals/AGHOL_IS.parquet,XUSIN.IS,False,81368494000.0,6770841000.0,10195007000.0,3541929000.0,39322902000.0,13406157000.0,6892813000.0
AGHOL.IS:2022Q1,AGHOL.IS,AGHOL,2022Q1,2022-03-31,2022-05-15,data/fundamentals/AGHOL_IS.parquet,XUSIN.IS,False,27737245000.0,2154300000.0,3296379000.0,-63328000.0,40352593000.0,1230750000.0,-448750000.0
AGHOL.IS:2022Q2,AGHOL.IS,AGHOL,2022Q2,2022-06-30,2022-08-15,data/fundamentals/AGHOL_IS.parquet,XUSIN.IS,False,71299894000.0,7495036000.0,9984465000.0,3696596000.0,58504066000.0,10443421000.0,7680425000.0
AGHOL.IS:2022Q3,AGHOL.IS,AGHOL,2022Q3,2022-09-30,2022-11-15,data/fundamentals/AGHOL_IS.parquet,XUSIN.IS,False,126611005000.0,15518924000.0,19402489000.0,8309556000.0,64826882000.0,17775655000.0,13198315000.0
AGHOL.IS:2022Q4,AGHOL.IS,AGHOL,2022Q4,2022-12-31,2023-03-15,data/fundamentals/AGHOL_IS.parquet,XUSIN.IS,False,319647531000.0,17047751000.0,30917991000.0,37271068000.0,169431857000.0,36231095000.0,22774177000.0
AGHOL.IS:2023Q1,AGHOL.IS,AGHOL,2023Q1,2023-03-31,2023-05-15,data/fundamentals/AGHOL_IS.parquet,XUSIN.IS,False,104458758000.0,3836186000.0,8355027000.0,10018550000.0,61436425000.0,-672740000.0,-5284192000.0
AGHOL.IS:2023Q2,AGHOL.IS,AGHOL,2023Q2,2023-06-30,2023-08-15,data/fundamentals/AGHOL_IS.parquet,XUSIN.IS,False,258576425000.0,18270959000.0,30796761000.0,26521504000.0,82190680000.0,24807942000.0,15337577000.0
AGHOL.IS:2023Q3,AGHOL.IS,AGHOL,2023Q3,2023-09-30,2023-11-15,data/fundamentals/AGHOL_IS.parquet,XUSIN.IS,False,397822592000.0,29544685000.0,44242406000.0,54113378000.0,92527886000.0,50264547000.0,33173450000.0
AGHOL.IS:2023Q4,AGHOL.IS,AGHOL,2023Q4,2023-12-31,2024-03-15,data/fundamentals/AGHOL_IS.parquet,XUSIN.IS,False,542096480000.0,28510692000.0,49308792000.0,71124845000.0,259277769000.0,60382720000.0,30209792000.0
AGHOL.IS:2024Q1,AGHOL.IS,AGHOL,2024Q1,2024-03-31,2024-05-15,data/fundamentals/AGHOL_IS.parquet,XUSIN.IS,False,145756066000.0,3177436000.0,9388299000.0,9012919000.0,205251899000.0,-1675063000.0,-8826062000.0
AGHOL.IS:2024Q2,AGHOL.IS,AGHOL,2024Q2,2024-06-30,2024-08-15,data/fundamentals/AGHOL_IS.parquet,XUSIN.IS,False,334567309000.0,18812399000.0,31847532000.0,19678039000.0,220952751000.0,24622479000.0,7769564000.0
AGHOL.IS:2024Q3,AGHOL.IS,AGHOL,2024Q3,2024-09-30,2024-11-15,data/fundamentals/AGHOL_IS.parquet,XUSIN.IS,False,549907671000.0,38343147000.0,59103588000.0,37344805000.0,245190802000.0,58222090000.0,29300504000.0
AGHOL.IS:2024Q4,AGHOL.IS,AGHOL,2024Q4,2024-12-31,2025-03-15,data/fundamentals/AGHOL_IS.parquet,XUSIN.IS,False,737948413949.0,44151126498.0,73783812015.0,34946999146.0,320953547865.0,74471403816.0,31717412873.0
AGHOL.IS:2025Q1,AGHOL.IS,AGHOL,2025Q1,2025-03-31,2025-05-15,data/fundamentals/AGHOL_IS.parquet,XUSIN.IS,False,174165920000.0,1352552000.0,9834325000.0,5369552000.0,265580891000.0,-16401892000.0,-58890016000.0
AGHOL.IS:2025Q2,AGHOL.IS,AGHOL,2025Q2,2025-06-30,2025-08-15,data/fundamentals/AGHOL_IS.parquet,XUSIN.IS,False,408286012000.0,16169136000.0,34097564000.0,13180787000.0,280035517000.0,13135154000.0,-41595569000.0
AGHOL.IS:2025Q3,AGHOL.IS,AGHOL,2025Q3,2025-09-30,2025-11-15,data/fundamentals/AGHOL_IS.parquet,XUSIN.IS,False,522296913000.0,30865679000.0,53107395000.0,22741927000.0,307590836000.0,45115884000.0,-7115158000.0
AGHOL.IS:2025Q4,AGHOL.IS,AGHOL,2025Q4,2025-12-31,2026-03-15,data/fundamentals/AGHOL_IS.parquet,XUSIN.IS,False,832790849722.0,44175040285.0,80299150571.0,23106675551.0,374620569531.0,73630506012.0,-2844819745.0
AGHOL.IS:2026Q1,AGHOL.IS,AGHOL,2026Q1,2026-03-31,2026-05-15,data/fundamentals/AGHOL_IS.parquet,XUSIN.IS,False,184912739000.0,4527491000.0,13888643000.0,6206650000.0,346395468000.0,1819142000.0,-4626220000.0
AGHOL.IS:2026Q2,AGHOL.IS,AGHOL,2026Q2,2026-06-30,2026-08-15,data/fundamentals/AGHOL_IS.parquet,XUSIN.IS,False,424932435000.0,17359855000.0,38031214000.0,14495024000.0,367994286000.0,22603419000.0,6003747000.0
AGROT.IS:2020Q4,AGROT.IS,AGROT,2020Q4,2020-12-31,2021-03-15,data/fundamentals/AGROT_IS.parquet,XU100.IS,False,37938739.0,-9475788.0,-3575744.0,22776130.0,471586500.0,598225278.0,9487969.0
AGROT.IS:2021Q4,AGROT.IS,AGROT,2021Q4,2021-12-31,2022-03-15,data/fundamentals/AGROT_IS.parquet,XU100.IS,False,206690394.0,21619397.0,26968013.0,58124424.0,791663046.0,306572749.0,-7450925.0
AGROT.IS:2022Q2,AGROT.IS,AGROT,2022Q2,2022-06-30,2022-08-15,data/fundamentals/AGROT_IS.parquet,XU100.IS,False,169772872.0,41923965.0,45616455.0,39756593.0,0.0,-24163661.0,3282037.0
AGROT.IS:2022Q3,AGROT.IS,AGROT,2022Q3,2022-09-30,2022-11-15,data/fundamentals/AGROT_IS.parquet,XU100.IS,False,179439842.0,31334184.0,35964057.0,107688416.0,0.0,589908842.0,-1006197953.0
AGROT.IS:2022Q4,AGROT.IS,AGROT,2022Q4,2022-12-31,2023-03-15,data/fundamentals/AGROT_IS.parquet,XU100.IS,False,877073473.0,335886422.0,363759053.0,337721497.0,3071130695.0,700314996.0,-1767995028.0
AGROT.IS:2023Q1,AGROT.IS,AGROT,2023Q1,2023-03-31,2023-05-15,data/fundamentals/AGROT_IS.parquet,XU100.IS,False,91776710.0,-11596862.0,-7707025.0,-26019390.0,0.0,-296656735.0,7082307.0
AGROT.IS:2023Q2,AGROT.IS,AGROT,2023Q2,2023-06-30,2023-08-15,data/fundamentals/AGROT_IS.parquet,XU100.IS,False,326256859.0,132980634.0,143169931.0,171528957.0,2905778851.0,953962508.0,9510131.0
AGROT.IS:2023Q3,AGROT.IS,AGROT,2023Q3,2023-09-30,2023-11-15,data/fundamentals/AGROT_IS.parquet,XU100.IS,False,520660663.0,198199487.0,214711992.0,59060772.0,2935303006.0,1049079745.0,20313774.0
AGROT.IS:2023Q4,AGROT.IS,AGROT,2023Q4,2023-12-31,2024-03-15,data/fundamentals/AGROT_IS.parquet,XU100.IS,False,841128293.0,192934848.0,224835907.0,384408537.0,7186355317.0,-434358756.0,-1397860765.0
AGROT.IS:2024Q1,AGROT.IS,AGROT,2024Q1,2024-03-31,2024-05-15,data/fundamentals/AGROT_IS.parquet,XU100.IS,False,1547888096.0,79299320.0,89023398.0,1695223040.0,6729947081.0,1542811226.0,1366318473.0
AGROT.IS:2024Q2,AGROT.IS,AGROT,2024Q2,2024-06-30,2024-08-15,data/fundamentals/AGROT_IS.parquet,XU100.IS,False,2412471805.0,31698528.0,53971190.0,-62186281.0,5806786322.0,520244342.0,453933314.0
AGROT.IS:2024Q3,AGROT.IS,AGROT,2024Q3,2024-09-30,2024-11-15,data/fundamentals/AGROT_IS.parquet,XU100.IS,False,2861259359.0,16619723.0,55951553.0,39141577.0,6405447186.0,528851957.0,382216085.0
AGROT.IS:2024Q4,AGROT.IS,AGROT,2024Q4,2024-12-31,2025-03-15,data/fundamentals/AGROT_IS.parquet,XU100.IS,False,2777096638.0,-233536901.0,-118472672.0,-415865913.0,8407966627.0,1179968413.0,649648221.0
AGROT.IS:2025Q1,AGROT.IS,AGROT,2025Q1,2025-03-31,2025-05-15,data/fundamentals/AGROT_IS.parquet,XU100.IS,False,716536488.0,-92328093.0,-55763491.0,-91119545.0,6978663551.0,824273198.0,804949900.0
AGROT.IS:2025Q2,AGROT.IS,AGROT,2025Q2,2025-06-30,2025-08-15,data/fundamentals/AGROT_IS.parquet,XU100.IS,False,1711786119.0,-287359222.0,-210466328.0,-249266042.0,7292407074.0,812699851.0,696047345.0
AGROT.IS:2025Q3,AGROT.IS,AGROT,2025Q3,2025-09-30,2025-11-15,data/fundamentals/AGROT_IS.parquet,XU100.IS,False,1856234429.0,-305444523.0,-210562013.0,-370577695.0,7651560133.0,470741703.0,326118807.0
AGROT.IS:2025Q4,AGROT.IS,AGROT,2025Q4,2025-12-31,2026-03-15,data/fundamentals/AGROT_IS.parquet,XU100.IS,False,2659930728.0,-571732358.0,-393166051.0,-754217231.0,8674993441.0,-194760992.0,2210383.0
AGROT.IS:2026Q1,AGROT.IS,AGROT,2026Q1,2026-03-31,2026-05-15,data/fundamentals/AGROT_IS.parquet,XU100.IS,False,687823413.0,-61812938.0,-18461070.0,-166416272.0,7938621214.0,-145406365.0,-222413103.0
AGROT.IS:2026Q2,AGROT.IS,AGROT,2026Q2,2026-06-30,2026-08-15,data/fundamentals/AGROT_IS.parquet,XU100.IS,False,1051811193.0,-67938619.0,-17823938.0,-126781517.0,8586165208.0,-8161910.0,-210669003.0
AKBNK.IS:2018Q1,AKBNK.IS,AKBNK,2018Q1,2018-03-31,2018-05-15,data/fundamentals/AKBNK_IS.parquet,XBANK.IS,True,5489913000.0,5489913000.0,,1709214000.0,41141741000.0,,
AKBNK.IS:2018Q2,AKBNK.IS,AKBNK,2018Q2,2018-06-30,2018-08-15,data/fundamentals/AKBNK_IS.parquet,XBANK.IS,True,11505916000.0,11505916000.0,,3311609000.0,41888286000.0,,
AKBNK.IS:2018Q3,AKBNK.IS,AKBNK,2018Q3,2018-09-30,2018-11-15,data/fundamentals/AKBNK_IS.parquet,XBANK.IS,True,18180674000.0,18180674000.0,,4638843000.0,43188580000.0,,
AKBNK.IS:2018Q4,AKBNK.IS,AKBNK,2018Q4,2018-12-31,2019-03-15,data/fundamentals/AKBNK_IS.parquet,XBANK.IS,True,25167595000.0,25167595000.0,,5689644000.0,43809089000.0,,
AKBNK.IS:2019Q1,AKBNK.IS,AKBNK,2019Q1,2019-03-31,2019-05-15,data/fundamentals/AKBNK_IS.parquet,XBANK.IS,True,6798390000.0,6798390000.0,,1412532000.0,47563805000.0,,
AKBNK.IS:2019Q2,AKBNK.IS,AKBNK,2019Q2,2019-06-30,2019-08-15,data/fundamentals/AKBNK_IS.parquet,XBANK.IS,True,13783452000.0,13783452000.0,,2690654000.0,49367811000.0,,
AKBNK.IS:2019Q3,AKBNK.IS,AKBNK,2019Q3,2019-09-30,2019-11-15,data/fundamentals/AKBNK_IS.parquet,XBANK.IS,True,20589549000.0,20589549000.0,,4087953000.0,51541375000.0,,
AKBNK.IS:2019Q4,AKBNK.IS,AKBNK,2019Q4,2019-12-31,2020-03-15,data/fundamentals/AKBNK_IS.parquet,XBANK.IS,True,26851805000.0,26851805000.0,,5417468000.0,54382427000.0,,
AKBNK.IS:2020Q1,AKBNK.IS,AKBNK,2020Q1,2020-03-31,2020-05-15,data/fundamentals/AKBNK_IS.parquet,XBANK.IS,True,5854750000.0,5854750000.0,,1310047000.0,53901623000.0,,
AKBNK.IS:2020Q2,AKBNK.IS,AKBNK,2020Q2,2020-06-30,2020-08-15,data/fundamentals/AKBNK_IS.parquet,XBANK.IS,True,11424027000.0,11424027000.0,,2896295000.0,57516686000.0,,
AKBNK.IS:2020Q3,AKBNK.IS,AKBNK,2020Q3,2020-09-30,2020-11-15,data/fundamentals/AKBNK_IS.parquet,XBANK.IS,True,17035814000.0,17035814000.0,,4419094000.0,58972731000.0,,
AKBNK.IS:2020Q4,AKBNK.IS,AKBNK,2020Q4,2020-12-31,2021-03-15,data/fundamentals/AKBNK_IS.parquet,XBANK.IS,True,23229974000.0,23229974000.0,,6267167000.0,62918993000.0,,
AKBNK.IS:2021Q1,AKBNK.IS,AKBNK,2021Q1,2021-03-31,2021-05-15,data/fundamentals/AKBNK_IS.parquet,XBANK.IS,True,6806661000.0,6806661000.0,,2027296000.0,63033309000.0,,
AKBNK.IS:2021Q2,AKBNK.IS,AKBNK,2021Q2,2021-06-30,2021-08-15,data/fundamentals/AKBNK_IS.parquet,XBANK.IS,True,14631483000.0,14631483000.0,,4132166000.0,67305061000.0,,
AKBNK.IS:2021Q3,AKBNK.IS,AKBNK,2021Q3,2021-09-30,2021-11-15,data/fundamentals/AKBNK_IS.parquet,XBANK.IS,True,23475882000.0,23475882000.0,,7342714000.0,70251735000.0,,
AKBNK.IS:2021Q4,AKBNK.IS,AKBNK,2021Q4,2021-12-31,2022-03-15,data/fundamentals/AKBNK_IS.parquet,XBANK.IS,True,33535367000.0,33535367000.0,,12125908000.0,75954951000.0,,
AKBNK.IS:2022Q1,AKBNK.IS,AKBNK,2022Q1,2022-03-31,2022-05-15,data/fundamentals/AKBNK_IS.parquet,XBANK.IS,True,12205723000.0,12205723000.0,,8046809000.0,90664595000.0,,
AKBNK.IS:2022Q2,AKBNK.IS,AKBNK,2022Q2,2022-06-30,2022-08-15,data/fundamentals/AKBNK_IS.parquet,XBANK.IS,True,27449487000.0,27449487000.0,,21156862000.0,102728932000.0,,
AKBNK.IS:2022Q3,AKBNK.IS,AKBNK,2022Q3,2022-09-30,2022-11-15,data/fundamentals/AKBNK_IS.parquet,XBANK.IS,True,46711235000.0,46711235000.0,,38223316000.0,126198293000.0,,
AKBNK.IS:2022Q4,AKBNK.IS,AKBNK,2022Q4,2022-12-31,2023-03-15,data/fundamentals/AKBNK_IS.parquet,XBANK.IS,True,66507535000.0,66507535000.0,,60024084000.0,153599884000.0,,
AKBNK.IS:2023Q1,AKBNK.IS,AKBNK,2023Q1,2023-03-31,2023-05-15,data/fundamentals/AKBNK_IS.parquet,XBANK.IS,True,21097167000.0,21097167000.0,,10711300000.0,153735590000.0,,
AKBNK.IS:2023Q2,AKBNK.IS,AKBNK,2023Q2,2023-06-30,2023-08-15,data/fundamentals/AKBNK_IS.parquet,XBANK.IS,True,44498890000.0,44498890000.0,,31012976000.0,169535727000.0,,
AKBNK.IS:2023Q3,AKBNK.IS,AKBNK,2023Q3,2023-09-30,2023-11-15,data/fundamentals/AKBNK_IS.parquet,XBANK.IS,True,76969956000.0,76969956000.0,,51460469000.0,190023960000.0,,
AKBNK.IS:2023Q4,AKBNK.IS,AKBNK,2023Q4,2023-12-31,2024-03-15,data/fundamentals/AKBNK_IS.parquet,XBANK.IS,True,124974756000.0,124974756000.0,,66478940000.0,211195427000.0,,
AKBNK.IS:2024Q1,AKBNK.IS,AKBNK,2024Q1,2024-03-31,2024-05-15,data/fundamentals/AKBNK_IS.parquet,XBANK.IS,True,59975337000.0,59975337000.0,,13184293000.0,213100886000.0,,
AKBNK.IS:2024Q2,AKBNK.IS,AKBNK,2024Q2,2024-06-30,2024-08-15,data/fundamentals/AKBNK_IS.parquet,XBANK.IS,True,130278691000.0,130278691000.0,,24108123000.0,221093198000.0,,
AKBNK.IS:2024Q3,AKBNK.IS,AKBNK,2024Q3,2024-09-30,2024-11-15,data/fundamentals/AKBNK_IS.parquet,XBANK.IS,True,208526263000.0,208526263000.0,,33138650000.0,230945078000.0,,
AKBNK.IS:2024Q4,AKBNK.IS,AKBNK,2024Q4,2024-12-31,2025-03-15,data/fundamentals/AKBNK_IS.parquet,XBANK.IS,True,295053096000.0,295053096000.0,,42366070000.0,240347891000.0,,
AKBNK.IS:2025Q1,AKBNK.IS,AKBNK,2025Q1,2025-03-31,2025-05-15,data/fundamentals/AKBNK_IS.parquet,XBANK.IS,True,88811470000.0,88811470000.0,,13727079000.0,242925730000.0,,
AKBNK.IS:2025Q2,AKBNK.IS,AKBNK,2025Q2,2025-06-30,2025-08-15,data/fundamentals/AKBNK_IS.parquet,XBANK.IS,True,185424000000.0,185424000000.0,,24851000000.0,258900893000.0,,
AKBNK.IS:2025Q3,AKBNK.IS,AKBNK,2025Q3,2025-09-30,2025-11-15,data/fundamentals/AKBNK_IS.parquet,XBANK.IS,True,287056357000.0,287056357000.0,,38915968000.0,277363065000.0,,
AKBNK.IS:2025Q4,AKBNK.IS,AKBNK,2025Q4,2025-12-31,2026-03-15,data/fundamentals/AKBNK_IS.parquet,XBANK.IS,True,395028739000.0,395028739000.0,,57247061000.0,310158190000.0,,
AKBNK.IS:2026Q1,AKBNK.IS,AKBNK,2026Q1,2026-03-31,2026-05-15,data/fundamentals/AKBNK_IS.parquet,XBANK.IS,True,110822398000.0,110822398000.0,,19178575000.0,302597564000.0,,
AKBNK.IS:2026Q2,AKBNK.IS,AKBNK,2026Q2,2026-06-30,2026-08-15,data/fundamentals/AKBNK_IS.parquet,XBANK.IS,True,232672000000.0,232672000000.0,,34378000000.0,324746000000.0,,
ALARK.IS:2018Q1,ALARK.IS,ALARK,2018Q1,2018-03-31,2018-05-15,data/fundamentals/ALARK_IS.parquet,XUSIN.IS,False,159871970.0,-9768017.0,607395.0,-6302677.0,1495337296.0,16311260.0,5405918.0
ALARK.IS:2018Q2,ALARK.IS,ALARK,2018Q2,2018-06-30,2018-08-15,data/fundamentals/ALARK_IS.parquet,XUSIN.IS,False,422456006.0,16663445.0,40183974.0,-111682028.0,1593186461.0,157705983.0,147360432.0
ALARK.IS:2018Q3,ALARK.IS,ALARK,2018Q3,2018-09-30,2018-11-15,data/fundamentals/ALARK_IS.parquet,XUSIN.IS,False,834938500.0,51386363.0,85307047.0,-420367705.0,1364830659.0,314141201.0,259224327.0
ALARK.IS:2018Q4,ALARK.IS,ALARK,2018Q4,2018-12-31,2019-03-15,data/fundamentals/ALARK_IS.parquet,XUSIN.IS,False,1137249772.0,66760267.0,109424759.0,-87608675.0,1619622124.0,459079746.0,259224958.0
ALARK.IS:2019Q1,ALARK.IS,ALARK,2019Q1,2019-03-31,2019-05-15,data/fundamentals/ALARK_IS.parquet,XUSIN.IS,False,364837718.0,49140425.0,60146336.0,-58943964.0,1573334555.0,74075709.0,1424674.0
ALARK.IS:2019Q2,ALARK.IS,ALARK,2019Q2,2019-06-30,2019-08-15,data/fundamentals/ALARK_IS.parquet,XUSIN.IS,False,782868086.0,133502075.0,154923549.0,120043172.0,1671346474.0,110155415.0,122130340.0
ALARK.IS:2019Q3,ALARK.IS,ALARK,2019Q3,2019-09-30,2019-11-15,data/fundamentals/ALARK_IS.parquet,XUSIN.IS,False,1103704617.0,196887489.0,228081455.0,380970666.0,1924568848.0,113398996.0,149776892.0
ALARK.IS:2019Q4,ALARK.IS,ALARK,2019Q4,2019-12-31,2020-03-15,data/fundamentals/ALARK_IS.parquet,XUSIN.IS,False,1385761969.0,246769830.0,288236538.0,455710264.0,2005015558.0,79816873.0,130440139.0
ALARK.IS:2020Q1,ALARK.IS,ALARK,2020Q1,2020-03-31,2020-05-15,data/fundamentals/ALARK_IS.parquet,XUSIN.IS,False,231158720.0,40865793.0,50092404.0,50100219.0,2047955436.0,96446746.0,117238636.0
ALARK.IS:2020Q2,ALARK.IS,ALARK,2020Q2,2020-06-30,2020-08-15,data/fundamentals/ALARK_IS.parquet,XUSIN.IS,False,491581669.0,126455188.0,144941842.0,163229279.0,2188534317.0,188250763.0,61360447.0
ALARK.IS:2020Q3,ALARK.IS,ALARK,2020Q3,2020-09-30,2020-11-15,data/fundamentals/ALARK_IS.parquet,XUSIN.IS,False,796570697.0,229743059.0,258221117.0,366968613.0,2380916066.0,570438797.0,400744674.0
ALARK.IS:2020Q4,ALARK.IS,ALARK,2020Q4,2020-12-31,2021-03-15,data/fundamentals/ALARK_IS.parquet,XUSIN.IS,False,1032136230.0,272146997.0,309310730.0,905982938.0,2885806673.0,420864893.0,271921426.0
ALARK.IS:2021Q1,ALARK.IS,ALARK,2021Q1,2021-03-31,2021-05-15,data/fundamentals/ALARK_IS.parquet,XUSIN.IS,False,241148581.0,21477892.0,32426520.0,94409222.0,3010139162.0,330158854.0,365354041.0
ALARK.IS:2021Q2,ALARK.IS,ALARK,2021Q2,2021-06-30,2021-08-15,data/fundamentals/ALARK_IS.parquet,XUSIN.IS,False,676531991.0,44983297.0,67540161.0,223168799.0,3014494731.0,243712644.0,193089756.0
ALARK.IS:2021Q3,ALARK.IS,ALARK,2021Q3,2021-09-30,2021-11-15,data/fundamentals/ALARK_IS.parquet,XUSIN.IS,False,1302299191.0,182446782.0,217519068.0,615124972.0,3420589124.0,255933963.0,194302534.0
ALARK.IS:2021Q4,ALARK.IS,ALARK,2021Q4,2021-12-31,2022-03-15,data/fundamentals/ALARK_IS.parquet,XUSIN.IS,False,2016553895.0,-131842492.0,-82559647.0,1583676492.0,4558540881.0,747291823.0,573437154.0
ALARK.IS:2022Q1,ALARK.IS,ALARK,2022Q1,2022-03-31,2022-05-15,data/fundamentals/ALARK_IS.parquet,XUSIN.IS,False,980001565.0,192808661.0,209092219.0,1070171815.0,5610548796.0,-305700099.0,-472757076.0
ALARK.IS:2022Q2,ALARK.IS,ALARK,2022Q2,2022-06-30,2022-08-15,data/fundamentals/ALARK_IS.parquet,XUSIN.IS,False,2737393871.0,500570275.0,539753051.0,3349821141.0,7901080831.0,-596413900.0,-625799562.0
ALARK.IS:2022Q3,ALARK.IS,ALARK,2022Q3,2022-09-30,2022-11-15,data/fundamentals/ALARK_IS.parquet,XUSIN.IS,False,5072173550.0,719275895.0,781414766.0,7671259862.0,12270893677.0,451506467.0,630869911.0
ALARK.IS:2022Q4,ALARK.IS,ALARK,2022Q4,2022-12-31,2023-03-15,data/fundamentals/ALARK_IS.parquet,XUSIN.IS,False,12271876777.0,828999553.0,1182676278.0,16896369738.0,37688374059.0,1693665302.0,2917308910.0
ALARK.IS:2023Q1,ALARK.IS,ALARK,2023Q1,2023-03-31,2023-05-15,data/fundamentals/ALARK_IS.parquet,XUSIN.IS,False,2553238513.0,108525365.0,215172478.0,741183964.0,18041512035.0,-245768112.0,-6305462263.0
ALARK.IS:2023Q2,ALARK.IS,ALARK,2023Q2,2023-06-30,2023-08-15,data/fundamentals/ALARK_IS.parquet,XUSIN.IS,False,5568388708.0,-34638427.0,221388633.0,3822299035.0,20975539357.0,2401798615.0,-5462029443.0
ALARK.IS:2023Q3,ALARK.IS,ALARK,2023Q3,2023-09-30,2023-11-15,data/fundamentals/ALARK_IS.parquet,XUSIN.IS,False,9518991672.0,381878601.0,836185597.0,4303568265.0,25004145404.0,1608320765.0,-4881555821.0
ALARK.IS:2023Q4,ALARK.IS,ALARK,2023Q4,2023-12-31,2024-03-15,data/fundamentals/ALARK_IS.parquet,XUSIN.IS,False,11977992000.0,-526804000.0,75925000.0,9972338000.0,63450636000.0,3975876000.0,-3061952000.0
ALARK.IS:2024Q1,ALARK.IS,ALARK,2024Q1,2024-03-31,2024-05-15,data/fundamentals/ALARK_IS.parquet,XUSIN.IS,False,2271088000.0,-481043000.0,-302868000.0,-1760258000.0,49544556618.0,1559118000.0,-1878178000.0
ALARK.IS:2024Q2,ALARK.IS,ALARK,2024Q2,2024-06-30,2024-08-15,data/fundamentals/ALARK_IS.parquet,XUSIN.IS,False,5533636000.0,-482203000.0,-63705000.0,-1648352000.0,53109582692.0,-484226000.0,-4260171000.0
ALARK.IS:2024Q3,ALARK.IS,ALARK,2024Q3,2024-09-30,2024-11-15,data/fundamentals/ALARK_IS.parquet,XUSIN.IS,False,8995265000.0,-268181000.0,421721000.0,322859000.0,59397773609.0,696073000.0,-4079450000.0
ALARK.IS:2024Q4,ALARK.IS,ALARK,2024Q4,2024-12-31,2025-03-15,data/fundamentals/ALARK_IS.parquet,XUSIN.IS,False,9945559095.0,-2313710396.0,-1335415895.0,2738953394.0,84690713745.0,1654053636.0,-27185028.0
ALARK.IS:2025Q1,ALARK.IS,ALARK,2025Q1,2025-03-31,2025-05-15,data/fundamentals/ALARK_IS.parquet,XUSIN.IS,False,1641283000.0,-598414000.0,-269840000.0,-2908942000.0,68946466000.0,-1181633000.0,-3617462000.0
ALARK.IS:2025Q2,ALARK.IS,ALARK,2025Q2,2025-06-30,2025-08-15,data/fundamentals/ALARK_IS.parquet,XUSIN.IS,False,4790890000.0,-1686603000.0,-882795000.0,-4131675000.0,69981356000.0,65183000.0,-2104807000.0
ALARK.IS:2025Q3,ALARK.IS,ALARK,2025Q3,2025-09-30,2025-11-15,data/fundamentals/ALARK_IS.parquet,XUSIN.IS,False,6969723000.0,-1135825000.0,-115844000.0,-333194000.0,78516573000.0,1277099000.0,-4181564000.0
ALARK.IS:2025Q4,ALARK.IS,ALARK,2025Q4,2025-12-31,2026-03-15,data/fundamentals/ALARK_IS.parquet,XUSIN.IS,False,10208587848.0,-3050261174.0,-1383150965.0,-1847650432.0,94683505620.0,-1365770992.0,-5366332429.0
ALARK.IS:2026Q1,ALARK.IS,ALARK,2026Q1,2026-03-31,2026-05-15,data/fundamentals/ALARK_IS.parquet,XUSIN.IS,False,2072743000.0,-717878000.0,-353409000.0,116650000.0,88632498000.0,-280813000.0,3666421000.0
ALARK.IS:2026Q2,ALARK.IS,ALARK,2026Q2,2026-06-30,2026-08-15,data/fundamentals/ALARK_IS.parquet,XUSIN.IS,False,5580081000.0,-1435467000.0,-628317000.0,4264337000.0,97784453000.0,10313734000.0,4118876000.0
ALFAS.IS:2019Q4,ALFAS.IS,ALFAS,2019Q4,2019-12-31,2020-03-15,data/fundamentals/ALFAS_IS.parquet,XUSIN.IS,False,138266723.0,13369339.0,14233476.0,9889718.0,19073203.0,12360992.0,12360992.0
ALFAS.IS:2020Q4,ALFAS.IS,ALFAS,2020Q4,2020-12-31,2021-03-15,data/fundamentals/ALFAS_IS.parquet,XUSIN.IS,False,233434591.0,41412769.0,42627251.0,38823580.0,57914360.0,28613195.0,19459526.0
ALFAS.IS:2021Q2,ALFAS.IS,ALFAS,2021Q2,2021-06-30,2021-08-15,data/fundamentals/ALFAS_IS.parquet,XUSIN.IS,False,145605548.0,13989257.0,14907363.0,5712785.0,0.0,6781631.0,2919777.0
ALFAS.IS:2021Q3,ALFAS.IS,ALFAS,2021Q3,2021-09-30,2021-11-15,data/fundamentals/ALFAS_IS.parquet,XUSIN.IS,False,222073967.0,22203483.0,23789845.0,26808670.0,0.0,29123780.0,13519989.0
ALFAS.IS:2021Q4,ALFAS.IS,ALFAS,2021Q4,2021-12-31,2022-03-15,data/fundamentals/ALFAS_IS.parquet,XUSIN.IS,False,438553686.0,71866936.0,74304084.0,48402562.0,108825772.0,119104614.0,90700281.0
ALFAS.IS:2022Q1,ALFAS.IS,ALFAS,2022Q1,2022-03-31,2022-05-15,data/fundamentals/ALFAS_IS.parquet,XUSIN.IS,False,253352454.0,39330908.0,40010437.0,36645691.0,0.0,39050123.0,27161643.0
ALFAS.IS:2022Q2,ALFAS.IS,ALFAS,2022Q2,2022-06-30,2022-08-15,data/fundamentals/ALFAS_IS.parquet,XUSIN.IS,False,698405617.0,118382335.0,119747161.0,138921670.0,217693125.0,213530332.0,59877718.0
ALFAS.IS:2022Q3,ALFAS.IS,ALFAS,2022Q3,2022-09-30,2022-11-15,data/fundamentals/ALFAS_IS.parquet,XUSIN.IS,False,1096341922.0,191175993.0,193236189.0,274019615.0,352509718.0,371324047.0,181423261.0
ALFAS.IS:2022Q4,ALFAS.IS,ALFAS,2022Q4,2022-12-31,2023-03-15,data/fundamentals/ALFAS_IS.parquet,XUSIN.IS,False,4179599529.0,833945874.0,847296643.0,816015003.0,1665679928.0,907823992.0,525186882.0
ALFAS.IS:2023Q1,ALFAS.IS,ALFAS,2023Q1,2023-03-31,2023-05-15,data/fundamentals/ALFAS_IS.parquet,XUSIN.IS,False,2420641957.0,403579127.0,408544556.0,304870341.0,1198859666.0,218387479.0,-699949429.0
ALFAS.IS:2023Q2,ALFAS.IS,ALFAS,2023Q2,2023-06-30,2023-08-15,data/fundamentals/ALFAS_IS.parquet,XUSIN.IS,False,4863777755.0,957852397.0,968123671.0,826836294.0,1302287785.0,386644623.0,-706160319.0
ALFAS.IS:2023Q3,ALFAS.IS,ALFAS,2023Q3,2023-09-30,2023-11-15,data/fundamentals/ALFAS_IS.parquet,XUSIN.IS,False,7873140209.0,1751551692.0,1765337245.0,1203546960.0,1808453128.0,-19021761.0,-1473846514.0
ALFAS.IS:2023Q4,ALFAS.IS,ALFAS,2023Q4,2023-12-31,2024-03-15,data/fundamentals/ALFAS_IS.parquet,XUSIN.IS,False,11164841259.0,2033397853.0,2072944689.0,1500276413.0,3947548010.0,-1012216394.0,-2282874766.0
ALFAS.IS:2024Q1,ALFAS.IS,ALFAS,2024Q1,2024-03-31,2024-05-15,data/fundamentals/ALFAS_IS.parquet,XUSIN.IS,False,2088508251.0,-264020508.0,-246443434.0,-548857054.0,2752159300.0,-951319894.0,-1607348118.0
ALFAS.IS:2024Q2,ALFAS.IS,ALFAS,2024Q2,2024-06-30,2024-08-15,data/fundamentals/ALFAS_IS.parquet,XUSIN.IS,False,4780219896.0,431309765.0,471709871.0,282854856.0,3586538745.0,-646279777.0,-1702064838.0
ALFAS.IS:2024Q3,ALFAS.IS,ALFAS,2024Q3,2024-09-30,2024-11-15,data/fundamentals/ALFAS_IS.parquet,XUSIN.IS,False,7047901239.0,779876350.0,862026073.0,327299990.0,3520356043.0,1534314583.0,-228301888.0
ALFAS.IS:2024Q4,ALFAS.IS,ALFAS,2024Q4,2024-12-31,2025-03-15,data/fundamentals/ALFAS_IS.parquet,XUSIN.IS,False,10076474009.0,621743981.0,753370711.0,258576030.0,4973848345.0,310738252.0,-2070488726.0
ALFAS.IS:2025Q1,ALFAS.IS,ALFAS,2025Q1,2025-03-31,2025-05-15,data/fundamentals/ALFAS_IS.parquet,XUSIN.IS,False,2228321967.0,158562448.0,212637325.0,-29136147.0,4167363234.0,-668419942.0,-949235096.0
ALFAS.IS:2025Q2,ALFAS.IS,ALFAS,2025Q2,2025-06-30,2025-08-15,data/fundamentals/ALFAS_IS.parquet,XUSIN.IS,False,4677466445.0,257920035.0,377530458.0,47255009.0,5079511865.0,-967311927.0,-2027115738.0
ALFAS.IS:2025Q3,ALFAS.IS,ALFAS,2025Q3,2025-09-30,2025-11-15,data/fundamentals/ALFAS_IS.parquet,XUSIN.IS,False,5833418968.0,218797861.0,378565850.0,-15420967.0,5319195074.0,518471060.0,-536377032.0
ALFAS.IS:2025Q4,ALFAS.IS,ALFAS,2025Q4,2025-12-31,2026-03-15,data/fundamentals/ALFAS_IS.parquet,XUSIN.IS,False,9699223657.0,573691189.0,828053330.0,-16702008.0,6231769327.0,76253154.0,-1269340260.0
ALFAS.IS:2026Q1,ALFAS.IS,ALFAS,2026Q1,2026-03-31,2026-05-15,data/fundamentals/ALFAS_IS.parquet,XUSIN.IS,False,1124569569.0,-79631745.0,-16836357.0,48198916.0,5876859252.0,292864363.0,698373867.0
ALFAS.IS:2026Q2,ALFAS.IS,ALFAS,2026Q2,2026-06-30,2026-08-15,data/fundamentals/ALFAS_IS.parquet,XUSIN.IS,False,3295371862.0,283310534.0,420446213.0,350633153.0,6617744885.0,1764877674.0,1240766714.0
ALVES.IS:2020Q4,ALVES.IS,ALVES,2020Q4,2020-12-31,2021-03-15,data/fundamentals/ALVES_IS.parquet,XUSIN.IS,False,165931551.0,3162608.0,5697739.0,1257749.0,21084156.0,-47450702.0,-65761912.0
ALVES.IS:2021Q4,ALVES.IS,ALVES,2021Q4,2021-12-31,2022-03-15,data/fundamentals/ALVES_IS.parquet,XUSIN.IS,False,423345374.0,24942229.0,28889963.0,15464407.0,-9724770.0,49305692.0,42810402.0
ALVES.IS:2022Q3,ALVES.IS,ALVES,2022Q3,2022-09-30,2022-11-15,data/fundamentals/ALVES_IS.parquet,XUSIN.IS,False,528849689.0,37785878.0,40402964.0,18245611.0,0.0,-61484133.0,-76036927.0
ALVES.IS:2022Q4,ALVES.IS,ALVES,2022Q4,2022-12-31,2023-03-15,data/fundamentals/ALVES_IS.parquet,XUSIN.IS,False,1550439998.0,127094698.0,143073377.0,47600027.0,401024984.0,43755430.0,-62223072.0
ALVES.IS:2023Q1,ALVES.IS,ALVES,2023Q1,2023-03-31,2023-05-15,data/fundamentals/ALVES_IS.parquet,XUSIN.IS,False,810370051.0,184117604.0,203607526.0,-11027646.0,0.0,-204488411.0,-249468187.0
ALVES.IS:2023Q2,ALVES.IS,ALVES,2023Q2,2023-06-30,2023-08-15,data/fundamentals/ALVES_IS.parquet,XUSIN.IS,False,2179353613.0,273288227.0,292919261.0,124353827.0,0.0,5231853.0,-289749920.0
ALVES.IS:2023Q3,ALVES.IS,ALVES,2023Q3,2023-09-30,2023-11-15,data/fundamentals/ALVES_IS.parquet,XUSIN.IS,False,3089435306.0,433366457.0,471670964.0,311090276.0,356204592.0,-184502308.0,-532741004.0
ALVES.IS:2023Q4,ALVES.IS,ALVES,2023Q4,2023-12-31,2024-03-15,data/fundamentals/ALVES_IS.parquet,XUSIN.IS,False,4625807762.0,703125623.0,766176104.0,420936386.0,959950795.0,-61454486.0,-408659757.0
ALVES.IS:2024Q1,ALVES.IS,ALVES,2024Q1,2024-03-31,2024-05-15,data/fundamentals/ALVES_IS.parquet,XUSIN.IS,False,1698035599.0,214945066.0,238536673.0,184670068.0,1614293707.0,-614779078.0,-677490758.0
ALVES.IS:2024Q2,ALVES.IS,ALVES,2024Q2,2024-06-30,2024-08-15,data/fundamentals/ALVES_IS.parquet,XUSIN.IS,False,3383546576.0,514324270.0,567090458.0,24475758.0,1664650758.0,-808595382.0,-963070957.0
ALVES.IS:2024Q3,ALVES.IS,ALVES,2024Q3,2024-09-30,2024-11-15,data/fundamentals/ALVES_IS.parquet,XUSIN.IS,False,5134121052.0,803909233.0,907827652.0,172739120.0,1880520353.0,-1062813805.0,-1582525725.0
ALVES.IS:2024Q4,ALVES.IS,ALVES,2024Q4,2024-12-31,2025-03-15,data/fundamentals/ALVES_IS.parquet,XUSIN.IS,False,7062074703.0,1160151304.0,1323899209.0,136122679.0,2614819425.0,-124637717.0,-1035123764.0
ALVES.IS:2025Q1,ALVES.IS,ALVES,2025Q1,2025-03-31,2025-05-15,data/fundamentals/ALVES_IS.parquet,XUSIN.IS,False,1887158165.0,173342981.0,205567447.0,15345535.0,2210985005.0,-1146938194.0,-1220859155.0
ALVES.IS:2025Q2,ALVES.IS,ALVES,2025Q2,2025-06-30,2025-08-15,data/fundamentals/ALVES_IS.parquet,XUSIN.IS,False,5460639661.0,883709958.0,962495859.0,71320031.0,2384805364.0,-1177803321.0,-1319051985.0
ALVES.IS:2025Q4,ALVES.IS,ALVES,2025Q4,2025-12-31,2026-03-15,data/fundamentals/ALVES_IS.parquet,XUSIN.IS,False,11381776301.0,2169472741.0,2411229125.0,121168601.0,3198842588.0,-907232915.0,-1130741520.0
ALVES.IS:2026Q1,ALVES.IS,ALVES,2026Q1,2026-03-31,2026-05-15,data/fundamentals/ALVES_IS.parquet,XUSIN.IS,False,3109090013.0,376871921.0,442057542.0,11183518.0,3004671884.0,-377387276.0,-388187571.0
ALVES.IS:2026Q2,ALVES.IS,ALVES,2026Q2,2026-06-30,2026-08-15,data/fundamentals/ALVES_IS.parquet,XUSIN.IS,False,8156645393.0,1066842472.0,1189878447.0,33299378.0,3234549478.0,-425440553.0,-456722509.0
ANSGR.IS:2018Q1,ANSGR.IS,ANSGR,2018Q1,2018-03-31,2018-05-15,data/fundamentals/ANSGR_IS.parquet,XU100.IS,True,843561325.0,843561325.0,,109106767.0,1627541170.0,,
ANSGR.IS:2018Q2,ANSGR.IS,ANSGR,2018Q2,2018-06-30,2018-08-15,data/fundamentals/ANSGR_IS.parquet,XU100.IS,True,1696424451.0,1696424451.0,,172076071.0,1735993230.0,,
ANSGR.IS:2018Q3,ANSGR.IS,ANSGR,2018Q3,2018-09-30,2018-11-15,data/fundamentals/ANSGR_IS.parquet,XU100.IS,True,2629556003.0,2629556003.0,,232127770.0,1588991793.0,,
ANSGR.IS:2018Q4,ANSGR.IS,ANSGR,2018Q4,2018-12-31,2019-03-15,data/fundamentals/ANSGR_IS.parquet,XU100.IS,True,3579170365.0,3579170365.0,,307574340.0,1646206054.0,,
ANSGR.IS:2019Q1,ANSGR.IS,ANSGR,2019Q1,2019-03-31,2019-05-15,data/fundamentals/ANSGR_IS.parquet,XU100.IS,True,962811599.0,962811599.0,,124628827.0,1620441578.0,,
ANSGR.IS:2019Q2,ANSGR.IS,ANSGR,2019Q2,2019-06-30,2019-08-15,data/fundamentals/ANSGR_IS.parquet,XU100.IS,True,1999461324.0,1999461324.0,,230072124.0,1694502318.0,,
ANSGR.IS:2019Q3,ANSGR.IS,ANSGR,2019Q3,2019-09-30,2019-11-15,data/fundamentals/ANSGR_IS.parquet,XU100.IS,True,3090176798.0,3090176798.0,,309516887.0,1846372254.0,,
ANSGR.IS:2020Q1,ANSGR.IS,ANSGR,2020Q1,2020-03-31,2020-05-15,data/fundamentals/ANSGR_IS.parquet,XU100.IS,True,1144377433.0,1144377433.0,,150317671.0,1963200804.0,,
ANSGR.IS:2020Q2,ANSGR.IS,ANSGR,2020Q2,2020-06-30,2020-08-15,data/fundamentals/ANSGR_IS.parquet,XU100.IS,True,2287605753.0,2287605753.0,,278138955.0,2390055549.0,,
ANSGR.IS:2020Q3,ANSGR.IS,ANSGR,2020Q3,2020-09-30,2020-11-15,data/fundamentals/ANSGR_IS.parquet,XU100.IS,True,3572559007.0,3572559007.0,,380117728.0,2480375604.0,,
ANSGR.IS:2020Q4,ANSGR.IS,ANSGR,2020Q4,2020-12-31,2021-03-15,data/fundamentals/ANSGR_IS.parquet,XU100.IS,True,4943217712.0,4943217712.0,,460637712.0,2810378257.0,,
ANSGR.IS:2021Q1,ANSGR.IS,ANSGR,2021Q1,2021-03-31,2021-05-15,data/fundamentals/ANSGR_IS.parquet,XU100.IS,True,1305490821.0,1305490821.0,,165636222.0,2787554170.0,,
ANSGR.IS:2021Q2,ANSGR.IS,ANSGR,2021Q2,2021-06-30,2021-08-15,data/fundamentals/ANSGR_IS.parquet,XU100.IS,True,2687877005.0,2687877005.0,,311412439.0,2902672041.0,,
ANSGR.IS:2021Q3,ANSGR.IS,ANSGR,2021Q3,2021-09-30,2021-11-15,data/fundamentals/ANSGR_IS.parquet,XU100.IS,True,4338780393.0,4338780393.0,,339762760.0,2963675123.0,,
ANSGR.IS:2021Q4,ANSGR.IS,ANSGR,2021Q4,2021-12-31,2022-03-15,data/fundamentals/ANSGR_IS.parquet,XU100.IS,True,5885383547.0,5885383547.0,,521836991.0,3203552196.0,,
ANSGR.IS:2022Q1,ANSGR.IS,ANSGR,2022Q1,2022-03-31,2022-05-15,data/fundamentals/ANSGR_IS.parquet,XU100.IS,True,1914211228.0,1914211228.0,,196686770.0,3946069987.0,,
ANSGR.IS:2022Q2,ANSGR.IS,ANSGR,2022Q2,2022-06-30,2022-08-15,data/fundamentals/ANSGR_IS.parquet,XU100.IS,True,4037959060.0,4037959060.0,,375959350.0,4001595797.0,,
ANSGR.IS:2022Q3,ANSGR.IS,ANSGR,2022Q3,2022-09-30,2022-11-15,data/fundamentals/ANSGR_IS.parquet,XU100.IS,True,7161191159.0,7161191159.0,,497888898.0,4071584473.0,,
ANSGR.IS:2022Q4,ANSGR.IS,ANSGR,2022Q4,2022-12-31,2023-03-15,data/fundamentals/ANSGR_IS.parquet,XU100.IS,True,10768936473.0,10768936473.0,,1133201306.0,6048456902.0,,
ANSGR.IS:2023Q1,ANSGR.IS,ANSGR,2023Q1,2023-03-31,2023-05-15,data/fundamentals/ANSGR_IS.parquet,XU100.IS,True,4462176962.0,4462176962.0,,-117131836.0,5204390336.0,,
ANSGR.IS:2023Q2,ANSGR.IS,ANSGR,2023Q2,2023-06-30,2023-08-15,data/fundamentals/ANSGR_IS.parquet,XU100.IS,True,10038812416.0,10038812416.0,,2909983775.0,8588746717.0,,
ANSGR.IS:2023Q3,ANSGR.IS,ANSGR,2023Q3,2023-09-30,2023-11-15,data/fundamentals/ANSGR_IS.parquet,XU100.IS,True,16557474087.0,16557474087.0,,5423053452.0,14628731518.0,,
ANSGR.IS:2023Q4,ANSGR.IS,ANSGR,2023Q4,2023-12-31,2024-03-15,data/fundamentals/ANSGR_IS.parquet,XU100.IS,True,23246572202.0,23246572202.0,,5909396707.0,14203844032.0,,
ANSGR.IS:2024Q1,ANSGR.IS,ANSGR,2024Q1,2024-03-31,2024-05-15,data/fundamentals/ANSGR_IS.parquet,XU100.IS,True,8894738303.0,8894738303.0,,2866845129.0,17249744409.0,,
ANSGR.IS:2024Q2,ANSGR.IS,ANSGR,2024Q2,2024-06-30,2024-08-15,data/fundamentals/ANSGR_IS.parquet,XU100.IS,True,18531983193.0,18531983193.0,,5437726883.0,27109085426.0,,
ANSGR.IS:2024Q3,ANSGR.IS,ANSGR,2024Q3,2024-09-30,2024-11-15,data/fundamentals/ANSGR_IS.parquet,XU100.IS,True,29538533392.0,29538533392.0,,7879164434.0,27675396621.0,,
ANSGR.IS:2024Q4,ANSGR.IS,ANSGR,2024Q4,2024-12-31,2025-03-15,data/fundamentals/ANSGR_IS.parquet,XU100.IS,True,41138444222.0,41138444222.0,,10877686960.0,30655832332.0,,
ANSGR.IS:2025Q1,ANSGR.IS,ANSGR,2025Q1,2025-03-31,2025-05-15,data/fundamentals/ANSGR_IS.parquet,XU100.IS,True,12805556560.0,12805556560.0,,2256072494.0,29104060003.0,,
ANSGR.IS:2025Q2,ANSGR.IS,ANSGR,2025Q2,2025-06-30,2025-08-15,data/fundamentals/ANSGR_IS.parquet,XU100.IS,True,28096002929.0,28096002929.0,,5215555994.0,31509732269.0,,
ANSGR.IS:2025Q3,ANSGR.IS,ANSGR,2025Q3,2025-09-30,2025-11-15,data/fundamentals/ANSGR_IS.parquet,XU100.IS,True,44872152218.0,44872152218.0,,8642772575.0,36204587171.0,,
ANSGR.IS:2025Q4,ANSGR.IS,ANSGR,2025Q4,2025-12-31,2026-03-15,data/fundamentals/ANSGR_IS.parquet,XU100.IS,True,63441226432.0,63441226432.0,,12732402652.0,41271450052.0,,
ANSGR.IS:2026Q1,ANSGR.IS,ANSGR,2026Q1,2026-03-31,2026-05-15,data/fundamentals/ANSGR_IS.parquet,XU100.IS,True,19170475759.0,19170475759.0,,3842299630.0,42341944595.0,,
ANSGR.IS:2026Q2,ANSGR.IS,ANSGR,2026Q2,2026-06-30,2026-08-15,data/fundamentals/ANSGR_IS.parquet,XU100.IS,True,40074400283.0,40074400283.0,,7370705005.0,46113562093.0,,
ARCLK.IS:2018Q1,ARCLK.IS,ARCLK,2018Q1,2018-03-31,2018-05-15,data/fundamentals/ARCLK_IS.parquet,XUSIN.IS,False,5282218000.0,367683000.0,517258000.0,177587000.0,6779997000.0,14193000.0,-216479000.0
ARCLK.IS:2018Q2,ARCLK.IS,ARCLK,2018Q2,2018-06-30,2018-08-15,data/fundamentals/ARCLK_IS.parquet,XUSIN.IS,False,11794111000.0,754208000.0,1064783000.0,322177000.0,7216294000.0,88696000.0,-618343000.0
ARCLK.IS:2018Q3,ARCLK.IS,ARCLK,2018Q3,2018-09-30,2018-11-15,data/fundamentals/ARCLK_IS.parquet,XUSIN.IS,False,19490122000.0,1350566000.0,1846090000.0,574934000.0,9001425000.0,430262000.0,-785568000.0
ARCLK.IS:2018Q4,ARCLK.IS,ARCLK,2018Q4,2018-12-31,2019-03-15,data/fundamentals/ARCLK_IS.parquet,XUSIN.IS,False,26904384000.0,2037064000.0,2727478000.0,855841000.0,8219162000.0,1680909000.0,-100817000.0
ARCLK.IS:2019Q1,ARCLK.IS,ARCLK,2019Q1,2019-03-31,2019-05-15,data/fundamentals/ARCLK_IS.parquet,XUSIN.IS,False,6902157000.0,444941000.0,694043000.0,226094000.0,8796293000.0,676055000.0,302487000.0
ARCLK.IS:2019Q2,ARCLK.IS,ARCLK,2019Q2,2019-06-30,2019-08-15,data/fundamentals/ARCLK_IS.parquet,XUSIN.IS,False,15329757000.0,1095109000.0,1602192000.0,458089000.0,9165289000.0,1252656000.0,153031000.0
ARCLK.IS:2019Q3,ARCLK.IS,ARCLK,2019Q3,2019-09-30,2019-11-15,data/fundamentals/ARCLK_IS.parquet,XUSIN.IS,False,23575708000.0,1742814000.0,2519504000.0,711121000.0,9152692000.0,1964650000.0,550777000.0
ARCLK.IS:2019Q4,ARCLK.IS,ARCLK,2019Q4,2019-12-31,2020-03-15,data/fundamentals/ARCLK_IS.parquet,XUSIN.IS,False,31941773000.0,2239232000.0,3294166000.0,953026000.0,9815969000.0,3174880000.0,1262752000.0
ARCLK.IS:2020Q1,ARCLK.IS,ARCLK,2020Q1,2020-03-31,2020-05-15,data/fundamentals/ARCLK_IS.parquet,XUSIN.IS,False,7767528000.0,373382000.0,654742000.0,259445000.0,10002091000.0,769474000.0,495540000.0
ARCLK.IS:2020Q2,ARCLK.IS,ARCLK,2020Q2,2020-06-30,2020-08-15,data/fundamentals/ARCLK_IS.parquet,XUSIN.IS,False,15599657000.0,859916000.0,1438248000.0,668008000.0,10880947000.0,2904991000.0,2595523000.0
ARCLK.IS:2020Q3,ARCLK.IS,ARCLK,2020Q3,2020-09-30,2020-11-15,data/fundamentals/ARCLK_IS.parquet,XUSIN.IS,False,27537812000.0,2263220000.0,3160171000.0,1709215000.0,12905429000.0,5166107000.0,4472874000.0
ARCLK.IS:2020Q4,ARCLK.IS,ARCLK,2020Q4,2020-12-31,2021-03-15,data/fundamentals/ARCLK_IS.parquet,XUSIN.IS,False,40872483000.0,3842955000.0,5064949000.0,2878989000.0,14023846000.0,6420905000.0,5099145000.0
ARCLK.IS:2021Q1,ARCLK.IS,ARCLK,2021Q1,2021-03-31,2021-05-15,data/fundamentals/ARCLK_IS.parquet,XUSIN.IS,False,12983814000.0,1538835000.0,1883824000.0,1100192000.0,14489387000.0,-1724237000.0,-2146297000.0
ARCLK.IS:2021Q2,ARCLK.IS,ARCLK,2021Q2,2021-06-30,2021-08-15,data/fundamentals/ARCLK_IS.parquet,XUSIN.IS,False,27518228000.0,2586895000.0,3312622000.0,1641347000.0,15495848000.0,-2325702000.0,-6587191000.0
ARCLK.IS:2021Q3,ARCLK.IS,ARCLK,2021Q3,2021-09-30,2021-11-15,data/fundamentals/ARCLK_IS.parquet,XUSIN.IS,False,45665908000.0,3886825000.0,5073855000.0,2358165000.0,15848015000.0,-1652992000.0,-5246316000.0
ARCLK.IS:2021Q4,ARCLK.IS,ARCLK,2021Q4,2021-12-31,2022-03-15,data/fundamentals/ARCLK_IS.parquet,XUSIN.IS,False,68184437000.0,5007514000.0,6853196000.0,3251009000.0,21055215000.0,-1072549000.0,-5456147000.0
ARCLK.IS:2022Q1,ARCLK.IS,ARCLK,2022Q1,2022-03-31,2022-05-15,data/fundamentals/ARCLK_IS.parquet,XUSIN.IS,False,28164395000.0,2290747000.0,3001902000.0,1224362000.0,22520144000.0,-1041144000.0,-1771713000.0
ARCLK.IS:2022Q2,ARCLK.IS,ARCLK,2022Q2,2022-06-30,2022-08-15,data/fundamentals/ARCLK_IS.parquet,XUSIN.IS,False,60469028000.0,3849983000.0,5342456000.0,1564411000.0,24376331000.0,-4251702000.0,-6042628000.0
ARCLK.IS:2022Q3,ARCLK.IS,ARCLK,2022Q3,2022-09-30,2022-11-15,data/fundamentals/ARCLK_IS.parquet,XUSIN.IS,False,94723628000.0,5884525000.0,8257208000.0,2059310000.0,25168635000.0,-762326000.0,-2962645000.0
ARCLK.IS:2022Q4,ARCLK.IS,ARCLK,2022Q4,2022-12-31,2023-03-15,data/fundamentals/ARCLK_IS.parquet,XUSIN.IS,False,257172030000.0,8157468000.0,16220288000.0,7008172000.0,58039410000.0,-2897227000.0,-10692288000.0
ARCLK.IS:2023Q1,ARCLK.IS,ARCLK,2023Q1,2023-03-31,2023-05-15,data/fundamentals/ARCLK_IS.parquet,XUSIN.IS,False,81434421640.0,2905069041.0,5481110041.0,1694339549.0,26127069000.0,-4553798000.0,-8497698000.0
ARCLK.IS:2023Q2,ARCLK.IS,ARCLK,2023Q2,2023-06-30,2023-08-15,data/fundamentals/ARCLK_IS.parquet,XUSIN.IS,False,171370631000.0,9070208000.0,16787574000.0,3809105000.0,34043772000.0,-8406009000.0,-15579079000.0
ARCLK.IS:2023Q3,ARCLK.IS,ARCLK,2023Q3,2023-09-30,2023-11-15,data/fundamentals/ARCLK_IS.parquet,XUSIN.IS,False,264019394000.0,13567611000.0,22637519000.0,5282546000.0,35907563000.0,10025132000.0,-1979491000.0
ARCLK.IS:2023Q4,ARCLK.IS,ARCLK,2023Q4,2023-12-31,2024-03-15,data/fundamentals/ARCLK_IS.parquet,XUSIN.IS,False,371203268000.0,16770887000.0,29353579000.0,20556667000.0,85996829000.0,-480831000.0,-19913804000.0
ARCLK.IS:2024Q1,ARCLK.IS,ARCLK,2024Q1,2024-03-31,2024-05-15,data/fundamentals/ARCLK_IS.parquet,XUSIN.IS,False,99801065000.0,4354835000.0,7887546000.0,2623197000.0,66651549000.0,8267510000.0,3778246000.0
ARCLK.IS:2024Q2,ARCLK.IS,ARCLK,2024Q2,2024-06-30,2024-08-15,data/fundamentals/ARCLK_IS.parquet,XUSIN.IS,False,242984171000.0,5708489000.0,14668572000.0,22580990000.0,93454190000.0,-1156960000.0,-2155904000.0
ARCLK.IS:2024Q3,ARCLK.IS,ARCLK,2024Q3,2024-09-30,2024-11-15,data/fundamentals/ARCLK_IS.parquet,XUSIN.IS,False,401698160000.0,6594406000.0,21952126000.0,17875638000.0,92254999000.0,-17659110000.0,-25417800000.0
ARCLK.IS:2024Q4,ARCLK.IS,ARCLK,2024Q4,2024-12-31,2025-03-15,data/fundamentals/ARCLK_IS.parquet,XUSIN.IS,False,560936749045.0,7522829787.0,29185506274.0,-2889170666.0,98252484946.0,18835014744.0,-430389684.0
ARCLK.IS:2025Q1,ARCLK.IS,ARCLK,2025Q1,2025-03-31,2025-05-15,data/fundamentals/ARCLK_IS.parquet,XUSIN.IS,False,142797336000.0,1312642000.0,7489757000.0,-2553942000.0,79686208000.0,-12638939000.0,-17465346000.0
ARCLK.IS:2025Q2,ARCLK.IS,ARCLK,2025Q2,2025-06-30,2025-08-15,data/fundamentals/ARCLK_IS.parquet,XUSIN.IS,False,313145404000.0,3659742000.0,17361969000.0,-6635929000.0,75211284000.0,-22198144000.0,-31940687000.0
ARCLK.IS:2025Q3,ARCLK.IS,ARCLK,2025Q3,2025-09-30,2025-11-15,data/fundamentals/ARCLK_IS.parquet,XUSIN.IS,False,379269284000.0,5753754000.0,22705501000.0,-7738459000.0,74071270000.0,-1706128000.0,-12644615000.0
ARCLK.IS:2025Q4,ARCLK.IS,ARCLK,2025Q4,2025-12-31,2026-03-15,data/fundamentals/ARCLK_IS.parquet,XUSIN.IS,False,616975868761.0,8237585418.0,35618030303.0,-11539521174.0,89384747712.0,27808385057.0,6263855702.0
ARCLK.IS:2026Q1,ARCLK.IS,ARCLK,2026Q1,2026-03-31,2026-05-15,data/fundamentals/ARCLK_IS.parquet,XUSIN.IS,False,130271680000.0,2120955000.0,7746904000.0,-2214344000.0,78357091000.0,-16428422000.0,-19493908000.0
ARCLK.IS:2026Q2,ARCLK.IS,ARCLK,2026Q2,2026-06-30,2026-08-15,data/fundamentals/ARCLK_IS.parquet,XUSIN.IS,False,280732536000.0,3279007000.0,14153295000.0,443764000.0,81548515000.0,-11949254000.0,-18422829000.0
ASELS.IS:2018Q1,ASELS.IS,ASELS,2018Q1,2018-03-31,2018-05-15,data/fundamentals/ASELS_IS.parquet,XUSIN.IS,False,1365199000.0,243308000.0,283360000.0,351342000.0,5040003000.0,-605029000.0,-744312000.0
ASELS.IS:2018Q2,ASELS.IS,ASELS,2018Q2,2018-06-30,2018-08-15,data/fundamentals/ASELS_IS.parquet,XUSIN.IS,False,3279776000.0,620808000.0,702567000.0,941806000.0,8575516000.0,-529020000.0,-779941000.0
ASELS.IS:2018Q3,ASELS.IS,ASELS,2018Q3,2018-09-30,2018-11-15,data/fundamentals/ASELS_IS.parquet,XUSIN.IS,False,5213940000.0,958387000.0,1082864000.0,1735534000.0,9382161000.0,-912972000.0,-1371402000.0
ASELS.IS:2018Q4,ASELS.IS,ASELS,2018Q4,2018-12-31,2019-03-15,data/fundamentals/ASELS_IS.parquet,XUSIN.IS,False,9008516000.0,1724205000.0,1895596000.0,2319347000.0,10177021000.0,272200000.0,-1473803000.0
ASELS.IS:2019Q1,ASELS.IS,ASELS,2019Q1,2019-03-31,2019-05-15,data/fundamentals/ASELS_IS.parquet,XUSIN.IS,False,1998099000.0,343670000.0,394795000.0,629561000.0,10810418000.0,-394155000.0,-769362000.0
ASELS.IS:2019Q2,ASELS.IS,ASELS,2019Q2,2019-06-30,2019-08-15,data/fundamentals/ASELS_IS.parquet,XUSIN.IS,False,4624415000.0,841289000.0,947198000.0,1335324000.0,11352674000.0,-1330169000.0,-2035384000.0
ASELS.IS:2019Q3,ASELS.IS,ASELS,2019Q3,2019-09-30,2019-11-15,data/fundamentals/ASELS_IS.parquet,XUSIN.IS,False,7647673000.0,1390971000.0,1557563000.0,1978934000.0,11989820000.0,-1585990000.0,-2604292000.0
ASELS.IS:2019Q4,ASELS.IS,ASELS,2019Q4,2019-12-31,2020-03-15,data/fundamentals/ASELS_IS.parquet,XUSIN.IS,False,13012551000.0,2612594000.0,2853810000.0,3352673000.0,13568899000.0,976852000.0,-718217000.0
ASELS.IS:2020Q1,ASELS.IS,ASELS,2020Q1,2020-03-31,2020-05-15,data/fundamentals/ASELS_IS.parquet,XUSIN.IS,False,2595267000.0,554846000.0,620737000.0,920214000.0,14494489000.0,-716505000.0,-1105538000.0
ASELS.IS:2020Q2,ASELS.IS,ASELS,2020Q2,2020-06-30,2020-08-15,data/fundamentals/ASELS_IS.parquet,XUSIN.IS,False,5230659000.0,1138297000.0,1274266000.0,1847971000.0,15081234000.0,-1211607000.0,-1999661000.0
ASELS.IS:2020Q3,ASELS.IS,ASELS,2020Q3,2020-09-30,2020-11-15,data/fundamentals/ASELS_IS.parquet,XUSIN.IS,False,8422668000.0,1603755000.0,1816230000.0,2998525000.0,16291592000.0,-666290000.0,-1853055000.0
ASELS.IS:2020Q4,ASELS.IS,ASELS,2020Q4,2020-12-31,2021-03-15,data/fundamentals/ASELS_IS.parquet,XUSIN.IS,False,16104455000.0,3641978000.0,3927476000.0,4461266000.0,18098103000.0,1718600000.0,-282677000.0
ASELS.IS:2021Q1,ASELS.IS,ASELS,2021Q1,2021-03-31,2021-05-15,data/fundamentals/ASELS_IS.parquet,XUSIN.IS,False,3173135000.0,664270000.0,761022000.0,1228827000.0,19337844000.0,-634809000.0,-1119739000.0
ASELS.IS:2021Q2,ASELS.IS,ASELS,2021Q2,2021-06-30,2021-08-15,data/fundamentals/ASELS_IS.parquet,XUSIN.IS,False,6974677000.0,1706271000.0,1901322000.0,2534044000.0,20286881000.0,-740368000.0,-1844190000.0
ASELS.IS:2021Q3,ASELS.IS,ASELS,2021Q3,2021-09-30,2021-11-15,data/fundamentals/ASELS_IS.parquet,XUSIN.IS,False,10292348000.0,2168095000.0,2473210000.0,3135492000.0,20888781000.0,-654021000.0,-2552681000.0
ASELS.IS:2021Q4,ASELS.IS,ASELS,2021Q4,2021-12-31,2022-03-15,data/fundamentals/ASELS_IS.parquet,XUSIN.IS,False,20138953000.0,5069970000.0,5502161000.0,7127341000.0,25835210000.0,2432551000.0,-1073393000.0
ASELS.IS:2022Q1,ASELS.IS,ASELS,2022Q1,2022-03-31,2022-05-15,data/fundamentals/ASELS_IS.parquet,XUSIN.IS,False,4365256000.0,905740000.0,1036574000.0,1676941000.0,27541123000.0,-1047339000.0,-2200420000.0
ASELS.IS:2022Q2,ASELS.IS,ASELS,2022Q2,2022-06-30,2022-08-15,data/fundamentals/ASELS_IS.parquet,XUSIN.IS,False,10841207000.0,2436963000.0,2705286000.0,3796811000.0,29103809000.0,392694000.0,-2367046000.0
ASELS.IS:2022Q3,ASELS.IS,ASELS,2022Q3,2022-09-30,2022-11-15,data/fundamentals/ASELS_IS.parquet,XUSIN.IS,False,17728397000.0,3691911000.0,4106832000.0,5735234000.0,31068655000.0,558672000.0,-3671192000.0
ASELS.IS:2022Q4,ASELS.IS,ASELS,2022Q4,2022-12-31,2023-03-15,data/fundamentals/ASELS_IS.parquet,XUSIN.IS,False,66860171000.0,11594129000.0,14039960000.0,1189309000.0,80806003000.0,12044475000.0,189659000.0
ASELS.IS:2023Q1,ASELS.IS,ASELS,2023Q1,2023-03-31,2023-05-15,data/fundamentals/ASELS_IS.parquet,XUSIN.IS,False,17004018423.0,3185811662.0,3791721662.0,-1157392747.0,42137134000.0,3800695000.0,-1854348000.0
ASELS.IS:2023Q2,ASELS.IS,ASELS,2023Q2,2023-06-30,2023-08-15,data/fundamentals/ASELS_IS.parquet,XUSIN.IS,False,35937660000.0,6967961000.0,8558604000.0,1707348000.0,44844342000.0,27042000.0,-10513009000.0
ASELS.IS:2023Q3,ASELS.IS,ASELS,2023Q3,2023-09-30,2023-11-15,data/fundamentals/ASELS_IS.parquet,XUSIN.IS,False,53063438000.0,9638055000.0,12713887000.0,4357402000.0,49310472000.0,3845805000.0,-9656143000.0
ASELS.IS:2023Q4,ASELS.IS,ASELS,2023Q4,2023-12-31,2024-03-15,data/fundamentals/ASELS_IS.parquet,XUSIN.IS,False,106252343000.0,18228042000.0,23140045000.0,10646874000.0,127602504000.0,12091527000.0,-4774231000.0
ASELS.IS:2024Q1,ASELS.IS,ASELS,2024Q1,2024-03-31,2024-05-15,data/fundamentals/ASELS_IS.parquet,XUSIN.IS,False,20907611000.0,3740088000.0,4692727000.0,1710993000.0,102888142000.0,-4103979000.0,-7441558000.0
ASELS.IS:2024Q2,ASELS.IS,ASELS,2024Q2,2024-06-30,2024-08-15,data/fundamentals/ASELS_IS.parquet,XUSIN.IS,False,48237741000.0,9834160000.0,11742391000.0,4923865000.0,113261318000.0,-2564611000.0,-13917905000.0
ASELS.IS:2024Q3,ASELS.IS,ASELS,2024Q3,2024-09-30,2024-11-15,data/fundamentals/ASELS_IS.parquet,XUSIN.IS,False,80930749000.0,16197701000.0,19188600000.0,8097210000.0,125353862000.0,1204217000.0,-18491247000.0
ASELS.IS:2024Q4,ASELS.IS,ASELS,2024Q4,2024-12-31,2025-03-15,data/fundamentals/ASELS_IS.parquet,XUSIN.IS,False,157339901315.0,35255416813.0,39574253705.0,19925371403.0,185028282075.0,28033785982.0,91093207.0
ASELS.IS:2025Q1,ASELS.IS,ASELS,2025Q1,2025-03-31,2025-05-15,data/fundamentals/ASELS_IS.parquet,XUSIN.IS,False,29825146000.0,5196989000.0,6729630000.0,2791993000.0,157722276000.0,5533364000.0,-2024842000.0
ASELS.IS:2025Q2,ASELS.IS,ASELS,2025Q2,2025-06-30,2025-08-15,data/fundamentals/ASELS_IS.parquet,XUSIN.IS,False,70956004000.0,14824209000.0,17791211000.0,8468992000.0,170245602000.0,18013334000.0,1078606000.0
ASELS.IS:2025Q3,ASELS.IS,ASELS,2025Q3,2025-09-30,2025-11-15,data/fundamentals/ASELS_IS.parquet,XUSIN.IS,False,90872870000.0,18919877000.0,22668159000.0,11587759000.0,187622247000.0,24094505000.0,-574089000.0
ASELS.IS:2025Q4,ASELS.IS,ASELS,2025Q4,2025-12-31,2026-03-15,data/fundamentals/ASELS_IS.parquet,XUSIN.IS,False,212489200293.0,49200014458.0,55733957457.0,35230657924.0,296499690430.0,57586211067.0,11795450370.0
ASELS.IS:2026Q1,ASELS.IS,ASELS,2026Q1,2026-03-31,2026-05-15,data/fundamentals/ASELS_IS.parquet,XUSIN.IS,False,34305800000.0,6738079000.0,8632803000.0,5549453000.0,282737905000.0,5863229000.0,-7716663000.0
ASELS.IS:2026Q2,ASELS.IS,ASELS,2026Q2,2026-06-30,2026-08-15,data/fundamentals/ASELS_IS.parquet,XUSIN.IS,False,88494252000.0,18894769000.0,23233306000.0,14449834000.0,308524609000.0,15206440000.0,-18331268000.0
ASTOR.IS:2019Q4,ASTOR.IS,ASTOR,2019Q4,2019-12-31,2020-03-15,data/fundamentals/ASTOR_IS.parquet,XUSIN.IS,False,1110723551.0,207686248.0,243309829.0,127446975.0,330579117.0,138020112.0,74781391.0
ASTOR.IS:2020Q4,ASTOR.IS,ASTOR,2020Q4,2020-12-31,2021-03-15,data/fundamentals/ASTOR_IS.parquet,XUSIN.IS,False,1448766348.0,347290916.0,404006247.0,225585436.0,558658853.0,-9057566.0,-154544567.0
ASTOR.IS:2021Q3,ASTOR.IS,ASTOR,2021Q3,2021-09-30,2021-11-15,data/fundamentals/ASTOR_IS.parquet,XUSIN.IS,False,2007139972.0,371095060.0,419241460.0,263434625.0,0.0,-246726480.0,-341693050.0
ASTOR.IS:2021Q4,ASTOR.IS,ASTOR,2021Q4,2021-12-31,2022-03-15,data/fundamentals/ASTOR_IS.parquet,XUSIN.IS,False,3154302309.0,775453324.0,843018328.0,517681157.0,1098575339.0,-234572614.0,-420517539.0
ASTOR.IS:2022Q1,ASTOR.IS,ASTOR,2022Q1,2022-03-31,2022-05-15,data/fundamentals/ASTOR_IS.parquet,XUSIN.IS,False,1080911812.0,215842474.0,234701641.0,237733324.0,0.0,-117336393.0,-118267313.0
ASTOR.IS:2022Q2,ASTOR.IS,ASTOR,2022Q2,2022-06-30,2022-08-15,data/fundamentals/ASTOR_IS.parquet,XUSIN.IS,False,2789234671.0,621653393.0,659189880.0,643284569.0,0.0,-223351399.0,-239923406.0
ASTOR.IS:2022Q3,ASTOR.IS,ASTOR,2022Q3,2022-09-30,2022-11-15,data/fundamentals/ASTOR_IS.parquet,XUSIN.IS,False,4626151679.0,1101155311.0,1157225355.0,1100291968.0,2561255496.0,214058867.0,157254715.0
ASTOR.IS:2022Q4,ASTOR.IS,ASTOR,2022Q4,2022-12-31,2023-03-15,data/fundamentals/ASTOR_IS.parquet,XUSIN.IS,False,13783507804.0,3484380954.0,3615599253.0,2040490155.0,6685027406.0,613050514.0,300111616.0
ASTOR.IS:2023Q1,ASTOR.IS,ASTOR,2023Q1,2023-03-31,2023-05-15,data/fundamentals/ASTOR_IS.parquet,XUSIN.IS,False,3840381274.0,905762786.0,990272445.0,145266224.0,5020386192.0,1880515596.0,1768297349.0
ASTOR.IS:2023Q2,ASTOR.IS,ASTOR,2023Q2,2023-06-30,2023-08-15,data/fundamentals/ASTOR_IS.parquet,XUSIN.IS,False,9214501259.0,2277774233.0,2729741104.0,768518607.0,6177447612.0,2749143523.0,2437356203.0
ASTOR.IS:2023Q3,ASTOR.IS,ASTOR,2023Q3,2023-09-30,2023-11-15,data/fundamentals/ASTOR_IS.parquet,XUSIN.IS,False,15887733946.0,5594268890.0,5922479233.0,2361674768.0,7649441833.0,3839449052.0,2881419495.0
ASTOR.IS:2023Q4,ASTOR.IS,ASTOR,2023Q4,2023-12-31,2024-03-15,data/fundamentals/ASTOR_IS.parquet,XUSIN.IS,False,24420785951.0,7915156635.0,8369243569.0,6639007854.0,17670249461.0,5799052647.0,1899106201.0
ASTOR.IS:2024Q1,ASTOR.IS,ASTOR,2024Q1,2024-03-31,2024-05-15,data/fundamentals/ASTOR_IS.parquet,XUSIN.IS,False,8014647678.0,2035350005.0,2240730262.0,789495361.0,14661392554.0,2626358882.0,1449658898.0
ASTOR.IS:2024Q2,ASTOR.IS,ASTOR,2024Q2,2024-06-30,2024-08-15,data/fundamentals/ASTOR_IS.parquet,XUSIN.IS,False,15467319618.0,4294231611.0,4745355662.0,1730804228.0,16527634915.0,5208723667.0,2751364459.0
ASTOR.IS:2024Q3,ASTOR.IS,ASTOR,2024Q3,2024-09-30,2024-11-15,data/fundamentals/ASTOR_IS.parquet,XUSIN.IS,False,24709381005.0,7297223440.0,8066076388.0,4620663285.0,18329603926.0,10257003504.0,7199566133.0
ASTOR.IS:2024Q4,ASTOR.IS,ASTOR,2024Q4,2024-12-31,2025-03-15,data/fundamentals/ASTOR_IS.parquet,XUSIN.IS,False,34848864779.0,9303281982.0,10433023722.0,6577182561.0,27257462081.0,9242157398.0,3763536429.0
ASTOR.IS:2025Q1,ASTOR.IS,ASTOR,2025Q1,2025-03-31,2025-05-15,data/fundamentals/ASTOR_IS.parquet,XUSIN.IS,False,8215343353.0,2028127557.0,2297255599.0,1187437398.0,23831200743.0,1088154247.0,162780904.0
ASTOR.IS:2025Q2,ASTOR.IS,ASTOR,2025Q2,2025-06-30,2025-08-15,data/fundamentals/ASTOR_IS.parquet,XUSIN.IS,False,17877005438.0,5230727562.0,5823253328.0,2475688396.0,26157955886.0,2204004702.0,-964569784.0
ASTOR.IS:2025Q3,ASTOR.IS,ASTOR,2025Q3,2025-09-30,2025-11-15,data/fundamentals/ASTOR_IS.parquet,XUSIN.IS,False,22158943115.0,6470905313.0,7209934673.0,4759338136.0,29305773835.0,506781934.0,-4199253251.0
ASTOR.IS:2025Q4,ASTOR.IS,ASTOR,2025Q4,2025-12-31,2026-03-15,data/fundamentals/ASTOR_IS.parquet,XUSIN.IS,False,41557868143.0,11828636684.0,13074235977.0,9030790380.0,39190176299.0,3246490952.0,-4989108807.0
ASTOR.IS:2026Q1,ASTOR.IS,ASTOR,2026Q1,2026-03-31,2026-05-15,data/fundamentals/ASTOR_IS.parquet,XUSIN.IS,False,9286457701.0,2684418513.0,3032882872.0,1811756765.0,38403565895.0,1343063641.0,-883168730.0
ASTOR.IS:2026Q2,ASTOR.IS,ASTOR,2026Q2,2026-06-30,2026-08-15,data/fundamentals/ASTOR_IS.parquet,XUSIN.IS,False,19214635242.0,5891665960.0,6750777329.0,4646038622.0,43796220222.0,5748142146.0,-1523411978.0
BIMAS.IS:2018Q1,BIMAS.IS,BIMAS,2018Q1,2018-03-31,2018-05-15,data/fundamentals/BIMAS_IS.parquet,MINI_PERAKENDE,False,6969936000.0,286326000.0,363843000.0,234270000.0,3200582000.0,218564000.0,41011000.0
BIMAS.IS:2018Q2,BIMAS.IS,BIMAS,2018Q2,2018-06-30,2018-08-15,data/fundamentals/BIMAS_IS.parquet,MINI_PERAKENDE,False,14768802000.0,644450000.0,805677000.0,527529000.0,2773424000.0,688500000.0,271926000.0
BIMAS.IS:2018Q3,BIMAS.IS,BIMAS,2018Q3,2018-09-30,2018-11-15,data/fundamentals/BIMAS_IS.parquet,MINI_PERAKENDE,False,23229103000.0,1116515000.0,1367938000.0,891309000.0,3167198000.0,1224714000.0,292212000.0
BIMAS.IS:2018Q4,BIMAS.IS,BIMAS,2018Q4,2018-12-31,2019-03-15,data/fundamentals/BIMAS_IS.parquet,MINI_PERAKENDE,False,32322987000.0,1529842000.0,1878550000.0,1250464000.0,3512016000.0,1559358000.0,240762000.0
BIMAS.IS:2019Q1,BIMAS.IS,BIMAS,2019Q1,2019-03-31,2019-05-15,data/fundamentals/BIMAS_IS.parquet,MINI_PERAKENDE,False,9025282000.0,402490000.0,654154000.0,215384000.0,3740728000.0,568093000.0,332916000.0
BIMAS.IS:2019Q2,BIMAS.IS,BIMAS,2019Q2,2019-06-30,2019-08-15,data/fundamentals/BIMAS_IS.parquet,MINI_PERAKENDE,False,19270728000.0,977480000.0,1501120000.0,562296000.0,3370007000.0,1340712000.0,1028227000.0
BIMAS.IS:2019Q3,BIMAS.IS,BIMAS,2019Q3,2019-09-30,2019-11-15,data/fundamentals/BIMAS_IS.parquet,MINI_PERAKENDE,False,29683016000.0,1546743000.0,2345630000.0,906215000.0,4047912000.0,2594826000.0,1352254000.0
BIMAS.IS:2019Q4,BIMAS.IS,BIMAS,2019Q4,2019-12-31,2020-03-15,data/fundamentals/BIMAS_IS.parquet,MINI_PERAKENDE,False,40211942000.0,2066289000.0,3148905000.0,1224877000.0,4237290000.0,3384491000.0,2234238000.0
BIMAS.IS:2020Q1,BIMAS.IS,BIMAS,2020Q1,2020-03-31,2020-05-15,data/fundamentals/BIMAS_IS.parquet,MINI_PERAKENDE,False,12597616000.0,665543000.0,984864000.0,430411000.0,4678679000.0,1678903000.0,1727220000.0
BIMAS.IS:2020Q2,BIMAS.IS,BIMAS,2020Q2,2020-06-30,2020-08-15,data/fundamentals/BIMAS_IS.parquet,MINI_PERAKENDE,False,26626115000.0,1668001000.0,2324580000.0,1127822000.0,5048715000.0,2878379000.0,2679899000.0
BIMAS.IS:2020Q3,BIMAS.IS,BIMAS,2020Q3,2020-09-30,2020-11-15,data/fundamentals/BIMAS_IS.parquet,MINI_PERAKENDE,False,40186226000.0,2526242000.0,3541614000.0,1781596000.0,5375485000.0,4079395000.0,2159348000.0
BIMAS.IS:2020Q4,BIMAS.IS,BIMAS,2020Q4,2020-12-31,2021-03-15,data/fundamentals/BIMAS_IS.parquet,MINI_PERAKENDE,False,55495364000.0,3696911000.0,5066984000.0,2606815000.0,7175687000.0,4743926000.0,1769635000.0
BIMAS.IS:2021Q1,BIMAS.IS,BIMAS,2021Q1,2021-03-31,2021-05-15,data/fundamentals/BIMAS_IS.parquet,MINI_PERAKENDE,False,15501646000.0,916517000.0,1323887000.0,684567000.0,6693315000.0,916264000.0,1376908000.0
BIMAS.IS:2021Q2,BIMAS.IS,BIMAS,2021Q2,2021-06-30,2021-08-15,data/fundamentals/BIMAS_IS.parquet,MINI_PERAKENDE,False,32664892000.0,1984117000.0,2840047000.0,1416243000.0,5687228000.0,2387348000.0,3555252000.0
BIMAS.IS:2021Q3,BIMAS.IS,BIMAS,2021Q3,2021-09-30,2021-11-15,data/fundamentals/BIMAS_IS.parquet,MINI_PERAKENDE,False,50122131000.0,3046622000.0,4350077000.0,2308592000.0,6857175000.0,4173565000.0,4014398000.0
BIMAS.IS:2021Q4,BIMAS.IS,BIMAS,2021Q4,2021-12-31,2022-03-15,data/fundamentals/BIMAS_IS.parquet,MINI_PERAKENDE,False,70698507000.0,4773509000.0,6576167000.0,2950710000.0,7809072000.0,5830034000.0,5784865000.0
BIMAS.IS:2022Q1,BIMAS.IS,BIMAS,2022Q1,2022-03-31,2022-05-15,data/fundamentals/BIMAS_IS.parquet,MINI_PERAKENDE,False,27313940000.0,1748224000.0,2304668000.0,1344211000.0,9097227000.0,713947000.0,1049507000.0
BIMAS.IS:2022Q2,BIMAS.IS,BIMAS,2022Q2,2022-06-30,2022-08-15,data/fundamentals/BIMAS_IS.parquet,MINI_PERAKENDE,False,61449339000.0,3960955000.0,5116624000.0,3027652000.0,9005287000.0,3181603000.0,2191792000.0
BIMAS.IS:2022Q3,BIMAS.IS,BIMAS,2022Q3,2022-09-30,2022-11-15,data/fundamentals/BIMAS_IS.parquet,MINI_PERAKENDE,False,102620448000.0,6196477000.0,8018440000.0,4805266000.0,10783488000.0,5972781000.0,2198964000.0
BIMAS.IS:2022Q4,BIMAS.IS,BIMAS,2022Q4,2022-12-31,2023-03-15,data/fundamentals/BIMAS_IS.parquet,MINI_PERAKENDE,False,279252910000.0,5510494000.0,13632324000.0,16599432000.0,58307349000.0,16722063000.0,7162752000.0
BIMAS.IS:2023Q1,BIMAS.IS,BIMAS,2023Q1,2023-03-31,2023-05-15,data/fundamentals/BIMAS_IS.parquet,MINI_PERAKENDE,False,96077514000.0,167720000.0,3266134000.0,1250558000.0,26329979000.0,2051465000.0,-200592000.0
BIMAS.IS:2023Q2,BIMAS.IS,BIMAS,2023Q2,2023-06-30,2023-08-15,data/fundamentals/BIMAS_IS.parquet,MINI_PERAKENDE,False,197577993000.0,1031455000.0,7869481000.0,5232614000.0,26151221000.0,18055130000.0,11528912000.0
BIMAS.IS:2023Q3,BIMAS.IS,BIMAS,2023Q3,2023-09-30,2023-11-15,data/fundamentals/BIMAS_IS.parquet,MINI_PERAKENDE,False,330890598000.0,5346033000.0,16456291000.0,13291367000.0,30043083000.0,27013495000.0,11391049000.0
BIMAS.IS:2023Q4,BIMAS.IS,BIMAS,2023Q4,2023-12-31,2024-03-15,data/fundamentals/BIMAS_IS.parquet,MINI_PERAKENDE,False,474200415000.0,4849389000.0,19853721000.0,22299719000.0,100692259000.0,30234533000.0,12713589000.0
BIMAS.IS:2024Q1,BIMAS.IS,BIMAS,2024Q1,2024-03-31,2024-05-15,data/fundamentals/BIMAS_IS.parquet,MINI_PERAKENDE,False,143308140000.0,1623868000.0,6144589000.0,5356072000.0,84175794000.0,9576166000.0,3572793000.0
BIMAS.IS:2024Q2,BIMAS.IS,BIMAS,2024Q2,2024-06-30,2024-08-15,data/fundamentals/BIMAS_IS.parquet,MINI_PERAKENDE,False,299460755000.0,1707029000.0,11452173000.0,11787151000.0,89372201000.0,17573664000.0,6027943000.0
BIMAS.IS:2024Q3,BIMAS.IS,BIMAS,2024Q3,2024-09-30,2024-11-15,data/fundamentals/BIMAS_IS.parquet,MINI_PERAKENDE,False,489801496000.0,3632529000.0,19555437000.0,18502124000.0,101680706000.0,40151985000.0,6685186000.0
BIMAS.IS:2024Q4,BIMAS.IS,BIMAS,2024Q4,2024-12-31,2025-03-15,data/fundamentals/BIMAS_IS.parquet,MINI_PERAKENDE,False,680072865516.0,6996604666.0,29526546236.0,24362918475.0,155158062322.0,40843784946.0,18683645619.0
BIMAS.IS:2025Q1,BIMAS.IS,BIMAS,2025Q1,2025-03-31,2025-05-15,data/fundamentals/BIMAS_IS.parquet,MINI_PERAKENDE,False,193317926000.0,-1176427000.0,6912799000.0,3546984000.0,132975994000.0,30335601000.0,11898010000.0
BIMAS.IS:2025Q2,BIMAS.IS,BIMAS,2025Q2,2025-06-30,2025-08-15,data/fundamentals/BIMAS_IS.parquet,MINI_PERAKENDE,False,409303226000.0,3579514000.0,19846121000.0,7335863000.0,136703852000.0,29454043000.0,10607820000.0
BIMAS.IS:2025Q3,BIMAS.IS,BIMAS,2025Q3,2025-09-30,2025-11-15,data/fundamentals/BIMAS_IS.parquet,MINI_PERAKENDE,False,512767099000.0,9440857000.0,29385069000.0,11366974000.0,153523952000.0,38960328000.0,14285135000.0
BIMAS.IS:2025Q4,BIMAS.IS,BIMAS,2025Q4,2025-12-31,2026-03-15,data/fundamentals/BIMAS_IS.parquet,MINI_PERAKENDE,False,849112183247.0,19839690509.0,51206821351.0,22062351035.0,196768007508.0,48166785145.0,23309609902.0
BIMAS.IS:2026Q1,BIMAS.IS,BIMAS,2026Q1,2026-03-31,2026-05-15,data/fundamentals/BIMAS_IS.parquet,MINI_PERAKENDE,False,212862328000.0,2823813000.0,10112206000.0,6551167000.0,190794272000.0,23920542000.0,5302816000.0
BIMAS.IS:2026Q2,BIMAS.IS,BIMAS,2026Q2,2026-06-30,2026-08-15,data/fundamentals/BIMAS_IS.parquet,MINI_PERAKENDE,False,449695235000.0,9322815000.0,24392599000.0,15094815000.0,203137363000.0,37907288000.0,11398796000.0
BINHO.IS:2022Q2,BINHO.IS,BINHO,2022Q2,2022-06-30,2022-08-15,data/fundamentals/BINHO_IS.parquet,XU100.IS,False,0.0,-64436.0,-64436.0,-64436.0,0.0,-11988652.0,-11988652.0
BINHO.IS:2022Q3,BINHO.IS,BINHO,2022Q3,2022-09-30,2022-11-15,data/fundamentals/BINHO_IS.parquet,XU100.IS,False,0.0,-982844.0,-982844.0,-1174578.0,0.0,-11435612.0,-11435612.0
BINHO.IS:2022Q4,BINHO.IS,BINHO,2022Q4,2022-12-31,2023-03-15,data/fundamentals/BINHO_IS.parquet,XU100.IS,False,8194921120.0,8188263533.0,8188263533.0,6302574562.0,6328231292.0,-25046665.0,-25046665.0
BINHO.IS:2023Q1,BINHO.IS,BINHO,2023Q1,2023-03-31,2023-05-15,data/fundamentals/BINHO_IS.parquet,XU100.IS,False,3527509.0,-31291903.0,-31291903.0,1484165441.0,0.0,407667.0,407667.0
BINHO.IS:2023Q2,BINHO.IS,BINHO,2023Q2,2023-06-30,2023-08-15,data/fundamentals/BINHO_IS.parquet,XU100.IS,False,1122033253.0,1041326233.0,1041326233.0,4444814259.0,7418433971.0,4580003.0,4580003.0
BINHO.IS:2023Q3,BINHO.IS,BINHO,2023Q3,2023-09-30,2023-11-15,data/fundamentals/BINHO_IS.parquet,XU100.IS,False,1223194480.0,1132608869.0,1132608869.0,4404357918.0,7434520966.0,-36578702.0,4502172.0
BINHO.IS:2023Q4,BINHO.IS,BINHO,2023Q4,2023-12-31,2024-03-15,data/fundamentals/BINHO_IS.parquet,XU100.IS,False,4426081332.0,4358597121.0,4358597121.0,5584085334.0,16043292645.0,-866645062.0,-869833523.0
BINHO.IS:2024Q1,BINHO.IS,BINHO,2024Q1,2024-03-31,2024-05-15,data/fundamentals/BINHO_IS.parquet,XU100.IS,False,0.0,-27736333.0,-27736333.0,827727.0,12786408265.0,-154918373.0,27116574.0
BINHO.IS:2024Q2,BINHO.IS,BINHO,2024Q2,2024-06-30,2024-08-15,data/fundamentals/BINHO_IS.parquet,XU100.IS,False,0.0,-206074179.0,-205021396.0,612155982.0,14313726991.0,-222431662.0,13861245.0
BINHO.IS:2024Q3,BINHO.IS,BINHO,2024Q3,2024-09-30,2024-11-15,data/fundamentals/BINHO_IS.parquet,XU100.IS,False,0.0,-291692726.0,-282690947.0,-1896097774.0,13674236275.0,-463537202.0,-200080057.0
BINHO.IS:2024Q4,BINHO.IS,BINHO,2024Q4,2024-12-31,2025-03-15,data/fundamentals/BINHO_IS.parquet,XU100.IS,False,41227433.0,-502392485.0,-491737602.0,-8929976028.0,12069463329.0,390564971.0,-317238752.0
BINHO.IS:2025Q1,BINHO.IS,BINHO,2025Q1,2025-03-31,2025-05-15,data/fundamentals/BINHO_IS.parquet,XU100.IS,False,0.0,-65651442.0,-64201509.0,6606026543.0,15170698101.0,-494355711.0,-283792281.0
BINHO.IS:2025Q2,BINHO.IS,BINHO,2025Q2,2025-06-30,2025-08-15,data/fundamentals/BINHO_IS.parquet,XU100.IS,False,0.0,-111779332.0,-111231542.0,4965756109.0,14489567565.0,-618153766.0,-82491325.0
BINHO.IS:2025Q3,BINHO.IS,BINHO,2025Q3,2025-09-30,2025-11-15,data/fundamentals/BINHO_IS.parquet,XU100.IS,False,0.0,-157552875.0,-154053373.0,3256051528.0,14791531224.0,159772203.0,166408468.0
BINHO.IS:2025Q4,BINHO.IS,BINHO,2025Q4,2025-12-31,2026-03-15,data/fundamentals/BINHO_IS.parquet,XU100.IS,False,0.0,-237703336.0,-232028125.0,1721258548.0,15932971680.0,-3690496613.0,365567385.0
BINHO.IS:2026Q1,BINHO.IS,BINHO,2026Q1,2026-03-31,2026-05-15,data/fundamentals/BINHO_IS.parquet,XU100.IS,False,0.0,-34869396.0,-33596962.0,-1119626416.0,13770402942.0,-214261775.0,43892197.0
BINHO.IS:2026Q2,BINHO.IS,BINHO,2026Q2,2026-06-30,2026-08-15,data/fundamentals/BINHO_IS.parquet,XU100.IS,False,0.0,-77111443.0,-74040660.0,-1605164784.0,14327909467.0,-164542347.0,71966686.0
BIZIM.IS:2018Q1,BIZIM.IS,BIZIM,2018Q1,2018-03-31,2018-05-15,data/fundamentals/BIZIM_IS.parquet,MINI_PERAKENDE,False,776533483.0,17556386.0,24078242.0,983537.0,105676156.0,34752705.0,31243280.0
BIZIM.IS:2018Q2,BIZIM.IS,BIZIM,2018Q2,2018-06-30,2018-08-15,data/fundamentals/BIZIM_IS.parquet,MINI_PERAKENDE,False,1723918820.0,42727994.0,55813816.0,5749079.0,109301031.0,74782617.0,76921740.0
BIZIM.IS:2018Q3,BIZIM.IS,BIZIM,2018Q3,2018-09-30,2018-11-15,data/fundamentals/BIZIM_IS.parquet,MINI_PERAKENDE,False,2729257734.0,79115321.0,98917083.0,14739519.0,117266593.0,108202028.0,117674154.0
BIZIM.IS:2018Q4,BIZIM.IS,BIZIM,2018Q4,2018-12-31,2019-03-15,data/fundamentals/BIZIM_IS.parquet,MINI_PERAKENDE,False,3725343576.0,121518980.0,148135614.0,21637496.0,123850001.0,137836883.0,155554502.0
BIZIM.IS:2019Q1,BIZIM.IS,BIZIM,2019Q1,2019-03-31,2019-05-15,data/fundamentals/BIZIM_IS.parquet,MINI_PERAKENDE,False,1023644702.0,42560657.0,58282168.0,3817207.0,115564203.0,69492262.0,80143517.0
BIZIM.IS:2019Q2,BIZIM.IS,BIZIM,2019Q2,2019-06-30,2019-08-15,data/fundamentals/BIZIM_IS.parquet,MINI_PERAKENDE,False,2148283526.0,96161566.0,128094046.0,10550609.0,121802515.0,123431893.0,146837540.0
BIZIM.IS:2019Q3,BIZIM.IS,BIZIM,2019Q3,2019-09-30,2019-11-15,data/fundamentals/BIZIM_IS.parquet,MINI_PERAKENDE,False,3364219113.0,147836448.0,197519224.0,21813208.0,131722897.0,194928782.0,217476589.0
BIZIM.IS:2019Q4,BIZIM.IS,BIZIM,2019Q4,2019-12-31,2020-03-15,data/fundamentals/BIZIM_IS.parquet,MINI_PERAKENDE,False,4520672511.0,192269866.0,259177414.0,33075535.0,141275558.0,225661338.0,226396449.0
BIZIM.IS:2020Q1,BIZIM.IS,BIZIM,2020Q1,2020-03-31,2020-05-15,data/fundamentals/BIZIM_IS.parquet,MINI_PERAKENDE,False,1177770984.0,33040952.0,51620533.0,3809977.0,143785653.0,27877137.0,37657654.0
BIZIM.IS:2020Q2,BIZIM.IS,BIZIM,2020Q2,2020-06-30,2020-08-15,data/fundamentals/BIZIM_IS.parquet,MINI_PERAKENDE,False,2506006298.0,70709862.0,107103154.0,11203609.0,142723701.0,96618884.0,96035419.0
BIZIM.IS:2020Q3,BIZIM.IS,BIZIM,2020Q3,2020-09-30,2020-11-15,data/fundamentals/BIZIM_IS.parquet,MINI_PERAKENDE,False,3887276427.0,114730354.0,170972999.0,19464050.0,150285398.0,149153932.0,146200078.0
BIZIM.IS:2020Q4,BIZIM.IS,BIZIM,2020Q4,2020-12-31,2021-03-15,data/fundamentals/BIZIM_IS.parquet,MINI_PERAKENDE,False,5361820597.0,176063784.0,252103393.0,38182719.0,152692763.0,258899040.0,240386876.0
BIZIM.IS:2021Q1,BIZIM.IS,BIZIM,2021Q1,2021-03-31,2021-05-15,data/fundamentals/BIZIM_IS.parquet,MINI_PERAKENDE,False,1446755659.0,51246269.0,72365092.0,425084.0,152746930.0,-37845817.0,-36503490.0
BIZIM.IS:2021Q2,BIZIM.IS,BIZIM,2021Q2,2021-06-30,2021-08-15,data/fundamentals/BIZIM_IS.parquet,MINI_PERAKENDE,False,3075766188.0,104458390.0,147339047.0,6249345.0,138828399.0,35374119.0,6300638.0
BIZIM.IS:2021Q3,BIZIM.IS,BIZIM,2021Q3,2021-09-30,2021-11-15,data/fundamentals/BIZIM_IS.parquet,MINI_PERAKENDE,False,4937073831.0,182207930.0,249355255.0,21392064.0,151614872.0,214806025.0,179672323.0
BIZIM.IS:2021Q4,BIZIM.IS,BIZIM,2021Q4,2021-12-31,2022-03-15,data/fundamentals/BIZIM_IS.parquet,MINI_PERAKENDE,False,7173144694.0,305859736.0,400992189.0,82245447.0,216094890.0,365121966.0,269001966.0
BIZIM.IS:2022Q1,BIZIM.IS,BIZIM,2022Q1,2022-03-31,2022-05-15,data/fundamentals/BIZIM_IS.parquet,MINI_PERAKENDE,False,2348086506.0,115904407.0,146220387.0,25046190.0,243714698.0,-62939610.0,-74221045.0
BIZIM.IS:2022Q2,BIZIM.IS,BIZIM,2022Q2,2022-06-30,2022-08-15,data/fundamentals/BIZIM_IS.parquet,MINI_PERAKENDE,False,5495924408.0,298182605.0,360852639.0,61472518.0,276937310.0,-96003778.0,-102883361.0
BIZIM.IS:2022Q3,BIZIM.IS,BIZIM,2022Q3,2022-09-30,2022-11-15,data/fundamentals/BIZIM_IS.parquet,MINI_PERAKENDE,False,9344037251.0,443386930.0,540256820.0,92091751.0,311477479.0,208545648.0,119645753.0
BIZIM.IS:2022Q4,BIZIM.IS,BIZIM,2022Q4,2022-12-31,2023-03-15,data/fundamentals/BIZIM_IS.parquet,MINI_PERAKENDE,False,31937713710.0,-377647221.0,219262287.0,736508801.0,2034415930.0,1759257843.0,1341877250.0
BIZIM.IS:2023Q1,BIZIM.IS,BIZIM,2023Q1,2023-03-31,2023-05-15,data/fundamentals/BIZIM_IS.parquet,MINI_PERAKENDE,False,10019016133.0,-378909178.0,-171011774.0,104089000.0,445389699.0,381922801.0,370593511.0
BIZIM.IS:2023Q2,BIZIM.IS,BIZIM,2023Q2,2023-06-30,2023-08-15,data/fundamentals/BIZIM_IS.parquet,MINI_PERAKENDE,False,20444024161.0,-509587278.0,-59256848.0,-118727534.0,345161741.0,1441925380.0,1267179255.0
BIZIM.IS:2023Q3,BIZIM.IS,BIZIM,2023Q3,2023-09-30,2023-11-15,data/fundamentals/BIZIM_IS.parquet,MINI_PERAKENDE,False,33941367508.0,-952715450.0,-200918974.0,202989927.0,461846501.0,1598433506.0,1508682029.0
BIZIM.IS:2023Q4,BIZIM.IS,BIZIM,2023Q4,2023-12-31,2024-03-15,data/fundamentals/BIZIM_IS.parquet,MINI_PERAKENDE,False,46522093733.0,-1222121131.0,-109651321.0,108024287.0,2841992170.0,1975213031.0,1518070487.0
BIZIM.IS:2024Q1,BIZIM.IS,BIZIM,2024Q1,2024-03-31,2024-05-15,data/fundamentals/BIZIM_IS.parquet,MINI_PERAKENDE,False,10895794590.0,-415579058.0,-60219683.0,-310878320.0,2027457738.0,279946529.0,312882796.0
BIZIM.IS:2024Q2,BIZIM.IS,BIZIM,2024Q2,2024-06-30,2024-08-15,data/fundamentals/BIZIM_IS.parquet,MINI_PERAKENDE,False,22839321012.0,-921561134.0,-204229506.0,-834801285.0,1808516359.0,842231830.0,884058694.0
BIZIM.IS:2024Q3,BIZIM.IS,BIZIM,2024Q3,2024-09-30,2024-11-15,data/fundamentals/BIZIM_IS.parquet,MINI_PERAKENDE,False,36251980515.0,-1252481837.0,-76586395.0,-1310794613.0,1620523307.0,1416759430.0,1459831330.0
BIZIM.IS:2024Q4,BIZIM.IS,BIZIM,2024Q4,2024-12-31,2025-03-15,data/fundamentals/BIZIM_IS.parquet,MINI_PERAKENDE,False,50026481453.0,-1136784034.0,528021189.0,-2228888579.0,1304299380.0,2402608262.0,2320051402.0
BIZIM.IS:2025Q1,BIZIM.IS,BIZIM,2025Q1,2025-03-31,2025-05-15,data/fundamentals/BIZIM_IS.parquet,MINI_PERAKENDE,False,11486674082.0,-74684369.0,377118401.0,-354928979.0,790259082.0,213855616.0,267387318.0
BIZIM.IS:2025Q2,BIZIM.IS,BIZIM,2025Q2,2025-06-30,2025-08-15,data/fundamentals/BIZIM_IS.parquet,MINI_PERAKENDE,False,23809412265.0,-199583130.0,788898208.0,-993124006.0,317351000.0,760977065.0,801733984.0
BIZIM.IS:2025Q3,BIZIM.IS,BIZIM,2025Q3,2025-09-30,2025-11-15,data/fundamentals/BIZIM_IS.parquet,MINI_PERAKENDE,False,28759927015.0,20174630.0,1218022129.0,-858485176.0,258580139.0,1010611862.0,1034451009.0
BIZIM.IS:2025Q4,BIZIM.IS,BIZIM,2025Q4,2025-12-31,2026-03-15,data/fundamentals/BIZIM_IS.parquet,MINI_PERAKENDE,False,46409702561.0,145942383.0,2137243311.0,-969852884.0,341003465.0,1593077488.0,1645073229.0
BIZIM.IS:2026Q1,BIZIM.IS,BIZIM,2026Q1,2026-03-31,2026-05-15,data/fundamentals/BIZIM_IS.parquet,MINI_PERAKENDE,False,9581093240.0,-162131885.0,280135256.0,-200662823.0,72261829.0,979394199.0,1027703490.0
BIZIM.IS:2026Q2,BIZIM.IS,BIZIM,2026Q2,2026-06-30,2026-08-15,data/fundamentals/BIZIM_IS.parquet,MINI_PERAKENDE,False,19853153342.0,-348798653.0,592737795.0,-500530231.0,-219987331.0,1539722759.0,1579443310.0
BRSAN.IS:2018Q1,BRSAN.IS,BRSAN,2018Q1,2018-03-31,2018-05-15,data/fundamentals/BRSAN_IS.parquet,XUSIN.IS,False,766460408.0,49115443.0,73756381.0,12990510.0,1832344621.0,-453555377.0,-464771408.0
BRSAN.IS:2018Q2,BRSAN.IS,BRSAN,2018Q2,2018-06-30,2018-08-15,data/fundamentals/BRSAN_IS.parquet,XUSIN.IS,False,1673637560.0,126673199.0,183950585.0,74212377.0,2180349640.0,-389238694.0,-397718672.0
BRSAN.IS:2018Q3,BRSAN.IS,BRSAN,2018Q3,2018-09-30,2018-11-15,data/fundamentals/BRSAN_IS.parquet,XUSIN.IS,False,3121898772.0,282650765.0,395973574.0,165304748.0,2963243920.0,-1001051713.0,-1073997941.0
BRSAN.IS:2018Q4,BRSAN.IS,BRSAN,2018Q4,2018-12-31,2019-03-15,data/fundamentals/BRSAN_IS.parquet,XUSIN.IS,False,4864628668.0,419109634.0,551687407.0,283224164.0,2771652657.0,-231629533.0,-344928173.0
BRSAN.IS:2019Q1,BRSAN.IS,BRSAN,2019Q1,2019-03-31,2019-05-15,data/fundamentals/BRSAN_IS.parquet,XUSIN.IS,False,1203843451.0,64966872.0,103873030.0,14253848.0,2829767063.0,-437087444.0,-532559331.0
BRSAN.IS:2019Q2,BRSAN.IS,BRSAN,2019Q2,2019-06-30,2019-08-15,data/fundamentals/BRSAN_IS.parquet,XUSIN.IS,False,2331151532.0,155058644.0,233317824.0,83833098.0,2985628815.0,-243464102.0,-387525673.0
BRSAN.IS:2019Q3,BRSAN.IS,BRSAN,2019Q3,2019-09-30,2019-11-15,data/fundamentals/BRSAN_IS.parquet,XUSIN.IS,False,3352164666.0,175868254.0,289973064.0,48433136.0,2898125094.0,-440226610.0,-643560542.0
BRSAN.IS:2019Q4,BRSAN.IS,BRSAN,2019Q4,2019-12-31,2020-03-15,data/fundamentals/BRSAN_IS.parquet,XUSIN.IS,False,4574046063.0,159973241.0,334394609.0,65704657.0,2887550467.0,254753759.0,-32213017.0
BRSAN.IS:2020Q1,BRSAN.IS,BRSAN,2020Q1,2020-03-31,2020-05-15,data/fundamentals/BRSAN_IS.parquet,XUSIN.IS,False,1149200835.0,34668092.0,81608534.0,16849884.0,3175770704.0,-510518774.0,-572398625.0
BRSAN.IS:2020Q2,BRSAN.IS,BRSAN,2020Q2,2020-06-30,2020-08-15,data/fundamentals/BRSAN_IS.parquet,XUSIN.IS,False,1830106704.0,-15276825.0,85370799.0,-21721545.0,3293668322.0,-527342051.0,-595046657.0
BRSAN.IS:2020Q3,BRSAN.IS,BRSAN,2020Q3,2020-09-30,2020-11-15,data/fundamentals/BRSAN_IS.parquet,XUSIN.IS,False,2665308304.0,-41055938.0,133755471.0,-100699529.0,3672900907.0,-1149946583.0,-1258692677.0
BRSAN.IS:2020Q4,BRSAN.IS,BRSAN,2020Q4,2020-12-31,2021-03-15,data/fundamentals/BRSAN_IS.parquet,XUSIN.IS,False,3728998000.0,34440000.0,255887000.0,-10661000.0,3549202000.0,-332251000.0,-482720000.0
BRSAN.IS:2021Q1,BRSAN.IS,BRSAN,2021Q1,2021-03-31,2021-05-15,data/fundamentals/BRSAN_IS.parquet,XUSIN.IS,False,1361316000.0,88197000.0,152832000.0,82622000.0,4113341547.0,-447802000.0,-513034000.0
BRSAN.IS:2021Q2,BRSAN.IS,BRSAN,2021Q2,2021-06-30,2021-08-15,data/fundamentals/BRSAN_IS.parquet,XUSIN.IS,False,2972677000.0,219031000.0,356020000.0,157201000.0,4386406309.0,675797000.0,603782000.0
BRSAN.IS:2021Q3,BRSAN.IS,BRSAN,2021Q3,2021-09-30,2021-11-15,data/fundamentals/BRSAN_IS.parquet,XUSIN.IS,False,4688972000.0,314614000.0,525479000.0,221220000.0,4524879851.0,-193648000.0,-294151000.0
BRSAN.IS:2021Q4,BRSAN.IS,BRSAN,2021Q4,2021-12-31,2022-03-15,data/fundamentals/BRSAN_IS.parquet,XUSIN.IS,False,7329974000.0,162075000.0,447167000.0,94425000.0,6651995000.0,1749663000.0,1579951000.0
BRSAN.IS:2022Q1,BRSAN.IS,BRSAN,2022Q1,2022-03-31,2022-05-15,data/fundamentals/BRSAN_IS.parquet,XUSIN.IS,False,3661507000.0,81011000.0,195281000.0,108646000.0,7424508000.0,-1520729000.0,-1502718000.0
BRSAN.IS:2022Q2,BRSAN.IS,BRSAN,2022Q2,2022-06-30,2022-08-15,data/fundamentals/BRSAN_IS.parquet,XUSIN.IS,False,8545305000.0,543204000.0,790095000.0,385299000.0,8644566000.0,-1747422000.0,-1877333000.0
BRSAN.IS:2022Q3,BRSAN.IS,BRSAN,2022Q3,2022-09-30,2022-11-15,data/fundamentals/BRSAN_IS.parquet,XUSIN.IS,False,14834350000.0,955531000.0,1352807000.0,554255000.0,9805813000.0,-2590894000.0,-2881921000.0
BRSAN.IS:2022Q4,BRSAN.IS,BRSAN,2022Q4,2022-12-31,2023-03-15,data/fundamentals/BRSAN_IS.parquet,XUSIN.IS,False,22204754000.0,2056803000.0,2617934000.0,1349894000.0,11859577000.0,-1564730000.0,-2100700000.0
BRSAN.IS:2023Q1,BRSAN.IS,BRSAN,2023Q1,2023-03-31,2023-05-15,data/fundamentals/BRSAN_IS.parquet,XUSIN.IS,False,7427354000.0,1781362000.0,1953079000.0,1347307000.0,13566362000.0,1687552000.0,1504928000.0
BRSAN.IS:2023Q2,BRSAN.IS,BRSAN,2023Q2,2023-06-30,2023-08-15,data/fundamentals/BRSAN_IS.parquet,XUSIN.IS,False,15577981000.0,3461034000.0,3875065000.0,2537457000.0,20041144000.0,5454787000.0,4912594000.0
BRSAN.IS:2023Q3,BRSAN.IS,BRSAN,2023Q3,2023-09-30,2023-11-15,data/fundamentals/BRSAN_IS.parquet,XUSIN.IS,False,25734048000.0,4449967000.0,5180443000.0,3093073000.0,21065311000.0,6361279000.0,5203309000.0
BRSAN.IS:2023Q4,BRSAN.IS,BRSAN,2023Q4,2023-12-31,2024-03-15,data/fundamentals/BRSAN_IS.parquet,XUSIN.IS,False,42175476000.0,5054013000.0,6054308000.0,4102826000.0,24952925000.0,8813557000.0,7121363000.0
BRSAN.IS:2024Q1,BRSAN.IS,BRSAN,2024Q1,2024-03-31,2024-05-15,data/fundamentals/BRSAN_IS.parquet,XUSIN.IS,False,16356463000.0,760189000.0,1120453000.0,366853000.0,27735834000.0,1448094000.0,1966685000.0
BRSAN.IS:2024Q2,BRSAN.IS,BRSAN,2024Q2,2024-06-30,2024-08-15,data/fundamentals/BRSAN_IS.parquet,XUSIN.IS,False,29646115000.0,1526484000.0,2186164000.0,639567000.0,28477697000.0,-2749053000.0,-3333047000.0
BRSAN.IS:2024Q3,BRSAN.IS,BRSAN,2024Q3,2024-09-30,2024-11-15,data/fundamentals/BRSAN_IS.parquet,XUSIN.IS,False,42983753000.0,1373476000.0,2386199000.0,311384000.0,29879583000.0,-1908429000.0,-3042002000.0
BRSAN.IS:2024Q4,BRSAN.IS,BRSAN,2024Q4,2024-12-31,2025-03-15,data/fundamentals/BRSAN_IS.parquet,XUSIN.IS,False,72076722116.0,1228559325.0,3086392683.0,-298026126.0,39401350174.0,1648451444.0,365875473.0
BRSAN.IS:2025Q1,BRSAN.IS,BRSAN,2025Q1,2025-03-31,2025-05-15,data/fundamentals/BRSAN_IS.parquet,XUSIN.IS,False,11550184000.0,-113486000.0,307302000.0,-284456000.0,31889891000.0,2042395000.0,1840963000.0
BRSAN.IS:2025Q2,BRSAN.IS,BRSAN,2025Q2,2025-06-30,2025-08-15,data/fundamentals/BRSAN_IS.parquet,XUSIN.IS,False,29173910000.0,952821000.0,1858197000.0,597853000.0,34437757000.0,4537709000.0,3314365000.0
BRSAN.IS:2025Q3,BRSAN.IS,BRSAN,2025Q3,2025-09-30,2025-11-15,data/fundamentals/BRSAN_IS.parquet,XUSIN.IS,False,51253749000.0,2350043000.0,3777034000.0,1534069000.0,36974297000.0,4945768000.0,2985087000.0
BRSAN.IS:2025Q4,BRSAN.IS,BRSAN,2025Q4,2025-12-31,2026-03-15,data/fundamentals/BRSAN_IS.parquet,XUSIN.IS,False,84142638694.0,3298975308.0,5623402705.0,1497488552.0,44436013076.0,11126046452.0,7278886620.0
BRSAN.IS:2026Q1,BRSAN.IS,BRSAN,2026Q1,2026-03-31,2026-05-15,data/fundamentals/BRSAN_IS.parquet,XUSIN.IS,False,18382621000.0,282122000.0,861200000.0,273620000.0,39381685000.0,3776981000.0,2457210000.0
BRSAN.IS:2026Q2,BRSAN.IS,BRSAN,2026Q2,2026-06-30,2026-08-15,data/fundamentals/BRSAN_IS.parquet,XUSIN.IS,False,43592538000.0,2571931000.0,3820856000.0,1796800000.0,43402505000.0,7695330000.0,4141020000.0
BSOKE.IS:2018Q1,BSOKE.IS,BSOKE,2018Q1,2018-03-31,2018-05-15,data/fundamentals/BSOKE_IS.parquet,XUSIN.IS,False,43180623.0,9718464.0,12702082.0,-2403324.0,424453230.0,20311112.0,-38490912.0
BSOKE.IS:2018Q2,BSOKE.IS,BSOKE,2018Q2,2018-06-30,2018-08-15,data/fundamentals/BSOKE_IS.parquet,XUSIN.IS,False,119908101.0,25666368.0,31666975.0,9114371.0,436998046.0,42074348.0,-57064102.0
BSOKE.IS:2018Q3,BSOKE.IS,BSOKE,2018Q3,2018-09-30,2018-11-15,data/fundamentals/BSOKE_IS.parquet,XUSIN.IS,False,220177882.0,44470877.0,53493401.0,-133898277.0,430507416.0,67318629.0,-55281934.0
BSOKE.IS:2018Q4,BSOKE.IS,BSOKE,2018Q4,2018-12-31,2019-03-15,data/fundamentals/BSOKE_IS.parquet,XUSIN.IS,False,285553613.0,38392634.0,55993022.0,-76565711.0,484072383.0,55458600.0,-70905002.0
BSOKE.IS:2019Q1,BSOKE.IS,BSOKE,2019Q1,2019-03-31,2019-05-15,data/fundamentals/BSOKE_IS.parquet,XUSIN.IS,False,115871824.0,-19461266.0,-6821641.0,-59352961.0,422325331.0,32323344.0,24446552.0
BSOKE.IS:2019Q2,BSOKE.IS,BSOKE,2019Q2,2019-06-30,2019-08-15,data/fundamentals/BSOKE_IS.parquet,XUSIN.IS,False,159706119.0,-37452947.0,-12198916.0,-111509410.0,368855710.0,-26835436.0,-42937871.0
BSOKE.IS:2019Q3,BSOKE.IS,BSOKE,2019Q3,2019-09-30,2019-11-15,data/fundamentals/BSOKE_IS.parquet,XUSIN.IS,False,196745469.0,-53366445.0,-15288602.0,-101912777.0,382272195.0,-99554555.0,-124380709.0
BSOKE.IS:2019Q4,BSOKE.IS,BSOKE,2019Q4,2019-12-31,2020-03-15,data/fundamentals/BSOKE_IS.parquet,XUSIN.IS,False,237007484.0,-93886225.0,-42900010.0,-198700046.0,290399803.0,-142450555.0,-163962151.0
BSOKE.IS:2020Q1,BSOKE.IS,BSOKE,2020Q1,2020-03-31,2020-05-15,data/fundamentals/BSOKE_IS.parquet,XUSIN.IS,False,114547612.0,-14931708.0,-2051681.0,-93158625.0,187987571.0,18500202.0,17815389.0
BSOKE.IS:2020Q2,BSOKE.IS,BSOKE,2020Q2,2020-06-30,2020-08-15,data/fundamentals/BSOKE_IS.parquet,XUSIN.IS,False,191076037.0,-23029748.0,2831817.0,-172298628.0,118144044.0,-15030047.0,-18037317.0
BSOKE.IS:2020Q3,BSOKE.IS,BSOKE,2020Q3,2020-09-30,2020-11-15,data/fundamentals/BSOKE_IS.parquet,XUSIN.IS,False,340766374.0,-27441339.0,11501860.0,-352798976.0,-59302147.0,-13520531.0,-17389061.0
BSOKE.IS:2020Q4,BSOKE.IS,BSOKE,2020Q4,2020-12-31,2021-03-15,data/fundamentals/BSOKE_IS.parquet,XUSIN.IS,False,471966263.0,-37673241.0,14288678.0,-348458900.0,-49438757.0,23918642.0,24199960.0
BSOKE.IS:2021Q1,BSOKE.IS,BSOKE,2021Q1,2021-03-31,2021-05-15,data/fundamentals/BSOKE_IS.parquet,XUSIN.IS,False,161857000.0,8942000.0,21101255.0,-92204000.0,-63787328.0,24695503.0,24053849.0
BSOKE.IS:2021Q2,BSOKE.IS,BSOKE,2021Q2,2021-06-30,2021-08-15,data/fundamentals/BSOKE_IS.parquet,XUSIN.IS,False,310719000.0,16642000.0,41020000.0,-177642000.0,-177724947.0,84570000.0,76757000.0
BSOKE.IS:2021Q3,BSOKE.IS,BSOKE,2021Q3,2021-09-30,2021-11-15,data/fundamentals/BSOKE_IS.parquet,XUSIN.IS,False,444054000.0,11555000.0,48178000.0,-201779000.0,-194284732.0,-24974000.0,-32621000.0
BSOKE.IS:2021Q4,BSOKE.IS,BSOKE,2021Q4,2021-12-31,2022-03-15,data/fundamentals/BSOKE_IS.parquet,XUSIN.IS,False,737083000.0,-582000.0,48956000.0,-689575000.0,23335000.0,-125389000.0,-145236000.0
BSOKE.IS:2022Q1,BSOKE.IS,BSOKE,2022Q1,2022-03-31,2022-05-15,data/fundamentals/BSOKE_IS.parquet,XUSIN.IS,False,308151000.0,33196000.0,47022000.0,-130428000.0,-101261596.0,-18334000.0,-24339000.0
BSOKE.IS:2022Q2,BSOKE.IS,BSOKE,2022Q2,2022-06-30,2022-08-15,data/fundamentals/BSOKE_IS.parquet,XUSIN.IS,False,963164000.0,107918000.0,135177000.0,-465297000.0,-417587000.0,-148258000.0,-113821000.0
BSOKE.IS:2022Q3,BSOKE.IS,BSOKE,2022Q3,2022-09-30,2022-11-15,data/fundamentals/BSOKE_IS.parquet,XUSIN.IS,False,1428721000.0,130693000.0,172200000.0,-571741000.0,276636000.0,21723000.0,30084000.0
BSOKE.IS:2022Q4,BSOKE.IS,BSOKE,2022Q4,2022-12-31,2023-03-15,data/fundamentals/BSOKE_IS.parquet,XUSIN.IS,False,3999212000.0,-392795000.0,-78053000.0,-210079000.0,2511408000.0,331831000.0,290915000.0
BSOKE.IS:2023Q1,BSOKE.IS,BSOKE,2023Q1,2023-03-31,2023-05-15,data/fundamentals/BSOKE_IS.parquet,XUSIN.IS,False,1262847000.0,-7596000.0,83089000.0,-85469000.0,262000.0,-279614000.0,-318638000.0
BSOKE.IS:2023Q2,BSOKE.IS,BSOKE,2023Q2,2023-06-30,2023-08-15,data/fundamentals/BSOKE_IS.parquet,XUSIN.IS,False,2805121000.0,118888000.0,316115000.0,-828321000.0,-783653000.0,-131692000.0,-195939000.0
BSOKE.IS:2023Q3,BSOKE.IS,BSOKE,2023Q3,2023-09-30,2023-11-15,data/fundamentals/BSOKE_IS.parquet,XUSIN.IS,False,4128921000.0,16506000.0,337808000.0,-265248000.0,-970842000.0,-82990000.0,-169701000.0
BSOKE.IS:2023Q4,BSOKE.IS,BSOKE,2023Q4,2023-12-31,2024-03-15,data/fundamentals/BSOKE_IS.parquet,XUSIN.IS,False,5951416000.0,284312000.0,742304000.0,1259861000.0,5491535000.0,222770000.0,108972000.0
BSOKE.IS:2024Q1,BSOKE.IS,BSOKE,2024Q1,2024-03-31,2024-05-15,data/fundamentals/BSOKE_IS.parquet,XUSIN.IS,False,1406643000.0,-53862000.0,84118000.0,129532000.0,5435732000.0,62814000.0,-23504000.0
BSOKE.IS:2024Q2,BSOKE.IS,BSOKE,2024Q2,2024-06-30,2024-08-15,data/fundamentals/BSOKE_IS.parquet,XUSIN.IS,False,2907897000.0,-70127000.0,240429000.0,551222000.0,6195507000.0,821940000.0,710320000.0
BSOKE.IS:2024Q3,BSOKE.IS,BSOKE,2024Q3,2024-09-30,2024-11-15,data/fundamentals/BSOKE_IS.parquet,XUSIN.IS,False,4172548000.0,-283395000.0,214760000.0,434944000.0,6630577000.0,-78406000.0,-180564000.0
BSOKE.IS:2024Q4,BSOKE.IS,BSOKE,2024Q4,2024-12-31,2025-03-15,data/fundamentals/BSOKE_IS.parquet,XUSIN.IS,False,5592126052.0,-563278121.0,118144725.0,328209897.0,9967558169.0,457627069.0,354356948.0
BSOKE.IS:2025Q1,BSOKE.IS,BSOKE,2025Q1,2025-03-31,2025-05-15,data/fundamentals/BSOKE_IS.parquet,XUSIN.IS,False,1473214997.0,98624647.0,313009782.0,626677829.0,10827689000.0,-181652462.0,-232783849.0
BSOKE.IS:2025Q2,BSOKE.IS,BSOKE,2025Q2,2025-06-30,2025-08-15,data/fundamentals/BSOKE_IS.parquet,XUSIN.IS,False,2613490000.0,-78891000.0,270814000.0,344063000.0,11547941000.0,241398000.0,100672000.0
BSOKE.IS:2025Q3,BSOKE.IS,BSOKE,2025Q3,2025-09-30,2025-11-15,data/fundamentals/BSOKE_IS.parquet,XUSIN.IS,False,4081845000.0,-271197000.0,292053000.0,4493000.0,12046933000.0,337393000.0,2025000.0
BSOKE.IS:2025Q4,BSOKE.IS,BSOKE,2025Q4,2025-12-31,2026-03-15,data/fundamentals/BSOKE_IS.parquet,XUSIN.IS,False,6398581601.0,-383500991.0,463222892.0,-132467455.0,13895301360.0,889462384.0,360979070.0
BSOKE.IS:2026Q1,BSOKE.IS,BSOKE,2026Q1,2026-03-31,2026-05-15,data/fundamentals/BSOKE_IS.parquet,XUSIN.IS,False,1407802703.0,-78536809.0,125129060.0,-433674414.0,13453377967.0,248843176.0,53261056.0
CANTE.IS:2018Q4,CANTE.IS,CANTE,2018Q4,2018-12-31,2019-03-15,data/fundamentals/CANTE_IS.parquet,XUSIN.IS,False,234157733.0,9104793.0,39028444.0,-97636618.0,874683375.0,1237990895.0,-208122242.0
CANTE.IS:2019Q4,CANTE.IS,CANTE,2019Q4,2019-12-31,2020-03-15,data/fundamentals/CANTE_IS.parquet,XUSIN.IS,False,741955505.0,150060484.0,213698255.0,-147888570.0,750765300.0,-255028183.0,-265957050.0
CANTE.IS:2020Q2,CANTE.IS,CANTE,2020Q2,2020-06-30,2020-08-15,data/fundamentals/CANTE_IS.parquet,XUSIN.IS,False,366381237.0,105944512.0,142798398.0,-159056856.0,0.0,16600989.0,-40062349.0
CANTE.IS:2020Q3,CANTE.IS,CANTE,2020Q3,2020-09-30,2020-11-15,data/fundamentals/CANTE_IS.parquet,XUSIN.IS,False,516129703.0,132131731.0,187389227.0,-259614195.0,0.0,158440626.0,81004122.0
CANTE.IS:2020Q4,CANTE.IS,CANTE,2020Q4,2020-12-31,2021-03-15,data/fundamentals/CANTE_IS.parquet,XUSIN.IS,False,739549313.0,183542431.0,262237880.0,37352705.0,792456252.0,201655059.0,76418532.0
CANTE.IS:2021Q1,CANTE.IS,CANTE,2021Q1,2021-03-31,2021-05-15,data/fundamentals/CANTE_IS.parquet,XUSIN.IS,False,237729655.0,47039148.0,68035666.0,-160608127.0,631871655.0,-79311312.0,-85551319.0
CANTE.IS:2021Q2,CANTE.IS,CANTE,2021Q2,2021-06-30,2021-08-15,data/fundamentals/CANTE_IS.parquet,XUSIN.IS,False,500782637.0,110968229.0,153397659.0,-176991036.0,869674494.0,677514.0,-15808349.0
CANTE.IS:2021Q3,CANTE.IS,CANTE,2021Q3,2021-09-30,2021-11-15,data/fundamentals/CANTE_IS.parquet,XUSIN.IS,False,826376117.0,193153338.0,256608054.0,-122330423.0,923115092.0,102172100.0,53941740.0
CANTE.IS:2021Q4,CANTE.IS,CANTE,2021Q4,2021-12-31,2022-03-15,data/fundamentals/CANTE_IS.parquet,XUSIN.IS,False,1192936521.0,301940305.0,367574250.0,-180963007.0,2615633233.0,2742220840.0,-67448099.0
CANTE.IS:2022Q1,CANTE.IS,CANTE,2022Q1,2022-03-31,2022-05-15,data/fundamentals/CANTE_IS.parquet,XUSIN.IS,False,907059213.0,493106362.0,542049630.0,413747896.0,2895562182.0,457903260.0,421557024.0
CANTE.IS:2022Q2,CANTE.IS,CANTE,2022Q2,2022-06-30,2022-08-15,data/fundamentals/CANTE_IS.parquet,XUSIN.IS,False,1988694905.0,870818382.0,969828083.0,915768394.0,3276261394.0,1037673493.0,960355596.0
CANTE.IS:2022Q3,CANTE.IS,CANTE,2022Q3,2022-09-30,2022-11-15,data/fundamentals/CANTE_IS.parquet,XUSIN.IS,False,3217285731.0,1245236871.0,1393972783.0,1669264404.0,3962168594.0,1078425573.0,950030175.0
CANTE.IS:2022Q4,CANTE.IS,CANTE,2022Q4,2022-12-31,2023-03-15,data/fundamentals/CANTE_IS.parquet,XUSIN.IS,False,11399575659.0,3783988711.0,4265413600.0,2607990010.0,11823040640.0,4771652787.0,3409229797.0
CANTE.IS:2023Q1,CANTE.IS,CANTE,2023Q1,2023-03-31,2023-05-15,data/fundamentals/CANTE_IS.parquet,XUSIN.IS,False,2269629601.0,339813182.0,393035080.0,489519559.0,4711899311.0,854606266.0,136910768.0
CANTE.IS:2023Q2,CANTE.IS,CANTE,2023Q2,2023-06-30,2023-08-15,data/fundamentals/CANTE_IS.parquet,XUSIN.IS,False,3966033296.0,609316963.0,929176004.0,567361965.0,4312745475.0,1501707884.0,-253077793.0
CANTE.IS:2023Q3,CANTE.IS,CANTE,2023Q3,2023-09-30,2023-11-15,data/fundamentals/CANTE_IS.parquet,XUSIN.IS,False,6194966366.0,901919150.0,1607485969.0,1164412357.0,7920943366.0,5326406324.0,1219246714.0
CANTE.IS:2023Q4,CANTE.IS,CANTE,2023Q4,2023-12-31,2024-03-15,data/fundamentals/CANTE_IS.parquet,XUSIN.IS,False,8418613192.0,1134160694.0,2285930126.0,645027971.0,24296259548.0,6573509148.0,-806001710.0
CANTE.IS:2024Q1,CANTE.IS,CANTE,2024Q1,2024-03-31,2024-05-15,data/fundamentals/CANTE_IS.parquet,XUSIN.IS,False,1730543698.0,122680041.0,672914652.0,-734110306.0,18893502234.0,2829889437.0,79028282.0
CANTE.IS:2024Q2,CANTE.IS,CANTE,2024Q2,2024-06-30,2024-08-15,data/fundamentals/CANTE_IS.parquet,XUSIN.IS,False,3052289672.0,58919520.0,1046406607.0,-1010658275.0,20236431635.0,4761688596.0,316356078.0
CANTE.IS:2024Q3,CANTE.IS,CANTE,2024Q3,2024-09-30,2024-11-15,data/fundamentals/CANTE_IS.parquet,XUSIN.IS,False,5551231334.0,669629554.0,2179287741.0,-1152762758.0,21257001892.0,7506161767.0,525423791.0
CANTE.IS:2024Q4,CANTE.IS,CANTE,2024Q4,2024-12-31,2025-03-15,data/fundamentals/CANTE_IS.parquet,XUSIN.IS,False,7989409902.0,987928665.0,2955241522.0,-1613206478.0,29508658223.0,3393245299.0,777470070.0
CANTE.IS:2025Q1,CANTE.IS,CANTE,2025Q1,2025-03-31,2025-05-15,data/fundamentals/CANTE_IS.parquet,XUSIN.IS,False,1277821907.0,-13525579.0,698585592.0,-387071905.0,26259198597.0,2103102518.0,-496486340.0
CANTE.IS:2025Q2,CANTE.IS,CANTE,2025Q2,2025-06-30,2025-08-15,data/fundamentals/CANTE_IS.parquet,XUSIN.IS,False,3371018066.0,52337861.0,1336750331.0,-2478524232.0,26250764742.0,-779428794.0,-484149272.0
CANTE.IS:2025Q3,CANTE.IS,CANTE,2025Q3,2025-09-30,2025-11-15,data/fundamentals/CANTE_IS.parquet,XUSIN.IS,False,4564993481.0,155699359.0,1684230155.0,-2994696351.0,26479242370.0,-58132123.0,1100843829.0
CANTE.IS:2025Q4,CANTE.IS,CANTE,2025Q4,2025-12-31,2026-03-15,data/fundamentals/CANTE_IS.parquet,XUSIN.IS,False,7254030032.0,165723939.0,2551722969.0,-1178616277.0,33875012515.0,-2046837827.0,899294134.0
CANTE.IS:2026Q1,CANTE.IS,CANTE,2026Q1,2026-03-31,2026-05-15,data/fundamentals/CANTE_IS.parquet,XUSIN.IS,False,1861038222.0,-157085463.0,655933594.0,-953190221.0,32220702526.0,-1413354499.0,-444165669.0
CANTE.IS:2026Q2,CANTE.IS,CANTE,2026Q2,2026-06-30,2026-08-15,data/fundamentals/CANTE_IS.parquet,XUSIN.IS,False,3783563339.0,-350165301.0,1212613794.0,-3396664896.0,32064496198.0,876194600.0,73096150.0
CCOLA.IS:2018Q1,CCOLA.IS,CCOLA,2018Q1,2018-03-31,2018-05-15,data/fundamentals/CCOLA_IS.parquet,XUSIN.IS,False,1833290000.0,140182000.0,277297000.0,-67117000.0,5592222000.0,192567000.0,27769000.0
CCOLA.IS:2018Q2,CCOLA.IS,CCOLA,2018Q2,2018-06-30,2018-08-15,data/fundamentals/CCOLA_IS.parquet,XUSIN.IS,False,4950442000.0,627890000.0,916437000.0,174226000.0,6211303000.0,396666000.0,-19749000.0
CCOLA.IS:2018Q3,CCOLA.IS,CCOLA,2018Q3,2018-09-30,2018-11-15,data/fundamentals/CCOLA_IS.parquet,XUSIN.IS,False,8622011000.0,1259123000.0,1723631000.0,246568000.0,7766734000.0,1541994000.0,947885000.0
CCOLA.IS:2018Q4,CCOLA.IS,CCOLA,2018Q4,2018-12-31,2019-03-15,data/fundamentals/CCOLA_IS.parquet,XUSIN.IS,False,10623385000.0,1229470000.0,1862738000.0,351432000.0,6424090000.0,1636276000.0,805998000.0
CCOLA.IS:2019Q1,CCOLA.IS,CCOLA,2019Q1,2019-03-31,2019-05-15,data/fundamentals/CCOLA_IS.parquet,XUSIN.IS,False,2173596000.0,156094000.0,319624000.0,-43244000.0,6746088000.0,76697000.0,-148443000.0
CCOLA.IS:2019Q2,CCOLA.IS,CCOLA,2019Q2,2019-06-30,2019-08-15,data/fundamentals/CCOLA_IS.parquet,XUSIN.IS,False,6010442000.0,852409000.0,1189884000.0,348972000.0,6618037000.0,570124000.0,59814000.0
CCOLA.IS:2019Q3,CCOLA.IS,CCOLA,2019Q3,2019-09-30,2019-11-15,data/fundamentals/CCOLA_IS.parquet,XUSIN.IS,False,9858293000.0,1534759000.0,2043712000.0,953403000.0,7118387000.0,1738769000.0,1126267000.0
CCOLA.IS:2019Q4,CCOLA.IS,CCOLA,2019Q4,2019-12-31,2020-03-15,data/fundamentals/CCOLA_IS.parquet,XUSIN.IS,False,12007762000.0,1601033000.0,2295619000.0,942246000.0,7369349000.0,2032156000.0,1202405000.0
CCOLA.IS:2020Q1,CCOLA.IS,CCOLA,2020Q1,2020-03-31,2020-05-15,data/fundamentals/CCOLA_IS.parquet,XUSIN.IS,False,2621600000.0,198745000.0,421922000.0,95524000.0,7409274000.0,264675000.0,-211789000.0
CCOLA.IS:2020Q2,CCOLA.IS,CCOLA,2020Q2,2020-06-30,2020-08-15,data/fundamentals/CCOLA_IS.parquet,XUSIN.IS,False,6234337000.0,749143000.0,1199946000.0,487566000.0,8047701000.0,1110018000.0,775466000.0
CCOLA.IS:2020Q3,CCOLA.IS,CCOLA,2020Q3,2020-09-30,2020-11-15,data/fundamentals/CCOLA_IS.parquet,XUSIN.IS,False,11206893000.0,1933525000.0,2611897000.0,1402353000.0,9736126000.0,2638421000.0,2197386000.0
CCOLA.IS:2020Q4,CCOLA.IS,CCOLA,2020Q4,2020-12-31,2021-03-15,data/fundamentals/CCOLA_IS.parquet,XUSIN.IS,False,14391013000.0,2195724000.0,3114092000.0,1314206000.0,8736641000.0,2906017000.0,2350069000.0
CCOLA.IS:2021Q1,CCOLA.IS,CCOLA,2021Q1,2021-03-31,2021-05-15,data/fundamentals/CCOLA_IS.parquet,XUSIN.IS,False,3747345000.0,482947000.0,733245000.0,422487000.0,9855456000.0,557188000.0,280605000.0
CCOLA.IS:2021Q2,CCOLA.IS,CCOLA,2021Q2,2021-06-30,2021-08-15,data/fundamentals/CCOLA_IS.parquet,XUSIN.IS,False,9570979000.0,1559694000.0,2066237000.0,1248468000.0,10300038000.0,1654778000.0,1103284000.0
CCOLA.IS:2021Q3,CCOLA.IS,CCOLA,2021Q3,2021-09-30,2021-11-15,data/fundamentals/CCOLA_IS.parquet,XUSIN.IS,False,16365081000.0,2905606000.0,3681091000.0,2240416000.0,11277893000.0,3703642000.0,939127000.0
CCOLA.IS:2021Q4,CCOLA.IS,CCOLA,2021Q4,2021-12-31,2022-03-15,data/fundamentals/CCOLA_IS.parquet,XUSIN.IS,False,21929535000.0,3492419000.0,4592756000.0,2420837000.0,14969842000.0,3956991000.0,30445000.0
CCOLA.IS:2022Q1,CCOLA.IS,CCOLA,2022Q1,2022-03-31,2022-05-15,data/fundamentals/CCOLA_IS.parquet,XUSIN.IS,False,8665426000.0,1326176000.0,1720981000.0,700911000.0,16382884000.0,46840000.0,-1263476000.0
CCOLA.IS:2022Q2,CCOLA.IS,CCOLA,2022Q2,2022-06-30,2022-08-15,data/fundamentals/CCOLA_IS.parquet,XUSIN.IS,False,23358948000.0,3693638000.0,4550543000.0,2073653000.0,18803927000.0,2004433000.0,-407417000.0
CCOLA.IS:2022Q3,CCOLA.IS,CCOLA,2022Q3,2022-09-30,2022-11-15,data/fundamentals/CCOLA_IS.parquet,XUSIN.IS,False,40771531000.0,6962292000.0,8279175000.0,3993805000.0,22001690000.0,4460218000.0,1403428000.0
CCOLA.IS:2022Q4,CCOLA.IS,CCOLA,2022Q4,2022-12-31,2023-03-15,data/fundamentals/CCOLA_IS.parquet,XUSIN.IS,False,93189575000.0,12040020000.0,16024376000.0,14387234000.0,47150303000.0,6952126000.0,369450000.0
CCOLA.IS:2023Q1,CCOLA.IS,CCOLA,2023Q1,2023-03-31,2023-05-15,data/fundamentals/CCOLA_IS.parquet,XUSIN.IS,False,28673582000.0,3379925000.0,4547893000.0,3519718000.0,23461046000.0,-1972283000.0,-5114423000.0
CCOLA.IS:2023Q2,CCOLA.IS,CCOLA,2023Q2,2023-06-30,2023-08-15,data/fundamentals/CCOLA_IS.parquet,XUSIN.IS,False,67988296000.0,9999197000.0,12513379000.0,8298488000.0,31433087000.0,2623506000.0,-6706528000.0
CCOLA.IS:2023Q3,CCOLA.IS,CCOLA,2023Q3,2023-09-30,2023-11-15,data/fundamentals/CCOLA_IS.parquet,XUSIN.IS,False,114529336000.0,18395983000.0,22205418000.0,22788055000.0,37808826000.0,13676673000.0,3080661000.0
CCOLA.IS:2023Q4,CCOLA.IS,CCOLA,2023Q4,2023-12-31,2024-03-15,data/fundamentals/CCOLA_IS.parquet,XUSIN.IS,False,145883975000.0,20545560000.0,25869181000.0,30551384000.0,64905234000.0,18109131000.0,5726357000.0
CCOLA.IS:2024Q1,CCOLA.IS,CCOLA,2024Q1,2024-03-31,2024-05-15,data/fundamentals/CCOLA_IS.parquet,XUSIN.IS,False,37605578000.0,4365631000.0,6043155000.0,3742324000.0,51087300000.0,-870417000.0,-5178423000.0
CCOLA.IS:2024Q2,CCOLA.IS,CCOLA,2024Q2,2024-06-30,2024-08-15,data/fundamentals/CCOLA_IS.parquet,XUSIN.IS,False,89292730000.0,13798219000.0,17252141000.0,11340890000.0,54792648000.0,8278836000.0,-3443938000.0
CCOLA.IS:2024Q3,CCOLA.IS,CCOLA,2024Q3,2024-09-30,2024-11-15,data/fundamentals/CCOLA_IS.parquet,XUSIN.IS,False,144927175000.0,22969020000.0,28384038000.0,19114268000.0,60935459000.0,16575230000.0,2592024000.0
CCOLA.IS:2024Q4,CCOLA.IS,CCOLA,2024Q4,2024-12-31,2025-03-15,data/fundamentals/CCOLA_IS.parquet,XUSIN.IS,False,180216669597.0,24039617040.0,31601062682.0,19491824596.0,80699288307.0,21919963684.0,4942969474.0
CCOLA.IS:2025Q1,CCOLA.IS,CCOLA,2025Q1,2025-03-31,2025-05-15,data/fundamentals/CCOLA_IS.parquet,XUSIN.IS,False,47318032000.0,3423264000.0,5604992000.0,1697786000.0,67079056000.0,-3692658000.0,-7579142000.0
CCOLA.IS:2025Q2,CCOLA.IS,CCOLA,2025Q2,2025-06-30,2025-08-15,data/fundamentals/CCOLA_IS.parquet,XUSIN.IS,False,114237409000.0,13195206000.0,17808234000.0,8561861000.0,71871520000.0,8229225000.0,-579200000.0
CCOLA.IS:2025Q3,CCOLA.IS,CCOLA,2025Q3,2025-09-30,2025-11-15,data/fundamentals/CCOLA_IS.parquet,XUSIN.IS,False,145161979000.0,20716226000.0,26232679000.0,14194375000.0,83106064000.0,23119441000.0,11265815000.0
CCOLA.IS:2025Q4,CCOLA.IS,CCOLA,2025Q4,2025-12-31,2026-03-15,data/fundamentals/CCOLA_IS.parquet,XUSIN.IS,False,220425621954.0,29759301425.0,38753907773.0,16796253439.0,102010808636.0,32235360517.0,16183941184.0
CCOLA.IS:2026Q1,CCOLA.IS,CCOLA,2026Q1,2026-03-31,2026-05-15,data/fundamentals/CCOLA_IS.parquet,XUSIN.IS,False,52368615000.0,6693124000.0,8991510000.0,5300546000.0,95433406000.0,4470153000.0,2130722000.0
CCOLA.IS:2026Q2,CCOLA.IS,CCOLA,2026Q2,2026-06-30,2026-08-15,data/fundamentals/CCOLA_IS.parquet,XUSIN.IS,False,123259712000.0,19470857000.0,24510756000.0,14079887000.0,104541385000.0,12916299000.0,5814484000.0
CIMSA.IS:2018Q1,CIMSA.IS,CIMSA,2018Q1,2018-03-31,2018-05-15,data/fundamentals/CIMSA_IS.parquet,XUSIN.IS,False,360735275.0,68619288.0,93198174.0,34664425.0,1378307066.0,18538665.0,-48932400.0
CIMSA.IS:2018Q2,CIMSA.IS,CIMSA,2018Q2,2018-06-30,2018-08-15,data/fundamentals/CIMSA_IS.parquet,XUSIN.IS,False,853343771.0,176924095.0,226454860.0,122366703.0,1434553356.0,10115864.0,-79777614.0
CIMSA.IS:2018Q3,CIMSA.IS,CIMSA,2018Q3,2018-09-30,2018-11-15,data/fundamentals/CIMSA_IS.parquet,XUSIN.IS,False,1305193980.0,267905834.0,347585554.0,220385834.0,1472373884.0,209975667.0,55545281.0
CIMSA.IS:2018Q4,CIMSA.IS,CIMSA,2018Q4,2018-12-31,2019-03-15,data/fundamentals/CIMSA_IS.parquet,XUSIN.IS,False,1699958055.0,279284651.0,388301156.0,153856849.0,1451479380.0,357643049.0,132149088.0
CIMSA.IS:2019Q1,CIMSA.IS,CIMSA,2019Q1,2019-03-31,2019-05-15,data/fundamentals/CIMSA_IS.parquet,XUSIN.IS,False,336189944.0,32888396.0,65316045.0,11554137.0,1458313984.0,-25782338.0,-63571163.0
CIMSA.IS:2019Q2,CIMSA.IS,CIMSA,2019Q2,2019-06-30,2019-08-15,data/fundamentals/CIMSA_IS.parquet,XUSIN.IS,False,812064117.0,76743994.0,147186402.0,9647621.0,1482255864.0,53342517.0,-46222177.0
CIMSA.IS:2019Q3,CIMSA.IS,CIMSA,2019Q3,2019-09-30,2019-11-15,data/fundamentals/CIMSA_IS.parquet,XUSIN.IS,False,1284712635.0,114553977.0,223628672.0,9973819.0,1505706659.0,197813956.0,74151499.0
CIMSA.IS:2019Q4,CIMSA.IS,CIMSA,2019Q4,2019-12-31,2020-03-15,data/fundamentals/CIMSA_IS.parquet,XUSIN.IS,False,1577651788.0,126820216.0,269375670.0,-15189674.0,1485763239.0,335165250.0,214906992.0
CIMSA.IS:2020Q1,CIMSA.IS,CIMSA,2020Q1,2020-03-31,2020-05-15,data/fundamentals/CIMSA_IS.parquet,XUSIN.IS,False,327140117.0,16590126.0,54208823.0,-13758047.0,1465469945.0,10950772.0,6844483.0
CIMSA.IS:2020Q2,CIMSA.IS,CIMSA,2020Q2,2020-06-30,2020-08-15,data/fundamentals/CIMSA_IS.parquet,XUSIN.IS,False,854030804.0,79714204.0,158790036.0,34234555.0,1675323141.0,179231837.0,175848213.0
CIMSA.IS:2020Q3,CIMSA.IS,CIMSA,2020Q3,2020-09-30,2020-11-15,data/fundamentals/CIMSA_IS.parquet,XUSIN.IS,False,1343884674.0,192159460.0,310102568.0,138706938.0,1766802473.0,286872668.0,283888550.0
CIMSA.IS:2020Q4,CIMSA.IS,CIMSA,2020Q4,2020-12-31,2021-03-15,data/fundamentals/CIMSA_IS.parquet,XUSIN.IS,False,2076298962.0,299362917.0,443724096.0,184430929.0,1838844337.0,554045161.0,529489382.0
CIMSA.IS:2021Q1,CIMSA.IS,CIMSA,2021Q1,2021-03-31,2021-05-15,data/fundamentals/CIMSA_IS.parquet,XUSIN.IS,False,639268757.0,103365039.0,144538004.0,174220872.0,1986361708.0,-173853706.0,-474905962.0
CIMSA.IS:2021Q2,CIMSA.IS,CIMSA,2021Q2,2021-06-30,2021-08-15,data/fundamentals/CIMSA_IS.parquet,XUSIN.IS,False,1641708428.0,292176724.0,357143402.0,608934820.0,2288310977.0,-162959209.0,-155768844.0
CIMSA.IS:2021Q3,CIMSA.IS,CIMSA,2021Q3,2021-09-30,2021-11-15,data/fundamentals/CIMSA_IS.parquet,XUSIN.IS,False,2532773081.0,411945581.0,510618151.0,665243668.0,2359816824.0,-216990892.0,-234610078.0
CIMSA.IS:2021Q4,CIMSA.IS,CIMSA,2021Q4,2021-12-31,2022-03-15,data/fundamentals/CIMSA_IS.parquet,XUSIN.IS,False,3745370304.0,513390625.0,645771788.0,1050394723.0,2772854098.0,-122447521.0,-221452164.0
CIMSA.IS:2022Q1,CIMSA.IS,CIMSA,2022Q1,2022-03-31,2022-05-15,data/fundamentals/CIMSA_IS.parquet,XUSIN.IS,False,1354855000.0,104728000.0,137172000.0,131092000.0,2740527797.0,32894000.0,-5229000.0
CIMSA.IS:2022Q2,CIMSA.IS,CIMSA,2022Q2,2022-06-30,2022-08-15,data/fundamentals/CIMSA_IS.parquet,XUSIN.IS,False,3595190000.0,541833000.0,608161386.0,1031740000.0,3603574976.0,152479000.0,-98098000.0
CIMSA.IS:2022Q3,CIMSA.IS,CIMSA,2022Q3,2022-09-30,2022-11-15,data/fundamentals/CIMSA_IS.parquet,XUSIN.IS,False,6026410000.0,878912000.0,994949764.0,3055548000.0,5703720053.0,876563186.0,2210012450.0
CIMSA.IS:2022Q4,CIMSA.IS,CIMSA,2022Q4,2022-12-31,2023-03-15,data/fundamentals/CIMSA_IS.parquet,XUSIN.IS,False,20820386000.0,1091260000.0,2133049000.0,4231624000.0,21227470000.0,3947734000.0,2672635000.0
CIMSA.IS:2023Q1,CIMSA.IS,CIMSA,2023Q1,2023-03-31,2023-05-15,data/fundamentals/CIMSA_IS.parquet,XUSIN.IS,False,5665839443.0,446754833.0,899699465.0,403347941.0,5997304000.0,-949750000.0,-1301311000.0
CIMSA.IS:2023Q2,CIMSA.IS,CIMSA,2023Q2,2023-06-30,2023-08-15,data/fundamentals/CIMSA_IS.parquet,XUSIN.IS,False,13693728000.0,1806453000.0,2563782000.0,2008566000.0,7745374000.0,589541000.0,-1325551000.0
CIMSA.IS:2023Q3,CIMSA.IS,CIMSA,2023Q3,2023-09-30,2023-11-15,data/fundamentals/CIMSA_IS.parquet,XUSIN.IS,False,20021830000.0,2343231000.0,3413419000.0,1899530000.0,8870149000.0,3153119000.0,740177000.0
CIMSA.IS:2023Q4,CIMSA.IS,CIMSA,2023Q4,2023-12-31,2024-03-15,data/fundamentals/CIMSA_IS.parquet,XUSIN.IS,False,29604214000.0,3640292000.0,5283793000.0,4444768000.0,33834138000.0,4090657000.0,1628692000.0
CIMSA.IS:2024Q1,CIMSA.IS,CIMSA,2024Q1,2024-03-31,2024-05-15,data/fundamentals/CIMSA_IS.parquet,XUSIN.IS,False,7352232000.0,266167000.0,798614000.0,547347000.0,26029431000.0,-324108000.0,-657336000.0
CIMSA.IS:2024Q2,CIMSA.IS,CIMSA,2024Q2,2024-06-30,2024-08-15,data/fundamentals/CIMSA_IS.parquet,XUSIN.IS,False,15575663000.0,1801039000.0,2773944000.0,2594591000.0,28182193000.0,966984000.0,55243000.0
CIMSA.IS:2024Q3,CIMSA.IS,CIMSA,2024Q3,2024-09-30,2024-11-15,data/fundamentals/CIMSA_IS.parquet,XUSIN.IS,False,24646148000.0,3659110000.0,5195872000.0,4404710000.0,31667956000.0,7396388000.0,5638669000.0
CIMSA.IS:2024Q4,CIMSA.IS,CIMSA,2024Q4,2024-12-31,2025-03-15,data/fundamentals/CIMSA_IS.parquet,XUSIN.IS,False,36846868575.0,4093322498.0,6657647200.0,3997891519.0,41934066997.0,8384634042.0,-10701234541.0
CIMSA.IS:2025Q1,CIMSA.IS,CIMSA,2025Q1,2025-03-31,2025-05-15,data/fundamentals/CIMSA_IS.parquet,XUSIN.IS,False,11653243000.0,449631000.0,1431620000.0,452102000.0,32108832000.0,-932450000.0,-3753236000.0
CIMSA.IS:2025Q2,CIMSA.IS,CIMSA,2025Q2,2025-06-30,2025-08-15,data/fundamentals/CIMSA_IS.parquet,XUSIN.IS,False,26864240000.0,2096508000.0,4212363000.0,1585122000.0,37952313000.0,535376000.0,-3898131000.0
CIMSA.IS:2025Q3,CIMSA.IS,CIMSA,2025Q3,2025-09-30,2025-11-15,data/fundamentals/CIMSA_IS.parquet,XUSIN.IS,False,33101045000.0,3238970000.0,5804584000.0,2775991000.0,41706993000.0,3464903000.0,-1273724000.0
CIMSA.IS:2025Q4,CIMSA.IS,CIMSA,2025Q4,2025-12-31,2026-03-15,data/fundamentals/CIMSA_IS.parquet,XUSIN.IS,False,54059168217.0,4786350762.0,9701167773.0,4482039321.0,51170729557.0,9896642125.0,-204438127.0
CIMSA.IS:2026Q1,CIMSA.IS,CIMSA,2026Q1,2026-03-31,2026-05-15,data/fundamentals/CIMSA_IS.parquet,XUSIN.IS,False,11631880000.0,314860000.0,1469865000.0,704762000.0,45185127000.0,-3241204000.0,-3926887000.0
CIMSA.IS:2026Q2,CIMSA.IS,CIMSA,2026Q2,2026-06-30,2026-08-15,data/fundamentals/CIMSA_IS.parquet,XUSIN.IS,False,25447350000.0,1784296000.0,4192387000.0,2337611000.0,47460704000.0,-1591900000.0,-4734313000.0
CLEBI.IS:2018Q1,CLEBI.IS,CLEBI,2018Q1,2018-03-31,2018-05-15,data/fundamentals/CLEBI_IS.parquet,XUSIN.IS,False,222477481.0,23343503.0,33214388.0,9919071.0,188815805.0,15902444.0,8170351.0
CLEBI.IS:2018Q2,CLEBI.IS,CLEBI,2018Q2,2018-06-30,2018-08-15,data/fundamentals/CLEBI_IS.parquet,XUSIN.IS,False,541381724.0,97599620.0,119329393.0,59839987.0,176629026.0,35975154.0,-8579042.0
CLEBI.IS:2018Q3,CLEBI.IS,CLEBI,2018Q3,2018-09-30,2018-11-15,data/fundamentals/CLEBI_IS.parquet,XUSIN.IS,False,1004210608.0,255060859.0,288512652.0,153986564.0,343560919.0,85287540.0,-31703162.0
CLEBI.IS:2018Q4,CLEBI.IS,CLEBI,2018Q4,2018-12-31,2019-03-15,data/fundamentals/CLEBI_IS.parquet,XUSIN.IS,False,1483010488.0,270355677.0,337317621.0,208450271.0,353087514.0,322036269.0,112768413.0
CLEBI.IS:2019Q1,CLEBI.IS,CLEBI,2019Q1,2019-03-31,2019-05-15,data/fundamentals/CLEBI_IS.parquet,XUSIN.IS,False,352458944.0,27181375.0,55787290.0,6633707.0,487080035.0,31658334.0,-28493316.0
CLEBI.IS:2019Q2,CLEBI.IS,CLEBI,2019Q2,2019-06-30,2019-08-15,data/fundamentals/CLEBI_IS.parquet,XUSIN.IS,False,839636068.0,99511622.0,158931362.0,31559302.0,407113288.0,110564414.0,-11581759.0
CLEBI.IS:2019Q3,CLEBI.IS,CLEBI,2019Q3,2019-09-30,2019-11-15,data/fundamentals/CLEBI_IS.parquet,XUSIN.IS,False,1421348102.0,261117100.0,352813358.0,166013493.0,514817635.0,243234891.0,104849958.0
CLEBI.IS:2019Q4,CLEBI.IS,CLEBI,2019Q4,2019-12-31,2020-03-15,data/fundamentals/CLEBI_IS.parquet,XUSIN.IS,False,1877885618.0,313716070.0,441154538.0,195463901.0,572436964.0,319778575.0,149626172.0
CLEBI.IS:2020Q1,CLEBI.IS,CLEBI,2020Q1,2020-03-31,2020-05-15,data/fundamentals/CLEBI_IS.parquet,XUSIN.IS,False,401883516.0,32145531.0,69254995.0,-38460150.0,554245390.0,28369089.0,-1241037.0
CLEBI.IS:2020Q2,CLEBI.IS,CLEBI,2020Q2,2020-06-30,2020-08-15,data/fundamentals/CLEBI_IS.parquet,XUSIN.IS,False,653051280.0,5532621.0,80120875.0,-150704499.0,373443135.0,144487300.0,165396479.0
CLEBI.IS:2020Q3,CLEBI.IS,CLEBI,2020Q3,2020-09-30,2020-11-15,data/fundamentals/CLEBI_IS.parquet,XUSIN.IS,False,1106897254.0,121873628.0,236439137.0,-190949928.0,454532016.0,312302280.0,277318710.0
CLEBI.IS:2020Q4,CLEBI.IS,CLEBI,2020Q4,2020-12-31,2021-03-15,data/fundamentals/CLEBI_IS.parquet,XUSIN.IS,False,1541501101.0,186129584.0,340556159.0,-149946056.0,446297475.0,423381185.0,401167605.0
CLEBI.IS:2021Q1,CLEBI.IS,CLEBI,2021Q1,2021-03-31,2021-05-15,data/fundamentals/CLEBI_IS.parquet,XUSIN.IS,False,451090935.0,56608380.0,98322016.0,29257990.0,602715354.0,-173457463.0,-171307195.0
CLEBI.IS:2021Q2,CLEBI.IS,CLEBI,2021Q2,2021-06-30,2021-08-15,data/fundamentals/CLEBI_IS.parquet,XUSIN.IS,False,974405046.0,123810877.0,209881697.0,79472664.0,653182010.0,32379194.0,-42762374.0
CLEBI.IS:2021Q3,CLEBI.IS,CLEBI,2021Q3,2021-09-30,2021-11-15,data/fundamentals/CLEBI_IS.parquet,XUSIN.IS,False,1716699052.0,358569125.0,489838554.0,269523156.0,863144182.0,400008352.0,362755001.0
CLEBI.IS:2021Q4,CLEBI.IS,CLEBI,2021Q4,2021-12-31,2022-03-15,data/fundamentals/CLEBI_IS.parquet,XUSIN.IS,False,2560188835.0,553668020.0,759720058.0,564923397.0,1669845086.0,627218008.0,560605525.0
CLEBI.IS:2022Q1,CLEBI.IS,CLEBI,2022Q1,2022-03-31,2022-05-15,data/fundamentals/CLEBI_IS.parquet,XUSIN.IS,False,1094758659.0,221330738.0,299834969.0,141628817.0,2002456673.0,102253829.0,54693502.0
CLEBI.IS:2022Q2,CLEBI.IS,CLEBI,2022Q2,2022-06-30,2022-08-15,data/fundamentals/CLEBI_IS.parquet,XUSIN.IS,False,2480897820.0,567766494.0,733808728.0,407366191.0,2257662883.0,493143777.0,315510574.0
CLEBI.IS:2022Q3,CLEBI.IS,CLEBI,2022Q3,2022-09-30,2022-11-15,data/fundamentals/CLEBI_IS.parquet,XUSIN.IS,False,4393650997.0,1207807778.0,1469192358.0,965532542.0,2942176865.0,1262301917.0,1082994201.0
CLEBI.IS:2022Q4,CLEBI.IS,CLEBI,2022Q4,2022-12-31,2023-03-15,data/fundamentals/CLEBI_IS.parquet,XUSIN.IS,False,6072008541.0,1579094354.0,1945376712.0,1153990161.0,3251906331.0,1702571564.0,1372409719.0
CLEBI.IS:2023Q1,CLEBI.IS,CLEBI,2023Q1,2023-03-31,2023-05-15,data/fundamentals/CLEBI_IS.parquet,XUSIN.IS,False,1746217197.0,198443510.0,313366732.0,139069171.0,3518896225.0,292444188.0,197688206.0
CLEBI.IS:2023Q2,CLEBI.IS,CLEBI,2023Q2,2023-06-30,2023-08-15,data/fundamentals/CLEBI_IS.parquet,XUSIN.IS,False,4080793676.0,801401765.0,1053826615.0,653940197.0,3698439216.0,559073060.0,-427444669.0
CLEBI.IS:2023Q3,CLEBI.IS,CLEBI,2023Q3,2023-09-30,2023-11-15,data/fundamentals/CLEBI_IS.parquet,XUSIN.IS,False,7671180261.0,2021556104.0,2457109356.0,1390245869.0,4730859803.0,1827992984.0,422356169.0
CLEBI.IS:2023Q4,CLEBI.IS,CLEBI,2023Q4,2023-12-31,2024-03-15,data/fundamentals/CLEBI_IS.parquet,XUSIN.IS,False,10864817407.0,2652776115.0,3279674514.0,1826060885.0,5214969092.0,2671638355.0,842167632.0
CLEBI.IS:2024Q1,CLEBI.IS,CLEBI,2024Q1,2024-03-31,2024-05-15,data/fundamentals/CLEBI_IS.parquet,XUSIN.IS,False,3525626076.0,490282885.0,707906126.0,567654877.0,6139924083.0,388131053.0,-114645801.0
CLEBI.IS:2024Q2,CLEBI.IS,CLEBI,2024Q2,2024-06-30,2024-08-15,data/fundamentals/CLEBI_IS.parquet,XUSIN.IS,False,8158005382.0,1672583737.0,2112050776.0,1237057020.0,5453167235.0,1284122055.0,604917756.0
CLEBI.IS:2024Q3,CLEBI.IS,CLEBI,2024Q3,2024-09-30,2024-11-15,data/fundamentals/CLEBI_IS.parquet,XUSIN.IS,False,13964820319.0,3396704931.0,4075799025.0,2695104640.0,7109092293.0,3432019400.0,1767859506.0
CLEBI.IS:2024Q4,CLEBI.IS,CLEBI,2024Q4,2024-12-31,2025-03-15,data/fundamentals/CLEBI_IS.parquet,XUSIN.IS,False,25102539207.0,5649850530.0,6888739930.0,4696821117.0,10047052535.0,6361582800.0,3772286234.0
CLEBI.IS:2025Q1,CLEBI.IS,CLEBI,2025Q1,2025-03-31,2025-05-15,data/fundamentals/CLEBI_IS.parquet,XUSIN.IS,False,3320581136.0,508107305.0,791679861.0,575771167.0,9201721540.0,624191744.0,186335838.0
CLEBI.IS:2025Q2,CLEBI.IS,CLEBI,2025Q2,2025-06-30,2025-08-15,data/fundamentals/CLEBI_IS.parquet,XUSIN.IS,False,7726850667.0,1470657592.0,2046692011.0,1012805888.0,6289857288.0,1878225700.0,630815121.0
CLEBI.IS:2025Q3,CLEBI.IS,CLEBI,2025Q3,2025-09-30,2025-11-15,data/fundamentals/CLEBI_IS.parquet,XUSIN.IS,False,16146665849.0,3951699075.0,4710532726.0,2416750666.0,8865496461.0,1115877803.0,-558383168.0
CLEBI.IS:2025Q4,CLEBI.IS,CLEBI,2025Q4,2025-12-31,2026-03-15,data/fundamentals/CLEBI_IS.parquet,XUSIN.IS,False,21464697842.0,5231422197.0,6463152854.0,4385449533.0,11063640777.0,4384997106.0,-820859771.0
CLEBI.IS:2026Q1,CLEBI.IS,CLEBI,2026Q1,2026-03-31,2026-05-15,data/fundamentals/CLEBI_IS.parquet,XUSIN.IS,False,4582864940.0,536865202.0,800037647.0,-70950936.0,9174765230.0,283089129.0,32251324.0
CLEBI.IS:2026Q2,CLEBI.IS,CLEBI,2026Q2,2026-06-30,2026-08-15,data/fundamentals/CLEBI_IS.parquet,XUSIN.IS,False,10428963105.0,1819048655.0,2389737674.0,605676863.0,8029300853.0,3412522881.0,3304018130.0
CVKMD.IS:2020Q4,CVKMD.IS,CVKMD,2020Q4,2020-12-31,2021-03-15,data/fundamentals/CVKMD_IS.parquet,XUSIN.IS,False,181723929.0,51519298.0,61971006.0,27700348.0,202068696.0,49556275.0,21011760.0
CVKMD.IS:2021Q4,CVKMD.IS,CVKMD,2021Q4,2021-12-31,2022-03-15,data/fundamentals/CVKMD_IS.parquet,XUSIN.IS,False,289609415.0,68279899.0,102665266.0,41908451.0,408187367.0,100421439.0,42469787.0
CVKMD.IS:2022Q1,CVKMD.IS,CVKMD,2022Q1,2022-03-31,2022-05-15,data/fundamentals/CVKMD_IS.parquet,XUSIN.IS,False,210611151.0,70391572.0,91338740.0,58147803.0,0.0,25887449.0,7288933.0
CVKMD.IS:2022Q2,CVKMD.IS,CVKMD,2022Q2,2022-06-30,2022-08-15,data/fundamentals/CVKMD_IS.parquet,XUSIN.IS,False,521377205.0,251902508.0,281443260.0,195408530.0,0.0,40698164.0,-16936715.0
CVKMD.IS:2022Q3,CVKMD.IS,CVKMD,2022Q3,2022-09-30,2022-11-15,data/fundamentals/CVKMD_IS.parquet,XUSIN.IS,False,835049345.0,392541430.0,433347512.0,306983659.0,0.0,65215618.0,-19939174.0
CVKMD.IS:2022Q4,CVKMD.IS,CVKMD,2022Q4,2022-12-31,2023-03-15,data/fundamentals/CVKMD_IS.parquet,XUSIN.IS,False,1896442763.0,794258806.0,891296985.0,636502339.0,1864174525.0,172258148.0,-41838626.0
CVKMD.IS:2023Q1,CVKMD.IS,CVKMD,2023Q1,2023-03-31,2023-05-15,data/fundamentals/CVKMD_IS.parquet,XUSIN.IS,False,360274840.0,111347390.0,154527233.0,34421303.0,771007942.0,123751897.0,85396647.0
CVKMD.IS:2023Q2,CVKMD.IS,CVKMD,2023Q2,2023-06-30,2023-08-15,data/fundamentals/CVKMD_IS.parquet,XUSIN.IS,False,806152209.0,289394553.0,380448644.0,275864990.0,1667132564.0,-95347380.0,-242403714.0
CVKMD.IS:2023Q3,CVKMD.IS,CVKMD,2023Q3,2023-09-30,2023-11-15,data/fundamentals/CVKMD_IS.parquet,XUSIN.IS,False,1667607302.0,680411002.0,782828189.0,117084057.0,1866945327.0,-12078630.0,-272453721.0
CVKMD.IS:2023Q4,CVKMD.IS,CVKMD,2023Q4,2023-12-31,2024-03-15,data/fundamentals/CVKMD_IS.parquet,XUSIN.IS,False,2568160227.0,866258322.0,1021576529.0,452462424.0,5172168263.0,360973758.0,-411092211.0
CVKMD.IS:2024Q1,CVKMD.IS,CVKMD,2024Q1,2024-03-31,2024-05-15,data/fundamentals/CVKMD_IS.parquet,XUSIN.IS,False,760444072.0,199499817.0,256836094.0,75234062.0,4135796494.0,-159304396.0,-394227860.0
CVKMD.IS:2024Q2,CVKMD.IS,CVKMD,2024Q2,2024-06-30,2024-08-15,data/fundamentals/CVKMD_IS.parquet,XUSIN.IS,False,1846302663.0,518861155.0,627853453.0,198416010.0,4570861762.0,-96756823.0,-760851089.0
CVKMD.IS:2024Q3,CVKMD.IS,CVKMD,2024Q3,2024-09-30,2024-11-15,data/fundamentals/CVKMD_IS.parquet,XUSIN.IS,False,3016193825.0,805121858.0,991817255.0,473037098.0,5678958786.0,783414428.0,-858848835.0
CVKMD.IS:2024Q4,CVKMD.IS,CVKMD,2024Q4,2024-12-31,2025-03-15,data/fundamentals/CVKMD_IS.parquet,XUSIN.IS,False,4103788869.0,945051380.0,1347803419.0,1270199626.0,9061377194.0,9180775119.0,6729199994.0
CVKMD.IS:2025Q1,CVKMD.IS,CVKMD,2025Q1,2025-03-31,2025-05-15,data/fundamentals/CVKMD_IS.parquet,XUSIN.IS,False,907680624.0,162622649.0,263890343.0,293463003.0,7855225043.0,189771762.0,-367364196.0
CVKMD.IS:2025Q2,CVKMD.IS,CVKMD,2025Q2,2025-06-30,2025-08-15,data/fundamentals/CVKMD_IS.parquet,XUSIN.IS,False,2030166897.0,373736154.0,577138239.0,703877261.0,8641619157.0,3035653758.0,1485770150.0
CVKMD.IS:2025Q3,CVKMD.IS,CVKMD,2025Q3,2025-09-30,2025-11-15,data/fundamentals/CVKMD_IS.parquet,XUSIN.IS,False,2399158707.0,400870423.0,622816861.0,430333657.0,9172710695.0,2552462615.0,944300324.0
CVKMD.IS:2025Q4,CVKMD.IS,CVKMD,2025Q4,2025-12-31,2026-03-15,data/fundamentals/CVKMD_IS.parquet,XUSIN.IS,False,3859385093.0,565142748.0,1000023414.0,129589925.0,10979869236.0,3992567654.0,1694920111.0
CVKMD.IS:2026Q1,CVKMD.IS,CVKMD,2026Q1,2026-03-31,2026-05-15,data/fundamentals/CVKMD_IS.parquet,XUSIN.IS,False,712278516.0,136728177.0,258508640.0,77681643.0,10397939006.0,155008528.0,-1347638712.0
CVKMD.IS:2026Q2,CVKMD.IS,CVKMD,2026Q2,2026-06-30,2026-08-15,data/fundamentals/CVKMD_IS.parquet,XUSIN.IS,False,2639182218.0,730400590.0,1065931911.0,690057726.0,12996732918.0,-917644636.0,-3139183676.0
CWENE.IS:2020Q4,CWENE.IS,CWENE,2020Q4,2020-12-31,2021-03-15,data/fundamentals/CWENE_IS.parquet,XUSIN.IS,False,452411065.0,48451745.0,57289332.0,25932345.0,188608726.0,66574646.0,11201053.0
CWENE.IS:2021Q4,CWENE.IS,CWENE,2021Q4,2021-12-31,2022-03-15,data/fundamentals/CWENE_IS.parquet,XUSIN.IS,False,1002995682.0,120120556.0,137300066.0,2998333.0,481509202.0,43540793.0,-62138703.0
CWENE.IS:2022Q1,CWENE.IS,CWENE,2022Q1,2022-03-31,2022-05-15,data/fundamentals/CWENE_IS.parquet,XUSIN.IS,False,458096859.0,62679375.0,74806595.0,8619675.0,0.0,144415586.0,135438184.0
CWENE.IS:2022Q2,CWENE.IS,CWENE,2022Q2,2022-06-30,2022-08-15,data/fundamentals/CWENE_IS.parquet,XUSIN.IS,False,1328777798.0,232841143.0,258062067.0,97966372.0,0.0,518307690.0,386863659.0
CWENE.IS:2022Q3,CWENE.IS,CWENE,2022Q3,2022-09-30,2022-11-15,data/fundamentals/CWENE_IS.parquet,XUSIN.IS,False,2756768071.0,505978905.0,547090003.0,517634755.0,0.0,423472894.0,151025634.0
CWENE.IS:2022Q4,CWENE.IS,CWENE,2022Q4,2022-12-31,2023-03-15,data/fundamentals/CWENE_IS.parquet,XUSIN.IS,False,8797946412.0,1709050304.0,1851532173.0,1320752676.0,2746910350.0,1615903570.0,292372695.0
CWENE.IS:2023Q1,CWENE.IS,CWENE,2023Q1,2023-03-31,2023-05-15,data/fundamentals/CWENE_IS.parquet,XUSIN.IS,False,3356626997.0,627577698.0,683361019.0,248679917.0,1481351887.0,-263385330.0,-388975845.0
CWENE.IS:2023Q2,CWENE.IS,CWENE,2023Q2,2023-06-30,2023-08-15,data/fundamentals/CWENE_IS.parquet,XUSIN.IS,False,7466430915.0,1151878403.0,1280454709.0,359417969.0,3566633769.0,-1392978647.0,-3924748385.0
CWENE.IS:2023Q3,CWENE.IS,CWENE,2023Q3,2023-09-30,2023-11-15,data/fundamentals/CWENE_IS.parquet,XUSIN.IS,False,12139610396.0,2475908774.0,2706684585.0,810644640.0,4094998956.0,-1741653744.0,-4638794825.0
CWENE.IS:2023Q4,CWENE.IS,CWENE,2023Q4,2023-12-31,2024-03-15,data/fundamentals/CWENE_IS.parquet,XUSIN.IS,False,16608331172.0,3027369303.0,3367057823.0,546782913.0,8538603407.0,-2059108445.0,-5575032095.0
CWENE.IS:2024Q1,CWENE.IS,CWENE,2024Q1,2024-03-31,2024-05-15,data/fundamentals/CWENE_IS.parquet,XUSIN.IS,False,3428430712.0,641954208.0,755127156.0,168445184.0,6904388015.0,1377970163.0,-1172837493.0
CWENE.IS:2024Q2,CWENE.IS,CWENE,2024Q2,2024-06-30,2024-08-15,data/fundamentals/CWENE_IS.parquet,XUSIN.IS,False,5197088316.0,663252834.0,918967947.0,480837416.0,7662789907.0,823269466.0,-2096548857.0
CWENE.IS:2024Q3,CWENE.IS,CWENE,2024Q3,2024-09-30,2024-11-15,data/fundamentals/CWENE_IS.parquet,XUSIN.IS,False,9170825010.0,1437277949.0,1862895764.0,638924288.0,8255462089.0,690714223.0,-2458076091.0
CWENE.IS:2024Q4,CWENE.IS,CWENE,2024Q4,2024-12-31,2025-03-15,data/fundamentals/CWENE_IS.parquet,XUSIN.IS,False,13771137208.0,2148843699.0,2751721041.0,478064249.0,11542001011.0,-1680250840.0,-3007641020.0
CWENE.IS:2025Q1,CWENE.IS,CWENE,2025Q1,2025-03-31,2025-05-15,data/fundamentals/CWENE_IS.parquet,XUSIN.IS,False,3292193841.0,479651297.0,656310654.0,371014336.0,10119613189.0,-3227112837.0,-3344159433.0
CWENE.IS:2025Q2,CWENE.IS,CWENE,2025Q2,2025-06-30,2025-08-15,data/fundamentals/CWENE_IS.parquet,XUSIN.IS,False,7664134229.0,759043991.0,1143935311.0,680661911.0,11022635573.0,96693397.0,-3929482359.0
CWENE.IS:2025Q3,CWENE.IS,CWENE,2025Q3,2025-09-30,2025-11-15,data/fundamentals/CWENE_IS.parquet,XUSIN.IS,False,10548902855.0,1904877876.0,2381056798.0,1558138642.0,12850924322.0,95419539.0,-4421355639.0
CWENE.IS:2025Q4,CWENE.IS,CWENE,2025Q4,2025-12-31,2026-03-15,data/fundamentals/CWENE_IS.parquet,XUSIN.IS,False,19260303077.0,2918490834.0,3737345979.0,2608453175.0,16427015285.0,-24631194.0,-5220638317.0
CWENE.IS:2026Q1,CWENE.IS,CWENE,2026Q1,2026-03-31,2026-05-15,data/fundamentals/CWENE_IS.parquet,XUSIN.IS,False,4323155260.0,674806771.0,949035603.0,737659411.0,16106307516.0,213524124.0,-368072474.0
CWENE.IS:2026Q2,CWENE.IS,CWENE,2026Q2,2026-06-30,2026-08-15,data/fundamentals/CWENE_IS.parquet,XUSIN.IS,False,9122355327.0,1463012693.0,2043740082.0,1289934297.0,17726875532.0,61738479.0,-1701674452.0
DOAS.IS:2018Q1,DOAS.IS,DOAS,2018Q1,2018-03-31,2018-05-15,data/fundamentals/DOAS_IS.parquet,XUSIN.IS,False,2719275000.0,135316000.0,156329000.0,81288000.0,1264930000.0,619243000.0,604941000.0
DOAS.IS:2018Q2,DOAS.IS,DOAS,2018Q2,2018-06-30,2018-08-15,data/fundamentals/DOAS_IS.parquet,XUSIN.IS,False,5769345000.0,268317000.0,307626000.0,137531000.0,1332368000.0,759404000.0,757568000.0
DOAS.IS:2018Q3,DOAS.IS,DOAS,2018Q3,2018-09-30,2018-11-15,data/fundamentals/DOAS_IS.parquet,XUSIN.IS,False,7767988000.0,375632000.0,436796000.0,130411000.0,1324335000.0,1227656000.0,1227528000.0
DOAS.IS:2018Q4,DOAS.IS,DOAS,2018Q4,2018-12-31,2019-03-15,data/fundamentals/DOAS_IS.parquet,XUSIN.IS,False,10688489000.0,508773000.0,591930000.0,134356000.0,1307872000.0,1131595000.0,1058860000.0
DOAS.IS:2019Q1,DOAS.IS,DOAS,2019Q1,2019-03-31,2019-05-15,data/fundamentals/DOAS_IS.parquet,XUSIN.IS,False,1808534000.0,76034000.0,109278000.0,-67979000.0,1239827000.0,266408000.0,276577000.0
DOAS.IS:2019Q2,DOAS.IS,DOAS,2019Q2,2019-06-30,2019-08-15,data/fundamentals/DOAS_IS.parquet,XUSIN.IS,False,3966464000.0,181751000.0,247976000.0,-43636000.0,1270315000.0,534714000.0,595187000.0
DOAS.IS:2019Q3,DOAS.IS,DOAS,2019Q3,2019-09-30,2019-11-15,data/fundamentals/DOAS_IS.parquet,XUSIN.IS,False,6122254000.0,292063000.0,388998000.0,-2225000.0,1325986000.0,800888000.0,858042000.0
DOAS.IS:2019Q4,DOAS.IS,DOAS,2019Q4,2019-12-31,2020-03-15,data/fundamentals/DOAS_IS.parquet,XUSIN.IS,False,9844133000.0,469317000.0,595322000.0,76759000.0,1252541000.0,1308990000.0,1391891000.0
DOAS.IS:2020Q1,DOAS.IS,DOAS,2020Q1,2020-03-31,2020-05-15,data/fundamentals/DOAS_IS.parquet,XUSIN.IS,False,3181218000.0,228300000.0,259887000.0,124987000.0,1376748000.0,-106806000.0,-119685000.0
DOAS.IS:2020Q2,DOAS.IS,DOAS,2020Q2,2020-06-30,2020-08-15,data/fundamentals/DOAS_IS.parquet,XUSIN.IS,False,5726649000.0,413608000.0,477153000.0,230403000.0,1479286000.0,30640000.0,25495000.0
DOAS.IS:2020Q3,DOAS.IS,DOAS,2020Q3,2020-09-30,2020-11-15,data/fundamentals/DOAS_IS.parquet,XUSIN.IS,False,12069738000.0,1013393000.0,1108810000.0,744807000.0,1992454000.0,186598000.0,164969000.0
DOAS.IS:2020Q4,DOAS.IS,DOAS,2020Q4,2020-12-31,2021-03-15,data/fundamentals/DOAS_IS.parquet,XUSIN.IS,False,18900148000.0,1497066000.0,1627778000.0,1041870000.0,2295734000.0,673307000.0,418002000.0
DOAS.IS:2021Q1,DOAS.IS,DOAS,2021Q1,2021-03-31,2021-05-15,data/fundamentals/DOAS_IS.parquet,XUSIN.IS,False,6195463000.0,522077000.0,562345000.0,408021000.0,2105015000.0,-363342000.0,-219909000.0
DOAS.IS:2021Q2,DOAS.IS,DOAS,2021Q2,2021-06-30,2021-08-15,data/fundamentals/DOAS_IS.parquet,XUSIN.IS,False,13599744000.0,1223919000.0,1308000000.0,888843000.0,2616959000.0,401811000.0,586412000.0
DOAS.IS:2021Q3,DOAS.IS,DOAS,2021Q3,2021-09-30,2021-11-15,data/fundamentals/DOAS_IS.parquet,XUSIN.IS,False,18445946000.0,1752172000.0,1883627000.0,1260154000.0,3016190000.0,1626887000.0,1774921000.0
DOAS.IS:2021Q4,DOAS.IS,DOAS,2021Q4,2021-12-31,2022-03-15,data/fundamentals/DOAS_IS.parquet,XUSIN.IS,False,24306203000.0,2195756000.0,2377897000.0,2336056000.0,18254226000.0,3268796000.0,3288664000.0
DOAS.IS:2022Q1,DOAS.IS,DOAS,2022Q1,2022-03-31,2022-05-15,data/fundamentals/DOAS_IS.parquet,XUSIN.IS,False,7240156000.0,1139414000.0,1200778000.0,1004744000.0,4109977000.0,-383973000.0,-469172000.0
DOAS.IS:2022Q2,DOAS.IS,DOAS,2022Q2,2022-06-30,2022-08-15,data/fundamentals/DOAS_IS.parquet,XUSIN.IS,False,18854381000.0,3226292000.0,3358165000.0,2772713000.0,5995201000.0,515481000.0,412902000.0
DOAS.IS:2022Q3,DOAS.IS,DOAS,2022Q3,2022-09-30,2022-11-15,data/fundamentals/DOAS_IS.parquet,XUSIN.IS,False,30712276000.0,5530889000.0,5736536000.0,5478783000.0,8685047000.0,2479343000.0,2205315000.0
DOAS.IS:2022Q4,DOAS.IS,DOAS,2022Q4,2022-12-31,2023-03-15,data/fundamentals/DOAS_IS.parquet,XUSIN.IS,False,88487132000.0,12651903000.0,13584496000.0,15864754000.0,31621026000.0,1995524000.0,1245948000.0
DOAS.IS:2023Q1,DOAS.IS,DOAS,2023Q1,2023-03-31,2023-05-15,data/fundamentals/DOAS_IS.parquet,XUSIN.IS,False,36368095000.0,6926939000.0,7287430000.0,6208856000.0,13653385000.0,9575546000.0,681692000.0
DOAS.IS:2023Q2,DOAS.IS,DOAS,2023Q2,2023-06-30,2023-08-15,data/fundamentals/DOAS_IS.parquet,XUSIN.IS,False,84413894000.0,16619398000.0,17349241000.0,12451194000.0,19013536000.0,5870346000.0,-1816423000.0
DOAS.IS:2023Q3,DOAS.IS,DOAS,2023Q3,2023-09-30,2023-11-15,data/fundamentals/DOAS_IS.parquet,XUSIN.IS,False,150299880000.0,28429628000.0,29636619000.0,22268717000.0,25590464000.0,20389436000.0,10953002000.0
DOAS.IS:2023Q4,DOAS.IS,DOAS,2023Q4,2023-12-31,2024-03-15,data/fundamentals/DOAS_IS.parquet,XUSIN.IS,False,215477926000.0,33872257000.0,35627443000.0,28532354000.0,60416153000.0,14445986000.0,6995258000.0
DOAS.IS:2024Q1,DOAS.IS,DOAS,2024Q1,2024-03-31,2024-05-15,data/fundamentals/DOAS_IS.parquet,XUSIN.IS,False,47121170000.0,5539760000.0,6105115000.0,4135915000.0,52430629000.0,4155394000.0,5152037000.0
DOAS.IS:2024Q2,DOAS.IS,DOAS,2024Q2,2024-06-30,2024-08-15,data/fundamentals/DOAS_IS.parquet,XUSIN.IS,False,102534506000.0,12327182000.0,13537513000.0,7104693000.0,49592465000.0,2026724000.0,2532573000.0
DOAS.IS:2024Q3,DOAS.IS,DOAS,2024Q3,2024-09-30,2024-11-15,data/fundamentals/DOAS_IS.parquet,XUSIN.IS,False,160785184000.0,15507659000.0,17510044000.0,8016233000.0,51894866000.0,1964746000.0,897702000.0
DOAS.IS:2024Q4,DOAS.IS,DOAS,2024Q4,2024-12-31,2025-03-15,data/fundamentals/DOAS_IS.parquet,XUSIN.IS,False,246567798681.0,19026698706.0,21911960927.0,10004087600.0,72957441622.0,17861934993.0,15109018006.0
DOAS.IS:2025Q1,DOAS.IS,DOAS,2025Q1,2025-03-31,2025-05-15,data/fundamentals/DOAS_IS.parquet,XUSIN.IS,False,55015333000.0,2876632000.0,3766943000.0,747171000.0,55947445000.0,-11493707000.0,-11572027000.0
DOAS.IS:2025Q2,DOAS.IS,DOAS,2025Q2,2025-06-30,2025-08-15,data/fundamentals/DOAS_IS.parquet,XUSIN.IS,False,138326836000.0,7308676000.0,9242078000.0,3595884000.0,61387490000.0,-12728764000.0,-13062526000.0
DOAS.IS:2025Q3,DOAS.IS,DOAS,2025Q3,2025-09-30,2025-11-15,data/fundamentals/DOAS_IS.parquet,XUSIN.IS,False,170860096000.0,9455722000.0,11843249000.0,5050175000.0,68084044000.0,-12434828000.0,-13296518000.0
DOAS.IS:2025Q4,DOAS.IS,DOAS,2025Q4,2025-12-31,2026-03-15,data/fundamentals/DOAS_IS.parquet,XUSIN.IS,False,301203609085.0,13375587705.0,17330728523.0,3625106216.0,80204890802.0,-15079529231.0,-16707777967.0
DOAS.IS:2026Q1,DOAS.IS,DOAS,2026Q1,2026-03-31,2026-05-15,data/fundamentals/DOAS_IS.parquet,XUSIN.IS,False,49622082000.0,2214480000.0,3161922000.0,564104000.0,68855302000.0,-2345195000.0,-2504098000.0
DOAS.IS:2026Q2,DOAS.IS,DOAS,2026Q2,2026-06-30,2026-08-15,data/fundamentals/DOAS_IS.parquet,XUSIN.IS,False,113143951000.0,4629967000.0,6635297000.0,2336666000.0,75452964000.0,-2677424000.0,-2716515000.0
DOHOL.IS:2018Q1,DOHOL.IS,DOHOL,2018Q1,2018-03-31,2018-05-15,data/fundamentals/DOHOL_IS.parquet,XUSIN.IS,False,2084281000.0,49127000.0,213845000.0,-113415000.0,2929419000.0,299626000.0,61381000.0
DOHOL.IS:2018Q2,DOHOL.IS,DOHOL,2018Q2,2018-06-30,2018-08-15,data/fundamentals/DOHOL_IS.parquet,XUSIN.IS,False,5199010000.0,186088000.0,407619000.0,3500394000.0,6509631000.0,-1451185000.0,2011085000.0
DOHOL.IS:2018Q3,DOHOL.IS,DOHOL,2018Q3,2018-09-30,2018-11-15,data/fundamentals/DOHOL_IS.parquet,XUSIN.IS,False,8839227000.0,378407000.0,651737000.0,4136737000.0,7665646000.0,-1044162000.0,2368603000.0
DOHOL.IS:2018Q4,DOHOL.IS,DOHOL,2018Q4,2018-12-31,2019-03-15,data/fundamentals/DOHOL_IS.parquet,XUSIN.IS,False,12146438000.0,372575000.0,721437000.0,3567124000.0,7001891000.0,-1253381000.0,1664835000.0
DOHOL.IS:2019Q1,DOHOL.IS,DOHOL,2019Q1,2019-03-31,2019-05-15,data/fundamentals/DOHOL_IS.parquet,XUSIN.IS,False,3056854000.0,82451000.0,150919000.0,214799000.0,7157672000.0,220764000.0,-121525000.0
DOHOL.IS:2019Q2,DOHOL.IS,DOHOL,2019Q2,2019-06-30,2019-08-15,data/fundamentals/DOHOL_IS.parquet,XUSIN.IS,False,6228710000.0,186265000.0,334062000.0,429103000.0,7409594000.0,434062000.0,-352850000.0
DOHOL.IS:2019Q3,DOHOL.IS,DOHOL,2019Q3,2019-09-30,2019-11-15,data/fundamentals/DOHOL_IS.parquet,XUSIN.IS,False,9750419000.0,332416000.0,559914000.0,427929000.0,7417493000.0,509028000.0,-325231000.0
DOHOL.IS:2019Q4,DOHOL.IS,DOHOL,2019Q4,2019-12-31,2020-03-15,data/fundamentals/DOHOL_IS.parquet,XUSIN.IS,False,13253580000.0,362793000.0,678751000.0,592933000.0,7631340000.0,898384000.0,-164666000.0
DOHOL.IS:2020Q1,DOHOL.IS,DOHOL,2020Q1,2020-03-31,2020-05-15,data/fundamentals/DOHOL_IS.parquet,XUSIN.IS,False,2400581000.0,77937000.0,153668000.0,307491000.0,7801370000.0,168135000.0,-454214000.0
DOHOL.IS:2020Q2,DOHOL.IS,DOHOL,2020Q2,2020-06-30,2020-08-15,data/fundamentals/DOHOL_IS.parquet,XUSIN.IS,False,4454290000.0,181622000.0,337040000.0,562331000.0,8238417000.0,484554000.0,-308675000.0
DOHOL.IS:2020Q3,DOHOL.IS,DOHOL,2020Q3,2020-09-30,2020-11-15,data/fundamentals/DOHOL_IS.parquet,XUSIN.IS,False,7589206000.0,403464000.0,644821000.0,1412003000.0,9375728000.0,688358000.0,-639621000.0
DOHOL.IS:2020Q4,DOHOL.IS,DOHOL,2020Q4,2020-12-31,2021-03-15,data/fundamentals/DOHOL_IS.parquet,XUSIN.IS,False,10624605000.0,565817000.0,901660000.0,1444081000.0,9378237000.0,712465000.0,-1273474000.0
DOHOL.IS:2021Q1,DOHOL.IS,DOHOL,2021Q1,2021-03-31,2021-05-15,data/fundamentals/DOHOL_IS.parquet,XUSIN.IS,False,2772007000.0,132387000.0,225319000.0,416829000.0,9901988000.0,259669000.0,-160467000.0
DOHOL.IS:2021Q2,DOHOL.IS,DOHOL,2021Q2,2021-06-30,2021-08-15,data/fundamentals/DOHOL_IS.parquet,XUSIN.IS,False,6411082000.0,326153000.0,526351000.0,694711000.0,10883088000.0,404109000.0,501116000.0
DOHOL.IS:2021Q3,DOHOL.IS,DOHOL,2021Q3,2021-09-30,2021-11-15,data/fundamentals/DOHOL_IS.parquet,XUSIN.IS,False,11020387000.0,594622000.0,896431000.0,829847000.0,10994001000.0,685763000.0,412137000.0
DOHOL.IS:2021Q4,DOHOL.IS,DOHOL,2021Q4,2021-12-31,2022-03-15,data/fundamentals/DOHOL_IS.parquet,XUSIN.IS,False,16487522000.0,1205640000.0,1617380000.0,3062489000.0,14319680000.0,1067469000.0,-400936000.0
DOHOL.IS:2022Q1,DOHOL.IS,DOHOL,2022Q1,2022-03-31,2022-05-15,data/fundamentals/DOHOL_IS.parquet,XUSIN.IS,False,2187563000.0,488352000.0,613585000.0,1185760000.0,15756737000.0,-762927000.0,-1931046000.0
DOHOL.IS:2022Q2,DOHOL.IS,DOHOL,2022Q2,2022-06-30,2022-08-15,data/fundamentals/DOHOL_IS.parquet,XUSIN.IS,False,5071350000.0,1030565000.0,1302568000.0,2996104000.0,18650700000.0,-167471000.0,-4045368000.0
DOHOL.IS:2022Q3,DOHOL.IS,DOHOL,2022Q3,2022-09-30,2022-11-15,data/fundamentals/DOHOL_IS.parquet,XUSIN.IS,False,8924974000.0,1837058000.0,2345431000.0,4833434000.0,20790520000.0,2619768000.0,-2753731000.0
DOHOL.IS:2022Q4,DOHOL.IS,DOHOL,2022Q4,2022-12-31,2023-03-15,data/fundamentals/DOHOL_IS.parquet,XUSIN.IS,False,25944510000.0,1359494000.0,3489577000.0,1293654000.0,50709867000.0,-3234680000.0,-9876581000.0
DOHOL.IS:2023Q1,DOHOL.IS,DOHOL,2023Q1,2023-03-31,2023-05-15,data/fundamentals/DOHOL_IS.parquet,XUSIN.IS,False,9571048000.0,226882000.0,917054000.0,-1515336000.0,24184275000.0,5684922000.0,2248015000.0
DOHOL.IS:2023Q2,DOHOL.IS,DOHOL,2023Q2,2023-06-30,2023-08-15,data/fundamentals/DOHOL_IS.parquet,XUSIN.IS,False,23221410000.0,3902267000.0,5758499000.0,7828431000.0,32363295000.0,6224534000.0,2012460000.0
DOHOL.IS:2023Q3,DOHOL.IS,DOHOL,2023Q3,2023-09-30,2023-11-15,data/fundamentals/DOHOL_IS.parquet,XUSIN.IS,False,39548022000.0,4421931000.0,7013823000.0,122667000.0,34097425000.0,6413519000.0,-4998011000.0
DOHOL.IS:2023Q4,DOHOL.IS,DOHOL,2023Q4,2023-12-31,2024-03-15,data/fundamentals/DOHOL_IS.parquet,XUSIN.IS,False,60805935000.0,6136665000.0,11429489000.0,-615131000.0,79836541000.0,3690215000.0,-7398480000.0
DOHOL.IS:2024Q1,DOHOL.IS,DOHOL,2024Q1,2024-03-31,2024-05-15,data/fundamentals/DOHOL_IS.parquet,XUSIN.IS,False,19747779000.0,1024717000.0,2219529000.0,1308965000.0,61924744000.0,10127228000.0,973305000.0
DOHOL.IS:2024Q2,DOHOL.IS,DOHOL,2024Q2,2024-06-30,2024-08-15,data/fundamentals/DOHOL_IS.parquet,XUSIN.IS,False,34028457000.0,1660406000.0,4601665000.0,2170383000.0,64589099000.0,18895214000.0,15773153000.0
DOHOL.IS:2024Q3,DOHOL.IS,DOHOL,2024Q3,2024-09-30,2024-11-15,data/fundamentals/DOHOL_IS.parquet,XUSIN.IS,False,55494317000.0,672829000.0,4491573000.0,3801721000.0,71999918000.0,31464750000.0,22373838000.0
DOHOL.IS:2024Q4,DOHOL.IS,DOHOL,2024Q4,2024-12-31,2025-03-15,data/fundamentals/DOHOL_IS.parquet,XUSIN.IS,False,78922435415.0,960109630.0,6204258426.0,4523292018.0,96911421047.0,37072854180.0,24454473732.0
DOHOL.IS:2025Q1,DOHOL.IS,DOHOL,2025Q1,2025-03-31,2025-05-15,data/fundamentals/DOHOL_IS.parquet,XUSIN.IS,False,13994376000.0,512316000.0,2344952000.0,-837765000.0,80446140000.0,1721672000.0,-1265781000.0
DOHOL.IS:2025Q2,DOHOL.IS,DOHOL,2025Q2,2025-06-30,2025-08-15,data/fundamentals/DOHOL_IS.parquet,XUSIN.IS,False,32895055000.0,1484107000.0,5287584000.0,-804716000.0,85073281000.0,4789936000.0,2003457000.0
DOHOL.IS:2025Q3,DOHOL.IS,DOHOL,2025Q3,2025-09-30,2025-11-15,data/fundamentals/DOHOL_IS.parquet,XUSIN.IS,False,39358795000.0,2471922000.0,7126360000.0,-415611000.0,91285788000.0,16993408000.0,-8883721000.0
DOHOL.IS:2025Q4,DOHOL.IS,DOHOL,2025Q4,2025-12-31,2026-03-15,data/fundamentals/DOHOL_IS.parquet,XUSIN.IS,False,65839518418.0,5051487493.0,12503952455.0,2066196023.0,114662328941.0,27123859774.0,-16086868166.0
DOHOL.IS:2026Q1,DOHOL.IS,DOHOL,2026Q1,2026-03-31,2026-05-15,data/fundamentals/DOHOL_IS.parquet,XUSIN.IS,False,14740288000.0,2655279000.0,4198208000.0,545713000.0,105768697000.0,4891392000.0,394094000.0
DOHOL.IS:2026Q2,DOHOL.IS,DOHOL,2026Q2,2026-06-30,2026-08-15,data/fundamentals/DOHOL_IS.parquet,XUSIN.IS,False,30135625000.0,4667803000.0,7999003000.0,4739913000.0,112318415000.0,8131898000.0,-1985473000.0
ECILC.IS:2018Q1,ECILC.IS,ECILC,2018Q1,2018-03-31,2018-05-15,data/fundamentals/ECILC_IS.parquet,XUSIN.IS,False,193088000.0,27461000.0,30568000.0,51578000.0,3532280000.0,43741000.0,38935000.0
ECILC.IS:2018Q2,ECILC.IS,ECILC,2018Q2,2018-06-30,2018-08-15,data/fundamentals/ECILC_IS.parquet,XUSIN.IS,False,359815000.0,37603000.0,42780000.0,173673000.0,3518229000.0,129148000.0,180845000.0
ECILC.IS:2018Q3,ECILC.IS,ECILC,2018Q3,2018-09-30,2018-11-15,data/fundamentals/ECILC_IS.parquet,XUSIN.IS,False,510386000.0,38913000.0,46757000.0,291032000.0,3635588000.0,297686000.0,300263000.0
ECILC.IS:2018Q4,ECILC.IS,ECILC,2018Q4,2018-12-31,2019-03-15,data/fundamentals/ECILC_IS.parquet,XUSIN.IS,False,692094000.0,53045000.0,63388000.0,240089000.0,3997844000.0,175275000.0,176394000.0
ECILC.IS:2019Q1,ECILC.IS,ECILC,2019Q1,2019-03-31,2019-05-15,data/fundamentals/ECILC_IS.parquet,XUSIN.IS,False,208272000.0,34053000.0,39405000.0,-8552000.0,3989351000.0,-21472000.0,45560000.0
ECILC.IS:2019Q2,ECILC.IS,ECILC,2019Q2,2019-06-30,2019-08-15,data/fundamentals/ECILC_IS.parquet,XUSIN.IS,False,401743000.0,47074000.0,57817000.0,101335000.0,3894903000.0,94663000.0,183256000.0
ECILC.IS:2019Q3,ECILC.IS,ECILC,2019Q3,2019-09-30,2019-11-15,data/fundamentals/ECILC_IS.parquet,XUSIN.IS,False,610711000.0,82053000.0,98152000.0,102385000.0,3895953000.0,135663000.0,227623000.0
ECILC.IS:2019Q4,ECILC.IS,ECILC,2019Q4,2019-12-31,2020-03-15,data/fundamentals/ECILC_IS.parquet,XUSIN.IS,False,877076000.0,125627000.0,146984000.0,162728000.0,4277258000.0,163789000.0,256406000.0
ECILC.IS:2020Q1,ECILC.IS,ECILC,2020Q1,2020-03-31,2020-05-15,data/fundamentals/ECILC_IS.parquet,XUSIN.IS,False,268944000.0,45162000.0,50436000.0,87212000.0,4364470000.0,76950000.0,76769000.0
ECILC.IS:2020Q2,ECILC.IS,ECILC,2020Q2,2020-06-30,2020-08-15,data/fundamentals/ECILC_IS.parquet,XUSIN.IS,False,434998000.0,51772000.0,61806000.0,187900000.0,4375913000.0,133691000.0,201850000.0
ECILC.IS:2020Q3,ECILC.IS,ECILC,2020Q3,2020-09-30,2020-11-15,data/fundamentals/ECILC_IS.parquet,XUSIN.IS,False,667812000.0,104247000.0,118931000.0,328939000.0,4516952000.0,219342000.0,288540000.0
ECILC.IS:2020Q4,ECILC.IS,ECILC,2020Q4,2020-12-31,2021-03-15,data/fundamentals/ECILC_IS.parquet,XUSIN.IS,False,909132000.0,108230000.0,131516000.0,322114000.0,5282308000.0,77043000.0,159402000.0
ECILC.IS:2021Q1,ECILC.IS,ECILC,2021Q1,2021-03-31,2021-05-15,data/fundamentals/ECILC_IS.parquet,XUSIN.IS,False,280132000.0,23155000.0,29131000.0,141226000.0,5423534000.0,102364000.0,148833000.0
ECILC.IS:2021Q2,ECILC.IS,ECILC,2021Q2,2021-06-30,2021-08-15,data/fundamentals/ECILC_IS.parquet,XUSIN.IS,False,543758000.0,39544000.0,51367000.0,276256000.0,5409307000.0,199647000.0,281308000.0
ECILC.IS:2021Q3,ECILC.IS,ECILC,2021Q3,2021-09-30,2021-11-15,data/fundamentals/ECILC_IS.parquet,XUSIN.IS,False,801748000.0,74745000.0,92916000.0,326838000.0,5459887000.0,115336000.0,192544000.0
ECILC.IS:2021Q4,ECILC.IS,ECILC,2021Q4,2021-12-31,2022-03-15,data/fundamentals/ECILC_IS.parquet,XUSIN.IS,False,1103515000.0,83116000.0,102646000.0,1263594000.0,9032329000.0,517111000.0,583368000.0
ECILC.IS:2022Q1,ECILC.IS,ECILC,2022Q1,2022-03-31,2022-05-15,data/fundamentals/ECILC_IS.parquet,XUSIN.IS,False,373650000.0,46785000.0,53302000.0,190654000.0,7586445000.0,-93395000.0,-99172000.0
ECILC.IS:2022Q2,ECILC.IS,ECILC,2022Q2,2022-06-30,2022-08-15,data/fundamentals/ECILC_IS.parquet,XUSIN.IS,False,700388000.0,54134000.0,67359000.0,334172000.0,7563671000.0,66012000.0,137133000.0
ECILC.IS:2022Q3,ECILC.IS,ECILC,2022Q3,2022-09-30,2022-11-15,data/fundamentals/ECILC_IS.parquet,XUSIN.IS,False,1134018000.0,121243000.0,141339000.0,505703000.0,7741275000.0,154696000.0,178374000.0
ECILC.IS:2022Q4,ECILC.IS,ECILC,2022Q4,2022-12-31,2023-03-15,data/fundamentals/ECILC_IS.parquet,XUSIN.IS,False,3466080000.0,78876000.0,256003000.0,2985370000.0,31241433000.0,-1012080000.0,-5002137000.0
ECILC.IS:2023Q1,ECILC.IS,ECILC,2023Q1,2023-03-31,2023-05-15,data/fundamentals/ECILC_IS.parquet,XUSIN.IS,False,2822476190.0,37373112.0,166734445.0,233932986.0,18905671000.0,-228608000.0,-301355000.0
ECILC.IS:2023Q2,ECILC.IS,ECILC,2023Q2,2023-06-30,2023-08-15,data/fundamentals/ECILC_IS.parquet,XUSIN.IS,False,4881660000.0,519622000.0,1011998000.0,708417000.0,18888814000.0,1424968000.0,2378280000.0
ECILC.IS:2023Q3,ECILC.IS,ECILC,2023Q3,2023-09-30,2023-11-15,data/fundamentals/ECILC_IS.parquet,XUSIN.IS,False,6762969000.0,697040000.0,1236369000.0,787618000.0,18563653000.0,2367240000.0,3329822000.0
ECILC.IS:2023Q4,ECILC.IS,ECILC,2023Q4,2023-12-31,2024-03-15,data/fundamentals/ECILC_IS.parquet,XUSIN.IS,False,9355032000.0,420456000.0,1158106000.0,3955851000.0,50311611000.0,3192573000.0,3542424000.0
ECILC.IS:2024Q1,ECILC.IS,ECILC,2024Q1,2024-03-31,2024-05-15,data/fundamentals/ECILC_IS.parquet,XUSIN.IS,False,2864260000.0,298073000.0,564348000.0,622003000.0,40536956000.0,612220000.0,209867000.0
ECILC.IS:2024Q2,ECILC.IS,ECILC,2024Q2,2024-06-30,2024-08-15,data/fundamentals/ECILC_IS.parquet,XUSIN.IS,False,5268334000.0,351946000.0,759282000.0,196426000.0,42812201000.0,583094000.0,327181000.0
ECILC.IS:2024Q3,ECILC.IS,ECILC,2024Q3,2024-09-30,2024-11-15,data/fundamentals/ECILC_IS.parquet,XUSIN.IS,False,8439572000.0,540572000.0,1190997000.0,1227651000.0,47393424000.0,473806000.0,1245532000.0
ECILC.IS:2024Q4,ECILC.IS,ECILC,2024Q4,2024-12-31,2025-03-15,data/fundamentals/ECILC_IS.parquet,XUSIN.IS,False,11475783352.0,-48502152.0,928264836.0,1339734033.0,58754616078.0,2729781768.0,4563801885.0
ECILC.IS:2025Q1,ECILC.IS,ECILC,2025Q1,2025-03-31,2025-05-15,data/fundamentals/ECILC_IS.parquet,XUSIN.IS,False,2783542000.0,-395711000.0,-138657000.0,2013108000.0,50942992000.0,-79431000.0,3941250000.0
ECILC.IS:2025Q2,ECILC.IS,ECILC,2025Q2,2025-06-30,2025-08-15,data/fundamentals/ECILC_IS.parquet,XUSIN.IS,False,5725065000.0,-1065574000.0,-527593000.0,2549019000.0,52947186000.0,341022000.0,4412406000.0
ECILC.IS:2025Q3,ECILC.IS,ECILC,2025Q3,2025-09-30,2025-11-15,data/fundamentals/ECILC_IS.parquet,XUSIN.IS,False,6909771000.0,-985003000.0,-318438000.0,2569928000.0,57414717000.0,1280908000.0,5357475000.0
ECILC.IS:2025Q4,ECILC.IS,ECILC,2025Q4,2025-12-31,2026-03-15,data/fundamentals/ECILC_IS.parquet,XUSIN.IS,False,11623992858.0,-1140501392.0,-40962285.0,2458584913.0,71884721368.0,1699232365.0,6720361724.0
ECILC.IS:2026Q1,ECILC.IS,ECILC,2026Q1,2026-03-31,2026-05-15,data/fundamentals/ECILC_IS.parquet,XUSIN.IS,False,2747492000.0,-304492000.0,-115533000.0,-924269000.0,66245551000.0,-42039000.0,-1005658000.0
ECILC.IS:2026Q2,ECILC.IS,ECILC,2026Q2,2026-06-30,2026-08-15,data/fundamentals/ECILC_IS.parquet,XUSIN.IS,False,5178980000.0,-697240000.0,-199786000.0,-1855381000.0,68817820000.0,61185000.0,-1306110000.0
EKGYO.IS:2018Q1,EKGYO.IS,EKGYO,2018Q1,2018-03-31,2018-05-15,data/fundamentals/EKGYO_IS.parquet,XU100.IS,False,1435382000.0,844205000.0,845995000.0,867259000.0,13332778000.0,374843000.0,391587000.0
EKGYO.IS:2018Q2,EKGYO.IS,EKGYO,2018Q2,2018-06-30,2018-08-15,data/fundamentals/EKGYO_IS.parquet,XU100.IS,False,2304082000.0,1138486000.0,1141658000.0,1130805000.0,12947740000.0,746364000.0,798795000.0
EKGYO.IS:2018Q3,EKGYO.IS,EKGYO,2018Q3,2018-09-30,2018-11-15,data/fundamentals/EKGYO_IS.parquet,XU100.IS,False,2657515000.0,1136597000.0,1140901000.0,1099169000.0,12916104000.0,-341922000.0,-235568000.0
EKGYO.IS:2018Q4,EKGYO.IS,EKGYO,2018Q4,2018-12-31,2019-03-15,data/fundamentals/EKGYO_IS.parquet,XU100.IS,False,3917974000.0,1371293000.0,1378622000.0,1269807000.0,13086742000.0,-200348000.0,-169117000.0
EKGYO.IS:2019Q1,EKGYO.IS,EKGYO,2019Q1,2019-03-31,2019-05-15,data/fundamentals/EKGYO_IS.parquet,XU100.IS,False,1235029000.0,-10412000.0,-8523000.0,47877000.0,13134619000.0,-422897000.0,-461103000.0
EKGYO.IS:2019Q2,EKGYO.IS,EKGYO,2019Q2,2019-06-30,2019-08-15,data/fundamentals/EKGYO_IS.parquet,XU100.IS,False,3164914000.0,363449000.0,367167000.0,356259000.0,13324175000.0,-431909000.0,-498405000.0
EKGYO.IS:2019Q3,EKGYO.IS,EKGYO,2019Q3,2019-09-30,2019-11-15,data/fundamentals/EKGYO_IS.parquet,XU100.IS,False,3562708000.0,365489000.0,371102000.0,202952000.0,13170868000.0,-507180000.0,-563728000.0
EKGYO.IS:2019Q4,EKGYO.IS,EKGYO,2019Q4,2019-12-31,2020-03-15,data/fundamentals/EKGYO_IS.parquet,XU100.IS,False,5645593000.0,1192903000.0,1221424000.0,780506000.0,13748422000.0,-491556000.0,-629691000.0
EKGYO.IS:2020Q1,EKGYO.IS,EKGYO,2020Q1,2020-03-31,2020-05-15,data/fundamentals/EKGYO_IS.parquet,XU100.IS,False,686839000.0,223099000.0,238299000.0,129824000.0,13866495000.0,243011000.0,247175000.0
EKGYO.IS:2020Q2,EKGYO.IS,EKGYO,2020Q2,2020-06-30,2020-08-15,data/fundamentals/EKGYO_IS.parquet,XU100.IS,False,1354234000.0,365107000.0,381230000.0,257232000.0,13993903000.0,375589000.0,355494000.0
EKGYO.IS:2020Q3,EKGYO.IS,EKGYO,2020Q3,2020-09-30,2020-11-15,data/fundamentals/EKGYO_IS.parquet,XU100.IS,False,3622126000.0,655760000.0,678132000.0,588936000.0,14251761000.0,2021273000.0,1741187000.0
EKGYO.IS:2020Q4,EKGYO.IS,EKGYO,2020Q4,2020-12-31,2021-03-15,data/fundamentals/EKGYO_IS.parquet,XU100.IS,False,4527085000.0,741911000.0,770391000.0,859671000.0,14522496000.0,1131096000.0,845292000.0
EKGYO.IS:2021Q1,EKGYO.IS,EKGYO,2021Q1,2021-03-31,2021-05-15,data/fundamentals/EKGYO_IS.parquet,XU100.IS,False,798184000.0,228924000.0,237895000.0,241697000.0,14764193000.0,101079000.0,389612000.0
EKGYO.IS:2021Q2,EKGYO.IS,EKGYO,2021Q2,2021-06-30,2021-08-15,data/fundamentals/EKGYO_IS.parquet,XU100.IS,False,2823588000.0,681726000.0,699300000.0,760223000.0,15203275000.0,173987000.0,419147000.0
EKGYO.IS:2021Q3,EKGYO.IS,EKGYO,2021Q3,2021-09-30,2021-11-15,data/fundamentals/EKGYO_IS.parquet,XU100.IS,False,4742530000.0,1202574000.0,1228245000.0,1117029000.0,15560081000.0,474308000.0,719581000.0
EKGYO.IS:2021Q4,EKGYO.IS,EKGYO,2021Q4,2021-12-31,2022-03-15,data/fundamentals/EKGYO_IS.parquet,XU100.IS,False,5735504000.0,1728817000.0,1754628000.0,1434187000.0,15877239000.0,2570539000.0,2741438000.0
EKGYO.IS:2022Q1,EKGYO.IS,EKGYO,2022Q1,2022-03-31,2022-05-15,data/fundamentals/EKGYO_IS.parquet,XU100.IS,False,2172232000.0,864736000.0,870515000.0,771153000.0,16648392000.0,1036649000.0,1007911000.0
EKGYO.IS:2022Q2,EKGYO.IS,EKGYO,2022Q2,2022-06-30,2022-08-15,data/fundamentals/EKGYO_IS.parquet,XU100.IS,False,4522808000.0,2027187000.0,2039442000.0,1449209000.0,16950451000.0,431271000.0,291792000.0
EKGYO.IS:2022Q3,EKGYO.IS,EKGYO,2022Q3,2022-09-30,2022-11-15,data/fundamentals/EKGYO_IS.parquet,XU100.IS,False,5391880000.0,2414714000.0,2432139000.0,2088465000.0,17589707000.0,-538953000.0,-678747000.0
EKGYO.IS:2022Q4,EKGYO.IS,EKGYO,2022Q4,2022-12-31,2023-03-15,data/fundamentals/EKGYO_IS.parquet,XU100.IS,False,20517939000.0,3293134000.0,3352569000.0,1317404000.0,62602471000.0,-3080197000.0,-3334529000.0
EKGYO.IS:2023Q1,EKGYO.IS,EKGYO,2023Q1,2023-03-31,2023-05-15,data/fundamentals/EKGYO_IS.parquet,XU100.IS,False,9942602000.0,-19954000.0,3138000.0,-3303029000.0,18429800000.0,3273216000.0,3252299000.0
EKGYO.IS:2023Q2,EKGYO.IS,EKGYO,2023Q2,2023-06-30,2023-08-15,data/fundamentals/EKGYO_IS.parquet,XU100.IS,False,22620944000.0,2307017000.0,2351530000.0,-2932786000.0,19950054000.0,10592197000.0,11185321000.0
EKGYO.IS:2023Q3,EKGYO.IS,EKGYO,2023Q3,2023-09-30,2023-11-15,data/fundamentals/EKGYO_IS.parquet,XU100.IS,False,28856009000.0,2480209000.0,2559662000.0,-5347329000.0,22512591000.0,15638412000.0,16381496000.0
EKGYO.IS:2023Q4,EKGYO.IS,EKGYO,2023Q4,2023-12-31,2024-03-15,data/fundamentals/EKGYO_IS.parquet,XU100.IS,False,40283010000.0,6871422000.0,6983538000.0,-5505929000.0,84533176000.0,14259299000.0,13563331000.0
EKGYO.IS:2024Q1,EKGYO.IS,EKGYO,2024Q1,2024-03-31,2024-05-15,data/fundamentals/EKGYO_IS.parquet,XU100.IS,False,2909816000.0,437948000.0,476012000.0,354450000.0,67625932000.0,-14344413000.0,-14371872000.0
EKGYO.IS:2024Q2,EKGYO.IS,EKGYO,2024Q2,2024-06-30,2024-08-15,data/fundamentals/EKGYO_IS.parquet,XU100.IS,False,9720973000.0,1633928000.0,1705673000.0,770064000.0,73601801000.0,-11196347000.0,-11502244000.0
EKGYO.IS:2024Q3,EKGYO.IS,EKGYO,2024Q3,2024-09-30,2024-11-15,data/fundamentals/EKGYO_IS.parquet,XU100.IS,False,21728104000.0,3947191000.0,4058080000.0,4060486000.0,82591933000.0,-23897481000.0,-24000859000.0
EKGYO.IS:2024Q4,EKGYO.IS,EKGYO,2024Q4,2024-12-31,2025-03-15,data/fundamentals/EKGYO_IS.parquet,XU100.IS,False,41261022569.0,4498029799.0,4663520897.0,16737818584.0,127380593625.0,-29171927504.0,-29603946797.0
EKGYO.IS:2025Q1,EKGYO.IS,EKGYO,2025Q1,2025-03-31,2025-05-15,data/fundamentals/EKGYO_IS.parquet,XU100.IS,False,29390937000.0,6198545000.0,6247145000.0,3687023000.0,109927232000.0,-4855605000.0,-5372365000.0
EKGYO.IS:2025Q2,EKGYO.IS,EKGYO,2025Q2,2025-06-30,2025-08-15,data/fundamentals/EKGYO_IS.parquet,XU100.IS,False,62842915000.0,15561306000.0,15664981000.0,10920430000.0,120268911000.0,-11596450000.0,-12152749000.0
EKGYO.IS:2025Q3,EKGYO.IS,EKGYO,2025Q3,2025-09-30,2025-11-15,data/fundamentals/EKGYO_IS.parquet,XU100.IS,False,60130013000.0,14600183000.0,14729274000.0,9080408000.0,129488315000.0,-48088661000.0,-48432940000.0
EKGYO.IS:2025Q4,EKGYO.IS,EKGYO,2025Q4,2025-12-31,2026-03-15,data/fundamentals/EKGYO_IS.parquet,XU100.IS,False,96456864588.0,22952612143.0,23157728558.0,5634709873.0,153636777134.0,-45272218335.0,-46879151610.0
EKGYO.IS:2026Q1,EKGYO.IS,EKGYO,2026Q1,2026-03-31,2026-05-15,data/fundamentals/EKGYO_IS.parquet,XU100.IS,False,19813410000.0,5149423000.0,5196418000.0,1670697000.0,145246137000.0,-8032918000.0,-8224603000.0
EKGYO.IS:2026Q2,EKGYO.IS,EKGYO,2026Q2,2026-06-30,2026-08-15,data/fundamentals/EKGYO_IS.parquet,XU100.IS,False,51262860000.0,11775012000.0,11875562000.0,2981907000.0,154331604000.0,-12022353000.0,-12277590000.0
ENKAI.IS:2018Q1,ENKAI.IS,ENKAI,2018Q1,2018-03-31,2018-05-15,data/fundamentals/ENKAI_IS.parquet,XUSIN.IS,False,2097209000.0,625303000.0,730293000.0,491809000.0,25368372000.0,628352000.0,675974000.0
ENKAI.IS:2018Q2,ENKAI.IS,ENKAI,2018Q2,2018-06-30,2018-08-15,data/fundamentals/ENKAI_IS.parquet,XUSIN.IS,False,5078287000.0,1265919000.0,1493486000.0,491332000.0,27998972000.0,938370000.0,1219719000.0
ENKAI.IS:2018Q3,ENKAI.IS,ENKAI,2018Q3,2018-09-30,2018-11-15,data/fundamentals/ENKAI_IS.parquet,XUSIN.IS,False,9432625000.0,2241873000.0,2682261000.0,770594000.0,36640245000.0,936272000.0,1402946000.0
ENKAI.IS:2018Q4,ENKAI.IS,ENKAI,2018Q4,2018-12-31,2019-03-15,data/fundamentals/ENKAI_IS.parquet,XUSIN.IS,False,13917742000.0,2972896000.0,3473279000.0,1613263000.0,32518771000.0,1286207000.0,23436000.0
ENKAI.IS:2019Q1,ENKAI.IS,ENKAI,2019Q1,2019-03-31,2019-05-15,data/fundamentals/ENKAI_IS.parquet,XUSIN.IS,False,2964175000.0,615101000.0,753515000.0,834854000.0,35990540000.0,1165772000.0,592867000.0
ENKAI.IS:2019Q2,ENKAI.IS,ENKAI,2019Q2,2019-06-30,2019-08-15,data/fundamentals/ENKAI_IS.parquet,XUSIN.IS,False,5662413000.0,1083812000.0,1376684000.0,1918431000.0,37176226000.0,1787167000.0,1237973000.0
ENKAI.IS:2019Q3,ENKAI.IS,ENKAI,2019Q3,2019-09-30,2019-11-15,data/fundamentals/ENKAI_IS.parquet,XUSIN.IS,False,8103650000.0,1485343000.0,1949066000.0,2843494000.0,37227162000.0,2146256000.0,2433069000.0
ENKAI.IS:2019Q4,ENKAI.IS,ENKAI,2019Q4,2019-12-31,2020-03-15,data/fundamentals/ENKAI_IS.parquet,XUSIN.IS,False,10733112000.0,1724924000.0,2385743000.0,3868713000.0,39425622000.0,4172238000.0,4299208000.0
ENKAI.IS:2020Q1,ENKAI.IS,ENKAI,2020Q1,2020-03-31,2020-05-15,data/fundamentals/ENKAI_IS.parquet,XUSIN.IS,False,2857120000.0,802406000.0,964179000.0,-697431000.0,40352813000.0,724887000.0,-582809000.0
ENKAI.IS:2020Q2,ENKAI.IS,ENKAI,2020Q2,2020-06-30,2020-08-15,data/fundamentals/ENKAI_IS.parquet,XUSIN.IS,False,5554485000.0,1189469000.0,1482684000.0,1682338000.0,44326021000.0,1674758000.0,1528755000.0
ENKAI.IS:2020Q3,ENKAI.IS,ENKAI,2020Q3,2020-09-30,2020-11-15,data/fundamentals/ENKAI_IS.parquet,XUSIN.IS,False,8338156000.0,1641784000.0,2168488000.0,2503020000.0,49720189000.0,2302918000.0,1879713000.0
ENKAI.IS:2020Q4,ENKAI.IS,ENKAI,2020Q4,2020-12-31,2021-03-15,data/fundamentals/ENKAI_IS.parquet,XUSIN.IS,False,11617008000.0,2166217000.0,2823619000.0,4518160000.0,49696135000.0,2697278000.0,3881241000.0
ENKAI.IS:2021Q1,ENKAI.IS,ENKAI,2021Q1,2021-03-31,2021-05-15,data/fundamentals/ENKAI_IS.parquet,XUSIN.IS,False,3579477000.0,1250130000.0,1449538000.0,1148331000.0,56538864000.0,2689875000.0,2856016000.0
ENKAI.IS:2021Q2,ENKAI.IS,ENKAI,2021Q2,2021-06-30,2021-08-15,data/fundamentals/ENKAI_IS.parquet,XUSIN.IS,False,8249715000.0,2373629000.0,2781267000.0,3205264000.0,59364410000.0,5035743000.0,4851013000.0
ENKAI.IS:2021Q3,ENKAI.IS,ENKAI,2021Q3,2021-09-30,2021-11-15,data/fundamentals/ENKAI_IS.parquet,XUSIN.IS,False,16132439000.0,4334767000.0,4956321000.0,4311031000.0,61243561000.0,7566480000.0,5912732000.0
ENKAI.IS:2021Q4,ENKAI.IS,ENKAI,2021Q4,2021-12-31,2022-03-15,data/fundamentals/ENKAI_IS.parquet,XUSIN.IS,False,25782036000.0,5707837000.0,6809192000.0,5075956000.0,89858579000.0,14974937000.0,11576776000.0
ENKAI.IS:2022Q1,ENKAI.IS,ENKAI,2022Q1,2022-03-31,2022-05-15,data/fundamentals/ENKAI_IS.parquet,XUSIN.IS,False,11469542000.0,2306797000.0,2642397000.0,-500182000.0,94643715000.0,292217000.0,-4062456000.0
ENKAI.IS:2022Q2,ENKAI.IS,ENKAI,2022Q2,2022-06-30,2022-08-15,data/fundamentals/ENKAI_IS.parquet,XUSIN.IS,False,24045792000.0,5072570000.0,5757177000.0,-4968893000.0,106604086000.0,722047000.0,-8188783000.0
ENKAI.IS:2022Q3,ENKAI.IS,ENKAI,2022Q3,2022-09-30,2022-11-15,data/fundamentals/ENKAI_IS.parquet,XUSIN.IS,False,44243665000.0,9226177000.0,10324484000.0,-3046474000.0,116946760000.0,2229726000.0,-10650732000.0
ENKAI.IS:2022Q4,ENKAI.IS,ENKAI,2022Q4,2022-12-31,2023-03-15,data/fundamentals/ENKAI_IS.parquet,XUSIN.IS,False,61804006000.0,12474720000.0,13986197000.0,2114596000.0,122407267000.0,2976734000.0,-15091726000.0
ENKAI.IS:2023Q1,ENKAI.IS,ENKAI,2023Q1,2023-03-31,2023-05-15,data/fundamentals/ENKAI_IS.parquet,XUSIN.IS,False,17489259000.0,2001475000.0,2362742000.0,3983863000.0,128043607000.0,-1538398000.0,542954000.0
ENKAI.IS:2023Q2,ENKAI.IS,ENKAI,2023Q2,2023-06-30,2023-08-15,data/fundamentals/ENKAI_IS.parquet,XUSIN.IS,False,32380376000.0,5123647000.0,6050594000.0,6474633000.0,167066578000.0,4383558000.0,5350930000.0
ENKAI.IS:2023Q3,ENKAI.IS,ENKAI,2023Q3,2023-09-30,2023-11-15,data/fundamentals/ENKAI_IS.parquet,XUSIN.IS,False,55676473000.0,9103606000.0,10526045000.0,10417546000.0,177953777000.0,7046955000.0,6692466000.0
ENKAI.IS:2023Q4,ENKAI.IS,ENKAI,2023Q4,2023-12-31,2024-03-15,data/fundamentals/ENKAI_IS.parquet,XUSIN.IS,False,76704889000.0,12049390000.0,15060829000.0,17686528000.0,218533737000.0,11258857000.0,6469135000.0
ENKAI.IS:2024Q1,ENKAI.IS,ENKAI,2024Q1,2024-03-31,2024-05-15,data/fundamentals/ENKAI_IS.parquet,XUSIN.IS,False,18225486000.0,2123654000.0,2978313000.0,4844383000.0,241244386000.0,5452779000.0,3288405000.0
ENKAI.IS:2024Q2,ENKAI.IS,ENKAI,2024Q2,2024-06-30,2024-08-15,data/fundamentals/ENKAI_IS.parquet,XUSIN.IS,False,41905615000.0,7241503000.0,8933858000.0,11406607000.0,247080833000.0,6566141000.0,7647834000.0
ENKAI.IS:2024Q3,ENKAI.IS,ENKAI,2024Q3,2024-09-30,2024-11-15,data/fundamentals/ENKAI_IS.parquet,XUSIN.IS,False,68845383000.0,11805694000.0,14781762000.0,18115016000.0,265386893000.0,8260317000.0,6553849000.0
ENKAI.IS:2024Q4,ENKAI.IS,ENKAI,2024Q4,2024-12-31,2025-03-15,data/fundamentals/ENKAI_IS.parquet,XUSIN.IS,False,131600986396.0,24565962582.0,30002706350.0,34226642377.0,370728908303.0,20346984757.0,11938932768.0
ENKAI.IS:2025Q1,ENKAI.IS,ENKAI,2025Q1,2025-03-31,2025-05-15,data/fundamentals/ENKAI_IS.parquet,XUSIN.IS,False,29867033000.0,5380889000.0,6494401000.0,4260220000.0,313489466000.0,2731908000.0,-3968315000.0
ENKAI.IS:2025Q2,ENKAI.IS,ENKAI,2025Q2,2025-06-30,2025-08-15,data/fundamentals/ENKAI_IS.parquet,XUSIN.IS,False,64363861000.0,13176745000.0,15580388000.0,16427591000.0,332665091000.0,8915902000.0,6805452000.0
ENKAI.IS:2025Q3,ENKAI.IS,ENKAI,2025Q3,2025-09-30,2025-11-15,data/fundamentals/ENKAI_IS.parquet,XUSIN.IS,False,108966561000.0,20094906000.0,23989613000.0,27808170000.0,359559618000.0,16509682000.0,14624962000.0
ENKAI.IS:2025Q4,ENKAI.IS,ENKAI,2025Q4,2025-12-31,2026-03-15,data/fundamentals/ENKAI_IS.parquet,XUSIN.IS,False,184300375298.0,33537446550.0,39971503281.0,45507410263.0,446939126060.0,31320620956.0,24257536155.0
ENKAI.IS:2026Q1,ENKAI.IS,ENKAI,2026Q1,2026-03-31,2026-05-15,data/fundamentals/ENKAI_IS.parquet,XUSIN.IS,False,35829828000.0,6441203000.0,8056517000.0,4518370000.0,391492607000.0,2115798000.0,-1078085000.0
ENKAI.IS:2026Q2,ENKAI.IS,ENKAI,2026Q2,2026-06-30,2026-08-15,data/fundamentals/ENKAI_IS.parquet,XUSIN.IS,False,84745798000.0,11887263000.0,15261786000.0,20485513000.0,416755566000.0,8917937000.0,11677617000.0
EREGL.IS:2018Q1,EREGL.IS,EREGL,2018Q1,2018-03-31,2018-05-15,data/fundamentals/EREGL_IS.parquet,XUSIN.IS,False,5418802000.0,1529521000.0,1709420000.0,1108586000.0,18303071000.0,1507639000.0,1257203000.0
EREGL.IS:2018Q2,EREGL.IS,EREGL,2018Q2,2018-06-30,2018-08-15,data/fundamentals/EREGL_IS.parquet,XUSIN.IS,False,11629361000.0,3464857000.0,3846640000.0,2687862000.0,22875048000.0,1077448000.0,449886000.0
EREGL.IS:2018Q3,EREGL.IS,EREGL,2018Q3,2018-09-30,2018-11-15,data/fundamentals/EREGL_IS.parquet,XUSIN.IS,False,19421650000.0,5770536000.0,6414108000.0,4090924000.0,31242677000.0,3264896000.0,2296167000.0
EREGL.IS:2018Q4,EREGL.IS,EREGL,2018Q4,2018-12-31,2019-03-15,data/fundamentals/EREGL_IS.parquet,XUSIN.IS,False,27015254000.0,7721385000.0,8629730000.0,5844721000.0,29254625000.0,4218719000.0,2764709000.0
EREGL.IS:2019Q1,EREGL.IS,EREGL,2019Q1,2019-03-31,2019-05-15,data/fundamentals/EREGL_IS.parquet,XUSIN.IS,False,7144139000.0,1467687000.0,1747134000.0,1038729000.0,27324530000.0,2316706000.0,1968424000.0
EREGL.IS:2019Q2,EREGL.IS,EREGL,2019Q2,2019-06-30,2019-08-15,data/fundamentals/EREGL_IS.parquet,XUSIN.IS,False,14594816000.0,2906306000.0,3478782000.0,2413110000.0,29255194000.0,4106142000.0,3540284000.0
EREGL.IS:2019Q3,EREGL.IS,EREGL,2019Q3,2019-09-30,2019-11-15,data/fundamentals/EREGL_IS.parquet,XUSIN.IS,False,21011261000.0,3908945000.0,4757626000.0,3238808000.0,29616251000.0,5423692000.0,3758897000.0
EREGL.IS:2019Q4,EREGL.IS,EREGL,2019Q4,2019-12-31,2020-03-15,data/fundamentals/EREGL_IS.parquet,XUSIN.IS,False,27465185000.0,4308968000.0,5458475000.0,3494207000.0,31247475000.0,7243107000.0,5620755000.0
EREGL.IS:2020Q1,EREGL.IS,EREGL,2020Q1,2020-03-31,2020-05-15,data/fundamentals/EREGL_IS.parquet,XUSIN.IS,False,6378927000.0,703274000.0,1006238000.0,322778000.0,34526024000.0,2189025000.0,1803799000.0
EREGL.IS:2020Q2,EREGL.IS,EREGL,2020Q2,2020-06-30,2020-08-15,data/fundamentals/EREGL_IS.parquet,XUSIN.IS,False,13783158000.0,1691908000.0,2341846000.0,926858000.0,36744992000.0,3149292000.0,1987898000.0
EREGL.IS:2020Q3,EREGL.IS,EREGL,2020Q3,2020-09-30,2020-11-15,data/fundamentals/EREGL_IS.parquet,XUSIN.IS,False,21936023000.0,2930300000.0,3980022000.0,1549222000.0,41498172000.0,5432084000.0,3530148000.0
EREGL.IS:2020Q4,EREGL.IS,EREGL,2020Q4,2020-12-31,2021-03-15,data/fundamentals/EREGL_IS.parquet,XUSIN.IS,False,32048029000.0,5139792000.0,6665265000.0,3509790000.0,41121576000.0,7315515000.0,4196147000.0
EREGL.IS:2021Q1,EREGL.IS,EREGL,2021Q1,2021-03-31,2021-05-15,data/fundamentals/EREGL_IS.parquet,XUSIN.IS,False,10464203000.0,3443431000.0,3853266000.0,2711762000.0,42312928000.0,2396006000.0,-561864000.0
EREGL.IS:2021Q2,EREGL.IS,EREGL,2021Q2,2021-06-30,2021-08-15,data/fundamentals/EREGL_IS.parquet,XUSIN.IS,False,24797566000.0,8580418000.0,9470644000.0,6050468000.0,47365310000.0,4634825000.0,308766000.0
EREGL.IS:2021Q3,EREGL.IS,EREGL,2021Q3,2021-09-30,2021-11-15,data/fundamentals/EREGL_IS.parquet,XUSIN.IS,False,43060307000.0,15562908000.0,16888733000.0,11262795000.0,53822102000.0,6027960000.0,824442000.0
EREGL.IS:2021Q4,EREGL.IS,EREGL,2021Q4,2021-12-31,2022-03-15,data/fundamentals/EREGL_IS.parquet,XUSIN.IS,False,68227404000.0,24415869000.0,26467800000.0,16078558000.0,84547604000.0,5716945000.0,-1803911000.0
EREGL.IS:2022Q1,EREGL.IS,EREGL,2022Q1,2022-03-31,2022-05-15,data/fundamentals/EREGL_IS.parquet,XUSIN.IS,False,29204128000.0,8982132000.0,9764207000.0,5828625000.0,83018683000.0,3538617000.0,1515877000.0
EREGL.IS:2022Q2,EREGL.IS,EREGL,2022Q2,2022-06-30,2022-08-15,data/fundamentals/EREGL_IS.parquet,XUSIN.IS,False,63812753000.0,18947451000.0,20615610000.0,12750545000.0,101227907000.0,566197000.0,-3612947000.0
EREGL.IS:2022Q3,EREGL.IS,EREGL,2022Q3,2022-09-30,2022-11-15,data/fundamentals/EREGL_IS.parquet,XUSIN.IS,False,100535316000.0,23338039000.0,25980120000.0,15430273000.0,114357567000.0,754598000.0,-6814270000.0
EREGL.IS:2022Q4,EREGL.IS,EREGL,2022Q4,2022-12-31,2023-03-15,data/fundamentals/EREGL_IS.parquet,XUSIN.IS,False,127782881000.0,23160676000.0,26654507000.0,18653054000.0,118662187000.0,8940221000.0,-3472220000.0
EREGL.IS:2023Q1,EREGL.IS,EREGL,2023Q1,2023-03-31,2023-05-15,data/fundamentals/EREGL_IS.parquet,XUSIN.IS,False,26273984000.0,379131000.0,1436902000.0,65919000.0,121507612000.0,4007685000.0,-975168000.0
EREGL.IS:2023Q2,EREGL.IS,EREGL,2023Q2,2023-06-30,2023-08-15,data/fundamentals/EREGL_IS.parquet,XUSIN.IS,False,63619932000.0,2909112000.0,5223282000.0,-3987498000.0,156692696000.0,2811493000.0,-10218188000.0
EREGL.IS:2023Q3,EREGL.IS,EREGL,2023Q3,2023-09-30,2023-11-15,data/fundamentals/EREGL_IS.parquet,XUSIN.IS,False,101010326000.0,6823511000.0,10441140000.0,-3826973000.0,166083088000.0,7156472000.0,-12468392000.0
EREGL.IS:2023Q4,EREGL.IS,EREGL,2023Q4,2023-12-31,2024-03-15,data/fundamentals/EREGL_IS.parquet,XUSIN.IS,False,147899792000.0,11615845000.0,16988563000.0,4329064000.0,191528882000.0,13068139000.0,-14262025000.0
EREGL.IS:2024Q1,EREGL.IS,EREGL,2024Q1,2024-03-31,2024-05-15,data/fundamentals/EREGL_IS.parquet,XUSIN.IS,False,49747633000.0,5528354000.0,7516791000.0,5846938000.0,214112638000.0,2562131000.0,-3979356000.0
EREGL.IS:2024Q2,EREGL.IS,EREGL,2024Q2,2024-06-30,2024-08-15,data/fundamentals/EREGL_IS.parquet,XUSIN.IS,False,100218054000.0,9793851000.0,13904595000.0,10389242000.0,222816141000.0,7814557000.0,-8686883000.0
EREGL.IS:2024Q3,EREGL.IS,EREGL,2024Q3,2024-09-30,2024-11-15,data/fundamentals/EREGL_IS.parquet,XUSIN.IS,False,148946763000.0,12134972000.0,18450878000.0,11280919000.0,232976387000.0,12741710000.0,-14412436000.0
EREGL.IS:2024Q4,EREGL.IS,EREGL,2024Q4,2024-12-31,2025-03-15,data/fundamentals/EREGL_IS.parquet,XUSIN.IS,False,267098807580.0,16040968769.0,27608230152.0,18577608435.0,319932803673.0,40913932763.0,-4908624636.0
EREGL.IS:2025Q1,EREGL.IS,EREGL,2025Q1,2025-03-31,2025-05-15,data/fundamentals/EREGL_IS.parquet,XUSIN.IS,False,53544627000.0,1759127000.0,4127402000.0,447904000.0,260560952000.0,19077458000.0,13976173000.0
EREGL.IS:2025Q2,EREGL.IS,EREGL,2025Q2,2025-06-30,2025-08-15,data/fundamentals/EREGL_IS.parquet,XUSIN.IS,False,94957592000.0,3279368000.0,8261398000.0,1815944000.0,275068667000.0,34035787000.0,26801732000.0
EREGL.IS:2025Q3,EREGL.IS,EREGL,2025Q3,2025-09-30,2025-11-15,data/fundamentals/EREGL_IS.parquet,XUSIN.IS,False,147915207000.0,5046707000.0,12997926000.0,2516291000.0,288864902000.0,47211505000.0,36180655000.0
EREGL.IS:2025Q4,EREGL.IS,EREGL,2025Q4,2025-12-31,2026-03-15,data/fundamentals/EREGL_IS.parquet,XUSIN.IS,False,246009109074.0,10781554643.0,24083107597.0,817650057.0,350072128736.0,76608436400.0,56251603677.0
EREGL.IS:2026Q1,EREGL.IS,EREGL,2026Q1,2026-03-31,2026-05-15,data/fundamentals/EREGL_IS.parquet,XUSIN.IS,False,59684847000.0,2143859000.0,5819988000.0,405786000.0,304848442000.0,18061920000.0,14793422000.0
EREGL.IS:2026Q2,EREGL.IS,EREGL,2026Q2,2026-06-30,2026-08-15,data/fundamentals/EREGL_IS.parquet,XUSIN.IS,False,124567404000.0,4900935000.0,12401514000.0,9217143000.0,328781051000.0,21285028000.0,15953858000.0
EUPWR.IS:2020Q4,EUPWR.IS,EUPWR,2020Q4,2020-12-31,2021-03-15,data/fundamentals/EUPWR_IS.parquet,XUSIN.IS,False,326422684.0,75258756.0,78767335.0,49722367.0,104850779.0,-11489398.0,-19985394.0
EUPWR.IS:2021Q4,EUPWR.IS,EUPWR,2021Q4,2021-12-31,2022-03-15,data/fundamentals/EUPWR_IS.parquet,XUSIN.IS,False,603548374.0,129178551.0,137249154.0,104421988.0,266242756.0,124921218.0,34077980.0
EUPWR.IS:2022Q1,EUPWR.IS,EUPWR,2022Q1,2022-03-31,2022-05-15,data/fundamentals/EUPWR_IS.parquet,XUSIN.IS,False,352566000.0,101968000.0,105418994.0,67942000.0,0.0,21849162.0,15773407.0
EUPWR.IS:2022Q2,EUPWR.IS,EUPWR,2022Q2,2022-06-30,2022-08-15,data/fundamentals/EUPWR_IS.parquet,XUSIN.IS,False,765226000.0,189979000.0,197234000.0,128509000.0,0.0,-24000000.0,-39535000.0
EUPWR.IS:2022Q3,EUPWR.IS,EUPWR,2022Q3,2022-09-30,2022-11-15,data/fundamentals/EUPWR_IS.parquet,XUSIN.IS,False,1173296000.0,236469000.0,249827000.0,159615000.0,0.0,-27394000.0,-66696000.0
EUPWR.IS:2022Q4,EUPWR.IS,EUPWR,2022Q4,2022-12-31,2023-03-15,data/fundamentals/EUPWR_IS.parquet,XUSIN.IS,False,3778053000.0,839066000.0,897872000.0,515457000.0,1532206000.0,67096000.0,-169354000.0
EUPWR.IS:2023Q1,EUPWR.IS,EUPWR,2023Q1,2023-03-31,2023-05-15,data/fundamentals/EUPWR_IS.parquet,XUSIN.IS,False,1403612000.0,244672000.0,270919000.0,70136000.0,954348051.0,165396000.0,-10605000.0
EUPWR.IS:2023Q2,EUPWR.IS,EUPWR,2023Q2,2023-06-30,2023-08-15,data/fundamentals/EUPWR_IS.parquet,XUSIN.IS,False,2578126000.0,439197000.0,498929000.0,975151000.0,3320233000.0,-1992248000.0,-2351601000.0
EUPWR.IS:2023Q3,EUPWR.IS,EUPWR,2023Q3,2023-09-30,2023-11-15,data/fundamentals/EUPWR_IS.parquet,XUSIN.IS,False,5530289000.0,1111603000.0,1216821000.0,622672000.0,3590709000.0,-2075679000.0,-3058433000.0
EUPWR.IS:2023Q4,EUPWR.IS,EUPWR,2023Q4,2023-12-31,2024-03-15,data/fundamentals/EUPWR_IS.parquet,XUSIN.IS,False,9327358000.0,1951612000.0,2149195000.0,1309844000.0,7658454000.0,-2056974000.0,-3423928000.0
EUPWR.IS:2024Q1,EUPWR.IS,EUPWR,2024Q1,2024-03-31,2024-05-15,data/fundamentals/EUPWR_IS.parquet,XUSIN.IS,False,2295486000.0,396111000.0,445707000.0,100848000.0,6175977000.0,-644193000.0,-541638000.0
EUPWR.IS:2024Q2,EUPWR.IS,EUPWR,2024Q2,2024-06-30,2024-08-15,data/fundamentals/EUPWR_IS.parquet,XUSIN.IS,False,4223478000.0,764107000.0,870721000.0,133232000.0,6748643000.0,794945000.0,435924000.0
EUPWR.IS:2024Q3,EUPWR.IS,EUPWR,2024Q3,2024-09-30,2024-11-15,data/fundamentals/EUPWR_IS.parquet,XUSIN.IS,False,8009279000.0,1308912000.0,1492029000.0,239558000.0,7518237000.0,639308000.0,-28401000.0
EUPWR.IS:2024Q4,EUPWR.IS,EUPWR,2024Q4,2024-12-31,2025-03-15,data/fundamentals/EUPWR_IS.parquet,XUSIN.IS,False,10758973765.0,1695526870.0,1966989706.0,392855000.0,10613192434.0,517828378.0,-439878069.0
EUPWR.IS:2025Q1,EUPWR.IS,EUPWR,2025Q1,2025-03-31,2025-05-15,data/fundamentals/EUPWR_IS.parquet,XUSIN.IS,False,3243471000.0,481115000.0,578797000.0,280755000.0,9140968000.0,-96977000.0,80211000.0
EUPWR.IS:2025Q2,EUPWR.IS,EUPWR,2025Q2,2025-06-30,2025-08-15,data/fundamentals/EUPWR_IS.parquet,XUSIN.IS,False,5140817000.0,515815000.0,730932000.0,310290000.0,9707804000.0,-689709000.0,-381893000.0
EUPWR.IS:2025Q3,EUPWR.IS,EUPWR,2025Q3,2025-09-30,2025-11-15,data/fundamentals/EUPWR_IS.parquet,XUSIN.IS,False,7842312000.0,1344827000.0,1613324000.0,663698000.0,10871430000.0,-823993000.0,-1045258000.0
EUPWR.IS:2025Q4,EUPWR.IS,EUPWR,2025Q4,2025-12-31,2026-03-15,data/fundamentals/EUPWR_IS.parquet,XUSIN.IS,False,15308223247.0,2338245176.0,2788976323.0,949027295.0,13479295235.0,-944367592.0,-2205304105.0
EUPWR.IS:2026Q1,EUPWR.IS,EUPWR,2026Q1,2026-03-31,2026-05-15,data/fundamentals/EUPWR_IS.parquet,XUSIN.IS,False,5233514000.0,1796964000.0,1915438000.0,414998000.0,13131502000.0,400235000.0,135896000.0
EUPWR.IS:2026Q2,EUPWR.IS,EUPWR,2026Q2,2026-06-30,2026-08-15,data/fundamentals/EUPWR_IS.parquet,XUSIN.IS,False,7069966000.0,2012526000.0,2272017000.0,681507000.0,14233189000.0,548487000.0,-96145000.0
FORTE.IS:2020Q4,FORTE.IS,FORTE,2020Q4,2020-12-31,2021-03-15,data/fundamentals/FORTE_IS.parquet,XU100.IS,False,204326360.0,49560961.0,50418554.0,40876291.0,61956157.0,46854472.0,42742780.0
FORTE.IS:2021Q4,FORTE.IS,FORTE,2021Q4,2021-12-31,2022-03-15,data/fundamentals/FORTE_IS.parquet,XU100.IS,False,215350934.0,32791258.0,34030394.0,23456351.0,72900335.0,-9155012.0,-16215226.0
FORTE.IS:2022Q1,FORTE.IS,FORTE,2022Q1,2022-03-31,2022-05-15,data/fundamentals/FORTE_IS.parquet,XU100.IS,False,39711986.0,7742265.0,8327609.0,4947538.0,0.0,-948190.0,-4668443.0
FORTE.IS:2022Q2,FORTE.IS,FORTE,2022Q2,2022-06-30,2022-08-15,data/fundamentals/FORTE_IS.parquet,XU100.IS,False,85069776.0,13862929.0,15080961.0,11057273.0,0.0,-2702980.0,-9586219.0
FORTE.IS:2022Q3,FORTE.IS,FORTE,2022Q3,2022-09-30,2022-11-15,data/fundamentals/FORTE_IS.parquet,XU100.IS,False,164265986.0,38008243.0,39937249.0,31882869.0,0.0,-63907395.0,-76199466.0
FORTE.IS:2022Q4,FORTE.IS,FORTE,2022Q4,2022-12-31,2023-03-15,data/fundamentals/FORTE_IS.parquet,XU100.IS,False,685133342.0,146877320.0,155958724.0,55277114.0,273550758.0,-21562970.0,-58708883.0
FORTE.IS:2023Q1,FORTE.IS,FORTE,2023Q1,2023-03-31,2023-05-15,data/fundamentals/FORTE_IS.parquet,XU100.IS,False,223087145.0,34956950.0,37772846.0,5330700.0,160968167.0,22798820.0,6995762.0
FORTE.IS:2023Q2,FORTE.IS,FORTE,2023Q2,2023-06-30,2023-08-15,data/fundamentals/FORTE_IS.parquet,XU100.IS,False,368866279.0,84533357.0,90925859.0,67508658.0,459309050.0,104158266.0,66902972.0
FORTE.IS:2023Q3,FORTE.IS,FORTE,2023Q3,2023-09-30,2023-11-15,data/fundamentals/FORTE_IS.parquet,XU100.IS,False,548392557.0,132880614.0,143532154.0,-17946140.0,491869140.0,169513013.0,110237960.0
FORTE.IS:2023Q4,FORTE.IS,FORTE,2023Q4,2023-12-31,2024-03-15,data/fundamentals/FORTE_IS.parquet,XU100.IS,False,959883836.0,240741561.0,257145294.0,12192799.0,856137747.0,295194151.0,103023939.0
FORTE.IS:2024Q1,FORTE.IS,FORTE,2024Q1,2024-03-31,2024-05-15,data/fundamentals/FORTE_IS.parquet,XU100.IS,False,269086393.0,13824063.0,20358679.0,-49032493.0,652222950.0,206511124.0,142035109.0
FORTE.IS:2024Q2,FORTE.IS,FORTE,2024Q2,2024-06-30,2024-08-15,data/fundamentals/FORTE_IS.parquet,XU100.IS,False,758682576.0,2241821.0,16346855.0,-121856672.0,655346745.0,9291253.0,-103473783.0
FORTE.IS:2024Q3,FORTE.IS,FORTE,2024Q3,2024-09-30,2024-11-15,data/fundamentals/FORTE_IS.parquet,XU100.IS,False,1113421645.0,12403126.0,35939035.0,-169181160.0,676733964.0,3045453.0,-172265958.0
FORTE.IS:2024Q4,FORTE.IS,FORTE,2024Q4,2024-12-31,2025-03-15,data/fundamentals/FORTE_IS.parquet,XU100.IS,False,2331713132.0,250724040.0,288983770.0,-108332323.0,1009895399.0,124588586.0,-159313481.0
FORTE.IS:2025Q1,FORTE.IS,FORTE,2025Q1,2025-03-31,2025-05-15,data/fundamentals/FORTE_IS.parquet,XU100.IS,False,321550200.0,29299633.0,52616784.0,-47087713.0,815730945.0,-82407025.0,-116888173.0
FORTE.IS:2025Q2,FORTE.IS,FORTE,2025Q2,2025-06-30,2025-08-15,data/fundamentals/FORTE_IS.parquet,XU100.IS,False,693469884.0,45056748.0,85867690.0,-79651384.0,842252712.0,-278119027.0,-446108072.0
FORTE.IS:2025Q3,FORTE.IS,FORTE,2025Q3,2025-09-30,2025-11-15,data/fundamentals/FORTE_IS.parquet,XU100.IS,False,1113533985.0,24417465.0,68342351.0,1797285730.0,1947452477.0,282204248.0,98684999.0
FORTE.IS:2025Q4,FORTE.IS,FORTE,2025Q4,2025-12-31,2026-03-15,data/fundamentals/FORTE_IS.parquet,XU100.IS,False,2870520180.0,900525639.0,961358141.0,2746943338.0,2918528387.0,3384446804.0,3084964215.0
FORTE.IS:2026Q1,FORTE.IS,FORTE,2026Q1,2026-03-31,2026-05-15,data/fundamentals/FORTE_IS.parquet,XU100.IS,False,991714037.0,48923213.0,65392835.0,9762773.0,2738747413.0,87937000.0,-63397417.0
FORTE.IS:2026Q2,FORTE.IS,FORTE,2026Q2,2026-06-30,2026-08-15,data/fundamentals/FORTE_IS.parquet,XU100.IS,False,2090356195.0,332423286.0,397435559.0,213742048.0,3132225260.0,353247198.0,86904433.0
FROTO.IS:2018Q1,FROTO.IS,FROTO,2018Q1,2018-03-31,2018-05-15,data/fundamentals/FROTO_IS.parquet,XUSIN.IS,False,7282010000.0,465675000.0,593837000.0,432265000.0,3227384000.0,241963000.0,34806000.0
FROTO.IS:2018Q2,FROTO.IS,FROTO,2018Q2,2018-06-30,2018-08-15,data/fundamentals/FROTO_IS.parquet,XUSIN.IS,False,15472358000.0,1084805000.0,1354715000.0,918519000.0,3601150000.0,831506000.0,439585000.0
FROTO.IS:2018Q3,FROTO.IS,FROTO,2018Q3,2018-09-30,2018-11-15,data/fundamentals/FROTO_IS.parquet,XUSIN.IS,False,23244383000.0,1604085000.0,2021809000.0,1272358000.0,3420533000.0,1311486000.0,525831000.0
FROTO.IS:2018Q4,FROTO.IS,FROTO,2018Q4,2018-12-31,2019-03-15,data/fundamentals/FROTO_IS.parquet,XUSIN.IS,False,33292030000.0,2270642000.0,2839845000.0,1683196000.0,3893239000.0,2176407000.0,1031801000.0
FROTO.IS:2019Q1,FROTO.IS,FROTO,2019Q1,2019-03-31,2019-05-15,data/fundamentals/FROTO_IS.parquet,XUSIN.IS,False,9284052000.0,602627000.0,780680000.0,477960000.0,3491234000.0,436603000.0,177066000.0
FROTO.IS:2019Q2,FROTO.IS,FROTO,2019Q2,2019-06-30,2019-08-15,data/fundamentals/FROTO_IS.parquet,XUSIN.IS,False,18409222000.0,1206915000.0,1567713000.0,888288000.0,3952926000.0,990853000.0,443251000.0
FROTO.IS:2019Q3,FROTO.IS,FROTO,2019Q3,2019-09-30,2019-11-15,data/fundamentals/FROTO_IS.parquet,XUSIN.IS,False,27706725000.0,1812660000.0,2374369000.0,1342707000.0,4617861000.0,1164719000.0,377605000.0
FROTO.IS:2019Q4,FROTO.IS,FROTO,2019Q4,2019-12-31,2020-03-15,data/fundamentals/FROTO_IS.parquet,XUSIN.IS,False,39209019000.0,2573639000.0,3349627000.0,1959484000.0,4664921000.0,3007664000.0,1958836000.0
FROTO.IS:2020Q1,FROTO.IS,FROTO,2020Q1,2020-03-31,2020-05-15,data/fundamentals/FROTO_IS.parquet,XUSIN.IS,False,9366609000.0,677274000.0,895970000.0,629429000.0,4017254000.0,702423000.0,549033000.0
FROTO.IS:2020Q2,FROTO.IS,FROTO,2020Q2,2020-06-30,2020-08-15,data/fundamentals/FROTO_IS.parquet,XUSIN.IS,False,15093915000.0,1082852000.0,1526451000.0,909437000.0,4149833000.0,1459253000.0,1119343000.0
FROTO.IS:2020Q3,FROTO.IS,FROTO,2020Q3,2020-09-30,2020-11-15,data/fundamentals/FROTO_IS.parquet,XUSIN.IS,False,28490189000.0,2287331000.0,2961231000.0,2267706000.0,4773239000.0,3900965000.0,3346871000.0
FROTO.IS:2020Q4,FROTO.IS,FROTO,2020Q4,2020-12-31,2021-03-15,data/fundamentals/FROTO_IS.parquet,XUSIN.IS,False,49451407000.0,4366825000.0,5283400000.0,4194913000.0,7043902000.0,7390661000.0,6324656000.0
FROTO.IS:2021Q1,FROTO.IS,FROTO,2021Q1,2021-03-31,2021-05-15,data/fundamentals/FROTO_IS.parquet,XUSIN.IS,False,16254142000.0,1559283000.0,1811640000.0,1819374000.0,6048321000.0,1338394000.0,1010901000.0
FROTO.IS:2021Q2,FROTO.IS,FROTO,2021Q2,2021-06-30,2021-08-15,data/fundamentals/FROTO_IS.parquet,XUSIN.IS,False,26786744000.0,2560046000.0,3069972000.0,2818577000.0,6975753000.0,248800000.0,-745263000.0
FROTO.IS:2021Q3,FROTO.IS,FROTO,2021Q3,2021-09-30,2021-11-15,data/fundamentals/FROTO_IS.parquet,XUSIN.IS,False,45657489000.0,4333951000.0,5106208000.0,4710761000.0,9004274000.0,5508277000.0,3460088000.0
FROTO.IS:2021Q4,FROTO.IS,FROTO,2021Q4,2021-12-31,2022-03-15,data/fundamentals/FROTO_IS.parquet,XUSIN.IS,False,71101258000.0,8409612000.0,9463876000.0,8801005000.0,10148538000.0,8702451000.0,5260966000.0
FROTO.IS:2022Q1,FROTO.IS,FROTO,2022Q1,2022-03-31,2022-05-15,data/fundamentals/FROTO_IS.parquet,XUSIN.IS,False,27876425000.0,2676673000.0,2970952000.0,2801779000.0,8295052000.0,3961918000.0,1705310000.0
FROTO.IS:2022Q2,FROTO.IS,FROTO,2022Q2,2022-06-30,2022-08-15,data/fundamentals/FROTO_IS.parquet,XUSIN.IS,False,60730086000.0,6535708000.0,7119943000.0,6505981000.0,11668599000.0,7163370000.0,-5292798000.0
FROTO.IS:2022Q3,FROTO.IS,FROTO,2022Q3,2022-09-30,2022-11-15,data/fundamentals/FROTO_IS.parquet,XUSIN.IS,False,110857477000.0,10722078000.0,11972963000.0,10322171000.0,15639169000.0,7914371000.0,-7018973000.0
FROTO.IS:2022Q4,FROTO.IS,FROTO,2022Q4,2022-12-31,2023-03-15,data/fundamentals/FROTO_IS.parquet,XUSIN.IS,False,322556451000.0,24785602000.0,31981409000.0,27729927000.0,51141641000.0,34249071000.0,49809000.0
FROTO.IS:2023Q1,FROTO.IS,FROTO,2023Q1,2023-03-31,2023-05-15,data/fundamentals/FROTO_IS.parquet,XUSIN.IS,False,123175661000.0,10567314000.0,12893574000.0,8841456000.0,22062569000.0,22526550000.0,17965250000.0
FROTO.IS:2023Q2,FROTO.IS,FROTO,2023Q2,2023-06-30,2023-08-15,data/fundamentals/FROTO_IS.parquet,XUSIN.IS,False,253193541000.0,22194146000.0,26569943000.0,19397035000.0,27291462000.0,37197328000.0,24897171000.0
FROTO.IS:2023Q3,FROTO.IS,FROTO,2023Q3,2023-09-30,2023-11-15,data/fundamentals/FROTO_IS.parquet,XUSIN.IS,False,412873683000.0,45391765000.0,51980248000.0,41243011000.0,40506560000.0,56185139000.0,32919634000.0
FROTO.IS:2023Q4,FROTO.IS,FROTO,2023Q4,2023-12-31,2024-03-15,data/fundamentals/FROTO_IS.parquet,XUSIN.IS,False,594705176000.0,52908599000.0,61664754000.0,70826085000.0,105407564000.0,72268433000.0,25963832000.0
FROTO.IS:2024Q1,FROTO.IS,FROTO,2024Q1,2024-03-31,2024-05-15,data/fundamentals/FROTO_IS.parquet,XUSIN.IS,False,171508365000.0,11028586000.0,13939274000.0,12392116000.0,89914154000.0,14831179000.0,5565312000.0
FROTO.IS:2024Q2,FROTO.IS,FROTO,2024Q2,2024-06-30,2024-08-15,data/fundamentals/FROTO_IS.parquet,XUSIN.IS,False,326014159000.0,18330462000.0,24312232000.0,21206376000.0,87332846000.0,6325615000.0,-11531098000.0
FROTO.IS:2024Q3,FROTO.IS,FROTO,2024Q3,2024-09-30,2024-11-15,data/fundamentals/FROTO_IS.parquet,XUSIN.IS,False,539395947000.0,29130105000.0,39091258000.0,34210692000.0,101378034000.0,26329739000.0,-4416828000.0
FROTO.IS:2024Q4,FROTO.IS,FROTO,2024Q4,2024-12-31,2025-03-15,data/fundamentals/FROTO_IS.parquet,XUSIN.IS,False,778802992277.0,38162314227.0,52184081648.0,50869426586.0,150818706749.0,43990505903.0,1399355489.0
FROTO.IS:2025Q1,FROTO.IS,FROTO,2025Q1,2025-03-31,2025-05-15,data/fundamentals/FROTO_IS.parquet,XUSIN.IS,False,210563327000.0,8570023000.0,13158541000.0,8489338000.0,124846013000.0,38982424000.0,33933550000.0
FROTO.IS:2025Q2,FROTO.IS,FROTO,2025Q2,2025-06-30,2025-08-15,data/fundamentals/FROTO_IS.parquet,XUSIN.IS,False,482673106000.0,20604265000.0,30733657000.0,17157738000.0,140459002000.0,78692847000.0,66494948000.0
FROTO.IS:2025Q3,FROTO.IS,FROTO,2025Q3,2025-09-30,2025-11-15,data/fundamentals/FROTO_IS.parquet,XUSIN.IS,False,582360631000.0,24356516000.0,36739968000.0,22363602000.0,158771690000.0,71147718000.0,54936520000.0
FROTO.IS:2025Q4,FROTO.IS,FROTO,2025Q4,2025-12-31,2026-03-15,data/fundamentals/FROTO_IS.parquet,XUSIN.IS,False,978370271956.0,41097327256.0,61358136189.0,40021552986.0,183727578076.0,123764030731.0,95820482501.0
FROTO.IS:2026Q1,FROTO.IS,FROTO,2026Q1,2026-03-31,2026-05-15,data/fundamentals/FROTO_IS.parquet,XUSIN.IS,False,192442597000.0,4468480000.0,9593999000.0,5498818000.0,164435643000.0,18049584000.0,15955949000.0
FROTO.IS:2026Q2,FROTO.IS,FROTO,2026Q2,2026-06-30,2026-08-15,data/fundamentals/FROTO_IS.parquet,XUSIN.IS,False,427069180000.0,9763150000.0,20166850000.0,10336713000.0,179191213000.0,19219209000.0,12778002000.0
GARAN.IS:2018Q1,GARAN.IS,GARAN,2018Q1,2018-03-31,2018-05-15,data/fundamentals/GARAN_IS.parquet,XBANK.IS,True,6118741000.0,6118741000.0,,1996251000.0,42385007000.0,,
GARAN.IS:2018Q2,GARAN.IS,GARAN,2018Q2,2018-06-30,2018-08-15,data/fundamentals/GARAN_IS.parquet,XBANK.IS,True,12930489000.0,12930489000.0,,3903566000.0,44245881000.0,,
GARAN.IS:2018Q3,GARAN.IS,GARAN,2018Q3,2018-09-30,2018-11-15,data/fundamentals/GARAN_IS.parquet,XBANK.IS,True,21198363000.0,21198363000.0,,5576335000.0,46473281000.0,,
GARAN.IS:2018Q4,GARAN.IS,GARAN,2018Q4,2018-12-31,2019-03-15,data/fundamentals/GARAN_IS.parquet,XBANK.IS,True,29199811000.0,29199811000.0,,6638236000.0,46687853000.0,,
GARAN.IS:2019Q1,GARAN.IS,GARAN,2019Q1,2019-03-31,2019-05-15,data/fundamentals/GARAN_IS.parquet,XBANK.IS,True,8204825000.0,8204825000.0,,1721963000.0,48192317000.0,,
GARAN.IS:2019Q2,GARAN.IS,GARAN,2019Q2,2019-06-30,2019-08-15,data/fundamentals/GARAN_IS.parquet,XBANK.IS,True,16673466000.0,16673466000.0,,3632920000.0,50320972000.0,,
GARAN.IS:2019Q3,GARAN.IS,GARAN,2019Q3,2019-09-30,2019-11-15,data/fundamentals/GARAN_IS.parquet,XBANK.IS,True,24713223000.0,24713223000.0,,4936429000.0,51513096000.0,,
GARAN.IS:2019Q4,GARAN.IS,GARAN,2019Q4,2019-12-31,2020-03-15,data/fundamentals/GARAN_IS.parquet,XBANK.IS,True,32292575000.0,32292575000.0,,6158841000.0,53765666000.0,,
GARAN.IS:2020Q1,GARAN.IS,GARAN,2020Q1,2020-03-31,2020-05-15,data/fundamentals/GARAN_IS.parquet,XBANK.IS,True,7337179000.0,7337179000.0,,1631366000.0,54873658000.0,,
GARAN.IS:2020Q2,GARAN.IS,GARAN,2020Q2,2020-06-30,2020-08-15,data/fundamentals/GARAN_IS.parquet,XBANK.IS,True,14386198000.0,14386198000.0,,3231375000.0,58096746000.0,,
GARAN.IS:2020Q3,GARAN.IS,GARAN,2020Q3,2020-09-30,2020-11-15,data/fundamentals/GARAN_IS.parquet,XBANK.IS,True,21827092000.0,21827092000.0,,5127245000.0,60441454000.0,,
GARAN.IS:2020Q4,GARAN.IS,GARAN,2020Q4,2020-12-31,2021-03-15,data/fundamentals/GARAN_IS.parquet,XBANK.IS,True,29565695000.0,29565695000.0,,6238003000.0,62081723000.0,,
GARAN.IS:2021Q1,GARAN.IS,GARAN,2021Q1,2021-03-31,2021-05-15,data/fundamentals/GARAN_IS.parquet,XBANK.IS,True,8974984000.0,8974984000.0,,2681925000.0,63736857000.0,,
GARAN.IS:2021Q2,GARAN.IS,GARAN,2021Q2,2021-06-30,2021-08-15,data/fundamentals/GARAN_IS.parquet,XBANK.IS,True,19045946000.0,19045946000.0,,5736694000.0,67305060000.0,,
GARAN.IS:2021Q3,GARAN.IS,GARAN,2021Q3,2021-09-30,2021-11-15,data/fundamentals/GARAN_IS.parquet,XBANK.IS,True,30243361000.0,30243361000.0,,9541487000.0,70861444000.0,,
GARAN.IS:2021Q4,GARAN.IS,GARAN,2021Q4,2021-12-31,2022-03-15,data/fundamentals/GARAN_IS.parquet,XBANK.IS,True,43601675000.0,43601675000.0,,13601139000.0,79981259000.0,,
GARAN.IS:2022Q1,GARAN.IS,GARAN,2022Q1,2022-03-31,2022-05-15,data/fundamentals/GARAN_IS.parquet,XBANK.IS,True,14671526000.0,14671526000.0,,8209673000.0,96711129000.0,,
GARAN.IS:2022Q2,GARAN.IS,GARAN,2022Q2,2022-06-30,2022-08-15,data/fundamentals/GARAN_IS.parquet,XBANK.IS,True,33198866000.0,33198866000.0,,21095942000.0,111726947000.0,,
GARAN.IS:2022Q3,GARAN.IS,GARAN,2022Q3,2022-09-30,2022-11-15,data/fundamentals/GARAN_IS.parquet,XBANK.IS,True,56469624000.0,56469624000.0,,38606900000.0,131298288000.0,,
GARAN.IS:2022Q4,GARAN.IS,GARAN,2022Q4,2022-12-31,2023-03-15,data/fundamentals/GARAN_IS.parquet,XBANK.IS,True,80623230000.0,80623230000.0,,58509158000.0,152685493000.0,,
GARAN.IS:2023Q1,GARAN.IS,GARAN,2023Q1,2023-03-31,2023-05-15,data/fundamentals/GARAN_IS.parquet,XBANK.IS,True,24266848000.0,24266848000.0,,15735075000.0,173817258000.0,,
GARAN.IS:2023Q2,GARAN.IS,GARAN,2023Q2,2023-06-30,2023-08-15,data/fundamentals/GARAN_IS.parquet,XBANK.IS,True,54517501000.0,54517501000.0,,34204988000.0,187623550000.0,,
GARAN.IS:2023Q3,GARAN.IS,GARAN,2023Q3,2023-09-30,2023-11-15,data/fundamentals/GARAN_IS.parquet,XBANK.IS,True,93412076000.0,93412076000.0,,57577269000.0,214265132000.0,,
GARAN.IS:2023Q4,GARAN.IS,GARAN,2023Q4,2023-12-31,2024-03-15,data/fundamentals/GARAN_IS.parquet,XBANK.IS,True,150744667000.0,150744667000.0,,87331720000.0,244797041000.0,,
GARAN.IS:2024Q1,GARAN.IS,GARAN,2024Q1,2024-03-31,2024-05-15,data/fundamentals/GARAN_IS.parquet,XBANK.IS,True,71588183000.0,71588183000.0,,22316490000.0,255334649000.0,,
GARAN.IS:2024Q2,GARAN.IS,GARAN,2024Q2,2024-06-30,2024-08-15,data/fundamentals/GARAN_IS.parquet,XBANK.IS,True,159930036000.0,159930036000.0,,44838802000.0,279319084000.0,,
GARAN.IS:2024Q3,GARAN.IS,GARAN,2024Q3,2024-09-30,2024-11-15,data/fundamentals/GARAN_IS.parquet,XBANK.IS,True,259715252000.0,259715252000.0,,66933770000.0,302647610000.0,,
GARAN.IS:2024Q4,GARAN.IS,GARAN,2024Q4,2024-12-31,2025-03-15,data/fundamentals/GARAN_IS.parquet,XBANK.IS,True,368731685000.0,368731685000.0,,92174994000.0,329926317000.0,,
GARAN.IS:2025Q1,GARAN.IS,GARAN,2025Q1,2025-03-31,2025-05-15,data/fundamentals/GARAN_IS.parquet,XBANK.IS,True,115817363000.0,115817363000.0,,25284346000.0,339526876000.0,,
GARAN.IS:2025Q2,GARAN.IS,GARAN,2025Q2,2025-06-30,2025-08-15,data/fundamentals/GARAN_IS.parquet,XBANK.IS,True,242693000000.0,242693000000.0,,53610000000.0,377603837000.0,,
GARAN.IS:2025Q3,GARAN.IS,GARAN,2025Q3,2025-09-30,2025-11-15,data/fundamentals/GARAN_IS.parquet,XBANK.IS,True,379199869000.0,379199869000.0,,84042047000.0,410433117000.0,,
GARAN.IS:2025Q4,GARAN.IS,GARAN,2025Q4,2025-12-31,2026-03-15,data/fundamentals/GARAN_IS.parquet,XBANK.IS,True,522377933000.0,522377933000.0,,110604633000.0,444369537000.0,,
GARAN.IS:2026Q1,GARAN.IS,GARAN,2026Q1,2026-03-31,2026-05-15,data/fundamentals/GARAN_IS.parquet,XBANK.IS,True,149540449000.0,149540449000.0,,33316462000.0,451315838000.0,,
GARAN.IS:2026Q2,GARAN.IS,GARAN,2026Q2,2026-06-30,2026-08-15,data/fundamentals/GARAN_IS.parquet,XBANK.IS,True,315191000000.0,315191000000.0,,63704000000.0,487168000000.0,,
GENTS.IS:2018Q1,GENTS.IS,GENTS,2018Q1,2018-03-31,2018-05-15,data/fundamentals/GENTS_IS.parquet,XUSIN.IS,False,105228063.0,18726770.0,20876119.0,19224039.0,250740989.0,5734224.0,2997027.0
GENTS.IS:2018Q2,GENTS.IS,GENTS,2018Q2,2018-06-30,2018-08-15,data/fundamentals/GENTS_IS.parquet,XUSIN.IS,False,221732316.0,44381877.0,48436536.0,35153103.0,260037114.0,10511119.0,3952809.0
GENTS.IS:2018Q3,GENTS.IS,GENTS,2018Q3,2018-09-30,2018-11-15,data/fundamentals/GENTS_IS.parquet,XUSIN.IS,False,338900627.0,64145451.0,70283303.0,45346763.0,270473091.0,8661112.0,-3161984.0
GENTS.IS:2018Q4,GENTS.IS,GENTS,2018Q4,2018-12-31,2019-03-15,data/fundamentals/GENTS_IS.parquet,XUSIN.IS,False,425026119.0,62917040.0,71519517.0,48253618.0,271307572.0,39269762.0,26006039.0
GENTS.IS:2019Q1,GENTS.IS,GENTS,2019Q1,2019-03-31,2019-05-15,data/fundamentals/GENTS_IS.parquet,XUSIN.IS,False,84408846.0,-1223165.0,1282914.0,-1049589.0,270047416.0,16908620.0,18574529.0
GENTS.IS:2019Q2,GENTS.IS,GENTS,2019Q2,2019-06-30,2019-08-15,data/fundamentals/GENTS_IS.parquet,XUSIN.IS,False,193093969.0,10532822.0,15774653.0,8030916.0,268496362.0,31478699.0,32727242.0
GENTS.IS:2019Q3,GENTS.IS,GENTS,2019Q3,2019-09-30,2019-11-15,data/fundamentals/GENTS_IS.parquet,XUSIN.IS,False,302516272.0,19100327.0,26938968.0,14355616.0,273296240.0,48057188.0,45666611.0
GENTS.IS:2019Q4,GENTS.IS,GENTS,2019Q4,2019-12-31,2020-03-15,data/fundamentals/GENTS_IS.parquet,XUSIN.IS,False,395668950.0,20550302.0,30596043.0,11423007.0,281567881.0,44879428.0,39462542.0
GENTS.IS:2020Q1,GENTS.IS,GENTS,2020Q1,2020-03-31,2020-05-15,data/fundamentals/GENTS_IS.parquet,XUSIN.IS,False,96864317.0,8674282.0,11696609.0,9898666.0,291408745.0,9728982.0,1686064.0
GENTS.IS:2020Q2,GENTS.IS,GENTS,2020Q2,2020-06-30,2020-08-15,data/fundamentals/GENTS_IS.parquet,XUSIN.IS,False,190624878.0,17523082.0,23674825.0,17526927.0,298787650.0,18201753.0,7494536.0
GENTS.IS:2020Q3,GENTS.IS,GENTS,2020Q3,2020-09-30,2020-11-15,data/fundamentals/GENTS_IS.parquet,XUSIN.IS,False,326296518.0,52155610.0,61477269.0,49727088.0,330681623.0,32027695.0,20934043.0
GENTS.IS:2020Q4,GENTS.IS,GENTS,2020Q4,2020-12-31,2021-03-15,data/fundamentals/GENTS_IS.parquet,XUSIN.IS,False,481570942.0,89719811.0,103198370.0,81305421.0,365159610.0,22273658.0,12687379.0
GENTS.IS:2021Q1,GENTS.IS,GENTS,2021Q1,2021-03-31,2021-05-15,data/fundamentals/GENTS_IS.parquet,XUSIN.IS,False,143639447.0,11362274.0,15126695.0,15940052.0,381505791.0,15176635.0,14656687.0
GENTS.IS:2021Q2,GENTS.IS,GENTS,2021Q2,2021-06-30,2021-08-15,data/fundamentals/GENTS_IS.parquet,XUSIN.IS,False,315480099.0,30682992.0,37667775.0,38176840.0,388135276.0,17892847.0,10877005.0
GENTS.IS:2021Q3,GENTS.IS,GENTS,2021Q3,2021-09-30,2021-11-15,data/fundamentals/GENTS_IS.parquet,XUSIN.IS,False,519054438.0,51079613.0,60762346.0,62445871.0,412426549.0,49445251.0,33281299.0
GENTS.IS:2021Q4,GENTS.IS,GENTS,2021Q4,2021-12-31,2022-03-15,data/fundamentals/GENTS_IS.parquet,XUSIN.IS,False,788037619.0,84367691.0,98385045.0,133104065.0,483548131.0,95180411.0,56914949.0
GENTS.IS:2022Q1,GENTS.IS,GENTS,2022Q1,2022-03-31,2022-05-15,data/fundamentals/GENTS_IS.parquet,XUSIN.IS,False,310137321.0,51107838.0,55378286.0,45505696.0,527171415.0,14142398.0,-903869.0
GENTS.IS:2022Q2,GENTS.IS,GENTS,2022Q2,2022-06-30,2022-08-15,data/fundamentals/GENTS_IS.parquet,XUSIN.IS,False,718329701.0,98263160.0,104948948.0,86845522.0,537102355.0,12268095.0,-33493906.0
GENTS.IS:2022Q3,GENTS.IS,GENTS,2022Q3,2022-09-30,2022-11-15,data/fundamentals/GENTS_IS.parquet,XUSIN.IS,False,1119188278.0,129526198.0,140448136.0,140076097.0,592338216.0,14916500.0,-6291231.0
GENTS.IS:2022Q4,GENTS.IS,GENTS,2022Q4,2022-12-31,2023-03-15,data/fundamentals/GENTS_IS.parquet,XUSIN.IS,False,3042682761.0,149178650.0,223260057.0,-66016265.0,1592147674.0,-154016431.0,-309762777.0
GENTS.IS:2023Q1,GENTS.IS,GENTS,2023Q1,2023-03-31,2023-05-15,data/fundamentals/GENTS_IS.parquet,XUSIN.IS,False,796404772.0,5131087.0,33491974.0,-48244402.0,702524865.0,33890899.0,54824421.0
GENTS.IS:2023Q2,GENTS.IS,GENTS,2023Q2,2023-06-30,2023-08-15,data/fundamentals/GENTS_IS.parquet,XUSIN.IS,False,1900406820.0,275292343.0,308509462.0,41116355.0,818868495.0,59508863.0,74807849.0
GENTS.IS:2023Q3,GENTS.IS,GENTS,2023Q3,2023-09-30,2023-11-15,data/fundamentals/GENTS_IS.parquet,XUSIN.IS,False,3118893633.0,561497885.0,628675445.0,122575070.0,985566123.0,106412109.0,86396833.0
GENTS.IS:2023Q4,GENTS.IS,GENTS,2023Q4,2023-12-31,2024-03-15,data/fundamentals/GENTS_IS.parquet,XUSIN.IS,False,4334199115.0,716395025.0,820612172.0,164583936.0,2532010715.0,203463721.0,161084245.0
GENTS.IS:2024Q1,GENTS.IS,GENTS,2024Q1,2024-03-31,2024-05-15,data/fundamentals/GENTS_IS.parquet,XUSIN.IS,False,1048713728.0,137385529.0,170068570.0,6459950.0,2030476995.0,110546084.0,16899347.0
GENTS.IS:2024Q2,GENTS.IS,GENTS,2024Q2,2024-06-30,2024-08-15,data/fundamentals/GENTS_IS.parquet,XUSIN.IS,False,2172063193.0,289764670.0,355143764.0,198231715.0,2280902863.0,214863356.0,7160899.0
GENTS.IS:2024Q3,GENTS.IS,GENTS,2024Q3,2024-09-30,2024-11-15,data/fundamentals/GENTS_IS.parquet,XUSIN.IS,False,3688901034.0,376572523.0,480561533.0,217371931.0,2515076999.0,386382369.0,56690942.0
GENTS.IS:2024Q4,GENTS.IS,GENTS,2024Q4,2024-12-31,2025-03-15,data/fundamentals/GENTS_IS.parquet,XUSIN.IS,False,5118253295.0,443963031.0,582063651.0,137408977.0,3380032508.0,565332536.0,113596659.0
GENTS.IS:2025Q1,GENTS.IS,GENTS,2025Q1,2025-03-31,2025-05-15,data/fundamentals/GENTS_IS.parquet,XUSIN.IS,False,1209198677.0,165977350.0,221116064.0,1596190.0,2862051046.0,67404447.0,28037067.0
GENTS.IS:2025Q2,GENTS.IS,GENTS,2025Q2,2025-06-30,2025-08-15,data/fundamentals/GENTS_IS.parquet,XUSIN.IS,False,2736875525.0,212803762.0,317742061.0,29696831.0,2974270034.0,98536267.0,114415792.0
GENTS.IS:2025Q3,GENTS.IS,GENTS,2025Q3,2025-09-30,2025-11-15,data/fundamentals/GENTS_IS.parquet,XUSIN.IS,False,3456048307.0,514809274.0,644672745.0,50829169.0,3231026303.0,288944130.0,131991514.0
GENTS.IS:2025Q4,GENTS.IS,GENTS,2025Q4,2025-12-31,2026-03-15,data/fundamentals/GENTS_IS.parquet,XUSIN.IS,False,5979707557.0,714091506.0,923072558.0,269600123.0,4200983134.0,503743211.0,203168808.0
GENTS.IS:2026Q1,GENTS.IS,GENTS,2026Q1,2026-03-31,2026-05-15,data/fundamentals/GENTS_IS.parquet,XUSIN.IS,False,1229113661.0,71052418.0,122237596.0,274798301.0,4217287631.0,-24998833.0,-106689856.0
GENTS.IS:2026Q2,GENTS.IS,GENTS,2026Q2,2026-06-30,2026-08-15,data/fundamentals/GENTS_IS.parquet,XUSIN.IS,False,2637957431.0,174913388.0,284125389.0,189261154.0,4300807895.0,-52951757.0,231974.0
GESAN.IS:2018Q4,GESAN.IS,GESAN,2018Q4,2018-12-31,2019-03-15,data/fundamentals/GESAN_IS.parquet,XUSIN.IS,False,361910770.0,68646807.0,79858461.0,-6505816.0,89732213.0,-20685557.0,-171424417.0
GESAN.IS:2019Q4,GESAN.IS,GESAN,2019Q4,2019-12-31,2020-03-15,data/fundamentals/GESAN_IS.parquet,XUSIN.IS,False,491688536.0,40216330.0,53446945.0,23475898.0,151593945.0,44075888.0,38687791.0
GESAN.IS:2020Q1,GESAN.IS,GESAN,2020Q1,2020-03-31,2020-05-15,data/fundamentals/GESAN_IS.parquet,XUSIN.IS,False,257305706.0,74094353.0,75446584.0,54573608.0,0.0,114821457.0,112851509.0
GESAN.IS:2020Q2,GESAN.IS,GESAN,2020Q2,2020-06-30,2020-08-15,data/fundamentals/GESAN_IS.parquet,XUSIN.IS,False,440577771.0,126581019.0,128868561.0,87565095.0,0.0,121892381.0,109861252.0
GESAN.IS:2020Q3,GESAN.IS,GESAN,2020Q3,2020-09-30,2020-11-15,data/fundamentals/GESAN_IS.parquet,XUSIN.IS,False,625587317.0,184867182.0,189070765.0,107142518.0,0.0,46427387.0,27839155.0
GESAN.IS:2020Q4,GESAN.IS,GESAN,2020Q4,2020-12-31,2021-03-15,data/fundamentals/GESAN_IS.parquet,XUSIN.IS,False,880230625.0,321587734.0,328069379.0,217699817.0,340886461.0,75345497.0,47338327.0
GESAN.IS:2021Q1,GESAN.IS,GESAN,2021Q1,2021-03-31,2021-05-15,data/fundamentals/GESAN_IS.parquet,XUSIN.IS,False,82202846.0,16208354.0,19943190.0,4110178.0,347891745.0,5055270.0,-2717656.0
GESAN.IS:2021Q2,GESAN.IS,GESAN,2021Q2,2021-06-30,2021-08-15,data/fundamentals/GESAN_IS.parquet,XUSIN.IS,False,152786825.0,19337986.0,25511316.0,7847799.0,350751449.0,-3816499.0,-18813680.0
GESAN.IS:2021Q3,GESAN.IS,GESAN,2021Q3,2021-09-30,2021-11-15,data/fundamentals/GESAN_IS.parquet,XUSIN.IS,False,302068631.0,49633470.0,59674204.0,21250562.0,618505465.0,-173078053.0,-260478374.0
GESAN.IS:2021Q4,GESAN.IS,GESAN,2021Q4,2021-12-31,2022-03-15,data/fundamentals/GESAN_IS.parquet,XUSIN.IS,False,1231647000.0,368386000.0,382854000.0,253419000.0,994094000.0,-49559000.0,-190971000.0
GESAN.IS:2022Q1,GESAN.IS,GESAN,2022Q1,2022-03-31,2022-05-15,data/fundamentals/GESAN_IS.parquet,XUSIN.IS,False,740379000.0,177177000.0,182349862.0,87209000.0,1081337325.0,-118707414.0,-135587204.0
GESAN.IS:2022Q2,GESAN.IS,GESAN,2022Q2,2022-06-30,2022-08-15,data/fundamentals/GESAN_IS.parquet,XUSIN.IS,False,1496391000.0,385769000.0,398104000.0,249031000.0,1244367014.0,-57629000.0,-90369000.0
GESAN.IS:2022Q3,GESAN.IS,GESAN,2022Q3,2022-09-30,2022-11-15,data/fundamentals/GESAN_IS.parquet,XUSIN.IS,False,2517760000.0,597534000.0,617414000.0,369533000.0,1362713332.0,-64445000.0,-158032000.0
GESAN.IS:2022Q4,GESAN.IS,GESAN,2022Q4,2022-12-31,2023-03-15,data/fundamentals/GESAN_IS.parquet,XUSIN.IS,False,7515157000.0,1567544000.0,1670377000.0,805087000.0,4317003000.0,296819000.0,-31516000.0
GESAN.IS:2023Q1,GESAN.IS,GESAN,2023Q1,2023-03-31,2023-05-15,data/fundamentals/GESAN_IS.parquet,XUSIN.IS,False,1248420000.0,781538000.0,821744000.0,292867000.0,2777837000.0,-93514000.0,-292415000.0
GESAN.IS:2023Q2,GESAN.IS,GESAN,2023Q2,2023-06-30,2023-08-15,data/fundamentals/GESAN_IS.parquet,XUSIN.IS,False,4094136000.0,1306628000.0,1399418000.0,1183957000.0,5166100000.0,-2727507000.0,-2971960000.0
GESAN.IS:2023Q3,GESAN.IS,GESAN,2023Q3,2023-09-30,2023-11-15,data/fundamentals/GESAN_IS.parquet,XUSIN.IS,False,8829634000.0,2297435000.0,2484985000.0,1188943000.0,5750976000.0,-2619370000.0,-3477676000.0
GESAN.IS:2023Q4,GESAN.IS,GESAN,2023Q4,2023-12-31,2024-03-15,data/fundamentals/GESAN_IS.parquet,XUSIN.IS,False,15088558000.0,4716285000.0,5008100000.0,1550406000.0,12329710000.0,-2729112000.0,-3494476000.0
GESAN.IS:2024Q1,GESAN.IS,GESAN,2024Q1,2024-03-31,2024-05-15,data/fundamentals/GESAN_IS.parquet,XUSIN.IS,False,3662631000.0,824202000.0,894297000.0,90968000.0,9890816000.0,-169377000.0,-261930000.0
GESAN.IS:2024Q2,GESAN.IS,GESAN,2024Q2,2024-06-30,2024-08-15,data/fundamentals/GESAN_IS.parquet,XUSIN.IS,False,6703372000.0,1226383000.0,1377404000.0,796750000.0,11295327000.0,106480000.0,-269833000.0
GESAN.IS:2024Q3,GESAN.IS,GESAN,2024Q3,2024-09-30,2024-11-15,data/fundamentals/GESAN_IS.parquet,XUSIN.IS,False,12843390000.0,2467442000.0,2722524000.0,1484666000.0,12826137000.0,1250091000.0,508242000.0
GESAN.IS:2024Q4,GESAN.IS,GESAN,2024Q4,2024-12-31,2025-03-15,data/fundamentals/GESAN_IS.parquet,XUSIN.IS,False,19878865359.0,3934910057.0,4317813313.0,1991026774.0,17832202801.0,-586853138.0,-1299364221.0
GESAN.IS:2025Q1,GESAN.IS,GESAN,2025Q1,2025-03-31,2025-05-15,data/fundamentals/GESAN_IS.parquet,XUSIN.IS,False,5187539000.0,1023047000.0,1156169000.0,608458000.0,15473027000.0,-65643000.0,-80238000.0
GESAN.IS:2025Q2,GESAN.IS,GESAN,2025Q2,2025-06-30,2025-08-15,data/fundamentals/GESAN_IS.parquet,XUSIN.IS,False,9581602000.0,1496209000.0,1786092000.0,742414000.0,16467308000.0,-986934000.0,-739234000.0
GESAN.IS:2025Q3,GESAN.IS,GESAN,2025Q3,2025-09-30,2025-11-15,data/fundamentals/GESAN_IS.parquet,XUSIN.IS,False,14164106000.0,2380782000.0,2739965000.0,1094286000.0,18237661000.0,-628618000.0,-900725000.0
GESAN.IS:2025Q4,GESAN.IS,GESAN,2025Q4,2025-12-31,2026-03-15,data/fundamentals/GESAN_IS.parquet,XUSIN.IS,False,24254958422.0,3816653323.0,4415910874.0,1305863725.0,22217009124.0,-861100577.0,-2217810055.0
GESAN.IS:2026Q1,GESAN.IS,GESAN,2026Q1,2026-03-31,2026-05-15,data/fundamentals/GESAN_IS.parquet,XUSIN.IS,False,6823383000.0,2189614000.0,2343720000.0,167767000.0,21052963000.0,-973230000.0,-550926000.0
GESAN.IS:2026Q2,GESAN.IS,GESAN,2026Q2,2026-06-30,2026-08-15,data/fundamentals/GESAN_IS.parquet,XUSIN.IS,False,9056565000.0,2086922000.0,2422214000.0,1144843000.0,23442462000.0,-1067994000.0,-1380592000.0
GOKNR.IS:2019Q4,GOKNR.IS,GOKNR,2019Q4,2019-12-31,2020-03-15,data/fundamentals/GOKNR_IS.parquet,XUSIN.IS,False,692976872.0,34304875.0,50707225.0,1463483.0,247516235.0,-93796604.0,-120169658.0
GOKNR.IS:2020Q4,GOKNR.IS,GOKNR,2020Q4,2020-12-31,2021-03-15,data/fundamentals/GOKNR_IS.parquet,XUSIN.IS,False,1171529887.0,237144097.0,254214361.0,68095940.0,292841300.0,161573692.0,126074997.0
GOKNR.IS:2021Q3,GOKNR.IS,GOKNR,2021Q3,2021-09-30,2021-11-15,data/fundamentals/GOKNR_IS.parquet,XUSIN.IS,False,1232789992.0,162812583.0,180002201.0,128785323.0,0.0,-3731948.0,-95064888.0
GOKNR.IS:2021Q4,GOKNR.IS,GOKNR,2021Q4,2021-12-31,2022-03-15,data/fundamentals/GOKNR_IS.parquet,XUSIN.IS,False,1982470615.0,323585974.0,351246555.0,126474940.0,817815656.0,-11575148.0,-117823154.0
GOKNR.IS:2022Q1,GOKNR.IS,GOKNR,2022Q1,2022-03-31,2022-05-15,data/fundamentals/GOKNR_IS.parquet,XUSIN.IS,False,1184187980.0,247927042.0,257573434.0,183042613.0,0.0,-313330806.0,-317348610.0
GOKNR.IS:2022Q2,GOKNR.IS,GOKNR,2022Q2,2022-06-30,2022-08-15,data/fundamentals/GOKNR_IS.parquet,XUSIN.IS,False,2175896637.0,346713597.0,369180973.0,260634524.0,0.0,108754292.0,67415698.0
GOKNR.IS:2022Q3,GOKNR.IS,GOKNR,2022Q3,2022-09-30,2022-11-15,data/fundamentals/GOKNR_IS.parquet,XUSIN.IS,False,3106232188.0,406236238.0,440712617.0,302154869.0,1120302438.0,57925182.0,-23251601.0
GOKNR.IS:2022Q4,GOKNR.IS,GOKNR,2022Q4,2022-12-31,2023-03-15,data/fundamentals/GOKNR_IS.parquet,XUSIN.IS,False,8899802108.0,888155128.0,1102961331.0,-124311433.0,2943986861.0,2157090690.0,2030939929.0
GOKNR.IS:2023Q1,GOKNR.IS,GOKNR,2023Q1,2023-03-31,2023-05-15,data/fundamentals/GOKNR_IS.parquet,XUSIN.IS,False,3469083725.0,324193661.0,387643152.0,-296224909.0,1880609691.0,614887979.0,578643791.0
GOKNR.IS:2023Q2,GOKNR.IS,GOKNR,2023Q2,2023-06-30,2023-08-15,data/fundamentals/GOKNR_IS.parquet,XUSIN.IS,False,6253474757.0,629311127.0,791843854.0,537766057.0,2368874332.0,539962313.0,510076024.0
GOKNR.IS:2023Q3,GOKNR.IS,GOKNR,2023Q3,2023-09-30,2023-11-15,data/fundamentals/GOKNR_IS.parquet,XUSIN.IS,False,7531859700.0,1167537564.0,1393677592.0,594718946.0,2653744836.0,1189996886.0,1081829950.0
GOKNR.IS:2023Q4,GOKNR.IS,GOKNR,2023Q4,2023-12-31,2024-03-15,data/fundamentals/GOKNR_IS.parquet,XUSIN.IS,False,11109350916.0,1252479463.0,1568749232.0,393391593.0,6107264667.0,2389586588.0,2180210739.0
GOKNR.IS:2024Q1,GOKNR.IS,GOKNR,2024Q1,2024-03-31,2024-05-15,data/fundamentals/GOKNR_IS.parquet,XUSIN.IS,False,3555488680.0,670813244.0,783777764.0,343463730.0,5115247338.0,280963363.0,215544088.0
GOKNR.IS:2024Q2,GOKNR.IS,GOKNR,2024Q2,2024-06-30,2024-08-15,data/fundamentals/GOKNR_IS.parquet,XUSIN.IS,False,7080672619.0,1109360076.0,1320351771.0,870803304.0,5922087904.0,1326905895.0,878343070.0
GOKNR.IS:2024Q3,GOKNR.IS,GOKNR,2024Q3,2024-09-30,2024-11-15,data/fundamentals/GOKNR_IS.parquet,XUSIN.IS,False,11235272774.0,1634560501.0,1958856729.0,1100987233.0,6573872308.0,1524768517.0,892196046.0
GOKNR.IS:2024Q4,GOKNR.IS,GOKNR,2024Q4,2024-12-31,2025-03-15,data/fundamentals/GOKNR_IS.parquet,XUSIN.IS,False,16545514892.0,2287217433.0,2694515405.0,1552677188.0,9425985500.0,1198688943.0,230066128.0
GOKNR.IS:2025Q1,GOKNR.IS,GOKNR,2025Q1,2025-03-31,2025-05-15,data/fundamentals/GOKNR_IS.parquet,XUSIN.IS,False,4048271731.0,946870650.0,1057920133.0,321369434.0,8172032762.0,-365617772.0,158886897.0
GOKNR.IS:2025Q2,GOKNR.IS,GOKNR,2025Q2,2025-06-30,2025-08-15,data/fundamentals/GOKNR_IS.parquet,XUSIN.IS,False,6974854634.0,927559891.0,1112335500.0,531147958.0,8932490498.0,783534972.0,-197734020.0
GOKNR.IS:2025Q3,GOKNR.IS,GOKNR,2025Q3,2025-09-30,2025-11-15,data/fundamentals/GOKNR_IS.parquet,XUSIN.IS,False,10812830864.0,1202085620.0,1482215535.0,649047908.0,9677741096.0,1279636986.0,1617823633.0
GOKNR.IS:2025Q4,GOKNR.IS,GOKNR,2025Q4,2025-12-31,2026-03-15,data/fundamentals/GOKNR_IS.parquet,XUSIN.IS,False,16649601609.0,1331332967.0,1792822470.0,515411402.0,10713921141.0,2248495163.0,2502736110.0
GOKNR.IS:2026Q1,GOKNR.IS,GOKNR,2026Q1,2026-03-31,2026-05-15,data/fundamentals/GOKNR_IS.parquet,XUSIN.IS,False,3942616929.0,730672689.0,832537542.0,260197818.0,10885581433.0,-277328141.0,-176899681.0
GUBRF.IS:2018Q1,GUBRF.IS,GUBRF,2018Q1,2018-03-31,2018-05-15,data/fundamentals/GUBRF_IS.parquet,XUSIN.IS,False,1257606490.0,131474464.0,149452376.0,15132482.0,1266586827.0,250383686.0,202401064.0
GUBRF.IS:2018Q2,GUBRF.IS,GUBRF,2018Q2,2018-06-30,2018-08-15,data/fundamentals/GUBRF_IS.parquet,XUSIN.IS,False,2269852199.0,223811642.0,259757253.0,36421970.0,1347235055.0,270520790.0,301417414.0
GUBRF.IS:2018Q3,GUBRF.IS,GUBRF,2018Q3,2018-09-30,2018-11-15,data/fundamentals/GUBRF_IS.parquet,XUSIN.IS,False,3213707790.0,443583165.0,497512915.0,-10132991.0,1135597306.0,330773056.0,298680651.0
GUBRF.IS:2018Q4,GUBRF.IS,GUBRF,2018Q4,2018-12-31,2019-03-15,data/fundamentals/GUBRF_IS.parquet,XUSIN.IS,False,4559086668.0,777044478.0,847197436.0,135659667.0,1237556446.0,-355025967.0,-456632790.0
GUBRF.IS:2019Q1,GUBRF.IS,GUBRF,2019Q1,2019-03-31,2019-05-15,data/fundamentals/GUBRF_IS.parquet,XUSIN.IS,False,1460342074.0,133084812.0,156036114.0,1610261.0,1143109762.0,350334077.0,304977492.0
GUBRF.IS:2019Q2,GUBRF.IS,GUBRF,2019Q2,2019-06-30,2019-08-15,data/fundamentals/GUBRF_IS.parquet,XUSIN.IS,False,2567176790.0,220571780.0,261843135.0,2666426.0,945860710.0,633195200.0,547298391.0
GUBRF.IS:2019Q3,GUBRF.IS,GUBRF,2019Q3,2019-09-30,2019-11-15,data/fundamentals/GUBRF_IS.parquet,XUSIN.IS,False,3388266544.0,343193214.0,405778855.0,1475956.0,952555848.0,366432242.0,245379115.0
GUBRF.IS:2019Q4,GUBRF.IS,GUBRF,2019Q4,2019-12-31,2020-03-15,data/fundamentals/GUBRF_IS.parquet,XUSIN.IS,False,4344496369.0,311154765.0,405698299.0,-98641006.0,840908821.0,129980322.0,-26118621.0
GUBRF.IS:2020Q1,GUBRF.IS,GUBRF,2020Q1,2020-03-31,2020-05-15,data/fundamentals/GUBRF_IS.parquet,XUSIN.IS,False,1732035641.0,157997788.0,175635106.0,126576176.0,797230628.0,475639043.0,443136185.0
GUBRF.IS:2020Q2,GUBRF.IS,GUBRF,2020Q2,2020-06-30,2020-08-15,data/fundamentals/GUBRF_IS.parquet,XUSIN.IS,False,2683735693.0,250969004.0,284062501.0,220674480.0,816547561.0,736810572.0,676791258.0
GUBRF.IS:2020Q3,GUBRF.IS,GUBRF,2020Q3,2020-09-30,2020-11-15,data/fundamentals/GUBRF_IS.parquet,XUSIN.IS,False,3851071077.0,492385952.0,538776612.0,290381061.0,801017897.0,748839768.0,737523255.0
GUBRF.IS:2020Q4,GUBRF.IS,GUBRF,2020Q4,2020-12-31,2021-03-15,data/fundamentals/GUBRF_IS.parquet,XUSIN.IS,False,5413712258.0,657058976.0,783398344.0,416068128.0,1762254885.0,680087098.0,633946626.0
GUBRF.IS:2021Q1,GUBRF.IS,GUBRF,2021Q1,2021-03-31,2021-05-15,data/fundamentals/GUBRF_IS.parquet,XUSIN.IS,False,2344638252.0,346219154.0,380783999.0,94661179.0,2145470945.0,486004774.0,379618244.0
GUBRF.IS:2021Q2,GUBRF.IS,GUBRF,2021Q2,2021-06-30,2021-08-15,data/fundamentals/GUBRF_IS.parquet,XUSIN.IS,False,3849705906.0,616519212.0,691477402.0,215320986.0,2736168158.0,547091453.0,394464715.0
GUBRF.IS:2021Q3,GUBRF.IS,GUBRF,2021Q3,2021-09-30,2021-11-15,data/fundamentals/GUBRF_IS.parquet,XUSIN.IS,False,6216824037.0,904731402.0,1026225852.0,289679265.0,2931181795.0,-90896244.0,-276147734.0
GUBRF.IS:2021Q4,GUBRF.IS,GUBRF,2021Q4,2021-12-31,2022-03-15,data/fundamentals/GUBRF_IS.parquet,XUSIN.IS,False,10764791265.0,1990384158.0,2191988322.0,469789398.0,4028258379.0,-514236215.0,-955779612.0
GUBRF.IS:2022Q1,GUBRF.IS,GUBRF,2022Q1,2022-03-31,2022-05-15,data/fundamentals/GUBRF_IS.parquet,XUSIN.IS,False,7923039262.0,1240238108.0,1336386344.0,690342563.0,5234888516.0,1130746539.0,931844536.0
GUBRF.IS:2022Q2,GUBRF.IS,GUBRF,2022Q2,2022-06-30,2022-08-15,data/fundamentals/GUBRF_IS.parquet,XUSIN.IS,False,13405645540.0,1923958138.0,2122607590.0,815804909.0,6309893795.0,-1154794148.0,-1833178511.0
GUBRF.IS:2022Q3,GUBRF.IS,GUBRF,2022Q3,2022-09-30,2022-11-15,data/fundamentals/GUBRF_IS.parquet,XUSIN.IS,False,19898030743.0,2739194973.0,3135750571.0,1419175709.0,7319572111.0,63912386.0,-1245407504.0
GUBRF.IS:2022Q4,GUBRF.IS,GUBRF,2022Q4,2022-12-31,2023-03-15,data/fundamentals/GUBRF_IS.parquet,XUSIN.IS,False,48304277005.0,4678276186.0,5581154690.0,316936251.0,14207202068.0,-746235198.0,-3968187848.0
GUBRF.IS:2023Q1,GUBRF.IS,GUBRF,2023Q1,2023-03-31,2023-05-15,data/fundamentals/GUBRF_IS.parquet,XUSIN.IS,False,13119965546.0,342794172.0,675403766.0,-210436691.0,7032787766.0,2724679385.0,1495410419.0
GUBRF.IS:2023Q2,GUBRF.IS,GUBRF,2023Q2,2023-06-30,2023-08-15,data/fundamentals/GUBRF_IS.parquet,XUSIN.IS,False,21762838574.0,-1147019644.0,-570674160.0,-2270750371.0,8144151580.0,3261447309.0,2541676846.0
GUBRF.IS:2023Q3,GUBRF.IS,GUBRF,2023Q3,2023-09-30,2023-11-15,data/fundamentals/GUBRF_IS.parquet,XUSIN.IS,False,35820940789.0,-8729910.0,778055333.0,-2742648356.0,9241371452.0,6563409083.0,4943801662.0
GUBRF.IS:2023Q4,GUBRF.IS,GUBRF,2023Q4,2023-12-31,2024-03-15,data/fundamentals/GUBRF_IS.parquet,XUSIN.IS,False,50841814148.0,1524709858.0,2663561532.0,-1136075607.0,24024563017.0,1845179199.0,-803024787.0
GUBRF.IS:2024Q1,GUBRF.IS,GUBRF,2024Q1,2024-03-31,2024-05-15,data/fundamentals/GUBRF_IS.parquet,XUSIN.IS,False,15369350335.0,110565184.0,462355835.0,-2172486805.0,18197755053.0,1561993449.0,1820151383.0
GUBRF.IS:2024Q2,GUBRF.IS,GUBRF,2024Q2,2024-06-30,2024-08-15,data/fundamentals/GUBRF_IS.parquet,XUSIN.IS,False,18210096782.0,868399339.0,1570058212.0,-3428948572.0,19466221224.0,3303640566.0,2302888269.0
GUBRF.IS:2024Q3,GUBRF.IS,GUBRF,2024Q3,2024-09-30,2024-11-15,data/fundamentals/GUBRF_IS.parquet,XUSIN.IS,False,28607808886.0,2114440133.0,3306236236.0,-2866955645.0,21412108771.0,4052002202.0,2023037760.0
GUBRF.IS:2024Q4,GUBRF.IS,GUBRF,2024Q4,2024-12-31,2025-03-15,data/fundamentals/GUBRF_IS.parquet,XUSIN.IS,False,63405655871.0,3195273059.0,5072290715.0,602804815.0,30501784339.0,7976518378.0,5255347508.0
GUBRF.IS:2025Q1,GUBRF.IS,GUBRF,2025Q1,2025-03-31,2025-05-15,data/fundamentals/GUBRF_IS.parquet,XUSIN.IS,False,18161040515.0,2880293463.0,3288810408.0,673686950.0,26725661957.0,966069395.0,1550519916.0
GUBRF.IS:2025Q2,GUBRF.IS,GUBRF,2025Q2,2025-06-30,2025-08-15,data/fundamentals/GUBRF_IS.parquet,XUSIN.IS,False,23560371441.0,4546461421.0,5250431635.0,1804265173.0,29360077897.0,3024057091.0,3235281250.0
GUBRF.IS:2025Q3,GUBRF.IS,GUBRF,2025Q3,2025-09-30,2025-11-15,data/fundamentals/GUBRF_IS.parquet,XUSIN.IS,False,36829623771.0,6926162347.0,8070124983.0,3831461768.0,33761159625.0,6654995191.0,4369185242.0
GUBRF.IS:2025Q4,GUBRF.IS,GUBRF,2025Q4,2025-12-31,2026-03-15,data/fundamentals/GUBRF_IS.parquet,XUSIN.IS,False,57766861995.0,10377671877.0,12168004127.0,5456842794.0,39578986755.0,9215826621.0,8100026520.0
GUBRF.IS:2026Q1,GUBRF.IS,GUBRF,2026Q1,2026-03-31,2026-05-15,data/fundamentals/GUBRF_IS.parquet,XUSIN.IS,False,22387362834.0,4643130528.0,4947624917.0,3685710974.0,42123783738.0,3041861883.0,1218068850.0
HALKB.IS:2018Q1,HALKB.IS,HALKB,2018Q1,2018-03-31,2018-05-15,data/fundamentals/HALKB_IS.parquet,XBANK.IS,True,5729854000.0,5729854000.0,,790192000.0,26397847000.0,,
HALKB.IS:2018Q2,HALKB.IS,HALKB,2018Q2,2018-06-30,2018-08-15,data/fundamentals/HALKB_IS.parquet,XBANK.IS,True,12236473000.0,12236473000.0,,1902704000.0,28257693000.0,,
HALKB.IS:2018Q3,HALKB.IS,HALKB,2018Q3,2018-09-30,2018-11-15,data/fundamentals/HALKB_IS.parquet,XBANK.IS,True,20282569000.0,20282569000.0,,2205248000.0,28294502000.0,,
HALKB.IS:2018Q4,HALKB.IS,HALKB,2018Q4,2018-12-31,2019-03-15,data/fundamentals/HALKB_IS.parquet,XBANK.IS,True,28811827000.0,28811827000.0,,2521795000.0,29020735000.0,,
HALKB.IS:2019Q1,HALKB.IS,HALKB,2019Q1,2019-03-31,2019-05-15,data/fundamentals/HALKB_IS.parquet,XBANK.IS,True,8440465000.0,8440465000.0,,305188000.0,29167796000.0,,
HALKB.IS:2019Q2,HALKB.IS,HALKB,2019Q2,2019-06-30,2019-08-15,data/fundamentals/HALKB_IS.parquet,XBANK.IS,True,17737893000.0,17737893000.0,,615437000.0,29574573000.0,,
HALKB.IS:2019Q3,HALKB.IS,HALKB,2019Q3,2019-09-30,2019-11-15,data/fundamentals/HALKB_IS.parquet,XBANK.IS,True,27438476000.0,27438476000.0,,923750000.0,30202573000.0,,
HALKB.IS:2019Q4,HALKB.IS,HALKB,2019Q4,2019-12-31,2020-03-15,data/fundamentals/HALKB_IS.parquet,XBANK.IS,True,37070330000.0,37070330000.0,,1720309000.0,32196826000.0,,
HALKB.IS:2020Q1,HALKB.IS,HALKB,2020Q1,2020-03-31,2020-05-15,data/fundamentals/HALKB_IS.parquet,XBANK.IS,True,8787921000.0,8787921000.0,,825085000.0,32910455000.0,,
HALKB.IS:2020Q2,HALKB.IS,HALKB,2020Q2,2020-06-30,2020-08-15,data/fundamentals/HALKB_IS.parquet,XBANK.IS,True,17749825000.0,17749825000.0,,1775161000.0,41793994000.0,,
HALKB.IS:2020Q3,HALKB.IS,HALKB,2020Q3,2020-09-30,2020-11-15,data/fundamentals/HALKB_IS.parquet,XBANK.IS,True,27825578000.0,27825578000.0,,2090167000.0,41673871000.0,,
HALKB.IS:2020Q4,HALKB.IS,HALKB,2020Q4,2020-12-31,2021-03-15,data/fundamentals/HALKB_IS.parquet,XBANK.IS,True,38123042000.0,38123042000.0,,2600045000.0,42930504000.0,,
HALKB.IS:2021Q1,HALKB.IS,HALKB,2021Q1,2021-03-31,2021-05-15,data/fundamentals/HALKB_IS.parquet,XBANK.IS,True,11284997000.0,11284997000.0,,59035000.0,42058613000.0,,
HALKB.IS:2021Q2,HALKB.IS,HALKB,2021Q2,2021-06-30,2021-08-15,data/fundamentals/HALKB_IS.parquet,XBANK.IS,True,23762836000.0,23762836000.0,,122977000.0,42076532000.0,,
HALKB.IS:2021Q3,HALKB.IS,HALKB,2021Q3,2021-09-30,2021-11-15,data/fundamentals/HALKB_IS.parquet,XBANK.IS,True,37978679000.0,37978679000.0,,215142000.0,42226836000.0,,
HALKB.IS:2021Q4,HALKB.IS,HALKB,2021Q4,2021-12-31,2022-03-15,data/fundamentals/HALKB_IS.parquet,XBANK.IS,True,54195894000.0,54195894000.0,,1507729000.0,43500355000.0,,
HALKB.IS:2022Q1,HALKB.IS,HALKB,2022Q1,2022-03-31,2022-05-15,data/fundamentals/HALKB_IS.parquet,XBANK.IS,True,16876411000.0,16876411000.0,,2025221000.0,63369782000.0,,
HALKB.IS:2022Q2,HALKB.IS,HALKB,2022Q2,2022-06-30,2022-08-15,data/fundamentals/HALKB_IS.parquet,XBANK.IS,True,36286294000.0,36286294000.0,,4600289000.0,67125498000.0,,
HALKB.IS:2022Q3,HALKB.IS,HALKB,2022Q3,2022-09-30,2022-11-15,data/fundamentals/HALKB_IS.parquet,XBANK.IS,True,59417505000.0,59417505000.0,,8904706000.0,75121879000.0,,
HALKB.IS:2022Q4,HALKB.IS,HALKB,2022Q4,2022-12-31,2023-03-15,data/fundamentals/HALKB_IS.parquet,XBANK.IS,True,85604042000.0,85604042000.0,,15265639000.0,90652090000.0,,
HALKB.IS:2023Q1,HALKB.IS,HALKB,2023Q1,2023-03-31,2023-05-15,data/fundamentals/HALKB_IS.parquet,XBANK.IS,True,27966397000.0,27966397000.0,,4255722000.0,119935810000.0,,
HALKB.IS:2023Q2,HALKB.IS,HALKB,2023Q2,2023-06-30,2023-08-15,data/fundamentals/HALKB_IS.parquet,XBANK.IS,True,63934774000.0,63934774000.0,,4954537000.0,116755691000.0,,
HALKB.IS:2023Q3,HALKB.IS,HALKB,2023Q3,2023-09-30,2023-11-15,data/fundamentals/HALKB_IS.parquet,XBANK.IS,True,114043791000.0,114043791000.0,,8050203000.0,122791744000.0,,
HALKB.IS:2023Q4,HALKB.IS,HALKB,2023Q4,2023-12-31,2024-03-15,data/fundamentals/HALKB_IS.parquet,XBANK.IS,True,189559171000.0,189559171000.0,,10111965000.0,128406019000.0,,
HALKB.IS:2024Q1,HALKB.IS,HALKB,2024Q1,2024-03-31,2024-05-15,data/fundamentals/HALKB_IS.parquet,XBANK.IS,True,89965300000.0,89965300000.0,,4817519000.0,133093259000.0,,
HALKB.IS:2024Q2,HALKB.IS,HALKB,2024Q2,2024-06-30,2024-08-15,data/fundamentals/HALKB_IS.parquet,XBANK.IS,True,196687490000.0,196687490000.0,,8257675000.0,136080567000.0,,
HALKB.IS:2024Q3,HALKB.IS,HALKB,2024Q3,2024-09-30,2024-11-15,data/fundamentals/HALKB_IS.parquet,XBANK.IS,True,312069350000.0,312069350000.0,,15056329000.0,137956557000.0,,
HALKB.IS:2024Q4,HALKB.IS,HALKB,2024Q4,2024-12-31,2025-03-15,data/fundamentals/HALKB_IS.parquet,XBANK.IS,True,435454388000.0,435454388000.0,,22037821000.0,166534689000.0,,
HALKB.IS:2025Q1,HALKB.IS,HALKB,2025Q1,2025-03-31,2025-05-15,data/fundamentals/HALKB_IS.parquet,XBANK.IS,True,119608045000.0,119608045000.0,,6404729000.0,158201697000.0,,
HALKB.IS:2025Q2,HALKB.IS,HALKB,2025Q2,2025-06-30,2025-08-15,data/fundamentals/HALKB_IS.parquet,XBANK.IS,True,246840000000.0,246840000000.0,,12658000000.0,168309821000.0,,
HALKB.IS:2025Q3,HALKB.IS,HALKB,2025Q3,2025-09-30,2025-11-15,data/fundamentals/HALKB_IS.parquet,XBANK.IS,True,395972413000.0,395972413000.0,,20203677000.0,197946787000.0,,
HALKB.IS:2025Q4,HALKB.IS,HALKB,2025Q4,2025-12-31,2026-03-15,data/fundamentals/HALKB_IS.parquet,XBANK.IS,True,545156590000.0,545156590000.0,,27130696000.0,218333141000.0,,
HALKB.IS:2026Q1,HALKB.IS,HALKB,2026Q1,2026-03-31,2026-05-15,data/fundamentals/HALKB_IS.parquet,XBANK.IS,True,155760150000.0,155760150000.0,,9505902000.0,226028502000.0,,
HALKB.IS:2026Q2,HALKB.IS,HALKB,2026Q2,2026-06-30,2026-08-15,data/fundamentals/HALKB_IS.parquet,XBANK.IS,True,321420000000.0,321420000000.0,,17729000000.0,234602000000.0,,
HEKTS.IS:2018Q1,HEKTS.IS,HEKTS,2018Q1,2018-03-31,2018-05-15,data/fundamentals/HEKTS_IS.parquet,XUSIN.IS,False,160308790.0,60993367.0,62125239.0,44897062.0,187769016.0,-54171151.0,-68872172.0
HEKTS.IS:2018Q2,HEKTS.IS,HEKTS,2018Q2,2018-06-30,2018-08-15,data/fundamentals/HEKTS_IS.parquet,XUSIN.IS,False,299374971.0,108021934.0,110329624.0,74342230.0,217334366.0,-94426344.0,-109321305.0
HEKTS.IS:2018Q3,HEKTS.IS,HEKTS,2018Q3,2018-09-30,2018-11-15,data/fundamentals/HEKTS_IS.parquet,XUSIN.IS,False,418366291.0,146258765.0,150342172.0,90615001.0,233607138.0,-191072317.0,-212371432.0
HEKTS.IS:2018Q4,HEKTS.IS,HEKTS,2018Q4,2018-12-31,2019-03-15,data/fundamentals/HEKTS_IS.parquet,XUSIN.IS,False,497071893.0,177563196.0,183032224.0,106192653.0,249533435.0,-185870457.0,-218911681.0
HEKTS.IS:2019Q1,HEKTS.IS,HEKTS,2019Q1,2019-03-31,2019-05-15,data/fundamentals/HEKTS_IS.parquet,XUSIN.IS,False,258948671.0,103087986.0,104544249.0,67749746.0,276195837.0,-36093626.0,-67110677.0
HEKTS.IS:2019Q2,HEKTS.IS,HEKTS,2019Q2,2019-06-30,2019-08-15,data/fundamentals/HEKTS_IS.parquet,XUSIN.IS,False,457258052.0,163398949.0,168315395.0,93105493.0,301200368.0,-43160537.0,-79329000.0
HEKTS.IS:2019Q3,HEKTS.IS,HEKTS,2019Q3,2019-09-30,2019-11-15,data/fundamentals/HEKTS_IS.parquet,XUSIN.IS,False,608684115.0,215979056.0,221267339.0,110814251.0,318909126.0,-113353219.0,-177197834.0
HEKTS.IS:2019Q4,HEKTS.IS,HEKTS,2019Q4,2019-12-31,2020-03-15,data/fundamentals/HEKTS_IS.parquet,XUSIN.IS,False,732677504.0,241722469.0,255323690.0,145571250.0,507370501.0,106714663.0,-52981294.0
HEKTS.IS:2020Q1,HEKTS.IS,HEKTS,2020Q1,2020-03-31,2020-05-15,data/fundamentals/HEKTS_IS.parquet,XUSIN.IS,False,269906354.0,72159039.0,77678973.0,67573534.0,570012259.0,-66025771.0,-103935924.0
HEKTS.IS:2020Q2,HEKTS.IS,HEKTS,2020Q2,2020-06-30,2020-08-15,data/fundamentals/HEKTS_IS.parquet,XUSIN.IS,False,474009819.0,111830760.0,123328602.0,80442821.0,580168526.0,-144700408.0,-235134410.0
HEKTS.IS:2020Q3,HEKTS.IS,HEKTS,2020Q3,2020-09-30,2020-11-15,data/fundamentals/HEKTS_IS.parquet,XUSIN.IS,False,709478554.0,178526375.0,197547226.0,122290402.0,627374078.0,-239621794.0,-365565410.0
HEKTS.IS:2020Q4,HEKTS.IS,HEKTS,2020Q4,2020-12-31,2021-03-15,data/fundamentals/HEKTS_IS.parquet,XUSIN.IS,False,1013719129.0,235461598.0,262597332.0,180498608.0,803551540.0,-157982936.0,-401770808.0
HEKTS.IS:2021Q1,HEKTS.IS,HEKTS,2021Q1,2021-03-31,2021-05-15,data/fundamentals/HEKTS_IS.parquet,XUSIN.IS,False,436559395.0,102648252.0,113640241.0,72142104.0,775468755.0,-148474698.0,-169848719.0
HEKTS.IS:2021Q2,HEKTS.IS,HEKTS,2021Q2,2021-06-30,2021-08-15,data/fundamentals/HEKTS_IS.parquet,XUSIN.IS,False,897721406.0,190335146.0,212920453.0,98462168.0,1198602389.0,-380584918.0,-454387588.0
HEKTS.IS:2021Q3,HEKTS.IS,HEKTS,2021Q3,2021-09-30,2021-11-15,data/fundamentals/HEKTS_IS.parquet,XUSIN.IS,False,1423742255.0,347317333.0,384715349.0,180171245.0,1262765396.0,-415848863.0,-854266569.0
HEKTS.IS:2021Q4,HEKTS.IS,HEKTS,2021Q4,2021-12-31,2022-03-15,data/fundamentals/HEKTS_IS.parquet,XUSIN.IS,False,2020718336.0,498138629.0,550746346.0,313274515.0,5077639057.0,-450920673.0,-1198237489.0
HEKTS.IS:2022Q1,HEKTS.IS,HEKTS,2022Q1,2022-03-31,2022-05-15,data/fundamentals/HEKTS_IS.parquet,XUSIN.IS,False,1078278754.0,363188612.0,380673408.0,209574126.0,1630183415.0,-585462839.0,-806527970.0
HEKTS.IS:2022Q2,HEKTS.IS,HEKTS,2022Q2,2022-06-30,2022-08-15,data/fundamentals/HEKTS_IS.parquet,XUSIN.IS,False,2530419764.0,850393291.0,888103736.0,419427076.0,1834217678.0,-1754283804.0,-2169062370.0
HEKTS.IS:2022Q3,HEKTS.IS,HEKTS,2022Q3,2022-09-30,2022-11-15,data/fundamentals/HEKTS_IS.parquet,XUSIN.IS,False,4060633576.0,1363789161.0,1431280733.0,606445182.0,2015057198.0,-2322489382.0,-3040917886.0
HEKTS.IS:2022Q4,HEKTS.IS,HEKTS,2022Q4,2022-12-31,2023-03-15,data/fundamentals/HEKTS_IS.parquet,XUSIN.IS,False,10001274789.0,1998222454.0,2335565568.0,1144705464.0,8330870818.0,-2094130897.0,-4797372764.0
HEKTS.IS:2023Q1,HEKTS.IS,HEKTS,2023Q1,2023-03-31,2023-05-15,data/fundamentals/HEKTS_IS.parquet,XUSIN.IS,False,2676729168.0,612844914.0,729351665.0,155258487.0,3541318522.0,2054604920.0,1194362079.0
HEKTS.IS:2023Q2,HEKTS.IS,HEKTS,2023Q2,2023-06-30,2023-08-15,data/fundamentals/HEKTS_IS.parquet,XUSIN.IS,False,5451312943.0,395369213.0,672533612.0,-566309966.0,3361993228.0,338373648.0,-2668754806.0
HEKTS.IS:2023Q3,HEKTS.IS,HEKTS,2023Q3,2023-09-30,2023-11-15,data/fundamentals/HEKTS_IS.parquet,XUSIN.IS,False,7767189755.0,991824886.0,1513449519.0,127862181.0,3615178694.0,-2917809130.0,-4538127908.0
HEKTS.IS:2023Q4,HEKTS.IS,HEKTS,2023Q4,2023-12-31,2024-03-15,data/fundamentals/HEKTS_IS.parquet,XUSIN.IS,False,8719027378.0,-1154327045.0,-366812748.0,-1291407227.0,10885835437.0,3822017989.0,450609984.0
HEKTS.IS:2024Q1,HEKTS.IS,HEKTS,2024Q1,2024-03-31,2024-05-15,data/fundamentals/HEKTS_IS.parquet,XUSIN.IS,False,1783606024.0,-374724609.0,-99365456.0,-378408773.0,8122267904.0,2315431672.0,2131670637.0
HEKTS.IS:2024Q2,HEKTS.IS,HEKTS,2024Q2,2024-06-30,2024-08-15,data/fundamentals/HEKTS_IS.parquet,XUSIN.IS,False,3465296024.0,-937697948.0,-367754999.0,-1340185141.0,8072575851.0,4282028394.0,6028226767.0
HEKTS.IS:2024Q3,HEKTS.IS,HEKTS,2024Q3,2024-09-30,2024-11-15,data/fundamentals/HEKTS_IS.parquet,XUSIN.IS,False,4962388274.0,-2205035408.0,-1416629994.0,-2647194422.0,7845860519.0,4957974097.0,5828013184.0
HEKTS.IS:2024Q4,HEKTS.IS,HEKTS,2024Q4,2024-12-31,2025-03-15,data/fundamentals/HEKTS_IS.parquet,XUSIN.IS,False,6370645075.0,-3789858793.0,-2708582816.0,-3604980915.0,17976991685.0,5202913778.0,5654485074.0
HEKTS.IS:2025Q1,HEKTS.IS,HEKTS,2025Q1,2025-03-31,2025-05-15,data/fundamentals/HEKTS_IS.parquet,XUSIN.IS,False,2733698774.0,-663332447.0,-342323314.0,-756553963.0,14489015133.0,616117125.0,-164510963.0
HEKTS.IS:2025Q2,HEKTS.IS,HEKTS,2025Q2,2025-06-30,2025-08-15,data/fundamentals/HEKTS_IS.parquet,XUSIN.IS,False,4897041288.0,-1567869993.0,-857297516.0,-1659928795.0,14725723156.0,1024069666.0,351424227.0
HEKTS.IS:2025Q3,HEKTS.IS,HEKTS,2025Q3,2025-09-30,2025-11-15,data/fundamentals/HEKTS_IS.parquet,XUSIN.IS,False,4959864297.0,-2009279156.0,-1137421260.0,-2503973539.0,14695069506.0,1123223784.0,194328417.0
HEKTS.IS:2025Q4,HEKTS.IS,HEKTS,2025Q4,2025-12-31,2026-03-15,data/fundamentals/HEKTS_IS.parquet,XUSIN.IS,False,7216138261.0,-3322983685.0,-1947161861.0,-4797890472.0,16338191353.0,2275684873.0,636938631.0
HEKTS.IS:2026Q1,HEKTS.IS,HEKTS,2026Q1,2026-03-31,2026-05-15,data/fundamentals/HEKTS_IS.parquet,XUSIN.IS,False,2221631265.0,-288924336.0,56561646.0,-257856860.0,15983099538.0,-260216127.0,713154164.0
HEKTS.IS:2026Q2,HEKTS.IS,HEKTS,2026Q2,2026-06-30,2026-08-15,data/fundamentals/HEKTS_IS.parquet,XUSIN.IS,False,4503859284.0,-580399176.0,155585073.0,-2127723159.0,17581311552.0,-68325186.0,467883932.0
INVES.IS:2019Q4,INVES.IS,INVES,2019Q4,2019-12-31,2020-03-15,data/fundamentals/INVES_IS.parquet,XU100.IS,False,82493220.0,-2330829.0,-338413.0,86166419.0,501374353.0,37666477.0,30627925.0
INVES.IS:2020Q4,INVES.IS,INVES,2020Q4,2020-12-31,2021-03-15,data/fundamentals/INVES_IS.parquet,XU100.IS,False,54971946.0,-1535406.0,899352.0,213886991.0,779165222.0,78360192.0,57686348.0
INVES.IS:2021Q1,INVES.IS,INVES,2021Q1,2021-03-31,2021-05-15,data/fundamentals/INVES_IS.parquet,XU100.IS,False,491676813.0,490869558.0,490873309.0,1784313511.0,0.0,-78032320.0,-5575660.0
INVES.IS:2021Q2,INVES.IS,INVES,2021Q2,2021-06-30,2021-08-15,data/fundamentals/INVES_IS.parquet,XU100.IS,False,48742167.0,47205772.0,47214261.0,1366692529.0,0.0,-79053094.0,-4914962.0
INVES.IS:2021Q3,INVES.IS,INVES,2021Q3,2021-09-30,2021-11-15,data/fundamentals/INVES_IS.parquet,XU100.IS,False,7057470.0,4943330.0,4953206.0,1329702629.0,0.0,-83786149.0,-8699006.0
INVES.IS:2021Q4,INVES.IS,INVES,2021Q4,2021-12-31,2022-03-15,data/fundamentals/INVES_IS.parquet,XU100.IS,False,312541843.0,309080564.0,309144811.0,1678938196.0,2458103418.0,-87931938.0,-137937549.0
INVES.IS:2022Q1,INVES.IS,INVES,2022Q1,2022-03-31,2022-05-15,data/fundamentals/INVES_IS.parquet,XU100.IS,False,246618344.0,243092090.0,243152226.0,256129789.0,3626515007.0,-29144508.0,-76895808.0
INVES.IS:2022Q2,INVES.IS,INVES,2022Q2,2022-06-30,2022-08-15,data/fundamentals/INVES_IS.parquet,XU100.IS,False,566652794.0,560830070.0,561046471.0,580024506.0,3950409724.0,-43347350.0,-332622822.0
INVES.IS:2022Q3,INVES.IS,INVES,2022Q3,2022-09-30,2022-11-15,data/fundamentals/INVES_IS.parquet,XU100.IS,False,969571457.0,961383774.0,961755354.0,969952995.0,4340338213.0,-52064185.0,-369109341.0
INVES.IS:2022Q4,INVES.IS,INVES,2022Q4,2022-12-31,2023-03-15,data/fundamentals/INVES_IS.parquet,XU100.IS,False,4650045190.0,4627949700.0,4629000420.0,4007039195.0,12825066858.0,68473189.0,-804474729.0
INVES.IS:2023Q1,INVES.IS,INVES,2023Q1,2023-03-31,2023-05-15,data/fundamentals/INVES_IS.parquet,XU100.IS,False,938000879.0,912589921.0,914151151.0,806111179.0,9256798412.0,122071498.0,396833150.0
INVES.IS:2023Q2,INVES.IS,INVES,2023Q2,2023-06-30,2023-08-15,data/fundamentals/INVES_IS.parquet,XU100.IS,False,2566087179.0,2530496953.0,2533881473.0,2053299527.0,10500621897.0,118893621.0,442794002.0
INVES.IS:2023Q3,INVES.IS,INVES,2023Q3,2023-09-30,2023-11-15,data/fundamentals/INVES_IS.parquet,XU100.IS,False,3251545949.0,3205324194.0,3210865093.0,1929615622.0,12917917447.0,-74871951.0,584939592.0
INVES.IS:2023Q4,INVES.IS,INVES,2023Q4,2023-12-31,2024-03-15,data/fundamentals/INVES_IS.parquet,XU100.IS,False,152914139.0,94047908.0,101869325.0,66307572.0,18480169224.0,-546030444.0,339315174.0
INVES.IS:2024Q1,INVES.IS,INVES,2024Q1,2024-03-31,2024-05-15,data/fundamentals/INVES_IS.parquet,XU100.IS,False,4462989284.0,4450680616.0,4452834141.0,3973514745.0,17601056494.0,450743923.0,1414774642.0
INVES.IS:2024Q2,INVES.IS,INVES,2024Q2,2024-06-30,2024-08-15,data/fundamentals/INVES_IS.parquet,XU100.IS,False,8949743671.0,8923754559.0,8928319004.0,7950920372.0,21677503680.0,-729137965.0,232761649.0
INVES.IS:2024Q3,INVES.IS,INVES,2024Q3,2024-09-30,2024-11-15,data/fundamentals/INVES_IS.parquet,XU100.IS,False,6493111781.0,6444319222.0,6451680647.0,5570929318.0,21358895436.0,-235312748.0,-316066006.0
INVES.IS:2024Q4,INVES.IS,INVES,2024Q4,2024-12-31,2025-03-15,data/fundamentals/INVES_IS.parquet,XU100.IS,False,4176909262.0,4103465781.0,4113710407.0,1913639412.0,25789624201.0,-333500504.0,-581546259.0
INVES.IS:2025Q1,INVES.IS,INVES,2025Q1,2025-03-31,2025-05-15,data/fundamentals/INVES_IS.parquet,XU100.IS,False,0.0,-5332449242.0,-5329410227.0,-4526217990.0,18190310322.0,162596717.0,49312541.0
INVES.IS:2025Q2,INVES.IS,INVES,2025Q2,2025-06-30,2025-08-15,data/fundamentals/INVES_IS.parquet,XU100.IS,False,157306344.0,-3358884406.0,-3352724645.0,-2963265223.0,20608782337.0,-298734985.0,21753899.0
INVES.IS:2025Q3,INVES.IS,INVES,2025Q3,2025-09-30,2025-11-15,data/fundamentals/INVES_IS.parquet,XU100.IS,False,126372433.0,-1317220115.0,-1309840165.0,-1239974923.0,23306850520.0,-208954421.0,283330468.0
INVES.IS:2025Q4,INVES.IS,INVES,2025Q4,2025-12-31,2026-03-15,data/fundamentals/INVES_IS.parquet,XU100.IS,False,62799188.0,-2186042058.0,-2174065174.0,-2463377093.0,27693188465.0,-287090850.0,226153487.0
INVES.IS:2026Q1,INVES.IS,INVES,2026Q1,2026-03-31,2026-05-15,data/fundamentals/INVES_IS.parquet,XU100.IS,False,1257369162.0,1245056772.0,1247779212.0,1083260368.0,26961819075.0,47074225.0,48310884.0
INVES.IS:2026Q2,INVES.IS,INVES,2026Q2,2026-06-30,2026-08-15,data/fundamentals/INVES_IS.parquet,XU100.IS,False,11743196461.0,11711611636.0,11717370185.0,10101417737.0,37794943653.0,-28262619.0,65235285.0
ISCTR.IS:2018Q1,ISCTR.IS,ISCTR,2018Q1,2018-03-31,2018-05-15,data/fundamentals/ISCTR_IS.parquet,XBANK.IS,True,6349832453.0,6349832453.0,,1806759471.0,44762371821.0,,
ISCTR.IS:2018Q2,ISCTR.IS,ISCTR,2018Q2,2018-06-30,2018-08-15,data/fundamentals/ISCTR_IS.parquet,XBANK.IS,True,13437046384.0,13437046384.0,,3334987028.0,45074271485.0,,
ISCTR.IS:2018Q3,ISCTR.IS,ISCTR,2018Q3,2018-09-30,2018-11-15,data/fundamentals/ISCTR_IS.parquet,XBANK.IS,True,22315706901.0,22315706901.0,,4573269756.0,46590711130.0,,
ISCTR.IS:2018Q4,ISCTR.IS,ISCTR,2018Q4,2018-12-31,2019-03-15,data/fundamentals/ISCTR_IS.parquet,XBANK.IS,True,30680896262.0,30680896262.0,,6769034314.0,49720251696.0,,
ISCTR.IS:2019Q1,ISCTR.IS,ISCTR,2019Q1,2019-03-31,2019-05-15,data/fundamentals/ISCTR_IS.parquet,XBANK.IS,True,8230431371.0,8230431371.0,,1457951083.0,50412466513.0,,
ISCTR.IS:2019Q2,ISCTR.IS,ISCTR,2019Q2,2019-06-30,2019-08-15,data/fundamentals/ISCTR_IS.parquet,XBANK.IS,True,16801967187.0,16801967187.0,,2409261960.0,52455502215.0,,
ISCTR.IS:2019Q3,ISCTR.IS,ISCTR,2019Q3,2019-09-30,2019-11-15,data/fundamentals/ISCTR_IS.parquet,XBANK.IS,True,25107261998.0,25107261998.0,,3757599863.0,54623464981.0,,
ISCTR.IS:2019Q4,ISCTR.IS,ISCTR,2019Q4,2019-12-31,2020-03-15,data/fundamentals/ISCTR_IS.parquet,XBANK.IS,True,33059453821.0,33059453821.0,,6067568797.0,58873288380.0,,
ISCTR.IS:2020Q1,ISCTR.IS,ISCTR,2020Q1,2020-03-31,2020-05-15,data/fundamentals/ISCTR_IS.parquet,XBANK.IS,True,7698844351.0,7698844351.0,,1456110097.0,58530613725.0,,
ISCTR.IS:2020Q2,ISCTR.IS,ISCTR,2020Q2,2020-06-30,2020-08-15,data/fundamentals/ISCTR_IS.parquet,XBANK.IS,True,15358740994.0,15358740994.0,,3035112273.0,63265501270.0,,
ISCTR.IS:2020Q3,ISCTR.IS,ISCTR,2020Q3,2020-09-30,2020-11-15,data/fundamentals/ISCTR_IS.parquet,XBANK.IS,True,23511546946.0,23511546946.0,,5184100182.0,64746457181.0,,
ISCTR.IS:2020Q4,ISCTR.IS,ISCTR,2020Q4,2020-12-31,2021-03-15,data/fundamentals/ISCTR_IS.parquet,XBANK.IS,True,31987490037.0,31987490037.0,,6810896567.0,67781248656.0,,
ISCTR.IS:2021Q1,ISCTR.IS,ISCTR,2021Q1,2021-03-31,2021-05-15,data/fundamentals/ISCTR_IS.parquet,XBANK.IS,True,9375523873.0,9375523873.0,,1853694439.0,66606119181.0,,
ISCTR.IS:2021Q2,ISCTR.IS,ISCTR,2021Q2,2021-06-30,2021-08-15,data/fundamentals/ISCTR_IS.parquet,XBANK.IS,True,19740642778.0,19740642778.0,,4049142853.0,70566892299.0,,
ISCTR.IS:2021Q3,ISCTR.IS,ISCTR,2021Q3,2021-09-30,2021-11-15,data/fundamentals/ISCTR_IS.parquet,XBANK.IS,True,30815650553.0,30815650553.0,,7048550854.0,74771685684.0,,
ISCTR.IS:2021Q4,ISCTR.IS,ISCTR,2021Q4,2021-12-31,2022-03-15,data/fundamentals/ISCTR_IS.parquet,XBANK.IS,True,44448201662.0,44448201662.0,,13467878839.0,86839186793.0,,
ISCTR.IS:2022Q1,ISCTR.IS,ISCTR,2022Q1,2022-03-31,2022-05-15,data/fundamentals/ISCTR_IS.parquet,XBANK.IS,True,14803676589.0,14803676589.0,,8431860704.0,108379340861.0,,
ISCTR.IS:2022Q2,ISCTR.IS,ISCTR,2022Q2,2022-06-30,2022-08-15,data/fundamentals/ISCTR_IS.parquet,XBANK.IS,True,34073931778.0,34073931778.0,,22971775084.0,124766117701.0,,
ISCTR.IS:2022Q3,ISCTR.IS,ISCTR,2022Q3,2022-09-30,2022-11-15,data/fundamentals/ISCTR_IS.parquet,XBANK.IS,True,57143642569.0,57143642569.0,,38009526971.0,146666631999.0,,
ISCTR.IS:2022Q4,ISCTR.IS,ISCTR,2022Q4,2022-12-31,2023-03-15,data/fundamentals/ISCTR_IS.parquet,XBANK.IS,True,82579809904.0,82579809904.0,,61537806155.0,191375845349.0,,
ISCTR.IS:2023Q1,ISCTR.IS,ISCTR,2023Q1,2023-03-31,2023-05-15,data/fundamentals/ISCTR_IS.parquet,XBANK.IS,True,26296963444.0,26296963444.0,,12902646517.0,196882303741.0,,
ISCTR.IS:2023Q2,ISCTR.IS,ISCTR,2023Q2,2023-06-30,2023-08-15,data/fundamentals/ISCTR_IS.parquet,XBANK.IS,True,55788339054.0,55788339054.0,,31497686203.0,208451146858.0,,
ISCTR.IS:2023Q3,ISCTR.IS,ISCTR,2023Q3,2023-09-30,2023-11-15,data/fundamentals/ISCTR_IS.parquet,XBANK.IS,True,92893708527.0,92893708527.0,,52045487545.0,221707337951.0,,
ISCTR.IS:2023Q4,ISCTR.IS,ISCTR,2023Q4,2023-12-31,2024-03-15,data/fundamentals/ISCTR_IS.parquet,XBANK.IS,True,149492355609.0,149492355609.0,,72264711282.0,267797162643.0,,
ISCTR.IS:2024Q1,ISCTR.IS,ISCTR,2024Q1,2024-03-31,2024-05-15,data/fundamentals/ISCTR_IS.parquet,XBANK.IS,True,71290323452.0,71290323452.0,,14047782143.0,274991775009.0,,
ISCTR.IS:2024Q2,ISCTR.IS,ISCTR,2024Q2,2024-06-30,2024-08-15,data/fundamentals/ISCTR_IS.parquet,XBANK.IS,True,154073745111.0,154073745111.0,,29150823019.0,285498026402.0,,
ISCTR.IS:2024Q3,ISCTR.IS,ISCTR,2024Q3,2024-09-30,2024-11-15,data/fundamentals/ISCTR_IS.parquet,XBANK.IS,True,248332777000.0,248332777000.0,,34684755378.0,290553226336.0,,
ISCTR.IS:2024Q4,ISCTR.IS,ISCTR,2024Q4,2024-12-31,2025-03-15,data/fundamentals/ISCTR_IS.parquet,XBANK.IS,True,351037407755.0,351037407755.0,,45517390379.0,318337389995.0,,
ISCTR.IS:2025Q1,ISCTR.IS,ISCTR,2025Q1,2025-03-31,2025-05-15,data/fundamentals/ISCTR_IS.parquet,XBANK.IS,True,107850884579.0,107850884579.0,,12417600099.0,326438282274.0,,
ISCTR.IS:2025Q2,ISCTR.IS,ISCTR,2025Q2,2025-06-30,2025-08-15,data/fundamentals/ISCTR_IS.parquet,XBANK.IS,True,229848724181.0,229848724181.0,,29789964252.0,360537592354.0,,
ISCTR.IS:2025Q3,ISCTR.IS,ISCTR,2025Q3,2025-09-30,2025-11-15,data/fundamentals/ISCTR_IS.parquet,XBANK.IS,True,361755594893.0,361755594893.0,,44002316197.0,380644298226.0,,
ISCTR.IS:2025Q4,ISCTR.IS,ISCTR,2025Q4,2025-12-31,2026-03-15,data/fundamentals/ISCTR_IS.parquet,XBANK.IS,True,500357447570.0,500357447570.0,,67440594071.0,427634753838.0,,
ISCTR.IS:2026Q1,ISCTR.IS,ISCTR,2026Q1,2026-03-31,2026-05-15,data/fundamentals/ISCTR_IS.parquet,XBANK.IS,True,143026921367.0,143026921367.0,,20357274571.0,420574096310.0,,
ISCTR.IS:2026Q2,ISCTR.IS,ISCTR,2026Q2,2026-06-30,2026-08-15,data/fundamentals/ISCTR_IS.parquet,XBANK.IS,True,296337644394.0,296337644394.0,,30012963984.0,453171456194.0,,
ISGYO.IS:2018Q1,ISGYO.IS,ISGYO,2018Q1,2018-03-31,2018-05-15,data/fundamentals/ISGYO_IS.parquet,XU100.IS,False,60606022.0,27648651.0,28120232.0,15905271.0,3227951008.0,-15283357.0,-38930452.0
ISGYO.IS:2018Q2,ISGYO.IS,ISGYO,2018Q2,2018-06-30,2018-08-15,data/fundamentals/ISGYO_IS.parquet,XU100.IS,False,749665222.0,122449246.0,123346098.0,95105256.0,3307150993.0,20556708.0,11781987.0
ISGYO.IS:2018Q3,ISGYO.IS,ISGYO,2018Q3,2018-09-30,2018-11-15,data/fundamentals/ISGYO_IS.parquet,XU100.IS,False,986631970.0,179809107.0,181150823.0,91934380.0,3303980117.0,98673462.0,101224488.0
ISGYO.IS:2018Q4,ISGYO.IS,ISGYO,2018Q4,2018-12-31,2019-03-15,data/fundamentals/ISGYO_IS.parquet,XU100.IS,False,1098332491.0,214084259.0,215838415.0,341610873.0,3556939355.0,176127127.0,170487007.0
ISGYO.IS:2019Q1,ISGYO.IS,ISGYO,2019Q1,2019-03-31,2019-05-15,data/fundamentals/ISGYO_IS.parquet,XU100.IS,False,76579090.0,40153540.0,40649897.0,-6277889.0,3550661466.0,10921272.0,3684860.0
ISGYO.IS:2019Q2,ISGYO.IS,ISGYO,2019Q2,2019-06-30,2019-08-15,data/fundamentals/ISGYO_IS.parquet,XU100.IS,False,248537440.0,92845183.0,93831721.0,-18540386.0,3538398969.0,71122668.0,63877764.0
ISGYO.IS:2019Q3,ISGYO.IS,ISGYO,2019Q3,2019-09-30,2019-11-15,data/fundamentals/ISGYO_IS.parquet,XU100.IS,False,388687696.0,143381074.0,144874943.0,-31545455.0,3525393900.0,145295609.0,134896788.0
ISGYO.IS:2019Q4,ISGYO.IS,ISGYO,2019Q4,2019-12-31,2020-03-15,data/fundamentals/ISGYO_IS.parquet,XU100.IS,False,1206509521.0,208773562.0,210784611.0,297389779.0,3860227078.0,144869306.0,441954330.0
ISGYO.IS:2020Q1,ISGYO.IS,ISGYO,2020Q1,2020-03-31,2020-05-15,data/fundamentals/ISGYO_IS.parquet,XU100.IS,False,70862599.0,35810973.0,36374283.0,-20738131.0,3839488947.0,37691452.0,30847982.0
ISGYO.IS:2020Q2,ISGYO.IS,ISGYO,2020Q2,2020-06-30,2020-08-15,data/fundamentals/ISGYO_IS.parquet,XU100.IS,False,219934545.0,78444116.0,79578225.0,-11907689.0,3848319389.0,73619887.0,63938668.0
ISGYO.IS:2020Q3,ISGYO.IS,ISGYO,2020Q3,2020-09-30,2020-11-15,data/fundamentals/ISGYO_IS.parquet,XU100.IS,False,444892579.0,124525945.0,126240427.0,-9065069.0,3851162009.0,224057523.0,212730125.0
ISGYO.IS:2020Q4,ISGYO.IS,ISGYO,2020Q4,2020-12-31,2021-03-15,data/fundamentals/ISGYO_IS.parquet,XU100.IS,False,552678714.0,158754920.0,161062079.0,266502003.0,4130953806.0,272925434.0,255137423.0
ISGYO.IS:2021Q1,ISGYO.IS,ISGYO,2021Q1,2021-03-31,2021-05-15,data/fundamentals/ISGYO_IS.parquet,XU100.IS,False,72031960.0,36201131.0,36795595.0,3598363.0,4134552169.0,13508016.0,9382510.0
ISGYO.IS:2021Q2,ISGYO.IS,ISGYO,2021Q2,2021-06-30,2021-08-15,data/fundamentals/ISGYO_IS.parquet,XU100.IS,False,165916171.0,78450739.0,79643466.0,-4614283.0,4126339523.0,104475558.0,27790120.0
ISGYO.IS:2021Q3,ISGYO.IS,ISGYO,2021Q3,2021-09-30,2021-11-15,data/fundamentals/ISGYO_IS.parquet,XU100.IS,False,286534519.0,140314969.0,142146928.0,10751932.0,4141705738.0,220484741.0,109665269.0
ISGYO.IS:2021Q4,ISGYO.IS,ISGYO,2021Q4,2021-12-31,2022-03-15,data/fundamentals/ISGYO_IS.parquet,XU100.IS,False,488577001.0,242865187.0,245342313.0,1329919890.0,5475662879.0,328827937.0,142236552.0
ISGYO.IS:2022Q1,ISGYO.IS,ISGYO,2022Q1,2022-03-31,2022-05-15,data/fundamentals/ISGYO_IS.parquet,XU100.IS,False,139481365.0,81309975.0,81993322.0,66107616.0,5541770495.0,-83020642.0,-143682496.0
ISGYO.IS:2022Q2,ISGYO.IS,ISGYO,2022Q2,2022-06-30,2022-08-15,data/fundamentals/ISGYO_IS.parquet,XU100.IS,False,311235233.0,188832426.0,190245468.0,133182628.0,5608845507.0,-63048339.0,-181915222.0
ISGYO.IS:2022Q3,ISGYO.IS,ISGYO,2022Q3,2022-09-30,2022-11-15,data/fundamentals/ISGYO_IS.parquet,XU100.IS,False,523538020.0,270282379.0,272701526.0,177936075.0,5653598954.0,-207117822.0,-669995504.0
ISGYO.IS:2022Q4,ISGYO.IS,ISGYO,2022Q4,2022-12-31,2023-03-15,data/fundamentals/ISGYO_IS.parquet,XU100.IS,False,1452555820.0,676769514.0,685007443.0,8600904852.0,23881871955.0,-1852238003.0,-2855888591.0
ISGYO.IS:2023Q1,ISGYO.IS,ISGYO,2023Q1,2023-03-31,2023-05-15,data/fundamentals/ISGYO_IS.parquet,XU100.IS,False,374114474.0,224781613.0,229156867.0,691087637.0,13933330841.0,-2036905266.0,-1828116965.0
ISGYO.IS:2023Q2,ISGYO.IS,ISGYO,2023Q2,2023-06-30,2023-08-15,data/fundamentals/ISGYO_IS.parquet,XU100.IS,False,703138804.0,403114747.0,413304614.0,4422229716.0,18777344543.0,-2213880768.0,-2032567177.0
ISGYO.IS:2023Q3,ISGYO.IS,ISGYO,2023Q3,2023-09-30,2023-11-15,data/fundamentals/ISGYO_IS.parquet,XU100.IS,False,1032632413.0,598775558.0,612270319.0,3714587374.0,18824074454.0,-2190543736.0,-2856348626.0
ISGYO.IS:2023Q4,ISGYO.IS,ISGYO,2023Q4,2023-12-31,2024-03-15,data/fundamentals/ISGYO_IS.parquet,XU100.IS,False,1650691738.0,927360608.0,940775336.0,4520884552.0,39030144782.0,-1427145167.0,-2104812463.0
ISGYO.IS:2024Q1,ISGYO.IS,ISGYO,2024Q1,2024-03-31,2024-05-15,data/fundamentals/ISGYO_IS.parquet,XU100.IS,False,436890770.0,289144458.0,294522198.0,-143276878.0,31001588034.0,70179086.0,55157764.0
ISGYO.IS:2024Q2,ISGYO.IS,ISGYO,2024Q2,2024-06-30,2024-08-15,data/fundamentals/ISGYO_IS.parquet,XU100.IS,False,2142558242.0,735580431.0,748270587.0,3304116218.0,36187535480.0,336565594.0,278644784.0
ISGYO.IS:2024Q3,ISGYO.IS,ISGYO,2024Q3,2024-09-30,2024-11-15,data/fundamentals/ISGYO_IS.parquet,XU100.IS,False,3655013554.0,1059342950.0,1080173464.0,3205855882.0,39155560214.0,711708212.0,625146526.0
ISGYO.IS:2024Q4,ISGYO.IS,ISGYO,2024Q4,2024-12-31,2025-03-15,data/fundamentals/ISGYO_IS.parquet,XU100.IS,False,5298337127.0,1386380714.0,1413862157.0,1167598428.0,51192053862.0,1211487279.0,3568533845.0
ISGYO.IS:2025Q1,ISGYO.IS,ISGYO,2025Q1,2025-03-31,2025-05-15,data/fundamentals/ISGYO_IS.parquet,XU100.IS,False,968657230.0,346739360.0,352349295.0,-1149305293.0,42168735212.0,573245707.0,5435792344.0
ISGYO.IS:2025Q2,ISGYO.IS,ISGYO,2025Q2,2025-06-30,2025-08-15,data/fundamentals/ISGYO_IS.parquet,XU100.IS,False,2165713462.0,848008081.0,864739682.0,490861518.0,46013794955.0,-1268492301.0,4606471640.0
ISGYO.IS:2025Q3,ISGYO.IS,ISGYO,2025Q3,2025-09-30,2025-11-15,data/fundamentals/ISGYO_IS.parquet,XU100.IS,False,2339643368.0,945714566.0,966232317.0,-252513364.0,48809511402.0,-923874066.0,4852900313.0
ISGYO.IS:2025Q4,ISGYO.IS,ISGYO,2025Q4,2025-12-31,2026-03-15,data/fundamentals/ISGYO_IS.parquet,XU100.IS,False,3681903428.0,1409008054.0,1442949522.0,-1128502682.0,59173835380.0,-1064720431.0,5422876502.0
ISGYO.IS:2026Q1,ISGYO.IS,ISGYO,2026Q1,2026-03-31,2026-05-15,data/fundamentals/ISGYO_IS.parquet,XU100.IS,False,685652864.0,271851811.0,279487626.0,-611029605.0,54593744694.0,622421075.0,52410856.0
ISGYO.IS:2026Q2,ISGYO.IS,ISGYO,2026Q2,2026-06-30,2026-08-15,data/fundamentals/ISGYO_IS.parquet,XU100.IS,False,1689648033.0,588501209.0,610158740.0,-889329908.0,58192772340.0,1197897022.0,574780979.0
KBORU.IS:2020Q4,KBORU.IS,KBORU,2020Q4,2020-12-31,2021-03-15,data/fundamentals/KBORU_IS.parquet,XUSIN.IS,False,106453352.0,11079371.0,13773851.0,2458452.0,18803934.0,21758338.0,-15299764.0
KBORU.IS:2021Q4,KBORU.IS,KBORU,2021Q4,2021-12-31,2022-03-15,data/fundamentals/KBORU_IS.parquet,XUSIN.IS,False,226417906.0,18470586.0,23059724.0,5756687.0,117237540.0,-9451156.0,-51562706.0
KBORU.IS:2022Q2,KBORU.IS,KBORU,2022Q2,2022-06-30,2022-08-15,data/fundamentals/KBORU_IS.parquet,XUSIN.IS,False,308392495.0,34767871.0,34767871.0,13751263.0,0.0,,
KBORU.IS:2022Q3,KBORU.IS,KBORU,2022Q3,2022-09-30,2022-11-15,data/fundamentals/KBORU_IS.parquet,XUSIN.IS,False,566415038.0,69016246.0,78542632.0,25738278.0,0.0,7612349.0,-57793482.0
KBORU.IS:2022Q4,KBORU.IS,KBORU,2022Q4,2022-12-31,2023-03-15,data/fundamentals/KBORU_IS.parquet,XUSIN.IS,False,1479305667.0,211555038.0,244503588.0,202002816.0,579376671.0,-45266527.0,-164294126.0
KBORU.IS:2023Q1,KBORU.IS,KBORU,2023Q1,2023-03-31,2023-05-15,data/fundamentals/KBORU_IS.parquet,XUSIN.IS,False,392461452.0,49082119.0,62017921.0,93449796.0,0.0,-86191457.0,-94241339.0
KBORU.IS:2023Q2,KBORU.IS,KBORU,2023Q2,2023-06-30,2023-08-15,data/fundamentals/KBORU_IS.parquet,XUSIN.IS,False,1088242921.0,150662784.0,177849564.0,158854807.0,400832917.0,-205084592.0,-237357171.0
KBORU.IS:2023Q3,KBORU.IS,KBORU,2023Q3,2023-09-30,2023-11-15,data/fundamentals/KBORU_IS.parquet,XUSIN.IS,False,1839436025.0,270816517.0,316831146.0,186787002.0,469597515.0,-90443235.0,-270089018.0
KBORU.IS:2023Q4,KBORU.IS,KBORU,2023Q4,2023-12-31,2024-03-15,data/fundamentals/KBORU_IS.parquet,XUSIN.IS,False,2954440858.0,643950240.0,701151429.0,316511312.0,2415892995.0,75008755.0,-182050027.0
KBORU.IS:2024Q1,KBORU.IS,KBORU,2024Q1,2024-03-31,2024-05-15,data/fundamentals/KBORU_IS.parquet,XUSIN.IS,False,1336697524.0,196582858.0,217484157.0,222926580.0,2090337838.0,-775188784.0,-823016567.0
KBORU.IS:2024Q2,KBORU.IS,KBORU,2024Q2,2024-06-30,2024-08-15,data/fundamentals/KBORU_IS.parquet,XUSIN.IS,False,2722477518.0,425509816.0,469659347.0,471243471.0,2438955019.0,-627091227.0,-676183529.0
KBORU.IS:2024Q3,KBORU.IS,KBORU,2024Q3,2024-09-30,2024-11-15,data/fundamentals/KBORU_IS.parquet,XUSIN.IS,False,4399992604.0,721111748.0,800210310.0,541631924.0,2677658764.0,-231404960.0,-786466803.0
KBORU.IS:2024Q4,KBORU.IS,KBORU,2024Q4,2024-12-31,2025-03-15,data/fundamentals/KBORU_IS.parquet,XUSIN.IS,False,5176548230.0,454014783.0,591102971.0,848736705.0,3956695473.0,394368736.0,-1334991981.0
KBORU.IS:2025Q1,KBORU.IS,KBORU,2025Q1,2025-03-31,2025-05-15,data/fundamentals/KBORU_IS.parquet,XUSIN.IS,False,1445906942.0,254177981.0,307590323.0,268938637.0,3557101113.0,-512443900.0,-538307076.0
KBORU.IS:2025Q2,KBORU.IS,KBORU,2025Q2,2025-06-30,2025-08-15,data/fundamentals/KBORU_IS.parquet,XUSIN.IS,False,3211050459.0,493214467.0,602254679.0,740303589.0,4082357190.0,-969901703.0,0.0
KBORU.IS:2025Q3,KBORU.IS,KBORU,2025Q3,2025-09-30,2025-11-15,data/fundamentals/KBORU_IS.parquet,XUSIN.IS,False,3732899202.0,541433808.0,687591570.0,617038943.0,4241882494.0,-1218067722.0,-1566418547.0
KBORU.IS:2025Q4,KBORU.IS,KBORU,2025Q4,2025-12-31,2026-03-15,data/fundamentals/KBORU_IS.parquet,XUSIN.IS,False,6226260608.0,698944049.0,961355923.0,757885800.0,5236922004.0,-1717991197.0,-2212342282.0
KBORU.IS:2026Q1,KBORU.IS,KBORU,2026Q1,2026-03-31,2026-05-15,data/fundamentals/KBORU_IS.parquet,XUSIN.IS,False,2044094216.0,153995427.0,229372652.0,229985505.0,5131323395.0,1323175840.0,296405986.0
KBORU.IS:2026Q2,KBORU.IS,KBORU,2026Q2,2026-06-30,2026-08-15,data/fundamentals/KBORU_IS.parquet,XUSIN.IS,False,4390656714.0,468834806.0,638918617.0,259859212.0,5678021277.0,-110979038.0,-604893844.0
KCAER.IS:2019Q4,KCAER.IS,KCAER,2019Q4,2019-12-31,2020-03-15,data/fundamentals/KCAER_IS.parquet,XUSIN.IS,False,1781563409.0,84596690.0,121062002.0,-23442894.0,131676447.0,-76508173.0,-145527651.0
KCAER.IS:2020Q4,KCAER.IS,KCAER,2020Q4,2020-12-31,2021-03-15,data/fundamentals/KCAER_IS.parquet,XUSIN.IS,False,1965991003.0,187195101.0,228914773.0,81629157.0,259006868.0,114434911.0,85359426.0
KCAER.IS:2021Q1,KCAER.IS,KCAER,2021Q1,2021-03-31,2021-05-15,data/fundamentals/KCAER_IS.parquet,XUSIN.IS,False,552040431.0,49033629.0,61970651.0,-33133890.0,0.0,-182173813.0,-198073745.0
KCAER.IS:2021Q2,KCAER.IS,KCAER,2021Q2,2021-06-30,2021-08-15,data/fundamentals/KCAER_IS.parquet,XUSIN.IS,False,1710894749.0,268632620.0,293009452.0,107808959.0,0.0,231433935.0,188322252.0
KCAER.IS:2021Q3,KCAER.IS,KCAER,2021Q3,2021-09-30,2021-11-15,data/fundamentals/KCAER_IS.parquet,XUSIN.IS,False,2492802610.0,241221694.0,280737368.0,104043974.0,0.0,-65042572.0,-131621474.0
KCAER.IS:2021Q4,KCAER.IS,KCAER,2021Q4,2021-12-31,2022-03-15,data/fundamentals/KCAER_IS.parquet,XUSIN.IS,False,4216306544.0,536071725.0,587292208.0,135368253.0,933378060.0,-390650122.0,-531740798.0
KCAER.IS:2022Q1,KCAER.IS,KCAER,2022Q1,2022-03-31,2022-05-15,data/fundamentals/KCAER_IS.parquet,XUSIN.IS,False,1877840534.0,330405516.0,346301042.0,83312246.0,1268147329.0,-17856401.0,-75661367.0
KCAER.IS:2022Q2,KCAER.IS,KCAER,2022Q2,2022-06-30,2022-08-15,data/fundamentals/KCAER_IS.parquet,XUSIN.IS,False,4322077646.0,811657154.0,846757364.0,322923621.0,2048299235.0,71868918.0,-61755243.0
KCAER.IS:2022Q3,KCAER.IS,KCAER,2022Q3,2022-09-30,2022-11-15,data/fundamentals/KCAER_IS.parquet,XUSIN.IS,False,6747358164.0,1107901539.0,1164208148.0,453655422.0,2172525857.0,246657751.0,-1360226.0
KCAER.IS:2022Q4,KCAER.IS,KCAER,2022Q4,2022-12-31,2023-03-15,data/fundamentals/KCAER_IS.parquet,XUSIN.IS,False,17588426966.0,1886069322.0,2091564899.0,970005121.0,5585720583.0,2173209902.0,1207772566.0
KCAER.IS:2023Q1,KCAER.IS,KCAER,2023Q1,2023-03-31,2023-05-15,data/fundamentals/KCAER_IS.parquet,XUSIN.IS,False,4735790030.0,330192168.0,384056546.0,112162676.0,3463992190.0,231263758.0,342811266.0
KCAER.IS:2023Q2,KCAER.IS,KCAER,2023Q2,2023-06-30,2023-08-15,data/fundamentals/KCAER_IS.parquet,XUSIN.IS,False,9775999487.0,1613695467.0,1749403495.0,634111747.0,3614966936.0,5088727.0,-849419890.0
KCAER.IS:2023Q3,KCAER.IS,KCAER,2023Q3,2023-09-30,2023-11-15,data/fundamentals/KCAER_IS.parquet,XUSIN.IS,False,15554341056.0,1576485765.0,1794559806.0,530357435.0,4142026338.0,865912551.0,-923769575.0
KCAER.IS:2023Q4,KCAER.IS,KCAER,2023Q4,2023-12-31,2024-03-15,data/fundamentals/KCAER_IS.parquet,XUSIN.IS,False,22219241593.0,2887388141.0,3206141314.0,1705049800.0,9557348053.0,787323174.0,934667881.0
KCAER.IS:2024Q1,KCAER.IS,KCAER,2024Q1,2024-03-31,2024-05-15,data/fundamentals/KCAER_IS.parquet,XUSIN.IS,False,5338030680.0,581308796.0,682485275.0,132369542.0,8259168908.0,1010937791.0,620028588.0
KCAER.IS:2024Q2,KCAER.IS,KCAER,2024Q2,2024-06-30,2024-08-15,data/fundamentals/KCAER_IS.parquet,XUSIN.IS,False,10683086863.0,1178203171.0,1389569714.0,196136925.0,9043106438.0,-219829046.0,-1256589949.0
KCAER.IS:2024Q3,KCAER.IS,KCAER,2024Q3,2024-09-30,2024-11-15,data/fundamentals/KCAER_IS.parquet,XUSIN.IS,False,17422991342.0,1858142975.0,2193724080.0,8201566.0,9687955007.0,-40983018.0,-829226901.0
KCAER.IS:2024Q4,KCAER.IS,KCAER,2024Q4,2024-12-31,2025-03-15,data/fundamentals/KCAER_IS.parquet,XUSIN.IS,False,25177414647.0,2203768650.0,2665323502.0,108802615.0,12428913554.0,2503770342.0,1113047629.0
KCAER.IS:2025Q1,KCAER.IS,KCAER,2025Q1,2025-03-31,2025-05-15,data/fundamentals/KCAER_IS.parquet,XUSIN.IS,False,5919691395.0,712712838.0,854902638.0,357176362.0,10414043452.0,1079386902.0,-2549657634.0
KCAER.IS:2025Q2,KCAER.IS,KCAER,2025Q2,2025-06-30,2025-08-15,data/fundamentals/KCAER_IS.parquet,XUSIN.IS,False,13892018208.0,1671585451.0,1980951211.0,519597028.0,11058904376.0,-1280177358.0,-1924902574.0
KCAER.IS:2025Q3,KCAER.IS,KCAER,2025Q3,2025-09-30,2025-11-15,data/fundamentals/KCAER_IS.parquet,XUSIN.IS,False,17243448882.0,1818796913.0,2182307344.0,450500383.0,11833003260.0,-1212578322.0,-1782866179.0
KCAER.IS:2025Q4,KCAER.IS,KCAER,2025Q4,2025-12-31,2026-03-15,data/fundamentals/KCAER_IS.parquet,XUSIN.IS,False,28393614424.0,3053868117.0,3660686498.0,564315457.0,14521972492.0,185086748.0,-939771451.0
KCAER.IS:2026Q1,KCAER.IS,KCAER,2026Q1,2026-03-31,2026-05-15,data/fundamentals/KCAER_IS.parquet,XUSIN.IS,False,5055055997.0,565116956.0,715246962.0,123979435.0,13696800997.0,-1019381907.0,-889978439.0
KCAER.IS:2026Q2,KCAER.IS,KCAER,2026Q2,2026-06-30,2026-08-15,data/fundamentals/KCAER_IS.parquet,XUSIN.IS,False,11584836453.0,1431548270.0,1760567978.0,618236275.0,14904143448.0,-1124504232.0,-871409425.0
KCHOL.IS:2018Q1,KCHOL.IS,KCHOL,2018Q1,2018-03-31,2018-05-15,data/fundamentals/KCHOL_IS.parquet,XUSIN.IS,False,24414442000.0,1290793000.0,1737224000.0,1536338000.0,40301894000.0,-470039000.0,-1952759000.0
KCHOL.IS:2018Q2,KCHOL.IS,KCHOL,2018Q2,2018-06-30,2018-08-15,data/fundamentals/KCHOL_IS.parquet,XUSIN.IS,False,57498401000.0,3909585000.0,4871975000.0,3669404000.0,42637260000.0,3166380000.0,-1472157000.0
KCHOL.IS:2018Q3,KCHOL.IS,KCHOL,2018Q3,2018-09-30,2018-11-15,data/fundamentals/KCHOL_IS.parquet,XUSIN.IS,False,102848342000.0,8673933000.0,10214689000.0,5509217000.0,45166086000.0,5169215000.0,-449115000.0
KCHOL.IS:2018Q4,KCHOL.IS,KCHOL,2018Q4,2018-12-31,2019-03-15,data/fundamentals/KCHOL_IS.parquet,XUSIN.IS,False,142469768000.0,11426476000.0,13539772000.0,8425093000.0,46958410000.0,6830054000.0,305636000.0
KCHOL.IS:2019Q1,KCHOL.IS,KCHOL,2019Q1,2019-03-31,2019-05-15,data/fundamentals/KCHOL_IS.parquet,XUSIN.IS,False,34095399000.0,1350250000.0,1993965000.0,717431000.0,44030069000.0,5873257000.0,4016393000.0
KCHOL.IS:2019Q2,KCHOL.IS,KCHOL,2019Q2,2019-06-30,2019-08-15,data/fundamentals/KCHOL_IS.parquet,XUSIN.IS,False,74749511000.0,3881658000.0,5212921000.0,3012309000.0,46624362000.0,11013459000.0,7245438000.0
KCHOL.IS:2019Q3,KCHOL.IS,KCHOL,2019Q3,2019-09-30,2019-11-15,data/fundamentals/KCHOL_IS.parquet,XUSIN.IS,False,113646562000.0,6075543000.0,8124944000.0,4374850000.0,47475627000.0,14466364000.0,10018657000.0
KCHOL.IS:2019Q4,KCHOL.IS,KCHOL,2019Q4,2019-12-31,2020-03-15,data/fundamentals/KCHOL_IS.parquet,XUSIN.IS,False,152906954000.0,7931096000.0,10696351000.0,5921284000.0,49652035000.0,19017986000.0,13062653000.0
KCHOL.IS:2020Q1,KCHOL.IS,KCHOL,2020Q1,2020-03-31,2020-05-15,data/fundamentals/KCHOL_IS.parquet,XUSIN.IS,False,32195533000.0,2398919000.0,3294913000.0,2872521000.0,75752702000.0,5743255000.0,36427432000.0
KCHOL.IS:2020Q2,KCHOL.IS,KCHOL,2020Q2,2020-06-30,2020-08-15,data/fundamentals/KCHOL_IS.parquet,XUSIN.IS,False,56559388000.0,7409254000.0,9322072000.0,4595049000.0,78037377000.0,10875612000.0,33966815000.0
KCHOL.IS:2020Q3,KCHOL.IS,KCHOL,2020Q3,2020-09-30,2020-11-15,data/fundamentals/KCHOL_IS.parquet,XUSIN.IS,False,96786163000.0,15357119000.0,18338298000.0,8480709000.0,83580067000.0,5514364000.0,22874646000.0
KCHOL.IS:2020Q4,KCHOL.IS,KCHOL,2020Q4,2020-12-31,2021-03-15,data/fundamentals/KCHOL_IS.parquet,XUSIN.IS,False,142535886000.0,21329537000.0,25393096000.0,12633297000.0,88071052000.0,20209815000.0,33046618000.0
KCHOL.IS:2021Q1,KCHOL.IS,KCHOL,2021Q1,2021-03-31,2021-05-15,data/fundamentals/KCHOL_IS.parquet,XUSIN.IS,False,43301601000.0,7273470000.0,8403120000.0,3278619000.0,92746570000.0,8866780000.0,-2057690000.0
KCHOL.IS:2021Q2,KCHOL.IS,KCHOL,2021Q2,2021-06-30,2021-08-15,data/fundamentals/KCHOL_IS.parquet,XUSIN.IS,False,102517619000.0,15328074000.0,17668623000.0,9255787000.0,96922693000.0,17766751000.0,-1635816000.0
KCHOL.IS:2021Q3,KCHOL.IS,KCHOL,2021Q3,2021-09-30,2021-11-15,data/fundamentals/KCHOL_IS.parquet,XUSIN.IS,False,176268491000.0,25569203000.0,29259010000.0,16534295000.0,104188444000.0,32173516000.0,2331067000.0
KCHOL.IS:2021Q4,KCHOL.IS,KCHOL,2021Q4,2021-12-31,2022-03-15,data/fundamentals/KCHOL_IS.parquet,XUSIN.IS,False,273653000000.0,46905000000.0,52191000000.0,26185000000.0,121105000000.0,50664000000.0,-2936000000.0
KCHOL.IS:2022Q1,KCHOL.IS,KCHOL,2022Q1,2022-03-31,2022-05-15,data/fundamentals/KCHOL_IS.parquet,XUSIN.IS,False,124772000000.0,20575000000.0,22354000000.0,12325000000.0,138974750000.0,23375000000.0,9960000000.0
KCHOL.IS:2022Q2,KCHOL.IS,KCHOL,2022Q2,2022-06-30,2022-08-15,data/fundamentals/KCHOL_IS.parquet,XUSIN.IS,False,322355000000.0,58984000000.0,62704000000.0,38919000000.0,164018189000.0,57976000000.0,12156000000.0
KCHOL.IS:2022Q3,KCHOL.IS,KCHOL,2022Q3,2022-09-30,2022-11-15,data/fundamentals/KCHOL_IS.parquet,XUSIN.IS,False,535749000000.0,106155000000.0,112059953000.0,72022000000.0,204052422000.0,71487000000.0,11223000000.0
KCHOL.IS:2022Q4,KCHOL.IS,KCHOL,2022Q4,2022-12-31,2023-03-15,data/fundamentals/KCHOL_IS.parquet,XUSIN.IS,False,1399472000000.0,267654000000.0,293111000000.0,129576000000.0,609933000000.0,153543000000.0,67905000000.0
KCHOL.IS:2023Q1,KCHOL.IS,KCHOL,2023Q1,2023-03-31,2023-05-15,data/fundamentals/KCHOL_IS.parquet,XUSIN.IS,False,325598000000.0,53191000000.0,62528000000.0,16006000000.0,255249000000.0,154703000000.0,116469000000.0
KCHOL.IS:2023Q2,KCHOL.IS,KCHOL,2023Q2,2023-06-30,2023-08-15,data/fundamentals/KCHOL_IS.parquet,XUSIN.IS,False,733617000000.0,135542000000.0,154636000000.0,55255000000.0,289432000000.0,308949000000.0,126104000000.0
KCHOL.IS:2023Q3,KCHOL.IS,KCHOL,2023Q3,2023-09-30,2023-11-15,data/fundamentals/KCHOL_IS.parquet,XUSIN.IS,False,1218533000000.0,244712000000.0,272396000000.0,77216000000.0,349227000000.0,424611000000.0,229586000000.0
KCHOL.IS:2023Q4,KCHOL.IS,KCHOL,2023Q4,2023-12-31,2024-03-15,data/fundamentals/KCHOL_IS.parquet,XUSIN.IS,False,1760013000000.0,315620000000.0,359817000000.0,178415000000.0,973506000000.0,489465000000.0,250573000000.0
KCHOL.IS:2024Q1,KCHOL.IS,KCHOL,2024Q1,2024-03-31,2024-05-15,data/fundamentals/KCHOL_IS.parquet,XUSIN.IS,False,430550000000.0,39244000000.0,51102000000.0,354000000.0,754952000000.0,-81133000000.0,-172271000000.0
KCHOL.IS:2024Q2,KCHOL.IS,KCHOL,2024Q2,2024-06-30,2024-08-15,data/fundamentals/KCHOL_IS.parquet,XUSIN.IS,False,951428000000.0,62948000000.0,92933000000.0,20880000000.0,794901000000.0,60177000000.0,-49858000000.0
KCHOL.IS:2024Q3,KCHOL.IS,KCHOL,2024Q3,2024-09-30,2024-11-15,data/fundamentals/KCHOL_IS.parquet,XUSIN.IS,False,1546754000000.0,85762000000.0,135368000000.0,14398000000.0,841797000000.0,114173000000.0,9436000000.0
KCHOL.IS:2024Q4,KCHOL.IS,KCHOL,2024Q4,2024-12-31,2025-03-15,data/fundamentals/KCHOL_IS.parquet,XUSIN.IS,False,2109315480190.0,102267485402.0,178535827538.0,-6921586346.0,1123925306025.0,152238249762.0,-6628387530.0
KCHOL.IS:2025Q1,KCHOL.IS,KCHOL,2025Q1,2025-03-31,2025-05-15,data/fundamentals/KCHOL_IS.parquet,XUSIN.IS,False,460110000000.0,31151000000.0,51033000000.0,-3912000000.0,916778000000.0,-17535000000.0,6069000000.0
KCHOL.IS:2025Q2,KCHOL.IS,KCHOL,2025Q2,2025-06-30,2025-08-15,data/fundamentals/KCHOL_IS.parquet,XUSIN.IS,False,1029269000000.0,75598000000.0,118890000000.0,12589000000.0,959379000000.0,-67465000000.0,-129464000000.0
KCHOL.IS:2025Q3,KCHOL.IS,KCHOL,2025Q3,2025-09-30,2025-11-15,data/fundamentals/KCHOL_IS.parquet,XUSIN.IS,False,1302388000000.0,99215000000.0,153189000000.0,23290000000.0,1039810000000.0,-46711000000.0,-135328000000.0
KCHOL.IS:2025Q4,KCHOL.IS,KCHOL,2025Q4,2025-12-31,2026-03-15,data/fundamentals/KCHOL_IS.parquet,XUSIN.IS,False,2165128447460.0,162471362674.0,250074244547.0,40777403397.0,1286597261218.0,-120061826866.0,-344607212448.0
KCHOL.IS:2026Q1,KCHOL.IS,KCHOL,2026Q1,2026-03-31,2026-05-15,data/fundamentals/KCHOL_IS.parquet,XUSIN.IS,False,494094000000.0,41177000000.0,61256000000.0,2084000000.0,1144002000000.0,76338000000.0,35079000000.0
KCHOL.IS:2026Q2,KCHOL.IS,KCHOL,2026Q2,2026-06-30,2026-08-15,data/fundamentals/KCHOL_IS.parquet,XUSIN.IS,False,1180496000000.0,115696000000.0,157214000000.0,46868000000.0,1291998000000.0,-9769000000.0,-56816000000.0
KONTR.IS:2018Q4,KONTR.IS,KONTR,2018Q4,2018-12-31,2019-03-15,data/fundamentals/KONTR_IS.parquet,XUSIN.IS,False,59266831.0,5950201.0,7176390.0,1405562.0,12453283.0,27189904.0,19362246.0
KONTR.IS:2019Q2,KONTR.IS,KONTR,2019Q2,2019-06-30,2019-08-15,data/fundamentals/KONTR_IS.parquet,XUSIN.IS,False,43789806.0,6219863.0,7039914.0,2750104.0,0.0,-3849766.0,-8635520.0
KONTR.IS:2019Q3,KONTR.IS,KONTR,2019Q3,2019-09-30,2019-11-15,data/fundamentals/KONTR_IS.parquet,XUSIN.IS,False,97293063.0,10536975.0,11774945.0,6478446.0,0.0,-4501561.0,-13823072.0
KONTR.IS:2019Q4,KONTR.IS,KONTR,2019Q4,2019-12-31,2020-03-15,data/fundamentals/KONTR_IS.parquet,XUSIN.IS,False,186625739.0,25968357.0,27627858.0,27565179.0,42410317.0,-5293976.0,-14785513.0
KONTR.IS:2020Q1,KONTR.IS,KONTR,2020Q1,2020-03-31,2020-05-15,data/fundamentals/KONTR_IS.parquet,XUSIN.IS,False,32572331.0,2252053.0,2679889.0,3947958.0,0.0,-4617053.0,-5199271.0
KONTR.IS:2020Q2,KONTR.IS,KONTR,2020Q2,2020-06-30,2020-08-15,data/fundamentals/KONTR_IS.parquet,XUSIN.IS,False,70364321.0,8799118.0,9658821.0,8594404.0,50955648.0,-28158413.0,-28760173.0
KONTR.IS:2020Q3,KONTR.IS,KONTR,2020Q3,2020-09-30,2020-11-15,data/fundamentals/KONTR_IS.parquet,XUSIN.IS,False,121764296.0,17501970.0,18797831.0,13390609.0,55699474.0,-37614753.0,-38522731.0
KONTR.IS:2020Q4,KONTR.IS,KONTR,2020Q4,2020-12-31,2021-03-15,data/fundamentals/KONTR_IS.parquet,XUSIN.IS,False,201141518.0,25087167.0,26842691.0,23987205.0,133727125.0,-57491455.0,-58823063.0
KONTR.IS:2021Q1,KONTR.IS,KONTR,2021Q1,2021-03-31,2021-05-15,data/fundamentals/KONTR_IS.parquet,XUSIN.IS,False,103488738.0,14514330.0,15441517.0,17774125.0,151439211.0,-6795441.0,-18648722.0
KONTR.IS:2021Q2,KONTR.IS,KONTR,2021Q2,2021-06-30,2021-08-15,data/fundamentals/KONTR_IS.parquet,XUSIN.IS,False,194023994.0,39688491.0,42131591.0,42351338.0,176035372.0,-7382734.0,-23144126.0
KONTR.IS:2021Q3,KONTR.IS,KONTR,2021Q3,2021-09-30,2021-11-15,data/fundamentals/KONTR_IS.parquet,XUSIN.IS,False,350362998.0,63750761.0,68312340.0,70632943.0,197360618.0,-48089370.0,-94396905.0
KONTR.IS:2021Q4,KONTR.IS,KONTR,2021Q4,2021-12-31,2022-03-15,data/fundamentals/KONTR_IS.parquet,XUSIN.IS,False,611807669.0,115591510.0,122493220.0,130554106.0,286399809.0,-135338654.0,-191584020.0
KONTR.IS:2022Q1,KONTR.IS,KONTR,2022Q1,2022-03-31,2022-05-15,data/fundamentals/KONTR_IS.parquet,XUSIN.IS,False,213197320.0,31871328.0,34188658.0,43231708.0,330076358.0,-200407825.0,-208946208.0
KONTR.IS:2022Q2,KONTR.IS,KONTR,2022Q2,2022-06-30,2022-08-15,data/fundamentals/KONTR_IS.parquet,XUSIN.IS,False,513664784.0,117835711.0,124143314.0,119530591.0,395528494.0,-227073513.0,-345020226.0
KONTR.IS:2022Q3,KONTR.IS,KONTR,2022Q3,2022-09-30,2022-11-15,data/fundamentals/KONTR_IS.parquet,XUSIN.IS,False,855407683.0,233333995.0,243935777.0,195245250.0,474400997.0,-283493659.0,-537411534.0
KONTR.IS:2022Q4,KONTR.IS,KONTR,2022Q4,2022-12-31,2023-03-15,data/fundamentals/KONTR_IS.parquet,XUSIN.IS,False,3279440049.0,555478668.0,604246382.0,676273827.0,2250980749.0,1137288225.0,1044982478.0
KONTR.IS:2023Q1,KONTR.IS,KONTR,2023Q1,2023-03-31,2023-05-15,data/fundamentals/KONTR_IS.parquet,XUSIN.IS,False,1035752157.0,-38568378.0,-23804241.0,217991361.0,1369741469.0,-410483928.0,-1129758884.0
KONTR.IS:2023Q2,KONTR.IS,KONTR,2023Q2,2023-06-30,2023-08-15,data/fundamentals/KONTR_IS.parquet,XUSIN.IS,False,1659297628.0,-227013676.0,-165858547.0,486801134.0,1484909823.0,-712343227.0,-2396322553.0
KONTR.IS:2023Q3,KONTR.IS,KONTR,2023Q3,2023-09-30,2023-11-15,data/fundamentals/KONTR_IS.parquet,XUSIN.IS,False,3227079497.0,-242272005.0,231908546.0,1035073061.0,2055814303.0,-26430146.0,-4139694891.0
KONTR.IS:2023Q4,KONTR.IS,KONTR,2023Q4,2023-12-31,2024-03-15,data/fundamentals/KONTR_IS.parquet,XUSIN.IS,False,5725836069.0,-143143523.0,459586125.0,621604164.0,5325351635.0,2188255686.0,-3186724857.0
KONTR.IS:2024Q1,KONTR.IS,KONTR,2024Q1,2024-03-31,2024-05-15,data/fundamentals/KONTR_IS.parquet,XUSIN.IS,False,1392751336.0,-16155422.0,182142128.0,475170485.0,4545631186.0,-788564045.0,-963508415.0
KONTR.IS:2024Q2,KONTR.IS,KONTR,2024Q2,2024-06-30,2024-08-15,data/fundamentals/KONTR_IS.parquet,XUSIN.IS,False,4083345177.0,377349711.0,776742762.0,809019896.0,5233497318.0,431512243.0,-845308630.0
KONTR.IS:2024Q3,KONTR.IS,KONTR,2024Q3,2024-09-30,2024-11-15,data/fundamentals/KONTR_IS.parquet,XUSIN.IS,False,7005103642.0,725924664.0,1349215067.0,961916335.0,5952975155.0,822824491.0,-1416343415.0
KONTR.IS:2024Q4,KONTR.IS,KONTR,2024Q4,2024-12-31,2025-03-15,data/fundamentals/KONTR_IS.parquet,XUSIN.IS,False,12968588429.0,526505150.0,1492863796.0,250500302.0,7689331918.0,3048953253.0,-1633266176.0
KONTR.IS:2025Q1,KONTR.IS,KONTR,2025Q1,2025-03-31,2025-05-15,data/fundamentals/KONTR_IS.parquet,XUSIN.IS,False,2671345802.0,51373815.0,295029409.0,355033460.0,6765156597.0,-753241895.0,-2573314186.0
KONTR.IS:2025Q2,KONTR.IS,KONTR,2025Q2,2025-06-30,2025-08-15,data/fundamentals/KONTR_IS.parquet,XUSIN.IS,False,5977653001.0,197726009.0,572429143.0,28515062.0,6964885497.0,-271457396.0,-2910177846.0
KONTR.IS:2025Q3,KONTR.IS,KONTR,2025Q3,2025-09-30,2025-11-15,data/fundamentals/KONTR_IS.parquet,XUSIN.IS,False,9123688427.0,25365195.0,543039910.0,-499901705.0,6859236219.0,1422475286.0,-2164513035.0
KONTR.IS:2025Q4,KONTR.IS,KONTR,2025Q4,2025-12-31,2026-03-15,data/fundamentals/KONTR_IS.parquet,XUSIN.IS,False,18589224173.0,-465684058.0,385655346.0,-1253567625.0,8040895513.0,1648696804.0,-3256623228.0
KONTR.IS:2026Q1,KONTR.IS,KONTR,2026Q1,2026-03-31,2026-05-15,data/fundamentals/KONTR_IS.parquet,XUSIN.IS,False,2747445462.0,84307460.0,278021349.0,-8261366.0,8097702708.0,3846423006.0,3683309168.0
KORDS.IS:2018Q1,KORDS.IS,KORDS,2018Q1,2018-03-31,2018-05-15,data/fundamentals/KORDS_IS.parquet,XUSIN.IS,False,712913706.0,90423828.0,119807403.0,71270146.0,1733792110.0,28804331.0,-16035345.0
KORDS.IS:2018Q2,KORDS.IS,KORDS,2018Q2,2018-06-30,2018-08-15,data/fundamentals/KORDS_IS.parquet,XUSIN.IS,False,1538299973.0,201421214.0,262971198.0,155366400.0,1955380413.0,45176582.0,-60054965.0
KORDS.IS:2018Q3,KORDS.IS,KORDS,2018Q3,2018-09-30,2018-11-15,data/fundamentals/KORDS_IS.parquet,XUSIN.IS,False,2775784979.0,394208309.0,493336875.0,290119963.0,2349515822.0,202989466.0,-429255017.0
KORDS.IS:2018Q4,KORDS.IS,KORDS,2018Q4,2018-12-31,2019-03-15,data/fundamentals/KORDS_IS.parquet,XUSIN.IS,False,3946724188.0,481890207.0,621485792.0,338544645.0,2338913968.0,340842897.0,-361791950.0
KORDS.IS:2019Q1,KORDS.IS,KORDS,2019Q1,2019-03-31,2019-05-15,data/fundamentals/KORDS_IS.parquet,XUSIN.IS,False,1265140511.0,154271540.0,197633911.0,110754218.0,2510570363.0,224618940.0,170371761.0
KORDS.IS:2019Q2,KORDS.IS,KORDS,2019Q2,2019-06-30,2019-08-15,data/fundamentals/KORDS_IS.parquet,XUSIN.IS,False,2585979670.0,315092548.0,407437680.0,218968696.0,2640844114.0,319861512.0,249116970.0
KORDS.IS:2019Q3,KORDS.IS,KORDS,2019Q3,2019-09-30,2019-11-15,data/fundamentals/KORDS_IS.parquet,XUSIN.IS,False,3871452535.0,432430410.0,583021571.0,300642135.0,2670664207.0,567114442.0,-574143670.0
KORDS.IS:2019Q4,KORDS.IS,KORDS,2019Q4,2019-12-31,2020-03-15,data/fundamentals/KORDS_IS.parquet,XUSIN.IS,False,5137361394.0,541163916.0,747358993.0,378487928.0,2819558607.0,705528225.0,-456304130.0
KORDS.IS:2020Q1,KORDS.IS,KORDS,2020Q1,2020-03-31,2020-05-15,data/fundamentals/KORDS_IS.parquet,XUSIN.IS,False,1198970140.0,88038286.0,153133608.0,61796129.0,2865147556.0,104442682.0,74153306.0
KORDS.IS:2020Q2,KORDS.IS,KORDS,2020Q2,2020-06-30,2020-08-15,data/fundamentals/KORDS_IS.parquet,XUSIN.IS,False,2006534475.0,132354861.0,267474182.0,75028430.0,2984843276.0,224521520.0,168907462.0
KORDS.IS:2020Q3,KORDS.IS,KORDS,2020Q3,2020-09-30,2020-11-15,data/fundamentals/KORDS_IS.parquet,XUSIN.IS,False,3085568388.0,158122578.0,363876700.0,94108647.0,3378239876.0,542666851.0,430090098.0
KORDS.IS:2020Q4,KORDS.IS,KORDS,2020Q4,2020-12-31,2021-03-15,data/fundamentals/KORDS_IS.parquet,XUSIN.IS,False,4536336439.0,289242741.0,573927281.0,150393991.0,3278122367.0,902162580.0,694089952.0
KORDS.IS:2021Q1,KORDS.IS,KORDS,2021Q1,2021-03-31,2021-05-15,data/fundamentals/KORDS_IS.parquet,XUSIN.IS,False,1514222901.0,196813422.0,268027171.0,144454384.0,3775759657.0,150927012.0,125971437.0
KORDS.IS:2021Q2,KORDS.IS,KORDS,2021Q2,2021-06-30,2021-08-15,data/fundamentals/KORDS_IS.parquet,XUSIN.IS,False,3202896924.0,398355021.0,552773033.0,392582640.0,4141252641.0,370423531.0,304060807.0
KORDS.IS:2021Q3,KORDS.IS,KORDS,2021Q3,2021-09-30,2021-11-15,data/fundamentals/KORDS_IS.parquet,XUSIN.IS,False,5189552654.0,617155777.0,861407474.0,558299423.0,4302690343.0,469216489.0,305426256.0
KORDS.IS:2021Q4,KORDS.IS,KORDS,2021Q4,2021-12-31,2022-03-15,data/fundamentals/KORDS_IS.parquet,XUSIN.IS,False,7891054563.0,867558041.0,1217570079.0,855717662.0,6483576896.0,485771396.0,211466006.0
KORDS.IS:2022Q1,KORDS.IS,KORDS,2022Q1,2022-03-31,2022-05-15,data/fundamentals/KORDS_IS.parquet,XUSIN.IS,False,4160330627.0,658375112.0,787799094.0,484226490.0,7583351576.0,-170599415.0,-229121967.0
KORDS.IS:2022Q2,KORDS.IS,KORDS,2022Q2,2022-06-30,2022-08-15,data/fundamentals/KORDS_IS.parquet,XUSIN.IS,False,8799011569.0,1075848005.0,1350299408.0,891924459.0,8839075011.0,15518421.0,-120181353.0
KORDS.IS:2022Q3,KORDS.IS,KORDS,2022Q3,2022-09-30,2022-11-15,data/fundamentals/KORDS_IS.parquet,XUSIN.IS,False,13761170283.0,1402814102.0,1837288499.0,1278873342.0,9650849704.0,356745909.0,-450417729.0
KORDS.IS:2022Q4,KORDS.IS,KORDS,2022Q4,2022-12-31,2023-03-15,data/fundamentals/KORDS_IS.parquet,XUSIN.IS,False,18439743907.0,1541063562.0,2151950135.0,1509147612.0,10026315404.0,928366210.0,-464305521.0
KORDS.IS:2023Q1,KORDS.IS,KORDS,2023Q1,2023-03-31,2023-05-15,data/fundamentals/KORDS_IS.parquet,XUSIN.IS,False,5194084877.0,238704430.0,431328024.0,90389685.0,10335228090.0,148540491.0,32066697.0
KORDS.IS:2023Q2,KORDS.IS,KORDS,2023Q2,2023-06-30,2023-08-15,data/fundamentals/KORDS_IS.parquet,XUSIN.IS,False,10206459272.0,421256831.0,809785720.0,50124433.0,13632940514.0,555895777.0,224500320.0
KORDS.IS:2023Q3,KORDS.IS,KORDS,2023Q3,2023-09-30,2023-11-15,data/fundamentals/KORDS_IS.parquet,XUSIN.IS,False,18770389144.0,823854943.0,1563380578.0,157460438.0,14514782591.0,3194155201.0,2520860201.0
KORDS.IS:2023Q4,KORDS.IS,KORDS,2023Q4,2023-12-31,2024-03-15,data/fundamentals/KORDS_IS.parquet,XUSIN.IS,False,23503080721.0,998411057.0,1951751194.0,394467067.0,16060675241.0,3213212412.0,2201483819.0
KORDS.IS:2024Q1,KORDS.IS,KORDS,2024Q1,2024-03-31,2024-05-15,data/fundamentals/KORDS_IS.parquet,XUSIN.IS,False,7239383700.0,365475372.0,686929679.0,98332195.0,17584044205.0,52757377.0,-268739399.0
KORDS.IS:2024Q2,KORDS.IS,KORDS,2024Q2,2024-06-30,2024-08-15,data/fundamentals/KORDS_IS.parquet,XUSIN.IS,False,14824952702.0,474528360.0,1127944353.0,120437887.0,17294983336.0,61777422.0,-620814281.0
KORDS.IS:2024Q3,KORDS.IS,KORDS,2024Q3,2024-09-30,2024-11-15,data/fundamentals/KORDS_IS.parquet,XUSIN.IS,False,22689558615.0,627815054.0,1650854682.0,-52579714.0,17881604531.0,514779472.0,-444089006.0
KORDS.IS:2024Q4,KORDS.IS,KORDS,2024Q4,2024-12-31,2025-03-15,data/fundamentals/KORDS_IS.parquet,XUSIN.IS,False,39834204552.0,362794533.0,2203048596.0,-1120040524.0,22520294229.0,2400150771.0,769398617.0
KORDS.IS:2025Q1,KORDS.IS,KORDS,2025Q1,2025-03-31,2025-05-15,data/fundamentals/KORDS_IS.parquet,XUSIN.IS,False,7846866860.0,110257986.0,504720316.0,-275224681.0,18078557459.0,1507353484.0,1395629425.0
KORDS.IS:2025Q2,KORDS.IS,KORDS,2025Q2,2025-06-30,2025-08-15,data/fundamentals/KORDS_IS.parquet,XUSIN.IS,False,15458763516.0,188562582.0,1015826240.0,-438353029.0,18552990057.0,2569439639.0,488344875.0
KORDS.IS:2025Q3,KORDS.IS,KORDS,2025Q3,2025-09-30,2025-11-15,data/fundamentals/KORDS_IS.parquet,XUSIN.IS,False,23496056752.0,315570785.0,1606646004.0,-861749877.0,19242399891.0,4312212685.0,1920187149.0
KORDS.IS:2025Q4,KORDS.IS,KORDS,2025Q4,2025-12-31,2026-03-15,data/fundamentals/KORDS_IS.parquet,XUSIN.IS,False,36555221113.0,-201962418.0,1867753249.0,-1756774977.0,25196969964.0,7007628186.0,4311203303.0
KORDS.IS:2026Q1,KORDS.IS,KORDS,2026Q1,2026-03-31,2026-05-15,data/fundamentals/KORDS_IS.parquet,XUSIN.IS,False,8755793678.0,157696529.0,637034581.0,133437319.0,20262136678.0,971033682.0,920109901.0
KORDS.IS:2026Q2,KORDS.IS,KORDS,2026Q2,2026-06-30,2026-08-15,data/fundamentals/KORDS_IS.parquet,XUSIN.IS,False,18593547002.0,847188545.0,1823483543.0,767525403.0,21791250825.0,735463257.0,1339577897.0
KRDMD.IS:2018Q1,KRDMD.IS,KRDMD,2018Q1,2018-03-31,2018-05-15,data/fundamentals/KRDMD_IS.parquet,XUSIN.IS,False,881865268.0,230366596.0,256311894.0,160872559.0,1835891233.0,292616838.0,262725682.0
KRDMD.IS:2018Q2,KRDMD.IS,KRDMD,2018Q2,2018-06-30,2018-08-15,data/fundamentals/KRDMD_IS.parquet,XUSIN.IS,False,1744347150.0,519905742.0,571065175.0,300404616.0,1975953351.0,468807487.0,411571461.0
KRDMD.IS:2018Q3,KRDMD.IS,KRDMD,2018Q3,2018-09-30,2018-11-15,data/fundamentals/KRDMD_IS.parquet,XUSIN.IS,False,2704893484.0,861542220.0,934830954.0,332883091.0,2008431825.0,340116480.0,220645876.0
KRDMD.IS:2018Q4,KRDMD.IS,KRDMD,2018Q4,2018-12-31,2019-03-15,data/fundamentals/KRDMD_IS.parquet,XUSIN.IS,False,3820917701.0,1107649634.0,1207644409.0,557286112.0,2797257905.0,155393731.0,-77869807.0
KRDMD.IS:2019Q1,KRDMD.IS,KRDMD,2019Q1,2019-03-31,2019-05-15,data/fundamentals/KRDMD_IS.parquet,XUSIN.IS,False,1119731743.0,103228697.0,139208426.0,46252805.0,2843455524.0,329043740.0,206378363.0
KRDMD.IS:2019Q2,KRDMD.IS,KRDMD,2019Q2,2019-06-30,2019-08-15,data/fundamentals/KRDMD_IS.parquet,XUSIN.IS,False,2241682130.0,237573339.0,306334967.0,116458741.0,2813997038.0,554363597.0,433378402.0
KRDMD.IS:2019Q3,KRDMD.IS,KRDMD,2019Q3,2019-09-30,2019-11-15,data/fundamentals/KRDMD_IS.parquet,XUSIN.IS,False,3138522070.0,293265953.0,391286060.0,143231389.0,2840769686.0,656458400.0,352578073.0
KRDMD.IS:2019Q4,KRDMD.IS,KRDMD,2019Q4,2019-12-31,2020-03-15,data/fundamentals/KRDMD_IS.parquet,XUSIN.IS,False,4158711343.0,308293035.0,445305241.0,55194193.0,2656110179.0,839781027.0,466723236.0
KRDMD.IS:2020Q1,KRDMD.IS,KRDMD,2020Q1,2020-03-31,2020-05-15,data/fundamentals/KRDMD_IS.parquet,XUSIN.IS,False,1036596689.0,58092745.0,91082369.0,-110646029.0,2545410193.0,159821158.0,26719406.0
KRDMD.IS:2020Q2,KRDMD.IS,KRDMD,2020Q2,2020-06-30,2020-08-15,data/fundamentals/KRDMD_IS.parquet,XUSIN.IS,False,2227701122.0,141095148.0,215574879.0,-183271484.0,2457964918.0,377810316.0,251627036.0
KRDMD.IS:2020Q3,KRDMD.IS,KRDMD,2020Q3,2020-09-30,2020-11-15,data/fundamentals/KRDMD_IS.parquet,XUSIN.IS,False,3539210443.0,319982244.0,432554220.0,-271366982.0,2369851981.0,420108280.0,264002404.0
KRDMD.IS:2020Q4,KRDMD.IS,KRDMD,2020Q4,2020-12-31,2021-03-15,data/fundamentals/KRDMD_IS.parquet,XUSIN.IS,False,5146439427.0,699034761.0,852765705.0,41510604.0,2671311695.0,1157308490.0,957217465.0
KRDMD.IS:2021Q1,KRDMD.IS,KRDMD,2021Q1,2021-03-31,2021-05-15,data/fundamentals/KRDMD_IS.parquet,XUSIN.IS,False,1869569724.0,516046949.0,558358969.0,343069963.0,3014457229.0,472011119.0,439179266.0
KRDMD.IS:2021Q2,KRDMD.IS,KRDMD,2021Q2,2021-06-30,2021-08-15,data/fundamentals/KRDMD_IS.parquet,XUSIN.IS,False,4361116205.0,1335777741.0,1418642134.0,972277174.0,3565528382.0,1261267878.0,1257660984.0
KRDMD.IS:2021Q3,KRDMD.IS,KRDMD,2021Q3,2021-09-30,2021-11-15,data/fundamentals/KRDMD_IS.parquet,XUSIN.IS,False,6879194368.0,2024490223.0,2149387167.0,1462235107.0,4045807800.0,1872214101.0,1801278865.0
KRDMD.IS:2021Q4,KRDMD.IS,KRDMD,2021Q4,2021-12-31,2022-03-15,data/fundamentals/KRDMD_IS.parquet,XUSIN.IS,False,10105152597.0,3179349146.0,3347263662.0,2636826622.0,6817784994.0,3474525118.0,3368321949.0
KRDMD.IS:2022Q1,KRDMD.IS,KRDMD,2022Q1,2022-03-31,2022-05-15,data/fundamentals/KRDMD_IS.parquet,XUSIN.IS,False,4123953758.0,979266201.0,1039049043.0,801201047.0,7479260795.0,1717582813.0,1749245700.0
KRDMD.IS:2022Q2,KRDMD.IS,KRDMD,2022Q2,2022-06-30,2022-08-15,data/fundamentals/KRDMD_IS.parquet,XUSIN.IS,False,8797383799.0,2070573953.0,2187380837.0,1567112186.0,7429699068.0,1414923970.0,1170877770.0
KRDMD.IS:2022Q3,KRDMD.IS,KRDMD,2022Q3,2022-09-30,2022-11-15,data/fundamentals/KRDMD_IS.parquet,XUSIN.IS,False,13470392244.0,2315483691.0,2490134435.0,1637358091.0,7409612319.0,428145895.0,107442596.0
KRDMD.IS:2022Q4,KRDMD.IS,KRDMD,2022Q4,2022-12-31,2023-03-15,data/fundamentals/KRDMD_IS.parquet,XUSIN.IS,False,37073391196.0,2463159438.0,3493618927.0,758328680.0,25053557394.0,-5599697167.0,-6411698585.0
KRDMD.IS:2023Q1,KRDMD.IS,KRDMD,2023Q1,2023-03-31,2023-05-15,data/fundamentals/KRDMD_IS.parquet,XUSIN.IS,False,11860730513.0,-565534132.0,-232436824.0,-1290209182.0,8303135271.0,4134475658.0,3098396464.0
KRDMD.IS:2023Q2,KRDMD.IS,KRDMD,2023Q2,2023-06-30,2023-08-15,data/fundamentals/KRDMD_IS.parquet,XUSIN.IS,False,21483628822.0,1282326168.0,1956330480.0,-1086271195.0,7302337852.0,1481484365.0,679935673.0
KRDMD.IS:2023Q3,KRDMD.IS,KRDMD,2023Q3,2023-09-30,2023-11-15,data/fundamentals/KRDMD_IS.parquet,XUSIN.IS,False,35670449127.0,1349206618.0,2439969827.0,-2186133106.0,8005895349.0,-935674935.0,-1800890261.0
KRDMD.IS:2023Q4,KRDMD.IS,KRDMD,2023Q4,2023-12-31,2024-03-15,data/fundamentals/KRDMD_IS.parquet,XUSIN.IS,False,51008554669.0,1568546899.0,3171182117.0,1569090230.0,36406956320.0,6510607411.0,5127928132.0
KRDMD.IS:2024Q1,KRDMD.IS,KRDMD,2024Q1,2024-03-31,2024-05-15,data/fundamentals/KRDMD_IS.parquet,XUSIN.IS,False,11539329636.0,911877741.0,1353819795.0,-786375116.0,28815190950.0,1197758375.0,993267287.0
KRDMD.IS:2024Q2,KRDMD.IS,KRDMD,2024Q2,2024-06-30,2024-08-15,data/fundamentals/KRDMD_IS.parquet,XUSIN.IS,False,22459738124.0,952701628.0,1875440063.0,-1690634547.0,30871236699.0,-2056750097.0,-2512998195.0
KRDMD.IS:2024Q3,KRDMD.IS,KRDMD,2024Q3,2024-09-30,2024-11-15,data/fundamentals/KRDMD_IS.parquet,XUSIN.IS,False,37418639744.0,1242969689.0,2712235273.0,-2703152114.0,33071345655.0,-1952632624.0,-3100167018.0
KRDMD.IS:2024Q4,KRDMD.IS,KRDMD,2024Q4,2024-12-31,2025-03-15,data/fundamentals/KRDMD_IS.parquet,XUSIN.IS,False,50614818211.0,1743745168.0,3751039657.0,-2715640584.0,46078108860.0,-710497369.0,-3038276579.0
KRDMD.IS:2025Q1,KRDMD.IS,KRDMD,2025Q1,2025-03-31,2025-05-15,data/fundamentals/KRDMD_IS.parquet,XUSIN.IS,False,12908950745.0,372006084.0,994755714.0,-1326854551.0,37688767676.0,-1952481010.0,-2630500681.0
KRDMD.IS:2025Q2,KRDMD.IS,KRDMD,2025Q2,2025-06-30,2025-08-15,data/fundamentals/KRDMD_IS.parquet,XUSIN.IS,False,27032359232.0,820648089.0,2108371697.0,-229853144.0,40608462094.0,-2407229562.0,-3793632026.0
KRDMD.IS:2025Q3,KRDMD.IS,KRDMD,2025Q3,2025-09-30,2025-11-15,data/fundamentals/KRDMD_IS.parquet,XUSIN.IS,False,32988059624.0,1429160656.0,2932773684.0,-653669290.0,43740870096.0,-482500135.0,-2552022692.0
KRDMD.IS:2025Q4,KRDMD.IS,KRDMD,2025Q4,2025-12-31,2026-03-15,data/fundamentals/KRDMD_IS.parquet,XUSIN.IS,False,53772111043.0,2989206663.0,5507694864.0,-1353601222.0,68225721951.0,1995304308.0,-2075903240.0
KRDMD.IS:2026Q1,KRDMD.IS,KRDMD,2026Q1,2026-03-31,2026-05-15,data/fundamentals/KRDMD_IS.parquet,XUSIN.IS,False,10591456906.0,666022663.0,1341544164.0,16782058.0,63934096898.0,2987575526.0,2364465878.0
KRDMD.IS:2026Q2,KRDMD.IS,KRDMD,2026Q2,2026-06-30,2026-08-15,data/fundamentals/KRDMD_IS.parquet,XUSIN.IS,False,25564895647.0,1803871177.0,3179714456.0,4089781464.0,74151306754.0,5694212776.0,4178362150.0
LOGO.IS:2018Q1,LOGO.IS,LOGO,2018Q1,2018-03-31,2018-05-15,data/fundamentals/LOGO_IS.parquet,XU100.IS,False,67378673.0,17023546.0,24239250.0,17804239.0,231853811.0,14000341.0,1827302.0
LOGO.IS:2018Q2,LOGO.IS,LOGO,2018Q2,2018-06-30,2018-08-15,data/fundamentals/LOGO_IS.parquet,XU100.IS,False,139825194.0,35581937.0,50671901.0,34914915.0,255077225.0,30675899.0,6276578.0
LOGO.IS:2018Q3,LOGO.IS,LOGO,2018Q3,2018-09-30,2018-11-15,data/fundamentals/LOGO_IS.parquet,XU100.IS,False,217206072.0,53904022.0,77818377.0,52444901.0,291683228.0,64206211.0,24545003.0
LOGO.IS:2018Q4,LOGO.IS,LOGO,2018Q4,2018-12-31,2019-03-15,data/fundamentals/LOGO_IS.parquet,XU100.IS,False,321092099.0,68219374.0,101254412.0,67104854.0,318573563.0,101171199.0,51307764.0
LOGO.IS:2019Q1,LOGO.IS,LOGO,2019Q1,2019-03-31,2019-05-15,data/fundamentals/LOGO_IS.parquet,XU100.IS,False,81359489.0,16066693.0,27593817.0,14670242.0,330478404.0,19485012.0,4104796.0
LOGO.IS:2019Q2,LOGO.IS,LOGO,2019Q2,2019-06-30,2019-08-15,data/fundamentals/LOGO_IS.parquet,XU100.IS,False,176242856.0,37474392.0,61133915.0,36702460.0,357397105.0,51306419.0,17673657.0
LOGO.IS:2019Q3,LOGO.IS,LOGO,2019Q3,2019-09-30,2019-11-15,data/fundamentals/LOGO_IS.parquet,XU100.IS,False,268483333.0,60102971.0,95990192.0,56081162.0,368117115.0,80716778.0,33439215.0
LOGO.IS:2019Q4,LOGO.IS,LOGO,2019Q4,2019-12-31,2020-03-15,data/fundamentals/LOGO_IS.parquet,XU100.IS,False,422133386.0,92262073.0,142264415.0,86285124.0,394601006.0,134412519.0,69034243.0
LOGO.IS:2020Q1,LOGO.IS,LOGO,2020Q1,2020-03-31,2020-05-15,data/fundamentals/LOGO_IS.parquet,XU100.IS,False,101725971.0,22016512.0,36452048.0,20080449.0,415953367.0,35835264.0,15095550.0
LOGO.IS:2020Q2,LOGO.IS,LOGO,2020Q2,2020-06-30,2020-08-15,data/fundamentals/LOGO_IS.parquet,XU100.IS,False,218746691.0,53425633.0,82984020.0,51128813.0,454880804.0,100482626.0,59624050.0
LOGO.IS:2020Q3,LOGO.IS,LOGO,2020Q3,2020-09-30,2020-11-15,data/fundamentals/LOGO_IS.parquet,XU100.IS,False,338702815.0,79126304.0,125044453.0,82531760.0,516352282.0,174857541.0,117374898.0
LOGO.IS:2020Q4,LOGO.IS,LOGO,2020Q4,2020-12-31,2021-03-15,data/fundamentals/LOGO_IS.parquet,XU100.IS,False,545023892.0,113842169.0,177174944.0,113807963.0,537750060.0,264094117.0,139069835.0
LOGO.IS:2021Q1,LOGO.IS,LOGO,2021Q1,2021-03-31,2021-05-15,data/fundamentals/LOGO_IS.parquet,XU100.IS,False,139381599.0,37334306.0,55079765.0,52667250.0,604288908.0,51642865.0,25690229.0
LOGO.IS:2021Q2,LOGO.IS,LOGO,2021Q2,2021-06-30,2021-08-15,data/fundamentals/LOGO_IS.parquet,XU100.IS,False,317169445.0,97814885.0,135233236.0,116547348.0,653494720.0,98703275.0,76508136.0
LOGO.IS:2021Q3,LOGO.IS,LOGO,2021Q3,2021-09-30,2021-11-15,data/fundamentals/LOGO_IS.parquet,XU100.IS,False,486195920.0,145983334.0,202703871.0,164738175.0,689778816.0,118374036.0,50983765.0
LOGO.IS:2021Q4,LOGO.IS,LOGO,2021Q4,2021-12-31,2022-03-15,data/fundamentals/LOGO_IS.parquet,XU100.IS,False,766766000.0,207382000.0,286254000.0,277339000.0,833506000.0,373166000.0,-22773000.0
LOGO.IS:2022Q1,LOGO.IS,LOGO,2022Q1,2022-03-31,2022-05-15,data/fundamentals/LOGO_IS.parquet,XU100.IS,False,269131000.0,87186000.0,113608000.0,93809000.0,934407681.0,137293000.0,76852000.0
LOGO.IS:2022Q2,LOGO.IS,LOGO,2022Q2,2022-06-30,2022-08-15,data/fundamentals/LOGO_IS.parquet,XU100.IS,False,636856000.0,216668000.0,271461870.0,242593000.0,984762732.0,223341000.0,129069000.0
LOGO.IS:2022Q3,LOGO.IS,LOGO,2022Q3,2022-09-30,2022-11-15,data/fundamentals/LOGO_IS.parquet,XU100.IS,False,1019620000.0,308081000.0,393641000.0,357501000.0,1095361927.0,439289000.0,192714000.0
LOGO.IS:2022Q4,LOGO.IS,LOGO,2022Q4,2022-12-31,2023-03-15,data/fundamentals/LOGO_IS.parquet,XU100.IS,False,2887365000.0,713405000.0,1041064000.0,332669000.0,2445865000.0,175119000.0,-398610000.0
LOGO.IS:2023Q1,LOGO.IS,LOGO,2023Q1,2023-03-31,2023-05-15,data/fundamentals/LOGO_IS.parquet,XU100.IS,False,878158000.0,188495000.0,301953000.0,-96012000.0,1283698000.0,-380726000.0,-337930000.0
LOGO.IS:2023Q2,LOGO.IS,LOGO,2023Q2,2023-06-30,2023-08-15,data/fundamentals/LOGO_IS.parquet,XU100.IS,False,1918058000.0,428944000.0,661191000.0,290543000.0,1505738000.0,-130287000.0,-591764000.0
LOGO.IS:2023Q3,LOGO.IS,LOGO,2023Q3,2023-09-30,2023-11-15,data/fundamentals/LOGO_IS.parquet,XU100.IS,False,3063027000.0,693623000.0,1071439000.0,168675000.0,1614385000.0,-417624000.0,-320896000.0
LOGO.IS:2023Q4,LOGO.IS,LOGO,2023Q4,2023-12-31,2024-03-15,data/fundamentals/LOGO_IS.parquet,XU100.IS,False,3135800000.0,488274000.0,900491000.0,187766000.0,3324674000.0,976969000.0,28735000.0
LOGO.IS:2024Q1,LOGO.IS,LOGO,2024Q1,2024-03-31,2024-05-15,data/fundamentals/LOGO_IS.parquet,XU100.IS,False,925022000.0,183770000.0,310412000.0,-49726000.0,2530193000.0,-402720000.0,-408390000.0
LOGO.IS:2024Q2,LOGO.IS,LOGO,2024Q2,2024-06-30,2024-08-15,data/fundamentals/LOGO_IS.parquet,XU100.IS,False,2222164000.0,660273000.0,935904000.0,262477000.0,2461655000.0,890740000.0,808431000.0
LOGO.IS:2024Q3,LOGO.IS,LOGO,2024Q3,2024-09-30,2024-11-15,data/fundamentals/LOGO_IS.parquet,XU100.IS,False,3569768000.0,1042279000.0,1498434000.0,438177000.0,2796612000.0,1273690000.0,1225095000.0
LOGO.IS:2024Q4,LOGO.IS,LOGO,2024Q4,2024-12-31,2025-03-15,data/fundamentals/LOGO_IS.parquet,XU100.IS,False,5345712080.0,1344991978.0,1993162937.0,475730787.0,3799915563.0,2087688141.0,1645378092.0
LOGO.IS:2025Q1,LOGO.IS,LOGO,2025Q1,2025-03-31,2025-05-15,data/fundamentals/LOGO_IS.parquet,XU100.IS,False,1368655000.0,340948000.0,540690000.0,955611000.0,3027751000.0,933548000.0,306940000.0
LOGO.IS:2025Q2,LOGO.IS,LOGO,2025Q2,2025-06-30,2025-08-15,data/fundamentals/LOGO_IS.parquet,XU100.IS,False,3179281000.0,856839000.0,1291051000.0,1388128000.0,3068224000.0,957952000.0,892236000.0
LOGO.IS:2025Q3,LOGO.IS,LOGO,2025Q3,2025-09-30,2025-11-15,data/fundamentals/LOGO_IS.parquet,XU100.IS,False,3961748000.0,1055978000.0,1594445000.0,1369348000.0,3527303000.0,1199283000.0,806247000.0
LOGO.IS:2025Q4,LOGO.IS,LOGO,2025Q4,2025-12-31,2026-03-15,data/fundamentals/LOGO_IS.parquet,XU100.IS,False,6830775599.0,1475411194.0,2367172544.0,1767221396.0,4399204480.0,2480628121.0,1663460874.0
LOGO.IS:2026Q1,LOGO.IS,LOGO,2026Q1,2026-03-31,2026-05-15,data/fundamentals/LOGO_IS.parquet,XU100.IS,False,1519156000.0,317439000.0,535978000.0,130778000.0,4102311000.0,469137000.0,-35608000.0
LOGO.IS:2026Q2,LOGO.IS,LOGO,2026Q2,2026-06-30,2026-08-15,data/fundamentals/LOGO_IS.parquet,XU100.IS,False,3368502000.0,825508000.0,1302543000.0,509854000.0,4433873000.0,966018000.0,332985000.0
MAVI.IS:2018Q1,MAVI.IS,MAVI,2018Q1,2018-03-31,2018-05-15,data/fundamentals/MAVI_IS.parquet,XUSIN.IS,False,535838000.0,56092000.0,72219000.0,25060000.0,280778000.0,36350000.0,19624000.0
MAVI.IS:2018Q2,MAVI.IS,MAVI,2018Q2,2018-06-30,2018-08-15,data/fundamentals/MAVI_IS.parquet,XUSIN.IS,False,1062476000.0,120840000.0,155741000.0,52782000.0,287648000.0,126277000.0,78592000.0
MAVI.IS:2018Q3,MAVI.IS,MAVI,2018Q3,2018-09-30,2018-11-15,data/fundamentals/MAVI_IS.parquet,XUSIN.IS,False,1777714000.0,251284000.0,303375000.0,101247000.0,335877000.0,194203000.0,140762000.0
MAVI.IS:2018Q4,MAVI.IS,MAVI,2018Q4,2018-12-31,2019-03-15,data/fundamentals/MAVI_IS.parquet,XUSIN.IS,False,2352850000.0,295255000.0,364978000.0,100774000.0,337168000.0,260547000.0,185019000.0
MAVI.IS:2019Q1,MAVI.IS,MAVI,2019Q1,2019-03-31,2019-05-15,data/fundamentals/MAVI_IS.parquet,XUSIN.IS,False,648353000.0,67254000.0,132429000.0,10082000.0,382538000.0,81983000.0,62633000.0
MAVI.IS:2019Q2,MAVI.IS,MAVI,2019Q2,2019-06-30,2019-08-15,data/fundamentals/MAVI_IS.parquet,XUSIN.IS,False,1340120000.0,160530000.0,296920000.0,31593000.0,377716000.0,256252000.0,206802000.0
MAVI.IS:2019Q3,MAVI.IS,MAVI,2019Q3,2019-09-30,2019-11-15,data/fundamentals/MAVI_IS.parquet,XUSIN.IS,False,2148254000.0,300389000.0,506694000.0,94969000.0,455984000.0,448472000.0,369150000.0
MAVI.IS:2019Q4,MAVI.IS,MAVI,2019Q4,2019-12-31,2020-03-15,data/fundamentals/MAVI_IS.parquet,XUSIN.IS,False,2862882000.0,359619000.0,639873000.0,107887000.0,477664000.0,603194000.0,497835000.0
MAVI.IS:2020Q1,MAVI.IS,MAVI,2020Q1,2020-03-31,2020-05-15,data/fundamentals/MAVI_IS.parquet,XUSIN.IS,False,387122000.0,-52609000.0,19319000.0,-51641000.0,474293000.0,-92100000.0,-118161000.0
MAVI.IS:2020Q2,MAVI.IS,MAVI,2020Q2,2020-06-30,2020-08-15,data/fundamentals/MAVI_IS.parquet,XUSIN.IS,False,924926000.0,-50746000.0,99483000.0,-58344000.0,460587000.0,131300000.0,89406000.0
MAVI.IS:2020Q3,MAVI.IS,MAVI,2020Q3,2020-09-30,2020-11-15,data/fundamentals/MAVI_IS.parquet,XUSIN.IS,False,1751910000.0,65944000.0,295702000.0,25500000.0,594030000.0,309410000.0,261931000.0
MAVI.IS:2020Q4,MAVI.IS,MAVI,2020Q4,2020-12-31,2021-03-15,data/fundamentals/MAVI_IS.parquet,XUSIN.IS,False,2401808000.0,73001000.0,384666000.0,8043000.0,534009000.0,389378000.0,345102000.0
MAVI.IS:2021Q1,MAVI.IS,MAVI,2021Q1,2021-03-31,2021-05-15,data/fundamentals/MAVI_IS.parquet,XUSIN.IS,False,758756000.0,57989000.0,139537000.0,36478000.0,617750000.0,62288000.0,50019000.0
MAVI.IS:2021Q2,MAVI.IS,MAVI,2021Q2,2021-06-30,2021-08-15,data/fundamentals/MAVI_IS.parquet,XUSIN.IS,False,1836508000.0,228141000.0,399109000.0,138205000.0,690588000.0,479334000.0,456319000.0
MAVI.IS:2021Q3,MAVI.IS,MAVI,2021Q3,2021-09-30,2021-11-15,data/fundamentals/MAVI_IS.parquet,XUSIN.IS,False,3190961000.0,476352000.0,736405000.0,300681000.0,893225000.0,868565000.0,829412000.0
MAVI.IS:2021Q4,MAVI.IS,MAVI,2021Q4,2021-12-31,2022-03-15,data/fundamentals/MAVI_IS.parquet,XUSIN.IS,False,4619319000.0,658041000.0,1016090000.0,423018000.0,1193357000.0,1370011000.0,1263252000.0
MAVI.IS:2022Q1,MAVI.IS,MAVI,2022Q1,2022-03-31,2022-05-15,data/fundamentals/MAVI_IS.parquet,XUSIN.IS,False,1887250000.0,446956000.0,550188000.0,301891000.0,1432539000.0,169053000.0,148234000.0
MAVI.IS:2022Q2,MAVI.IS,MAVI,2022Q2,2022-06-30,2022-08-15,data/fundamentals/MAVI_IS.parquet,XUSIN.IS,False,4123520000.0,872815000.0,1098246000.0,704391000.0,2008851000.0,692627000.0,667733000.0
MAVI.IS:2022Q3,MAVI.IS,MAVI,2022Q3,2022-09-30,2022-11-15,data/fundamentals/MAVI_IS.parquet,XUSIN.IS,False,7325058000.0,1490514000.0,1847157000.0,1157811000.0,2402625000.0,1391225000.0,1336227000.0
MAVI.IS:2022Q4,MAVI.IS,MAVI,2022Q4,2022-12-31,2023-03-15,data/fundamentals/MAVI_IS.parquet,XUSIN.IS,False,21037941000.0,2662442000.0,4181228000.0,1927210000.0,5419082000.0,2886647000.0,2751791000.0
MAVI.IS:2023Q1,MAVI.IS,MAVI,2023Q1,2023-03-31,2023-05-15,data/fundamentals/MAVI_IS.parquet,XUSIN.IS,False,7502427000.0,960106000.0,1435179000.0,462834000.0,2892970000.0,757811000.0,774840000.0
MAVI.IS:2023Q2,MAVI.IS,MAVI,2023Q2,2023-06-30,2023-08-15,data/fundamentals/MAVI_IS.parquet,XUSIN.IS,False,15462006000.0,1924449000.0,2879636000.0,1167155000.0,4025432000.0,2269101000.0,2438238000.0
MAVI.IS:2023Q3,MAVI.IS,MAVI,2023Q3,2023-09-30,2023-11-15,data/fundamentals/MAVI_IS.parquet,XUSIN.IS,False,25924639000.0,3779214000.0,5345994000.0,2291238000.0,4974503000.0,3438864000.0,3617888000.0
MAVI.IS:2023Q4,MAVI.IS,MAVI,2023Q4,2023-12-31,2024-03-15,data/fundamentals/MAVI_IS.parquet,XUSIN.IS,False,37367501000.0,4610349000.0,6898414000.0,2496718000.0,9476513000.0,6517329000.0,7046070000.0
MAVI.IS:2024Q1,MAVI.IS,MAVI,2024Q1,2024-03-31,2024-05-15,data/fundamentals/MAVI_IS.parquet,XUSIN.IS,False,11405223000.0,2106619000.0,2729389000.0,1336243000.0,8228965000.0,3167637000.0,3305541000.0
MAVI.IS:2024Q2,MAVI.IS,MAVI,2024Q2,2024-06-30,2024-08-15,data/fundamentals/MAVI_IS.parquet,XUSIN.IS,False,21896914000.0,3120829000.0,4438130000.0,2027863000.0,8335969000.0,4573646000.0,5200076000.0
MAVI.IS:2024Q3,MAVI.IS,MAVI,2024Q3,2024-09-30,2024-11-15,data/fundamentals/MAVI_IS.parquet,XUSIN.IS,False,35970140000.0,5020524000.0,7152839000.0,3175434000.0,9659530000.0,3721351000.0,4523470000.0
MAVI.IS:2024Q4,MAVI.IS,MAVI,2024Q4,2024-12-31,2025-03-15,data/fundamentals/MAVI_IS.parquet,XUSIN.IS,False,50326284271.0,6095286676.0,9161990948.0,3494437957.0,13614004037.0,8120824167.0,8698792871.0
MAVI.IS:2025Q1,MAVI.IS,MAVI,2025Q1,2025-03-31,2025-05-15,data/fundamentals/MAVI_IS.parquet,XUSIN.IS,False,12941065000.0,1760923000.0,2642996000.0,1072002000.0,12068997000.0,2344856000.0,2420669000.0
MAVI.IS:2025Q2,MAVI.IS,MAVI,2025Q2,2025-06-30,2025-08-15,data/fundamentals/MAVI_IS.parquet,XUSIN.IS,False,19833187000.0,2114134000.0,3552520000.0,1016931000.0,11869954000.0,2638373000.0,2298932000.0
MAVI.IS:2025Q3,MAVI.IS,MAVI,2025Q3,2025-09-30,2025-11-15,data/fundamentals/MAVI_IS.parquet,XUSIN.IS,False,33580439000.0,4130051000.0,6506138000.0,2067348000.0,13326427000.0,4473325000.0,3822584000.0
MAVI.IS:2025Q4,MAVI.IS,MAVI,2025Q4,2025-12-31,2026-03-15,data/fundamentals/MAVI_IS.parquet,XUSIN.IS,False,52191580852.0,5909689265.0,9667532084.0,2250803232.0,15234143237.0,9700029616.0,8505570607.0
MAVI.IS:2026Q1,MAVI.IS,MAVI,2026Q1,2026-03-31,2026-05-15,data/fundamentals/MAVI_IS.parquet,XUSIN.IS,False,12701359000.0,1424769000.0,2414465000.0,542874000.0,15567142000.0,1674127000.0,1614826000.0
MGROS.IS:2018Q1,MGROS.IS,MGROS,2018Q1,2018-03-31,2018-05-15,data/fundamentals/MGROS_IS.parquet,MINI_PERAKENDE,False,3940136000.0,109297000.0,178882000.0,-245886000.0,1288521000.0,-130073000.0,-162678000.0
MGROS.IS:2018Q2,MGROS.IS,MGROS,2018Q2,2018-06-30,2018-08-15,data/fundamentals/MGROS_IS.parquet,MINI_PERAKENDE,False,8463382000.0,272928000.0,414765000.0,-539559000.0,1016748000.0,433595000.0,213204000.0
MGROS.IS:2018Q3,MGROS.IS,MGROS,2018Q3,2018-09-30,2018-11-15,data/fundamentals/MGROS_IS.parquet,MINI_PERAKENDE,False,13793931000.0,568145000.0,788002000.0,-1206522000.0,258134000.0,1188436000.0,869227000.0
MGROS.IS:2018Q4,MGROS.IS,MGROS,2018Q4,2018-12-31,2019-03-15,data/fundamentals/MGROS_IS.parquet,MINI_PERAKENDE,False,18717358000.0,848787000.0,1143870000.0,-835437000.0,635090000.0,1190961000.0,875576000.0
MGROS.IS:2019Q1,MGROS.IS,MGROS,2019Q1,2019-03-31,2019-05-15,data/fundamentals/MGROS_IS.parquet,MINI_PERAKENDE,False,4922670000.0,241995000.0,451209000.0,-230816000.0,411315000.0,158146000.0,163648000.0
MGROS.IS:2019Q2,MGROS.IS,MGROS,2019Q2,2019-06-30,2019-08-15,data/fundamentals/MGROS_IS.parquet,MINI_PERAKENDE,False,10730815000.0,589044000.0,1008477000.0,-381286000.0,265437000.0,938609000.0,994708000.0
MGROS.IS:2019Q3,MGROS.IS,MGROS,2019Q3,2019-09-30,2019-11-15,data/fundamentals/MGROS_IS.parquet,MINI_PERAKENDE,False,17194551000.0,1054830000.0,1692187000.0,-202398000.0,455215000.0,1817258000.0,1820977000.0
MGROS.IS:2019Q4,MGROS.IS,MGROS,2019Q4,2019-12-31,2020-03-15,data/fundamentals/MGROS_IS.parquet,MINI_PERAKENDE,False,22864760000.0,1348592000.0,2135752000.0,-460670000.0,354168000.0,2185182000.0,2313955000.0
MGROS.IS:2020Q1,MGROS.IS,MGROS,2020Q1,2020-03-31,2020-05-15,data/fundamentals/MGROS_IS.parquet,MINI_PERAKENDE,False,6347597000.0,300445000.0,502891000.0,-131867000.0,161867000.0,475144000.0,655393000.0
MGROS.IS:2020Q2,MGROS.IS,MGROS,2020Q2,2020-06-30,2020-08-15,data/fundamentals/MGROS_IS.parquet,MINI_PERAKENDE,False,13253610000.0,599100000.0,1011093000.0,-276304000.0,52532000.0,1564060000.0,1919758000.0
MGROS.IS:2020Q3,MGROS.IS,MGROS,2020Q3,2020-09-30,2020-11-15,data/fundamentals/MGROS_IS.parquet,MINI_PERAKENDE,False,20863156000.0,1023065000.0,1641068000.0,-278138000.0,98398000.0,2501212000.0,3003274000.0
MGROS.IS:2020Q4,MGROS.IS,MGROS,2020Q4,2020-12-31,2021-03-15,data/fundamentals/MGROS_IS.parquet,MINI_PERAKENDE,False,28790190000.0,1381062000.0,2224146000.0,-402949000.0,33461000.0,3022867000.0,3351227000.0
MGROS.IS:2021Q1,MGROS.IS,MGROS,2021Q1,2021-03-31,2021-05-15,data/fundamentals/MGROS_IS.parquet,MINI_PERAKENDE,False,7689091000.0,395206000.0,605177000.0,209510000.0,34064000.0,52447000.0,336014000.0
MGROS.IS:2021Q2,MGROS.IS,MGROS,2021Q2,2021-06-30,2021-08-15,data/fundamentals/MGROS_IS.parquet,MINI_PERAKENDE,False,16104112000.0,808716000.0,1240930000.0,211269000.0,15015000.0,939351000.0,1026369000.0
MGROS.IS:2021Q3,MGROS.IS,MGROS,2021Q3,2021-09-30,2021-11-15,data/fundamentals/MGROS_IS.parquet,MINI_PERAKENDE,False,25920827000.0,1481429000.0,2148776000.0,367231000.0,170529000.0,2330100000.0,2212454000.0
MGROS.IS:2021Q4,MGROS.IS,MGROS,2021Q4,2021-12-31,2022-03-15,data/fundamentals/MGROS_IS.parquet,MINI_PERAKENDE,False,36272243000.0,1986995000.0,2894180000.0,358881000.0,536064000.0,3253457000.0,2746408000.0
MGROS.IS:2022Q1,MGROS.IS,MGROS,2022Q1,2022-03-31,2022-05-15,data/fundamentals/MGROS_IS.parquet,MINI_PERAKENDE,False,12271397000.0,711074000.0,963620000.0,158587000.0,660307000.0,313453000.0,149325000.0
MGROS.IS:2022Q2,MGROS.IS,MGROS,2022Q2,2022-06-30,2022-08-15,data/fundamentals/MGROS_IS.parquet,MINI_PERAKENDE,False,28234765000.0,1847522000.0,2379635000.0,602807000.0,1222596000.0,2109583000.0,1567571000.0
MGROS.IS:2022Q3,MGROS.IS,MGROS,2022Q3,2022-09-30,2022-11-15,data/fundamentals/MGROS_IS.parquet,MINI_PERAKENDE,False,50053890000.0,3568224000.0,4417025000.0,1414801000.0,2032026000.0,5151870000.0,4185291000.0
MGROS.IS:2022Q4,MGROS.IS,MGROS,2022Q4,2022-12-31,2023-03-15,data/fundamentals/MGROS_IS.parquet,MINI_PERAKENDE,False,140480068000.0,-984612000.0,3760764000.0,9155534000.0,27507351000.0,13696182000.0,9514901000.0
MGROS.IS:2023Q1,MGROS.IS,MGROS,2023Q1,2023-03-31,2023-05-15,data/fundamentals/MGROS_IS.parquet,MINI_PERAKENDE,False,50924225000.0,-546445000.0,1121471000.0,2612046000.0,4741933000.0,2207801000.0,1370019000.0
MGROS.IS:2023Q2,MGROS.IS,MGROS,2023Q2,2023-06-30,2023-08-15,data/fundamentals/MGROS_IS.parquet,MINI_PERAKENDE,False,109039840000.0,-97917000.0,3370153000.0,5409927000.0,5963420000.0,10397132000.0,9136063000.0
MGROS.IS:2023Q3,MGROS.IS,MGROS,2023Q3,2023-09-30,2023-11-15,data/fundamentals/MGROS_IS.parquet,MINI_PERAKENDE,False,184998227000.0,-1679675000.0,4323499000.0,10952977000.0,8206806000.0,18280931000.0,14221032000.0
MGROS.IS:2023Q4,MGROS.IS,MGROS,2023Q4,2023-12-31,2024-03-15,data/fundamentals/MGROS_IS.parquet,MINI_PERAKENDE,False,262132403000.0,-4396851000.0,4536950000.0,12857520000.0,52343361000.0,22186743000.0,14536352000.0
MGROS.IS:2024Q1,MGROS.IS,MGROS,2024Q1,2024-03-31,2024-05-15,data/fundamentals/MGROS_IS.parquet,MINI_PERAKENDE,False,72318474000.0,-1663051000.0,864182000.0,1748445000.0,42809024000.0,6574763000.0,4147025000.0
MGROS.IS:2024Q2,MGROS.IS,MGROS,2024Q2,2024-06-30,2024-08-15,data/fundamentals/MGROS_IS.parquet,MINI_PERAKENDE,False,163434121000.0,41187000.0,5451538000.0,2676756000.0,45806224000.0,16180830000.0,10737652000.0
MGROS.IS:2024Q3,MGROS.IS,MGROS,2024Q3,2024-09-30,2024-11-15,data/fundamentals/MGROS_IS.parquet,MINI_PERAKENDE,False,274985203000.0,4604955000.0,13438012000.0,7287399000.0,54435343000.0,27105810000.0,20741951000.0
MGROS.IS:2024Q4,MGROS.IS,MGROS,2024Q4,2024-12-31,2025-03-15,data/fundamentals/MGROS_IS.parquet,MINI_PERAKENDE,False,384535043702.0,7615793446.0,20675583404.0,8604849914.0,75501569638.0,35398416682.0,23602419646.0
MGROS.IS:2025Q1,MGROS.IS,MGROS,2025Q1,2025-03-31,2025-05-15,data/fundamentals/MGROS_IS.parquet,MINI_PERAKENDE,False,102645969000.0,698068000.0,4824576000.0,1350012000.0,64443132000.0,281282000.0,-2357727000.0
MGROS.IS:2025Q2,MGROS.IS,MGROS,2025Q2,2025-06-30,2025-08-15,data/fundamentals/MGROS_IS.parquet,MINI_PERAKENDE,False,230984750000.0,2819814000.0,11762736000.0,1938509000.0,67409040000.0,12175512000.0,5444058000.0
MGROS.IS:2025Q3,MGROS.IS,MGROS,2025Q3,2025-09-30,2025-11-15,data/fundamentals/MGROS_IS.parquet,MINI_PERAKENDE,False,294847578000.0,7657297000.0,18984143000.0,5610584000.0,76406324000.0,21904812000.0,13524078000.0
MGROS.IS:2025Q4,MGROS.IS,MGROS,2025Q4,2025-12-31,2026-03-15,data/fundamentals/MGROS_IS.parquet,MINI_PERAKENDE,False,486055660447.0,13247740865.0,32171620211.0,7999960599.0,94103980856.0,33743691091.0,17300855554.0
MGROS.IS:2026Q1,MGROS.IS,MGROS,2026Q1,2026-03-31,2026-05-15,data/fundamentals/MGROS_IS.parquet,MINI_PERAKENDE,False,109236956000.0,236855000.0,5289783000.0,1610250000.0,89200885000.0,6723074000.0,3788749000.0
MGROS.IS:2026Q2,MGROS.IS,MGROS,2026Q2,2026-06-30,2026-08-15,data/fundamentals/MGROS_IS.parquet,MINI_PERAKENDE,False,241298039000.0,-309452000.0,10967470000.0,1078256000.0,93928374000.0,17837860000.0,11223089000.0
MIATK.IS:2018Q4,MIATK.IS,MIATK,2018Q4,2018-12-31,2019-03-15,data/fundamentals/MIATK_IS.parquet,XU100.IS,False,24341132.0,4876463.0,5458174.0,3700639.0,32074498.0,1745085.0,-3157224.0
MIATK.IS:2019Q4,MIATK.IS,MIATK,2019Q4,2019-12-31,2020-03-15,data/fundamentals/MIATK_IS.parquet,XU100.IS,False,79452227.0,11955147.0,12674699.0,13471916.0,45396020.0,4109491.0,1861789.0
MIATK.IS:2020Q2,MIATK.IS,MIATK,2020Q2,2020-06-30,2020-08-15,data/fundamentals/MIATK_IS.parquet,XU100.IS,False,18054705.0,10872984.0,11514869.0,10937822.0,0.0,2540045.0,-736188.0
MIATK.IS:2020Q3,MIATK.IS,MIATK,2020Q3,2020-09-30,2020-11-15,data/fundamentals/MIATK_IS.parquet,XU100.IS,False,27472232.0,8703849.0,11953573.0,10455930.0,0.0,3968074.0,-7147866.0
MIATK.IS:2020Q4,MIATK.IS,MIATK,2020Q4,2020-12-31,2021-03-15,data/fundamentals/MIATK_IS.parquet,XU100.IS,False,86477819.0,21658955.0,23308482.0,22189563.0,67286795.0,27662950.0,-1521148.0
MIATK.IS:2021Q1,MIATK.IS,MIATK,2021Q1,2021-03-31,2021-05-15,data/fundamentals/MIATK_IS.parquet,XU100.IS,False,21573168.0,9896276.0,10825498.0,10287433.0,0.0,3733671.0,-3993838.0
MIATK.IS:2021Q2,MIATK.IS,MIATK,2021Q2,2021-06-30,2021-08-15,data/fundamentals/MIATK_IS.parquet,XU100.IS,False,65114735.0,17377788.0,19253587.0,17337467.0,84941695.0,13580385.0,-5973703.0
MIATK.IS:2021Q3,MIATK.IS,MIATK,2021Q3,2021-09-30,2021-11-15,data/fundamentals/MIATK_IS.parquet,XU100.IS,False,104428880.0,35088087.0,38561001.0,34382520.0,101958853.0,35705626.0,2182070.0
MIATK.IS:2021Q4,MIATK.IS,MIATK,2021Q4,2021-12-31,2022-03-15,data/fundamentals/MIATK_IS.parquet,XU100.IS,False,164195110.0,54353504.0,60123620.0,54155781.0,245494581.0,57868256.0,-61215223.0
MIATK.IS:2022Q1,MIATK.IS,MIATK,2022Q1,2022-03-31,2022-05-15,data/fundamentals/MIATK_IS.parquet,XU100.IS,False,61421457.0,22141084.0,26284012.0,25653970.0,271459665.0,-2599215.0,-28711946.0
MIATK.IS:2022Q2,MIATK.IS,MIATK,2022Q2,2022-06-30,2022-08-15,data/fundamentals/MIATK_IS.parquet,XU100.IS,False,186302725.0,102177724.0,110888795.0,107021929.0,352233507.0,45087456.0,-25946614.0
MIATK.IS:2022Q3,MIATK.IS,MIATK,2022Q3,2022-09-30,2022-11-15,data/fundamentals/MIATK_IS.parquet,XU100.IS,False,356867407.0,186050995.0,200063549.0,189862476.0,435105837.0,106473942.0,-29933998.0
MIATK.IS:2022Q4,MIATK.IS,MIATK,2022Q4,2022-12-31,2023-03-15,data/fundamentals/MIATK_IS.parquet,XU100.IS,False,1100194037.0,555225836.0,616332241.0,424545649.0,1136657273.0,590759707.0,223148237.0
MIATK.IS:2023Q1,MIATK.IS,MIATK,2023Q1,2023-03-31,2023-05-15,data/fundamentals/MIATK_IS.parquet,XU100.IS,False,360322396.0,177417636.0,193276228.0,85185438.0,665277779.0,146217168.0,165995359.0
MIATK.IS:2023Q2,MIATK.IS,MIATK,2023Q2,2023-06-30,2023-08-15,data/fundamentals/MIATK_IS.parquet,XU100.IS,False,810080792.0,303459237.0,366733830.0,194950422.0,758358084.0,334648625.0,17336583.0
MIATK.IS:2023Q3,MIATK.IS,MIATK,2023Q3,2023-09-30,2023-11-15,data/fundamentals/MIATK_IS.parquet,XU100.IS,False,1431786266.0,651410943.0,759642305.0,365101422.0,1065371438.0,419823361.0,-73248230.0
MIATK.IS:2023Q4,MIATK.IS,MIATK,2023Q4,2023-12-31,2024-03-15,data/fundamentals/MIATK_IS.parquet,XU100.IS,False,2022762660.0,874683243.0,1042269152.0,728230091.0,2540944065.0,849649426.0,-37050957.0
MIATK.IS:2024Q1,MIATK.IS,MIATK,2024Q1,2024-03-31,2024-05-15,data/fundamentals/MIATK_IS.parquet,XU100.IS,False,1304864449.0,1105295015.0,1168824264.0,924546764.0,2699801870.0,427468764.0,284758527.0
MIATK.IS:2024Q2,MIATK.IS,MIATK,2024Q2,2024-06-30,2024-08-15,data/fundamentals/MIATK_IS.parquet,XU100.IS,False,1796388831.0,1273015281.0,1411597895.0,942931799.0,2887514260.0,218930453.0,205233778.0
MIATK.IS:2024Q3,MIATK.IS,MIATK,2024Q3,2024-09-30,2024-11-15,data/fundamentals/MIATK_IS.parquet,XU100.IS,False,2336046500.0,1558074502.0,1787542362.0,1128609849.0,3242218497.0,744442593.0,320994536.0
MIATK.IS:2024Q4,MIATK.IS,MIATK,2024Q4,2024-12-31,2025-03-15,data/fundamentals/MIATK_IS.parquet,XU100.IS,False,3381343396.0,1881862621.0,2207393485.0,2986662826.0,6318277388.0,1131417644.0,461882126.0
MIATK.IS:2025Q1,MIATK.IS,MIATK,2025Q1,2025-03-31,2025-05-15,data/fundamentals/MIATK_IS.parquet,XU100.IS,False,661518858.0,263217946.0,361580947.0,41024000.0,5256176278.0,121346525.0,-3822406.0
MIATK.IS:2025Q2,MIATK.IS,MIATK,2025Q2,2025-06-30,2025-08-15,data/fundamentals/MIATK_IS.parquet,XU100.IS,False,1461112603.0,386777848.0,606661318.0,568647107.0,5969598977.0,635495835.0,-9219357.0
MIATK.IS:2025Q3,MIATK.IS,MIATK,2025Q3,2025-09-30,2025-11-15,data/fundamentals/MIATK_IS.parquet,XU100.IS,False,1994106768.0,592756209.0,859415311.0,-344759492.0,5608863286.0,449647473.0,-306533009.0
MIATK.IS:2025Q4,MIATK.IS,MIATK,2025Q4,2025-12-31,2026-03-15,data/fundamentals/MIATK_IS.parquet,XU100.IS,False,3246644693.0,924697884.0,1395260709.0,-863655463.0,6436202916.0,1019839087.0,-604576116.0
MIATK.IS:2026Q1,MIATK.IS,MIATK,2026Q1,2026-03-31,2026-05-15,data/fundamentals/MIATK_IS.parquet,XU100.IS,False,396673925.0,177353393.0,313203284.0,-217874647.0,5652102484.0,-310551696.0,-599241802.0
MIATK.IS:2026Q2,MIATK.IS,MIATK,2026Q2,2026-06-30,2026-08-15,data/fundamentals/MIATK_IS.parquet,XU100.IS,False,900080568.0,269358293.0,568062648.0,-372388011.0,6026483860.0,-295248737.0,-851522382.0
MOGAN.IS:2020Q4,MOGAN.IS,MOGAN,2020Q4,2020-12-31,2021-03-15,data/fundamentals/MOGAN_IS.parquet,XUSIN.IS,False,2054860606.0,451710755.0,1131679368.0,342910885.0,10363804276.0,1842107610.0,458821285.0
MOGAN.IS:2021Q4,MOGAN.IS,MOGAN,2021Q4,2021-12-31,2022-03-15,data/fundamentals/MOGAN_IS.parquet,XUSIN.IS,False,3287532514.0,1092310308.0,2387123212.0,1703579788.0,23167533850.0,69235558.0,1406090803.0
MOGAN.IS:2022Q3,MOGAN.IS,MOGAN,2022Q3,2022-09-30,2022-11-15,data/fundamentals/MOGAN_IS.parquet,XUSIN.IS,False,7057482218.0,1852089543.0,3479633799.0,-1692037599.0,0.0,2936958952.0,2952548562.0
MOGAN.IS:2022Q4,MOGAN.IS,MOGAN,2022Q4,2022-12-31,2023-03-15,data/fundamentals/MOGAN_IS.parquet,XUSIN.IS,False,20354844877.0,3164080342.0,9859392272.0,-4335991062.0,45295395069.0,12885468211.0,5956729851.0
MOGAN.IS:2023Q1,MOGAN.IS,MOGAN,2023Q1,2023-03-31,2023-05-15,data/fundamentals/MOGAN_IS.parquet,XUSIN.IS,False,5916866418.0,1153650193.0,2743442006.0,2320060429.0,0.0,43743165.0,24939819.0
MOGAN.IS:2023Q2,MOGAN.IS,MOGAN,2023Q2,2023-06-30,2023-08-15,data/fundamentals/MOGAN_IS.parquet,XUSIN.IS,False,9800612863.0,992364709.0,4272063672.0,2117997524.0,0.0,2587595266.0,2605762890.0
MOGAN.IS:2023Q3,MOGAN.IS,MOGAN,2023Q3,2023-09-30,2023-11-15,data/fundamentals/MOGAN_IS.parquet,XUSIN.IS,False,14867648510.0,1811589805.0,7223807429.0,1377684681.0,20358369913.0,2848535332.0,3499960280.0
MOGAN.IS:2023Q4,MOGAN.IS,MOGAN,2023Q4,2023-12-31,2024-03-15,data/fundamentals/MOGAN_IS.parquet,XUSIN.IS,False,18361719241.0,2685444553.0,10387464274.0,1997932946.0,56568026727.0,6962852420.0,7679817217.0
MOGAN.IS:2024Q1,MOGAN.IS,MOGAN,2024Q1,2024-03-31,2024-05-15,data/fundamentals/MOGAN_IS.parquet,XUSIN.IS,False,3866492781.0,275245845.0,2316194286.0,-2314955604.0,48137920534.0,1851585372.0,2083791903.0
MOGAN.IS:2024Q2,MOGAN.IS,MOGAN,2024Q2,2024-06-30,2024-08-15,data/fundamentals/MOGAN_IS.parquet,XUSIN.IS,False,8142849952.0,338296811.0,4695625411.0,-5755008904.0,52612695505.0,6252327593.0,6629762338.0
MOGAN.IS:2024Q3,MOGAN.IS,MOGAN,2024Q3,2024-09-30,2024-11-15,data/fundamentals/MOGAN_IS.parquet,XUSIN.IS,False,12777247814.0,-151094702.0,6879896008.0,-2959438497.0,61441877642.0,7275010183.0,8263921090.0
MOGAN.IS:2024Q4,MOGAN.IS,MOGAN,2024Q4,2024-12-31,2025-03-15,data/fundamentals/MOGAN_IS.parquet,XUSIN.IS,False,16862524755.0,-466131922.0,9307623540.0,-5731942341.0,88326582527.0,9069256698.0,10008560513.0
MOGAN.IS:2025Q1,MOGAN.IS,MOGAN,2025Q1,2025-03-31,2025-05-15,data/fundamentals/MOGAN_IS.parquet,XUSIN.IS,False,3769344805.0,-723005093.0,2009866668.0,-3330068507.0,73063527715.0,1393257007.0,1427565259.0
MOGAN.IS:2025Q2,MOGAN.IS,MOGAN,2025Q2,2025-06-30,2025-08-15,data/fundamentals/MOGAN_IS.parquet,XUSIN.IS,False,8111967645.0,-1526682309.0,4287314122.0,-6316234996.0,75508791822.0,3368701179.0,3440849461.0
MOGAN.IS:2025Q3,MOGAN.IS,MOGAN,2025Q3,2025-09-30,2025-11-15,data/fundamentals/MOGAN_IS.parquet,XUSIN.IS,False,9609271416.0,-2217193058.0,4826790699.0,-8585524654.0,79521211999.0,5618449122.0,5702288441.0
MOGAN.IS:2025Q4,MOGAN.IS,MOGAN,2025Q4,2025-12-31,2026-03-15,data/fundamentals/MOGAN_IS.parquet,XUSIN.IS,False,15432133201.0,-3389017759.0,8072730060.0,-12313727207.0,104438142373.0,7870968786.0,7719171576.0
MOGAN.IS:2026Q1,MOGAN.IS,MOGAN,2026Q1,2026-03-31,2026-05-15,data/fundamentals/MOGAN_IS.parquet,XUSIN.IS,False,3572385467.0,-468152647.0,2285102028.0,-2588694314.0,97804496461.0,1418448642.0,1448148337.0
MOGAN.IS:2026Q2,MOGAN.IS,MOGAN,2026Q2,2026-06-30,2026-08-15,data/fundamentals/MOGAN_IS.parquet,XUSIN.IS,False,5945886723.0,-2639990659.0,3205121473.0,-5334114727.0,102318386783.0,2536610226.0,2589586222.0
MTRKS.IS:2018Q4,MTRKS.IS,MTRKS,2018Q4,2018-12-31,2019-03-15,data/fundamentals/MTRKS_IS.parquet,XU100.IS,False,57769240.0,1266730.0,8329006.0,2059591.0,19743009.0,10752751.0,3153516.0
MTRKS.IS:2019Q4,MTRKS.IS,MTRKS,2019Q4,2019-12-31,2020-03-15,data/fundamentals/MTRKS_IS.parquet,XU100.IS,False,70548624.0,6676028.0,14682279.0,6377902.0,19892633.0,15072709.0,2797913.0
MTRKS.IS:2020Q1,MTRKS.IS,MTRKS,2020Q1,2020-03-31,2020-05-15,data/fundamentals/MTRKS_IS.parquet,XU100.IS,False,20892440.0,1822274.0,4332434.0,1991389.0,0.0,3756692.0,274169.0
MTRKS.IS:2020Q2,MTRKS.IS,MTRKS,2020Q2,2020-06-30,2020-08-15,data/fundamentals/MTRKS_IS.parquet,XU100.IS,False,45085689.0,2919851.0,7756544.0,2297046.0,0.0,13508741.0,5854468.0
MTRKS.IS:2020Q3,MTRKS.IS,MTRKS,2020Q3,2020-09-30,2020-11-15,data/fundamentals/MTRKS_IS.parquet,XU100.IS,False,77716466.0,10379105.0,17640944.0,9805899.0,28408014.0,23108546.0,11896243.0
MTRKS.IS:2020Q4,MTRKS.IS,MTRKS,2020Q4,2020-12-31,2021-03-15,data/fundamentals/MTRKS_IS.parquet,XU100.IS,False,113410270.0,17119511.0,28181660.0,16151015.0,34786584.0,31959969.0,16063089.0
MTRKS.IS:2021Q1,MTRKS.IS,MTRKS,2021Q1,2021-03-31,2021-05-15,data/fundamentals/MTRKS_IS.parquet,XU100.IS,False,43585916.0,9345850.0,12053080.0,9019089.0,42987081.0,7777032.0,3027516.0
MTRKS.IS:2021Q2,MTRKS.IS,MTRKS,2021Q2,2021-06-30,2021-08-15,data/fundamentals/MTRKS_IS.parquet,XU100.IS,False,84047391.0,14239440.0,21397435.0,16202624.0,44763182.0,17043875.0,8951799.0
MTRKS.IS:2021Q3,MTRKS.IS,MTRKS,2021Q3,2021-09-30,2021-11-15,data/fundamentals/MTRKS_IS.parquet,XU100.IS,False,122431322.0,17783013.0,27777454.0,20849667.0,49410224.0,18591139.0,4208255.0
MTRKS.IS:2021Q4,MTRKS.IS,MTRKS,2021Q4,2021-12-31,2022-03-15,data/fundamentals/MTRKS_IS.parquet,XU100.IS,False,165084443.0,21742638.0,36343464.0,25881270.0,50390475.0,39699044.0,17256189.0
MTRKS.IS:2022Q1,MTRKS.IS,MTRKS,2022Q1,2022-03-31,2022-05-15,data/fundamentals/MTRKS_IS.parquet,XU100.IS,False,51137563.0,14787622.0,18744807.0,15096329.0,57350478.0,13377815.0,-344025.0
MTRKS.IS:2022Q2,MTRKS.IS,MTRKS,2022Q2,2022-06-30,2022-08-15,data/fundamentals/MTRKS_IS.parquet,XU100.IS,False,104626664.0,26821759.0,34391211.0,27559554.0,60882547.0,32285797.0,7481616.0
MTRKS.IS:2022Q3,MTRKS.IS,MTRKS,2022Q3,2022-09-30,2022-11-15,data/fundamentals/MTRKS_IS.parquet,XU100.IS,False,172768799.0,40616679.0,52601959.0,42016126.0,75039187.0,57479969.0,19411271.0
MTRKS.IS:2022Q4,MTRKS.IS,MTRKS,2022Q4,2022-12-31,2023-03-15,data/fundamentals/MTRKS_IS.parquet,XU100.IS,False,478832150.0,76726928.0,139739539.0,60484772.0,213385204.0,105668917.0,11428573.0
MTRKS.IS:2023Q1,MTRKS.IS,MTRKS,2023Q1,2023-03-31,2023-05-15,data/fundamentals/MTRKS_IS.parquet,XU100.IS,False,195407511.0,37825727.0,43038279.0,88577095.0,110152712.0,66405502.0,45428296.0
MTRKS.IS:2023Q2,MTRKS.IS,MTRKS,2023Q2,2023-06-30,2023-08-15,data/fundamentals/MTRKS_IS.parquet,XU100.IS,False,371358297.0,61778261.0,73200484.0,8175536.0,106865093.0,47830828.0,2738136.0
MTRKS.IS:2023Q3,MTRKS.IS,MTRKS,2023Q3,2023-09-30,2023-11-15,data/fundamentals/MTRKS_IS.parquet,XU100.IS,False,593850577.0,116652342.0,165665905.0,46747210.0,138639804.0,69560921.0,-1446422.0
MTRKS.IS:2023Q4,MTRKS.IS,MTRKS,2023Q4,2023-12-31,2024-03-15,data/fundamentals/MTRKS_IS.parquet,XU100.IS,False,858847493.0,124652642.0,193387926.0,128460221.0,416034709.0,150598220.0,20921555.0
MTRKS.IS:2024Q1,MTRKS.IS,MTRKS,2024Q1,2024-03-31,2024-05-15,data/fundamentals/MTRKS_IS.parquet,XU100.IS,False,317926064.0,62329912.0,96060797.0,43157797.0,364016771.0,69598460.0,16436713.0
MTRKS.IS:2024Q2,MTRKS.IS,MTRKS,2024Q2,2024-06-30,2024-08-15,data/fundamentals/MTRKS_IS.parquet,XU100.IS,False,616057446.0,177664685.0,211954000.0,109185231.0,444981735.0,217112285.0,-31725546.0
MTRKS.IS:2024Q3,MTRKS.IS,MTRKS,2024Q3,2024-09-30,2024-11-15,data/fundamentals/MTRKS_IS.parquet,XU100.IS,False,951693372.0,282296582.0,361392658.0,106757127.0,479320526.0,137562093.0,5889794.0
MTRKS.IS:2024Q4,MTRKS.IS,MTRKS,2024Q4,2024-12-31,2025-03-15,data/fundamentals/MTRKS_IS.parquet,XU100.IS,False,1282832718.0,378018155.0,453751354.0,172390026.0,712158609.0,68526124.0,-175352633.0
MTRKS.IS:2025Q1,MTRKS.IS,MTRKS,2025Q1,2025-03-31,2025-05-15,data/fundamentals/MTRKS_IS.parquet,XU100.IS,False,343035593.0,64869168.0,122487253.0,58924327.0,643567406.0,87381454.0,6249569.0
MTRKS.IS:2025Q2,MTRKS.IS,MTRKS,2025Q2,2025-06-30,2025-08-15,data/fundamentals/MTRKS_IS.parquet,XU100.IS,False,708731818.0,143960315.0,303742802.0,91857657.0,700536014.0,355442383.0,160327927.0
MTRKS.IS:2025Q3,MTRKS.IS,MTRKS,2025Q3,2025-09-30,2025-11-15,data/fundamentals/MTRKS_IS.parquet,XU100.IS,False,931492705.0,104883612.0,258233355.0,140964201.0,824538924.0,269900609.0,17256640.0
MTRKS.IS:2025Q4,MTRKS.IS,MTRKS,2025Q4,2025-12-31,2026-03-15,data/fundamentals/MTRKS_IS.parquet,XU100.IS,False,1503784504.0,204077641.0,412173993.0,291727713.0,1137718986.0,441313322.0,52369431.0
MTRKS.IS:2026Q1,MTRKS.IS,MTRKS,2026Q1,2026-03-31,2026-05-15,data/fundamentals/MTRKS_IS.parquet,XU100.IS,False,379485569.0,10943796.0,80528082.0,60728696.0,1149328186.0,87134409.0,-11189048.0
MTRKS.IS:2026Q2,MTRKS.IS,MTRKS,2026Q2,2026-06-30,2026-08-15,data/fundamentals/MTRKS_IS.parquet,XU100.IS,False,801272447.0,30347688.0,179066466.0,118932422.0,1256187332.0,172074903.0,-46160950.0
ODAS.IS:2018Q1,ODAS.IS,ODAS,2018Q1,2018-03-31,2018-05-15,data/fundamentals/ODAS_IS.parquet,XUSIN.IS,False,194491303.0,6333373.0,9134428.0,-56321633.0,225607315.0,4871834.0,-91905740.0
ODAS.IS:2018Q2,ODAS.IS,ODAS,2018Q2,2018-06-30,2018-08-15,data/fundamentals/ODAS_IS.parquet,XUSIN.IS,False,426888090.0,12214902.0,18409468.0,-145907049.0,136088498.0,40077465.0,-165238758.0
ODAS.IS:2018Q3,ODAS.IS,ODAS,2018Q3,2018-09-30,2018-11-15,data/fundamentals/ODAS_IS.parquet,XUSIN.IS,False,675179834.0,7357982.0,30084079.0,-281606331.0,773328994.0,166057222.0,-436979467.0
ODAS.IS:2018Q4,ODAS.IS,ODAS,2018Q4,2018-12-31,2019-03-15,data/fundamentals/ODAS_IS.parquet,XUSIN.IS,False,886644695.0,22398001.0,67035892.0,-263103120.0,843864125.0,1567816368.0,-281099090.0
ODAS.IS:2019Q1,ODAS.IS,ODAS,2019Q1,2019-03-31,2019-05-15,data/fundamentals/ODAS_IS.parquet,XUSIN.IS,False,145196250.0,-8176468.0,15216196.0,-122632195.0,895149003.0,-107921865.0,-137606370.0
ODAS.IS:2019Q2,ODAS.IS,ODAS,2019Q2,2019-06-30,2019-08-15,data/fundamentals/ODAS_IS.parquet,XUSIN.IS,False,471413445.0,52177644.0,99232308.0,-123430609.0,894366532.0,-38171487.0,-111144246.0
ODAS.IS:2019Q3,ODAS.IS,ODAS,2019Q3,2019-09-30,2019-11-15,data/fundamentals/ODAS_IS.parquet,XUSIN.IS,False,732276683.0,97492160.0,168722693.0,-78638455.0,939138204.0,51682109.0,-38341654.0
ODAS.IS:2019Q4,ODAS.IS,ODAS,2019Q4,2019-12-31,2020-03-15,data/fundamentals/ODAS_IS.parquet,XUSIN.IS,False,938450745.0,147372597.0,227982538.0,-215150086.0,792249388.0,-187319702.0,-282631116.0
ODAS.IS:2020Q1,ODAS.IS,ODAS,2020Q1,2020-03-31,2020-05-15,data/fundamentals/ODAS_IS.parquet,XUSIN.IS,False,195170253.0,20969443.0,43706422.0,-158098560.0,898198435.0,-129294598.0,-147124327.0
ODAS.IS:2020Q2,ODAS.IS,ODAS,2020Q2,2020-06-30,2020-08-15,data/fundamentals/ODAS_IS.parquet,XUSIN.IS,False,478611774.0,106920317.0,152893720.0,-226877104.0,829123688.0,-94303227.0,-153592394.0
ODAS.IS:2020Q3,ODAS.IS,ODAS,2020Q3,2020-09-30,2020-11-15,data/fundamentals/ODAS_IS.parquet,XUSIN.IS,False,705392508.0,147672825.0,216571179.0,-514414522.0,538144218.0,-9003767.0,-89057360.0
ODAS.IS:2020Q4,ODAS.IS,ODAS,2020Q4,2020-12-31,2021-03-15,data/fundamentals/ODAS_IS.parquet,XUSIN.IS,False,975140238.0,188750022.0,285576933.0,-249114897.0,788185391.0,66242434.0,-96205803.0
ODAS.IS:2021Q1,ODAS.IS,ODAS,2021Q1,2021-03-31,2021-05-15,data/fundamentals/ODAS_IS.parquet,XUSIN.IS,False,277158560.0,49340758.0,74194495.0,-195484823.0,592564171.0,-97068261.0,-105332925.0
ODAS.IS:2021Q2,ODAS.IS,ODAS,2021Q2,2021-06-30,2021-08-15,data/fundamentals/ODAS_IS.parquet,XUSIN.IS,False,598696880.0,119456916.0,168263145.0,-221170031.0,953895875.0,-21459704.0,-87255090.0
ODAS.IS:2021Q3,ODAS.IS,ODAS,2021Q3,2021-09-30,2021-11-15,data/fundamentals/ODAS_IS.parquet,XUSIN.IS,False,1011882178.0,207225772.0,280042436.0,-161896567.0,1692153648.0,-137760523.0,-213130853.0
ODAS.IS:2021Q4,ODAS.IS,ODAS,2021Q4,2021-12-31,2022-03-15,data/fundamentals/ODAS_IS.parquet,XUSIN.IS,False,1445601491.0,328432724.0,404248627.0,-2240396.0,3665632853.0,2713805194.0,-407765525.0
ODAS.IS:2022Q1,ODAS.IS,ODAS,2022Q1,2022-03-31,2022-05-15,data/fundamentals/ODAS_IS.parquet,XUSIN.IS,False,1070976680.0,511534627.0,564083647.0,480317197.0,3994966092.0,481853181.0,360259887.0
ODAS.IS:2022Q2,ODAS.IS,ODAS,2022Q2,2022-06-30,2022-08-15,data/fundamentals/ODAS_IS.parquet,XUSIN.IS,False,2646685194.0,1273830335.0,1380470110.0,1161561645.0,4784720129.0,1378555139.0,884849883.0
ODAS.IS:2022Q3,ODAS.IS,ODAS,2022Q3,2022-09-30,2022-11-15,data/fundamentals/ODAS_IS.parquet,XUSIN.IS,False,4813499952.0,2532753908.0,2694602266.0,2656562062.0,6281019425.0,2505899322.0,1735647315.0
ODAS.IS:2022Q4,ODAS.IS,ODAS,2022Q4,2022-12-31,2023-03-15,data/fundamentals/ODAS_IS.parquet,XUSIN.IS,False,15804775578.0,5964913901.0,6498714860.0,1806448450.0,15156864340.0,7777991813.0,5222746691.0
ODAS.IS:2023Q1,ODAS.IS,ODAS,2023Q1,2023-03-31,2023-05-15,data/fundamentals/ODAS_IS.parquet,XUSIN.IS,False,3007638194.0,440923401.0,766499279.0,300716555.0,5579339237.0,-1022511106.0,-2004501770.0
ODAS.IS:2023Q2,ODAS.IS,ODAS,2023Q2,2023-06-30,2023-08-15,data/fundamentals/ODAS_IS.parquet,XUSIN.IS,False,5265045842.0,933726082.0,1324823102.0,2545605419.0,5140970836.0,1981095672.0,-278637.0
ODAS.IS:2023Q3,ODAS.IS,ODAS,2023Q3,2023-09-30,2023-11-15,data/fundamentals/ODAS_IS.parquet,XUSIN.IS,False,8021907181.0,1305854125.0,2161345452.0,7191621885.0,9553514724.0,8793791659.0,4181375383.0
ODAS.IS:2023Q4,ODAS.IS,ODAS,2023Q4,2023-12-31,2024-03-15,data/fundamentals/ODAS_IS.parquet,XUSIN.IS,False,10743366289.0,1756660529.0,3421577253.0,6196221280.0,25663800940.0,14212795670.0,4885929161.0
ODAS.IS:2024Q1,ODAS.IS,ODAS,2024Q1,2024-03-31,2024-05-15,data/fundamentals/ODAS_IS.parquet,XUSIN.IS,False,2160953035.0,243233491.0,974858942.0,178129560.0,20753404554.0,3081175603.0,-457044053.0
ODAS.IS:2024Q2,ODAS.IS,ODAS,2024Q2,2024-06-30,2024-08-15,data/fundamentals/ODAS_IS.parquet,XUSIN.IS,False,4035910002.0,231209255.0,1470669875.0,-3142681487.0,24107573656.0,6232348257.0,1441516682.0
ODAS.IS:2024Q3,ODAS.IS,ODAS,2024Q3,2024-09-30,2024-11-15,data/fundamentals/ODAS_IS.parquet,XUSIN.IS,False,7110542918.0,949568123.0,2842678508.0,-3975561945.0,25192087072.0,6271722051.0,-2188706158.0
ODAS.IS:2024Q4,ODAS.IS,ODAS,2024Q4,2024-12-31,2025-03-15,data/fundamentals/ODAS_IS.parquet,XUSIN.IS,False,10215595113.0,1426175191.0,3903944121.0,-4395570255.0,34854655462.0,1430407360.0,-2435044505.0
ODAS.IS:2025Q1,ODAS.IS,ODAS,2025Q1,2025-03-31,2025-05-15,data/fundamentals/ODAS_IS.parquet,XUSIN.IS,False,1802227318.0,162712436.0,1081910692.0,-562863857.0,30645447731.0,4031343612.0,-1315182632.0
ODAS.IS:2025Q2,ODAS.IS,ODAS,2025Q2,2025-06-30,2025-08-15,data/fundamentals/ODAS_IS.parquet,XUSIN.IS,False,4843841748.0,342631702.0,1962890984.0,-2358780136.0,31191650118.0,-2043376747.0,-1580119649.0
ODAS.IS:2025Q3,ODAS.IS,ODAS,2025Q3,2025-09-30,2025-11-15,data/fundamentals/ODAS_IS.parquet,XUSIN.IS,False,6566793190.0,581790344.0,2494224779.0,-1950065757.0,33556469664.0,-2532121448.0,-1320513741.0
ODAS.IS:2025Q4,ODAS.IS,ODAS,2025Q4,2025-12-31,2026-03-15,data/fundamentals/ODAS_IS.parquet,XUSIN.IS,False,10495233843.0,750300201.0,3786669126.0,353359348.0,42351998925.0,-5633445235.0,-2530073642.0
ODAS.IS:2026Q1,ODAS.IS,ODAS,2026Q1,2026-03-31,2026-05-15,data/fundamentals/ODAS_IS.parquet,XUSIN.IS,False,2336616862.0,-138133123.0,906769728.0,-1252485525.0,39643047598.0,125801232.0,1646610033.0
ODAS.IS:2026Q2,ODAS.IS,ODAS,2026Q2,2026-06-30,2026-08-15,data/fundamentals/ODAS_IS.parquet,XUSIN.IS,False,4968334409.0,-279106653.0,1674243904.0,-4054325967.0,39448614814.0,3579579514.0,1992012716.0
ONCSM.IS:2019Q4,ONCSM.IS,ONCSM,2019Q4,2019-12-31,2020-03-15,data/fundamentals/ONCSM_IS.parquet,XUSIN.IS,False,47805239.0,8375529.0,11813933.0,1931211.0,57169352.0,16635642.0,1851274.0
ONCSM.IS:2020Q4,ONCSM.IS,ONCSM,2020Q4,2020-12-31,2021-03-15,data/fundamentals/ONCSM_IS.parquet,XUSIN.IS,False,101300904.0,29950470.0,35600300.0,18765715.0,76017013.0,19354530.0,3178216.0
ONCSM.IS:2021Q3,ONCSM.IS,ONCSM,2021Q3,2021-09-30,2021-11-15,data/fundamentals/ONCSM_IS.parquet,XUSIN.IS,False,56784078.0,-1413295.0,4352703.0,-830293.0,0.0,11235338.0,8292345.0
ONCSM.IS:2021Q4,ONCSM.IS,ONCSM,2021Q4,2021-12-31,2022-03-15,data/fundamentals/ONCSM_IS.parquet,XUSIN.IS,False,127988678.0,72616142.0,80611928.0,71732927.0,78797380.0,51728143.0,13941701.0
ONCSM.IS:2022Q1,ONCSM.IS,ONCSM,2022Q1,2022-03-31,2022-05-15,data/fundamentals/ONCSM_IS.parquet,XUSIN.IS,False,43812207.0,-1531554.0,2229929.0,5919.0,0.0,4215836.0,1659402.0
ONCSM.IS:2022Q3,ONCSM.IS,ONCSM,2022Q3,2022-09-30,2022-11-15,data/fundamentals/ONCSM_IS.parquet,XUSIN.IS,False,101702690.0,24073536.0,32600410.0,20424840.0,98845738.0,10737029.0,2210109.0
ONCSM.IS:2022Q4,ONCSM.IS,ONCSM,2022Q4,2022-12-31,2023-03-15,data/fundamentals/ONCSM_IS.parquet,XUSIN.IS,False,292938612.0,34262693.0,73577772.0,-20764097.0,224079404.0,52689498.0,25621203.0
ONCSM.IS:2023Q1,ONCSM.IS,ONCSM,2023Q1,2023-03-31,2023-05-15,data/fundamentals/ONCSM_IS.parquet,XUSIN.IS,False,83853811.0,-4863234.0,6026570.0,-9788724.0,171024676.0,-33135399.0,-39666892.0
ONCSM.IS:2023Q2,ONCSM.IS,ONCSM,2023Q2,2023-06-30,2023-08-15,data/fundamentals/ONCSM_IS.parquet,XUSIN.IS,False,160703475.0,-15070140.0,8815560.0,-32652813.0,168668153.0,-37698009.0,-53204689.0
ONCSM.IS:2023Q3,ONCSM.IS,ONCSM,2023Q3,2023-09-30,2023-11-15,data/fundamentals/ONCSM_IS.parquet,XUSIN.IS,False,245258460.0,-34716826.0,4792642.0,-97628041.0,165800907.0,-42190578.0,-64289849.0
ONCSM.IS:2023Q4,ONCSM.IS,ONCSM,2023Q4,2023-12-31,2024-03-15,data/fundamentals/ONCSM_IS.parquet,XUSIN.IS,False,347239530.0,-65869679.0,-9485149.0,-115230143.0,334529757.0,-36922470.0,-68588779.0
ONCSM.IS:2024Q1,ONCSM.IS,ONCSM,2024Q1,2024-03-31,2024-05-15,data/fundamentals/ONCSM_IS.parquet,XUSIN.IS,False,96747969.0,-26847285.0,-12094545.0,-49643014.0,228021387.0,5489928.0,-1109620.0
ONCSM.IS:2024Q2,ONCSM.IS,ONCSM,2024Q2,2024-06-30,2024-08-15,data/fundamentals/ONCSM_IS.parquet,XUSIN.IS,False,213823079.0,-12483727.0,19864277.0,-72561362.0,234085860.0,27121436.0,5759043.0
ONCSM.IS:2024Q3,ONCSM.IS,ONCSM,2024Q3,2024-09-30,2024-11-15,data/fundamentals/ONCSM_IS.parquet,XUSIN.IS,False,370470871.0,11750621.0,63666962.0,-66106501.0,263882542.0,71246850.0,46125739.0
ONCSM.IS:2024Q4,ONCSM.IS,ONCSM,2024Q4,2024-12-31,2025-03-15,data/fundamentals/ONCSM_IS.parquet,XUSIN.IS,False,490177860.0,8961733.0,77299126.0,-77445925.0,358820470.0,112116735.0,80423833.0
ONCSM.IS:2025Q1,ONCSM.IS,ONCSM,2025Q1,2025-03-31,2025-05-15,data/fundamentals/ONCSM_IS.parquet,XUSIN.IS,False,219516082.0,41769771.0,59073397.0,9854621.0,308342937.0,25588544.0,18850266.0
ONCSM.IS:2025Q2,ONCSM.IS,ONCSM,2025Q2,2025-06-30,2025-08-15,data/fundamentals/ONCSM_IS.parquet,XUSIN.IS,False,451641789.0,43681002.0,79406921.0,10753130.0,325121884.0,34898910.0,7878360.0
ONCSM.IS:2025Q3,ONCSM.IS,ONCSM,2025Q3,2025-09-30,2025-11-15,data/fundamentals/ONCSM_IS.parquet,XUSIN.IS,False,523362988.0,64785352.0,107916385.0,25517814.0,366692089.0,40959586.0,-8052804.0
ONCSM.IS:2025Q4,ONCSM.IS,ONCSM,2025Q4,2025-12-31,2026-03-15,data/fundamentals/ONCSM_IS.parquet,XUSIN.IS,False,834998338.0,184873250.0,254484559.0,59342853.0,479280393.0,81679054.0,4362575.0
ONCSM.IS:2026Q1,ONCSM.IS,ONCSM,2026Q1,2026-03-31,2026-05-15,data/fundamentals/ONCSM_IS.parquet,XUSIN.IS,False,239001848.0,55962763.0,71983976.0,5945065.0,447250420.0,-1342556.0,-32430823.0
ONCSM.IS:2026Q2,ONCSM.IS,ONCSM,2026Q2,2026-06-30,2026-08-15,data/fundamentals/ONCSM_IS.parquet,XUSIN.IS,False,477477989.0,123979953.0,159824581.0,30996582.0,505011304.0,63846997.0,-3304379.0
OTKAR.IS:2018Q1,OTKAR.IS,OTKAR,2018Q1,2018-03-31,2018-05-15,data/fundamentals/OTKAR_IS.parquet,XUSIN.IS,False,252385000.0,-17685000.0,-2524000.0,-27725000.0,185048000.0,8541000.0,-10849000.0
OTKAR.IS:2018Q2,OTKAR.IS,OTKAR,2018Q2,2018-06-30,2018-08-15,data/fundamentals/OTKAR_IS.parquet,XUSIN.IS,False,488159000.0,-64773000.0,-34694000.0,-78719000.0,134787000.0,-107864000.0,-157595000.0
OTKAR.IS:2018Q3,OTKAR.IS,OTKAR,2018Q3,2018-09-30,2018-11-15,data/fundamentals/OTKAR_IS.parquet,XUSIN.IS,False,808636000.0,-50383000.0,-5815000.0,-85906000.0,130621000.0,-173156000.0,-249443000.0
OTKAR.IS:2018Q4,OTKAR.IS,OTKAR,2018Q4,2018-12-31,2019-03-15,data/fundamentals/OTKAR_IS.parquet,XUSIN.IS,False,1678661000.0,165537000.0,226309000.0,164336000.0,389586000.0,280354000.0,149869000.0
OTKAR.IS:2019Q1,OTKAR.IS,OTKAR,2019Q1,2019-03-31,2019-05-15,data/fundamentals/OTKAR_IS.parquet,XUSIN.IS,False,419070000.0,-7477000.0,9944000.0,-10952000.0,298151000.0,-103183000.0,-132940000.0
OTKAR.IS:2019Q2,OTKAR.IS,OTKAR,2019Q2,2019-06-30,2019-08-15,data/fundamentals/OTKAR_IS.parquet,XUSIN.IS,False,1283896000.0,194461000.0,233667000.0,195330000.0,486227000.0,-190205000.0,-281932000.0
OTKAR.IS:2019Q3,OTKAR.IS,OTKAR,2019Q3,2019-09-30,2019-11-15,data/fundamentals/OTKAR_IS.parquet,XUSIN.IS,False,1877343000.0,315233000.0,374307000.0,297386000.0,590952000.0,-22690000.0,-160769000.0
OTKAR.IS:2019Q4,OTKAR.IS,OTKAR,2019Q4,2019-12-31,2020-03-15,data/fundamentals/OTKAR_IS.parquet,XUSIN.IS,False,2430643000.0,352460000.0,431758000.0,351592000.0,637646000.0,424299000.0,240529000.0
OTKAR.IS:2020Q1,OTKAR.IS,OTKAR,2020Q1,2020-03-31,2020-05-15,data/fundamentals/OTKAR_IS.parquet,XUSIN.IS,False,458789000.0,22738000.0,45802000.0,22307000.0,459172000.0,-107055000.0,-156032000.0
OTKAR.IS:2020Q2,OTKAR.IS,OTKAR,2020Q2,2020-06-30,2020-08-15,data/fundamentals/OTKAR_IS.parquet,XUSIN.IS,False,1136248000.0,201586000.0,248341000.0,172317000.0,594805000.0,-207310000.0,-306506000.0
OTKAR.IS:2020Q3,OTKAR.IS,OTKAR,2020Q3,2020-09-30,2020-11-15,data/fundamentals/OTKAR_IS.parquet,XUSIN.IS,False,1749399000.0,323811000.0,393747000.0,320039000.0,726858000.0,32392000.0,-122585000.0
OTKAR.IS:2020Q4,OTKAR.IS,OTKAR,2020Q4,2020-12-31,2021-03-15,data/fundamentals/OTKAR_IS.parquet,XUSIN.IS,False,2908711000.0,574977000.0,671691000.0,618268000.0,1007343000.0,-51942000.0,-362630000.0
OTKAR.IS:2021Q1,OTKAR.IS,OTKAR,2021Q1,2021-03-31,2021-05-15,data/fundamentals/OTKAR_IS.parquet,XUSIN.IS,False,877242000.0,103734000.0,128444000.0,107444000.0,683614000.0,275324000.0,202282000.0
OTKAR.IS:2021Q2,OTKAR.IS,OTKAR,2021Q2,2021-06-30,2021-08-15,data/fundamentals/OTKAR_IS.parquet,XUSIN.IS,False,1859889000.0,317417000.0,369492000.0,396504000.0,960557000.0,450869000.0,324173000.0
OTKAR.IS:2021Q3,OTKAR.IS,OTKAR,2021Q3,2021-09-30,2021-11-15,data/fundamentals/OTKAR_IS.parquet,XUSIN.IS,False,2674680000.0,421344000.0,502939000.0,516431000.0,1089358000.0,620082000.0,417249000.0
OTKAR.IS:2021Q4,OTKAR.IS,OTKAR,2021Q4,2021-12-31,2022-03-15,data/fundamentals/OTKAR_IS.parquet,XUSIN.IS,False,4508874000.0,807497000.0,912645000.0,1041524000.0,1496535000.0,952845000.0,672894000.0
OTKAR.IS:2022Q1,OTKAR.IS,OTKAR,2022Q1,2022-03-31,2022-05-15,data/fundamentals/OTKAR_IS.parquet,XUSIN.IS,False,1293998000.0,153778000.0,189324000.0,200532000.0,1195739000.0,657930000.0,523571000.0
OTKAR.IS:2022Q2,OTKAR.IS,OTKAR,2022Q2,2022-06-30,2022-08-15,data/fundamentals/OTKAR_IS.parquet,XUSIN.IS,False,3651120000.0,491262000.0,563181000.0,542789000.0,1560441000.0,-130024000.0,-421547000.0
OTKAR.IS:2022Q3,OTKAR.IS,OTKAR,2022Q3,2022-09-30,2022-11-15,data/fundamentals/OTKAR_IS.parquet,XUSIN.IS,False,5122463000.0,489354000.0,599657000.0,600543000.0,1626415000.0,-1320800000.0,-1690894000.0
OTKAR.IS:2022Q4,OTKAR.IS,OTKAR,2022Q4,2022-12-31,2023-03-15,data/fundamentals/OTKAR_IS.parquet,XUSIN.IS,False,17818972000.0,67143000.0,756602000.0,2018080000.0,6527187000.0,-1661435000.0,-3327556000.0
OTKAR.IS:2023Q1,OTKAR.IS,OTKAR,2023Q1,2023-03-31,2023-05-15,data/fundamentals/OTKAR_IS.parquet,XUSIN.IS,False,5171618116.0,-1371230717.0,-1064947717.0,-801676636.0,1532443000.0,1224588000.0,562334000.0
OTKAR.IS:2023Q2,OTKAR.IS,OTKAR,2023Q2,2023-06-30,2023-08-15,data/fundamentals/OTKAR_IS.parquet,XUSIN.IS,False,12564350000.0,-1280162000.0,-663137000.0,-200529000.0,1806875000.0,-1576917000.0,-2710924000.0
OTKAR.IS:2023Q3,OTKAR.IS,OTKAR,2023Q3,2023-09-30,2023-11-15,data/fundamentals/OTKAR_IS.parquet,XUSIN.IS,False,23000826000.0,-545291000.0,382751000.0,-134760000.0,2481169000.0,78701000.0,354818000.0
OTKAR.IS:2023Q4,OTKAR.IS,OTKAR,2023Q4,2023-12-31,2024-03-15,data/fundamentals/OTKAR_IS.parquet,XUSIN.IS,False,39327185000.0,1071532000.0,2387428000.0,2841321000.0,11987984000.0,1143262000.0,938260000.0
OTKAR.IS:2024Q1,OTKAR.IS,OTKAR,2024Q1,2024-03-31,2024-05-15,data/fundamentals/OTKAR_IS.parquet,XUSIN.IS,False,6761449000.0,-1214945000.0,-815412000.0,-576337000.0,8469916000.0,-1732385000.0,-2060904000.0
OTKAR.IS:2024Q2,OTKAR.IS,OTKAR,2024Q2,2024-06-30,2024-08-15,data/fundamentals/OTKAR_IS.parquet,XUSIN.IS,False,17517394000.0,-1801578000.0,-906799000.0,-1855207000.0,8372470000.0,-4966588000.0,-6043552000.0
OTKAR.IS:2024Q3,OTKAR.IS,OTKAR,2024Q3,2024-09-30,2024-11-15,data/fundamentals/OTKAR_IS.parquet,XUSIN.IS,False,28553114000.0,-2559817000.0,-1126017000.0,-3198947000.0,8295355000.0,-1507330000.0,-3472911000.0
OTKAR.IS:2024Q4,OTKAR.IS,OTKAR,2024Q4,2024-12-31,2025-03-15,data/fundamentals/OTKAR_IS.parquet,XUSIN.IS,False,44353886568.0,-2993836099.0,-1007665431.0,-4063459414.0,10717772787.0,-259325191.0,-3521435589.0
OTKAR.IS:2025Q1,OTKAR.IS,OTKAR,2025Q1,2025-03-31,2025-05-15,data/fundamentals/OTKAR_IS.parquet,XUSIN.IS,False,10416443000.0,-836840000.0,-264548000.0,-606346000.0,8419432000.0,11200402000.0,10524053000.0
OTKAR.IS:2025Q2,OTKAR.IS,OTKAR,2025Q2,2025-06-30,2025-08-15,data/fundamentals/OTKAR_IS.parquet,XUSIN.IS,False,26208137000.0,436328000.0,1620544000.0,-104550000.0,8934254000.0,9983584000.0,8454306000.0
OTKAR.IS:2025Q3,OTKAR.IS,OTKAR,2025Q3,2025-09-30,2025-11-15,data/fundamentals/OTKAR_IS.parquet,XUSIN.IS,False,30936937000.0,21278000.0,1467526000.0,-436338000.0,9412900000.0,5332528000.0,3379012000.0
OTKAR.IS:2025Q4,OTKAR.IS,OTKAR,2025Q4,2025-12-31,2026-03-15,data/fundamentals/OTKAR_IS.parquet,XUSIN.IS,False,61190103094.0,149063383.0,2535684916.0,-1718047813.0,10066944426.0,4237131141.0,1158599691.0
OTKAR.IS:2026Q1,OTKAR.IS,OTKAR,2026Q1,2026-03-31,2026-05-15,data/fundamentals/OTKAR_IS.parquet,XUSIN.IS,False,9546905000.0,-2339849000.0,-1648963000.0,-1601211000.0,7824461000.0,-1622666000.0,-1981936000.0
OTKAR.IS:2026Q2,OTKAR.IS,OTKAR,2026Q2,2026-06-30,2026-08-15,data/fundamentals/OTKAR_IS.parquet,XUSIN.IS,False,21169889000.0,-3831792000.0,-2351649000.0,-4493317000.0,5544337000.0,-5137013000.0,-9108546000.0
OYAKC.IS:2018Q1,OYAKC.IS,OYAKC,2018Q1,2018-03-31,2018-05-15,data/fundamentals/OYAKC_IS.parquet,XUSIN.IS,False,48053976.0,6486837.0,9021120.0,10939774.0,234812115.0,-2840873.0,-3711647.0
OYAKC.IS:2018Q2,OYAKC.IS,OYAKC,2018Q2,2018-06-30,2018-08-15,data/fundamentals/OYAKC_IS.parquet,XUSIN.IS,False,96640422.0,13884285.0,19160506.0,19901727.0,244535472.0,3557900.0,900499.0
OYAKC.IS:2018Q3,OYAKC.IS,OYAKC,2018Q3,2018-09-30,2018-11-15,data/fundamentals/OYAKC_IS.parquet,XUSIN.IS,False,155365739.0,18945243.0,27531737.0,26462326.0,253507115.0,13666856.0,11143539.0
OYAKC.IS:2018Q4,OYAKC.IS,OYAKC,2018Q4,2018-12-31,2019-03-15,data/fundamentals/OYAKC_IS.parquet,XUSIN.IS,False,199400054.0,23947528.0,35335891.0,30411067.0,2302925439.0,-15150511.0,-22128154.0
OYAKC.IS:2019Q1,OYAKC.IS,OYAKC,2019Q1,2019-03-31,2019-05-15,data/fundamentals/OYAKC_IS.parquet,XUSIN.IS,False,26063604.0,-8250711.0,-5492017.0,6316815.0,203959242.0,28809811.0,25170613.0
OYAKC.IS:2019Q2,OYAKC.IS,OYAKC,2019Q2,2019-06-30,2019-08-15,data/fundamentals/OYAKC_IS.parquet,XUSIN.IS,False,1008395351.0,2327628.0,70646984.0,36766189.0,203521631.0,179276879.0,229061867.0
OYAKC.IS:2019Q3,OYAKC.IS,OYAKC,2019Q3,2019-09-30,2019-11-15,data/fundamentals/OYAKC_IS.parquet,XUSIN.IS,False,1568858431.0,43663448.0,153358873.0,35439553.0,211320607.0,26296688.0,3831712.0
OYAKC.IS:2019Q4,OYAKC.IS,OYAKC,2019Q4,2019-12-31,2020-03-15,data/fundamentals/OYAKC_IS.parquet,XUSIN.IS,False,2184761224.0,119072949.0,271740507.0,113616825.0,2010380209.0,262541343.0,165272036.0
OYAKC.IS:2020Q1,OYAKC.IS,OYAKC,2020Q1,2020-03-31,2020-05-15,data/fundamentals/OYAKC_IS.parquet,XUSIN.IS,False,495203875.0,4030726.0,39911695.0,-19598942.0,218910741.0,84170381.0,-23745619.0
OYAKC.IS:2020Q2,OYAKC.IS,OYAKC,2020Q2,2020-06-30,2020-08-15,data/fundamentals/OYAKC_IS.parquet,XUSIN.IS,False,1094127212.0,22792365.0,99153126.0,1364717.0,1919929824.0,174269969.0,-14807284.0
OYAKC.IS:2020Q3,OYAKC.IS,OYAKC,2020Q3,2020-09-30,2020-11-15,data/fundamentals/OYAKC_IS.parquet,XUSIN.IS,False,1961907527.0,161137678.0,270664508.0,159584694.0,2078531668.0,290170689.0,44435437.0
OYAKC.IS:2020Q4,OYAKC.IS,OYAKC,2020Q4,2020-12-31,2021-03-15,data/fundamentals/OYAKC_IS.parquet,XUSIN.IS,False,2932234571.0,332237198.0,496840108.0,358453306.0,2282151205.0,523525532.0,238616365.0
OYAKC.IS:2021Q1,OYAKC.IS,OYAKC,2021Q1,2021-03-31,2021-05-15,data/fundamentals/OYAKC_IS.parquet,XUSIN.IS,False,848278311.0,155700008.0,196091728.0,132285649.0,2413824742.0,161843494.0,151771854.0
OYAKC.IS:2021Q2,OYAKC.IS,OYAKC,2021Q2,2021-06-30,2021-08-15,data/fundamentals/OYAKC_IS.parquet,XUSIN.IS,False,1985896284.0,364207858.0,449696525.0,290263365.0,2561463810.0,424292386.0,316025455.0
OYAKC.IS:2021Q3,OYAKC.IS,OYAKC,2021Q3,2021-09-30,2021-11-15,data/fundamentals/OYAKC_IS.parquet,XUSIN.IS,False,3150609420.0,586654040.0,711879144.0,442982621.0,2714297646.0,427362273.0,243971333.0
OYAKC.IS:2021Q4,OYAKC.IS,OYAKC,2021Q4,2021-12-31,2022-03-15,data/fundamentals/OYAKC_IS.parquet,XUSIN.IS,False,4680981940.0,832453729.0,1027215348.0,725165282.0,10065836388.0,659877289.0,336916436.0
OYAKC.IS:2022Q1,OYAKC.IS,OYAKC,2022Q1,2022-03-31,2022-05-15,data/fundamentals/OYAKC_IS.parquet,XUSIN.IS,False,1657750275.0,245925920.0,297644048.0,222405305.0,3198768436.0,-163647121.0,-260820546.0
OYAKC.IS:2022Q2,OYAKC.IS,OYAKC,2022Q2,2022-06-30,2022-08-15,data/fundamentals/OYAKC_IS.parquet,XUSIN.IS,False,4709396823.0,1101789001.0,1218592696.0,882639216.0,3822708376.0,57429648.0,-202642080.0
OYAKC.IS:2022Q3,OYAKC.IS,OYAKC,2022Q3,2022-09-30,2022-11-15,data/fundamentals/OYAKC_IS.parquet,XUSIN.IS,False,8185945315.0,1933216612.0,2095166571.0,1571579737.0,4510898101.0,816167216.0,415828647.0
OYAKC.IS:2022Q4,OYAKC.IS,OYAKC,2022Q4,2022-12-31,2023-03-15,data/fundamentals/OYAKC_IS.parquet,XUSIN.IS,False,26312734932.0,5293662649.0,6605852166.0,8822949317.0,18597447850.0,3048211632.0,1419483291.0
OYAKC.IS:2023Q1,OYAKC.IS,OYAKC,2023Q1,2023-03-31,2023-05-15,data/fundamentals/OYAKC_IS.parquet,XUSIN.IS,False,8406905617.0,2156101209.0,2459726064.0,450047134.0,8381367792.0,461293385.0,-1465704075.0
OYAKC.IS:2023Q2,OYAKC.IS,OYAKC,2023Q2,2023-06-30,2023-08-15,data/fundamentals/OYAKC_IS.parquet,XUSIN.IS,False,17965346249.0,5060227965.0,5918363580.0,7290646666.0,10188174712.0,7542362080.0,6582968596.0
OYAKC.IS:2023Q3,OYAKC.IS,OYAKC,2023Q3,2023-09-30,2023-11-15,data/fundamentals/OYAKC_IS.parquet,XUSIN.IS,False,30677248289.0,8198377018.0,9551232412.0,8142061018.0,12827954279.0,12996932537.0,11383922327.0
OYAKC.IS:2023Q4,OYAKC.IS,OYAKC,2023Q4,2023-12-31,2024-03-15,data/fundamentals/OYAKC_IS.parquet,XUSIN.IS,False,44323987453.0,11489142719.0,13401066055.0,11734975327.0,38500315834.0,7949274358.0,6169025655.0
OYAKC.IS:2024Q1,OYAKC.IS,OYAKC,2024Q1,2024-03-31,2024-05-15,data/fundamentals/OYAKC_IS.parquet,XUSIN.IS,False,11275067333.0,2090529742.0,2595094548.0,1114534641.0,31444851621.0,1978620864.0,868729933.0
OYAKC.IS:2024Q2,OYAKC.IS,OYAKC,2024Q2,2024-06-30,2024-08-15,data/fundamentals/OYAKC_IS.parquet,XUSIN.IS,False,24613693261.0,5240913065.0,6632516479.0,4022049071.0,36209608748.0,2776614121.0,793767335.0
OYAKC.IS:2024Q3,OYAKC.IS,OYAKC,2024Q3,2024-09-30,2024-11-15,data/fundamentals/OYAKC_IS.parquet,XUSIN.IS,False,41717303148.0,9520152525.0,11975816434.0,7107015878.0,41523360573.0,5170508415.0,-1704163184.0
OYAKC.IS:2024Q4,OYAKC.IS,OYAKC,2024Q4,2024-12-31,2025-03-15,data/fundamentals/OYAKC_IS.parquet,XUSIN.IS,False,58156336257.0,13244608256.0,16679687899.0,9381547042.0,59714976330.0,12305840728.0,1043369217.0
OYAKC.IS:2025Q1,OYAKC.IS,OYAKC,2025Q1,2025-03-31,2025-05-15,data/fundamentals/OYAKC_IS.parquet,XUSIN.IS,False,13550729000.0,2558786000.0,3398789000.0,1303779000.0,46361657889.0,471557000.0,-3201496000.0
OYAKC.IS:2025Q2,OYAKC.IS,OYAKC,2025Q2,2025-06-30,2025-08-15,data/fundamentals/OYAKC_IS.parquet,XUSIN.IS,False,30876286000.0,5298828000.0,7316915000.0,4778200000.0,51698544034.0,1826785000.0,-4151497000.0
OYAKC.IS:2025Q3,OYAKC.IS,OYAKC,2025Q3,2025-09-30,2025-11-15,data/fundamentals/OYAKC_IS.parquet,XUSIN.IS,False,40527516047.0,8051749237.0,10542969283.0,7282247839.0,59016862781.0,5503513158.0,2365149213.0
OYAKC.IS:2025Q4,OYAKC.IS,OYAKC,2025Q4,2025-12-31,2026-03-15,data/fundamentals/OYAKC_IS.parquet,XUSIN.IS,False,66536599109.0,13131971335.0,17249569384.0,10318885143.0,74131556531.0,12024339865.0,7292441798.0
OYAKC.IS:2026Q1,OYAKC.IS,OYAKC,2026Q1,2026-03-31,2026-05-15,data/fundamentals/OYAKC_IS.parquet,XUSIN.IS,False,10709501000.0,1378892000.0,2385916000.0,102523000.0,69393865000.0,513046000.0,-2152024000.0
OYAKC.IS:2026Q2,OYAKC.IS,OYAKC,2026Q2,2026-06-30,2026-08-15,data/fundamentals/OYAKC_IS.parquet,XUSIN.IS,False,27056879000.0,4062567000.0,6384102000.0,2194208000.0,76166532000.0,1566216000.0,-2022203000.0
PASEU.IS:2020Q4,PASEU.IS,PASEU,2020Q4,2020-12-31,2021-03-15,data/fundamentals/PASEU_IS.parquet,XU100.IS,False,56670051.0,4648518.0,4760200.0,2600097.0,3701537.0,2721954.0,673655.0
PASEU.IS:2021Q4,PASEU.IS,PASEU,2021Q4,2021-12-31,2022-03-15,data/fundamentals/PASEU_IS.parquet,XU100.IS,False,295851036.0,19379949.0,20326437.0,16271245.0,20034720.0,-9701819.0,-12605701.0
PASEU.IS:2022Q1,PASEU.IS,PASEU,2022Q1,2022-03-31,2022-05-15,data/fundamentals/PASEU_IS.parquet,XU100.IS,False,116549481.0,15514908.0,16318455.0,12541964.0,0.0,6924548.0,6697849.0
PASEU.IS:2022Q2,PASEU.IS,PASEU,2022Q2,2022-06-30,2022-08-15,data/fundamentals/PASEU_IS.parquet,XU100.IS,False,228441947.0,34131541.0,35056656.0,28339856.0,0.0,31075253.0,31023632.0
PASEU.IS:2022Q3,PASEU.IS,PASEU,2022Q3,2022-09-30,2022-11-15,data/fundamentals/PASEU_IS.parquet,XU100.IS,False,334009053.0,38282854.0,39146251.0,33066440.0,0.0,9327021.0,8927722.0
PASEU.IS:2022Q4,PASEU.IS,PASEU,2022Q4,2022-12-31,2023-03-15,data/fundamentals/PASEU_IS.parquet,XU100.IS,False,1022299699.0,175870216.0,179185632.0,104799340.0,162199905.0,322637284.0,-2501136.0
PASEU.IS:2023Q1,PASEU.IS,PASEU,2023Q1,2023-03-31,2023-05-15,data/fundamentals/PASEU_IS.parquet,XU100.IS,False,262870286.0,31456248.0,32978414.0,7055082.0,169711139.0,-112985554.0,-116907138.0
PASEU.IS:2023Q2,PASEU.IS,PASEU,2023Q2,2023-06-30,2023-08-15,data/fundamentals/PASEU_IS.parquet,XU100.IS,False,494758341.0,78796654.0,80983692.0,121303588.0,634238597.0,-782040082.0,-785873926.0
PASEU.IS:2023Q3,PASEU.IS,PASEU,2023Q3,2023-09-30,2023-11-15,data/fundamentals/PASEU_IS.parquet,XU100.IS,False,853000381.0,86952411.0,89968307.0,28957967.0,681623399.0,-706096573.0,-903902994.0
PASEU.IS:2023Q4,PASEU.IS,PASEU,2023Q4,2023-12-31,2024-03-15,data/fundamentals/PASEU_IS.parquet,XU100.IS,False,1025118672.0,70805086.0,78602274.0,340367236.0,1587143779.0,-545485438.0,-760991842.0
PASEU.IS:2024Q1,PASEU.IS,PASEU,2024Q1,2024-03-31,2024-05-15,data/fundamentals/PASEU_IS.parquet,XU100.IS,False,220990537.0,27869907.0,32030553.0,7883865.0,1278589962.0,-91832486.0,-95804527.0
PASEU.IS:2024Q2,PASEU.IS,PASEU,2024Q2,2024-06-30,2024-08-15,data/fundamentals/PASEU_IS.parquet,XU100.IS,False,593810045.0,77312205.0,87917606.0,159342662.0,1500934115.0,-73517520.0,-77571891.0
PASEU.IS:2024Q3,PASEU.IS,PASEU,2024Q3,2024-09-30,2024-11-15,data/fundamentals/PASEU_IS.parquet,XU100.IS,False,1077016533.0,178302539.0,189417308.0,206116055.0,1666649370.0,-162821964.0,-166061136.0
PASEU.IS:2024Q4,PASEU.IS,PASEU,2024Q4,2024-12-31,2025-03-15,data/fundamentals/PASEU_IS.parquet,XU100.IS,False,1950561697.0,277508896.0,293551990.0,268644951.0,2378247931.0,-191184301.0,-236950449.0
PASEU.IS:2025Q1,PASEU.IS,PASEU,2025Q1,2025-03-31,2025-05-15,data/fundamentals/PASEU_IS.parquet,XU100.IS,False,814518202.0,84073028.0,89489843.0,66952099.0,2061445543.0,-131673213.0,-139723221.0
PASEU.IS:2025Q2,PASEU.IS,PASEU,2025Q2,2025-06-30,2025-08-15,data/fundamentals/PASEU_IS.parquet,XU100.IS,False,1610416361.0,222910640.0,234539320.0,95199688.0,2209120007.0,-176586834.0,-185555617.0
PASEU.IS:2025Q3,PASEU.IS,PASEU,2025Q3,2025-09-30,2025-11-15,data/fundamentals/PASEU_IS.parquet,XU100.IS,False,1841976985.0,270061544.0,284078096.0,99006194.0,2397100605.0,-305282031.0,-313484739.0
PASEU.IS:2025Q4,PASEU.IS,PASEU,2025Q4,2025-12-31,2026-03-15,data/fundamentals/PASEU_IS.parquet,XU100.IS,False,2888039782.0,85006510.0,106015542.0,1273278199.0,4124909033.0,-724395345.0,-735515928.0
PASEU.IS:2026Q1,PASEU.IS,PASEU,2026Q1,2026-03-31,2026-05-15,data/fundamentals/PASEU_IS.parquet,XU100.IS,False,609564616.0,62113754.0,68150985.0,15350052.0,3876502238.0,-278069561.0,-285202370.0
PASEU.IS:2026Q2,PASEU.IS,PASEU,2026Q2,2026-06-30,2026-08-15,data/fundamentals/PASEU_IS.parquet,XU100.IS,False,1302334801.0,197809221.0,210779392.0,18868055.0,4157914200.0,-751132730.0,-753225037.0
PETKM.IS:2018Q1,PETKM.IS,PETKM,2018Q1,2018-03-31,2018-05-15,data/fundamentals/PETKM_IS.parquet,XUSIN.IS,False,1878948000.0,187199000.0,229842000.0,125810000.0,3440975000.0,162039000.0,-315760000.0
PETKM.IS:2018Q2,PETKM.IS,PETKM,2018Q2,2018-06-30,2018-08-15,data/fundamentals/PETKM_IS.parquet,XUSIN.IS,False,4231847000.0,591296000.0,683042000.0,482077000.0,3801898000.0,438951000.0,-160934000.0
PETKM.IS:2018Q3,PETKM.IS,PETKM,2018Q3,2018-09-30,2018-11-15,data/fundamentals/PETKM_IS.parquet,XUSIN.IS,False,7282601000.0,1277677000.0,1436220000.0,873228000.0,4176522000.0,1281127000.0,-648562000.0
PETKM.IS:2018Q4,PETKM.IS,PETKM,2018Q4,2018-12-31,2019-03-15,data/fundamentals/PETKM_IS.parquet,XUSIN.IS,False,9314717000.0,1235312000.0,1477642000.0,836262000.0,5676823000.0,1325061000.0,-1137367000.0
PETKM.IS:2019Q1,PETKM.IS,PETKM,2019Q1,2019-03-31,2019-05-15,data/fundamentals/PETKM_IS.parquet,XUSIN.IS,False,2832087000.0,216647000.0,288467000.0,143823000.0,4276679000.0,7054000.0,-105466000.0
PETKM.IS:2019Q2,PETKM.IS,PETKM,2019Q2,2019-06-30,2019-08-15,data/fundamentals/PETKM_IS.parquet,XUSIN.IS,False,5940555000.0,669705000.0,824703000.0,439243000.0,4551230000.0,628483000.0,203160000.0
PETKM.IS:2019Q3,PETKM.IS,PETKM,2019Q3,2019-09-30,2019-11-15,data/fundamentals/PETKM_IS.parquet,XUSIN.IS,False,8877436000.0,970438000.0,1218829000.0,668742000.0,4781085000.0,1271425000.0,603084000.0
PETKM.IS:2019Q4,PETKM.IS,PETKM,2019Q4,2019-12-31,2020-03-15,data/fundamentals/PETKM_IS.parquet,XUSIN.IS,False,11672220000.0,1194920000.0,1530702000.0,935685000.0,6562216000.0,1380969000.0,755506000.0
PETKM.IS:2020Q1,PETKM.IS,PETKM,2020Q1,2020-03-31,2020-05-15,data/fundamentals/PETKM_IS.parquet,XUSIN.IS,False,2766353000.0,69053000.0,154606000.0,-9781000.0,4773193000.0,-32748000.0,-163037000.0
PETKM.IS:2020Q2,PETKM.IS,PETKM,2020Q2,2020-06-30,2020-08-15,data/fundamentals/PETKM_IS.parquet,XUSIN.IS,False,5007961000.0,356280000.0,546642000.0,135416000.0,4904343000.0,993887000.0,754258000.0
PETKM.IS:2020Q3,PETKM.IS,PETKM,2020Q3,2020-09-30,2020-11-15,data/fundamentals/PETKM_IS.parquet,XUSIN.IS,False,8045830000.0,744951000.0,1046765000.0,446423000.0,5178149000.0,1713334000.0,1237049000.0
PETKM.IS:2020Q4,PETKM.IS,PETKM,2020Q4,2020-12-31,2021-03-15,data/fundamentals/PETKM_IS.parquet,XUSIN.IS,False,12134076000.0,1386509000.0,1810265000.0,1071196000.0,7558625000.0,2547147000.0,1763317000.0
PETKM.IS:2021Q1,PETKM.IS,PETKM,2021Q1,2021-03-31,2021-05-15,data/fundamentals/PETKM_IS.parquet,XUSIN.IS,False,5033898000.0,1084263000.0,1193586000.0,891757000.0,8413642000.0,637360000.0,422104000.0
PETKM.IS:2021Q2,PETKM.IS,PETKM,2021Q2,2021-06-30,2021-08-15,data/fundamentals/PETKM_IS.parquet,XUSIN.IS,False,12430451000.0,2821756000.0,3062996000.0,2216259000.0,9715253000.0,1554516000.0,1178465000.0
PETKM.IS:2021Q3,PETKM.IS,PETKM,2021Q3,2021-09-30,2021-11-15,data/fundamentals/PETKM_IS.parquet,XUSIN.IS,False,19165166000.0,4009982000.0,4398158000.0,3908721000.0,11382062000.0,1911251000.0,1318762000.0
PETKM.IS:2021Q4,PETKM.IS,PETKM,2021Q4,2021-12-31,2022-03-15,data/fundamentals/PETKM_IS.parquet,XUSIN.IS,False,28715657000.0,5549985000.0,6089797000.0,5516603000.0,12719030000.0,2627958000.0,1486057000.0
PETKM.IS:2022Q1,PETKM.IS,PETKM,2022Q1,2022-03-31,2022-05-15,data/fundamentals/PETKM_IS.parquet,XUSIN.IS,False,11420952000.0,1369422000.0,1552723000.0,1752526000.0,14535647000.0,676414000.0,-1302824000.0
PETKM.IS:2022Q2,PETKM.IS,PETKM,2022Q2,2022-06-30,2022-08-15,data/fundamentals/PETKM_IS.parquet,XUSIN.IS,False,25789517000.0,2478125000.0,2852143000.0,4272667000.0,16974287000.0,-35794000.0,-2762933000.0
PETKM.IS:2022Q3,PETKM.IS,PETKM,2022Q3,2022-09-30,2022-11-15,data/fundamentals/PETKM_IS.parquet,XUSIN.IS,False,39990292000.0,2958834000.0,3538692000.0,5780441000.0,18476903000.0,1910591000.0,-1939998000.0
PETKM.IS:2022Q4,PETKM.IS,PETKM,2022Q4,2022-12-31,2023-03-15,data/fundamentals/PETKM_IS.parquet,XUSIN.IS,False,97857274000.0,-2838432000.0,568124000.0,-1342089000.0,44537947000.0,5574543000.0,-3209156000.0
PETKM.IS:2023Q1,PETKM.IS,PETKM,2023Q1,2023-03-31,2023-05-15,data/fundamentals/PETKM_IS.parquet,XUSIN.IS,False,17723373000.0,-2852009000.0,-1643535000.0,-3630508000.0,19162249000.0,-2229291000.0,-2239207000.0
PETKM.IS:2023Q2,PETKM.IS,PETKM,2023Q2,2023-06-30,2023-08-15,data/fundamentals/PETKM_IS.parquet,XUSIN.IS,False,40064986000.0,-5186060000.0,-969796000.0,-6298094000.0,19267207000.0,1620531000.0,128544000.0
PETKM.IS:2023Q3,PETKM.IS,PETKM,2023Q3,2023-09-30,2023-11-15,data/fundamentals/PETKM_IS.parquet,XUSIN.IS,False,61883660000.0,-6707434000.0,-2464193000.0,-9555832000.0,21589548000.0,-4066073000.0,-7843817000.0
PETKM.IS:2023Q4,PETKM.IS,PETKM,2023Q4,2023-12-31,2024-03-15,data/fundamentals/PETKM_IS.parquet,XUSIN.IS,False,87264493000.0,-9210593000.0,-3062560000.0,10703730000.0,74193657000.0,2364827000.0,761754000.0
PETKM.IS:2024Q1,PETKM.IS,PETKM,2024Q1,2024-03-31,2024-05-15,data/fundamentals/PETKM_IS.parquet,XUSIN.IS,False,22881021000.0,-1615998000.0,2542000.0,1151331000.0,57432609000.0,-1661272000.0,-2617495000.0
PETKM.IS:2024Q2,PETKM.IS,PETKM,2024Q2,2024-06-30,2024-08-15,data/fundamentals/PETKM_IS.parquet,XUSIN.IS,False,49520056000.0,-2460729000.0,780725000.0,3626110000.0,61667765000.0,-899451000.0,-3004104000.0
PETKM.IS:2024Q3,PETKM.IS,PETKM,2024Q3,2024-09-30,2024-11-15,data/fundamentals/PETKM_IS.parquet,XUSIN.IS,False,76188190000.0,-5495057000.0,-286434000.0,-125386000.0,62282861000.0,-3016077000.0,-6911180000.0
PETKM.IS:2024Q4,PETKM.IS,PETKM,2024Q4,2024-12-31,2025-03-15,data/fundamentals/PETKM_IS.parquet,XUSIN.IS,False,101285524607.0,-8204428028.0,-1417998483.0,-8892566960.0,76341257016.0,3703611532.0,-2561947698.0
PETKM.IS:2025Q1,PETKM.IS,PETKM,2025Q1,2025-03-31,2025-05-15,data/fundamentals/PETKM_IS.parquet,XUSIN.IS,False,23125759000.0,-2901674000.0,-1251782000.0,-3402183000.0,59812960000.0,-9785964000.0,-11011616000.0
PETKM.IS:2025Q2,PETKM.IS,PETKM,2025Q2,2025-06-30,2025-08-15,data/fundamentals/PETKM_IS.parquet,XUSIN.IS,False,51035941000.0,-5803316000.0,-2055299000.0,-4407196000.0,64745459000.0,-4770679000.0,-6393580000.0
PETKM.IS:2025Q3,PETKM.IS,PETKM,2025Q3,2025-09-30,2025-11-15,data/fundamentals/PETKM_IS.parquet,XUSIN.IS,False,63760374000.0,-6279706000.0,-1735387000.0,-4800575000.0,67000089000.0,-4262023000.0,-2374891000.0
PETKM.IS:2025Q4,PETKM.IS,PETKM,2025Q4,2025-12-31,2026-03-15,data/fundamentals/PETKM_IS.parquet,XUSIN.IS,False,104894012932.0,-11129837098.0,-4091892553.0,-12081727101.0,75321388124.0,-7715421983.0,-4596051895.0
PETKM.IS:2026Q1,PETKM.IS,PETKM,2026Q1,2026-03-31,2026-05-15,data/fundamentals/PETKM_IS.parquet,XUSIN.IS,False,26995149000.0,-1608997000.0,163441000.0,305660000.0,67920029000.0,2296355000.0,1729865000.0
PETKM.IS:2026Q2,PETKM.IS,PETKM,2026Q2,2026-06-30,2026-08-15,data/fundamentals/PETKM_IS.parquet,XUSIN.IS,False,65303261000.0,-368220000.0,3551621000.0,4402648000.0,75236997000.0,4022848000.0,2947414000.0
PGSUS.IS:2018Q1,PGSUS.IS,PGSUS,2018Q1,2018-03-31,2018-05-15,data/fundamentals/PGSUS_IS.parquet,XUSIN.IS,False,1194745297.0,-147236025.0,-51855873.0,-114727818.0,2519250835.0,-5176910.0,14388990.0
PGSUS.IS:2018Q2,PGSUS.IS,PGSUS,2018Q2,2018-06-30,2018-08-15,data/fundamentals/PGSUS_IS.parquet,XUSIN.IS,False,2892399732.0,-79370593.0,129122905.0,-99734811.0,2706183073.0,308745701.0,144035347.0
PGSUS.IS:2018Q3,PGSUS.IS,PGSUS,2018Q3,2018-09-30,2018-11-15,data/fundamentals/PGSUS_IS.parquet,XUSIN.IS,False,6243781039.0,907055057.0,1278649624.0,643394553.0,4528828868.0,996269748.0,711220497.0
PGSUS.IS:2018Q4,PGSUS.IS,PGSUS,2018Q4,2018-12-31,2019-03-15,data/fundamentals/PGSUS_IS.parquet,XUSIN.IS,False,8276743365.0,817413274.0,1355542306.0,502117015.0,3715447648.0,1047831767.0,497141841.0
PGSUS.IS:2019Q1,PGSUS.IS,PGSUS,2019Q1,2019-03-31,2019-05-15,data/fundamentals/PGSUS_IS.parquet,XUSIN.IS,False,1765904482.0,-111424693.0,244286349.0,-214513684.0,3470173926.0,238804116.0,116893704.0
PGSUS.IS:2019Q2,PGSUS.IS,PGSUS,2019Q2,2019-06-30,2019-08-15,data/fundamentals/PGSUS_IS.parquet,XUSIN.IS,False,4396346375.0,297883093.0,1040132618.0,109130445.0,3951934432.0,1289452540.0,927363240.0
PGSUS.IS:2019Q3,PGSUS.IS,PGSUS,2019Q3,2019-09-30,2019-11-15,data/fundamentals/PGSUS_IS.parquet,XUSIN.IS,False,8513496028.0,1935443898.0,3072850588.0,1311746414.0,4761864000.0,2624517975.0,2373223844.0
PGSUS.IS:2019Q4,PGSUS.IS,PGSUS,2019Q4,2019-12-31,2020-03-15,data/fundamentals/PGSUS_IS.parquet,XUSIN.IS,False,11025224523.0,2084525264.0,3632493056.0,1334567915.0,5342169207.0,3565566089.0,3026093865.0
PGSUS.IS:2020Q1,PGSUS.IS,PGSUS,2020Q1,2020-03-31,2020-05-15,data/fundamentals/PGSUS_IS.parquet,XUSIN.IS,False,1878316894.0,-218245361.0,210001693.0,-401505032.0,4945633308.0,-571123626.0,-1379803735.0
PGSUS.IS:2020Q2,PGSUS.IS,PGSUS,2020Q2,2020-06-30,2020-08-15,data/fundamentals/PGSUS_IS.parquet,XUSIN.IS,False,2029616662.0,-818480488.0,90718488.0,-1328596135.0,4730960362.0,-378072900.0,-1043496690.0
PGSUS.IS:2020Q3,PGSUS.IS,PGSUS,2020Q3,2020-09-30,2020-11-15,data/fundamentals/PGSUS_IS.parquet,XUSIN.IS,False,3519440625.0,-975519032.0,477327635.0,-1225183204.0,5864992283.0,263690408.0,-565894256.0
PGSUS.IS:2020Q4,PGSUS.IS,PGSUS,2020Q4,2020-12-31,2021-03-15,data/fundamentals/PGSUS_IS.parquet,XUSIN.IS,False,4803559909.0,-1702102896.0,481300896.0,-1965097057.0,5386417638.0,153066408.0,-174432151.0
PGSUS.IS:2021Q1,PGSUS.IS,PGSUS,2021Q1,2021-03-31,2021-05-15,data/fundamentals/PGSUS_IS.parquet,XUSIN.IS,False,1089931621.0,-670294910.0,-85397502.0,-933239330.0,4991530531.0,211947451.0,136890497.0
PGSUS.IS:2021Q2,PGSUS.IS,PGSUS,2021Q2,2021-06-30,2021-08-15,data/fundamentals/PGSUS_IS.parquet,XUSIN.IS,False,2634454661.0,-1184665469.0,53964186.0,-1595692698.0,4686859802.0,1250086499.0,-124465503.0
PGSUS.IS:2021Q3,PGSUS.IS,PGSUS,2021Q3,2021-09-30,2021-11-15,data/fundamentals/PGSUS_IS.parquet,XUSIN.IS,False,7172112568.0,-105359525.0,1793121723.0,-1002777028.0,5253470959.0,3210564550.0,919688427.0
PGSUS.IS:2021Q4,PGSUS.IS,PGSUS,2021Q4,2021-12-31,2022-03-15,data/fundamentals/PGSUS_IS.parquet,XUSIN.IS,False,10664406707.0,-545454234.0,2270847295.0,-1972478349.0,6869846081.0,3511124450.0,-30443951.0
PGSUS.IS:2022Q1,PGSUS.IS,PGSUS,2022Q1,2022-03-31,2022-05-15,data/fundamentals/PGSUS_IS.parquet,XUSIN.IS,False,4063999678.0,-640684989.0,335397687.0,-1099618375.0,7386036232.0,1631394793.0,529080619.0
PGSUS.IS:2022Q2,PGSUS.IS,PGSUS,2022Q2,2022-06-30,2022-08-15,data/fundamentals/PGSUS_IS.parquet,XUSIN.IS,False,12415000029.0,-223491737.0,1935748440.0,-1890121274.0,7153741674.0,5551744773.0,4363753133.0
PGSUS.IS:2022Q3,PGSUS.IS,PGSUS,2022Q3,2022-09-30,2022-11-15,data/fundamentals/PGSUS_IS.parquet,XUSIN.IS,False,30255091277.0,6806086486.0,10133933473.0,2947671889.0,11662758161.0,11852522729.0,8396005109.0
PGSUS.IS:2022Q4,PGSUS.IS,PGSUS,2022Q4,2022-12-31,2023-03-15,data/fundamentals/PGSUS_IS.parquet,XUSIN.IS,False,42732213696.0,9634161099.0,14099468550.0,7100145148.0,18044743319.0,14884080510.0,8939891753.0
PGSUS.IS:2023Q1,PGSUS.IS,PGSUS,2023Q1,2023-03-31,2023-05-15,data/fundamentals/PGSUS_IS.parquet,XUSIN.IS,False,8793440699.0,-271363404.0,1204200955.0,-598119583.0,18025748224.0,2179796783.0,1253978776.0
PGSUS.IS:2023Q2,PGSUS.IS,PGSUS,2023Q2,2023-06-30,2023-08-15,data/fundamentals/PGSUS_IS.parquet,XUSIN.IS,False,23902449110.0,2904245256.0,5952054220.0,1326900310.0,26823285597.0,7373761603.0,5310263059.0
PGSUS.IS:2023Q3,PGSUS.IS,PGSUS,2023Q3,2023-09-30,2023-11-15,data/fundamentals/PGSUS_IS.parquet,XUSIN.IS,False,51974988971.0,12712466510.0,18007974279.0,9046139766.0,35480133002.0,18834697579.0,15417445184.0
PGSUS.IS:2023Q4,PGSUS.IS,PGSUS,2023Q4,2023-12-31,2024-03-15,data/fundamentals/PGSUS_IS.parquet,XUSIN.IS,False,70531531601.0,13822689468.0,21625867102.0,20907501797.0,54669186221.0,20176667463.0,9223327839.0
PGSUS.IS:2024Q1,PGSUS.IS,PGSUS,2024Q1,2024-03-31,2024-05-15,data/fundamentals/PGSUS_IS.parquet,XUSIN.IS,False,17390800996.0,-1585355280.0,1182153910.0,-3500974334.0,55195677560.0,5147653377.0,12221306831.0
PGSUS.IS:2024Q2,PGSUS.IS,PGSUS,2024Q2,2024-06-30,2024-08-15,data/fundamentals/PGSUS_IS.parquet,XUSIN.IS,False,43963935295.0,3674218008.0,9258807454.0,496187657.0,59674717347.0,13994838662.0,19419097460.0
PGSUS.IS:2024Q3,PGSUS.IS,PGSUS,2024Q3,2024-09-30,2024-11-15,data/fundamentals/PGSUS_IS.parquet,XUSIN.IS,False,84046387728.0,16558581390.0,25295252110.0,11320281004.0,75387121101.0,26779259818.0,34190316520.0
PGSUS.IS:2024Q4,PGSUS.IS,PGSUS,2024Q4,2024-12-31,2025-03-15,data/fundamentals/PGSUS_IS.parquet,XUSIN.IS,False,146367103514.0,25842365657.0,41578488036.0,17389618765.0,98063345264.0,42214984155.0,50982225557.0
PGSUS.IS:2025Q1,PGSUS.IS,PGSUS,2025Q1,2025-03-31,2025-05-15,data/fundamentals/PGSUS_IS.parquet,XUSIN.IS,False,23587573000.0,-2395982000.0,1304009000.0,-2634619000.0,80409897910.0,5305748000.0,-8716875000.0
PGSUS.IS:2025Q2,PGSUS.IS,PGSUS,2025Q2,2025-06-30,2025-08-15,data/fundamentals/PGSUS_IS.parquet,XUSIN.IS,False,62013070000.0,3852966000.0,11971505000.0,2497837000.0,97122362450.0,17366787000.0,8561735000.0
PGSUS.IS:2025Q3,PGSUS.IS,PGSUS,2025Q3,2025-09-30,2025-11-15,data/fundamentals/PGSUS_IS.parquet,XUSIN.IS,False,114405094895.0,16995848718.0,30246178922.0,13326667532.0,112697676495.0,39954352622.0,25485069162.0
PGSUS.IS:2025Q4,PGSUS.IS,PGSUS,2025Q4,2025-12-31,2026-03-15,data/fundamentals/PGSUS_IS.parquet,XUSIN.IS,False,181498251765.0,21291153622.0,43683696999.0,16192047503.0,137605332119.0,40675721345.0,22280143746.0
PGSUS.IS:2026Q1,PGSUS.IS,PGSUS,2026Q1,2026-03-31,2026-05-15,data/fundamentals/PGSUS_IS.parquet,XUSIN.IS,False,32760718000.0,-5500833000.0,175955000.0,-7758354000.0,115747897000.0,4920722000.0,6469302000.0
PGSUS.IS:2026Q2,PGSUS.IS,PGSUS,2026Q2,2026-06-30,2026-08-15,data/fundamentals/PGSUS_IS.parquet,XUSIN.IS,False,78468731000.0,-7321227000.0,4361811000.0,-12551835000.0,112660264000.0,10831131000.0,11138507000.0
PLTUR.IS:2019Q4,PLTUR.IS,PLTUR,2019Q4,2019-12-31,2020-03-15,data/fundamentals/PLTUR_IS.parquet,XU100.IS,False,685939275.0,157747790.0,162038640.0,85843847.0,421873450.0,4263343.0,11883257.0
PLTUR.IS:2020Q4,PLTUR.IS,PLTUR,2020Q4,2020-12-31,2021-03-15,data/fundamentals/PLTUR_IS.parquet,XU100.IS,False,654866489.0,237294390.0,241626696.0,114667697.0,538313018.0,-149717360.0,-156753226.0
PLTUR.IS:2021Q3,PLTUR.IS,PLTUR,2021Q3,2021-09-30,2021-11-15,data/fundamentals/PLTUR_IS.parquet,XU100.IS,False,600284082.0,208596334.0,211999096.0,136139667.0,0.0,40755210.0,37456943.0
PLTUR.IS:2021Q4,PLTUR.IS,PLTUR,2021Q4,2021-12-31,2022-03-15,data/fundamentals/PLTUR_IS.parquet,XU100.IS,False,835212076.0,310726385.0,315245734.0,171516322.0,723104542.0,-39347782.0,-24074222.0
PLTUR.IS:2022Q1,PLTUR.IS,PLTUR,2022Q1,2022-03-31,2022-05-15,data/fundamentals/PLTUR_IS.parquet,XU100.IS,False,286350747.0,105706141.0,106809148.0,83791620.0,0.0,96494224.0,96735158.0
PLTUR.IS:2022Q2,PLTUR.IS,PLTUR,2022Q2,2022-06-30,2022-08-15,data/fundamentals/PLTUR_IS.parquet,XU100.IS,False,575268094.0,184249992.0,186440645.0,155384383.0,882225576.0,144454517.0,144104020.0
PLTUR.IS:2022Q3,PLTUR.IS,PLTUR,2022Q3,2022-09-30,2022-11-15,data/fundamentals/PLTUR_IS.parquet,XU100.IS,False,1124340749.0,334281204.0,337561933.0,251993393.0,980609017.0,112348809.0,4772221.0
PLTUR.IS:2022Q4,PLTUR.IS,PLTUR,2022Q4,2022-12-31,2023-03-15,data/fundamentals/PLTUR_IS.parquet,XU100.IS,False,2734401529.0,718127026.0,734994127.0,557947819.0,3871084800.0,979311912.0,717272467.0
PLTUR.IS:2023Q1,PLTUR.IS,PLTUR,2023Q1,2023-03-31,2023-05-15,data/fundamentals/PLTUR_IS.parquet,XU100.IS,False,1190066298.0,255402884.0,259995375.0,-30595721.0,1392352668.0,-243849543.0,-247135755.0
PLTUR.IS:2023Q2,PLTUR.IS,PLTUR,2023Q2,2023-06-30,2023-08-15,data/fundamentals/PLTUR_IS.parquet,XU100.IS,False,1647734564.0,346045405.0,349167989.0,11510425.0,1463174159.0,-181837430.0,-240537843.0
PLTUR.IS:2023Q3,PLTUR.IS,PLTUR,2023Q3,2023-09-30,2023-11-15,data/fundamentals/PLTUR_IS.parquet,XU100.IS,False,2643806340.0,520626677.0,525185000.0,-233027235.0,1709301135.0,40531838.0,-54790338.0
PLTUR.IS:2023Q4,PLTUR.IS,PLTUR,2023Q4,2023-12-31,2024-03-15,data/fundamentals/PLTUR_IS.parquet,XU100.IS,False,3681989325.0,684093831.0,700630012.0,57131804.0,5650128450.0,613260321.0,495979495.0
PLTUR.IS:2024Q1,PLTUR.IS,PLTUR,2024Q1,2024-03-31,2024-05-15,data/fundamentals/PLTUR_IS.parquet,XU100.IS,False,1085688015.0,106909461.0,110941673.0,-76211382.0,4444624272.0,155630740.0,203353491.0
PLTUR.IS:2024Q3,PLTUR.IS,PLTUR,2024Q3,2024-09-30,2024-11-15,data/fundamentals/PLTUR_IS.parquet,XU100.IS,False,4168781313.0,799284042.0,811600786.0,493313356.0,5637743802.0,285509183.0,207962211.0
PLTUR.IS:2024Q4,PLTUR.IS,PLTUR,2024Q4,2024-12-31,2025-03-15,data/fundamentals/PLTUR_IS.parquet,XU100.IS,False,5366034184.0,1195488523.0,1211367776.0,756134055.0,8061803713.0,247517871.0,98795757.0
PLTUR.IS:2025Q1,PLTUR.IS,PLTUR,2025Q1,2025-03-31,2025-05-15,data/fundamentals/PLTUR_IS.parquet,XU100.IS,False,1960099131.0,654029685.0,657264074.0,155616589.0,6895156083.0,119774943.0,-121159999.0
PLTUR.IS:2025Q2,PLTUR.IS,PLTUR,2025Q2,2025-06-30,2025-08-15,data/fundamentals/PLTUR_IS.parquet,XU100.IS,False,4339014270.0,1273176192.0,1280050127.0,331159016.0,7420435444.0,114510140.0,-503641912.0
PLTUR.IS:2025Q3,PLTUR.IS,PLTUR,2025Q3,2025-09-30,2025-11-15,data/fundamentals/PLTUR_IS.parquet,XU100.IS,False,5044277524.0,1295714669.0,1305946112.0,216507141.0,7937213715.0,96615595.0,-346347584.0
PLTUR.IS:2025Q4,PLTUR.IS,PLTUR,2025Q4,2025-12-31,2026-03-15,data/fundamentals/PLTUR_IS.parquet,XU100.IS,False,9076827960.0,2301261277.0,2758603052.0,835208479.0,10124456155.0,646003102.0,-1085988390.0
PLTUR.IS:2026Q1,PLTUR.IS,PLTUR,2026Q1,2026-03-31,2026-05-15,data/fundamentals/PLTUR_IS.parquet,XU100.IS,False,2516289581.0,390973055.0,490209686.0,1286101.0,9403353877.0,1344369427.0,1353393643.0
PLTUR.IS:2026Q2,PLTUR.IS,PLTUR,2026Q2,2026-06-30,2026-08-15,data/fundamentals/PLTUR_IS.parquet,XU100.IS,False,5176014279.0,932545683.0,1165298154.0,101687002.0,10175656791.0,1854980852.0,1487050977.0
REEDR.IS:2020Q4,REEDR.IS,REEDR,2020Q4,2020-12-31,2021-03-15,data/fundamentals/REEDR_IS.parquet,XU100.IS,False,238856134.0,33799223.0,34848463.0,33855260.0,37600425.0,53621866.0,8713875.0
REEDR.IS:2021Q4,REEDR.IS,REEDR,2021Q4,2021-12-31,2022-03-15,data/fundamentals/REEDR_IS.parquet,XU100.IS,False,451386251.0,72217906.0,75991460.0,103805889.0,141565581.0,-58707851.0,-144909696.0
REEDR.IS:2022Q1,REEDR.IS,REEDR,2022Q1,2022-03-31,2022-05-15,data/fundamentals/REEDR_IS.parquet,XU100.IS,False,248032558.0,123158555.0,124197452.0,124270362.0,0.0,-38957399.0,-43648466.0
REEDR.IS:2022Q2,REEDR.IS,REEDR,2022Q2,2022-06-30,2022-08-15,data/fundamentals/REEDR_IS.parquet,XU100.IS,False,489436726.0,233052609.0,238756580.0,233053458.0,0.0,-56778234.0,-808385064.0
REEDR.IS:2022Q3,REEDR.IS,REEDR,2022Q3,2022-09-30,2022-11-15,data/fundamentals/REEDR_IS.parquet,XU100.IS,False,633441980.0,291489368.0,302851335.0,282044224.0,0.0,-10975105.0,-818171705.0
REEDR.IS:2022Q4,REEDR.IS,REEDR,2022Q4,2022-12-31,2023-03-15,data/fundamentals/REEDR_IS.parquet,XU100.IS,False,1821105046.0,684615490.0,729013283.0,421460959.0,2148452794.0,-664100081.0,-1700915568.0
REEDR.IS:2023Q1,REEDR.IS,REEDR,2023Q1,2023-03-31,2023-05-15,data/fundamentals/REEDR_IS.parquet,XU100.IS,False,709140407.0,182127801.0,216850295.0,184526952.0,1294860652.0,471226202.0,-14915481.0
REEDR.IS:2023Q2,REEDR.IS,REEDR,2023Q2,2023-06-30,2023-08-15,data/fundamentals/REEDR_IS.parquet,XU100.IS,False,1306357983.0,393836705.0,462322012.0,520338962.0,1519335990.0,741663263.0,171026664.0
REEDR.IS:2023Q3,REEDR.IS,REEDR,2023Q3,2023-09-30,2023-11-15,data/fundamentals/REEDR_IS.parquet,XU100.IS,False,2635052675.0,869468750.0,995245446.0,753887481.0,3279230005.0,692149130.0,6654308.0
REEDR.IS:2023Q4,REEDR.IS,REEDR,2023Q4,2023-12-31,2024-03-15,data/fundamentals/REEDR_IS.parquet,XU100.IS,False,3822010656.0,1432303248.0,1613820120.0,1310596848.0,6850074930.0,-389455369.0,-1597561644.0
REEDR.IS:2024Q1,REEDR.IS,REEDR,2024Q1,2024-03-31,2024-05-15,data/fundamentals/REEDR_IS.parquet,XU100.IS,False,666154019.0,159152868.0,233710375.0,-296209437.0,5302744503.0,-218835157.0,-403107010.0
REEDR.IS:2024Q2,REEDR.IS,REEDR,2024Q2,2024-06-30,2024-08-15,data/fundamentals/REEDR_IS.parquet,XU100.IS,False,1257604239.0,228858681.0,393490823.0,-826644270.0,5363150533.0,-665893938.0,-912058221.0
REEDR.IS:2024Q3,REEDR.IS,REEDR,2024Q3,2024-09-30,2024-11-15,data/fundamentals/REEDR_IS.parquet,XU100.IS,False,2554489192.0,434593528.0,706032040.0,-969342192.0,5779922995.0,-787280468.0,-1332167542.0
REEDR.IS:2024Q4,REEDR.IS,REEDR,2024Q4,2024-12-31,2025-03-15,data/fundamentals/REEDR_IS.parquet,XU100.IS,False,3454762005.0,403569786.0,803327865.0,-1202170618.0,9256553156.0,-936604251.0,-1698396521.0
REEDR.IS:2025Q1,REEDR.IS,REEDR,2025Q1,2025-03-31,2025-05-15,data/fundamentals/REEDR_IS.parquet,XU100.IS,False,673096989.0,-191677150.0,-76547789.0,-499882510.0,7401323718.0,533968991.0,523974813.0
REEDR.IS:2025Q2,REEDR.IS,REEDR,2025Q2,2025-06-30,2025-08-15,data/fundamentals/REEDR_IS.parquet,XU100.IS,False,842415970.0,-552577152.0,-253139294.0,-949909946.0,7278871407.0,-117976743.0,-129583527.0
REEDR.IS:2025Q3,REEDR.IS,REEDR,2025Q3,2025-09-30,2025-11-15,data/fundamentals/REEDR_IS.parquet,XU100.IS,False,1385803687.0,-544393544.0,-123388958.0,-1082175634.0,7785203127.0,-18974585.0,-34029680.0
REEDR.IS:2025Q4,REEDR.IS,REEDR,2025Q4,2025-12-31,2026-03-15,data/fundamentals/REEDR_IS.parquet,XU100.IS,False,1993357011.0,-402794110.0,38766014.0,-1397157690.0,8905047425.0,102523755.0,41133329.0
REEDR.IS:2026Q1,REEDR.IS,REEDR,2026Q1,2026-03-31,2026-05-15,data/fundamentals/REEDR_IS.parquet,XU100.IS,False,472624297.0,-25133356.0,70493271.0,-348120495.0,8565795234.0,123322420.0,81268944.0
SAHOL.IS:2018Q1,SAHOL.IS,SAHOL,2018Q1,2018-03-31,2018-05-15,data/fundamentals/SAHOL_IS.parquet,XBANK.IS,False,3407160000.0,2343796000.0,2536235000.0,2091099000.0,52532880000.0,-5030047000.0,-567341000.0
SAHOL.IS:2018Q2,SAHOL.IS,SAHOL,2018Q2,2018-06-30,2018-08-15,data/fundamentals/SAHOL_IS.parquet,XBANK.IS,False,7344526000.0,4179793000.0,4574452000.0,4264069000.0,53788635000.0,-13149671000.0,-9841580000.0
SAHOL.IS:2018Q3,SAHOL.IS,SAHOL,2018Q3,2018-09-30,2018-11-15,data/fundamentals/SAHOL_IS.parquet,XBANK.IS,False,11755194000.0,6817533000.0,7426428000.0,6336901000.0,55702618000.0,9517526000.0,9577796000.0
SAHOL.IS:2018Q4,SAHOL.IS,SAHOL,2018Q4,2018-12-31,2019-03-15,data/fundamentals/SAHOL_IS.parquet,XBANK.IS,False,16260337000.0,8027764000.0,8865164000.0,7242451000.0,56395796000.0,-8594487000.0,-4579909000.0
SAHOL.IS:2019Q1,SAHOL.IS,SAHOL,2019Q1,2019-03-31,2019-05-15,data/fundamentals/SAHOL_IS.parquet,XBANK.IS,False,4288335000.0,2172959000.0,2507321000.0,1927943000.0,58730789000.0,11071522000.0,3636797000.0
SAHOL.IS:2019Q2,SAHOL.IS,SAHOL,2019Q2,2019-06-30,2019-08-15,data/fundamentals/SAHOL_IS.parquet,XBANK.IS,False,9101548000.0,4085155000.0,4769932000.0,3541212000.0,60793054000.0,6504703000.0,-856489000.0
SAHOL.IS:2019Q3,SAHOL.IS,SAHOL,2019Q3,2019-09-30,2019-11-15,data/fundamentals/SAHOL_IS.parquet,XBANK.IS,False,13795004000.0,5828893000.0,6869747000.0,5304700000.0,63311314000.0,26422058000.0,7924143000.0
SAHOL.IS:2019Q4,SAHOL.IS,SAHOL,2019Q4,2019-12-31,2020-03-15,data/fundamentals/SAHOL_IS.parquet,XBANK.IS,False,18782988000.0,7959915000.0,9363348000.0,6964968000.0,66477443000.0,27224643000.0,4574911000.0
SAHOL.IS:2020Q1,SAHOL.IS,SAHOL,2020Q1,2020-03-31,2020-05-15,data/fundamentals/SAHOL_IS.parquet,XBANK.IS,False,4552636000.0,2198532000.0,2585419000.0,2080225000.0,65922752000.0,9025520000.0,72724000.0
SAHOL.IS:2020Q2,SAHOL.IS,SAHOL,2020Q2,2020-06-30,2020-08-15,data/fundamentals/SAHOL_IS.parquet,XBANK.IS,False,8951048000.0,4485894000.0,5279648000.0,4047577000.0,70065932000.0,2256508000.0,-14577734000.0
SAHOL.IS:2020Q3,SAHOL.IS,SAHOL,2020Q3,2020-09-30,2020-11-15,data/fundamentals/SAHOL_IS.parquet,XBANK.IS,False,15026408000.0,7476959000.0,8683523000.0,6809143000.0,73007252000.0,4303717000.0,-14484423000.0
SAHOL.IS:2020Q4,SAHOL.IS,SAHOL,2020Q4,2020-12-31,2021-03-15,data/fundamentals/SAHOL_IS.parquet,XBANK.IS,False,21529210000.0,10274382000.0,11916561000.0,8899253000.0,76782894000.0,-931693000.0,-19307893000.0
SAHOL.IS:2021Q1,SAHOL.IS,SAHOL,2021Q1,2021-03-31,2021-05-15,data/fundamentals/SAHOL_IS.parquet,XBANK.IS,False,6203134000.0,3181894000.0,3616258000.0,3091858000.0,77736877000.0,12644990000.0,5562212000.0
SAHOL.IS:2021Q2,SAHOL.IS,SAHOL,2021Q2,2021-06-30,2021-08-15,data/fundamentals/SAHOL_IS.parquet,XBANK.IS,False,13009450000.0,6869021000.0,7757610000.0,6213227000.0,83450715000.0,15904324000.0,3563407000.0
SAHOL.IS:2021Q3,SAHOL.IS,SAHOL,2021Q3,2021-09-30,2021-11-15,data/fundamentals/SAHOL_IS.parquet,XBANK.IS,False,20864465000.0,11736135000.0,13264171000.0,11678582000.0,91878690000.0,29791600000.0,6402078000.0
SAHOL.IS:2021Q4,SAHOL.IS,SAHOL,2021Q4,2021-12-31,2022-03-15,data/fundamentals/SAHOL_IS.parquet,XBANK.IS,False,30570352000.0,21425121000.0,23549591000.0,20571168000.0,103604182000.0,38077510000.0,-17368069000.0
SAHOL.IS:2022Q1,SAHOL.IS,SAHOL,2022Q1,2022-03-31,2022-05-15,data/fundamentals/SAHOL_IS.parquet,XBANK.IS,False,12462874000.0,11768144000.0,12493279000.0,13418566000.0,122946727000.0,7705461000.0,-7504217000.0
SAHOL.IS:2022Q2,SAHOL.IS,SAHOL,2022Q2,2022-06-30,2022-08-15,data/fundamentals/SAHOL_IS.parquet,XBANK.IS,False,28050392000.0,30007630000.0,31529778000.0,30072205000.0,138980868000.0,7318186000.0,-29449598000.0
SAHOL.IS:2022Q3,SAHOL.IS,SAHOL,2022Q3,2022-09-30,2022-11-15,data/fundamentals/SAHOL_IS.parquet,XBANK.IS,False,46517068000.0,53006992000.0,55420820000.0,52400918000.0,164786304000.0,12540736000.0,-39682413000.0
SAHOL.IS:2022Q4,SAHOL.IS,SAHOL,2022Q4,2022-12-31,2023-03-15,data/fundamentals/SAHOL_IS.parquet,XBANK.IS,False,123593119000.0,141622852000.0,152554175000.0,61268368000.0,400606109000.0,-70915150000.0,-20455275000.0
SAHOL.IS:2023Q1,SAHOL.IS,SAHOL,2023Q1,2023-03-31,2023-05-15,data/fundamentals/SAHOL_IS.parquet,XBANK.IS,False,40440182000.0,26874907000.0,30408377000.0,-5654947000.0,201543602000.0,36579171000.0,23584600000.0
SAHOL.IS:2023Q2,SAHOL.IS,SAHOL,2023Q2,2023-06-30,2023-08-15,data/fundamentals/SAHOL_IS.parquet,XBANK.IS,False,83498200000.0,61707818000.0,69152993000.0,20658592000.0,229795168000.0,116714368000.0,48236450000.0
SAHOL.IS:2023Q3,SAHOL.IS,SAHOL,2023Q3,2023-09-30,2023-11-15,data/fundamentals/SAHOL_IS.parquet,XBANK.IS,False,139059780000.0,99511698000.0,111667661000.0,-3567913000.0,264777346000.0,58498707000.0,29795700000.0
SAHOL.IS:2023Q4,SAHOL.IS,SAHOL,2023Q4,2023-12-31,2024-03-15,data/fundamentals/SAHOL_IS.parquet,XBANK.IS,False,197812451000.0,141279222000.0,158751491000.0,28654876000.0,556083366000.0,32643723000.0,-7569698000.0
SAHOL.IS:2024Q1,SAHOL.IS,SAHOL,2024Q1,2024-03-31,2024-05-15,data/fundamentals/SAHOL_IS.parquet,XBANK.IS,False,53967951000.0,22588175000.0,28163428000.0,-14760709000.0,417617458000.0,-26530104000.0,-33517561000.0
SAHOL.IS:2024Q2,SAHOL.IS,SAHOL,2024Q2,2024-06-30,2024-08-15,data/fundamentals/SAHOL_IS.parquet,XBANK.IS,False,112436412000.0,39757498000.0,51220567000.0,-19878429000.0,432893634000.0,-33233678000.0,-24615067000.0
SAHOL.IS:2024Q3,SAHOL.IS,SAHOL,2024Q3,2024-09-30,2024-11-15,data/fundamentals/SAHOL_IS.parquet,XBANK.IS,False,180689707000.0,48776694000.0,67415821000.0,-30649055000.0,461294428000.0,-83385766000.0,-58591250000.0
SAHOL.IS:2024Q4,SAHOL.IS,SAHOL,2024Q4,2024-12-31,2025-03-15,data/fundamentals/SAHOL_IS.parquet,XBANK.IS,False,255361621776.0,59402488602.0,85654214795.0,-40210170524.0,619527614893.0,-118864366980.0,-105445271035.0
SAHOL.IS:2025Q1,SAHOL.IS,SAHOL,2025Q1,2025-03-31,2025-05-15,data/fundamentals/SAHOL_IS.parquet,XBANK.IS,False,66394572000.0,20276675000.0,27999952000.0,-5846602000.0,490206855000.0,126781551000.0,44423748000.0
SAHOL.IS:2025Q2,SAHOL.IS,SAHOL,2025Q2,2025-06-30,2025-08-15,data/fundamentals/SAHOL_IS.parquet,XBANK.IS,False,143614224000.0,36003220000.0,52485067000.0,-3522761000.0,526423036000.0,140006506000.0,-68769679000.0
SAHOL.IS:2025Q3,SAHOL.IS,SAHOL,2025Q3,2025-09-30,2025-11-15,data/fundamentals/SAHOL_IS.parquet,XBANK.IS,False,175457791000.0,42056880000.0,62088581000.0,-2534858000.0,565426469000.0,-68215489000.0,-120081867000.0
SAHOL.IS:2025Q4,SAHOL.IS,SAHOL,2025Q4,2025-12-31,2026-03-15,data/fundamentals/SAHOL_IS.parquet,XBANK.IS,False,289963261551.0,80984880522.0,114717237361.0,8969084555.0,710399830951.0,102719948972.0,-191976069106.0
SAHOL.IS:2026Q1,SAHOL.IS,SAHOL,2026Q1,2026-03-31,2026-05-15,data/fundamentals/SAHOL_IS.parquet,XBANK.IS,False,63382694000.0,21973044000.0,30200117000.0,30614000.0,625852441000.0,7673681000.0,-12900026000.0
SAHOL.IS:2026Q2,SAHOL.IS,SAHOL,2026Q2,2026-06-30,2026-08-15,data/fundamentals/SAHOL_IS.parquet,XBANK.IS,False,135127912000.0,43327481000.0,60662470000.0,17917816000.0,684535991000.0,30664914000.0,-57010698000.0
SASA.IS:2018Q1,SASA.IS,SASA,2018Q1,2018-03-31,2018-05-15,data/fundamentals/SASA_IS.parquet,XUSIN.IS,False,419737000.0,55583000.0,58757000.0,43655000.0,1182949000.0,229981000.0,-273888000.0
SASA.IS:2018Q2,SASA.IS,SASA,2018Q2,2018-06-30,2018-08-15,data/fundamentals/SASA_IS.parquet,XUSIN.IS,False,953761000.0,167955000.0,176612000.0,268454000.0,1406278000.0,180274000.0,-502130000.0
SASA.IS:2018Q3,SASA.IS,SASA,2018Q3,2018-09-30,2018-11-15,data/fundamentals/SASA_IS.parquet,XUSIN.IS,False,1604288000.0,323019000.0,332432000.0,412338000.0,1546159000.0,329126000.0,-505692000.0
SASA.IS:2018Q4,SASA.IS,SASA,2018Q4,2018-12-31,2019-03-15,data/fundamentals/SASA_IS.parquet,XUSIN.IS,False,2178954000.0,373145000.0,385927000.0,597406000.0,1735230000.0,272066000.0,-705176000.0
SASA.IS:2019Q1,SASA.IS,SASA,2019Q1,2019-03-31,2019-05-15,data/fundamentals/SASA_IS.parquet,XUSIN.IS,False,626302000.0,20178000.0,22845000.0,216243000.0,1951473000.0,231387000.0,-12722000.0
SASA.IS:2019Q2,SASA.IS,SASA,2019Q2,2019-06-30,2019-08-15,data/fundamentals/SASA_IS.parquet,XUSIN.IS,False,1260775000.0,111257000.0,118258000.0,498647000.0,2019568000.0,196411000.0,-472143000.0
SASA.IS:2019Q3,SASA.IS,SASA,2019Q3,2019-09-30,2019-11-15,data/fundamentals/SASA_IS.parquet,XUSIN.IS,False,1956225000.0,118872000.0,141162000.0,964245000.0,2491880000.0,1680526000.0,-34103000.0
SASA.IS:2019Q4,SASA.IS,SASA,2019Q4,2019-12-31,2020-03-15,data/fundamentals/SASA_IS.parquet,XUSIN.IS,False,2763745000.0,187579000.0,228315000.0,1064180000.0,2585101000.0,252316000.0,-1856880000.0
SASA.IS:2020Q1,SASA.IS,SASA,2020Q1,2020-03-31,2020-05-15,data/fundamentals/SASA_IS.parquet,XUSIN.IS,False,1004689000.0,122522000.0,142907000.0,70082000.0,2644244000.0,82291000.0,-164661000.0
SASA.IS:2020Q2,SASA.IS,SASA,2020Q2,2020-06-30,2020-08-15,data/fundamentals/SASA_IS.parquet,XUSIN.IS,False,1863186000.0,244955000.0,285655000.0,198984000.0,2773146000.0,474520000.0,-30426000.0
SASA.IS:2020Q3,SASA.IS,SASA,2020Q3,2020-09-30,2020-11-15,data/fundamentals/SASA_IS.parquet,XUSIN.IS,False,3088411000.0,472165000.0,560671000.0,-54405000.0,2519757000.0,250063000.0,-165899000.0
SASA.IS:2020Q4,SASA.IS,SASA,2020Q4,2020-12-31,2021-03-15,data/fundamentals/SASA_IS.parquet,XUSIN.IS,False,5040948000.0,889052000.0,1031888000.0,312188000.0,2886350000.0,1159695000.0,554216000.0
SASA.IS:2021Q1,SASA.IS,SASA,2021Q1,2021-03-31,2021-05-15,data/fundamentals/SASA_IS.parquet,XUSIN.IS,False,2532501000.0,475599000.0,530518000.0,109742000.0,2996092000.0,602695000.0,393840000.0
SASA.IS:2021Q2,SASA.IS,SASA,2021Q2,2021-06-30,2021-08-15,data/fundamentals/SASA_IS.parquet,XUSIN.IS,False,5258100000.0,1008430000.0,1118225000.0,641776000.0,3533710000.0,869500000.0,336812000.0
SASA.IS:2021Q3,SASA.IS,SASA,2021Q3,2021-09-30,2021-11-15,data/fundamentals/SASA_IS.parquet,XUSIN.IS,False,8907291000.0,1479315000.0,1644399000.0,1406943000.0,4035799000.0,98866000.0,-926558000.0
SASA.IS:2021Q4,SASA.IS,SASA,2021Q4,2021-12-31,2022-03-15,data/fundamentals/SASA_IS.parquet,XUSIN.IS,False,14644953000.0,3110934000.0,3354348000.0,697435000.0,4162627000.0,835490000.0,-1637676000.0
SASA.IS:2022Q1,SASA.IS,SASA,2022Q1,2022-03-31,2022-05-15,data/fundamentals/SASA_IS.parquet,XUSIN.IS,False,7108139000.0,1931932000.0,2000589000.0,2332518000.0,6455900000.0,-2527215000.0,-2262434000.0
SASA.IS:2022Q2,SASA.IS,SASA,2022Q2,2022-06-30,2022-08-15,data/fundamentals/SASA_IS.parquet,XUSIN.IS,False,15629053000.0,3737378000.0,3882613000.0,5579656000.0,9458091000.0,-4134863000.0,-6269907000.0
SASA.IS:2022Q3,SASA.IS,SASA,2022Q3,2022-09-30,2022-11-15,data/fundamentals/SASA_IS.parquet,XUSIN.IS,False,24037130000.0,5046847000.0,5264571000.0,8008417000.0,13092940000.0,-1706203000.0,-7628620000.0
SASA.IS:2022Q4,SASA.IS,SASA,2022Q4,2022-12-31,2023-03-15,data/fundamentals/SASA_IS.parquet,XUSIN.IS,False,61835185000.0,10411913000.0,11540510000.0,22753905000.0,40525810000.0,629179000.0,-17950233000.0
SASA.IS:2023Q1,SASA.IS,SASA,2023Q1,2023-03-31,2023-05-15,data/fundamentals/SASA_IS.parquet,XUSIN.IS,False,15592759000.0,377227000.0,711617000.0,5034237000.0,20275132000.0,-769053000.0,-9047714000.0
SASA.IS:2023Q2,SASA.IS,SASA,2023Q2,2023-06-30,2023-08-15,data/fundamentals/SASA_IS.parquet,XUSIN.IS,False,28891559000.0,2058517000.0,2814845000.0,117606000.0,17052799000.0,-73431000.0,-17994574000.0
SASA.IS:2023Q3,SASA.IS,SASA,2023Q3,2023-09-30,2023-11-15,data/fundamentals/SASA_IS.parquet,XUSIN.IS,False,49209454000.0,4711542000.0,6129092000.0,8788972000.0,29054563000.0,2025359000.0,-21038817000.0
SASA.IS:2023Q4,SASA.IS,SASA,2023Q4,2023-12-31,2024-03-15,data/fundamentals/SASA_IS.parquet,XUSIN.IS,False,66871472000.0,9726199000.0,11423590000.0,26265621000.0,94032627000.0,8089542000.0,-31387215000.0
SASA.IS:2024Q1,SASA.IS,SASA,2024Q1,2024-03-31,2024-05-15,data/fundamentals/SASA_IS.parquet,XUSIN.IS,False,14732139000.0,2890070000.0,3011916000.0,14813133000.0,86557920000.0,10532179000.0,-483040000.0
SASA.IS:2024Q2,SASA.IS,SASA,2024Q2,2024-06-30,2024-08-15,data/fundamentals/SASA_IS.parquet,XUSIN.IS,False,30406516000.0,4785825000.0,5834745000.0,18529464000.0,100291018000.0,20824690000.0,-3649248000.0
SASA.IS:2024Q3,SASA.IS,SASA,2024Q3,2024-09-30,2024-11-15,data/fundamentals/SASA_IS.parquet,XUSIN.IS,False,47439517000.0,7183128000.0,8882966000.0,23044291000.0,108883761000.0,14398996000.0,-15799497000.0
SASA.IS:2024Q4,SASA.IS,SASA,2024Q4,2024-12-31,2025-03-15,data/fundamentals/SASA_IS.parquet,XUSIN.IS,False,63590827151.0,7884307278.0,10239788034.0,23926172659.0,158220548829.0,14677090337.0,-24357935404.0
SASA.IS:2025Q1,SASA.IS,SASA,2025Q1,2025-03-31,2025-05-15,data/fundamentals/SASA_IS.parquet,XUSIN.IS,False,11846647000.0,196732000.0,833985000.0,1859838000.0,129960672000.0,9306401000.0,-1131937000.0
SASA.IS:2025Q2,SASA.IS,SASA,2025Q2,2025-06-30,2025-08-15,data/fundamentals/SASA_IS.parquet,XUSIN.IS,False,29582341000.0,555261000.0,3436462000.0,-11673877000.0,130768832000.0,18439471000.0,1695190000.0
SASA.IS:2025Q3,SASA.IS,SASA,2025Q3,2025-09-30,2025-11-15,data/fundamentals/SASA_IS.parquet,XUSIN.IS,False,38683210000.0,675926000.0,4821870000.0,-10106099000.0,138100254000.0,23000549000.0,9636377000.0
SASA.IS:2025Q4,SASA.IS,SASA,2025Q4,2025-12-31,2026-03-15,data/fundamentals/SASA_IS.parquet,XUSIN.IS,False,62552566250.0,-11124643.0,7695954152.0,-25889854624.0,181703737419.0,12746014413.0,-3502393646.0
SASA.IS:2026Q1,SASA.IS,SASA,2026Q1,2026-03-31,2026-05-15,data/fundamentals/SASA_IS.parquet,XUSIN.IS,False,16137532000.0,826157000.0,3189619000.0,1724507000.0,171692372000.0,4418371000.0,4404372000.0
SASA.IS:2026Q2,SASA.IS,SASA,2026Q2,2026-06-30,2026-08-15,data/fundamentals/SASA_IS.parquet,XUSIN.IS,False,38875677000.0,3737717000.0,8885336000.0,491994000.0,192675743000.0,-3626049000.0,-4828490000.0
SDTTR.IS:2019Q4,SDTTR.IS,SDTTR,2019Q4,2019-12-31,2020-03-15,data/fundamentals/SDTTR_IS.parquet,XUSIN.IS,False,157132776.0,48107886.0,52357367.0,41980336.0,70030530.0,31103623.0,21285461.0
SDTTR.IS:2020Q4,SDTTR.IS,SDTTR,2020Q4,2020-12-31,2021-03-15,data/fundamentals/SDTTR_IS.parquet,XUSIN.IS,False,297499715.0,79747924.0,85334139.0,71089037.0,95481729.0,38463237.0,25833342.0
SDTTR.IS:2021Q3,SDTTR.IS,SDTTR,2021Q3,2021-09-30,2021-11-15,data/fundamentals/SDTTR_IS.parquet,XUSIN.IS,False,260706839.0,48176756.0,55804142.0,31108441.0,0.0,10420198.0,4247037.0
SDTTR.IS:2021Q4,SDTTR.IS,SDTTR,2021Q4,2021-12-31,2022-03-15,data/fundamentals/SDTTR_IS.parquet,XUSIN.IS,False,442975323.0,140784039.0,150853803.0,114530541.0,209942534.0,77781120.0,72122506.0
SDTTR.IS:2022Q1,SDTTR.IS,SDTTR,2022Q1,2022-03-31,2022-05-15,data/fundamentals/SDTTR_IS.parquet,XUSIN.IS,False,32298374.0,-2450392.0,102534.0,1021893.0,0.0,-30011812.0,-33715816.0
SDTTR.IS:2022Q2,SDTTR.IS,SDTTR,2022Q2,2022-06-30,2022-08-15,data/fundamentals/SDTTR_IS.parquet,XUSIN.IS,False,143742603.0,11671257.0,16773718.0,22144256.0,0.0,16270132.0,14505734.0
SDTTR.IS:2022Q3,SDTTR.IS,SDTTR,2022Q3,2022-09-30,2022-11-15,data/fundamentals/SDTTR_IS.parquet,XUSIN.IS,False,254661112.0,54552083.0,62141216.0,78026348.0,287952140.0,488586.0,-5085282.0
SDTTR.IS:2022Q4,SDTTR.IS,SDTTR,2022Q4,2022-12-31,2023-03-15,data/fundamentals/SDTTR_IS.parquet,XUSIN.IS,False,913600638.0,239153481.0,279976925.0,113232273.0,780281827.0,348961501.0,335230707.0
SDTTR.IS:2023Q1,SDTTR.IS,SDTTR,2023Q1,2023-03-31,2023-05-15,data/fundamentals/SDTTR_IS.parquet,XUSIN.IS,False,178756687.0,9477616.0,18086943.0,-61540067.0,673598912.0,-152146146.0,-158012449.0
SDTTR.IS:2023Q2,SDTTR.IS,SDTTR,2023Q2,2023-06-30,2023-08-15,data/fundamentals/SDTTR_IS.parquet,XUSIN.IS,False,405669509.0,34741971.0,52250647.0,77552740.0,731242637.0,69605050.0,53308129.0
SDTTR.IS:2023Q3,SDTTR.IS,SDTTR,2023Q3,2023-09-30,2023-11-15,data/fundamentals/SDTTR_IS.parquet,XUSIN.IS,False,865157618.0,113396537.0,147501312.0,90979460.0,858478064.0,80744164.0,52777408.0
SDTTR.IS:2023Q4,SDTTR.IS,SDTTR,2023Q4,2023-12-31,2024-03-15,data/fundamentals/SDTTR_IS.parquet,XUSIN.IS,False,1646420445.0,465052418.0,514389975.0,465441880.0,1986808123.0,-121544681.0,-159224575.0
SDTTR.IS:2024Q1,SDTTR.IS,SDTTR,2024Q1,2024-03-31,2024-05-15,data/fundamentals/SDTTR_IS.parquet,XUSIN.IS,False,342198397.0,9192568.0,23144639.0,-136974766.0,1483588974.0,474781793.0,456901076.0
SDTTR.IS:2024Q2,SDTTR.IS,SDTTR,2024Q2,2024-06-30,2024-08-15,data/fundamentals/SDTTR_IS.parquet,XUSIN.IS,False,1032128253.0,88257519.0,117741412.0,-18312432.0,1571223486.0,319740650.0,267543775.0
SDTTR.IS:2024Q3,SDTTR.IS,SDTTR,2024Q3,2024-09-30,2024-11-15,data/fundamentals/SDTTR_IS.parquet,XUSIN.IS,False,1822687185.0,222721584.0,270181863.0,68841988.0,1777661385.0,416677031.0,315702626.0
SDTTR.IS:2024Q4,SDTTR.IS,SDTTR,2024Q4,2024-12-31,2025-03-15,data/fundamentals/SDTTR_IS.parquet,XUSIN.IS,False,2400134941.0,257426802.0,325144137.0,12984785.0,2413919685.0,663671048.0,463849745.0
SDTTR.IS:2025Q1,SDTTR.IS,SDTTR,2025Q1,2025-03-31,2025-05-15,data/fundamentals/SDTTR_IS.parquet,XUSIN.IS,False,223327491.0,-11349420.0,5840990.0,-77861972.0,1968913632.0,28177555.0,-9066730.0
SDTTR.IS:2025Q2,SDTTR.IS,SDTTR,2025Q2,2025-06-30,2025-08-15,data/fundamentals/SDTTR_IS.parquet,XUSIN.IS,False,905129152.0,76696835.0,113209854.0,-82359016.0,2079301990.0,-122616051.0,-207029180.0
SDTTR.IS:2025Q3,SDTTR.IS,SDTTR,2025Q3,2025-09-30,2025-11-15,data/fundamentals/SDTTR_IS.parquet,XUSIN.IS,False,1353732437.0,250925340.0,295215356.0,4591449.0,2312040979.0,52067065.0,-338531054.0
SDTTR.IS:2025Q4,SDTTR.IS,SDTTR,2025Q4,2025-12-31,2026-03-15,data/fundamentals/SDTTR_IS.parquet,XUSIN.IS,False,2543363597.0,228318230.0,314903588.0,35686101.0,2869652578.0,407676782.0,-321423926.0
SDTTR.IS:2026Q1,SDTTR.IS,SDTTR,2026Q1,2026-03-31,2026-05-15,data/fundamentals/SDTTR_IS.parquet,XUSIN.IS,False,506840805.0,113753808.0,140103410.0,15575892.0,2696607818.0,63021755.0,-215861266.0
SDTTR.IS:2026Q2,SDTTR.IS,SDTTR,2026Q2,2026-06-30,2026-08-15,data/fundamentals/SDTTR_IS.parquet,XUSIN.IS,False,1174146462.0,168478166.0,225951366.0,25102765.0,2881365670.0,26048730.0,-427282684.0
SELEC.IS:2018Q1,SELEC.IS,SELEC,2018Q1,2018-03-31,2018-05-15,data/fundamentals/SELEC_IS.parquet,XUSIN.IS,False,3284102180.0,160561645.0,169669105.0,152045982.0,2298161576.0,28124684.0,-3889327.0
SELEC.IS:2018Q2,SELEC.IS,SELEC,2018Q2,2018-06-30,2018-08-15,data/fundamentals/SELEC_IS.parquet,XUSIN.IS,False,6546282952.0,240684360.0,259557553.0,230596553.0,2313414953.0,-325511638.0,-383791349.0
SELEC.IS:2018Q3,SELEC.IS,SELEC,2018Q3,2018-09-30,2018-11-15,data/fundamentals/SELEC_IS.parquet,XUSIN.IS,False,9892621300.0,301498072.0,330649356.0,292740798.0,2373563908.0,-176417923.0,-246448568.0
SELEC.IS:2018Q4,SELEC.IS,SELEC,2018Q4,2018-12-31,2019-03-15,data/fundamentals/SELEC_IS.parquet,XUSIN.IS,False,13467345526.0,392728884.0,432603281.0,391269928.0,2469808378.0,56320061.0,-24052942.0
SELEC.IS:2019Q1,SELEC.IS,SELEC,2019Q1,2019-03-31,2019-05-15,data/fundamentals/SELEC_IS.parquet,XUSIN.IS,False,4163079176.0,267716908.0,279595984.0,253324533.0,2720430028.0,315712229.0,308024687.0
SELEC.IS:2019Q2,SELEC.IS,SELEC,2019Q2,2019-06-30,2019-08-15,data/fundamentals/SELEC_IS.parquet,XUSIN.IS,False,8458073060.0,489132248.0,519015035.0,454672777.0,2858186934.0,504649685.0,484430984.0
SELEC.IS:2019Q3,SELEC.IS,SELEC,2019Q3,2019-09-30,2019-11-15,data/fundamentals/SELEC_IS.parquet,XUSIN.IS,False,12907614915.0,602362315.0,647889365.0,581931874.0,2982601790.0,633432812.0,617527427.0
SELEC.IS:2019Q4,SELEC.IS,SELEC,2019Q4,2019-12-31,2020-03-15,data/fundamentals/SELEC_IS.parquet,XUSIN.IS,False,17808667101.0,702804029.0,764879771.0,694899587.0,3090750651.0,851776748.0,833984707.0
SELEC.IS:2020Q1,SELEC.IS,SELEC,2020Q1,2020-03-31,2020-05-15,data/fundamentals/SELEC_IS.parquet,XUSIN.IS,False,5516116254.0,276649509.0,293960114.0,246846276.0,3334191950.0,-99930916.0,-83078670.0
SELEC.IS:2020Q2,SELEC.IS,SELEC,2020Q2,2020-06-30,2020-08-15,data/fundamentals/SELEC_IS.parquet,XUSIN.IS,False,10230184736.0,430973504.0,466356780.0,383389761.0,3365687605.0,-597232842.0,-639268978.0
SELEC.IS:2020Q3,SELEC.IS,SELEC,2020Q3,2020-09-30,2020-11-15,data/fundamentals/SELEC_IS.parquet,XUSIN.IS,False,15428919648.0,537444457.0,591751585.0,483615753.0,3464631008.0,235511084.0,212189582.0
SELEC.IS:2020Q4,SELEC.IS,SELEC,2020Q4,2020-12-31,2021-03-15,data/fundamentals/SELEC_IS.parquet,XUSIN.IS,False,21027099075.0,643817605.0,717479257.0,586798396.0,3567525883.0,498992170.0,496132889.0
SELEC.IS:2021Q1,SELEC.IS,SELEC,2021Q1,2021-03-31,2021-05-15,data/fundamentals/SELEC_IS.parquet,XUSIN.IS,False,5789513494.0,316090675.0,335657809.0,283517474.0,3845694212.0,-427016495.0,-401637425.0
SELEC.IS:2021Q2,SELEC.IS,SELEC,2021Q2,2021-06-30,2021-08-15,data/fundamentals/SELEC_IS.parquet,XUSIN.IS,False,11608992213.0,684389757.0,724085800.0,547582106.0,4000944716.0,-694826126.0,-680048371.0
SELEC.IS:2021Q3,SELEC.IS,SELEC,2021Q3,2021-09-30,2021-11-15,data/fundamentals/SELEC_IS.parquet,XUSIN.IS,False,18200850235.0,883735381.0,943855022.0,719680004.0,4166103258.0,371809662.0,414067241.0
SELEC.IS:2021Q4,SELEC.IS,SELEC,2021Q4,2021-12-31,2022-03-15,data/fundamentals/SELEC_IS.parquet,XUSIN.IS,False,26214644330.0,1076261056.0,1157831407.0,922717606.0,4366573655.0,186872959.0,222733591.0
SELEC.IS:2022Q1,SELEC.IS,SELEC,2022Q1,2022-03-31,2022-05-15,data/fundamentals/SELEC_IS.parquet,XUSIN.IS,False,8568051125.0,632793922.0,655329024.0,548697767.0,4901957809.0,-537049756.0,-515558340.0
SELEC.IS:2022Q2,SELEC.IS,SELEC,2022Q2,2022-06-30,2022-08-15,data/fundamentals/SELEC_IS.parquet,XUSIN.IS,False,18643707213.0,1066647469.0,1112750830.0,919342223.0,4952851044.0,-766517986.0,-746206253.0
SELEC.IS:2022Q3,SELEC.IS,SELEC,2022Q3,2022-09-30,2022-11-15,data/fundamentals/SELEC_IS.parquet,XUSIN.IS,False,30207869880.0,2004259000.0,2075357787.0,1661580546.0,5678324590.0,-632255764.0,-624813757.0
SELEC.IS:2022Q4,SELEC.IS,SELEC,2022Q4,2022-12-31,2023-03-15,data/fundamentals/SELEC_IS.parquet,XUSIN.IS,False,85196585566.0,4660414440.0,5117296055.0,635706672.0,15199262140.0,-1039260668.0,-1019935034.0
SELEC.IS:2023Q1,SELEC.IS,SELEC,2023Q1,2023-03-31,2023-05-15,data/fundamentals/SELEC_IS.parquet,XUSIN.IS,False,34362793208.0,1938051024.0,2070661267.0,687975617.0,7367624526.0,-129467311.0,-33157143.0
SELEC.IS:2023Q2,SELEC.IS,SELEC,2023Q2,2023-06-30,2023-08-15,data/fundamentals/SELEC_IS.parquet,XUSIN.IS,False,65323103094.0,2496487377.0,2757265718.0,220300700.0,7581280123.0,161001601.0,507761702.0
SELEC.IS:2023Q3,SELEC.IS,SELEC,2023Q3,2023-09-30,2023-11-15,data/fundamentals/SELEC_IS.parquet,XUSIN.IS,False,101733174721.0,4934708567.0,5357830254.0,-387079042.0,8628041731.0,1685836842.0,2357535620.0
SELEC.IS:2023Q4,SELEC.IS,SELEC,2023Q4,2023-12-31,2024-03-15,data/fundamentals/SELEC_IS.parquet,XUSIN.IS,False,141085577426.0,6506923481.0,7109726978.0,322287635.0,21746281406.0,2263250878.0,3462492319.0
SELEC.IS:2024Q1,SELEC.IS,SELEC,2024Q1,2024-03-31,2024-05-15,data/fundamentals/SELEC_IS.parquet,XUSIN.IS,False,38463870132.0,2279820996.0,2445073697.0,342286803.0,17522513475.0,-530569966.0,412794668.0
SELEC.IS:2024Q2,SELEC.IS,SELEC,2024Q2,2024-06-30,2024-08-15,data/fundamentals/SELEC_IS.parquet,XUSIN.IS,False,74526700973.0,3091114127.0,3436058706.0,541585389.0,18944606172.0,-2516794207.0,-554629780.0
SELEC.IS:2024Q3,SELEC.IS,SELEC,2024Q3,2024-09-30,2024-11-15,data/fundamentals/SELEC_IS.parquet,XUSIN.IS,False,119662458088.0,4435845106.0,4987583925.0,855088092.0,20817058849.0,193277440.0,3532874388.0
SELEC.IS:2024Q4,SELEC.IS,SELEC,2024Q4,2024-12-31,2025-03-15,data/fundamentals/SELEC_IS.parquet,XUSIN.IS,False,168353228778.0,6790782504.0,7607081613.0,2694723458.0,30753250098.0,-11485542971.0,-6746872292.0
SELEC.IS:2025Q1,SELEC.IS,SELEC,2025Q1,2025-03-31,2025-05-15,data/fundamentals/SELEC_IS.parquet,XUSIN.IS,False,49060816006.0,845185078.0,1073339295.0,2792455.0,25829400254.0,5733415262.0,6165212850.0
SELEC.IS:2025Q2,SELEC.IS,SELEC,2025Q2,2025-06-30,2025-08-15,data/fundamentals/SELEC_IS.parquet,XUSIN.IS,False,100201443194.0,1505819304.0,1995714072.0,-421720460.0,26803173519.0,8179919158.0,9052839565.0
SELEC.IS:2025Q3,SELEC.IS,SELEC,2025Q3,2025-09-30,2025-11-15,data/fundamentals/SELEC_IS.parquet,XUSIN.IS,False,123744303526.0,2120315567.0,2720846598.0,-565799306.0,28567413693.0,5838175835.0,6857240677.0
SELEC.IS:2025Q4,SELEC.IS,SELEC,2025Q4,2025-12-31,2026-03-15,data/fundamentals/SELEC_IS.parquet,XUSIN.IS,False,202557658974.0,4144058407.0,5193538613.0,-447249760.0,35295263292.0,8359323668.0,9812380141.0
SELEC.IS:2026Q1,SELEC.IS,SELEC,2026Q1,2026-03-31,2026-05-15,data/fundamentals/SELEC_IS.parquet,XUSIN.IS,False,51925837695.0,3235732090.0,3484596078.0,1539513808.0,34465716995.0,-1927335912.0,-1785108596.0
SELEC.IS:2026Q2,SELEC.IS,SELEC,2026Q2,2026-06-30,2026-08-15,data/fundamentals/SELEC_IS.parquet,XUSIN.IS,False,109007871691.0,6644413988.0,7172849335.0,2181884035.0,37112877712.0,-2254760749.0,-1905764285.0
SISE.IS:2018Q1,SISE.IS,SISE,2018Q1,2018-03-31,2018-05-15,data/fundamentals/SISE_IS.parquet,XUSIN.IS,False,3085926000.0,427336000.0,677016000.0,569299000.0,13414564000.0,119655000.0,-129476000.0
SISE.IS:2018Q2,SISE.IS,SISE,2018Q2,2018-06-30,2018-08-15,data/fundamentals/SISE_IS.parquet,XUSIN.IS,False,6781721000.0,986295000.0,1471709000.0,1559928000.0,14640178000.0,499885000.0,-850697000.0
SISE.IS:2018Q3,SISE.IS,SISE,2018Q3,2018-09-30,2018-11-15,data/fundamentals/SISE_IS.parquet,XUSIN.IS,False,11083449000.0,1705632000.0,2478519000.0,3012344000.0,17222689000.0,889683000.0,-861165000.0
SISE.IS:2018Q4,SISE.IS,SISE,2018Q4,2018-12-31,2019-03-15,data/fundamentals/SISE_IS.parquet,XUSIN.IS,False,15550314000.0,2335775000.0,3384330000.0,3365897000.0,16712986000.0,1610132000.0,-634371000.0
SISE.IS:2019Q1,SISE.IS,SISE,2019Q1,2019-03-31,2019-05-15,data/fundamentals/SISE_IS.parquet,XUSIN.IS,False,3922827000.0,518652000.0,829977000.0,625798000.0,17109666000.0,216356000.0,-321486000.0
SISE.IS:2019Q2,SISE.IS,SISE,2019Q2,2019-06-30,2019-08-15,data/fundamentals/SISE_IS.parquet,XUSIN.IS,False,8617371000.0,1139016000.0,1804675000.0,1349254000.0,18073196000.0,568103000.0,-860422000.0
SISE.IS:2019Q3,SISE.IS,SISE,2019Q3,2019-09-30,2019-11-15,data/fundamentals/SISE_IS.parquet,XUSIN.IS,False,13216042000.0,1828841000.0,2823120000.0,1936462000.0,18057548000.0,1078338000.0,-715229000.0
SISE.IS:2019Q4,SISE.IS,SISE,2019Q4,2019-12-31,2020-03-15,data/fundamentals/SISE_IS.parquet,XUSIN.IS,False,18058686000.0,2456551000.0,3831135000.0,2700319000.0,19133385000.0,2301502000.0,-651336000.0
SISE.IS:2020Q1,SISE.IS,SISE,2020Q1,2020-03-31,2020-05-15,data/fundamentals/SISE_IS.parquet,XUSIN.IS,False,4614720000.0,621310000.0,987436000.0,674212000.0,19295655000.0,51686000.0,-5880000.0
SISE.IS:2020Q2,SISE.IS,SISE,2020Q2,2020-06-30,2020-08-15,data/fundamentals/SISE_IS.parquet,XUSIN.IS,False,8834292000.0,819198000.0,1592710000.0,862481000.0,20158501000.0,-351417000.0,-503778000.0
SISE.IS:2020Q3,SISE.IS,SISE,2020Q3,2020-09-30,2020-11-15,data/fundamentals/SISE_IS.parquet,XUSIN.IS,False,14632425000.0,1670699000.0,2859511000.0,2147817000.0,22163962000.0,975977000.0,99043000.0
SISE.IS:2020Q4,SISE.IS,SISE,2020Q4,2020-12-31,2021-03-15,data/fundamentals/SISE_IS.parquet,XUSIN.IS,False,21340686000.0,2754566000.0,4405408000.0,2824571000.0,22491233000.0,2663054000.0,1018135000.0
SISE.IS:2021Q1,SISE.IS,SISE,2021Q1,2021-03-31,2021-05-15,data/fundamentals/SISE_IS.parquet,XUSIN.IS,False,5686300000.0,878690000.0,1333890000.0,1352172000.0,24164018000.0,498131000.0,240810000.0
SISE.IS:2021Q2,SISE.IS,SISE,2021Q2,2021-06-30,2021-08-15,data/fundamentals/SISE_IS.parquet,XUSIN.IS,False,12777400000.0,2237228000.0,3189354000.0,2764622000.0,26070348000.0,2462068000.0,2881057000.0
SISE.IS:2021Q3,SISE.IS,SISE,2021Q3,2021-09-30,2021-11-15,data/fundamentals/SISE_IS.parquet,XUSIN.IS,False,21012921000.0,3711102000.0,5175064000.0,4152078000.0,27447137000.0,4102078000.0,4274148000.0
SISE.IS:2021Q4,SISE.IS,SISE,2021Q4,2021-12-31,2022-03-15,data/fundamentals/SISE_IS.parquet,XUSIN.IS,False,32057875000.0,5500879000.0,7562133000.0,9131288000.0,52929225000.0,2442696000.0,-3548540000.0
SISE.IS:2022Q1,SISE.IS,SISE,2022Q1,2022-03-31,2022-05-15,data/fundamentals/SISE_IS.parquet,XUSIN.IS,False,16974389000.0,3369659000.0,4236735000.0,3702894000.0,54066656000.0,-152950000.0,-737038000.0
SISE.IS:2022Q2,SISE.IS,SISE,2022Q2,2022-06-30,2022-08-15,data/fundamentals/SISE_IS.parquet,XUSIN.IS,False,40232477000.0,7814050000.0,10010709000.0,9240728000.0,66123577000.0,4500158000.0,400337000.0
SISE.IS:2022Q3,SISE.IS,SISE,2022Q3,2022-09-30,2022-11-15,data/fundamentals/SISE_IS.parquet,XUSIN.IS,False,66279449000.0,12111589000.0,15720861000.0,14191077000.0,73270488000.0,7877843000.0,1001361000.0
SISE.IS:2022Q4,SISE.IS,SISE,2022Q4,2022-12-31,2023-03-15,data/fundamentals/SISE_IS.parquet,XUSIN.IS,False,170655164000.0,21946554000.0,33777547000.0,24033133000.0,173450368000.0,20901032000.0,9897035000.0
SISE.IS:2023Q1,SISE.IS,SISE,2023Q1,2023-03-31,2023-05-15,data/fundamentals/SISE_IS.parquet,XUSIN.IS,False,52636775000.0,5818922000.0,9313493000.0,6450898000.0,95040944000.0,308866000.0,-2210851000.0
SISE.IS:2023Q2,SISE.IS,SISE,2023Q2,2023-06-30,2023-08-15,data/fundamentals/SISE_IS.parquet,XUSIN.IS,False,103568225000.0,9056522000.0,15991774000.0,12397597000.0,111740229000.0,16170883000.0,-1195613000.0
SISE.IS:2023Q3,SISE.IS,SISE,2023Q3,2023-09-30,2023-11-15,data/fundamentals/SISE_IS.parquet,XUSIN.IS,False,158992421000.0,14152246000.0,24098525000.0,13021022000.0,117053012000.0,20634988000.0,-3110934000.0
SISE.IS:2023Q4,SISE.IS,SISE,2023Q4,2023-12-31,2024-03-15,data/fundamentals/SISE_IS.parquet,XUSIN.IS,False,219447449000.0,14852879000.0,29682362000.0,27469073000.0,240724968000.0,54515060000.0,24756832000.0
SISE.IS:2024Q1,SISE.IS,SISE,2024Q1,2024-03-31,2024-05-15,data/fundamentals/SISE_IS.parquet,XUSIN.IS,False,56048524000.0,-674930000.0,4089914000.0,3285566000.0,183373584000.0,3371794000.0,501161000.0
SISE.IS:2024Q2,SISE.IS,SISE,2024Q2,2024-06-30,2024-08-15,data/fundamentals/SISE_IS.parquet,XUSIN.IS,False,115861899000.0,-2489927000.0,7283898000.0,6645075000.0,193574402000.0,8954739000.0,1945579000.0
SISE.IS:2024Q3,SISE.IS,SISE,2024Q3,2024-09-30,2024-11-15,data/fundamentals/SISE_IS.parquet,XUSIN.IS,False,181695867000.0,-2747008000.0,11621820000.0,8630363000.0,206473466000.0,16682498000.0,4005167000.0
SISE.IS:2024Q4,SISE.IS,SISE,2024Q4,2024-12-31,2025-03-15,data/fundamentals/SISE_IS.parquet,XUSIN.IS,False,242922057265.0,-5588142998.0,14164624618.0,6862505476.0,272400566017.0,38553881247.0,13905951271.0
SISE.IS:2025Q1,SISE.IS,SISE,2025Q1,2025-03-31,2025-05-15,data/fundamentals/SISE_IS.parquet,XUSIN.IS,False,59496680000.0,-2147317000.0,3521109000.0,1738417000.0,227842623000.0,3414611000.0,-11761697000.0
SISE.IS:2025Q2,SISE.IS,SISE,2025Q2,2025-06-30,2025-08-15,data/fundamentals/SISE_IS.parquet,XUSIN.IS,False,133133550000.0,385796000.0,10747266000.0,5388484000.0,242493919000.0,20262183000.0,-6881796000.0
SISE.IS:2025Q3,SISE.IS,SISE,2025Q3,2025-09-30,2025-11-15,data/fundamentals/SISE_IS.parquet,XUSIN.IS,False,162277574000.0,2606439000.0,15237282000.0,5656571000.0,255822245000.0,28981794000.0,5653608000.0
SISE.IS:2025Q4,SISE.IS,SISE,2025Q4,2025-12-31,2026-03-15,data/fundamentals/SISE_IS.parquet,XUSIN.IS,False,264399608490.0,1696366124.0,22175419187.0,11239227652.0,317075398469.0,46789811790.0,9626948142.0
SISE.IS:2026Q1,SISE.IS,SISE,2026Q1,2026-03-31,2026-05-15,data/fundamentals/SISE_IS.parquet,XUSIN.IS,False,57477891000.0,-883692000.0,4029635000.0,1446830000.0,286035352000.0,1420808000.0,4500740000.0
SISE.IS:2026Q2,SISE.IS,SISE,2026Q2,2026-06-30,2026-08-15,data/fundamentals/SISE_IS.parquet,XUSIN.IS,False,122325387000.0,-2722329000.0,7905656000.0,4550540000.0,300151368000.0,-3170707000.0,-3060367000.0
SKBNK.IS:2018Q1,SKBNK.IS,SKBNK,2018Q1,2018-03-31,2018-05-15,data/fundamentals/SKBNK_IS.parquet,XBANK.IS,True,731618000.0,731618000.0,,27663000.0,2319166000.0,,
SKBNK.IS:2018Q2,SKBNK.IS,SKBNK,2018Q2,2018-06-30,2018-08-15,data/fundamentals/SKBNK_IS.parquet,XBANK.IS,True,1544758000.0,1544758000.0,,71353000.0,2355966000.0,,
SKBNK.IS:2018Q3,SKBNK.IS,SKBNK,2018Q3,2018-09-30,2018-11-15,data/fundamentals/SKBNK_IS.parquet,XBANK.IS,True,2556401000.0,2556401000.0,,82625000.0,2366316000.0,,
SKBNK.IS:2018Q4,SKBNK.IS,SKBNK,2018Q4,2018-12-31,2019-03-15,data/fundamentals/SKBNK_IS.parquet,XBANK.IS,True,3479240000.0,3479240000.0,,86358000.0,2377326000.0,,
SKBNK.IS:2019Q1,SKBNK.IS,SKBNK,2019Q1,2019-03-31,2019-05-15,data/fundamentals/SKBNK_IS.parquet,XBANK.IS,True,910166000.0,910166000.0,,-95094000.0,2281633000.0,,
SKBNK.IS:2019Q2,SKBNK.IS,SKBNK,2019Q2,2019-06-30,2019-08-15,data/fundamentals/SKBNK_IS.parquet,XBANK.IS,True,1846021000.0,1846021000.0,,-250290000.0,2131173000.0,,
SKBNK.IS:2019Q3,SKBNK.IS,SKBNK,2019Q3,2019-09-30,2019-11-15,data/fundamentals/SKBNK_IS.parquet,XBANK.IS,True,2738169000.0,2738169000.0,,-231882000.0,2152670000.0,,
SKBNK.IS:2019Q4,SKBNK.IS,SKBNK,2019Q4,2019-12-31,2020-03-15,data/fundamentals/SKBNK_IS.parquet,XBANK.IS,True,3515819000.0,3515819000.0,,-684082000.0,1976583000.0,,
SKBNK.IS:2020Q1,SKBNK.IS,SKBNK,2020Q1,2020-03-31,2020-05-15,data/fundamentals/SKBNK_IS.parquet,XBANK.IS,True,704785000.0,704785000.0,,6889000.0,2011635000.0,,
SKBNK.IS:2020Q2,SKBNK.IS,SKBNK,2020Q2,2020-06-30,2020-08-15,data/fundamentals/SKBNK_IS.parquet,XBANK.IS,True,1345135000.0,1345135000.0,,9446000.0,2119398000.0,,
SKBNK.IS:2020Q3,SKBNK.IS,SKBNK,2020Q3,2020-09-30,2020-11-15,data/fundamentals/SKBNK_IS.parquet,XBANK.IS,True,1998654000.0,1998654000.0,,13373000.0,2117467000.0,,
SKBNK.IS:2020Q4,SKBNK.IS,SKBNK,2020Q4,2020-12-31,2021-03-15,data/fundamentals/SKBNK_IS.parquet,XBANK.IS,True,2777993000.0,2777993000.0,,52617000.0,2636078000.0,,
SKBNK.IS:2021Q1,SKBNK.IS,SKBNK,2021Q1,2021-03-31,2021-05-15,data/fundamentals/SKBNK_IS.parquet,XBANK.IS,True,902698000.0,902698000.0,,16884000.0,2651852000.0,,
SKBNK.IS:2021Q2,SKBNK.IS,SKBNK,2021Q2,2021-06-30,2021-08-15,data/fundamentals/SKBNK_IS.parquet,XBANK.IS,True,1849672000.0,1849672000.0,,40992000.0,2676094000.0,,
SKBNK.IS:2021Q3,SKBNK.IS,SKBNK,2021Q3,2021-09-30,2021-11-15,data/fundamentals/SKBNK_IS.parquet,XBANK.IS,True,2841654000.0,2841654000.0,,64692000.0,2699621000.0,,
SKBNK.IS:2021Q4,SKBNK.IS,SKBNK,2021Q4,2021-12-31,2022-03-15,data/fundamentals/SKBNK_IS.parquet,XBANK.IS,True,4093046000.0,4093046000.0,,254698000.0,2957944000.0,,
SKBNK.IS:2022Q1,SKBNK.IS,SKBNK,2022Q1,2022-03-31,2022-05-15,data/fundamentals/SKBNK_IS.parquet,XBANK.IS,True,1240462000.0,1240462000.0,,405632000.0,3391611000.0,,
SKBNK.IS:2022Q2,SKBNK.IS,SKBNK,2022Q2,2022-06-30,2022-08-15,data/fundamentals/SKBNK_IS.parquet,XBANK.IS,True,2545234000.0,2545234000.0,,752525000.0,3949988000.0,,
SKBNK.IS:2022Q3,SKBNK.IS,SKBNK,2022Q3,2022-09-30,2022-11-15,data/fundamentals/SKBNK_IS.parquet,XBANK.IS,True,4077462000.0,4077462000.0,,1068503000.0,4265560000.0,,
SKBNK.IS:2022Q4,SKBNK.IS,SKBNK,2022Q4,2022-12-31,2023-03-15,data/fundamentals/SKBNK_IS.parquet,XBANK.IS,True,5623709000.0,5623709000.0,,1502150000.0,4695094000.0,,
SKBNK.IS:2023Q1,SKBNK.IS,SKBNK,2023Q1,2023-03-31,2023-05-15,data/fundamentals/SKBNK_IS.parquet,XBANK.IS,True,1391583000.0,1391583000.0,,390260000.0,5228622000.0,,
SKBNK.IS:2023Q2,SKBNK.IS,SKBNK,2023Q2,2023-06-30,2023-08-15,data/fundamentals/SKBNK_IS.parquet,XBANK.IS,True,2825394000.0,2825394000.0,,1105128000.0,6095190000.0,,
SKBNK.IS:2023Q3,SKBNK.IS,SKBNK,2023Q3,2023-09-30,2023-11-15,data/fundamentals/SKBNK_IS.parquet,XBANK.IS,True,4401238000.0,4401238000.0,,1525504000.0,6462031000.0,,
SKBNK.IS:2023Q4,SKBNK.IS,SKBNK,2023Q4,2023-12-31,2024-03-15,data/fundamentals/SKBNK_IS.parquet,XBANK.IS,True,6917510000.0,6917510000.0,,2445692000.0,7603823000.0,,
SKBNK.IS:2024Q1,SKBNK.IS,SKBNK,2024Q1,2024-03-31,2024-05-15,data/fundamentals/SKBNK_IS.parquet,XBANK.IS,True,3170870000.0,3170870000.0,,504145000.0,8180530000.0,,
SKBNK.IS:2024Q2,SKBNK.IS,SKBNK,2024Q2,2024-06-30,2024-08-15,data/fundamentals/SKBNK_IS.parquet,XBANK.IS,True,7227684000.0,7227684000.0,,1220191000.0,8828008000.0,,
SKBNK.IS:2024Q3,SKBNK.IS,SKBNK,2024Q3,2024-09-30,2024-11-15,data/fundamentals/SKBNK_IS.parquet,XBANK.IS,True,11465239000.0,11465239000.0,,1552027000.0,9928803000.0,,
SKBNK.IS:2024Q4,SKBNK.IS,SKBNK,2024Q4,2024-12-31,2025-03-15,data/fundamentals/SKBNK_IS.parquet,XBANK.IS,True,15979640000.0,15979640000.0,,2025243000.0,10701646000.0,,
SKBNK.IS:2025Q1,SKBNK.IS,SKBNK,2025Q1,2025-03-31,2025-05-15,data/fundamentals/SKBNK_IS.parquet,XBANK.IS,True,5171911000.0,5171911000.0,,518338000.0,11203150000.0,,
SKBNK.IS:2025Q2,SKBNK.IS,SKBNK,2025Q2,2025-06-30,2025-08-15,data/fundamentals/SKBNK_IS.parquet,XBANK.IS,True,11841000000.0,11841000000.0,,816000000.0,11705208000.0,,
SKBNK.IS:2025Q3,SKBNK.IS,SKBNK,2025Q3,2025-09-30,2025-11-15,data/fundamentals/SKBNK_IS.parquet,XBANK.IS,True,19245261000.0,19245261000.0,,1210858000.0,12134944000.0,,
SKBNK.IS:2025Q4,SKBNK.IS,SKBNK,2025Q4,2025-12-31,2026-03-15,data/fundamentals/SKBNK_IS.parquet,XBANK.IS,True,27936349000.0,27936349000.0,,2078375000.0,13299064000.0,,
SKBNK.IS:2026Q1,SKBNK.IS,SKBNK,2026Q1,2026-03-31,2026-05-15,data/fundamentals/SKBNK_IS.parquet,XBANK.IS,True,9897081000.0,9897081000.0,,645366000.0,13930009000.0,,
SKBNK.IS:2026Q2,SKBNK.IS,SKBNK,2026Q2,2026-06-30,2026-08-15,data/fundamentals/SKBNK_IS.parquet,XBANK.IS,True,22025000000.0,22025000000.0,,1503000000.0,15255000000.0,,
SOKM.IS:2018Q1,SOKM.IS,SOKM,2018Q1,2018-03-31,2018-05-15,data/fundamentals/SOKM_IS.parquet,MINI_PERAKENDE,False,2569511603.0,43436255.0,89702101.0,-119253152.0,-2307424649.0,514885387.0,425833258.0
SOKM.IS:2018Q2,SOKM.IS,SOKM,2018Q2,2018-06-30,2018-08-15,data/fundamentals/SOKM_IS.parquet,MINI_PERAKENDE,False,5453424554.0,130997274.0,227406747.0,110222185.0,302117619.0,52384915.0,-120760630.0
SOKM.IS:2018Q3,SOKM.IS,SOKM,2018Q3,2018-09-30,2018-11-15,data/fundamentals/SOKM_IS.parquet,MINI_PERAKENDE,False,8710248695.0,307363116.0,455530579.0,121894770.0,312284662.0,206126455.0,-44159848.0
SOKM.IS:2018Q4,SOKM.IS,SOKM,2018Q4,2018-12-31,2019-03-15,data/fundamentals/SOKM_IS.parquet,MINI_PERAKENDE,False,12060771860.0,429770503.0,630174274.0,67034536.0,262989023.0,491919684.0,174140420.0
SOKM.IS:2019Q1,SOKM.IS,SOKM,2019Q1,2019-03-31,2019-05-15,data/fundamentals/SOKM_IS.parquet,MINI_PERAKENDE,False,3523401544.0,125583595.0,265748973.0,-97477440.0,167643474.0,285926467.0,187936997.0
SOKM.IS:2019Q2,SOKM.IS,SOKM,2019Q2,2019-06-30,2019-08-15,data/fundamentals/SOKM_IS.parquet,MINI_PERAKENDE,False,7515151635.0,383367601.0,677398323.0,-122068291.0,150055634.0,600704905.0,427802627.0
SOKM.IS:2019Q3,SOKM.IS,SOKM,2019Q3,2019-09-30,2019-11-15,data/fundamentals/SOKM_IS.parquet,MINI_PERAKENDE,False,11821766204.0,650358325.0,1100234279.0,-150524712.0,121710905.0,939710631.0,698871244.0
SOKM.IS:2019Q4,SOKM.IS,SOKM,2019Q4,2019-12-31,2020-03-15,data/fundamentals/SOKM_IS.parquet,MINI_PERAKENDE,False,16051963222.0,871742642.0,1470245071.0,-298329722.0,-26864823.0,1388017394.0,1046229899.0
SOKM.IS:2020Q1,SOKM.IS,SOKM,2020Q1,2020-03-31,2020-05-15,data/fundamentals/SOKM_IS.parquet,MINI_PERAKENDE,False,4688273305.0,300893643.0,463499087.0,5324956.0,-22807615.0,437968156.0,348831478.0
SOKM.IS:2020Q2,SOKM.IS,SOKM,2020Q2,2020-06-30,2020-08-15,data/fundamentals/SOKM_IS.parquet,MINI_PERAKENDE,False,9913401568.0,619043354.0,950280703.0,55600440.0,37419237.0,1125045564.0,936194835.0
SOKM.IS:2020Q3,SOKM.IS,SOKM,2020Q3,2020-09-30,2020-11-15,data/fundamentals/SOKM_IS.parquet,MINI_PERAKENDE,False,15397273885.0,956072264.0,1462531676.0,109118937.0,91192969.0,1489211437.0,1178894500.0
SOKM.IS:2020Q4,SOKM.IS,SOKM,2020Q4,2020-12-31,2021-03-15,data/fundamentals/SOKM_IS.parquet,MINI_PERAKENDE,False,21353835397.0,1401763652.0,2099271654.0,271911626.0,253897878.0,2148874344.0,1656316132.0
SOKM.IS:2021Q1,SOKM.IS,SOKM,2021Q1,2021-03-31,2021-05-15,data/fundamentals/SOKM_IS.parquet,MINI_PERAKENDE,False,6377044301.0,411438873.0,602479796.0,83737628.0,336512993.0,552875025.0,435284376.0
SOKM.IS:2021Q2,SOKM.IS,SOKM,2021Q2,2021-06-30,2021-08-15,data/fundamentals/SOKM_IS.parquet,MINI_PERAKENDE,False,13216469592.0,864257294.0,1255171162.0,194182302.0,367930720.0,981374159.0,709697677.0
SOKM.IS:2021Q3,SOKM.IS,SOKM,2021Q3,2021-09-30,2021-11-15,data/fundamentals/SOKM_IS.parquet,MINI_PERAKENDE,False,20428264880.0,1295469029.0,1900823123.0,310011744.0,486842321.0,1626211807.0,1200795449.0
SOKM.IS:2021Q4,SOKM.IS,SOKM,2021Q4,2021-12-31,2022-03-15,data/fundamentals/SOKM_IS.parquet,MINI_PERAKENDE,False,28411812112.0,1788320286.0,2622143754.0,318923675.0,495889838.0,2137552282.0,1476407991.0
SOKM.IS:2022Q1,SOKM.IS,SOKM,2022Q1,2022-03-31,2022-05-15,data/fundamentals/SOKM_IS.parquet,MINI_PERAKENDE,False,10196426723.0,652875239.0,893830067.0,250308315.0,744509161.0,496055599.0,150540189.0
SOKM.IS:2022Q2,SOKM.IS,SOKM,2022Q2,2022-06-30,2022-08-15,data/fundamentals/SOKM_IS.parquet,MINI_PERAKENDE,False,23545297930.0,1484488785.0,1992822607.0,610266493.0,1105542268.0,1389024180.0,553748387.0
SOKM.IS:2022Q3,SOKM.IS,SOKM,2022Q3,2022-09-30,2022-11-15,data/fundamentals/SOKM_IS.parquet,MINI_PERAKENDE,False,40643051315.0,2494410676.0,3300731609.0,1805424766.0,2301687240.0,1846352198.0,500764261.0
SOKM.IS:2022Q4,SOKM.IS,SOKM,2022Q4,2022-12-31,2023-03-15,data/fundamentals/SOKM_IS.parquet,MINI_PERAKENDE,False,112384820331.0,1055003753.0,5035280644.0,6954039535.0,17850781183.0,8593863162.0,5505935065.0
SOKM.IS:2023Q1,SOKM.IS,SOKM,2023Q1,2023-03-31,2023-05-15,data/fundamentals/SOKM_IS.parquet,MINI_PERAKENDE,False,39342335253.0,-213671497.0,1182024033.0,1036252247.0,3211290717.0,4828332455.0,4156655969.0
SOKM.IS:2023Q2,SOKM.IS,SOKM,2023Q2,2023-06-30,2023-08-15,data/fundamentals/SOKM_IS.parquet,MINI_PERAKENDE,False,82970450418.0,-787370648.0,2023571844.0,1508954988.0,4025900302.0,6734645278.0,5154864484.0
SOKM.IS:2023Q3,SOKM.IS,SOKM,2023Q3,2023-09-30,2023-11-15,data/fundamentals/SOKM_IS.parquet,MINI_PERAKENDE,False,137419140270.0,-939604324.0,3785296038.0,6321370584.0,5012634537.0,12700565429.0,10049014548.0
SOKM.IS:2023Q4,SOKM.IS,SOKM,2023Q4,2023-12-31,2024-03-15,data/fundamentals/SOKM_IS.parquet,MINI_PERAKENDE,False,193155221661.0,-1602127625.0,5128832174.0,6135447873.0,28963648117.0,19725852000.0,17173792063.0
SOKM.IS:2024Q1,SOKM.IS,SOKM,2024Q1,2024-03-31,2024-05-15,data/fundamentals/SOKM_IS.parquet,MINI_PERAKENDE,False,51542738238.0,-2654451375.0,-666129469.0,-14154491.0,24810954047.0,8095628764.0,7772223198.0
SOKM.IS:2024Q2,SOKM.IS,SOKM,2024Q2,2024-06-30,2024-08-15,data/fundamentals/SOKM_IS.parquet,MINI_PERAKENDE,False,113971218107.0,-5908834470.0,-1579085159.0,222423739.0,25252959876.0,13790148073.0,12069201375.0
SOKM.IS:2024Q3,SOKM.IS,SOKM,2024Q3,2024-09-30,2024-11-15,data/fundamentals/SOKM_IS.parquet,MINI_PERAKENDE,False,190174649588.0,-9404098172.0,-2207750032.0,279606988.0,27440007902.0,16167558228.0,12532892851.0
SOKM.IS:2024Q4,SOKM.IS,SOKM,2024Q4,2024-12-31,2025-03-15,data/fundamentals/SOKM_IS.parquet,MINI_PERAKENDE,False,264629947407.0,-10232508668.0,5293660.0,80162843.0,37729189704.0,24023670594.0,19094294887.0
SOKM.IS:2025Q1,SOKM.IS,SOKM,2025Q1,2025-03-31,2025-05-15,data/fundamentals/SOKM_IS.parquet,MINI_PERAKENDE,False,71012703375.0,-3035145625.0,40620892.0,-467472979.0,31299170348.0,6209407796.0,5420041736.0
SOKM.IS:2025Q2,SOKM.IS,SOKM,2025Q2,2025-06-30,2025-08-15,data/fundamentals/SOKM_IS.parquet,MINI_PERAKENDE,False,156750205176.0,-5400455256.0,921793594.0,-954843631.0,32689461462.0,13610496546.0,12300665788.0
SOKM.IS:2025Q3,SOKM.IS,SOKM,2025Q3,2025-09-30,2025-11-15,data/fundamentals/SOKM_IS.parquet,MINI_PERAKENDE,False,198429713743.0,-4626078029.0,3845348129.0,-512715313.0,35332752643.0,15680534155.0,14185876813.0
SOKM.IS:2025Q4,SOKM.IS,SOKM,2025Q4,2025-12-31,2026-03-15,data/fundamentals/SOKM_IS.parquet,MINI_PERAKENDE,False,328324410590.0,-4433878803.0,9148646715.0,-2270626782.0,41759358929.0,26244810234.0,23028032419.0
SOKM.IS:2026Q1,SOKM.IS,SOKM,2026Q1,2026-03-31,2026-05-15,data/fundamentals/SOKM_IS.parquet,MINI_PERAKENDE,False,76316029767.0,-2587144700.0,456413701.0,-735697133.0,38132118898.0,6680517604.0,5946562645.0
SOKM.IS:2026Q2,SOKM.IS,SOKM,2026Q2,2026-06-30,2026-08-15,data/fundamentals/SOKM_IS.parquet,MINI_PERAKENDE,False,167778575398.0,-5593291385.0,1406776954.0,-1351115156.0,40045381685.0,16743917167.0,14930968074.0
SURGY.IS:2022Q2,SURGY.IS,SURGY,2022Q2,2022-06-30,2022-08-15,data/fundamentals/SURGY_IS.parquet,XU100.IS,False,0.0,-12791746.0,-12791746.0,-4191966.0,0.0,53796023.0,54955325.0
SURGY.IS:2022Q3,SURGY.IS,SURGY,2022Q3,2022-09-30,2022-11-15,data/fundamentals/SURGY_IS.parquet,XU100.IS,False,0.0,-32516628.0,-32505859.0,344427858.0,0.0,101350606.0,97215893.0
SURGY.IS:2022Q4,SURGY.IS,SURGY,2022Q4,2022-12-31,2023-03-15,data/fundamentals/SURGY_IS.parquet,XU100.IS,False,0.0,-68987236.0,-68947229.0,458910189.0,2804644994.0,99376815.0,116780287.0
SURGY.IS:2023Q1,SURGY.IS,SURGY,2023Q1,2023-03-31,2023-05-15,data/fundamentals/SURGY_IS.parquet,XU100.IS,False,0.0,-16582175.0,-16554999.0,135119644.0,0.0,-11392839.0,14373894.0
SURGY.IS:2023Q2,SURGY.IS,SURGY,2023Q2,2023-06-30,2023-08-15,data/fundamentals/SURGY_IS.parquet,XU100.IS,False,0.0,-69099458.0,-69045105.0,1329741327.0,2692485489.0,221535737.0,249468135.0
SURGY.IS:2023Q3,SURGY.IS,SURGY,2023Q3,2023-09-30,2023-11-15,data/fundamentals/SURGY_IS.parquet,XU100.IS,False,0.0,-131196513.0,-130972238.0,768587454.0,2710082672.0,202900264.0,233324103.0
SURGY.IS:2023Q4,SURGY.IS,SURGY,2023Q4,2023-12-31,2024-03-15,data/fundamentals/SURGY_IS.parquet,XU100.IS,False,0.0,-127927101.0,-127274161.0,1312528055.0,6990434074.0,626130438.0,658461850.0
SURGY.IS:2024Q1,SURGY.IS,SURGY,2024Q1,2024-03-31,2024-05-15,data/fundamentals/SURGY_IS.parquet,XU100.IS,False,0.0,-47534244.0,-47075551.0,-278029728.0,5369927587.0,184691591.0,-331524455.0
SURGY.IS:2024Q2,SURGY.IS,SURGY,2024Q2,2024-06-30,2024-08-15,data/fundamentals/SURGY_IS.parquet,XU100.IS,False,0.0,-69120297.0,-68437450.0,126915061.0,6133456178.0,-1040502278.0,-1496730380.0
SURGY.IS:2024Q3,SURGY.IS,SURGY,2024Q3,2024-09-30,2024-11-15,data/fundamentals/SURGY_IS.parquet,XU100.IS,False,0.0,-115244147.0,-113673793.0,85388520.0,6642238262.0,-1116175247.0,-1638324088.0
SURGY.IS:2024Q4,SURGY.IS,SURGY,2024Q4,2024-12-31,2025-03-15,data/fundamentals/SURGY_IS.parquet,XU100.IS,False,0.0,-260404101.0,-258217856.0,430319782.0,8078633900.0,-613125634.0,483080097.0
SURGY.IS:2025Q1,SURGY.IS,SURGY,2025Q1,2025-03-31,2025-05-15,data/fundamentals/SURGY_IS.parquet,XU100.IS,False,0.0,-32723428.0,-32120950.0,1259842609.0,7754944398.0,-385664573.0,-161343636.0
SURGY.IS:2025Q2,SURGY.IS,SURGY,2025Q2,2025-06-30,2025-08-15,data/fundamentals/SURGY_IS.parquet,XU100.IS,False,0.0,-76301258.0,-75011793.0,1955858616.0,8680671798.0,-388281644.0,-255284487.0
SURGY.IS:2025Q3,SURGY.IS,SURGY,2025Q3,2025-09-30,2025-11-15,data/fundamentals/SURGY_IS.parquet,XU100.IS,False,0.0,-104240911.0,-102666968.0,1351985949.0,9093018625.0,-152227160.0,292287932.0
SURGY.IS:2025Q4,SURGY.IS,SURGY,2025Q4,2025-12-31,2026-03-15,data/fundamentals/SURGY_IS.parquet,XU100.IS,False,0.0,-207926858.0,-205347960.0,1150088374.0,10669323215.0,-828434158.0,-193559051.0
SURGY.IS:2026Q1,SURGY.IS,SURGY,2026Q1,2026-03-31,2026-05-15,data/fundamentals/SURGY_IS.parquet,XU100.IS,False,0.0,-52698071.0,-52095593.0,5369486.0,9975791841.0,118219521.0,189253053.0
SURGY.IS:2026Q2,SURGY.IS,SURGY,2026Q2,2026-06-30,2026-08-15,data/fundamentals/SURGY_IS.parquet,XU100.IS,False,62488790.0,-88405450.0,-87115986.0,9234195.0,10678744092.0,185731623.0,260473429.0
TABGD.IS:2020Q4,TABGD.IS,TABGD,2020Q4,2020-12-31,2021-03-15,data/fundamentals/TABGD_IS.parquet,XUSIN.IS,False,2167306436.0,-48954114.0,68347486.0,-310111734.0,-371360282.0,413030457.0,250931199.0
TABGD.IS:2021Q4,TABGD.IS,TABGD,2021Q4,2021-12-31,2022-03-15,data/fundamentals/TABGD_IS.parquet,XUSIN.IS,False,3834030729.0,290122799.0,418706942.0,-130490984.0,-127652925.0,384784555.0,131718587.0
TABGD.IS:2022Q2,TABGD.IS,TABGD,2022Q2,2022-06-30,2022-08-15,data/fundamentals/TABGD_IS.parquet,XUSIN.IS,False,3332266084.0,29875079.0,173067089.0,-49529945.0,0.0,217995939.0,292340492.0
TABGD.IS:2022Q3,TABGD.IS,TABGD,2022Q3,2022-09-30,2022-11-15,data/fundamentals/TABGD_IS.parquet,XUSIN.IS,False,5955940246.0,268419548.0,476931193.0,245463365.0,0.0,1095287949.0,481566301.0
TABGD.IS:2022Q4,TABGD.IS,TABGD,2022Q4,2022-12-31,2023-03-15,data/fundamentals/TABGD_IS.parquet,XUSIN.IS,False,16612128527.0,262892641.0,2286073115.0,1853475399.0,3235886518.0,3253894683.0,1696075721.0
TABGD.IS:2023Q1,TABGD.IS,TABGD,2023Q1,2023-03-31,2023-05-15,data/fundamentals/TABGD_IS.parquet,XUSIN.IS,False,5720285871.0,110515282.0,829104612.0,1262060918.0,0.0,936714262.0,487726498.0
TABGD.IS:2023Q2,TABGD.IS,TABGD,2023Q2,2023-06-30,2023-08-15,data/fundamentals/TABGD_IS.parquet,XUSIN.IS,False,12984268011.0,1116914986.0,2609334696.0,2128554903.0,1878364684.0,3269224664.0,1824741684.0
TABGD.IS:2023Q3,TABGD.IS,TABGD,2023Q3,2023-09-30,2023-11-15,data/fundamentals/TABGD_IS.parquet,XUSIN.IS,False,22487807080.0,2122776606.0,4636424042.0,3115323747.0,2437391138.0,5014160446.0,2967429002.0
TABGD.IS:2023Q4,TABGD.IS,TABGD,2023Q4,2023-12-31,2024-03-15,data/fundamentals/TABGD_IS.parquet,XUSIN.IS,False,28858468239.0,2584438781.0,6112059686.0,3548525027.0,13975716657.0,4860901042.0,5371647309.0
TABGD.IS:2024Q1,TABGD.IS,TABGD,2024Q1,2024-03-31,2024-05-15,data/fundamentals/TABGD_IS.parquet,XUSIN.IS,False,7833351539.0,263862717.0,1271152507.0,183995616.0,11240816744.0,1532925500.0,1312118906.0
TABGD.IS:2024Q2,TABGD.IS,TABGD,2024Q2,2024-06-30,2024-08-15,data/fundamentals/TABGD_IS.parquet,XUSIN.IS,False,18470463073.0,1561268890.0,3743713541.0,1232996095.0,12924694365.0,3200917807.0,3371231050.0
TABGD.IS:2024Q3,TABGD.IS,TABGD,2024Q3,2024-09-30,2024-11-15,data/fundamentals/TABGD_IS.parquet,XUSIN.IS,False,30540186643.0,2837670054.0,6467060057.0,2044651075.0,14630245084.0,4879416519.0,4989609815.0
TABGD.IS:2024Q4,TABGD.IS,TABGD,2024Q4,2024-12-31,2025-03-15,data/fundamentals/TABGD_IS.parquet,XUSIN.IS,False,41897406434.0,3806454912.0,8985364280.0,2502225947.0,20737144294.0,7157460363.0,5906173727.0
TABGD.IS:2025Q1,TABGD.IS,TABGD,2025Q1,2025-03-31,2025-05-15,data/fundamentals/TABGD_IS.parquet,XUSIN.IS,False,11403986000.0,443827000.0,1920458000.0,405761000.0,17749872882.0,1852820000.0,2151733000.0
TABGD.IS:2025Q2,TABGD.IS,TABGD,2025Q2,2025-06-30,2025-08-15,data/fundamentals/TABGD_IS.parquet,XUSIN.IS,False,26885373000.0,2130584000.0,5379582000.0,1933005000.0,19003488612.0,5581353000.0,4962858000.0
TABGD.IS:2025Q3,TABGD.IS,TABGD,2025Q3,2025-09-30,2025-11-15,data/fundamentals/TABGD_IS.parquet,XUSIN.IS,False,34178068237.0,2976062004.0,7055924596.0,2516726285.0,21362544402.0,6491979829.0,5514122667.0
TABGD.IS:2025Q4,TABGD.IS,TABGD,2025Q4,2025-12-31,2026-03-15,data/fundamentals/TABGD_IS.parquet,XUSIN.IS,False,56096141298.0,4778715303.0,11449465383.0,3094487723.0,26234399424.0,10443885760.0,5153644144.0
TABGD.IS:2026Q1,TABGD.IS,TABGD,2026Q1,2026-03-31,2026-05-15,data/fundamentals/TABGD_IS.parquet,XUSIN.IS,False,13149770000.0,507937000.0,2234644000.0,224412000.0,24772686000.0,1172067000.0,2297038000.0
TABGD.IS:2026Q2,TABGD.IS,TABGD,2026Q2,2026-06-30,2026-08-15,data/fundamentals/TABGD_IS.parquet,XUSIN.IS,False,30315138000.0,2293063000.0,6043533000.0,1753695000.0,26707587000.0,3903429000.0,4120848000.0
TAVHL.IS:2018Q1,TAVHL.IS,TAVHL,2018Q1,2018-03-31,2018-05-15,data/fundamentals/TAVHL_IS.parquet,XUSIN.IS,False,619187000.0,67722000.0,394824000.0,26467000.0,3985337000.0,-211113000.0,-304210000.0
TAVHL.IS:2018Q2,TAVHL.IS,TAVHL,2018Q2,2018-06-30,2018-08-15,data/fundamentals/TAVHL_IS.parquet,XUSIN.IS,False,1545233000.0,323996000.0,994196000.0,471397000.0,4838997000.0,342028000.0,-1599286000.0
TAVHL.IS:2018Q3,TAVHL.IS,TAVHL,2018Q3,2018-09-30,2018-11-15,data/fundamentals/TAVHL_IS.parquet,XUSIN.IS,False,2938094000.0,848907000.0,1988924000.0,1187788000.0,6963245000.0,1253218000.0,-1072949000.0
TAVHL.IS:2018Q4,TAVHL.IS,TAVHL,2018Q4,2018-12-31,2019-03-15,data/fundamentals/TAVHL_IS.parquet,XUSIN.IS,False,3975497000.0,1020253000.0,2538510000.0,1517324000.0,6219550000.0,2346753000.0,-355460000.0
TAVHL.IS:2019Q1,TAVHL.IS,TAVHL,2019Q1,2019-03-31,2019-05-15,data/fundamentals/TAVHL_IS.parquet,XUSIN.IS,False,919583000.0,117885000.0,498799000.0,139244000.0,5857735000.0,573912000.0,655696000.0
TAVHL.IS:2019Q2,TAVHL.IS,TAVHL,2019Q2,2019-06-30,2019-08-15,data/fundamentals/TAVHL_IS.parquet,XUSIN.IS,False,2154343000.0,455630000.0,1407439000.0,398157000.0,6146334000.0,291039000.0,442807000.0
TAVHL.IS:2019Q3,TAVHL.IS,TAVHL,2019Q3,2019-09-30,2019-11-15,data/fundamentals/TAVHL_IS.parquet,XUSIN.IS,False,3694766000.0,1010446000.0,2167784000.0,979423000.0,6566059000.0,1193555000.0,1451409000.0
TAVHL.IS:2019Q4,TAVHL.IS,TAVHL,2019Q4,2019-12-31,2020-03-15,data/fundamentals/TAVHL_IS.parquet,XUSIN.IS,False,4756204000.0,1098254000.0,2445228000.0,2415416000.0,8709369000.0,881596000.0,1178447000.0
TAVHL.IS:2020Q1,TAVHL.IS,TAVHL,2020Q1,2020-03-31,2020-05-15,data/fundamentals/TAVHL_IS.parquet,XUSIN.IS,False,796208000.0,-1612000.0,110082000.0,-366407000.0,8465546000.0,422121000.0,424497000.0
TAVHL.IS:2020Q2,TAVHL.IS,TAVHL,2020Q2,2020-06-30,2020-08-15,data/fundamentals/TAVHL_IS.parquet,XUSIN.IS,False,1011974000.0,-250291000.0,-20359000.0,-1066176000.0,8309013000.0,352708000.0,-49907000.0
TAVHL.IS:2020Q3,TAVHL.IS,TAVHL,2020Q3,2020-09-30,2020-11-15,data/fundamentals/TAVHL_IS.parquet,XUSIN.IS,False,1726526000.0,-232569000.0,142617000.0,-1512602000.0,9251721000.0,313873000.0,-216076000.0
TAVHL.IS:2020Q4,TAVHL.IS,TAVHL,2020Q4,2020-12-31,2021-03-15,data/fundamentals/TAVHL_IS.parquet,XUSIN.IS,False,2415468000.0,-672091000.0,203839000.0,-2283316000.0,8419698000.0,25523000.0,-514682000.0
TAVHL.IS:2021Q1,TAVHL.IS,TAVHL,2021Q1,2021-03-31,2021-05-15,data/fundamentals/TAVHL_IS.parquet,XUSIN.IS,False,538541000.0,-124340000.0,-27161000.0,547923000.0,10019470000.0,972158000.0,955033000.0
TAVHL.IS:2021Q2,TAVHL.IS,TAVHL,2021Q2,2021-06-30,2021-08-15,data/fundamentals/TAVHL_IS.parquet,XUSIN.IS,False,1479095000.0,-43096000.0,236380000.0,228400000.0,10382597000.0,1328203000.0,-1098193000.0
TAVHL.IS:2021Q3,TAVHL.IS,TAVHL,2021Q3,2021-09-30,2021-11-15,data/fundamentals/TAVHL_IS.parquet,XUSIN.IS,False,3442981000.0,604655000.0,1145804000.0,887009000.0,11108509000.0,2250121000.0,-353473000.0
TAVHL.IS:2021Q4,TAVHL.IS,TAVHL,2021Q4,2021-12-31,2022-03-15,data/fundamentals/TAVHL_IS.parquet,XUSIN.IS,False,5459329000.0,759321000.0,1616018000.0,522412000.0,15247512000.0,2489988000.0,-2168353000.0
TAVHL.IS:2022Q1,TAVHL.IS,TAVHL,2022Q1,2022-03-31,2022-05-15,data/fundamentals/TAVHL_IS.parquet,XUSIN.IS,False,2332361000.0,234724000.0,542312000.0,-314686000.0,16518472000.0,477065000.0,-5967390000.0
TAVHL.IS:2022Q2,TAVHL.IS,TAVHL,2022Q2,2022-06-30,2022-08-15,data/fundamentals/TAVHL_IS.parquet,XUSIN.IS,False,6608701000.0,1536035000.0,2131856000.0,347530000.0,19261186000.0,1775033000.0,-5652321000.0
TAVHL.IS:2022Q3,TAVHL.IS,TAVHL,2022Q3,2022-09-30,2022-11-15,data/fundamentals/TAVHL_IS.parquet,XUSIN.IS,False,12533881000.0,3293436000.0,4548096000.0,1984030000.0,22975476000.0,3436040000.0,-4247347000.0
TAVHL.IS:2022Q4,TAVHL.IS,TAVHL,2022Q4,2022-12-31,2023-03-15,data/fundamentals/TAVHL_IS.parquet,XUSIN.IS,False,18308307000.0,3868852000.0,5726419000.0,2046662000.0,23564987000.0,4836894000.0,-4300299000.0
TAVHL.IS:2023Q1,TAVHL.IS,TAVHL,2023Q1,2023-03-31,2023-05-15,data/fundamentals/TAVHL_IS.parquet,XUSIN.IS,False,5059550000.0,435460000.0,915403000.0,-888333000.0,23545163000.0,-2170530000.0,-1977933000.0
TAVHL.IS:2023Q2,TAVHL.IS,TAVHL,2023Q2,2023-06-30,2023-08-15,data/fundamentals/TAVHL_IS.parquet,XUSIN.IS,False,11985064000.0,2079506000.0,3195273000.0,51153000.0,32256292000.0,-4080095000.0,-5059739000.0
TAVHL.IS:2023Q3,TAVHL.IS,TAVHL,2023Q3,2023-09-30,2023-11-15,data/fundamentals/TAVHL_IS.parquet,XUSIN.IS,False,23817499000.0,5785492000.0,8294466000.0,5555784000.0,39367235000.0,-392726000.0,-279319000.0
TAVHL.IS:2023Q4,TAVHL.IS,TAVHL,2023Q4,2023-12-31,2024-03-15,data/fundamentals/TAVHL_IS.parquet,XUSIN.IS,False,34433068000.0,6512655000.0,10199651000.0,7777419000.0,46464702000.0,1635359000.0,862550000.0
TAVHL.IS:2024Q1,TAVHL.IS,TAVHL,2024Q1,2024-03-31,2024-05-15,data/fundamentals/TAVHL_IS.parquet,XUSIN.IS,False,10763165000.0,1711582000.0,2755383000.0,363801000.0,50727786000.0,936663000.0,-1710606000.0
TAVHL.IS:2024Q2,TAVHL.IS,TAVHL,2024Q2,2024-06-30,2024-08-15,data/fundamentals/TAVHL_IS.parquet,XUSIN.IS,False,25075467000.0,4860187000.0,7230815000.0,3002142000.0,53706956000.0,3983371000.0,1248224000.0
TAVHL.IS:2024Q3,TAVHL.IS,TAVHL,2024Q3,2024-09-30,2024-11-15,data/fundamentals/TAVHL_IS.parquet,XUSIN.IS,False,43440449000.0,10144046000.0,14407750000.0,7007374000.0,61382080000.0,10005876000.0,6956951000.0
TAVHL.IS:2024Q4,TAVHL.IS,TAVHL,2024Q4,2024-12-31,2025-03-15,data/fundamentals/TAVHL_IS.parquet,XUSIN.IS,False,77503271990.0,12302970513.0,22837460007.0,9240137141.0,78034752437.0,14673769598.0,6953844760.0
TAVHL.IS:2025Q1,TAVHL.IS,TAVHL,2025Q1,2025-03-31,2025-05-15,data/fundamentals/TAVHL_IS.parquet,XUSIN.IS,False,14418829000.0,2054377000.0,3422871000.0,-1673129000.0,63484247000.0,-550645000.0,-1964096000.0
TAVHL.IS:2025Q2,TAVHL.IS,TAVHL,2025Q2,2025-06-30,2025-08-15,data/fundamentals/TAVHL_IS.parquet,XUSIN.IS,False,33957745000.0,6238951000.0,9723397000.0,-1686475000.0,71226302000.0,2525843000.0,538598000.0
TAVHL.IS:2025Q3,TAVHL.IS,TAVHL,2025Q3,2025-09-30,2025-11-15,data/fundamentals/TAVHL_IS.parquet,XUSIN.IS,False,60874507000.0,14328716000.0,20745404000.0,4622388000.0,81214658000.0,10882227000.0,7864740000.0
TAVHL.IS:2025Q4,TAVHL.IS,TAVHL,2025Q4,2025-12-31,2026-03-15,data/fundamentals/TAVHL_IS.parquet,XUSIN.IS,False,96739954775.0,19230063147.0,29780188244.0,4168868910.0,95300594159.0,18289367264.0,14164125512.0
TAVHL.IS:2026Q1,TAVHL.IS,TAVHL,2026Q1,2026-03-31,2026-05-15,data/fundamentals/TAVHL_IS.parquet,XUSIN.IS,False,18395155000.0,1791421000.0,3953654000.0,-2888679000.0,77813749000.0,-5069324000.0,-6144708000.0
TAVHL.IS:2026Q2,TAVHL.IS,TAVHL,2026Q2,2026-06-30,2026-08-15,data/fundamentals/TAVHL_IS.parquet,XUSIN.IS,False,45144268000.0,7881167000.0,12823268000.0,870651000.0,82650413000.0,1306816000.0,-2073452000.0
TCELL.IS:2018Q1,TCELL.IS,TCELL,2018Q1,2018-03-31,2018-05-15,data/fundamentals/TCELL_IS.parquet,XU100.IS,False,4508119000.0,1135909000.0,2106413000.0,525015000.0,14247618000.0,386807000.0,-648041000.0
TCELL.IS:2018Q2,TCELL.IS,TCELL,2018Q2,2018-06-30,2018-08-15,data/fundamentals/TCELL_IS.parquet,XU100.IS,False,9343464000.0,2286418000.0,4296957000.0,954474000.0,14952286000.0,2586044000.0,361592000.0
TCELL.IS:2018Q3,TCELL.IS,TCELL,2018Q3,2018-09-30,2018-11-15,data/fundamentals/TCELL_IS.parquet,XU100.IS,False,14836122000.0,3813407000.0,6793529000.0,1235730000.0,14890892000.0,5808466000.0,1872819000.0
TCELL.IS:2018Q4,TCELL.IS,TCELL,2018Q4,2018-12-31,2019-03-15,data/fundamentals/TCELL_IS.parquet,XU100.IS,False,20173354000.0,4846398000.0,9096758000.0,2177335000.0,16053554000.0,6561647000.0,1294285000.0
TCELL.IS:2019Q1,TCELL.IS,TCELL,2019Q1,2019-03-31,2019-05-15,data/fundamentals/TCELL_IS.parquet,XU100.IS,False,5380040000.0,1173340000.0,2344895000.0,1244255000.0,17102281000.0,1157765000.0,-578123000.0
TCELL.IS:2019Q2,TCELL.IS,TCELL,2019Q2,2019-06-30,2019-08-15,data/fundamentals/TCELL_IS.parquet,XU100.IS,False,11279888000.0,2481772000.0,4916952000.0,1723684000.0,17330550000.0,3516668000.0,2817873000.0
TCELL.IS:2019Q3,TCELL.IS,TCELL,2019Q3,2019-09-30,2019-11-15,data/fundamentals/TCELL_IS.parquet,XU100.IS,False,17590559000.0,4248455000.0,7876130000.0,2523048000.0,17430766000.0,6790263000.0,4831043000.0
TCELL.IS:2019Q4,TCELL.IS,TCELL,2019Q4,2019-12-31,2020-03-15,data/fundamentals/TCELL_IS.parquet,XU100.IS,False,23996262000.0,5718711000.0,10744729000.0,3276690000.0,18082944000.0,9880573000.0,5999229000.0
TCELL.IS:2020Q1,TCELL.IS,TCELL,2020Q1,2020-03-31,2020-05-15,data/fundamentals/TCELL_IS.parquet,XU100.IS,False,6438517000.0,1551748000.0,2921508000.0,873914000.0,18677593000.0,2570301000.0,1053255000.0
TCELL.IS:2020Q2,TCELL.IS,TCELL,2020Q2,2020-06-30,2020-08-15,data/fundamentals/TCELL_IS.parquet,XU100.IS,False,13167448000.0,3031287000.0,5852165000.0,1726922000.0,19538150000.0,5896076000.0,3078206000.0
TCELL.IS:2020Q3,TCELL.IS,TCELL,2020Q3,2020-09-30,2020-11-15,data/fundamentals/TCELL_IS.parquet,XU100.IS,False,20618275000.0,4957175000.0,9294402000.0,2937574000.0,20288975000.0,10718464000.0,5754999000.0
TCELL.IS:2020Q4,TCELL.IS,TCELL,2020Q4,2020-12-31,2021-03-15,data/fundamentals/TCELL_IS.parquet,XU100.IS,False,28272751000.0,6645114000.0,12597248000.0,4239620000.0,20784938000.0,14087694000.0,6312159000.0
TCELL.IS:2021Q1,TCELL.IS,TCELL,2021Q1,2021-03-31,2021-05-15,data/fundamentals/TCELL_IS.parquet,XU100.IS,False,7613517000.0,1700050000.0,3352389000.0,1104913000.0,21734263000.0,2471774000.0,837399000.0
TCELL.IS:2021Q2,TCELL.IS,TCELL,2021Q2,2021-06-30,2021-08-15,data/fundamentals/TCELL_IS.parquet,XU100.IS,False,15934802000.0,3473893000.0,6868701000.0,2217455000.0,20253488000.0,6904179000.0,2933323000.0
TCELL.IS:2021Q3,TCELL.IS,TCELL,2021Q3,2021-09-30,2021-11-15,data/fundamentals/TCELL_IS.parquet,XU100.IS,False,25025345000.0,5750264000.0,10962479000.0,3646576000.0,21916999000.0,10220148000.0,3836347000.0
TCELL.IS:2021Q4,TCELL.IS,TCELL,2021Q4,2021-12-31,2022-03-15,data/fundamentals/TCELL_IS.parquet,XU100.IS,False,34906646000.0,7993062000.0,15245137000.0,5031278000.0,22562272000.0,21171108000.0,10809561000.0
TCELL.IS:2022Q1,TCELL.IS,TCELL,2022Q1,2022-03-31,2022-05-15,data/fundamentals/TCELL_IS.parquet,XU100.IS,False,10365439000.0,2272570000.0,4375287000.0,802910000.0,23379729000.0,3363807000.0,-365264000.0
TCELL.IS:2022Q2,TCELL.IS,TCELL,2022Q2,2022-06-30,2022-08-15,data/fundamentals/TCELL_IS.parquet,XU100.IS,False,22459250000.0,4918097000.0,9311251000.0,2661092000.0,23834062000.0,8255618000.0,-154697000.0
TCELL.IS:2022Q3,TCELL.IS,TCELL,2022Q3,2022-09-30,2022-11-15,data/fundamentals/TCELL_IS.parquet,XU100.IS,False,36662519000.0,8651071000.0,15416437000.0,5056860000.0,25531742000.0,17074472000.0,3327733000.0
TCELL.IS:2022Q4,TCELL.IS,TCELL,2022Q4,2022-12-31,2023-03-15,data/fundamentals/TCELL_IS.parquet,XU100.IS,False,90206307000.0,4633713000.0,39828720000.0,6878856000.0,109377939000.0,46267718000.0,10569059000.0
TCELL.IS:2023Q1,TCELL.IS,TCELL,2023Q1,2023-03-31,2023-05-15,data/fundamentals/TCELL_IS.parquet,XU100.IS,False,28836029000.0,3137978000.0,11649658000.0,-292323000.0,33852509000.0,4916198000.0,-1237824000.0
TCELL.IS:2023Q2,TCELL.IS,TCELL,2023Q2,2023-06-30,2023-08-15,data/fundamentals/TCELL_IS.parquet,XU100.IS,False,68131957000.0,9213939000.0,29214465000.0,-1213658000.0,37536162000.0,28381210000.0,3975480000.0
TCELL.IS:2023Q3,TCELL.IS,TCELL,2023Q3,2023-09-30,2023-11-15,data/fundamentals/TCELL_IS.parquet,XU100.IS,False,104259065000.0,15298104000.0,47726331000.0,-5711038000.0,40979384000.0,42245293000.0,7606396000.0
TCELL.IS:2023Q4,TCELL.IS,TCELL,2023Q4,2023-12-31,2024-03-15,data/fundamentals/TCELL_IS.parquet,XU100.IS,False,148656399000.0,19615711000.0,67935164000.0,18093903000.0,176481197000.0,68647616000.0,30053456000.0
TCELL.IS:2024Q1,TCELL.IS,TCELL,2024Q1,2024-03-31,2024-05-15,data/fundamentals/TCELL_IS.parquet,XU100.IS,False,40705704000.0,5142089000.0,18903104000.0,3630921000.0,143444405000.0,10226972000.0,-8519032000.0
TCELL.IS:2024Q2,TCELL.IS,TCELL,2024Q2,2024-06-30,2024-08-15,data/fundamentals/TCELL_IS.parquet,XU100.IS,False,88172294000.0,12112370000.0,41406278000.0,7769502000.0,152290595000.0,29066722000.0,-5161058000.0
TCELL.IS:2024Q3,TCELL.IS,TCELL,2024Q3,2024-09-30,2024-11-15,data/fundamentals/TCELL_IS.parquet,XU100.IS,False,145765066000.0,22090505000.0,66356652000.0,27386550000.0,174478880000.0,61296857000.0,35320108000.0
TCELL.IS:2024Q4,TCELL.IS,TCELL,2024Q4,2024-12-31,2025-03-15,data/fundamentals/TCELL_IS.parquet,XU100.IS,False,207927709128.0,30445830549.0,92523039752.0,30779150482.0,244724845163.0,98185358124.0,34237510367.0
TCELL.IS:2025Q1,TCELL.IS,TCELL,2025Q1,2025-03-31,2025-05-15,data/fundamentals/TCELL_IS.parquet,XU100.IS,False,59424611000.0,11002624000.0,27682117000.0,4033417000.0,209834864000.0,21090389000.0,7052240000.0
TCELL.IS:2025Q2,TCELL.IS,TCELL,2025Q2,2025-06-30,2025-08-15,data/fundamentals/TCELL_IS.parquet,XU100.IS,False,130037300000.0,23830557000.0,60528940000.0,9865578000.0,219706432000.0,56599376000.0,18476458000.0
TCELL.IS:2025Q3,TCELL.IS,TCELL,2025Q3,2025-09-30,2025-11-15,data/fundamentals/TCELL_IS.parquet,XU100.IS,False,162434767000.0,30118947000.0,75774654000.0,13425665000.0,243029365000.0,74316300000.0,23880512000.0
TCELL.IS:2025Q4,TCELL.IS,TCELL,2025Q4,2025-12-31,2026-03-15,data/fundamentals/TCELL_IS.parquet,XU100.IS,False,269683706646.0,48890191920.0,123489501585.0,20730209508.0,305386657293.0,132061227843.0,25531178807.0
TCELL.IS:2026Q1,TCELL.IS,TCELL,2026Q1,2026-03-31,2026-05-15,data/fundamentals/TCELL_IS.parquet,XU100.IS,False,64950588000.0,10798518000.0,28654492000.0,4634415000.0,290909226000.0,12816195000.0,-33720588000.0
TCELL.IS:2026Q2,TCELL.IS,TCELL,2026Q2,2026-06-30,2026-08-15,data/fundamentals/TCELL_IS.parquet,XU100.IS,False,137467389000.0,21386056000.0,61052215000.0,10194669000.0,309560267000.0,44757968000.0,-39270220000.0
TERA.IS:2019Q4,TERA.IS,TERA,2019Q4,2019-12-31,2020-03-15,data/fundamentals/TERA_IS.parquet,XU100.IS,False,463716220.0,7384356.0,8102153.0,2121648.0,50704085.0,7672140.0,7656335.0
TERA.IS:2020Q4,TERA.IS,TERA,2020Q4,2020-12-31,2021-03-15,data/fundamentals/TERA_IS.parquet,XU100.IS,False,582361550.0,9411383.0,9910764.0,8548722.0,59254403.0,44529400.0,43289941.0
TERA.IS:2021Q3,TERA.IS,TERA,2021Q3,2021-09-30,2021-11-15,data/fundamentals/TERA_IS.parquet,XU100.IS,False,1033012307.0,6475414.0,7607578.0,3826280.0,63093164.0,-78673526.0,-89120125.0
TERA.IS:2021Q4,TERA.IS,TERA,2021Q4,2021-12-31,2022-03-15,data/fundamentals/TERA_IS.parquet,XU100.IS,False,1443817682.0,26357955.0,28114792.0,32710401.0,91993565.0,-59313727.0,-69800108.0
TERA.IS:2022Q1,TERA.IS,TERA,2022Q1,2022-03-31,2022-05-15,data/fundamentals/TERA_IS.parquet,XU100.IS,False,216983086.0,13140312.0,14037333.0,32169825.0,124143483.0,-35046493.0,-36360412.0
TERA.IS:2022Q2,TERA.IS,TERA,2022Q2,2022-06-30,2022-08-15,data/fundamentals/TERA_IS.parquet,XU100.IS,False,597777738.0,18651823.0,20434889.0,37170178.0,128831210.0,-51506394.0,-55132516.0
TERA.IS:2022Q3,TERA.IS,TERA,2022Q3,2022-09-30,2022-11-15,data/fundamentals/TERA_IS.parquet,XU100.IS,False,964976560.0,15623725.0,18663837.0,40812750.0,131523661.0,256849051.0,250348674.0
TERA.IS:2022Q4,TERA.IS,TERA,2022Q4,2022-12-31,2023-03-15,data/fundamentals/TERA_IS.parquet,XU100.IS,False,2591549942.0,14989171.0,29749722.0,-5654218.0,544154936.0,76552250.0,50028744.0
TERA.IS:2023Q1,TERA.IS,TERA,2023Q1,2023-03-31,2023-05-15,data/fundamentals/TERA_IS.parquet,XU100.IS,False,879444759.0,42969709.0,48451160.0,-39450217.0,328066717.0,114952824.0,112439368.0
TERA.IS:2023Q2,TERA.IS,TERA,2023Q2,2023-06-30,2023-08-15,data/fundamentals/TERA_IS.parquet,XU100.IS,False,2215083257.0,145494067.0,157454748.0,208704534.0,347965566.0,49918397.0,40504269.0
TERA.IS:2023Q3,TERA.IS,TERA,2023Q3,2023-09-30,2023-11-15,data/fundamentals/TERA_IS.parquet,XU100.IS,False,5397164332.0,497569364.0,517299007.0,408730122.0,552974970.0,73346645.0,59661613.0
TERA.IS:2023Q4,TERA.IS,TERA,2023Q4,2023-12-31,2024-03-15,data/fundamentals/TERA_IS.parquet,XU100.IS,False,6342578707.0,523837095.0,552099906.0,374630888.0,876328999.0,1094951557.0,1099509124.0
TERA.IS:2024Q1,TERA.IS,TERA,2024Q1,2024-03-31,2024-05-15,data/fundamentals/TERA_IS.parquet,XU100.IS,False,1229416333.0,124156472.0,132406278.0,16564923.0,710355060.0,-3456892734.0,-3486960897.0
TERA.IS:2024Q2,TERA.IS,TERA,2024Q2,2024-06-30,2024-08-15,data/fundamentals/TERA_IS.parquet,XU100.IS,False,4113681711.0,220100690.0,238387970.0,52470702.0,842676718.0,-684086435.0,-711246810.0
TERA.IS:2024Q3,TERA.IS,TERA,2024Q3,2024-09-30,2024-11-15,data/fundamentals/TERA_IS.parquet,XU100.IS,False,7879104595.0,285808609.0,316878778.0,3086925.0,903548340.0,-2210366693.0,-2272191950.0
TERA.IS:2024Q4,TERA.IS,TERA,2024Q4,2024-12-31,2025-03-15,data/fundamentals/TERA_IS.parquet,XU100.IS,False,8164815850.0,87657596.0,133620907.0,531737140.0,1765172228.0,-4524807403.0,-4564164322.0
TERA.IS:2025Q1,TERA.IS,TERA,2025Q1,2025-03-31,2025-05-15,data/fundamentals/TERA_IS.parquet,XU100.IS,False,22389228122.0,476830940.0,492090158.0,11531270973.0,10295737346.0,3552639797.0,3512252725.0
TERA.IS:2025Q2,TERA.IS,TERA,2025Q2,2025-06-30,2025-08-15,data/fundamentals/TERA_IS.parquet,XU100.IS,False,59625364545.0,3931162599.0,3964689741.0,24500004169.0,19248596730.0,-33271539667.0,-33149344484.0
TERA.IS:2025Q3,TERA.IS,TERA,2025Q3,2025-09-30,2025-11-15,data/fundamentals/TERA_IS.parquet,XU100.IS,False,253590870539.0,22881718093.0,22918143712.0,34468462426.0,30440862920.0,-6116524928.0,-6229048878.0
TERA.IS:2025Q4,TERA.IS,TERA,2025Q4,2025-12-31,2026-03-15,data/fundamentals/TERA_IS.parquet,XU100.IS,False,487556367210.0,45041200730.0,45121015673.0,44019981722.0,35743348505.0,10897287500.0,10536513165.0
TERA.IS:2026Q1,TERA.IS,TERA,2026Q1,2026-03-31,2026-05-15,data/fundamentals/TERA_IS.parquet,XU100.IS,False,55704102385.0,9685065779.0,9751398196.0,20192725560.0,60215985794.0,5582183336.0,5689033794.0
TERA.IS:2026Q2,TERA.IS,TERA,2026Q2,2026-06-30,2026-08-15,data/fundamentals/TERA_IS.parquet,XU100.IS,False,112716214353.0,21398098985.0,21486815975.0,46260829593.0,92356276782.0,-4715551439.0,-4543160997.0
THYAO.IS:2018Q1,THYAO.IS,THYAO,2018Q1,2018-03-31,2018-05-15,data/fundamentals/THYAO_IS.parquet,XUSIN.IS,False,10532000000.0,12000000.0,1037000000.0,-314000000.0,20074000000.0,2054000000.0,655000000.0
THYAO.IS:2018Q2,THYAO.IS,THYAO,2018Q2,2018-06-30,2018-08-15,data/fundamentals/THYAO_IS.parquet,XUSIN.IS,False,24375000000.0,1158000000.0,3347000000.0,127000000.0,24943000000.0,5707000000.0,871000000.0
THYAO.IS:2018Q3,THYAO.IS,THYAO,2018Q3,2018-09-30,2018-11-15,data/fundamentals/THYAO_IS.parquet,XUSIN.IS,False,46367000000.0,6116000000.0,9829000000.0,4083000000.0,36639000000.0,11718000000.0,5071000000.0
THYAO.IS:2018Q4,THYAO.IS,THYAO,2018Q4,2018-12-31,2019-03-15,data/fundamentals/THYAO_IS.parquet,XUSIN.IS,False,62853000000.0,6146000000.0,11400000000.0,4045000000.0,31284000000.0,9613000000.0,-1414000000.0
THYAO.IS:2019Q1,THYAO.IS,THYAO,2019Q1,2019-03-31,2019-05-15,data/fundamentals/THYAO_IS.parquet,XUSIN.IS,False,14848000000.0,-1093000000.0,830000000.0,-1253000000.0,33171000000.0,2395000000.0,1070000000.0
THYAO.IS:2019Q2,THYAO.IS,THYAO,2019Q2,2019-06-30,2019-08-15,data/fundamentals/THYAO_IS.parquet,XUSIN.IS,False,33516000000.0,-1051000000.0,3084000000.0,-1120000000.0,33275000000.0,7256000000.0,2003000000.0
THYAO.IS:2019Q3,THYAO.IS,THYAO,2019Q3,2019-09-30,2019-11-15,data/fundamentals/THYAO_IS.parquet,XUSIN.IS,False,56151000000.0,2571000000.0,8901000000.0,2587000000.0,37528000000.0,11189000000.0,6021000000.0
THYAO.IS:2019Q4,THYAO.IS,THYAO,2019Q4,2019-12-31,2020-03-15,data/fundamentals/THYAO_IS.parquet,XUSIN.IS,False,75118000000.0,3369000000.0,11993000000.0,4536000000.0,40795000000.0,13029000000.0,7516000000.0
THYAO.IS:2020Q1,THYAO.IS,THYAO,2020Q1,2020-03-31,2020-05-15,data/fundamentals/THYAO_IS.parquet,XUSIN.IS,False,15330000000.0,-1856000000.0,649000000.0,-2023000000.0,41343000000.0,-226000000.0,-1873000000.0
THYAO.IS:2020Q2,THYAO.IS,THYAO,2020Q2,2020-06-30,2020-08-15,data/fundamentals/THYAO_IS.parquet,XUSIN.IS,False,21507000000.0,-3445000000.0,1813000000.0,-4257000000.0,40815000000.0,2635000000.0,1059000000.0
THYAO.IS:2020Q3,THYAO.IS,THYAO,2020Q3,2020-09-30,2020-11-15,data/fundamentals/THYAO_IS.parquet,XUSIN.IS,False,32525000000.0,-3857000000.0,4376000000.0,-5203000000.0,43990000000.0,3094000000.0,1029000000.0
THYAO.IS:2020Q4,THYAO.IS,THYAO,2020Q4,2020-12-31,2021-03-15,data/fundamentals/THYAO_IS.parquet,XUSIN.IS,False,46448000000.0,-3377000000.0,8261000000.0,-5588000000.0,39511000000.0,5603000000.0,2501000000.0
THYAO.IS:2021Q1,THYAO.IS,THYAO,2021Q1,2021-03-31,2021-05-15,data/fundamentals/THYAO_IS.parquet,XUSIN.IS,False,13252000000.0,-520000000.0,2566000000.0,438000000.0,47853000000.0,4778000000.0,4711000000.0
THYAO.IS:2021Q2,THYAO.IS,THYAO,2021Q2,2021-06-30,2021-08-15,data/fundamentals/THYAO_IS.parquet,XUSIN.IS,False,31485000000.0,300000000.0,6965000000.0,-59000000.0,48873000000.0,14565000000.0,13232000000.0
THYAO.IS:2021Q3,THYAO.IS,THYAO,2021Q3,2021-09-30,2021-11-15,data/fundamentals/THYAO_IS.parquet,XUSIN.IS,False,60518000000.0,6249000000.0,16645000000.0,6232000000.0,57608000000.0,23222000000.0,21516000000.0
THYAO.IS:2021Q4,THYAO.IS,THYAO,2021Q4,2021-12-31,2022-03-15,data/fundamentals/THYAO_IS.parquet,XUSIN.IS,False,97378000000.0,12449000000.0,27922000000.0,8214000000.0,90650000000.0,49362000000.0,44732000000.0
THYAO.IS:2022Q1,THYAO.IS,THYAO,2022Q1,2022-03-31,2022-05-15,data/fundamentals/THYAO_IS.parquet,XUSIN.IS,False,42614000000.0,2039000000.0,8247000000.0,2220000000.0,105213000000.0,19865000000.0,9481000000.0
THYAO.IS:2022Q2,THYAO.IS,THYAO,2022Q2,2022-06-30,2022-08-15,data/fundamentals/THYAO_IS.parquet,XUSIN.IS,False,114583000000.0,10547000000.0,23896000000.0,11375000000.0,134967000000.0,61317000000.0,42769000000.0
THYAO.IS:2022Q3,THYAO.IS,THYAO,2022Q3,2022-09-30,2022-11-15,data/fundamentals/THYAO_IS.parquet,XUSIN.IS,False,223120000000.0,36239000000.0,58057000000.0,38493000000.0,181539000000.0,88247000000.0,64450000000.0
THYAO.IS:2022Q4,THYAO.IS,THYAO,2022Q4,2022-12-31,2023-03-15,data/fundamentals/THYAO_IS.parquet,XUSIN.IS,False,311169000000.0,47731000000.0,78684000000.0,47432000000.0,181427000000.0,117012000000.0,90252000000.0
THYAO.IS:2023Q1,THYAO.IS,THYAO,2023Q1,2023-03-31,2023-05-15,data/fundamentals/THYAO_IS.parquet,XUSIN.IS,False,82057000000.0,2530000000.0,11908000000.0,4415000000.0,191307000000.0,29689000000.0,-18195000000.0
THYAO.IS:2023Q2,THYAO.IS,THYAO,2023Q2,2023-06-30,2023-08-15,data/fundamentals/THYAO_IS.parquet,XUSIN.IS,False,189690000000.0,17830000000.0,37531000000.0,18173000000.0,268885000000.0,75881000000.0,15914000000.0
THYAO.IS:2023Q3,THYAO.IS,THYAO,2023Q3,2023-09-30,2023-11-15,data/fundamentals/THYAO_IS.parquet,XUSIN.IS,False,358781000000.0,60134000000.0,93325000000.0,69502000000.0,343400000000.0,113353000000.0,-6084000000.0
THYAO.IS:2023Q4,THYAO.IS,THYAO,2023Q4,2023-12-31,2024-03-15,data/fundamentals/THYAO_IS.parquet,XUSIN.IS,False,504398000000.0,66923000000.0,115397000000.0,162998000000.0,457112000000.0,145032000000.0,14645000000.0
THYAO.IS:2024Q1,THYAO.IS,THYAO,2024Q1,2024-03-31,2024-05-15,data/fundamentals/THYAO_IS.parquet,XUSIN.IS,False,147238000000.0,-908000000.0,15500000000.0,6918000000.0,515521000000.0,35194000000.0,41242000000.0
THYAO.IS:2024Q2,THYAO.IS,THYAO,2024Q2,2024-06-30,2024-08-15,data/fundamentals/THYAO_IS.parquet,XUSIN.IS,False,330113000000.0,15604000000.0,49565000000.0,37309000000.0,557767000000.0,83856000000.0,75321000000.0
THYAO.IS:2024Q3,THYAO.IS,THYAO,2024Q3,2024-09-30,2024-11-15,data/fundamentals/THYAO_IS.parquet,XUSIN.IS,False,551928000000.0,56156000000.0,108653000000.0,88831000000.0,618691000000.0,158467000000.0,148472000000.0
THYAO.IS:2024Q4,THYAO.IS,THYAO,2024Q4,2024-12-31,2025-03-15,data/fundamentals/THYAO_IS.parquet,XUSIN.IS,False,975710686451.0,83705644257.0,178348651507.0,148375617139.0,890083542807.0,177463819365.0,190556979013.0
THYAO.IS:2025Q1,THYAO.IS,THYAO,2025Q1,2025-03-31,2025-05-15,data/fundamentals/THYAO_IS.parquet,XUSIN.IS,False,176712000000.0,-10246000000.0,10167000000.0,-1854000000.0,717436000000.0,34510000000.0,11718000000.0
THYAO.IS:2025Q2,THYAO.IS,THYAO,2025Q2,2025-06-30,2025-08-15,data/fundamentals/THYAO_IS.parquet,XUSIN.IS,False,408036000000.0,13285000000.0,56238000000.0,24935000000.0,752120000000.0,105659000000.0,61698000000.0
THYAO.IS:2025Q3,THYAO.IS,THYAO,2025Q3,2025-09-30,2025-11-15,data/fundamentals/THYAO_IS.parquet,XUSIN.IS,False,690825000000.0,51012000000.0,118774000000.0,80951000000.0,843951000000.0,140149000000.0,82650000000.0
THYAO.IS:2025Q4,THYAO.IS,THYAO,2025Q4,2025-12-31,2026-03-15,data/fundamentals/THYAO_IS.parquet,XUSIN.IS,False,1125149219659.0,74817844658.0,186313920331.0,139092773392.0,1073081134047.0,218810548035.0,48450545378.0
THYAO.IS:2026Q1,THYAO.IS,THYAO,2026Q1,2026-03-31,2026-05-15,data/fundamentals/THYAO_IS.parquet,XUSIN.IS,False,257961000000.0,-7097000000.0,21261000000.0,9856000000.0,966363000000.0,43336000000.0,-2921000000.0
THYAO.IS:2026Q2,THYAO.IS,THYAO,2026Q2,2026-06-30,2026-08-15,data/fundamentals/THYAO_IS.parquet,XUSIN.IS,False,585069000000.0,-14734000000.0,43931000000.0,18766000000.0,1018453000000.0,74326000000.0,13887000000.0
TKFEN.IS:2018Q1,TKFEN.IS,TKFEN,2018Q1,2018-03-31,2018-05-15,data/fundamentals/TKFEN_IS.parquet,XUSIN.IS,False,2265929000.0,235532000.0,278686000.0,241055000.0,3050938000.0,916922000.0,825695000.0
TKFEN.IS:2018Q2,TKFEN.IS,TKFEN,2018Q2,2018-06-30,2018-08-15,data/fundamentals/TKFEN_IS.parquet,XUSIN.IS,False,5102508000.0,489270000.0,572745000.0,520392000.0,3434052000.0,1068109000.0,999851000.0
TKFEN.IS:2018Q3,TKFEN.IS,TKFEN,2018Q3,2018-09-30,2018-11-15,data/fundamentals/TKFEN_IS.parquet,XUSIN.IS,False,8358471000.0,824396000.0,960009000.0,981689000.0,4223542000.0,2099560000.0,1810553000.0
TKFEN.IS:2018Q4,TKFEN.IS,TKFEN,2018Q4,2018-12-31,2019-03-15,data/fundamentals/TKFEN_IS.parquet,XUSIN.IS,False,12147171000.0,1279607000.0,1469513000.0,1401527000.0,4424395000.0,2245731000.0,1924115000.0
TKFEN.IS:2019Q1,TKFEN.IS,TKFEN,2019Q1,2019-03-31,2019-05-15,data/fundamentals/TKFEN_IS.parquet,XUSIN.IS,False,4587478000.0,874492000.0,938930000.0,780905000.0,4874221000.0,266744000.0,197463000.0
TKFEN.IS:2019Q2,TKFEN.IS,TKFEN,2019Q2,2019-06-30,2019-08-15,data/fundamentals/TKFEN_IS.parquet,XUSIN.IS,False,8305883000.0,1246568000.0,1390104000.0,1179361000.0,5171026000.0,712573000.0,486513000.0
TKFEN.IS:2019Q3,TKFEN.IS,TKFEN,2019Q3,2019-09-30,2019-11-15,data/fundamentals/TKFEN_IS.parquet,XUSIN.IS,False,11296815000.0,1578508000.0,1791055000.0,1436349000.0,5391201000.0,647117000.0,377681000.0
TKFEN.IS:2019Q4,TKFEN.IS,TKFEN,2019Q4,2019-12-31,2020-03-15,data/fundamentals/TKFEN_IS.parquet,XUSIN.IS,False,14603354000.0,1627406000.0,1916514000.0,1414859000.0,5496870000.0,771539000.0,378458000.0
TKFEN.IS:2020Q1,TKFEN.IS,TKFEN,2020Q1,2020-03-31,2020-05-15,data/fundamentals/TKFEN_IS.parquet,XUSIN.IS,False,3021940000.0,29857000.0,103197000.0,46359000.0,5397682000.0,164301000.0,-275343000.0
TKFEN.IS:2020Q2,TKFEN.IS,TKFEN,2020Q2,2020-06-30,2020-08-15,data/fundamentals/TKFEN_IS.parquet,XUSIN.IS,False,5680347000.0,188828000.0,328074000.0,141422000.0,5688598000.0,-569903000.0,-1557328000.0
TKFEN.IS:2020Q3,TKFEN.IS,TKFEN,2020Q3,2020-09-30,2020-11-15,data/fundamentals/TKFEN_IS.parquet,XUSIN.IS,False,8373588000.0,109643000.0,338563000.0,127960000.0,6225542000.0,-1358716000.0,-2544833000.0
TKFEN.IS:2020Q4,TKFEN.IS,TKFEN,2020Q4,2020-12-31,2021-03-15,data/fundamentals/TKFEN_IS.parquet,XUSIN.IS,False,11729779000.0,83327000.0,398345000.0,-67398000.0,5810900000.0,-1089049000.0,-2339136000.0
TKFEN.IS:2021Q1,TKFEN.IS,TKFEN,2021Q1,2021-03-31,2021-05-15,data/fundamentals/TKFEN_IS.parquet,XUSIN.IS,False,3790591000.0,432383000.0,521569000.0,409378000.0,6508860000.0,133489000.0,-19491000.0
TKFEN.IS:2021Q2,TKFEN.IS,TKFEN,2021Q2,2021-06-30,2021-08-15,data/fundamentals/TKFEN_IS.parquet,XUSIN.IS,False,7421542000.0,595714000.0,785614000.0,724987000.0,6915985000.0,34680000.0,-270196000.0
TKFEN.IS:2021Q3,TKFEN.IS,TKFEN,2021Q3,2021-09-30,2021-11-15,data/fundamentals/TKFEN_IS.parquet,XUSIN.IS,False,11020384000.0,836953000.0,1123514000.0,1199169000.0,7417350000.0,229526000.0,188807000.0
TKFEN.IS:2021Q4,TKFEN.IS,TKFEN,2021Q4,2021-12-31,2022-03-15,data/fundamentals/TKFEN_IS.parquet,XUSIN.IS,False,16222968000.0,216072000.0,647302000.0,829390000.0,7725460000.0,533849000.0,397298000.0
TKFEN.IS:2022Q1,TKFEN.IS,TKFEN,2022Q1,2022-03-31,2022-05-15,data/fundamentals/TKFEN_IS.parquet,XUSIN.IS,False,5295826000.0,-29632000.0,91883000.0,99051000.0,7733623000.0,-2686028000.0,-2891442000.0
TKFEN.IS:2022Q2,TKFEN.IS,TKFEN,2022Q2,2022-06-30,2022-08-15,data/fundamentals/TKFEN_IS.parquet,XUSIN.IS,False,12995146000.0,976305000.0,1246001000.0,1066162000.0,8955822000.0,-2393800000.0,-2833737000.0
TKFEN.IS:2022Q3,TKFEN.IS,TKFEN,2022Q3,2022-09-30,2022-11-15,data/fundamentals/TKFEN_IS.parquet,XUSIN.IS,False,21218111000.0,1502435000.0,1928177000.0,1794768000.0,9672834000.0,-1483027000.0,-2057658000.0
TKFEN.IS:2022Q4,TKFEN.IS,TKFEN,2022Q4,2022-12-31,2023-03-15,data/fundamentals/TKFEN_IS.parquet,XUSIN.IS,False,54992324000.0,-405384000.0,1260443000.0,1407988000.0,25330859000.0,1319164000.0,-225658000.0
TKFEN.IS:2023Q1,TKFEN.IS,TKFEN,2023Q1,2023-03-31,2023-05-15,data/fundamentals/TKFEN_IS.parquet,XUSIN.IS,False,17068754000.0,-1243802000.0,-835534000.0,-2035514000.0,10361142000.0,2556194000.0,2351560000.0
TKFEN.IS:2023Q2,TKFEN.IS,TKFEN,2023Q2,2023-06-30,2023-08-15,data/fundamentals/TKFEN_IS.parquet,XUSIN.IS,False,32080114000.0,-809582000.0,171392000.0,-1882937000.0,11232071000.0,-1693350000.0,-2450910000.0
TKFEN.IS:2023Q3,TKFEN.IS,TKFEN,2023Q3,2023-09-30,2023-11-15,data/fundamentals/TKFEN_IS.parquet,XUSIN.IS,False,45791181000.0,-1012031000.0,556284000.0,-2782307000.0,11923815000.0,-57527000.0,-53691000.0
TKFEN.IS:2023Q4,TKFEN.IS,TKFEN,2023Q4,2023-12-31,2024-03-15,data/fundamentals/TKFEN_IS.parquet,XUSIN.IS,False,62279333000.0,-3330183000.0,-1167098000.0,-1611104000.0,31809333000.0,3581581000.0,3451593000.0
TKFEN.IS:2024Q1,TKFEN.IS,TKFEN,2024Q1,2024-03-31,2024-05-15,data/fundamentals/TKFEN_IS.parquet,XUSIN.IS,False,22190675000.0,478198000.0,1043865000.0,-736343000.0,25159180000.0,6566450000.0,6189055000.0
TKFEN.IS:2024Q2,TKFEN.IS,TKFEN,2024Q2,2024-06-30,2024-08-15,data/fundamentals/TKFEN_IS.parquet,XUSIN.IS,False,38204006000.0,865552000.0,2204042000.0,32572000.0,27513797000.0,4578753000.0,2856826000.0
TKFEN.IS:2024Q3,TKFEN.IS,TKFEN,2024Q3,2024-09-30,2024-11-15,data/fundamentals/TKFEN_IS.parquet,XUSIN.IS,False,56863803000.0,1107208000.0,3177200000.0,65145000.0,29418407000.0,7033631000.0,4410001000.0
TKFEN.IS:2024Q4,TKFEN.IS,TKFEN,2024Q4,2024-12-31,2025-03-15,data/fundamentals/TKFEN_IS.parquet,XUSIN.IS,False,76166091666.0,906269688.0,3811029631.0,541535596.0,40421324719.0,6817382963.0,3585695869.0
TKFEN.IS:2025Q1,TKFEN.IS,TKFEN,2025Q1,2025-03-31,2025-05-15,data/fundamentals/TKFEN_IS.parquet,XUSIN.IS,False,17746332000.0,-266928000.0,520341000.0,-962370000.0,32844666000.0,-1411847000.0,-2231304000.0
TKFEN.IS:2025Q2,TKFEN.IS,TKFEN,2025Q2,2025-06-30,2025-08-15,data/fundamentals/TKFEN_IS.parquet,XUSIN.IS,False,26007027000.0,-1938892000.0,-701198000.0,-2403892000.0,32376243000.0,565230000.0,-928986000.0
TKFEN.IS:2025Q3,TKFEN.IS,TKFEN,2025Q3,2025-09-30,2025-11-15,data/fundamentals/TKFEN_IS.parquet,XUSIN.IS,False,38846639000.0,-2680130000.0,-550513000.0,-3362099000.0,33968220000.0,1796714000.0,-723502000.0
TKFEN.IS:2025Q4,TKFEN.IS,TKFEN,2025Q4,2025-12-31,2026-03-15,data/fundamentals/TKFEN_IS.parquet,XUSIN.IS,False,59321990153.0,-3077890635.0,-15726941.0,-6307725835.0,36079751442.0,5049592574.0,2106799354.0
TKFEN.IS:2026Q1,TKFEN.IS,TKFEN,2026Q1,2026-03-31,2026-05-15,data/fundamentals/TKFEN_IS.parquet,XUSIN.IS,False,14743186000.0,-440318000.0,324703000.0,-539398000.0,35466766000.0,138852000.0,-247173000.0
TOASO.IS:2018Q1,TOASO.IS,TOASO,2018Q1,2018-03-31,2018-05-15,data/fundamentals/TOASO_IS.parquet,XUSIN.IS,False,4441125000.0,326238000.0,514694000.0,324993000.0,2987613000.0,821999000.0,1379702000.0
TOASO.IS:2018Q2,TOASO.IS,TOASO,2018Q2,2018-06-30,2018-08-15,data/fundamentals/TOASO_IS.parquet,XUSIN.IS,False,9491563000.0,780163000.0,1160889000.0,692974000.0,3218600000.0,969444000.0,1451753000.0
TOASO.IS:2018Q3,TOASO.IS,TOASO,2018Q3,2018-09-30,2018-11-15,data/fundamentals/TOASO_IS.parquet,XUSIN.IS,False,13824345000.0,1313616000.0,1891658000.0,1003884000.0,2946180000.0,185985000.0,-208335000.0
TOASO.IS:2018Q4,TOASO.IS,TOASO,2018Q4,2018-12-31,2019-03-15,data/fundamentals/TOASO_IS.parquet,XUSIN.IS,False,18603331000.0,1757524000.0,2532578000.0,1330423000.0,3706555000.0,1336612000.0,1130184000.0
TOASO.IS:2019Q1,TOASO.IS,TOASO,2019Q1,2019-03-31,2019-05-15,data/fundamentals/TOASO_IS.parquet,XUSIN.IS,False,3981450000.0,392076000.0,608627000.0,324741000.0,3127734000.0,1219867000.0,771518000.0
TOASO.IS:2019Q2,TOASO.IS,TOASO,2019Q2,2019-06-30,2019-08-15,data/fundamentals/TOASO_IS.parquet,XUSIN.IS,False,9270476000.0,875848000.0,1245204000.0,733203000.0,3512651000.0,2441442000.0,2270156000.0
TOASO.IS:2019Q3,TOASO.IS,TOASO,2019Q3,2019-09-30,2019-11-15,data/fundamentals/TOASO_IS.parquet,XUSIN.IS,False,13429087000.0,1256638000.0,1815118000.0,1031147000.0,3988415000.0,2260947000.0,2122809000.0
TOASO.IS:2019Q4,TOASO.IS,TOASO,2019Q4,2019-12-31,2020-03-15,data/fundamentals/TOASO_IS.parquet,XUSIN.IS,False,18896914000.0,1719509000.0,2479757000.0,1481639000.0,4329209000.0,3656536000.0,3486351000.0
TOASO.IS:2020Q1,TOASO.IS,TOASO,2020Q1,2020-03-31,2020-05-15,data/fundamentals/TOASO_IS.parquet,XUSIN.IS,False,4447343000.0,391111000.0,599053000.0,346175000.0,3387452000.0,-251675000.0,-400540000.0
TOASO.IS:2020Q2,TOASO.IS,TOASO,2020Q2,2020-06-30,2020-08-15,data/fundamentals/TOASO_IS.parquet,XUSIN.IS,False,7498824000.0,723426000.0,1141145000.0,634642000.0,3553329000.0,-701743000.0,-999026000.0
TOASO.IS:2020Q3,TOASO.IS,TOASO,2020Q3,2020-09-30,2020-11-15,data/fundamentals/TOASO_IS.parquet,XUSIN.IS,False,14359100000.0,1371611000.0,1914600000.0,1144966000.0,3554445000.0,637336000.0,161066000.0
TOASO.IS:2020Q4,TOASO.IS,TOASO,2020Q4,2020-12-31,2021-03-15,data/fundamentals/TOASO_IS.parquet,XUSIN.IS,False,23556747000.0,2266757000.0,3025512000.0,1784170000.0,4468611000.0,1584410000.0,887411000.0
TOASO.IS:2021Q1,TOASO.IS,TOASO,2021Q1,2021-03-31,2021-05-15,data/fundamentals/TOASO_IS.parquet,XUSIN.IS,False,6446996000.0,627948000.0,875189000.0,616664000.0,3436983000.0,-242714000.0,-504944000.0
TOASO.IS:2021Q2,TOASO.IS,TOASO,2021Q2,2021-06-30,2021-08-15,data/fundamentals/TOASO_IS.parquet,XUSIN.IS,False,14011205000.0,1575493000.0,2087269000.0,1483844000.0,4276281000.0,-221433000.0,-602868000.0
TOASO.IS:2021Q3,TOASO.IS,TOASO,2021Q3,2021-09-30,2021-11-15,data/fundamentals/TOASO_IS.parquet,XUSIN.IS,False,19606071000.0,2255209000.0,3062626000.0,2064430000.0,5001842000.0,790665000.0,247854000.0
TOASO.IS:2021Q4,TOASO.IS,TOASO,2021Q4,2021-12-31,2022-03-15,data/fundamentals/TOASO_IS.parquet,XUSIN.IS,False,29684305000.0,4595006000.0,5794126000.0,3281316000.0,5743391000.0,2679899000.0,1919120000.0
TOASO.IS:2022Q1,TOASO.IS,TOASO,2022Q1,2022-03-31,2022-05-15,data/fundamentals/TOASO_IS.parquet,XUSIN.IS,False,10634319000.0,1388362000.0,1738212000.0,1129119000.0,3655444000.0,2479560000.0,2429201000.0
TOASO.IS:2022Q2,TOASO.IS,TOASO,2022Q2,2022-06-30,2022-08-15,data/fundamentals/TOASO_IS.parquet,XUSIN.IS,False,26049505000.0,3583101000.0,4309704000.0,3005429000.0,5648373000.0,5501267000.0,5061847000.0
TOASO.IS:2022Q3,TOASO.IS,TOASO,2022Q3,2022-09-30,2022-11-15,data/fundamentals/TOASO_IS.parquet,XUSIN.IS,False,42071432000.0,5904649000.0,6992085000.0,5064329000.0,7976672000.0,8044993000.0,7419219000.0
TOASO.IS:2022Q4,TOASO.IS,TOASO,2022Q4,2022-12-31,2023-03-15,data/fundamentals/TOASO_IS.parquet,XUSIN.IS,False,124019056000.0,10821528000.0,18115118000.0,9374039000.0,25849068000.0,19959493000.0,18466260000.0
TOASO.IS:2023Q1,TOASO.IS,TOASO,2023Q1,2023-03-31,2023-05-15,data/fundamentals/TOASO_IS.parquet,XUSIN.IS,False,35067053000.0,3592318000.0,4840958000.0,2776840000.0,11002209000.0,9882188000.0,9706060000.0
TOASO.IS:2023Q2,TOASO.IS,TOASO,2023Q2,2023-06-30,2023-08-15,data/fundamentals/TOASO_IS.parquet,XUSIN.IS,False,76188746000.0,9997168000.0,12399772000.0,9687993000.0,15857905000.0,13368404000.0,12454565000.0
TOASO.IS:2023Q3,TOASO.IS,TOASO,2023Q3,2023-09-30,2023-11-15,data/fundamentals/TOASO_IS.parquet,XUSIN.IS,False,125505296000.0,16028415000.0,19979066000.0,13493782000.0,21230537000.0,17286622000.0,15852708000.0
TOASO.IS:2023Q4,TOASO.IS,TOASO,2023Q4,2023-12-31,2024-03-15,data/fundamentals/TOASO_IS.parquet,XUSIN.IS,False,184228756000.0,22708914000.0,28383264000.0,21777284000.0,53246292000.0,13071337000.0,9232985000.0
TOASO.IS:2024Q1,TOASO.IS,TOASO,2024Q1,2024-03-31,2024-05-15,data/fundamentals/TOASO_IS.parquet,XUSIN.IS,False,46484998000.0,4177835000.0,6201533000.0,3875216000.0,35740521000.0,-1945861000.0,-4142606000.0
TOASO.IS:2024Q2,TOASO.IS,TOASO,2024Q2,2024-06-30,2024-08-15,data/fundamentals/TOASO_IS.parquet,XUSIN.IS,False,81373452000.0,6139522000.0,10247440000.0,5846316000.0,39970116000.0,701000.0,-3234361000.0
TOASO.IS:2024Q3,TOASO.IS,TOASO,2024Q3,2024-09-30,2024-11-15,data/fundamentals/TOASO_IS.parquet,XUSIN.IS,False,116068466000.0,5186561000.0,11370550000.0,6700941000.0,44116691000.0,3320415000.0,-2934012000.0
TOASO.IS:2024Q4,TOASO.IS,TOASO,2024Q4,2024-12-31,2025-03-15,data/fundamentals/TOASO_IS.parquet,XUSIN.IS,False,157419715530.0,4032108083.0,12146902354.0,6834463103.0,61652396841.0,-9629968528.0,-18419384479.0
TOASO.IS:2025Q1,TOASO.IS,TOASO,2025Q1,2025-03-31,2025-05-15,data/fundamentals/TOASO_IS.parquet,XUSIN.IS,False,31674620000.0,-1256130000.0,983782000.0,-183805000.0,44954843000.0,7206433000.0,6241168000.0
TOASO.IS:2025Q2,TOASO.IS,TOASO,2025Q2,2025-06-30,2025-08-15,data/fundamentals/TOASO_IS.parquet,XUSIN.IS,False,125633352000.0,-497605000.0,4175429000.0,2116615000.0,48238985000.0,17094892000.0,-1000047000.0
TOASO.IS:2025Q3,TOASO.IS,TOASO,2025Q3,2025-09-30,2025-11-15,data/fundamentals/TOASO_IS.parquet,XUSIN.IS,False,189458771000.0,-570894000.0,5182491000.0,2930752000.0,52793804000.0,18295448000.0,2776811000.0
TOASO.IS:2025Q4,TOASO.IS,TOASO,2025Q4,2025-12-31,2026-03-15,data/fundamentals/TOASO_IS.parquet,XUSIN.IS,False,376136463732.0,2963575630.0,11773027979.0,9837463783.0,70691878692.0,3126927826.0,-20060406389.0
TOASO.IS:2026Q1,TOASO.IS,TOASO,2026Q1,2026-03-31,2026-05-15,data/fundamentals/TOASO_IS.parquet,XUSIN.IS,False,95109919000.0,1199986000.0,2555772000.0,2988567000.0,58964771000.0,-1096098000.0,-3119567000.0
TOASO.IS:2026Q2,TOASO.IS,TOASO,2026Q2,2026-06-30,2026-08-15,data/fundamentals/TOASO_IS.parquet,XUSIN.IS,False,201797108000.0,1850359000.0,4832996000.0,6290532000.0,65740826000.0,-7202222000.0,-12486793000.0
TRGYO.IS:2018Q1,TRGYO.IS,TRGYO,2018Q1,2018-03-31,2018-05-15,data/fundamentals/TRGYO_IS.parquet,XU100.IS,False,673528000.0,334754000.0,335018000.0,150347000.0,6527934000.0,70881000.0,36303000.0
TRGYO.IS:2018Q2,TRGYO.IS,TRGYO,2018Q2,2018-06-30,2018-08-15,data/fundamentals/TRGYO_IS.parquet,XU100.IS,False,1327890000.0,571283000.0,571981000.0,-68091000.0,6259079000.0,140420000.0,-57407000.0
TRGYO.IS:2018Q3,TRGYO.IS,TRGYO,2018Q3,2018-09-30,2018-11-15,data/fundamentals/TRGYO_IS.parquet,XU100.IS,False,1668432000.0,696340000.0,697243000.0,-1042314000.0,5284308000.0,314751000.0,234611000.0
TRGYO.IS:2018Q4,TRGYO.IS,TRGYO,2018Q4,2018-12-31,2019-03-15,data/fundamentals/TRGYO_IS.parquet,XU100.IS,False,1952909000.0,828149000.0,829390000.0,1288139000.0,7614653000.0,269370000.0,158309000.0
TRGYO.IS:2019Q1,TRGYO.IS,TRGYO,2019Q1,2019-03-31,2019-05-15,data/fundamentals/TRGYO_IS.parquet,XU100.IS,False,206308000.0,136607000.0,136700000.0,-143803000.0,7469882000.0,110275000.0,106349000.0
TRGYO.IS:2019Q2,TRGYO.IS,TRGYO,2019Q2,2019-06-30,2019-08-15,data/fundamentals/TRGYO_IS.parquet,XU100.IS,False,432424000.0,276451000.0,276628000.0,-197621000.0,7415895000.0,170833000.0,176595000.0
TRGYO.IS:2019Q3,TRGYO.IS,TRGYO,2019Q3,2019-09-30,2019-11-15,data/fundamentals/TRGYO_IS.parquet,XU100.IS,False,689525000.0,428179000.0,428484000.0,-61611000.0,7551673000.0,223324000.0,208347000.0
TRGYO.IS:2019Q4,TRGYO.IS,TRGYO,2019Q4,2019-12-31,2020-03-15,data/fundamentals/TRGYO_IS.parquet,XU100.IS,False,987537000.0,605030000.0,606299000.0,865662000.0,8478946000.0,545400000.0,458341000.0
TRGYO.IS:2020Q1,TRGYO.IS,TRGYO,2020Q1,2020-03-31,2020-05-15,data/fundamentals/TRGYO_IS.parquet,XU100.IS,False,331425000.0,177247000.0,177510000.0,-105967000.0,8371857000.0,298648000.0,268444000.0
TRGYO.IS:2020Q2,TRGYO.IS,TRGYO,2020Q2,2020-06-30,2020-08-15,data/fundamentals/TRGYO_IS.parquet,XU100.IS,False,448826000.0,208291000.0,208827000.0,-267807000.0,8210016000.0,359645000.0,302803000.0
TRGYO.IS:2020Q3,TRGYO.IS,TRGYO,2020Q3,2020-09-30,2020-11-15,data/fundamentals/TRGYO_IS.parquet,XU100.IS,False,774521000.0,395742000.0,396449000.0,-442574000.0,8035249000.0,691481000.0,584405000.0
TRGYO.IS:2020Q4,TRGYO.IS,TRGYO,2020Q4,2020-12-31,2021-03-15,data/fundamentals/TRGYO_IS.parquet,XU100.IS,False,1100808000.0,593140000.0,594934000.0,293734000.0,8771457000.0,915439000.0,741474000.0
TRGYO.IS:2021Q1,TRGYO.IS,TRGYO,2021Q1,2021-03-31,2021-05-15,data/fundamentals/TRGYO_IS.parquet,XU100.IS,False,256904000.0,180040000.0,182252000.0,-116012000.0,8655447000.0,256606000.0,282072000.0
TRGYO.IS:2021Q2,TRGYO.IS,TRGYO,2021Q2,2021-06-30,2021-08-15,data/fundamentals/TRGYO_IS.parquet,XU100.IS,False,586472000.0,414236000.0,419111000.0,-83833000.0,8687624000.0,282965000.0,297550000.0
TRGYO.IS:2021Q3,TRGYO.IS,TRGYO,2021Q3,2021-09-30,2021-11-15,data/fundamentals/TRGYO_IS.parquet,XU100.IS,False,1003776000.0,712896000.0,719731000.0,68773000.0,8840230000.0,751672000.0,763066000.0
TRGYO.IS:2021Q4,TRGYO.IS,TRGYO,2021Q4,2021-12-31,2022-03-15,data/fundamentals/TRGYO_IS.parquet,XU100.IS,False,1456351000.0,1049337000.0,1085219000.0,5745537000.0,14521558000.0,1149813000.0,1110882000.0
TRGYO.IS:2022Q1,TRGYO.IS,TRGYO,2022Q1,2022-03-31,2022-05-15,data/fundamentals/TRGYO_IS.parquet,XU100.IS,False,580880000.0,440461000.0,441987000.0,171276000.0,14692834000.0,385826000.0,392536000.0
TRGYO.IS:2022Q2,TRGYO.IS,TRGYO,2022Q2,2022-06-30,2022-08-15,data/fundamentals/TRGYO_IS.parquet,XU100.IS,False,1149171000.0,829107000.0,834262000.0,316669000.0,14838227000.0,867954000.0,897717000.0
TRGYO.IS:2022Q3,TRGYO.IS,TRGYO,2022Q3,2022-09-30,2022-11-15,data/fundamentals/TRGYO_IS.parquet,XU100.IS,False,1879580000.0,1311168000.0,1316930000.0,677396000.0,15198954000.0,1560035000.0,1579686000.0
TRGYO.IS:2022Q4,TRGYO.IS,TRGYO,2022Q4,2022-12-31,2023-03-15,data/fundamentals/TRGYO_IS.parquet,XU100.IS,False,5177132000.0,3236584000.0,3260431000.0,16883038000.0,59233725000.0,3905766000.0,4172704000.0
TRGYO.IS:2023Q1,TRGYO.IS,TRGYO,2023Q1,2023-03-31,2023-05-15,data/fundamentals/TRGYO_IS.parquet,XU100.IS,False,1730808000.0,1202714000.0,1214265000.0,1773822000.0,34363773000.0,878215000.0,1175046000.0
TRGYO.IS:2023Q2,TRGYO.IS,TRGYO,2023Q2,2023-06-30,2023-08-15,data/fundamentals/TRGYO_IS.parquet,XU100.IS,False,3131750000.0,2184048000.0,2200240000.0,3107022000.0,34827829000.0,2663664000.0,2985713000.0
TRGYO.IS:2023Q3,TRGYO.IS,TRGYO,2023Q3,2023-09-30,2023-11-15,data/fundamentals/TRGYO_IS.parquet,XU100.IS,False,5127320000.0,3531571000.0,3555408000.0,5221887000.0,35618049000.0,4466593000.0,4785407000.0
TRGYO.IS:2023Q4,TRGYO.IS,TRGYO,2023Q4,2023-12-31,2024-03-15,data/fundamentals/TRGYO_IS.parquet,XU100.IS,False,7013862000.0,4822936000.0,4845483000.0,19231660000.0,104320407000.0,4466754000.0,4684661000.0
TRGYO.IS:2024Q1,TRGYO.IS,TRGYO,2024Q1,2024-03-31,2024-05-15,data/fundamentals/TRGYO_IS.parquet,XU100.IS,False,1899343000.0,1348218000.0,1353592000.0,1431742000.0,84175555000.0,1682322000.0,1678981000.0
TRGYO.IS:2024Q2,TRGYO.IS,TRGYO,2024Q2,2024-06-30,2024-08-15,data/fundamentals/TRGYO_IS.parquet,XU100.IS,False,3781371000.0,2660031000.0,2671808000.0,-4722674000.0,86629550000.0,-5408670000.0,10924564000.0
TRGYO.IS:2024Q3,TRGYO.IS,TRGYO,2024Q3,2024-09-30,2024-11-15,data/fundamentals/TRGYO_IS.parquet,XU100.IS,False,6222847000.0,4315837000.0,4337107000.0,-2152728000.0,93561926000.0,-6010302000.0,12194095000.0
TRGYO.IS:2024Q4,TRGYO.IS,TRGYO,2024Q4,2024-12-31,2025-03-15,data/fundamentals/TRGYO_IS.parquet,XU100.IS,False,16065158980.0,9318502378.0,9344710949.0,10868512319.0,127864124286.0,-7350118668.0,11521899337.0
TRGYO.IS:2025Q1,TRGYO.IS,TRGYO,2025Q1,2025-03-31,2025-05-15,data/fundamentals/TRGYO_IS.parquet,XU100.IS,False,2313626000.0,1500038000.0,1538594000.0,1021405000.0,108296937000.0,936832000.0,869782000.0
TRGYO.IS:2025Q2,TRGYO.IS,TRGYO,2025Q2,2025-06-30,2025-08-15,data/fundamentals/TRGYO_IS.parquet,XU100.IS,False,5157712000.0,3654272000.0,3669280000.0,5701083000.0,114737248000.0,3499934000.0,3777242000.0
TRGYO.IS:2025Q3,TRGYO.IS,TRGYO,2025Q3,2025-09-30,2025-11-15,data/fundamentals/TRGYO_IS.parquet,XU100.IS,False,6685423000.0,4538319000.0,4556791000.0,6728615000.0,125411067000.0,3124154000.0,3257833000.0
TRGYO.IS:2025Q4,TRGYO.IS,TRGYO,2025Q4,2025-12-31,2026-03-15,data/fundamentals/TRGYO_IS.parquet,XU100.IS,False,17104608706.0,11859367313.0,11887683515.0,8417519185.0,154245268127.0,5931883973.0,5986122348.0
TRGYO.IS:2026Q1,TRGYO.IS,TRGYO,2026Q1,2026-03-31,2026-05-15,data/fundamentals/TRGYO_IS.parquet,XU100.IS,False,2871046000.0,2138812000.0,2141421000.0,1709697000.0,145847856000.0,9880770000.0,-9281284000.0
TRGYO.IS:2026Q2,TRGYO.IS,TRGYO,2026Q2,2026-06-30,2026-08-15,data/fundamentals/TRGYO_IS.parquet,XU100.IS,False,6991493000.0,4980556000.0,4984011000.0,4806587000.0,154004463000.0,12651819000.0,-6980951000.0
TSKB.IS:2018Q1,TSKB.IS,TSKB,2018Q1,2018-03-31,2018-05-15,data/fundamentals/TSKB_IS.parquet,XBANK.IS,True,410747000.0,410747000.0,,158868000.0,3687055000.0,,
TSKB.IS:2018Q2,TSKB.IS,TSKB,2018Q2,2018-06-30,2018-08-15,data/fundamentals/TSKB_IS.parquet,XBANK.IS,True,916395000.0,916395000.0,,324518000.0,3726030000.0,,
TSKB.IS:2018Q3,TSKB.IS,TSKB,2018Q3,2018-09-30,2018-11-15,data/fundamentals/TSKB_IS.parquet,XBANK.IS,True,1614428000.0,1614428000.0,,491026000.0,3904725000.0,,
TSKB.IS:2018Q4,TSKB.IS,TSKB,2018Q4,2018-12-31,2019-03-15,data/fundamentals/TSKB_IS.parquet,XBANK.IS,True,2104578000.0,2104578000.0,,660926000.0,4719004000.0,,
TSKB.IS:2019Q1,TSKB.IS,TSKB,2019Q1,2019-03-31,2019-05-15,data/fundamentals/TSKB_IS.parquet,XBANK.IS,True,555756000.0,555756000.0,,185222000.0,5322793000.0,,
TSKB.IS:2019Q2,TSKB.IS,TSKB,2019Q2,2019-06-30,2019-08-15,data/fundamentals/TSKB_IS.parquet,XBANK.IS,True,1183055000.0,1183055000.0,,385623000.0,4795527000.0,,
TSKB.IS:2019Q3,TSKB.IS,TSKB,2019Q3,2019-09-30,2019-11-15,data/fundamentals/TSKB_IS.parquet,XBANK.IS,True,1698079000.0,1698079000.0,,572245000.0,4918794000.0,,
TSKB.IS:2019Q4,TSKB.IS,TSKB,2019Q4,2019-12-31,2020-03-15,data/fundamentals/TSKB_IS.parquet,XBANK.IS,True,2212758000.0,2212758000.0,,776084000.0,5167143000.0,,
TSKB.IS:2020Q1,TSKB.IS,TSKB,2020Q1,2020-03-31,2020-05-15,data/fundamentals/TSKB_IS.parquet,XBANK.IS,True,559699000.0,559699000.0,,153736000.0,5469795000.0,,
TSKB.IS:2020Q2,TSKB.IS,TSKB,2020Q2,2020-06-30,2020-08-15,data/fundamentals/TSKB_IS.parquet,XBANK.IS,True,1138762000.0,1138762000.0,,322024000.0,5508394000.0,,
TSKB.IS:2020Q3,TSKB.IS,TSKB,2020Q3,2020-09-30,2020-11-15,data/fundamentals/TSKB_IS.parquet,XBANK.IS,True,1776469000.0,1776469000.0,,526133000.0,5669350000.0,,
TSKB.IS:2020Q4,TSKB.IS,TSKB,2020Q4,2020-12-31,2021-03-15,data/fundamentals/TSKB_IS.parquet,XBANK.IS,True,2368072000.0,2368072000.0,,732829000.0,6104556000.0,,
TSKB.IS:2021Q1,TSKB.IS,TSKB,2021Q1,2021-03-31,2021-05-15,data/fundamentals/TSKB_IS.parquet,XBANK.IS,True,617048000.0,617048000.0,,225907000.0,6036842000.0,,
TSKB.IS:2021Q2,TSKB.IS,TSKB,2021Q2,2021-06-30,2021-08-15,data/fundamentals/TSKB_IS.parquet,XBANK.IS,True,1324749000.0,1324749000.0,,478752000.0,6419268000.0,,
TSKB.IS:2021Q3,TSKB.IS,TSKB,2021Q3,2021-09-30,2021-11-15,data/fundamentals/TSKB_IS.parquet,XBANK.IS,True,2025993000.0,2025993000.0,,774293000.0,6687295000.0,,
TSKB.IS:2021Q4,TSKB.IS,TSKB,2021Q4,2021-12-31,2022-03-15,data/fundamentals/TSKB_IS.parquet,XBANK.IS,True,3162432000.0,3162432000.0,,1089008000.0,6940638000.0,,
TSKB.IS:2022Q1,TSKB.IS,TSKB,2022Q1,2022-03-31,2022-05-15,data/fundamentals/TSKB_IS.parquet,XBANK.IS,True,1026168000.0,1026168000.0,,605861000.0,7585075000.0,,
TSKB.IS:2022Q2,TSKB.IS,TSKB,2022Q2,2022-06-30,2022-08-15,data/fundamentals/TSKB_IS.parquet,XBANK.IS,True,2179574000.0,2179574000.0,,1521174000.0,8111928000.0,,
TSKB.IS:2022Q3,TSKB.IS,TSKB,2022Q3,2022-09-30,2022-11-15,data/fundamentals/TSKB_IS.parquet,XBANK.IS,True,3606818000.0,3606818000.0,,2644024000.0,9631704000.0,,
TSKB.IS:2022Q4,TSKB.IS,TSKB,2022Q4,2022-12-31,2023-03-15,data/fundamentals/TSKB_IS.parquet,XBANK.IS,True,5260562000.0,5260562000.0,,4055034000.0,12782007000.0,,
TSKB.IS:2023Q1,TSKB.IS,TSKB,2023Q1,2023-03-31,2023-05-15,data/fundamentals/TSKB_IS.parquet,XBANK.IS,True,1732349000.0,1732349000.0,,1406551000.0,14038843000.0,,
TSKB.IS:2023Q2,TSKB.IS,TSKB,2023Q2,2023-06-30,2023-08-15,data/fundamentals/TSKB_IS.parquet,XBANK.IS,True,4679649000.0,4679649000.0,,3171530000.0,16468404000.0,,
TSKB.IS:2023Q3,TSKB.IS,TSKB,2023Q3,2023-09-30,2023-11-15,data/fundamentals/TSKB_IS.parquet,XBANK.IS,True,7561544000.0,7561544000.0,,5028275000.0,18897284000.0,,
TSKB.IS:2023Q4,TSKB.IS,TSKB,2023Q4,2023-12-31,2024-03-15,data/fundamentals/TSKB_IS.parquet,XBANK.IS,True,11266505000.0,11266505000.0,,7041477000.0,21411670000.0,,
TSKB.IS:2024Q1,TSKB.IS,TSKB,2024Q1,2024-03-31,2024-05-15,data/fundamentals/TSKB_IS.parquet,XBANK.IS,True,3977834000.0,3977834000.0,,1934201000.0,23242705000.0,,
TSKB.IS:2024Q2,TSKB.IS,TSKB,2024Q2,2024-06-30,2024-08-15,data/fundamentals/TSKB_IS.parquet,XBANK.IS,True,7978826000.0,7978826000.0,,4402952000.0,26525645000.0,,
TSKB.IS:2024Q3,TSKB.IS,TSKB,2024Q3,2024-09-30,2024-11-15,data/fundamentals/TSKB_IS.parquet,XBANK.IS,True,12486767000.0,12486767000.0,,7035514000.0,29216685000.0,,
TSKB.IS:2024Q4,TSKB.IS,TSKB,2024Q4,2024-12-31,2025-03-15,data/fundamentals/TSKB_IS.parquet,XBANK.IS,True,16852968000.0,16852968000.0,,10134599000.0,32478789000.0,,
TSKB.IS:2025Q1,TSKB.IS,TSKB,2025Q1,2025-03-31,2025-05-15,data/fundamentals/TSKB_IS.parquet,XBANK.IS,True,4763234000.0,4763234000.0,,3094538000.0,35150117000.0,,
TSKB.IS:2025Q2,TSKB.IS,TSKB,2025Q2,2025-06-30,2025-08-15,data/fundamentals/TSKB_IS.parquet,XBANK.IS,True,10365000000.0,10365000000.0,,6475000000.0,39439462000.0,,
TSKB.IS:2025Q3,TSKB.IS,TSKB,2025Q3,2025-09-30,2025-11-15,data/fundamentals/TSKB_IS.parquet,XBANK.IS,True,15463989000.0,15463989000.0,,9285218000.0,42705467000.0,,
TSKB.IS:2025Q4,TSKB.IS,TSKB,2025Q4,2025-12-31,2026-03-15,data/fundamentals/TSKB_IS.parquet,XBANK.IS,True,20735598000.0,20735598000.0,,11382793000.0,45650943000.0,,
TSKB.IS:2026Q1,TSKB.IS,TSKB,2026Q1,2026-03-31,2026-05-15,data/fundamentals/TSKB_IS.parquet,XBANK.IS,True,5093534000.0,5093534000.0,,2860035000.0,46371125000.0,,
TSKB.IS:2026Q2,TSKB.IS,TSKB,2026Q2,2026-06-30,2026-08-15,data/fundamentals/TSKB_IS.parquet,XBANK.IS,True,10706000000.0,10706000000.0,,5812000000.0,50251000000.0,,
TTKOM.IS:2018Q1,TTKOM.IS,TTKOM,2018Q1,2018-03-31,2018-05-15,data/fundamentals/TTKOM_IS.parquet,XU100.IS,False,4686023000.0,1139358000.0,2018631000.0,109575000.0,4966819000.0,623810000.0,-147818000.0
TTKOM.IS:2018Q2,TTKOM.IS,TTKOM,2018Q2,2018-06-30,2018-08-15,data/fundamentals/TTKOM_IS.parquet,XU100.IS,False,9636715000.0,2241234000.0,4028689000.0,-759977000.0,4074866000.0,2449360000.0,989061000.0
TTKOM.IS:2018Q3,TTKOM.IS,TTKOM,2018Q3,2018-09-30,2018-11-15,data/fundamentals/TTKOM_IS.parquet,XU100.IS,False,15032593000.0,3580776000.0,6324955000.0,-3605908000.0,5522642000.0,5632743000.0,3031223000.0
TTKOM.IS:2018Q4,TTKOM.IS,TTKOM,2018Q4,2018-12-31,2019-03-15,data/fundamentals/TTKOM_IS.parquet,XU100.IS,False,20430900000.0,4839350000.0,8557113000.0,-1391261000.0,7453603000.0,7588935000.0,3462985000.0
TTKOM.IS:2019Q1,TTKOM.IS,TTKOM,2019Q1,2019-03-31,2019-05-15,data/fundamentals/TTKOM_IS.parquet,XU100.IS,False,5403252000.0,1468796000.0,2619061000.0,309961000.0,7892585000.0,2172357000.0,1443247000.0
TTKOM.IS:2019Q2,TTKOM.IS,TTKOM,2019Q2,2019-06-30,2019-08-15,data/fundamentals/TTKOM_IS.parquet,XU100.IS,False,11162975000.0,2960595000.0,5283499000.0,744763000.0,7976305000.0,4491209000.0,2855892000.0
TTKOM.IS:2019Q3,TTKOM.IS,TTKOM,2019Q3,2019-09-30,2019-11-15,data/fundamentals/TTKOM_IS.parquet,XU100.IS,False,17373102000.0,4752362000.0,8250314000.0,1862195000.0,8984935000.0,7164878000.0,4475801000.0
TTKOM.IS:2019Q4,TTKOM.IS,TTKOM,2019Q4,2019-12-31,2020-03-15,data/fundamentals/TTKOM_IS.parquet,XU100.IS,False,23657108000.0,6373787000.0,11089772000.0,2406783000.0,9442853000.0,11182695000.0,6376033000.0
TTKOM.IS:2020Q1,TTKOM.IS,TTKOM,2020Q1,2020-03-31,2020-05-15,data/fundamentals/TTKOM_IS.parquet,XU100.IS,False,6302749000.0,1652197000.0,2925370000.0,660700000.0,9948048000.0,2596914000.0,1584897000.0
TTKOM.IS:2020Q2,TTKOM.IS,TTKOM,2020Q2,2020-06-30,2020-08-15,data/fundamentals/TTKOM_IS.parquet,XU100.IS,False,13272074000.0,3550938000.0,6121653000.0,1641173000.0,10710266000.0,4944061000.0,2734921000.0
TTKOM.IS:2020Q3,TTKOM.IS,TTKOM,2020Q3,2020-09-30,2020-11-15,data/fundamentals/TTKOM_IS.parquet,XU100.IS,False,20638406000.0,5643848000.0,9552635000.0,2073478000.0,10722903000.0,8539827000.0,4556068000.0
TTKOM.IS:2020Q4,TTKOM.IS,TTKOM,2020Q4,2020-12-31,2021-03-15,data/fundamentals/TTKOM_IS.parquet,XU100.IS,False,28288875000.0,7576310000.0,12895302000.0,3177873000.0,12037376000.0,13638518000.0,6876050000.0
TTKOM.IS:2021Q1,TTKOM.IS,TTKOM,2021Q1,2021-03-31,2021-05-15,data/fundamentals/TTKOM_IS.parquet,XU100.IS,False,7586917000.0,2154309000.0,3601569000.0,1355606000.0,11295488000.0,1679113000.0,750033000.0
TTKOM.IS:2021Q2,TTKOM.IS,TTKOM,2021Q2,2021-06-30,2021-08-15,data/fundamentals/TTKOM_IS.parquet,XU100.IS,False,15768298000.0,4473907000.0,7419777000.0,2628015000.0,12482253000.0,4573314000.0,2526465000.0
TTKOM.IS:2021Q3,TTKOM.IS,TTKOM,2021Q3,2021-09-30,2021-11-15,data/fundamentals/TTKOM_IS.parquet,XU100.IS,False,24408534000.0,6942842000.0,11428435000.0,4677896000.0,15267129000.0,8458632000.0,5028283000.0
TTKOM.IS:2021Q4,TTKOM.IS,TTKOM,2021Q4,2021-12-31,2022-03-15,data/fundamentals/TTKOM_IS.parquet,XU100.IS,False,34272934000.0,9215016000.0,15384341000.0,5761454000.0,14249904000.0,15681072000.0,8287984000.0
TTKOM.IS:2022Q1,TTKOM.IS,TTKOM,2022Q1,2022-03-31,2022-05-15,data/fundamentals/TTKOM_IS.parquet,XU100.IS,False,9471264000.0,2065381000.0,3880460000.0,560716000.0,10433946000.0,713724000.0,-3550086000.0
TTKOM.IS:2022Q2,TTKOM.IS,TTKOM,2022Q2,2022-06-30,2022-08-15,data/fundamentals/TTKOM_IS.parquet,XU100.IS,False,20203062000.0,4272297000.0,7994777000.0,1952871000.0,12055519000.0,4392947000.0,-2357542000.0
TTKOM.IS:2022Q3,TTKOM.IS,TTKOM,2022Q3,2022-09-30,2022-11-15,data/fundamentals/TTKOM_IS.parquet,XU100.IS,False,32755034000.0,6910330000.0,12669248000.0,3124184000.0,19452178000.0,8918053000.0,-865288000.0
TTKOM.IS:2022Q4,TTKOM.IS,TTKOM,2022Q4,2022-12-31,2023-03-15,data/fundamentals/TTKOM_IS.parquet,XU100.IS,False,91400927000.0,-277125000.0,32391846000.0,6909568000.0,80789393000.0,31891279000.0,2744053000.0
TTKOM.IS:2023Q1,TTKOM.IS,TTKOM,2023Q1,2023-03-31,2023-05-15,data/fundamentals/TTKOM_IS.parquet,XU100.IS,False,28670974000.0,-2032792000.0,7499849000.0,1342964000.0,20039225000.0,1283370000.0,-7079838000.0
TTKOM.IS:2023Q2,TTKOM.IS,TTKOM,2023Q2,2023-06-30,2023-08-15,data/fundamentals/TTKOM_IS.parquet,XU100.IS,False,60244908000.0,-2574164000.0,18732842000.0,-2279959000.0,20030222000.0,11190720000.0,-3595477000.0
TTKOM.IS:2023Q3,TTKOM.IS,TTKOM,2023Q3,2023-09-30,2023-11-15,data/fundamentals/TTKOM_IS.parquet,XU100.IS,False,100446265000.0,-2978333000.0,32597549000.0,558567000.0,32453546000.0,21426334000.0,-1468501000.0
TTKOM.IS:2023Q4,TTKOM.IS,TTKOM,2023Q4,2023-12-31,2024-03-15,data/fundamentals/TTKOM_IS.parquet,XU100.IS,False,144645378000.0,-4087852000.0,47133504000.0,23709235000.0,141910201000.0,42120697000.0,5989409000.0
TTKOM.IS:2024Q1,TTKOM.IS,TTKOM,2024Q1,2024-03-31,2024-05-15,data/fundamentals/TTKOM_IS.parquet,XU100.IS,False,38544584000.0,3365302000.0,13248156000.0,3535757000.0,113542527000.0,5856600000.0,-184736000.0
TTKOM.IS:2024Q2,TTKOM.IS,TTKOM,2024Q2,2024-06-30,2024-08-15,data/fundamentals/TTKOM_IS.parquet,XU100.IS,False,85394657000.0,10151889000.0,31261724000.0,8017116000.0,123300093000.0,19472298000.0,4084837000.0
TTKOM.IS:2024Q3,TTKOM.IS,TTKOM,2024Q3,2024-09-30,2024-11-15,data/fundamentals/TTKOM_IS.parquet,XU100.IS,False,145591325000.0,21479417000.0,55328210000.0,12594701000.0,135063972000.0,39555813000.0,10924024000.0
TTKOM.IS:2024Q4,TTKOM.IS,TTKOM,2024Q4,2024-12-31,2025-03-15,data/fundamentals/TTKOM_IS.parquet,XU100.IS,False,211588662850.0,30125965038.0,77273531083.0,11068445116.0,191222662056.0,71224721696.0,19828607940.0
TTKOM.IS:2025Q1,TTKOM.IS,TTKOM,2025Q1,2025-03-31,2025-05-15,data/fundamentals/TTKOM_IS.parquet,XU100.IS,False,59671004000.0,10584240000.0,23250699000.0,6719013000.0,165220752000.0,18333506000.0,20422179000.0
TTKOM.IS:2025Q2,TTKOM.IS,TTKOM,2025Q2,2025-06-30,2025-08-15,data/fundamentals/TTKOM_IS.parquet,XU100.IS,False,130474528000.0,25837274000.0,52759610000.0,13628295000.0,179584933000.0,46461553000.0,32137600000.0
TTKOM.IS:2025Q3,TTKOM.IS,TTKOM,2025Q3,2025-09-30,2025-11-15,data/fundamentals/TTKOM_IS.parquet,XU100.IS,False,165695132000.0,36741002000.0,69573793000.0,21332614000.0,202689319000.0,63357620000.0,31709394000.0
TTKOM.IS:2025Q4,TTKOM.IS,TTKOM,2025Q4,2025-12-31,2026-03-15,data/fundamentals/TTKOM_IS.parquet,XU100.IS,False,285244723181.0,61116867923.0,116701069576.0,27061523150.0,250162679981.0,114195151646.0,42528145672.0
TTKOM.IS:2026Q1,TTKOM.IS,TTKOM,2026Q1,2026-03-31,2026-05-15,data/fundamentals/TTKOM_IS.parquet,XU100.IS,False,64858147000.0,12593884000.0,27297525000.0,10457008000.0,243598033000.0,-11699246000.0,-47018604000.0
TTKOM.IS:2026Q2,TTKOM.IS,TTKOM,2026Q2,2026-06-30,2026-08-15,data/fundamentals/TTKOM_IS.parquet,XU100.IS,False,142212593000.0,25118850000.0,57664614000.0,17152145000.0,265254669000.0,13316755000.0,-46411159000.0
TTRAK.IS:2018Q1,TTRAK.IS,TTRAK,2018Q1,2018-03-31,2018-05-15,data/fundamentals/TTRAK_IS.parquet,XUSIN.IS,False,1047973517.0,82473419.0,102163244.0,56201064.0,506430286.0,-86876463.0,-115482027.0
TTRAK.IS:2018Q2,TTRAK.IS,TTRAK,2018Q2,2018-06-30,2018-08-15,data/fundamentals/TTRAK_IS.parquet,XUSIN.IS,False,2124846690.0,206265495.0,246361673.0,136754007.0,573270784.0,-298213409.0,-357337388.0
TTRAK.IS:2018Q3,TTRAK.IS,TTRAK,2018Q3,2018-09-30,2018-11-15,data/fundamentals/TTRAK_IS.parquet,XUSIN.IS,False,3000998985.0,326447003.0,388059926.0,165930032.0,568112737.0,-168976814.0,-281983372.0
TTRAK.IS:2018Q4,TTRAK.IS,TTRAK,2018Q4,2018-12-31,2019-03-15,data/fundamentals/TTRAK_IS.parquet,XUSIN.IS,False,3908943513.0,410918822.0,498124440.0,240106649.0,651857722.0,104847721.0,-119776731.0
TTRAK.IS:2019Q1,TTRAK.IS,TTRAK,2019Q1,2019-03-31,2019-05-15,data/fundamentals/TTRAK_IS.parquet,XUSIN.IS,False,817964375.0,19017914.0,50751553.0,7581947.0,656664423.0,23606082.0,-13509605.0
TTRAK.IS:2019Q2,TTRAK.IS,TTRAK,2019Q2,2019-06-30,2019-08-15,data/fundamentals/TTRAK_IS.parquet,XUSIN.IS,False,1739811538.0,79301104.0,142912221.0,21358998.0,667740385.0,434143505.0,365066596.0
TTRAK.IS:2019Q3,TTRAK.IS,TTRAK,2019Q3,2019-09-30,2019-11-15,data/fundamentals/TTRAK_IS.parquet,XUSIN.IS,False,2722983090.0,149724924.0,245394874.0,43604161.0,699037079.0,717841943.0,630469847.0
TTRAK.IS:2019Q4,TTRAK.IS,TTRAK,2019Q4,2019-12-31,2020-03-15,data/fundamentals/TTRAK_IS.parquet,XUSIN.IS,False,3806474633.0,247803104.0,372908302.0,111893466.0,764014265.0,1059096190.0,929184578.0
TTRAK.IS:2020Q1,TTRAK.IS,TTRAK,2020Q1,2020-03-31,2020-05-15,data/fundamentals/TTRAK_IS.parquet,XUSIN.IS,False,1190601222.0,110419353.0,144516364.0,83994416.0,746923253.0,421116271.0,395975161.0
TTRAK.IS:2020Q2,TTRAK.IS,TTRAK,2020Q2,2020-06-30,2020-08-15,data/fundamentals/TTRAK_IS.parquet,XUSIN.IS,False,2178599530.0,211187820.0,278420449.0,160561630.0,824137527.0,392023311.0,358109324.0
TTRAK.IS:2020Q3,TTRAK.IS,TTRAK,2020Q3,2020-09-30,2020-11-15,data/fundamentals/TTRAK_IS.parquet,XUSIN.IS,False,3802684784.0,490459238.0,590894492.0,360439880.0,1020809138.0,1031984232.0,973854787.0
TTRAK.IS:2020Q4,TTRAK.IS,TTRAK,2020Q4,2020-12-31,2021-03-15,data/fundamentals/TTRAK_IS.parquet,XUSIN.IS,False,6243308297.0,928043265.0,1057131395.0,776443043.0,1441166437.0,1599211443.0,1473795106.0
TTRAK.IS:2021Q1,TTRAK.IS,TTRAK,2021Q1,2021-03-31,2021-05-15,data/fundamentals/TTRAK_IS.parquet,XUSIN.IS,False,2683930780.0,382314061.0,420825346.0,348257910.0,947336530.0,506042175.0,477960027.0
TTRAK.IS:2021Q2,TTRAK.IS,TTRAK,2021Q2,2021-06-30,2021-08-15,data/fundamentals/TTRAK_IS.parquet,XUSIN.IS,False,5576419981.0,785694691.0,862329897.0,608460900.0,1213561833.0,672870975.0,564186711.0
TTRAK.IS:2021Q3,TTRAK.IS,TTRAK,2021Q3,2021-09-30,2021-11-15,data/fundamentals/TTRAK_IS.parquet,XUSIN.IS,False,8043340383.0,1076965775.0,1192576676.0,830238758.0,1430077486.0,369543885.0,201733830.0
TTRAK.IS:2021Q4,TTRAK.IS,TTRAK,2021Q4,2021-12-31,2022-03-15,data/fundamentals/TTRAK_IS.parquet,XUSIN.IS,False,11644197445.0,1572532799.0,1733089163.0,1322187577.0,2050994098.0,886046934.0,523840859.0
TTRAK.IS:2022Q1,TTRAK.IS,TTRAK,2022Q1,2022-03-31,2022-05-15,data/fundamentals/TTRAK_IS.parquet,XUSIN.IS,False,3987989777.0,527183638.0,571570164.0,476595151.0,1305323985.0,196942285.0,65456956.0
TTRAK.IS:2022Q2,TTRAK.IS,TTRAK,2022Q2,2022-06-30,2022-08-15,data/fundamentals/TTRAK_IS.parquet,XUSIN.IS,False,8880752502.0,1213268603.0,1302993751.0,959322343.0,1740767176.0,-257679212.0,-557631302.0
TTRAK.IS:2022Q3,TTRAK.IS,TTRAK,2022Q3,2022-09-30,2022-11-15,data/fundamentals/TTRAK_IS.parquet,XUSIN.IS,False,14616448422.0,2073692052.0,2223087350.0,1612052669.0,2376733150.0,1041050185.0,609725775.0
TTRAK.IS:2022Q4,TTRAK.IS,TTRAK,2022Q4,2022-12-31,2023-03-15,data/fundamentals/TTRAK_IS.parquet,XUSIN.IS,False,41397462345.0,3972836288.0,4913650794.0,4309826295.0,9244446971.0,6826521952.0,4557756330.0
TTRAK.IS:2023Q1,TTRAK.IS,TTRAK,2023Q1,2023-03-31,2023-05-15,data/fundamentals/TTRAK_IS.parquet,XUSIN.IS,False,19395455224.0,2878298976.0,3189144882.0,2183742403.0,2956327658.0,7590955394.0,6859501427.0
TTRAK.IS:2023Q2,TTRAK.IS,TTRAK,2023Q2,2023-06-30,2023-08-15,data/fundamentals/TTRAK_IS.parquet,XUSIN.IS,False,40119207784.0,7326248075.0,8002074554.0,5573954726.0,5058604395.0,10318731107.0,9788796564.0
TTRAK.IS:2023Q3,TTRAK.IS,TTRAK,2023Q3,2023-09-30,2023-11-15,data/fundamentals/TTRAK_IS.parquet,XUSIN.IS,False,59264714550.0,11652469971.0,12738553014.0,8103224202.0,7757455846.0,12512807471.0,10935758760.0
TTRAK.IS:2023Q4,TTRAK.IS,TTRAK,2023Q4,2023-12-31,2024-03-15,data/fundamentals/TTRAK_IS.parquet,XUSIN.IS,False,84366889719.0,17344357913.0,19047663618.0,13487523973.0,22230965306.0,14272351696.0,12699727235.0
TTRAK.IS:2024Q1,TTRAK.IS,TTRAK,2024Q1,2024-03-31,2024-05-15,data/fundamentals/TTRAK_IS.parquet,XUSIN.IS,False,22917845597.0,3195482873.0,3699300881.0,2414205334.0,13157104538.0,-1425513959.0,-2186546519.0
TTRAK.IS:2024Q2,TTRAK.IS,TTRAK,2024Q2,2024-06-30,2024-08-15,data/fundamentals/TTRAK_IS.parquet,XUSIN.IS,False,45468333389.0,6544644935.0,7541664509.0,5180466906.0,16168639976.0,5629489285.0,2607229650.0
TTRAK.IS:2024Q3,TTRAK.IS,TTRAK,2024Q3,2024-09-30,2024-11-15,data/fundamentals/TTRAK_IS.parquet,XUSIN.IS,False,66075206821.0,8855902919.0,10527008198.0,6804245626.0,18516588740.0,8050254183.0,4111471260.0
TTRAK.IS:2024Q4,TTRAK.IS,TTRAK,2024Q4,2024-12-31,2025-03-15,data/fundamentals/TTRAK_IS.parquet,XUSIN.IS,False,87658106372.0,10421238889.0,12851125482.0,7513921497.0,22209169155.0,7030125328.0,2057191328.0
TTRAK.IS:2025Q1,TTRAK.IS,TTRAK,2025Q1,2025-03-31,2025-05-15,data/fundamentals/TTRAK_IS.parquet,XUSIN.IS,False,16649739465.0,494053967.0,1295787646.0,309242626.0,14053116529.0,1303265760.0,-254679567.0
TTRAK.IS:2025Q2,TTRAK.IS,TTRAK,2025Q2,2025-06-30,2025-08-15,data/fundamentals/TTRAK_IS.parquet,XUSIN.IS,False,34317680538.0,1531326638.0,3014810976.0,778084511.0,15158613910.0,3572205429.0,1460299977.0
TTRAK.IS:2025Q3,TTRAK.IS,TTRAK,2025Q3,2025-09-30,2025-11-15,data/fundamentals/TTRAK_IS.parquet,XUSIN.IS,False,39220337489.0,1972702960.0,4036480293.0,916706471.0,16543004715.0,1914289378.0,-723852951.0
TTRAK.IS:2025Q4,TTRAK.IS,TTRAK,2025Q4,2025-12-31,2026-03-15,data/fundamentals/TTRAK_IS.parquet,XUSIN.IS,False,63397969740.0,2450281290.0,5835777557.0,535570984.0,19683009421.0,7330630721.0,3343099972.0
TTRAK.IS:2026Q1,TTRAK.IS,TTRAK,2026Q1,2026-03-31,2026-05-15,data/fundamentals/TTRAK_IS.parquet,XUSIN.IS,False,10055910733.0,-862167465.0,26339450.0,-1275590032.0,17091099555.0,991718014.0,559887200.0
TTRAK.IS:2026Q2,TTRAK.IS,TTRAK,2026Q2,2026-06-30,2026-08-15,data/fundamentals/TTRAK_IS.parquet,XUSIN.IS,False,23679878732.0,-1140083317.0,597842589.0,-669152912.0,18976413610.0,2488205096.0,689760707.0
TUPRS.IS:2018Q1,TUPRS.IS,TUPRS,2018Q1,2018-03-31,2018-05-15,data/fundamentals/TUPRS_IS.parquet,XUSIN.IS,False,13421408000.0,801229000.0,956691000.0,386787000.0,7341450000.0,-618947000.0,-741775000.0
TUPRS.IS:2018Q2,TUPRS.IS,TUPRS,2018Q2,2018-06-30,2018-08-15,data/fundamentals/TUPRS_IS.parquet,XUSIN.IS,False,33502180000.0,2744718000.0,3054965000.0,1422077000.0,8052826000.0,2023996000.0,1716032000.0
TUPRS.IS:2018Q3,TUPRS.IS,TUPRS,2018Q3,2018-09-30,2018-11-15,data/fundamentals/TUPRS_IS.parquet,XUSIN.IS,False,63749246000.0,6330215000.0,6796399000.0,1972764000.0,7517618000.0,2854585000.0,2319445000.0
TUPRS.IS:2018Q4,TUPRS.IS,TUPRS,2018Q4,2018-12-31,2019-03-15,data/fundamentals/TUPRS_IS.parquet,XUSIN.IS,False,88552170000.0,7916939000.0,8539433000.0,3761445000.0,9945829000.0,1351978000.0,635996000.0
TUPRS.IS:2019Q1,TUPRS.IS,TUPRS,2019Q1,2019-03-31,2019-05-15,data/fundamentals/TUPRS_IS.parquet,XUSIN.IS,False,20707888000.0,618328000.0,789376000.0,-362295000.0,11814676000.0,4477841000.0,4419872000.0
TUPRS.IS:2019Q2,TUPRS.IS,TUPRS,2019Q2,2019-06-30,2019-08-15,data/fundamentals/TUPRS_IS.parquet,XUSIN.IS,False,44660839000.0,1869303000.0,2214164000.0,523609000.0,13025558000.0,7801098000.0,7165847000.0
TUPRS.IS:2019Q3,TUPRS.IS,TUPRS,2019Q3,2019-09-30,2019-11-15,data/fundamentals/TUPRS_IS.parquet,XUSIN.IS,False,67970220000.0,2575956000.0,3098746000.0,383437000.0,12999844000.0,9846733000.0,8937068000.0
TUPRS.IS:2019Q4,TUPRS.IS,TUPRS,2019Q4,2019-12-31,2020-03-15,data/fundamentals/TUPRS_IS.parquet,XUSIN.IS,False,89600776000.0,3100927000.0,3807043000.0,585330000.0,13136540000.0,11334588000.0,10094416000.0
TUPRS.IS:2020Q1,TUPRS.IS,TUPRS,2020Q1,2020-03-31,2020-05-15,data/fundamentals/TUPRS_IS.parquet,XUSIN.IS,False,16939537000.0,-1366745000.0,-1180580000.0,-2249085000.0,10791171000.0,-2342625000.0,-2542026000.0
TUPRS.IS:2020Q2,TUPRS.IS,TUPRS,2020Q2,2020-06-30,2020-08-15,data/fundamentals/TUPRS_IS.parquet,XUSIN.IS,False,26219118000.0,-996831000.0,-621333000.0,-2411376000.0,10328337000.0,-329167000.0,-658581000.0
TUPRS.IS:2020Q3,TUPRS.IS,TUPRS,2020Q3,2020-09-30,2020-11-15,data/fundamentals/TUPRS_IS.parquet,XUSIN.IS,False,43254101000.0,-306094000.0,261526000.0,-2806342000.0,9870505000.0,-5528990000.0,-6071766000.0
TUPRS.IS:2020Q4,TUPRS.IS,TUPRS,2020Q4,2020-12-31,2021-03-15,data/fundamentals/TUPRS_IS.parquet,XUSIN.IS,False,63243815000.0,-248019000.0,494219000.0,-2422925000.0,12925433000.0,2114010000.0,1171606000.0
TUPRS.IS:2021Q1,TUPRS.IS,TUPRS,2021Q1,2021-03-31,2021-05-15,data/fundamentals/TUPRS_IS.parquet,XUSIN.IS,False,20418466000.0,1122225000.0,1315159000.0,-652256000.0,10727679000.0,-449584000.0,-623492000.0
TUPRS.IS:2021Q2,TUPRS.IS,TUPRS,2021Q2,2021-06-30,2021-08-15,data/fundamentals/TUPRS_IS.parquet,XUSIN.IS,False,54106184000.0,3395568000.0,3785242000.0,1070160000.0,12520268000.0,416355000.0,-93259000.0
TUPRS.IS:2021Q3,TUPRS.IS,TUPRS,2021Q3,2021-09-30,2021-11-15,data/fundamentals/TUPRS_IS.parquet,XUSIN.IS,False,95599650000.0,5806152000.0,6437715000.0,2136411000.0,13800305000.0,4162624000.0,3337826000.0
TUPRS.IS:2021Q4,TUPRS.IS,TUPRS,2021Q4,2021-12-31,2022-03-15,data/fundamentals/TUPRS_IS.parquet,XUSIN.IS,False,152492019000.0,12542463000.0,13395993000.0,3613224000.0,19081000000.0,-1429088000.0,-2985924000.0
TUPRS.IS:2022Q1,TUPRS.IS,TUPRS,2022Q1,2022-03-31,2022-05-15,data/fundamentals/TUPRS_IS.parquet,XUSIN.IS,False,77645678000.0,4614401000.0,4827204000.0,1145064000.0,15964997000.0,2290313000.0,2291718000.0
TUPRS.IS:2022Q2,TUPRS.IS,TUPRS,2022Q2,2022-06-30,2022-08-15,data/fundamentals/TUPRS_IS.parquet,XUSIN.IS,False,215130065000.0,20652028000.0,21105622000.0,11998965000.0,28150292000.0,30834296000.0,30162149000.0
TUPRS.IS:2022Q3,TUPRS.IS,TUPRS,2022Q3,2022-09-30,2022-11-15,data/fundamentals/TUPRS_IS.parquet,XUSIN.IS,False,365738864000.0,38160233000.0,38840488000.0,23617633000.0,45900318000.0,30136587000.0,28677772000.0
TUPRS.IS:2022Q4,TUPRS.IS,TUPRS,2022Q4,2022-12-31,2023-03-15,data/fundamentals/TUPRS_IS.parquet,XUSIN.IS,False,916751060000.0,96920562000.0,103202179000.0,61545237000.0,179412567000.0,82493808000.0,74925987000.0
TUPRS.IS:2023Q1,TUPRS.IS,TUPRS,2023Q1,2023-03-31,2023-05-15,data/fundamentals/TUPRS_IS.parquet,XUSIN.IS,False,173719696000.0,20071346000.0,22380443000.0,3117892000.0,61493223000.0,12110457000.0,12329109000.0
TUPRS.IS:2023Q2,TUPRS.IS,TUPRS,2023Q2,2023-06-30,2023-08-15,data/fundamentals/TUPRS_IS.parquet,XUSIN.IS,False,357349229000.0,44116240000.0,48309490000.0,12636572000.0,68356252000.0,19913123000.0,18560218000.0
TUPRS.IS:2023Q3,TUPRS.IS,TUPRS,2023Q3,2023-09-30,2023-11-15,data/fundamentals/TUPRS_IS.parquet,XUSIN.IS,False,681835607000.0,94549476000.0,100675466000.0,23763357000.0,72564910000.0,105027415000.0,97082891000.0
TUPRS.IS:2023Q4,TUPRS.IS,TUPRS,2023Q4,2023-12-31,2024-03-15,data/fundamentals/TUPRS_IS.parquet,XUSIN.IS,False,991202993000.0,130195946000.0,138950415000.0,77780087000.0,293003849000.0,123121104000.0,109333849000.0
TUPRS.IS:2024Q1,TUPRS.IS,TUPRS,2024Q1,2024-03-31,2024-05-15,data/fundamentals/TUPRS_IS.parquet,XUSIN.IS,False,228524890000.0,10111511000.0,13066717000.0,573467000.0,230216956000.0,-21488822000.0,-28754770000.0
TUPRS.IS:2024Q2,TUPRS.IS,TUPRS,2024Q2,2024-06-30,2024-08-15,data/fundamentals/TUPRS_IS.parquet,XUSIN.IS,False,499811923000.0,24994352000.0,31161258000.0,7456660000.0,235292313000.0,7292728000.0,2098996000.0
TUPRS.IS:2024Q3,TUPRS.IS,TUPRS,2024Q3,2024-09-30,2024-11-15,data/fundamentals/TUPRS_IS.parquet,XUSIN.IS,False,798873597000.0,43903319000.0,53498364000.0,18485240000.0,245109097000.0,26780687000.0,17414271000.0
TUPRS.IS:2024Q4,TUPRS.IS,TUPRS,2024Q4,2024-12-31,2025-03-15,data/fundamentals/TUPRS_IS.parquet,XUSIN.IS,False,1060732568259.0,53780956279.0,66367706596.0,24913574648.0,374676308107.0,46167073862.0,30603383027.0
TUPRS.IS:2025Q1,TUPRS.IS,TUPRS,2025Q1,2025-03-31,2025-05-15,data/fundamentals/TUPRS_IS.parquet,XUSIN.IS,False,207582495000.0,8831168000.0,12761209000.0,157204000.0,286509048000.0,-26462312000.0,-30498575000.0
TUPRS.IS:2025Q2,TUPRS.IS,TUPRS,2025Q2,2025-06-30,2025-08-15,data/fundamentals/TUPRS_IS.parquet,XUSIN.IS,False,464119398000.0,23450980000.0,32005314000.0,11981560000.0,311488553000.0,15012559000.0,3641017000.0
TUPRS.IS:2025Q3,TUPRS.IS,TUPRS,2025Q3,2025-09-30,2025-11-15,data/fundamentals/TUPRS_IS.parquet,XUSIN.IS,False,598344047000.0,35383199000.0,45831599000.0,22006621000.0,348455191000.0,49154911000.0,36434078000.0
TUPRS.IS:2025Q4,TUPRS.IS,TUPRS,2025Q4,2025-12-31,2026-03-15,data/fundamentals/TUPRS_IS.parquet,XUSIN.IS,False,977814685134.0,55872653384.0,73095844871.0,35177601845.0,435503791694.0,58248914527.0,35384483460.0
TUPRS.IS:2026Q1,TUPRS.IS,TUPRS,2026Q1,2026-03-31,2026-05-15,data/fundamentals/TUPRS_IS.parquet,XUSIN.IS,False,258253850000.0,11656197000.0,15795554000.0,3815100000.0,360078541000.0,6288383000.0,3378805000.0
TUPRS.IS:2026Q2,TUPRS.IS,TUPRS,2026Q2,2026-06-30,2026-08-15,data/fundamentals/TUPRS_IS.parquet,XUSIN.IS,False,662788010000.0,62373927000.0,71246239000.0,50272473000.0,463306781000.0,132366363000.0,118801801000.0
TUREX.IS:2018Q4,TUREX.IS,TUREX,2018Q4,2018-12-31,2019-03-15,data/fundamentals/TUREX_IS.parquet,XU100.IS,False,374416206.0,38598497.0,54975891.0,11734481.0,71463778.0,54517232.0,8832411.0
TUREX.IS:2019Q4,TUREX.IS,TUREX,2019Q4,2019-12-31,2020-03-15,data/fundamentals/TUREX_IS.parquet,XU100.IS,False,469493808.0,76123555.0,94119675.0,48172835.0,138121279.0,78362882.0,25253502.0
TUREX.IS:2020Q1,TUREX.IS,TUREX,2020Q1,2020-03-31,2020-05-15,data/fundamentals/TUREX_IS.parquet,XU100.IS,False,114052859.0,11055119.0,16072638.0,8402959.0,0.0,16830142.0,15123274.0
TUREX.IS:2020Q2,TUREX.IS,TUREX,2020Q2,2020-06-30,2020-08-15,data/fundamentals/TUREX_IS.parquet,XU100.IS,False,207723367.0,24701911.0,34760591.0,17985053.0,0.0,48812268.0,41421369.0
TUREX.IS:2020Q3,TUREX.IS,TUREX,2020Q3,2020-09-30,2020-11-15,data/fundamentals/TUREX_IS.parquet,XU100.IS,False,332762883.0,43375587.0,58607493.0,31545360.0,0.0,65161773.0,57967150.0
TUREX.IS:2020Q4,TUREX.IS,TUREX,2020Q4,2020-12-31,2021-03-15,data/fundamentals/TUREX_IS.parquet,XU100.IS,False,469376961.0,76391225.0,98922057.0,60383710.0,216533677.0,69623326.0,-13713917.0
TUREX.IS:2021Q1,TUREX.IS,TUREX,2021Q1,2021-03-31,2021-05-15,data/fundamentals/TUREX_IS.parquet,XU100.IS,False,142979101.0,14533896.0,21957526.0,7654868.0,230782215.0,12685269.0,10915360.0
TUREX.IS:2021Q2,TUREX.IS,TUREX,2021Q2,2021-06-30,2021-08-15,data/fundamentals/TUREX_IS.parquet,XU100.IS,False,282601321.0,36037127.0,50899523.0,27452443.0,338642743.0,46341249.0,-62250171.0
TUREX.IS:2021Q3,TUREX.IS,TUREX,2021Q3,2021-09-30,2021-11-15,data/fundamentals/TUREX_IS.parquet,XU100.IS,False,420258700.0,50646104.0,73216160.0,39810493.0,351618277.0,67471688.0,-9216218.0
TUREX.IS:2021Q4,TUREX.IS,TUREX,2021Q4,2021-12-31,2022-03-15,data/fundamentals/TUREX_IS.parquet,XU100.IS,False,591124451.0,69936307.0,103755165.0,52464222.0,370360205.0,83311995.0,-19176705.0
TUREX.IS:2022Q1,TUREX.IS,TUREX,2022Q1,2022-03-31,2022-05-15,data/fundamentals/TUREX_IS.parquet,XU100.IS,False,208741296.0,8375102.0,18301904.0,6208172.0,374828742.0,1108758.0,-17731058.0
TUREX.IS:2022Q2,TUREX.IS,TUREX,2022Q2,2022-06-30,2022-08-15,data/fundamentals/TUREX_IS.parquet,XU100.IS,False,474663550.0,20248158.0,41389986.0,14072173.0,383419994.0,35459719.0,-56745614.0
TUREX.IS:2022Q3,TUREX.IS,TUREX,2022Q3,2022-09-30,2022-11-15,data/fundamentals/TUREX_IS.parquet,XU100.IS,False,806405934.0,29933048.0,64245553.0,19310640.0,387107964.0,70439900.0,-91080803.0
TUREX.IS:2022Q4,TUREX.IS,TUREX,2022Q4,2022-12-31,2023-03-15,data/fundamentals/TUREX_IS.parquet,XU100.IS,False,2429651000.0,287276000.0,383286000.0,21104000.0,1476560000.0,176132000.0,-54781000.0
TUREX.IS:2023Q1,TUREX.IS,TUREX,2023Q1,2023-03-31,2023-05-15,data/fundamentals/TUREX_IS.parquet,XU100.IS,False,865380000.0,68265000.0,91917000.0,37017000.0,622349681.0,14499000.0,-87725000.0
TUREX.IS:2023Q2,TUREX.IS,TUREX,2023Q2,2023-06-30,2023-08-15,data/fundamentals/TUREX_IS.parquet,XU100.IS,False,1925855000.0,342621000.0,456572000.0,118927000.0,705712430.0,291743000.0,34339000.0
TUREX.IS:2023Q3,TUREX.IS,TUREX,2023Q3,2023-09-30,2023-11-15,data/fundamentals/TUREX_IS.parquet,XU100.IS,False,3302952000.0,553281000.0,732951000.0,253891000.0,792321565.0,575577000.0,110706000.0
TUREX.IS:2023Q4,TUREX.IS,TUREX,2023Q4,2023-12-31,2024-03-15,data/fundamentals/TUREX_IS.parquet,XU100.IS,False,4785680000.0,793298000.0,1058589000.0,676147000.0,5289431000.0,766346000.0,-87314000.0
TUREX.IS:2024Q1,TUREX.IS,TUREX,2024Q1,2024-03-31,2024-05-15,data/fundamentals/TUREX_IS.parquet,XU100.IS,False,1485243000.0,83658000.0,325964000.0,73668000.0,4268206000.0,295236000.0,208348000.0
TUREX.IS:2024Q2,TUREX.IS,TUREX,2024Q2,2024-06-30,2024-08-15,data/fundamentals/TUREX_IS.parquet,XU100.IS,False,2947692000.0,230147000.0,545885000.0,80270000.0,4627865000.0,630647000.0,485372000.0
TUREX.IS:2024Q3,TUREX.IS,TUREX,2024Q3,2024-09-30,2024-11-15,data/fundamentals/TUREX_IS.parquet,XU100.IS,False,2046016000.0,289774000.0,782043000.0,252523000.0,5121520000.0,817473000.0,626773000.0
TUREX.IS:2024Q4,TUREX.IS,TUREX,2024Q4,2024-12-31,2025-03-15,data/fundamentals/TUREX_IS.parquet,XU100.IS,False,6951603884.0,693391640.0,1364701744.0,279593868.0,6604629263.0,799108139.0,42276913.0
TUREX.IS:2025Q1,TUREX.IS,TUREX,2025Q1,2025-03-31,2025-05-15,data/fundamentals/TUREX_IS.parquet,XU100.IS,False,1841984000.0,126199000.0,357311000.0,52236000.0,5602015000.0,385151000.0,15896000.0
TUREX.IS:2025Q2,TUREX.IS,TUREX,2025Q2,2025-06-30,2025-08-15,data/fundamentals/TUREX_IS.parquet,XU100.IS,False,4303620000.0,335197000.0,836213000.0,375831000.0,6195735000.0,703046000.0,260099000.0
TUREX.IS:2025Q4,TUREX.IS,TUREX,2025Q4,2025-12-31,2026-03-15,data/fundamentals/TUREX_IS.parquet,XU100.IS,False,9331018749.0,1531161587.0,2485615192.0,720439261.0,8694296340.0,1985175840.0,667751766.0
TUREX.IS:2026Q1,TUREX.IS,TUREX,2026Q1,2026-03-31,2026-05-15,data/fundamentals/TUREX_IS.parquet,XU100.IS,False,1996394000.0,147887000.0,327170000.0,64035000.0,8186743000.0,378110000.0,-6047000.0
TUREX.IS:2026Q2,TUREX.IS,TUREX,2026Q2,2026-06-30,2026-08-15,data/fundamentals/TUREX_IS.parquet,XU100.IS,False,4364612000.0,530704000.0,867122000.0,278546000.0,8973311000.0,1041502000.0,171227000.0
TURSG.IS:2018Q1,TURSG.IS,TURSG,2018Q1,2018-03-31,2018-05-15,data/fundamentals/TURSG_IS.parquet,XU100.IS,True,224461326.0,224461326.0,,1277879.0,680244794.0,,
TURSG.IS:2018Q2,TURSG.IS,TURSG,2018Q2,2018-06-30,2018-08-15,data/fundamentals/TURSG_IS.parquet,XU100.IS,True,448806850.0,448806850.0,,19901592.0,695662074.0,,
TURSG.IS:2018Q3,TURSG.IS,TURSG,2018Q3,2018-09-30,2018-11-15,data/fundamentals/TURSG_IS.parquet,XU100.IS,True,684690518.0,684690518.0,,35733709.0,701938402.0,,
TURSG.IS:2018Q4,TURSG.IS,TURSG,2018Q4,2018-12-31,2019-03-15,data/fundamentals/TURSG_IS.parquet,XU100.IS,True,918955103.0,918955103.0,,10871374.0,802284360.0,,
TURSG.IS:2019Q1,TURSG.IS,TURSG,2019Q1,2019-03-31,2019-05-15,data/fundamentals/TURSG_IS.parquet,XU100.IS,True,235295804.0,235295804.0,,-21125583.0,775717677.0,,
TURSG.IS:2019Q2,TURSG.IS,TURSG,2019Q2,2019-06-30,2019-08-15,data/fundamentals/TURSG_IS.parquet,XU100.IS,True,519808229.0,519808229.0,,41763311.0,839109711.0,,
TURSG.IS:2019Q3,TURSG.IS,TURSG,2019Q3,2019-09-30,2019-11-15,data/fundamentals/TURSG_IS.parquet,XU100.IS,True,2394625338.0,2394625338.0,,485757706.0,1161624754.0,,
TURSG.IS:2019Q4,TURSG.IS,TURSG,2019Q4,2019-12-31,2020-03-15,data/fundamentals/TURSG_IS.parquet,XU100.IS,True,3254552444.0,3254552444.0,,828378599.0,2484251273.0,,
TURSG.IS:2020Q1,TURSG.IS,TURSG,2020Q1,2020-03-31,2020-05-15,data/fundamentals/TURSG_IS.parquet,XU100.IS,True,898684337.0,898684337.0,,319342690.0,1425099430.0,,
TURSG.IS:2020Q2,TURSG.IS,TURSG,2020Q2,2020-06-30,2020-08-15,data/fundamentals/TURSG_IS.parquet,XU100.IS,True,1838540070.0,1838540070.0,,679045274.0,1602698978.0,,
TURSG.IS:2020Q3,TURSG.IS,TURSG,2020Q3,2020-09-30,2020-11-15,data/fundamentals/TURSG_IS.parquet,XU100.IS,True,2836008567.0,2836008567.0,,960973318.0,3142802609.0,,
TURSG.IS:2020Q4,TURSG.IS,TURSG,2020Q4,2020-12-31,2021-03-15,data/fundamentals/TURSG_IS.parquet,XU100.IS,True,3685986049.0,3685986049.0,,1153019269.0,3459501032.0,,
TURSG.IS:2021Q1,TURSG.IS,TURSG,2021Q1,2021-03-31,2021-05-15,data/fundamentals/TURSG_IS.parquet,XU100.IS,True,914247015.0,914247015.0,,329363651.0,3856393275.0,,
TURSG.IS:2021Q2,TURSG.IS,TURSG,2021Q2,2021-06-30,2021-08-15,data/fundamentals/TURSG_IS.parquet,XU100.IS,True,1959503163.0,1959503163.0,,634089512.0,3774889029.0,,
TURSG.IS:2021Q3,TURSG.IS,TURSG,2021Q3,2021-09-30,2021-11-15,data/fundamentals/TURSG_IS.parquet,XU100.IS,True,3018505436.0,3018505436.0,,783936943.0,3851998265.0,,
TURSG.IS:2021Q4,TURSG.IS,TURSG,2021Q4,2021-12-31,2022-03-15,data/fundamentals/TURSG_IS.parquet,XU100.IS,True,4100973479.0,4100973479.0,,1058300968.0,4220065907.0,,
TURSG.IS:2022Q1,TURSG.IS,TURSG,2022Q1,2022-03-31,2022-05-15,data/fundamentals/TURSG_IS.parquet,XU100.IS,True,1261365205.0,1261365205.0,,306648628.0,4013698650.0,,
TURSG.IS:2022Q2,TURSG.IS,TURSG,2022Q2,2022-06-30,2022-08-15,data/fundamentals/TURSG_IS.parquet,XU100.IS,True,2521681219.0,2521681219.0,,314779050.0,4010769838.0,,
TURSG.IS:2022Q3,TURSG.IS,TURSG,2022Q3,2022-09-30,2022-11-15,data/fundamentals/TURSG_IS.parquet,XU100.IS,True,4701809229.0,4701809229.0,,517588747.0,4362053239.0,,
TURSG.IS:2022Q4,TURSG.IS,TURSG,2022Q4,2022-12-31,2023-03-15,data/fundamentals/TURSG_IS.parquet,XU100.IS,True,6892543489.0,6892543489.0,,941403358.0,6420726465.0,,
TURSG.IS:2023Q1,TURSG.IS,TURSG,2023Q1,2023-03-31,2023-05-15,data/fundamentals/TURSG_IS.parquet,XU100.IS,True,3373755711.0,3373755711.0,,537027576.0,6743644841.0,,
TURSG.IS:2023Q2,TURSG.IS,TURSG,2023Q2,2023-06-30,2023-08-15,data/fundamentals/TURSG_IS.parquet,XU100.IS,True,8321811386.0,8321811386.0,,2869900152.0,9243957850.0,,
TURSG.IS:2023Q3,TURSG.IS,TURSG,2023Q3,2023-09-30,2023-11-15,data/fundamentals/TURSG_IS.parquet,XU100.IS,True,13825567758.0,13825567758.0,,5102088484.0,12239517267.0,,
TURSG.IS:2023Q4,TURSG.IS,TURSG,2023Q4,2023-12-31,2024-03-15,data/fundamentals/TURSG_IS.parquet,XU100.IS,True,20257540273.0,20257540273.0,,6155335809.0,15425582306.0,,
TURSG.IS:2024Q1,TURSG.IS,TURSG,2024Q1,2024-03-31,2024-05-15,data/fundamentals/TURSG_IS.parquet,XU100.IS,True,9968800257.0,9968800257.0,,3526611681.0,19045194900.0,,
TURSG.IS:2024Q2,TURSG.IS,TURSG,2024Q2,2024-06-30,2024-08-15,data/fundamentals/TURSG_IS.parquet,XU100.IS,True,19554356663.0,19554356663.0,,6569089716.0,21025768036.0,,
TURSG.IS:2024Q3,TURSG.IS,TURSG,2024Q3,2024-09-30,2024-11-15,data/fundamentals/TURSG_IS.parquet,XU100.IS,True,30889576024.0,30889576024.0,,9640179111.0,24074918416.0,,
TURSG.IS:2024Q4,TURSG.IS,TURSG,2024Q4,2024-12-31,2025-03-15,data/fundamentals/TURSG_IS.parquet,XU100.IS,True,42316867351.0,42316867351.0,,12720262824.0,28723094440.0,,
TURSG.IS:2025Q1,TURSG.IS,TURSG,2025Q1,2025-03-31,2025-05-15,data/fundamentals/TURSG_IS.parquet,XU100.IS,True,13011480042.0,13011480042.0,,4522972646.0,33131448226.0,,
TURSG.IS:2025Q2,TURSG.IS,TURSG,2025Q2,2025-06-30,2025-08-15,data/fundamentals/TURSG_IS.parquet,XU100.IS,True,27659913806.0,27659913806.0,,9334295423.0,36543987403.0,,
TURSG.IS:2025Q3,TURSG.IS,TURSG,2025Q3,2025-09-30,2025-11-15,data/fundamentals/TURSG_IS.parquet,XU100.IS,True,43333297215.0,43333297215.0,,14343921223.0,41601618526.0,,
TURSG.IS:2025Q4,TURSG.IS,TURSG,2025Q4,2025-12-31,2026-03-15,data/fundamentals/TURSG_IS.parquet,XU100.IS,True,59892225070.0,59892225070.0,,19425013374.0,51604704370.0,,
TURSG.IS:2026Q1,TURSG.IS,TURSG,2026Q1,2026-03-31,2026-05-15,data/fundamentals/TURSG_IS.parquet,XU100.IS,True,18340028567.0,18340028567.0,,6429735393.0,56688920441.0,,
TURSG.IS:2026Q2,TURSG.IS,TURSG,2026Q2,2026-06-30,2026-08-15,data/fundamentals/TURSG_IS.parquet,XU100.IS,True,39248890939.0,39248890939.0,,13450691418.0,61056076455.0,,
ULKER.IS:2018Q1,ULKER.IS,ULKER,2018Q1,2018-03-31,2018-05-15,data/fundamentals/ULKER_IS.parquet,XUSIN.IS,False,1407690000.0,190490000.0,224997000.0,152277000.0,2856709000.0,-55843000.0,242340000.0
ULKER.IS:2018Q2,ULKER.IS,ULKER,2018Q2,2018-06-30,2018-08-15,data/fundamentals/ULKER_IS.parquet,XUSIN.IS,False,2719959000.0,356464000.0,425316000.0,387961000.0,2890865000.0,-181585000.0,702281000.0
ULKER.IS:2018Q3,ULKER.IS,ULKER,2018Q3,2018-09-30,2018-11-15,data/fundamentals/ULKER_IS.parquet,XUSIN.IS,False,4157633000.0,553163000.0,660680000.0,644656000.0,3244557000.0,-128562000.0,1704342000.0
ULKER.IS:2018Q4,ULKER.IS,ULKER,2018Q4,2018-12-31,2019-03-15,data/fundamentals/ULKER_IS.parquet,XUSIN.IS,False,5955508000.0,789864000.0,939168000.0,787621000.0,3679732000.0,3378000.0,1381027000.0
ULKER.IS:2019Q1,ULKER.IS,ULKER,2019Q1,2019-03-31,2019-05-15,data/fundamentals/ULKER_IS.parquet,XUSIN.IS,False,1942360000.0,288919000.0,330208000.0,399446000.0,4125350000.0,51656000.0,174945000.0
ULKER.IS:2019Q2,ULKER.IS,ULKER,2019Q2,2019-06-30,2019-08-15,data/fundamentals/ULKER_IS.parquet,XUSIN.IS,False,3762858000.0,564014000.0,648778000.0,545380000.0,4590836000.0,211473000.0,1092670000.0
ULKER.IS:2019Q3,ULKER.IS,ULKER,2019Q3,2019-09-30,2019-11-15,data/fundamentals/ULKER_IS.parquet,XUSIN.IS,False,5655967000.0,837233000.0,963347000.0,818146000.0,4611554000.0,268460000.0,114981000.0
ULKER.IS:2019Q4,ULKER.IS,ULKER,2019Q4,2019-12-31,2020-03-15,data/fundamentals/ULKER_IS.parquet,XUSIN.IS,False,7803120000.0,1132416000.0,1303526000.0,1102425000.0,5197726000.0,795683000.0,1495162000.0
ULKER.IS:2020Q1,ULKER.IS,ULKER,2020Q1,2020-03-31,2020-05-15,data/fundamentals/ULKER_IS.parquet,XUSIN.IS,False,2376126000.0,371152000.0,415167000.0,-44143000.0,4930114000.0,77499000.0,-711458000.0
ULKER.IS:2020Q2,ULKER.IS,ULKER,2020Q2,2020-06-30,2020-08-15,data/fundamentals/ULKER_IS.parquet,XUSIN.IS,False,4520767000.0,705161000.0,794946000.0,495331000.0,5628782000.0,117066000.0,229378000.0
ULKER.IS:2020Q3,ULKER.IS,ULKER,2020Q3,2020-09-30,2020-11-15,data/fundamentals/ULKER_IS.parquet,XUSIN.IS,False,6976612000.0,1228698000.0,1374511000.0,820971000.0,6139376000.0,292658000.0,1033916000.0
ULKER.IS:2020Q4,ULKER.IS,ULKER,2020Q4,2020-12-31,2021-03-15,data/fundamentals/ULKER_IS.parquet,XUSIN.IS,False,9715630000.0,1722766000.0,1922060000.0,1268565000.0,6816693000.0,630027000.0,-137227000.0
ULKER.IS:2021Q1,ULKER.IS,ULKER,2021Q1,2021-03-31,2021-05-15,data/fundamentals/ULKER_IS.parquet,XUSIN.IS,False,2783757000.0,493412000.0,546384000.0,492976000.0,7099356000.0,-197696000.0,-1297856000.0
ULKER.IS:2021Q2,ULKER.IS,ULKER,2021Q2,2021-06-30,2021-08-15,data/fundamentals/ULKER_IS.parquet,XUSIN.IS,False,5442824000.0,883898000.0,993008000.0,740039000.0,7103476000.0,71257000.0,-1052395000.0
ULKER.IS:2021Q3,ULKER.IS,ULKER,2021Q3,2021-09-30,2021-11-15,data/fundamentals/ULKER_IS.parquet,XUSIN.IS,False,8418957000.0,1327262000.0,1495751000.0,773243000.0,3714041000.0,309308000.0,-914817000.0
ULKER.IS:2021Q4,ULKER.IS,ULKER,2021Q4,2021-12-31,2022-03-15,data/fundamentals/ULKER_IS.parquet,XUSIN.IS,False,12537080000.0,2098350000.0,2328359000.0,-162419000.0,4313902000.0,27339000.0,-1516485000.0
ULKER.IS:2022Q1,ULKER.IS,ULKER,2022Q1,2022-03-31,2022-05-15,data/fundamentals/ULKER_IS.parquet,XUSIN.IS,False,5886018000.0,1166560000.0,1244625000.0,-331056000.0,4094808000.0,360405000.0,43168000.0
ULKER.IS:2022Q2,ULKER.IS,ULKER,2022Q2,2022-06-30,2022-08-15,data/fundamentals/ULKER_IS.parquet,XUSIN.IS,False,11877060000.0,2217442000.0,2378996000.0,-885691000.0,4233107000.0,739351000.0,332464000.0
ULKER.IS:2022Q3,ULKER.IS,ULKER,2022Q3,2022-09-30,2022-11-15,data/fundamentals/ULKER_IS.parquet,XUSIN.IS,False,19178880000.0,3382337000.0,3632746000.0,-985793000.0,4550850000.0,562839000.0,879501000.0
ULKER.IS:2022Q4,ULKER.IS,ULKER,2022Q4,2022-12-31,2023-03-15,data/fundamentals/ULKER_IS.parquet,XUSIN.IS,False,51981208000.0,5535137000.0,6702904000.0,1429506000.0,15643115000.0,4021785000.0,14358475000.0
ULKER.IS:2023Q1,ULKER.IS,ULKER,2023Q1,2023-03-31,2023-05-15,data/fundamentals/ULKER_IS.parquet,XUSIN.IS,False,18804838000.0,3481161000.0,3841997000.0,2699513000.0,8722442000.0,188699000.0,620777000.0
ULKER.IS:2023Q2,ULKER.IS,ULKER,2023Q2,2023-06-30,2023-08-15,data/fundamentals/ULKER_IS.parquet,XUSIN.IS,False,38340257000.0,6488723000.0,7265239000.0,679997000.0,8639324000.0,2875651000.0,2537810000.0
ULKER.IS:2023Q3,ULKER.IS,ULKER,2023Q3,2023-09-30,2023-11-15,data/fundamentals/ULKER_IS.parquet,XUSIN.IS,False,56149663000.0,9771819000.0,11002053000.0,4069401000.0,10509042000.0,5858853000.0,5737917000.0
ULKER.IS:2023Q4,ULKER.IS,ULKER,2023Q4,2023-12-31,2024-03-15,data/fundamentals/ULKER_IS.parquet,XUSIN.IS,False,80615534000.0,13595398000.0,15304999000.0,6096775000.0,28589846000.0,10613347000.0,9994154000.0
ULKER.IS:2024Q1,ULKER.IS,ULKER,2024Q1,2024-03-31,2024-05-15,data/fundamentals/ULKER_IS.parquet,XUSIN.IS,False,27069643000.0,5061872000.0,5582526000.0,3426471000.0,23486439000.0,-1261460000.0,-1511286000.0
ULKER.IS:2024Q2,ULKER.IS,ULKER,2024Q2,2024-06-30,2024-08-15,data/fundamentals/ULKER_IS.parquet,XUSIN.IS,False,49370684000.0,8834542000.0,9881632000.0,5434480000.0,26009650000.0,3003562000.0,3092094000.0
ULKER.IS:2024Q3,ULKER.IS,ULKER,2024Q3,2024-09-30,2024-11-15,data/fundamentals/ULKER_IS.parquet,XUSIN.IS,False,77330367000.0,12859513000.0,14491393000.0,6520735000.0,29046912000.0,1666173000.0,1961288000.0
ULKER.IS:2024Q4,ULKER.IS,ULKER,2024Q4,2024-12-31,2025-03-15,data/fundamentals/ULKER_IS.parquet,XUSIN.IS,False,110077710239.0,18030848926.0,20413908696.0,10492467821.0,43817645567.0,7576119981.0,8025373867.0
ULKER.IS:2025Q1,ULKER.IS,ULKER,2025Q1,2025-03-31,2025-05-15,data/fundamentals/ULKER_IS.parquet,XUSIN.IS,False,35285011000.0,6495589000.0,7177396000.0,3375142000.0,39176543000.0,-7513538000.0,-6793322000.0
ULKER.IS:2025Q2,ULKER.IS,ULKER,2025Q2,2025-06-30,2025-08-15,data/fundamentals/ULKER_IS.parquet,XUSIN.IS,False,68221347000.0,10727028000.0,12135321000.0,4610844000.0,38373555000.0,-5919407000.0,-3668230000.0
ULKER.IS:2025Q3,ULKER.IS,ULKER,2025Q3,2025-09-30,2025-11-15,data/fundamentals/ULKER_IS.parquet,XUSIN.IS,False,80925915000.0,12611523000.0,14382507000.0,4855032000.0,42583578000.0,-2365851000.0,373647000.0
ULKER.IS:2025Q4,ULKER.IS,ULKER,2025Q4,2025-12-31,2026-03-15,data/fundamentals/ULKER_IS.parquet,XUSIN.IS,False,131777147307.0,18798891683.0,21686443622.0,6130755657.0,54022501762.0,6951740634.0,10438404103.0
ULKER.IS:2026Q1,ULKER.IS,ULKER,2026Q1,2026-03-31,2026-05-15,data/fundamentals/ULKER_IS.parquet,XUSIN.IS,False,33906421000.0,4246223000.0,5129759000.0,1835127000.0,51814711000.0,-4531892000.0,-3906339000.0
ULKER.IS:2026Q2,ULKER.IS,ULKER,2026Q2,2026-06-30,2026-08-15,data/fundamentals/ULKER_IS.parquet,XUSIN.IS,False,63277180000.0,6488620000.0,8290375000.0,3295486000.0,53696149000.0,904483000.0,1736641000.0
VAKBN.IS:2018Q1,VAKBN.IS,VAKBN,2018Q1,2018-03-31,2018-05-15,data/fundamentals/VAKBN_IS.parquet,XBANK.IS,True,5494766000.0,5494766000.0,,1051421000.0,24999102000.0,,
VAKBN.IS:2018Q2,VAKBN.IS,VAKBN,2018Q2,2018-06-30,2018-08-15,data/fundamentals/VAKBN_IS.parquet,XBANK.IS,True,11801088000.0,11801088000.0,,2125261000.0,26087389000.0,,
VAKBN.IS:2018Q3,VAKBN.IS,VAKBN,2018Q3,2018-09-30,2018-11-15,data/fundamentals/VAKBN_IS.parquet,XBANK.IS,True,19492247000.0,19492247000.0,,3110119000.0,26692436000.0,,
VAKBN.IS:2018Q4,VAKBN.IS,VAKBN,2018Q4,2018-12-31,2019-03-15,data/fundamentals/VAKBN_IS.parquet,XBANK.IS,True,27331620000.0,27331620000.0,,4154322000.0,28350190000.0,,
VAKBN.IS:2019Q1,VAKBN.IS,VAKBN,2019Q1,2019-03-31,2019-05-15,data/fundamentals/VAKBN_IS.parquet,XBANK.IS,True,7969735000.0,7969735000.0,,651222000.0,28615328000.0,,
VAKBN.IS:2019Q2,VAKBN.IS,VAKBN,2019Q2,2019-06-30,2019-08-15,data/fundamentals/VAKBN_IS.parquet,XBANK.IS,True,16810563000.0,16810563000.0,,1018791000.0,29274785000.0,,
VAKBN.IS:2019Q3,VAKBN.IS,VAKBN,2019Q3,2019-09-30,2019-11-15,data/fundamentals/VAKBN_IS.parquet,XBANK.IS,True,25854758000.0,25854758000.0,,1521993000.0,30515485000.0,,
VAKBN.IS:2019Q4,VAKBN.IS,VAKBN,2019Q4,2019-12-31,2020-03-15,data/fundamentals/VAKBN_IS.parquet,XBANK.IS,True,34700820000.0,34700820000.0,,2802291000.0,33026273000.0,,
VAKBN.IS:2020Q1,VAKBN.IS,VAKBN,2020Q1,2020-03-31,2020-05-15,data/fundamentals/VAKBN_IS.parquet,XBANK.IS,True,8290255000.0,8290255000.0,,1716170000.0,33465727000.0,,
VAKBN.IS:2020Q2,VAKBN.IS,VAKBN,2020Q2,2020-06-30,2020-08-15,data/fundamentals/VAKBN_IS.parquet,XBANK.IS,True,17100818000.0,17100818000.0,,3241387000.0,43690140000.0,,
VAKBN.IS:2020Q3,VAKBN.IS,VAKBN,2020Q3,2020-09-30,2020-11-15,data/fundamentals/VAKBN_IS.parquet,XBANK.IS,True,26640667000.0,26640667000.0,,4341416000.0,44186112000.0,,
VAKBN.IS:2020Q4,VAKBN.IS,VAKBN,2020Q4,2020-12-31,2021-03-15,data/fundamentals/VAKBN_IS.parquet,XBANK.IS,True,36731110000.0,36731110000.0,,5010456000.0,46484658000.0,,
VAKBN.IS:2021Q1,VAKBN.IS,VAKBN,2021Q1,2021-03-31,2021-05-15,data/fundamentals/VAKBN_IS.parquet,XBANK.IS,True,11189155000.0,11189155000.0,,750124000.0,47987639000.0,,
VAKBN.IS:2021Q2,VAKBN.IS,VAKBN,2021Q2,2021-06-30,2021-08-15,data/fundamentals/VAKBN_IS.parquet,XBANK.IS,True,23384180000.0,23384180000.0,,1410463000.0,47852833000.0,,
VAKBN.IS:2021Q3,VAKBN.IS,VAKBN,2021Q3,2021-09-30,2021-11-15,data/fundamentals/VAKBN_IS.parquet,XBANK.IS,True,36621848000.0,36621848000.0,,2177873000.0,48502041000.0,,
VAKBN.IS:2021Q4,VAKBN.IS,VAKBN,2021Q4,2021-12-31,2022-03-15,data/fundamentals/VAKBN_IS.parquet,XBANK.IS,True,52534154000.0,52534154000.0,,4175464000.0,51952740000.0,,
VAKBN.IS:2022Q1,VAKBN.IS,VAKBN,2022Q1,2022-03-31,2022-05-15,data/fundamentals/VAKBN_IS.parquet,XBANK.IS,True,16256314000.0,16256314000.0,,3002181000.0,75250828000.0,,
VAKBN.IS:2022Q2,VAKBN.IS,VAKBN,2022Q2,2022-06-30,2022-08-15,data/fundamentals/VAKBN_IS.parquet,XBANK.IS,True,35705071000.0,35705071000.0,,10018614000.0,80517356000.0,,
VAKBN.IS:2022Q3,VAKBN.IS,VAKBN,2022Q3,2022-09-30,2022-11-15,data/fundamentals/VAKBN_IS.parquet,XBANK.IS,True,59141319000.0,59141319000.0,,15610116000.0,90824842000.0,,
VAKBN.IS:2022Q4,VAKBN.IS,VAKBN,2022Q4,2022-12-31,2023-03-15,data/fundamentals/VAKBN_IS.parquet,XBANK.IS,True,85311692000.0,85311692000.0,,24017232000.0,106984889000.0,,
VAKBN.IS:2023Q1,VAKBN.IS,VAKBN,2023Q1,2023-03-31,2023-05-15,data/fundamentals/VAKBN_IS.parquet,XBANK.IS,True,28317289000.0,28317289000.0,,4502598000.0,141108205000.0,,
VAKBN.IS:2023Q2,VAKBN.IS,VAKBN,2023Q2,2023-06-30,2023-08-15,data/fundamentals/VAKBN_IS.parquet,XBANK.IS,True,63453973000.0,63453973000.0,,5509159000.0,137013362000.0,,
VAKBN.IS:2023Q3,VAKBN.IS,VAKBN,2023Q3,2023-09-30,2023-11-15,data/fundamentals/VAKBN_IS.parquet,XBANK.IS,True,115203620000.0,115203620000.0,,15023268000.0,153233983000.0,,
VAKBN.IS:2023Q4,VAKBN.IS,VAKBN,2023Q4,2023-12-31,2024-03-15,data/fundamentals/VAKBN_IS.parquet,XBANK.IS,True,198542927000.0,198542927000.0,,25045910000.0,171427614000.0,,
VAKBN.IS:2024Q1,VAKBN.IS,VAKBN,2024Q1,2024-03-31,2024-05-15,data/fundamentals/VAKBN_IS.parquet,XBANK.IS,True,97850925000.0,97850925000.0,,12022969000.0,184479639000.0,,
VAKBN.IS:2024Q2,VAKBN.IS,VAKBN,2024Q2,2024-06-30,2024-08-15,data/fundamentals/VAKBN_IS.parquet,XBANK.IS,True,211798023000.0,211798023000.0,,19191709000.0,191259204000.0,,
VAKBN.IS:2024Q3,VAKBN.IS,VAKBN,2024Q3,2024-09-30,2024-11-15,data/fundamentals/VAKBN_IS.parquet,XBANK.IS,True,338878521000.0,338878521000.0,,27214250000.0,201165939000.0,,
VAKBN.IS:2024Q4,VAKBN.IS,VAKBN,2024Q4,2024-12-31,2025-03-15,data/fundamentals/VAKBN_IS.parquet,XBANK.IS,True,476968304000.0,476968304000.0,,40375301000.0,219194449000.0,,
VAKBN.IS:2025Q1,VAKBN.IS,VAKBN,2025Q1,2025-03-31,2025-05-15,data/fundamentals/VAKBN_IS.parquet,XBANK.IS,True,146437876000.0,146437876000.0,,20033654000.0,232989885000.0,,
VAKBN.IS:2025Q2,VAKBN.IS,VAKBN,2025Q2,2025-06-30,2025-08-15,data/fundamentals/VAKBN_IS.parquet,XBANK.IS,True,305659000000.0,305659000000.0,,30063000000.0,246456471000.0,,
VAKBN.IS:2025Q3,VAKBN.IS,VAKBN,2025Q3,2025-09-30,2025-11-15,data/fundamentals/VAKBN_IS.parquet,XBANK.IS,True,479384434000.0,479384434000.0,,41956457000.0,263628282000.0,,
VAKBN.IS:2025Q4,VAKBN.IS,VAKBN,2025Q4,2025-12-31,2026-03-15,data/fundamentals/VAKBN_IS.parquet,XBANK.IS,True,662953224000.0,662953224000.0,,70050312000.0,322380656000.0,,
VAKBN.IS:2026Q1,VAKBN.IS,VAKBN,2026Q1,2026-03-31,2026-05-15,data/fundamentals/VAKBN_IS.parquet,XBANK.IS,True,184981238000.0,184981238000.0,,15031078000.0,331454835000.0,,
VAKBN.IS:2026Q2,VAKBN.IS,VAKBN,2026Q2,2026-06-30,2026-08-15,data/fundamentals/VAKBN_IS.parquet,XBANK.IS,True,382376000000.0,382376000000.0,,30108000000.0,353008000000.0,,
VESTL.IS:2018Q1,VESTL.IS,VESTL,2018Q1,2018-03-31,2018-05-15,data/fundamentals/VESTL_IS.parquet,XUSIN.IS,False,3038029000.0,230927000.0,336520000.0,-19874000.0,2284668000.0,99125000.0,-268351000.0
VESTL.IS:2018Q2,VESTL.IS,VESTL,2018Q2,2018-06-30,2018-08-15,data/fundamentals/VESTL_IS.parquet,XUSIN.IS,False,6997741000.0,748784000.0,966532000.0,112701000.0,2464704000.0,847219000.0,-1231749000.0
VESTL.IS:2018Q3,VESTL.IS,VESTL,2018Q3,2018-09-30,2018-11-15,data/fundamentals/VESTL_IS.parquet,XUSIN.IS,False,10615060000.0,1449544000.0,1785191000.0,102853000.0,2993920000.0,-357406000.0,-3185884000.0
VESTL.IS:2018Q4,VESTL.IS,VESTL,2018Q4,2018-12-31,2019-03-15,data/fundamentals/VESTL_IS.parquet,XUSIN.IS,False,15852300000.0,1845202000.0,2301931000.0,400886000.0,3318255000.0,1199617000.0,-1960401000.0
VESTL.IS:2019Q1,VESTL.IS,VESTL,2019Q1,2019-03-31,2019-05-15,data/fundamentals/VESTL_IS.parquet,XUSIN.IS,False,3562533000.0,234757000.0,382769000.0,-270272000.0,3150480000.0,518409000.0,130586000.0
VESTL.IS:2019Q2,VESTL.IS,VESTL,2019Q2,2019-06-30,2019-08-15,data/fundamentals/VESTL_IS.parquet,XUSIN.IS,False,7825967000.0,843011000.0,1142247000.0,50935000.0,3463507000.0,1171575000.0,-87116000.0
VESTL.IS:2019Q3,VESTL.IS,VESTL,2019Q3,2019-09-30,2019-11-15,data/fundamentals/VESTL_IS.parquet,XUSIN.IS,False,12006532000.0,1195453000.0,1650656000.0,170617000.0,3551596000.0,1717368000.0,148530000.0
VESTL.IS:2019Q4,VESTL.IS,VESTL,2019Q4,2019-12-31,2020-03-15,data/fundamentals/VESTL_IS.parquet,XUSIN.IS,False,17174123000.0,1708892000.0,2335846000.0,351850000.0,3779911000.0,3104493000.0,401911000.0
VESTL.IS:2020Q1,VESTL.IS,VESTL,2020Q1,2020-03-31,2020-05-15,data/fundamentals/VESTL_IS.parquet,XUSIN.IS,False,3930802000.0,457446000.0,604045000.0,236474000.0,4046297000.0,569044000.0,-270633000.0
VESTL.IS:2020Q2,VESTL.IS,VESTL,2020Q2,2020-06-30,2020-08-15,data/fundamentals/VESTL_IS.parquet,XUSIN.IS,False,8354599000.0,1007785000.0,1347973000.0,626138000.0,4609332000.0,1061841000.0,-86903000.0
VESTL.IS:2020Q3,VESTL.IS,VESTL,2020Q3,2020-09-30,2020-11-15,data/fundamentals/VESTL_IS.parquet,XUSIN.IS,False,13908029000.0,1855157000.0,2410872000.0,1025491000.0,5114168000.0,2289372000.0,87851000.0
VESTL.IS:2020Q4,VESTL.IS,VESTL,2020Q4,2020-12-31,2021-03-15,data/fundamentals/VESTL_IS.parquet,XUSIN.IS,False,21546180000.0,2848837000.0,3601869000.0,1907237000.0,7425534000.0,2261556000.0,91503000.0
VESTL.IS:2021Q1,VESTL.IS,VESTL,2021Q1,2021-03-31,2021-05-15,data/fundamentals/VESTL_IS.parquet,XUSIN.IS,False,6200674000.0,667408000.0,883850000.0,259828000.0,8123757000.0,895344000.0,-74923000.0
VESTL.IS:2021Q2,VESTL.IS,VESTL,2021Q2,2021-06-30,2021-08-15,data/fundamentals/VESTL_IS.parquet,XUSIN.IS,False,14214582000.0,1739307000.0,2182544000.0,1036110000.0,9142380000.0,551853000.0,153327000.0
VESTL.IS:2021Q3,VESTL.IS,VESTL,2021Q3,2021-09-30,2021-11-15,data/fundamentals/VESTL_IS.parquet,XUSIN.IS,False,21758573000.0,2202659000.0,2881745000.0,1253681000.0,8177883000.0,1033088000.0,163932000.0
VESTL.IS:2021Q4,VESTL.IS,VESTL,2021Q4,2021-12-31,2022-03-15,data/fundamentals/VESTL_IS.parquet,XUSIN.IS,False,32505835000.0,4557106000.0,5483964000.0,2153953000.0,10311661000.0,1704425000.0,314521000.0
VESTL.IS:2022Q1,VESTL.IS,VESTL,2022Q1,2022-03-31,2022-05-15,data/fundamentals/VESTL_IS.parquet,XUSIN.IS,False,11740874000.0,1158309000.0,1490991000.0,592604000.0,11178758000.0,-69520000.0,-1590717000.0
VESTL.IS:2022Q2,VESTL.IS,VESTL,2022Q2,2022-06-30,2022-08-15,data/fundamentals/VESTL_IS.parquet,XUSIN.IS,False,24630676000.0,3201402000.0,3906562000.0,1496321000.0,12691349000.0,-1719406000.0,-3810280000.0
VESTL.IS:2022Q3,VESTL.IS,VESTL,2022Q3,2022-09-30,2022-11-15,data/fundamentals/VESTL_IS.parquet,XUSIN.IS,False,39102347000.0,3944451000.0,4854063000.0,1214605000.0,12595057000.0,-1360633000.0,-4882827000.0
VESTL.IS:2022Q4,VESTL.IS,VESTL,2022Q4,2022-12-31,2023-03-15,data/fundamentals/VESTL_IS.parquet,XUSIN.IS,False,111124940000.0,1776228000.0,5553680000.0,191486000.0,30227224000.0,-3999835000.0,-11454589000.0
VESTL.IS:2023Q1,VESTL.IS,VESTL,2023Q1,2023-03-31,2023-05-15,data/fundamentals/VESTL_IS.parquet,XUSIN.IS,False,31144838000.0,-1192234000.0,621060000.0,-219914000.0,13496156000.0,755332000.0,-636215000.0
VESTL.IS:2023Q2,VESTL.IS,VESTL,2023Q2,2023-06-30,2023-08-15,data/fundamentals/VESTL_IS.parquet,XUSIN.IS,False,66347999000.0,1233770000.0,4713982000.0,-2338347000.0,13625066000.0,9857274000.0,3631147000.0
VESTL.IS:2023Q3,VESTL.IS,VESTL,2023Q3,2023-09-30,2023-11-15,data/fundamentals/VESTL_IS.parquet,XUSIN.IS,False,112522184000.0,3787512000.0,8674115000.0,-559277000.0,16165953000.0,9150025000.0,342832000.0
VESTL.IS:2023Q4,VESTL.IS,VESTL,2023Q4,2023-12-31,2024-03-15,data/fundamentals/VESTL_IS.parquet,XUSIN.IS,False,162015698000.0,8807729000.0,15024419000.0,3365700000.0,58993468000.0,10194526000.0,-930384000.0
VESTL.IS:2024Q1,VESTL.IS,VESTL,2024Q1,2024-03-31,2024-05-15,data/fundamentals/VESTL_IS.parquet,XUSIN.IS,False,36780730000.0,918833000.0,3076991000.0,19422000.0,46467084000.0,-3946089000.0,-6430022000.0
VESTL.IS:2024Q2,VESTL.IS,VESTL,2024Q2,2024-06-30,2024-08-15,data/fundamentals/VESTL_IS.parquet,XUSIN.IS,False,81359286000.0,3726131000.0,7657212000.0,-1277252000.0,49820051000.0,-9611071000.0,-14723971000.0
VESTL.IS:2024Q3,VESTL.IS,VESTL,2024Q3,2024-09-30,2024-11-15,data/fundamentals/VESTL_IS.parquet,XUSIN.IS,False,132164993000.0,6840952000.0,12144302000.0,-5509803000.0,50478051000.0,-6279775000.0,-16866469000.0
VESTL.IS:2024Q4,VESTL.IS,VESTL,2024Q4,2024-12-31,2025-03-15,data/fundamentals/VESTL_IS.parquet,XUSIN.IS,False,186831127565.0,4626837013.0,11254481074.0,-14198106875.0,68596966571.0,-4529657312.0,-19198276297.0
VESTL.IS:2025Q1,VESTL.IS,VESTL,2025Q1,2025-03-31,2025-05-15,data/fundamentals/VESTL_IS.parquet,XUSIN.IS,False,41172166000.0,-1044598000.0,1525726000.0,-6944840000.0,52117276000.0,4640788000.0,1761499000.0
VESTL.IS:2025Q2,VESTL.IS,VESTL,2025Q2,2025-06-30,2025-08-15,data/fundamentals/VESTL_IS.parquet,XUSIN.IS,False,89788676000.0,-4113645000.0,924834000.0,-17559241000.0,47005261000.0,5333983000.0,-801809000.0
VESTL.IS:2025Q3,VESTL.IS,VESTL,2025Q3,2025-09-30,2025-11-15,data/fundamentals/VESTL_IS.parquet,XUSIN.IS,False,107613387000.0,-4577646000.0,1540238000.0,-19052274000.0,46060878000.0,6283210000.0,106013000.0
VESTL.IS:2025Q4,VESTL.IS,VESTL,2025Q4,2025-12-31,2026-03-15,data/fundamentals/VESTL_IS.parquet,XUSIN.IS,False,162800522330.0,-10342671176.0,-345528083.0,-36639614480.0,41442303053.0,9751025533.0,481212927.0
VESTL.IS:2026Q1,VESTL.IS,VESTL,2026Q1,2026-03-31,2026-05-15,data/fundamentals/VESTL_IS.parquet,XUSIN.IS,False,21025333000.0,-3430546000.0,-1317990000.0,-3142265000.0,35223732000.0,-4981638000.0,-857287000.0
VESTL.IS:2026Q2,VESTL.IS,VESTL,2026Q2,2026-06-30,2026-08-15,data/fundamentals/VESTL_IS.parquet,XUSIN.IS,False,46911746000.0,-7287253000.0,-2700064000.0,-10257821000.0,31254417000.0,-10365465000.0,-4925004000.0
YKBNK.IS:2018Q1,YKBNK.IS,YKBNK,2018Q1,2018-03-31,2018-05-15,data/fundamentals/YKBNK_IS.parquet,XBANK.IS,True,5154442000.0,5154442000.0,,1244048000.0,31595599000.0,,
YKBNK.IS:2018Q2,YKBNK.IS,YKBNK,2018Q2,2018-06-30,2018-08-15,data/fundamentals/YKBNK_IS.parquet,XBANK.IS,True,10969444000.0,10969444000.0,,2471232000.0,37801350000.0,,
YKBNK.IS:2018Q3,YKBNK.IS,YKBNK,2018Q3,2018-09-30,2018-11-15,data/fundamentals/YKBNK_IS.parquet,XBANK.IS,True,18139937000.0,18139937000.0,,3586254000.0,40302177000.0,,
YKBNK.IS:2018Q4,YKBNK.IS,YKBNK,2018Q4,2018-12-31,2019-03-15,data/fundamentals/YKBNK_IS.parquet,XBANK.IS,True,24968309000.0,24968309000.0,,4667426000.0,39003499000.0,,
YKBNK.IS:2019Q1,YKBNK.IS,YKBNK,2019Q1,2019-03-31,2019-05-15,data/fundamentals/YKBNK_IS.parquet,XBANK.IS,True,7166365000.0,7166365000.0,,1241410000.0,39069884000.0,,
YKBNK.IS:2019Q2,YKBNK.IS,YKBNK,2019Q2,2019-06-30,2019-08-15,data/fundamentals/YKBNK_IS.parquet,XBANK.IS,True,14527510000.0,14527510000.0,,2360947000.0,40505290000.0,,
YKBNK.IS:2019Q3,YKBNK.IS,YKBNK,2019Q3,2019-09-30,2019-11-15,data/fundamentals/YKBNK_IS.parquet,XBANK.IS,True,21775019000.0,21775019000.0,,3336740000.0,40206979000.0,,
YKBNK.IS:2019Q4,YKBNK.IS,YKBNK,2019Q4,2019-12-31,2020-03-15,data/fundamentals/YKBNK_IS.parquet,XBANK.IS,True,28489781000.0,28489781000.0,,3600060000.0,41187654000.0,,
YKBNK.IS:2020Q1,YKBNK.IS,YKBNK,2020Q1,2020-03-31,2020-05-15,data/fundamentals/YKBNK_IS.parquet,XBANK.IS,True,6153396000.0,6153396000.0,,1129443000.0,41941179000.0,,
YKBNK.IS:2020Q2,YKBNK.IS,YKBNK,2020Q2,2020-06-30,2020-08-15,data/fundamentals/YKBNK_IS.parquet,XBANK.IS,True,12222526000.0,12222526000.0,,2460774000.0,44122423000.0,,
YKBNK.IS:2020Q3,YKBNK.IS,YKBNK,2020Q3,2020-09-30,2020-11-15,data/fundamentals/YKBNK_IS.parquet,XBANK.IS,True,18598079000.0,18598079000.0,,4314432000.0,46720099000.0,,
YKBNK.IS:2020Q4,YKBNK.IS,YKBNK,2020Q4,2020-12-31,2021-03-15,data/fundamentals/YKBNK_IS.parquet,XBANK.IS,True,25308113000.0,25308113000.0,,5079518000.0,47564471000.0,,
YKBNK.IS:2021Q1,YKBNK.IS,YKBNK,2021Q1,2021-03-31,2021-05-15,data/fundamentals/YKBNK_IS.parquet,XBANK.IS,True,7571214000.0,7571214000.0,,1452729000.0,50766176000.0,,
YKBNK.IS:2021Q2,YKBNK.IS,YKBNK,2021Q2,2021-06-30,2021-08-15,data/fundamentals/YKBNK_IS.parquet,XBANK.IS,True,16160340000.0,16160340000.0,,3685364000.0,52411860000.0,,
YKBNK.IS:2021Q3,YKBNK.IS,YKBNK,2021Q3,2021-09-30,2021-11-15,data/fundamentals/YKBNK_IS.parquet,XBANK.IS,True,25597929000.0,25597929000.0,,6932090000.0,55773749000.0,,
YKBNK.IS:2021Q4,YKBNK.IS,YKBNK,2021Q4,2021-12-31,2022-03-15,data/fundamentals/YKBNK_IS.parquet,XBANK.IS,True,37145133000.0,37145133000.0,,10489758000.0,63484178000.0,,
YKBNK.IS:2022Q1,YKBNK.IS,YKBNK,2022Q1,2022-03-31,2022-05-15,data/fundamentals/YKBNK_IS.parquet,XBANK.IS,True,12324570000.0,12324570000.0,,7258448000.0,78110438000.0,,
YKBNK.IS:2022Q2,YKBNK.IS,YKBNK,2022Q2,2022-06-30,2022-08-15,data/fundamentals/YKBNK_IS.parquet,XBANK.IS,True,27922933000.0,27922933000.0,,19180737000.0,94430452000.0,,
YKBNK.IS:2022Q3,YKBNK.IS,YKBNK,2022Q3,2022-09-30,2022-11-15,data/fundamentals/YKBNK_IS.parquet,XBANK.IS,True,47332289000.0,47332289000.0,,35315448000.0,112517344000.0,,
YKBNK.IS:2022Q4,YKBNK.IS,YKBNK,2022Q4,2022-12-31,2023-03-15,data/fundamentals/YKBNK_IS.parquet,XBANK.IS,True,68461393000.0,68461393000.0,,52744689000.0,126256390000.0,,
YKBNK.IS:2023Q1,YKBNK.IS,YKBNK,2023Q1,2023-03-31,2023-05-15,data/fundamentals/YKBNK_IS.parquet,XBANK.IS,True,21383634000.0,21383634000.0,,12640225000.0,131424206000.0,,
YKBNK.IS:2023Q2,YKBNK.IS,YKBNK,2023Q2,2023-06-30,2023-08-15,data/fundamentals/YKBNK_IS.parquet,XBANK.IS,True,48590877000.0,48590877000.0,,24116471000.0,139244977000.0,,
YKBNK.IS:2023Q3,YKBNK.IS,YKBNK,2023Q3,2023-09-30,2023-11-15,data/fundamentals/YKBNK_IS.parquet,XBANK.IS,True,82255116000.0,82255116000.0,,48702204000.0,162203582000.0,,
YKBNK.IS:2023Q4,YKBNK.IS,YKBNK,2023Q4,2023-12-31,2024-03-15,data/fundamentals/YKBNK_IS.parquet,XBANK.IS,True,130708507000.0,130708507000.0,,68008836000.0,178851541000.0,,
YKBNK.IS:2024Q1,YKBNK.IS,YKBNK,2024Q1,2024-03-31,2024-05-15,data/fundamentals/YKBNK_IS.parquet,XBANK.IS,True,60105406000.0,60105406000.0,,10301888000.0,180582970000.0,,
YKBNK.IS:2024Q2,YKBNK.IS,YKBNK,2024Q2,2024-06-30,2024-08-15,data/fundamentals/YKBNK_IS.parquet,XBANK.IS,True,131607315000.0,131607315000.0,,17404573000.0,183093005000.0,,
YKBNK.IS:2024Q3,YKBNK.IS,YKBNK,2024Q3,2024-09-30,2024-11-15,data/fundamentals/YKBNK_IS.parquet,XBANK.IS,True,212290266000.0,212290266000.0,,22405414000.0,190967149000.0,,
YKBNK.IS:2024Q4,YKBNK.IS,YKBNK,2024Q4,2024-12-31,2025-03-15,data/fundamentals/YKBNK_IS.parquet,XBANK.IS,True,295338843000.0,295338843000.0,,29016823000.0,192804048000.0,,
YKBNK.IS:2025Q1,YKBNK.IS,YKBNK,2025Q1,2025-03-31,2025-05-15,data/fundamentals/YKBNK_IS.parquet,XBANK.IS,True,85375677000.0,85375677000.0,,11418148000.0,205672126000.0,,
YKBNK.IS:2025Q2,YKBNK.IS,YKBNK,2025Q2,2025-06-30,2025-08-15,data/fundamentals/YKBNK_IS.parquet,XBANK.IS,True,181872000000.0,181872000000.0,,22748000000.0,221692309000.0,,
YKBNK.IS:2025Q3,YKBNK.IS,YKBNK,2025Q3,2025-09-30,2025-11-15,data/fundamentals/YKBNK_IS.parquet,XBANK.IS,True,285571972000.0,285571972000.0,,37809867000.0,241282997000.0,,
YKBNK.IS:2025Q4,YKBNK.IS,YKBNK,2025Q4,2025-12-31,2026-03-15,data/fundamentals/YKBNK_IS.parquet,XBANK.IS,True,393804943000.0,393804943000.0,,47090151000.0,255605021000.0,,
YKBNK.IS:2026Q1,YKBNK.IS,YKBNK,2026Q1,2026-03-31,2026-05-15,data/fundamentals/YKBNK_IS.parquet,XBANK.IS,True,110640394000.0,110640394000.0,,20294752000.0,271123220000.0,,
YKBNK.IS:2026Q2,YKBNK.IS,YKBNK,2026Q2,2026-06-30,2026-08-15,data/fundamentals/YKBNK_IS.parquet,XBANK.IS,True,231332000000.0,231332000000.0,,31010000000.0,286488000000.0,,
