ticker,financial_period,period_end,statement_type,source,source_id,source_url,download_date_filesystem_proxy,announcement_date,announcement_timestamp,availability_proxy_date,pit_quality,first_or_restated,consolidation_basis,raw_cache_file,raw_fields,derived_fields
AEFES.IS,2018Q1,2018-03-31,XI_29,isyatirim_pit,,,2026-09-07T22:37:16.333180428,,,2018-05-15,APPROXIMATE_FIXED_LAG,UNKNOWN,UNKNOWN,data\raw\isyatirim_cache\AEFES_2018_XI_29.json,satislar;ebitda;op_gelir;net_kar;cfo;fcf;ozkaynaklar;toplam_borc;net_borc;nakit;toplam_aktif,toplam_borc;net_borc;ebitda;ihracat_orani;piyasa_degeri;pb;roe;roa;ev;ev_ebitda;fcf_verim
AEFES.IS,2018Q2,2018-06-30,XI_29,isyatirim_pit,,,2026-09-07T22:37:16.333180428,,,2018-08-15,APPROXIMATE_FIXED_LAG,UNKNOWN,UNKNOWN,data\raw\isyatirim_cache\AEFES_2018_XI_29.json,satislar;ebitda;op_gelir;net_kar;cfo;fcf;ozkaynaklar;toplam_borc;net_borc;nakit;toplam_aktif,toplam_borc;net_borc;ebitda;ihracat_orani;piyasa_degeri;pb;roe;roa;ev;ev_ebitda;fcf_verim
AEFES.IS,2018Q3,2018-09-30,XI_29,isyatirim_pit,,,2026-09-07T22:37:16.333180428,,,2018-11-15,APPROXIMATE_FIXED_LAG,UNKNOWN,UNKNOWN,data\raw\isyatirim_cache\AEFES_2018_XI_29.json,satislar;ebitda;op_gelir;net_kar;cfo;fcf;ozkaynaklar;toplam_borc;net_borc;nakit;toplam_aktif,toplam_borc;net_borc;ebitda;ihracat_orani;piyasa_degeri;pb;roe;roa;ev;ev_ebitda;fcf_verim
AEFES.IS,2018Q4,2018-12-31,XI_29,isyatirim_pit,,,2026-09-07T22:37:16.333180428,,,2019-03-15,APPROXIMATE_FIXED_LAG,UNKNOWN,UNKNOWN,data\raw\isyatirim_cache\AEFES_2018_XI_29.json,satislar;ebitda;op_gelir;net_kar;cfo;fcf;ozkaynaklar;toplam_borc;net_borc;nakit;toplam_aktif,toplam_borc;net_borc;ebitda;ihracat_orani;piyasa_degeri;pb;roe;roa;ev;ev_ebitda;fcf_verim
AEFES.IS,2019Q1,2019-03-31,XI_29,isyatirim_pit,,,2026-09-07T22:37:16.464010715,,,2019-05-15,APPROXIMATE_FIXED_LAG,UNKNOWN,UNKNOWN,data\raw\isyatirim_cache\AEFES_2019_XI_29.json,satislar;ebitda;op_gelir;net_kar;cfo;fcf;ozkaynaklar;toplam_borc;net_borc;nakit;toplam_aktif,toplam_borc;net_borc;ebitda;ihracat_orani;piyasa_degeri;pb;roe;roa;ev;ev_ebitda;fcf_verim
AEFES.IS,2019Q2,2019-06-30,XI_29,isyatirim_pit,,,2026-09-07T22:37:16.464010715,,,2019-08-15,APPROXIMATE_FIXED_LAG,UNKNOWN,UNKNOWN,data\raw\isyatirim_cache\AEFES_2019_XI_29.json,satislar;ebitda;op_gelir;net_kar;cfo;fcf;ozkaynaklar;toplam_borc;net_borc;nakit;toplam_aktif,toplam_borc;net_borc;ebitda;ihracat_orani;piyasa_degeri;pb;roe;roa;ev;ev_ebitda;fcf_verim
AEFES.IS,2019Q3,2019-09-30,XI_29,isyatirim_pit,,,2026-09-07T22:37:16.464010715,,,2019-11-15,APPROXIMATE_FIXED_LAG,UNKNOWN,UNKNOWN,data\raw\isyatirim_cache\AEFES_2019_XI_29.json,satislar;ebitda;op_gelir;net_kar;cfo;fcf;ozkaynaklar;toplam_borc;net_borc;nakit;toplam_aktif,toplam_borc;net_borc;ebitda;ihracat_orani;piyasa_degeri;pb;roe;roa;ev;ev_ebitda;fcf_verim
AEFES.IS,2019Q4,2019-12-31,XI_29,isyatirim_pit,,,2026-09-07T22:37:16.464010715,,,2020-03-15,APPROXIMATE_FIXED_LAG,UNKNOWN,UNKNOWN,data\raw\isyatirim_cache\AEFES_2019_XI_29.json,satislar;ebitda;op_gelir;net_kar;cfo;fcf;ozkaynaklar;toplam_borc;net_borc;nakit;toplam_aktif,toplam_borc;net_borc;ebitda;ihracat_orani;piyasa_degeri;pb;roe;roa;ev;ev_ebitda;fcf_verim
AEFES.IS,2020Q1,2020-03-31,XI_29,isyatirim_pit,,,2026-09-07T22:37:16.603179693,,,2020-05-15,APPROXIMATE_FIXED_LAG,UNKNOWN,UNKNOWN,data\raw\isyatirim_cache\AEFES_2020_XI_29.json,satislar;ebitda;op_gelir;net_kar;cfo;fcf;ozkaynaklar;toplam_borc;net_borc;nakit;toplam_aktif,toplam_borc;net_borc;ebitda;ihracat_orani;piyasa_degeri;pb;roe;roa;ev;ev_ebitda;fcf_verim
AEFES.IS,2020Q2,2020-06-30,XI_29,isyatirim_pit,,,2026-09-07T22:37:16.603179693,,,2020-08-15,APPROXIMATE_FIXED_LAG,UNKNOWN,UNKNOWN,data\raw\isyatirim_cache\AEFES_2020_XI_29.json,satislar;ebitda;op_gelir;net_kar;cfo;fcf;ozkaynaklar;toplam_borc;net_borc;nakit;toplam_aktif,toplam_borc;net_borc;ebitda;ihracat_orani;piyasa_degeri;pb;roe;roa;ev;ev_ebitda;fcf_verim
AEFES.IS,2020Q3,2020-09-30,XI_29,isyatirim_pit,,,2026-09-07T22:37:16.603179693,,,2020-11-15,APPROXIMATE_FIXED_LAG,UNKNOWN,UNKNOWN,data\raw\isyatirim_cache\AEFES_2020_XI_29.json,satislar;ebitda;op_gelir;net_kar;cfo;fcf;ozkaynaklar;toplam_borc;net_borc;nakit;toplam_aktif,toplam_borc;net_borc;ebitda;ihracat_orani;piyasa_degeri;pb;roe;roa;ev;ev_ebitda;fcf_verim
AEFES.IS,2020Q4,2020-12-31,XI_29,isyatirim_pit,,,2026-09-07T22:37:16.603179693,,,2021-03-15,APPROXIMATE_FIXED_LAG,UNKNOWN,UNKNOWN,data\raw\isyatirim_cache\AEFES_2020_XI_29.json,satislar;ebitda;op_gelir;net_kar;cfo;fcf;ozkaynaklar;toplam_borc;net_borc;nakit;toplam_aktif,toplam_borc;net_borc;ebitda;ihracat_orani;piyasa_degeri;pb;roe;roa;ev;ev_ebitda;fcf_verim
AEFES.IS,2021Q1,2021-03-31,XI_29,isyatirim_pit,,,2026-09-07T22:37:16.740616798,,,2021-05-15,APPROXIMATE_FIXED_LAG,UNKNOWN,UNKNOWN,data\raw\isyatirim_cache\AEFES_2021_XI_29.json,satislar;ebitda;op_gelir;net_kar;cfo;fcf;ozkaynaklar;toplam_borc;net_borc;nakit;toplam_aktif,toplam_borc;net_borc;ebitda;ihracat_orani;piyasa_degeri;pb;roe;roa;ev;ev_ebitda;fcf_verim
AEFES.IS,2021Q2,2021-06-30,XI_29,isyatirim_pit,,,2026-09-07T22:37:16.740616798,,,2021-08-15,APPROXIMATE_FIXED_LAG,UNKNOWN,UNKNOWN,data\raw\isyatirim_cache\AEFES_2021_XI_29.json,satislar;ebitda;op_gelir;net_kar;cfo;fcf;ozkaynaklar;toplam_borc;net_borc;nakit;toplam_aktif,toplam_borc;net_borc;ebitda;ihracat_orani;piyasa_degeri;pb;roe;roa;ev;ev_ebitda;fcf_verim
AEFES.IS,2021Q3,2021-09-30,XI_29,isyatirim_pit,,,2026-09-07T22:37:16.740616798,,,2021-11-15,APPROXIMATE_FIXED_LAG,UNKNOWN,UNKNOWN,data\raw\isyatirim_cache\AEFES_2021_XI_29.json,satislar;ebitda;op_gelir;net_kar;cfo;fcf;ozkaynaklar;toplam_borc;net_borc;nakit;toplam_aktif,toplam_borc;net_borc;ebitda;ihracat_orani;piyasa_degeri;pb;roe;roa;ev;ev_ebitda;fcf_verim
AEFES.IS,2021Q4,2021-12-31,XI_29,isyatirim_pit,,,2026-09-07T22:37:16.740616798,,,2022-03-15,APPROXIMATE_FIXED_LAG,UNKNOWN,UNKNOWN,data\raw\isyatirim_cache\AEFES_2021_XI_29.json,satislar;ebitda;op_gelir;net_kar;cfo;fcf;ozkaynaklar;toplam_borc;net_borc;nakit;toplam_aktif,toplam_borc;net_borc;ebitda;ihracat_orani;piyasa_degeri;pb;roe;roa;ev;ev_ebitda;fcf_verim
AEFES.IS,2022Q1,2022-03-31,XI_29,isyatirim_pit,,,2026-09-07T22:37:16.911058903,,,2022-05-15,APPROXIMATE_FIXED_LAG,UNKNOWN,UNKNOWN,data\raw\isyatirim_cache\AEFES_2022_XI_29.json,satislar;ebitda;op_gelir;net_kar;cfo;fcf;ozkaynaklar;toplam_borc;net_borc;nakit;toplam_aktif,toplam_borc;net_borc;ebitda;ihracat_orani;piyasa_degeri;pb;roe;roa;ev;ev_ebitda;fcf_verim
AEFES.IS,2022Q2,2022-06-30,XI_29,isyatirim_pit,,,2026-09-07T22:37:16.911058903,,,2022-08-15,APPROXIMATE_FIXED_LAG,UNKNOWN,UNKNOWN,data\raw\isyatirim_cache\AEFES_2022_XI_29.json,satislar;ebitda;op_gelir;net_kar;cfo;fcf;ozkaynaklar;toplam_borc;net_borc;nakit;toplam_aktif,toplam_borc;net_borc;ebitda;ihracat_orani;piyasa_degeri;pb;roe;roa;ev;ev_ebitda;fcf_verim
AEFES.IS,2022Q3,2022-09-30,XI_29,isyatirim_pit,,,2026-09-07T22:37:16.911058903,,,2022-11-15,APPROXIMATE_FIXED_LAG,UNKNOWN,UNKNOWN,data\raw\isyatirim_cache\AEFES_2022_XI_29.json,satislar;ebitda;op_gelir;net_kar;cfo;fcf;ozkaynaklar;toplam_borc;net_borc;nakit;toplam_aktif,toplam_borc;net_borc;ebitda;ihracat_orani;piyasa_degeri;pb;roe;roa;ev;ev_ebitda;fcf_verim
AEFES.IS,2022Q4,2022-12-31,XI_29,isyatirim_pit,,,2026-09-07T22:37:16.911058903,,,2023-03-15,APPROXIMATE_FIXED_LAG,UNKNOWN,UNKNOWN,data\raw\isyatirim_cache\AEFES_2022_XI_29.json,satislar;ebitda;op_gelir;net_kar;cfo;fcf;ozkaynaklar;toplam_borc;net_borc;nakit;toplam_aktif,toplam_borc;net_borc;ebitda;ihracat_orani;piyasa_degeri;pb;roe;roa;ev;ev_ebitda;fcf_verim
AEFES.IS,2023Q1,2023-03-31,XI_29,isyatirim_pit,,,2026-09-07T22:37:17.073824883,,,2023-05-15,APPROXIMATE_FIXED_LAG,UNKNOWN,UNKNOWN,data\raw\isyatirim_cache\AEFES_2023_XI_29.json,satislar;ebitda;op_gelir;net_kar;cfo;fcf;ozkaynaklar;toplam_borc;net_borc;nakit;toplam_aktif,toplam_borc;net_borc;ebitda;ihracat_orani;piyasa_degeri;pb;roe;roa;ev;ev_ebitda;fcf_verim
AEFES.IS,2023Q2,2023-06-30,XI_29,isyatirim_pit,,,2026-09-07T22:37:17.073824883,,,2023-08-15,APPROXIMATE_FIXED_LAG,UNKNOWN,UNKNOWN,data\raw\isyatirim_cache\AEFES_2023_XI_29.json,satislar;ebitda;op_gelir;net_kar;cfo;fcf;ozkaynaklar;toplam_borc;net_borc;nakit;toplam_aktif,toplam_borc;net_borc;ebitda;ihracat_orani;piyasa_degeri;pb;roe;roa;ev;ev_ebitda;fcf_verim
AEFES.IS,2023Q3,2023-09-30,XI_29,isyatirim_pit,,,2026-09-07T22:37:17.073824883,,,2023-11-15,APPROXIMATE_FIXED_LAG,UNKNOWN,UNKNOWN,data\raw\isyatirim_cache\AEFES_2023_XI_29.json,satislar;ebitda;op_gelir;net_kar;cfo;fcf;ozkaynaklar;toplam_borc;net_borc;nakit;toplam_aktif,toplam_borc;net_borc;ebitda;ihracat_orani;piyasa_degeri;pb;roe;roa;ev;ev_ebitda;fcf_verim
AEFES.IS,2023Q4,2023-12-31,XI_29,isyatirim_pit,,,2026-09-07T22:37:17.073824883,,,2024-03-15,APPROXIMATE_FIXED_LAG,UNKNOWN,UNKNOWN,data\raw\isyatirim_cache\AEFES_2023_XI_29.json,satislar;ebitda;op_gelir;net_kar;cfo;fcf;ozkaynaklar;toplam_borc;net_borc;nakit;toplam_aktif,toplam_borc;net_borc;ebitda;ihracat_orani;piyasa_degeri;pb;roe;roa;ev;ev_ebitda;fcf_verim
AEFES.IS,2024Q1,2024-03-31,XI_29,isyatirim_pit,,,2026-09-07T22:37:17.166670084,,,2024-05-15,APPROXIMATE_FIXED_LAG,UNKNOWN,UNKNOWN,data\raw\isyatirim_cache\AEFES_2024_XI_29.json,satislar;ebitda;op_gelir;net_kar;cfo;fcf;ozkaynaklar;toplam_borc;net_borc;nakit;toplam_aktif,toplam_borc;net_borc;ebitda;ihracat_orani;piyasa_degeri;pb;roe;roa;ev;ev_ebitda;fcf_verim
AEFES.IS,2024Q2,2024-06-30,XI_29,isyatirim_pit,,,2026-09-07T22:37:17.166670084,,,2024-08-15,APPROXIMATE_FIXED_LAG,UNKNOWN,UNKNOWN,data\raw\isyatirim_cache\AEFES_2024_XI_29.json,satislar;ebitda;op_gelir;net_kar;cfo;fcf;ozkaynaklar;toplam_borc;net_borc;nakit;toplam_aktif,toplam_borc;net_borc;ebitda;ihracat_orani;piyasa_degeri;pb;roe;roa;ev;ev_ebitda;fcf_verim
AEFES.IS,2024Q3,2024-09-30,XI_29,isyatirim_pit,,,2026-09-07T22:37:17.166670084,,,2024-11-15,APPROXIMATE_FIXED_LAG,UNKNOWN,UNKNOWN,data\raw\isyatirim_cache\AEFES_2024_XI_29.json,satislar;ebitda;op_gelir;net_kar;cfo;fcf;ozkaynaklar;toplam_borc;net_borc;nakit;toplam_aktif,toplam_borc;net_borc;ebitda;ihracat_orani;piyasa_degeri;pb;roe;roa;ev;ev_ebitda;fcf_verim
AEFES.IS,2024Q4,2024-12-31,XI_29,isyatirim_pit,,,2026-09-07T22:37:17.166670084,,,2025-03-15,APPROXIMATE_FIXED_LAG,UNKNOWN,UNKNOWN,data\raw\isyatirim_cache\AEFES_2024_XI_29.json,satislar;ebitda;op_gelir;net_kar;cfo;fcf;ozkaynaklar;toplam_borc;net_borc;nakit;toplam_aktif,toplam_borc;net_borc;ebitda;ihracat_orani;piyasa_degeri;pb;roe;roa;ev;ev_ebitda;fcf_verim
AEFES.IS,2025Q1,2025-03-31,XI_29,isyatirim_pit,,,2026-09-07T22:37:17.337754488,,,2025-05-15,APPROXIMATE_FIXED_LAG,UNKNOWN,UNKNOWN,data\raw\isyatirim_cache\AEFES_2025_XI_29.json,satislar;ebitda;op_gelir;net_kar;cfo;fcf;ozkaynaklar;toplam_borc;net_borc;nakit;toplam_aktif,toplam_borc;net_borc;ebitda;ihracat_orani;piyasa_degeri;pb;roe;roa;ev;ev_ebitda;fcf_verim
AEFES.IS,2025Q2,2025-06-30,XI_29,isyatirim_pit,,,2026-09-07T22:37:17.337754488,,,2025-08-15,APPROXIMATE_FIXED_LAG,UNKNOWN,UNKNOWN,data\raw\isyatirim_cache\AEFES_2025_XI_29.json,satislar;ebitda;op_gelir;net_kar;cfo;fcf;ozkaynaklar;toplam_borc;net_borc;nakit;toplam_aktif,toplam_borc;net_borc;ebitda;ihracat_orani;piyasa_degeri;pb;roe;roa;ev;ev_ebitda;fcf_verim
AEFES.IS,2025Q3,2025-09-30,XI_29,isyatirim_pit,,,2026-09-07T22:37:17.337754488,,,2025-11-15,APPROXIMATE_FIXED_LAG,UNKNOWN,UNKNOWN,data\raw\isyatirim_cache\AEFES_2025_XI_29.json,satislar;ebitda;op_gelir;net_kar;cfo;fcf;ozkaynaklar;toplam_borc;net_borc;nakit;toplam_aktif,toplam_borc;net_borc;ebitda;ihracat_orani;piyasa_degeri;pb;roe;roa;ev;ev_ebitda;fcf_verim
AEFES.IS,2025Q4,2025-12-31,XI_29,isyatirim_pit,,,2026-09-07T22:37:17.337754488,,,2026-03-15,APPROXIMATE_FIXED_LAG,UNKNOWN,UNKNOWN,data\raw\isyatirim_cache\AEFES_2025_XI_29.json,satislar;ebitda;op_gelir;net_kar;cfo;fcf;ozkaynaklar;toplam_borc;net_borc;nakit;toplam_aktif,toplam_borc;net_borc;ebitda;ihracat_orani;piyasa_degeri;pb;roe;roa;ev;ev_ebitda;fcf_verim
AEFES.IS,2026Q1,2026-03-31,XI_29,isyatirim_pit,,,2026-09-07T22:37:17.481966972,,,2026-05-15,APPROXIMATE_FIXED_LAG,UNKNOWN,UNKNOWN,data\raw\isyatirim_cache\AEFES_2026_XI_29.json,satislar;ebitda;op_gelir;net_kar;cfo;fcf;ozkaynaklar;toplam_borc;net_borc;nakit;toplam_aktif,toplam_borc;net_borc;ebitda;ihracat_orani;piyasa_degeri;pb;roe;roa;ev;ev_ebitda;fcf_verim
AEFES.IS,2026Q2,2026-06-30,XI_29,isyatirim_pit,,,2026-09-07T22:37:17.481966972,,,2026-08-15,APPROXIMATE_FIXED_LAG,UNKNOWN,UNKNOWN,data\raw\isyatirim_cache\AEFES_2026_XI_29.json,satislar;ebitda;op_gelir;net_kar;cfo;fcf;ozkaynaklar;toplam_borc;net_borc;nakit;toplam_aktif,toplam_borc;net_borc;ebitda;ihracat_orani;piyasa_degeri;pb;roe;roa;ev;ev_ebitda;fcf_verim
AGHOL.IS,2018Q1,2018-03-31,XI_29,isyatirim_pit,,,2026-09-07T22:37:20.705751896,,,2018-05-15,APPROXIMATE_FIXED_LAG,UNKNOWN,UNKNOWN,data\raw\isyatirim_cache\AGHOL_2018_XI_29.json,satislar;ebitda;op_gelir;net_kar;cfo;fcf;ozkaynaklar;toplam_borc;net_borc;nakit;toplam_aktif,toplam_borc;net_borc;ebitda;ihracat_orani;piyasa_degeri;pb;roe;roa;ev;ev_ebitda;fcf_verim
AGHOL.IS,2018Q2,2018-06-30,XI_29,isyatirim_pit,,,2026-09-07T22:37:20.705751896,,,2018-08-15,APPROXIMATE_FIXED_LAG,UNKNOWN,UNKNOWN,data\raw\isyatirim_cache\AGHOL_2018_XI_29.json,satislar;ebitda;op_gelir;net_kar;cfo;fcf;ozkaynaklar;toplam_borc;net_borc;nakit;toplam_aktif,toplam_borc;net_borc;ebitda;ihracat_orani;piyasa_degeri;pb;roe;roa;ev;ev_ebitda;fcf_verim
AGHOL.IS,2018Q3,2018-09-30,XI_29,isyatirim_pit,,,2026-09-07T22:37:20.705751896,,,2018-11-15,APPROXIMATE_FIXED_LAG,UNKNOWN,UNKNOWN,data\raw\isyatirim_cache\AGHOL_2018_XI_29.json,satislar;ebitda;op_gelir;net_kar;cfo;fcf;ozkaynaklar;toplam_borc;net_borc;nakit;toplam_aktif,toplam_borc;net_borc;ebitda;ihracat_orani;piyasa_degeri;pb;roe;roa;ev;ev_ebitda;fcf_verim
AGHOL.IS,2018Q4,2018-12-31,XI_29,isyatirim_pit,,,2026-09-07T22:37:20.705751896,,,2019-03-15,APPROXIMATE_FIXED_LAG,UNKNOWN,UNKNOWN,data\raw\isyatirim_cache\AGHOL_2018_XI_29.json,satislar;ebitda;op_gelir;net_kar;cfo;fcf;ozkaynaklar;toplam_borc;net_borc;nakit;toplam_aktif,toplam_borc;net_borc;ebitda;ihracat_orani;piyasa_degeri;pb;roe;roa;ev;ev_ebitda;fcf_verim
AGHOL.IS,2019Q1,2019-03-31,XI_29,isyatirim_pit,,,2026-09-07T22:37:20.854955435,,,2019-05-15,APPROXIMATE_FIXED_LAG,UNKNOWN,UNKNOWN,data\raw\isyatirim_cache\AGHOL_2019_XI_29.json,satislar;ebitda;op_gelir;net_kar;cfo;fcf;ozkaynaklar;toplam_borc;net_borc;nakit;toplam_aktif,toplam_borc;net_borc;ebitda;ihracat_orani;piyasa_degeri;pb;roe;roa;ev;ev_ebitda;fcf_verim
AGHOL.IS,2019Q2,2019-06-30,XI_29,isyatirim_pit,,,2026-09-07T22:37:20.854955435,,,2019-08-15,APPROXIMATE_FIXED_LAG,UNKNOWN,UNKNOWN,data\raw\isyatirim_cache\AGHOL_2019_XI_29.json,satislar;ebitda;op_gelir;net_kar;cfo;fcf;ozkaynaklar;toplam_borc;net_borc;nakit;toplam_aktif,toplam_borc;net_borc;ebitda;ihracat_orani;piyasa_degeri;pb;roe;roa;ev;ev_ebitda;fcf_verim
AGHOL.IS,2019Q3,2019-09-30,XI_29,isyatirim_pit,,,2026-09-07T22:37:20.854955435,,,2019-11-15,APPROXIMATE_FIXED_LAG,UNKNOWN,UNKNOWN,data\raw\isyatirim_cache\AGHOL_2019_XI_29.json,satislar;ebitda;op_gelir;net_kar;cfo;fcf;ozkaynaklar;toplam_borc;net_borc;nakit;toplam_aktif,toplam_borc;net_borc;ebitda;ihracat_orani;piyasa_degeri;pb;roe;roa;ev;ev_ebitda;fcf_verim
AGHOL.IS,2019Q4,2019-12-31,XI_29,isyatirim_pit,,,2026-09-07T22:37:20.854955435,,,2020-03-15,APPROXIMATE_FIXED_LAG,UNKNOWN,UNKNOWN,data\raw\isyatirim_cache\AGHOL_2019_XI_29.json,satislar;ebitda;op_gelir;net_kar;cfo;fcf;ozkaynaklar;toplam_borc;net_borc;nakit;toplam_aktif,toplam_borc;net_borc;ebitda;ihracat_orani;piyasa_degeri;pb;roe;roa;ev;ev_ebitda;fcf_verim
AGHOL.IS,2020Q1,2020-03-31,XI_29,isyatirim_pit,,,2026-09-07T22:37:21.003551722,,,2020-05-15,APPROXIMATE_FIXED_LAG,UNKNOWN,UNKNOWN,data\raw\isyatirim_cache\AGHOL_2020_XI_29.json,satislar;ebitda;op_gelir;net_kar;cfo;fcf;ozkaynaklar;toplam_borc;net_borc;nakit;toplam_aktif,toplam_borc;net_borc;ebitda;ihracat_orani;piyasa_degeri;pb;roe;roa;ev;ev_ebitda;fcf_verim
AGHOL.IS,2020Q2,2020-06-30,XI_29,isyatirim_pit,,,2026-09-07T22:37:21.003551722,,,2020-08-15,APPROXIMATE_FIXED_LAG,UNKNOWN,UNKNOWN,data\raw\isyatirim_cache\AGHOL_2020_XI_29.json,satislar;ebitda;op_gelir;net_kar;cfo;fcf;ozkaynaklar;toplam_borc;net_borc;nakit;toplam_aktif,toplam_borc;net_borc;ebitda;ihracat_orani;piyasa_degeri;pb;roe;roa;ev;ev_ebitda;fcf_verim
AGHOL.IS,2020Q3,2020-09-30,XI_29,isyatirim_pit,,,2026-09-07T22:37:21.003551722,,,2020-11-15,APPROXIMATE_FIXED_LAG,UNKNOWN,UNKNOWN,data\raw\isyatirim_cache\AGHOL_2020_XI_29.json,satislar;ebitda;op_gelir;net_kar;cfo;fcf;ozkaynaklar;toplam_borc;net_borc;nakit;toplam_aktif,toplam_borc;net_borc;ebitda;ihracat_orani;piyasa_degeri;pb;roe;roa;ev;ev_ebitda;fcf_verim
AGHOL.IS,2020Q4,2020-12-31,XI_29,isyatirim_pit,,,2026-09-07T22:37:21.003551722,,,2021-03-15,APPROXIMATE_FIXED_LAG,UNKNOWN,UNKNOWN,data\raw\isyatirim_cache\AGHOL_2020_XI_29.json,satislar;ebitda;op_gelir;net_kar;cfo;fcf;ozkaynaklar;toplam_borc;net_borc;nakit;toplam_aktif,toplam_borc;net_borc;ebitda;ihracat_orani;piyasa_degeri;pb;roe;roa;ev;ev_ebitda;fcf_verim
AGHOL.IS,2021Q1,2021-03-31,XI_29,isyatirim_pit,,,2026-09-07T22:37:21.182705402,,,2021-05-15,APPROXIMATE_FIXED_LAG,UNKNOWN,UNKNOWN,data\raw\isyatirim_cache\AGHOL_2021_XI_29.json,satislar;ebitda;op_gelir;net_kar;cfo;fcf;ozkaynaklar;toplam_borc;net_borc;nakit;toplam_aktif,toplam_borc;net_borc;ebitda;ihracat_orani;piyasa_degeri;pb;roe;roa;ev;ev_ebitda;fcf_verim
AGHOL.IS,2021Q2,2021-06-30,XI_29,isyatirim_pit,,,2026-09-07T22:37:21.182705402,,,2021-08-15,APPROXIMATE_FIXED_LAG,UNKNOWN,UNKNOWN,data\raw\isyatirim_cache\AGHOL_2021_XI_29.json,satislar;ebitda;op_gelir;net_kar;cfo;fcf;ozkaynaklar;toplam_borc;net_borc;nakit;toplam_aktif,toplam_borc;net_borc;ebitda;ihracat_orani;piyasa_degeri;pb;roe;roa;ev;ev_ebitda;fcf_verim
AGHOL.IS,2021Q3,2021-09-30,XI_29,isyatirim_pit,,,2026-09-07T22:37:21.182705402,,,2021-11-15,APPROXIMATE_FIXED_LAG,UNKNOWN,UNKNOWN,data\raw\isyatirim_cache\AGHOL_2021_XI_29.json,satislar;ebitda;op_gelir;net_kar;cfo;fcf;ozkaynaklar;toplam_borc;net_borc;nakit;toplam_aktif,toplam_borc;net_borc;ebitda;ihracat_orani;piyasa_degeri;pb;roe;roa;ev;ev_ebitda;fcf_verim
AGHOL.IS,2021Q4,2021-12-31,XI_29,isyatirim_pit,,,2026-09-07T22:37:21.182705402,,,2022-03-15,APPROXIMATE_FIXED_LAG,UNKNOWN,UNKNOWN,data\raw\isyatirim_cache\AGHOL_2021_XI_29.json,satislar;ebitda;op_gelir;net_kar;cfo;fcf;ozkaynaklar;toplam_borc;net_borc;nakit;toplam_aktif,toplam_borc;net_borc;ebitda;ihracat_orani;piyasa_degeri;pb;roe;roa;ev;ev_ebitda;fcf_verim
AGHOL.IS,2022Q1,2022-03-31,XI_29,isyatirim_pit,,,2026-09-07T22:37:21.337631226,,,2022-05-15,APPROXIMATE_FIXED_LAG,UNKNOWN,UNKNOWN,data\raw\isyatirim_cache\AGHOL_2022_XI_29.json,satislar;ebitda;op_gelir;net_kar;cfo;fcf;ozkaynaklar;toplam_borc;net_borc;nakit;toplam_aktif,toplam_borc;net_borc;ebitda;ihracat_orani;piyasa_degeri;pb;roe;roa;ev;ev_ebitda;fcf_verim
AGHOL.IS,2022Q2,2022-06-30,XI_29,isyatirim_pit,,,2026-09-07T22:37:21.337631226,,,2022-08-15,APPROXIMATE_FIXED_LAG,UNKNOWN,UNKNOWN,data\raw\isyatirim_cache\AGHOL_2022_XI_29.json,satislar;ebitda;op_gelir;net_kar;cfo;fcf;ozkaynaklar;toplam_borc;net_borc;nakit;toplam_aktif,toplam_borc;net_borc;ebitda;ihracat_orani;piyasa_degeri;pb;roe;roa;ev;ev_ebitda;fcf_verim
AGHOL.IS,2022Q3,2022-09-30,XI_29,isyatirim_pit,,,2026-09-07T22:37:21.337631226,,,2022-11-15,APPROXIMATE_FIXED_LAG,UNKNOWN,UNKNOWN,data\raw\isyatirim_cache\AGHOL_2022_XI_29.json,satislar;ebitda;op_gelir;net_kar;cfo;fcf;ozkaynaklar;toplam_borc;net_borc;nakit;toplam_aktif,toplam_borc;net_borc;ebitda;ihracat_orani;piyasa_degeri;pb;roe;roa;ev;ev_ebitda;fcf_verim
AGHOL.IS,2022Q4,2022-12-31,XI_29,isyatirim_pit,,,2026-09-07T22:37:21.337631226,,,2023-03-15,APPROXIMATE_FIXED_LAG,UNKNOWN,UNKNOWN,data\raw\isyatirim_cache\AGHOL_2022_XI_29.json,satislar;ebitda;op_gelir;net_kar;cfo;fcf;ozkaynaklar;toplam_borc;net_borc;nakit;toplam_aktif,toplam_borc;net_borc;ebitda;ihracat_orani;piyasa_degeri;pb;roe;roa;ev;ev_ebitda;fcf_verim
AGHOL.IS,2023Q1,2023-03-31,XI_29,isyatirim_pit,,,2026-09-07T22:37:21.566240788,,,2023-05-15,APPROXIMATE_FIXED_LAG,UNKNOWN,UNKNOWN,data\raw\isyatirim_cache\AGHOL_2023_XI_29.json,satislar;ebitda;op_gelir;net_kar;cfo;fcf;ozkaynaklar;toplam_borc;net_borc;nakit;toplam_aktif,toplam_borc;net_borc;ebitda;ihracat_orani;piyasa_degeri;pb;roe;roa;ev;ev_ebitda;fcf_verim
AGHOL.IS,2023Q2,2023-06-30,XI_29,isyatirim_pit,,,2026-09-07T22:37:21.566240788,,,2023-08-15,APPROXIMATE_FIXED_LAG,UNKNOWN,UNKNOWN,data\raw\isyatirim_cache\AGHOL_2023_XI_29.json,satislar;ebitda;op_gelir;net_kar;cfo;fcf;ozkaynaklar;toplam_borc;net_borc;nakit;toplam_aktif,toplam_borc;net_borc;ebitda;ihracat_orani;piyasa_degeri;pb;roe;roa;ev;ev_ebitda;fcf_verim
AGHOL.IS,2023Q3,2023-09-30,XI_29,isyatirim_pit,,,2026-09-07T22:37:21.566240788,,,2023-11-15,APPROXIMATE_FIXED_LAG,UNKNOWN,UNKNOWN,data\raw\isyatirim_cache\AGHOL_2023_XI_29.json,satislar;ebitda;op_gelir;net_kar;cfo;fcf;ozkaynaklar;toplam_borc;net_borc;nakit;toplam_aktif,toplam_borc;net_borc;ebitda;ihracat_orani;piyasa_degeri;pb;roe;roa;ev;ev_ebitda;fcf_verim
AGHOL.IS,2023Q4,2023-12-31,XI_29,isyatirim_pit,,,2026-09-07T22:37:21.566240788,,,2024-03-15,APPROXIMATE_FIXED_LAG,UNKNOWN,UNKNOWN,data\raw\isyatirim_cache\AGHOL_2023_XI_29.json,satislar;ebitda;op_gelir;net_kar;cfo;fcf;ozkaynaklar;toplam_borc;net_borc;nakit;toplam_aktif,toplam_borc;net_borc;ebitda;ihracat_orani;piyasa_degeri;pb;roe;roa;ev;ev_ebitda;fcf_verim
AGHOL.IS,2024Q1,2024-03-31,XI_29,isyatirim_pit,,,2026-09-07T22:37:21.652769804,,,2024-05-15,APPROXIMATE_FIXED_LAG,UNKNOWN,UNKNOWN,data\raw\isyatirim_cache\AGHOL_2024_XI_29.json,satislar;ebitda;op_gelir;net_kar;cfo;fcf;ozkaynaklar;toplam_borc;net_borc;nakit;toplam_aktif,toplam_borc;net_borc;ebitda;ihracat_orani;piyasa_degeri;pb;roe;roa;ev;ev_ebitda;fcf_verim
AGHOL.IS,2024Q2,2024-06-30,XI_29,isyatirim_pit,,,2026-09-07T22:37:21.652769804,,,2024-08-15,APPROXIMATE_FIXED_LAG,UNKNOWN,UNKNOWN,data\raw\isyatirim_cache\AGHOL_2024_XI_29.json,satislar;ebitda;op_gelir;net_kar;cfo;fcf;ozkaynaklar;toplam_borc;net_borc;nakit;toplam_aktif,toplam_borc;net_borc;ebitda;ihracat_orani;piyasa_degeri;pb;roe;roa;ev;ev_ebitda;fcf_verim
AGHOL.IS,2024Q3,2024-09-30,XI_29,isyatirim_pit,,,2026-09-07T22:37:21.652769804,,,2024-11-15,APPROXIMATE_FIXED_LAG,UNKNOWN,UNKNOWN,data\raw\isyatirim_cache\AGHOL_2024_XI_29.json,satislar;ebitda;op_gelir;net_kar;cfo;fcf;ozkaynaklar;toplam_borc;net_borc;nakit;toplam_aktif,toplam_borc;net_borc;ebitda;ihracat_orani;piyasa_degeri;pb;roe;roa;ev;ev_ebitda;fcf_verim
AGHOL.IS,2024Q4,2024-12-31,XI_29,isyatirim_pit,,,2026-09-07T22:37:21.652769804,,,2025-03-15,APPROXIMATE_FIXED_LAG,UNKNOWN,UNKNOWN,data\raw\isyatirim_cache\AGHOL_2024_XI_29.json,satislar;ebitda;op_gelir;net_kar;cfo;fcf;ozkaynaklar;toplam_borc;net_borc;nakit;toplam_aktif,toplam_borc;net_borc;ebitda;ihracat_orani;piyasa_degeri;pb;roe;roa;ev;ev_ebitda;fcf_verim
AGHOL.IS,2025Q1,2025-03-31,XI_29,isyatirim_pit,,,2026-09-07T22:37:21.867844582,,,2025-05-15,APPROXIMATE_FIXED_LAG,UNKNOWN,UNKNOWN,data\raw\isyatirim_cache\AGHOL_2025_XI_29.json,satislar;ebitda;op_gelir;net_kar;cfo;fcf;ozkaynaklar;toplam_borc;net_borc;nakit;toplam_aktif,toplam_borc;net_borc;ebitda;ihracat_orani;piyasa_degeri;pb;roe;roa;ev;ev_ebitda;fcf_verim
AGHOL.IS,2025Q2,2025-06-30,XI_29,isyatirim_pit,,,2026-09-07T22:37:21.867844582,,,2025-08-15,APPROXIMATE_FIXED_LAG,UNKNOWN,UNKNOWN,data\raw\isyatirim_cache\AGHOL_2025_XI_29.json,satislar;ebitda;op_gelir;net_kar;cfo;fcf;ozkaynaklar;toplam_borc;net_borc;nakit;toplam_aktif,toplam_borc;net_borc;ebitda;ihracat_orani;piyasa_degeri;pb;roe;roa;ev;ev_ebitda;fcf_verim
AGHOL.IS,2025Q3,2025-09-30,XI_29,isyatirim_pit,,,2026-09-07T22:37:21.867844582,,,2025-11-15,APPROXIMATE_FIXED_LAG,UNKNOWN,UNKNOWN,data\raw\isyatirim_cache\AGHOL_2025_XI_29.json,satislar;ebitda;op_gelir;net_kar;cfo;fcf;ozkaynaklar;toplam_borc;net_borc;nakit;toplam_aktif,toplam_borc;net_borc;ebitda;ihracat_orani;piyasa_degeri;pb;roe;roa;ev;ev_ebitda;fcf_verim
AGHOL.IS,2025Q4,2025-12-31,XI_29,isyatirim_pit,,,2026-09-07T22:37:21.867844582,,,2026-03-15,APPROXIMATE_FIXED_LAG,UNKNOWN,UNKNOWN,data\raw\isyatirim_cache\AGHOL_2025_XI_29.json,satislar;ebitda;op_gelir;net_kar;cfo;fcf;ozkaynaklar;toplam_borc;net_borc;nakit;toplam_aktif,toplam_borc;net_borc;ebitda;ihracat_orani;piyasa_degeri;pb;roe;roa;ev;ev_ebitda;fcf_verim
AGHOL.IS,2026Q1,2026-03-31,XI_29,isyatirim_pit,,,2026-09-07T22:37:21.998316526,,,2026-05-15,APPROXIMATE_FIXED_LAG,UNKNOWN,UNKNOWN,data\raw\isyatirim_cache\AGHOL_2026_XI_29.json,satislar;ebitda;op_gelir;net_kar;cfo;fcf;ozkaynaklar;toplam_borc;net_borc;nakit;toplam_aktif,toplam_borc;net_borc;ebitda;ihracat_orani;piyasa_degeri;pb;roe;roa;ev;ev_ebitda;fcf_verim
AGHOL.IS,2026Q2,2026-06-30,XI_29,isyatirim_pit,,,2026-09-07T22:37:21.998316526,,,2026-08-15,APPROXIMATE_FIXED_LAG,UNKNOWN,UNKNOWN,data\raw\isyatirim_cache\AGHOL_2026_XI_29.json,satislar;ebitda;op_gelir;net_kar;cfo;fcf;ozkaynaklar;toplam_borc;net_borc;nakit;toplam_aktif,toplam_borc;net_borc;ebitda;ihracat_orani;piyasa_degeri;pb;roe;roa;ev;ev_ebitda;fcf_verim
AGROT.IS,2020Q4,2020-12-31,XI_29,isyatirim_pit,,,2026-09-07T22:37:23.729223013,,,2021-03-15,APPROXIMATE_FIXED_LAG,UNKNOWN,UNKNOWN,data\raw\isyatirim_cache\AGROT_2020_XI_29.json,satislar;ebitda;op_gelir;net_kar;cfo;fcf;ozkaynaklar;toplam_borc;net_borc;nakit;toplam_aktif,toplam_borc;net_borc;ebitda;ihracat_orani;piyasa_degeri;pb;roe;roa;ev;ev_ebitda;fcf_verim
AGROT.IS,2021Q4,2021-12-31,XI_29,isyatirim_pit,,,2026-09-07T22:37:23.866527557,,,2022-03-15,APPROXIMATE_FIXED_LAG,UNKNOWN,UNKNOWN,data\raw\isyatirim_cache\AGROT_2021_XI_29.json,satislar;ebitda;op_gelir;net_kar;cfo;fcf;ozkaynaklar;toplam_borc;net_borc;nakit;toplam_aktif,toplam_borc;net_borc;ebitda;ihracat_orani;piyasa_degeri;pb;roe;roa;ev;ev_ebitda;fcf_verim
AGROT.IS,2022Q2,2022-06-30,XI_29,isyatirim_pit,,,2026-09-07T22:37:24.001927614,,,2022-08-15,APPROXIMATE_FIXED_LAG,UNKNOWN,UNKNOWN,data\raw\isyatirim_cache\AGROT_2022_XI_29.json,satislar;ebitda;op_gelir;net_kar;cfo;fcf;ozkaynaklar;toplam_borc;net_borc;nakit;toplam_aktif,toplam_borc;net_borc;ebitda;ihracat_orani;piyasa_degeri;pb;roe;roa;ev;ev_ebitda;fcf_verim
AGROT.IS,2022Q3,2022-09-30,XI_29,isyatirim_pit,,,2026-09-07T22:37:24.001927614,,,2022-11-15,APPROXIMATE_FIXED_LAG,UNKNOWN,UNKNOWN,data\raw\isyatirim_cache\AGROT_2022_XI_29.json,satislar;ebitda;op_gelir;net_kar;cfo;fcf;ozkaynaklar;toplam_borc;net_borc;nakit;toplam_aktif,toplam_borc;net_borc;ebitda;ihracat_orani;piyasa_degeri;pb;roe;roa;ev;ev_ebitda;fcf_verim
AGROT.IS,2022Q4,2022-12-31,XI_29,isyatirim_pit,,,2026-09-07T22:37:24.001927614,,,2023-03-15,APPROXIMATE_FIXED_LAG,UNKNOWN,UNKNOWN,data\raw\isyatirim_cache\AGROT_2022_XI_29.json,satislar;ebitda;op_gelir;net_kar;cfo;fcf;ozkaynaklar;toplam_borc;net_borc;nakit;toplam_aktif,toplam_borc;net_borc;ebitda;ihracat_orani;piyasa_degeri;pb;roe;roa;ev;ev_ebitda;fcf_verim
AGROT.IS,2023Q1,2023-03-31,XI_29,isyatirim_pit,,,2026-09-07T22:37:24.190675497,,,2023-05-15,APPROXIMATE_FIXED_LAG,UNKNOWN,UNKNOWN,data\raw\isyatirim_cache\AGROT_2023_XI_29.json,satislar;ebitda;op_gelir;net_kar;cfo;fcf;ozkaynaklar;toplam_borc;net_borc;nakit;toplam_aktif,toplam_borc;net_borc;ebitda;ihracat_orani;piyasa_degeri;pb;roe;roa;ev;ev_ebitda;fcf_verim
AGROT.IS,2023Q2,2023-06-30,XI_29,isyatirim_pit,,,2026-09-07T22:37:24.190675497,,,2023-08-15,APPROXIMATE_FIXED_LAG,UNKNOWN,UNKNOWN,data\raw\isyatirim_cache\AGROT_2023_XI_29.json,satislar;ebitda;op_gelir;net_kar;cfo;fcf;ozkaynaklar;toplam_borc;net_borc;nakit;toplam_aktif,toplam_borc;net_borc;ebitda;ihracat_orani;piyasa_degeri;pb;roe;roa;ev;ev_ebitda;fcf_verim
AGROT.IS,2023Q3,2023-09-30,XI_29,isyatirim_pit,,,2026-09-07T22:37:24.190675497,,,2023-11-15,APPROXIMATE_FIXED_LAG,UNKNOWN,UNKNOWN,data\raw\isyatirim_cache\AGROT_2023_XI_29.json,satislar;ebitda;op_gelir;net_kar;cfo;fcf;ozkaynaklar;toplam_borc;net_borc;nakit;toplam_aktif,toplam_borc;net_borc;ebitda;ihracat_orani;piyasa_degeri;pb;roe;roa;ev;ev_ebitda;fcf_verim
AGROT.IS,2023Q4,2023-12-31,XI_29,isyatirim_pit,,,2026-09-07T22:37:24.190675497,,,2024-03-15,APPROXIMATE_FIXED_LAG,UNKNOWN,UNKNOWN,data\raw\isyatirim_cache\AGROT_2023_XI_29.json,satislar;ebitda;op_gelir;net_kar;cfo;fcf;ozkaynaklar;toplam_borc;net_borc;nakit;toplam_aktif,toplam_borc;net_borc;ebitda;ihracat_orani;piyasa_degeri;pb;roe;roa;ev;ev_ebitda;fcf_verim
AGROT.IS,2024Q1,2024-03-31,XI_29,isyatirim_pit,,,2026-09-07T22:37:24.284919262,,,2024-05-15,APPROXIMATE_FIXED_LAG,UNKNOWN,UNKNOWN,data\raw\isyatirim_cache\AGROT_2024_XI_29.json,satislar;ebitda;op_gelir;net_kar;cfo;fcf;ozkaynaklar;toplam_borc;net_borc;nakit;toplam_aktif,toplam_borc;net_borc;ebitda;ihracat_orani;piyasa_degeri;pb;roe;roa;ev;ev_ebitda;fcf_verim
AGROT.IS,2024Q2,2024-06-30,XI_29,isyatirim_pit,,,2026-09-07T22:37:24.284919262,,,2024-08-15,APPROXIMATE_FIXED_LAG,UNKNOWN,UNKNOWN,data\raw\isyatirim_cache\AGROT_2024_XI_29.json,satislar;ebitda;op_gelir;net_kar;cfo;fcf;ozkaynaklar;toplam_borc;net_borc;nakit;toplam_aktif,toplam_borc;net_borc;ebitda;ihracat_orani;piyasa_degeri;pb;roe;roa;ev;ev_ebitda;fcf_verim
AGROT.IS,2024Q3,2024-09-30,XI_29,isyatirim_pit,,,2026-09-07T22:37:24.284919262,,,2024-11-15,APPROXIMATE_FIXED_LAG,UNKNOWN,UNKNOWN,data\raw\isyatirim_cache\AGROT_2024_XI_29.json,satislar;ebitda;op_gelir;net_kar;cfo;fcf;ozkaynaklar;toplam_borc;net_borc;nakit;toplam_aktif,toplam_borc;net_borc;ebitda;ihracat_orani;piyasa_degeri;pb;roe;roa;ev;ev_ebitda;fcf_verim
AGROT.IS,2024Q4,2024-12-31,XI_29,isyatirim_pit,,,2026-09-07T22:37:24.284919262,,,2025-03-15,APPROXIMATE_FIXED_LAG,UNKNOWN,UNKNOWN,data\raw\isyatirim_cache\AGROT_2024_XI_29.json,satislar;ebitda;op_gelir;net_kar;cfo;fcf;ozkaynaklar;toplam_borc;net_borc;nakit;toplam_aktif,toplam_borc;net_borc;ebitda;ihracat_orani;piyasa_degeri;pb;roe;roa;ev;ev_ebitda;fcf_verim
AGROT.IS,2025Q1,2025-03-31,XI_29,isyatirim_pit,,,2026-09-07T22:37:24.413416624,,,2025-05-15,APPROXIMATE_FIXED_LAG,UNKNOWN,UNKNOWN,data\raw\isyatirim_cache\AGROT_2025_XI_29.json,satislar;ebitda;op_gelir;net_kar;cfo;fcf;ozkaynaklar;toplam_borc;net_borc;nakit;toplam_aktif,toplam_borc;net_borc;ebitda;ihracat_orani;piyasa_degeri;pb;roe;roa;ev;ev_ebitda;fcf_verim
AGROT.IS,2025Q2,2025-06-30,XI_29,isyatirim_pit,,,2026-09-07T22:37:24.413416624,,,2025-08-15,APPROXIMATE_FIXED_LAG,UNKNOWN,UNKNOWN,data\raw\isyatirim_cache\AGROT_2025_XI_29.json,satislar;ebitda;op_gelir;net_kar;cfo;fcf;ozkaynaklar;toplam_borc;net_borc;nakit;toplam_aktif,toplam_borc;net_borc;ebitda;ihracat_orani;piyasa_degeri;pb;roe;roa;ev;ev_ebitda;fcf_verim
AGROT.IS,2025Q3,2025-09-30,XI_29,isyatirim_pit,,,2026-09-07T22:37:24.413416624,,,2025-11-15,APPROXIMATE_FIXED_LAG,UNKNOWN,UNKNOWN,data\raw\isyatirim_cache\AGROT_2025_XI_29.json,satislar;ebitda;op_gelir;net_kar;cfo;fcf;ozkaynaklar;toplam_borc;net_borc;nakit;toplam_aktif,toplam_borc;net_borc;ebitda;ihracat_orani;piyasa_degeri;pb;roe;roa;ev;ev_ebitda;fcf_verim
AGROT.IS,2025Q4,2025-12-31,XI_29,isyatirim_pit,,,2026-09-07T22:37:24.413416624,,,2026-03-15,APPROXIMATE_FIXED_LAG,UNKNOWN,UNKNOWN,data\raw\isyatirim_cache\AGROT_2025_XI_29.json,satislar;ebitda;op_gelir;net_kar;cfo;fcf;ozkaynaklar;toplam_borc;net_borc;nakit;toplam_aktif,toplam_borc;net_borc;ebitda;ihracat_orani;piyasa_degeri;pb;roe;roa;ev;ev_ebitda;fcf_verim
AGROT.IS,2026Q1,2026-03-31,XI_29,isyatirim_pit,,,2026-09-07T22:37:24.572368383,,,2026-05-15,APPROXIMATE_FIXED_LAG,UNKNOWN,UNKNOWN,data\raw\isyatirim_cache\AGROT_2026_XI_29.json,satislar;ebitda;op_gelir;net_kar;cfo;fcf;ozkaynaklar;toplam_borc;net_borc;nakit;toplam_aktif,toplam_borc;net_borc;ebitda;ihracat_orani;piyasa_degeri;pb;roe;roa;ev;ev_ebitda;fcf_verim
AGROT.IS,2026Q2,2026-06-30,XI_29,isyatirim_pit,,,2026-09-07T22:37:24.572368383,,,2026-08-15,APPROXIMATE_FIXED_LAG,UNKNOWN,UNKNOWN,data\raw\isyatirim_cache\AGROT_2026_XI_29.json,satislar;ebitda;op_gelir;net_kar;cfo;fcf;ozkaynaklar;toplam_borc;net_borc;nakit;toplam_aktif,toplam_borc;net_borc;ebitda;ihracat_orani;piyasa_degeri;pb;roe;roa;ev;ev_ebitda;fcf_verim
AKBNK.IS,2018Q1,2018-03-31,UFRS,isyatirim_bank_pit,,,2026-09-07T22:36:51.504434347,,,2018-05-15,APPROXIMATE_FIXED_LAG,UNKNOWN,UNKNOWN,data\raw\isyatirim_cache\AKBNK_2018_UFRS.json,satislar;ebitda;op_gelir;net_kar;cfo;fcf;ozkaynaklar;toplam_borc;net_borc;nakit;toplam_aktif,toplam_borc;net_borc;ebitda;ihracat_orani;piyasa_degeri;pb;roe;roa;ev;ev_ebitda;fcf_verim
AKBNK.IS,2018Q2,2018-06-30,UFRS,isyatirim_bank_pit,,,2026-09-07T22:36:51.504434347,,,2018-08-15,APPROXIMATE_FIXED_LAG,UNKNOWN,UNKNOWN,data\raw\isyatirim_cache\AKBNK_2018_UFRS.json,satislar;ebitda;op_gelir;net_kar;cfo;fcf;ozkaynaklar;toplam_borc;net_borc;nakit;toplam_aktif,toplam_borc;net_borc;ebitda;ihracat_orani;piyasa_degeri;pb;roe;roa;ev;ev_ebitda;fcf_verim
AKBNK.IS,2018Q3,2018-09-30,UFRS,isyatirim_bank_pit,,,2026-09-07T22:36:51.504434347,,,2018-11-15,APPROXIMATE_FIXED_LAG,UNKNOWN,UNKNOWN,data\raw\isyatirim_cache\AKBNK_2018_UFRS.json,satislar;ebitda;op_gelir;net_kar;cfo;fcf;ozkaynaklar;toplam_borc;net_borc;nakit;toplam_aktif,toplam_borc;net_borc;ebitda;ihracat_orani;piyasa_degeri;pb;roe;roa;ev;ev_ebitda;fcf_verim
AKBNK.IS,2018Q4,2018-12-31,UFRS,isyatirim_bank_pit,,,2026-09-07T22:36:51.504434347,,,2019-03-15,APPROXIMATE_FIXED_LAG,UNKNOWN,UNKNOWN,data\raw\isyatirim_cache\AKBNK_2018_UFRS.json,satislar;ebitda;op_gelir;net_kar;cfo;fcf;ozkaynaklar;toplam_borc;net_borc;nakit;toplam_aktif,toplam_borc;net_borc;ebitda;ihracat_orani;piyasa_degeri;pb;roe;roa;ev;ev_ebitda;fcf_verim
AKBNK.IS,2019Q1,2019-03-31,UFRS,isyatirim_bank_pit,,,2026-09-07T22:36:51.592456102,,,2019-05-15,APPROXIMATE_FIXED_LAG,UNKNOWN,UNKNOWN,data\raw\isyatirim_cache\AKBNK_2019_UFRS.json,satislar;ebitda;op_gelir;net_kar;cfo;fcf;ozkaynaklar;toplam_borc;net_borc;nakit;toplam_aktif,toplam_borc;net_borc;ebitda;ihracat_orani;piyasa_degeri;pb;roe;roa;ev;ev_ebitda;fcf_verim
AKBNK.IS,2019Q2,2019-06-30,UFRS,isyatirim_bank_pit,,,2026-09-07T22:36:51.592456102,,,2019-08-15,APPROXIMATE_FIXED_LAG,UNKNOWN,UNKNOWN,data\raw\isyatirim_cache\AKBNK_2019_UFRS.json,satislar;ebitda;op_gelir;net_kar;cfo;fcf;ozkaynaklar;toplam_borc;net_borc;nakit;toplam_aktif,toplam_borc;net_borc;ebitda;ihracat_orani;piyasa_degeri;pb;roe;roa;ev;ev_ebitda;fcf_verim
AKBNK.IS,2019Q3,2019-09-30,UFRS,isyatirim_bank_pit,,,2026-09-07T22:36:51.592456102,,,2019-11-15,APPROXIMATE_FIXED_LAG,UNKNOWN,UNKNOWN,data\raw\isyatirim_cache\AKBNK_2019_UFRS.json,satislar;ebitda;op_gelir;net_kar;cfo;fcf;ozkaynaklar;toplam_borc;net_borc;nakit;toplam_aktif,toplam_borc;net_borc;ebitda;ihracat_orani;piyasa_degeri;pb;roe;roa;ev;ev_ebitda;fcf_verim
AKBNK.IS,2019Q4,2019-12-31,UFRS,isyatirim_bank_pit,,,2026-09-07T22:36:51.592456102,,,2020-03-15,APPROXIMATE_FIXED_LAG,UNKNOWN,UNKNOWN,data\raw\isyatirim_cache\AKBNK_2019_UFRS.json,satislar;ebitda;op_gelir;net_kar;cfo;fcf;ozkaynaklar;toplam_borc;net_borc;nakit;toplam_aktif,toplam_borc;net_borc;ebitda;ihracat_orani;piyasa_degeri;pb;roe;roa;ev;ev_ebitda;fcf_verim
AKBNK.IS,2020Q1,2020-03-31,UFRS,isyatirim_bank_pit,,,2026-09-07T22:36:51.678471327,,,2020-05-15,APPROXIMATE_FIXED_LAG,UNKNOWN,UNKNOWN,data\raw\isyatirim_cache\AKBNK_2020_UFRS.json,satislar;ebitda;op_gelir;net_kar;cfo;fcf;ozkaynaklar;toplam_borc;net_borc;nakit;toplam_aktif,toplam_borc;net_borc;ebitda;ihracat_orani;piyasa_degeri;pb;roe;roa;ev;ev_ebitda;fcf_verim
AKBNK.IS,2020Q2,2020-06-30,UFRS,isyatirim_bank_pit,,,2026-09-07T22:36:51.678471327,,,2020-08-15,APPROXIMATE_FIXED_LAG,UNKNOWN,UNKNOWN,data\raw\isyatirim_cache\AKBNK_2020_UFRS.json,satislar;ebitda;op_gelir;net_kar;cfo;fcf;ozkaynaklar;toplam_borc;net_borc;nakit;toplam_aktif,toplam_borc;net_borc;ebitda;ihracat_orani;piyasa_degeri;pb;roe;roa;ev;ev_ebitda;fcf_verim
AKBNK.IS,2020Q3,2020-09-30,UFRS,isyatirim_bank_pit,,,2026-09-07T22:36:51.678471327,,,2020-11-15,APPROXIMATE_FIXED_LAG,UNKNOWN,UNKNOWN,data\raw\isyatirim_cache\AKBNK_2020_UFRS.json,satislar;ebitda;op_gelir;net_kar;cfo;fcf;ozkaynaklar;toplam_borc;net_borc;nakit;toplam_aktif,toplam_borc;net_borc;ebitda;ihracat_orani;piyasa_degeri;pb;roe;roa;ev;ev_ebitda;fcf_verim
AKBNK.IS,2020Q4,2020-12-31,UFRS,isyatirim_bank_pit,,,2026-09-07T22:36:51.678471327,,,2021-03-15,APPROXIMATE_FIXED_LAG,UNKNOWN,UNKNOWN,data\raw\isyatirim_cache\AKBNK_2020_UFRS.json,satislar;ebitda;op_gelir;net_kar;cfo;fcf;ozkaynaklar;toplam_borc;net_borc;nakit;toplam_aktif,toplam_borc;net_borc;ebitda;ihracat_orani;piyasa_degeri;pb;roe;roa;ev;ev_ebitda;fcf_verim
AKBNK.IS,2021Q1,2021-03-31,UFRS,isyatirim_bank_pit,,,2026-09-07T22:36:51.762996912,,,2021-05-15,APPROXIMATE_FIXED_LAG,UNKNOWN,UNKNOWN,data\raw\isyatirim_cache\AKBNK_2021_UFRS.json,satislar;ebitda;op_gelir;net_kar;cfo;fcf;ozkaynaklar;toplam_borc;net_borc;nakit;toplam_aktif,toplam_borc;net_borc;ebitda;ihracat_orani;piyasa_degeri;pb;roe;roa;ev;ev_ebitda;fcf_verim
AKBNK.IS,2021Q2,2021-06-30,UFRS,isyatirim_bank_pit,,,2026-09-07T22:36:51.762996912,,,2021-08-15,APPROXIMATE_FIXED_LAG,UNKNOWN,UNKNOWN,data\raw\isyatirim_cache\AKBNK_2021_UFRS.json,satislar;ebitda;op_gelir;net_kar;cfo;fcf;ozkaynaklar;toplam_borc;net_borc;nakit;toplam_aktif,toplam_borc;net_borc;ebitda;ihracat_orani;piyasa_degeri;pb;roe;roa;ev;ev_ebitda;fcf_verim
AKBNK.IS,2021Q3,2021-09-30,UFRS,isyatirim_bank_pit,,,2026-09-07T22:36:51.762996912,,,2021-11-15,APPROXIMATE_FIXED_LAG,UNKNOWN,UNKNOWN,data\raw\isyatirim_cache\AKBNK_2021_UFRS.json,satislar;ebitda;op_gelir;net_kar;cfo;fcf;ozkaynaklar;toplam_borc;net_borc;nakit;toplam_aktif,toplam_borc;net_borc;ebitda;ihracat_orani;piyasa_degeri;pb;roe;roa;ev;ev_ebitda;fcf_verim
AKBNK.IS,2021Q4,2021-12-31,UFRS,isyatirim_bank_pit,,,2026-09-07T22:36:51.762996912,,,2022-03-15,APPROXIMATE_FIXED_LAG,UNKNOWN,UNKNOWN,data\raw\isyatirim_cache\AKBNK_2021_UFRS.json,satislar;ebitda;op_gelir;net_kar;cfo;fcf;ozkaynaklar;toplam_borc;net_borc;nakit;toplam_aktif,toplam_borc;net_borc;ebitda;ihracat_orani;piyasa_degeri;pb;roe;roa;ev;ev_ebitda;fcf_verim
AKBNK.IS,2022Q1,2022-03-31,UFRS,isyatirim_bank_pit,,,2026-09-07T22:36:51.851572990,,,2022-05-15,APPROXIMATE_FIXED_LAG,UNKNOWN,UNKNOWN,data\raw\isyatirim_cache\AKBNK_2022_UFRS.json,satislar;ebitda;op_gelir;net_kar;cfo;fcf;ozkaynaklar;toplam_borc;net_borc;nakit;toplam_aktif,toplam_borc;net_borc;ebitda;ihracat_orani;piyasa_degeri;pb;roe;roa;ev;ev_ebitda;fcf_verim
AKBNK.IS,2022Q2,2022-06-30,UFRS,isyatirim_bank_pit,,,2026-09-07T22:36:51.851572990,,,2022-08-15,APPROXIMATE_FIXED_LAG,UNKNOWN,UNKNOWN,data\raw\isyatirim_cache\AKBNK_2022_UFRS.json,satislar;ebitda;op_gelir;net_kar;cfo;fcf;ozkaynaklar;toplam_borc;net_borc;nakit;toplam_aktif,toplam_borc;net_borc;ebitda;ihracat_orani;piyasa_degeri;pb;roe;roa;ev;ev_ebitda;fcf_verim
AKBNK.IS,2022Q3,2022-09-30,UFRS,isyatirim_bank_pit,,,2026-09-07T22:36:51.851572990,,,2022-11-15,APPROXIMATE_FIXED_LAG,UNKNOWN,UNKNOWN,data\raw\isyatirim_cache\AKBNK_2022_UFRS.json,satislar;ebitda;op_gelir;net_kar;cfo;fcf;ozkaynaklar;toplam_borc;net_borc;nakit;toplam_aktif,toplam_borc;net_borc;ebitda;ihracat_orani;piyasa_degeri;pb;roe;roa;ev;ev_ebitda;fcf_verim
AKBNK.IS,2022Q4,2022-12-31,UFRS,isyatirim_bank_pit,,,2026-09-07T22:36:51.851572990,,,2023-03-15,APPROXIMATE_FIXED_LAG,UNKNOWN,UNKNOWN,data\raw\isyatirim_cache\AKBNK_2022_UFRS.json,satislar;ebitda;op_gelir;net_kar;cfo;fcf;ozkaynaklar;toplam_borc;net_borc;nakit;toplam_aktif,toplam_borc;net_borc;ebitda;ihracat_orani;piyasa_degeri;pb;roe;roa;ev;ev_ebitda;fcf_verim
AKBNK.IS,2023Q1,2023-03-31,UFRS,isyatirim_bank_pit,,,2026-09-07T22:36:51.938588619,,,2023-05-15,APPROXIMATE_FIXED_LAG,UNKNOWN,UNKNOWN,data\raw\isyatirim_cache\AKBNK_2023_UFRS.json,satislar;ebitda;op_gelir;net_kar;cfo;fcf;ozkaynaklar;toplam_borc;net_borc;nakit;toplam_aktif,toplam_borc;net_borc;ebitda;ihracat_orani;piyasa_degeri;pb;roe;roa;ev;ev_ebitda;fcf_verim
AKBNK.IS,2023Q2,2023-06-30,UFRS,isyatirim_bank_pit,,,2026-09-07T22:36:51.938588619,,,2023-08-15,APPROXIMATE_FIXED_LAG,UNKNOWN,UNKNOWN,data\raw\isyatirim_cache\AKBNK_2023_UFRS.json,satislar;ebitda;op_gelir;net_kar;cfo;fcf;ozkaynaklar;toplam_borc;net_borc;nakit;toplam_aktif,toplam_borc;net_borc;ebitda;ihracat_orani;piyasa_degeri;pb;roe;roa;ev;ev_ebitda;fcf_verim
AKBNK.IS,2023Q3,2023-09-30,UFRS,isyatirim_bank_pit,,,2026-09-07T22:36:51.938588619,,,2023-11-15,APPROXIMATE_FIXED_LAG,UNKNOWN,UNKNOWN,data\raw\isyatirim_cache\AKBNK_2023_UFRS.json,satislar;ebitda;op_gelir;net_kar;cfo;fcf;ozkaynaklar;toplam_borc;net_borc;nakit;toplam_aktif,toplam_borc;net_borc;ebitda;ihracat_orani;piyasa_degeri;pb;roe;roa;ev;ev_ebitda;fcf_verim
AKBNK.IS,2023Q4,2023-12-31,UFRS,isyatirim_bank_pit,,,2026-09-07T22:36:51.938588619,,,2024-03-15,APPROXIMATE_FIXED_LAG,UNKNOWN,UNKNOWN,data\raw\isyatirim_cache\AKBNK_2023_UFRS.json,satislar;ebitda;op_gelir;net_kar;cfo;fcf;ozkaynaklar;toplam_borc;net_borc;nakit;toplam_aktif,toplam_borc;net_borc;ebitda;ihracat_orani;piyasa_degeri;pb;roe;roa;ev;ev_ebitda;fcf_verim
AKBNK.IS,2024Q1,2024-03-31,UFRS,isyatirim_bank_pit,,,2026-09-07T22:36:52.027347803,,,2024-05-15,APPROXIMATE_FIXED_LAG,UNKNOWN,UNKNOWN,data\raw\isyatirim_cache\AKBNK_2024_UFRS.json,satislar;ebitda;op_gelir;net_kar;cfo;fcf;ozkaynaklar;toplam_borc;net_borc;nakit;toplam_aktif,toplam_borc;net_borc;ebitda;ihracat_orani;piyasa_degeri;pb;roe;roa;ev;ev_ebitda;fcf_verim
AKBNK.IS,2024Q2,2024-06-30,UFRS,isyatirim_bank_pit,,,2026-09-07T22:36:52.027347803,,,2024-08-15,APPROXIMATE_FIXED_LAG,UNKNOWN,UNKNOWN,data\raw\isyatirim_cache\AKBNK_2024_UFRS.json,satislar;ebitda;op_gelir;net_kar;cfo;fcf;ozkaynaklar;toplam_borc;net_borc;nakit;toplam_aktif,toplam_borc;net_borc;ebitda;ihracat_orani;piyasa_degeri;pb;roe;roa;ev;ev_ebitda;fcf_verim
AKBNK.IS,2024Q3,2024-09-30,UFRS,isyatirim_bank_pit,,,2026-09-07T22:36:52.027347803,,,2024-11-15,APPROXIMATE_FIXED_LAG,UNKNOWN,UNKNOWN,data\raw\isyatirim_cache\AKBNK_2024_UFRS.json,satislar;ebitda;op_gelir;net_kar;cfo;fcf;ozkaynaklar;toplam_borc;net_borc;nakit;toplam_aktif,toplam_borc;net_borc;ebitda;ihracat_orani;piyasa_degeri;pb;roe;roa;ev;ev_ebitda;fcf_verim
AKBNK.IS,2024Q4,2024-12-31,UFRS,isyatirim_bank_pit,,,2026-09-07T22:36:52.027347803,,,2025-03-15,APPROXIMATE_FIXED_LAG,UNKNOWN,UNKNOWN,data\raw\isyatirim_cache\AKBNK_2024_UFRS.json,satislar;ebitda;op_gelir;net_kar;cfo;fcf;ozkaynaklar;toplam_borc;net_borc;nakit;toplam_aktif,toplam_borc;net_borc;ebitda;ihracat_orani;piyasa_degeri;pb;roe;roa;ev;ev_ebitda;fcf_verim
AKBNK.IS,2025Q1,2025-03-31,UFRS,isyatirim_bank_pit,,,2026-09-07T22:36:52.113008738,,,2025-05-15,APPROXIMATE_FIXED_LAG,UNKNOWN,UNKNOWN,data\raw\isyatirim_cache\AKBNK_2025_UFRS.json,satislar;ebitda;op_gelir;net_kar;cfo;fcf;ozkaynaklar;toplam_borc;net_borc;nakit;toplam_aktif,toplam_borc;net_borc;ebitda;ihracat_orani;piyasa_degeri;pb;roe;roa;ev;ev_ebitda;fcf_verim
AKBNK.IS,2025Q2,2025-06-30,UFRS,isyatirim_bank_pit,,,2026-09-07T22:36:52.113008738,,,2025-08-15,APPROXIMATE_FIXED_LAG,UNKNOWN,UNKNOWN,data\raw\isyatirim_cache\AKBNK_2025_UFRS.json,satislar;ebitda;op_gelir;net_kar;cfo;fcf;ozkaynaklar;toplam_borc;net_borc;nakit;toplam_aktif,toplam_borc;net_borc;ebitda;ihracat_orani;piyasa_degeri;pb;roe;roa;ev;ev_ebitda;fcf_verim
AKBNK.IS,2025Q3,2025-09-30,UFRS,isyatirim_bank_pit,,,2026-09-07T22:36:52.113008738,,,2025-11-15,APPROXIMATE_FIXED_LAG,UNKNOWN,UNKNOWN,data\raw\isyatirim_cache\AKBNK_2025_UFRS.json,satislar;ebitda;op_gelir;net_kar;cfo;fcf;ozkaynaklar;toplam_borc;net_borc;nakit;toplam_aktif,toplam_borc;net_borc;ebitda;ihracat_orani;piyasa_degeri;pb;roe;roa;ev;ev_ebitda;fcf_verim
AKBNK.IS,2025Q4,2025-12-31,UFRS,isyatirim_bank_pit,,,2026-09-07T22:36:52.113008738,,,2026-03-15,APPROXIMATE_FIXED_LAG,UNKNOWN,UNKNOWN,data\raw\isyatirim_cache\AKBNK_2025_UFRS.json,satislar;ebitda;op_gelir;net_kar;cfo;fcf;ozkaynaklar;toplam_borc;net_borc;nakit;toplam_aktif,toplam_borc;net_borc;ebitda;ihracat_orani;piyasa_degeri;pb;roe;roa;ev;ev_ebitda;fcf_verim
AKBNK.IS,2026Q1,2026-03-31,UFRS,isyatirim_bank_pit,,,2026-09-07T22:36:52.200565815,,,2026-05-15,APPROXIMATE_FIXED_LAG,UNKNOWN,UNKNOWN,data\raw\isyatirim_cache\AKBNK_2026_UFRS.json,satislar;ebitda;op_gelir;net_kar;cfo;fcf;ozkaynaklar;toplam_borc;net_borc;nakit;toplam_aktif,toplam_borc;net_borc;ebitda;ihracat_orani;piyasa_degeri;pb;roe;roa;ev;ev_ebitda;fcf_verim
AKBNK.IS,2026Q2,2026-06-30,UFRS,isyatirim_bank_pit,,,2026-09-07T22:36:52.200565815,,,2026-08-15,APPROXIMATE_FIXED_LAG,UNKNOWN,UNKNOWN,data\raw\isyatirim_cache\AKBNK_2026_UFRS.json,satislar;ebitda;op_gelir;net_kar;cfo;fcf;ozkaynaklar;toplam_borc;net_borc;nakit;toplam_aktif,toplam_borc;net_borc;ebitda;ihracat_orani;piyasa_degeri;pb;roe;roa;ev;ev_ebitda;fcf_verim
ALARK.IS,2018Q1,2018-03-31,XI_29,isyatirim_pit,,,2026-09-07T22:37:05.679899931,,,2018-05-15,APPROXIMATE_FIXED_LAG,UNKNOWN,UNKNOWN,data\raw\isyatirim_cache\ALARK_2018_XI_29.json,satislar;ebitda;op_gelir;net_kar;cfo;fcf;ozkaynaklar;toplam_borc;net_borc;nakit;toplam_aktif,toplam_borc;net_borc;ebitda;ihracat_orani;piyasa_degeri;pb;roe;roa;ev;ev_ebitda;fcf_verim
ALARK.IS,2018Q2,2018-06-30,XI_29,isyatirim_pit,,,2026-09-07T22:37:05.679899931,,,2018-08-15,APPROXIMATE_FIXED_LAG,UNKNOWN,UNKNOWN,data\raw\isyatirim_cache\ALARK_2018_XI_29.json,satislar;ebitda;op_gelir;net_kar;cfo;fcf;ozkaynaklar;toplam_borc;net_borc;nakit;toplam_aktif,toplam_borc;net_borc;ebitda;ihracat_orani;piyasa_degeri;pb;roe;roa;ev;ev_ebitda;fcf_verim
ALARK.IS,2018Q3,2018-09-30,XI_29,isyatirim_pit,,,2026-09-07T22:37:05.679899931,,,2018-11-15,APPROXIMATE_FIXED_LAG,UNKNOWN,UNKNOWN,data\raw\isyatirim_cache\ALARK_2018_XI_29.json,satislar;ebitda;op_gelir;net_kar;cfo;fcf;ozkaynaklar;toplam_borc;net_borc;nakit;toplam_aktif,toplam_borc;net_borc;ebitda;ihracat_orani;piyasa_degeri;pb;roe;roa;ev;ev_ebitda;fcf_verim
ALARK.IS,2018Q4,2018-12-31,XI_29,isyatirim_pit,,,2026-09-07T22:37:05.679899931,,,2019-03-15,APPROXIMATE_FIXED_LAG,UNKNOWN,UNKNOWN,data\raw\isyatirim_cache\ALARK_2018_XI_29.json,satislar;ebitda;op_gelir;net_kar;cfo;fcf;ozkaynaklar;toplam_borc;net_borc;nakit;toplam_aktif,toplam_borc;net_borc;ebitda;ihracat_orani;piyasa_degeri;pb;roe;roa;ev;ev_ebitda;fcf_verim
ALARK.IS,2019Q1,2019-03-31,XI_29,isyatirim_pit,,,2026-09-07T22:37:05.815273046,,,2019-05-15,APPROXIMATE_FIXED_LAG,UNKNOWN,UNKNOWN,data\raw\isyatirim_cache\ALARK_2019_XI_29.json,satislar;ebitda;op_gelir;net_kar;cfo;fcf;ozkaynaklar;toplam_borc;net_borc;nakit;toplam_aktif,toplam_borc;net_borc;ebitda;ihracat_orani;piyasa_degeri;pb;roe;roa;ev;ev_ebitda;fcf_verim
ALARK.IS,2019Q2,2019-06-30,XI_29,isyatirim_pit,,,2026-09-07T22:37:05.815273046,,,2019-08-15,APPROXIMATE_FIXED_LAG,UNKNOWN,UNKNOWN,data\raw\isyatirim_cache\ALARK_2019_XI_29.json,satislar;ebitda;op_gelir;net_kar;cfo;fcf;ozkaynaklar;toplam_borc;net_borc;nakit;toplam_aktif,toplam_borc;net_borc;ebitda;ihracat_orani;piyasa_degeri;pb;roe;roa;ev;ev_ebitda;fcf_verim
ALARK.IS,2019Q3,2019-09-30,XI_29,isyatirim_pit,,,2026-09-07T22:37:05.815273046,,,2019-11-15,APPROXIMATE_FIXED_LAG,UNKNOWN,UNKNOWN,data\raw\isyatirim_cache\ALARK_2019_XI_29.json,satislar;ebitda;op_gelir;net_kar;cfo;fcf;ozkaynaklar;toplam_borc;net_borc;nakit;toplam_aktif,toplam_borc;net_borc;ebitda;ihracat_orani;piyasa_degeri;pb;roe;roa;ev;ev_ebitda;fcf_verim
ALARK.IS,2019Q4,2019-12-31,XI_29,isyatirim_pit,,,2026-09-07T22:37:05.815273046,,,2020-03-15,APPROXIMATE_FIXED_LAG,UNKNOWN,UNKNOWN,data\raw\isyatirim_cache\ALARK_2019_XI_29.json,satislar;ebitda;op_gelir;net_kar;cfo;fcf;ozkaynaklar;toplam_borc;net_borc;nakit;toplam_aktif,toplam_borc;net_borc;ebitda;ihracat_orani;piyasa_degeri;pb;roe;roa;ev;ev_ebitda;fcf_verim
ALARK.IS,2020Q1,2020-03-31,XI_29,isyatirim_pit,,,2026-09-07T22:37:05.982421160,,,2020-05-15,APPROXIMATE_FIXED_LAG,UNKNOWN,UNKNOWN,data\raw\isyatirim_cache\ALARK_2020_XI_29.json,satislar;ebitda;op_gelir;net_kar;cfo;fcf;ozkaynaklar;toplam_borc;net_borc;nakit;toplam_aktif,toplam_borc;net_borc;ebitda;ihracat_orani;piyasa_degeri;pb;roe;roa;ev;ev_ebitda;fcf_verim
ALARK.IS,2020Q2,2020-06-30,XI_29,isyatirim_pit,,,2026-09-07T22:37:05.982421160,,,2020-08-15,APPROXIMATE_FIXED_LAG,UNKNOWN,UNKNOWN,data\raw\isyatirim_cache\ALARK_2020_XI_29.json,satislar;ebitda;op_gelir;net_kar;cfo;fcf;ozkaynaklar;toplam_borc;net_borc;nakit;toplam_aktif,toplam_borc;net_borc;ebitda;ihracat_orani;piyasa_degeri;pb;roe;roa;ev;ev_ebitda;fcf_verim
ALARK.IS,2020Q3,2020-09-30,XI_29,isyatirim_pit,,,2026-09-07T22:37:05.982421160,,,2020-11-15,APPROXIMATE_FIXED_LAG,UNKNOWN,UNKNOWN,data\raw\isyatirim_cache\ALARK_2020_XI_29.json,satislar;ebitda;op_gelir;net_kar;cfo;fcf;ozkaynaklar;toplam_borc;net_borc;nakit;toplam_aktif,toplam_borc;net_borc;ebitda;ihracat_orani;piyasa_degeri;pb;roe;roa;ev;ev_ebitda;fcf_verim
ALARK.IS,2020Q4,2020-12-31,XI_29,isyatirim_pit,,,2026-09-07T22:37:05.982421160,,,2021-03-15,APPROXIMATE_FIXED_LAG,UNKNOWN,UNKNOWN,data\raw\isyatirim_cache\ALARK_2020_XI_29.json,satislar;ebitda;op_gelir;net_kar;cfo;fcf;ozkaynaklar;toplam_borc;net_borc;nakit;toplam_aktif,toplam_borc;net_borc;ebitda;ihracat_orani;piyasa_degeri;pb;roe;roa;ev;ev_ebitda;fcf_verim
ALARK.IS,2021Q1,2021-03-31,XI_29,isyatirim_pit,,,2026-09-07T22:37:06.121763945,,,2021-05-15,APPROXIMATE_FIXED_LAG,UNKNOWN,UNKNOWN,data\raw\isyatirim_cache\ALARK_2021_XI_29.json,satislar;ebitda;op_gelir;net_kar;cfo;fcf;ozkaynaklar;toplam_borc;net_borc;nakit;toplam_aktif,toplam_borc;net_borc;ebitda;ihracat_orani;piyasa_degeri;pb;roe;roa;ev;ev_ebitda;fcf_verim
ALARK.IS,2021Q2,2021-06-30,XI_29,isyatirim_pit,,,2026-09-07T22:37:06.121763945,,,2021-08-15,APPROXIMATE_FIXED_LAG,UNKNOWN,UNKNOWN,data\raw\isyatirim_cache\ALARK_2021_XI_29.json,satislar;ebitda;op_gelir;net_kar;cfo;fcf;ozkaynaklar;toplam_borc;net_borc;nakit;toplam_aktif,toplam_borc;net_borc;ebitda;ihracat_orani;piyasa_degeri;pb;roe;roa;ev;ev_ebitda;fcf_verim
ALARK.IS,2021Q3,2021-09-30,XI_29,isyatirim_pit,,,2026-09-07T22:37:06.121763945,,,2021-11-15,APPROXIMATE_FIXED_LAG,UNKNOWN,UNKNOWN,data\raw\isyatirim_cache\ALARK_2021_XI_29.json,satislar;ebitda;op_gelir;net_kar;cfo;fcf;ozkaynaklar;toplam_borc;net_borc;nakit;toplam_aktif,toplam_borc;net_borc;ebitda;ihracat_orani;piyasa_degeri;pb;roe;roa;ev;ev_ebitda;fcf_verim
ALARK.IS,2021Q4,2021-12-31,XI_29,isyatirim_pit,,,2026-09-07T22:37:06.121763945,,,2022-03-15,APPROXIMATE_FIXED_LAG,UNKNOWN,UNKNOWN,data\raw\isyatirim_cache\ALARK_2021_XI_29.json,satislar;ebitda;op_gelir;net_kar;cfo;fcf;ozkaynaklar;toplam_borc;net_borc;nakit;toplam_aktif,toplam_borc;net_borc;ebitda;ihracat_orani;piyasa_degeri;pb;roe;roa;ev;ev_ebitda;fcf_verim
ALARK.IS,2022Q1,2022-03-31,XI_29,isyatirim_pit,,,2026-09-07T22:37:06.249504566,,,2022-05-15,APPROXIMATE_FIXED_LAG,UNKNOWN,UNKNOWN,data\raw\isyatirim_cache\ALARK_2022_XI_29.json,satislar;ebitda;op_gelir;net_kar;cfo;fcf;ozkaynaklar;toplam_borc;net_borc;nakit;toplam_aktif,toplam_borc;net_borc;ebitda;ihracat_orani;piyasa_degeri;pb;roe;roa;ev;ev_ebitda;fcf_verim
ALARK.IS,2022Q2,2022-06-30,XI_29,isyatirim_pit,,,2026-09-07T22:37:06.249504566,,,2022-08-15,APPROXIMATE_FIXED_LAG,UNKNOWN,UNKNOWN,data\raw\isyatirim_cache\ALARK_2022_XI_29.json,satislar;ebitda;op_gelir;net_kar;cfo;fcf;ozkaynaklar;toplam_borc;net_borc;nakit;toplam_aktif,toplam_borc;net_borc;ebitda;ihracat_orani;piyasa_degeri;pb;roe;roa;ev;ev_ebitda;fcf_verim
ALARK.IS,2022Q3,2022-09-30,XI_29,isyatirim_pit,,,2026-09-07T22:37:06.249504566,,,2022-11-15,APPROXIMATE_FIXED_LAG,UNKNOWN,UNKNOWN,data\raw\isyatirim_cache\ALARK_2022_XI_29.json,satislar;ebitda;op_gelir;net_kar;cfo;fcf;ozkaynaklar;toplam_borc;net_borc;nakit;toplam_aktif,toplam_borc;net_borc;ebitda;ihracat_orani;piyasa_degeri;pb;roe;roa;ev;ev_ebitda;fcf_verim
ALARK.IS,2022Q4,2022-12-31,XI_29,isyatirim_pit,,,2026-09-07T22:37:06.249504566,,,2023-03-15,APPROXIMATE_FIXED_LAG,UNKNOWN,UNKNOWN,data\raw\isyatirim_cache\ALARK_2022_XI_29.json,satislar;ebitda;op_gelir;net_kar;cfo;fcf;ozkaynaklar;toplam_borc;net_borc;nakit;toplam_aktif,toplam_borc;net_borc;ebitda;ihracat_orani;piyasa_degeri;pb;roe;roa;ev;ev_ebitda;fcf_verim
ALARK.IS,2023Q1,2023-03-31,XI_29,isyatirim_pit,,,2026-09-07T22:37:06.382066488,,,2023-05-15,APPROXIMATE_FIXED_LAG,UNKNOWN,UNKNOWN,data\raw\isyatirim_cache\ALARK_2023_XI_29.json,satislar;ebitda;op_gelir;net_kar;cfo;fcf;ozkaynaklar;toplam_borc;net_borc;nakit;toplam_aktif,toplam_borc;net_borc;ebitda;ihracat_orani;piyasa_degeri;pb;roe;roa;ev;ev_ebitda;fcf_verim
ALARK.IS,2023Q2,2023-06-30,XI_29,isyatirim_pit,,,2026-09-07T22:37:06.382066488,,,2023-08-15,APPROXIMATE_FIXED_LAG,UNKNOWN,UNKNOWN,data\raw\isyatirim_cache\ALARK_2023_XI_29.json,satislar;ebitda;op_gelir;net_kar;cfo;fcf;ozkaynaklar;toplam_borc;net_borc;nakit;toplam_aktif,toplam_borc;net_borc;ebitda;ihracat_orani;piyasa_degeri;pb;roe;roa;ev;ev_ebitda;fcf_verim
ALARK.IS,2023Q3,2023-09-30,XI_29,isyatirim_pit,,,2026-09-07T22:37:06.382066488,,,2023-11-15,APPROXIMATE_FIXED_LAG,UNKNOWN,UNKNOWN,data\raw\isyatirim_cache\ALARK_2023_XI_29.json,satislar;ebitda;op_gelir;net_kar;cfo;fcf;ozkaynaklar;toplam_borc;net_borc;nakit;toplam_aktif,toplam_borc;net_borc;ebitda;ihracat_orani;piyasa_degeri;pb;roe;roa;ev;ev_ebitda;fcf_verim
ALARK.IS,2023Q4,2023-12-31,XI_29,isyatirim_pit,,,2026-09-07T22:37:06.382066488,,,2024-03-15,APPROXIMATE_FIXED_LAG,UNKNOWN,UNKNOWN,data\raw\isyatirim_cache\ALARK_2023_XI_29.json,satislar;ebitda;op_gelir;net_kar;cfo;fcf;ozkaynaklar;toplam_borc;net_borc;nakit;toplam_aktif,toplam_borc;net_borc;ebitda;ihracat_orani;piyasa_degeri;pb;roe;roa;ev;ev_ebitda;fcf_verim
ALARK.IS,2024Q1,2024-03-31,XI_29,isyatirim_pit,,,2026-09-07T22:37:06.475233793,,,2024-05-15,APPROXIMATE_FIXED_LAG,UNKNOWN,UNKNOWN,data\raw\isyatirim_cache\ALARK_2024_XI_29.json,satislar;ebitda;op_gelir;net_kar;cfo;fcf;ozkaynaklar;toplam_borc;net_borc;nakit;toplam_aktif,toplam_borc;net_borc;ebitda;ihracat_orani;piyasa_degeri;pb;roe;roa;ev;ev_ebitda;fcf_verim
ALARK.IS,2024Q2,2024-06-30,XI_29,isyatirim_pit,,,2026-09-07T22:37:06.475233793,,,2024-08-15,APPROXIMATE_FIXED_LAG,UNKNOWN,UNKNOWN,data\raw\isyatirim_cache\ALARK_2024_XI_29.json,satislar;ebitda;op_gelir;net_kar;cfo;fcf;ozkaynaklar;toplam_borc;net_borc;nakit;toplam_aktif,toplam_borc;net_borc;ebitda;ihracat_orani;piyasa_degeri;pb;roe;roa;ev;ev_ebitda;fcf_verim
ALARK.IS,2024Q3,2024-09-30,XI_29,isyatirim_pit,,,2026-09-07T22:37:06.475233793,,,2024-11-15,APPROXIMATE_FIXED_LAG,UNKNOWN,UNKNOWN,data\raw\isyatirim_cache\ALARK_2024_XI_29.json,satislar;ebitda;op_gelir;net_kar;cfo;fcf;ozkaynaklar;toplam_borc;net_borc;nakit;toplam_aktif,toplam_borc;net_borc;ebitda;ihracat_orani;piyasa_degeri;pb;roe;roa;ev;ev_ebitda;fcf_verim
ALARK.IS,2024Q4,2024-12-31,XI_29,isyatirim_pit,,,2026-09-07T22:37:06.475233793,,,2025-03-15,APPROXIMATE_FIXED_LAG,UNKNOWN,UNKNOWN,data\raw\isyatirim_cache\ALARK_2024_XI_29.json,satislar;ebitda;op_gelir;net_kar;cfo;fcf;ozkaynaklar;toplam_borc;net_borc;nakit;toplam_aktif,toplam_borc;net_borc;ebitda;ihracat_orani;piyasa_degeri;pb;roe;roa;ev;ev_ebitda;fcf_verim
ALARK.IS,2025Q1,2025-03-31,XI_29,isyatirim_pit,,,2026-09-07T22:37:06.620584726,,,2025-05-15,APPROXIMATE_FIXED_LAG,UNKNOWN,UNKNOWN,data\raw\isyatirim_cache\ALARK_2025_XI_29.json,satislar;ebitda;op_gelir;net_kar;cfo;fcf;ozkaynaklar;toplam_borc;net_borc;nakit;toplam_aktif,toplam_borc;net_borc;ebitda;ihracat_orani;piyasa_degeri;pb;roe;roa;ev;ev_ebitda;fcf_verim
ALARK.IS,2025Q2,2025-06-30,XI_29,isyatirim_pit,,,2026-09-07T22:37:06.620584726,,,2025-08-15,APPROXIMATE_FIXED_LAG,UNKNOWN,UNKNOWN,data\raw\isyatirim_cache\ALARK_2025_XI_29.json,satislar;ebitda;op_gelir;net_kar;cfo;fcf;ozkaynaklar;toplam_borc;net_borc;nakit;toplam_aktif,toplam_borc;net_borc;ebitda;ihracat_orani;piyasa_degeri;pb;roe;roa;ev;ev_ebitda;fcf_verim
ALARK.IS,2025Q3,2025-09-30,XI_29,isyatirim_pit,,,2026-09-07T22:37:06.620584726,,,2025-11-15,APPROXIMATE_FIXED_LAG,UNKNOWN,UNKNOWN,data\raw\isyatirim_cache\ALARK_2025_XI_29.json,satislar;ebitda;op_gelir;net_kar;cfo;fcf;ozkaynaklar;toplam_borc;net_borc;nakit;toplam_aktif,toplam_borc;net_borc;ebitda;ihracat_orani;piyasa_degeri;pb;roe;roa;ev;ev_ebitda;fcf_verim
ALARK.IS,2025Q4,2025-12-31,XI_29,isyatirim_pit,,,2026-09-07T22:37:06.620584726,,,2026-03-15,APPROXIMATE_FIXED_LAG,UNKNOWN,UNKNOWN,data\raw\isyatirim_cache\ALARK_2025_XI_29.json,satislar;ebitda;op_gelir;net_kar;cfo;fcf;ozkaynaklar;toplam_borc;net_borc;nakit;toplam_aktif,toplam_borc;net_borc;ebitda;ihracat_orani;piyasa_degeri;pb;roe;roa;ev;ev_ebitda;fcf_verim
ALARK.IS,2026Q1,2026-03-31,XI_29,isyatirim_pit,,,2026-09-07T22:37:06.760934114,,,2026-05-15,APPROXIMATE_FIXED_LAG,UNKNOWN,UNKNOWN,data\raw\isyatirim_cache\ALARK_2026_XI_29.json,satislar;ebitda;op_gelir;net_kar;cfo;fcf;ozkaynaklar;toplam_borc;net_borc;nakit;toplam_aktif,toplam_borc;net_borc;ebitda;ihracat_orani;piyasa_degeri;pb;roe;roa;ev;ev_ebitda;fcf_verim
ALARK.IS,2026Q2,2026-06-30,XI_29,isyatirim_pit,,,2026-09-07T22:37:06.760934114,,,2026-08-15,APPROXIMATE_FIXED_LAG,UNKNOWN,UNKNOWN,data\raw\isyatirim_cache\ALARK_2026_XI_29.json,satislar;ebitda;op_gelir;net_kar;cfo;fcf;ozkaynaklar;toplam_borc;net_borc;nakit;toplam_aktif,toplam_borc;net_borc;ebitda;ihracat_orani;piyasa_degeri;pb;roe;roa;ev;ev_ebitda;fcf_verim
ALFAS.IS,2019Q4,2019-12-31,XI_29,isyatirim_pit,,,2026-09-07T22:37:11.341634989,,,2020-03-15,APPROXIMATE_FIXED_LAG,UNKNOWN,UNKNOWN,data\raw\isyatirim_cache\ALFAS_2019_XI_29.json,satislar;ebitda;op_gelir;net_kar;cfo;fcf;ozkaynaklar;toplam_borc;net_borc;nakit;toplam_aktif,toplam_borc;net_borc;ebitda;ihracat_orani;piyasa_degeri;pb;roe;roa;ev;ev_ebitda;fcf_verim
ALFAS.IS,2020Q4,2020-12-31,XI_29,isyatirim_pit,,,2026-09-07T22:37:11.469450712,,,2021-03-15,APPROXIMATE_FIXED_LAG,UNKNOWN,UNKNOWN,data\raw\isyatirim_cache\ALFAS_2020_XI_29.json,satislar;ebitda;op_gelir;net_kar;cfo;fcf;ozkaynaklar;toplam_borc;net_borc;nakit;toplam_aktif,toplam_borc;net_borc;ebitda;ihracat_orani;piyasa_degeri;pb;roe;roa;ev;ev_ebitda;fcf_verim
ALFAS.IS,2021Q2,2021-06-30,XI_29,isyatirim_pit,,,2026-09-07T22:37:11.635567665,,,2021-08-15,APPROXIMATE_FIXED_LAG,UNKNOWN,UNKNOWN,data\raw\isyatirim_cache\ALFAS_2021_XI_29.json,satislar;ebitda;op_gelir;net_kar;cfo;fcf;ozkaynaklar;toplam_borc;net_borc;nakit;toplam_aktif,toplam_borc;net_borc;ebitda;ihracat_orani;piyasa_degeri;pb;roe;roa;ev;ev_ebitda;fcf_verim
ALFAS.IS,2021Q3,2021-09-30,XI_29,isyatirim_pit,,,2026-09-07T22:37:11.635567665,,,2021-11-15,APPROXIMATE_FIXED_LAG,UNKNOWN,UNKNOWN,data\raw\isyatirim_cache\ALFAS_2021_XI_29.json,satislar;ebitda;op_gelir;net_kar;cfo;fcf;ozkaynaklar;toplam_borc;net_borc;nakit;toplam_aktif,toplam_borc;net_borc;ebitda;ihracat_orani;piyasa_degeri;pb;roe;roa;ev;ev_ebitda;fcf_verim
ALFAS.IS,2021Q4,2021-12-31,XI_29,isyatirim_pit,,,2026-09-07T22:37:11.635567665,,,2022-03-15,APPROXIMATE_FIXED_LAG,UNKNOWN,UNKNOWN,data\raw\isyatirim_cache\ALFAS_2021_XI_29.json,satislar;ebitda;op_gelir;net_kar;cfo;fcf;ozkaynaklar;toplam_borc;net_borc;nakit;toplam_aktif,toplam_borc;net_borc;ebitda;ihracat_orani;piyasa_degeri;pb;roe;roa;ev;ev_ebitda;fcf_verim
ALFAS.IS,2022Q1,2022-03-31,XI_29,isyatirim_pit,,,2026-09-07T22:37:11.769233942,,,2022-05-15,APPROXIMATE_FIXED_LAG,UNKNOWN,UNKNOWN,data\raw\isyatirim_cache\ALFAS_2022_XI_29.json,satislar;ebitda;op_gelir;net_kar;cfo;fcf;ozkaynaklar;toplam_borc;net_borc;nakit;toplam_aktif,toplam_borc;net_borc;ebitda;ihracat_orani;piyasa_degeri;pb;roe;roa;ev;ev_ebitda;fcf_verim
ALFAS.IS,2022Q2,2022-06-30,XI_29,isyatirim_pit,,,2026-09-07T22:37:11.769233942,,,2022-08-15,APPROXIMATE_FIXED_LAG,UNKNOWN,UNKNOWN,data\raw\isyatirim_cache\ALFAS_2022_XI_29.json,satislar;ebitda;op_gelir;net_kar;cfo;fcf;ozkaynaklar;toplam_borc;net_borc;nakit;toplam_aktif,toplam_borc;net_borc;ebitda;ihracat_orani;piyasa_degeri;pb;roe;roa;ev;ev_ebitda;fcf_verim
ALFAS.IS,2022Q3,2022-09-30,XI_29,isyatirim_pit,,,2026-09-07T22:37:11.769233942,,,2022-11-15,APPROXIMATE_FIXED_LAG,UNKNOWN,UNKNOWN,data\raw\isyatirim_cache\ALFAS_2022_XI_29.json,satislar;ebitda;op_gelir;net_kar;cfo;fcf;ozkaynaklar;toplam_borc;net_borc;nakit;toplam_aktif,toplam_borc;net_borc;ebitda;ihracat_orani;piyasa_degeri;pb;roe;roa;ev;ev_ebitda;fcf_verim
ALFAS.IS,2022Q4,2022-12-31,XI_29,isyatirim_pit,,,2026-09-07T22:37:11.769233942,,,2023-03-15,APPROXIMATE_FIXED_LAG,UNKNOWN,UNKNOWN,data\raw\isyatirim_cache\ALFAS_2022_XI_29.json,satislar;ebitda;op_gelir;net_kar;cfo;fcf;ozkaynaklar;toplam_borc;net_borc;nakit;toplam_aktif,toplam_borc;net_borc;ebitda;ihracat_orani;piyasa_degeri;pb;roe;roa;ev;ev_ebitda;fcf_verim
ALFAS.IS,2023Q1,2023-03-31,XI_29,isyatirim_pit,,,2026-09-07T22:37:11.902083635,,,2023-05-15,APPROXIMATE_FIXED_LAG,UNKNOWN,UNKNOWN,data\raw\isyatirim_cache\ALFAS_2023_XI_29.json,satislar;ebitda;op_gelir;net_kar;cfo;fcf;ozkaynaklar;toplam_borc;net_borc;nakit;toplam_aktif,toplam_borc;net_borc;ebitda;ihracat_orani;piyasa_degeri;pb;roe;roa;ev;ev_ebitda;fcf_verim
ALFAS.IS,2023Q2,2023-06-30,XI_29,isyatirim_pit,,,2026-09-07T22:37:11.902083635,,,2023-08-15,APPROXIMATE_FIXED_LAG,UNKNOWN,UNKNOWN,data\raw\isyatirim_cache\ALFAS_2023_XI_29.json,satislar;ebitda;op_gelir;net_kar;cfo;fcf;ozkaynaklar;toplam_borc;net_borc;nakit;toplam_aktif,toplam_borc;net_borc;ebitda;ihracat_orani;piyasa_degeri;pb;roe;roa;ev;ev_ebitda;fcf_verim
ALFAS.IS,2023Q3,2023-09-30,XI_29,isyatirim_pit,,,2026-09-07T22:37:11.902083635,,,2023-11-15,APPROXIMATE_FIXED_LAG,UNKNOWN,UNKNOWN,data\raw\isyatirim_cache\ALFAS_2023_XI_29.json,satislar;ebitda;op_gelir;net_kar;cfo;fcf;ozkaynaklar;toplam_borc;net_borc;nakit;toplam_aktif,toplam_borc;net_borc;ebitda;ihracat_orani;piyasa_degeri;pb;roe;roa;ev;ev_ebitda;fcf_verim
ALFAS.IS,2023Q4,2023-12-31,XI_29,isyatirim_pit,,,2026-09-07T22:37:11.902083635,,,2024-03-15,APPROXIMATE_FIXED_LAG,UNKNOWN,UNKNOWN,data\raw\isyatirim_cache\ALFAS_2023_XI_29.json,satislar;ebitda;op_gelir;net_kar;cfo;fcf;ozkaynaklar;toplam_borc;net_borc;nakit;toplam_aktif,toplam_borc;net_borc;ebitda;ihracat_orani;piyasa_degeri;pb;roe;roa;ev;ev_ebitda;fcf_verim
ALFAS.IS,2024Q1,2024-03-31,XI_29,isyatirim_pit,,,2026-09-07T22:37:12.013109207,,,2024-05-15,APPROXIMATE_FIXED_LAG,UNKNOWN,UNKNOWN,data\raw\isyatirim_cache\ALFAS_2024_XI_29.json,satislar;ebitda;op_gelir;net_kar;cfo;fcf;ozkaynaklar;toplam_borc;net_borc;nakit;toplam_aktif,toplam_borc;net_borc;ebitda;ihracat_orani;piyasa_degeri;pb;roe;roa;ev;ev_ebitda;fcf_verim
ALFAS.IS,2024Q2,2024-06-30,XI_29,isyatirim_pit,,,2026-09-07T22:37:12.013109207,,,2024-08-15,APPROXIMATE_FIXED_LAG,UNKNOWN,UNKNOWN,data\raw\isyatirim_cache\ALFAS_2024_XI_29.json,satislar;ebitda;op_gelir;net_kar;cfo;fcf;ozkaynaklar;toplam_borc;net_borc;nakit;toplam_aktif,toplam_borc;net_borc;ebitda;ihracat_orani;piyasa_degeri;pb;roe;roa;ev;ev_ebitda;fcf_verim
ALFAS.IS,2024Q3,2024-09-30,XI_29,isyatirim_pit,,,2026-09-07T22:37:12.013109207,,,2024-11-15,APPROXIMATE_FIXED_LAG,UNKNOWN,UNKNOWN,data\raw\isyatirim_cache\ALFAS_2024_XI_29.json,satislar;ebitda;op_gelir;net_kar;cfo;fcf;ozkaynaklar;toplam_borc;net_borc;nakit;toplam_aktif,toplam_borc;net_borc;ebitda;ihracat_orani;piyasa_degeri;pb;roe;roa;ev;ev_ebitda;fcf_verim
ALFAS.IS,2024Q4,2024-12-31,XI_29,isyatirim_pit,,,2026-09-07T22:37:12.013109207,,,2025-03-15,APPROXIMATE_FIXED_LAG,UNKNOWN,UNKNOWN,data\raw\isyatirim_cache\ALFAS_2024_XI_29.json,satislar;ebitda;op_gelir;net_kar;cfo;fcf;ozkaynaklar;toplam_borc;net_borc;nakit;toplam_aktif,toplam_borc;net_borc;ebitda;ihracat_orani;piyasa_degeri;pb;roe;roa;ev;ev_ebitda;fcf_verim
ALFAS.IS,2025Q1,2025-03-31,XI_29,isyatirim_pit,,,2026-09-07T22:37:12.157404423,,,2025-05-15,APPROXIMATE_FIXED_LAG,UNKNOWN,UNKNOWN,data\raw\isyatirim_cache\ALFAS_2025_XI_29.json,satislar;ebitda;op_gelir;net_kar;cfo;fcf;ozkaynaklar;toplam_borc;net_borc;nakit;toplam_aktif,toplam_borc;net_borc;ebitda;ihracat_orani;piyasa_degeri;pb;roe;roa;ev;ev_ebitda;fcf_verim
ALFAS.IS,2025Q2,2025-06-30,XI_29,isyatirim_pit,,,2026-09-07T22:37:12.157404423,,,2025-08-15,APPROXIMATE_FIXED_LAG,UNKNOWN,UNKNOWN,data\raw\isyatirim_cache\ALFAS_2025_XI_29.json,satislar;ebitda;op_gelir;net_kar;cfo;fcf;ozkaynaklar;toplam_borc;net_borc;nakit;toplam_aktif,toplam_borc;net_borc;ebitda;ihracat_orani;piyasa_degeri;pb;roe;roa;ev;ev_ebitda;fcf_verim
ALFAS.IS,2025Q3,2025-09-30,XI_29,isyatirim_pit,,,2026-09-07T22:37:12.157404423,,,2025-11-15,APPROXIMATE_FIXED_LAG,UNKNOWN,UNKNOWN,data\raw\isyatirim_cache\ALFAS_2025_XI_29.json,satislar;ebitda;op_gelir;net_kar;cfo;fcf;ozkaynaklar;toplam_borc;net_borc;nakit;toplam_aktif,toplam_borc;net_borc;ebitda;ihracat_orani;piyasa_degeri;pb;roe;roa;ev;ev_ebitda;fcf_verim
ALFAS.IS,2025Q4,2025-12-31,XI_29,isyatirim_pit,,,2026-09-07T22:37:12.157404423,,,2026-03-15,APPROXIMATE_FIXED_LAG,UNKNOWN,UNKNOWN,data\raw\isyatirim_cache\ALFAS_2025_XI_29.json,satislar;ebitda;op_gelir;net_kar;cfo;fcf;ozkaynaklar;toplam_borc;net_borc;nakit;toplam_aktif,toplam_borc;net_borc;ebitda;ihracat_orani;piyasa_degeri;pb;roe;roa;ev;ev_ebitda;fcf_verim
ALFAS.IS,2026Q1,2026-03-31,XI_29,isyatirim_pit,,,2026-09-07T22:37:12.321279526,,,2026-05-15,APPROXIMATE_FIXED_LAG,UNKNOWN,UNKNOWN,data\raw\isyatirim_cache\ALFAS_2026_XI_29.json,satislar;ebitda;op_gelir;net_kar;cfo;fcf;ozkaynaklar;toplam_borc;net_borc;nakit;toplam_aktif,toplam_borc;net_borc;ebitda;ihracat_orani;piyasa_degeri;pb;roe;roa;ev;ev_ebitda;fcf_verim
ALFAS.IS,2026Q2,2026-06-30,XI_29,isyatirim_pit,,,2026-09-07T22:37:12.321279526,,,2026-08-15,APPROXIMATE_FIXED_LAG,UNKNOWN,UNKNOWN,data\raw\isyatirim_cache\ALFAS_2026_XI_29.json,satislar;ebitda;op_gelir;net_kar;cfo;fcf;ozkaynaklar;toplam_borc;net_borc;nakit;toplam_aktif,toplam_borc;net_borc;ebitda;ihracat_orani;piyasa_degeri;pb;roe;roa;ev;ev_ebitda;fcf_verim
ALVES.IS,2020Q4,2020-12-31,XI_29,isyatirim_pit,,,2026-09-07T22:37:31.301054955,,,2021-03-15,APPROXIMATE_FIXED_LAG,UNKNOWN,UNKNOWN,data\raw\isyatirim_cache\ALVES_2020_XI_29.json,satislar;ebitda;op_gelir;net_kar;cfo;fcf;ozkaynaklar;toplam_borc;net_borc;nakit;toplam_aktif,toplam_borc;net_borc;ebitda;ihracat_orani;piyasa_degeri;pb;roe;roa;ev;ev_ebitda;fcf_verim
ALVES.IS,2021Q4,2021-12-31,XI_29,isyatirim_pit,,,2026-09-07T22:37:31.434723616,,,2022-03-15,APPROXIMATE_FIXED_LAG,UNKNOWN,UNKNOWN,data\raw\isyatirim_cache\ALVES_2021_XI_29.json,satislar;ebitda;op_gelir;net_kar;cfo;fcf;ozkaynaklar;toplam_borc;net_borc;nakit;toplam_aktif,toplam_borc;net_borc;ebitda;ihracat_orani;piyasa_degeri;pb;roe;roa;ev;ev_ebitda;fcf_verim
ALVES.IS,2022Q3,2022-09-30,XI_29,isyatirim_pit,,,2026-09-07T22:37:31.559722185,,,2022-11-15,APPROXIMATE_FIXED_LAG,UNKNOWN,UNKNOWN,data\raw\isyatirim_cache\ALVES_2022_XI_29.json,satislar;ebitda;op_gelir;net_kar;cfo;fcf;ozkaynaklar;toplam_borc;net_borc;nakit;toplam_aktif,toplam_borc;net_borc;ebitda;ihracat_orani;piyasa_degeri;pb;roe;roa;ev;ev_ebitda;fcf_verim
ALVES.IS,2022Q4,2022-12-31,XI_29,isyatirim_pit,,,2026-09-07T22:37:31.559722185,,,2023-03-15,APPROXIMATE_FIXED_LAG,UNKNOWN,UNKNOWN,data\raw\isyatirim_cache\ALVES_2022_XI_29.json,satislar;ebitda;op_gelir;net_kar;cfo;fcf;ozkaynaklar;toplam_borc;net_borc;nakit;toplam_aktif,toplam_borc;net_borc;ebitda;ihracat_orani;piyasa_degeri;pb;roe;roa;ev;ev_ebitda;fcf_verim
ALVES.IS,2023Q1,2023-03-31,XI_29,isyatirim_pit,,,2026-09-07T22:37:31.701616764,,,2023-05-15,APPROXIMATE_FIXED_LAG,UNKNOWN,UNKNOWN,data\raw\isyatirim_cache\ALVES_2023_XI_29.json,satislar;ebitda;op_gelir;net_kar;cfo;fcf;ozkaynaklar;toplam_borc;net_borc;nakit;toplam_aktif,toplam_borc;net_borc;ebitda;ihracat_orani;piyasa_degeri;pb;roe;roa;ev;ev_ebitda;fcf_verim
ALVES.IS,2023Q2,2023-06-30,XI_29,isyatirim_pit,,,2026-09-07T22:37:31.701616764,,,2023-08-15,APPROXIMATE_FIXED_LAG,UNKNOWN,UNKNOWN,data\raw\isyatirim_cache\ALVES_2023_XI_29.json,satislar;ebitda;op_gelir;net_kar;cfo;fcf;ozkaynaklar;toplam_borc;net_borc;nakit;toplam_aktif,toplam_borc;net_borc;ebitda;ihracat_orani;piyasa_degeri;pb;roe;roa;ev;ev_ebitda;fcf_verim
ALVES.IS,2023Q3,2023-09-30,XI_29,isyatirim_pit,,,2026-09-07T22:37:31.701616764,,,2023-11-15,APPROXIMATE_FIXED_LAG,UNKNOWN,UNKNOWN,data\raw\isyatirim_cache\ALVES_2023_XI_29.json,satislar;ebitda;op_gelir;net_kar;cfo;fcf;ozkaynaklar;toplam_borc;net_borc;nakit;toplam_aktif,toplam_borc;net_borc;ebitda;ihracat_orani;piyasa_degeri;pb;roe;roa;ev;ev_ebitda;fcf_verim
ALVES.IS,2023Q4,2023-12-31,XI_29,isyatirim_pit,,,2026-09-07T22:37:31.701616764,,,2024-03-15,APPROXIMATE_FIXED_LAG,UNKNOWN,UNKNOWN,data\raw\isyatirim_cache\ALVES_2023_XI_29.json,satislar;ebitda;op_gelir;net_kar;cfo;fcf;ozkaynaklar;toplam_borc;net_borc;nakit;toplam_aktif,toplam_borc;net_borc;ebitda;ihracat_orani;piyasa_degeri;pb;roe;roa;ev;ev_ebitda;fcf_verim
ALVES.IS,2024Q1,2024-03-31,XI_29,isyatirim_pit,,,2026-09-07T22:37:31.786337137,,,2024-05-15,APPROXIMATE_FIXED_LAG,UNKNOWN,UNKNOWN,data\raw\isyatirim_cache\ALVES_2024_XI_29.json,satislar;ebitda;op_gelir;net_kar;cfo;fcf;ozkaynaklar;toplam_borc;net_borc;nakit;toplam_aktif,toplam_borc;net_borc;ebitda;ihracat_orani;piyasa_degeri;pb;roe;roa;ev;ev_ebitda;fcf_verim
ALVES.IS,2024Q2,2024-06-30,XI_29,isyatirim_pit,,,2026-09-07T22:37:31.786337137,,,2024-08-15,APPROXIMATE_FIXED_LAG,UNKNOWN,UNKNOWN,data\raw\isyatirim_cache\ALVES_2024_XI_29.json,satislar;ebitda;op_gelir;net_kar;cfo;fcf;ozkaynaklar;toplam_borc;net_borc;nakit;toplam_aktif,toplam_borc;net_borc;ebitda;ihracat_orani;piyasa_degeri;pb;roe;roa;ev;ev_ebitda;fcf_verim
ALVES.IS,2024Q3,2024-09-30,XI_29,isyatirim_pit,,,2026-09-07T22:37:31.786337137,,,2024-11-15,APPROXIMATE_FIXED_LAG,UNKNOWN,UNKNOWN,data\raw\isyatirim_cache\ALVES_2024_XI_29.json,satislar;ebitda;op_gelir;net_kar;cfo;fcf;ozkaynaklar;toplam_borc;net_borc;nakit;toplam_aktif,toplam_borc;net_borc;ebitda;ihracat_orani;piyasa_degeri;pb;roe;roa;ev;ev_ebitda;fcf_verim
ALVES.IS,2024Q4,2024-12-31,XI_29,isyatirim_pit,,,2026-09-07T22:37:31.786337137,,,2025-03-15,APPROXIMATE_FIXED_LAG,UNKNOWN,UNKNOWN,data\raw\isyatirim_cache\ALVES_2024_XI_29.json,satislar;ebitda;op_gelir;net_kar;cfo;fcf;ozkaynaklar;toplam_borc;net_borc;nakit;toplam_aktif,toplam_borc;net_borc;ebitda;ihracat_orani;piyasa_degeri;pb;roe;roa;ev;ev_ebitda;fcf_verim
ALVES.IS,2025Q1,2025-03-31,XI_29,isyatirim_pit,,,2026-09-07T22:37:31.912781715,,,2025-05-15,APPROXIMATE_FIXED_LAG,UNKNOWN,UNKNOWN,data\raw\isyatirim_cache\ALVES_2025_XI_29.json,satislar;ebitda;op_gelir;net_kar;cfo;fcf;ozkaynaklar;toplam_borc;net_borc;nakit;toplam_aktif,toplam_borc;net_borc;ebitda;ihracat_orani;piyasa_degeri;pb;roe;roa;ev;ev_ebitda;fcf_verim
ALVES.IS,2025Q2,2025-06-30,XI_29,isyatirim_pit,,,2026-09-07T22:37:31.912781715,,,2025-08-15,APPROXIMATE_FIXED_LAG,UNKNOWN,UNKNOWN,data\raw\isyatirim_cache\ALVES_2025_XI_29.json,satislar;ebitda;op_gelir;net_kar;cfo;fcf;ozkaynaklar;toplam_borc;net_borc;nakit;toplam_aktif,toplam_borc;net_borc;ebitda;ihracat_orani;piyasa_degeri;pb;roe;roa;ev;ev_ebitda;fcf_verim
ALVES.IS,2025Q4,2025-12-31,XI_29,isyatirim_pit,,,2026-09-07T22:37:31.912781715,,,2026-03-15,APPROXIMATE_FIXED_LAG,UNKNOWN,UNKNOWN,data\raw\isyatirim_cache\ALVES_2025_XI_29.json,satislar;ebitda;op_gelir;net_kar;cfo;fcf;ozkaynaklar;toplam_borc;net_borc;nakit;toplam_aktif,toplam_borc;net_borc;ebitda;ihracat_orani;piyasa_degeri;pb;roe;roa;ev;ev_ebitda;fcf_verim
ALVES.IS,2026Q1,2026-03-31,XI_29,isyatirim_pit,,,2026-09-07T22:37:32.045311451,,,2026-05-15,APPROXIMATE_FIXED_LAG,UNKNOWN,UNKNOWN,data\raw\isyatirim_cache\ALVES_2026_XI_29.json,satislar;ebitda;op_gelir;net_kar;cfo;fcf;ozkaynaklar;toplam_borc;net_borc;nakit;toplam_aktif,toplam_borc;net_borc;ebitda;ihracat_orani;piyasa_degeri;pb;roe;roa;ev;ev_ebitda;fcf_verim
ALVES.IS,2026Q2,2026-06-30,XI_29,isyatirim_pit,,,2026-09-07T22:37:32.045311451,,,2026-08-15,APPROXIMATE_FIXED_LAG,UNKNOWN,UNKNOWN,data\raw\isyatirim_cache\ALVES_2026_XI_29.json,satislar;ebitda;op_gelir;net_kar;cfo;fcf;ozkaynaklar;toplam_borc;net_borc;nakit;toplam_aktif,toplam_borc;net_borc;ebitda;ihracat_orani;piyasa_degeri;pb;roe;roa;ev;ev_ebitda;fcf_verim
ANSGR.IS,2018Q1,2018-03-31,UFRS,isyatirim_bank_pit,,,2026-09-07T22:37:24.317791939,,,2018-05-15,APPROXIMATE_FIXED_LAG,UNKNOWN,UNKNOWN,data\raw\isyatirim_cache\ANSGR_2018_UFRS.json,satislar;ebitda;op_gelir;net_kar;cfo;fcf;ozkaynaklar;toplam_borc;net_borc;nakit;toplam_aktif,toplam_borc;net_borc;ebitda;ihracat_orani;piyasa_degeri;pb;roe;roa;ev;ev_ebitda;fcf_verim
ANSGR.IS,2018Q2,2018-06-30,UFRS,isyatirim_bank_pit,,,2026-09-07T22:37:24.317791939,,,2018-08-15,APPROXIMATE_FIXED_LAG,UNKNOWN,UNKNOWN,data\raw\isyatirim_cache\ANSGR_2018_UFRS.json,satislar;ebitda;op_gelir;net_kar;cfo;fcf;ozkaynaklar;toplam_borc;net_borc;nakit;toplam_aktif,toplam_borc;net_borc;ebitda;ihracat_orani;piyasa_degeri;pb;roe;roa;ev;ev_ebitda;fcf_verim
ANSGR.IS,2018Q3,2018-09-30,UFRS,isyatirim_bank_pit,,,2026-09-07T22:37:24.317791939,,,2018-11-15,APPROXIMATE_FIXED_LAG,UNKNOWN,UNKNOWN,data\raw\isyatirim_cache\ANSGR_2018_UFRS.json,satislar;ebitda;op_gelir;net_kar;cfo;fcf;ozkaynaklar;toplam_borc;net_borc;nakit;toplam_aktif,toplam_borc;net_borc;ebitda;ihracat_orani;piyasa_degeri;pb;roe;roa;ev;ev_ebitda;fcf_verim
ANSGR.IS,2018Q4,2018-12-31,UFRS,isyatirim_bank_pit,,,2026-09-07T22:37:24.317791939,,,2019-03-15,APPROXIMATE_FIXED_LAG,UNKNOWN,UNKNOWN,data\raw\isyatirim_cache\ANSGR_2018_UFRS.json,satislar;ebitda;op_gelir;net_kar;cfo;fcf;ozkaynaklar;toplam_borc;net_borc;nakit;toplam_aktif,toplam_borc;net_borc;ebitda;ihracat_orani;piyasa_degeri;pb;roe;roa;ev;ev_ebitda;fcf_verim
ANSGR.IS,2019Q1,2019-03-31,UFRS,isyatirim_bank_pit,,,2026-09-07T22:37:24.487613201,,,2019-05-15,APPROXIMATE_FIXED_LAG,UNKNOWN,UNKNOWN,data\raw\isyatirim_cache\ANSGR_2019_UFRS.json,satislar;ebitda;op_gelir;net_kar;cfo;fcf;ozkaynaklar;toplam_borc;net_borc;nakit;toplam_aktif,toplam_borc;net_borc;ebitda;ihracat_orani;piyasa_degeri;pb;roe;roa;ev;ev_ebitda;fcf_verim
ANSGR.IS,2019Q2,2019-06-30,UFRS,isyatirim_bank_pit,,,2026-09-07T22:37:24.487613201,,,2019-08-15,APPROXIMATE_FIXED_LAG,UNKNOWN,UNKNOWN,data\raw\isyatirim_cache\ANSGR_2019_UFRS.json,satislar;ebitda;op_gelir;net_kar;cfo;fcf;ozkaynaklar;toplam_borc;net_borc;nakit;toplam_aktif,toplam_borc;net_borc;ebitda;ihracat_orani;piyasa_degeri;pb;roe;roa;ev;ev_ebitda;fcf_verim
ANSGR.IS,2019Q3,2019-09-30,UFRS,isyatirim_bank_pit,,,2026-09-07T22:37:24.487613201,,,2019-11-15,APPROXIMATE_FIXED_LAG,UNKNOWN,UNKNOWN,data\raw\isyatirim_cache\ANSGR_2019_UFRS.json,satislar;ebitda;op_gelir;net_kar;cfo;fcf;ozkaynaklar;toplam_borc;net_borc;nakit;toplam_aktif,toplam_borc;net_borc;ebitda;ihracat_orani;piyasa_degeri;pb;roe;roa;ev;ev_ebitda;fcf_verim
ANSGR.IS,2020Q1,2020-03-31,UFRS,isyatirim_bank_pit,,,2026-09-07T22:37:24.703641653,,,2020-05-15,APPROXIMATE_FIXED_LAG,UNKNOWN,UNKNOWN,data\raw\isyatirim_cache\ANSGR_2020_UFRS.json,satislar;ebitda;op_gelir;net_kar;cfo;fcf;ozkaynaklar;toplam_borc;net_borc;nakit;toplam_aktif,toplam_borc;net_borc;ebitda;ihracat_orani;piyasa_degeri;pb;roe;roa;ev;ev_ebitda;fcf_verim
ANSGR.IS,2020Q2,2020-06-30,UFRS,isyatirim_bank_pit,,,2026-09-07T22:37:24.703641653,,,2020-08-15,APPROXIMATE_FIXED_LAG,UNKNOWN,UNKNOWN,data\raw\isyatirim_cache\ANSGR_2020_UFRS.json,satislar;ebitda;op_gelir;net_kar;cfo;fcf;ozkaynaklar;toplam_borc;net_borc;nakit;toplam_aktif,toplam_borc;net_borc;ebitda;ihracat_orani;piyasa_degeri;pb;roe;roa;ev;ev_ebitda;fcf_verim
ANSGR.IS,2020Q3,2020-09-30,UFRS,isyatirim_bank_pit,,,2026-09-07T22:37:24.703641653,,,2020-11-15,APPROXIMATE_FIXED_LAG,UNKNOWN,UNKNOWN,data\raw\isyatirim_cache\ANSGR_2020_UFRS.json,satislar;ebitda;op_gelir;net_kar;cfo;fcf;ozkaynaklar;toplam_borc;net_borc;nakit;toplam_aktif,toplam_borc;net_borc;ebitda;ihracat_orani;piyasa_degeri;pb;roe;roa;ev;ev_ebitda;fcf_verim
ANSGR.IS,2020Q4,2020-12-31,UFRS,isyatirim_bank_pit,,,2026-09-07T22:37:24.703641653,,,2021-03-15,APPROXIMATE_FIXED_LAG,UNKNOWN,UNKNOWN,data\raw\isyatirim_cache\ANSGR_2020_UFRS.json,satislar;ebitda;op_gelir;net_kar;cfo;fcf;ozkaynaklar;toplam_borc;net_borc;nakit;toplam_aktif,toplam_borc;net_borc;ebitda;ihracat_orani;piyasa_degeri;pb;roe;roa;ev;ev_ebitda;fcf_verim
ANSGR.IS,2021Q1,2021-03-31,UFRS,isyatirim_bank_pit,,,2026-09-07T22:37:24.876646996,,,2021-05-15,APPROXIMATE_FIXED_LAG,UNKNOWN,UNKNOWN,data\raw\isyatirim_cache\ANSGR_2021_UFRS.json,satislar;ebitda;op_gelir;net_kar;cfo;fcf;ozkaynaklar;toplam_borc;net_borc;nakit;toplam_aktif,toplam_borc;net_borc;ebitda;ihracat_orani;piyasa_degeri;pb;roe;roa;ev;ev_ebitda;fcf_verim
ANSGR.IS,2021Q2,2021-06-30,UFRS,isyatirim_bank_pit,,,2026-09-07T22:37:24.876646996,,,2021-08-15,APPROXIMATE_FIXED_LAG,UNKNOWN,UNKNOWN,data\raw\isyatirim_cache\ANSGR_2021_UFRS.json,satislar;ebitda;op_gelir;net_kar;cfo;fcf;ozkaynaklar;toplam_borc;net_borc;nakit;toplam_aktif,toplam_borc;net_borc;ebitda;ihracat_orani;piyasa_degeri;pb;roe;roa;ev;ev_ebitda;fcf_verim
ANSGR.IS,2021Q3,2021-09-30,UFRS,isyatirim_bank_pit,,,2026-09-07T22:37:24.876646996,,,2021-11-15,APPROXIMATE_FIXED_LAG,UNKNOWN,UNKNOWN,data\raw\isyatirim_cache\ANSGR_2021_UFRS.json,satislar;ebitda;op_gelir;net_kar;cfo;fcf;ozkaynaklar;toplam_borc;net_borc;nakit;toplam_aktif,toplam_borc;net_borc;ebitda;ihracat_orani;piyasa_degeri;pb;roe;roa;ev;ev_ebitda;fcf_verim
ANSGR.IS,2021Q4,2021-12-31,UFRS,isyatirim_bank_pit,,,2026-09-07T22:37:24.876646996,,,2022-03-15,APPROXIMATE_FIXED_LAG,UNKNOWN,UNKNOWN,data\raw\isyatirim_cache\ANSGR_2021_UFRS.json,satislar;ebitda;op_gelir;net_kar;cfo;fcf;ozkaynaklar;toplam_borc;net_borc;nakit;toplam_aktif,toplam_borc;net_borc;ebitda;ihracat_orani;piyasa_degeri;pb;roe;roa;ev;ev_ebitda;fcf_verim
ANSGR.IS,2022Q1,2022-03-31,UFRS,isyatirim_bank_pit,,,2026-09-07T22:37:25.039409161,,,2022-05-15,APPROXIMATE_FIXED_LAG,UNKNOWN,UNKNOWN,data\raw\isyatirim_cache\ANSGR_2022_UFRS.json,satislar;ebitda;op_gelir;net_kar;cfo;fcf;ozkaynaklar;toplam_borc;net_borc;nakit;toplam_aktif,toplam_borc;net_borc;ebitda;ihracat_orani;piyasa_degeri;pb;roe;roa;ev;ev_ebitda;fcf_verim
ANSGR.IS,2022Q2,2022-06-30,UFRS,isyatirim_bank_pit,,,2026-09-07T22:37:25.039409161,,,2022-08-15,APPROXIMATE_FIXED_LAG,UNKNOWN,UNKNOWN,data\raw\isyatirim_cache\ANSGR_2022_UFRS.json,satislar;ebitda;op_gelir;net_kar;cfo;fcf;ozkaynaklar;toplam_borc;net_borc;nakit;toplam_aktif,toplam_borc;net_borc;ebitda;ihracat_orani;piyasa_degeri;pb;roe;roa;ev;ev_ebitda;fcf_verim
ANSGR.IS,2022Q3,2022-09-30,UFRS,isyatirim_bank_pit,,,2026-09-07T22:37:25.039409161,,,2022-11-15,APPROXIMATE_FIXED_LAG,UNKNOWN,UNKNOWN,data\raw\isyatirim_cache\ANSGR_2022_UFRS.json,satislar;ebitda;op_gelir;net_kar;cfo;fcf;ozkaynaklar;toplam_borc;net_borc;nakit;toplam_aktif,toplam_borc;net_borc;ebitda;ihracat_orani;piyasa_degeri;pb;roe;roa;ev;ev_ebitda;fcf_verim
ANSGR.IS,2022Q4,2022-12-31,UFRS,isyatirim_bank_pit,,,2026-09-07T22:37:25.039409161,,,2023-03-15,APPROXIMATE_FIXED_LAG,UNKNOWN,UNKNOWN,data\raw\isyatirim_cache\ANSGR_2022_UFRS.json,satislar;ebitda;op_gelir;net_kar;cfo;fcf;ozkaynaklar;toplam_borc;net_borc;nakit;toplam_aktif,toplam_borc;net_borc;ebitda;ihracat_orani;piyasa_degeri;pb;roe;roa;ev;ev_ebitda;fcf_verim
ANSGR.IS,2023Q1,2023-03-31,UFRS,isyatirim_bank_pit,,,2026-09-07T22:37:25.192263126,,,2023-05-15,APPROXIMATE_FIXED_LAG,UNKNOWN,UNKNOWN,data\raw\isyatirim_cache\ANSGR_2023_UFRS.json,satislar;ebitda;op_gelir;net_kar;cfo;fcf;ozkaynaklar;toplam_borc;net_borc;nakit;toplam_aktif,toplam_borc;net_borc;ebitda;ihracat_orani;piyasa_degeri;pb;roe;roa;ev;ev_ebitda;fcf_verim
ANSGR.IS,2023Q2,2023-06-30,UFRS,isyatirim_bank_pit,,,2026-09-07T22:37:25.192263126,,,2023-08-15,APPROXIMATE_FIXED_LAG,UNKNOWN,UNKNOWN,data\raw\isyatirim_cache\ANSGR_2023_UFRS.json,satislar;ebitda;op_gelir;net_kar;cfo;fcf;ozkaynaklar;toplam_borc;net_borc;nakit;toplam_aktif,toplam_borc;net_borc;ebitda;ihracat_orani;piyasa_degeri;pb;roe;roa;ev;ev_ebitda;fcf_verim
ANSGR.IS,2023Q3,2023-09-30,UFRS,isyatirim_bank_pit,,,2026-09-07T22:37:25.192263126,,,2023-11-15,APPROXIMATE_FIXED_LAG,UNKNOWN,UNKNOWN,data\raw\isyatirim_cache\ANSGR_2023_UFRS.json,satislar;ebitda;op_gelir;net_kar;cfo;fcf;ozkaynaklar;toplam_borc;net_borc;nakit;toplam_aktif,toplam_borc;net_borc;ebitda;ihracat_orani;piyasa_degeri;pb;roe;roa;ev;ev_ebitda;fcf_verim
ANSGR.IS,2023Q4,2023-12-31,UFRS,isyatirim_bank_pit,,,2026-09-07T22:37:25.192263126,,,2024-03-15,APPROXIMATE_FIXED_LAG,UNKNOWN,UNKNOWN,data\raw\isyatirim_cache\ANSGR_2023_UFRS.json,satislar;ebitda;op_gelir;net_kar;cfo;fcf;ozkaynaklar;toplam_borc;net_borc;nakit;toplam_aktif,toplam_borc;net_borc;ebitda;ihracat_orani;piyasa_degeri;pb;roe;roa;ev;ev_ebitda;fcf_verim
ANSGR.IS,2024Q1,2024-03-31,UFRS,isyatirim_bank_pit,,,2026-09-07T22:37:25.280733585,,,2024-05-15,APPROXIMATE_FIXED_LAG,UNKNOWN,UNKNOWN,data\raw\isyatirim_cache\ANSGR_2024_UFRS.json,satislar;ebitda;op_gelir;net_kar;cfo;fcf;ozkaynaklar;toplam_borc;net_borc;nakit;toplam_aktif,toplam_borc;net_borc;ebitda;ihracat_orani;piyasa_degeri;pb;roe;roa;ev;ev_ebitda;fcf_verim
ANSGR.IS,2024Q2,2024-06-30,UFRS,isyatirim_bank_pit,,,2026-09-07T22:37:25.280733585,,,2024-08-15,APPROXIMATE_FIXED_LAG,UNKNOWN,UNKNOWN,data\raw\isyatirim_cache\ANSGR_2024_UFRS.json,satislar;ebitda;op_gelir;net_kar;cfo;fcf;ozkaynaklar;toplam_borc;net_borc;nakit;toplam_aktif,toplam_borc;net_borc;ebitda;ihracat_orani;piyasa_degeri;pb;roe;roa;ev;ev_ebitda;fcf_verim
ANSGR.IS,2024Q3,2024-09-30,UFRS,isyatirim_bank_pit,,,2026-09-07T22:37:25.280733585,,,2024-11-15,APPROXIMATE_FIXED_LAG,UNKNOWN,UNKNOWN,data\raw\isyatirim_cache\ANSGR_2024_UFRS.json,satislar;ebitda;op_gelir;net_kar;cfo;fcf;ozkaynaklar;toplam_borc;net_borc;nakit;toplam_aktif,toplam_borc;net_borc;ebitda;ihracat_orani;piyasa_degeri;pb;roe;roa;ev;ev_ebitda;fcf_verim
ANSGR.IS,2024Q4,2024-12-31,UFRS,isyatirim_bank_pit,,,2026-09-07T22:37:25.280733585,,,2025-03-15,APPROXIMATE_FIXED_LAG,UNKNOWN,UNKNOWN,data\raw\isyatirim_cache\ANSGR_2024_UFRS.json,satislar;ebitda;op_gelir;net_kar;cfo;fcf;ozkaynaklar;toplam_borc;net_borc;nakit;toplam_aktif,toplam_borc;net_borc;ebitda;ihracat_orani;piyasa_degeri;pb;roe;roa;ev;ev_ebitda;fcf_verim
ANSGR.IS,2025Q1,2025-03-31,UFRS,isyatirim_bank_pit,,,2026-09-07T22:37:25.464860678,,,2025-05-15,APPROXIMATE_FIXED_LAG,UNKNOWN,UNKNOWN,data\raw\isyatirim_cache\ANSGR_2025_UFRS.json,satislar;ebitda;op_gelir;net_kar;cfo;fcf;ozkaynaklar;toplam_borc;net_borc;nakit;toplam_aktif,toplam_borc;net_borc;ebitda;ihracat_orani;piyasa_degeri;pb;roe;roa;ev;ev_ebitda;fcf_verim
ANSGR.IS,2025Q2,2025-06-30,UFRS,isyatirim_bank_pit,,,2026-09-07T22:37:25.464860678,,,2025-08-15,APPROXIMATE_FIXED_LAG,UNKNOWN,UNKNOWN,data\raw\isyatirim_cache\ANSGR_2025_UFRS.json,satislar;ebitda;op_gelir;net_kar;cfo;fcf;ozkaynaklar;toplam_borc;net_borc;nakit;toplam_aktif,toplam_borc;net_borc;ebitda;ihracat_orani;piyasa_degeri;pb;roe;roa;ev;ev_ebitda;fcf_verim
ANSGR.IS,2025Q3,2025-09-30,UFRS,isyatirim_bank_pit,,,2026-09-07T22:37:25.464860678,,,2025-11-15,APPROXIMATE_FIXED_LAG,UNKNOWN,UNKNOWN,data\raw\isyatirim_cache\ANSGR_2025_UFRS.json,satislar;ebitda;op_gelir;net_kar;cfo;fcf;ozkaynaklar;toplam_borc;net_borc;nakit;toplam_aktif,toplam_borc;net_borc;ebitda;ihracat_orani;piyasa_degeri;pb;roe;roa;ev;ev_ebitda;fcf_verim
ANSGR.IS,2025Q4,2025-12-31,UFRS,isyatirim_bank_pit,,,2026-09-07T22:37:25.464860678,,,2026-03-15,APPROXIMATE_FIXED_LAG,UNKNOWN,UNKNOWN,data\raw\isyatirim_cache\ANSGR_2025_UFRS.json,satislar;ebitda;op_gelir;net_kar;cfo;fcf;ozkaynaklar;toplam_borc;net_borc;nakit;toplam_aktif,toplam_borc;net_borc;ebitda;ihracat_orani;piyasa_degeri;pb;roe;roa;ev;ev_ebitda;fcf_verim
ANSGR.IS,2026Q1,2026-03-31,UFRS,isyatirim_bank_pit,,,2026-09-07T22:37:25.625423670,,,2026-05-15,APPROXIMATE_FIXED_LAG,UNKNOWN,UNKNOWN,data\raw\isyatirim_cache\ANSGR_2026_UFRS.json,satislar;ebitda;op_gelir;net_kar;cfo;fcf;ozkaynaklar;toplam_borc;net_borc;nakit;toplam_aktif,toplam_borc;net_borc;ebitda;ihracat_orani;piyasa_degeri;pb;roe;roa;ev;ev_ebitda;fcf_verim
ANSGR.IS,2026Q2,2026-06-30,UFRS,isyatirim_bank_pit,,,2026-09-07T22:37:25.625423670,,,2026-08-15,APPROXIMATE_FIXED_LAG,UNKNOWN,UNKNOWN,data\raw\isyatirim_cache\ANSGR_2026_UFRS.json,satislar;ebitda;op_gelir;net_kar;cfo;fcf;ozkaynaklar;toplam_borc;net_borc;nakit;toplam_aktif,toplam_borc;net_borc;ebitda;ihracat_orani;piyasa_degeri;pb;roe;roa;ev;ev_ebitda;fcf_verim
ARCLK.IS,2018Q1,2018-03-31,XI_29,isyatirim_pit,,,2026-09-07T22:37:12.654532194,,,2018-05-15,APPROXIMATE_FIXED_LAG,UNKNOWN,UNKNOWN,data\raw\isyatirim_cache\ARCLK_2018_XI_29.json,satislar;ebitda;op_gelir;net_kar;cfo;fcf;ozkaynaklar;toplam_borc;net_borc;nakit;toplam_aktif,toplam_borc;net_borc;ebitda;ihracat_orani;piyasa_degeri;pb;roe;roa;ev;ev_ebitda;fcf_verim
ARCLK.IS,2018Q2,2018-06-30,XI_29,isyatirim_pit,,,2026-09-07T22:37:12.654532194,,,2018-08-15,APPROXIMATE_FIXED_LAG,UNKNOWN,UNKNOWN,data\raw\isyatirim_cache\ARCLK_2018_XI_29.json,satislar;ebitda;op_gelir;net_kar;cfo;fcf;ozkaynaklar;toplam_borc;net_borc;nakit;toplam_aktif,toplam_borc;net_borc;ebitda;ihracat_orani;piyasa_degeri;pb;roe;roa;ev;ev_ebitda;fcf_verim
ARCLK.IS,2018Q3,2018-09-30,XI_29,isyatirim_pit,,,2026-09-07T22:37:12.654532194,,,2018-11-15,APPROXIMATE_FIXED_LAG,UNKNOWN,UNKNOWN,data\raw\isyatirim_cache\ARCLK_2018_XI_29.json,satislar;ebitda;op_gelir;net_kar;cfo;fcf;ozkaynaklar;toplam_borc;net_borc;nakit;toplam_aktif,toplam_borc;net_borc;ebitda;ihracat_orani;piyasa_degeri;pb;roe;roa;ev;ev_ebitda;fcf_verim
ARCLK.IS,2018Q4,2018-12-31,XI_29,isyatirim_pit,,,2026-09-07T22:37:12.654532194,,,2019-03-15,APPROXIMATE_FIXED_LAG,UNKNOWN,UNKNOWN,data\raw\isyatirim_cache\ARCLK_2018_XI_29.json,satislar;ebitda;op_gelir;net_kar;cfo;fcf;ozkaynaklar;toplam_borc;net_borc;nakit;toplam_aktif,toplam_borc;net_borc;ebitda;ihracat_orani;piyasa_degeri;pb;roe;roa;ev;ev_ebitda;fcf_verim
ARCLK.IS,2019Q1,2019-03-31,XI_29,isyatirim_pit,,,2026-09-07T22:37:12.785501719,,,2019-05-15,APPROXIMATE_FIXED_LAG,UNKNOWN,UNKNOWN,data\raw\isyatirim_cache\ARCLK_2019_XI_29.json,satislar;ebitda;op_gelir;net_kar;cfo;fcf;ozkaynaklar;toplam_borc;net_borc;nakit;toplam_aktif,toplam_borc;net_borc;ebitda;ihracat_orani;piyasa_degeri;pb;roe;roa;ev;ev_ebitda;fcf_verim
ARCLK.IS,2019Q2,2019-06-30,XI_29,isyatirim_pit,,,2026-09-07T22:37:12.785501719,,,2019-08-15,APPROXIMATE_FIXED_LAG,UNKNOWN,UNKNOWN,data\raw\isyatirim_cache\ARCLK_2019_XI_29.json,satislar;ebitda;op_gelir;net_kar;cfo;fcf;ozkaynaklar;toplam_borc;net_borc;nakit;toplam_aktif,toplam_borc;net_borc;ebitda;ihracat_orani;piyasa_degeri;pb;roe;roa;ev;ev_ebitda;fcf_verim
ARCLK.IS,2019Q3,2019-09-30,XI_29,isyatirim_pit,,,2026-09-07T22:37:12.785501719,,,2019-11-15,APPROXIMATE_FIXED_LAG,UNKNOWN,UNKNOWN,data\raw\isyatirim_cache\ARCLK_2019_XI_29.json,satislar;ebitda;op_gelir;net_kar;cfo;fcf;ozkaynaklar;toplam_borc;net_borc;nakit;toplam_aktif,toplam_borc;net_borc;ebitda;ihracat_orani;piyasa_degeri;pb;roe;roa;ev;ev_ebitda;fcf_verim
ARCLK.IS,2019Q4,2019-12-31,XI_29,isyatirim_pit,,,2026-09-07T22:37:12.785501719,,,2020-03-15,APPROXIMATE_FIXED_LAG,UNKNOWN,UNKNOWN,data\raw\isyatirim_cache\ARCLK_2019_XI_29.json,satislar;ebitda;op_gelir;net_kar;cfo;fcf;ozkaynaklar;toplam_borc;net_borc;nakit;toplam_aktif,toplam_borc;net_borc;ebitda;ihracat_orani;piyasa_degeri;pb;roe;roa;ev;ev_ebitda;fcf_verim
ARCLK.IS,2020Q1,2020-03-31,XI_29,isyatirim_pit,,,2026-09-07T22:37:12.939435959,,,2020-05-15,APPROXIMATE_FIXED_LAG,UNKNOWN,UNKNOWN,data\raw\isyatirim_cache\ARCLK_2020_XI_29.json,satislar;ebitda;op_gelir;net_kar;cfo;fcf;ozkaynaklar;toplam_borc;net_borc;nakit;toplam_aktif,toplam_borc;net_borc;ebitda;ihracat_orani;piyasa_degeri;pb;roe;roa;ev;ev_ebitda;fcf_verim
ARCLK.IS,2020Q2,2020-06-30,XI_29,isyatirim_pit,,,2026-09-07T22:37:12.939435959,,,2020-08-15,APPROXIMATE_FIXED_LAG,UNKNOWN,UNKNOWN,data\raw\isyatirim_cache\ARCLK_2020_XI_29.json,satislar;ebitda;op_gelir;net_kar;cfo;fcf;ozkaynaklar;toplam_borc;net_borc;nakit;toplam_aktif,toplam_borc;net_borc;ebitda;ihracat_orani;piyasa_degeri;pb;roe;roa;ev;ev_ebitda;fcf_verim
ARCLK.IS,2020Q3,2020-09-30,XI_29,isyatirim_pit,,,2026-09-07T22:37:12.939435959,,,2020-11-15,APPROXIMATE_FIXED_LAG,UNKNOWN,UNKNOWN,data\raw\isyatirim_cache\ARCLK_2020_XI_29.json,satislar;ebitda;op_gelir;net_kar;cfo;fcf;ozkaynaklar;toplam_borc;net_borc;nakit;toplam_aktif,toplam_borc;net_borc;ebitda;ihracat_orani;piyasa_degeri;pb;roe;roa;ev;ev_ebitda;fcf_verim
ARCLK.IS,2020Q4,2020-12-31,XI_29,isyatirim_pit,,,2026-09-07T22:37:12.939435959,,,2021-03-15,APPROXIMATE_FIXED_LAG,UNKNOWN,UNKNOWN,data\raw\isyatirim_cache\ARCLK_2020_XI_29.json,satislar;ebitda;op_gelir;net_kar;cfo;fcf;ozkaynaklar;toplam_borc;net_borc;nakit;toplam_aktif,toplam_borc;net_borc;ebitda;ihracat_orani;piyasa_degeri;pb;roe;roa;ev;ev_ebitda;fcf_verim
ARCLK.IS,2021Q1,2021-03-31,XI_29,isyatirim_pit,,,2026-09-07T22:37:13.111841202,,,2021-05-15,APPROXIMATE_FIXED_LAG,UNKNOWN,UNKNOWN,data\raw\isyatirim_cache\ARCLK_2021_XI_29.json,satislar;ebitda;op_gelir;net_kar;cfo;fcf;ozkaynaklar;toplam_borc;net_borc;nakit;toplam_aktif,toplam_borc;net_borc;ebitda;ihracat_orani;piyasa_degeri;pb;roe;roa;ev;ev_ebitda;fcf_verim
ARCLK.IS,2021Q2,2021-06-30,XI_29,isyatirim_pit,,,2026-09-07T22:37:13.111841202,,,2021-08-15,APPROXIMATE_FIXED_LAG,UNKNOWN,UNKNOWN,data\raw\isyatirim_cache\ARCLK_2021_XI_29.json,satislar;ebitda;op_gelir;net_kar;cfo;fcf;ozkaynaklar;toplam_borc;net_borc;nakit;toplam_aktif,toplam_borc;net_borc;ebitda;ihracat_orani;piyasa_degeri;pb;roe;roa;ev;ev_ebitda;fcf_verim
ARCLK.IS,2021Q3,2021-09-30,XI_29,isyatirim_pit,,,2026-09-07T22:37:13.111841202,,,2021-11-15,APPROXIMATE_FIXED_LAG,UNKNOWN,UNKNOWN,data\raw\isyatirim_cache\ARCLK_2021_XI_29.json,satislar;ebitda;op_gelir;net_kar;cfo;fcf;ozkaynaklar;toplam_borc;net_borc;nakit;toplam_aktif,toplam_borc;net_borc;ebitda;ihracat_orani;piyasa_degeri;pb;roe;roa;ev;ev_ebitda;fcf_verim
ARCLK.IS,2021Q4,2021-12-31,XI_29,isyatirim_pit,,,2026-09-07T22:37:13.111841202,,,2022-03-15,APPROXIMATE_FIXED_LAG,UNKNOWN,UNKNOWN,data\raw\isyatirim_cache\ARCLK_2021_XI_29.json,satislar;ebitda;op_gelir;net_kar;cfo;fcf;ozkaynaklar;toplam_borc;net_borc;nakit;toplam_aktif,toplam_borc;net_borc;ebitda;ihracat_orani;piyasa_degeri;pb;roe;roa;ev;ev_ebitda;fcf_verim
ARCLK.IS,2022Q1,2022-03-31,XI_29,isyatirim_pit,,,2026-09-07T22:37:13.260886907,,,2022-05-15,APPROXIMATE_FIXED_LAG,UNKNOWN,UNKNOWN,data\raw\isyatirim_cache\ARCLK_2022_XI_29.json,satislar;ebitda;op_gelir;net_kar;cfo;fcf;ozkaynaklar;toplam_borc;net_borc;nakit;toplam_aktif,toplam_borc;net_borc;ebitda;ihracat_orani;piyasa_degeri;pb;roe;roa;ev;ev_ebitda;fcf_verim
ARCLK.IS,2022Q2,2022-06-30,XI_29,isyatirim_pit,,,2026-09-07T22:37:13.260886907,,,2022-08-15,APPROXIMATE_FIXED_LAG,UNKNOWN,UNKNOWN,data\raw\isyatirim_cache\ARCLK_2022_XI_29.json,satislar;ebitda;op_gelir;net_kar;cfo;fcf;ozkaynaklar;toplam_borc;net_borc;nakit;toplam_aktif,toplam_borc;net_borc;ebitda;ihracat_orani;piyasa_degeri;pb;roe;roa;ev;ev_ebitda;fcf_verim
ARCLK.IS,2022Q3,2022-09-30,XI_29,isyatirim_pit,,,2026-09-07T22:37:13.260886907,,,2022-11-15,APPROXIMATE_FIXED_LAG,UNKNOWN,UNKNOWN,data\raw\isyatirim_cache\ARCLK_2022_XI_29.json,satislar;ebitda;op_gelir;net_kar;cfo;fcf;ozkaynaklar;toplam_borc;net_borc;nakit;toplam_aktif,toplam_borc;net_borc;ebitda;ihracat_orani;piyasa_degeri;pb;roe;roa;ev;ev_ebitda;fcf_verim
ARCLK.IS,2022Q4,2022-12-31,XI_29,isyatirim_pit,,,2026-09-07T22:37:13.260886907,,,2023-03-15,APPROXIMATE_FIXED_LAG,UNKNOWN,UNKNOWN,data\raw\isyatirim_cache\ARCLK_2022_XI_29.json,satislar;ebitda;op_gelir;net_kar;cfo;fcf;ozkaynaklar;toplam_borc;net_borc;nakit;toplam_aktif,toplam_borc;net_borc;ebitda;ihracat_orani;piyasa_degeri;pb;roe;roa;ev;ev_ebitda;fcf_verim
ARCLK.IS,2023Q1,2023-03-31,XI_29,isyatirim_pit,,,2026-09-07T22:37:13.393311024,,,2023-05-15,APPROXIMATE_FIXED_LAG,UNKNOWN,UNKNOWN,data\raw\isyatirim_cache\ARCLK_2023_XI_29.json,satislar;ebitda;op_gelir;net_kar;cfo;fcf;ozkaynaklar;toplam_borc;net_borc;nakit;toplam_aktif,toplam_borc;net_borc;ebitda;ihracat_orani;piyasa_degeri;pb;roe;roa;ev;ev_ebitda;fcf_verim
ARCLK.IS,2023Q2,2023-06-30,XI_29,isyatirim_pit,,,2026-09-07T22:37:13.393311024,,,2023-08-15,APPROXIMATE_FIXED_LAG,UNKNOWN,UNKNOWN,data\raw\isyatirim_cache\ARCLK_2023_XI_29.json,satislar;ebitda;op_gelir;net_kar;cfo;fcf;ozkaynaklar;toplam_borc;net_borc;nakit;toplam_aktif,toplam_borc;net_borc;ebitda;ihracat_orani;piyasa_degeri;pb;roe;roa;ev;ev_ebitda;fcf_verim
ARCLK.IS,2023Q3,2023-09-30,XI_29,isyatirim_pit,,,2026-09-07T22:37:13.393311024,,,2023-11-15,APPROXIMATE_FIXED_LAG,UNKNOWN,UNKNOWN,data\raw\isyatirim_cache\ARCLK_2023_XI_29.json,satislar;ebitda;op_gelir;net_kar;cfo;fcf;ozkaynaklar;toplam_borc;net_borc;nakit;toplam_aktif,toplam_borc;net_borc;ebitda;ihracat_orani;piyasa_degeri;pb;roe;roa;ev;ev_ebitda;fcf_verim
ARCLK.IS,2023Q4,2023-12-31,XI_29,isyatirim_pit,,,2026-09-07T22:37:13.393311024,,,2024-03-15,APPROXIMATE_FIXED_LAG,UNKNOWN,UNKNOWN,data\raw\isyatirim_cache\ARCLK_2023_XI_29.json,satislar;ebitda;op_gelir;net_kar;cfo;fcf;ozkaynaklar;toplam_borc;net_borc;nakit;toplam_aktif,toplam_borc;net_borc;ebitda;ihracat_orani;piyasa_degeri;pb;roe;roa;ev;ev_ebitda;fcf_verim
ARCLK.IS,2024Q1,2024-03-31,XI_29,isyatirim_pit,,,2026-09-07T22:37:13.486720085,,,2024-05-15,APPROXIMATE_FIXED_LAG,UNKNOWN,UNKNOWN,data\raw\isyatirim_cache\ARCLK_2024_XI_29.json,satislar;ebitda;op_gelir;net_kar;cfo;fcf;ozkaynaklar;toplam_borc;net_borc;nakit;toplam_aktif,toplam_borc;net_borc;ebitda;ihracat_orani;piyasa_degeri;pb;roe;roa;ev;ev_ebitda;fcf_verim
ARCLK.IS,2024Q2,2024-06-30,XI_29,isyatirim_pit,,,2026-09-07T22:37:13.486720085,,,2024-08-15,APPROXIMATE_FIXED_LAG,UNKNOWN,UNKNOWN,data\raw\isyatirim_cache\ARCLK_2024_XI_29.json,satislar;ebitda;op_gelir;net_kar;cfo;fcf;ozkaynaklar;toplam_borc;net_borc;nakit;toplam_aktif,toplam_borc;net_borc;ebitda;ihracat_orani;piyasa_degeri;pb;roe;roa;ev;ev_ebitda;fcf_verim
ARCLK.IS,2024Q3,2024-09-30,XI_29,isyatirim_pit,,,2026-09-07T22:37:13.486720085,,,2024-11-15,APPROXIMATE_FIXED_LAG,UNKNOWN,UNKNOWN,data\raw\isyatirim_cache\ARCLK_2024_XI_29.json,satislar;ebitda;op_gelir;net_kar;cfo;fcf;ozkaynaklar;toplam_borc;net_borc;nakit;toplam_aktif,toplam_borc;net_borc;ebitda;ihracat_orani;piyasa_degeri;pb;roe;roa;ev;ev_ebitda;fcf_verim
ARCLK.IS,2024Q4,2024-12-31,XI_29,isyatirim_pit,,,2026-09-07T22:37:13.486720085,,,2025-03-15,APPROXIMATE_FIXED_LAG,UNKNOWN,UNKNOWN,data\raw\isyatirim_cache\ARCLK_2024_XI_29.json,satislar;ebitda;op_gelir;net_kar;cfo;fcf;ozkaynaklar;toplam_borc;net_borc;nakit;toplam_aktif,toplam_borc;net_borc;ebitda;ihracat_orani;piyasa_degeri;pb;roe;roa;ev;ev_ebitda;fcf_verim
ARCLK.IS,2025Q1,2025-03-31,XI_29,isyatirim_pit,,,2026-09-07T22:37:13.671772957,,,2025-05-15,APPROXIMATE_FIXED_LAG,UNKNOWN,UNKNOWN,data\raw\isyatirim_cache\ARCLK_2025_XI_29.json,satislar;ebitda;op_gelir;net_kar;cfo;fcf;ozkaynaklar;toplam_borc;net_borc;nakit;toplam_aktif,toplam_borc;net_borc;ebitda;ihracat_orani;piyasa_degeri;pb;roe;roa;ev;ev_ebitda;fcf_verim
ARCLK.IS,2025Q2,2025-06-30,XI_29,isyatirim_pit,,,2026-09-07T22:37:13.671772957,,,2025-08-15,APPROXIMATE_FIXED_LAG,UNKNOWN,UNKNOWN,data\raw\isyatirim_cache\ARCLK_2025_XI_29.json,satislar;ebitda;op_gelir;net_kar;cfo;fcf;ozkaynaklar;toplam_borc;net_borc;nakit;toplam_aktif,toplam_borc;net_borc;ebitda;ihracat_orani;piyasa_degeri;pb;roe;roa;ev;ev_ebitda;fcf_verim
ARCLK.IS,2025Q3,2025-09-30,XI_29,isyatirim_pit,,,2026-09-07T22:37:13.671772957,,,2025-11-15,APPROXIMATE_FIXED_LAG,UNKNOWN,UNKNOWN,data\raw\isyatirim_cache\ARCLK_2025_XI_29.json,satislar;ebitda;op_gelir;net_kar;cfo;fcf;ozkaynaklar;toplam_borc;net_borc;nakit;toplam_aktif,toplam_borc;net_borc;ebitda;ihracat_orani;piyasa_degeri;pb;roe;roa;ev;ev_ebitda;fcf_verim
ARCLK.IS,2025Q4,2025-12-31,XI_29,isyatirim_pit,,,2026-09-07T22:37:13.671772957,,,2026-03-15,APPROXIMATE_FIXED_LAG,UNKNOWN,UNKNOWN,data\raw\isyatirim_cache\ARCLK_2025_XI_29.json,satislar;ebitda;op_gelir;net_kar;cfo;fcf;ozkaynaklar;toplam_borc;net_borc;nakit;toplam_aktif,toplam_borc;net_borc;ebitda;ihracat_orani;piyasa_degeri;pb;roe;roa;ev;ev_ebitda;fcf_verim
ARCLK.IS,2026Q1,2026-03-31,XI_29,isyatirim_pit,,,2026-09-07T22:37:13.827157736,,,2026-05-15,APPROXIMATE_FIXED_LAG,UNKNOWN,UNKNOWN,data\raw\isyatirim_cache\ARCLK_2026_XI_29.json,satislar;ebitda;op_gelir;net_kar;cfo;fcf;ozkaynaklar;toplam_borc;net_borc;nakit;toplam_aktif,toplam_borc;net_borc;ebitda;ihracat_orani;piyasa_degeri;pb;roe;roa;ev;ev_ebitda;fcf_verim
ARCLK.IS,2026Q2,2026-06-30,XI_29,isyatirim_pit,,,2026-09-07T22:37:13.827157736,,,2026-08-15,APPROXIMATE_FIXED_LAG,UNKNOWN,UNKNOWN,data\raw\isyatirim_cache\ARCLK_2026_XI_29.json,satislar;ebitda;op_gelir;net_kar;cfo;fcf;ozkaynaklar;toplam_borc;net_borc;nakit;toplam_aktif,toplam_borc;net_borc;ebitda;ihracat_orani;piyasa_degeri;pb;roe;roa;ev;ev_ebitda;fcf_verim
ASELS.IS,2018Q1,2018-03-31,XI_29,isyatirim_pit,,,2026-09-07T22:36:51.515491962,,,2018-05-15,APPROXIMATE_FIXED_LAG,UNKNOWN,UNKNOWN,data\raw\isyatirim_cache\ASELS_2018_XI_29.json,satislar;ebitda;op_gelir;net_kar;cfo;fcf;ozkaynaklar;toplam_borc;net_borc;nakit;toplam_aktif,toplam_borc;net_borc;ebitda;ihracat_orani;piyasa_degeri;pb;roe;roa;ev;ev_ebitda;fcf_verim
ASELS.IS,2018Q2,2018-06-30,XI_29,isyatirim_pit,,,2026-09-07T22:36:51.515491962,,,2018-08-15,APPROXIMATE_FIXED_LAG,UNKNOWN,UNKNOWN,data\raw\isyatirim_cache\ASELS_2018_XI_29.json,satislar;ebitda;op_gelir;net_kar;cfo;fcf;ozkaynaklar;toplam_borc;net_borc;nakit;toplam_aktif,toplam_borc;net_borc;ebitda;ihracat_orani;piyasa_degeri;pb;roe;roa;ev;ev_ebitda;fcf_verim
ASELS.IS,2018Q3,2018-09-30,XI_29,isyatirim_pit,,,2026-09-07T22:36:51.515491962,,,2018-11-15,APPROXIMATE_FIXED_LAG,UNKNOWN,UNKNOWN,data\raw\isyatirim_cache\ASELS_2018_XI_29.json,satislar;ebitda;op_gelir;net_kar;cfo;fcf;ozkaynaklar;toplam_borc;net_borc;nakit;toplam_aktif,toplam_borc;net_borc;ebitda;ihracat_orani;piyasa_degeri;pb;roe;roa;ev;ev_ebitda;fcf_verim
ASELS.IS,2018Q4,2018-12-31,XI_29,isyatirim_pit,,,2026-09-07T22:36:51.515491962,,,2019-03-15,APPROXIMATE_FIXED_LAG,UNKNOWN,UNKNOWN,data\raw\isyatirim_cache\ASELS_2018_XI_29.json,satislar;ebitda;op_gelir;net_kar;cfo;fcf;ozkaynaklar;toplam_borc;net_borc;nakit;toplam_aktif,toplam_borc;net_borc;ebitda;ihracat_orani;piyasa_degeri;pb;roe;roa;ev;ev_ebitda;fcf_verim
ASELS.IS,2019Q1,2019-03-31,XI_29,isyatirim_pit,,,2026-09-07T22:36:51.667048931,,,2019-05-15,APPROXIMATE_FIXED_LAG,UNKNOWN,UNKNOWN,data\raw\isyatirim_cache\ASELS_2019_XI_29.json,satislar;ebitda;op_gelir;net_kar;cfo;fcf;ozkaynaklar;toplam_borc;net_borc;nakit;toplam_aktif,toplam_borc;net_borc;ebitda;ihracat_orani;piyasa_degeri;pb;roe;roa;ev;ev_ebitda;fcf_verim
ASELS.IS,2019Q2,2019-06-30,XI_29,isyatirim_pit,,,2026-09-07T22:36:51.667048931,,,2019-08-15,APPROXIMATE_FIXED_LAG,UNKNOWN,UNKNOWN,data\raw\isyatirim_cache\ASELS_2019_XI_29.json,satislar;ebitda;op_gelir;net_kar;cfo;fcf;ozkaynaklar;toplam_borc;net_borc;nakit;toplam_aktif,toplam_borc;net_borc;ebitda;ihracat_orani;piyasa_degeri;pb;roe;roa;ev;ev_ebitda;fcf_verim
ASELS.IS,2019Q3,2019-09-30,XI_29,isyatirim_pit,,,2026-09-07T22:36:51.667048931,,,2019-11-15,APPROXIMATE_FIXED_LAG,UNKNOWN,UNKNOWN,data\raw\isyatirim_cache\ASELS_2019_XI_29.json,satislar;ebitda;op_gelir;net_kar;cfo;fcf;ozkaynaklar;toplam_borc;net_borc;nakit;toplam_aktif,toplam_borc;net_borc;ebitda;ihracat_orani;piyasa_degeri;pb;roe;roa;ev;ev_ebitda;fcf_verim
ASELS.IS,2019Q4,2019-12-31,XI_29,isyatirim_pit,,,2026-09-07T22:36:51.667048931,,,2020-03-15,APPROXIMATE_FIXED_LAG,UNKNOWN,UNKNOWN,data\raw\isyatirim_cache\ASELS_2019_XI_29.json,satislar;ebitda;op_gelir;net_kar;cfo;fcf;ozkaynaklar;toplam_borc;net_borc;nakit;toplam_aktif,toplam_borc;net_borc;ebitda;ihracat_orani;piyasa_degeri;pb;roe;roa;ev;ev_ebitda;fcf_verim
ASELS.IS,2020Q1,2020-03-31,XI_29,isyatirim_pit,,,2026-09-07T22:36:51.797381878,,,2020-05-15,APPROXIMATE_FIXED_LAG,UNKNOWN,UNKNOWN,data\raw\isyatirim_cache\ASELS_2020_XI_29.json,satislar;ebitda;op_gelir;net_kar;cfo;fcf;ozkaynaklar;toplam_borc;net_borc;nakit;toplam_aktif,toplam_borc;net_borc;ebitda;ihracat_orani;piyasa_degeri;pb;roe;roa;ev;ev_ebitda;fcf_verim
ASELS.IS,2020Q2,2020-06-30,XI_29,isyatirim_pit,,,2026-09-07T22:36:51.797381878,,,2020-08-15,APPROXIMATE_FIXED_LAG,UNKNOWN,UNKNOWN,data\raw\isyatirim_cache\ASELS_2020_XI_29.json,satislar;ebitda;op_gelir;net_kar;cfo;fcf;ozkaynaklar;toplam_borc;net_borc;nakit;toplam_aktif,toplam_borc;net_borc;ebitda;ihracat_orani;piyasa_degeri;pb;roe;roa;ev;ev_ebitda;fcf_verim
ASELS.IS,2020Q3,2020-09-30,XI_29,isyatirim_pit,,,2026-09-07T22:36:51.797381878,,,2020-11-15,APPROXIMATE_FIXED_LAG,UNKNOWN,UNKNOWN,data\raw\isyatirim_cache\ASELS_2020_XI_29.json,satislar;ebitda;op_gelir;net_kar;cfo;fcf;ozkaynaklar;toplam_borc;net_borc;nakit;toplam_aktif,toplam_borc;net_borc;ebitda;ihracat_orani;piyasa_degeri;pb;roe;roa;ev;ev_ebitda;fcf_verim
ASELS.IS,2020Q4,2020-12-31,XI_29,isyatirim_pit,,,2026-09-07T22:36:51.797381878,,,2021-03-15,APPROXIMATE_FIXED_LAG,UNKNOWN,UNKNOWN,data\raw\isyatirim_cache\ASELS_2020_XI_29.json,satislar;ebitda;op_gelir;net_kar;cfo;fcf;ozkaynaklar;toplam_borc;net_borc;nakit;toplam_aktif,toplam_borc;net_borc;ebitda;ihracat_orani;piyasa_degeri;pb;roe;roa;ev;ev_ebitda;fcf_verim
ASELS.IS,2021Q1,2021-03-31,XI_29,isyatirim_pit,,,2026-09-07T22:36:51.964005947,,,2021-05-15,APPROXIMATE_FIXED_LAG,UNKNOWN,UNKNOWN,data\raw\isyatirim_cache\ASELS_2021_XI_29.json,satislar;ebitda;op_gelir;net_kar;cfo;fcf;ozkaynaklar;toplam_borc;net_borc;nakit;toplam_aktif,toplam_borc;net_borc;ebitda;ihracat_orani;piyasa_degeri;pb;roe;roa;ev;ev_ebitda;fcf_verim
ASELS.IS,2021Q2,2021-06-30,XI_29,isyatirim_pit,,,2026-09-07T22:36:51.964005947,,,2021-08-15,APPROXIMATE_FIXED_LAG,UNKNOWN,UNKNOWN,data\raw\isyatirim_cache\ASELS_2021_XI_29.json,satislar;ebitda;op_gelir;net_kar;cfo;fcf;ozkaynaklar;toplam_borc;net_borc;nakit;toplam_aktif,toplam_borc;net_borc;ebitda;ihracat_orani;piyasa_degeri;pb;roe;roa;ev;ev_ebitda;fcf_verim
ASELS.IS,2021Q3,2021-09-30,XI_29,isyatirim_pit,,,2026-09-07T22:36:51.964005947,,,2021-11-15,APPROXIMATE_FIXED_LAG,UNKNOWN,UNKNOWN,data\raw\isyatirim_cache\ASELS_2021_XI_29.json,satislar;ebitda;op_gelir;net_kar;cfo;fcf;ozkaynaklar;toplam_borc;net_borc;nakit;toplam_aktif,toplam_borc;net_borc;ebitda;ihracat_orani;piyasa_degeri;pb;roe;roa;ev;ev_ebitda;fcf_verim
ASELS.IS,2021Q4,2021-12-31,XI_29,isyatirim_pit,,,2026-09-07T22:36:51.964005947,,,2022-03-15,APPROXIMATE_FIXED_LAG,UNKNOWN,UNKNOWN,data\raw\isyatirim_cache\ASELS_2021_XI_29.json,satislar;ebitda;op_gelir;net_kar;cfo;fcf;ozkaynaklar;toplam_borc;net_borc;nakit;toplam_aktif,toplam_borc;net_borc;ebitda;ihracat_orani;piyasa_degeri;pb;roe;roa;ev;ev_ebitda;fcf_verim
ASELS.IS,2022Q1,2022-03-31,XI_29,isyatirim_pit,,,2026-09-07T22:36:52.100451708,,,2022-05-15,APPROXIMATE_FIXED_LAG,UNKNOWN,UNKNOWN,data\raw\isyatirim_cache\ASELS_2022_XI_29.json,satislar;ebitda;op_gelir;net_kar;cfo;fcf;ozkaynaklar;toplam_borc;net_borc;nakit;toplam_aktif,toplam_borc;net_borc;ebitda;ihracat_orani;piyasa_degeri;pb;roe;roa;ev;ev_ebitda;fcf_verim
ASELS.IS,2022Q2,2022-06-30,XI_29,isyatirim_pit,,,2026-09-07T22:36:52.100451708,,,2022-08-15,APPROXIMATE_FIXED_LAG,UNKNOWN,UNKNOWN,data\raw\isyatirim_cache\ASELS_2022_XI_29.json,satislar;ebitda;op_gelir;net_kar;cfo;fcf;ozkaynaklar;toplam_borc;net_borc;nakit;toplam_aktif,toplam_borc;net_borc;ebitda;ihracat_orani;piyasa_degeri;pb;roe;roa;ev;ev_ebitda;fcf_verim
ASELS.IS,2022Q3,2022-09-30,XI_29,isyatirim_pit,,,2026-09-07T22:36:52.100451708,,,2022-11-15,APPROXIMATE_FIXED_LAG,UNKNOWN,UNKNOWN,data\raw\isyatirim_cache\ASELS_2022_XI_29.json,satislar;ebitda;op_gelir;net_kar;cfo;fcf;ozkaynaklar;toplam_borc;net_borc;nakit;toplam_aktif,toplam_borc;net_borc;ebitda;ihracat_orani;piyasa_degeri;pb;roe;roa;ev;ev_ebitda;fcf_verim
ASELS.IS,2022Q4,2022-12-31,XI_29,isyatirim_pit,,,2026-09-07T22:36:52.100451708,,,2023-03-15,APPROXIMATE_FIXED_LAG,UNKNOWN,UNKNOWN,data\raw\isyatirim_cache\ASELS_2022_XI_29.json,satislar;ebitda;op_gelir;net_kar;cfo;fcf;ozkaynaklar;toplam_borc;net_borc;nakit;toplam_aktif,toplam_borc;net_borc;ebitda;ihracat_orani;piyasa_degeri;pb;roe;roa;ev;ev_ebitda;fcf_verim
ASELS.IS,2023Q1,2023-03-31,XI_29,isyatirim_pit,,,2026-09-07T22:36:52.238765478,,,2023-05-15,APPROXIMATE_FIXED_LAG,UNKNOWN,UNKNOWN,data\raw\isyatirim_cache\ASELS_2023_XI_29.json,satislar;ebitda;op_gelir;net_kar;cfo;fcf;ozkaynaklar;toplam_borc;net_borc;nakit;toplam_aktif,toplam_borc;net_borc;ebitda;ihracat_orani;piyasa_degeri;pb;roe;roa;ev;ev_ebitda;fcf_verim
ASELS.IS,2023Q2,2023-06-30,XI_29,isyatirim_pit,,,2026-09-07T22:36:52.238765478,,,2023-08-15,APPROXIMATE_FIXED_LAG,UNKNOWN,UNKNOWN,data\raw\isyatirim_cache\ASELS_2023_XI_29.json,satislar;ebitda;op_gelir;net_kar;cfo;fcf;ozkaynaklar;toplam_borc;net_borc;nakit;toplam_aktif,toplam_borc;net_borc;ebitda;ihracat_orani;piyasa_degeri;pb;roe;roa;ev;ev_ebitda;fcf_verim
ASELS.IS,2023Q3,2023-09-30,XI_29,isyatirim_pit,,,2026-09-07T22:36:52.238765478,,,2023-11-15,APPROXIMATE_FIXED_LAG,UNKNOWN,UNKNOWN,data\raw\isyatirim_cache\ASELS_2023_XI_29.json,satislar;ebitda;op_gelir;net_kar;cfo;fcf;ozkaynaklar;toplam_borc;net_borc;nakit;toplam_aktif,toplam_borc;net_borc;ebitda;ihracat_orani;piyasa_degeri;pb;roe;roa;ev;ev_ebitda;fcf_verim
ASELS.IS,2023Q4,2023-12-31,XI_29,isyatirim_pit,,,2026-09-07T22:36:52.238765478,,,2024-03-15,APPROXIMATE_FIXED_LAG,UNKNOWN,UNKNOWN,data\raw\isyatirim_cache\ASELS_2023_XI_29.json,satislar;ebitda;op_gelir;net_kar;cfo;fcf;ozkaynaklar;toplam_borc;net_borc;nakit;toplam_aktif,toplam_borc;net_borc;ebitda;ihracat_orani;piyasa_degeri;pb;roe;roa;ev;ev_ebitda;fcf_verim
ASELS.IS,2024Q1,2024-03-31,XI_29,isyatirim_pit,,,2026-09-07T22:36:52.324073553,,,2024-05-15,APPROXIMATE_FIXED_LAG,UNKNOWN,UNKNOWN,data\raw\isyatirim_cache\ASELS_2024_XI_29.json,satislar;ebitda;op_gelir;net_kar;cfo;fcf;ozkaynaklar;toplam_borc;net_borc;nakit;toplam_aktif,toplam_borc;net_borc;ebitda;ihracat_orani;piyasa_degeri;pb;roe;roa;ev;ev_ebitda;fcf_verim
ASELS.IS,2024Q2,2024-06-30,XI_29,isyatirim_pit,,,2026-09-07T22:36:52.324073553,,,2024-08-15,APPROXIMATE_FIXED_LAG,UNKNOWN,UNKNOWN,data\raw\isyatirim_cache\ASELS_2024_XI_29.json,satislar;ebitda;op_gelir;net_kar;cfo;fcf;ozkaynaklar;toplam_borc;net_borc;nakit;toplam_aktif,toplam_borc;net_borc;ebitda;ihracat_orani;piyasa_degeri;pb;roe;roa;ev;ev_ebitda;fcf_verim
ASELS.IS,2024Q3,2024-09-30,XI_29,isyatirim_pit,,,2026-09-07T22:36:52.324073553,,,2024-11-15,APPROXIMATE_FIXED_LAG,UNKNOWN,UNKNOWN,data\raw\isyatirim_cache\ASELS_2024_XI_29.json,satislar;ebitda;op_gelir;net_kar;cfo;fcf;ozkaynaklar;toplam_borc;net_borc;nakit;toplam_aktif,toplam_borc;net_borc;ebitda;ihracat_orani;piyasa_degeri;pb;roe;roa;ev;ev_ebitda;fcf_verim
ASELS.IS,2024Q4,2024-12-31,XI_29,isyatirim_pit,,,2026-09-07T22:36:52.324073553,,,2025-03-15,APPROXIMATE_FIXED_LAG,UNKNOWN,UNKNOWN,data\raw\isyatirim_cache\ASELS_2024_XI_29.json,satislar;ebitda;op_gelir;net_kar;cfo;fcf;ozkaynaklar;toplam_borc;net_borc;nakit;toplam_aktif,toplam_borc;net_borc;ebitda;ihracat_orani;piyasa_degeri;pb;roe;roa;ev;ev_ebitda;fcf_verim
ASELS.IS,2025Q1,2025-03-31,XI_29,isyatirim_pit,,,2026-09-07T22:36:52.485053778,,,2025-05-15,APPROXIMATE_FIXED_LAG,UNKNOWN,UNKNOWN,data\raw\isyatirim_cache\ASELS_2025_XI_29.json,satislar;ebitda;op_gelir;net_kar;cfo;fcf;ozkaynaklar;toplam_borc;net_borc;nakit;toplam_aktif,toplam_borc;net_borc;ebitda;ihracat_orani;piyasa_degeri;pb;roe;roa;ev;ev_ebitda;fcf_verim
ASELS.IS,2025Q2,2025-06-30,XI_29,isyatirim_pit,,,2026-09-07T22:36:52.485053778,,,2025-08-15,APPROXIMATE_FIXED_LAG,UNKNOWN,UNKNOWN,data\raw\isyatirim_cache\ASELS_2025_XI_29.json,satislar;ebitda;op_gelir;net_kar;cfo;fcf;ozkaynaklar;toplam_borc;net_borc;nakit;toplam_aktif,toplam_borc;net_borc;ebitda;ihracat_orani;piyasa_degeri;pb;roe;roa;ev;ev_ebitda;fcf_verim
ASELS.IS,2025Q3,2025-09-30,XI_29,isyatirim_pit,,,2026-09-07T22:36:52.485053778,,,2025-11-15,APPROXIMATE_FIXED_LAG,UNKNOWN,UNKNOWN,data\raw\isyatirim_cache\ASELS_2025_XI_29.json,satislar;ebitda;op_gelir;net_kar;cfo;fcf;ozkaynaklar;toplam_borc;net_borc;nakit;toplam_aktif,toplam_borc;net_borc;ebitda;ihracat_orani;piyasa_degeri;pb;roe;roa;ev;ev_ebitda;fcf_verim
ASELS.IS,2025Q4,2025-12-31,XI_29,isyatirim_pit,,,2026-09-07T22:36:52.485053778,,,2026-03-15,APPROXIMATE_FIXED_LAG,UNKNOWN,UNKNOWN,data\raw\isyatirim_cache\ASELS_2025_XI_29.json,satislar;ebitda;op_gelir;net_kar;cfo;fcf;ozkaynaklar;toplam_borc;net_borc;nakit;toplam_aktif,toplam_borc;net_borc;ebitda;ihracat_orani;piyasa_degeri;pb;roe;roa;ev;ev_ebitda;fcf_verim
ASELS.IS,2026Q1,2026-03-31,XI_29,isyatirim_pit,,,2026-09-07T22:36:52.699364901,,,2026-05-15,APPROXIMATE_FIXED_LAG,UNKNOWN,UNKNOWN,data\raw\isyatirim_cache\ASELS_2026_XI_29.json,satislar;ebitda;op_gelir;net_kar;cfo;fcf;ozkaynaklar;toplam_borc;net_borc;nakit;toplam_aktif,toplam_borc;net_borc;ebitda;ihracat_orani;piyasa_degeri;pb;roe;roa;ev;ev_ebitda;fcf_verim
ASELS.IS,2026Q2,2026-06-30,XI_29,isyatirim_pit,,,2026-09-07T22:36:52.699364901,,,2026-08-15,APPROXIMATE_FIXED_LAG,UNKNOWN,UNKNOWN,data\raw\isyatirim_cache\ASELS_2026_XI_29.json,satislar;ebitda;op_gelir;net_kar;cfo;fcf;ozkaynaklar;toplam_borc;net_borc;nakit;toplam_aktif,toplam_borc;net_borc;ebitda;ihracat_orani;piyasa_degeri;pb;roe;roa;ev;ev_ebitda;fcf_verim
ASTOR.IS,2019Q4,2019-12-31,XI_29,isyatirim_pit,,,2026-09-07T22:37:07.700942516,,,2020-03-15,APPROXIMATE_FIXED_LAG,UNKNOWN,UNKNOWN,data\raw\isyatirim_cache\ASTOR_2019_XI_29.json,satislar;ebitda;op_gelir;net_kar;cfo;fcf;ozkaynaklar;toplam_borc;net_borc;nakit;toplam_aktif,toplam_borc;net_borc;ebitda;ihracat_orani;piyasa_degeri;pb;roe;roa;ev;ev_ebitda;fcf_verim
ASTOR.IS,2020Q4,2020-12-31,XI_29,isyatirim_pit,,,2026-09-07T22:37:07.866623640,,,2021-03-15,APPROXIMATE_FIXED_LAG,UNKNOWN,UNKNOWN,data\raw\isyatirim_cache\ASTOR_2020_XI_29.json,satislar;ebitda;op_gelir;net_kar;cfo;fcf;ozkaynaklar;toplam_borc;net_borc;nakit;toplam_aktif,toplam_borc;net_borc;ebitda;ihracat_orani;piyasa_degeri;pb;roe;roa;ev;ev_ebitda;fcf_verim
ASTOR.IS,2021Q3,2021-09-30,XI_29,isyatirim_pit,,,2026-09-07T22:37:08.004811764,,,2021-11-15,APPROXIMATE_FIXED_LAG,UNKNOWN,UNKNOWN,data\raw\isyatirim_cache\ASTOR_2021_XI_29.json,satislar;ebitda;op_gelir;net_kar;cfo;fcf;ozkaynaklar;toplam_borc;net_borc;nakit;toplam_aktif,toplam_borc;net_borc;ebitda;ihracat_orani;piyasa_degeri;pb;roe;roa;ev;ev_ebitda;fcf_verim
ASTOR.IS,2021Q4,2021-12-31,XI_29,isyatirim_pit,,,2026-09-07T22:37:08.004811764,,,2022-03-15,APPROXIMATE_FIXED_LAG,UNKNOWN,UNKNOWN,data\raw\isyatirim_cache\ASTOR_2021_XI_29.json,satislar;ebitda;op_gelir;net_kar;cfo;fcf;ozkaynaklar;toplam_borc;net_borc;nakit;toplam_aktif,toplam_borc;net_borc;ebitda;ihracat_orani;piyasa_degeri;pb;roe;roa;ev;ev_ebitda;fcf_verim
ASTOR.IS,2022Q1,2022-03-31,XI_29,isyatirim_pit,,,2026-09-07T22:37:08.264043331,,,2022-05-15,APPROXIMATE_FIXED_LAG,UNKNOWN,UNKNOWN,data\raw\isyatirim_cache\ASTOR_2022_XI_29.json,satislar;ebitda;op_gelir;net_kar;cfo;fcf;ozkaynaklar;toplam_borc;net_borc;nakit;toplam_aktif,toplam_borc;net_borc;ebitda;ihracat_orani;piyasa_degeri;pb;roe;roa;ev;ev_ebitda;fcf_verim
ASTOR.IS,2022Q2,2022-06-30,XI_29,isyatirim_pit,,,2026-09-07T22:37:08.264043331,,,2022-08-15,APPROXIMATE_FIXED_LAG,UNKNOWN,UNKNOWN,data\raw\isyatirim_cache\ASTOR_2022_XI_29.json,satislar;ebitda;op_gelir;net_kar;cfo;fcf;ozkaynaklar;toplam_borc;net_borc;nakit;toplam_aktif,toplam_borc;net_borc;ebitda;ihracat_orani;piyasa_degeri;pb;roe;roa;ev;ev_ebitda;fcf_verim
ASTOR.IS,2022Q3,2022-09-30,XI_29,isyatirim_pit,,,2026-09-07T22:37:08.264043331,,,2022-11-15,APPROXIMATE_FIXED_LAG,UNKNOWN,UNKNOWN,data\raw\isyatirim_cache\ASTOR_2022_XI_29.json,satislar;ebitda;op_gelir;net_kar;cfo;fcf;ozkaynaklar;toplam_borc;net_borc;nakit;toplam_aktif,toplam_borc;net_borc;ebitda;ihracat_orani;piyasa_degeri;pb;roe;roa;ev;ev_ebitda;fcf_verim
ASTOR.IS,2022Q4,2022-12-31,XI_29,isyatirim_pit,,,2026-09-07T22:37:08.264043331,,,2023-03-15,APPROXIMATE_FIXED_LAG,UNKNOWN,UNKNOWN,data\raw\isyatirim_cache\ASTOR_2022_XI_29.json,satislar;ebitda;op_gelir;net_kar;cfo;fcf;ozkaynaklar;toplam_borc;net_borc;nakit;toplam_aktif,toplam_borc;net_borc;ebitda;ihracat_orani;piyasa_degeri;pb;roe;roa;ev;ev_ebitda;fcf_verim
ASTOR.IS,2023Q1,2023-03-31,XI_29,isyatirim_pit,,,2026-09-07T22:37:08.408566475,,,2023-05-15,APPROXIMATE_FIXED_LAG,UNKNOWN,UNKNOWN,data\raw\isyatirim_cache\ASTOR_2023_XI_29.json,satislar;ebitda;op_gelir;net_kar;cfo;fcf;ozkaynaklar;toplam_borc;net_borc;nakit;toplam_aktif,toplam_borc;net_borc;ebitda;ihracat_orani;piyasa_degeri;pb;roe;roa;ev;ev_ebitda;fcf_verim
ASTOR.IS,2023Q2,2023-06-30,XI_29,isyatirim_pit,,,2026-09-07T22:37:08.408566475,,,2023-08-15,APPROXIMATE_FIXED_LAG,UNKNOWN,UNKNOWN,data\raw\isyatirim_cache\ASTOR_2023_XI_29.json,satislar;ebitda;op_gelir;net_kar;cfo;fcf;ozkaynaklar;toplam_borc;net_borc;nakit;toplam_aktif,toplam_borc;net_borc;ebitda;ihracat_orani;piyasa_degeri;pb;roe;roa;ev;ev_ebitda;fcf_verim
ASTOR.IS,2023Q3,2023-09-30,XI_29,isyatirim_pit,,,2026-09-07T22:37:08.408566475,,,2023-11-15,APPROXIMATE_FIXED_LAG,UNKNOWN,UNKNOWN,data\raw\isyatirim_cache\ASTOR_2023_XI_29.json,satislar;ebitda;op_gelir;net_kar;cfo;fcf;ozkaynaklar;toplam_borc;net_borc;nakit;toplam_aktif,toplam_borc;net_borc;ebitda;ihracat_orani;piyasa_degeri;pb;roe;roa;ev;ev_ebitda;fcf_verim
ASTOR.IS,2023Q4,2023-12-31,XI_29,isyatirim_pit,,,2026-09-07T22:37:08.408566475,,,2024-03-15,APPROXIMATE_FIXED_LAG,UNKNOWN,UNKNOWN,data\raw\isyatirim_cache\ASTOR_2023_XI_29.json,satislar;ebitda;op_gelir;net_kar;cfo;fcf;ozkaynaklar;toplam_borc;net_borc;nakit;toplam_aktif,toplam_borc;net_borc;ebitda;ihracat_orani;piyasa_degeri;pb;roe;roa;ev;ev_ebitda;fcf_verim
ASTOR.IS,2024Q1,2024-03-31,XI_29,isyatirim_pit,,,2026-09-07T22:37:08.504834652,,,2024-05-15,APPROXIMATE_FIXED_LAG,UNKNOWN,UNKNOWN,data\raw\isyatirim_cache\ASTOR_2024_XI_29.json,satislar;ebitda;op_gelir;net_kar;cfo;fcf;ozkaynaklar;toplam_borc;net_borc;nakit;toplam_aktif,toplam_borc;net_borc;ebitda;ihracat_orani;piyasa_degeri;pb;roe;roa;ev;ev_ebitda;fcf_verim
ASTOR.IS,2024Q2,2024-06-30,XI_29,isyatirim_pit,,,2026-09-07T22:37:08.504834652,,,2024-08-15,APPROXIMATE_FIXED_LAG,UNKNOWN,UNKNOWN,data\raw\isyatirim_cache\ASTOR_2024_XI_29.json,satislar;ebitda;op_gelir;net_kar;cfo;fcf;ozkaynaklar;toplam_borc;net_borc;nakit;toplam_aktif,toplam_borc;net_borc;ebitda;ihracat_orani;piyasa_degeri;pb;roe;roa;ev;ev_ebitda;fcf_verim
ASTOR.IS,2024Q3,2024-09-30,XI_29,isyatirim_pit,,,2026-09-07T22:37:08.504834652,,,2024-11-15,APPROXIMATE_FIXED_LAG,UNKNOWN,UNKNOWN,data\raw\isyatirim_cache\ASTOR_2024_XI_29.json,satislar;ebitda;op_gelir;net_kar;cfo;fcf;ozkaynaklar;toplam_borc;net_borc;nakit;toplam_aktif,toplam_borc;net_borc;ebitda;ihracat_orani;piyasa_degeri;pb;roe;roa;ev;ev_ebitda;fcf_verim
ASTOR.IS,2024Q4,2024-12-31,XI_29,isyatirim_pit,,,2026-09-07T22:37:08.504834652,,,2025-03-15,APPROXIMATE_FIXED_LAG,UNKNOWN,UNKNOWN,data\raw\isyatirim_cache\ASTOR_2024_XI_29.json,satislar;ebitda;op_gelir;net_kar;cfo;fcf;ozkaynaklar;toplam_borc;net_borc;nakit;toplam_aktif,toplam_borc;net_borc;ebitda;ihracat_orani;piyasa_degeri;pb;roe;roa;ev;ev_ebitda;fcf_verim
ASTOR.IS,2025Q1,2025-03-31,XI_29,isyatirim_pit,,,2026-09-07T22:37:08.679438353,,,2025-05-15,APPROXIMATE_FIXED_LAG,UNKNOWN,UNKNOWN,data\raw\isyatirim_cache\ASTOR_2025_XI_29.json,satislar;ebitda;op_gelir;net_kar;cfo;fcf;ozkaynaklar;toplam_borc;net_borc;nakit;toplam_aktif,toplam_borc;net_borc;ebitda;ihracat_orani;piyasa_degeri;pb;roe;roa;ev;ev_ebitda;fcf_verim
ASTOR.IS,2025Q2,2025-06-30,XI_29,isyatirim_pit,,,2026-09-07T22:37:08.679438353,,,2025-08-15,APPROXIMATE_FIXED_LAG,UNKNOWN,UNKNOWN,data\raw\isyatirim_cache\ASTOR_2025_XI_29.json,satislar;ebitda;op_gelir;net_kar;cfo;fcf;ozkaynaklar;toplam_borc;net_borc;nakit;toplam_aktif,toplam_borc;net_borc;ebitda;ihracat_orani;piyasa_degeri;pb;roe;roa;ev;ev_ebitda;fcf_verim
ASTOR.IS,2025Q3,2025-09-30,XI_29,isyatirim_pit,,,2026-09-07T22:37:08.679438353,,,2025-11-15,APPROXIMATE_FIXED_LAG,UNKNOWN,UNKNOWN,data\raw\isyatirim_cache\ASTOR_2025_XI_29.json,satislar;ebitda;op_gelir;net_kar;cfo;fcf;ozkaynaklar;toplam_borc;net_borc;nakit;toplam_aktif,toplam_borc;net_borc;ebitda;ihracat_orani;piyasa_degeri;pb;roe;roa;ev;ev_ebitda;fcf_verim
ASTOR.IS,2025Q4,2025-12-31,XI_29,isyatirim_pit,,,2026-09-07T22:37:08.679438353,,,2026-03-15,APPROXIMATE_FIXED_LAG,UNKNOWN,UNKNOWN,data\raw\isyatirim_cache\ASTOR_2025_XI_29.json,satislar;ebitda;op_gelir;net_kar;cfo;fcf;ozkaynaklar;toplam_borc;net_borc;nakit;toplam_aktif,toplam_borc;net_borc;ebitda;ihracat_orani;piyasa_degeri;pb;roe;roa;ev;ev_ebitda;fcf_verim
ASTOR.IS,2026Q1,2026-03-31,XI_29,isyatirim_pit,,,2026-09-07T22:37:08.831377506,,,2026-05-15,APPROXIMATE_FIXED_LAG,UNKNOWN,UNKNOWN,data\raw\isyatirim_cache\ASTOR_2026_XI_29.json,satislar;ebitda;op_gelir;net_kar;cfo;fcf;ozkaynaklar;toplam_borc;net_borc;nakit;toplam_aktif,toplam_borc;net_borc;ebitda;ihracat_orani;piyasa_degeri;pb;roe;roa;ev;ev_ebitda;fcf_verim
ASTOR.IS,2026Q2,2026-06-30,XI_29,isyatirim_pit,,,2026-09-07T22:37:08.831377506,,,2026-08-15,APPROXIMATE_FIXED_LAG,UNKNOWN,UNKNOWN,data\raw\isyatirim_cache\ASTOR_2026_XI_29.json,satislar;ebitda;op_gelir;net_kar;cfo;fcf;ozkaynaklar;toplam_borc;net_borc;nakit;toplam_aktif,toplam_borc;net_borc;ebitda;ihracat_orani;piyasa_degeri;pb;roe;roa;ev;ev_ebitda;fcf_verim
BIMAS.IS,2018Q1,2018-03-31,XI_29,isyatirim_pit,,,2026-09-07T22:36:50.126380682,,,2018-05-15,APPROXIMATE_FIXED_LAG,UNKNOWN,UNKNOWN,data\raw\isyatirim_cache\BIMAS_2018_XI_29.json,satislar;ebitda;op_gelir;net_kar;cfo;fcf;ozkaynaklar;toplam_borc;net_borc;nakit;toplam_aktif,toplam_borc;net_borc;ebitda;ihracat_orani;piyasa_degeri;pb;roe;roa;ev;ev_ebitda;fcf_verim
BIMAS.IS,2018Q2,2018-06-30,XI_29,isyatirim_pit,,,2026-09-07T22:36:50.126380682,,,2018-08-15,APPROXIMATE_FIXED_LAG,UNKNOWN,UNKNOWN,data\raw\isyatirim_cache\BIMAS_2018_XI_29.json,satislar;ebitda;op_gelir;net_kar;cfo;fcf;ozkaynaklar;toplam_borc;net_borc;nakit;toplam_aktif,toplam_borc;net_borc;ebitda;ihracat_orani;piyasa_degeri;pb;roe;roa;ev;ev_ebitda;fcf_verim
BIMAS.IS,2018Q3,2018-09-30,XI_29,isyatirim_pit,,,2026-09-07T22:36:50.126380682,,,2018-11-15,APPROXIMATE_FIXED_LAG,UNKNOWN,UNKNOWN,data\raw\isyatirim_cache\BIMAS_2018_XI_29.json,satislar;ebitda;op_gelir;net_kar;cfo;fcf;ozkaynaklar;toplam_borc;net_borc;nakit;toplam_aktif,toplam_borc;net_borc;ebitda;ihracat_orani;piyasa_degeri;pb;roe;roa;ev;ev_ebitda;fcf_verim
BIMAS.IS,2018Q4,2018-12-31,XI_29,isyatirim_pit,,,2026-09-07T22:36:50.126380682,,,2019-03-15,APPROXIMATE_FIXED_LAG,UNKNOWN,UNKNOWN,data\raw\isyatirim_cache\BIMAS_2018_XI_29.json,satislar;ebitda;op_gelir;net_kar;cfo;fcf;ozkaynaklar;toplam_borc;net_borc;nakit;toplam_aktif,toplam_borc;net_borc;ebitda;ihracat_orani;piyasa_degeri;pb;roe;roa;ev;ev_ebitda;fcf_verim
BIMAS.IS,2019Q1,2019-03-31,XI_29,isyatirim_pit,,,2026-09-07T22:36:50.290984631,,,2019-05-15,APPROXIMATE_FIXED_LAG,UNKNOWN,UNKNOWN,data\raw\isyatirim_cache\BIMAS_2019_XI_29.json,satislar;ebitda;op_gelir;net_kar;cfo;fcf;ozkaynaklar;toplam_borc;net_borc;nakit;toplam_aktif,toplam_borc;net_borc;ebitda;ihracat_orani;piyasa_degeri;pb;roe;roa;ev;ev_ebitda;fcf_verim
BIMAS.IS,2019Q2,2019-06-30,XI_29,isyatirim_pit,,,2026-09-07T22:36:50.290984631,,,2019-08-15,APPROXIMATE_FIXED_LAG,UNKNOWN,UNKNOWN,data\raw\isyatirim_cache\BIMAS_2019_XI_29.json,satislar;ebitda;op_gelir;net_kar;cfo;fcf;ozkaynaklar;toplam_borc;net_borc;nakit;toplam_aktif,toplam_borc;net_borc;ebitda;ihracat_orani;piyasa_degeri;pb;roe;roa;ev;ev_ebitda;fcf_verim
BIMAS.IS,2019Q3,2019-09-30,XI_29,isyatirim_pit,,,2026-09-07T22:36:50.290984631,,,2019-11-15,APPROXIMATE_FIXED_LAG,UNKNOWN,UNKNOWN,data\raw\isyatirim_cache\BIMAS_2019_XI_29.json,satislar;ebitda;op_gelir;net_kar;cfo;fcf;ozkaynaklar;toplam_borc;net_borc;nakit;toplam_aktif,toplam_borc;net_borc;ebitda;ihracat_orani;piyasa_degeri;pb;roe;roa;ev;ev_ebitda;fcf_verim
BIMAS.IS,2019Q4,2019-12-31,XI_29,isyatirim_pit,,,2026-09-07T22:36:50.290984631,,,2020-03-15,APPROXIMATE_FIXED_LAG,UNKNOWN,UNKNOWN,data\raw\isyatirim_cache\BIMAS_2019_XI_29.json,satislar;ebitda;op_gelir;net_kar;cfo;fcf;ozkaynaklar;toplam_borc;net_borc;nakit;toplam_aktif,toplam_borc;net_borc;ebitda;ihracat_orani;piyasa_degeri;pb;roe;roa;ev;ev_ebitda;fcf_verim
BIMAS.IS,2020Q1,2020-03-31,XI_29,isyatirim_pit,,,2026-09-07T22:36:50.434982061,,,2020-05-15,APPROXIMATE_FIXED_LAG,UNKNOWN,UNKNOWN,data\raw\isyatirim_cache\BIMAS_2020_XI_29.json,satislar;ebitda;op_gelir;net_kar;cfo;fcf;ozkaynaklar;toplam_borc;net_borc;nakit;toplam_aktif,toplam_borc;net_borc;ebitda;ihracat_orani;piyasa_degeri;pb;roe;roa;ev;ev_ebitda;fcf_verim
BIMAS.IS,2020Q2,2020-06-30,XI_29,isyatirim_pit,,,2026-09-07T22:36:50.434982061,,,2020-08-15,APPROXIMATE_FIXED_LAG,UNKNOWN,UNKNOWN,data\raw\isyatirim_cache\BIMAS_2020_XI_29.json,satislar;ebitda;op_gelir;net_kar;cfo;fcf;ozkaynaklar;toplam_borc;net_borc;nakit;toplam_aktif,toplam_borc;net_borc;ebitda;ihracat_orani;piyasa_degeri;pb;roe;roa;ev;ev_ebitda;fcf_verim
BIMAS.IS,2020Q3,2020-09-30,XI_29,isyatirim_pit,,,2026-09-07T22:36:50.434982061,,,2020-11-15,APPROXIMATE_FIXED_LAG,UNKNOWN,UNKNOWN,data\raw\isyatirim_cache\BIMAS_2020_XI_29.json,satislar;ebitda;op_gelir;net_kar;cfo;fcf;ozkaynaklar;toplam_borc;net_borc;nakit;toplam_aktif,toplam_borc;net_borc;ebitda;ihracat_orani;piyasa_degeri;pb;roe;roa;ev;ev_ebitda;fcf_verim
BIMAS.IS,2020Q4,2020-12-31,XI_29,isyatirim_pit,,,2026-09-07T22:36:50.434982061,,,2021-03-15,APPROXIMATE_FIXED_LAG,UNKNOWN,UNKNOWN,data\raw\isyatirim_cache\BIMAS_2020_XI_29.json,satislar;ebitda;op_gelir;net_kar;cfo;fcf;ozkaynaklar;toplam_borc;net_borc;nakit;toplam_aktif,toplam_borc;net_borc;ebitda;ihracat_orani;piyasa_degeri;pb;roe;roa;ev;ev_ebitda;fcf_verim
BIMAS.IS,2021Q1,2021-03-31,XI_29,isyatirim_pit,,,2026-09-07T22:36:50.564979076,,,2021-05-15,APPROXIMATE_FIXED_LAG,UNKNOWN,UNKNOWN,data\raw\isyatirim_cache\BIMAS_2021_XI_29.json,satislar;ebitda;op_gelir;net_kar;cfo;fcf;ozkaynaklar;toplam_borc;net_borc;nakit;toplam_aktif,toplam_borc;net_borc;ebitda;ihracat_orani;piyasa_degeri;pb;roe;roa;ev;ev_ebitda;fcf_verim
BIMAS.IS,2021Q2,2021-06-30,XI_29,isyatirim_pit,,,2026-09-07T22:36:50.564979076,,,2021-08-15,APPROXIMATE_FIXED_LAG,UNKNOWN,UNKNOWN,data\raw\isyatirim_cache\BIMAS_2021_XI_29.json,satislar;ebitda;op_gelir;net_kar;cfo;fcf;ozkaynaklar;toplam_borc;net_borc;nakit;toplam_aktif,toplam_borc;net_borc;ebitda;ihracat_orani;piyasa_degeri;pb;roe;roa;ev;ev_ebitda;fcf_verim
BIMAS.IS,2021Q3,2021-09-30,XI_29,isyatirim_pit,,,2026-09-07T22:36:50.564979076,,,2021-11-15,APPROXIMATE_FIXED_LAG,UNKNOWN,UNKNOWN,data\raw\isyatirim_cache\BIMAS_2021_XI_29.json,satislar;ebitda;op_gelir;net_kar;cfo;fcf;ozkaynaklar;toplam_borc;net_borc;nakit;toplam_aktif,toplam_borc;net_borc;ebitda;ihracat_orani;piyasa_degeri;pb;roe;roa;ev;ev_ebitda;fcf_verim
BIMAS.IS,2021Q4,2021-12-31,XI_29,isyatirim_pit,,,2026-09-07T22:36:50.564979076,,,2022-03-15,APPROXIMATE_FIXED_LAG,UNKNOWN,UNKNOWN,data\raw\isyatirim_cache\BIMAS_2021_XI_29.json,satislar;ebitda;op_gelir;net_kar;cfo;fcf;ozkaynaklar;toplam_borc;net_borc;nakit;toplam_aktif,toplam_borc;net_borc;ebitda;ihracat_orani;piyasa_degeri;pb;roe;roa;ev;ev_ebitda;fcf_verim
BIMAS.IS,2022Q1,2022-03-31,XI_29,isyatirim_pit,,,2026-09-07T22:36:50.692464590,,,2022-05-15,APPROXIMATE_FIXED_LAG,UNKNOWN,UNKNOWN,data\raw\isyatirim_cache\BIMAS_2022_XI_29.json,satislar;ebitda;op_gelir;net_kar;cfo;fcf;ozkaynaklar;toplam_borc;net_borc;nakit;toplam_aktif,toplam_borc;net_borc;ebitda;ihracat_orani;piyasa_degeri;pb;roe;roa;ev;ev_ebitda;fcf_verim
BIMAS.IS,2022Q2,2022-06-30,XI_29,isyatirim_pit,,,2026-09-07T22:36:50.692464590,,,2022-08-15,APPROXIMATE_FIXED_LAG,UNKNOWN,UNKNOWN,data\raw\isyatirim_cache\BIMAS_2022_XI_29.json,satislar;ebitda;op_gelir;net_kar;cfo;fcf;ozkaynaklar;toplam_borc;net_borc;nakit;toplam_aktif,toplam_borc;net_borc;ebitda;ihracat_orani;piyasa_degeri;pb;roe;roa;ev;ev_ebitda;fcf_verim
BIMAS.IS,2022Q3,2022-09-30,XI_29,isyatirim_pit,,,2026-09-07T22:36:50.692464590,,,2022-11-15,APPROXIMATE_FIXED_LAG,UNKNOWN,UNKNOWN,data\raw\isyatirim_cache\BIMAS_2022_XI_29.json,satislar;ebitda;op_gelir;net_kar;cfo;fcf;ozkaynaklar;toplam_borc;net_borc;nakit;toplam_aktif,toplam_borc;net_borc;ebitda;ihracat_orani;piyasa_degeri;pb;roe;roa;ev;ev_ebitda;fcf_verim
BIMAS.IS,2022Q4,2022-12-31,XI_29,isyatirim_pit,,,2026-09-07T22:36:50.692464590,,,2023-03-15,APPROXIMATE_FIXED_LAG,UNKNOWN,UNKNOWN,data\raw\isyatirim_cache\BIMAS_2022_XI_29.json,satislar;ebitda;op_gelir;net_kar;cfo;fcf;ozkaynaklar;toplam_borc;net_borc;nakit;toplam_aktif,toplam_borc;net_borc;ebitda;ihracat_orani;piyasa_degeri;pb;roe;roa;ev;ev_ebitda;fcf_verim
BIMAS.IS,2023Q1,2023-03-31,XI_29,isyatirim_pit,,,2026-09-07T22:36:50.819756269,,,2023-05-15,APPROXIMATE_FIXED_LAG,UNKNOWN,UNKNOWN,data\raw\isyatirim_cache\BIMAS_2023_XI_29.json,satislar;ebitda;op_gelir;net_kar;cfo;fcf;ozkaynaklar;toplam_borc;net_borc;nakit;toplam_aktif,toplam_borc;net_borc;ebitda;ihracat_orani;piyasa_degeri;pb;roe;roa;ev;ev_ebitda;fcf_verim
BIMAS.IS,2023Q2,2023-06-30,XI_29,isyatirim_pit,,,2026-09-07T22:36:50.819756269,,,2023-08-15,APPROXIMATE_FIXED_LAG,UNKNOWN,UNKNOWN,data\raw\isyatirim_cache\BIMAS_2023_XI_29.json,satislar;ebitda;op_gelir;net_kar;cfo;fcf;ozkaynaklar;toplam_borc;net_borc;nakit;toplam_aktif,toplam_borc;net_borc;ebitda;ihracat_orani;piyasa_degeri;pb;roe;roa;ev;ev_ebitda;fcf_verim
BIMAS.IS,2023Q3,2023-09-30,XI_29,isyatirim_pit,,,2026-09-07T22:36:50.819756269,,,2023-11-15,APPROXIMATE_FIXED_LAG,UNKNOWN,UNKNOWN,data\raw\isyatirim_cache\BIMAS_2023_XI_29.json,satislar;ebitda;op_gelir;net_kar;cfo;fcf;ozkaynaklar;toplam_borc;net_borc;nakit;toplam_aktif,toplam_borc;net_borc;ebitda;ihracat_orani;piyasa_degeri;pb;roe;roa;ev;ev_ebitda;fcf_verim
BIMAS.IS,2023Q4,2023-12-31,XI_29,isyatirim_pit,,,2026-09-07T22:36:50.819756269,,,2024-03-15,APPROXIMATE_FIXED_LAG,UNKNOWN,UNKNOWN,data\raw\isyatirim_cache\BIMAS_2023_XI_29.json,satislar;ebitda;op_gelir;net_kar;cfo;fcf;ozkaynaklar;toplam_borc;net_borc;nakit;toplam_aktif,toplam_borc;net_borc;ebitda;ihracat_orani;piyasa_degeri;pb;roe;roa;ev;ev_ebitda;fcf_verim
BIMAS.IS,2024Q1,2024-03-31,XI_29,isyatirim_pit,,,2026-09-07T22:36:50.906808138,,,2024-05-15,APPROXIMATE_FIXED_LAG,UNKNOWN,UNKNOWN,data\raw\isyatirim_cache\BIMAS_2024_XI_29.json,satislar;ebitda;op_gelir;net_kar;cfo;fcf;ozkaynaklar;toplam_borc;net_borc;nakit;toplam_aktif,toplam_borc;net_borc;ebitda;ihracat_orani;piyasa_degeri;pb;roe;roa;ev;ev_ebitda;fcf_verim
BIMAS.IS,2024Q2,2024-06-30,XI_29,isyatirim_pit,,,2026-09-07T22:36:50.906808138,,,2024-08-15,APPROXIMATE_FIXED_LAG,UNKNOWN,UNKNOWN,data\raw\isyatirim_cache\BIMAS_2024_XI_29.json,satislar;ebitda;op_gelir;net_kar;cfo;fcf;ozkaynaklar;toplam_borc;net_borc;nakit;toplam_aktif,toplam_borc;net_borc;ebitda;ihracat_orani;piyasa_degeri;pb;roe;roa;ev;ev_ebitda;fcf_verim
BIMAS.IS,2024Q3,2024-09-30,XI_29,isyatirim_pit,,,2026-09-07T22:36:50.906808138,,,2024-11-15,APPROXIMATE_FIXED_LAG,UNKNOWN,UNKNOWN,data\raw\isyatirim_cache\BIMAS_2024_XI_29.json,satislar;ebitda;op_gelir;net_kar;cfo;fcf;ozkaynaklar;toplam_borc;net_borc;nakit;toplam_aktif,toplam_borc;net_borc;ebitda;ihracat_orani;piyasa_degeri;pb;roe;roa;ev;ev_ebitda;fcf_verim
BIMAS.IS,2024Q4,2024-12-31,XI_29,isyatirim_pit,,,2026-09-07T22:36:50.906808138,,,2025-03-15,APPROXIMATE_FIXED_LAG,UNKNOWN,UNKNOWN,data\raw\isyatirim_cache\BIMAS_2024_XI_29.json,satislar;ebitda;op_gelir;net_kar;cfo;fcf;ozkaynaklar;toplam_borc;net_borc;nakit;toplam_aktif,toplam_borc;net_borc;ebitda;ihracat_orani;piyasa_degeri;pb;roe;roa;ev;ev_ebitda;fcf_verim
BIMAS.IS,2025Q1,2025-03-31,XI_29,isyatirim_pit,,,2026-09-07T22:36:51.041996002,,,2025-05-15,APPROXIMATE_FIXED_LAG,UNKNOWN,UNKNOWN,data\raw\isyatirim_cache\BIMAS_2025_XI_29.json,satislar;ebitda;op_gelir;net_kar;cfo;fcf;ozkaynaklar;toplam_borc;net_borc;nakit;toplam_aktif,toplam_borc;net_borc;ebitda;ihracat_orani;piyasa_degeri;pb;roe;roa;ev;ev_ebitda;fcf_verim
BIMAS.IS,2025Q2,2025-06-30,XI_29,isyatirim_pit,,,2026-09-07T22:36:51.041996002,,,2025-08-15,APPROXIMATE_FIXED_LAG,UNKNOWN,UNKNOWN,data\raw\isyatirim_cache\BIMAS_2025_XI_29.json,satislar;ebitda;op_gelir;net_kar;cfo;fcf;ozkaynaklar;toplam_borc;net_borc;nakit;toplam_aktif,toplam_borc;net_borc;ebitda;ihracat_orani;piyasa_degeri;pb;roe;roa;ev;ev_ebitda;fcf_verim
BIMAS.IS,2025Q3,2025-09-30,XI_29,isyatirim_pit,,,2026-09-07T22:36:51.041996002,,,2025-11-15,APPROXIMATE_FIXED_LAG,UNKNOWN,UNKNOWN,data\raw\isyatirim_cache\BIMAS_2025_XI_29.json,satislar;ebitda;op_gelir;net_kar;cfo;fcf;ozkaynaklar;toplam_borc;net_borc;nakit;toplam_aktif,toplam_borc;net_borc;ebitda;ihracat_orani;piyasa_degeri;pb;roe;roa;ev;ev_ebitda;fcf_verim
BIMAS.IS,2025Q4,2025-12-31,XI_29,isyatirim_pit,,,2026-09-07T22:36:51.041996002,,,2026-03-15,APPROXIMATE_FIXED_LAG,UNKNOWN,UNKNOWN,data\raw\isyatirim_cache\BIMAS_2025_XI_29.json,satislar;ebitda;op_gelir;net_kar;cfo;fcf;ozkaynaklar;toplam_borc;net_borc;nakit;toplam_aktif,toplam_borc;net_borc;ebitda;ihracat_orani;piyasa_degeri;pb;roe;roa;ev;ev_ebitda;fcf_verim
BIMAS.IS,2026Q1,2026-03-31,XI_29,isyatirim_pit,,,2026-09-07T22:36:51.163080931,,,2026-05-15,APPROXIMATE_FIXED_LAG,UNKNOWN,UNKNOWN,data\raw\isyatirim_cache\BIMAS_2026_XI_29.json,satislar;ebitda;op_gelir;net_kar;cfo;fcf;ozkaynaklar;toplam_borc;net_borc;nakit;toplam_aktif,toplam_borc;net_borc;ebitda;ihracat_orani;piyasa_degeri;pb;roe;roa;ev;ev_ebitda;fcf_verim
BIMAS.IS,2026Q2,2026-06-30,XI_29,isyatirim_pit,,,2026-09-07T22:36:51.163080931,,,2026-08-15,APPROXIMATE_FIXED_LAG,UNKNOWN,UNKNOWN,data\raw\isyatirim_cache\BIMAS_2026_XI_29.json,satislar;ebitda;op_gelir;net_kar;cfo;fcf;ozkaynaklar;toplam_borc;net_borc;nakit;toplam_aktif,toplam_borc;net_borc;ebitda;ihracat_orani;piyasa_degeri;pb;roe;roa;ev;ev_ebitda;fcf_verim
BINHO.IS,2022Q2,2022-06-30,XI_29,isyatirim_pit,,,2026-09-07T22:37:24.504579782,,,2022-08-15,APPROXIMATE_FIXED_LAG,UNKNOWN,UNKNOWN,data\raw\isyatirim_cache\BINHO_2022_XI_29.json,satislar;ebitda;op_gelir;net_kar;cfo;fcf;ozkaynaklar;toplam_borc;net_borc;nakit;toplam_aktif,toplam_borc;net_borc;ebitda;ihracat_orani;piyasa_degeri;pb;roe;roa;ev;ev_ebitda;fcf_verim
BINHO.IS,2022Q3,2022-09-30,XI_29,isyatirim_pit,,,2026-09-07T22:37:24.504579782,,,2022-11-15,APPROXIMATE_FIXED_LAG,UNKNOWN,UNKNOWN,data\raw\isyatirim_cache\BINHO_2022_XI_29.json,satislar;ebitda;op_gelir;net_kar;cfo;fcf;ozkaynaklar;toplam_borc;net_borc;nakit;toplam_aktif,toplam_borc;net_borc;ebitda;ihracat_orani;piyasa_degeri;pb;roe;roa;ev;ev_ebitda;fcf_verim
BINHO.IS,2022Q4,2022-12-31,XI_29,isyatirim_pit,,,2026-09-07T22:37:24.504579782,,,2023-03-15,APPROXIMATE_FIXED_LAG,UNKNOWN,UNKNOWN,data\raw\isyatirim_cache\BINHO_2022_XI_29.json,satislar;ebitda;op_gelir;net_kar;cfo;fcf;ozkaynaklar;toplam_borc;net_borc;nakit;toplam_aktif,toplam_borc;net_borc;ebitda;ihracat_orani;piyasa_degeri;pb;roe;roa;ev;ev_ebitda;fcf_verim
BINHO.IS,2023Q1,2023-03-31,XI_29,isyatirim_pit,,,2026-09-07T22:37:24.685509443,,,2023-05-15,APPROXIMATE_FIXED_LAG,UNKNOWN,UNKNOWN,data\raw\isyatirim_cache\BINHO_2023_XI_29.json,satislar;ebitda;op_gelir;net_kar;cfo;fcf;ozkaynaklar;toplam_borc;net_borc;nakit;toplam_aktif,toplam_borc;net_borc;ebitda;ihracat_orani;piyasa_degeri;pb;roe;roa;ev;ev_ebitda;fcf_verim
BINHO.IS,2023Q2,2023-06-30,XI_29,isyatirim_pit,,,2026-09-07T22:37:24.685509443,,,2023-08-15,APPROXIMATE_FIXED_LAG,UNKNOWN,UNKNOWN,data\raw\isyatirim_cache\BINHO_2023_XI_29.json,satislar;ebitda;op_gelir;net_kar;cfo;fcf;ozkaynaklar;toplam_borc;net_borc;nakit;toplam_aktif,toplam_borc;net_borc;ebitda;ihracat_orani;piyasa_degeri;pb;roe;roa;ev;ev_ebitda;fcf_verim
BINHO.IS,2023Q3,2023-09-30,XI_29,isyatirim_pit,,,2026-09-07T22:37:24.685509443,,,2023-11-15,APPROXIMATE_FIXED_LAG,UNKNOWN,UNKNOWN,data\raw\isyatirim_cache\BINHO_2023_XI_29.json,satislar;ebitda;op_gelir;net_kar;cfo;fcf;ozkaynaklar;toplam_borc;net_borc;nakit;toplam_aktif,toplam_borc;net_borc;ebitda;ihracat_orani;piyasa_degeri;pb;roe;roa;ev;ev_ebitda;fcf_verim
BINHO.IS,2023Q4,2023-12-31,XI_29,isyatirim_pit,,,2026-09-07T22:37:24.685509443,,,2024-03-15,APPROXIMATE_FIXED_LAG,UNKNOWN,UNKNOWN,data\raw\isyatirim_cache\BINHO_2023_XI_29.json,satislar;ebitda;op_gelir;net_kar;cfo;fcf;ozkaynaklar;toplam_borc;net_borc;nakit;toplam_aktif,toplam_borc;net_borc;ebitda;ihracat_orani;piyasa_degeri;pb;roe;roa;ev;ev_ebitda;fcf_verim
BINHO.IS,2024Q1,2024-03-31,XI_29,isyatirim_pit,,,2026-09-07T22:37:24.789226770,,,2024-05-15,APPROXIMATE_FIXED_LAG,UNKNOWN,UNKNOWN,data\raw\isyatirim_cache\BINHO_2024_XI_29.json,satislar;ebitda;op_gelir;net_kar;cfo;fcf;ozkaynaklar;toplam_borc;net_borc;nakit;toplam_aktif,toplam_borc;net_borc;ebitda;ihracat_orani;piyasa_degeri;pb;roe;roa;ev;ev_ebitda;fcf_verim
BINHO.IS,2024Q2,2024-06-30,XI_29,isyatirim_pit,,,2026-09-07T22:37:24.789226770,,,2024-08-15,APPROXIMATE_FIXED_LAG,UNKNOWN,UNKNOWN,data\raw\isyatirim_cache\BINHO_2024_XI_29.json,satislar;ebitda;op_gelir;net_kar;cfo;fcf;ozkaynaklar;toplam_borc;net_borc;nakit;toplam_aktif,toplam_borc;net_borc;ebitda;ihracat_orani;piyasa_degeri;pb;roe;roa;ev;ev_ebitda;fcf_verim
BINHO.IS,2024Q3,2024-09-30,XI_29,isyatirim_pit,,,2026-09-07T22:37:24.789226770,,,2024-11-15,APPROXIMATE_FIXED_LAG,UNKNOWN,UNKNOWN,data\raw\isyatirim_cache\BINHO_2024_XI_29.json,satislar;ebitda;op_gelir;net_kar;cfo;fcf;ozkaynaklar;toplam_borc;net_borc;nakit;toplam_aktif,toplam_borc;net_borc;ebitda;ihracat_orani;piyasa_degeri;pb;roe;roa;ev;ev_ebitda;fcf_verim
BINHO.IS,2024Q4,2024-12-31,XI_29,isyatirim_pit,,,2026-09-07T22:37:24.789226770,,,2025-03-15,APPROXIMATE_FIXED_LAG,UNKNOWN,UNKNOWN,data\raw\isyatirim_cache\BINHO_2024_XI_29.json,satislar;ebitda;op_gelir;net_kar;cfo;fcf;ozkaynaklar;toplam_borc;net_borc;nakit;toplam_aktif,toplam_borc;net_borc;ebitda;ihracat_orani;piyasa_degeri;pb;roe;roa;ev;ev_ebitda;fcf_verim
BINHO.IS,2025Q1,2025-03-31,XI_29,isyatirim_pit,,,2026-09-07T22:37:24.937768698,,,2025-05-15,APPROXIMATE_FIXED_LAG,UNKNOWN,UNKNOWN,data\raw\isyatirim_cache\BINHO_2025_XI_29.json,satislar;ebitda;op_gelir;net_kar;cfo;fcf;ozkaynaklar;toplam_borc;net_borc;nakit;toplam_aktif,toplam_borc;net_borc;ebitda;ihracat_orani;piyasa_degeri;pb;roe;roa;ev;ev_ebitda;fcf_verim
BINHO.IS,2025Q2,2025-06-30,XI_29,isyatirim_pit,,,2026-09-07T22:37:24.937768698,,,2025-08-15,APPROXIMATE_FIXED_LAG,UNKNOWN,UNKNOWN,data\raw\isyatirim_cache\BINHO_2025_XI_29.json,satislar;ebitda;op_gelir;net_kar;cfo;fcf;ozkaynaklar;toplam_borc;net_borc;nakit;toplam_aktif,toplam_borc;net_borc;ebitda;ihracat_orani;piyasa_degeri;pb;roe;roa;ev;ev_ebitda;fcf_verim
BINHO.IS,2025Q3,2025-09-30,XI_29,isyatirim_pit,,,2026-09-07T22:37:24.937768698,,,2025-11-15,APPROXIMATE_FIXED_LAG,UNKNOWN,UNKNOWN,data\raw\isyatirim_cache\BINHO_2025_XI_29.json,satislar;ebitda;op_gelir;net_kar;cfo;fcf;ozkaynaklar;toplam_borc;net_borc;nakit;toplam_aktif,toplam_borc;net_borc;ebitda;ihracat_orani;piyasa_degeri;pb;roe;roa;ev;ev_ebitda;fcf_verim
BINHO.IS,2025Q4,2025-12-31,XI_29,isyatirim_pit,,,2026-09-07T22:37:24.937768698,,,2026-03-15,APPROXIMATE_FIXED_LAG,UNKNOWN,UNKNOWN,data\raw\isyatirim_cache\BINHO_2025_XI_29.json,satislar;ebitda;op_gelir;net_kar;cfo;fcf;ozkaynaklar;toplam_borc;net_borc;nakit;toplam_aktif,toplam_borc;net_borc;ebitda;ihracat_orani;piyasa_degeri;pb;roe;roa;ev;ev_ebitda;fcf_verim
BINHO.IS,2026Q1,2026-03-31,XI_29,isyatirim_pit,,,2026-09-07T22:37:25.061095953,,,2026-05-15,APPROXIMATE_FIXED_LAG,UNKNOWN,UNKNOWN,data\raw\isyatirim_cache\BINHO_2026_XI_29.json,satislar;ebitda;op_gelir;net_kar;cfo;fcf;ozkaynaklar;toplam_borc;net_borc;nakit;toplam_aktif,toplam_borc;net_borc;ebitda;ihracat_orani;piyasa_degeri;pb;roe;roa;ev;ev_ebitda;fcf_verim
BINHO.IS,2026Q2,2026-06-30,XI_29,isyatirim_pit,,,2026-09-07T22:37:25.061095953,,,2026-08-15,APPROXIMATE_FIXED_LAG,UNKNOWN,UNKNOWN,data\raw\isyatirim_cache\BINHO_2026_XI_29.json,satislar;ebitda;op_gelir;net_kar;cfo;fcf;ozkaynaklar;toplam_borc;net_borc;nakit;toplam_aktif,toplam_borc;net_borc;ebitda;ihracat_orani;piyasa_degeri;pb;roe;roa;ev;ev_ebitda;fcf_verim
BIZIM.IS,2018Q1,2018-03-31,XI_29,isyatirim_pit,,,2026-09-07T22:37:17.207797527,,,2018-05-15,APPROXIMATE_FIXED_LAG,UNKNOWN,UNKNOWN,data\raw\isyatirim_cache\BIZIM_2018_XI_29.json,satislar;ebitda;op_gelir;net_kar;cfo;fcf;ozkaynaklar;toplam_borc;net_borc;nakit;toplam_aktif,toplam_borc;net_borc;ebitda;ihracat_orani;piyasa_degeri;pb;roe;roa;ev;ev_ebitda;fcf_verim
BIZIM.IS,2018Q2,2018-06-30,XI_29,isyatirim_pit,,,2026-09-07T22:37:17.207797527,,,2018-08-15,APPROXIMATE_FIXED_LAG,UNKNOWN,UNKNOWN,data\raw\isyatirim_cache\BIZIM_2018_XI_29.json,satislar;ebitda;op_gelir;net_kar;cfo;fcf;ozkaynaklar;toplam_borc;net_borc;nakit;toplam_aktif,toplam_borc;net_borc;ebitda;ihracat_orani;piyasa_degeri;pb;roe;roa;ev;ev_ebitda;fcf_verim
BIZIM.IS,2018Q3,2018-09-30,XI_29,isyatirim_pit,,,2026-09-07T22:37:17.207797527,,,2018-11-15,APPROXIMATE_FIXED_LAG,UNKNOWN,UNKNOWN,data\raw\isyatirim_cache\BIZIM_2018_XI_29.json,satislar;ebitda;op_gelir;net_kar;cfo;fcf;ozkaynaklar;toplam_borc;net_borc;nakit;toplam_aktif,toplam_borc;net_borc;ebitda;ihracat_orani;piyasa_degeri;pb;roe;roa;ev;ev_ebitda;fcf_verim
BIZIM.IS,2018Q4,2018-12-31,XI_29,isyatirim_pit,,,2026-09-07T22:37:17.207797527,,,2019-03-15,APPROXIMATE_FIXED_LAG,UNKNOWN,UNKNOWN,data\raw\isyatirim_cache\BIZIM_2018_XI_29.json,satislar;ebitda;op_gelir;net_kar;cfo;fcf;ozkaynaklar;toplam_borc;net_borc;nakit;toplam_aktif,toplam_borc;net_borc;ebitda;ihracat_orani;piyasa_degeri;pb;roe;roa;ev;ev_ebitda;fcf_verim
BIZIM.IS,2019Q1,2019-03-31,XI_29,isyatirim_pit,,,2026-09-07T22:37:17.338760614,,,2019-05-15,APPROXIMATE_FIXED_LAG,UNKNOWN,UNKNOWN,data\raw\isyatirim_cache\BIZIM_2019_XI_29.json,satislar;ebitda;op_gelir;net_kar;cfo;fcf;ozkaynaklar;toplam_borc;net_borc;nakit;toplam_aktif,toplam_borc;net_borc;ebitda;ihracat_orani;piyasa_degeri;pb;roe;roa;ev;ev_ebitda;fcf_verim
BIZIM.IS,2019Q2,2019-06-30,XI_29,isyatirim_pit,,,2026-09-07T22:37:17.338760614,,,2019-08-15,APPROXIMATE_FIXED_LAG,UNKNOWN,UNKNOWN,data\raw\isyatirim_cache\BIZIM_2019_XI_29.json,satislar;ebitda;op_gelir;net_kar;cfo;fcf;ozkaynaklar;toplam_borc;net_borc;nakit;toplam_aktif,toplam_borc;net_borc;ebitda;ihracat_orani;piyasa_degeri;pb;roe;roa;ev;ev_ebitda;fcf_verim
BIZIM.IS,2019Q3,2019-09-30,XI_29,isyatirim_pit,,,2026-09-07T22:37:17.338760614,,,2019-11-15,APPROXIMATE_FIXED_LAG,UNKNOWN,UNKNOWN,data\raw\isyatirim_cache\BIZIM_2019_XI_29.json,satislar;ebitda;op_gelir;net_kar;cfo;fcf;ozkaynaklar;toplam_borc;net_borc;nakit;toplam_aktif,toplam_borc;net_borc;ebitda;ihracat_orani;piyasa_degeri;pb;roe;roa;ev;ev_ebitda;fcf_verim
BIZIM.IS,2019Q4,2019-12-31,XI_29,isyatirim_pit,,,2026-09-07T22:37:17.338760614,,,2020-03-15,APPROXIMATE_FIXED_LAG,UNKNOWN,UNKNOWN,data\raw\isyatirim_cache\BIZIM_2019_XI_29.json,satislar;ebitda;op_gelir;net_kar;cfo;fcf;ozkaynaklar;toplam_borc;net_borc;nakit;toplam_aktif,toplam_borc;net_borc;ebitda;ihracat_orani;piyasa_degeri;pb;roe;roa;ev;ev_ebitda;fcf_verim
BIZIM.IS,2020Q1,2020-03-31,XI_29,isyatirim_pit,,,2026-09-07T22:37:17.476516008,,,2020-05-15,APPROXIMATE_FIXED_LAG,UNKNOWN,UNKNOWN,data\raw\isyatirim_cache\BIZIM_2020_XI_29.json,satislar;ebitda;op_gelir;net_kar;cfo;fcf;ozkaynaklar;toplam_borc;net_borc;nakit;toplam_aktif,toplam_borc;net_borc;ebitda;ihracat_orani;piyasa_degeri;pb;roe;roa;ev;ev_ebitda;fcf_verim
BIZIM.IS,2020Q2,2020-06-30,XI_29,isyatirim_pit,,,2026-09-07T22:37:17.476516008,,,2020-08-15,APPROXIMATE_FIXED_LAG,UNKNOWN,UNKNOWN,data\raw\isyatirim_cache\BIZIM_2020_XI_29.json,satislar;ebitda;op_gelir;net_kar;cfo;fcf;ozkaynaklar;toplam_borc;net_borc;nakit;toplam_aktif,toplam_borc;net_borc;ebitda;ihracat_orani;piyasa_degeri;pb;roe;roa;ev;ev_ebitda;fcf_verim
BIZIM.IS,2020Q3,2020-09-30,XI_29,isyatirim_pit,,,2026-09-07T22:37:17.476516008,,,2020-11-15,APPROXIMATE_FIXED_LAG,UNKNOWN,UNKNOWN,data\raw\isyatirim_cache\BIZIM_2020_XI_29.json,satislar;ebitda;op_gelir;net_kar;cfo;fcf;ozkaynaklar;toplam_borc;net_borc;nakit;toplam_aktif,toplam_borc;net_borc;ebitda;ihracat_orani;piyasa_degeri;pb;roe;roa;ev;ev_ebitda;fcf_verim
BIZIM.IS,2020Q4,2020-12-31,XI_29,isyatirim_pit,,,2026-09-07T22:37:17.476516008,,,2021-03-15,APPROXIMATE_FIXED_LAG,UNKNOWN,UNKNOWN,data\raw\isyatirim_cache\BIZIM_2020_XI_29.json,satislar;ebitda;op_gelir;net_kar;cfo;fcf;ozkaynaklar;toplam_borc;net_borc;nakit;toplam_aktif,toplam_borc;net_borc;ebitda;ihracat_orani;piyasa_degeri;pb;roe;roa;ev;ev_ebitda;fcf_verim
BIZIM.IS,2021Q1,2021-03-31,XI_29,isyatirim_pit,,,2026-09-07T22:37:17.605684519,,,2021-05-15,APPROXIMATE_FIXED_LAG,UNKNOWN,UNKNOWN,data\raw\isyatirim_cache\BIZIM_2021_XI_29.json,satislar;ebitda;op_gelir;net_kar;cfo;fcf;ozkaynaklar;toplam_borc;net_borc;nakit;toplam_aktif,toplam_borc;net_borc;ebitda;ihracat_orani;piyasa_degeri;pb;roe;roa;ev;ev_ebitda;fcf_verim
BIZIM.IS,2021Q2,2021-06-30,XI_29,isyatirim_pit,,,2026-09-07T22:37:17.605684519,,,2021-08-15,APPROXIMATE_FIXED_LAG,UNKNOWN,UNKNOWN,data\raw\isyatirim_cache\BIZIM_2021_XI_29.json,satislar;ebitda;op_gelir;net_kar;cfo;fcf;ozkaynaklar;toplam_borc;net_borc;nakit;toplam_aktif,toplam_borc;net_borc;ebitda;ihracat_orani;piyasa_degeri;pb;roe;roa;ev;ev_ebitda;fcf_verim
BIZIM.IS,2021Q3,2021-09-30,XI_29,isyatirim_pit,,,2026-09-07T22:37:17.605684519,,,2021-11-15,APPROXIMATE_FIXED_LAG,UNKNOWN,UNKNOWN,data\raw\isyatirim_cache\BIZIM_2021_XI_29.json,satislar;ebitda;op_gelir;net_kar;cfo;fcf;ozkaynaklar;toplam_borc;net_borc;nakit;toplam_aktif,toplam_borc;net_borc;ebitda;ihracat_orani;piyasa_degeri;pb;roe;roa;ev;ev_ebitda;fcf_verim
BIZIM.IS,2021Q4,2021-12-31,XI_29,isyatirim_pit,,,2026-09-07T22:37:17.605684519,,,2022-03-15,APPROXIMATE_FIXED_LAG,UNKNOWN,UNKNOWN,data\raw\isyatirim_cache\BIZIM_2021_XI_29.json,satislar;ebitda;op_gelir;net_kar;cfo;fcf;ozkaynaklar;toplam_borc;net_borc;nakit;toplam_aktif,toplam_borc;net_borc;ebitda;ihracat_orani;piyasa_degeri;pb;roe;roa;ev;ev_ebitda;fcf_verim
BIZIM.IS,2022Q1,2022-03-31,XI_29,isyatirim_pit,,,2026-09-07T22:37:17.737745285,,,2022-05-15,APPROXIMATE_FIXED_LAG,UNKNOWN,UNKNOWN,data\raw\isyatirim_cache\BIZIM_2022_XI_29.json,satislar;ebitda;op_gelir;net_kar;cfo;fcf;ozkaynaklar;toplam_borc;net_borc;nakit;toplam_aktif,toplam_borc;net_borc;ebitda;ihracat_orani;piyasa_degeri;pb;roe;roa;ev;ev_ebitda;fcf_verim
BIZIM.IS,2022Q2,2022-06-30,XI_29,isyatirim_pit,,,2026-09-07T22:37:17.737745285,,,2022-08-15,APPROXIMATE_FIXED_LAG,UNKNOWN,UNKNOWN,data\raw\isyatirim_cache\BIZIM_2022_XI_29.json,satislar;ebitda;op_gelir;net_kar;cfo;fcf;ozkaynaklar;toplam_borc;net_borc;nakit;toplam_aktif,toplam_borc;net_borc;ebitda;ihracat_orani;piyasa_degeri;pb;roe;roa;ev;ev_ebitda;fcf_verim
BIZIM.IS,2022Q3,2022-09-30,XI_29,isyatirim_pit,,,2026-09-07T22:37:17.737745285,,,2022-11-15,APPROXIMATE_FIXED_LAG,UNKNOWN,UNKNOWN,data\raw\isyatirim_cache\BIZIM_2022_XI_29.json,satislar;ebitda;op_gelir;net_kar;cfo;fcf;ozkaynaklar;toplam_borc;net_borc;nakit;toplam_aktif,toplam_borc;net_borc;ebitda;ihracat_orani;piyasa_degeri;pb;roe;roa;ev;ev_ebitda;fcf_verim
BIZIM.IS,2022Q4,2022-12-31,XI_29,isyatirim_pit,,,2026-09-07T22:37:17.737745285,,,2023-03-15,APPROXIMATE_FIXED_LAG,UNKNOWN,UNKNOWN,data\raw\isyatirim_cache\BIZIM_2022_XI_29.json,satislar;ebitda;op_gelir;net_kar;cfo;fcf;ozkaynaklar;toplam_borc;net_borc;nakit;toplam_aktif,toplam_borc;net_borc;ebitda;ihracat_orani;piyasa_degeri;pb;roe;roa;ev;ev_ebitda;fcf_verim
BIZIM.IS,2023Q1,2023-03-31,XI_29,isyatirim_pit,,,2026-09-07T22:37:17.869995117,,,2023-05-15,APPROXIMATE_FIXED_LAG,UNKNOWN,UNKNOWN,data\raw\isyatirim_cache\BIZIM_2023_XI_29.json,satislar;ebitda;op_gelir;net_kar;cfo;fcf;ozkaynaklar;toplam_borc;net_borc;nakit;toplam_aktif,toplam_borc;net_borc;ebitda;ihracat_orani;piyasa_degeri;pb;roe;roa;ev;ev_ebitda;fcf_verim
BIZIM.IS,2023Q2,2023-06-30,XI_29,isyatirim_pit,,,2026-09-07T22:37:17.869995117,,,2023-08-15,APPROXIMATE_FIXED_LAG,UNKNOWN,UNKNOWN,data\raw\isyatirim_cache\BIZIM_2023_XI_29.json,satislar;ebitda;op_gelir;net_kar;cfo;fcf;ozkaynaklar;toplam_borc;net_borc;nakit;toplam_aktif,toplam_borc;net_borc;ebitda;ihracat_orani;piyasa_degeri;pb;roe;roa;ev;ev_ebitda;fcf_verim
BIZIM.IS,2023Q3,2023-09-30,XI_29,isyatirim_pit,,,2026-09-07T22:37:17.869995117,,,2023-11-15,APPROXIMATE_FIXED_LAG,UNKNOWN,UNKNOWN,data\raw\isyatirim_cache\BIZIM_2023_XI_29.json,satislar;ebitda;op_gelir;net_kar;cfo;fcf;ozkaynaklar;toplam_borc;net_borc;nakit;toplam_aktif,toplam_borc;net_borc;ebitda;ihracat_orani;piyasa_degeri;pb;roe;roa;ev;ev_ebitda;fcf_verim
BIZIM.IS,2023Q4,2023-12-31,XI_29,isyatirim_pit,,,2026-09-07T22:37:17.869995117,,,2024-03-15,APPROXIMATE_FIXED_LAG,UNKNOWN,UNKNOWN,data\raw\isyatirim_cache\BIZIM_2023_XI_29.json,satislar;ebitda;op_gelir;net_kar;cfo;fcf;ozkaynaklar;toplam_borc;net_borc;nakit;toplam_aktif,toplam_borc;net_borc;ebitda;ihracat_orani;piyasa_degeri;pb;roe;roa;ev;ev_ebitda;fcf_verim
BIZIM.IS,2024Q1,2024-03-31,XI_29,isyatirim_pit,,,2026-09-07T22:37:17.962195396,,,2024-05-15,APPROXIMATE_FIXED_LAG,UNKNOWN,UNKNOWN,data\raw\isyatirim_cache\BIZIM_2024_XI_29.json,satislar;ebitda;op_gelir;net_kar;cfo;fcf;ozkaynaklar;toplam_borc;net_borc;nakit;toplam_aktif,toplam_borc;net_borc;ebitda;ihracat_orani;piyasa_degeri;pb;roe;roa;ev;ev_ebitda;fcf_verim
BIZIM.IS,2024Q2,2024-06-30,XI_29,isyatirim_pit,,,2026-09-07T22:37:17.962195396,,,2024-08-15,APPROXIMATE_FIXED_LAG,UNKNOWN,UNKNOWN,data\raw\isyatirim_cache\BIZIM_2024_XI_29.json,satislar;ebitda;op_gelir;net_kar;cfo;fcf;ozkaynaklar;toplam_borc;net_borc;nakit;toplam_aktif,toplam_borc;net_borc;ebitda;ihracat_orani;piyasa_degeri;pb;roe;roa;ev;ev_ebitda;fcf_verim
BIZIM.IS,2024Q3,2024-09-30,XI_29,isyatirim_pit,,,2026-09-07T22:37:17.962195396,,,2024-11-15,APPROXIMATE_FIXED_LAG,UNKNOWN,UNKNOWN,data\raw\isyatirim_cache\BIZIM_2024_XI_29.json,satislar;ebitda;op_gelir;net_kar;cfo;fcf;ozkaynaklar;toplam_borc;net_borc;nakit;toplam_aktif,toplam_borc;net_borc;ebitda;ihracat_orani;piyasa_degeri;pb;roe;roa;ev;ev_ebitda;fcf_verim
BIZIM.IS,2024Q4,2024-12-31,XI_29,isyatirim_pit,,,2026-09-07T22:37:17.962195396,,,2025-03-15,APPROXIMATE_FIXED_LAG,UNKNOWN,UNKNOWN,data\raw\isyatirim_cache\BIZIM_2024_XI_29.json,satislar;ebitda;op_gelir;net_kar;cfo;fcf;ozkaynaklar;toplam_borc;net_borc;nakit;toplam_aktif,toplam_borc;net_borc;ebitda;ihracat_orani;piyasa_degeri;pb;roe;roa;ev;ev_ebitda;fcf_verim
BIZIM.IS,2025Q1,2025-03-31,XI_29,isyatirim_pit,,,2026-09-07T22:37:18.120471954,,,2025-05-15,APPROXIMATE_FIXED_LAG,UNKNOWN,UNKNOWN,data\raw\isyatirim_cache\BIZIM_2025_XI_29.json,satislar;ebitda;op_gelir;net_kar;cfo;fcf;ozkaynaklar;toplam_borc;net_borc;nakit;toplam_aktif,toplam_borc;net_borc;ebitda;ihracat_orani;piyasa_degeri;pb;roe;roa;ev;ev_ebitda;fcf_verim
BIZIM.IS,2025Q2,2025-06-30,XI_29,isyatirim_pit,,,2026-09-07T22:37:18.120471954,,,2025-08-15,APPROXIMATE_FIXED_LAG,UNKNOWN,UNKNOWN,data\raw\isyatirim_cache\BIZIM_2025_XI_29.json,satislar;ebitda;op_gelir;net_kar;cfo;fcf;ozkaynaklar;toplam_borc;net_borc;nakit;toplam_aktif,toplam_borc;net_borc;ebitda;ihracat_orani;piyasa_degeri;pb;roe;roa;ev;ev_ebitda;fcf_verim
BIZIM.IS,2025Q3,2025-09-30,XI_29,isyatirim_pit,,,2026-09-07T22:37:18.120471954,,,2025-11-15,APPROXIMATE_FIXED_LAG,UNKNOWN,UNKNOWN,data\raw\isyatirim_cache\BIZIM_2025_XI_29.json,satislar;ebitda;op_gelir;net_kar;cfo;fcf;ozkaynaklar;toplam_borc;net_borc;nakit;toplam_aktif,toplam_borc;net_borc;ebitda;ihracat_orani;piyasa_degeri;pb;roe;roa;ev;ev_ebitda;fcf_verim
BIZIM.IS,2025Q4,2025-12-31,XI_29,isyatirim_pit,,,2026-09-07T22:37:18.120471954,,,2026-03-15,APPROXIMATE_FIXED_LAG,UNKNOWN,UNKNOWN,data\raw\isyatirim_cache\BIZIM_2025_XI_29.json,satislar;ebitda;op_gelir;net_kar;cfo;fcf;ozkaynaklar;toplam_borc;net_borc;nakit;toplam_aktif,toplam_borc;net_borc;ebitda;ihracat_orani;piyasa_degeri;pb;roe;roa;ev;ev_ebitda;fcf_verim
BIZIM.IS,2026Q1,2026-03-31,XI_29,isyatirim_pit,,,2026-09-07T22:37:18.243936777,,,2026-05-15,APPROXIMATE_FIXED_LAG,UNKNOWN,UNKNOWN,data\raw\isyatirim_cache\BIZIM_2026_XI_29.json,satislar;ebitda;op_gelir;net_kar;cfo;fcf;ozkaynaklar;toplam_borc;net_borc;nakit;toplam_aktif,toplam_borc;net_borc;ebitda;ihracat_orani;piyasa_degeri;pb;roe;roa;ev;ev_ebitda;fcf_verim
BIZIM.IS,2026Q2,2026-06-30,XI_29,isyatirim_pit,,,2026-09-07T22:37:18.243936777,,,2026-08-15,APPROXIMATE_FIXED_LAG,UNKNOWN,UNKNOWN,data\raw\isyatirim_cache\BIZIM_2026_XI_29.json,satislar;ebitda;op_gelir;net_kar;cfo;fcf;ozkaynaklar;toplam_borc;net_borc;nakit;toplam_aktif,toplam_borc;net_borc;ebitda;ihracat_orani;piyasa_degeri;pb;roe;roa;ev;ev_ebitda;fcf_verim
BRSAN.IS,2018Q1,2018-03-31,XI_29,isyatirim_pit,,,2026-09-07T22:37:11.756558895,,,2018-05-15,APPROXIMATE_FIXED_LAG,UNKNOWN,UNKNOWN,data\raw\isyatirim_cache\BRSAN_2018_XI_29.json,satislar;ebitda;op_gelir;net_kar;cfo;fcf;ozkaynaklar;toplam_borc;net_borc;nakit;toplam_aktif,toplam_borc;net_borc;ebitda;ihracat_orani;piyasa_degeri;pb;roe;roa;ev;ev_ebitda;fcf_verim
BRSAN.IS,2018Q2,2018-06-30,XI_29,isyatirim_pit,,,2026-09-07T22:37:11.756558895,,,2018-08-15,APPROXIMATE_FIXED_LAG,UNKNOWN,UNKNOWN,data\raw\isyatirim_cache\BRSAN_2018_XI_29.json,satislar;ebitda;op_gelir;net_kar;cfo;fcf;ozkaynaklar;toplam_borc;net_borc;nakit;toplam_aktif,toplam_borc;net_borc;ebitda;ihracat_orani;piyasa_degeri;pb;roe;roa;ev;ev_ebitda;fcf_verim
BRSAN.IS,2018Q3,2018-09-30,XI_29,isyatirim_pit,,,2026-09-07T22:37:11.756558895,,,2018-11-15,APPROXIMATE_FIXED_LAG,UNKNOWN,UNKNOWN,data\raw\isyatirim_cache\BRSAN_2018_XI_29.json,satislar;ebitda;op_gelir;net_kar;cfo;fcf;ozkaynaklar;toplam_borc;net_borc;nakit;toplam_aktif,toplam_borc;net_borc;ebitda;ihracat_orani;piyasa_degeri;pb;roe;roa;ev;ev_ebitda;fcf_verim
BRSAN.IS,2018Q4,2018-12-31,XI_29,isyatirim_pit,,,2026-09-07T22:37:11.756558895,,,2019-03-15,APPROXIMATE_FIXED_LAG,UNKNOWN,UNKNOWN,data\raw\isyatirim_cache\BRSAN_2018_XI_29.json,satislar;ebitda;op_gelir;net_kar;cfo;fcf;ozkaynaklar;toplam_borc;net_borc;nakit;toplam_aktif,toplam_borc;net_borc;ebitda;ihracat_orani;piyasa_degeri;pb;roe;roa;ev;ev_ebitda;fcf_verim
BRSAN.IS,2019Q1,2019-03-31,XI_29,isyatirim_pit,,,2026-09-07T22:37:11.894012451,,,2019-05-15,APPROXIMATE_FIXED_LAG,UNKNOWN,UNKNOWN,data\raw\isyatirim_cache\BRSAN_2019_XI_29.json,satislar;ebitda;op_gelir;net_kar;cfo;fcf;ozkaynaklar;toplam_borc;net_borc;nakit;toplam_aktif,toplam_borc;net_borc;ebitda;ihracat_orani;piyasa_degeri;pb;roe;roa;ev;ev_ebitda;fcf_verim
BRSAN.IS,2019Q2,2019-06-30,XI_29,isyatirim_pit,,,2026-09-07T22:37:11.894012451,,,2019-08-15,APPROXIMATE_FIXED_LAG,UNKNOWN,UNKNOWN,data\raw\isyatirim_cache\BRSAN_2019_XI_29.json,satislar;ebitda;op_gelir;net_kar;cfo;fcf;ozkaynaklar;toplam_borc;net_borc;nakit;toplam_aktif,toplam_borc;net_borc;ebitda;ihracat_orani;piyasa_degeri;pb;roe;roa;ev;ev_ebitda;fcf_verim
BRSAN.IS,2019Q3,2019-09-30,XI_29,isyatirim_pit,,,2026-09-07T22:37:11.894012451,,,2019-11-15,APPROXIMATE_FIXED_LAG,UNKNOWN,UNKNOWN,data\raw\isyatirim_cache\BRSAN_2019_XI_29.json,satislar;ebitda;op_gelir;net_kar;cfo;fcf;ozkaynaklar;toplam_borc;net_borc;nakit;toplam_aktif,toplam_borc;net_borc;ebitda;ihracat_orani;piyasa_degeri;pb;roe;roa;ev;ev_ebitda;fcf_verim
BRSAN.IS,2019Q4,2019-12-31,XI_29,isyatirim_pit,,,2026-09-07T22:37:11.894012451,,,2020-03-15,APPROXIMATE_FIXED_LAG,UNKNOWN,UNKNOWN,data\raw\isyatirim_cache\BRSAN_2019_XI_29.json,satislar;ebitda;op_gelir;net_kar;cfo;fcf;ozkaynaklar;toplam_borc;net_borc;nakit;toplam_aktif,toplam_borc;net_borc;ebitda;ihracat_orani;piyasa_degeri;pb;roe;roa;ev;ev_ebitda;fcf_verim
BRSAN.IS,2020Q1,2020-03-31,XI_29,isyatirim_pit,,,2026-09-07T22:37:12.028607607,,,2020-05-15,APPROXIMATE_FIXED_LAG,UNKNOWN,UNKNOWN,data\raw\isyatirim_cache\BRSAN_2020_XI_29.json,satislar;ebitda;op_gelir;net_kar;cfo;fcf;ozkaynaklar;toplam_borc;net_borc;nakit;toplam_aktif,toplam_borc;net_borc;ebitda;ihracat_orani;piyasa_degeri;pb;roe;roa;ev;ev_ebitda;fcf_verim
BRSAN.IS,2020Q2,2020-06-30,XI_29,isyatirim_pit,,,2026-09-07T22:37:12.028607607,,,2020-08-15,APPROXIMATE_FIXED_LAG,UNKNOWN,UNKNOWN,data\raw\isyatirim_cache\BRSAN_2020_XI_29.json,satislar;ebitda;op_gelir;net_kar;cfo;fcf;ozkaynaklar;toplam_borc;net_borc;nakit;toplam_aktif,toplam_borc;net_borc;ebitda;ihracat_orani;piyasa_degeri;pb;roe;roa;ev;ev_ebitda;fcf_verim
BRSAN.IS,2020Q3,2020-09-30,XI_29,isyatirim_pit,,,2026-09-07T22:37:12.028607607,,,2020-11-15,APPROXIMATE_FIXED_LAG,UNKNOWN,UNKNOWN,data\raw\isyatirim_cache\BRSAN_2020_XI_29.json,satislar;ebitda;op_gelir;net_kar;cfo;fcf;ozkaynaklar;toplam_borc;net_borc;nakit;toplam_aktif,toplam_borc;net_borc;ebitda;ihracat_orani;piyasa_degeri;pb;roe;roa;ev;ev_ebitda;fcf_verim
BRSAN.IS,2020Q4,2020-12-31,XI_29,isyatirim_pit,,,2026-09-07T22:37:12.028607607,,,2021-03-15,APPROXIMATE_FIXED_LAG,UNKNOWN,UNKNOWN,data\raw\isyatirim_cache\BRSAN_2020_XI_29.json,satislar;ebitda;op_gelir;net_kar;cfo;fcf;ozkaynaklar;toplam_borc;net_borc;nakit;toplam_aktif,toplam_borc;net_borc;ebitda;ihracat_orani;piyasa_degeri;pb;roe;roa;ev;ev_ebitda;fcf_verim
BRSAN.IS,2021Q1,2021-03-31,XI_29,isyatirim_pit,,,2026-09-07T22:37:12.160919189,,,2021-05-15,APPROXIMATE_FIXED_LAG,UNKNOWN,UNKNOWN,data\raw\isyatirim_cache\BRSAN_2021_XI_29.json,satislar;ebitda;op_gelir;net_kar;cfo;fcf;ozkaynaklar;toplam_borc;net_borc;nakit;toplam_aktif,toplam_borc;net_borc;ebitda;ihracat_orani;piyasa_degeri;pb;roe;roa;ev;ev_ebitda;fcf_verim
BRSAN.IS,2021Q2,2021-06-30,XI_29,isyatirim_pit,,,2026-09-07T22:37:12.160919189,,,2021-08-15,APPROXIMATE_FIXED_LAG,UNKNOWN,UNKNOWN,data\raw\isyatirim_cache\BRSAN_2021_XI_29.json,satislar;ebitda;op_gelir;net_kar;cfo;fcf;ozkaynaklar;toplam_borc;net_borc;nakit;toplam_aktif,toplam_borc;net_borc;ebitda;ihracat_orani;piyasa_degeri;pb;roe;roa;ev;ev_ebitda;fcf_verim
BRSAN.IS,2021Q3,2021-09-30,XI_29,isyatirim_pit,,,2026-09-07T22:37:12.160919189,,,2021-11-15,APPROXIMATE_FIXED_LAG,UNKNOWN,UNKNOWN,data\raw\isyatirim_cache\BRSAN_2021_XI_29.json,satislar;ebitda;op_gelir;net_kar;cfo;fcf;ozkaynaklar;toplam_borc;net_borc;nakit;toplam_aktif,toplam_borc;net_borc;ebitda;ihracat_orani;piyasa_degeri;pb;roe;roa;ev;ev_ebitda;fcf_verim
BRSAN.IS,2021Q4,2021-12-31,XI_29,isyatirim_pit,,,2026-09-07T22:37:12.160919189,,,2022-03-15,APPROXIMATE_FIXED_LAG,UNKNOWN,UNKNOWN,data\raw\isyatirim_cache\BRSAN_2021_XI_29.json,satislar;ebitda;op_gelir;net_kar;cfo;fcf;ozkaynaklar;toplam_borc;net_borc;nakit;toplam_aktif,toplam_borc;net_borc;ebitda;ihracat_orani;piyasa_degeri;pb;roe;roa;ev;ev_ebitda;fcf_verim
BRSAN.IS,2022Q1,2022-03-31,XI_29,isyatirim_pit,,,2026-09-07T22:37:12.325289726,,,2022-05-15,APPROXIMATE_FIXED_LAG,UNKNOWN,UNKNOWN,data\raw\isyatirim_cache\BRSAN_2022_XI_29.json,satislar;ebitda;op_gelir;net_kar;cfo;fcf;ozkaynaklar;toplam_borc;net_borc;nakit;toplam_aktif,toplam_borc;net_borc;ebitda;ihracat_orani;piyasa_degeri;pb;roe;roa;ev;ev_ebitda;fcf_verim
BRSAN.IS,2022Q2,2022-06-30,XI_29,isyatirim_pit,,,2026-09-07T22:37:12.325289726,,,2022-08-15,APPROXIMATE_FIXED_LAG,UNKNOWN,UNKNOWN,data\raw\isyatirim_cache\BRSAN_2022_XI_29.json,satislar;ebitda;op_gelir;net_kar;cfo;fcf;ozkaynaklar;toplam_borc;net_borc;nakit;toplam_aktif,toplam_borc;net_borc;ebitda;ihracat_orani;piyasa_degeri;pb;roe;roa;ev;ev_ebitda;fcf_verim
BRSAN.IS,2022Q3,2022-09-30,XI_29,isyatirim_pit,,,2026-09-07T22:37:12.325289726,,,2022-11-15,APPROXIMATE_FIXED_LAG,UNKNOWN,UNKNOWN,data\raw\isyatirim_cache\BRSAN_2022_XI_29.json,satislar;ebitda;op_gelir;net_kar;cfo;fcf;ozkaynaklar;toplam_borc;net_borc;nakit;toplam_aktif,toplam_borc;net_borc;ebitda;ihracat_orani;piyasa_degeri;pb;roe;roa;ev;ev_ebitda;fcf_verim
BRSAN.IS,2022Q4,2022-12-31,XI_29,isyatirim_pit,,,2026-09-07T22:37:12.325289726,,,2023-03-15,APPROXIMATE_FIXED_LAG,UNKNOWN,UNKNOWN,data\raw\isyatirim_cache\BRSAN_2022_XI_29.json,satislar;ebitda;op_gelir;net_kar;cfo;fcf;ozkaynaklar;toplam_borc;net_borc;nakit;toplam_aktif,toplam_borc;net_borc;ebitda;ihracat_orani;piyasa_degeri;pb;roe;roa;ev;ev_ebitda;fcf_verim
BRSAN.IS,2023Q1,2023-03-31,XI_29,isyatirim_pit,,,2026-09-07T22:37:12.523133755,,,2023-05-15,APPROXIMATE_FIXED_LAG,UNKNOWN,UNKNOWN,data\raw\isyatirim_cache\BRSAN_2023_XI_29.json,satislar;ebitda;op_gelir;net_kar;cfo;fcf;ozkaynaklar;toplam_borc;net_borc;nakit;toplam_aktif,toplam_borc;net_borc;ebitda;ihracat_orani;piyasa_degeri;pb;roe;roa;ev;ev_ebitda;fcf_verim
BRSAN.IS,2023Q2,2023-06-30,XI_29,isyatirim_pit,,,2026-09-07T22:37:12.523133755,,,2023-08-15,APPROXIMATE_FIXED_LAG,UNKNOWN,UNKNOWN,data\raw\isyatirim_cache\BRSAN_2023_XI_29.json,satislar;ebitda;op_gelir;net_kar;cfo;fcf;ozkaynaklar;toplam_borc;net_borc;nakit;toplam_aktif,toplam_borc;net_borc;ebitda;ihracat_orani;piyasa_degeri;pb;roe;roa;ev;ev_ebitda;fcf_verim
BRSAN.IS,2023Q3,2023-09-30,XI_29,isyatirim_pit,,,2026-09-07T22:37:12.523133755,,,2023-11-15,APPROXIMATE_FIXED_LAG,UNKNOWN,UNKNOWN,data\raw\isyatirim_cache\BRSAN_2023_XI_29.json,satislar;ebitda;op_gelir;net_kar;cfo;fcf;ozkaynaklar;toplam_borc;net_borc;nakit;toplam_aktif,toplam_borc;net_borc;ebitda;ihracat_orani;piyasa_degeri;pb;roe;roa;ev;ev_ebitda;fcf_verim
BRSAN.IS,2023Q4,2023-12-31,XI_29,isyatirim_pit,,,2026-09-07T22:37:12.523133755,,,2024-03-15,APPROXIMATE_FIXED_LAG,UNKNOWN,UNKNOWN,data\raw\isyatirim_cache\BRSAN_2023_XI_29.json,satislar;ebitda;op_gelir;net_kar;cfo;fcf;ozkaynaklar;toplam_borc;net_borc;nakit;toplam_aktif,toplam_borc;net_borc;ebitda;ihracat_orani;piyasa_degeri;pb;roe;roa;ev;ev_ebitda;fcf_verim
BRSAN.IS,2024Q1,2024-03-31,XI_29,isyatirim_pit,,,2026-09-07T22:37:12.609445333,,,2024-05-15,APPROXIMATE_FIXED_LAG,UNKNOWN,UNKNOWN,data\raw\isyatirim_cache\BRSAN_2024_XI_29.json,satislar;ebitda;op_gelir;net_kar;cfo;fcf;ozkaynaklar;toplam_borc;net_borc;nakit;toplam_aktif,toplam_borc;net_borc;ebitda;ihracat_orani;piyasa_degeri;pb;roe;roa;ev;ev_ebitda;fcf_verim
BRSAN.IS,2024Q2,2024-06-30,XI_29,isyatirim_pit,,,2026-09-07T22:37:12.609445333,,,2024-08-15,APPROXIMATE_FIXED_LAG,UNKNOWN,UNKNOWN,data\raw\isyatirim_cache\BRSAN_2024_XI_29.json,satislar;ebitda;op_gelir;net_kar;cfo;fcf;ozkaynaklar;toplam_borc;net_borc;nakit;toplam_aktif,toplam_borc;net_borc;ebitda;ihracat_orani;piyasa_degeri;pb;roe;roa;ev;ev_ebitda;fcf_verim
BRSAN.IS,2024Q3,2024-09-30,XI_29,isyatirim_pit,,,2026-09-07T22:37:12.609445333,,,2024-11-15,APPROXIMATE_FIXED_LAG,UNKNOWN,UNKNOWN,data\raw\isyatirim_cache\BRSAN_2024_XI_29.json,satislar;ebitda;op_gelir;net_kar;cfo;fcf;ozkaynaklar;toplam_borc;net_borc;nakit;toplam_aktif,toplam_borc;net_borc;ebitda;ihracat_orani;piyasa_degeri;pb;roe;roa;ev;ev_ebitda;fcf_verim
BRSAN.IS,2024Q4,2024-12-31,XI_29,isyatirim_pit,,,2026-09-07T22:37:12.609445333,,,2025-03-15,APPROXIMATE_FIXED_LAG,UNKNOWN,UNKNOWN,data\raw\isyatirim_cache\BRSAN_2024_XI_29.json,satislar;ebitda;op_gelir;net_kar;cfo;fcf;ozkaynaklar;toplam_borc;net_borc;nakit;toplam_aktif,toplam_borc;net_borc;ebitda;ihracat_orani;piyasa_degeri;pb;roe;roa;ev;ev_ebitda;fcf_verim
BRSAN.IS,2025Q1,2025-03-31,XI_29,isyatirim_pit,,,2026-09-07T22:37:12.742904902,,,2025-05-15,APPROXIMATE_FIXED_LAG,UNKNOWN,UNKNOWN,data\raw\isyatirim_cache\BRSAN_2025_XI_29.json,satislar;ebitda;op_gelir;net_kar;cfo;fcf;ozkaynaklar;toplam_borc;net_borc;nakit;toplam_aktif,toplam_borc;net_borc;ebitda;ihracat_orani;piyasa_degeri;pb;roe;roa;ev;ev_ebitda;fcf_verim
BRSAN.IS,2025Q2,2025-06-30,XI_29,isyatirim_pit,,,2026-09-07T22:37:12.742904902,,,2025-08-15,APPROXIMATE_FIXED_LAG,UNKNOWN,UNKNOWN,data\raw\isyatirim_cache\BRSAN_2025_XI_29.json,satislar;ebitda;op_gelir;net_kar;cfo;fcf;ozkaynaklar;toplam_borc;net_borc;nakit;toplam_aktif,toplam_borc;net_borc;ebitda;ihracat_orani;piyasa_degeri;pb;roe;roa;ev;ev_ebitda;fcf_verim
BRSAN.IS,2025Q3,2025-09-30,XI_29,isyatirim_pit,,,2026-09-07T22:37:12.742904902,,,2025-11-15,APPROXIMATE_FIXED_LAG,UNKNOWN,UNKNOWN,data\raw\isyatirim_cache\BRSAN_2025_XI_29.json,satislar;ebitda;op_gelir;net_kar;cfo;fcf;ozkaynaklar;toplam_borc;net_borc;nakit;toplam_aktif,toplam_borc;net_borc;ebitda;ihracat_orani;piyasa_degeri;pb;roe;roa;ev;ev_ebitda;fcf_verim
BRSAN.IS,2025Q4,2025-12-31,XI_29,isyatirim_pit,,,2026-09-07T22:37:12.742904902,,,2026-03-15,APPROXIMATE_FIXED_LAG,UNKNOWN,UNKNOWN,data\raw\isyatirim_cache\BRSAN_2025_XI_29.json,satislar;ebitda;op_gelir;net_kar;cfo;fcf;ozkaynaklar;toplam_borc;net_borc;nakit;toplam_aktif,toplam_borc;net_borc;ebitda;ihracat_orani;piyasa_degeri;pb;roe;roa;ev;ev_ebitda;fcf_verim
BRSAN.IS,2026Q1,2026-03-31,XI_29,isyatirim_pit,,,2026-09-07T22:37:12.874733210,,,2026-05-15,APPROXIMATE_FIXED_LAG,UNKNOWN,UNKNOWN,data\raw\isyatirim_cache\BRSAN_2026_XI_29.json,satislar;ebitda;op_gelir;net_kar;cfo;fcf;ozkaynaklar;toplam_borc;net_borc;nakit;toplam_aktif,toplam_borc;net_borc;ebitda;ihracat_orani;piyasa_degeri;pb;roe;roa;ev;ev_ebitda;fcf_verim
BRSAN.IS,2026Q2,2026-06-30,XI_29,isyatirim_pit,,,2026-09-07T22:37:12.874733210,,,2026-08-15,APPROXIMATE_FIXED_LAG,UNKNOWN,UNKNOWN,data\raw\isyatirim_cache\BRSAN_2026_XI_29.json,satislar;ebitda;op_gelir;net_kar;cfo;fcf;ozkaynaklar;toplam_borc;net_borc;nakit;toplam_aktif,toplam_borc;net_borc;ebitda;ihracat_orani;piyasa_degeri;pb;roe;roa;ev;ev_ebitda;fcf_verim
BSOKE.IS,2018Q1,2018-03-31,XI_29,isyatirim_pit,,,2026-09-07T22:37:15.498462915,,,2018-05-15,APPROXIMATE_FIXED_LAG,UNKNOWN,UNKNOWN,data\raw\isyatirim_cache\BSOKE_2018_XI_29.json,satislar;ebitda;op_gelir;net_kar;cfo;fcf;ozkaynaklar;toplam_borc;net_borc;nakit;toplam_aktif,toplam_borc;net_borc;ebitda;ihracat_orani;piyasa_degeri;pb;roe;roa;ev;ev_ebitda;fcf_verim
BSOKE.IS,2018Q2,2018-06-30,XI_29,isyatirim_pit,,,2026-09-07T22:37:15.498462915,,,2018-08-15,APPROXIMATE_FIXED_LAG,UNKNOWN,UNKNOWN,data\raw\isyatirim_cache\BSOKE_2018_XI_29.json,satislar;ebitda;op_gelir;net_kar;cfo;fcf;ozkaynaklar;toplam_borc;net_borc;nakit;toplam_aktif,toplam_borc;net_borc;ebitda;ihracat_orani;piyasa_degeri;pb;roe;roa;ev;ev_ebitda;fcf_verim
BSOKE.IS,2018Q3,2018-09-30,XI_29,isyatirim_pit,,,2026-09-07T22:37:15.498462915,,,2018-11-15,APPROXIMATE_FIXED_LAG,UNKNOWN,UNKNOWN,data\raw\isyatirim_cache\BSOKE_2018_XI_29.json,satislar;ebitda;op_gelir;net_kar;cfo;fcf;ozkaynaklar;toplam_borc;net_borc;nakit;toplam_aktif,toplam_borc;net_borc;ebitda;ihracat_orani;piyasa_degeri;pb;roe;roa;ev;ev_ebitda;fcf_verim
BSOKE.IS,2018Q4,2018-12-31,XI_29,isyatirim_pit,,,2026-09-07T22:37:15.498462915,,,2019-03-15,APPROXIMATE_FIXED_LAG,UNKNOWN,UNKNOWN,data\raw\isyatirim_cache\BSOKE_2018_XI_29.json,satislar;ebitda;op_gelir;net_kar;cfo;fcf;ozkaynaklar;toplam_borc;net_borc;nakit;toplam_aktif,toplam_borc;net_borc;ebitda;ihracat_orani;piyasa_degeri;pb;roe;roa;ev;ev_ebitda;fcf_verim
BSOKE.IS,2019Q1,2019-03-31,XI_29,isyatirim_pit,,,2026-09-07T22:37:15.669552803,,,2019-05-15,APPROXIMATE_FIXED_LAG,UNKNOWN,UNKNOWN,data\raw\isyatirim_cache\BSOKE_2019_XI_29.json,satislar;ebitda;op_gelir;net_kar;cfo;fcf;ozkaynaklar;toplam_borc;net_borc;nakit;toplam_aktif,toplam_borc;net_borc;ebitda;ihracat_orani;piyasa_degeri;pb;roe;roa;ev;ev_ebitda;fcf_verim
BSOKE.IS,2019Q2,2019-06-30,XI_29,isyatirim_pit,,,2026-09-07T22:37:15.669552803,,,2019-08-15,APPROXIMATE_FIXED_LAG,UNKNOWN,UNKNOWN,data\raw\isyatirim_cache\BSOKE_2019_XI_29.json,satislar;ebitda;op_gelir;net_kar;cfo;fcf;ozkaynaklar;toplam_borc;net_borc;nakit;toplam_aktif,toplam_borc;net_borc;ebitda;ihracat_orani;piyasa_degeri;pb;roe;roa;ev;ev_ebitda;fcf_verim
BSOKE.IS,2019Q3,2019-09-30,XI_29,isyatirim_pit,,,2026-09-07T22:37:15.669552803,,,2019-11-15,APPROXIMATE_FIXED_LAG,UNKNOWN,UNKNOWN,data\raw\isyatirim_cache\BSOKE_2019_XI_29.json,satislar;ebitda;op_gelir;net_kar;cfo;fcf;ozkaynaklar;toplam_borc;net_borc;nakit;toplam_aktif,toplam_borc;net_borc;ebitda;ihracat_orani;piyasa_degeri;pb;roe;roa;ev;ev_ebitda;fcf_verim
BSOKE.IS,2019Q4,2019-12-31,XI_29,isyatirim_pit,,,2026-09-07T22:37:15.669552803,,,2020-03-15,APPROXIMATE_FIXED_LAG,UNKNOWN,UNKNOWN,data\raw\isyatirim_cache\BSOKE_2019_XI_29.json,satislar;ebitda;op_gelir;net_kar;cfo;fcf;ozkaynaklar;toplam_borc;net_borc;nakit;toplam_aktif,toplam_borc;net_borc;ebitda;ihracat_orani;piyasa_degeri;pb;roe;roa;ev;ev_ebitda;fcf_verim
BSOKE.IS,2020Q1,2020-03-31,XI_29,isyatirim_pit,,,2026-09-07T22:37:15.799359560,,,2020-05-15,APPROXIMATE_FIXED_LAG,UNKNOWN,UNKNOWN,data\raw\isyatirim_cache\BSOKE_2020_XI_29.json,satislar;ebitda;op_gelir;net_kar;cfo;fcf;ozkaynaklar;toplam_borc;net_borc;nakit;toplam_aktif,toplam_borc;net_borc;ebitda;ihracat_orani;piyasa_degeri;pb;roe;roa;ev;ev_ebitda;fcf_verim
BSOKE.IS,2020Q2,2020-06-30,XI_29,isyatirim_pit,,,2026-09-07T22:37:15.799359560,,,2020-08-15,APPROXIMATE_FIXED_LAG,UNKNOWN,UNKNOWN,data\raw\isyatirim_cache\BSOKE_2020_XI_29.json,satislar;ebitda;op_gelir;net_kar;cfo;fcf;ozkaynaklar;toplam_borc;net_borc;nakit;toplam_aktif,toplam_borc;net_borc;ebitda;ihracat_orani;piyasa_degeri;pb;roe;roa;ev;ev_ebitda;fcf_verim
BSOKE.IS,2020Q3,2020-09-30,XI_29,isyatirim_pit,,,2026-09-07T22:37:15.799359560,,,2020-11-15,APPROXIMATE_FIXED_LAG,UNKNOWN,UNKNOWN,data\raw\isyatirim_cache\BSOKE_2020_XI_29.json,satislar;ebitda;op_gelir;net_kar;cfo;fcf;ozkaynaklar;toplam_borc;net_borc;nakit;toplam_aktif,toplam_borc;net_borc;ebitda;ihracat_orani;piyasa_degeri;pb;roe;roa;ev;ev_ebitda;fcf_verim
BSOKE.IS,2020Q4,2020-12-31,XI_29,isyatirim_pit,,,2026-09-07T22:37:15.799359560,,,2021-03-15,APPROXIMATE_FIXED_LAG,UNKNOWN,UNKNOWN,data\raw\isyatirim_cache\BSOKE_2020_XI_29.json,satislar;ebitda;op_gelir;net_kar;cfo;fcf;ozkaynaklar;toplam_borc;net_borc;nakit;toplam_aktif,toplam_borc;net_borc;ebitda;ihracat_orani;piyasa_degeri;pb;roe;roa;ev;ev_ebitda;fcf_verim
BSOKE.IS,2021Q1,2021-03-31,XI_29,isyatirim_pit,,,2026-09-07T22:37:15.973272562,,,2021-05-15,APPROXIMATE_FIXED_LAG,UNKNOWN,UNKNOWN,data\raw\isyatirim_cache\BSOKE_2021_XI_29.json,satislar;ebitda;op_gelir;net_kar;cfo;fcf;ozkaynaklar;toplam_borc;net_borc;nakit;toplam_aktif,toplam_borc;net_borc;ebitda;ihracat_orani;piyasa_degeri;pb;roe;roa;ev;ev_ebitda;fcf_verim
BSOKE.IS,2021Q2,2021-06-30,XI_29,isyatirim_pit,,,2026-09-07T22:37:15.973272562,,,2021-08-15,APPROXIMATE_FIXED_LAG,UNKNOWN,UNKNOWN,data\raw\isyatirim_cache\BSOKE_2021_XI_29.json,satislar;ebitda;op_gelir;net_kar;cfo;fcf;ozkaynaklar;toplam_borc;net_borc;nakit;toplam_aktif,toplam_borc;net_borc;ebitda;ihracat_orani;piyasa_degeri;pb;roe;roa;ev;ev_ebitda;fcf_verim
BSOKE.IS,2021Q3,2021-09-30,XI_29,isyatirim_pit,,,2026-09-07T22:37:15.973272562,,,2021-11-15,APPROXIMATE_FIXED_LAG,UNKNOWN,UNKNOWN,data\raw\isyatirim_cache\BSOKE_2021_XI_29.json,satislar;ebitda;op_gelir;net_kar;cfo;fcf;ozkaynaklar;toplam_borc;net_borc;nakit;toplam_aktif,toplam_borc;net_borc;ebitda;ihracat_orani;piyasa_degeri;pb;roe;roa;ev;ev_ebitda;fcf_verim
BSOKE.IS,2021Q4,2021-12-31,XI_29,isyatirim_pit,,,2026-09-07T22:37:15.973272562,,,2022-03-15,APPROXIMATE_FIXED_LAG,UNKNOWN,UNKNOWN,data\raw\isyatirim_cache\BSOKE_2021_XI_29.json,satislar;ebitda;op_gelir;net_kar;cfo;fcf;ozkaynaklar;toplam_borc;net_borc;nakit;toplam_aktif,toplam_borc;net_borc;ebitda;ihracat_orani;piyasa_degeri;pb;roe;roa;ev;ev_ebitda;fcf_verim
BSOKE.IS,2022Q1,2022-03-31,XI_29,isyatirim_pit,,,2026-09-07T22:37:16.106409311,,,2022-05-15,APPROXIMATE_FIXED_LAG,UNKNOWN,UNKNOWN,data\raw\isyatirim_cache\BSOKE_2022_XI_29.json,satislar;ebitda;op_gelir;net_kar;cfo;fcf;ozkaynaklar;toplam_borc;net_borc;nakit;toplam_aktif,toplam_borc;net_borc;ebitda;ihracat_orani;piyasa_degeri;pb;roe;roa;ev;ev_ebitda;fcf_verim
BSOKE.IS,2022Q2,2022-06-30,XI_29,isyatirim_pit,,,2026-09-07T22:37:16.106409311,,,2022-08-15,APPROXIMATE_FIXED_LAG,UNKNOWN,UNKNOWN,data\raw\isyatirim_cache\BSOKE_2022_XI_29.json,satislar;ebitda;op_gelir;net_kar;cfo;fcf;ozkaynaklar;toplam_borc;net_borc;nakit;toplam_aktif,toplam_borc;net_borc;ebitda;ihracat_orani;piyasa_degeri;pb;roe;roa;ev;ev_ebitda;fcf_verim
BSOKE.IS,2022Q3,2022-09-30,XI_29,isyatirim_pit,,,2026-09-07T22:37:16.106409311,,,2022-11-15,APPROXIMATE_FIXED_LAG,UNKNOWN,UNKNOWN,data\raw\isyatirim_cache\BSOKE_2022_XI_29.json,satislar;ebitda;op_gelir;net_kar;cfo;fcf;ozkaynaklar;toplam_borc;net_borc;nakit;toplam_aktif,toplam_borc;net_borc;ebitda;ihracat_orani;piyasa_degeri;pb;roe;roa;ev;ev_ebitda;fcf_verim
BSOKE.IS,2022Q4,2022-12-31,XI_29,isyatirim_pit,,,2026-09-07T22:37:16.106409311,,,2023-03-15,APPROXIMATE_FIXED_LAG,UNKNOWN,UNKNOWN,data\raw\isyatirim_cache\BSOKE_2022_XI_29.json,satislar;ebitda;op_gelir;net_kar;cfo;fcf;ozkaynaklar;toplam_borc;net_borc;nakit;toplam_aktif,toplam_borc;net_borc;ebitda;ihracat_orani;piyasa_degeri;pb;roe;roa;ev;ev_ebitda;fcf_verim
BSOKE.IS,2023Q1,2023-03-31,XI_29,isyatirim_pit,,,2026-09-07T22:37:16.234640598,,,2023-05-15,APPROXIMATE_FIXED_LAG,UNKNOWN,UNKNOWN,data\raw\isyatirim_cache\BSOKE_2023_XI_29.json,satislar;ebitda;op_gelir;net_kar;cfo;fcf;ozkaynaklar;toplam_borc;net_borc;nakit;toplam_aktif,toplam_borc;net_borc;ebitda;ihracat_orani;piyasa_degeri;pb;roe;roa;ev;ev_ebitda;fcf_verim
BSOKE.IS,2023Q2,2023-06-30,XI_29,isyatirim_pit,,,2026-09-07T22:37:16.234640598,,,2023-08-15,APPROXIMATE_FIXED_LAG,UNKNOWN,UNKNOWN,data\raw\isyatirim_cache\BSOKE_2023_XI_29.json,satislar;ebitda;op_gelir;net_kar;cfo;fcf;ozkaynaklar;toplam_borc;net_borc;nakit;toplam_aktif,toplam_borc;net_borc;ebitda;ihracat_orani;piyasa_degeri;pb;roe;roa;ev;ev_ebitda;fcf_verim
BSOKE.IS,2023Q3,2023-09-30,XI_29,isyatirim_pit,,,2026-09-07T22:37:16.234640598,,,2023-11-15,APPROXIMATE_FIXED_LAG,UNKNOWN,UNKNOWN,data\raw\isyatirim_cache\BSOKE_2023_XI_29.json,satislar;ebitda;op_gelir;net_kar;cfo;fcf;ozkaynaklar;toplam_borc;net_borc;nakit;toplam_aktif,toplam_borc;net_borc;ebitda;ihracat_orani;piyasa_degeri;pb;roe;roa;ev;ev_ebitda;fcf_verim
BSOKE.IS,2023Q4,2023-12-31,XI_29,isyatirim_pit,,,2026-09-07T22:37:16.234640598,,,2024-03-15,APPROXIMATE_FIXED_LAG,UNKNOWN,UNKNOWN,data\raw\isyatirim_cache\BSOKE_2023_XI_29.json,satislar;ebitda;op_gelir;net_kar;cfo;fcf;ozkaynaklar;toplam_borc;net_borc;nakit;toplam_aktif,toplam_borc;net_borc;ebitda;ihracat_orani;piyasa_degeri;pb;roe;roa;ev;ev_ebitda;fcf_verim
BSOKE.IS,2024Q1,2024-03-31,XI_29,isyatirim_pit,,,2026-09-07T22:37:16.327658653,,,2024-05-15,APPROXIMATE_FIXED_LAG,UNKNOWN,UNKNOWN,data\raw\isyatirim_cache\BSOKE_2024_XI_29.json,satislar;ebitda;op_gelir;net_kar;cfo;fcf;ozkaynaklar;toplam_borc;net_borc;nakit;toplam_aktif,toplam_borc;net_borc;ebitda;ihracat_orani;piyasa_degeri;pb;roe;roa;ev;ev_ebitda;fcf_verim
BSOKE.IS,2024Q2,2024-06-30,XI_29,isyatirim_pit,,,2026-09-07T22:37:16.327658653,,,2024-08-15,APPROXIMATE_FIXED_LAG,UNKNOWN,UNKNOWN,data\raw\isyatirim_cache\BSOKE_2024_XI_29.json,satislar;ebitda;op_gelir;net_kar;cfo;fcf;ozkaynaklar;toplam_borc;net_borc;nakit;toplam_aktif,toplam_borc;net_borc;ebitda;ihracat_orani;piyasa_degeri;pb;roe;roa;ev;ev_ebitda;fcf_verim
BSOKE.IS,2024Q3,2024-09-30,XI_29,isyatirim_pit,,,2026-09-07T22:37:16.327658653,,,2024-11-15,APPROXIMATE_FIXED_LAG,UNKNOWN,UNKNOWN,data\raw\isyatirim_cache\BSOKE_2024_XI_29.json,satislar;ebitda;op_gelir;net_kar;cfo;fcf;ozkaynaklar;toplam_borc;net_borc;nakit;toplam_aktif,toplam_borc;net_borc;ebitda;ihracat_orani;piyasa_degeri;pb;roe;roa;ev;ev_ebitda;fcf_verim
BSOKE.IS,2024Q4,2024-12-31,XI_29,isyatirim_pit,,,2026-09-07T22:37:16.327658653,,,2025-03-15,APPROXIMATE_FIXED_LAG,UNKNOWN,UNKNOWN,data\raw\isyatirim_cache\BSOKE_2024_XI_29.json,satislar;ebitda;op_gelir;net_kar;cfo;fcf;ozkaynaklar;toplam_borc;net_borc;nakit;toplam_aktif,toplam_borc;net_borc;ebitda;ihracat_orani;piyasa_degeri;pb;roe;roa;ev;ev_ebitda;fcf_verim
BSOKE.IS,2025Q1,2025-03-31,XI_29,isyatirim_pit,,,2026-09-07T22:37:16.466522932,,,2025-05-15,APPROXIMATE_FIXED_LAG,UNKNOWN,UNKNOWN,data\raw\isyatirim_cache\BSOKE_2025_XI_29.json,satislar;ebitda;op_gelir;net_kar;cfo;fcf;ozkaynaklar;toplam_borc;net_borc;nakit;toplam_aktif,toplam_borc;net_borc;ebitda;ihracat_orani;piyasa_degeri;pb;roe;roa;ev;ev_ebitda;fcf_verim
BSOKE.IS,2025Q2,2025-06-30,XI_29,isyatirim_pit,,,2026-09-07T22:37:16.466522932,,,2025-08-15,APPROXIMATE_FIXED_LAG,UNKNOWN,UNKNOWN,data\raw\isyatirim_cache\BSOKE_2025_XI_29.json,satislar;ebitda;op_gelir;net_kar;cfo;fcf;ozkaynaklar;toplam_borc;net_borc;nakit;toplam_aktif,toplam_borc;net_borc;ebitda;ihracat_orani;piyasa_degeri;pb;roe;roa;ev;ev_ebitda;fcf_verim
BSOKE.IS,2025Q3,2025-09-30,XI_29,isyatirim_pit,,,2026-09-07T22:37:16.466522932,,,2025-11-15,APPROXIMATE_FIXED_LAG,UNKNOWN,UNKNOWN,data\raw\isyatirim_cache\BSOKE_2025_XI_29.json,satislar;ebitda;op_gelir;net_kar;cfo;fcf;ozkaynaklar;toplam_borc;net_borc;nakit;toplam_aktif,toplam_borc;net_borc;ebitda;ihracat_orani;piyasa_degeri;pb;roe;roa;ev;ev_ebitda;fcf_verim
BSOKE.IS,2025Q4,2025-12-31,XI_29,isyatirim_pit,,,2026-09-07T22:37:16.466522932,,,2026-03-15,APPROXIMATE_FIXED_LAG,UNKNOWN,UNKNOWN,data\raw\isyatirim_cache\BSOKE_2025_XI_29.json,satislar;ebitda;op_gelir;net_kar;cfo;fcf;ozkaynaklar;toplam_borc;net_borc;nakit;toplam_aktif,toplam_borc;net_borc;ebitda;ihracat_orani;piyasa_degeri;pb;roe;roa;ev;ev_ebitda;fcf_verim
BSOKE.IS,2026Q1,2026-03-31,XI_29,isyatirim_pit,,,2026-09-07T22:37:16.612019777,,,2026-05-15,APPROXIMATE_FIXED_LAG,UNKNOWN,UNKNOWN,data\raw\isyatirim_cache\BSOKE_2026_XI_29.json,satislar;ebitda;op_gelir;net_kar;cfo;fcf;ozkaynaklar;toplam_borc;net_borc;nakit;toplam_aktif,toplam_borc;net_borc;ebitda;ihracat_orani;piyasa_degeri;pb;roe;roa;ev;ev_ebitda;fcf_verim
CANTE.IS,2018Q4,2018-12-31,XI_29,isyatirim_pit,,,2026-09-07T22:37:32.569808483,,,2019-03-15,APPROXIMATE_FIXED_LAG,UNKNOWN,UNKNOWN,data\raw\isyatirim_cache\CANTE_2018_XI_29.json,satislar;ebitda;op_gelir;net_kar;cfo;fcf;ozkaynaklar;toplam_borc;net_borc;nakit;toplam_aktif,toplam_borc;net_borc;ebitda;ihracat_orani;piyasa_degeri;pb;roe;roa;ev;ev_ebitda;fcf_verim
CANTE.IS,2019Q4,2019-12-31,XI_29,isyatirim_pit,,,2026-09-07T22:37:32.695389509,,,2020-03-15,APPROXIMATE_FIXED_LAG,UNKNOWN,UNKNOWN,data\raw\isyatirim_cache\CANTE_2019_XI_29.json,satislar;ebitda;op_gelir;net_kar;cfo;fcf;ozkaynaklar;toplam_borc;net_borc;nakit;toplam_aktif,toplam_borc;net_borc;ebitda;ihracat_orani;piyasa_degeri;pb;roe;roa;ev;ev_ebitda;fcf_verim
CANTE.IS,2020Q2,2020-06-30,XI_29,isyatirim_pit,,,2026-09-07T22:37:32.833678007,,,2020-08-15,APPROXIMATE_FIXED_LAG,UNKNOWN,UNKNOWN,data\raw\isyatirim_cache\CANTE_2020_XI_29.json,satislar;ebitda;op_gelir;net_kar;cfo;fcf;ozkaynaklar;toplam_borc;net_borc;nakit;toplam_aktif,toplam_borc;net_borc;ebitda;ihracat_orani;piyasa_degeri;pb;roe;roa;ev;ev_ebitda;fcf_verim
CANTE.IS,2020Q3,2020-09-30,XI_29,isyatirim_pit,,,2026-09-07T22:37:32.833678007,,,2020-11-15,APPROXIMATE_FIXED_LAG,UNKNOWN,UNKNOWN,data\raw\isyatirim_cache\CANTE_2020_XI_29.json,satislar;ebitda;op_gelir;net_kar;cfo;fcf;ozkaynaklar;toplam_borc;net_borc;nakit;toplam_aktif,toplam_borc;net_borc;ebitda;ihracat_orani;piyasa_degeri;pb;roe;roa;ev;ev_ebitda;fcf_verim
CANTE.IS,2020Q4,2020-12-31,XI_29,isyatirim_pit,,,2026-09-07T22:37:32.833678007,,,2021-03-15,APPROXIMATE_FIXED_LAG,UNKNOWN,UNKNOWN,data\raw\isyatirim_cache\CANTE_2020_XI_29.json,satislar;ebitda;op_gelir;net_kar;cfo;fcf;ozkaynaklar;toplam_borc;net_borc;nakit;toplam_aktif,toplam_borc;net_borc;ebitda;ihracat_orani;piyasa_degeri;pb;roe;roa;ev;ev_ebitda;fcf_verim
CANTE.IS,2021Q1,2021-03-31,XI_29,isyatirim_pit,,,2026-09-07T22:37:32.972676039,,,2021-05-15,APPROXIMATE_FIXED_LAG,UNKNOWN,UNKNOWN,data\raw\isyatirim_cache\CANTE_2021_XI_29.json,satislar;ebitda;op_gelir;net_kar;cfo;fcf;ozkaynaklar;toplam_borc;net_borc;nakit;toplam_aktif,toplam_borc;net_borc;ebitda;ihracat_orani;piyasa_degeri;pb;roe;roa;ev;ev_ebitda;fcf_verim
CANTE.IS,2021Q2,2021-06-30,XI_29,isyatirim_pit,,,2026-09-07T22:37:32.972676039,,,2021-08-15,APPROXIMATE_FIXED_LAG,UNKNOWN,UNKNOWN,data\raw\isyatirim_cache\CANTE_2021_XI_29.json,satislar;ebitda;op_gelir;net_kar;cfo;fcf;ozkaynaklar;toplam_borc;net_borc;nakit;toplam_aktif,toplam_borc;net_borc;ebitda;ihracat_orani;piyasa_degeri;pb;roe;roa;ev;ev_ebitda;fcf_verim
CANTE.IS,2021Q3,2021-09-30,XI_29,isyatirim_pit,,,2026-09-07T22:37:32.972676039,,,2021-11-15,APPROXIMATE_FIXED_LAG,UNKNOWN,UNKNOWN,data\raw\isyatirim_cache\CANTE_2021_XI_29.json,satislar;ebitda;op_gelir;net_kar;cfo;fcf;ozkaynaklar;toplam_borc;net_borc;nakit;toplam_aktif,toplam_borc;net_borc;ebitda;ihracat_orani;piyasa_degeri;pb;roe;roa;ev;ev_ebitda;fcf_verim
CANTE.IS,2021Q4,2021-12-31,XI_29,isyatirim_pit,,,2026-09-07T22:37:32.972676039,,,2022-03-15,APPROXIMATE_FIXED_LAG,UNKNOWN,UNKNOWN,data\raw\isyatirim_cache\CANTE_2021_XI_29.json,satislar;ebitda;op_gelir;net_kar;cfo;fcf;ozkaynaklar;toplam_borc;net_borc;nakit;toplam_aktif,toplam_borc;net_borc;ebitda;ihracat_orani;piyasa_degeri;pb;roe;roa;ev;ev_ebitda;fcf_verim
CANTE.IS,2022Q1,2022-03-31,XI_29,isyatirim_pit,,,2026-09-07T22:37:33.179568768,,,2022-05-15,APPROXIMATE_FIXED_LAG,UNKNOWN,UNKNOWN,data\raw\isyatirim_cache\CANTE_2022_XI_29.json,satislar;ebitda;op_gelir;net_kar;cfo;fcf;ozkaynaklar;toplam_borc;net_borc;nakit;toplam_aktif,toplam_borc;net_borc;ebitda;ihracat_orani;piyasa_degeri;pb;roe;roa;ev;ev_ebitda;fcf_verim
CANTE.IS,2022Q2,2022-06-30,XI_29,isyatirim_pit,,,2026-09-07T22:37:33.179568768,,,2022-08-15,APPROXIMATE_FIXED_LAG,UNKNOWN,UNKNOWN,data\raw\isyatirim_cache\CANTE_2022_XI_29.json,satislar;ebitda;op_gelir;net_kar;cfo;fcf;ozkaynaklar;toplam_borc;net_borc;nakit;toplam_aktif,toplam_borc;net_borc;ebitda;ihracat_orani;piyasa_degeri;pb;roe;roa;ev;ev_ebitda;fcf_verim
CANTE.IS,2022Q3,2022-09-30,XI_29,isyatirim_pit,,,2026-09-07T22:37:33.179568768,,,2022-11-15,APPROXIMATE_FIXED_LAG,UNKNOWN,UNKNOWN,data\raw\isyatirim_cache\CANTE_2022_XI_29.json,satislar;ebitda;op_gelir;net_kar;cfo;fcf;ozkaynaklar;toplam_borc;net_borc;nakit;toplam_aktif,toplam_borc;net_borc;ebitda;ihracat_orani;piyasa_degeri;pb;roe;roa;ev;ev_ebitda;fcf_verim
CANTE.IS,2022Q4,2022-12-31,XI_29,isyatirim_pit,,,2026-09-07T22:37:33.179568768,,,2023-03-15,APPROXIMATE_FIXED_LAG,UNKNOWN,UNKNOWN,data\raw\isyatirim_cache\CANTE_2022_XI_29.json,satislar;ebitda;op_gelir;net_kar;cfo;fcf;ozkaynaklar;toplam_borc;net_borc;nakit;toplam_aktif,toplam_borc;net_borc;ebitda;ihracat_orani;piyasa_degeri;pb;roe;roa;ev;ev_ebitda;fcf_verim
CANTE.IS,2023Q1,2023-03-31,XI_29,isyatirim_pit,,,2026-09-07T22:37:33.306274414,,,2023-05-15,APPROXIMATE_FIXED_LAG,UNKNOWN,UNKNOWN,data\raw\isyatirim_cache\CANTE_2023_XI_29.json,satislar;ebitda;op_gelir;net_kar;cfo;fcf;ozkaynaklar;toplam_borc;net_borc;nakit;toplam_aktif,toplam_borc;net_borc;ebitda;ihracat_orani;piyasa_degeri;pb;roe;roa;ev;ev_ebitda;fcf_verim
CANTE.IS,2023Q2,2023-06-30,XI_29,isyatirim_pit,,,2026-09-07T22:37:33.306274414,,,2023-08-15,APPROXIMATE_FIXED_LAG,UNKNOWN,UNKNOWN,data\raw\isyatirim_cache\CANTE_2023_XI_29.json,satislar;ebitda;op_gelir;net_kar;cfo;fcf;ozkaynaklar;toplam_borc;net_borc;nakit;toplam_aktif,toplam_borc;net_borc;ebitda;ihracat_orani;piyasa_degeri;pb;roe;roa;ev;ev_ebitda;fcf_verim
CANTE.IS,2023Q3,2023-09-30,XI_29,isyatirim_pit,,,2026-09-07T22:37:33.306274414,,,2023-11-15,APPROXIMATE_FIXED_LAG,UNKNOWN,UNKNOWN,data\raw\isyatirim_cache\CANTE_2023_XI_29.json,satislar;ebitda;op_gelir;net_kar;cfo;fcf;ozkaynaklar;toplam_borc;net_borc;nakit;toplam_aktif,toplam_borc;net_borc;ebitda;ihracat_orani;piyasa_degeri;pb;roe;roa;ev;ev_ebitda;fcf_verim
CANTE.IS,2023Q4,2023-12-31,XI_29,isyatirim_pit,,,2026-09-07T22:37:33.306274414,,,2024-03-15,APPROXIMATE_FIXED_LAG,UNKNOWN,UNKNOWN,data\raw\isyatirim_cache\CANTE_2023_XI_29.json,satislar;ebitda;op_gelir;net_kar;cfo;fcf;ozkaynaklar;toplam_borc;net_borc;nakit;toplam_aktif,toplam_borc;net_borc;ebitda;ihracat_orani;piyasa_degeri;pb;roe;roa;ev;ev_ebitda;fcf_verim
CANTE.IS,2024Q1,2024-03-31,XI_29,isyatirim_pit,,,2026-09-07T22:37:33.405533552,,,2024-05-15,APPROXIMATE_FIXED_LAG,UNKNOWN,UNKNOWN,data\raw\isyatirim_cache\CANTE_2024_XI_29.json,satislar;ebitda;op_gelir;net_kar;cfo;fcf;ozkaynaklar;toplam_borc;net_borc;nakit;toplam_aktif,toplam_borc;net_borc;ebitda;ihracat_orani;piyasa_degeri;pb;roe;roa;ev;ev_ebitda;fcf_verim
CANTE.IS,2024Q2,2024-06-30,XI_29,isyatirim_pit,,,2026-09-07T22:37:33.405533552,,,2024-08-15,APPROXIMATE_FIXED_LAG,UNKNOWN,UNKNOWN,data\raw\isyatirim_cache\CANTE_2024_XI_29.json,satislar;ebitda;op_gelir;net_kar;cfo;fcf;ozkaynaklar;toplam_borc;net_borc;nakit;toplam_aktif,toplam_borc;net_borc;ebitda;ihracat_orani;piyasa_degeri;pb;roe;roa;ev;ev_ebitda;fcf_verim
CANTE.IS,2024Q3,2024-09-30,XI_29,isyatirim_pit,,,2026-09-07T22:37:33.405533552,,,2024-11-15,APPROXIMATE_FIXED_LAG,UNKNOWN,UNKNOWN,data\raw\isyatirim_cache\CANTE_2024_XI_29.json,satislar;ebitda;op_gelir;net_kar;cfo;fcf;ozkaynaklar;toplam_borc;net_borc;nakit;toplam_aktif,toplam_borc;net_borc;ebitda;ihracat_orani;piyasa_degeri;pb;roe;roa;ev;ev_ebitda;fcf_verim
CANTE.IS,2024Q4,2024-12-31,XI_29,isyatirim_pit,,,2026-09-07T22:37:33.405533552,,,2025-03-15,APPROXIMATE_FIXED_LAG,UNKNOWN,UNKNOWN,data\raw\isyatirim_cache\CANTE_2024_XI_29.json,satislar;ebitda;op_gelir;net_kar;cfo;fcf;ozkaynaklar;toplam_borc;net_borc;nakit;toplam_aktif,toplam_borc;net_borc;ebitda;ihracat_orani;piyasa_degeri;pb;roe;roa;ev;ev_ebitda;fcf_verim
CANTE.IS,2025Q1,2025-03-31,XI_29,isyatirim_pit,,,2026-09-07T22:37:33.539330006,,,2025-05-15,APPROXIMATE_FIXED_LAG,UNKNOWN,UNKNOWN,data\raw\isyatirim_cache\CANTE_2025_XI_29.json,satislar;ebitda;op_gelir;net_kar;cfo;fcf;ozkaynaklar;toplam_borc;net_borc;nakit;toplam_aktif,toplam_borc;net_borc;ebitda;ihracat_orani;piyasa_degeri;pb;roe;roa;ev;ev_ebitda;fcf_verim
CANTE.IS,2025Q2,2025-06-30,XI_29,isyatirim_pit,,,2026-09-07T22:37:33.539330006,,,2025-08-15,APPROXIMATE_FIXED_LAG,UNKNOWN,UNKNOWN,data\raw\isyatirim_cache\CANTE_2025_XI_29.json,satislar;ebitda;op_gelir;net_kar;cfo;fcf;ozkaynaklar;toplam_borc;net_borc;nakit;toplam_aktif,toplam_borc;net_borc;ebitda;ihracat_orani;piyasa_degeri;pb;roe;roa;ev;ev_ebitda;fcf_verim
CANTE.IS,2025Q3,2025-09-30,XI_29,isyatirim_pit,,,2026-09-07T22:37:33.539330006,,,2025-11-15,APPROXIMATE_FIXED_LAG,UNKNOWN,UNKNOWN,data\raw\isyatirim_cache\CANTE_2025_XI_29.json,satislar;ebitda;op_gelir;net_kar;cfo;fcf;ozkaynaklar;toplam_borc;net_borc;nakit;toplam_aktif,toplam_borc;net_borc;ebitda;ihracat_orani;piyasa_degeri;pb;roe;roa;ev;ev_ebitda;fcf_verim
CANTE.IS,2025Q4,2025-12-31,XI_29,isyatirim_pit,,,2026-09-07T22:37:33.539330006,,,2026-03-15,APPROXIMATE_FIXED_LAG,UNKNOWN,UNKNOWN,data\raw\isyatirim_cache\CANTE_2025_XI_29.json,satislar;ebitda;op_gelir;net_kar;cfo;fcf;ozkaynaklar;toplam_borc;net_borc;nakit;toplam_aktif,toplam_borc;net_borc;ebitda;ihracat_orani;piyasa_degeri;pb;roe;roa;ev;ev_ebitda;fcf_verim
CANTE.IS,2026Q1,2026-03-31,XI_29,isyatirim_pit,,,2026-09-07T22:37:33.674714804,,,2026-05-15,APPROXIMATE_FIXED_LAG,UNKNOWN,UNKNOWN,data\raw\isyatirim_cache\CANTE_2026_XI_29.json,satislar;ebitda;op_gelir;net_kar;cfo;fcf;ozkaynaklar;toplam_borc;net_borc;nakit;toplam_aktif,toplam_borc;net_borc;ebitda;ihracat_orani;piyasa_degeri;pb;roe;roa;ev;ev_ebitda;fcf_verim
CANTE.IS,2026Q2,2026-06-30,XI_29,isyatirim_pit,,,2026-09-07T22:37:33.674714804,,,2026-08-15,APPROXIMATE_FIXED_LAG,UNKNOWN,UNKNOWN,data\raw\isyatirim_cache\CANTE_2026_XI_29.json,satislar;ebitda;op_gelir;net_kar;cfo;fcf;ozkaynaklar;toplam_borc;net_borc;nakit;toplam_aktif,toplam_borc;net_borc;ebitda;ihracat_orani;piyasa_degeri;pb;roe;roa;ev;ev_ebitda;fcf_verim
CCOLA.IS,2018Q1,2018-03-31,XI_29,isyatirim_pit,,,2026-09-07T22:37:15.325533867,,,2018-05-15,APPROXIMATE_FIXED_LAG,UNKNOWN,UNKNOWN,data\raw\isyatirim_cache\CCOLA_2018_XI_29.json,satislar;ebitda;op_gelir;net_kar;cfo;fcf;ozkaynaklar;toplam_borc;net_borc;nakit;toplam_aktif,toplam_borc;net_borc;ebitda;ihracat_orani;piyasa_degeri;pb;roe;roa;ev;ev_ebitda;fcf_verim
CCOLA.IS,2018Q2,2018-06-30,XI_29,isyatirim_pit,,,2026-09-07T22:37:15.325533867,,,2018-08-15,APPROXIMATE_FIXED_LAG,UNKNOWN,UNKNOWN,data\raw\isyatirim_cache\CCOLA_2018_XI_29.json,satislar;ebitda;op_gelir;net_kar;cfo;fcf;ozkaynaklar;toplam_borc;net_borc;nakit;toplam_aktif,toplam_borc;net_borc;ebitda;ihracat_orani;piyasa_degeri;pb;roe;roa;ev;ev_ebitda;fcf_verim
CCOLA.IS,2018Q3,2018-09-30,XI_29,isyatirim_pit,,,2026-09-07T22:37:15.325533867,,,2018-11-15,APPROXIMATE_FIXED_LAG,UNKNOWN,UNKNOWN,data\raw\isyatirim_cache\CCOLA_2018_XI_29.json,satislar;ebitda;op_gelir;net_kar;cfo;fcf;ozkaynaklar;toplam_borc;net_borc;nakit;toplam_aktif,toplam_borc;net_borc;ebitda;ihracat_orani;piyasa_degeri;pb;roe;roa;ev;ev_ebitda;fcf_verim
CCOLA.IS,2018Q4,2018-12-31,XI_29,isyatirim_pit,,,2026-09-07T22:37:15.325533867,,,2019-03-15,APPROXIMATE_FIXED_LAG,UNKNOWN,UNKNOWN,data\raw\isyatirim_cache\CCOLA_2018_XI_29.json,satislar;ebitda;op_gelir;net_kar;cfo;fcf;ozkaynaklar;toplam_borc;net_borc;nakit;toplam_aktif,toplam_borc;net_borc;ebitda;ihracat_orani;piyasa_degeri;pb;roe;roa;ev;ev_ebitda;fcf_verim
CCOLA.IS,2019Q1,2019-03-31,XI_29,isyatirim_pit,,,2026-09-07T22:37:15.498462915,,,2019-05-15,APPROXIMATE_FIXED_LAG,UNKNOWN,UNKNOWN,data\raw\isyatirim_cache\CCOLA_2019_XI_29.json,satislar;ebitda;op_gelir;net_kar;cfo;fcf;ozkaynaklar;toplam_borc;net_borc;nakit;toplam_aktif,toplam_borc;net_borc;ebitda;ihracat_orani;piyasa_degeri;pb;roe;roa;ev;ev_ebitda;fcf_verim
CCOLA.IS,2019Q2,2019-06-30,XI_29,isyatirim_pit,,,2026-09-07T22:37:15.498462915,,,2019-08-15,APPROXIMATE_FIXED_LAG,UNKNOWN,UNKNOWN,data\raw\isyatirim_cache\CCOLA_2019_XI_29.json,satislar;ebitda;op_gelir;net_kar;cfo;fcf;ozkaynaklar;toplam_borc;net_borc;nakit;toplam_aktif,toplam_borc;net_borc;ebitda;ihracat_orani;piyasa_degeri;pb;roe;roa;ev;ev_ebitda;fcf_verim
CCOLA.IS,2019Q3,2019-09-30,XI_29,isyatirim_pit,,,2026-09-07T22:37:15.498462915,,,2019-11-15,APPROXIMATE_FIXED_LAG,UNKNOWN,UNKNOWN,data\raw\isyatirim_cache\CCOLA_2019_XI_29.json,satislar;ebitda;op_gelir;net_kar;cfo;fcf;ozkaynaklar;toplam_borc;net_borc;nakit;toplam_aktif,toplam_borc;net_borc;ebitda;ihracat_orani;piyasa_degeri;pb;roe;roa;ev;ev_ebitda;fcf_verim
CCOLA.IS,2019Q4,2019-12-31,XI_29,isyatirim_pit,,,2026-09-07T22:37:15.498462915,,,2020-03-15,APPROXIMATE_FIXED_LAG,UNKNOWN,UNKNOWN,data\raw\isyatirim_cache\CCOLA_2019_XI_29.json,satislar;ebitda;op_gelir;net_kar;cfo;fcf;ozkaynaklar;toplam_borc;net_borc;nakit;toplam_aktif,toplam_borc;net_borc;ebitda;ihracat_orani;piyasa_degeri;pb;roe;roa;ev;ev_ebitda;fcf_verim
CCOLA.IS,2020Q1,2020-03-31,XI_29,isyatirim_pit,,,2026-09-07T22:37:15.627920628,,,2020-05-15,APPROXIMATE_FIXED_LAG,UNKNOWN,UNKNOWN,data\raw\isyatirim_cache\CCOLA_2020_XI_29.json,satislar;ebitda;op_gelir;net_kar;cfo;fcf;ozkaynaklar;toplam_borc;net_borc;nakit;toplam_aktif,toplam_borc;net_borc;ebitda;ihracat_orani;piyasa_degeri;pb;roe;roa;ev;ev_ebitda;fcf_verim
CCOLA.IS,2020Q2,2020-06-30,XI_29,isyatirim_pit,,,2026-09-07T22:37:15.627920628,,,2020-08-15,APPROXIMATE_FIXED_LAG,UNKNOWN,UNKNOWN,data\raw\isyatirim_cache\CCOLA_2020_XI_29.json,satislar;ebitda;op_gelir;net_kar;cfo;fcf;ozkaynaklar;toplam_borc;net_borc;nakit;toplam_aktif,toplam_borc;net_borc;ebitda;ihracat_orani;piyasa_degeri;pb;roe;roa;ev;ev_ebitda;fcf_verim
CCOLA.IS,2020Q3,2020-09-30,XI_29,isyatirim_pit,,,2026-09-07T22:37:15.627920628,,,2020-11-15,APPROXIMATE_FIXED_LAG,UNKNOWN,UNKNOWN,data\raw\isyatirim_cache\CCOLA_2020_XI_29.json,satislar;ebitda;op_gelir;net_kar;cfo;fcf;ozkaynaklar;toplam_borc;net_borc;nakit;toplam_aktif,toplam_borc;net_borc;ebitda;ihracat_orani;piyasa_degeri;pb;roe;roa;ev;ev_ebitda;fcf_verim
CCOLA.IS,2020Q4,2020-12-31,XI_29,isyatirim_pit,,,2026-09-07T22:37:15.627920628,,,2021-03-15,APPROXIMATE_FIXED_LAG,UNKNOWN,UNKNOWN,data\raw\isyatirim_cache\CCOLA_2020_XI_29.json,satislar;ebitda;op_gelir;net_kar;cfo;fcf;ozkaynaklar;toplam_borc;net_borc;nakit;toplam_aktif,toplam_borc;net_borc;ebitda;ihracat_orani;piyasa_degeri;pb;roe;roa;ev;ev_ebitda;fcf_verim
CCOLA.IS,2021Q1,2021-03-31,XI_29,isyatirim_pit,,,2026-09-07T22:37:15.783973217,,,2021-05-15,APPROXIMATE_FIXED_LAG,UNKNOWN,UNKNOWN,data\raw\isyatirim_cache\CCOLA_2021_XI_29.json,satislar;ebitda;op_gelir;net_kar;cfo;fcf;ozkaynaklar;toplam_borc;net_borc;nakit;toplam_aktif,toplam_borc;net_borc;ebitda;ihracat_orani;piyasa_degeri;pb;roe;roa;ev;ev_ebitda;fcf_verim
CCOLA.IS,2021Q2,2021-06-30,XI_29,isyatirim_pit,,,2026-09-07T22:37:15.783973217,,,2021-08-15,APPROXIMATE_FIXED_LAG,UNKNOWN,UNKNOWN,data\raw\isyatirim_cache\CCOLA_2021_XI_29.json,satislar;ebitda;op_gelir;net_kar;cfo;fcf;ozkaynaklar;toplam_borc;net_borc;nakit;toplam_aktif,toplam_borc;net_borc;ebitda;ihracat_orani;piyasa_degeri;pb;roe;roa;ev;ev_ebitda;fcf_verim
CCOLA.IS,2021Q3,2021-09-30,XI_29,isyatirim_pit,,,2026-09-07T22:37:15.783973217,,,2021-11-15,APPROXIMATE_FIXED_LAG,UNKNOWN,UNKNOWN,data\raw\isyatirim_cache\CCOLA_2021_XI_29.json,satislar;ebitda;op_gelir;net_kar;cfo;fcf;ozkaynaklar;toplam_borc;net_borc;nakit;toplam_aktif,toplam_borc;net_borc;ebitda;ihracat_orani;piyasa_degeri;pb;roe;roa;ev;ev_ebitda;fcf_verim
CCOLA.IS,2021Q4,2021-12-31,XI_29,isyatirim_pit,,,2026-09-07T22:37:15.783973217,,,2022-03-15,APPROXIMATE_FIXED_LAG,UNKNOWN,UNKNOWN,data\raw\isyatirim_cache\CCOLA_2021_XI_29.json,satislar;ebitda;op_gelir;net_kar;cfo;fcf;ozkaynaklar;toplam_borc;net_borc;nakit;toplam_aktif,toplam_borc;net_borc;ebitda;ihracat_orani;piyasa_degeri;pb;roe;roa;ev;ev_ebitda;fcf_verim
CCOLA.IS,2022Q1,2022-03-31,XI_29,isyatirim_pit,,,2026-09-07T22:37:15.914965153,,,2022-05-15,APPROXIMATE_FIXED_LAG,UNKNOWN,UNKNOWN,data\raw\isyatirim_cache\CCOLA_2022_XI_29.json,satislar;ebitda;op_gelir;net_kar;cfo;fcf;ozkaynaklar;toplam_borc;net_borc;nakit;toplam_aktif,toplam_borc;net_borc;ebitda;ihracat_orani;piyasa_degeri;pb;roe;roa;ev;ev_ebitda;fcf_verim
CCOLA.IS,2022Q2,2022-06-30,XI_29,isyatirim_pit,,,2026-09-07T22:37:15.914965153,,,2022-08-15,APPROXIMATE_FIXED_LAG,UNKNOWN,UNKNOWN,data\raw\isyatirim_cache\CCOLA_2022_XI_29.json,satislar;ebitda;op_gelir;net_kar;cfo;fcf;ozkaynaklar;toplam_borc;net_borc;nakit;toplam_aktif,toplam_borc;net_borc;ebitda;ihracat_orani;piyasa_degeri;pb;roe;roa;ev;ev_ebitda;fcf_verim
CCOLA.IS,2022Q3,2022-09-30,XI_29,isyatirim_pit,,,2026-09-07T22:37:15.914965153,,,2022-11-15,APPROXIMATE_FIXED_LAG,UNKNOWN,UNKNOWN,data\raw\isyatirim_cache\CCOLA_2022_XI_29.json,satislar;ebitda;op_gelir;net_kar;cfo;fcf;ozkaynaklar;toplam_borc;net_borc;nakit;toplam_aktif,toplam_borc;net_borc;ebitda;ihracat_orani;piyasa_degeri;pb;roe;roa;ev;ev_ebitda;fcf_verim
CCOLA.IS,2022Q4,2022-12-31,XI_29,isyatirim_pit,,,2026-09-07T22:37:15.914965153,,,2023-03-15,APPROXIMATE_FIXED_LAG,UNKNOWN,UNKNOWN,data\raw\isyatirim_cache\CCOLA_2022_XI_29.json,satislar;ebitda;op_gelir;net_kar;cfo;fcf;ozkaynaklar;toplam_borc;net_borc;nakit;toplam_aktif,toplam_borc;net_borc;ebitda;ihracat_orani;piyasa_degeri;pb;roe;roa;ev;ev_ebitda;fcf_verim
CCOLA.IS,2023Q1,2023-03-31,XI_29,isyatirim_pit,,,2026-09-07T22:37:16.059761047,,,2023-05-15,APPROXIMATE_FIXED_LAG,UNKNOWN,UNKNOWN,data\raw\isyatirim_cache\CCOLA_2023_XI_29.json,satislar;ebitda;op_gelir;net_kar;cfo;fcf;ozkaynaklar;toplam_borc;net_borc;nakit;toplam_aktif,toplam_borc;net_borc;ebitda;ihracat_orani;piyasa_degeri;pb;roe;roa;ev;ev_ebitda;fcf_verim
CCOLA.IS,2023Q2,2023-06-30,XI_29,isyatirim_pit,,,2026-09-07T22:37:16.059761047,,,2023-08-15,APPROXIMATE_FIXED_LAG,UNKNOWN,UNKNOWN,data\raw\isyatirim_cache\CCOLA_2023_XI_29.json,satislar;ebitda;op_gelir;net_kar;cfo;fcf;ozkaynaklar;toplam_borc;net_borc;nakit;toplam_aktif,toplam_borc;net_borc;ebitda;ihracat_orani;piyasa_degeri;pb;roe;roa;ev;ev_ebitda;fcf_verim
CCOLA.IS,2023Q3,2023-09-30,XI_29,isyatirim_pit,,,2026-09-07T22:37:16.059761047,,,2023-11-15,APPROXIMATE_FIXED_LAG,UNKNOWN,UNKNOWN,data\raw\isyatirim_cache\CCOLA_2023_XI_29.json,satislar;ebitda;op_gelir;net_kar;cfo;fcf;ozkaynaklar;toplam_borc;net_borc;nakit;toplam_aktif,toplam_borc;net_borc;ebitda;ihracat_orani;piyasa_degeri;pb;roe;roa;ev;ev_ebitda;fcf_verim
CCOLA.IS,2023Q4,2023-12-31,XI_29,isyatirim_pit,,,2026-09-07T22:37:16.059761047,,,2024-03-15,APPROXIMATE_FIXED_LAG,UNKNOWN,UNKNOWN,data\raw\isyatirim_cache\CCOLA_2023_XI_29.json,satislar;ebitda;op_gelir;net_kar;cfo;fcf;ozkaynaklar;toplam_borc;net_borc;nakit;toplam_aktif,toplam_borc;net_borc;ebitda;ihracat_orani;piyasa_degeri;pb;roe;roa;ev;ev_ebitda;fcf_verim
CCOLA.IS,2024Q1,2024-03-31,XI_29,isyatirim_pit,,,2026-09-07T22:37:16.152993441,,,2024-05-15,APPROXIMATE_FIXED_LAG,UNKNOWN,UNKNOWN,data\raw\isyatirim_cache\CCOLA_2024_XI_29.json,satislar;ebitda;op_gelir;net_kar;cfo;fcf;ozkaynaklar;toplam_borc;net_borc;nakit;toplam_aktif,toplam_borc;net_borc;ebitda;ihracat_orani;piyasa_degeri;pb;roe;roa;ev;ev_ebitda;fcf_verim
CCOLA.IS,2024Q2,2024-06-30,XI_29,isyatirim_pit,,,2026-09-07T22:37:16.152993441,,,2024-08-15,APPROXIMATE_FIXED_LAG,UNKNOWN,UNKNOWN,data\raw\isyatirim_cache\CCOLA_2024_XI_29.json,satislar;ebitda;op_gelir;net_kar;cfo;fcf;ozkaynaklar;toplam_borc;net_borc;nakit;toplam_aktif,toplam_borc;net_borc;ebitda;ihracat_orani;piyasa_degeri;pb;roe;roa;ev;ev_ebitda;fcf_verim
CCOLA.IS,2024Q3,2024-09-30,XI_29,isyatirim_pit,,,2026-09-07T22:37:16.152993441,,,2024-11-15,APPROXIMATE_FIXED_LAG,UNKNOWN,UNKNOWN,data\raw\isyatirim_cache\CCOLA_2024_XI_29.json,satislar;ebitda;op_gelir;net_kar;cfo;fcf;ozkaynaklar;toplam_borc;net_borc;nakit;toplam_aktif,toplam_borc;net_borc;ebitda;ihracat_orani;piyasa_degeri;pb;roe;roa;ev;ev_ebitda;fcf_verim
CCOLA.IS,2024Q4,2024-12-31,XI_29,isyatirim_pit,,,2026-09-07T22:37:16.152993441,,,2025-03-15,APPROXIMATE_FIXED_LAG,UNKNOWN,UNKNOWN,data\raw\isyatirim_cache\CCOLA_2024_XI_29.json,satislar;ebitda;op_gelir;net_kar;cfo;fcf;ozkaynaklar;toplam_borc;net_borc;nakit;toplam_aktif,toplam_borc;net_borc;ebitda;ihracat_orani;piyasa_degeri;pb;roe;roa;ev;ev_ebitda;fcf_verim
CCOLA.IS,2025Q1,2025-03-31,XI_29,isyatirim_pit,,,2026-09-07T22:37:16.296338320,,,2025-05-15,APPROXIMATE_FIXED_LAG,UNKNOWN,UNKNOWN,data\raw\isyatirim_cache\CCOLA_2025_XI_29.json,satislar;ebitda;op_gelir;net_kar;cfo;fcf;ozkaynaklar;toplam_borc;net_borc;nakit;toplam_aktif,toplam_borc;net_borc;ebitda;ihracat_orani;piyasa_degeri;pb;roe;roa;ev;ev_ebitda;fcf_verim
CCOLA.IS,2025Q2,2025-06-30,XI_29,isyatirim_pit,,,2026-09-07T22:37:16.296338320,,,2025-08-15,APPROXIMATE_FIXED_LAG,UNKNOWN,UNKNOWN,data\raw\isyatirim_cache\CCOLA_2025_XI_29.json,satislar;ebitda;op_gelir;net_kar;cfo;fcf;ozkaynaklar;toplam_borc;net_borc;nakit;toplam_aktif,toplam_borc;net_borc;ebitda;ihracat_orani;piyasa_degeri;pb;roe;roa;ev;ev_ebitda;fcf_verim
CCOLA.IS,2025Q3,2025-09-30,XI_29,isyatirim_pit,,,2026-09-07T22:37:16.296338320,,,2025-11-15,APPROXIMATE_FIXED_LAG,UNKNOWN,UNKNOWN,data\raw\isyatirim_cache\CCOLA_2025_XI_29.json,satislar;ebitda;op_gelir;net_kar;cfo;fcf;ozkaynaklar;toplam_borc;net_borc;nakit;toplam_aktif,toplam_borc;net_borc;ebitda;ihracat_orani;piyasa_degeri;pb;roe;roa;ev;ev_ebitda;fcf_verim
CCOLA.IS,2025Q4,2025-12-31,XI_29,isyatirim_pit,,,2026-09-07T22:37:16.296338320,,,2026-03-15,APPROXIMATE_FIXED_LAG,UNKNOWN,UNKNOWN,data\raw\isyatirim_cache\CCOLA_2025_XI_29.json,satislar;ebitda;op_gelir;net_kar;cfo;fcf;ozkaynaklar;toplam_borc;net_borc;nakit;toplam_aktif,toplam_borc;net_borc;ebitda;ihracat_orani;piyasa_degeri;pb;roe;roa;ev;ev_ebitda;fcf_verim
CCOLA.IS,2026Q1,2026-03-31,XI_29,isyatirim_pit,,,2026-09-07T22:37:16.424827099,,,2026-05-15,APPROXIMATE_FIXED_LAG,UNKNOWN,UNKNOWN,data\raw\isyatirim_cache\CCOLA_2026_XI_29.json,satislar;ebitda;op_gelir;net_kar;cfo;fcf;ozkaynaklar;toplam_borc;net_borc;nakit;toplam_aktif,toplam_borc;net_borc;ebitda;ihracat_orani;piyasa_degeri;pb;roe;roa;ev;ev_ebitda;fcf_verim
CCOLA.IS,2026Q2,2026-06-30,XI_29,isyatirim_pit,,,2026-09-07T22:37:16.424827099,,,2026-08-15,APPROXIMATE_FIXED_LAG,UNKNOWN,UNKNOWN,data\raw\isyatirim_cache\CCOLA_2026_XI_29.json,satislar;ebitda;op_gelir;net_kar;cfo;fcf;ozkaynaklar;toplam_borc;net_borc;nakit;toplam_aktif,toplam_borc;net_borc;ebitda;ihracat_orani;piyasa_degeri;pb;roe;roa;ev;ev_ebitda;fcf_verim
CIMSA.IS,2018Q1,2018-03-31,XI_29,isyatirim_pit,,,2026-09-07T22:37:12.780791998,,,2018-05-15,APPROXIMATE_FIXED_LAG,UNKNOWN,UNKNOWN,data\raw\isyatirim_cache\CIMSA_2018_XI_29.json,satislar;ebitda;op_gelir;net_kar;cfo;fcf;ozkaynaklar;toplam_borc;net_borc;nakit;toplam_aktif,toplam_borc;net_borc;ebitda;ihracat_orani;piyasa_degeri;pb;roe;roa;ev;ev_ebitda;fcf_verim
CIMSA.IS,2018Q2,2018-06-30,XI_29,isyatirim_pit,,,2026-09-07T22:37:12.780791998,,,2018-08-15,APPROXIMATE_FIXED_LAG,UNKNOWN,UNKNOWN,data\raw\isyatirim_cache\CIMSA_2018_XI_29.json,satislar;ebitda;op_gelir;net_kar;cfo;fcf;ozkaynaklar;toplam_borc;net_borc;nakit;toplam_aktif,toplam_borc;net_borc;ebitda;ihracat_orani;piyasa_degeri;pb;roe;roa;ev;ev_ebitda;fcf_verim
CIMSA.IS,2018Q3,2018-09-30,XI_29,isyatirim_pit,,,2026-09-07T22:37:12.780791998,,,2018-11-15,APPROXIMATE_FIXED_LAG,UNKNOWN,UNKNOWN,data\raw\isyatirim_cache\CIMSA_2018_XI_29.json,satislar;ebitda;op_gelir;net_kar;cfo;fcf;ozkaynaklar;toplam_borc;net_borc;nakit;toplam_aktif,toplam_borc;net_borc;ebitda;ihracat_orani;piyasa_degeri;pb;roe;roa;ev;ev_ebitda;fcf_verim
CIMSA.IS,2018Q4,2018-12-31,XI_29,isyatirim_pit,,,2026-09-07T22:37:12.780791998,,,2019-03-15,APPROXIMATE_FIXED_LAG,UNKNOWN,UNKNOWN,data\raw\isyatirim_cache\CIMSA_2018_XI_29.json,satislar;ebitda;op_gelir;net_kar;cfo;fcf;ozkaynaklar;toplam_borc;net_borc;nakit;toplam_aktif,toplam_borc;net_borc;ebitda;ihracat_orani;piyasa_degeri;pb;roe;roa;ev;ev_ebitda;fcf_verim
CIMSA.IS,2019Q1,2019-03-31,XI_29,isyatirim_pit,,,2026-09-07T22:37:12.911615133,,,2019-05-15,APPROXIMATE_FIXED_LAG,UNKNOWN,UNKNOWN,data\raw\isyatirim_cache\CIMSA_2019_XI_29.json,satislar;ebitda;op_gelir;net_kar;cfo;fcf;ozkaynaklar;toplam_borc;net_borc;nakit;toplam_aktif,toplam_borc;net_borc;ebitda;ihracat_orani;piyasa_degeri;pb;roe;roa;ev;ev_ebitda;fcf_verim
CIMSA.IS,2019Q2,2019-06-30,XI_29,isyatirim_pit,,,2026-09-07T22:37:12.911615133,,,2019-08-15,APPROXIMATE_FIXED_LAG,UNKNOWN,UNKNOWN,data\raw\isyatirim_cache\CIMSA_2019_XI_29.json,satislar;ebitda;op_gelir;net_kar;cfo;fcf;ozkaynaklar;toplam_borc;net_borc;nakit;toplam_aktif,toplam_borc;net_borc;ebitda;ihracat_orani;piyasa_degeri;pb;roe;roa;ev;ev_ebitda;fcf_verim
CIMSA.IS,2019Q3,2019-09-30,XI_29,isyatirim_pit,,,2026-09-07T22:37:12.911615133,,,2019-11-15,APPROXIMATE_FIXED_LAG,UNKNOWN,UNKNOWN,data\raw\isyatirim_cache\CIMSA_2019_XI_29.json,satislar;ebitda;op_gelir;net_kar;cfo;fcf;ozkaynaklar;toplam_borc;net_borc;nakit;toplam_aktif,toplam_borc;net_borc;ebitda;ihracat_orani;piyasa_degeri;pb;roe;roa;ev;ev_ebitda;fcf_verim
CIMSA.IS,2019Q4,2019-12-31,XI_29,isyatirim_pit,,,2026-09-07T22:37:12.911615133,,,2020-03-15,APPROXIMATE_FIXED_LAG,UNKNOWN,UNKNOWN,data\raw\isyatirim_cache\CIMSA_2019_XI_29.json,satislar;ebitda;op_gelir;net_kar;cfo;fcf;ozkaynaklar;toplam_borc;net_borc;nakit;toplam_aktif,toplam_borc;net_borc;ebitda;ihracat_orani;piyasa_degeri;pb;roe;roa;ev;ev_ebitda;fcf_verim
CIMSA.IS,2020Q1,2020-03-31,XI_29,isyatirim_pit,,,2026-09-07T22:37:13.038662434,,,2020-05-15,APPROXIMATE_FIXED_LAG,UNKNOWN,UNKNOWN,data\raw\isyatirim_cache\CIMSA_2020_XI_29.json,satislar;ebitda;op_gelir;net_kar;cfo;fcf;ozkaynaklar;toplam_borc;net_borc;nakit;toplam_aktif,toplam_borc;net_borc;ebitda;ihracat_orani;piyasa_degeri;pb;roe;roa;ev;ev_ebitda;fcf_verim
CIMSA.IS,2020Q2,2020-06-30,XI_29,isyatirim_pit,,,2026-09-07T22:37:13.038662434,,,2020-08-15,APPROXIMATE_FIXED_LAG,UNKNOWN,UNKNOWN,data\raw\isyatirim_cache\CIMSA_2020_XI_29.json,satislar;ebitda;op_gelir;net_kar;cfo;fcf;ozkaynaklar;toplam_borc;net_borc;nakit;toplam_aktif,toplam_borc;net_borc;ebitda;ihracat_orani;piyasa_degeri;pb;roe;roa;ev;ev_ebitda;fcf_verim
CIMSA.IS,2020Q3,2020-09-30,XI_29,isyatirim_pit,,,2026-09-07T22:37:13.038662434,,,2020-11-15,APPROXIMATE_FIXED_LAG,UNKNOWN,UNKNOWN,data\raw\isyatirim_cache\CIMSA_2020_XI_29.json,satislar;ebitda;op_gelir;net_kar;cfo;fcf;ozkaynaklar;toplam_borc;net_borc;nakit;toplam_aktif,toplam_borc;net_borc;ebitda;ihracat_orani;piyasa_degeri;pb;roe;roa;ev;ev_ebitda;fcf_verim
CIMSA.IS,2020Q4,2020-12-31,XI_29,isyatirim_pit,,,2026-09-07T22:37:13.038662434,,,2021-03-15,APPROXIMATE_FIXED_LAG,UNKNOWN,UNKNOWN,data\raw\isyatirim_cache\CIMSA_2020_XI_29.json,satislar;ebitda;op_gelir;net_kar;cfo;fcf;ozkaynaklar;toplam_borc;net_borc;nakit;toplam_aktif,toplam_borc;net_borc;ebitda;ihracat_orani;piyasa_degeri;pb;roe;roa;ev;ev_ebitda;fcf_verim
CIMSA.IS,2021Q1,2021-03-31,XI_29,isyatirim_pit,,,2026-09-07T22:37:13.341162920,,,2021-05-15,APPROXIMATE_FIXED_LAG,UNKNOWN,UNKNOWN,data\raw\isyatirim_cache\CIMSA_2021_XI_29.json,satislar;ebitda;op_gelir;net_kar;cfo;fcf;ozkaynaklar;toplam_borc;net_borc;nakit;toplam_aktif,toplam_borc;net_borc;ebitda;ihracat_orani;piyasa_degeri;pb;roe;roa;ev;ev_ebitda;fcf_verim
CIMSA.IS,2021Q2,2021-06-30,XI_29,isyatirim_pit,,,2026-09-07T22:37:13.341162920,,,2021-08-15,APPROXIMATE_FIXED_LAG,UNKNOWN,UNKNOWN,data\raw\isyatirim_cache\CIMSA_2021_XI_29.json,satislar;ebitda;op_gelir;net_kar;cfo;fcf;ozkaynaklar;toplam_borc;net_borc;nakit;toplam_aktif,toplam_borc;net_borc;ebitda;ihracat_orani;piyasa_degeri;pb;roe;roa;ev;ev_ebitda;fcf_verim
CIMSA.IS,2021Q3,2021-09-30,XI_29,isyatirim_pit,,,2026-09-07T22:37:13.341162920,,,2021-11-15,APPROXIMATE_FIXED_LAG,UNKNOWN,UNKNOWN,data\raw\isyatirim_cache\CIMSA_2021_XI_29.json,satislar;ebitda;op_gelir;net_kar;cfo;fcf;ozkaynaklar;toplam_borc;net_borc;nakit;toplam_aktif,toplam_borc;net_borc;ebitda;ihracat_orani;piyasa_degeri;pb;roe;roa;ev;ev_ebitda;fcf_verim
CIMSA.IS,2021Q4,2021-12-31,XI_29,isyatirim_pit,,,2026-09-07T22:37:13.341162920,,,2022-03-15,APPROXIMATE_FIXED_LAG,UNKNOWN,UNKNOWN,data\raw\isyatirim_cache\CIMSA_2021_XI_29.json,satislar;ebitda;op_gelir;net_kar;cfo;fcf;ozkaynaklar;toplam_borc;net_borc;nakit;toplam_aktif,toplam_borc;net_borc;ebitda;ihracat_orani;piyasa_degeri;pb;roe;roa;ev;ev_ebitda;fcf_verim
CIMSA.IS,2022Q1,2022-03-31,XI_29,isyatirim_pit,,,2026-09-07T22:37:13.472506523,,,2022-05-15,APPROXIMATE_FIXED_LAG,UNKNOWN,UNKNOWN,data\raw\isyatirim_cache\CIMSA_2022_XI_29.json,satislar;ebitda;op_gelir;net_kar;cfo;fcf;ozkaynaklar;toplam_borc;net_borc;nakit;toplam_aktif,toplam_borc;net_borc;ebitda;ihracat_orani;piyasa_degeri;pb;roe;roa;ev;ev_ebitda;fcf_verim
CIMSA.IS,2022Q2,2022-06-30,XI_29,isyatirim_pit,,,2026-09-07T22:37:13.472506523,,,2022-08-15,APPROXIMATE_FIXED_LAG,UNKNOWN,UNKNOWN,data\raw\isyatirim_cache\CIMSA_2022_XI_29.json,satislar;ebitda;op_gelir;net_kar;cfo;fcf;ozkaynaklar;toplam_borc;net_borc;nakit;toplam_aktif,toplam_borc;net_borc;ebitda;ihracat_orani;piyasa_degeri;pb;roe;roa;ev;ev_ebitda;fcf_verim
CIMSA.IS,2022Q3,2022-09-30,XI_29,isyatirim_pit,,,2026-09-07T22:37:13.472506523,,,2022-11-15,APPROXIMATE_FIXED_LAG,UNKNOWN,UNKNOWN,data\raw\isyatirim_cache\CIMSA_2022_XI_29.json,satislar;ebitda;op_gelir;net_kar;cfo;fcf;ozkaynaklar;toplam_borc;net_borc;nakit;toplam_aktif,toplam_borc;net_borc;ebitda;ihracat_orani;piyasa_degeri;pb;roe;roa;ev;ev_ebitda;fcf_verim
CIMSA.IS,2022Q4,2022-12-31,XI_29,isyatirim_pit,,,2026-09-07T22:37:13.472506523,,,2023-03-15,APPROXIMATE_FIXED_LAG,UNKNOWN,UNKNOWN,data\raw\isyatirim_cache\CIMSA_2022_XI_29.json,satislar;ebitda;op_gelir;net_kar;cfo;fcf;ozkaynaklar;toplam_borc;net_borc;nakit;toplam_aktif,toplam_borc;net_borc;ebitda;ihracat_orani;piyasa_degeri;pb;roe;roa;ev;ev_ebitda;fcf_verim
CIMSA.IS,2023Q1,2023-03-31,XI_29,isyatirim_pit,,,2026-09-07T22:37:13.648531437,,,2023-05-15,APPROXIMATE_FIXED_LAG,UNKNOWN,UNKNOWN,data\raw\isyatirim_cache\CIMSA_2023_XI_29.json,satislar;ebitda;op_gelir;net_kar;cfo;fcf;ozkaynaklar;toplam_borc;net_borc;nakit;toplam_aktif,toplam_borc;net_borc;ebitda;ihracat_orani;piyasa_degeri;pb;roe;roa;ev;ev_ebitda;fcf_verim
CIMSA.IS,2023Q2,2023-06-30,XI_29,isyatirim_pit,,,2026-09-07T22:37:13.648531437,,,2023-08-15,APPROXIMATE_FIXED_LAG,UNKNOWN,UNKNOWN,data\raw\isyatirim_cache\CIMSA_2023_XI_29.json,satislar;ebitda;op_gelir;net_kar;cfo;fcf;ozkaynaklar;toplam_borc;net_borc;nakit;toplam_aktif,toplam_borc;net_borc;ebitda;ihracat_orani;piyasa_degeri;pb;roe;roa;ev;ev_ebitda;fcf_verim
CIMSA.IS,2023Q3,2023-09-30,XI_29,isyatirim_pit,,,2026-09-07T22:37:13.648531437,,,2023-11-15,APPROXIMATE_FIXED_LAG,UNKNOWN,UNKNOWN,data\raw\isyatirim_cache\CIMSA_2023_XI_29.json,satislar;ebitda;op_gelir;net_kar;cfo;fcf;ozkaynaklar;toplam_borc;net_borc;nakit;toplam_aktif,toplam_borc;net_borc;ebitda;ihracat_orani;piyasa_degeri;pb;roe;roa;ev;ev_ebitda;fcf_verim
CIMSA.IS,2023Q4,2023-12-31,XI_29,isyatirim_pit,,,2026-09-07T22:37:13.648531437,,,2024-03-15,APPROXIMATE_FIXED_LAG,UNKNOWN,UNKNOWN,data\raw\isyatirim_cache\CIMSA_2023_XI_29.json,satislar;ebitda;op_gelir;net_kar;cfo;fcf;ozkaynaklar;toplam_borc;net_borc;nakit;toplam_aktif,toplam_borc;net_borc;ebitda;ihracat_orani;piyasa_degeri;pb;roe;roa;ev;ev_ebitda;fcf_verim
CIMSA.IS,2024Q1,2024-03-31,XI_29,isyatirim_pit,,,2026-09-07T22:37:13.740813494,,,2024-05-15,APPROXIMATE_FIXED_LAG,UNKNOWN,UNKNOWN,data\raw\isyatirim_cache\CIMSA_2024_XI_29.json,satislar;ebitda;op_gelir;net_kar;cfo;fcf;ozkaynaklar;toplam_borc;net_borc;nakit;toplam_aktif,toplam_borc;net_borc;ebitda;ihracat_orani;piyasa_degeri;pb;roe;roa;ev;ev_ebitda;fcf_verim
CIMSA.IS,2024Q2,2024-06-30,XI_29,isyatirim_pit,,,2026-09-07T22:37:13.740813494,,,2024-08-15,APPROXIMATE_FIXED_LAG,UNKNOWN,UNKNOWN,data\raw\isyatirim_cache\CIMSA_2024_XI_29.json,satislar;ebitda;op_gelir;net_kar;cfo;fcf;ozkaynaklar;toplam_borc;net_borc;nakit;toplam_aktif,toplam_borc;net_borc;ebitda;ihracat_orani;piyasa_degeri;pb;roe;roa;ev;ev_ebitda;fcf_verim
CIMSA.IS,2024Q3,2024-09-30,XI_29,isyatirim_pit,,,2026-09-07T22:37:13.740813494,,,2024-11-15,APPROXIMATE_FIXED_LAG,UNKNOWN,UNKNOWN,data\raw\isyatirim_cache\CIMSA_2024_XI_29.json,satislar;ebitda;op_gelir;net_kar;cfo;fcf;ozkaynaklar;toplam_borc;net_borc;nakit;toplam_aktif,toplam_borc;net_borc;ebitda;ihracat_orani;piyasa_degeri;pb;roe;roa;ev;ev_ebitda;fcf_verim
CIMSA.IS,2024Q4,2024-12-31,XI_29,isyatirim_pit,,,2026-09-07T22:37:13.740813494,,,2025-03-15,APPROXIMATE_FIXED_LAG,UNKNOWN,UNKNOWN,data\raw\isyatirim_cache\CIMSA_2024_XI_29.json,satislar;ebitda;op_gelir;net_kar;cfo;fcf;ozkaynaklar;toplam_borc;net_borc;nakit;toplam_aktif,toplam_borc;net_borc;ebitda;ihracat_orani;piyasa_degeri;pb;roe;roa;ev;ev_ebitda;fcf_verim
CIMSA.IS,2025Q1,2025-03-31,XI_29,isyatirim_pit,,,2026-09-07T22:37:13.896827698,,,2025-05-15,APPROXIMATE_FIXED_LAG,UNKNOWN,UNKNOWN,data\raw\isyatirim_cache\CIMSA_2025_XI_29.json,satislar;ebitda;op_gelir;net_kar;cfo;fcf;ozkaynaklar;toplam_borc;net_borc;nakit;toplam_aktif,toplam_borc;net_borc;ebitda;ihracat_orani;piyasa_degeri;pb;roe;roa;ev;ev_ebitda;fcf_verim
CIMSA.IS,2025Q2,2025-06-30,XI_29,isyatirim_pit,,,2026-09-07T22:37:13.896827698,,,2025-08-15,APPROXIMATE_FIXED_LAG,UNKNOWN,UNKNOWN,data\raw\isyatirim_cache\CIMSA_2025_XI_29.json,satislar;ebitda;op_gelir;net_kar;cfo;fcf;ozkaynaklar;toplam_borc;net_borc;nakit;toplam_aktif,toplam_borc;net_borc;ebitda;ihracat_orani;piyasa_degeri;pb;roe;roa;ev;ev_ebitda;fcf_verim
CIMSA.IS,2025Q3,2025-09-30,XI_29,isyatirim_pit,,,2026-09-07T22:37:13.896827698,,,2025-11-15,APPROXIMATE_FIXED_LAG,UNKNOWN,UNKNOWN,data\raw\isyatirim_cache\CIMSA_2025_XI_29.json,satislar;ebitda;op_gelir;net_kar;cfo;fcf;ozkaynaklar;toplam_borc;net_borc;nakit;toplam_aktif,toplam_borc;net_borc;ebitda;ihracat_orani;piyasa_degeri;pb;roe;roa;ev;ev_ebitda;fcf_verim
CIMSA.IS,2025Q4,2025-12-31,XI_29,isyatirim_pit,,,2026-09-07T22:37:13.896827698,,,2026-03-15,APPROXIMATE_FIXED_LAG,UNKNOWN,UNKNOWN,data\raw\isyatirim_cache\CIMSA_2025_XI_29.json,satislar;ebitda;op_gelir;net_kar;cfo;fcf;ozkaynaklar;toplam_borc;net_borc;nakit;toplam_aktif,toplam_borc;net_borc;ebitda;ihracat_orani;piyasa_degeri;pb;roe;roa;ev;ev_ebitda;fcf_verim
CIMSA.IS,2026Q1,2026-03-31,XI_29,isyatirim_pit,,,2026-09-07T22:37:14.024085045,,,2026-05-15,APPROXIMATE_FIXED_LAG,UNKNOWN,UNKNOWN,data\raw\isyatirim_cache\CIMSA_2026_XI_29.json,satislar;ebitda;op_gelir;net_kar;cfo;fcf;ozkaynaklar;toplam_borc;net_borc;nakit;toplam_aktif,toplam_borc;net_borc;ebitda;ihracat_orani;piyasa_degeri;pb;roe;roa;ev;ev_ebitda;fcf_verim
CIMSA.IS,2026Q2,2026-06-30,XI_29,isyatirim_pit,,,2026-09-07T22:37:14.024085045,,,2026-08-15,APPROXIMATE_FIXED_LAG,UNKNOWN,UNKNOWN,data\raw\isyatirim_cache\CIMSA_2026_XI_29.json,satislar;ebitda;op_gelir;net_kar;cfo;fcf;ozkaynaklar;toplam_borc;net_borc;nakit;toplam_aktif,toplam_borc;net_borc;ebitda;ihracat_orani;piyasa_degeri;pb;roe;roa;ev;ev_ebitda;fcf_verim
CLEBI.IS,2018Q1,2018-03-31,XI_29,isyatirim_pit,,,2026-09-07T22:37:03.988306284,,,2018-05-15,APPROXIMATE_FIXED_LAG,UNKNOWN,UNKNOWN,data\raw\isyatirim_cache\CLEBI_2018_XI_29.json,satislar;ebitda;op_gelir;net_kar;cfo;fcf;ozkaynaklar;toplam_borc;net_borc;nakit;toplam_aktif,toplam_borc;net_borc;ebitda;ihracat_orani;piyasa_degeri;pb;roe;roa;ev;ev_ebitda;fcf_verim
CLEBI.IS,2018Q2,2018-06-30,XI_29,isyatirim_pit,,,2026-09-07T22:37:03.988306284,,,2018-08-15,APPROXIMATE_FIXED_LAG,UNKNOWN,UNKNOWN,data\raw\isyatirim_cache\CLEBI_2018_XI_29.json,satislar;ebitda;op_gelir;net_kar;cfo;fcf;ozkaynaklar;toplam_borc;net_borc;nakit;toplam_aktif,toplam_borc;net_borc;ebitda;ihracat_orani;piyasa_degeri;pb;roe;roa;ev;ev_ebitda;fcf_verim
CLEBI.IS,2018Q3,2018-09-30,XI_29,isyatirim_pit,,,2026-09-07T22:37:03.988306284,,,2018-11-15,APPROXIMATE_FIXED_LAG,UNKNOWN,UNKNOWN,data\raw\isyatirim_cache\CLEBI_2018_XI_29.json,satislar;ebitda;op_gelir;net_kar;cfo;fcf;ozkaynaklar;toplam_borc;net_borc;nakit;toplam_aktif,toplam_borc;net_borc;ebitda;ihracat_orani;piyasa_degeri;pb;roe;roa;ev;ev_ebitda;fcf_verim
CLEBI.IS,2018Q4,2018-12-31,XI_29,isyatirim_pit,,,2026-09-07T22:37:03.988306284,,,2019-03-15,APPROXIMATE_FIXED_LAG,UNKNOWN,UNKNOWN,data\raw\isyatirim_cache\CLEBI_2018_XI_29.json,satislar;ebitda;op_gelir;net_kar;cfo;fcf;ozkaynaklar;toplam_borc;net_borc;nakit;toplam_aktif,toplam_borc;net_borc;ebitda;ihracat_orani;piyasa_degeri;pb;roe;roa;ev;ev_ebitda;fcf_verim
CLEBI.IS,2019Q1,2019-03-31,XI_29,isyatirim_pit,,,2026-09-07T22:37:04.114017963,,,2019-05-15,APPROXIMATE_FIXED_LAG,UNKNOWN,UNKNOWN,data\raw\isyatirim_cache\CLEBI_2019_XI_29.json,satislar;ebitda;op_gelir;net_kar;cfo;fcf;ozkaynaklar;toplam_borc;net_borc;nakit;toplam_aktif,toplam_borc;net_borc;ebitda;ihracat_orani;piyasa_degeri;pb;roe;roa;ev;ev_ebitda;fcf_verim
CLEBI.IS,2019Q2,2019-06-30,XI_29,isyatirim_pit,,,2026-09-07T22:37:04.114017963,,,2019-08-15,APPROXIMATE_FIXED_LAG,UNKNOWN,UNKNOWN,data\raw\isyatirim_cache\CLEBI_2019_XI_29.json,satislar;ebitda;op_gelir;net_kar;cfo;fcf;ozkaynaklar;toplam_borc;net_borc;nakit;toplam_aktif,toplam_borc;net_borc;ebitda;ihracat_orani;piyasa_degeri;pb;roe;roa;ev;ev_ebitda;fcf_verim
CLEBI.IS,2019Q3,2019-09-30,XI_29,isyatirim_pit,,,2026-09-07T22:37:04.114017963,,,2019-11-15,APPROXIMATE_FIXED_LAG,UNKNOWN,UNKNOWN,data\raw\isyatirim_cache\CLEBI_2019_XI_29.json,satislar;ebitda;op_gelir;net_kar;cfo;fcf;ozkaynaklar;toplam_borc;net_borc;nakit;toplam_aktif,toplam_borc;net_borc;ebitda;ihracat_orani;piyasa_degeri;pb;roe;roa;ev;ev_ebitda;fcf_verim
CLEBI.IS,2019Q4,2019-12-31,XI_29,isyatirim_pit,,,2026-09-07T22:37:04.114017963,,,2020-03-15,APPROXIMATE_FIXED_LAG,UNKNOWN,UNKNOWN,data\raw\isyatirim_cache\CLEBI_2019_XI_29.json,satislar;ebitda;op_gelir;net_kar;cfo;fcf;ozkaynaklar;toplam_borc;net_borc;nakit;toplam_aktif,toplam_borc;net_borc;ebitda;ihracat_orani;piyasa_degeri;pb;roe;roa;ev;ev_ebitda;fcf_verim
CLEBI.IS,2020Q1,2020-03-31,XI_29,isyatirim_pit,,,2026-09-07T22:37:04.265352488,,,2020-05-15,APPROXIMATE_FIXED_LAG,UNKNOWN,UNKNOWN,data\raw\isyatirim_cache\CLEBI_2020_XI_29.json,satislar;ebitda;op_gelir;net_kar;cfo;fcf;ozkaynaklar;toplam_borc;net_borc;nakit;toplam_aktif,toplam_borc;net_borc;ebitda;ihracat_orani;piyasa_degeri;pb;roe;roa;ev;ev_ebitda;fcf_verim
CLEBI.IS,2020Q2,2020-06-30,XI_29,isyatirim_pit,,,2026-09-07T22:37:04.265352488,,,2020-08-15,APPROXIMATE_FIXED_LAG,UNKNOWN,UNKNOWN,data\raw\isyatirim_cache\CLEBI_2020_XI_29.json,satislar;ebitda;op_gelir;net_kar;cfo;fcf;ozkaynaklar;toplam_borc;net_borc;nakit;toplam_aktif,toplam_borc;net_borc;ebitda;ihracat_orani;piyasa_degeri;pb;roe;roa;ev;ev_ebitda;fcf_verim
CLEBI.IS,2020Q3,2020-09-30,XI_29,isyatirim_pit,,,2026-09-07T22:37:04.265352488,,,2020-11-15,APPROXIMATE_FIXED_LAG,UNKNOWN,UNKNOWN,data\raw\isyatirim_cache\CLEBI_2020_XI_29.json,satislar;ebitda;op_gelir;net_kar;cfo;fcf;ozkaynaklar;toplam_borc;net_borc;nakit;toplam_aktif,toplam_borc;net_borc;ebitda;ihracat_orani;piyasa_degeri;pb;roe;roa;ev;ev_ebitda;fcf_verim
CLEBI.IS,2020Q4,2020-12-31,XI_29,isyatirim_pit,,,2026-09-07T22:37:04.265352488,,,2021-03-15,APPROXIMATE_FIXED_LAG,UNKNOWN,UNKNOWN,data\raw\isyatirim_cache\CLEBI_2020_XI_29.json,satislar;ebitda;op_gelir;net_kar;cfo;fcf;ozkaynaklar;toplam_borc;net_borc;nakit;toplam_aktif,toplam_borc;net_borc;ebitda;ihracat_orani;piyasa_degeri;pb;roe;roa;ev;ev_ebitda;fcf_verim
CLEBI.IS,2021Q1,2021-03-31,XI_29,isyatirim_pit,,,2026-09-07T22:37:04.419385910,,,2021-05-15,APPROXIMATE_FIXED_LAG,UNKNOWN,UNKNOWN,data\raw\isyatirim_cache\CLEBI_2021_XI_29.json,satislar;ebitda;op_gelir;net_kar;cfo;fcf;ozkaynaklar;toplam_borc;net_borc;nakit;toplam_aktif,toplam_borc;net_borc;ebitda;ihracat_orani;piyasa_degeri;pb;roe;roa;ev;ev_ebitda;fcf_verim
CLEBI.IS,2021Q2,2021-06-30,XI_29,isyatirim_pit,,,2026-09-07T22:37:04.419385910,,,2021-08-15,APPROXIMATE_FIXED_LAG,UNKNOWN,UNKNOWN,data\raw\isyatirim_cache\CLEBI_2021_XI_29.json,satislar;ebitda;op_gelir;net_kar;cfo;fcf;ozkaynaklar;toplam_borc;net_borc;nakit;toplam_aktif,toplam_borc;net_borc;ebitda;ihracat_orani;piyasa_degeri;pb;roe;roa;ev;ev_ebitda;fcf_verim
CLEBI.IS,2021Q3,2021-09-30,XI_29,isyatirim_pit,,,2026-09-07T22:37:04.419385910,,,2021-11-15,APPROXIMATE_FIXED_LAG,UNKNOWN,UNKNOWN,data\raw\isyatirim_cache\CLEBI_2021_XI_29.json,satislar;ebitda;op_gelir;net_kar;cfo;fcf;ozkaynaklar;toplam_borc;net_borc;nakit;toplam_aktif,toplam_borc;net_borc;ebitda;ihracat_orani;piyasa_degeri;pb;roe;roa;ev;ev_ebitda;fcf_verim
CLEBI.IS,2021Q4,2021-12-31,XI_29,isyatirim_pit,,,2026-09-07T22:37:04.419385910,,,2022-03-15,APPROXIMATE_FIXED_LAG,UNKNOWN,UNKNOWN,data\raw\isyatirim_cache\CLEBI_2021_XI_29.json,satislar;ebitda;op_gelir;net_kar;cfo;fcf;ozkaynaklar;toplam_borc;net_borc;nakit;toplam_aktif,toplam_borc;net_borc;ebitda;ihracat_orani;piyasa_degeri;pb;roe;roa;ev;ev_ebitda;fcf_verim
CLEBI.IS,2022Q1,2022-03-31,XI_29,isyatirim_pit,,,2026-09-07T22:37:04.574167252,,,2022-05-15,APPROXIMATE_FIXED_LAG,UNKNOWN,UNKNOWN,data\raw\isyatirim_cache\CLEBI_2022_XI_29.json,satislar;ebitda;op_gelir;net_kar;cfo;fcf;ozkaynaklar;toplam_borc;net_borc;nakit;toplam_aktif,toplam_borc;net_borc;ebitda;ihracat_orani;piyasa_degeri;pb;roe;roa;ev;ev_ebitda;fcf_verim
CLEBI.IS,2022Q2,2022-06-30,XI_29,isyatirim_pit,,,2026-09-07T22:37:04.574167252,,,2022-08-15,APPROXIMATE_FIXED_LAG,UNKNOWN,UNKNOWN,data\raw\isyatirim_cache\CLEBI_2022_XI_29.json,satislar;ebitda;op_gelir;net_kar;cfo;fcf;ozkaynaklar;toplam_borc;net_borc;nakit;toplam_aktif,toplam_borc;net_borc;ebitda;ihracat_orani;piyasa_degeri;pb;roe;roa;ev;ev_ebitda;fcf_verim
CLEBI.IS,2022Q3,2022-09-30,XI_29,isyatirim_pit,,,2026-09-07T22:37:04.574167252,,,2022-11-15,APPROXIMATE_FIXED_LAG,UNKNOWN,UNKNOWN,data\raw\isyatirim_cache\CLEBI_2022_XI_29.json,satislar;ebitda;op_gelir;net_kar;cfo;fcf;ozkaynaklar;toplam_borc;net_borc;nakit;toplam_aktif,toplam_borc;net_borc;ebitda;ihracat_orani;piyasa_degeri;pb;roe;roa;ev;ev_ebitda;fcf_verim
CLEBI.IS,2022Q4,2022-12-31,XI_29,isyatirim_pit,,,2026-09-07T22:37:04.574167252,,,2023-03-15,APPROXIMATE_FIXED_LAG,UNKNOWN,UNKNOWN,data\raw\isyatirim_cache\CLEBI_2022_XI_29.json,satislar;ebitda;op_gelir;net_kar;cfo;fcf;ozkaynaklar;toplam_borc;net_borc;nakit;toplam_aktif,toplam_borc;net_borc;ebitda;ihracat_orani;piyasa_degeri;pb;roe;roa;ev;ev_ebitda;fcf_verim
CLEBI.IS,2023Q1,2023-03-31,XI_29,isyatirim_pit,,,2026-09-07T22:37:04.705294371,,,2023-05-15,APPROXIMATE_FIXED_LAG,UNKNOWN,UNKNOWN,data\raw\isyatirim_cache\CLEBI_2023_XI_29.json,satislar;ebitda;op_gelir;net_kar;cfo;fcf;ozkaynaklar;toplam_borc;net_borc;nakit;toplam_aktif,toplam_borc;net_borc;ebitda;ihracat_orani;piyasa_degeri;pb;roe;roa;ev;ev_ebitda;fcf_verim
CLEBI.IS,2023Q2,2023-06-30,XI_29,isyatirim_pit,,,2026-09-07T22:37:04.705294371,,,2023-08-15,APPROXIMATE_FIXED_LAG,UNKNOWN,UNKNOWN,data\raw\isyatirim_cache\CLEBI_2023_XI_29.json,satislar;ebitda;op_gelir;net_kar;cfo;fcf;ozkaynaklar;toplam_borc;net_borc;nakit;toplam_aktif,toplam_borc;net_borc;ebitda;ihracat_orani;piyasa_degeri;pb;roe;roa;ev;ev_ebitda;fcf_verim
CLEBI.IS,2023Q3,2023-09-30,XI_29,isyatirim_pit,,,2026-09-07T22:37:04.705294371,,,2023-11-15,APPROXIMATE_FIXED_LAG,UNKNOWN,UNKNOWN,data\raw\isyatirim_cache\CLEBI_2023_XI_29.json,satislar;ebitda;op_gelir;net_kar;cfo;fcf;ozkaynaklar;toplam_borc;net_borc;nakit;toplam_aktif,toplam_borc;net_borc;ebitda;ihracat_orani;piyasa_degeri;pb;roe;roa;ev;ev_ebitda;fcf_verim
CLEBI.IS,2023Q4,2023-12-31,XI_29,isyatirim_pit,,,2026-09-07T22:37:04.705294371,,,2024-03-15,APPROXIMATE_FIXED_LAG,UNKNOWN,UNKNOWN,data\raw\isyatirim_cache\CLEBI_2023_XI_29.json,satislar;ebitda;op_gelir;net_kar;cfo;fcf;ozkaynaklar;toplam_borc;net_borc;nakit;toplam_aktif,toplam_borc;net_borc;ebitda;ihracat_orani;piyasa_degeri;pb;roe;roa;ev;ev_ebitda;fcf_verim
CLEBI.IS,2024Q1,2024-03-31,XI_29,isyatirim_pit,,,2026-09-07T22:37:04.800599098,,,2024-05-15,APPROXIMATE_FIXED_LAG,UNKNOWN,UNKNOWN,data\raw\isyatirim_cache\CLEBI_2024_XI_29.json,satislar;ebitda;op_gelir;net_kar;cfo;fcf;ozkaynaklar;toplam_borc;net_borc;nakit;toplam_aktif,toplam_borc;net_borc;ebitda;ihracat_orani;piyasa_degeri;pb;roe;roa;ev;ev_ebitda;fcf_verim
CLEBI.IS,2024Q2,2024-06-30,XI_29,isyatirim_pit,,,2026-09-07T22:37:04.800599098,,,2024-08-15,APPROXIMATE_FIXED_LAG,UNKNOWN,UNKNOWN,data\raw\isyatirim_cache\CLEBI_2024_XI_29.json,satislar;ebitda;op_gelir;net_kar;cfo;fcf;ozkaynaklar;toplam_borc;net_borc;nakit;toplam_aktif,toplam_borc;net_borc;ebitda;ihracat_orani;piyasa_degeri;pb;roe;roa;ev;ev_ebitda;fcf_verim
CLEBI.IS,2024Q3,2024-09-30,XI_29,isyatirim_pit,,,2026-09-07T22:37:04.800599098,,,2024-11-15,APPROXIMATE_FIXED_LAG,UNKNOWN,UNKNOWN,data\raw\isyatirim_cache\CLEBI_2024_XI_29.json,satislar;ebitda;op_gelir;net_kar;cfo;fcf;ozkaynaklar;toplam_borc;net_borc;nakit;toplam_aktif,toplam_borc;net_borc;ebitda;ihracat_orani;piyasa_degeri;pb;roe;roa;ev;ev_ebitda;fcf_verim
CLEBI.IS,2024Q4,2024-12-31,XI_29,isyatirim_pit,,,2026-09-07T22:37:04.800599098,,,2025-03-15,APPROXIMATE_FIXED_LAG,UNKNOWN,UNKNOWN,data\raw\isyatirim_cache\CLEBI_2024_XI_29.json,satislar;ebitda;op_gelir;net_kar;cfo;fcf;ozkaynaklar;toplam_borc;net_borc;nakit;toplam_aktif,toplam_borc;net_borc;ebitda;ihracat_orani;piyasa_degeri;pb;roe;roa;ev;ev_ebitda;fcf_verim
CLEBI.IS,2025Q1,2025-03-31,XI_29,isyatirim_pit,,,2026-09-07T22:37:04.941334009,,,2025-05-15,APPROXIMATE_FIXED_LAG,UNKNOWN,UNKNOWN,data\raw\isyatirim_cache\CLEBI_2025_XI_29.json,satislar;ebitda;op_gelir;net_kar;cfo;fcf;ozkaynaklar;toplam_borc;net_borc;nakit;toplam_aktif,toplam_borc;net_borc;ebitda;ihracat_orani;piyasa_degeri;pb;roe;roa;ev;ev_ebitda;fcf_verim
CLEBI.IS,2025Q2,2025-06-30,XI_29,isyatirim_pit,,,2026-09-07T22:37:04.941334009,,,2025-08-15,APPROXIMATE_FIXED_LAG,UNKNOWN,UNKNOWN,data\raw\isyatirim_cache\CLEBI_2025_XI_29.json,satislar;ebitda;op_gelir;net_kar;cfo;fcf;ozkaynaklar;toplam_borc;net_borc;nakit;toplam_aktif,toplam_borc;net_borc;ebitda;ihracat_orani;piyasa_degeri;pb;roe;roa;ev;ev_ebitda;fcf_verim
CLEBI.IS,2025Q3,2025-09-30,XI_29,isyatirim_pit,,,2026-09-07T22:37:04.941334009,,,2025-11-15,APPROXIMATE_FIXED_LAG,UNKNOWN,UNKNOWN,data\raw\isyatirim_cache\CLEBI_2025_XI_29.json,satislar;ebitda;op_gelir;net_kar;cfo;fcf;ozkaynaklar;toplam_borc;net_borc;nakit;toplam_aktif,toplam_borc;net_borc;ebitda;ihracat_orani;piyasa_degeri;pb;roe;roa;ev;ev_ebitda;fcf_verim
CLEBI.IS,2025Q4,2025-12-31,XI_29,isyatirim_pit,,,2026-09-07T22:37:04.941334009,,,2026-03-15,APPROXIMATE_FIXED_LAG,UNKNOWN,UNKNOWN,data\raw\isyatirim_cache\CLEBI_2025_XI_29.json,satislar;ebitda;op_gelir;net_kar;cfo;fcf;ozkaynaklar;toplam_borc;net_borc;nakit;toplam_aktif,toplam_borc;net_borc;ebitda;ihracat_orani;piyasa_degeri;pb;roe;roa;ev;ev_ebitda;fcf_verim
CLEBI.IS,2026Q1,2026-03-31,XI_29,isyatirim_pit,,,2026-09-07T22:37:05.078858852,,,2026-05-15,APPROXIMATE_FIXED_LAG,UNKNOWN,UNKNOWN,data\raw\isyatirim_cache\CLEBI_2026_XI_29.json,satislar;ebitda;op_gelir;net_kar;cfo;fcf;ozkaynaklar;toplam_borc;net_borc;nakit;toplam_aktif,toplam_borc;net_borc;ebitda;ihracat_orani;piyasa_degeri;pb;roe;roa;ev;ev_ebitda;fcf_verim
CLEBI.IS,2026Q2,2026-06-30,XI_29,isyatirim_pit,,,2026-09-07T22:37:05.078858852,,,2026-08-15,APPROXIMATE_FIXED_LAG,UNKNOWN,UNKNOWN,data\raw\isyatirim_cache\CLEBI_2026_XI_29.json,satislar;ebitda;op_gelir;net_kar;cfo;fcf;ozkaynaklar;toplam_borc;net_borc;nakit;toplam_aktif,toplam_borc;net_borc;ebitda;ihracat_orani;piyasa_degeri;pb;roe;roa;ev;ev_ebitda;fcf_verim
CVKMD.IS,2020Q4,2020-12-31,XI_29,isyatirim_pit,,,2026-09-07T22:37:27.025908232,,,2021-03-15,APPROXIMATE_FIXED_LAG,UNKNOWN,UNKNOWN,data\raw\isyatirim_cache\CVKMD_2020_XI_29.json,satislar;ebitda;op_gelir;net_kar;cfo;fcf;ozkaynaklar;toplam_borc;net_borc;nakit;toplam_aktif,toplam_borc;net_borc;ebitda;ihracat_orani;piyasa_degeri;pb;roe;roa;ev;ev_ebitda;fcf_verim
CVKMD.IS,2021Q4,2021-12-31,XI_29,isyatirim_pit,,,2026-09-07T22:37:27.153681755,,,2022-03-15,APPROXIMATE_FIXED_LAG,UNKNOWN,UNKNOWN,data\raw\isyatirim_cache\CVKMD_2021_XI_29.json,satislar;ebitda;op_gelir;net_kar;cfo;fcf;ozkaynaklar;toplam_borc;net_borc;nakit;toplam_aktif,toplam_borc;net_borc;ebitda;ihracat_orani;piyasa_degeri;pb;roe;roa;ev;ev_ebitda;fcf_verim
CVKMD.IS,2022Q1,2022-03-31,XI_29,isyatirim_pit,,,2026-09-07T22:37:27.320657730,,,2022-05-15,APPROXIMATE_FIXED_LAG,UNKNOWN,UNKNOWN,data\raw\isyatirim_cache\CVKMD_2022_XI_29.json,satislar;ebitda;op_gelir;net_kar;cfo;fcf;ozkaynaklar;toplam_borc;net_borc;nakit;toplam_aktif,toplam_borc;net_borc;ebitda;ihracat_orani;piyasa_degeri;pb;roe;roa;ev;ev_ebitda;fcf_verim
CVKMD.IS,2022Q2,2022-06-30,XI_29,isyatirim_pit,,,2026-09-07T22:37:27.320657730,,,2022-08-15,APPROXIMATE_FIXED_LAG,UNKNOWN,UNKNOWN,data\raw\isyatirim_cache\CVKMD_2022_XI_29.json,satislar;ebitda;op_gelir;net_kar;cfo;fcf;ozkaynaklar;toplam_borc;net_borc;nakit;toplam_aktif,toplam_borc;net_borc;ebitda;ihracat_orani;piyasa_degeri;pb;roe;roa;ev;ev_ebitda;fcf_verim
CVKMD.IS,2022Q3,2022-09-30,XI_29,isyatirim_pit,,,2026-09-07T22:37:27.320657730,,,2022-11-15,APPROXIMATE_FIXED_LAG,UNKNOWN,UNKNOWN,data\raw\isyatirim_cache\CVKMD_2022_XI_29.json,satislar;ebitda;op_gelir;net_kar;cfo;fcf;ozkaynaklar;toplam_borc;net_borc;nakit;toplam_aktif,toplam_borc;net_borc;ebitda;ihracat_orani;piyasa_degeri;pb;roe;roa;ev;ev_ebitda;fcf_verim
CVKMD.IS,2022Q4,2022-12-31,XI_29,isyatirim_pit,,,2026-09-07T22:37:27.320657730,,,2023-03-15,APPROXIMATE_FIXED_LAG,UNKNOWN,UNKNOWN,data\raw\isyatirim_cache\CVKMD_2022_XI_29.json,satislar;ebitda;op_gelir;net_kar;cfo;fcf;ozkaynaklar;toplam_borc;net_borc;nakit;toplam_aktif,toplam_borc;net_borc;ebitda;ihracat_orani;piyasa_degeri;pb;roe;roa;ev;ev_ebitda;fcf_verim
CVKMD.IS,2023Q1,2023-03-31,XI_29,isyatirim_pit,,,2026-09-07T22:37:27.504901885,,,2023-05-15,APPROXIMATE_FIXED_LAG,UNKNOWN,UNKNOWN,data\raw\isyatirim_cache\CVKMD_2023_XI_29.json,satislar;ebitda;op_gelir;net_kar;cfo;fcf;ozkaynaklar;toplam_borc;net_borc;nakit;toplam_aktif,toplam_borc;net_borc;ebitda;ihracat_orani;piyasa_degeri;pb;roe;roa;ev;ev_ebitda;fcf_verim
CVKMD.IS,2023Q2,2023-06-30,XI_29,isyatirim_pit,,,2026-09-07T22:37:27.504901885,,,2023-08-15,APPROXIMATE_FIXED_LAG,UNKNOWN,UNKNOWN,data\raw\isyatirim_cache\CVKMD_2023_XI_29.json,satislar;ebitda;op_gelir;net_kar;cfo;fcf;ozkaynaklar;toplam_borc;net_borc;nakit;toplam_aktif,toplam_borc;net_borc;ebitda;ihracat_orani;piyasa_degeri;pb;roe;roa;ev;ev_ebitda;fcf_verim
CVKMD.IS,2023Q3,2023-09-30,XI_29,isyatirim_pit,,,2026-09-07T22:37:27.504901885,,,2023-11-15,APPROXIMATE_FIXED_LAG,UNKNOWN,UNKNOWN,data\raw\isyatirim_cache\CVKMD_2023_XI_29.json,satislar;ebitda;op_gelir;net_kar;cfo;fcf;ozkaynaklar;toplam_borc;net_borc;nakit;toplam_aktif,toplam_borc;net_borc;ebitda;ihracat_orani;piyasa_degeri;pb;roe;roa;ev;ev_ebitda;fcf_verim
CVKMD.IS,2023Q4,2023-12-31,XI_29,isyatirim_pit,,,2026-09-07T22:37:27.504901885,,,2024-03-15,APPROXIMATE_FIXED_LAG,UNKNOWN,UNKNOWN,data\raw\isyatirim_cache\CVKMD_2023_XI_29.json,satislar;ebitda;op_gelir;net_kar;cfo;fcf;ozkaynaklar;toplam_borc;net_borc;nakit;toplam_aktif,toplam_borc;net_borc;ebitda;ihracat_orani;piyasa_degeri;pb;roe;roa;ev;ev_ebitda;fcf_verim
CVKMD.IS,2024Q1,2024-03-31,XI_29,isyatirim_pit,,,2026-09-07T22:37:27.598956108,,,2024-05-15,APPROXIMATE_FIXED_LAG,UNKNOWN,UNKNOWN,data\raw\isyatirim_cache\CVKMD_2024_XI_29.json,satislar;ebitda;op_gelir;net_kar;cfo;fcf;ozkaynaklar;toplam_borc;net_borc;nakit;toplam_aktif,toplam_borc;net_borc;ebitda;ihracat_orani;piyasa_degeri;pb;roe;roa;ev;ev_ebitda;fcf_verim
CVKMD.IS,2024Q2,2024-06-30,XI_29,isyatirim_pit,,,2026-09-07T22:37:27.598956108,,,2024-08-15,APPROXIMATE_FIXED_LAG,UNKNOWN,UNKNOWN,data\raw\isyatirim_cache\CVKMD_2024_XI_29.json,satislar;ebitda;op_gelir;net_kar;cfo;fcf;ozkaynaklar;toplam_borc;net_borc;nakit;toplam_aktif,toplam_borc;net_borc;ebitda;ihracat_orani;piyasa_degeri;pb;roe;roa;ev;ev_ebitda;fcf_verim
CVKMD.IS,2024Q3,2024-09-30,XI_29,isyatirim_pit,,,2026-09-07T22:37:27.598956108,,,2024-11-15,APPROXIMATE_FIXED_LAG,UNKNOWN,UNKNOWN,data\raw\isyatirim_cache\CVKMD_2024_XI_29.json,satislar;ebitda;op_gelir;net_kar;cfo;fcf;ozkaynaklar;toplam_borc;net_borc;nakit;toplam_aktif,toplam_borc;net_borc;ebitda;ihracat_orani;piyasa_degeri;pb;roe;roa;ev;ev_ebitda;fcf_verim
CVKMD.IS,2024Q4,2024-12-31,XI_29,isyatirim_pit,,,2026-09-07T22:37:27.598956108,,,2025-03-15,APPROXIMATE_FIXED_LAG,UNKNOWN,UNKNOWN,data\raw\isyatirim_cache\CVKMD_2024_XI_29.json,satislar;ebitda;op_gelir;net_kar;cfo;fcf;ozkaynaklar;toplam_borc;net_borc;nakit;toplam_aktif,toplam_borc;net_borc;ebitda;ihracat_orani;piyasa_degeri;pb;roe;roa;ev;ev_ebitda;fcf_verim
CVKMD.IS,2025Q1,2025-03-31,XI_29,isyatirim_pit,,,2026-09-07T22:37:27.831900835,,,2025-05-15,APPROXIMATE_FIXED_LAG,UNKNOWN,UNKNOWN,data\raw\isyatirim_cache\CVKMD_2025_XI_29.json,satislar;ebitda;op_gelir;net_kar;cfo;fcf;ozkaynaklar;toplam_borc;net_borc;nakit;toplam_aktif,toplam_borc;net_borc;ebitda;ihracat_orani;piyasa_degeri;pb;roe;roa;ev;ev_ebitda;fcf_verim
CVKMD.IS,2025Q2,2025-06-30,XI_29,isyatirim_pit,,,2026-09-07T22:37:27.831900835,,,2025-08-15,APPROXIMATE_FIXED_LAG,UNKNOWN,UNKNOWN,data\raw\isyatirim_cache\CVKMD_2025_XI_29.json,satislar;ebitda;op_gelir;net_kar;cfo;fcf;ozkaynaklar;toplam_borc;net_borc;nakit;toplam_aktif,toplam_borc;net_borc;ebitda;ihracat_orani;piyasa_degeri;pb;roe;roa;ev;ev_ebitda;fcf_verim
CVKMD.IS,2025Q3,2025-09-30,XI_29,isyatirim_pit,,,2026-09-07T22:37:27.831900835,,,2025-11-15,APPROXIMATE_FIXED_LAG,UNKNOWN,UNKNOWN,data\raw\isyatirim_cache\CVKMD_2025_XI_29.json,satislar;ebitda;op_gelir;net_kar;cfo;fcf;ozkaynaklar;toplam_borc;net_borc;nakit;toplam_aktif,toplam_borc;net_borc;ebitda;ihracat_orani;piyasa_degeri;pb;roe;roa;ev;ev_ebitda;fcf_verim
CVKMD.IS,2025Q4,2025-12-31,XI_29,isyatirim_pit,,,2026-09-07T22:37:27.831900835,,,2026-03-15,APPROXIMATE_FIXED_LAG,UNKNOWN,UNKNOWN,data\raw\isyatirim_cache\CVKMD_2025_XI_29.json,satislar;ebitda;op_gelir;net_kar;cfo;fcf;ozkaynaklar;toplam_borc;net_borc;nakit;toplam_aktif,toplam_borc;net_borc;ebitda;ihracat_orani;piyasa_degeri;pb;roe;roa;ev;ev_ebitda;fcf_verim
CVKMD.IS,2026Q1,2026-03-31,XI_29,isyatirim_pit,,,2026-09-07T22:37:27.956796169,,,2026-05-15,APPROXIMATE_FIXED_LAG,UNKNOWN,UNKNOWN,data\raw\isyatirim_cache\CVKMD_2026_XI_29.json,satislar;ebitda;op_gelir;net_kar;cfo;fcf;ozkaynaklar;toplam_borc;net_borc;nakit;toplam_aktif,toplam_borc;net_borc;ebitda;ihracat_orani;piyasa_degeri;pb;roe;roa;ev;ev_ebitda;fcf_verim
CVKMD.IS,2026Q2,2026-06-30,XI_29,isyatirim_pit,,,2026-09-07T22:37:27.956796169,,,2026-08-15,APPROXIMATE_FIXED_LAG,UNKNOWN,UNKNOWN,data\raw\isyatirim_cache\CVKMD_2026_XI_29.json,satislar;ebitda;op_gelir;net_kar;cfo;fcf;ozkaynaklar;toplam_borc;net_borc;nakit;toplam_aktif,toplam_borc;net_borc;ebitda;ihracat_orani;piyasa_degeri;pb;roe;roa;ev;ev_ebitda;fcf_verim
CWENE.IS,2020Q4,2020-12-31,XI_29,isyatirim_pit,,,2026-09-07T22:37:10.187601328,,,2021-03-15,APPROXIMATE_FIXED_LAG,UNKNOWN,UNKNOWN,data\raw\isyatirim_cache\CWENE_2020_XI_29.json,satislar;ebitda;op_gelir;net_kar;cfo;fcf;ozkaynaklar;toplam_borc;net_borc;nakit;toplam_aktif,toplam_borc;net_borc;ebitda;ihracat_orani;piyasa_degeri;pb;roe;roa;ev;ev_ebitda;fcf_verim
CWENE.IS,2021Q4,2021-12-31,XI_29,isyatirim_pit,,,2026-09-07T22:37:10.312264442,,,2022-03-15,APPROXIMATE_FIXED_LAG,UNKNOWN,UNKNOWN,data\raw\isyatirim_cache\CWENE_2021_XI_29.json,satislar;ebitda;op_gelir;net_kar;cfo;fcf;ozkaynaklar;toplam_borc;net_borc;nakit;toplam_aktif,toplam_borc;net_borc;ebitda;ihracat_orani;piyasa_degeri;pb;roe;roa;ev;ev_ebitda;fcf_verim
CWENE.IS,2022Q1,2022-03-31,XI_29,isyatirim_pit,,,2026-09-07T22:37:10.443540573,,,2022-05-15,APPROXIMATE_FIXED_LAG,UNKNOWN,UNKNOWN,data\raw\isyatirim_cache\CWENE_2022_XI_29.json,satislar;ebitda;op_gelir;net_kar;cfo;fcf;ozkaynaklar;toplam_borc;net_borc;nakit;toplam_aktif,toplam_borc;net_borc;ebitda;ihracat_orani;piyasa_degeri;pb;roe;roa;ev;ev_ebitda;fcf_verim
CWENE.IS,2022Q2,2022-06-30,XI_29,isyatirim_pit,,,2026-09-07T22:37:10.443540573,,,2022-08-15,APPROXIMATE_FIXED_LAG,UNKNOWN,UNKNOWN,data\raw\isyatirim_cache\CWENE_2022_XI_29.json,satislar;ebitda;op_gelir;net_kar;cfo;fcf;ozkaynaklar;toplam_borc;net_borc;nakit;toplam_aktif,toplam_borc;net_borc;ebitda;ihracat_orani;piyasa_degeri;pb;roe;roa;ev;ev_ebitda;fcf_verim
CWENE.IS,2022Q3,2022-09-30,XI_29,isyatirim_pit,,,2026-09-07T22:37:10.443540573,,,2022-11-15,APPROXIMATE_FIXED_LAG,UNKNOWN,UNKNOWN,data\raw\isyatirim_cache\CWENE_2022_XI_29.json,satislar;ebitda;op_gelir;net_kar;cfo;fcf;ozkaynaklar;toplam_borc;net_borc;nakit;toplam_aktif,toplam_borc;net_borc;ebitda;ihracat_orani;piyasa_degeri;pb;roe;roa;ev;ev_ebitda;fcf_verim
CWENE.IS,2022Q4,2022-12-31,XI_29,isyatirim_pit,,,2026-09-07T22:37:10.443540573,,,2023-03-15,APPROXIMATE_FIXED_LAG,UNKNOWN,UNKNOWN,data\raw\isyatirim_cache\CWENE_2022_XI_29.json,satislar;ebitda;op_gelir;net_kar;cfo;fcf;ozkaynaklar;toplam_borc;net_borc;nakit;toplam_aktif,toplam_borc;net_borc;ebitda;ihracat_orani;piyasa_degeri;pb;roe;roa;ev;ev_ebitda;fcf_verim
CWENE.IS,2023Q1,2023-03-31,XI_29,isyatirim_pit,,,2026-09-07T22:37:10.581093311,,,2023-05-15,APPROXIMATE_FIXED_LAG,UNKNOWN,UNKNOWN,data\raw\isyatirim_cache\CWENE_2023_XI_29.json,satislar;ebitda;op_gelir;net_kar;cfo;fcf;ozkaynaklar;toplam_borc;net_borc;nakit;toplam_aktif,toplam_borc;net_borc;ebitda;ihracat_orani;piyasa_degeri;pb;roe;roa;ev;ev_ebitda;fcf_verim
CWENE.IS,2023Q2,2023-06-30,XI_29,isyatirim_pit,,,2026-09-07T22:37:10.581093311,,,2023-08-15,APPROXIMATE_FIXED_LAG,UNKNOWN,UNKNOWN,data\raw\isyatirim_cache\CWENE_2023_XI_29.json,satislar;ebitda;op_gelir;net_kar;cfo;fcf;ozkaynaklar;toplam_borc;net_borc;nakit;toplam_aktif,toplam_borc;net_borc;ebitda;ihracat_orani;piyasa_degeri;pb;roe;roa;ev;ev_ebitda;fcf_verim
CWENE.IS,2023Q3,2023-09-30,XI_29,isyatirim_pit,,,2026-09-07T22:37:10.581093311,,,2023-11-15,APPROXIMATE_FIXED_LAG,UNKNOWN,UNKNOWN,data\raw\isyatirim_cache\CWENE_2023_XI_29.json,satislar;ebitda;op_gelir;net_kar;cfo;fcf;ozkaynaklar;toplam_borc;net_borc;nakit;toplam_aktif,toplam_borc;net_borc;ebitda;ihracat_orani;piyasa_degeri;pb;roe;roa;ev;ev_ebitda;fcf_verim
CWENE.IS,2023Q4,2023-12-31,XI_29,isyatirim_pit,,,2026-09-07T22:37:10.581093311,,,2024-03-15,APPROXIMATE_FIXED_LAG,UNKNOWN,UNKNOWN,data\raw\isyatirim_cache\CWENE_2023_XI_29.json,satislar;ebitda;op_gelir;net_kar;cfo;fcf;ozkaynaklar;toplam_borc;net_borc;nakit;toplam_aktif,toplam_borc;net_borc;ebitda;ihracat_orani;piyasa_degeri;pb;roe;roa;ev;ev_ebitda;fcf_verim
CWENE.IS,2024Q1,2024-03-31,XI_29,isyatirim_pit,,,2026-09-07T22:37:10.677535295,,,2024-05-15,APPROXIMATE_FIXED_LAG,UNKNOWN,UNKNOWN,data\raw\isyatirim_cache\CWENE_2024_XI_29.json,satislar;ebitda;op_gelir;net_kar;cfo;fcf;ozkaynaklar;toplam_borc;net_borc;nakit;toplam_aktif,toplam_borc;net_borc;ebitda;ihracat_orani;piyasa_degeri;pb;roe;roa;ev;ev_ebitda;fcf_verim
CWENE.IS,2024Q2,2024-06-30,XI_29,isyatirim_pit,,,2026-09-07T22:37:10.677535295,,,2024-08-15,APPROXIMATE_FIXED_LAG,UNKNOWN,UNKNOWN,data\raw\isyatirim_cache\CWENE_2024_XI_29.json,satislar;ebitda;op_gelir;net_kar;cfo;fcf;ozkaynaklar;toplam_borc;net_borc;nakit;toplam_aktif,toplam_borc;net_borc;ebitda;ihracat_orani;piyasa_degeri;pb;roe;roa;ev;ev_ebitda;fcf_verim
CWENE.IS,2024Q3,2024-09-30,XI_29,isyatirim_pit,,,2026-09-07T22:37:10.677535295,,,2024-11-15,APPROXIMATE_FIXED_LAG,UNKNOWN,UNKNOWN,data\raw\isyatirim_cache\CWENE_2024_XI_29.json,satislar;ebitda;op_gelir;net_kar;cfo;fcf;ozkaynaklar;toplam_borc;net_borc;nakit;toplam_aktif,toplam_borc;net_borc;ebitda;ihracat_orani;piyasa_degeri;pb;roe;roa;ev;ev_ebitda;fcf_verim
CWENE.IS,2024Q4,2024-12-31,XI_29,isyatirim_pit,,,2026-09-07T22:37:10.677535295,,,2025-03-15,APPROXIMATE_FIXED_LAG,UNKNOWN,UNKNOWN,data\raw\isyatirim_cache\CWENE_2024_XI_29.json,satislar;ebitda;op_gelir;net_kar;cfo;fcf;ozkaynaklar;toplam_borc;net_borc;nakit;toplam_aktif,toplam_borc;net_borc;ebitda;ihracat_orani;piyasa_degeri;pb;roe;roa;ev;ev_ebitda;fcf_verim
CWENE.IS,2025Q1,2025-03-31,XI_29,isyatirim_pit,,,2026-09-07T22:37:10.806424141,,,2025-05-15,APPROXIMATE_FIXED_LAG,UNKNOWN,UNKNOWN,data\raw\isyatirim_cache\CWENE_2025_XI_29.json,satislar;ebitda;op_gelir;net_kar;cfo;fcf;ozkaynaklar;toplam_borc;net_borc;nakit;toplam_aktif,toplam_borc;net_borc;ebitda;ihracat_orani;piyasa_degeri;pb;roe;roa;ev;ev_ebitda;fcf_verim
CWENE.IS,2025Q2,2025-06-30,XI_29,isyatirim_pit,,,2026-09-07T22:37:10.806424141,,,2025-08-15,APPROXIMATE_FIXED_LAG,UNKNOWN,UNKNOWN,data\raw\isyatirim_cache\CWENE_2025_XI_29.json,satislar;ebitda;op_gelir;net_kar;cfo;fcf;ozkaynaklar;toplam_borc;net_borc;nakit;toplam_aktif,toplam_borc;net_borc;ebitda;ihracat_orani;piyasa_degeri;pb;roe;roa;ev;ev_ebitda;fcf_verim
CWENE.IS,2025Q3,2025-09-30,XI_29,isyatirim_pit,,,2026-09-07T22:37:10.806424141,,,2025-11-15,APPROXIMATE_FIXED_LAG,UNKNOWN,UNKNOWN,data\raw\isyatirim_cache\CWENE_2025_XI_29.json,satislar;ebitda;op_gelir;net_kar;cfo;fcf;ozkaynaklar;toplam_borc;net_borc;nakit;toplam_aktif,toplam_borc;net_borc;ebitda;ihracat_orani;piyasa_degeri;pb;roe;roa;ev;ev_ebitda;fcf_verim
CWENE.IS,2025Q4,2025-12-31,XI_29,isyatirim_pit,,,2026-09-07T22:37:10.806424141,,,2026-03-15,APPROXIMATE_FIXED_LAG,UNKNOWN,UNKNOWN,data\raw\isyatirim_cache\CWENE_2025_XI_29.json,satislar;ebitda;op_gelir;net_kar;cfo;fcf;ozkaynaklar;toplam_borc;net_borc;nakit;toplam_aktif,toplam_borc;net_borc;ebitda;ihracat_orani;piyasa_degeri;pb;roe;roa;ev;ev_ebitda;fcf_verim
CWENE.IS,2026Q1,2026-03-31,XI_29,isyatirim_pit,,,2026-09-07T22:37:10.933985233,,,2026-05-15,APPROXIMATE_FIXED_LAG,UNKNOWN,UNKNOWN,data\raw\isyatirim_cache\CWENE_2026_XI_29.json,satislar;ebitda;op_gelir;net_kar;cfo;fcf;ozkaynaklar;toplam_borc;net_borc;nakit;toplam_aktif,toplam_borc;net_borc;ebitda;ihracat_orani;piyasa_degeri;pb;roe;roa;ev;ev_ebitda;fcf_verim
CWENE.IS,2026Q2,2026-06-30,XI_29,isyatirim_pit,,,2026-09-07T22:37:10.933985233,,,2026-08-15,APPROXIMATE_FIXED_LAG,UNKNOWN,UNKNOWN,data\raw\isyatirim_cache\CWENE_2026_XI_29.json,satislar;ebitda;op_gelir;net_kar;cfo;fcf;ozkaynaklar;toplam_borc;net_borc;nakit;toplam_aktif,toplam_borc;net_borc;ebitda;ihracat_orani;piyasa_degeri;pb;roe;roa;ev;ev_ebitda;fcf_verim
DOAS.IS,2018Q1,2018-03-31,XI_29,isyatirim_pit,,,2026-09-07T22:37:02.646814346,,,2018-05-15,APPROXIMATE_FIXED_LAG,UNKNOWN,UNKNOWN,data\raw\isyatirim_cache\DOAS_2018_XI_29.json,satislar;ebitda;op_gelir;net_kar;cfo;fcf;ozkaynaklar;toplam_borc;net_borc;nakit;toplam_aktif,toplam_borc;net_borc;ebitda;ihracat_orani;piyasa_degeri;pb;roe;roa;ev;ev_ebitda;fcf_verim
DOAS.IS,2018Q2,2018-06-30,XI_29,isyatirim_pit,,,2026-09-07T22:37:02.646814346,,,2018-08-15,APPROXIMATE_FIXED_LAG,UNKNOWN,UNKNOWN,data\raw\isyatirim_cache\DOAS_2018_XI_29.json,satislar;ebitda;op_gelir;net_kar;cfo;fcf;ozkaynaklar;toplam_borc;net_borc;nakit;toplam_aktif,toplam_borc;net_borc;ebitda;ihracat_orani;piyasa_degeri;pb;roe;roa;ev;ev_ebitda;fcf_verim
DOAS.IS,2018Q3,2018-09-30,XI_29,isyatirim_pit,,,2026-09-07T22:37:02.646814346,,,2018-11-15,APPROXIMATE_FIXED_LAG,UNKNOWN,UNKNOWN,data\raw\isyatirim_cache\DOAS_2018_XI_29.json,satislar;ebitda;op_gelir;net_kar;cfo;fcf;ozkaynaklar;toplam_borc;net_borc;nakit;toplam_aktif,toplam_borc;net_borc;ebitda;ihracat_orani;piyasa_degeri;pb;roe;roa;ev;ev_ebitda;fcf_verim
DOAS.IS,2018Q4,2018-12-31,XI_29,isyatirim_pit,,,2026-09-07T22:37:02.646814346,,,2019-03-15,APPROXIMATE_FIXED_LAG,UNKNOWN,UNKNOWN,data\raw\isyatirim_cache\DOAS_2018_XI_29.json,satislar;ebitda;op_gelir;net_kar;cfo;fcf;ozkaynaklar;toplam_borc;net_borc;nakit;toplam_aktif,toplam_borc;net_borc;ebitda;ihracat_orani;piyasa_degeri;pb;roe;roa;ev;ev_ebitda;fcf_verim
DOAS.IS,2019Q1,2019-03-31,XI_29,isyatirim_pit,,,2026-09-07T22:37:02.892108440,,,2019-05-15,APPROXIMATE_FIXED_LAG,UNKNOWN,UNKNOWN,data\raw\isyatirim_cache\DOAS_2019_XI_29.json,satislar;ebitda;op_gelir;net_kar;cfo;fcf;ozkaynaklar;toplam_borc;net_borc;nakit;toplam_aktif,toplam_borc;net_borc;ebitda;ihracat_orani;piyasa_degeri;pb;roe;roa;ev;ev_ebitda;fcf_verim
DOAS.IS,2019Q2,2019-06-30,XI_29,isyatirim_pit,,,2026-09-07T22:37:02.892108440,,,2019-08-15,APPROXIMATE_FIXED_LAG,UNKNOWN,UNKNOWN,data\raw\isyatirim_cache\DOAS_2019_XI_29.json,satislar;ebitda;op_gelir;net_kar;cfo;fcf;ozkaynaklar;toplam_borc;net_borc;nakit;toplam_aktif,toplam_borc;net_borc;ebitda;ihracat_orani;piyasa_degeri;pb;roe;roa;ev;ev_ebitda;fcf_verim
DOAS.IS,2019Q3,2019-09-30,XI_29,isyatirim_pit,,,2026-09-07T22:37:02.892108440,,,2019-11-15,APPROXIMATE_FIXED_LAG,UNKNOWN,UNKNOWN,data\raw\isyatirim_cache\DOAS_2019_XI_29.json,satislar;ebitda;op_gelir;net_kar;cfo;fcf;ozkaynaklar;toplam_borc;net_borc;nakit;toplam_aktif,toplam_borc;net_borc;ebitda;ihracat_orani;piyasa_degeri;pb;roe;roa;ev;ev_ebitda;fcf_verim
DOAS.IS,2019Q4,2019-12-31,XI_29,isyatirim_pit,,,2026-09-07T22:37:02.892108440,,,2020-03-15,APPROXIMATE_FIXED_LAG,UNKNOWN,UNKNOWN,data\raw\isyatirim_cache\DOAS_2019_XI_29.json,satislar;ebitda;op_gelir;net_kar;cfo;fcf;ozkaynaklar;toplam_borc;net_borc;nakit;toplam_aktif,toplam_borc;net_borc;ebitda;ihracat_orani;piyasa_degeri;pb;roe;roa;ev;ev_ebitda;fcf_verim
DOAS.IS,2020Q1,2020-03-31,XI_29,isyatirim_pit,,,2026-09-07T22:37:03.109606981,,,2020-05-15,APPROXIMATE_FIXED_LAG,UNKNOWN,UNKNOWN,data\raw\isyatirim_cache\DOAS_2020_XI_29.json,satislar;ebitda;op_gelir;net_kar;cfo;fcf;ozkaynaklar;toplam_borc;net_borc;nakit;toplam_aktif,toplam_borc;net_borc;ebitda;ihracat_orani;piyasa_degeri;pb;roe;roa;ev;ev_ebitda;fcf_verim
DOAS.IS,2020Q2,2020-06-30,XI_29,isyatirim_pit,,,2026-09-07T22:37:03.109606981,,,2020-08-15,APPROXIMATE_FIXED_LAG,UNKNOWN,UNKNOWN,data\raw\isyatirim_cache\DOAS_2020_XI_29.json,satislar;ebitda;op_gelir;net_kar;cfo;fcf;ozkaynaklar;toplam_borc;net_borc;nakit;toplam_aktif,toplam_borc;net_borc;ebitda;ihracat_orani;piyasa_degeri;pb;roe;roa;ev;ev_ebitda;fcf_verim
DOAS.IS,2020Q3,2020-09-30,XI_29,isyatirim_pit,,,2026-09-07T22:37:03.109606981,,,2020-11-15,APPROXIMATE_FIXED_LAG,UNKNOWN,UNKNOWN,data\raw\isyatirim_cache\DOAS_2020_XI_29.json,satislar;ebitda;op_gelir;net_kar;cfo;fcf;ozkaynaklar;toplam_borc;net_borc;nakit;toplam_aktif,toplam_borc;net_borc;ebitda;ihracat_orani;piyasa_degeri;pb;roe;roa;ev;ev_ebitda;fcf_verim
DOAS.IS,2020Q4,2020-12-31,XI_29,isyatirim_pit,,,2026-09-07T22:37:03.109606981,,,2021-03-15,APPROXIMATE_FIXED_LAG,UNKNOWN,UNKNOWN,data\raw\isyatirim_cache\DOAS_2020_XI_29.json,satislar;ebitda;op_gelir;net_kar;cfo;fcf;ozkaynaklar;toplam_borc;net_borc;nakit;toplam_aktif,toplam_borc;net_borc;ebitda;ihracat_orani;piyasa_degeri;pb;roe;roa;ev;ev_ebitda;fcf_verim
DOAS.IS,2021Q1,2021-03-31,XI_29,isyatirim_pit,,,2026-09-07T22:37:03.275102615,,,2021-05-15,APPROXIMATE_FIXED_LAG,UNKNOWN,UNKNOWN,data\raw\isyatirim_cache\DOAS_2021_XI_29.json,satislar;ebitda;op_gelir;net_kar;cfo;fcf;ozkaynaklar;toplam_borc;net_borc;nakit;toplam_aktif,toplam_borc;net_borc;ebitda;ihracat_orani;piyasa_degeri;pb;roe;roa;ev;ev_ebitda;fcf_verim
DOAS.IS,2021Q2,2021-06-30,XI_29,isyatirim_pit,,,2026-09-07T22:37:03.275102615,,,2021-08-15,APPROXIMATE_FIXED_LAG,UNKNOWN,UNKNOWN,data\raw\isyatirim_cache\DOAS_2021_XI_29.json,satislar;ebitda;op_gelir;net_kar;cfo;fcf;ozkaynaklar;toplam_borc;net_borc;nakit;toplam_aktif,toplam_borc;net_borc;ebitda;ihracat_orani;piyasa_degeri;pb;roe;roa;ev;ev_ebitda;fcf_verim
DOAS.IS,2021Q3,2021-09-30,XI_29,isyatirim_pit,,,2026-09-07T22:37:03.275102615,,,2021-11-15,APPROXIMATE_FIXED_LAG,UNKNOWN,UNKNOWN,data\raw\isyatirim_cache\DOAS_2021_XI_29.json,satislar;ebitda;op_gelir;net_kar;cfo;fcf;ozkaynaklar;toplam_borc;net_borc;nakit;toplam_aktif,toplam_borc;net_borc;ebitda;ihracat_orani;piyasa_degeri;pb;roe;roa;ev;ev_ebitda;fcf_verim
DOAS.IS,2021Q4,2021-12-31,XI_29,isyatirim_pit,,,2026-09-07T22:37:03.275102615,,,2022-03-15,APPROXIMATE_FIXED_LAG,UNKNOWN,UNKNOWN,data\raw\isyatirim_cache\DOAS_2021_XI_29.json,satislar;ebitda;op_gelir;net_kar;cfo;fcf;ozkaynaklar;toplam_borc;net_borc;nakit;toplam_aktif,toplam_borc;net_borc;ebitda;ihracat_orani;piyasa_degeri;pb;roe;roa;ev;ev_ebitda;fcf_verim
DOAS.IS,2022Q1,2022-03-31,XI_29,isyatirim_pit,,,2026-09-07T22:37:03.420952082,,,2022-05-15,APPROXIMATE_FIXED_LAG,UNKNOWN,UNKNOWN,data\raw\isyatirim_cache\DOAS_2022_XI_29.json,satislar;ebitda;op_gelir;net_kar;cfo;fcf;ozkaynaklar;toplam_borc;net_borc;nakit;toplam_aktif,toplam_borc;net_borc;ebitda;ihracat_orani;piyasa_degeri;pb;roe;roa;ev;ev_ebitda;fcf_verim
DOAS.IS,2022Q2,2022-06-30,XI_29,isyatirim_pit,,,2026-09-07T22:37:03.420952082,,,2022-08-15,APPROXIMATE_FIXED_LAG,UNKNOWN,UNKNOWN,data\raw\isyatirim_cache\DOAS_2022_XI_29.json,satislar;ebitda;op_gelir;net_kar;cfo;fcf;ozkaynaklar;toplam_borc;net_borc;nakit;toplam_aktif,toplam_borc;net_borc;ebitda;ihracat_orani;piyasa_degeri;pb;roe;roa;ev;ev_ebitda;fcf_verim
DOAS.IS,2022Q3,2022-09-30,XI_29,isyatirim_pit,,,2026-09-07T22:37:03.420952082,,,2022-11-15,APPROXIMATE_FIXED_LAG,UNKNOWN,UNKNOWN,data\raw\isyatirim_cache\DOAS_2022_XI_29.json,satislar;ebitda;op_gelir;net_kar;cfo;fcf;ozkaynaklar;toplam_borc;net_borc;nakit;toplam_aktif,toplam_borc;net_borc;ebitda;ihracat_orani;piyasa_degeri;pb;roe;roa;ev;ev_ebitda;fcf_verim
DOAS.IS,2022Q4,2022-12-31,XI_29,isyatirim_pit,,,2026-09-07T22:37:03.420952082,,,2023-03-15,APPROXIMATE_FIXED_LAG,UNKNOWN,UNKNOWN,data\raw\isyatirim_cache\DOAS_2022_XI_29.json,satislar;ebitda;op_gelir;net_kar;cfo;fcf;ozkaynaklar;toplam_borc;net_borc;nakit;toplam_aktif,toplam_borc;net_borc;ebitda;ihracat_orani;piyasa_degeri;pb;roe;roa;ev;ev_ebitda;fcf_verim
DOAS.IS,2023Q1,2023-03-31,XI_29,isyatirim_pit,,,2026-09-07T22:37:03.565025568,,,2023-05-15,APPROXIMATE_FIXED_LAG,UNKNOWN,UNKNOWN,data\raw\isyatirim_cache\DOAS_2023_XI_29.json,satislar;ebitda;op_gelir;net_kar;cfo;fcf;ozkaynaklar;toplam_borc;net_borc;nakit;toplam_aktif,toplam_borc;net_borc;ebitda;ihracat_orani;piyasa_degeri;pb;roe;roa;ev;ev_ebitda;fcf_verim
DOAS.IS,2023Q2,2023-06-30,XI_29,isyatirim_pit,,,2026-09-07T22:37:03.565025568,,,2023-08-15,APPROXIMATE_FIXED_LAG,UNKNOWN,UNKNOWN,data\raw\isyatirim_cache\DOAS_2023_XI_29.json,satislar;ebitda;op_gelir;net_kar;cfo;fcf;ozkaynaklar;toplam_borc;net_borc;nakit;toplam_aktif,toplam_borc;net_borc;ebitda;ihracat_orani;piyasa_degeri;pb;roe;roa;ev;ev_ebitda;fcf_verim
DOAS.IS,2023Q3,2023-09-30,XI_29,isyatirim_pit,,,2026-09-07T22:37:03.565025568,,,2023-11-15,APPROXIMATE_FIXED_LAG,UNKNOWN,UNKNOWN,data\raw\isyatirim_cache\DOAS_2023_XI_29.json,satislar;ebitda;op_gelir;net_kar;cfo;fcf;ozkaynaklar;toplam_borc;net_borc;nakit;toplam_aktif,toplam_borc;net_borc;ebitda;ihracat_orani;piyasa_degeri;pb;roe;roa;ev;ev_ebitda;fcf_verim
DOAS.IS,2023Q4,2023-12-31,XI_29,isyatirim_pit,,,2026-09-07T22:37:03.565025568,,,2024-03-15,APPROXIMATE_FIXED_LAG,UNKNOWN,UNKNOWN,data\raw\isyatirim_cache\DOAS_2023_XI_29.json,satislar;ebitda;op_gelir;net_kar;cfo;fcf;ozkaynaklar;toplam_borc;net_borc;nakit;toplam_aktif,toplam_borc;net_borc;ebitda;ihracat_orani;piyasa_degeri;pb;roe;roa;ev;ev_ebitda;fcf_verim
DOAS.IS,2024Q1,2024-03-31,XI_29,isyatirim_pit,,,2026-09-07T22:37:03.665203094,,,2024-05-15,APPROXIMATE_FIXED_LAG,UNKNOWN,UNKNOWN,data\raw\isyatirim_cache\DOAS_2024_XI_29.json,satislar;ebitda;op_gelir;net_kar;cfo;fcf;ozkaynaklar;toplam_borc;net_borc;nakit;toplam_aktif,toplam_borc;net_borc;ebitda;ihracat_orani;piyasa_degeri;pb;roe;roa;ev;ev_ebitda;fcf_verim
DOAS.IS,2024Q2,2024-06-30,XI_29,isyatirim_pit,,,2026-09-07T22:37:03.665203094,,,2024-08-15,APPROXIMATE_FIXED_LAG,UNKNOWN,UNKNOWN,data\raw\isyatirim_cache\DOAS_2024_XI_29.json,satislar;ebitda;op_gelir;net_kar;cfo;fcf;ozkaynaklar;toplam_borc;net_borc;nakit;toplam_aktif,toplam_borc;net_borc;ebitda;ihracat_orani;piyasa_degeri;pb;roe;roa;ev;ev_ebitda;fcf_verim
DOAS.IS,2024Q3,2024-09-30,XI_29,isyatirim_pit,,,2026-09-07T22:37:03.665203094,,,2024-11-15,APPROXIMATE_FIXED_LAG,UNKNOWN,UNKNOWN,data\raw\isyatirim_cache\DOAS_2024_XI_29.json,satislar;ebitda;op_gelir;net_kar;cfo;fcf;ozkaynaklar;toplam_borc;net_borc;nakit;toplam_aktif,toplam_borc;net_borc;ebitda;ihracat_orani;piyasa_degeri;pb;roe;roa;ev;ev_ebitda;fcf_verim
DOAS.IS,2024Q4,2024-12-31,XI_29,isyatirim_pit,,,2026-09-07T22:37:03.665203094,,,2025-03-15,APPROXIMATE_FIXED_LAG,UNKNOWN,UNKNOWN,data\raw\isyatirim_cache\DOAS_2024_XI_29.json,satislar;ebitda;op_gelir;net_kar;cfo;fcf;ozkaynaklar;toplam_borc;net_borc;nakit;toplam_aktif,toplam_borc;net_borc;ebitda;ihracat_orani;piyasa_degeri;pb;roe;roa;ev;ev_ebitda;fcf_verim
DOAS.IS,2025Q1,2025-03-31,XI_29,isyatirim_pit,,,2026-09-07T22:37:03.792335749,,,2025-05-15,APPROXIMATE_FIXED_LAG,UNKNOWN,UNKNOWN,data\raw\isyatirim_cache\DOAS_2025_XI_29.json,satislar;ebitda;op_gelir;net_kar;cfo;fcf;ozkaynaklar;toplam_borc;net_borc;nakit;toplam_aktif,toplam_borc;net_borc;ebitda;ihracat_orani;piyasa_degeri;pb;roe;roa;ev;ev_ebitda;fcf_verim
DOAS.IS,2025Q2,2025-06-30,XI_29,isyatirim_pit,,,2026-09-07T22:37:03.792335749,,,2025-08-15,APPROXIMATE_FIXED_LAG,UNKNOWN,UNKNOWN,data\raw\isyatirim_cache\DOAS_2025_XI_29.json,satislar;ebitda;op_gelir;net_kar;cfo;fcf;ozkaynaklar;toplam_borc;net_borc;nakit;toplam_aktif,toplam_borc;net_borc;ebitda;ihracat_orani;piyasa_degeri;pb;roe;roa;ev;ev_ebitda;fcf_verim
DOAS.IS,2025Q3,2025-09-30,XI_29,isyatirim_pit,,,2026-09-07T22:37:03.792335749,,,2025-11-15,APPROXIMATE_FIXED_LAG,UNKNOWN,UNKNOWN,data\raw\isyatirim_cache\DOAS_2025_XI_29.json,satislar;ebitda;op_gelir;net_kar;cfo;fcf;ozkaynaklar;toplam_borc;net_borc;nakit;toplam_aktif,toplam_borc;net_borc;ebitda;ihracat_orani;piyasa_degeri;pb;roe;roa;ev;ev_ebitda;fcf_verim
DOAS.IS,2025Q4,2025-12-31,XI_29,isyatirim_pit,,,2026-09-07T22:37:03.792335749,,,2026-03-15,APPROXIMATE_FIXED_LAG,UNKNOWN,UNKNOWN,data\raw\isyatirim_cache\DOAS_2025_XI_29.json,satislar;ebitda;op_gelir;net_kar;cfo;fcf;ozkaynaklar;toplam_borc;net_borc;nakit;toplam_aktif,toplam_borc;net_borc;ebitda;ihracat_orani;piyasa_degeri;pb;roe;roa;ev;ev_ebitda;fcf_verim
DOAS.IS,2026Q1,2026-03-31,XI_29,isyatirim_pit,,,2026-09-07T22:37:03.916406155,,,2026-05-15,APPROXIMATE_FIXED_LAG,UNKNOWN,UNKNOWN,data\raw\isyatirim_cache\DOAS_2026_XI_29.json,satislar;ebitda;op_gelir;net_kar;cfo;fcf;ozkaynaklar;toplam_borc;net_borc;nakit;toplam_aktif,toplam_borc;net_borc;ebitda;ihracat_orani;piyasa_degeri;pb;roe;roa;ev;ev_ebitda;fcf_verim
DOAS.IS,2026Q2,2026-06-30,XI_29,isyatirim_pit,,,2026-09-07T22:37:03.916406155,,,2026-08-15,APPROXIMATE_FIXED_LAG,UNKNOWN,UNKNOWN,data\raw\isyatirim_cache\DOAS_2026_XI_29.json,satislar;ebitda;op_gelir;net_kar;cfo;fcf;ozkaynaklar;toplam_borc;net_borc;nakit;toplam_aktif,toplam_borc;net_borc;ebitda;ihracat_orani;piyasa_degeri;pb;roe;roa;ev;ev_ebitda;fcf_verim
DOHOL.IS,2018Q1,2018-03-31,XI_29,isyatirim_pit,,,2026-09-07T22:37:20.966973782,,,2018-05-15,APPROXIMATE_FIXED_LAG,UNKNOWN,UNKNOWN,data\raw\isyatirim_cache\DOHOL_2018_XI_29.json,satislar;ebitda;op_gelir;net_kar;cfo;fcf;ozkaynaklar;toplam_borc;net_borc;nakit;toplam_aktif,toplam_borc;net_borc;ebitda;ihracat_orani;piyasa_degeri;pb;roe;roa;ev;ev_ebitda;fcf_verim
DOHOL.IS,2018Q2,2018-06-30,XI_29,isyatirim_pit,,,2026-09-07T22:37:20.966973782,,,2018-08-15,APPROXIMATE_FIXED_LAG,UNKNOWN,UNKNOWN,data\raw\isyatirim_cache\DOHOL_2018_XI_29.json,satislar;ebitda;op_gelir;net_kar;cfo;fcf;ozkaynaklar;toplam_borc;net_borc;nakit;toplam_aktif,toplam_borc;net_borc;ebitda;ihracat_orani;piyasa_degeri;pb;roe;roa;ev;ev_ebitda;fcf_verim
DOHOL.IS,2018Q3,2018-09-30,XI_29,isyatirim_pit,,,2026-09-07T22:37:20.966973782,,,2018-11-15,APPROXIMATE_FIXED_LAG,UNKNOWN,UNKNOWN,data\raw\isyatirim_cache\DOHOL_2018_XI_29.json,satislar;ebitda;op_gelir;net_kar;cfo;fcf;ozkaynaklar;toplam_borc;net_borc;nakit;toplam_aktif,toplam_borc;net_borc;ebitda;ihracat_orani;piyasa_degeri;pb;roe;roa;ev;ev_ebitda;fcf_verim
DOHOL.IS,2018Q4,2018-12-31,XI_29,isyatirim_pit,,,2026-09-07T22:37:20.966973782,,,2019-03-15,APPROXIMATE_FIXED_LAG,UNKNOWN,UNKNOWN,data\raw\isyatirim_cache\DOHOL_2018_XI_29.json,satislar;ebitda;op_gelir;net_kar;cfo;fcf;ozkaynaklar;toplam_borc;net_borc;nakit;toplam_aktif,toplam_borc;net_borc;ebitda;ihracat_orani;piyasa_degeri;pb;roe;roa;ev;ev_ebitda;fcf_verim
DOHOL.IS,2019Q1,2019-03-31,XI_29,isyatirim_pit,,,2026-09-07T22:37:21.140765190,,,2019-05-15,APPROXIMATE_FIXED_LAG,UNKNOWN,UNKNOWN,data\raw\isyatirim_cache\DOHOL_2019_XI_29.json,satislar;ebitda;op_gelir;net_kar;cfo;fcf;ozkaynaklar;toplam_borc;net_borc;nakit;toplam_aktif,toplam_borc;net_borc;ebitda;ihracat_orani;piyasa_degeri;pb;roe;roa;ev;ev_ebitda;fcf_verim
DOHOL.IS,2019Q2,2019-06-30,XI_29,isyatirim_pit,,,2026-09-07T22:37:21.140765190,,,2019-08-15,APPROXIMATE_FIXED_LAG,UNKNOWN,UNKNOWN,data\raw\isyatirim_cache\DOHOL_2019_XI_29.json,satislar;ebitda;op_gelir;net_kar;cfo;fcf;ozkaynaklar;toplam_borc;net_borc;nakit;toplam_aktif,toplam_borc;net_borc;ebitda;ihracat_orani;piyasa_degeri;pb;roe;roa;ev;ev_ebitda;fcf_verim
DOHOL.IS,2019Q3,2019-09-30,XI_29,isyatirim_pit,,,2026-09-07T22:37:21.140765190,,,2019-11-15,APPROXIMATE_FIXED_LAG,UNKNOWN,UNKNOWN,data\raw\isyatirim_cache\DOHOL_2019_XI_29.json,satislar;ebitda;op_gelir;net_kar;cfo;fcf;ozkaynaklar;toplam_borc;net_borc;nakit;toplam_aktif,toplam_borc;net_borc;ebitda;ihracat_orani;piyasa_degeri;pb;roe;roa;ev;ev_ebitda;fcf_verim
DOHOL.IS,2019Q4,2019-12-31,XI_29,isyatirim_pit,,,2026-09-07T22:37:21.140765190,,,2020-03-15,APPROXIMATE_FIXED_LAG,UNKNOWN,UNKNOWN,data\raw\isyatirim_cache\DOHOL_2019_XI_29.json,satislar;ebitda;op_gelir;net_kar;cfo;fcf;ozkaynaklar;toplam_borc;net_borc;nakit;toplam_aktif,toplam_borc;net_borc;ebitda;ihracat_orani;piyasa_degeri;pb;roe;roa;ev;ev_ebitda;fcf_verim
DOHOL.IS,2020Q1,2020-03-31,XI_29,isyatirim_pit,,,2026-09-07T22:37:21.284833431,,,2020-05-15,APPROXIMATE_FIXED_LAG,UNKNOWN,UNKNOWN,data\raw\isyatirim_cache\DOHOL_2020_XI_29.json,satislar;ebitda;op_gelir;net_kar;cfo;fcf;ozkaynaklar;toplam_borc;net_borc;nakit;toplam_aktif,toplam_borc;net_borc;ebitda;ihracat_orani;piyasa_degeri;pb;roe;roa;ev;ev_ebitda;fcf_verim
DOHOL.IS,2020Q2,2020-06-30,XI_29,isyatirim_pit,,,2026-09-07T22:37:21.284833431,,,2020-08-15,APPROXIMATE_FIXED_LAG,UNKNOWN,UNKNOWN,data\raw\isyatirim_cache\DOHOL_2020_XI_29.json,satislar;ebitda;op_gelir;net_kar;cfo;fcf;ozkaynaklar;toplam_borc;net_borc;nakit;toplam_aktif,toplam_borc;net_borc;ebitda;ihracat_orani;piyasa_degeri;pb;roe;roa;ev;ev_ebitda;fcf_verim
DOHOL.IS,2020Q3,2020-09-30,XI_29,isyatirim_pit,,,2026-09-07T22:37:21.284833431,,,2020-11-15,APPROXIMATE_FIXED_LAG,UNKNOWN,UNKNOWN,data\raw\isyatirim_cache\DOHOL_2020_XI_29.json,satislar;ebitda;op_gelir;net_kar;cfo;fcf;ozkaynaklar;toplam_borc;net_borc;nakit;toplam_aktif,toplam_borc;net_borc;ebitda;ihracat_orani;piyasa_degeri;pb;roe;roa;ev;ev_ebitda;fcf_verim
DOHOL.IS,2020Q4,2020-12-31,XI_29,isyatirim_pit,,,2026-09-07T22:37:21.284833431,,,2021-03-15,APPROXIMATE_FIXED_LAG,UNKNOWN,UNKNOWN,data\raw\isyatirim_cache\DOHOL_2020_XI_29.json,satislar;ebitda;op_gelir;net_kar;cfo;fcf;ozkaynaklar;toplam_borc;net_borc;nakit;toplam_aktif,toplam_borc;net_borc;ebitda;ihracat_orani;piyasa_degeri;pb;roe;roa;ev;ev_ebitda;fcf_verim
DOHOL.IS,2021Q1,2021-03-31,XI_29,isyatirim_pit,,,2026-09-07T22:37:21.524989605,,,2021-05-15,APPROXIMATE_FIXED_LAG,UNKNOWN,UNKNOWN,data\raw\isyatirim_cache\DOHOL_2021_XI_29.json,satislar;ebitda;op_gelir;net_kar;cfo;fcf;ozkaynaklar;toplam_borc;net_borc;nakit;toplam_aktif,toplam_borc;net_borc;ebitda;ihracat_orani;piyasa_degeri;pb;roe;roa;ev;ev_ebitda;fcf_verim
DOHOL.IS,2021Q2,2021-06-30,XI_29,isyatirim_pit,,,2026-09-07T22:37:21.524989605,,,2021-08-15,APPROXIMATE_FIXED_LAG,UNKNOWN,UNKNOWN,data\raw\isyatirim_cache\DOHOL_2021_XI_29.json,satislar;ebitda;op_gelir;net_kar;cfo;fcf;ozkaynaklar;toplam_borc;net_borc;nakit;toplam_aktif,toplam_borc;net_borc;ebitda;ihracat_orani;piyasa_degeri;pb;roe;roa;ev;ev_ebitda;fcf_verim
DOHOL.IS,2021Q3,2021-09-30,XI_29,isyatirim_pit,,,2026-09-07T22:37:21.524989605,,,2021-11-15,APPROXIMATE_FIXED_LAG,UNKNOWN,UNKNOWN,data\raw\isyatirim_cache\DOHOL_2021_XI_29.json,satislar;ebitda;op_gelir;net_kar;cfo;fcf;ozkaynaklar;toplam_borc;net_borc;nakit;toplam_aktif,toplam_borc;net_borc;ebitda;ihracat_orani;piyasa_degeri;pb;roe;roa;ev;ev_ebitda;fcf_verim
DOHOL.IS,2021Q4,2021-12-31,XI_29,isyatirim_pit,,,2026-09-07T22:37:21.524989605,,,2022-03-15,APPROXIMATE_FIXED_LAG,UNKNOWN,UNKNOWN,data\raw\isyatirim_cache\DOHOL_2021_XI_29.json,satislar;ebitda;op_gelir;net_kar;cfo;fcf;ozkaynaklar;toplam_borc;net_borc;nakit;toplam_aktif,toplam_borc;net_borc;ebitda;ihracat_orani;piyasa_degeri;pb;roe;roa;ev;ev_ebitda;fcf_verim
DOHOL.IS,2022Q1,2022-03-31,XI_29,isyatirim_pit,,,2026-09-07T22:37:21.649221897,,,2022-05-15,APPROXIMATE_FIXED_LAG,UNKNOWN,UNKNOWN,data\raw\isyatirim_cache\DOHOL_2022_XI_29.json,satislar;ebitda;op_gelir;net_kar;cfo;fcf;ozkaynaklar;toplam_borc;net_borc;nakit;toplam_aktif,toplam_borc;net_borc;ebitda;ihracat_orani;piyasa_degeri;pb;roe;roa;ev;ev_ebitda;fcf_verim
DOHOL.IS,2022Q2,2022-06-30,XI_29,isyatirim_pit,,,2026-09-07T22:37:21.649221897,,,2022-08-15,APPROXIMATE_FIXED_LAG,UNKNOWN,UNKNOWN,data\raw\isyatirim_cache\DOHOL_2022_XI_29.json,satislar;ebitda;op_gelir;net_kar;cfo;fcf;ozkaynaklar;toplam_borc;net_borc;nakit;toplam_aktif,toplam_borc;net_borc;ebitda;ihracat_orani;piyasa_degeri;pb;roe;roa;ev;ev_ebitda;fcf_verim
DOHOL.IS,2022Q3,2022-09-30,XI_29,isyatirim_pit,,,2026-09-07T22:37:21.649221897,,,2022-11-15,APPROXIMATE_FIXED_LAG,UNKNOWN,UNKNOWN,data\raw\isyatirim_cache\DOHOL_2022_XI_29.json,satislar;ebitda;op_gelir;net_kar;cfo;fcf;ozkaynaklar;toplam_borc;net_borc;nakit;toplam_aktif,toplam_borc;net_borc;ebitda;ihracat_orani;piyasa_degeri;pb;roe;roa;ev;ev_ebitda;fcf_verim
DOHOL.IS,2022Q4,2022-12-31,XI_29,isyatirim_pit,,,2026-09-07T22:37:21.649221897,,,2023-03-15,APPROXIMATE_FIXED_LAG,UNKNOWN,UNKNOWN,data\raw\isyatirim_cache\DOHOL_2022_XI_29.json,satislar;ebitda;op_gelir;net_kar;cfo;fcf;ozkaynaklar;toplam_borc;net_borc;nakit;toplam_aktif,toplam_borc;net_borc;ebitda;ihracat_orani;piyasa_degeri;pb;roe;roa;ev;ev_ebitda;fcf_verim
DOHOL.IS,2023Q1,2023-03-31,XI_29,isyatirim_pit,,,2026-09-07T22:37:21.810558319,,,2023-05-15,APPROXIMATE_FIXED_LAG,UNKNOWN,UNKNOWN,data\raw\isyatirim_cache\DOHOL_2023_XI_29.json,satislar;ebitda;op_gelir;net_kar;cfo;fcf;ozkaynaklar;toplam_borc;net_borc;nakit;toplam_aktif,toplam_borc;net_borc;ebitda;ihracat_orani;piyasa_degeri;pb;roe;roa;ev;ev_ebitda;fcf_verim
DOHOL.IS,2023Q2,2023-06-30,XI_29,isyatirim_pit,,,2026-09-07T22:37:21.810558319,,,2023-08-15,APPROXIMATE_FIXED_LAG,UNKNOWN,UNKNOWN,data\raw\isyatirim_cache\DOHOL_2023_XI_29.json,satislar;ebitda;op_gelir;net_kar;cfo;fcf;ozkaynaklar;toplam_borc;net_borc;nakit;toplam_aktif,toplam_borc;net_borc;ebitda;ihracat_orani;piyasa_degeri;pb;roe;roa;ev;ev_ebitda;fcf_verim
DOHOL.IS,2023Q3,2023-09-30,XI_29,isyatirim_pit,,,2026-09-07T22:37:21.810558319,,,2023-11-15,APPROXIMATE_FIXED_LAG,UNKNOWN,UNKNOWN,data\raw\isyatirim_cache\DOHOL_2023_XI_29.json,satislar;ebitda;op_gelir;net_kar;cfo;fcf;ozkaynaklar;toplam_borc;net_borc;nakit;toplam_aktif,toplam_borc;net_borc;ebitda;ihracat_orani;piyasa_degeri;pb;roe;roa;ev;ev_ebitda;fcf_verim
DOHOL.IS,2023Q4,2023-12-31,XI_29,isyatirim_pit,,,2026-09-07T22:37:21.810558319,,,2024-03-15,APPROXIMATE_FIXED_LAG,UNKNOWN,UNKNOWN,data\raw\isyatirim_cache\DOHOL_2023_XI_29.json,satislar;ebitda;op_gelir;net_kar;cfo;fcf;ozkaynaklar;toplam_borc;net_borc;nakit;toplam_aktif,toplam_borc;net_borc;ebitda;ihracat_orani;piyasa_degeri;pb;roe;roa;ev;ev_ebitda;fcf_verim
DOHOL.IS,2024Q1,2024-03-31,XI_29,isyatirim_pit,,,2026-09-07T22:37:21.896449804,,,2024-05-15,APPROXIMATE_FIXED_LAG,UNKNOWN,UNKNOWN,data\raw\isyatirim_cache\DOHOL_2024_XI_29.json,satislar;ebitda;op_gelir;net_kar;cfo;fcf;ozkaynaklar;toplam_borc;net_borc;nakit;toplam_aktif,toplam_borc;net_borc;ebitda;ihracat_orani;piyasa_degeri;pb;roe;roa;ev;ev_ebitda;fcf_verim
DOHOL.IS,2024Q2,2024-06-30,XI_29,isyatirim_pit,,,2026-09-07T22:37:21.896449804,,,2024-08-15,APPROXIMATE_FIXED_LAG,UNKNOWN,UNKNOWN,data\raw\isyatirim_cache\DOHOL_2024_XI_29.json,satislar;ebitda;op_gelir;net_kar;cfo;fcf;ozkaynaklar;toplam_borc;net_borc;nakit;toplam_aktif,toplam_borc;net_borc;ebitda;ihracat_orani;piyasa_degeri;pb;roe;roa;ev;ev_ebitda;fcf_verim
DOHOL.IS,2024Q3,2024-09-30,XI_29,isyatirim_pit,,,2026-09-07T22:37:21.896449804,,,2024-11-15,APPROXIMATE_FIXED_LAG,UNKNOWN,UNKNOWN,data\raw\isyatirim_cache\DOHOL_2024_XI_29.json,satislar;ebitda;op_gelir;net_kar;cfo;fcf;ozkaynaklar;toplam_borc;net_borc;nakit;toplam_aktif,toplam_borc;net_borc;ebitda;ihracat_orani;piyasa_degeri;pb;roe;roa;ev;ev_ebitda;fcf_verim
DOHOL.IS,2024Q4,2024-12-31,XI_29,isyatirim_pit,,,2026-09-07T22:37:21.896449804,,,2025-03-15,APPROXIMATE_FIXED_LAG,UNKNOWN,UNKNOWN,data\raw\isyatirim_cache\DOHOL_2024_XI_29.json,satislar;ebitda;op_gelir;net_kar;cfo;fcf;ozkaynaklar;toplam_borc;net_borc;nakit;toplam_aktif,toplam_borc;net_borc;ebitda;ihracat_orani;piyasa_degeri;pb;roe;roa;ev;ev_ebitda;fcf_verim
DOHOL.IS,2025Q1,2025-03-31,XI_29,isyatirim_pit,,,2026-09-07T22:37:22.131071328,,,2025-05-15,APPROXIMATE_FIXED_LAG,UNKNOWN,UNKNOWN,data\raw\isyatirim_cache\DOHOL_2025_XI_29.json,satislar;ebitda;op_gelir;net_kar;cfo;fcf;ozkaynaklar;toplam_borc;net_borc;nakit;toplam_aktif,toplam_borc;net_borc;ebitda;ihracat_orani;piyasa_degeri;pb;roe;roa;ev;ev_ebitda;fcf_verim
DOHOL.IS,2025Q2,2025-06-30,XI_29,isyatirim_pit,,,2026-09-07T22:37:22.131071328,,,2025-08-15,APPROXIMATE_FIXED_LAG,UNKNOWN,UNKNOWN,data\raw\isyatirim_cache\DOHOL_2025_XI_29.json,satislar;ebitda;op_gelir;net_kar;cfo;fcf;ozkaynaklar;toplam_borc;net_borc;nakit;toplam_aktif,toplam_borc;net_borc;ebitda;ihracat_orani;piyasa_degeri;pb;roe;roa;ev;ev_ebitda;fcf_verim
DOHOL.IS,2025Q3,2025-09-30,XI_29,isyatirim_pit,,,2026-09-07T22:37:22.131071328,,,2025-11-15,APPROXIMATE_FIXED_LAG,UNKNOWN,UNKNOWN,data\raw\isyatirim_cache\DOHOL_2025_XI_29.json,satislar;ebitda;op_gelir;net_kar;cfo;fcf;ozkaynaklar;toplam_borc;net_borc;nakit;toplam_aktif,toplam_borc;net_borc;ebitda;ihracat_orani;piyasa_degeri;pb;roe;roa;ev;ev_ebitda;fcf_verim
DOHOL.IS,2025Q4,2025-12-31,XI_29,isyatirim_pit,,,2026-09-07T22:37:22.131071328,,,2026-03-15,APPROXIMATE_FIXED_LAG,UNKNOWN,UNKNOWN,data\raw\isyatirim_cache\DOHOL_2025_XI_29.json,satislar;ebitda;op_gelir;net_kar;cfo;fcf;ozkaynaklar;toplam_borc;net_borc;nakit;toplam_aktif,toplam_borc;net_borc;ebitda;ihracat_orani;piyasa_degeri;pb;roe;roa;ev;ev_ebitda;fcf_verim
DOHOL.IS,2026Q1,2026-03-31,XI_29,isyatirim_pit,,,2026-09-07T22:37:22.255634546,,,2026-05-15,APPROXIMATE_FIXED_LAG,UNKNOWN,UNKNOWN,data\raw\isyatirim_cache\DOHOL_2026_XI_29.json,satislar;ebitda;op_gelir;net_kar;cfo;fcf;ozkaynaklar;toplam_borc;net_borc;nakit;toplam_aktif,toplam_borc;net_borc;ebitda;ihracat_orani;piyasa_degeri;pb;roe;roa;ev;ev_ebitda;fcf_verim
DOHOL.IS,2026Q2,2026-06-30,XI_29,isyatirim_pit,,,2026-09-07T22:37:22.255634546,,,2026-08-15,APPROXIMATE_FIXED_LAG,UNKNOWN,UNKNOWN,data\raw\isyatirim_cache\DOHOL_2026_XI_29.json,satislar;ebitda;op_gelir;net_kar;cfo;fcf;ozkaynaklar;toplam_borc;net_borc;nakit;toplam_aktif,toplam_borc;net_borc;ebitda;ihracat_orani;piyasa_degeri;pb;roe;roa;ev;ev_ebitda;fcf_verim
ECILC.IS,2018Q1,2018-03-31,XI_29,isyatirim_pit,,,2026-09-07T22:37:22.222478867,,,2018-05-15,APPROXIMATE_FIXED_LAG,UNKNOWN,UNKNOWN,data\raw\isyatirim_cache\ECILC_2018_XI_29.json,satislar;ebitda;op_gelir;net_kar;cfo;fcf;ozkaynaklar;toplam_borc;net_borc;nakit;toplam_aktif,toplam_borc;net_borc;ebitda;ihracat_orani;piyasa_degeri;pb;roe;roa;ev;ev_ebitda;fcf_verim
ECILC.IS,2018Q2,2018-06-30,XI_29,isyatirim_pit,,,2026-09-07T22:37:22.222478867,,,2018-08-15,APPROXIMATE_FIXED_LAG,UNKNOWN,UNKNOWN,data\raw\isyatirim_cache\ECILC_2018_XI_29.json,satislar;ebitda;op_gelir;net_kar;cfo;fcf;ozkaynaklar;toplam_borc;net_borc;nakit;toplam_aktif,toplam_borc;net_borc;ebitda;ihracat_orani;piyasa_degeri;pb;roe;roa;ev;ev_ebitda;fcf_verim
ECILC.IS,2018Q3,2018-09-30,XI_29,isyatirim_pit,,,2026-09-07T22:37:22.222478867,,,2018-11-15,APPROXIMATE_FIXED_LAG,UNKNOWN,UNKNOWN,data\raw\isyatirim_cache\ECILC_2018_XI_29.json,satislar;ebitda;op_gelir;net_kar;cfo;fcf;ozkaynaklar;toplam_borc;net_borc;nakit;toplam_aktif,toplam_borc;net_borc;ebitda;ihracat_orani;piyasa_degeri;pb;roe;roa;ev;ev_ebitda;fcf_verim
ECILC.IS,2018Q4,2018-12-31,XI_29,isyatirim_pit,,,2026-09-07T22:37:22.222478867,,,2019-03-15,APPROXIMATE_FIXED_LAG,UNKNOWN,UNKNOWN,data\raw\isyatirim_cache\ECILC_2018_XI_29.json,satislar;ebitda;op_gelir;net_kar;cfo;fcf;ozkaynaklar;toplam_borc;net_borc;nakit;toplam_aktif,toplam_borc;net_borc;ebitda;ihracat_orani;piyasa_degeri;pb;roe;roa;ev;ev_ebitda;fcf_verim
ECILC.IS,2019Q1,2019-03-31,XI_29,isyatirim_pit,,,2026-09-07T22:37:22.405002594,,,2019-05-15,APPROXIMATE_FIXED_LAG,UNKNOWN,UNKNOWN,data\raw\isyatirim_cache\ECILC_2019_XI_29.json,satislar;ebitda;op_gelir;net_kar;cfo;fcf;ozkaynaklar;toplam_borc;net_borc;nakit;toplam_aktif,toplam_borc;net_borc;ebitda;ihracat_orani;piyasa_degeri;pb;roe;roa;ev;ev_ebitda;fcf_verim
ECILC.IS,2019Q2,2019-06-30,XI_29,isyatirim_pit,,,2026-09-07T22:37:22.405002594,,,2019-08-15,APPROXIMATE_FIXED_LAG,UNKNOWN,UNKNOWN,data\raw\isyatirim_cache\ECILC_2019_XI_29.json,satislar;ebitda;op_gelir;net_kar;cfo;fcf;ozkaynaklar;toplam_borc;net_borc;nakit;toplam_aktif,toplam_borc;net_borc;ebitda;ihracat_orani;piyasa_degeri;pb;roe;roa;ev;ev_ebitda;fcf_verim
ECILC.IS,2019Q3,2019-09-30,XI_29,isyatirim_pit,,,2026-09-07T22:37:22.405002594,,,2019-11-15,APPROXIMATE_FIXED_LAG,UNKNOWN,UNKNOWN,data\raw\isyatirim_cache\ECILC_2019_XI_29.json,satislar;ebitda;op_gelir;net_kar;cfo;fcf;ozkaynaklar;toplam_borc;net_borc;nakit;toplam_aktif,toplam_borc;net_borc;ebitda;ihracat_orani;piyasa_degeri;pb;roe;roa;ev;ev_ebitda;fcf_verim
ECILC.IS,2019Q4,2019-12-31,XI_29,isyatirim_pit,,,2026-09-07T22:37:22.405002594,,,2020-03-15,APPROXIMATE_FIXED_LAG,UNKNOWN,UNKNOWN,data\raw\isyatirim_cache\ECILC_2019_XI_29.json,satislar;ebitda;op_gelir;net_kar;cfo;fcf;ozkaynaklar;toplam_borc;net_borc;nakit;toplam_aktif,toplam_borc;net_borc;ebitda;ihracat_orani;piyasa_degeri;pb;roe;roa;ev;ev_ebitda;fcf_verim
ECILC.IS,2020Q1,2020-03-31,XI_29,isyatirim_pit,,,2026-09-07T22:37:22.552046537,,,2020-05-15,APPROXIMATE_FIXED_LAG,UNKNOWN,UNKNOWN,data\raw\isyatirim_cache\ECILC_2020_XI_29.json,satislar;ebitda;op_gelir;net_kar;cfo;fcf;ozkaynaklar;toplam_borc;net_borc;nakit;toplam_aktif,toplam_borc;net_borc;ebitda;ihracat_orani;piyasa_degeri;pb;roe;roa;ev;ev_ebitda;fcf_verim
ECILC.IS,2020Q2,2020-06-30,XI_29,isyatirim_pit,,,2026-09-07T22:37:22.552046537,,,2020-08-15,APPROXIMATE_FIXED_LAG,UNKNOWN,UNKNOWN,data\raw\isyatirim_cache\ECILC_2020_XI_29.json,satislar;ebitda;op_gelir;net_kar;cfo;fcf;ozkaynaklar;toplam_borc;net_borc;nakit;toplam_aktif,toplam_borc;net_borc;ebitda;ihracat_orani;piyasa_degeri;pb;roe;roa;ev;ev_ebitda;fcf_verim
ECILC.IS,2020Q3,2020-09-30,XI_29,isyatirim_pit,,,2026-09-07T22:37:22.552046537,,,2020-11-15,APPROXIMATE_FIXED_LAG,UNKNOWN,UNKNOWN,data\raw\isyatirim_cache\ECILC_2020_XI_29.json,satislar;ebitda;op_gelir;net_kar;cfo;fcf;ozkaynaklar;toplam_borc;net_borc;nakit;toplam_aktif,toplam_borc;net_borc;ebitda;ihracat_orani;piyasa_degeri;pb;roe;roa;ev;ev_ebitda;fcf_verim
ECILC.IS,2020Q4,2020-12-31,XI_29,isyatirim_pit,,,2026-09-07T22:37:22.552046537,,,2021-03-15,APPROXIMATE_FIXED_LAG,UNKNOWN,UNKNOWN,data\raw\isyatirim_cache\ECILC_2020_XI_29.json,satislar;ebitda;op_gelir;net_kar;cfo;fcf;ozkaynaklar;toplam_borc;net_borc;nakit;toplam_aktif,toplam_borc;net_borc;ebitda;ihracat_orani;piyasa_degeri;pb;roe;roa;ev;ev_ebitda;fcf_verim
ECILC.IS,2021Q1,2021-03-31,XI_29,isyatirim_pit,,,2026-09-07T22:37:22.694529772,,,2021-05-15,APPROXIMATE_FIXED_LAG,UNKNOWN,UNKNOWN,data\raw\isyatirim_cache\ECILC_2021_XI_29.json,satislar;ebitda;op_gelir;net_kar;cfo;fcf;ozkaynaklar;toplam_borc;net_borc;nakit;toplam_aktif,toplam_borc;net_borc;ebitda;ihracat_orani;piyasa_degeri;pb;roe;roa;ev;ev_ebitda;fcf_verim
ECILC.IS,2021Q2,2021-06-30,XI_29,isyatirim_pit,,,2026-09-07T22:37:22.694529772,,,2021-08-15,APPROXIMATE_FIXED_LAG,UNKNOWN,UNKNOWN,data\raw\isyatirim_cache\ECILC_2021_XI_29.json,satislar;ebitda;op_gelir;net_kar;cfo;fcf;ozkaynaklar;toplam_borc;net_borc;nakit;toplam_aktif,toplam_borc;net_borc;ebitda;ihracat_orani;piyasa_degeri;pb;roe;roa;ev;ev_ebitda;fcf_verim
ECILC.IS,2021Q3,2021-09-30,XI_29,isyatirim_pit,,,2026-09-07T22:37:22.694529772,,,2021-11-15,APPROXIMATE_FIXED_LAG,UNKNOWN,UNKNOWN,data\raw\isyatirim_cache\ECILC_2021_XI_29.json,satislar;ebitda;op_gelir;net_kar;cfo;fcf;ozkaynaklar;toplam_borc;net_borc;nakit;toplam_aktif,toplam_borc;net_borc;ebitda;ihracat_orani;piyasa_degeri;pb;roe;roa;ev;ev_ebitda;fcf_verim
ECILC.IS,2021Q4,2021-12-31,XI_29,isyatirim_pit,,,2026-09-07T22:37:22.694529772,,,2022-03-15,APPROXIMATE_FIXED_LAG,UNKNOWN,UNKNOWN,data\raw\isyatirim_cache\ECILC_2021_XI_29.json,satislar;ebitda;op_gelir;net_kar;cfo;fcf;ozkaynaklar;toplam_borc;net_borc;nakit;toplam_aktif,toplam_borc;net_borc;ebitda;ihracat_orani;piyasa_degeri;pb;roe;roa;ev;ev_ebitda;fcf_verim
ECILC.IS,2022Q1,2022-03-31,XI_29,isyatirim_pit,,,2026-09-07T22:37:22.840779305,,,2022-05-15,APPROXIMATE_FIXED_LAG,UNKNOWN,UNKNOWN,data\raw\isyatirim_cache\ECILC_2022_XI_29.json,satislar;ebitda;op_gelir;net_kar;cfo;fcf;ozkaynaklar;toplam_borc;net_borc;nakit;toplam_aktif,toplam_borc;net_borc;ebitda;ihracat_orani;piyasa_degeri;pb;roe;roa;ev;ev_ebitda;fcf_verim
ECILC.IS,2022Q2,2022-06-30,XI_29,isyatirim_pit,,,2026-09-07T22:37:22.840779305,,,2022-08-15,APPROXIMATE_FIXED_LAG,UNKNOWN,UNKNOWN,data\raw\isyatirim_cache\ECILC_2022_XI_29.json,satislar;ebitda;op_gelir;net_kar;cfo;fcf;ozkaynaklar;toplam_borc;net_borc;nakit;toplam_aktif,toplam_borc;net_borc;ebitda;ihracat_orani;piyasa_degeri;pb;roe;roa;ev;ev_ebitda;fcf_verim
ECILC.IS,2022Q3,2022-09-30,XI_29,isyatirim_pit,,,2026-09-07T22:37:22.840779305,,,2022-11-15,APPROXIMATE_FIXED_LAG,UNKNOWN,UNKNOWN,data\raw\isyatirim_cache\ECILC_2022_XI_29.json,satislar;ebitda;op_gelir;net_kar;cfo;fcf;ozkaynaklar;toplam_borc;net_borc;nakit;toplam_aktif,toplam_borc;net_borc;ebitda;ihracat_orani;piyasa_degeri;pb;roe;roa;ev;ev_ebitda;fcf_verim
ECILC.IS,2022Q4,2022-12-31,XI_29,isyatirim_pit,,,2026-09-07T22:37:22.840779305,,,2023-03-15,APPROXIMATE_FIXED_LAG,UNKNOWN,UNKNOWN,data\raw\isyatirim_cache\ECILC_2022_XI_29.json,satislar;ebitda;op_gelir;net_kar;cfo;fcf;ozkaynaklar;toplam_borc;net_borc;nakit;toplam_aktif,toplam_borc;net_borc;ebitda;ihracat_orani;piyasa_degeri;pb;roe;roa;ev;ev_ebitda;fcf_verim
ECILC.IS,2023Q1,2023-03-31,XI_29,isyatirim_pit,,,2026-09-07T22:37:22.974972725,,,2023-05-15,APPROXIMATE_FIXED_LAG,UNKNOWN,UNKNOWN,data\raw\isyatirim_cache\ECILC_2023_XI_29.json,satislar;ebitda;op_gelir;net_kar;cfo;fcf;ozkaynaklar;toplam_borc;net_borc;nakit;toplam_aktif,toplam_borc;net_borc;ebitda;ihracat_orani;piyasa_degeri;pb;roe;roa;ev;ev_ebitda;fcf_verim
ECILC.IS,2023Q2,2023-06-30,XI_29,isyatirim_pit,,,2026-09-07T22:37:22.974972725,,,2023-08-15,APPROXIMATE_FIXED_LAG,UNKNOWN,UNKNOWN,data\raw\isyatirim_cache\ECILC_2023_XI_29.json,satislar;ebitda;op_gelir;net_kar;cfo;fcf;ozkaynaklar;toplam_borc;net_borc;nakit;toplam_aktif,toplam_borc;net_borc;ebitda;ihracat_orani;piyasa_degeri;pb;roe;roa;ev;ev_ebitda;fcf_verim
ECILC.IS,2023Q3,2023-09-30,XI_29,isyatirim_pit,,,2026-09-07T22:37:22.974972725,,,2023-11-15,APPROXIMATE_FIXED_LAG,UNKNOWN,UNKNOWN,data\raw\isyatirim_cache\ECILC_2023_XI_29.json,satislar;ebitda;op_gelir;net_kar;cfo;fcf;ozkaynaklar;toplam_borc;net_borc;nakit;toplam_aktif,toplam_borc;net_borc;ebitda;ihracat_orani;piyasa_degeri;pb;roe;roa;ev;ev_ebitda;fcf_verim
ECILC.IS,2023Q4,2023-12-31,XI_29,isyatirim_pit,,,2026-09-07T22:37:22.974972725,,,2024-03-15,APPROXIMATE_FIXED_LAG,UNKNOWN,UNKNOWN,data\raw\isyatirim_cache\ECILC_2023_XI_29.json,satislar;ebitda;op_gelir;net_kar;cfo;fcf;ozkaynaklar;toplam_borc;net_borc;nakit;toplam_aktif,toplam_borc;net_borc;ebitda;ihracat_orani;piyasa_degeri;pb;roe;roa;ev;ev_ebitda;fcf_verim
ECILC.IS,2024Q1,2024-03-31,XI_29,isyatirim_pit,,,2026-09-07T22:37:23.061883211,,,2024-05-15,APPROXIMATE_FIXED_LAG,UNKNOWN,UNKNOWN,data\raw\isyatirim_cache\ECILC_2024_XI_29.json,satislar;ebitda;op_gelir;net_kar;cfo;fcf;ozkaynaklar;toplam_borc;net_borc;nakit;toplam_aktif,toplam_borc;net_borc;ebitda;ihracat_orani;piyasa_degeri;pb;roe;roa;ev;ev_ebitda;fcf_verim
ECILC.IS,2024Q2,2024-06-30,XI_29,isyatirim_pit,,,2026-09-07T22:37:23.061883211,,,2024-08-15,APPROXIMATE_FIXED_LAG,UNKNOWN,UNKNOWN,data\raw\isyatirim_cache\ECILC_2024_XI_29.json,satislar;ebitda;op_gelir;net_kar;cfo;fcf;ozkaynaklar;toplam_borc;net_borc;nakit;toplam_aktif,toplam_borc;net_borc;ebitda;ihracat_orani;piyasa_degeri;pb;roe;roa;ev;ev_ebitda;fcf_verim
ECILC.IS,2024Q3,2024-09-30,XI_29,isyatirim_pit,,,2026-09-07T22:37:23.061883211,,,2024-11-15,APPROXIMATE_FIXED_LAG,UNKNOWN,UNKNOWN,data\raw\isyatirim_cache\ECILC_2024_XI_29.json,satislar;ebitda;op_gelir;net_kar;cfo;fcf;ozkaynaklar;toplam_borc;net_borc;nakit;toplam_aktif,toplam_borc;net_borc;ebitda;ihracat_orani;piyasa_degeri;pb;roe;roa;ev;ev_ebitda;fcf_verim
ECILC.IS,2024Q4,2024-12-31,XI_29,isyatirim_pit,,,2026-09-07T22:37:23.061883211,,,2025-03-15,APPROXIMATE_FIXED_LAG,UNKNOWN,UNKNOWN,data\raw\isyatirim_cache\ECILC_2024_XI_29.json,satislar;ebitda;op_gelir;net_kar;cfo;fcf;ozkaynaklar;toplam_borc;net_borc;nakit;toplam_aktif,toplam_borc;net_borc;ebitda;ihracat_orani;piyasa_degeri;pb;roe;roa;ev;ev_ebitda;fcf_verim
ECILC.IS,2025Q1,2025-03-31,XI_29,isyatirim_pit,,,2026-09-07T22:37:23.197540760,,,2025-05-15,APPROXIMATE_FIXED_LAG,UNKNOWN,UNKNOWN,data\raw\isyatirim_cache\ECILC_2025_XI_29.json,satislar;ebitda;op_gelir;net_kar;cfo;fcf;ozkaynaklar;toplam_borc;net_borc;nakit;toplam_aktif,toplam_borc;net_borc;ebitda;ihracat_orani;piyasa_degeri;pb;roe;roa;ev;ev_ebitda;fcf_verim
ECILC.IS,2025Q2,2025-06-30,XI_29,isyatirim_pit,,,2026-09-07T22:37:23.197540760,,,2025-08-15,APPROXIMATE_FIXED_LAG,UNKNOWN,UNKNOWN,data\raw\isyatirim_cache\ECILC_2025_XI_29.json,satislar;ebitda;op_gelir;net_kar;cfo;fcf;ozkaynaklar;toplam_borc;net_borc;nakit;toplam_aktif,toplam_borc;net_borc;ebitda;ihracat_orani;piyasa_degeri;pb;roe;roa;ev;ev_ebitda;fcf_verim
ECILC.IS,2025Q3,2025-09-30,XI_29,isyatirim_pit,,,2026-09-07T22:37:23.197540760,,,2025-11-15,APPROXIMATE_FIXED_LAG,UNKNOWN,UNKNOWN,data\raw\isyatirim_cache\ECILC_2025_XI_29.json,satislar;ebitda;op_gelir;net_kar;cfo;fcf;ozkaynaklar;toplam_borc;net_borc;nakit;toplam_aktif,toplam_borc;net_borc;ebitda;ihracat_orani;piyasa_degeri;pb;roe;roa;ev;ev_ebitda;fcf_verim
ECILC.IS,2025Q4,2025-12-31,XI_29,isyatirim_pit,,,2026-09-07T22:37:23.197540760,,,2026-03-15,APPROXIMATE_FIXED_LAG,UNKNOWN,UNKNOWN,data\raw\isyatirim_cache\ECILC_2025_XI_29.json,satislar;ebitda;op_gelir;net_kar;cfo;fcf;ozkaynaklar;toplam_borc;net_borc;nakit;toplam_aktif,toplam_borc;net_borc;ebitda;ihracat_orani;piyasa_degeri;pb;roe;roa;ev;ev_ebitda;fcf_verim
ECILC.IS,2026Q1,2026-03-31,XI_29,isyatirim_pit,,,2026-09-07T22:37:23.349565029,,,2026-05-15,APPROXIMATE_FIXED_LAG,UNKNOWN,UNKNOWN,data\raw\isyatirim_cache\ECILC_2026_XI_29.json,satislar;ebitda;op_gelir;net_kar;cfo;fcf;ozkaynaklar;toplam_borc;net_borc;nakit;toplam_aktif,toplam_borc;net_borc;ebitda;ihracat_orani;piyasa_degeri;pb;roe;roa;ev;ev_ebitda;fcf_verim
ECILC.IS,2026Q2,2026-06-30,XI_29,isyatirim_pit,,,2026-09-07T22:37:23.349565029,,,2026-08-15,APPROXIMATE_FIXED_LAG,UNKNOWN,UNKNOWN,data\raw\isyatirim_cache\ECILC_2026_XI_29.json,satislar;ebitda;op_gelir;net_kar;cfo;fcf;ozkaynaklar;toplam_borc;net_borc;nakit;toplam_aktif,toplam_borc;net_borc;ebitda;ihracat_orani;piyasa_degeri;pb;roe;roa;ev;ev_ebitda;fcf_verim
EKGYO.IS,2018Q1,2018-03-31,XI_29,isyatirim_pit,,,2026-09-07T22:37:18.428567886,,,2018-05-15,APPROXIMATE_FIXED_LAG,UNKNOWN,UNKNOWN,data\raw\isyatirim_cache\EKGYO_2018_XI_29.json,satislar;ebitda;op_gelir;net_kar;cfo;fcf;ozkaynaklar;toplam_borc;net_borc;nakit;toplam_aktif,toplam_borc;net_borc;ebitda;ihracat_orani;piyasa_degeri;pb;roe;roa;ev;ev_ebitda;fcf_verim
EKGYO.IS,2018Q2,2018-06-30,XI_29,isyatirim_pit,,,2026-09-07T22:37:18.428567886,,,2018-08-15,APPROXIMATE_FIXED_LAG,UNKNOWN,UNKNOWN,data\raw\isyatirim_cache\EKGYO_2018_XI_29.json,satislar;ebitda;op_gelir;net_kar;cfo;fcf;ozkaynaklar;toplam_borc;net_borc;nakit;toplam_aktif,toplam_borc;net_borc;ebitda;ihracat_orani;piyasa_degeri;pb;roe;roa;ev;ev_ebitda;fcf_verim
EKGYO.IS,2018Q3,2018-09-30,XI_29,isyatirim_pit,,,2026-09-07T22:37:18.428567886,,,2018-11-15,APPROXIMATE_FIXED_LAG,UNKNOWN,UNKNOWN,data\raw\isyatirim_cache\EKGYO_2018_XI_29.json,satislar;ebitda;op_gelir;net_kar;cfo;fcf;ozkaynaklar;toplam_borc;net_borc;nakit;toplam_aktif,toplam_borc;net_borc;ebitda;ihracat_orani;piyasa_degeri;pb;roe;roa;ev;ev_ebitda;fcf_verim
EKGYO.IS,2018Q4,2018-12-31,XI_29,isyatirim_pit,,,2026-09-07T22:37:18.428567886,,,2019-03-15,APPROXIMATE_FIXED_LAG,UNKNOWN,UNKNOWN,data\raw\isyatirim_cache\EKGYO_2018_XI_29.json,satislar;ebitda;op_gelir;net_kar;cfo;fcf;ozkaynaklar;toplam_borc;net_borc;nakit;toplam_aktif,toplam_borc;net_borc;ebitda;ihracat_orani;piyasa_degeri;pb;roe;roa;ev;ev_ebitda;fcf_verim
EKGYO.IS,2019Q1,2019-03-31,XI_29,isyatirim_pit,,,2026-09-07T22:37:18.564455986,,,2019-05-15,APPROXIMATE_FIXED_LAG,UNKNOWN,UNKNOWN,data\raw\isyatirim_cache\EKGYO_2019_XI_29.json,satislar;ebitda;op_gelir;net_kar;cfo;fcf;ozkaynaklar;toplam_borc;net_borc;nakit;toplam_aktif,toplam_borc;net_borc;ebitda;ihracat_orani;piyasa_degeri;pb;roe;roa;ev;ev_ebitda;fcf_verim
EKGYO.IS,2019Q2,2019-06-30,XI_29,isyatirim_pit,,,2026-09-07T22:37:18.564455986,,,2019-08-15,APPROXIMATE_FIXED_LAG,UNKNOWN,UNKNOWN,data\raw\isyatirim_cache\EKGYO_2019_XI_29.json,satislar;ebitda;op_gelir;net_kar;cfo;fcf;ozkaynaklar;toplam_borc;net_borc;nakit;toplam_aktif,toplam_borc;net_borc;ebitda;ihracat_orani;piyasa_degeri;pb;roe;roa;ev;ev_ebitda;fcf_verim
EKGYO.IS,2019Q3,2019-09-30,XI_29,isyatirim_pit,,,2026-09-07T22:37:18.564455986,,,2019-11-15,APPROXIMATE_FIXED_LAG,UNKNOWN,UNKNOWN,data\raw\isyatirim_cache\EKGYO_2019_XI_29.json,satislar;ebitda;op_gelir;net_kar;cfo;fcf;ozkaynaklar;toplam_borc;net_borc;nakit;toplam_aktif,toplam_borc;net_borc;ebitda;ihracat_orani;piyasa_degeri;pb;roe;roa;ev;ev_ebitda;fcf_verim
EKGYO.IS,2019Q4,2019-12-31,XI_29,isyatirim_pit,,,2026-09-07T22:37:18.564455986,,,2020-03-15,APPROXIMATE_FIXED_LAG,UNKNOWN,UNKNOWN,data\raw\isyatirim_cache\EKGYO_2019_XI_29.json,satislar;ebitda;op_gelir;net_kar;cfo;fcf;ozkaynaklar;toplam_borc;net_borc;nakit;toplam_aktif,toplam_borc;net_borc;ebitda;ihracat_orani;piyasa_degeri;pb;roe;roa;ev;ev_ebitda;fcf_verim
EKGYO.IS,2020Q1,2020-03-31,XI_29,isyatirim_pit,,,2026-09-07T22:37:18.690709114,,,2020-05-15,APPROXIMATE_FIXED_LAG,UNKNOWN,UNKNOWN,data\raw\isyatirim_cache\EKGYO_2020_XI_29.json,satislar;ebitda;op_gelir;net_kar;cfo;fcf;ozkaynaklar;toplam_borc;net_borc;nakit;toplam_aktif,toplam_borc;net_borc;ebitda;ihracat_orani;piyasa_degeri;pb;roe;roa;ev;ev_ebitda;fcf_verim
EKGYO.IS,2020Q2,2020-06-30,XI_29,isyatirim_pit,,,2026-09-07T22:37:18.690709114,,,2020-08-15,APPROXIMATE_FIXED_LAG,UNKNOWN,UNKNOWN,data\raw\isyatirim_cache\EKGYO_2020_XI_29.json,satislar;ebitda;op_gelir;net_kar;cfo;fcf;ozkaynaklar;toplam_borc;net_borc;nakit;toplam_aktif,toplam_borc;net_borc;ebitda;ihracat_orani;piyasa_degeri;pb;roe;roa;ev;ev_ebitda;fcf_verim
EKGYO.IS,2020Q3,2020-09-30,XI_29,isyatirim_pit,,,2026-09-07T22:37:18.690709114,,,2020-11-15,APPROXIMATE_FIXED_LAG,UNKNOWN,UNKNOWN,data\raw\isyatirim_cache\EKGYO_2020_XI_29.json,satislar;ebitda;op_gelir;net_kar;cfo;fcf;ozkaynaklar;toplam_borc;net_borc;nakit;toplam_aktif,toplam_borc;net_borc;ebitda;ihracat_orani;piyasa_degeri;pb;roe;roa;ev;ev_ebitda;fcf_verim
EKGYO.IS,2020Q4,2020-12-31,XI_29,isyatirim_pit,,,2026-09-07T22:37:18.690709114,,,2021-03-15,APPROXIMATE_FIXED_LAG,UNKNOWN,UNKNOWN,data\raw\isyatirim_cache\EKGYO_2020_XI_29.json,satislar;ebitda;op_gelir;net_kar;cfo;fcf;ozkaynaklar;toplam_borc;net_borc;nakit;toplam_aktif,toplam_borc;net_borc;ebitda;ihracat_orani;piyasa_degeri;pb;roe;roa;ev;ev_ebitda;fcf_verim
EKGYO.IS,2021Q1,2021-03-31,XI_29,isyatirim_pit,,,2026-09-07T22:37:18.845030785,,,2021-05-15,APPROXIMATE_FIXED_LAG,UNKNOWN,UNKNOWN,data\raw\isyatirim_cache\EKGYO_2021_XI_29.json,satislar;ebitda;op_gelir;net_kar;cfo;fcf;ozkaynaklar;toplam_borc;net_borc;nakit;toplam_aktif,toplam_borc;net_borc;ebitda;ihracat_orani;piyasa_degeri;pb;roe;roa;ev;ev_ebitda;fcf_verim
EKGYO.IS,2021Q2,2021-06-30,XI_29,isyatirim_pit,,,2026-09-07T22:37:18.845030785,,,2021-08-15,APPROXIMATE_FIXED_LAG,UNKNOWN,UNKNOWN,data\raw\isyatirim_cache\EKGYO_2021_XI_29.json,satislar;ebitda;op_gelir;net_kar;cfo;fcf;ozkaynaklar;toplam_borc;net_borc;nakit;toplam_aktif,toplam_borc;net_borc;ebitda;ihracat_orani;piyasa_degeri;pb;roe;roa;ev;ev_ebitda;fcf_verim
EKGYO.IS,2021Q3,2021-09-30,XI_29,isyatirim_pit,,,2026-09-07T22:37:18.845030785,,,2021-11-15,APPROXIMATE_FIXED_LAG,UNKNOWN,UNKNOWN,data\raw\isyatirim_cache\EKGYO_2021_XI_29.json,satislar;ebitda;op_gelir;net_kar;cfo;fcf;ozkaynaklar;toplam_borc;net_borc;nakit;toplam_aktif,toplam_borc;net_borc;ebitda;ihracat_orani;piyasa_degeri;pb;roe;roa;ev;ev_ebitda;fcf_verim
EKGYO.IS,2021Q4,2021-12-31,XI_29,isyatirim_pit,,,2026-09-07T22:37:18.845030785,,,2022-03-15,APPROXIMATE_FIXED_LAG,UNKNOWN,UNKNOWN,data\raw\isyatirim_cache\EKGYO_2021_XI_29.json,satislar;ebitda;op_gelir;net_kar;cfo;fcf;ozkaynaklar;toplam_borc;net_borc;nakit;toplam_aktif,toplam_borc;net_borc;ebitda;ihracat_orani;piyasa_degeri;pb;roe;roa;ev;ev_ebitda;fcf_verim
EKGYO.IS,2022Q1,2022-03-31,XI_29,isyatirim_pit,,,2026-09-07T22:37:19.042541265,,,2022-05-15,APPROXIMATE_FIXED_LAG,UNKNOWN,UNKNOWN,data\raw\isyatirim_cache\EKGYO_2022_XI_29.json,satislar;ebitda;op_gelir;net_kar;cfo;fcf;ozkaynaklar;toplam_borc;net_borc;nakit;toplam_aktif,toplam_borc;net_borc;ebitda;ihracat_orani;piyasa_degeri;pb;roe;roa;ev;ev_ebitda;fcf_verim
EKGYO.IS,2022Q2,2022-06-30,XI_29,isyatirim_pit,,,2026-09-07T22:37:19.042541265,,,2022-08-15,APPROXIMATE_FIXED_LAG,UNKNOWN,UNKNOWN,data\raw\isyatirim_cache\EKGYO_2022_XI_29.json,satislar;ebitda;op_gelir;net_kar;cfo;fcf;ozkaynaklar;toplam_borc;net_borc;nakit;toplam_aktif,toplam_borc;net_borc;ebitda;ihracat_orani;piyasa_degeri;pb;roe;roa;ev;ev_ebitda;fcf_verim
EKGYO.IS,2022Q3,2022-09-30,XI_29,isyatirim_pit,,,2026-09-07T22:37:19.042541265,,,2022-11-15,APPROXIMATE_FIXED_LAG,UNKNOWN,UNKNOWN,data\raw\isyatirim_cache\EKGYO_2022_XI_29.json,satislar;ebitda;op_gelir;net_kar;cfo;fcf;ozkaynaklar;toplam_borc;net_borc;nakit;toplam_aktif,toplam_borc;net_borc;ebitda;ihracat_orani;piyasa_degeri;pb;roe;roa;ev;ev_ebitda;fcf_verim
EKGYO.IS,2022Q4,2022-12-31,XI_29,isyatirim_pit,,,2026-09-07T22:37:19.042541265,,,2023-03-15,APPROXIMATE_FIXED_LAG,UNKNOWN,UNKNOWN,data\raw\isyatirim_cache\EKGYO_2022_XI_29.json,satislar;ebitda;op_gelir;net_kar;cfo;fcf;ozkaynaklar;toplam_borc;net_borc;nakit;toplam_aktif,toplam_borc;net_borc;ebitda;ihracat_orani;piyasa_degeri;pb;roe;roa;ev;ev_ebitda;fcf_verim
EKGYO.IS,2023Q1,2023-03-31,XI_29,isyatirim_pit,,,2026-09-07T22:37:19.186426640,,,2023-05-15,APPROXIMATE_FIXED_LAG,UNKNOWN,UNKNOWN,data\raw\isyatirim_cache\EKGYO_2023_XI_29.json,satislar;ebitda;op_gelir;net_kar;cfo;fcf;ozkaynaklar;toplam_borc;net_borc;nakit;toplam_aktif,toplam_borc;net_borc;ebitda;ihracat_orani;piyasa_degeri;pb;roe;roa;ev;ev_ebitda;fcf_verim
EKGYO.IS,2023Q2,2023-06-30,XI_29,isyatirim_pit,,,2026-09-07T22:37:19.186426640,,,2023-08-15,APPROXIMATE_FIXED_LAG,UNKNOWN,UNKNOWN,data\raw\isyatirim_cache\EKGYO_2023_XI_29.json,satislar;ebitda;op_gelir;net_kar;cfo;fcf;ozkaynaklar;toplam_borc;net_borc;nakit;toplam_aktif,toplam_borc;net_borc;ebitda;ihracat_orani;piyasa_degeri;pb;roe;roa;ev;ev_ebitda;fcf_verim
EKGYO.IS,2023Q3,2023-09-30,XI_29,isyatirim_pit,,,2026-09-07T22:37:19.186426640,,,2023-11-15,APPROXIMATE_FIXED_LAG,UNKNOWN,UNKNOWN,data\raw\isyatirim_cache\EKGYO_2023_XI_29.json,satislar;ebitda;op_gelir;net_kar;cfo;fcf;ozkaynaklar;toplam_borc;net_borc;nakit;toplam_aktif,toplam_borc;net_borc;ebitda;ihracat_orani;piyasa_degeri;pb;roe;roa;ev;ev_ebitda;fcf_verim
EKGYO.IS,2023Q4,2023-12-31,XI_29,isyatirim_pit,,,2026-09-07T22:37:19.186426640,,,2024-03-15,APPROXIMATE_FIXED_LAG,UNKNOWN,UNKNOWN,data\raw\isyatirim_cache\EKGYO_2023_XI_29.json,satislar;ebitda;op_gelir;net_kar;cfo;fcf;ozkaynaklar;toplam_borc;net_borc;nakit;toplam_aktif,toplam_borc;net_borc;ebitda;ihracat_orani;piyasa_degeri;pb;roe;roa;ev;ev_ebitda;fcf_verim
EKGYO.IS,2024Q1,2024-03-31,XI_29,isyatirim_pit,,,2026-09-07T22:37:19.278570890,,,2024-05-15,APPROXIMATE_FIXED_LAG,UNKNOWN,UNKNOWN,data\raw\isyatirim_cache\EKGYO_2024_XI_29.json,satislar;ebitda;op_gelir;net_kar;cfo;fcf;ozkaynaklar;toplam_borc;net_borc;nakit;toplam_aktif,toplam_borc;net_borc;ebitda;ihracat_orani;piyasa_degeri;pb;roe;roa;ev;ev_ebitda;fcf_verim
EKGYO.IS,2024Q2,2024-06-30,XI_29,isyatirim_pit,,,2026-09-07T22:37:19.278570890,,,2024-08-15,APPROXIMATE_FIXED_LAG,UNKNOWN,UNKNOWN,data\raw\isyatirim_cache\EKGYO_2024_XI_29.json,satislar;ebitda;op_gelir;net_kar;cfo;fcf;ozkaynaklar;toplam_borc;net_borc;nakit;toplam_aktif,toplam_borc;net_borc;ebitda;ihracat_orani;piyasa_degeri;pb;roe;roa;ev;ev_ebitda;fcf_verim
EKGYO.IS,2024Q3,2024-09-30,XI_29,isyatirim_pit,,,2026-09-07T22:37:19.278570890,,,2024-11-15,APPROXIMATE_FIXED_LAG,UNKNOWN,UNKNOWN,data\raw\isyatirim_cache\EKGYO_2024_XI_29.json,satislar;ebitda;op_gelir;net_kar;cfo;fcf;ozkaynaklar;toplam_borc;net_borc;nakit;toplam_aktif,toplam_borc;net_borc;ebitda;ihracat_orani;piyasa_degeri;pb;roe;roa;ev;ev_ebitda;fcf_verim
EKGYO.IS,2024Q4,2024-12-31,XI_29,isyatirim_pit,,,2026-09-07T22:37:19.278570890,,,2025-03-15,APPROXIMATE_FIXED_LAG,UNKNOWN,UNKNOWN,data\raw\isyatirim_cache\EKGYO_2024_XI_29.json,satislar;ebitda;op_gelir;net_kar;cfo;fcf;ozkaynaklar;toplam_borc;net_borc;nakit;toplam_aktif,toplam_borc;net_borc;ebitda;ihracat_orani;piyasa_degeri;pb;roe;roa;ev;ev_ebitda;fcf_verim
EKGYO.IS,2025Q1,2025-03-31,XI_29,isyatirim_pit,,,2026-09-07T22:37:19.477467775,,,2025-05-15,APPROXIMATE_FIXED_LAG,UNKNOWN,UNKNOWN,data\raw\isyatirim_cache\EKGYO_2025_XI_29.json,satislar;ebitda;op_gelir;net_kar;cfo;fcf;ozkaynaklar;toplam_borc;net_borc;nakit;toplam_aktif,toplam_borc;net_borc;ebitda;ihracat_orani;piyasa_degeri;pb;roe;roa;ev;ev_ebitda;fcf_verim
EKGYO.IS,2025Q2,2025-06-30,XI_29,isyatirim_pit,,,2026-09-07T22:37:19.477467775,,,2025-08-15,APPROXIMATE_FIXED_LAG,UNKNOWN,UNKNOWN,data\raw\isyatirim_cache\EKGYO_2025_XI_29.json,satislar;ebitda;op_gelir;net_kar;cfo;fcf;ozkaynaklar;toplam_borc;net_borc;nakit;toplam_aktif,toplam_borc;net_borc;ebitda;ihracat_orani;piyasa_degeri;pb;roe;roa;ev;ev_ebitda;fcf_verim
EKGYO.IS,2025Q3,2025-09-30,XI_29,isyatirim_pit,,,2026-09-07T22:37:19.477467775,,,2025-11-15,APPROXIMATE_FIXED_LAG,UNKNOWN,UNKNOWN,data\raw\isyatirim_cache\EKGYO_2025_XI_29.json,satislar;ebitda;op_gelir;net_kar;cfo;fcf;ozkaynaklar;toplam_borc;net_borc;nakit;toplam_aktif,toplam_borc;net_borc;ebitda;ihracat_orani;piyasa_degeri;pb;roe;roa;ev;ev_ebitda;fcf_verim
EKGYO.IS,2025Q4,2025-12-31,XI_29,isyatirim_pit,,,2026-09-07T22:37:19.477467775,,,2026-03-15,APPROXIMATE_FIXED_LAG,UNKNOWN,UNKNOWN,data\raw\isyatirim_cache\EKGYO_2025_XI_29.json,satislar;ebitda;op_gelir;net_kar;cfo;fcf;ozkaynaklar;toplam_borc;net_borc;nakit;toplam_aktif,toplam_borc;net_borc;ebitda;ihracat_orani;piyasa_degeri;pb;roe;roa;ev;ev_ebitda;fcf_verim
EKGYO.IS,2026Q1,2026-03-31,XI_29,isyatirim_pit,,,2026-09-07T22:37:19.611013889,,,2026-05-15,APPROXIMATE_FIXED_LAG,UNKNOWN,UNKNOWN,data\raw\isyatirim_cache\EKGYO_2026_XI_29.json,satislar;ebitda;op_gelir;net_kar;cfo;fcf;ozkaynaklar;toplam_borc;net_borc;nakit;toplam_aktif,toplam_borc;net_borc;ebitda;ihracat_orani;piyasa_degeri;pb;roe;roa;ev;ev_ebitda;fcf_verim
EKGYO.IS,2026Q2,2026-06-30,XI_29,isyatirim_pit,,,2026-09-07T22:37:19.611013889,,,2026-08-15,APPROXIMATE_FIXED_LAG,UNKNOWN,UNKNOWN,data\raw\isyatirim_cache\EKGYO_2026_XI_29.json,satislar;ebitda;op_gelir;net_kar;cfo;fcf;ozkaynaklar;toplam_borc;net_borc;nakit;toplam_aktif,toplam_borc;net_borc;ebitda;ihracat_orani;piyasa_degeri;pb;roe;roa;ev;ev_ebitda;fcf_verim
ENKAI.IS,2018Q1,2018-03-31,XI_29,isyatirim_pit,,,2026-09-07T22:37:03.908845901,,,2018-05-15,APPROXIMATE_FIXED_LAG,UNKNOWN,UNKNOWN,data\raw\isyatirim_cache\ENKAI_2018_XI_29.json,satislar;ebitda;op_gelir;net_kar;cfo;fcf;ozkaynaklar;toplam_borc;net_borc;nakit;toplam_aktif,toplam_borc;net_borc;ebitda;ihracat_orani;piyasa_degeri;pb;roe;roa;ev;ev_ebitda;fcf_verim
ENKAI.IS,2018Q2,2018-06-30,XI_29,isyatirim_pit,,,2026-09-07T22:37:03.908845901,,,2018-08-15,APPROXIMATE_FIXED_LAG,UNKNOWN,UNKNOWN,data\raw\isyatirim_cache\ENKAI_2018_XI_29.json,satislar;ebitda;op_gelir;net_kar;cfo;fcf;ozkaynaklar;toplam_borc;net_borc;nakit;toplam_aktif,toplam_borc;net_borc;ebitda;ihracat_orani;piyasa_degeri;pb;roe;roa;ev;ev_ebitda;fcf_verim
ENKAI.IS,2018Q3,2018-09-30,XI_29,isyatirim_pit,,,2026-09-07T22:37:03.908845901,,,2018-11-15,APPROXIMATE_FIXED_LAG,UNKNOWN,UNKNOWN,data\raw\isyatirim_cache\ENKAI_2018_XI_29.json,satislar;ebitda;op_gelir;net_kar;cfo;fcf;ozkaynaklar;toplam_borc;net_borc;nakit;toplam_aktif,toplam_borc;net_borc;ebitda;ihracat_orani;piyasa_degeri;pb;roe;roa;ev;ev_ebitda;fcf_verim
ENKAI.IS,2018Q4,2018-12-31,XI_29,isyatirim_pit,,,2026-09-07T22:37:03.908845901,,,2019-03-15,APPROXIMATE_FIXED_LAG,UNKNOWN,UNKNOWN,data\raw\isyatirim_cache\ENKAI_2018_XI_29.json,satislar;ebitda;op_gelir;net_kar;cfo;fcf;ozkaynaklar;toplam_borc;net_borc;nakit;toplam_aktif,toplam_borc;net_borc;ebitda;ihracat_orani;piyasa_degeri;pb;roe;roa;ev;ev_ebitda;fcf_verim
ENKAI.IS,2019Q1,2019-03-31,XI_29,isyatirim_pit,,,2026-09-07T22:37:04.069394588,,,2019-05-15,APPROXIMATE_FIXED_LAG,UNKNOWN,UNKNOWN,data\raw\isyatirim_cache\ENKAI_2019_XI_29.json,satislar;ebitda;op_gelir;net_kar;cfo;fcf;ozkaynaklar;toplam_borc;net_borc;nakit;toplam_aktif,toplam_borc;net_borc;ebitda;ihracat_orani;piyasa_degeri;pb;roe;roa;ev;ev_ebitda;fcf_verim
ENKAI.IS,2019Q2,2019-06-30,XI_29,isyatirim_pit,,,2026-09-07T22:37:04.069394588,,,2019-08-15,APPROXIMATE_FIXED_LAG,UNKNOWN,UNKNOWN,data\raw\isyatirim_cache\ENKAI_2019_XI_29.json,satislar;ebitda;op_gelir;net_kar;cfo;fcf;ozkaynaklar;toplam_borc;net_borc;nakit;toplam_aktif,toplam_borc;net_borc;ebitda;ihracat_orani;piyasa_degeri;pb;roe;roa;ev;ev_ebitda;fcf_verim
ENKAI.IS,2019Q3,2019-09-30,XI_29,isyatirim_pit,,,2026-09-07T22:37:04.069394588,,,2019-11-15,APPROXIMATE_FIXED_LAG,UNKNOWN,UNKNOWN,data\raw\isyatirim_cache\ENKAI_2019_XI_29.json,satislar;ebitda;op_gelir;net_kar;cfo;fcf;ozkaynaklar;toplam_borc;net_borc;nakit;toplam_aktif,toplam_borc;net_borc;ebitda;ihracat_orani;piyasa_degeri;pb;roe;roa;ev;ev_ebitda;fcf_verim
ENKAI.IS,2019Q4,2019-12-31,XI_29,isyatirim_pit,,,2026-09-07T22:37:04.069394588,,,2020-03-15,APPROXIMATE_FIXED_LAG,UNKNOWN,UNKNOWN,data\raw\isyatirim_cache\ENKAI_2019_XI_29.json,satislar;ebitda;op_gelir;net_kar;cfo;fcf;ozkaynaklar;toplam_borc;net_borc;nakit;toplam_aktif,toplam_borc;net_borc;ebitda;ihracat_orani;piyasa_degeri;pb;roe;roa;ev;ev_ebitda;fcf_verim
ENKAI.IS,2020Q1,2020-03-31,XI_29,isyatirim_pit,,,2026-09-07T22:37:04.202241182,,,2020-05-15,APPROXIMATE_FIXED_LAG,UNKNOWN,UNKNOWN,data\raw\isyatirim_cache\ENKAI_2020_XI_29.json,satislar;ebitda;op_gelir;net_kar;cfo;fcf;ozkaynaklar;toplam_borc;net_borc;nakit;toplam_aktif,toplam_borc;net_borc;ebitda;ihracat_orani;piyasa_degeri;pb;roe;roa;ev;ev_ebitda;fcf_verim
ENKAI.IS,2020Q2,2020-06-30,XI_29,isyatirim_pit,,,2026-09-07T22:37:04.202241182,,,2020-08-15,APPROXIMATE_FIXED_LAG,UNKNOWN,UNKNOWN,data\raw\isyatirim_cache\ENKAI_2020_XI_29.json,satislar;ebitda;op_gelir;net_kar;cfo;fcf;ozkaynaklar;toplam_borc;net_borc;nakit;toplam_aktif,toplam_borc;net_borc;ebitda;ihracat_orani;piyasa_degeri;pb;roe;roa;ev;ev_ebitda;fcf_verim
ENKAI.IS,2020Q3,2020-09-30,XI_29,isyatirim_pit,,,2026-09-07T22:37:04.202241182,,,2020-11-15,APPROXIMATE_FIXED_LAG,UNKNOWN,UNKNOWN,data\raw\isyatirim_cache\ENKAI_2020_XI_29.json,satislar;ebitda;op_gelir;net_kar;cfo;fcf;ozkaynaklar;toplam_borc;net_borc;nakit;toplam_aktif,toplam_borc;net_borc;ebitda;ihracat_orani;piyasa_degeri;pb;roe;roa;ev;ev_ebitda;fcf_verim
ENKAI.IS,2020Q4,2020-12-31,XI_29,isyatirim_pit,,,2026-09-07T22:37:04.202241182,,,2021-03-15,APPROXIMATE_FIXED_LAG,UNKNOWN,UNKNOWN,data\raw\isyatirim_cache\ENKAI_2020_XI_29.json,satislar;ebitda;op_gelir;net_kar;cfo;fcf;ozkaynaklar;toplam_borc;net_borc;nakit;toplam_aktif,toplam_borc;net_borc;ebitda;ihracat_orani;piyasa_degeri;pb;roe;roa;ev;ev_ebitda;fcf_verim
ENKAI.IS,2021Q1,2021-03-31,XI_29,isyatirim_pit,,,2026-09-07T22:37:04.330587387,,,2021-05-15,APPROXIMATE_FIXED_LAG,UNKNOWN,UNKNOWN,data\raw\isyatirim_cache\ENKAI_2021_XI_29.json,satislar;ebitda;op_gelir;net_kar;cfo;fcf;ozkaynaklar;toplam_borc;net_borc;nakit;toplam_aktif,toplam_borc;net_borc;ebitda;ihracat_orani;piyasa_degeri;pb;roe;roa;ev;ev_ebitda;fcf_verim
ENKAI.IS,2021Q2,2021-06-30,XI_29,isyatirim_pit,,,2026-09-07T22:37:04.330587387,,,2021-08-15,APPROXIMATE_FIXED_LAG,UNKNOWN,UNKNOWN,data\raw\isyatirim_cache\ENKAI_2021_XI_29.json,satislar;ebitda;op_gelir;net_kar;cfo;fcf;ozkaynaklar;toplam_borc;net_borc;nakit;toplam_aktif,toplam_borc;net_borc;ebitda;ihracat_orani;piyasa_degeri;pb;roe;roa;ev;ev_ebitda;fcf_verim
ENKAI.IS,2021Q3,2021-09-30,XI_29,isyatirim_pit,,,2026-09-07T22:37:04.330587387,,,2021-11-15,APPROXIMATE_FIXED_LAG,UNKNOWN,UNKNOWN,data\raw\isyatirim_cache\ENKAI_2021_XI_29.json,satislar;ebitda;op_gelir;net_kar;cfo;fcf;ozkaynaklar;toplam_borc;net_borc;nakit;toplam_aktif,toplam_borc;net_borc;ebitda;ihracat_orani;piyasa_degeri;pb;roe;roa;ev;ev_ebitda;fcf_verim
ENKAI.IS,2021Q4,2021-12-31,XI_29,isyatirim_pit,,,2026-09-07T22:37:04.330587387,,,2022-03-15,APPROXIMATE_FIXED_LAG,UNKNOWN,UNKNOWN,data\raw\isyatirim_cache\ENKAI_2021_XI_29.json,satislar;ebitda;op_gelir;net_kar;cfo;fcf;ozkaynaklar;toplam_borc;net_borc;nakit;toplam_aktif,toplam_borc;net_borc;ebitda;ihracat_orani;piyasa_degeri;pb;roe;roa;ev;ev_ebitda;fcf_verim
ENKAI.IS,2022Q1,2022-03-31,XI_29,isyatirim_pit,,,2026-09-07T22:37:04.497437239,,,2022-05-15,APPROXIMATE_FIXED_LAG,UNKNOWN,UNKNOWN,data\raw\isyatirim_cache\ENKAI_2022_XI_29.json,satislar;ebitda;op_gelir;net_kar;cfo;fcf;ozkaynaklar;toplam_borc;net_borc;nakit;toplam_aktif,toplam_borc;net_borc;ebitda;ihracat_orani;piyasa_degeri;pb;roe;roa;ev;ev_ebitda;fcf_verim
ENKAI.IS,2022Q2,2022-06-30,XI_29,isyatirim_pit,,,2026-09-07T22:37:04.497437239,,,2022-08-15,APPROXIMATE_FIXED_LAG,UNKNOWN,UNKNOWN,data\raw\isyatirim_cache\ENKAI_2022_XI_29.json,satislar;ebitda;op_gelir;net_kar;cfo;fcf;ozkaynaklar;toplam_borc;net_borc;nakit;toplam_aktif,toplam_borc;net_borc;ebitda;ihracat_orani;piyasa_degeri;pb;roe;roa;ev;ev_ebitda;fcf_verim
ENKAI.IS,2022Q3,2022-09-30,XI_29,isyatirim_pit,,,2026-09-07T22:37:04.497437239,,,2022-11-15,APPROXIMATE_FIXED_LAG,UNKNOWN,UNKNOWN,data\raw\isyatirim_cache\ENKAI_2022_XI_29.json,satislar;ebitda;op_gelir;net_kar;cfo;fcf;ozkaynaklar;toplam_borc;net_borc;nakit;toplam_aktif,toplam_borc;net_borc;ebitda;ihracat_orani;piyasa_degeri;pb;roe;roa;ev;ev_ebitda;fcf_verim
ENKAI.IS,2022Q4,2022-12-31,XI_29,isyatirim_pit,,,2026-09-07T22:37:04.497437239,,,2023-03-15,APPROXIMATE_FIXED_LAG,UNKNOWN,UNKNOWN,data\raw\isyatirim_cache\ENKAI_2022_XI_29.json,satislar;ebitda;op_gelir;net_kar;cfo;fcf;ozkaynaklar;toplam_borc;net_borc;nakit;toplam_aktif,toplam_borc;net_borc;ebitda;ihracat_orani;piyasa_degeri;pb;roe;roa;ev;ev_ebitda;fcf_verim
ENKAI.IS,2023Q1,2023-03-31,XI_29,isyatirim_pit,,,2026-09-07T22:37:04.636435509,,,2023-05-15,APPROXIMATE_FIXED_LAG,UNKNOWN,UNKNOWN,data\raw\isyatirim_cache\ENKAI_2023_XI_29.json,satislar;ebitda;op_gelir;net_kar;cfo;fcf;ozkaynaklar;toplam_borc;net_borc;nakit;toplam_aktif,toplam_borc;net_borc;ebitda;ihracat_orani;piyasa_degeri;pb;roe;roa;ev;ev_ebitda;fcf_verim
ENKAI.IS,2023Q2,2023-06-30,XI_29,isyatirim_pit,,,2026-09-07T22:37:04.636435509,,,2023-08-15,APPROXIMATE_FIXED_LAG,UNKNOWN,UNKNOWN,data\raw\isyatirim_cache\ENKAI_2023_XI_29.json,satislar;ebitda;op_gelir;net_kar;cfo;fcf;ozkaynaklar;toplam_borc;net_borc;nakit;toplam_aktif,toplam_borc;net_borc;ebitda;ihracat_orani;piyasa_degeri;pb;roe;roa;ev;ev_ebitda;fcf_verim
ENKAI.IS,2023Q3,2023-09-30,XI_29,isyatirim_pit,,,2026-09-07T22:37:04.636435509,,,2023-11-15,APPROXIMATE_FIXED_LAG,UNKNOWN,UNKNOWN,data\raw\isyatirim_cache\ENKAI_2023_XI_29.json,satislar;ebitda;op_gelir;net_kar;cfo;fcf;ozkaynaklar;toplam_borc;net_borc;nakit;toplam_aktif,toplam_borc;net_borc;ebitda;ihracat_orani;piyasa_degeri;pb;roe;roa;ev;ev_ebitda;fcf_verim
ENKAI.IS,2023Q4,2023-12-31,XI_29,isyatirim_pit,,,2026-09-07T22:37:04.636435509,,,2024-03-15,APPROXIMATE_FIXED_LAG,UNKNOWN,UNKNOWN,data\raw\isyatirim_cache\ENKAI_2023_XI_29.json,satislar;ebitda;op_gelir;net_kar;cfo;fcf;ozkaynaklar;toplam_borc;net_borc;nakit;toplam_aktif,toplam_borc;net_borc;ebitda;ihracat_orani;piyasa_degeri;pb;roe;roa;ev;ev_ebitda;fcf_verim
ENKAI.IS,2024Q1,2024-03-31,XI_29,isyatirim_pit,,,2026-09-07T22:37:04.728629827,,,2024-05-15,APPROXIMATE_FIXED_LAG,UNKNOWN,UNKNOWN,data\raw\isyatirim_cache\ENKAI_2024_XI_29.json,satislar;ebitda;op_gelir;net_kar;cfo;fcf;ozkaynaklar;toplam_borc;net_borc;nakit;toplam_aktif,toplam_borc;net_borc;ebitda;ihracat_orani;piyasa_degeri;pb;roe;roa;ev;ev_ebitda;fcf_verim
ENKAI.IS,2024Q2,2024-06-30,XI_29,isyatirim_pit,,,2026-09-07T22:37:04.728629827,,,2024-08-15,APPROXIMATE_FIXED_LAG,UNKNOWN,UNKNOWN,data\raw\isyatirim_cache\ENKAI_2024_XI_29.json,satislar;ebitda;op_gelir;net_kar;cfo;fcf;ozkaynaklar;toplam_borc;net_borc;nakit;toplam_aktif,toplam_borc;net_borc;ebitda;ihracat_orani;piyasa_degeri;pb;roe;roa;ev;ev_ebitda;fcf_verim
ENKAI.IS,2024Q3,2024-09-30,XI_29,isyatirim_pit,,,2026-09-07T22:37:04.728629827,,,2024-11-15,APPROXIMATE_FIXED_LAG,UNKNOWN,UNKNOWN,data\raw\isyatirim_cache\ENKAI_2024_XI_29.json,satislar;ebitda;op_gelir;net_kar;cfo;fcf;ozkaynaklar;toplam_borc;net_borc;nakit;toplam_aktif,toplam_borc;net_borc;ebitda;ihracat_orani;piyasa_degeri;pb;roe;roa;ev;ev_ebitda;fcf_verim
ENKAI.IS,2024Q4,2024-12-31,XI_29,isyatirim_pit,,,2026-09-07T22:37:04.728629827,,,2025-03-15,APPROXIMATE_FIXED_LAG,UNKNOWN,UNKNOWN,data\raw\isyatirim_cache\ENKAI_2024_XI_29.json,satislar;ebitda;op_gelir;net_kar;cfo;fcf;ozkaynaklar;toplam_borc;net_borc;nakit;toplam_aktif,toplam_borc;net_borc;ebitda;ihracat_orani;piyasa_degeri;pb;roe;roa;ev;ev_ebitda;fcf_verim
ENKAI.IS,2025Q1,2025-03-31,XI_29,isyatirim_pit,,,2026-09-07T22:37:04.867822170,,,2025-05-15,APPROXIMATE_FIXED_LAG,UNKNOWN,UNKNOWN,data\raw\isyatirim_cache\ENKAI_2025_XI_29.json,satislar;ebitda;op_gelir;net_kar;cfo;fcf;ozkaynaklar;toplam_borc;net_borc;nakit;toplam_aktif,toplam_borc;net_borc;ebitda;ihracat_orani;piyasa_degeri;pb;roe;roa;ev;ev_ebitda;fcf_verim
ENKAI.IS,2025Q2,2025-06-30,XI_29,isyatirim_pit,,,2026-09-07T22:37:04.867822170,,,2025-08-15,APPROXIMATE_FIXED_LAG,UNKNOWN,UNKNOWN,data\raw\isyatirim_cache\ENKAI_2025_XI_29.json,satislar;ebitda;op_gelir;net_kar;cfo;fcf;ozkaynaklar;toplam_borc;net_borc;nakit;toplam_aktif,toplam_borc;net_borc;ebitda;ihracat_orani;piyasa_degeri;pb;roe;roa;ev;ev_ebitda;fcf_verim
ENKAI.IS,2025Q3,2025-09-30,XI_29,isyatirim_pit,,,2026-09-07T22:37:04.867822170,,,2025-11-15,APPROXIMATE_FIXED_LAG,UNKNOWN,UNKNOWN,data\raw\isyatirim_cache\ENKAI_2025_XI_29.json,satislar;ebitda;op_gelir;net_kar;cfo;fcf;ozkaynaklar;toplam_borc;net_borc;nakit;toplam_aktif,toplam_borc;net_borc;ebitda;ihracat_orani;piyasa_degeri;pb;roe;roa;ev;ev_ebitda;fcf_verim
ENKAI.IS,2025Q4,2025-12-31,XI_29,isyatirim_pit,,,2026-09-07T22:37:04.867822170,,,2026-03-15,APPROXIMATE_FIXED_LAG,UNKNOWN,UNKNOWN,data\raw\isyatirim_cache\ENKAI_2025_XI_29.json,satislar;ebitda;op_gelir;net_kar;cfo;fcf;ozkaynaklar;toplam_borc;net_borc;nakit;toplam_aktif,toplam_borc;net_borc;ebitda;ihracat_orani;piyasa_degeri;pb;roe;roa;ev;ev_ebitda;fcf_verim
ENKAI.IS,2026Q1,2026-03-31,XI_29,isyatirim_pit,,,2026-09-07T22:37:05.000702858,,,2026-05-15,APPROXIMATE_FIXED_LAG,UNKNOWN,UNKNOWN,data\raw\isyatirim_cache\ENKAI_2026_XI_29.json,satislar;ebitda;op_gelir;net_kar;cfo;fcf;ozkaynaklar;toplam_borc;net_borc;nakit;toplam_aktif,toplam_borc;net_borc;ebitda;ihracat_orani;piyasa_degeri;pb;roe;roa;ev;ev_ebitda;fcf_verim
ENKAI.IS,2026Q2,2026-06-30,XI_29,isyatirim_pit,,,2026-09-07T22:37:05.000702858,,,2026-08-15,APPROXIMATE_FIXED_LAG,UNKNOWN,UNKNOWN,data\raw\isyatirim_cache\ENKAI_2026_XI_29.json,satislar;ebitda;op_gelir;net_kar;cfo;fcf;ozkaynaklar;toplam_borc;net_borc;nakit;toplam_aktif,toplam_borc;net_borc;ebitda;ihracat_orani;piyasa_degeri;pb;roe;roa;ev;ev_ebitda;fcf_verim
EREGL.IS,2018Q1,2018-03-31,XI_29,isyatirim_pit,,,2026-09-07T22:36:53.746536732,,,2018-05-15,APPROXIMATE_FIXED_LAG,UNKNOWN,UNKNOWN,data\raw\isyatirim_cache\EREGL_2018_XI_29.json,satislar;ebitda;op_gelir;net_kar;cfo;fcf;ozkaynaklar;toplam_borc;net_borc;nakit;toplam_aktif,toplam_borc;net_borc;ebitda;ihracat_orani;piyasa_degeri;pb;roe;roa;ev;ev_ebitda;fcf_verim
EREGL.IS,2018Q2,2018-06-30,XI_29,isyatirim_pit,,,2026-09-07T22:36:53.746536732,,,2018-08-15,APPROXIMATE_FIXED_LAG,UNKNOWN,UNKNOWN,data\raw\isyatirim_cache\EREGL_2018_XI_29.json,satislar;ebitda;op_gelir;net_kar;cfo;fcf;ozkaynaklar;toplam_borc;net_borc;nakit;toplam_aktif,toplam_borc;net_borc;ebitda;ihracat_orani;piyasa_degeri;pb;roe;roa;ev;ev_ebitda;fcf_verim
EREGL.IS,2018Q3,2018-09-30,XI_29,isyatirim_pit,,,2026-09-07T22:36:53.746536732,,,2018-11-15,APPROXIMATE_FIXED_LAG,UNKNOWN,UNKNOWN,data\raw\isyatirim_cache\EREGL_2018_XI_29.json,satislar;ebitda;op_gelir;net_kar;cfo;fcf;ozkaynaklar;toplam_borc;net_borc;nakit;toplam_aktif,toplam_borc;net_borc;ebitda;ihracat_orani;piyasa_degeri;pb;roe;roa;ev;ev_ebitda;fcf_verim
EREGL.IS,2018Q4,2018-12-31,XI_29,isyatirim_pit,,,2026-09-07T22:36:53.746536732,,,2019-03-15,APPROXIMATE_FIXED_LAG,UNKNOWN,UNKNOWN,data\raw\isyatirim_cache\EREGL_2018_XI_29.json,satislar;ebitda;op_gelir;net_kar;cfo;fcf;ozkaynaklar;toplam_borc;net_borc;nakit;toplam_aktif,toplam_borc;net_borc;ebitda;ihracat_orani;piyasa_degeri;pb;roe;roa;ev;ev_ebitda;fcf_verim
EREGL.IS,2019Q1,2019-03-31,XI_29,isyatirim_pit,,,2026-09-07T22:36:53.897247791,,,2019-05-15,APPROXIMATE_FIXED_LAG,UNKNOWN,UNKNOWN,data\raw\isyatirim_cache\EREGL_2019_XI_29.json,satislar;ebitda;op_gelir;net_kar;cfo;fcf;ozkaynaklar;toplam_borc;net_borc;nakit;toplam_aktif,toplam_borc;net_borc;ebitda;ihracat_orani;piyasa_degeri;pb;roe;roa;ev;ev_ebitda;fcf_verim
EREGL.IS,2019Q2,2019-06-30,XI_29,isyatirim_pit,,,2026-09-07T22:36:53.897247791,,,2019-08-15,APPROXIMATE_FIXED_LAG,UNKNOWN,UNKNOWN,data\raw\isyatirim_cache\EREGL_2019_XI_29.json,satislar;ebitda;op_gelir;net_kar;cfo;fcf;ozkaynaklar;toplam_borc;net_borc;nakit;toplam_aktif,toplam_borc;net_borc;ebitda;ihracat_orani;piyasa_degeri;pb;roe;roa;ev;ev_ebitda;fcf_verim
EREGL.IS,2019Q3,2019-09-30,XI_29,isyatirim_pit,,,2026-09-07T22:36:53.897247791,,,2019-11-15,APPROXIMATE_FIXED_LAG,UNKNOWN,UNKNOWN,data\raw\isyatirim_cache\EREGL_2019_XI_29.json,satislar;ebitda;op_gelir;net_kar;cfo;fcf;ozkaynaklar;toplam_borc;net_borc;nakit;toplam_aktif,toplam_borc;net_borc;ebitda;ihracat_orani;piyasa_degeri;pb;roe;roa;ev;ev_ebitda;fcf_verim
EREGL.IS,2019Q4,2019-12-31,XI_29,isyatirim_pit,,,2026-09-07T22:36:53.897247791,,,2020-03-15,APPROXIMATE_FIXED_LAG,UNKNOWN,UNKNOWN,data\raw\isyatirim_cache\EREGL_2019_XI_29.json,satislar;ebitda;op_gelir;net_kar;cfo;fcf;ozkaynaklar;toplam_borc;net_borc;nakit;toplam_aktif,toplam_borc;net_borc;ebitda;ihracat_orani;piyasa_degeri;pb;roe;roa;ev;ev_ebitda;fcf_verim
EREGL.IS,2020Q1,2020-03-31,XI_29,isyatirim_pit,,,2026-09-07T22:36:54.093365192,,,2020-05-15,APPROXIMATE_FIXED_LAG,UNKNOWN,UNKNOWN,data\raw\isyatirim_cache\EREGL_2020_XI_29.json,satislar;ebitda;op_gelir;net_kar;cfo;fcf;ozkaynaklar;toplam_borc;net_borc;nakit;toplam_aktif,toplam_borc;net_borc;ebitda;ihracat_orani;piyasa_degeri;pb;roe;roa;ev;ev_ebitda;fcf_verim
EREGL.IS,2020Q2,2020-06-30,XI_29,isyatirim_pit,,,2026-09-07T22:36:54.093365192,,,2020-08-15,APPROXIMATE_FIXED_LAG,UNKNOWN,UNKNOWN,data\raw\isyatirim_cache\EREGL_2020_XI_29.json,satislar;ebitda;op_gelir;net_kar;cfo;fcf;ozkaynaklar;toplam_borc;net_borc;nakit;toplam_aktif,toplam_borc;net_borc;ebitda;ihracat_orani;piyasa_degeri;pb;roe;roa;ev;ev_ebitda;fcf_verim
EREGL.IS,2020Q3,2020-09-30,XI_29,isyatirim_pit,,,2026-09-07T22:36:54.093365192,,,2020-11-15,APPROXIMATE_FIXED_LAG,UNKNOWN,UNKNOWN,data\raw\isyatirim_cache\EREGL_2020_XI_29.json,satislar;ebitda;op_gelir;net_kar;cfo;fcf;ozkaynaklar;toplam_borc;net_borc;nakit;toplam_aktif,toplam_borc;net_borc;ebitda;ihracat_orani;piyasa_degeri;pb;roe;roa;ev;ev_ebitda;fcf_verim
EREGL.IS,2020Q4,2020-12-31,XI_29,isyatirim_pit,,,2026-09-07T22:36:54.093365192,,,2021-03-15,APPROXIMATE_FIXED_LAG,UNKNOWN,UNKNOWN,data\raw\isyatirim_cache\EREGL_2020_XI_29.json,satislar;ebitda;op_gelir;net_kar;cfo;fcf;ozkaynaklar;toplam_borc;net_borc;nakit;toplam_aktif,toplam_borc;net_borc;ebitda;ihracat_orani;piyasa_degeri;pb;roe;roa;ev;ev_ebitda;fcf_verim
EREGL.IS,2021Q1,2021-03-31,XI_29,isyatirim_pit,,,2026-09-07T22:36:54.256051540,,,2021-05-15,APPROXIMATE_FIXED_LAG,UNKNOWN,UNKNOWN,data\raw\isyatirim_cache\EREGL_2021_XI_29.json,satislar;ebitda;op_gelir;net_kar;cfo;fcf;ozkaynaklar;toplam_borc;net_borc;nakit;toplam_aktif,toplam_borc;net_borc;ebitda;ihracat_orani;piyasa_degeri;pb;roe;roa;ev;ev_ebitda;fcf_verim
EREGL.IS,2021Q2,2021-06-30,XI_29,isyatirim_pit,,,2026-09-07T22:36:54.256051540,,,2021-08-15,APPROXIMATE_FIXED_LAG,UNKNOWN,UNKNOWN,data\raw\isyatirim_cache\EREGL_2021_XI_29.json,satislar;ebitda;op_gelir;net_kar;cfo;fcf;ozkaynaklar;toplam_borc;net_borc;nakit;toplam_aktif,toplam_borc;net_borc;ebitda;ihracat_orani;piyasa_degeri;pb;roe;roa;ev;ev_ebitda;fcf_verim
EREGL.IS,2021Q3,2021-09-30,XI_29,isyatirim_pit,,,2026-09-07T22:36:54.256051540,,,2021-11-15,APPROXIMATE_FIXED_LAG,UNKNOWN,UNKNOWN,data\raw\isyatirim_cache\EREGL_2021_XI_29.json,satislar;ebitda;op_gelir;net_kar;cfo;fcf;ozkaynaklar;toplam_borc;net_borc;nakit;toplam_aktif,toplam_borc;net_borc;ebitda;ihracat_orani;piyasa_degeri;pb;roe;roa;ev;ev_ebitda;fcf_verim
EREGL.IS,2021Q4,2021-12-31,XI_29,isyatirim_pit,,,2026-09-07T22:36:54.256051540,,,2022-03-15,APPROXIMATE_FIXED_LAG,UNKNOWN,UNKNOWN,data\raw\isyatirim_cache\EREGL_2021_XI_29.json,satislar;ebitda;op_gelir;net_kar;cfo;fcf;ozkaynaklar;toplam_borc;net_borc;nakit;toplam_aktif,toplam_borc;net_borc;ebitda;ihracat_orani;piyasa_degeri;pb;roe;roa;ev;ev_ebitda;fcf_verim
EREGL.IS,2022Q1,2022-03-31,XI_29,isyatirim_pit,,,2026-09-07T22:36:54.432910681,,,2022-05-15,APPROXIMATE_FIXED_LAG,UNKNOWN,UNKNOWN,data\raw\isyatirim_cache\EREGL_2022_XI_29.json,satislar;ebitda;op_gelir;net_kar;cfo;fcf;ozkaynaklar;toplam_borc;net_borc;nakit;toplam_aktif,toplam_borc;net_borc;ebitda;ihracat_orani;piyasa_degeri;pb;roe;roa;ev;ev_ebitda;fcf_verim
EREGL.IS,2022Q2,2022-06-30,XI_29,isyatirim_pit,,,2026-09-07T22:36:54.432910681,,,2022-08-15,APPROXIMATE_FIXED_LAG,UNKNOWN,UNKNOWN,data\raw\isyatirim_cache\EREGL_2022_XI_29.json,satislar;ebitda;op_gelir;net_kar;cfo;fcf;ozkaynaklar;toplam_borc;net_borc;nakit;toplam_aktif,toplam_borc;net_borc;ebitda;ihracat_orani;piyasa_degeri;pb;roe;roa;ev;ev_ebitda;fcf_verim
EREGL.IS,2022Q3,2022-09-30,XI_29,isyatirim_pit,,,2026-09-07T22:36:54.432910681,,,2022-11-15,APPROXIMATE_FIXED_LAG,UNKNOWN,UNKNOWN,data\raw\isyatirim_cache\EREGL_2022_XI_29.json,satislar;ebitda;op_gelir;net_kar;cfo;fcf;ozkaynaklar;toplam_borc;net_borc;nakit;toplam_aktif,toplam_borc;net_borc;ebitda;ihracat_orani;piyasa_degeri;pb;roe;roa;ev;ev_ebitda;fcf_verim
EREGL.IS,2022Q4,2022-12-31,XI_29,isyatirim_pit,,,2026-09-07T22:36:54.432910681,,,2023-03-15,APPROXIMATE_FIXED_LAG,UNKNOWN,UNKNOWN,data\raw\isyatirim_cache\EREGL_2022_XI_29.json,satislar;ebitda;op_gelir;net_kar;cfo;fcf;ozkaynaklar;toplam_borc;net_borc;nakit;toplam_aktif,toplam_borc;net_borc;ebitda;ihracat_orani;piyasa_degeri;pb;roe;roa;ev;ev_ebitda;fcf_verim
EREGL.IS,2023Q1,2023-03-31,XI_29,isyatirim_pit,,,2026-09-07T22:36:54.612770557,,,2023-05-15,APPROXIMATE_FIXED_LAG,UNKNOWN,UNKNOWN,data\raw\isyatirim_cache\EREGL_2023_XI_29.json,satislar;ebitda;op_gelir;net_kar;cfo;fcf;ozkaynaklar;toplam_borc;net_borc;nakit;toplam_aktif,toplam_borc;net_borc;ebitda;ihracat_orani;piyasa_degeri;pb;roe;roa;ev;ev_ebitda;fcf_verim
EREGL.IS,2023Q2,2023-06-30,XI_29,isyatirim_pit,,,2026-09-07T22:36:54.612770557,,,2023-08-15,APPROXIMATE_FIXED_LAG,UNKNOWN,UNKNOWN,data\raw\isyatirim_cache\EREGL_2023_XI_29.json,satislar;ebitda;op_gelir;net_kar;cfo;fcf;ozkaynaklar;toplam_borc;net_borc;nakit;toplam_aktif,toplam_borc;net_borc;ebitda;ihracat_orani;piyasa_degeri;pb;roe;roa;ev;ev_ebitda;fcf_verim
EREGL.IS,2023Q3,2023-09-30,XI_29,isyatirim_pit,,,2026-09-07T22:36:54.612770557,,,2023-11-15,APPROXIMATE_FIXED_LAG,UNKNOWN,UNKNOWN,data\raw\isyatirim_cache\EREGL_2023_XI_29.json,satislar;ebitda;op_gelir;net_kar;cfo;fcf;ozkaynaklar;toplam_borc;net_borc;nakit;toplam_aktif,toplam_borc;net_borc;ebitda;ihracat_orani;piyasa_degeri;pb;roe;roa;ev;ev_ebitda;fcf_verim
EREGL.IS,2023Q4,2023-12-31,XI_29,isyatirim_pit,,,2026-09-07T22:36:54.612770557,,,2024-03-15,APPROXIMATE_FIXED_LAG,UNKNOWN,UNKNOWN,data\raw\isyatirim_cache\EREGL_2023_XI_29.json,satislar;ebitda;op_gelir;net_kar;cfo;fcf;ozkaynaklar;toplam_borc;net_borc;nakit;toplam_aktif,toplam_borc;net_borc;ebitda;ihracat_orani;piyasa_degeri;pb;roe;roa;ev;ev_ebitda;fcf_verim
EREGL.IS,2024Q1,2024-03-31,XI_29,isyatirim_pit,,,2026-09-07T22:36:54.704239607,,,2024-05-15,APPROXIMATE_FIXED_LAG,UNKNOWN,UNKNOWN,data\raw\isyatirim_cache\EREGL_2024_XI_29.json,satislar;ebitda;op_gelir;net_kar;cfo;fcf;ozkaynaklar;toplam_borc;net_borc;nakit;toplam_aktif,toplam_borc;net_borc;ebitda;ihracat_orani;piyasa_degeri;pb;roe;roa;ev;ev_ebitda;fcf_verim
EREGL.IS,2024Q2,2024-06-30,XI_29,isyatirim_pit,,,2026-09-07T22:36:54.704239607,,,2024-08-15,APPROXIMATE_FIXED_LAG,UNKNOWN,UNKNOWN,data\raw\isyatirim_cache\EREGL_2024_XI_29.json,satislar;ebitda;op_gelir;net_kar;cfo;fcf;ozkaynaklar;toplam_borc;net_borc;nakit;toplam_aktif,toplam_borc;net_borc;ebitda;ihracat_orani;piyasa_degeri;pb;roe;roa;ev;ev_ebitda;fcf_verim
EREGL.IS,2024Q3,2024-09-30,XI_29,isyatirim_pit,,,2026-09-07T22:36:54.704239607,,,2024-11-15,APPROXIMATE_FIXED_LAG,UNKNOWN,UNKNOWN,data\raw\isyatirim_cache\EREGL_2024_XI_29.json,satislar;ebitda;op_gelir;net_kar;cfo;fcf;ozkaynaklar;toplam_borc;net_borc;nakit;toplam_aktif,toplam_borc;net_borc;ebitda;ihracat_orani;piyasa_degeri;pb;roe;roa;ev;ev_ebitda;fcf_verim
EREGL.IS,2024Q4,2024-12-31,XI_29,isyatirim_pit,,,2026-09-07T22:36:54.704239607,,,2025-03-15,APPROXIMATE_FIXED_LAG,UNKNOWN,UNKNOWN,data\raw\isyatirim_cache\EREGL_2024_XI_29.json,satislar;ebitda;op_gelir;net_kar;cfo;fcf;ozkaynaklar;toplam_borc;net_borc;nakit;toplam_aktif,toplam_borc;net_borc;ebitda;ihracat_orani;piyasa_degeri;pb;roe;roa;ev;ev_ebitda;fcf_verim
EREGL.IS,2025Q1,2025-03-31,XI_29,isyatirim_pit,,,2026-09-07T22:36:54.847866535,,,2025-05-15,APPROXIMATE_FIXED_LAG,UNKNOWN,UNKNOWN,data\raw\isyatirim_cache\EREGL_2025_XI_29.json,satislar;ebitda;op_gelir;net_kar;cfo;fcf;ozkaynaklar;toplam_borc;net_borc;nakit;toplam_aktif,toplam_borc;net_borc;ebitda;ihracat_orani;piyasa_degeri;pb;roe;roa;ev;ev_ebitda;fcf_verim
EREGL.IS,2025Q2,2025-06-30,XI_29,isyatirim_pit,,,2026-09-07T22:36:54.847866535,,,2025-08-15,APPROXIMATE_FIXED_LAG,UNKNOWN,UNKNOWN,data\raw\isyatirim_cache\EREGL_2025_XI_29.json,satislar;ebitda;op_gelir;net_kar;cfo;fcf;ozkaynaklar;toplam_borc;net_borc;nakit;toplam_aktif,toplam_borc;net_borc;ebitda;ihracat_orani;piyasa_degeri;pb;roe;roa;ev;ev_ebitda;fcf_verim
EREGL.IS,2025Q3,2025-09-30,XI_29,isyatirim_pit,,,2026-09-07T22:36:54.847866535,,,2025-11-15,APPROXIMATE_FIXED_LAG,UNKNOWN,UNKNOWN,data\raw\isyatirim_cache\EREGL_2025_XI_29.json,satislar;ebitda;op_gelir;net_kar;cfo;fcf;ozkaynaklar;toplam_borc;net_borc;nakit;toplam_aktif,toplam_borc;net_borc;ebitda;ihracat_orani;piyasa_degeri;pb;roe;roa;ev;ev_ebitda;fcf_verim
EREGL.IS,2025Q4,2025-12-31,XI_29,isyatirim_pit,,,2026-09-07T22:36:54.847866535,,,2026-03-15,APPROXIMATE_FIXED_LAG,UNKNOWN,UNKNOWN,data\raw\isyatirim_cache\EREGL_2025_XI_29.json,satislar;ebitda;op_gelir;net_kar;cfo;fcf;ozkaynaklar;toplam_borc;net_borc;nakit;toplam_aktif,toplam_borc;net_borc;ebitda;ihracat_orani;piyasa_degeri;pb;roe;roa;ev;ev_ebitda;fcf_verim
EREGL.IS,2026Q1,2026-03-31,XI_29,isyatirim_pit,,,2026-09-07T22:36:54.984818459,,,2026-05-15,APPROXIMATE_FIXED_LAG,UNKNOWN,UNKNOWN,data\raw\isyatirim_cache\EREGL_2026_XI_29.json,satislar;ebitda;op_gelir;net_kar;cfo;fcf;ozkaynaklar;toplam_borc;net_borc;nakit;toplam_aktif,toplam_borc;net_borc;ebitda;ihracat_orani;piyasa_degeri;pb;roe;roa;ev;ev_ebitda;fcf_verim
EREGL.IS,2026Q2,2026-06-30,XI_29,isyatirim_pit,,,2026-09-07T22:36:54.984818459,,,2026-08-15,APPROXIMATE_FIXED_LAG,UNKNOWN,UNKNOWN,data\raw\isyatirim_cache\EREGL_2026_XI_29.json,satislar;ebitda;op_gelir;net_kar;cfo;fcf;ozkaynaklar;toplam_borc;net_borc;nakit;toplam_aktif,toplam_borc;net_borc;ebitda;ihracat_orani;piyasa_degeri;pb;roe;roa;ev;ev_ebitda;fcf_verim
EUPWR.IS,2020Q4,2020-12-31,XI_29,isyatirim_pit,,,2026-09-07T22:37:08.571876526,,,2021-03-15,APPROXIMATE_FIXED_LAG,UNKNOWN,UNKNOWN,data\raw\isyatirim_cache\EUPWR_2020_XI_29.json,satislar;ebitda;op_gelir;net_kar;cfo;fcf;ozkaynaklar;toplam_borc;net_borc;nakit;toplam_aktif,toplam_borc;net_borc;ebitda;ihracat_orani;piyasa_degeri;pb;roe;roa;ev;ev_ebitda;fcf_verim
EUPWR.IS,2021Q4,2021-12-31,XI_29,isyatirim_pit,,,2026-09-07T22:37:08.750910997,,,2022-03-15,APPROXIMATE_FIXED_LAG,UNKNOWN,UNKNOWN,data\raw\isyatirim_cache\EUPWR_2021_XI_29.json,satislar;ebitda;op_gelir;net_kar;cfo;fcf;ozkaynaklar;toplam_borc;net_borc;nakit;toplam_aktif,toplam_borc;net_borc;ebitda;ihracat_orani;piyasa_degeri;pb;roe;roa;ev;ev_ebitda;fcf_verim
EUPWR.IS,2022Q1,2022-03-31,XI_29,isyatirim_pit,,,2026-09-07T22:37:08.903653383,,,2022-05-15,APPROXIMATE_FIXED_LAG,UNKNOWN,UNKNOWN,data\raw\isyatirim_cache\EUPWR_2022_XI_29.json,satislar;ebitda;op_gelir;net_kar;cfo;fcf;ozkaynaklar;toplam_borc;net_borc;nakit;toplam_aktif,toplam_borc;net_borc;ebitda;ihracat_orani;piyasa_degeri;pb;roe;roa;ev;ev_ebitda;fcf_verim
EUPWR.IS,2022Q2,2022-06-30,XI_29,isyatirim_pit,,,2026-09-07T22:37:08.903653383,,,2022-08-15,APPROXIMATE_FIXED_LAG,UNKNOWN,UNKNOWN,data\raw\isyatirim_cache\EUPWR_2022_XI_29.json,satislar;ebitda;op_gelir;net_kar;cfo;fcf;ozkaynaklar;toplam_borc;net_borc;nakit;toplam_aktif,toplam_borc;net_borc;ebitda;ihracat_orani;piyasa_degeri;pb;roe;roa;ev;ev_ebitda;fcf_verim
EUPWR.IS,2022Q3,2022-09-30,XI_29,isyatirim_pit,,,2026-09-07T22:37:08.903653383,,,2022-11-15,APPROXIMATE_FIXED_LAG,UNKNOWN,UNKNOWN,data\raw\isyatirim_cache\EUPWR_2022_XI_29.json,satislar;ebitda;op_gelir;net_kar;cfo;fcf;ozkaynaklar;toplam_borc;net_borc;nakit;toplam_aktif,toplam_borc;net_borc;ebitda;ihracat_orani;piyasa_degeri;pb;roe;roa;ev;ev_ebitda;fcf_verim
EUPWR.IS,2022Q4,2022-12-31,XI_29,isyatirim_pit,,,2026-09-07T22:37:08.903653383,,,2023-03-15,APPROXIMATE_FIXED_LAG,UNKNOWN,UNKNOWN,data\raw\isyatirim_cache\EUPWR_2022_XI_29.json,satislar;ebitda;op_gelir;net_kar;cfo;fcf;ozkaynaklar;toplam_borc;net_borc;nakit;toplam_aktif,toplam_borc;net_borc;ebitda;ihracat_orani;piyasa_degeri;pb;roe;roa;ev;ev_ebitda;fcf_verim
EUPWR.IS,2023Q1,2023-03-31,XI_29,isyatirim_pit,,,2026-09-07T22:37:09.065004587,,,2023-05-15,APPROXIMATE_FIXED_LAG,UNKNOWN,UNKNOWN,data\raw\isyatirim_cache\EUPWR_2023_XI_29.json,satislar;ebitda;op_gelir;net_kar;cfo;fcf;ozkaynaklar;toplam_borc;net_borc;nakit;toplam_aktif,toplam_borc;net_borc;ebitda;ihracat_orani;piyasa_degeri;pb;roe;roa;ev;ev_ebitda;fcf_verim
EUPWR.IS,2023Q2,2023-06-30,XI_29,isyatirim_pit,,,2026-09-07T22:37:09.065004587,,,2023-08-15,APPROXIMATE_FIXED_LAG,UNKNOWN,UNKNOWN,data\raw\isyatirim_cache\EUPWR_2023_XI_29.json,satislar;ebitda;op_gelir;net_kar;cfo;fcf;ozkaynaklar;toplam_borc;net_borc;nakit;toplam_aktif,toplam_borc;net_borc;ebitda;ihracat_orani;piyasa_degeri;pb;roe;roa;ev;ev_ebitda;fcf_verim
EUPWR.IS,2023Q3,2023-09-30,XI_29,isyatirim_pit,,,2026-09-07T22:37:09.065004587,,,2023-11-15,APPROXIMATE_FIXED_LAG,UNKNOWN,UNKNOWN,data\raw\isyatirim_cache\EUPWR_2023_XI_29.json,satislar;ebitda;op_gelir;net_kar;cfo;fcf;ozkaynaklar;toplam_borc;net_borc;nakit;toplam_aktif,toplam_borc;net_borc;ebitda;ihracat_orani;piyasa_degeri;pb;roe;roa;ev;ev_ebitda;fcf_verim
EUPWR.IS,2023Q4,2023-12-31,XI_29,isyatirim_pit,,,2026-09-07T22:37:09.065004587,,,2024-03-15,APPROXIMATE_FIXED_LAG,UNKNOWN,UNKNOWN,data\raw\isyatirim_cache\EUPWR_2023_XI_29.json,satislar;ebitda;op_gelir;net_kar;cfo;fcf;ozkaynaklar;toplam_borc;net_borc;nakit;toplam_aktif,toplam_borc;net_borc;ebitda;ihracat_orani;piyasa_degeri;pb;roe;roa;ev;ev_ebitda;fcf_verim
EUPWR.IS,2024Q1,2024-03-31,XI_29,isyatirim_pit,,,2026-09-07T22:37:09.157849312,,,2024-05-15,APPROXIMATE_FIXED_LAG,UNKNOWN,UNKNOWN,data\raw\isyatirim_cache\EUPWR_2024_XI_29.json,satislar;ebitda;op_gelir;net_kar;cfo;fcf;ozkaynaklar;toplam_borc;net_borc;nakit;toplam_aktif,toplam_borc;net_borc;ebitda;ihracat_orani;piyasa_degeri;pb;roe;roa;ev;ev_ebitda;fcf_verim
EUPWR.IS,2024Q2,2024-06-30,XI_29,isyatirim_pit,,,2026-09-07T22:37:09.157849312,,,2024-08-15,APPROXIMATE_FIXED_LAG,UNKNOWN,UNKNOWN,data\raw\isyatirim_cache\EUPWR_2024_XI_29.json,satislar;ebitda;op_gelir;net_kar;cfo;fcf;ozkaynaklar;toplam_borc;net_borc;nakit;toplam_aktif,toplam_borc;net_borc;ebitda;ihracat_orani;piyasa_degeri;pb;roe;roa;ev;ev_ebitda;fcf_verim
EUPWR.IS,2024Q3,2024-09-30,XI_29,isyatirim_pit,,,2026-09-07T22:37:09.157849312,,,2024-11-15,APPROXIMATE_FIXED_LAG,UNKNOWN,UNKNOWN,data\raw\isyatirim_cache\EUPWR_2024_XI_29.json,satislar;ebitda;op_gelir;net_kar;cfo;fcf;ozkaynaklar;toplam_borc;net_borc;nakit;toplam_aktif,toplam_borc;net_borc;ebitda;ihracat_orani;piyasa_degeri;pb;roe;roa;ev;ev_ebitda;fcf_verim
EUPWR.IS,2024Q4,2024-12-31,XI_29,isyatirim_pit,,,2026-09-07T22:37:09.157849312,,,2025-03-15,APPROXIMATE_FIXED_LAG,UNKNOWN,UNKNOWN,data\raw\isyatirim_cache\EUPWR_2024_XI_29.json,satislar;ebitda;op_gelir;net_kar;cfo;fcf;ozkaynaklar;toplam_borc;net_borc;nakit;toplam_aktif,toplam_borc;net_borc;ebitda;ihracat_orani;piyasa_degeri;pb;roe;roa;ev;ev_ebitda;fcf_verim
EUPWR.IS,2025Q1,2025-03-31,XI_29,isyatirim_pit,,,2026-09-07T22:37:09.321763992,,,2025-05-15,APPROXIMATE_FIXED_LAG,UNKNOWN,UNKNOWN,data\raw\isyatirim_cache\EUPWR_2025_XI_29.json,satislar;ebitda;op_gelir;net_kar;cfo;fcf;ozkaynaklar;toplam_borc;net_borc;nakit;toplam_aktif,toplam_borc;net_borc;ebitda;ihracat_orani;piyasa_degeri;pb;roe;roa;ev;ev_ebitda;fcf_verim
EUPWR.IS,2025Q2,2025-06-30,XI_29,isyatirim_pit,,,2026-09-07T22:37:09.321763992,,,2025-08-15,APPROXIMATE_FIXED_LAG,UNKNOWN,UNKNOWN,data\raw\isyatirim_cache\EUPWR_2025_XI_29.json,satislar;ebitda;op_gelir;net_kar;cfo;fcf;ozkaynaklar;toplam_borc;net_borc;nakit;toplam_aktif,toplam_borc;net_borc;ebitda;ihracat_orani;piyasa_degeri;pb;roe;roa;ev;ev_ebitda;fcf_verim
EUPWR.IS,2025Q3,2025-09-30,XI_29,isyatirim_pit,,,2026-09-07T22:37:09.321763992,,,2025-11-15,APPROXIMATE_FIXED_LAG,UNKNOWN,UNKNOWN,data\raw\isyatirim_cache\EUPWR_2025_XI_29.json,satislar;ebitda;op_gelir;net_kar;cfo;fcf;ozkaynaklar;toplam_borc;net_borc;nakit;toplam_aktif,toplam_borc;net_borc;ebitda;ihracat_orani;piyasa_degeri;pb;roe;roa;ev;ev_ebitda;fcf_verim
EUPWR.IS,2025Q4,2025-12-31,XI_29,isyatirim_pit,,,2026-09-07T22:37:09.321763992,,,2026-03-15,APPROXIMATE_FIXED_LAG,UNKNOWN,UNKNOWN,data\raw\isyatirim_cache\EUPWR_2025_XI_29.json,satislar;ebitda;op_gelir;net_kar;cfo;fcf;ozkaynaklar;toplam_borc;net_borc;nakit;toplam_aktif,toplam_borc;net_borc;ebitda;ihracat_orani;piyasa_degeri;pb;roe;roa;ev;ev_ebitda;fcf_verim
EUPWR.IS,2026Q1,2026-03-31,XI_29,isyatirim_pit,,,2026-09-07T22:37:09.462324381,,,2026-05-15,APPROXIMATE_FIXED_LAG,UNKNOWN,UNKNOWN,data\raw\isyatirim_cache\EUPWR_2026_XI_29.json,satislar;ebitda;op_gelir;net_kar;cfo;fcf;ozkaynaklar;toplam_borc;net_borc;nakit;toplam_aktif,toplam_borc;net_borc;ebitda;ihracat_orani;piyasa_degeri;pb;roe;roa;ev;ev_ebitda;fcf_verim
EUPWR.IS,2026Q2,2026-06-30,XI_29,isyatirim_pit,,,2026-09-07T22:37:09.462324381,,,2026-08-15,APPROXIMATE_FIXED_LAG,UNKNOWN,UNKNOWN,data\raw\isyatirim_cache\EUPWR_2026_XI_29.json,satislar;ebitda;op_gelir;net_kar;cfo;fcf;ozkaynaklar;toplam_borc;net_borc;nakit;toplam_aktif,toplam_borc;net_borc;ebitda;ihracat_orani;piyasa_degeri;pb;roe;roa;ev;ev_ebitda;fcf_verim
FORTE.IS,2020Q4,2020-12-31,XI_29,isyatirim_pit,,,2026-09-07T22:36:51.866445541,,,2021-03-15,APPROXIMATE_FIXED_LAG,UNKNOWN,UNKNOWN,data\raw\isyatirim_cache\FORTE_2020_XI_29.json,satislar;ebitda;op_gelir;net_kar;cfo;fcf;ozkaynaklar;toplam_borc;net_borc;nakit;toplam_aktif,toplam_borc;net_borc;ebitda;ihracat_orani;piyasa_degeri;pb;roe;roa;ev;ev_ebitda;fcf_verim
FORTE.IS,2021Q4,2021-12-31,XI_29,isyatirim_pit,,,2026-09-07T22:36:51.998877048,,,2022-03-15,APPROXIMATE_FIXED_LAG,UNKNOWN,UNKNOWN,data\raw\isyatirim_cache\FORTE_2021_XI_29.json,satislar;ebitda;op_gelir;net_kar;cfo;fcf;ozkaynaklar;toplam_borc;net_borc;nakit;toplam_aktif,toplam_borc;net_borc;ebitda;ihracat_orani;piyasa_degeri;pb;roe;roa;ev;ev_ebitda;fcf_verim
FORTE.IS,2022Q1,2022-03-31,XI_29,isyatirim_pit,,,2026-09-07T22:36:52.131076574,,,2022-05-15,APPROXIMATE_FIXED_LAG,UNKNOWN,UNKNOWN,data\raw\isyatirim_cache\FORTE_2022_XI_29.json,satislar;ebitda;op_gelir;net_kar;cfo;fcf;ozkaynaklar;toplam_borc;net_borc;nakit;toplam_aktif,toplam_borc;net_borc;ebitda;ihracat_orani;piyasa_degeri;pb;roe;roa;ev;ev_ebitda;fcf_verim
FORTE.IS,2022Q2,2022-06-30,XI_29,isyatirim_pit,,,2026-09-07T22:36:52.131076574,,,2022-08-15,APPROXIMATE_FIXED_LAG,UNKNOWN,UNKNOWN,data\raw\isyatirim_cache\FORTE_2022_XI_29.json,satislar;ebitda;op_gelir;net_kar;cfo;fcf;ozkaynaklar;toplam_borc;net_borc;nakit;toplam_aktif,toplam_borc;net_borc;ebitda;ihracat_orani;piyasa_degeri;pb;roe;roa;ev;ev_ebitda;fcf_verim
FORTE.IS,2022Q3,2022-09-30,XI_29,isyatirim_pit,,,2026-09-07T22:36:52.131076574,,,2022-11-15,APPROXIMATE_FIXED_LAG,UNKNOWN,UNKNOWN,data\raw\isyatirim_cache\FORTE_2022_XI_29.json,satislar;ebitda;op_gelir;net_kar;cfo;fcf;ozkaynaklar;toplam_borc;net_borc;nakit;toplam_aktif,toplam_borc;net_borc;ebitda;ihracat_orani;piyasa_degeri;pb;roe;roa;ev;ev_ebitda;fcf_verim
FORTE.IS,2022Q4,2022-12-31,XI_29,isyatirim_pit,,,2026-09-07T22:36:52.131076574,,,2023-03-15,APPROXIMATE_FIXED_LAG,UNKNOWN,UNKNOWN,data\raw\isyatirim_cache\FORTE_2022_XI_29.json,satislar;ebitda;op_gelir;net_kar;cfo;fcf;ozkaynaklar;toplam_borc;net_borc;nakit;toplam_aktif,toplam_borc;net_borc;ebitda;ihracat_orani;piyasa_degeri;pb;roe;roa;ev;ev_ebitda;fcf_verim
FORTE.IS,2023Q1,2023-03-31,XI_29,isyatirim_pit,,,2026-09-07T22:36:52.292066813,,,2023-05-15,APPROXIMATE_FIXED_LAG,UNKNOWN,UNKNOWN,data\raw\isyatirim_cache\FORTE_2023_XI_29.json,satislar;ebitda;op_gelir;net_kar;cfo;fcf;ozkaynaklar;toplam_borc;net_borc;nakit;toplam_aktif,toplam_borc;net_borc;ebitda;ihracat_orani;piyasa_degeri;pb;roe;roa;ev;ev_ebitda;fcf_verim
FORTE.IS,2023Q2,2023-06-30,XI_29,isyatirim_pit,,,2026-09-07T22:36:52.292066813,,,2023-08-15,APPROXIMATE_FIXED_LAG,UNKNOWN,UNKNOWN,data\raw\isyatirim_cache\FORTE_2023_XI_29.json,satislar;ebitda;op_gelir;net_kar;cfo;fcf;ozkaynaklar;toplam_borc;net_borc;nakit;toplam_aktif,toplam_borc;net_borc;ebitda;ihracat_orani;piyasa_degeri;pb;roe;roa;ev;ev_ebitda;fcf_verim
FORTE.IS,2023Q3,2023-09-30,XI_29,isyatirim_pit,,,2026-09-07T22:36:52.292066813,,,2023-11-15,APPROXIMATE_FIXED_LAG,UNKNOWN,UNKNOWN,data\raw\isyatirim_cache\FORTE_2023_XI_29.json,satislar;ebitda;op_gelir;net_kar;cfo;fcf;ozkaynaklar;toplam_borc;net_borc;nakit;toplam_aktif,toplam_borc;net_borc;ebitda;ihracat_orani;piyasa_degeri;pb;roe;roa;ev;ev_ebitda;fcf_verim
FORTE.IS,2023Q4,2023-12-31,XI_29,isyatirim_pit,,,2026-09-07T22:36:52.292066813,,,2024-03-15,APPROXIMATE_FIXED_LAG,UNKNOWN,UNKNOWN,data\raw\isyatirim_cache\FORTE_2023_XI_29.json,satislar;ebitda;op_gelir;net_kar;cfo;fcf;ozkaynaklar;toplam_borc;net_borc;nakit;toplam_aktif,toplam_borc;net_borc;ebitda;ihracat_orani;piyasa_degeri;pb;roe;roa;ev;ev_ebitda;fcf_verim
FORTE.IS,2024Q1,2024-03-31,XI_29,isyatirim_pit,,,2026-09-07T22:36:52.403026104,,,2024-05-15,APPROXIMATE_FIXED_LAG,UNKNOWN,UNKNOWN,data\raw\isyatirim_cache\FORTE_2024_XI_29.json,satislar;ebitda;op_gelir;net_kar;cfo;fcf;ozkaynaklar;toplam_borc;net_borc;nakit;toplam_aktif,toplam_borc;net_borc;ebitda;ihracat_orani;piyasa_degeri;pb;roe;roa;ev;ev_ebitda;fcf_verim
FORTE.IS,2024Q2,2024-06-30,XI_29,isyatirim_pit,,,2026-09-07T22:36:52.403026104,,,2024-08-15,APPROXIMATE_FIXED_LAG,UNKNOWN,UNKNOWN,data\raw\isyatirim_cache\FORTE_2024_XI_29.json,satislar;ebitda;op_gelir;net_kar;cfo;fcf;ozkaynaklar;toplam_borc;net_borc;nakit;toplam_aktif,toplam_borc;net_borc;ebitda;ihracat_orani;piyasa_degeri;pb;roe;roa;ev;ev_ebitda;fcf_verim
FORTE.IS,2024Q3,2024-09-30,XI_29,isyatirim_pit,,,2026-09-07T22:36:52.403026104,,,2024-11-15,APPROXIMATE_FIXED_LAG,UNKNOWN,UNKNOWN,data\raw\isyatirim_cache\FORTE_2024_XI_29.json,satislar;ebitda;op_gelir;net_kar;cfo;fcf;ozkaynaklar;toplam_borc;net_borc;nakit;toplam_aktif,toplam_borc;net_borc;ebitda;ihracat_orani;piyasa_degeri;pb;roe;roa;ev;ev_ebitda;fcf_verim
FORTE.IS,2024Q4,2024-12-31,XI_29,isyatirim_pit,,,2026-09-07T22:36:52.403026104,,,2025-03-15,APPROXIMATE_FIXED_LAG,UNKNOWN,UNKNOWN,data\raw\isyatirim_cache\FORTE_2024_XI_29.json,satislar;ebitda;op_gelir;net_kar;cfo;fcf;ozkaynaklar;toplam_borc;net_borc;nakit;toplam_aktif,toplam_borc;net_borc;ebitda;ihracat_orani;piyasa_degeri;pb;roe;roa;ev;ev_ebitda;fcf_verim
FORTE.IS,2025Q1,2025-03-31,XI_29,isyatirim_pit,,,2026-09-07T22:36:52.599792957,,,2025-05-15,APPROXIMATE_FIXED_LAG,UNKNOWN,UNKNOWN,data\raw\isyatirim_cache\FORTE_2025_XI_29.json,satislar;ebitda;op_gelir;net_kar;cfo;fcf;ozkaynaklar;toplam_borc;net_borc;nakit;toplam_aktif,toplam_borc;net_borc;ebitda;ihracat_orani;piyasa_degeri;pb;roe;roa;ev;ev_ebitda;fcf_verim
FORTE.IS,2025Q2,2025-06-30,XI_29,isyatirim_pit,,,2026-09-07T22:36:52.599792957,,,2025-08-15,APPROXIMATE_FIXED_LAG,UNKNOWN,UNKNOWN,data\raw\isyatirim_cache\FORTE_2025_XI_29.json,satislar;ebitda;op_gelir;net_kar;cfo;fcf;ozkaynaklar;toplam_borc;net_borc;nakit;toplam_aktif,toplam_borc;net_borc;ebitda;ihracat_orani;piyasa_degeri;pb;roe;roa;ev;ev_ebitda;fcf_verim
FORTE.IS,2025Q3,2025-09-30,XI_29,isyatirim_pit,,,2026-09-07T22:36:52.599792957,,,2025-11-15,APPROXIMATE_FIXED_LAG,UNKNOWN,UNKNOWN,data\raw\isyatirim_cache\FORTE_2025_XI_29.json,satislar;ebitda;op_gelir;net_kar;cfo;fcf;ozkaynaklar;toplam_borc;net_borc;nakit;toplam_aktif,toplam_borc;net_borc;ebitda;ihracat_orani;piyasa_degeri;pb;roe;roa;ev;ev_ebitda;fcf_verim
FORTE.IS,2025Q4,2025-12-31,XI_29,isyatirim_pit,,,2026-09-07T22:36:52.599792957,,,2026-03-15,APPROXIMATE_FIXED_LAG,UNKNOWN,UNKNOWN,data\raw\isyatirim_cache\FORTE_2025_XI_29.json,satislar;ebitda;op_gelir;net_kar;cfo;fcf;ozkaynaklar;toplam_borc;net_borc;nakit;toplam_aktif,toplam_borc;net_borc;ebitda;ihracat_orani;piyasa_degeri;pb;roe;roa;ev;ev_ebitda;fcf_verim
FORTE.IS,2026Q1,2026-03-31,XI_29,isyatirim_pit,,,2026-09-07T22:36:52.773456573,,,2026-05-15,APPROXIMATE_FIXED_LAG,UNKNOWN,UNKNOWN,data\raw\isyatirim_cache\FORTE_2026_XI_29.json,satislar;ebitda;op_gelir;net_kar;cfo;fcf;ozkaynaklar;toplam_borc;net_borc;nakit;toplam_aktif,toplam_borc;net_borc;ebitda;ihracat_orani;piyasa_degeri;pb;roe;roa;ev;ev_ebitda;fcf_verim
FORTE.IS,2026Q2,2026-06-30,XI_29,isyatirim_pit,,,2026-09-07T22:36:52.773456573,,,2026-08-15,APPROXIMATE_FIXED_LAG,UNKNOWN,UNKNOWN,data\raw\isyatirim_cache\FORTE_2026_XI_29.json,satislar;ebitda;op_gelir;net_kar;cfo;fcf;ozkaynaklar;toplam_borc;net_borc;nakit;toplam_aktif,toplam_borc;net_borc;ebitda;ihracat_orani;piyasa_degeri;pb;roe;roa;ev;ev_ebitda;fcf_verim
FROTO.IS,2018Q1,2018-03-31,XI_29,isyatirim_pit,,,2026-09-07T22:36:57.631466627,,,2018-05-15,APPROXIMATE_FIXED_LAG,UNKNOWN,UNKNOWN,data\raw\isyatirim_cache\FROTO_2018_XI_29.json,satislar;ebitda;op_gelir;net_kar;cfo;fcf;ozkaynaklar;toplam_borc;net_borc;nakit;toplam_aktif,toplam_borc;net_borc;ebitda;ihracat_orani;piyasa_degeri;pb;roe;roa;ev;ev_ebitda;fcf_verim
FROTO.IS,2018Q2,2018-06-30,XI_29,isyatirim_pit,,,2026-09-07T22:36:57.631466627,,,2018-08-15,APPROXIMATE_FIXED_LAG,UNKNOWN,UNKNOWN,data\raw\isyatirim_cache\FROTO_2018_XI_29.json,satislar;ebitda;op_gelir;net_kar;cfo;fcf;ozkaynaklar;toplam_borc;net_borc;nakit;toplam_aktif,toplam_borc;net_borc;ebitda;ihracat_orani;piyasa_degeri;pb;roe;roa;ev;ev_ebitda;fcf_verim
FROTO.IS,2018Q3,2018-09-30,XI_29,isyatirim_pit,,,2026-09-07T22:36:57.631466627,,,2018-11-15,APPROXIMATE_FIXED_LAG,UNKNOWN,UNKNOWN,data\raw\isyatirim_cache\FROTO_2018_XI_29.json,satislar;ebitda;op_gelir;net_kar;cfo;fcf;ozkaynaklar;toplam_borc;net_borc;nakit;toplam_aktif,toplam_borc;net_borc;ebitda;ihracat_orani;piyasa_degeri;pb;roe;roa;ev;ev_ebitda;fcf_verim
FROTO.IS,2018Q4,2018-12-31,XI_29,isyatirim_pit,,,2026-09-07T22:36:57.631466627,,,2019-03-15,APPROXIMATE_FIXED_LAG,UNKNOWN,UNKNOWN,data\raw\isyatirim_cache\FROTO_2018_XI_29.json,satislar;ebitda;op_gelir;net_kar;cfo;fcf;ozkaynaklar;toplam_borc;net_borc;nakit;toplam_aktif,toplam_borc;net_borc;ebitda;ihracat_orani;piyasa_degeri;pb;roe;roa;ev;ev_ebitda;fcf_verim
FROTO.IS,2019Q1,2019-03-31,XI_29,isyatirim_pit,,,2026-09-07T22:36:57.795011044,,,2019-05-15,APPROXIMATE_FIXED_LAG,UNKNOWN,UNKNOWN,data\raw\isyatirim_cache\FROTO_2019_XI_29.json,satislar;ebitda;op_gelir;net_kar;cfo;fcf;ozkaynaklar;toplam_borc;net_borc;nakit;toplam_aktif,toplam_borc;net_borc;ebitda;ihracat_orani;piyasa_degeri;pb;roe;roa;ev;ev_ebitda;fcf_verim
FROTO.IS,2019Q2,2019-06-30,XI_29,isyatirim_pit,,,2026-09-07T22:36:57.795011044,,,2019-08-15,APPROXIMATE_FIXED_LAG,UNKNOWN,UNKNOWN,data\raw\isyatirim_cache\FROTO_2019_XI_29.json,satislar;ebitda;op_gelir;net_kar;cfo;fcf;ozkaynaklar;toplam_borc;net_borc;nakit;toplam_aktif,toplam_borc;net_borc;ebitda;ihracat_orani;piyasa_degeri;pb;roe;roa;ev;ev_ebitda;fcf_verim
FROTO.IS,2019Q3,2019-09-30,XI_29,isyatirim_pit,,,2026-09-07T22:36:57.795011044,,,2019-11-15,APPROXIMATE_FIXED_LAG,UNKNOWN,UNKNOWN,data\raw\isyatirim_cache\FROTO_2019_XI_29.json,satislar;ebitda;op_gelir;net_kar;cfo;fcf;ozkaynaklar;toplam_borc;net_borc;nakit;toplam_aktif,toplam_borc;net_borc;ebitda;ihracat_orani;piyasa_degeri;pb;roe;roa;ev;ev_ebitda;fcf_verim
FROTO.IS,2019Q4,2019-12-31,XI_29,isyatirim_pit,,,2026-09-07T22:36:57.795011044,,,2020-03-15,APPROXIMATE_FIXED_LAG,UNKNOWN,UNKNOWN,data\raw\isyatirim_cache\FROTO_2019_XI_29.json,satislar;ebitda;op_gelir;net_kar;cfo;fcf;ozkaynaklar;toplam_borc;net_borc;nakit;toplam_aktif,toplam_borc;net_borc;ebitda;ihracat_orani;piyasa_degeri;pb;roe;roa;ev;ev_ebitda;fcf_verim
FROTO.IS,2020Q1,2020-03-31,XI_29,isyatirim_pit,,,2026-09-07T22:36:57.941674232,,,2020-05-15,APPROXIMATE_FIXED_LAG,UNKNOWN,UNKNOWN,data\raw\isyatirim_cache\FROTO_2020_XI_29.json,satislar;ebitda;op_gelir;net_kar;cfo;fcf;ozkaynaklar;toplam_borc;net_borc;nakit;toplam_aktif,toplam_borc;net_borc;ebitda;ihracat_orani;piyasa_degeri;pb;roe;roa;ev;ev_ebitda;fcf_verim
FROTO.IS,2020Q2,2020-06-30,XI_29,isyatirim_pit,,,2026-09-07T22:36:57.941674232,,,2020-08-15,APPROXIMATE_FIXED_LAG,UNKNOWN,UNKNOWN,data\raw\isyatirim_cache\FROTO_2020_XI_29.json,satislar;ebitda;op_gelir;net_kar;cfo;fcf;ozkaynaklar;toplam_borc;net_borc;nakit;toplam_aktif,toplam_borc;net_borc;ebitda;ihracat_orani;piyasa_degeri;pb;roe;roa;ev;ev_ebitda;fcf_verim
FROTO.IS,2020Q3,2020-09-30,XI_29,isyatirim_pit,,,2026-09-07T22:36:57.941674232,,,2020-11-15,APPROXIMATE_FIXED_LAG,UNKNOWN,UNKNOWN,data\raw\isyatirim_cache\FROTO_2020_XI_29.json,satislar;ebitda;op_gelir;net_kar;cfo;fcf;ozkaynaklar;toplam_borc;net_borc;nakit;toplam_aktif,toplam_borc;net_borc;ebitda;ihracat_orani;piyasa_degeri;pb;roe;roa;ev;ev_ebitda;fcf_verim
FROTO.IS,2020Q4,2020-12-31,XI_29,isyatirim_pit,,,2026-09-07T22:36:57.941674232,,,2021-03-15,APPROXIMATE_FIXED_LAG,UNKNOWN,UNKNOWN,data\raw\isyatirim_cache\FROTO_2020_XI_29.json,satislar;ebitda;op_gelir;net_kar;cfo;fcf;ozkaynaklar;toplam_borc;net_borc;nakit;toplam_aktif,toplam_borc;net_borc;ebitda;ihracat_orani;piyasa_degeri;pb;roe;roa;ev;ev_ebitda;fcf_verim
FROTO.IS,2021Q1,2021-03-31,XI_29,isyatirim_pit,,,2026-09-07T22:36:58.074347496,,,2021-05-15,APPROXIMATE_FIXED_LAG,UNKNOWN,UNKNOWN,data\raw\isyatirim_cache\FROTO_2021_XI_29.json,satislar;ebitda;op_gelir;net_kar;cfo;fcf;ozkaynaklar;toplam_borc;net_borc;nakit;toplam_aktif,toplam_borc;net_borc;ebitda;ihracat_orani;piyasa_degeri;pb;roe;roa;ev;ev_ebitda;fcf_verim
FROTO.IS,2021Q2,2021-06-30,XI_29,isyatirim_pit,,,2026-09-07T22:36:58.074347496,,,2021-08-15,APPROXIMATE_FIXED_LAG,UNKNOWN,UNKNOWN,data\raw\isyatirim_cache\FROTO_2021_XI_29.json,satislar;ebitda;op_gelir;net_kar;cfo;fcf;ozkaynaklar;toplam_borc;net_borc;nakit;toplam_aktif,toplam_borc;net_borc;ebitda;ihracat_orani;piyasa_degeri;pb;roe;roa;ev;ev_ebitda;fcf_verim
FROTO.IS,2021Q3,2021-09-30,XI_29,isyatirim_pit,,,2026-09-07T22:36:58.074347496,,,2021-11-15,APPROXIMATE_FIXED_LAG,UNKNOWN,UNKNOWN,data\raw\isyatirim_cache\FROTO_2021_XI_29.json,satislar;ebitda;op_gelir;net_kar;cfo;fcf;ozkaynaklar;toplam_borc;net_borc;nakit;toplam_aktif,toplam_borc;net_borc;ebitda;ihracat_orani;piyasa_degeri;pb;roe;roa;ev;ev_ebitda;fcf_verim
FROTO.IS,2021Q4,2021-12-31,XI_29,isyatirim_pit,,,2026-09-07T22:36:58.074347496,,,2022-03-15,APPROXIMATE_FIXED_LAG,UNKNOWN,UNKNOWN,data\raw\isyatirim_cache\FROTO_2021_XI_29.json,satislar;ebitda;op_gelir;net_kar;cfo;fcf;ozkaynaklar;toplam_borc;net_borc;nakit;toplam_aktif,toplam_borc;net_borc;ebitda;ihracat_orani;piyasa_degeri;pb;roe;roa;ev;ev_ebitda;fcf_verim
FROTO.IS,2022Q1,2022-03-31,XI_29,isyatirim_pit,,,2026-09-07T22:36:58.267751455,,,2022-05-15,APPROXIMATE_FIXED_LAG,UNKNOWN,UNKNOWN,data\raw\isyatirim_cache\FROTO_2022_XI_29.json,satislar;ebitda;op_gelir;net_kar;cfo;fcf;ozkaynaklar;toplam_borc;net_borc;nakit;toplam_aktif,toplam_borc;net_borc;ebitda;ihracat_orani;piyasa_degeri;pb;roe;roa;ev;ev_ebitda;fcf_verim
FROTO.IS,2022Q2,2022-06-30,XI_29,isyatirim_pit,,,2026-09-07T22:36:58.267751455,,,2022-08-15,APPROXIMATE_FIXED_LAG,UNKNOWN,UNKNOWN,data\raw\isyatirim_cache\FROTO_2022_XI_29.json,satislar;ebitda;op_gelir;net_kar;cfo;fcf;ozkaynaklar;toplam_borc;net_borc;nakit;toplam_aktif,toplam_borc;net_borc;ebitda;ihracat_orani;piyasa_degeri;pb;roe;roa;ev;ev_ebitda;fcf_verim
FROTO.IS,2022Q3,2022-09-30,XI_29,isyatirim_pit,,,2026-09-07T22:36:58.267751455,,,2022-11-15,APPROXIMATE_FIXED_LAG,UNKNOWN,UNKNOWN,data\raw\isyatirim_cache\FROTO_2022_XI_29.json,satislar;ebitda;op_gelir;net_kar;cfo;fcf;ozkaynaklar;toplam_borc;net_borc;nakit;toplam_aktif,toplam_borc;net_borc;ebitda;ihracat_orani;piyasa_degeri;pb;roe;roa;ev;ev_ebitda;fcf_verim
FROTO.IS,2022Q4,2022-12-31,XI_29,isyatirim_pit,,,2026-09-07T22:36:58.267751455,,,2023-03-15,APPROXIMATE_FIXED_LAG,UNKNOWN,UNKNOWN,data\raw\isyatirim_cache\FROTO_2022_XI_29.json,satislar;ebitda;op_gelir;net_kar;cfo;fcf;ozkaynaklar;toplam_borc;net_borc;nakit;toplam_aktif,toplam_borc;net_borc;ebitda;ihracat_orani;piyasa_degeri;pb;roe;roa;ev;ev_ebitda;fcf_verim
FROTO.IS,2023Q1,2023-03-31,XI_29,isyatirim_pit,,,2026-09-07T22:36:58.422101974,,,2023-05-15,APPROXIMATE_FIXED_LAG,UNKNOWN,UNKNOWN,data\raw\isyatirim_cache\FROTO_2023_XI_29.json,satislar;ebitda;op_gelir;net_kar;cfo;fcf;ozkaynaklar;toplam_borc;net_borc;nakit;toplam_aktif,toplam_borc;net_borc;ebitda;ihracat_orani;piyasa_degeri;pb;roe;roa;ev;ev_ebitda;fcf_verim
FROTO.IS,2023Q2,2023-06-30,XI_29,isyatirim_pit,,,2026-09-07T22:36:58.422101974,,,2023-08-15,APPROXIMATE_FIXED_LAG,UNKNOWN,UNKNOWN,data\raw\isyatirim_cache\FROTO_2023_XI_29.json,satislar;ebitda;op_gelir;net_kar;cfo;fcf;ozkaynaklar;toplam_borc;net_borc;nakit;toplam_aktif,toplam_borc;net_borc;ebitda;ihracat_orani;piyasa_degeri;pb;roe;roa;ev;ev_ebitda;fcf_verim
FROTO.IS,2023Q3,2023-09-30,XI_29,isyatirim_pit,,,2026-09-07T22:36:58.422101974,,,2023-11-15,APPROXIMATE_FIXED_LAG,UNKNOWN,UNKNOWN,data\raw\isyatirim_cache\FROTO_2023_XI_29.json,satislar;ebitda;op_gelir;net_kar;cfo;fcf;ozkaynaklar;toplam_borc;net_borc;nakit;toplam_aktif,toplam_borc;net_borc;ebitda;ihracat_orani;piyasa_degeri;pb;roe;roa;ev;ev_ebitda;fcf_verim
FROTO.IS,2023Q4,2023-12-31,XI_29,isyatirim_pit,,,2026-09-07T22:36:58.422101974,,,2024-03-15,APPROXIMATE_FIXED_LAG,UNKNOWN,UNKNOWN,data\raw\isyatirim_cache\FROTO_2023_XI_29.json,satislar;ebitda;op_gelir;net_kar;cfo;fcf;ozkaynaklar;toplam_borc;net_borc;nakit;toplam_aktif,toplam_borc;net_borc;ebitda;ihracat_orani;piyasa_degeri;pb;roe;roa;ev;ev_ebitda;fcf_verim
FROTO.IS,2024Q1,2024-03-31,XI_29,isyatirim_pit,,,2026-09-07T22:36:58.513495206,,,2024-05-15,APPROXIMATE_FIXED_LAG,UNKNOWN,UNKNOWN,data\raw\isyatirim_cache\FROTO_2024_XI_29.json,satislar;ebitda;op_gelir;net_kar;cfo;fcf;ozkaynaklar;toplam_borc;net_borc;nakit;toplam_aktif,toplam_borc;net_borc;ebitda;ihracat_orani;piyasa_degeri;pb;roe;roa;ev;ev_ebitda;fcf_verim
FROTO.IS,2024Q2,2024-06-30,XI_29,isyatirim_pit,,,2026-09-07T22:36:58.513495206,,,2024-08-15,APPROXIMATE_FIXED_LAG,UNKNOWN,UNKNOWN,data\raw\isyatirim_cache\FROTO_2024_XI_29.json,satislar;ebitda;op_gelir;net_kar;cfo;fcf;ozkaynaklar;toplam_borc;net_borc;nakit;toplam_aktif,toplam_borc;net_borc;ebitda;ihracat_orani;piyasa_degeri;pb;roe;roa;ev;ev_ebitda;fcf_verim
FROTO.IS,2024Q3,2024-09-30,XI_29,isyatirim_pit,,,2026-09-07T22:36:58.513495206,,,2024-11-15,APPROXIMATE_FIXED_LAG,UNKNOWN,UNKNOWN,data\raw\isyatirim_cache\FROTO_2024_XI_29.json,satislar;ebitda;op_gelir;net_kar;cfo;fcf;ozkaynaklar;toplam_borc;net_borc;nakit;toplam_aktif,toplam_borc;net_borc;ebitda;ihracat_orani;piyasa_degeri;pb;roe;roa;ev;ev_ebitda;fcf_verim
FROTO.IS,2024Q4,2024-12-31,XI_29,isyatirim_pit,,,2026-09-07T22:36:58.513495206,,,2025-03-15,APPROXIMATE_FIXED_LAG,UNKNOWN,UNKNOWN,data\raw\isyatirim_cache\FROTO_2024_XI_29.json,satislar;ebitda;op_gelir;net_kar;cfo;fcf;ozkaynaklar;toplam_borc;net_borc;nakit;toplam_aktif,toplam_borc;net_borc;ebitda;ihracat_orani;piyasa_degeri;pb;roe;roa;ev;ev_ebitda;fcf_verim
FROTO.IS,2025Q1,2025-03-31,XI_29,isyatirim_pit,,,2026-09-07T22:36:58.673729181,,,2025-05-15,APPROXIMATE_FIXED_LAG,UNKNOWN,UNKNOWN,data\raw\isyatirim_cache\FROTO_2025_XI_29.json,satislar;ebitda;op_gelir;net_kar;cfo;fcf;ozkaynaklar;toplam_borc;net_borc;nakit;toplam_aktif,toplam_borc;net_borc;ebitda;ihracat_orani;piyasa_degeri;pb;roe;roa;ev;ev_ebitda;fcf_verim
FROTO.IS,2025Q2,2025-06-30,XI_29,isyatirim_pit,,,2026-09-07T22:36:58.673729181,,,2025-08-15,APPROXIMATE_FIXED_LAG,UNKNOWN,UNKNOWN,data\raw\isyatirim_cache\FROTO_2025_XI_29.json,satislar;ebitda;op_gelir;net_kar;cfo;fcf;ozkaynaklar;toplam_borc;net_borc;nakit;toplam_aktif,toplam_borc;net_borc;ebitda;ihracat_orani;piyasa_degeri;pb;roe;roa;ev;ev_ebitda;fcf_verim
FROTO.IS,2025Q3,2025-09-30,XI_29,isyatirim_pit,,,2026-09-07T22:36:58.673729181,,,2025-11-15,APPROXIMATE_FIXED_LAG,UNKNOWN,UNKNOWN,data\raw\isyatirim_cache\FROTO_2025_XI_29.json,satislar;ebitda;op_gelir;net_kar;cfo;fcf;ozkaynaklar;toplam_borc;net_borc;nakit;toplam_aktif,toplam_borc;net_borc;ebitda;ihracat_orani;piyasa_degeri;pb;roe;roa;ev;ev_ebitda;fcf_verim
FROTO.IS,2025Q4,2025-12-31,XI_29,isyatirim_pit,,,2026-09-07T22:36:58.673729181,,,2026-03-15,APPROXIMATE_FIXED_LAG,UNKNOWN,UNKNOWN,data\raw\isyatirim_cache\FROTO_2025_XI_29.json,satislar;ebitda;op_gelir;net_kar;cfo;fcf;ozkaynaklar;toplam_borc;net_borc;nakit;toplam_aktif,toplam_borc;net_borc;ebitda;ihracat_orani;piyasa_degeri;pb;roe;roa;ev;ev_ebitda;fcf_verim
FROTO.IS,2026Q1,2026-03-31,XI_29,isyatirim_pit,,,2026-09-07T22:36:58.799144268,,,2026-05-15,APPROXIMATE_FIXED_LAG,UNKNOWN,UNKNOWN,data\raw\isyatirim_cache\FROTO_2026_XI_29.json,satislar;ebitda;op_gelir;net_kar;cfo;fcf;ozkaynaklar;toplam_borc;net_borc;nakit;toplam_aktif,toplam_borc;net_borc;ebitda;ihracat_orani;piyasa_degeri;pb;roe;roa;ev;ev_ebitda;fcf_verim
FROTO.IS,2026Q2,2026-06-30,XI_29,isyatirim_pit,,,2026-09-07T22:36:58.799144268,,,2026-08-15,APPROXIMATE_FIXED_LAG,UNKNOWN,UNKNOWN,data\raw\isyatirim_cache\FROTO_2026_XI_29.json,satislar;ebitda;op_gelir;net_kar;cfo;fcf;ozkaynaklar;toplam_borc;net_borc;nakit;toplam_aktif,toplam_borc;net_borc;ebitda;ihracat_orani;piyasa_degeri;pb;roe;roa;ev;ev_ebitda;fcf_verim
GARAN.IS,2018Q1,2018-03-31,UFRS,isyatirim_bank_pit,,,2026-09-07T22:36:55.853936672,,,2018-05-15,APPROXIMATE_FIXED_LAG,UNKNOWN,UNKNOWN,data\raw\isyatirim_cache\GARAN_2018_UFRS.json,satislar;ebitda;op_gelir;net_kar;cfo;fcf;ozkaynaklar;toplam_borc;net_borc;nakit;toplam_aktif,toplam_borc;net_borc;ebitda;ihracat_orani;piyasa_degeri;pb;roe;roa;ev;ev_ebitda;fcf_verim
GARAN.IS,2018Q2,2018-06-30,UFRS,isyatirim_bank_pit,,,2026-09-07T22:36:55.853936672,,,2018-08-15,APPROXIMATE_FIXED_LAG,UNKNOWN,UNKNOWN,data\raw\isyatirim_cache\GARAN_2018_UFRS.json,satislar;ebitda;op_gelir;net_kar;cfo;fcf;ozkaynaklar;toplam_borc;net_borc;nakit;toplam_aktif,toplam_borc;net_borc;ebitda;ihracat_orani;piyasa_degeri;pb;roe;roa;ev;ev_ebitda;fcf_verim
GARAN.IS,2018Q3,2018-09-30,UFRS,isyatirim_bank_pit,,,2026-09-07T22:36:55.853936672,,,2018-11-15,APPROXIMATE_FIXED_LAG,UNKNOWN,UNKNOWN,data\raw\isyatirim_cache\GARAN_2018_UFRS.json,satislar;ebitda;op_gelir;net_kar;cfo;fcf;ozkaynaklar;toplam_borc;net_borc;nakit;toplam_aktif,toplam_borc;net_borc;ebitda;ihracat_orani;piyasa_degeri;pb;roe;roa;ev;ev_ebitda;fcf_verim
GARAN.IS,2018Q4,2018-12-31,UFRS,isyatirim_bank_pit,,,2026-09-07T22:36:55.853936672,,,2019-03-15,APPROXIMATE_FIXED_LAG,UNKNOWN,UNKNOWN,data\raw\isyatirim_cache\GARAN_2018_UFRS.json,satislar;ebitda;op_gelir;net_kar;cfo;fcf;ozkaynaklar;toplam_borc;net_borc;nakit;toplam_aktif,toplam_borc;net_borc;ebitda;ihracat_orani;piyasa_degeri;pb;roe;roa;ev;ev_ebitda;fcf_verim
GARAN.IS,2019Q1,2019-03-31,UFRS,isyatirim_bank_pit,,,2026-09-07T22:36:55.994419813,,,2019-05-15,APPROXIMATE_FIXED_LAG,UNKNOWN,UNKNOWN,data\raw\isyatirim_cache\GARAN_2019_UFRS.json,satislar;ebitda;op_gelir;net_kar;cfo;fcf;ozkaynaklar;toplam_borc;net_borc;nakit;toplam_aktif,toplam_borc;net_borc;ebitda;ihracat_orani;piyasa_degeri;pb;roe;roa;ev;ev_ebitda;fcf_verim
GARAN.IS,2019Q2,2019-06-30,UFRS,isyatirim_bank_pit,,,2026-09-07T22:36:55.994419813,,,2019-08-15,APPROXIMATE_FIXED_LAG,UNKNOWN,UNKNOWN,data\raw\isyatirim_cache\GARAN_2019_UFRS.json,satislar;ebitda;op_gelir;net_kar;cfo;fcf;ozkaynaklar;toplam_borc;net_borc;nakit;toplam_aktif,toplam_borc;net_borc;ebitda;ihracat_orani;piyasa_degeri;pb;roe;roa;ev;ev_ebitda;fcf_verim
GARAN.IS,2019Q3,2019-09-30,UFRS,isyatirim_bank_pit,,,2026-09-07T22:36:55.994419813,,,2019-11-15,APPROXIMATE_FIXED_LAG,UNKNOWN,UNKNOWN,data\raw\isyatirim_cache\GARAN_2019_UFRS.json,satislar;ebitda;op_gelir;net_kar;cfo;fcf;ozkaynaklar;toplam_borc;net_borc;nakit;toplam_aktif,toplam_borc;net_borc;ebitda;ihracat_orani;piyasa_degeri;pb;roe;roa;ev;ev_ebitda;fcf_verim
GARAN.IS,2019Q4,2019-12-31,UFRS,isyatirim_bank_pit,,,2026-09-07T22:36:55.994419813,,,2020-03-15,APPROXIMATE_FIXED_LAG,UNKNOWN,UNKNOWN,data\raw\isyatirim_cache\GARAN_2019_UFRS.json,satislar;ebitda;op_gelir;net_kar;cfo;fcf;ozkaynaklar;toplam_borc;net_borc;nakit;toplam_aktif,toplam_borc;net_borc;ebitda;ihracat_orani;piyasa_degeri;pb;roe;roa;ev;ev_ebitda;fcf_verim
GARAN.IS,2020Q1,2020-03-31,UFRS,isyatirim_bank_pit,,,2026-09-07T22:36:56.155790329,,,2020-05-15,APPROXIMATE_FIXED_LAG,UNKNOWN,UNKNOWN,data\raw\isyatirim_cache\GARAN_2020_UFRS.json,satislar;ebitda;op_gelir;net_kar;cfo;fcf;ozkaynaklar;toplam_borc;net_borc;nakit;toplam_aktif,toplam_borc;net_borc;ebitda;ihracat_orani;piyasa_degeri;pb;roe;roa;ev;ev_ebitda;fcf_verim
GARAN.IS,2020Q2,2020-06-30,UFRS,isyatirim_bank_pit,,,2026-09-07T22:36:56.155790329,,,2020-08-15,APPROXIMATE_FIXED_LAG,UNKNOWN,UNKNOWN,data\raw\isyatirim_cache\GARAN_2020_UFRS.json,satislar;ebitda;op_gelir;net_kar;cfo;fcf;ozkaynaklar;toplam_borc;net_borc;nakit;toplam_aktif,toplam_borc;net_borc;ebitda;ihracat_orani;piyasa_degeri;pb;roe;roa;ev;ev_ebitda;fcf_verim
GARAN.IS,2020Q3,2020-09-30,UFRS,isyatirim_bank_pit,,,2026-09-07T22:36:56.155790329,,,2020-11-15,APPROXIMATE_FIXED_LAG,UNKNOWN,UNKNOWN,data\raw\isyatirim_cache\GARAN_2020_UFRS.json,satislar;ebitda;op_gelir;net_kar;cfo;fcf;ozkaynaklar;toplam_borc;net_borc;nakit;toplam_aktif,toplam_borc;net_borc;ebitda;ihracat_orani;piyasa_degeri;pb;roe;roa;ev;ev_ebitda;fcf_verim
GARAN.IS,2020Q4,2020-12-31,UFRS,isyatirim_bank_pit,,,2026-09-07T22:36:56.155790329,,,2021-03-15,APPROXIMATE_FIXED_LAG,UNKNOWN,UNKNOWN,data\raw\isyatirim_cache\GARAN_2020_UFRS.json,satislar;ebitda;op_gelir;net_kar;cfo;fcf;ozkaynaklar;toplam_borc;net_borc;nakit;toplam_aktif,toplam_borc;net_borc;ebitda;ihracat_orani;piyasa_degeri;pb;roe;roa;ev;ev_ebitda;fcf_verim
GARAN.IS,2021Q1,2021-03-31,UFRS,isyatirim_bank_pit,,,2026-09-07T22:36:56.296460867,,,2021-05-15,APPROXIMATE_FIXED_LAG,UNKNOWN,UNKNOWN,data\raw\isyatirim_cache\GARAN_2021_UFRS.json,satislar;ebitda;op_gelir;net_kar;cfo;fcf;ozkaynaklar;toplam_borc;net_borc;nakit;toplam_aktif,toplam_borc;net_borc;ebitda;ihracat_orani;piyasa_degeri;pb;roe;roa;ev;ev_ebitda;fcf_verim
GARAN.IS,2021Q2,2021-06-30,UFRS,isyatirim_bank_pit,,,2026-09-07T22:36:56.296460867,,,2021-08-15,APPROXIMATE_FIXED_LAG,UNKNOWN,UNKNOWN,data\raw\isyatirim_cache\GARAN_2021_UFRS.json,satislar;ebitda;op_gelir;net_kar;cfo;fcf;ozkaynaklar;toplam_borc;net_borc;nakit;toplam_aktif,toplam_borc;net_borc;ebitda;ihracat_orani;piyasa_degeri;pb;roe;roa;ev;ev_ebitda;fcf_verim
GARAN.IS,2021Q3,2021-09-30,UFRS,isyatirim_bank_pit,,,2026-09-07T22:36:56.296460867,,,2021-11-15,APPROXIMATE_FIXED_LAG,UNKNOWN,UNKNOWN,data\raw\isyatirim_cache\GARAN_2021_UFRS.json,satislar;ebitda;op_gelir;net_kar;cfo;fcf;ozkaynaklar;toplam_borc;net_borc;nakit;toplam_aktif,toplam_borc;net_borc;ebitda;ihracat_orani;piyasa_degeri;pb;roe;roa;ev;ev_ebitda;fcf_verim
GARAN.IS,2021Q4,2021-12-31,UFRS,isyatirim_bank_pit,,,2026-09-07T22:36:56.296460867,,,2022-03-15,APPROXIMATE_FIXED_LAG,UNKNOWN,UNKNOWN,data\raw\isyatirim_cache\GARAN_2021_UFRS.json,satislar;ebitda;op_gelir;net_kar;cfo;fcf;ozkaynaklar;toplam_borc;net_borc;nakit;toplam_aktif,toplam_borc;net_borc;ebitda;ihracat_orani;piyasa_degeri;pb;roe;roa;ev;ev_ebitda;fcf_verim
GARAN.IS,2022Q1,2022-03-31,UFRS,isyatirim_bank_pit,,,2026-09-07T22:36:56.468345881,,,2022-05-15,APPROXIMATE_FIXED_LAG,UNKNOWN,UNKNOWN,data\raw\isyatirim_cache\GARAN_2022_UFRS.json,satislar;ebitda;op_gelir;net_kar;cfo;fcf;ozkaynaklar;toplam_borc;net_borc;nakit;toplam_aktif,toplam_borc;net_borc;ebitda;ihracat_orani;piyasa_degeri;pb;roe;roa;ev;ev_ebitda;fcf_verim
GARAN.IS,2022Q2,2022-06-30,UFRS,isyatirim_bank_pit,,,2026-09-07T22:36:56.468345881,,,2022-08-15,APPROXIMATE_FIXED_LAG,UNKNOWN,UNKNOWN,data\raw\isyatirim_cache\GARAN_2022_UFRS.json,satislar;ebitda;op_gelir;net_kar;cfo;fcf;ozkaynaklar;toplam_borc;net_borc;nakit;toplam_aktif,toplam_borc;net_borc;ebitda;ihracat_orani;piyasa_degeri;pb;roe;roa;ev;ev_ebitda;fcf_verim
GARAN.IS,2022Q3,2022-09-30,UFRS,isyatirim_bank_pit,,,2026-09-07T22:36:56.468345881,,,2022-11-15,APPROXIMATE_FIXED_LAG,UNKNOWN,UNKNOWN,data\raw\isyatirim_cache\GARAN_2022_UFRS.json,satislar;ebitda;op_gelir;net_kar;cfo;fcf;ozkaynaklar;toplam_borc;net_borc;nakit;toplam_aktif,toplam_borc;net_borc;ebitda;ihracat_orani;piyasa_degeri;pb;roe;roa;ev;ev_ebitda;fcf_verim
GARAN.IS,2022Q4,2022-12-31,UFRS,isyatirim_bank_pit,,,2026-09-07T22:36:56.468345881,,,2023-03-15,APPROXIMATE_FIXED_LAG,UNKNOWN,UNKNOWN,data\raw\isyatirim_cache\GARAN_2022_UFRS.json,satislar;ebitda;op_gelir;net_kar;cfo;fcf;ozkaynaklar;toplam_borc;net_borc;nakit;toplam_aktif,toplam_borc;net_borc;ebitda;ihracat_orani;piyasa_degeri;pb;roe;roa;ev;ev_ebitda;fcf_verim
GARAN.IS,2023Q1,2023-03-31,UFRS,isyatirim_bank_pit,,,2026-09-07T22:36:56.609516382,,,2023-05-15,APPROXIMATE_FIXED_LAG,UNKNOWN,UNKNOWN,data\raw\isyatirim_cache\GARAN_2023_UFRS.json,satislar;ebitda;op_gelir;net_kar;cfo;fcf;ozkaynaklar;toplam_borc;net_borc;nakit;toplam_aktif,toplam_borc;net_borc;ebitda;ihracat_orani;piyasa_degeri;pb;roe;roa;ev;ev_ebitda;fcf_verim
GARAN.IS,2023Q2,2023-06-30,UFRS,isyatirim_bank_pit,,,2026-09-07T22:36:56.609516382,,,2023-08-15,APPROXIMATE_FIXED_LAG,UNKNOWN,UNKNOWN,data\raw\isyatirim_cache\GARAN_2023_UFRS.json,satislar;ebitda;op_gelir;net_kar;cfo;fcf;ozkaynaklar;toplam_borc;net_borc;nakit;toplam_aktif,toplam_borc;net_borc;ebitda;ihracat_orani;piyasa_degeri;pb;roe;roa;ev;ev_ebitda;fcf_verim
GARAN.IS,2023Q3,2023-09-30,UFRS,isyatirim_bank_pit,,,2026-09-07T22:36:56.609516382,,,2023-11-15,APPROXIMATE_FIXED_LAG,UNKNOWN,UNKNOWN,data\raw\isyatirim_cache\GARAN_2023_UFRS.json,satislar;ebitda;op_gelir;net_kar;cfo;fcf;ozkaynaklar;toplam_borc;net_borc;nakit;toplam_aktif,toplam_borc;net_borc;ebitda;ihracat_orani;piyasa_degeri;pb;roe;roa;ev;ev_ebitda;fcf_verim
GARAN.IS,2023Q4,2023-12-31,UFRS,isyatirim_bank_pit,,,2026-09-07T22:36:56.609516382,,,2024-03-15,APPROXIMATE_FIXED_LAG,UNKNOWN,UNKNOWN,data\raw\isyatirim_cache\GARAN_2023_UFRS.json,satislar;ebitda;op_gelir;net_kar;cfo;fcf;ozkaynaklar;toplam_borc;net_borc;nakit;toplam_aktif,toplam_borc;net_borc;ebitda;ihracat_orani;piyasa_degeri;pb;roe;roa;ev;ev_ebitda;fcf_verim
GARAN.IS,2024Q1,2024-03-31,UFRS,isyatirim_bank_pit,,,2026-09-07T22:36:56.714318514,,,2024-05-15,APPROXIMATE_FIXED_LAG,UNKNOWN,UNKNOWN,data\raw\isyatirim_cache\GARAN_2024_UFRS.json,satislar;ebitda;op_gelir;net_kar;cfo;fcf;ozkaynaklar;toplam_borc;net_borc;nakit;toplam_aktif,toplam_borc;net_borc;ebitda;ihracat_orani;piyasa_degeri;pb;roe;roa;ev;ev_ebitda;fcf_verim
GARAN.IS,2024Q2,2024-06-30,UFRS,isyatirim_bank_pit,,,2026-09-07T22:36:56.714318514,,,2024-08-15,APPROXIMATE_FIXED_LAG,UNKNOWN,UNKNOWN,data\raw\isyatirim_cache\GARAN_2024_UFRS.json,satislar;ebitda;op_gelir;net_kar;cfo;fcf;ozkaynaklar;toplam_borc;net_borc;nakit;toplam_aktif,toplam_borc;net_borc;ebitda;ihracat_orani;piyasa_degeri;pb;roe;roa;ev;ev_ebitda;fcf_verim
GARAN.IS,2024Q3,2024-09-30,UFRS,isyatirim_bank_pit,,,2026-09-07T22:36:56.714318514,,,2024-11-15,APPROXIMATE_FIXED_LAG,UNKNOWN,UNKNOWN,data\raw\isyatirim_cache\GARAN_2024_UFRS.json,satislar;ebitda;op_gelir;net_kar;cfo;fcf;ozkaynaklar;toplam_borc;net_borc;nakit;toplam_aktif,toplam_borc;net_borc;ebitda;ihracat_orani;piyasa_degeri;pb;roe;roa;ev;ev_ebitda;fcf_verim
GARAN.IS,2024Q4,2024-12-31,UFRS,isyatirim_bank_pit,,,2026-09-07T22:36:56.714318514,,,2025-03-15,APPROXIMATE_FIXED_LAG,UNKNOWN,UNKNOWN,data\raw\isyatirim_cache\GARAN_2024_UFRS.json,satislar;ebitda;op_gelir;net_kar;cfo;fcf;ozkaynaklar;toplam_borc;net_borc;nakit;toplam_aktif,toplam_borc;net_borc;ebitda;ihracat_orani;piyasa_degeri;pb;roe;roa;ev;ev_ebitda;fcf_verim
GARAN.IS,2025Q1,2025-03-31,UFRS,isyatirim_bank_pit,,,2026-09-07T22:36:56.855442524,,,2025-05-15,APPROXIMATE_FIXED_LAG,UNKNOWN,UNKNOWN,data\raw\isyatirim_cache\GARAN_2025_UFRS.json,satislar;ebitda;op_gelir;net_kar;cfo;fcf;ozkaynaklar;toplam_borc;net_borc;nakit;toplam_aktif,toplam_borc;net_borc;ebitda;ihracat_orani;piyasa_degeri;pb;roe;roa;ev;ev_ebitda;fcf_verim
GARAN.IS,2025Q2,2025-06-30,UFRS,isyatirim_bank_pit,,,2026-09-07T22:36:56.855442524,,,2025-08-15,APPROXIMATE_FIXED_LAG,UNKNOWN,UNKNOWN,data\raw\isyatirim_cache\GARAN_2025_UFRS.json,satislar;ebitda;op_gelir;net_kar;cfo;fcf;ozkaynaklar;toplam_borc;net_borc;nakit;toplam_aktif,toplam_borc;net_borc;ebitda;ihracat_orani;piyasa_degeri;pb;roe;roa;ev;ev_ebitda;fcf_verim
GARAN.IS,2025Q3,2025-09-30,UFRS,isyatirim_bank_pit,,,2026-09-07T22:36:56.855442524,,,2025-11-15,APPROXIMATE_FIXED_LAG,UNKNOWN,UNKNOWN,data\raw\isyatirim_cache\GARAN_2025_UFRS.json,satislar;ebitda;op_gelir;net_kar;cfo;fcf;ozkaynaklar;toplam_borc;net_borc;nakit;toplam_aktif,toplam_borc;net_borc;ebitda;ihracat_orani;piyasa_degeri;pb;roe;roa;ev;ev_ebitda;fcf_verim
GARAN.IS,2025Q4,2025-12-31,UFRS,isyatirim_bank_pit,,,2026-09-07T22:36:56.855442524,,,2026-03-15,APPROXIMATE_FIXED_LAG,UNKNOWN,UNKNOWN,data\raw\isyatirim_cache\GARAN_2025_UFRS.json,satislar;ebitda;op_gelir;net_kar;cfo;fcf;ozkaynaklar;toplam_borc;net_borc;nakit;toplam_aktif,toplam_borc;net_borc;ebitda;ihracat_orani;piyasa_degeri;pb;roe;roa;ev;ev_ebitda;fcf_verim
GARAN.IS,2026Q1,2026-03-31,UFRS,isyatirim_bank_pit,,,2026-09-07T22:36:56.992057800,,,2026-05-15,APPROXIMATE_FIXED_LAG,UNKNOWN,UNKNOWN,data\raw\isyatirim_cache\GARAN_2026_UFRS.json,satislar;ebitda;op_gelir;net_kar;cfo;fcf;ozkaynaklar;toplam_borc;net_borc;nakit;toplam_aktif,toplam_borc;net_borc;ebitda;ihracat_orani;piyasa_degeri;pb;roe;roa;ev;ev_ebitda;fcf_verim
GARAN.IS,2026Q2,2026-06-30,UFRS,isyatirim_bank_pit,,,2026-09-07T22:36:56.992057800,,,2026-08-15,APPROXIMATE_FIXED_LAG,UNKNOWN,UNKNOWN,data\raw\isyatirim_cache\GARAN_2026_UFRS.json,satislar;ebitda;op_gelir;net_kar;cfo;fcf;ozkaynaklar;toplam_borc;net_borc;nakit;toplam_aktif,toplam_borc;net_borc;ebitda;ihracat_orani;piyasa_degeri;pb;roe;roa;ev;ev_ebitda;fcf_verim
GENTS.IS,2018Q1,2018-03-31,XI_29,isyatirim_pit,,,2026-09-07T22:37:33.263652802,,,2018-05-15,APPROXIMATE_FIXED_LAG,UNKNOWN,UNKNOWN,data\raw\isyatirim_cache\GENTS_2018_XI_29.json,satislar;ebitda;op_gelir;net_kar;cfo;fcf;ozkaynaklar;toplam_borc;net_borc;nakit;toplam_aktif,toplam_borc;net_borc;ebitda;ihracat_orani;piyasa_degeri;pb;roe;roa;ev;ev_ebitda;fcf_verim
GENTS.IS,2018Q2,2018-06-30,XI_29,isyatirim_pit,,,2026-09-07T22:37:33.263652802,,,2018-08-15,APPROXIMATE_FIXED_LAG,UNKNOWN,UNKNOWN,data\raw\isyatirim_cache\GENTS_2018_XI_29.json,satislar;ebitda;op_gelir;net_kar;cfo;fcf;ozkaynaklar;toplam_borc;net_borc;nakit;toplam_aktif,toplam_borc;net_borc;ebitda;ihracat_orani;piyasa_degeri;pb;roe;roa;ev;ev_ebitda;fcf_verim
GENTS.IS,2018Q3,2018-09-30,XI_29,isyatirim_pit,,,2026-09-07T22:37:33.263652802,,,2018-11-15,APPROXIMATE_FIXED_LAG,UNKNOWN,UNKNOWN,data\raw\isyatirim_cache\GENTS_2018_XI_29.json,satislar;ebitda;op_gelir;net_kar;cfo;fcf;ozkaynaklar;toplam_borc;net_borc;nakit;toplam_aktif,toplam_borc;net_borc;ebitda;ihracat_orani;piyasa_degeri;pb;roe;roa;ev;ev_ebitda;fcf_verim
GENTS.IS,2018Q4,2018-12-31,XI_29,isyatirim_pit,,,2026-09-07T22:37:33.263652802,,,2019-03-15,APPROXIMATE_FIXED_LAG,UNKNOWN,UNKNOWN,data\raw\isyatirim_cache\GENTS_2018_XI_29.json,satislar;ebitda;op_gelir;net_kar;cfo;fcf;ozkaynaklar;toplam_borc;net_borc;nakit;toplam_aktif,toplam_borc;net_borc;ebitda;ihracat_orani;piyasa_degeri;pb;roe;roa;ev;ev_ebitda;fcf_verim
GENTS.IS,2019Q1,2019-03-31,XI_29,isyatirim_pit,,,2026-09-07T22:37:33.404541016,,,2019-05-15,APPROXIMATE_FIXED_LAG,UNKNOWN,UNKNOWN,data\raw\isyatirim_cache\GENTS_2019_XI_29.json,satislar;ebitda;op_gelir;net_kar;cfo;fcf;ozkaynaklar;toplam_borc;net_borc;nakit;toplam_aktif,toplam_borc;net_borc;ebitda;ihracat_orani;piyasa_degeri;pb;roe;roa;ev;ev_ebitda;fcf_verim
GENTS.IS,2019Q2,2019-06-30,XI_29,isyatirim_pit,,,2026-09-07T22:37:33.404541016,,,2019-08-15,APPROXIMATE_FIXED_LAG,UNKNOWN,UNKNOWN,data\raw\isyatirim_cache\GENTS_2019_XI_29.json,satislar;ebitda;op_gelir;net_kar;cfo;fcf;ozkaynaklar;toplam_borc;net_borc;nakit;toplam_aktif,toplam_borc;net_borc;ebitda;ihracat_orani;piyasa_degeri;pb;roe;roa;ev;ev_ebitda;fcf_verim
GENTS.IS,2019Q3,2019-09-30,XI_29,isyatirim_pit,,,2026-09-07T22:37:33.404541016,,,2019-11-15,APPROXIMATE_FIXED_LAG,UNKNOWN,UNKNOWN,data\raw\isyatirim_cache\GENTS_2019_XI_29.json,satislar;ebitda;op_gelir;net_kar;cfo;fcf;ozkaynaklar;toplam_borc;net_borc;nakit;toplam_aktif,toplam_borc;net_borc;ebitda;ihracat_orani;piyasa_degeri;pb;roe;roa;ev;ev_ebitda;fcf_verim
GENTS.IS,2019Q4,2019-12-31,XI_29,isyatirim_pit,,,2026-09-07T22:37:33.404541016,,,2020-03-15,APPROXIMATE_FIXED_LAG,UNKNOWN,UNKNOWN,data\raw\isyatirim_cache\GENTS_2019_XI_29.json,satislar;ebitda;op_gelir;net_kar;cfo;fcf;ozkaynaklar;toplam_borc;net_borc;nakit;toplam_aktif,toplam_borc;net_borc;ebitda;ihracat_orani;piyasa_degeri;pb;roe;roa;ev;ev_ebitda;fcf_verim
GENTS.IS,2020Q1,2020-03-31,XI_29,isyatirim_pit,,,2026-09-07T22:37:33.579408169,,,2020-05-15,APPROXIMATE_FIXED_LAG,UNKNOWN,UNKNOWN,data\raw\isyatirim_cache\GENTS_2020_XI_29.json,satislar;ebitda;op_gelir;net_kar;cfo;fcf;ozkaynaklar;toplam_borc;net_borc;nakit;toplam_aktif,toplam_borc;net_borc;ebitda;ihracat_orani;piyasa_degeri;pb;roe;roa;ev;ev_ebitda;fcf_verim
GENTS.IS,2020Q2,2020-06-30,XI_29,isyatirim_pit,,,2026-09-07T22:37:33.579408169,,,2020-08-15,APPROXIMATE_FIXED_LAG,UNKNOWN,UNKNOWN,data\raw\isyatirim_cache\GENTS_2020_XI_29.json,satislar;ebitda;op_gelir;net_kar;cfo;fcf;ozkaynaklar;toplam_borc;net_borc;nakit;toplam_aktif,toplam_borc;net_borc;ebitda;ihracat_orani;piyasa_degeri;pb;roe;roa;ev;ev_ebitda;fcf_verim
GENTS.IS,2020Q3,2020-09-30,XI_29,isyatirim_pit,,,2026-09-07T22:37:33.579408169,,,2020-11-15,APPROXIMATE_FIXED_LAG,UNKNOWN,UNKNOWN,data\raw\isyatirim_cache\GENTS_2020_XI_29.json,satislar;ebitda;op_gelir;net_kar;cfo;fcf;ozkaynaklar;toplam_borc;net_borc;nakit;toplam_aktif,toplam_borc;net_borc;ebitda;ihracat_orani;piyasa_degeri;pb;roe;roa;ev;ev_ebitda;fcf_verim
GENTS.IS,2020Q4,2020-12-31,XI_29,isyatirim_pit,,,2026-09-07T22:37:33.579408169,,,2021-03-15,APPROXIMATE_FIXED_LAG,UNKNOWN,UNKNOWN,data\raw\isyatirim_cache\GENTS_2020_XI_29.json,satislar;ebitda;op_gelir;net_kar;cfo;fcf;ozkaynaklar;toplam_borc;net_borc;nakit;toplam_aktif,toplam_borc;net_borc;ebitda;ihracat_orani;piyasa_degeri;pb;roe;roa;ev;ev_ebitda;fcf_verim
GENTS.IS,2021Q1,2021-03-31,XI_29,isyatirim_pit,,,2026-09-07T22:37:33.709150076,,,2021-05-15,APPROXIMATE_FIXED_LAG,UNKNOWN,UNKNOWN,data\raw\isyatirim_cache\GENTS_2021_XI_29.json,satislar;ebitda;op_gelir;net_kar;cfo;fcf;ozkaynaklar;toplam_borc;net_borc;nakit;toplam_aktif,toplam_borc;net_borc;ebitda;ihracat_orani;piyasa_degeri;pb;roe;roa;ev;ev_ebitda;fcf_verim
GENTS.IS,2021Q2,2021-06-30,XI_29,isyatirim_pit,,,2026-09-07T22:37:33.709150076,,,2021-08-15,APPROXIMATE_FIXED_LAG,UNKNOWN,UNKNOWN,data\raw\isyatirim_cache\GENTS_2021_XI_29.json,satislar;ebitda;op_gelir;net_kar;cfo;fcf;ozkaynaklar;toplam_borc;net_borc;nakit;toplam_aktif,toplam_borc;net_borc;ebitda;ihracat_orani;piyasa_degeri;pb;roe;roa;ev;ev_ebitda;fcf_verim
GENTS.IS,2021Q3,2021-09-30,XI_29,isyatirim_pit,,,2026-09-07T22:37:33.709150076,,,2021-11-15,APPROXIMATE_FIXED_LAG,UNKNOWN,UNKNOWN,data\raw\isyatirim_cache\GENTS_2021_XI_29.json,satislar;ebitda;op_gelir;net_kar;cfo;fcf;ozkaynaklar;toplam_borc;net_borc;nakit;toplam_aktif,toplam_borc;net_borc;ebitda;ihracat_orani;piyasa_degeri;pb;roe;roa;ev;ev_ebitda;fcf_verim
GENTS.IS,2021Q4,2021-12-31,XI_29,isyatirim_pit,,,2026-09-07T22:37:33.709150076,,,2022-03-15,APPROXIMATE_FIXED_LAG,UNKNOWN,UNKNOWN,data\raw\isyatirim_cache\GENTS_2021_XI_29.json,satislar;ebitda;op_gelir;net_kar;cfo;fcf;ozkaynaklar;toplam_borc;net_borc;nakit;toplam_aktif,toplam_borc;net_borc;ebitda;ihracat_orani;piyasa_degeri;pb;roe;roa;ev;ev_ebitda;fcf_verim
GENTS.IS,2022Q1,2022-03-31,XI_29,isyatirim_pit,,,2026-09-07T22:37:33.842304468,,,2022-05-15,APPROXIMATE_FIXED_LAG,UNKNOWN,UNKNOWN,data\raw\isyatirim_cache\GENTS_2022_XI_29.json,satislar;ebitda;op_gelir;net_kar;cfo;fcf;ozkaynaklar;toplam_borc;net_borc;nakit;toplam_aktif,toplam_borc;net_borc;ebitda;ihracat_orani;piyasa_degeri;pb;roe;roa;ev;ev_ebitda;fcf_verim
GENTS.IS,2022Q2,2022-06-30,XI_29,isyatirim_pit,,,2026-09-07T22:37:33.842304468,,,2022-08-15,APPROXIMATE_FIXED_LAG,UNKNOWN,UNKNOWN,data\raw\isyatirim_cache\GENTS_2022_XI_29.json,satislar;ebitda;op_gelir;net_kar;cfo;fcf;ozkaynaklar;toplam_borc;net_borc;nakit;toplam_aktif,toplam_borc;net_borc;ebitda;ihracat_orani;piyasa_degeri;pb;roe;roa;ev;ev_ebitda;fcf_verim
GENTS.IS,2022Q3,2022-09-30,XI_29,isyatirim_pit,,,2026-09-07T22:37:33.842304468,,,2022-11-15,APPROXIMATE_FIXED_LAG,UNKNOWN,UNKNOWN,data\raw\isyatirim_cache\GENTS_2022_XI_29.json,satislar;ebitda;op_gelir;net_kar;cfo;fcf;ozkaynaklar;toplam_borc;net_borc;nakit;toplam_aktif,toplam_borc;net_borc;ebitda;ihracat_orani;piyasa_degeri;pb;roe;roa;ev;ev_ebitda;fcf_verim
GENTS.IS,2022Q4,2022-12-31,XI_29,isyatirim_pit,,,2026-09-07T22:37:33.842304468,,,2023-03-15,APPROXIMATE_FIXED_LAG,UNKNOWN,UNKNOWN,data\raw\isyatirim_cache\GENTS_2022_XI_29.json,satislar;ebitda;op_gelir;net_kar;cfo;fcf;ozkaynaklar;toplam_borc;net_borc;nakit;toplam_aktif,toplam_borc;net_borc;ebitda;ihracat_orani;piyasa_degeri;pb;roe;roa;ev;ev_ebitda;fcf_verim
GENTS.IS,2023Q1,2023-03-31,XI_29,isyatirim_pit,,,2026-09-07T22:37:33.984014988,,,2023-05-15,APPROXIMATE_FIXED_LAG,UNKNOWN,UNKNOWN,data\raw\isyatirim_cache\GENTS_2023_XI_29.json,satislar;ebitda;op_gelir;net_kar;cfo;fcf;ozkaynaklar;toplam_borc;net_borc;nakit;toplam_aktif,toplam_borc;net_borc;ebitda;ihracat_orani;piyasa_degeri;pb;roe;roa;ev;ev_ebitda;fcf_verim
GENTS.IS,2023Q2,2023-06-30,XI_29,isyatirim_pit,,,2026-09-07T22:37:33.984014988,,,2023-08-15,APPROXIMATE_FIXED_LAG,UNKNOWN,UNKNOWN,data\raw\isyatirim_cache\GENTS_2023_XI_29.json,satislar;ebitda;op_gelir;net_kar;cfo;fcf;ozkaynaklar;toplam_borc;net_borc;nakit;toplam_aktif,toplam_borc;net_borc;ebitda;ihracat_orani;piyasa_degeri;pb;roe;roa;ev;ev_ebitda;fcf_verim
GENTS.IS,2023Q3,2023-09-30,XI_29,isyatirim_pit,,,2026-09-07T22:37:33.984014988,,,2023-11-15,APPROXIMATE_FIXED_LAG,UNKNOWN,UNKNOWN,data\raw\isyatirim_cache\GENTS_2023_XI_29.json,satislar;ebitda;op_gelir;net_kar;cfo;fcf;ozkaynaklar;toplam_borc;net_borc;nakit;toplam_aktif,toplam_borc;net_borc;ebitda;ihracat_orani;piyasa_degeri;pb;roe;roa;ev;ev_ebitda;fcf_verim
GENTS.IS,2023Q4,2023-12-31,XI_29,isyatirim_pit,,,2026-09-07T22:37:33.984014988,,,2024-03-15,APPROXIMATE_FIXED_LAG,UNKNOWN,UNKNOWN,data\raw\isyatirim_cache\GENTS_2023_XI_29.json,satislar;ebitda;op_gelir;net_kar;cfo;fcf;ozkaynaklar;toplam_borc;net_borc;nakit;toplam_aktif,toplam_borc;net_borc;ebitda;ihracat_orani;piyasa_degeri;pb;roe;roa;ev;ev_ebitda;fcf_verim
GENTS.IS,2024Q1,2024-03-31,XI_29,isyatirim_pit,,,2026-09-07T22:37:34.070880175,,,2024-05-15,APPROXIMATE_FIXED_LAG,UNKNOWN,UNKNOWN,data\raw\isyatirim_cache\GENTS_2024_XI_29.json,satislar;ebitda;op_gelir;net_kar;cfo;fcf;ozkaynaklar;toplam_borc;net_borc;nakit;toplam_aktif,toplam_borc;net_borc;ebitda;ihracat_orani;piyasa_degeri;pb;roe;roa;ev;ev_ebitda;fcf_verim
GENTS.IS,2024Q2,2024-06-30,XI_29,isyatirim_pit,,,2026-09-07T22:37:34.070880175,,,2024-08-15,APPROXIMATE_FIXED_LAG,UNKNOWN,UNKNOWN,data\raw\isyatirim_cache\GENTS_2024_XI_29.json,satislar;ebitda;op_gelir;net_kar;cfo;fcf;ozkaynaklar;toplam_borc;net_borc;nakit;toplam_aktif,toplam_borc;net_borc;ebitda;ihracat_orani;piyasa_degeri;pb;roe;roa;ev;ev_ebitda;fcf_verim
GENTS.IS,2024Q3,2024-09-30,XI_29,isyatirim_pit,,,2026-09-07T22:37:34.070880175,,,2024-11-15,APPROXIMATE_FIXED_LAG,UNKNOWN,UNKNOWN,data\raw\isyatirim_cache\GENTS_2024_XI_29.json,satislar;ebitda;op_gelir;net_kar;cfo;fcf;ozkaynaklar;toplam_borc;net_borc;nakit;toplam_aktif,toplam_borc;net_borc;ebitda;ihracat_orani;piyasa_degeri;pb;roe;roa;ev;ev_ebitda;fcf_verim
GENTS.IS,2024Q4,2024-12-31,XI_29,isyatirim_pit,,,2026-09-07T22:37:34.070880175,,,2025-03-15,APPROXIMATE_FIXED_LAG,UNKNOWN,UNKNOWN,data\raw\isyatirim_cache\GENTS_2024_XI_29.json,satislar;ebitda;op_gelir;net_kar;cfo;fcf;ozkaynaklar;toplam_borc;net_borc;nakit;toplam_aktif,toplam_borc;net_borc;ebitda;ihracat_orani;piyasa_degeri;pb;roe;roa;ev;ev_ebitda;fcf_verim
GENTS.IS,2025Q1,2025-03-31,XI_29,isyatirim_pit,,,2026-09-07T22:37:34.224103451,,,2025-05-15,APPROXIMATE_FIXED_LAG,UNKNOWN,UNKNOWN,data\raw\isyatirim_cache\GENTS_2025_XI_29.json,satislar;ebitda;op_gelir;net_kar;cfo;fcf;ozkaynaklar;toplam_borc;net_borc;nakit;toplam_aktif,toplam_borc;net_borc;ebitda;ihracat_orani;piyasa_degeri;pb;roe;roa;ev;ev_ebitda;fcf_verim
GENTS.IS,2025Q2,2025-06-30,XI_29,isyatirim_pit,,,2026-09-07T22:37:34.224103451,,,2025-08-15,APPROXIMATE_FIXED_LAG,UNKNOWN,UNKNOWN,data\raw\isyatirim_cache\GENTS_2025_XI_29.json,satislar;ebitda;op_gelir;net_kar;cfo;fcf;ozkaynaklar;toplam_borc;net_borc;nakit;toplam_aktif,toplam_borc;net_borc;ebitda;ihracat_orani;piyasa_degeri;pb;roe;roa;ev;ev_ebitda;fcf_verim
GENTS.IS,2025Q3,2025-09-30,XI_29,isyatirim_pit,,,2026-09-07T22:37:34.224103451,,,2025-11-15,APPROXIMATE_FIXED_LAG,UNKNOWN,UNKNOWN,data\raw\isyatirim_cache\GENTS_2025_XI_29.json,satislar;ebitda;op_gelir;net_kar;cfo;fcf;ozkaynaklar;toplam_borc;net_borc;nakit;toplam_aktif,toplam_borc;net_borc;ebitda;ihracat_orani;piyasa_degeri;pb;roe;roa;ev;ev_ebitda;fcf_verim
GENTS.IS,2025Q4,2025-12-31,XI_29,isyatirim_pit,,,2026-09-07T22:37:34.224103451,,,2026-03-15,APPROXIMATE_FIXED_LAG,UNKNOWN,UNKNOWN,data\raw\isyatirim_cache\GENTS_2025_XI_29.json,satislar;ebitda;op_gelir;net_kar;cfo;fcf;ozkaynaklar;toplam_borc;net_borc;nakit;toplam_aktif,toplam_borc;net_borc;ebitda;ihracat_orani;piyasa_degeri;pb;roe;roa;ev;ev_ebitda;fcf_verim
GENTS.IS,2026Q1,2026-03-31,XI_29,isyatirim_pit,,,2026-09-07T22:37:34.349044800,,,2026-05-15,APPROXIMATE_FIXED_LAG,UNKNOWN,UNKNOWN,data\raw\isyatirim_cache\GENTS_2026_XI_29.json,satislar;ebitda;op_gelir;net_kar;cfo;fcf;ozkaynaklar;toplam_borc;net_borc;nakit;toplam_aktif,toplam_borc;net_borc;ebitda;ihracat_orani;piyasa_degeri;pb;roe;roa;ev;ev_ebitda;fcf_verim
GENTS.IS,2026Q2,2026-06-30,XI_29,isyatirim_pit,,,2026-09-07T22:37:34.349044800,,,2026-08-15,APPROXIMATE_FIXED_LAG,UNKNOWN,UNKNOWN,data\raw\isyatirim_cache\GENTS_2026_XI_29.json,satislar;ebitda;op_gelir;net_kar;cfo;fcf;ozkaynaklar;toplam_borc;net_borc;nakit;toplam_aktif,toplam_borc;net_borc;ebitda;ihracat_orani;piyasa_degeri;pb;roe;roa;ev;ev_ebitda;fcf_verim
GESAN.IS,2018Q4,2018-12-31,XI_29,isyatirim_pit,,,2026-09-07T22:37:08.536828756,,,2019-03-15,APPROXIMATE_FIXED_LAG,UNKNOWN,UNKNOWN,data\raw\isyatirim_cache\GESAN_2018_XI_29.json,satislar;ebitda;op_gelir;net_kar;cfo;fcf;ozkaynaklar;toplam_borc;net_borc;nakit;toplam_aktif,toplam_borc;net_borc;ebitda;ihracat_orani;piyasa_degeri;pb;roe;roa;ev;ev_ebitda;fcf_verim
GESAN.IS,2019Q4,2019-12-31,XI_29,isyatirim_pit,,,2026-09-07T22:37:08.712757111,,,2020-03-15,APPROXIMATE_FIXED_LAG,UNKNOWN,UNKNOWN,data\raw\isyatirim_cache\GESAN_2019_XI_29.json,satislar;ebitda;op_gelir;net_kar;cfo;fcf;ozkaynaklar;toplam_borc;net_borc;nakit;toplam_aktif,toplam_borc;net_borc;ebitda;ihracat_orani;piyasa_degeri;pb;roe;roa;ev;ev_ebitda;fcf_verim
GESAN.IS,2020Q1,2020-03-31,XI_29,isyatirim_pit,,,2026-09-07T22:37:08.870948315,,,2020-05-15,APPROXIMATE_FIXED_LAG,UNKNOWN,UNKNOWN,data\raw\isyatirim_cache\GESAN_2020_XI_29.json,satislar;ebitda;op_gelir;net_kar;cfo;fcf;ozkaynaklar;toplam_borc;net_borc;nakit;toplam_aktif,toplam_borc;net_borc;ebitda;ihracat_orani;piyasa_degeri;pb;roe;roa;ev;ev_ebitda;fcf_verim
GESAN.IS,2020Q2,2020-06-30,XI_29,isyatirim_pit,,,2026-09-07T22:37:08.870948315,,,2020-08-15,APPROXIMATE_FIXED_LAG,UNKNOWN,UNKNOWN,data\raw\isyatirim_cache\GESAN_2020_XI_29.json,satislar;ebitda;op_gelir;net_kar;cfo;fcf;ozkaynaklar;toplam_borc;net_borc;nakit;toplam_aktif,toplam_borc;net_borc;ebitda;ihracat_orani;piyasa_degeri;pb;roe;roa;ev;ev_ebitda;fcf_verim
GESAN.IS,2020Q3,2020-09-30,XI_29,isyatirim_pit,,,2026-09-07T22:37:08.870948315,,,2020-11-15,APPROXIMATE_FIXED_LAG,UNKNOWN,UNKNOWN,data\raw\isyatirim_cache\GESAN_2020_XI_29.json,satislar;ebitda;op_gelir;net_kar;cfo;fcf;ozkaynaklar;toplam_borc;net_borc;nakit;toplam_aktif,toplam_borc;net_borc;ebitda;ihracat_orani;piyasa_degeri;pb;roe;roa;ev;ev_ebitda;fcf_verim
GESAN.IS,2020Q4,2020-12-31,XI_29,isyatirim_pit,,,2026-09-07T22:37:08.870948315,,,2021-03-15,APPROXIMATE_FIXED_LAG,UNKNOWN,UNKNOWN,data\raw\isyatirim_cache\GESAN_2020_XI_29.json,satislar;ebitda;op_gelir;net_kar;cfo;fcf;ozkaynaklar;toplam_borc;net_borc;nakit;toplam_aktif,toplam_borc;net_borc;ebitda;ihracat_orani;piyasa_degeri;pb;roe;roa;ev;ev_ebitda;fcf_verim
GESAN.IS,2021Q1,2021-03-31,XI_29,isyatirim_pit,,,2026-09-07T22:37:09.005183697,,,2021-05-15,APPROXIMATE_FIXED_LAG,UNKNOWN,UNKNOWN,data\raw\isyatirim_cache\GESAN_2021_XI_29.json,satislar;ebitda;op_gelir;net_kar;cfo;fcf;ozkaynaklar;toplam_borc;net_borc;nakit;toplam_aktif,toplam_borc;net_borc;ebitda;ihracat_orani;piyasa_degeri;pb;roe;roa;ev;ev_ebitda;fcf_verim
GESAN.IS,2021Q2,2021-06-30,XI_29,isyatirim_pit,,,2026-09-07T22:37:09.005183697,,,2021-08-15,APPROXIMATE_FIXED_LAG,UNKNOWN,UNKNOWN,data\raw\isyatirim_cache\GESAN_2021_XI_29.json,satislar;ebitda;op_gelir;net_kar;cfo;fcf;ozkaynaklar;toplam_borc;net_borc;nakit;toplam_aktif,toplam_borc;net_borc;ebitda;ihracat_orani;piyasa_degeri;pb;roe;roa;ev;ev_ebitda;fcf_verim
GESAN.IS,2021Q3,2021-09-30,XI_29,isyatirim_pit,,,2026-09-07T22:37:09.005183697,,,2021-11-15,APPROXIMATE_FIXED_LAG,UNKNOWN,UNKNOWN,data\raw\isyatirim_cache\GESAN_2021_XI_29.json,satislar;ebitda;op_gelir;net_kar;cfo;fcf;ozkaynaklar;toplam_borc;net_borc;nakit;toplam_aktif,toplam_borc;net_borc;ebitda;ihracat_orani;piyasa_degeri;pb;roe;roa;ev;ev_ebitda;fcf_verim
GESAN.IS,2021Q4,2021-12-31,XI_29,isyatirim_pit,,,2026-09-07T22:37:09.005183697,,,2022-03-15,APPROXIMATE_FIXED_LAG,UNKNOWN,UNKNOWN,data\raw\isyatirim_cache\GESAN_2021_XI_29.json,satislar;ebitda;op_gelir;net_kar;cfo;fcf;ozkaynaklar;toplam_borc;net_borc;nakit;toplam_aktif,toplam_borc;net_borc;ebitda;ihracat_orani;piyasa_degeri;pb;roe;roa;ev;ev_ebitda;fcf_verim
GESAN.IS,2022Q1,2022-03-31,XI_29,isyatirim_pit,,,2026-09-07T22:37:09.146457195,,,2022-05-15,APPROXIMATE_FIXED_LAG,UNKNOWN,UNKNOWN,data\raw\isyatirim_cache\GESAN_2022_XI_29.json,satislar;ebitda;op_gelir;net_kar;cfo;fcf;ozkaynaklar;toplam_borc;net_borc;nakit;toplam_aktif,toplam_borc;net_borc;ebitda;ihracat_orani;piyasa_degeri;pb;roe;roa;ev;ev_ebitda;fcf_verim
GESAN.IS,2022Q2,2022-06-30,XI_29,isyatirim_pit,,,2026-09-07T22:37:09.146457195,,,2022-08-15,APPROXIMATE_FIXED_LAG,UNKNOWN,UNKNOWN,data\raw\isyatirim_cache\GESAN_2022_XI_29.json,satislar;ebitda;op_gelir;net_kar;cfo;fcf;ozkaynaklar;toplam_borc;net_borc;nakit;toplam_aktif,toplam_borc;net_borc;ebitda;ihracat_orani;piyasa_degeri;pb;roe;roa;ev;ev_ebitda;fcf_verim
GESAN.IS,2022Q3,2022-09-30,XI_29,isyatirim_pit,,,2026-09-07T22:37:09.146457195,,,2022-11-15,APPROXIMATE_FIXED_LAG,UNKNOWN,UNKNOWN,data\raw\isyatirim_cache\GESAN_2022_XI_29.json,satislar;ebitda;op_gelir;net_kar;cfo;fcf;ozkaynaklar;toplam_borc;net_borc;nakit;toplam_aktif,toplam_borc;net_borc;ebitda;ihracat_orani;piyasa_degeri;pb;roe;roa;ev;ev_ebitda;fcf_verim
GESAN.IS,2022Q4,2022-12-31,XI_29,isyatirim_pit,,,2026-09-07T22:37:09.146457195,,,2023-03-15,APPROXIMATE_FIXED_LAG,UNKNOWN,UNKNOWN,data\raw\isyatirim_cache\GESAN_2022_XI_29.json,satislar;ebitda;op_gelir;net_kar;cfo;fcf;ozkaynaklar;toplam_borc;net_borc;nakit;toplam_aktif,toplam_borc;net_borc;ebitda;ihracat_orani;piyasa_degeri;pb;roe;roa;ev;ev_ebitda;fcf_verim
GESAN.IS,2023Q1,2023-03-31,XI_29,isyatirim_pit,,,2026-09-07T22:37:09.283091545,,,2023-05-15,APPROXIMATE_FIXED_LAG,UNKNOWN,UNKNOWN,data\raw\isyatirim_cache\GESAN_2023_XI_29.json,satislar;ebitda;op_gelir;net_kar;cfo;fcf;ozkaynaklar;toplam_borc;net_borc;nakit;toplam_aktif,toplam_borc;net_borc;ebitda;ihracat_orani;piyasa_degeri;pb;roe;roa;ev;ev_ebitda;fcf_verim
GESAN.IS,2023Q2,2023-06-30,XI_29,isyatirim_pit,,,2026-09-07T22:37:09.283091545,,,2023-08-15,APPROXIMATE_FIXED_LAG,UNKNOWN,UNKNOWN,data\raw\isyatirim_cache\GESAN_2023_XI_29.json,satislar;ebitda;op_gelir;net_kar;cfo;fcf;ozkaynaklar;toplam_borc;net_borc;nakit;toplam_aktif,toplam_borc;net_borc;ebitda;ihracat_orani;piyasa_degeri;pb;roe;roa;ev;ev_ebitda;fcf_verim
GESAN.IS,2023Q3,2023-09-30,XI_29,isyatirim_pit,,,2026-09-07T22:37:09.283091545,,,2023-11-15,APPROXIMATE_FIXED_LAG,UNKNOWN,UNKNOWN,data\raw\isyatirim_cache\GESAN_2023_XI_29.json,satislar;ebitda;op_gelir;net_kar;cfo;fcf;ozkaynaklar;toplam_borc;net_borc;nakit;toplam_aktif,toplam_borc;net_borc;ebitda;ihracat_orani;piyasa_degeri;pb;roe;roa;ev;ev_ebitda;fcf_verim
GESAN.IS,2023Q4,2023-12-31,XI_29,isyatirim_pit,,,2026-09-07T22:37:09.283091545,,,2024-03-15,APPROXIMATE_FIXED_LAG,UNKNOWN,UNKNOWN,data\raw\isyatirim_cache\GESAN_2023_XI_29.json,satislar;ebitda;op_gelir;net_kar;cfo;fcf;ozkaynaklar;toplam_borc;net_borc;nakit;toplam_aktif,toplam_borc;net_borc;ebitda;ihracat_orani;piyasa_degeri;pb;roe;roa;ev;ev_ebitda;fcf_verim
GESAN.IS,2024Q1,2024-03-31,XI_29,isyatirim_pit,,,2026-09-07T22:37:09.379816294,,,2024-05-15,APPROXIMATE_FIXED_LAG,UNKNOWN,UNKNOWN,data\raw\isyatirim_cache\GESAN_2024_XI_29.json,satislar;ebitda;op_gelir;net_kar;cfo;fcf;ozkaynaklar;toplam_borc;net_borc;nakit;toplam_aktif,toplam_borc;net_borc;ebitda;ihracat_orani;piyasa_degeri;pb;roe;roa;ev;ev_ebitda;fcf_verim
GESAN.IS,2024Q2,2024-06-30,XI_29,isyatirim_pit,,,2026-09-07T22:37:09.379816294,,,2024-08-15,APPROXIMATE_FIXED_LAG,UNKNOWN,UNKNOWN,data\raw\isyatirim_cache\GESAN_2024_XI_29.json,satislar;ebitda;op_gelir;net_kar;cfo;fcf;ozkaynaklar;toplam_borc;net_borc;nakit;toplam_aktif,toplam_borc;net_borc;ebitda;ihracat_orani;piyasa_degeri;pb;roe;roa;ev;ev_ebitda;fcf_verim
GESAN.IS,2024Q3,2024-09-30,XI_29,isyatirim_pit,,,2026-09-07T22:37:09.379816294,,,2024-11-15,APPROXIMATE_FIXED_LAG,UNKNOWN,UNKNOWN,data\raw\isyatirim_cache\GESAN_2024_XI_29.json,satislar;ebitda;op_gelir;net_kar;cfo;fcf;ozkaynaklar;toplam_borc;net_borc;nakit;toplam_aktif,toplam_borc;net_borc;ebitda;ihracat_orani;piyasa_degeri;pb;roe;roa;ev;ev_ebitda;fcf_verim
GESAN.IS,2024Q4,2024-12-31,XI_29,isyatirim_pit,,,2026-09-07T22:37:09.379816294,,,2025-03-15,APPROXIMATE_FIXED_LAG,UNKNOWN,UNKNOWN,data\raw\isyatirim_cache\GESAN_2024_XI_29.json,satislar;ebitda;op_gelir;net_kar;cfo;fcf;ozkaynaklar;toplam_borc;net_borc;nakit;toplam_aktif,toplam_borc;net_borc;ebitda;ihracat_orani;piyasa_degeri;pb;roe;roa;ev;ev_ebitda;fcf_verim
GESAN.IS,2025Q1,2025-03-31,XI_29,isyatirim_pit,,,2026-09-07T22:37:09.524758815,,,2025-05-15,APPROXIMATE_FIXED_LAG,UNKNOWN,UNKNOWN,data\raw\isyatirim_cache\GESAN_2025_XI_29.json,satislar;ebitda;op_gelir;net_kar;cfo;fcf;ozkaynaklar;toplam_borc;net_borc;nakit;toplam_aktif,toplam_borc;net_borc;ebitda;ihracat_orani;piyasa_degeri;pb;roe;roa;ev;ev_ebitda;fcf_verim
GESAN.IS,2025Q2,2025-06-30,XI_29,isyatirim_pit,,,2026-09-07T22:37:09.524758815,,,2025-08-15,APPROXIMATE_FIXED_LAG,UNKNOWN,UNKNOWN,data\raw\isyatirim_cache\GESAN_2025_XI_29.json,satislar;ebitda;op_gelir;net_kar;cfo;fcf;ozkaynaklar;toplam_borc;net_borc;nakit;toplam_aktif,toplam_borc;net_borc;ebitda;ihracat_orani;piyasa_degeri;pb;roe;roa;ev;ev_ebitda;fcf_verim
GESAN.IS,2025Q3,2025-09-30,XI_29,isyatirim_pit,,,2026-09-07T22:37:09.524758815,,,2025-11-15,APPROXIMATE_FIXED_LAG,UNKNOWN,UNKNOWN,data\raw\isyatirim_cache\GESAN_2025_XI_29.json,satislar;ebitda;op_gelir;net_kar;cfo;fcf;ozkaynaklar;toplam_borc;net_borc;nakit;toplam_aktif,toplam_borc;net_borc;ebitda;ihracat_orani;piyasa_degeri;pb;roe;roa;ev;ev_ebitda;fcf_verim
GESAN.IS,2025Q4,2025-12-31,XI_29,isyatirim_pit,,,2026-09-07T22:37:09.524758815,,,2026-03-15,APPROXIMATE_FIXED_LAG,UNKNOWN,UNKNOWN,data\raw\isyatirim_cache\GESAN_2025_XI_29.json,satislar;ebitda;op_gelir;net_kar;cfo;fcf;ozkaynaklar;toplam_borc;net_borc;nakit;toplam_aktif,toplam_borc;net_borc;ebitda;ihracat_orani;piyasa_degeri;pb;roe;roa;ev;ev_ebitda;fcf_verim
GESAN.IS,2026Q1,2026-03-31,XI_29,isyatirim_pit,,,2026-09-07T22:37:09.689380407,,,2026-05-15,APPROXIMATE_FIXED_LAG,UNKNOWN,UNKNOWN,data\raw\isyatirim_cache\GESAN_2026_XI_29.json,satislar;ebitda;op_gelir;net_kar;cfo;fcf;ozkaynaklar;toplam_borc;net_borc;nakit;toplam_aktif,toplam_borc;net_borc;ebitda;ihracat_orani;piyasa_degeri;pb;roe;roa;ev;ev_ebitda;fcf_verim
GESAN.IS,2026Q2,2026-06-30,XI_29,isyatirim_pit,,,2026-09-07T22:37:09.689380407,,,2026-08-15,APPROXIMATE_FIXED_LAG,UNKNOWN,UNKNOWN,data\raw\isyatirim_cache\GESAN_2026_XI_29.json,satislar;ebitda;op_gelir;net_kar;cfo;fcf;ozkaynaklar;toplam_borc;net_borc;nakit;toplam_aktif,toplam_borc;net_borc;ebitda;ihracat_orani;piyasa_degeri;pb;roe;roa;ev;ev_ebitda;fcf_verim
GOKNR.IS,2019Q4,2019-12-31,XI_29,isyatirim_pit,,,2026-09-07T22:37:28.078382254,,,2020-03-15,APPROXIMATE_FIXED_LAG,UNKNOWN,UNKNOWN,data\raw\isyatirim_cache\GOKNR_2019_XI_29.json,satislar;ebitda;op_gelir;net_kar;cfo;fcf;ozkaynaklar;toplam_borc;net_borc;nakit;toplam_aktif,toplam_borc;net_borc;ebitda;ihracat_orani;piyasa_degeri;pb;roe;roa;ev;ev_ebitda;fcf_verim
GOKNR.IS,2020Q4,2020-12-31,XI_29,isyatirim_pit,,,2026-09-07T22:37:28.206642151,,,2021-03-15,APPROXIMATE_FIXED_LAG,UNKNOWN,UNKNOWN,data\raw\isyatirim_cache\GOKNR_2020_XI_29.json,satislar;ebitda;op_gelir;net_kar;cfo;fcf;ozkaynaklar;toplam_borc;net_borc;nakit;toplam_aktif,toplam_borc;net_borc;ebitda;ihracat_orani;piyasa_degeri;pb;roe;roa;ev;ev_ebitda;fcf_verim
GOKNR.IS,2021Q3,2021-09-30,XI_29,isyatirim_pit,,,2026-09-07T22:37:28.326748371,,,2021-11-15,APPROXIMATE_FIXED_LAG,UNKNOWN,UNKNOWN,data\raw\isyatirim_cache\GOKNR_2021_XI_29.json,satislar;ebitda;op_gelir;net_kar;cfo;fcf;ozkaynaklar;toplam_borc;net_borc;nakit;toplam_aktif,toplam_borc;net_borc;ebitda;ihracat_orani;piyasa_degeri;pb;roe;roa;ev;ev_ebitda;fcf_verim
GOKNR.IS,2021Q4,2021-12-31,XI_29,isyatirim_pit,,,2026-09-07T22:37:28.326748371,,,2022-03-15,APPROXIMATE_FIXED_LAG,UNKNOWN,UNKNOWN,data\raw\isyatirim_cache\GOKNR_2021_XI_29.json,satislar;ebitda;op_gelir;net_kar;cfo;fcf;ozkaynaklar;toplam_borc;net_borc;nakit;toplam_aktif,toplam_borc;net_borc;ebitda;ihracat_orani;piyasa_degeri;pb;roe;roa;ev;ev_ebitda;fcf_verim
GOKNR.IS,2022Q1,2022-03-31,XI_29,isyatirim_pit,,,2026-09-07T22:37:28.457503557,,,2022-05-15,APPROXIMATE_FIXED_LAG,UNKNOWN,UNKNOWN,data\raw\isyatirim_cache\GOKNR_2022_XI_29.json,satislar;ebitda;op_gelir;net_kar;cfo;fcf;ozkaynaklar;toplam_borc;net_borc;nakit;toplam_aktif,toplam_borc;net_borc;ebitda;ihracat_orani;piyasa_degeri;pb;roe;roa;ev;ev_ebitda;fcf_verim
GOKNR.IS,2022Q2,2022-06-30,XI_29,isyatirim_pit,,,2026-09-07T22:37:28.457503557,,,2022-08-15,APPROXIMATE_FIXED_LAG,UNKNOWN,UNKNOWN,data\raw\isyatirim_cache\GOKNR_2022_XI_29.json,satislar;ebitda;op_gelir;net_kar;cfo;fcf;ozkaynaklar;toplam_borc;net_borc;nakit;toplam_aktif,toplam_borc;net_borc;ebitda;ihracat_orani;piyasa_degeri;pb;roe;roa;ev;ev_ebitda;fcf_verim
GOKNR.IS,2022Q3,2022-09-30,XI_29,isyatirim_pit,,,2026-09-07T22:37:28.457503557,,,2022-11-15,APPROXIMATE_FIXED_LAG,UNKNOWN,UNKNOWN,data\raw\isyatirim_cache\GOKNR_2022_XI_29.json,satislar;ebitda;op_gelir;net_kar;cfo;fcf;ozkaynaklar;toplam_borc;net_borc;nakit;toplam_aktif,toplam_borc;net_borc;ebitda;ihracat_orani;piyasa_degeri;pb;roe;roa;ev;ev_ebitda;fcf_verim
GOKNR.IS,2022Q4,2022-12-31,XI_29,isyatirim_pit,,,2026-09-07T22:37:28.457503557,,,2023-03-15,APPROXIMATE_FIXED_LAG,UNKNOWN,UNKNOWN,data\raw\isyatirim_cache\GOKNR_2022_XI_29.json,satislar;ebitda;op_gelir;net_kar;cfo;fcf;ozkaynaklar;toplam_borc;net_borc;nakit;toplam_aktif,toplam_borc;net_borc;ebitda;ihracat_orani;piyasa_degeri;pb;roe;roa;ev;ev_ebitda;fcf_verim
GOKNR.IS,2023Q1,2023-03-31,XI_29,isyatirim_pit,,,2026-09-07T22:37:28.593685627,,,2023-05-15,APPROXIMATE_FIXED_LAG,UNKNOWN,UNKNOWN,data\raw\isyatirim_cache\GOKNR_2023_XI_29.json,satislar;ebitda;op_gelir;net_kar;cfo;fcf;ozkaynaklar;toplam_borc;net_borc;nakit;toplam_aktif,toplam_borc;net_borc;ebitda;ihracat_orani;piyasa_degeri;pb;roe;roa;ev;ev_ebitda;fcf_verim
GOKNR.IS,2023Q2,2023-06-30,XI_29,isyatirim_pit,,,2026-09-07T22:37:28.593685627,,,2023-08-15,APPROXIMATE_FIXED_LAG,UNKNOWN,UNKNOWN,data\raw\isyatirim_cache\GOKNR_2023_XI_29.json,satislar;ebitda;op_gelir;net_kar;cfo;fcf;ozkaynaklar;toplam_borc;net_borc;nakit;toplam_aktif,toplam_borc;net_borc;ebitda;ihracat_orani;piyasa_degeri;pb;roe;roa;ev;ev_ebitda;fcf_verim
GOKNR.IS,2023Q3,2023-09-30,XI_29,isyatirim_pit,,,2026-09-07T22:37:28.593685627,,,2023-11-15,APPROXIMATE_FIXED_LAG,UNKNOWN,UNKNOWN,data\raw\isyatirim_cache\GOKNR_2023_XI_29.json,satislar;ebitda;op_gelir;net_kar;cfo;fcf;ozkaynaklar;toplam_borc;net_borc;nakit;toplam_aktif,toplam_borc;net_borc;ebitda;ihracat_orani;piyasa_degeri;pb;roe;roa;ev;ev_ebitda;fcf_verim
GOKNR.IS,2023Q4,2023-12-31,XI_29,isyatirim_pit,,,2026-09-07T22:37:28.593685627,,,2024-03-15,APPROXIMATE_FIXED_LAG,UNKNOWN,UNKNOWN,data\raw\isyatirim_cache\GOKNR_2023_XI_29.json,satislar;ebitda;op_gelir;net_kar;cfo;fcf;ozkaynaklar;toplam_borc;net_borc;nakit;toplam_aktif,toplam_borc;net_borc;ebitda;ihracat_orani;piyasa_degeri;pb;roe;roa;ev;ev_ebitda;fcf_verim
GOKNR.IS,2024Q1,2024-03-31,XI_29,isyatirim_pit,,,2026-09-07T22:37:28.699449539,,,2024-05-15,APPROXIMATE_FIXED_LAG,UNKNOWN,UNKNOWN,data\raw\isyatirim_cache\GOKNR_2024_XI_29.json,satislar;ebitda;op_gelir;net_kar;cfo;fcf;ozkaynaklar;toplam_borc;net_borc;nakit;toplam_aktif,toplam_borc;net_borc;ebitda;ihracat_orani;piyasa_degeri;pb;roe;roa;ev;ev_ebitda;fcf_verim
GOKNR.IS,2024Q2,2024-06-30,XI_29,isyatirim_pit,,,2026-09-07T22:37:28.699449539,,,2024-08-15,APPROXIMATE_FIXED_LAG,UNKNOWN,UNKNOWN,data\raw\isyatirim_cache\GOKNR_2024_XI_29.json,satislar;ebitda;op_gelir;net_kar;cfo;fcf;ozkaynaklar;toplam_borc;net_borc;nakit;toplam_aktif,toplam_borc;net_borc;ebitda;ihracat_orani;piyasa_degeri;pb;roe;roa;ev;ev_ebitda;fcf_verim
GOKNR.IS,2024Q3,2024-09-30,XI_29,isyatirim_pit,,,2026-09-07T22:37:28.699449539,,,2024-11-15,APPROXIMATE_FIXED_LAG,UNKNOWN,UNKNOWN,data\raw\isyatirim_cache\GOKNR_2024_XI_29.json,satislar;ebitda;op_gelir;net_kar;cfo;fcf;ozkaynaklar;toplam_borc;net_borc;nakit;toplam_aktif,toplam_borc;net_borc;ebitda;ihracat_orani;piyasa_degeri;pb;roe;roa;ev;ev_ebitda;fcf_verim
GOKNR.IS,2024Q4,2024-12-31,XI_29,isyatirim_pit,,,2026-09-07T22:37:28.699449539,,,2025-03-15,APPROXIMATE_FIXED_LAG,UNKNOWN,UNKNOWN,data\raw\isyatirim_cache\GOKNR_2024_XI_29.json,satislar;ebitda;op_gelir;net_kar;cfo;fcf;ozkaynaklar;toplam_borc;net_borc;nakit;toplam_aktif,toplam_borc;net_borc;ebitda;ihracat_orani;piyasa_degeri;pb;roe;roa;ev;ev_ebitda;fcf_verim
GOKNR.IS,2025Q1,2025-03-31,XI_29,isyatirim_pit,,,2026-09-07T22:37:28.821790218,,,2025-05-15,APPROXIMATE_FIXED_LAG,UNKNOWN,UNKNOWN,data\raw\isyatirim_cache\GOKNR_2025_XI_29.json,satislar;ebitda;op_gelir;net_kar;cfo;fcf;ozkaynaklar;toplam_borc;net_borc;nakit;toplam_aktif,toplam_borc;net_borc;ebitda;ihracat_orani;piyasa_degeri;pb;roe;roa;ev;ev_ebitda;fcf_verim
GOKNR.IS,2025Q2,2025-06-30,XI_29,isyatirim_pit,,,2026-09-07T22:37:28.821790218,,,2025-08-15,APPROXIMATE_FIXED_LAG,UNKNOWN,UNKNOWN,data\raw\isyatirim_cache\GOKNR_2025_XI_29.json,satislar;ebitda;op_gelir;net_kar;cfo;fcf;ozkaynaklar;toplam_borc;net_borc;nakit;toplam_aktif,toplam_borc;net_borc;ebitda;ihracat_orani;piyasa_degeri;pb;roe;roa;ev;ev_ebitda;fcf_verim
GOKNR.IS,2025Q3,2025-09-30,XI_29,isyatirim_pit,,,2026-09-07T22:37:28.821790218,,,2025-11-15,APPROXIMATE_FIXED_LAG,UNKNOWN,UNKNOWN,data\raw\isyatirim_cache\GOKNR_2025_XI_29.json,satislar;ebitda;op_gelir;net_kar;cfo;fcf;ozkaynaklar;toplam_borc;net_borc;nakit;toplam_aktif,toplam_borc;net_borc;ebitda;ihracat_orani;piyasa_degeri;pb;roe;roa;ev;ev_ebitda;fcf_verim
GOKNR.IS,2025Q4,2025-12-31,XI_29,isyatirim_pit,,,2026-09-07T22:37:28.821790218,,,2026-03-15,APPROXIMATE_FIXED_LAG,UNKNOWN,UNKNOWN,data\raw\isyatirim_cache\GOKNR_2025_XI_29.json,satislar;ebitda;op_gelir;net_kar;cfo;fcf;ozkaynaklar;toplam_borc;net_borc;nakit;toplam_aktif,toplam_borc;net_borc;ebitda;ihracat_orani;piyasa_degeri;pb;roe;roa;ev;ev_ebitda;fcf_verim
GOKNR.IS,2026Q1,2026-03-31,XI_29,isyatirim_pit,,,2026-09-07T22:37:29.049428463,,,2026-05-15,APPROXIMATE_FIXED_LAG,UNKNOWN,UNKNOWN,data\raw\isyatirim_cache\GOKNR_2026_XI_29.json,satislar;ebitda;op_gelir;net_kar;cfo;fcf;ozkaynaklar;toplam_borc;net_borc;nakit;toplam_aktif,toplam_borc;net_borc;ebitda;ihracat_orani;piyasa_degeri;pb;roe;roa;ev;ev_ebitda;fcf_verim
GUBRF.IS,2018Q1,2018-03-31,XI_29,isyatirim_pit,,,2026-09-07T22:37:08.563815355,,,2018-05-15,APPROXIMATE_FIXED_LAG,UNKNOWN,UNKNOWN,data\raw\isyatirim_cache\GUBRF_2018_XI_29.json,satislar;ebitda;op_gelir;net_kar;cfo;fcf;ozkaynaklar;toplam_borc;net_borc;nakit;toplam_aktif,toplam_borc;net_borc;ebitda;ihracat_orani;piyasa_degeri;pb;roe;roa;ev;ev_ebitda;fcf_verim
GUBRF.IS,2018Q2,2018-06-30,XI_29,isyatirim_pit,,,2026-09-07T22:37:08.563815355,,,2018-08-15,APPROXIMATE_FIXED_LAG,UNKNOWN,UNKNOWN,data\raw\isyatirim_cache\GUBRF_2018_XI_29.json,satislar;ebitda;op_gelir;net_kar;cfo;fcf;ozkaynaklar;toplam_borc;net_borc;nakit;toplam_aktif,toplam_borc;net_borc;ebitda;ihracat_orani;piyasa_degeri;pb;roe;roa;ev;ev_ebitda;fcf_verim
GUBRF.IS,2018Q3,2018-09-30,XI_29,isyatirim_pit,,,2026-09-07T22:37:08.563815355,,,2018-11-15,APPROXIMATE_FIXED_LAG,UNKNOWN,UNKNOWN,data\raw\isyatirim_cache\GUBRF_2018_XI_29.json,satislar;ebitda;op_gelir;net_kar;cfo;fcf;ozkaynaklar;toplam_borc;net_borc;nakit;toplam_aktif,toplam_borc;net_borc;ebitda;ihracat_orani;piyasa_degeri;pb;roe;roa;ev;ev_ebitda;fcf_verim
GUBRF.IS,2018Q4,2018-12-31,XI_29,isyatirim_pit,,,2026-09-07T22:37:08.563815355,,,2019-03-15,APPROXIMATE_FIXED_LAG,UNKNOWN,UNKNOWN,data\raw\isyatirim_cache\GUBRF_2018_XI_29.json,satislar;ebitda;op_gelir;net_kar;cfo;fcf;ozkaynaklar;toplam_borc;net_borc;nakit;toplam_aktif,toplam_borc;net_borc;ebitda;ihracat_orani;piyasa_degeri;pb;roe;roa;ev;ev_ebitda;fcf_verim
GUBRF.IS,2019Q1,2019-03-31,XI_29,isyatirim_pit,,,2026-09-07T22:37:08.703056097,,,2019-05-15,APPROXIMATE_FIXED_LAG,UNKNOWN,UNKNOWN,data\raw\isyatirim_cache\GUBRF_2019_XI_29.json,satislar;ebitda;op_gelir;net_kar;cfo;fcf;ozkaynaklar;toplam_borc;net_borc;nakit;toplam_aktif,toplam_borc;net_borc;ebitda;ihracat_orani;piyasa_degeri;pb;roe;roa;ev;ev_ebitda;fcf_verim
GUBRF.IS,2019Q2,2019-06-30,XI_29,isyatirim_pit,,,2026-09-07T22:37:08.703056097,,,2019-08-15,APPROXIMATE_FIXED_LAG,UNKNOWN,UNKNOWN,data\raw\isyatirim_cache\GUBRF_2019_XI_29.json,satislar;ebitda;op_gelir;net_kar;cfo;fcf;ozkaynaklar;toplam_borc;net_borc;nakit;toplam_aktif,toplam_borc;net_borc;ebitda;ihracat_orani;piyasa_degeri;pb;roe;roa;ev;ev_ebitda;fcf_verim
GUBRF.IS,2019Q3,2019-09-30,XI_29,isyatirim_pit,,,2026-09-07T22:37:08.703056097,,,2019-11-15,APPROXIMATE_FIXED_LAG,UNKNOWN,UNKNOWN,data\raw\isyatirim_cache\GUBRF_2019_XI_29.json,satislar;ebitda;op_gelir;net_kar;cfo;fcf;ozkaynaklar;toplam_borc;net_borc;nakit;toplam_aktif,toplam_borc;net_borc;ebitda;ihracat_orani;piyasa_degeri;pb;roe;roa;ev;ev_ebitda;fcf_verim
GUBRF.IS,2019Q4,2019-12-31,XI_29,isyatirim_pit,,,2026-09-07T22:37:08.703056097,,,2020-03-15,APPROXIMATE_FIXED_LAG,UNKNOWN,UNKNOWN,data\raw\isyatirim_cache\GUBRF_2019_XI_29.json,satislar;ebitda;op_gelir;net_kar;cfo;fcf;ozkaynaklar;toplam_borc;net_borc;nakit;toplam_aktif,toplam_borc;net_borc;ebitda;ihracat_orani;piyasa_degeri;pb;roe;roa;ev;ev_ebitda;fcf_verim
GUBRF.IS,2020Q1,2020-03-31,XI_29,isyatirim_pit,,,2026-09-07T22:37:08.843575478,,,2020-05-15,APPROXIMATE_FIXED_LAG,UNKNOWN,UNKNOWN,data\raw\isyatirim_cache\GUBRF_2020_XI_29.json,satislar;ebitda;op_gelir;net_kar;cfo;fcf;ozkaynaklar;toplam_borc;net_borc;nakit;toplam_aktif,toplam_borc;net_borc;ebitda;ihracat_orani;piyasa_degeri;pb;roe;roa;ev;ev_ebitda;fcf_verim
GUBRF.IS,2020Q2,2020-06-30,XI_29,isyatirim_pit,,,2026-09-07T22:37:08.843575478,,,2020-08-15,APPROXIMATE_FIXED_LAG,UNKNOWN,UNKNOWN,data\raw\isyatirim_cache\GUBRF_2020_XI_29.json,satislar;ebitda;op_gelir;net_kar;cfo;fcf;ozkaynaklar;toplam_borc;net_borc;nakit;toplam_aktif,toplam_borc;net_borc;ebitda;ihracat_orani;piyasa_degeri;pb;roe;roa;ev;ev_ebitda;fcf_verim
GUBRF.IS,2020Q3,2020-09-30,XI_29,isyatirim_pit,,,2026-09-07T22:37:08.843575478,,,2020-11-15,APPROXIMATE_FIXED_LAG,UNKNOWN,UNKNOWN,data\raw\isyatirim_cache\GUBRF_2020_XI_29.json,satislar;ebitda;op_gelir;net_kar;cfo;fcf;ozkaynaklar;toplam_borc;net_borc;nakit;toplam_aktif,toplam_borc;net_borc;ebitda;ihracat_orani;piyasa_degeri;pb;roe;roa;ev;ev_ebitda;fcf_verim
GUBRF.IS,2020Q4,2020-12-31,XI_29,isyatirim_pit,,,2026-09-07T22:37:08.843575478,,,2021-03-15,APPROXIMATE_FIXED_LAG,UNKNOWN,UNKNOWN,data\raw\isyatirim_cache\GUBRF_2020_XI_29.json,satislar;ebitda;op_gelir;net_kar;cfo;fcf;ozkaynaklar;toplam_borc;net_borc;nakit;toplam_aktif,toplam_borc;net_borc;ebitda;ihracat_orani;piyasa_degeri;pb;roe;roa;ev;ev_ebitda;fcf_verim
GUBRF.IS,2021Q1,2021-03-31,XI_29,isyatirim_pit,,,2026-09-07T22:37:09.006689310,,,2021-05-15,APPROXIMATE_FIXED_LAG,UNKNOWN,UNKNOWN,data\raw\isyatirim_cache\GUBRF_2021_XI_29.json,satislar;ebitda;op_gelir;net_kar;cfo;fcf;ozkaynaklar;toplam_borc;net_borc;nakit;toplam_aktif,toplam_borc;net_borc;ebitda;ihracat_orani;piyasa_degeri;pb;roe;roa;ev;ev_ebitda;fcf_verim
GUBRF.IS,2021Q2,2021-06-30,XI_29,isyatirim_pit,,,2026-09-07T22:37:09.006689310,,,2021-08-15,APPROXIMATE_FIXED_LAG,UNKNOWN,UNKNOWN,data\raw\isyatirim_cache\GUBRF_2021_XI_29.json,satislar;ebitda;op_gelir;net_kar;cfo;fcf;ozkaynaklar;toplam_borc;net_borc;nakit;toplam_aktif,toplam_borc;net_borc;ebitda;ihracat_orani;piyasa_degeri;pb;roe;roa;ev;ev_ebitda;fcf_verim
GUBRF.IS,2021Q3,2021-09-30,XI_29,isyatirim_pit,,,2026-09-07T22:37:09.006689310,,,2021-11-15,APPROXIMATE_FIXED_LAG,UNKNOWN,UNKNOWN,data\raw\isyatirim_cache\GUBRF_2021_XI_29.json,satislar;ebitda;op_gelir;net_kar;cfo;fcf;ozkaynaklar;toplam_borc;net_borc;nakit;toplam_aktif,toplam_borc;net_borc;ebitda;ihracat_orani;piyasa_degeri;pb;roe;roa;ev;ev_ebitda;fcf_verim
GUBRF.IS,2021Q4,2021-12-31,XI_29,isyatirim_pit,,,2026-09-07T22:37:09.006689310,,,2022-03-15,APPROXIMATE_FIXED_LAG,UNKNOWN,UNKNOWN,data\raw\isyatirim_cache\GUBRF_2021_XI_29.json,satislar;ebitda;op_gelir;net_kar;cfo;fcf;ozkaynaklar;toplam_borc;net_borc;nakit;toplam_aktif,toplam_borc;net_borc;ebitda;ihracat_orani;piyasa_degeri;pb;roe;roa;ev;ev_ebitda;fcf_verim
GUBRF.IS,2022Q1,2022-03-31,XI_29,isyatirim_pit,,,2026-09-07T22:37:09.198223114,,,2022-05-15,APPROXIMATE_FIXED_LAG,UNKNOWN,UNKNOWN,data\raw\isyatirim_cache\GUBRF_2022_XI_29.json,satislar;ebitda;op_gelir;net_kar;cfo;fcf;ozkaynaklar;toplam_borc;net_borc;nakit;toplam_aktif,toplam_borc;net_borc;ebitda;ihracat_orani;piyasa_degeri;pb;roe;roa;ev;ev_ebitda;fcf_verim
GUBRF.IS,2022Q2,2022-06-30,XI_29,isyatirim_pit,,,2026-09-07T22:37:09.198223114,,,2022-08-15,APPROXIMATE_FIXED_LAG,UNKNOWN,UNKNOWN,data\raw\isyatirim_cache\GUBRF_2022_XI_29.json,satislar;ebitda;op_gelir;net_kar;cfo;fcf;ozkaynaklar;toplam_borc;net_borc;nakit;toplam_aktif,toplam_borc;net_borc;ebitda;ihracat_orani;piyasa_degeri;pb;roe;roa;ev;ev_ebitda;fcf_verim
GUBRF.IS,2022Q3,2022-09-30,XI_29,isyatirim_pit,,,2026-09-07T22:37:09.198223114,,,2022-11-15,APPROXIMATE_FIXED_LAG,UNKNOWN,UNKNOWN,data\raw\isyatirim_cache\GUBRF_2022_XI_29.json,satislar;ebitda;op_gelir;net_kar;cfo;fcf;ozkaynaklar;toplam_borc;net_borc;nakit;toplam_aktif,toplam_borc;net_borc;ebitda;ihracat_orani;piyasa_degeri;pb;roe;roa;ev;ev_ebitda;fcf_verim
GUBRF.IS,2022Q4,2022-12-31,XI_29,isyatirim_pit,,,2026-09-07T22:37:09.198223114,,,2023-03-15,APPROXIMATE_FIXED_LAG,UNKNOWN,UNKNOWN,data\raw\isyatirim_cache\GUBRF_2022_XI_29.json,satislar;ebitda;op_gelir;net_kar;cfo;fcf;ozkaynaklar;toplam_borc;net_borc;nakit;toplam_aktif,toplam_borc;net_borc;ebitda;ihracat_orani;piyasa_degeri;pb;roe;roa;ev;ev_ebitda;fcf_verim
GUBRF.IS,2023Q1,2023-03-31,XI_29,isyatirim_pit,,,2026-09-07T22:37:09.325101137,,,2023-05-15,APPROXIMATE_FIXED_LAG,UNKNOWN,UNKNOWN,data\raw\isyatirim_cache\GUBRF_2023_XI_29.json,satislar;ebitda;op_gelir;net_kar;cfo;fcf;ozkaynaklar;toplam_borc;net_borc;nakit;toplam_aktif,toplam_borc;net_borc;ebitda;ihracat_orani;piyasa_degeri;pb;roe;roa;ev;ev_ebitda;fcf_verim
GUBRF.IS,2023Q2,2023-06-30,XI_29,isyatirim_pit,,,2026-09-07T22:37:09.325101137,,,2023-08-15,APPROXIMATE_FIXED_LAG,UNKNOWN,UNKNOWN,data\raw\isyatirim_cache\GUBRF_2023_XI_29.json,satislar;ebitda;op_gelir;net_kar;cfo;fcf;ozkaynaklar;toplam_borc;net_borc;nakit;toplam_aktif,toplam_borc;net_borc;ebitda;ihracat_orani;piyasa_degeri;pb;roe;roa;ev;ev_ebitda;fcf_verim
GUBRF.IS,2023Q3,2023-09-30,XI_29,isyatirim_pit,,,2026-09-07T22:37:09.325101137,,,2023-11-15,APPROXIMATE_FIXED_LAG,UNKNOWN,UNKNOWN,data\raw\isyatirim_cache\GUBRF_2023_XI_29.json,satislar;ebitda;op_gelir;net_kar;cfo;fcf;ozkaynaklar;toplam_borc;net_borc;nakit;toplam_aktif,toplam_borc;net_borc;ebitda;ihracat_orani;piyasa_degeri;pb;roe;roa;ev;ev_ebitda;fcf_verim
GUBRF.IS,2023Q4,2023-12-31,XI_29,isyatirim_pit,,,2026-09-07T22:37:09.325101137,,,2024-03-15,APPROXIMATE_FIXED_LAG,UNKNOWN,UNKNOWN,data\raw\isyatirim_cache\GUBRF_2023_XI_29.json,satislar;ebitda;op_gelir;net_kar;cfo;fcf;ozkaynaklar;toplam_borc;net_borc;nakit;toplam_aktif,toplam_borc;net_borc;ebitda;ihracat_orani;piyasa_degeri;pb;roe;roa;ev;ev_ebitda;fcf_verim
GUBRF.IS,2024Q1,2024-03-31,XI_29,isyatirim_pit,,,2026-09-07T22:37:09.434569597,,,2024-05-15,APPROXIMATE_FIXED_LAG,UNKNOWN,UNKNOWN,data\raw\isyatirim_cache\GUBRF_2024_XI_29.json,satislar;ebitda;op_gelir;net_kar;cfo;fcf;ozkaynaklar;toplam_borc;net_borc;nakit;toplam_aktif,toplam_borc;net_borc;ebitda;ihracat_orani;piyasa_degeri;pb;roe;roa;ev;ev_ebitda;fcf_verim
GUBRF.IS,2024Q2,2024-06-30,XI_29,isyatirim_pit,,,2026-09-07T22:37:09.434569597,,,2024-08-15,APPROXIMATE_FIXED_LAG,UNKNOWN,UNKNOWN,data\raw\isyatirim_cache\GUBRF_2024_XI_29.json,satislar;ebitda;op_gelir;net_kar;cfo;fcf;ozkaynaklar;toplam_borc;net_borc;nakit;toplam_aktif,toplam_borc;net_borc;ebitda;ihracat_orani;piyasa_degeri;pb;roe;roa;ev;ev_ebitda;fcf_verim
GUBRF.IS,2024Q3,2024-09-30,XI_29,isyatirim_pit,,,2026-09-07T22:37:09.434569597,,,2024-11-15,APPROXIMATE_FIXED_LAG,UNKNOWN,UNKNOWN,data\raw\isyatirim_cache\GUBRF_2024_XI_29.json,satislar;ebitda;op_gelir;net_kar;cfo;fcf;ozkaynaklar;toplam_borc;net_borc;nakit;toplam_aktif,toplam_borc;net_borc;ebitda;ihracat_orani;piyasa_degeri;pb;roe;roa;ev;ev_ebitda;fcf_verim
GUBRF.IS,2024Q4,2024-12-31,XI_29,isyatirim_pit,,,2026-09-07T22:37:09.434569597,,,2025-03-15,APPROXIMATE_FIXED_LAG,UNKNOWN,UNKNOWN,data\raw\isyatirim_cache\GUBRF_2024_XI_29.json,satislar;ebitda;op_gelir;net_kar;cfo;fcf;ozkaynaklar;toplam_borc;net_borc;nakit;toplam_aktif,toplam_borc;net_borc;ebitda;ihracat_orani;piyasa_degeri;pb;roe;roa;ev;ev_ebitda;fcf_verim
GUBRF.IS,2025Q1,2025-03-31,XI_29,isyatirim_pit,,,2026-09-07T22:37:09.582860708,,,2025-05-15,APPROXIMATE_FIXED_LAG,UNKNOWN,UNKNOWN,data\raw\isyatirim_cache\GUBRF_2025_XI_29.json,satislar;ebitda;op_gelir;net_kar;cfo;fcf;ozkaynaklar;toplam_borc;net_borc;nakit;toplam_aktif,toplam_borc;net_borc;ebitda;ihracat_orani;piyasa_degeri;pb;roe;roa;ev;ev_ebitda;fcf_verim
GUBRF.IS,2025Q2,2025-06-30,XI_29,isyatirim_pit,,,2026-09-07T22:37:09.582860708,,,2025-08-15,APPROXIMATE_FIXED_LAG,UNKNOWN,UNKNOWN,data\raw\isyatirim_cache\GUBRF_2025_XI_29.json,satislar;ebitda;op_gelir;net_kar;cfo;fcf;ozkaynaklar;toplam_borc;net_borc;nakit;toplam_aktif,toplam_borc;net_borc;ebitda;ihracat_orani;piyasa_degeri;pb;roe;roa;ev;ev_ebitda;fcf_verim
GUBRF.IS,2025Q3,2025-09-30,XI_29,isyatirim_pit,,,2026-09-07T22:37:09.582860708,,,2025-11-15,APPROXIMATE_FIXED_LAG,UNKNOWN,UNKNOWN,data\raw\isyatirim_cache\GUBRF_2025_XI_29.json,satislar;ebitda;op_gelir;net_kar;cfo;fcf;ozkaynaklar;toplam_borc;net_borc;nakit;toplam_aktif,toplam_borc;net_borc;ebitda;ihracat_orani;piyasa_degeri;pb;roe;roa;ev;ev_ebitda;fcf_verim
GUBRF.IS,2025Q4,2025-12-31,XI_29,isyatirim_pit,,,2026-09-07T22:37:09.582860708,,,2026-03-15,APPROXIMATE_FIXED_LAG,UNKNOWN,UNKNOWN,data\raw\isyatirim_cache\GUBRF_2025_XI_29.json,satislar;ebitda;op_gelir;net_kar;cfo;fcf;ozkaynaklar;toplam_borc;net_borc;nakit;toplam_aktif,toplam_borc;net_borc;ebitda;ihracat_orani;piyasa_degeri;pb;roe;roa;ev;ev_ebitda;fcf_verim
GUBRF.IS,2026Q1,2026-03-31,XI_29,isyatirim_pit,,,2026-09-07T22:37:09.715349436,,,2026-05-15,APPROXIMATE_FIXED_LAG,UNKNOWN,UNKNOWN,data\raw\isyatirim_cache\GUBRF_2026_XI_29.json,satislar;ebitda;op_gelir;net_kar;cfo;fcf;ozkaynaklar;toplam_borc;net_borc;nakit;toplam_aktif,toplam_borc;net_borc;ebitda;ihracat_orani;piyasa_degeri;pb;roe;roa;ev;ev_ebitda;fcf_verim
HALKB.IS,2018Q1,2018-03-31,UFRS,isyatirim_bank_pit,,,2026-09-07T22:36:58.392517328,,,2018-05-15,APPROXIMATE_FIXED_LAG,UNKNOWN,UNKNOWN,data\raw\isyatirim_cache\HALKB_2018_UFRS.json,satislar;ebitda;op_gelir;net_kar;cfo;fcf;ozkaynaklar;toplam_borc;net_borc;nakit;toplam_aktif,toplam_borc;net_borc;ebitda;ihracat_orani;piyasa_degeri;pb;roe;roa;ev;ev_ebitda;fcf_verim
HALKB.IS,2018Q2,2018-06-30,UFRS,isyatirim_bank_pit,,,2026-09-07T22:36:58.392517328,,,2018-08-15,APPROXIMATE_FIXED_LAG,UNKNOWN,UNKNOWN,data\raw\isyatirim_cache\HALKB_2018_UFRS.json,satislar;ebitda;op_gelir;net_kar;cfo;fcf;ozkaynaklar;toplam_borc;net_borc;nakit;toplam_aktif,toplam_borc;net_borc;ebitda;ihracat_orani;piyasa_degeri;pb;roe;roa;ev;ev_ebitda;fcf_verim
HALKB.IS,2018Q3,2018-09-30,UFRS,isyatirim_bank_pit,,,2026-09-07T22:36:58.392517328,,,2018-11-15,APPROXIMATE_FIXED_LAG,UNKNOWN,UNKNOWN,data\raw\isyatirim_cache\HALKB_2018_UFRS.json,satislar;ebitda;op_gelir;net_kar;cfo;fcf;ozkaynaklar;toplam_borc;net_borc;nakit;toplam_aktif,toplam_borc;net_borc;ebitda;ihracat_orani;piyasa_degeri;pb;roe;roa;ev;ev_ebitda;fcf_verim
HALKB.IS,2018Q4,2018-12-31,UFRS,isyatirim_bank_pit,,,2026-09-07T22:36:58.392517328,,,2019-03-15,APPROXIMATE_FIXED_LAG,UNKNOWN,UNKNOWN,data\raw\isyatirim_cache\HALKB_2018_UFRS.json,satislar;ebitda;op_gelir;net_kar;cfo;fcf;ozkaynaklar;toplam_borc;net_borc;nakit;toplam_aktif,toplam_borc;net_borc;ebitda;ihracat_orani;piyasa_degeri;pb;roe;roa;ev;ev_ebitda;fcf_verim
HALKB.IS,2019Q1,2019-03-31,UFRS,isyatirim_bank_pit,,,2026-09-07T22:36:58.551285505,,,2019-05-15,APPROXIMATE_FIXED_LAG,UNKNOWN,UNKNOWN,data\raw\isyatirim_cache\HALKB_2019_UFRS.json,satislar;ebitda;op_gelir;net_kar;cfo;fcf;ozkaynaklar;toplam_borc;net_borc;nakit;toplam_aktif,toplam_borc;net_borc;ebitda;ihracat_orani;piyasa_degeri;pb;roe;roa;ev;ev_ebitda;fcf_verim
HALKB.IS,2019Q2,2019-06-30,UFRS,isyatirim_bank_pit,,,2026-09-07T22:36:58.551285505,,,2019-08-15,APPROXIMATE_FIXED_LAG,UNKNOWN,UNKNOWN,data\raw\isyatirim_cache\HALKB_2019_UFRS.json,satislar;ebitda;op_gelir;net_kar;cfo;fcf;ozkaynaklar;toplam_borc;net_borc;nakit;toplam_aktif,toplam_borc;net_borc;ebitda;ihracat_orani;piyasa_degeri;pb;roe;roa;ev;ev_ebitda;fcf_verim
HALKB.IS,2019Q3,2019-09-30,UFRS,isyatirim_bank_pit,,,2026-09-07T22:36:58.551285505,,,2019-11-15,APPROXIMATE_FIXED_LAG,UNKNOWN,UNKNOWN,data\raw\isyatirim_cache\HALKB_2019_UFRS.json,satislar;ebitda;op_gelir;net_kar;cfo;fcf;ozkaynaklar;toplam_borc;net_borc;nakit;toplam_aktif,toplam_borc;net_borc;ebitda;ihracat_orani;piyasa_degeri;pb;roe;roa;ev;ev_ebitda;fcf_verim
HALKB.IS,2019Q4,2019-12-31,UFRS,isyatirim_bank_pit,,,2026-09-07T22:36:58.551285505,,,2020-03-15,APPROXIMATE_FIXED_LAG,UNKNOWN,UNKNOWN,data\raw\isyatirim_cache\HALKB_2019_UFRS.json,satislar;ebitda;op_gelir;net_kar;cfo;fcf;ozkaynaklar;toplam_borc;net_borc;nakit;toplam_aktif,toplam_borc;net_borc;ebitda;ihracat_orani;piyasa_degeri;pb;roe;roa;ev;ev_ebitda;fcf_verim
HALKB.IS,2020Q1,2020-03-31,UFRS,isyatirim_bank_pit,,,2026-09-07T22:36:58.712141991,,,2020-05-15,APPROXIMATE_FIXED_LAG,UNKNOWN,UNKNOWN,data\raw\isyatirim_cache\HALKB_2020_UFRS.json,satislar;ebitda;op_gelir;net_kar;cfo;fcf;ozkaynaklar;toplam_borc;net_borc;nakit;toplam_aktif,toplam_borc;net_borc;ebitda;ihracat_orani;piyasa_degeri;pb;roe;roa;ev;ev_ebitda;fcf_verim
HALKB.IS,2020Q2,2020-06-30,UFRS,isyatirim_bank_pit,,,2026-09-07T22:36:58.712141991,,,2020-08-15,APPROXIMATE_FIXED_LAG,UNKNOWN,UNKNOWN,data\raw\isyatirim_cache\HALKB_2020_UFRS.json,satislar;ebitda;op_gelir;net_kar;cfo;fcf;ozkaynaklar;toplam_borc;net_borc;nakit;toplam_aktif,toplam_borc;net_borc;ebitda;ihracat_orani;piyasa_degeri;pb;roe;roa;ev;ev_ebitda;fcf_verim
HALKB.IS,2020Q3,2020-09-30,UFRS,isyatirim_bank_pit,,,2026-09-07T22:36:58.712141991,,,2020-11-15,APPROXIMATE_FIXED_LAG,UNKNOWN,UNKNOWN,data\raw\isyatirim_cache\HALKB_2020_UFRS.json,satislar;ebitda;op_gelir;net_kar;cfo;fcf;ozkaynaklar;toplam_borc;net_borc;nakit;toplam_aktif,toplam_borc;net_borc;ebitda;ihracat_orani;piyasa_degeri;pb;roe;roa;ev;ev_ebitda;fcf_verim
HALKB.IS,2020Q4,2020-12-31,UFRS,isyatirim_bank_pit,,,2026-09-07T22:36:58.712141991,,,2021-03-15,APPROXIMATE_FIXED_LAG,UNKNOWN,UNKNOWN,data\raw\isyatirim_cache\HALKB_2020_UFRS.json,satislar;ebitda;op_gelir;net_kar;cfo;fcf;ozkaynaklar;toplam_borc;net_borc;nakit;toplam_aktif,toplam_borc;net_borc;ebitda;ihracat_orani;piyasa_degeri;pb;roe;roa;ev;ev_ebitda;fcf_verim
HALKB.IS,2021Q1,2021-03-31,UFRS,isyatirim_bank_pit,,,2026-09-07T22:36:58.863009453,,,2021-05-15,APPROXIMATE_FIXED_LAG,UNKNOWN,UNKNOWN,data\raw\isyatirim_cache\HALKB_2021_UFRS.json,satislar;ebitda;op_gelir;net_kar;cfo;fcf;ozkaynaklar;toplam_borc;net_borc;nakit;toplam_aktif,toplam_borc;net_borc;ebitda;ihracat_orani;piyasa_degeri;pb;roe;roa;ev;ev_ebitda;fcf_verim
HALKB.IS,2021Q2,2021-06-30,UFRS,isyatirim_bank_pit,,,2026-09-07T22:36:58.863009453,,,2021-08-15,APPROXIMATE_FIXED_LAG,UNKNOWN,UNKNOWN,data\raw\isyatirim_cache\HALKB_2021_UFRS.json,satislar;ebitda;op_gelir;net_kar;cfo;fcf;ozkaynaklar;toplam_borc;net_borc;nakit;toplam_aktif,toplam_borc;net_borc;ebitda;ihracat_orani;piyasa_degeri;pb;roe;roa;ev;ev_ebitda;fcf_verim
HALKB.IS,2021Q3,2021-09-30,UFRS,isyatirim_bank_pit,,,2026-09-07T22:36:58.863009453,,,2021-11-15,APPROXIMATE_FIXED_LAG,UNKNOWN,UNKNOWN,data\raw\isyatirim_cache\HALKB_2021_UFRS.json,satislar;ebitda;op_gelir;net_kar;cfo;fcf;ozkaynaklar;toplam_borc;net_borc;nakit;toplam_aktif,toplam_borc;net_borc;ebitda;ihracat_orani;piyasa_degeri;pb;roe;roa;ev;ev_ebitda;fcf_verim
HALKB.IS,2021Q4,2021-12-31,UFRS,isyatirim_bank_pit,,,2026-09-07T22:36:58.863009453,,,2022-03-15,APPROXIMATE_FIXED_LAG,UNKNOWN,UNKNOWN,data\raw\isyatirim_cache\HALKB_2021_UFRS.json,satislar;ebitda;op_gelir;net_kar;cfo;fcf;ozkaynaklar;toplam_borc;net_borc;nakit;toplam_aktif,toplam_borc;net_borc;ebitda;ihracat_orani;piyasa_degeri;pb;roe;roa;ev;ev_ebitda;fcf_verim
HALKB.IS,2022Q1,2022-03-31,UFRS,isyatirim_bank_pit,,,2026-09-07T22:36:59.023098707,,,2022-05-15,APPROXIMATE_FIXED_LAG,UNKNOWN,UNKNOWN,data\raw\isyatirim_cache\HALKB_2022_UFRS.json,satislar;ebitda;op_gelir;net_kar;cfo;fcf;ozkaynaklar;toplam_borc;net_borc;nakit;toplam_aktif,toplam_borc;net_borc;ebitda;ihracat_orani;piyasa_degeri;pb;roe;roa;ev;ev_ebitda;fcf_verim
HALKB.IS,2022Q2,2022-06-30,UFRS,isyatirim_bank_pit,,,2026-09-07T22:36:59.023098707,,,2022-08-15,APPROXIMATE_FIXED_LAG,UNKNOWN,UNKNOWN,data\raw\isyatirim_cache\HALKB_2022_UFRS.json,satislar;ebitda;op_gelir;net_kar;cfo;fcf;ozkaynaklar;toplam_borc;net_borc;nakit;toplam_aktif,toplam_borc;net_borc;ebitda;ihracat_orani;piyasa_degeri;pb;roe;roa;ev;ev_ebitda;fcf_verim
HALKB.IS,2022Q3,2022-09-30,UFRS,isyatirim_bank_pit,,,2026-09-07T22:36:59.023098707,,,2022-11-15,APPROXIMATE_FIXED_LAG,UNKNOWN,UNKNOWN,data\raw\isyatirim_cache\HALKB_2022_UFRS.json,satislar;ebitda;op_gelir;net_kar;cfo;fcf;ozkaynaklar;toplam_borc;net_borc;nakit;toplam_aktif,toplam_borc;net_borc;ebitda;ihracat_orani;piyasa_degeri;pb;roe;roa;ev;ev_ebitda;fcf_verim
HALKB.IS,2022Q4,2022-12-31,UFRS,isyatirim_bank_pit,,,2026-09-07T22:36:59.023098707,,,2023-03-15,APPROXIMATE_FIXED_LAG,UNKNOWN,UNKNOWN,data\raw\isyatirim_cache\HALKB_2022_UFRS.json,satislar;ebitda;op_gelir;net_kar;cfo;fcf;ozkaynaklar;toplam_borc;net_borc;nakit;toplam_aktif,toplam_borc;net_borc;ebitda;ihracat_orani;piyasa_degeri;pb;roe;roa;ev;ev_ebitda;fcf_verim
HALKB.IS,2023Q1,2023-03-31,UFRS,isyatirim_bank_pit,,,2026-09-07T22:36:59.169399500,,,2023-05-15,APPROXIMATE_FIXED_LAG,UNKNOWN,UNKNOWN,data\raw\isyatirim_cache\HALKB_2023_UFRS.json,satislar;ebitda;op_gelir;net_kar;cfo;fcf;ozkaynaklar;toplam_borc;net_borc;nakit;toplam_aktif,toplam_borc;net_borc;ebitda;ihracat_orani;piyasa_degeri;pb;roe;roa;ev;ev_ebitda;fcf_verim
HALKB.IS,2023Q2,2023-06-30,UFRS,isyatirim_bank_pit,,,2026-09-07T22:36:59.169399500,,,2023-08-15,APPROXIMATE_FIXED_LAG,UNKNOWN,UNKNOWN,data\raw\isyatirim_cache\HALKB_2023_UFRS.json,satislar;ebitda;op_gelir;net_kar;cfo;fcf;ozkaynaklar;toplam_borc;net_borc;nakit;toplam_aktif,toplam_borc;net_borc;ebitda;ihracat_orani;piyasa_degeri;pb;roe;roa;ev;ev_ebitda;fcf_verim
HALKB.IS,2023Q3,2023-09-30,UFRS,isyatirim_bank_pit,,,2026-09-07T22:36:59.169399500,,,2023-11-15,APPROXIMATE_FIXED_LAG,UNKNOWN,UNKNOWN,data\raw\isyatirim_cache\HALKB_2023_UFRS.json,satislar;ebitda;op_gelir;net_kar;cfo;fcf;ozkaynaklar;toplam_borc;net_borc;nakit;toplam_aktif,toplam_borc;net_borc;ebitda;ihracat_orani;piyasa_degeri;pb;roe;roa;ev;ev_ebitda;fcf_verim
HALKB.IS,2023Q4,2023-12-31,UFRS,isyatirim_bank_pit,,,2026-09-07T22:36:59.169399500,,,2024-03-15,APPROXIMATE_FIXED_LAG,UNKNOWN,UNKNOWN,data\raw\isyatirim_cache\HALKB_2023_UFRS.json,satislar;ebitda;op_gelir;net_kar;cfo;fcf;ozkaynaklar;toplam_borc;net_borc;nakit;toplam_aktif,toplam_borc;net_borc;ebitda;ihracat_orani;piyasa_degeri;pb;roe;roa;ev;ev_ebitda;fcf_verim
HALKB.IS,2024Q1,2024-03-31,UFRS,isyatirim_bank_pit,,,2026-09-07T22:36:59.261411190,,,2024-05-15,APPROXIMATE_FIXED_LAG,UNKNOWN,UNKNOWN,data\raw\isyatirim_cache\HALKB_2024_UFRS.json,satislar;ebitda;op_gelir;net_kar;cfo;fcf;ozkaynaklar;toplam_borc;net_borc;nakit;toplam_aktif,toplam_borc;net_borc;ebitda;ihracat_orani;piyasa_degeri;pb;roe;roa;ev;ev_ebitda;fcf_verim
HALKB.IS,2024Q2,2024-06-30,UFRS,isyatirim_bank_pit,,,2026-09-07T22:36:59.261411190,,,2024-08-15,APPROXIMATE_FIXED_LAG,UNKNOWN,UNKNOWN,data\raw\isyatirim_cache\HALKB_2024_UFRS.json,satislar;ebitda;op_gelir;net_kar;cfo;fcf;ozkaynaklar;toplam_borc;net_borc;nakit;toplam_aktif,toplam_borc;net_borc;ebitda;ihracat_orani;piyasa_degeri;pb;roe;roa;ev;ev_ebitda;fcf_verim
HALKB.IS,2024Q3,2024-09-30,UFRS,isyatirim_bank_pit,,,2026-09-07T22:36:59.261411190,,,2024-11-15,APPROXIMATE_FIXED_LAG,UNKNOWN,UNKNOWN,data\raw\isyatirim_cache\HALKB_2024_UFRS.json,satislar;ebitda;op_gelir;net_kar;cfo;fcf;ozkaynaklar;toplam_borc;net_borc;nakit;toplam_aktif,toplam_borc;net_borc;ebitda;ihracat_orani;piyasa_degeri;pb;roe;roa;ev;ev_ebitda;fcf_verim
HALKB.IS,2024Q4,2024-12-31,UFRS,isyatirim_bank_pit,,,2026-09-07T22:36:59.261411190,,,2025-03-15,APPROXIMATE_FIXED_LAG,UNKNOWN,UNKNOWN,data\raw\isyatirim_cache\HALKB_2024_UFRS.json,satislar;ebitda;op_gelir;net_kar;cfo;fcf;ozkaynaklar;toplam_borc;net_borc;nakit;toplam_aktif,toplam_borc;net_borc;ebitda;ihracat_orani;piyasa_degeri;pb;roe;roa;ev;ev_ebitda;fcf_verim
HALKB.IS,2025Q1,2025-03-31,UFRS,isyatirim_bank_pit,,,2026-09-07T22:36:59.411556959,,,2025-05-15,APPROXIMATE_FIXED_LAG,UNKNOWN,UNKNOWN,data\raw\isyatirim_cache\HALKB_2025_UFRS.json,satislar;ebitda;op_gelir;net_kar;cfo;fcf;ozkaynaklar;toplam_borc;net_borc;nakit;toplam_aktif,toplam_borc;net_borc;ebitda;ihracat_orani;piyasa_degeri;pb;roe;roa;ev;ev_ebitda;fcf_verim
HALKB.IS,2025Q2,2025-06-30,UFRS,isyatirim_bank_pit,,,2026-09-07T22:36:59.411556959,,,2025-08-15,APPROXIMATE_FIXED_LAG,UNKNOWN,UNKNOWN,data\raw\isyatirim_cache\HALKB_2025_UFRS.json,satislar;ebitda;op_gelir;net_kar;cfo;fcf;ozkaynaklar;toplam_borc;net_borc;nakit;toplam_aktif,toplam_borc;net_borc;ebitda;ihracat_orani;piyasa_degeri;pb;roe;roa;ev;ev_ebitda;fcf_verim
HALKB.IS,2025Q3,2025-09-30,UFRS,isyatirim_bank_pit,,,2026-09-07T22:36:59.411556959,,,2025-11-15,APPROXIMATE_FIXED_LAG,UNKNOWN,UNKNOWN,data\raw\isyatirim_cache\HALKB_2025_UFRS.json,satislar;ebitda;op_gelir;net_kar;cfo;fcf;ozkaynaklar;toplam_borc;net_borc;nakit;toplam_aktif,toplam_borc;net_borc;ebitda;ihracat_orani;piyasa_degeri;pb;roe;roa;ev;ev_ebitda;fcf_verim
HALKB.IS,2025Q4,2025-12-31,UFRS,isyatirim_bank_pit,,,2026-09-07T22:36:59.411556959,,,2026-03-15,APPROXIMATE_FIXED_LAG,UNKNOWN,UNKNOWN,data\raw\isyatirim_cache\HALKB_2025_UFRS.json,satislar;ebitda;op_gelir;net_kar;cfo;fcf;ozkaynaklar;toplam_borc;net_borc;nakit;toplam_aktif,toplam_borc;net_borc;ebitda;ihracat_orani;piyasa_degeri;pb;roe;roa;ev;ev_ebitda;fcf_verim
HALKB.IS,2026Q1,2026-03-31,UFRS,isyatirim_bank_pit,,,2026-09-07T22:36:59.561028719,,,2026-05-15,APPROXIMATE_FIXED_LAG,UNKNOWN,UNKNOWN,data\raw\isyatirim_cache\HALKB_2026_UFRS.json,satislar;ebitda;op_gelir;net_kar;cfo;fcf;ozkaynaklar;toplam_borc;net_borc;nakit;toplam_aktif,toplam_borc;net_borc;ebitda;ihracat_orani;piyasa_degeri;pb;roe;roa;ev;ev_ebitda;fcf_verim
HALKB.IS,2026Q2,2026-06-30,UFRS,isyatirim_bank_pit,,,2026-09-07T22:36:59.561028719,,,2026-08-15,APPROXIMATE_FIXED_LAG,UNKNOWN,UNKNOWN,data\raw\isyatirim_cache\HALKB_2026_UFRS.json,satislar;ebitda;op_gelir;net_kar;cfo;fcf;ozkaynaklar;toplam_borc;net_borc;nakit;toplam_aktif,toplam_borc;net_borc;ebitda;ihracat_orani;piyasa_degeri;pb;roe;roa;ev;ev_ebitda;fcf_verim
HEKTS.IS,2018Q1,2018-03-31,XI_29,isyatirim_pit,,,2026-09-07T22:37:07.353708982,,,2018-05-15,APPROXIMATE_FIXED_LAG,UNKNOWN,UNKNOWN,data\raw\isyatirim_cache\HEKTS_2018_XI_29.json,satislar;ebitda;op_gelir;net_kar;cfo;fcf;ozkaynaklar;toplam_borc;net_borc;nakit;toplam_aktif,toplam_borc;net_borc;ebitda;ihracat_orani;piyasa_degeri;pb;roe;roa;ev;ev_ebitda;fcf_verim
HEKTS.IS,2018Q2,2018-06-30,XI_29,isyatirim_pit,,,2026-09-07T22:37:07.353708982,,,2018-08-15,APPROXIMATE_FIXED_LAG,UNKNOWN,UNKNOWN,data\raw\isyatirim_cache\HEKTS_2018_XI_29.json,satislar;ebitda;op_gelir;net_kar;cfo;fcf;ozkaynaklar;toplam_borc;net_borc;nakit;toplam_aktif,toplam_borc;net_borc;ebitda;ihracat_orani;piyasa_degeri;pb;roe;roa;ev;ev_ebitda;fcf_verim
HEKTS.IS,2018Q3,2018-09-30,XI_29,isyatirim_pit,,,2026-09-07T22:37:07.353708982,,,2018-11-15,APPROXIMATE_FIXED_LAG,UNKNOWN,UNKNOWN,data\raw\isyatirim_cache\HEKTS_2018_XI_29.json,satislar;ebitda;op_gelir;net_kar;cfo;fcf;ozkaynaklar;toplam_borc;net_borc;nakit;toplam_aktif,toplam_borc;net_borc;ebitda;ihracat_orani;piyasa_degeri;pb;roe;roa;ev;ev_ebitda;fcf_verim
HEKTS.IS,2018Q4,2018-12-31,XI_29,isyatirim_pit,,,2026-09-07T22:37:07.353708982,,,2019-03-15,APPROXIMATE_FIXED_LAG,UNKNOWN,UNKNOWN,data\raw\isyatirim_cache\HEKTS_2018_XI_29.json,satislar;ebitda;op_gelir;net_kar;cfo;fcf;ozkaynaklar;toplam_borc;net_borc;nakit;toplam_aktif,toplam_borc;net_borc;ebitda;ihracat_orani;piyasa_degeri;pb;roe;roa;ev;ev_ebitda;fcf_verim
HEKTS.IS,2019Q1,2019-03-31,XI_29,isyatirim_pit,,,2026-09-07T22:37:07.520674706,,,2019-05-15,APPROXIMATE_FIXED_LAG,UNKNOWN,UNKNOWN,data\raw\isyatirim_cache\HEKTS_2019_XI_29.json,satislar;ebitda;op_gelir;net_kar;cfo;fcf;ozkaynaklar;toplam_borc;net_borc;nakit;toplam_aktif,toplam_borc;net_borc;ebitda;ihracat_orani;piyasa_degeri;pb;roe;roa;ev;ev_ebitda;fcf_verim
HEKTS.IS,2019Q2,2019-06-30,XI_29,isyatirim_pit,,,2026-09-07T22:37:07.520674706,,,2019-08-15,APPROXIMATE_FIXED_LAG,UNKNOWN,UNKNOWN,data\raw\isyatirim_cache\HEKTS_2019_XI_29.json,satislar;ebitda;op_gelir;net_kar;cfo;fcf;ozkaynaklar;toplam_borc;net_borc;nakit;toplam_aktif,toplam_borc;net_borc;ebitda;ihracat_orani;piyasa_degeri;pb;roe;roa;ev;ev_ebitda;fcf_verim
HEKTS.IS,2019Q3,2019-09-30,XI_29,isyatirim_pit,,,2026-09-07T22:37:07.520674706,,,2019-11-15,APPROXIMATE_FIXED_LAG,UNKNOWN,UNKNOWN,data\raw\isyatirim_cache\HEKTS_2019_XI_29.json,satislar;ebitda;op_gelir;net_kar;cfo;fcf;ozkaynaklar;toplam_borc;net_borc;nakit;toplam_aktif,toplam_borc;net_borc;ebitda;ihracat_orani;piyasa_degeri;pb;roe;roa;ev;ev_ebitda;fcf_verim
HEKTS.IS,2019Q4,2019-12-31,XI_29,isyatirim_pit,,,2026-09-07T22:37:07.520674706,,,2020-03-15,APPROXIMATE_FIXED_LAG,UNKNOWN,UNKNOWN,data\raw\isyatirim_cache\HEKTS_2019_XI_29.json,satislar;ebitda;op_gelir;net_kar;cfo;fcf;ozkaynaklar;toplam_borc;net_borc;nakit;toplam_aktif,toplam_borc;net_borc;ebitda;ihracat_orani;piyasa_degeri;pb;roe;roa;ev;ev_ebitda;fcf_verim
HEKTS.IS,2020Q1,2020-03-31,XI_29,isyatirim_pit,,,2026-09-07T22:37:07.665072680,,,2020-05-15,APPROXIMATE_FIXED_LAG,UNKNOWN,UNKNOWN,data\raw\isyatirim_cache\HEKTS_2020_XI_29.json,satislar;ebitda;op_gelir;net_kar;cfo;fcf;ozkaynaklar;toplam_borc;net_borc;nakit;toplam_aktif,toplam_borc;net_borc;ebitda;ihracat_orani;piyasa_degeri;pb;roe;roa;ev;ev_ebitda;fcf_verim
HEKTS.IS,2020Q2,2020-06-30,XI_29,isyatirim_pit,,,2026-09-07T22:37:07.665072680,,,2020-08-15,APPROXIMATE_FIXED_LAG,UNKNOWN,UNKNOWN,data\raw\isyatirim_cache\HEKTS_2020_XI_29.json,satislar;ebitda;op_gelir;net_kar;cfo;fcf;ozkaynaklar;toplam_borc;net_borc;nakit;toplam_aktif,toplam_borc;net_borc;ebitda;ihracat_orani;piyasa_degeri;pb;roe;roa;ev;ev_ebitda;fcf_verim
HEKTS.IS,2020Q3,2020-09-30,XI_29,isyatirim_pit,,,2026-09-07T22:37:07.665072680,,,2020-11-15,APPROXIMATE_FIXED_LAG,UNKNOWN,UNKNOWN,data\raw\isyatirim_cache\HEKTS_2020_XI_29.json,satislar;ebitda;op_gelir;net_kar;cfo;fcf;ozkaynaklar;toplam_borc;net_borc;nakit;toplam_aktif,toplam_borc;net_borc;ebitda;ihracat_orani;piyasa_degeri;pb;roe;roa;ev;ev_ebitda;fcf_verim
HEKTS.IS,2020Q4,2020-12-31,XI_29,isyatirim_pit,,,2026-09-07T22:37:07.665072680,,,2021-03-15,APPROXIMATE_FIXED_LAG,UNKNOWN,UNKNOWN,data\raw\isyatirim_cache\HEKTS_2020_XI_29.json,satislar;ebitda;op_gelir;net_kar;cfo;fcf;ozkaynaklar;toplam_borc;net_borc;nakit;toplam_aktif,toplam_borc;net_borc;ebitda;ihracat_orani;piyasa_degeri;pb;roe;roa;ev;ev_ebitda;fcf_verim
HEKTS.IS,2021Q1,2021-03-31,XI_29,isyatirim_pit,,,2026-09-07T22:37:07.869156122,,,2021-05-15,APPROXIMATE_FIXED_LAG,UNKNOWN,UNKNOWN,data\raw\isyatirim_cache\HEKTS_2021_XI_29.json,satislar;ebitda;op_gelir;net_kar;cfo;fcf;ozkaynaklar;toplam_borc;net_borc;nakit;toplam_aktif,toplam_borc;net_borc;ebitda;ihracat_orani;piyasa_degeri;pb;roe;roa;ev;ev_ebitda;fcf_verim
HEKTS.IS,2021Q2,2021-06-30,XI_29,isyatirim_pit,,,2026-09-07T22:37:07.869156122,,,2021-08-15,APPROXIMATE_FIXED_LAG,UNKNOWN,UNKNOWN,data\raw\isyatirim_cache\HEKTS_2021_XI_29.json,satislar;ebitda;op_gelir;net_kar;cfo;fcf;ozkaynaklar;toplam_borc;net_borc;nakit;toplam_aktif,toplam_borc;net_borc;ebitda;ihracat_orani;piyasa_degeri;pb;roe;roa;ev;ev_ebitda;fcf_verim
HEKTS.IS,2021Q3,2021-09-30,XI_29,isyatirim_pit,,,2026-09-07T22:37:07.869156122,,,2021-11-15,APPROXIMATE_FIXED_LAG,UNKNOWN,UNKNOWN,data\raw\isyatirim_cache\HEKTS_2021_XI_29.json,satislar;ebitda;op_gelir;net_kar;cfo;fcf;ozkaynaklar;toplam_borc;net_borc;nakit;toplam_aktif,toplam_borc;net_borc;ebitda;ihracat_orani;piyasa_degeri;pb;roe;roa;ev;ev_ebitda;fcf_verim
HEKTS.IS,2021Q4,2021-12-31,XI_29,isyatirim_pit,,,2026-09-07T22:37:07.869156122,,,2022-03-15,APPROXIMATE_FIXED_LAG,UNKNOWN,UNKNOWN,data\raw\isyatirim_cache\HEKTS_2021_XI_29.json,satislar;ebitda;op_gelir;net_kar;cfo;fcf;ozkaynaklar;toplam_borc;net_borc;nakit;toplam_aktif,toplam_borc;net_borc;ebitda;ihracat_orani;piyasa_degeri;pb;roe;roa;ev;ev_ebitda;fcf_verim
HEKTS.IS,2022Q1,2022-03-31,XI_29,isyatirim_pit,,,2026-09-07T22:37:08.208766699,,,2022-05-15,APPROXIMATE_FIXED_LAG,UNKNOWN,UNKNOWN,data\raw\isyatirim_cache\HEKTS_2022_XI_29.json,satislar;ebitda;op_gelir;net_kar;cfo;fcf;ozkaynaklar;toplam_borc;net_borc;nakit;toplam_aktif,toplam_borc;net_borc;ebitda;ihracat_orani;piyasa_degeri;pb;roe;roa;ev;ev_ebitda;fcf_verim
HEKTS.IS,2022Q2,2022-06-30,XI_29,isyatirim_pit,,,2026-09-07T22:37:08.208766699,,,2022-08-15,APPROXIMATE_FIXED_LAG,UNKNOWN,UNKNOWN,data\raw\isyatirim_cache\HEKTS_2022_XI_29.json,satislar;ebitda;op_gelir;net_kar;cfo;fcf;ozkaynaklar;toplam_borc;net_borc;nakit;toplam_aktif,toplam_borc;net_borc;ebitda;ihracat_orani;piyasa_degeri;pb;roe;roa;ev;ev_ebitda;fcf_verim
HEKTS.IS,2022Q3,2022-09-30,XI_29,isyatirim_pit,,,2026-09-07T22:37:08.208766699,,,2022-11-15,APPROXIMATE_FIXED_LAG,UNKNOWN,UNKNOWN,data\raw\isyatirim_cache\HEKTS_2022_XI_29.json,satislar;ebitda;op_gelir;net_kar;cfo;fcf;ozkaynaklar;toplam_borc;net_borc;nakit;toplam_aktif,toplam_borc;net_borc;ebitda;ihracat_orani;piyasa_degeri;pb;roe;roa;ev;ev_ebitda;fcf_verim
HEKTS.IS,2022Q4,2022-12-31,XI_29,isyatirim_pit,,,2026-09-07T22:37:08.208766699,,,2023-03-15,APPROXIMATE_FIXED_LAG,UNKNOWN,UNKNOWN,data\raw\isyatirim_cache\HEKTS_2022_XI_29.json,satislar;ebitda;op_gelir;net_kar;cfo;fcf;ozkaynaklar;toplam_borc;net_borc;nakit;toplam_aktif,toplam_borc;net_borc;ebitda;ihracat_orani;piyasa_degeri;pb;roe;roa;ev;ev_ebitda;fcf_verim
HEKTS.IS,2023Q1,2023-03-31,XI_29,isyatirim_pit,,,2026-09-07T22:37:08.338701487,,,2023-05-15,APPROXIMATE_FIXED_LAG,UNKNOWN,UNKNOWN,data\raw\isyatirim_cache\HEKTS_2023_XI_29.json,satislar;ebitda;op_gelir;net_kar;cfo;fcf;ozkaynaklar;toplam_borc;net_borc;nakit;toplam_aktif,toplam_borc;net_borc;ebitda;ihracat_orani;piyasa_degeri;pb;roe;roa;ev;ev_ebitda;fcf_verim
HEKTS.IS,2023Q2,2023-06-30,XI_29,isyatirim_pit,,,2026-09-07T22:37:08.338701487,,,2023-08-15,APPROXIMATE_FIXED_LAG,UNKNOWN,UNKNOWN,data\raw\isyatirim_cache\HEKTS_2023_XI_29.json,satislar;ebitda;op_gelir;net_kar;cfo;fcf;ozkaynaklar;toplam_borc;net_borc;nakit;toplam_aktif,toplam_borc;net_borc;ebitda;ihracat_orani;piyasa_degeri;pb;roe;roa;ev;ev_ebitda;fcf_verim
HEKTS.IS,2023Q3,2023-09-30,XI_29,isyatirim_pit,,,2026-09-07T22:37:08.338701487,,,2023-11-15,APPROXIMATE_FIXED_LAG,UNKNOWN,UNKNOWN,data\raw\isyatirim_cache\HEKTS_2023_XI_29.json,satislar;ebitda;op_gelir;net_kar;cfo;fcf;ozkaynaklar;toplam_borc;net_borc;nakit;toplam_aktif,toplam_borc;net_borc;ebitda;ihracat_orani;piyasa_degeri;pb;roe;roa;ev;ev_ebitda;fcf_verim
HEKTS.IS,2023Q4,2023-12-31,XI_29,isyatirim_pit,,,2026-09-07T22:37:08.338701487,,,2024-03-15,APPROXIMATE_FIXED_LAG,UNKNOWN,UNKNOWN,data\raw\isyatirim_cache\HEKTS_2023_XI_29.json,satislar;ebitda;op_gelir;net_kar;cfo;fcf;ozkaynaklar;toplam_borc;net_borc;nakit;toplam_aktif,toplam_borc;net_borc;ebitda;ihracat_orani;piyasa_degeri;pb;roe;roa;ev;ev_ebitda;fcf_verim
HEKTS.IS,2024Q1,2024-03-31,XI_29,isyatirim_pit,,,2026-09-07T22:37:08.448634148,,,2024-05-15,APPROXIMATE_FIXED_LAG,UNKNOWN,UNKNOWN,data\raw\isyatirim_cache\HEKTS_2024_XI_29.json,satislar;ebitda;op_gelir;net_kar;cfo;fcf;ozkaynaklar;toplam_borc;net_borc;nakit;toplam_aktif,toplam_borc;net_borc;ebitda;ihracat_orani;piyasa_degeri;pb;roe;roa;ev;ev_ebitda;fcf_verim
HEKTS.IS,2024Q2,2024-06-30,XI_29,isyatirim_pit,,,2026-09-07T22:37:08.448634148,,,2024-08-15,APPROXIMATE_FIXED_LAG,UNKNOWN,UNKNOWN,data\raw\isyatirim_cache\HEKTS_2024_XI_29.json,satislar;ebitda;op_gelir;net_kar;cfo;fcf;ozkaynaklar;toplam_borc;net_borc;nakit;toplam_aktif,toplam_borc;net_borc;ebitda;ihracat_orani;piyasa_degeri;pb;roe;roa;ev;ev_ebitda;fcf_verim
HEKTS.IS,2024Q3,2024-09-30,XI_29,isyatirim_pit,,,2026-09-07T22:37:08.448634148,,,2024-11-15,APPROXIMATE_FIXED_LAG,UNKNOWN,UNKNOWN,data\raw\isyatirim_cache\HEKTS_2024_XI_29.json,satislar;ebitda;op_gelir;net_kar;cfo;fcf;ozkaynaklar;toplam_borc;net_borc;nakit;toplam_aktif,toplam_borc;net_borc;ebitda;ihracat_orani;piyasa_degeri;pb;roe;roa;ev;ev_ebitda;fcf_verim
HEKTS.IS,2024Q4,2024-12-31,XI_29,isyatirim_pit,,,2026-09-07T22:37:08.448634148,,,2025-03-15,APPROXIMATE_FIXED_LAG,UNKNOWN,UNKNOWN,data\raw\isyatirim_cache\HEKTS_2024_XI_29.json,satislar;ebitda;op_gelir;net_kar;cfo;fcf;ozkaynaklar;toplam_borc;net_borc;nakit;toplam_aktif,toplam_borc;net_borc;ebitda;ihracat_orani;piyasa_degeri;pb;roe;roa;ev;ev_ebitda;fcf_verim
HEKTS.IS,2025Q1,2025-03-31,XI_29,isyatirim_pit,,,2026-09-07T22:37:08.664882183,,,2025-05-15,APPROXIMATE_FIXED_LAG,UNKNOWN,UNKNOWN,data\raw\isyatirim_cache\HEKTS_2025_XI_29.json,satislar;ebitda;op_gelir;net_kar;cfo;fcf;ozkaynaklar;toplam_borc;net_borc;nakit;toplam_aktif,toplam_borc;net_borc;ebitda;ihracat_orani;piyasa_degeri;pb;roe;roa;ev;ev_ebitda;fcf_verim
HEKTS.IS,2025Q2,2025-06-30,XI_29,isyatirim_pit,,,2026-09-07T22:37:08.664882183,,,2025-08-15,APPROXIMATE_FIXED_LAG,UNKNOWN,UNKNOWN,data\raw\isyatirim_cache\HEKTS_2025_XI_29.json,satislar;ebitda;op_gelir;net_kar;cfo;fcf;ozkaynaklar;toplam_borc;net_borc;nakit;toplam_aktif,toplam_borc;net_borc;ebitda;ihracat_orani;piyasa_degeri;pb;roe;roa;ev;ev_ebitda;fcf_verim
HEKTS.IS,2025Q3,2025-09-30,XI_29,isyatirim_pit,,,2026-09-07T22:37:08.664882183,,,2025-11-15,APPROXIMATE_FIXED_LAG,UNKNOWN,UNKNOWN,data\raw\isyatirim_cache\HEKTS_2025_XI_29.json,satislar;ebitda;op_gelir;net_kar;cfo;fcf;ozkaynaklar;toplam_borc;net_borc;nakit;toplam_aktif,toplam_borc;net_borc;ebitda;ihracat_orani;piyasa_degeri;pb;roe;roa;ev;ev_ebitda;fcf_verim
HEKTS.IS,2025Q4,2025-12-31,XI_29,isyatirim_pit,,,2026-09-07T22:37:08.664882183,,,2026-03-15,APPROXIMATE_FIXED_LAG,UNKNOWN,UNKNOWN,data\raw\isyatirim_cache\HEKTS_2025_XI_29.json,satislar;ebitda;op_gelir;net_kar;cfo;fcf;ozkaynaklar;toplam_borc;net_borc;nakit;toplam_aktif,toplam_borc;net_borc;ebitda;ihracat_orani;piyasa_degeri;pb;roe;roa;ev;ev_ebitda;fcf_verim
HEKTS.IS,2026Q1,2026-03-31,XI_29,isyatirim_pit,,,2026-09-07T22:37:08.797662497,,,2026-05-15,APPROXIMATE_FIXED_LAG,UNKNOWN,UNKNOWN,data\raw\isyatirim_cache\HEKTS_2026_XI_29.json,satislar;ebitda;op_gelir;net_kar;cfo;fcf;ozkaynaklar;toplam_borc;net_borc;nakit;toplam_aktif,toplam_borc;net_borc;ebitda;ihracat_orani;piyasa_degeri;pb;roe;roa;ev;ev_ebitda;fcf_verim
HEKTS.IS,2026Q2,2026-06-30,XI_29,isyatirim_pit,,,2026-09-07T22:37:08.797662497,,,2026-08-15,APPROXIMATE_FIXED_LAG,UNKNOWN,UNKNOWN,data\raw\isyatirim_cache\HEKTS_2026_XI_29.json,satislar;ebitda;op_gelir;net_kar;cfo;fcf;ozkaynaklar;toplam_borc;net_borc;nakit;toplam_aktif,toplam_borc;net_borc;ebitda;ihracat_orani;piyasa_degeri;pb;roe;roa;ev;ev_ebitda;fcf_verim
INVES.IS,2019Q4,2019-12-31,XI_29,isyatirim_pit,,,2026-09-07T22:37:32.205536604,,,2020-03-15,APPROXIMATE_FIXED_LAG,UNKNOWN,UNKNOWN,data\raw\isyatirim_cache\INVES_2019_XI_29.json,satislar;ebitda;op_gelir;net_kar;cfo;fcf;ozkaynaklar;toplam_borc;net_borc;nakit;toplam_aktif,toplam_borc;net_borc;ebitda;ihracat_orani;piyasa_degeri;pb;roe;roa;ev;ev_ebitda;fcf_verim
INVES.IS,2020Q4,2020-12-31,XI_29,isyatirim_pit,,,2026-09-07T22:37:32.330766916,,,2021-03-15,APPROXIMATE_FIXED_LAG,UNKNOWN,UNKNOWN,data\raw\isyatirim_cache\INVES_2020_XI_29.json,satislar;ebitda;op_gelir;net_kar;cfo;fcf;ozkaynaklar;toplam_borc;net_borc;nakit;toplam_aktif,toplam_borc;net_borc;ebitda;ihracat_orani;piyasa_degeri;pb;roe;roa;ev;ev_ebitda;fcf_verim
INVES.IS,2021Q1,2021-03-31,XI_29,isyatirim_pit,,,2026-09-07T22:37:32.469132185,,,2021-05-15,APPROXIMATE_FIXED_LAG,UNKNOWN,UNKNOWN,data\raw\isyatirim_cache\INVES_2021_XI_29.json,satislar;ebitda;op_gelir;net_kar;cfo;fcf;ozkaynaklar;toplam_borc;net_borc;nakit;toplam_aktif,toplam_borc;net_borc;ebitda;ihracat_orani;piyasa_degeri;pb;roe;roa;ev;ev_ebitda;fcf_verim
INVES.IS,2021Q2,2021-06-30,XI_29,isyatirim_pit,,,2026-09-07T22:37:32.469132185,,,2021-08-15,APPROXIMATE_FIXED_LAG,UNKNOWN,UNKNOWN,data\raw\isyatirim_cache\INVES_2021_XI_29.json,satislar;ebitda;op_gelir;net_kar;cfo;fcf;ozkaynaklar;toplam_borc;net_borc;nakit;toplam_aktif,toplam_borc;net_borc;ebitda;ihracat_orani;piyasa_degeri;pb;roe;roa;ev;ev_ebitda;fcf_verim
INVES.IS,2021Q3,2021-09-30,XI_29,isyatirim_pit,,,2026-09-07T22:37:32.469132185,,,2021-11-15,APPROXIMATE_FIXED_LAG,UNKNOWN,UNKNOWN,data\raw\isyatirim_cache\INVES_2021_XI_29.json,satislar;ebitda;op_gelir;net_kar;cfo;fcf;ozkaynaklar;toplam_borc;net_borc;nakit;toplam_aktif,toplam_borc;net_borc;ebitda;ihracat_orani;piyasa_degeri;pb;roe;roa;ev;ev_ebitda;fcf_verim
INVES.IS,2021Q4,2021-12-31,XI_29,isyatirim_pit,,,2026-09-07T22:37:32.469132185,,,2022-03-15,APPROXIMATE_FIXED_LAG,UNKNOWN,UNKNOWN,data\raw\isyatirim_cache\INVES_2021_XI_29.json,satislar;ebitda;op_gelir;net_kar;cfo;fcf;ozkaynaklar;toplam_borc;net_borc;nakit;toplam_aktif,toplam_borc;net_borc;ebitda;ihracat_orani;piyasa_degeri;pb;roe;roa;ev;ev_ebitda;fcf_verim
INVES.IS,2022Q1,2022-03-31,XI_29,isyatirim_pit,,,2026-09-07T22:37:32.615562677,,,2022-05-15,APPROXIMATE_FIXED_LAG,UNKNOWN,UNKNOWN,data\raw\isyatirim_cache\INVES_2022_XI_29.json,satislar;ebitda;op_gelir;net_kar;cfo;fcf;ozkaynaklar;toplam_borc;net_borc;nakit;toplam_aktif,toplam_borc;net_borc;ebitda;ihracat_orani;piyasa_degeri;pb;roe;roa;ev;ev_ebitda;fcf_verim
INVES.IS,2022Q2,2022-06-30,XI_29,isyatirim_pit,,,2026-09-07T22:37:32.615562677,,,2022-08-15,APPROXIMATE_FIXED_LAG,UNKNOWN,UNKNOWN,data\raw\isyatirim_cache\INVES_2022_XI_29.json,satislar;ebitda;op_gelir;net_kar;cfo;fcf;ozkaynaklar;toplam_borc;net_borc;nakit;toplam_aktif,toplam_borc;net_borc;ebitda;ihracat_orani;piyasa_degeri;pb;roe;roa;ev;ev_ebitda;fcf_verim
INVES.IS,2022Q3,2022-09-30,XI_29,isyatirim_pit,,,2026-09-07T22:37:32.615562677,,,2022-11-15,APPROXIMATE_FIXED_LAG,UNKNOWN,UNKNOWN,data\raw\isyatirim_cache\INVES_2022_XI_29.json,satislar;ebitda;op_gelir;net_kar;cfo;fcf;ozkaynaklar;toplam_borc;net_borc;nakit;toplam_aktif,toplam_borc;net_borc;ebitda;ihracat_orani;piyasa_degeri;pb;roe;roa;ev;ev_ebitda;fcf_verim
INVES.IS,2022Q4,2022-12-31,XI_29,isyatirim_pit,,,2026-09-07T22:37:32.615562677,,,2023-03-15,APPROXIMATE_FIXED_LAG,UNKNOWN,UNKNOWN,data\raw\isyatirim_cache\INVES_2022_XI_29.json,satislar;ebitda;op_gelir;net_kar;cfo;fcf;ozkaynaklar;toplam_borc;net_borc;nakit;toplam_aktif,toplam_borc;net_borc;ebitda;ihracat_orani;piyasa_degeri;pb;roe;roa;ev;ev_ebitda;fcf_verim
INVES.IS,2023Q1,2023-03-31,XI_29,isyatirim_pit,,,2026-09-07T22:37:32.777687788,,,2023-05-15,APPROXIMATE_FIXED_LAG,UNKNOWN,UNKNOWN,data\raw\isyatirim_cache\INVES_2023_XI_29.json,satislar;ebitda;op_gelir;net_kar;cfo;fcf;ozkaynaklar;toplam_borc;net_borc;nakit;toplam_aktif,toplam_borc;net_borc;ebitda;ihracat_orani;piyasa_degeri;pb;roe;roa;ev;ev_ebitda;fcf_verim
INVES.IS,2023Q2,2023-06-30,XI_29,isyatirim_pit,,,2026-09-07T22:37:32.777687788,,,2023-08-15,APPROXIMATE_FIXED_LAG,UNKNOWN,UNKNOWN,data\raw\isyatirim_cache\INVES_2023_XI_29.json,satislar;ebitda;op_gelir;net_kar;cfo;fcf;ozkaynaklar;toplam_borc;net_borc;nakit;toplam_aktif,toplam_borc;net_borc;ebitda;ihracat_orani;piyasa_degeri;pb;roe;roa;ev;ev_ebitda;fcf_verim
INVES.IS,2023Q3,2023-09-30,XI_29,isyatirim_pit,,,2026-09-07T22:37:32.777687788,,,2023-11-15,APPROXIMATE_FIXED_LAG,UNKNOWN,UNKNOWN,data\raw\isyatirim_cache\INVES_2023_XI_29.json,satislar;ebitda;op_gelir;net_kar;cfo;fcf;ozkaynaklar;toplam_borc;net_borc;nakit;toplam_aktif,toplam_borc;net_borc;ebitda;ihracat_orani;piyasa_degeri;pb;roe;roa;ev;ev_ebitda;fcf_verim
INVES.IS,2023Q4,2023-12-31,XI_29,isyatirim_pit,,,2026-09-07T22:37:32.777687788,,,2024-03-15,APPROXIMATE_FIXED_LAG,UNKNOWN,UNKNOWN,data\raw\isyatirim_cache\INVES_2023_XI_29.json,satislar;ebitda;op_gelir;net_kar;cfo;fcf;ozkaynaklar;toplam_borc;net_borc;nakit;toplam_aktif,toplam_borc;net_borc;ebitda;ihracat_orani;piyasa_degeri;pb;roe;roa;ev;ev_ebitda;fcf_verim
INVES.IS,2024Q1,2024-03-31,XI_29,isyatirim_pit,,,2026-09-07T22:37:32.869371176,,,2024-05-15,APPROXIMATE_FIXED_LAG,UNKNOWN,UNKNOWN,data\raw\isyatirim_cache\INVES_2024_XI_29.json,satislar;ebitda;op_gelir;net_kar;cfo;fcf;ozkaynaklar;toplam_borc;net_borc;nakit;toplam_aktif,toplam_borc;net_borc;ebitda;ihracat_orani;piyasa_degeri;pb;roe;roa;ev;ev_ebitda;fcf_verim
INVES.IS,2024Q2,2024-06-30,XI_29,isyatirim_pit,,,2026-09-07T22:37:32.869371176,,,2024-08-15,APPROXIMATE_FIXED_LAG,UNKNOWN,UNKNOWN,data\raw\isyatirim_cache\INVES_2024_XI_29.json,satislar;ebitda;op_gelir;net_kar;cfo;fcf;ozkaynaklar;toplam_borc;net_borc;nakit;toplam_aktif,toplam_borc;net_borc;ebitda;ihracat_orani;piyasa_degeri;pb;roe;roa;ev;ev_ebitda;fcf_verim
INVES.IS,2024Q3,2024-09-30,XI_29,isyatirim_pit,,,2026-09-07T22:37:32.869371176,,,2024-11-15,APPROXIMATE_FIXED_LAG,UNKNOWN,UNKNOWN,data\raw\isyatirim_cache\INVES_2024_XI_29.json,satislar;ebitda;op_gelir;net_kar;cfo;fcf;ozkaynaklar;toplam_borc;net_borc;nakit;toplam_aktif,toplam_borc;net_borc;ebitda;ihracat_orani;piyasa_degeri;pb;roe;roa;ev;ev_ebitda;fcf_verim
INVES.IS,2024Q4,2024-12-31,XI_29,isyatirim_pit,,,2026-09-07T22:37:32.869371176,,,2025-03-15,APPROXIMATE_FIXED_LAG,UNKNOWN,UNKNOWN,data\raw\isyatirim_cache\INVES_2024_XI_29.json,satislar;ebitda;op_gelir;net_kar;cfo;fcf;ozkaynaklar;toplam_borc;net_borc;nakit;toplam_aktif,toplam_borc;net_borc;ebitda;ihracat_orani;piyasa_degeri;pb;roe;roa;ev;ev_ebitda;fcf_verim
INVES.IS,2025Q1,2025-03-31,XI_29,isyatirim_pit,,,2026-09-07T22:37:33.014378786,,,2025-05-15,APPROXIMATE_FIXED_LAG,UNKNOWN,UNKNOWN,data\raw\isyatirim_cache\INVES_2025_XI_29.json,satislar;ebitda;op_gelir;net_kar;cfo;fcf;ozkaynaklar;toplam_borc;net_borc;nakit;toplam_aktif,toplam_borc;net_borc;ebitda;ihracat_orani;piyasa_degeri;pb;roe;roa;ev;ev_ebitda;fcf_verim
INVES.IS,2025Q2,2025-06-30,XI_29,isyatirim_pit,,,2026-09-07T22:37:33.014378786,,,2025-08-15,APPROXIMATE_FIXED_LAG,UNKNOWN,UNKNOWN,data\raw\isyatirim_cache\INVES_2025_XI_29.json,satislar;ebitda;op_gelir;net_kar;cfo;fcf;ozkaynaklar;toplam_borc;net_borc;nakit;toplam_aktif,toplam_borc;net_borc;ebitda;ihracat_orani;piyasa_degeri;pb;roe;roa;ev;ev_ebitda;fcf_verim
INVES.IS,2025Q3,2025-09-30,XI_29,isyatirim_pit,,,2026-09-07T22:37:33.014378786,,,2025-11-15,APPROXIMATE_FIXED_LAG,UNKNOWN,UNKNOWN,data\raw\isyatirim_cache\INVES_2025_XI_29.json,satislar;ebitda;op_gelir;net_kar;cfo;fcf;ozkaynaklar;toplam_borc;net_borc;nakit;toplam_aktif,toplam_borc;net_borc;ebitda;ihracat_orani;piyasa_degeri;pb;roe;roa;ev;ev_ebitda;fcf_verim
INVES.IS,2025Q4,2025-12-31,XI_29,isyatirim_pit,,,2026-09-07T22:37:33.014378786,,,2026-03-15,APPROXIMATE_FIXED_LAG,UNKNOWN,UNKNOWN,data\raw\isyatirim_cache\INVES_2025_XI_29.json,satislar;ebitda;op_gelir;net_kar;cfo;fcf;ozkaynaklar;toplam_borc;net_borc;nakit;toplam_aktif,toplam_borc;net_borc;ebitda;ihracat_orani;piyasa_degeri;pb;roe;roa;ev;ev_ebitda;fcf_verim
INVES.IS,2026Q1,2026-03-31,XI_29,isyatirim_pit,,,2026-09-07T22:37:33.219230890,,,2026-05-15,APPROXIMATE_FIXED_LAG,UNKNOWN,UNKNOWN,data\raw\isyatirim_cache\INVES_2026_XI_29.json,satislar;ebitda;op_gelir;net_kar;cfo;fcf;ozkaynaklar;toplam_borc;net_borc;nakit;toplam_aktif,toplam_borc;net_borc;ebitda;ihracat_orani;piyasa_degeri;pb;roe;roa;ev;ev_ebitda;fcf_verim
INVES.IS,2026Q2,2026-06-30,XI_29,isyatirim_pit,,,2026-09-07T22:37:33.219230890,,,2026-08-15,APPROXIMATE_FIXED_LAG,UNKNOWN,UNKNOWN,data\raw\isyatirim_cache\INVES_2026_XI_29.json,satislar;ebitda;op_gelir;net_kar;cfo;fcf;ozkaynaklar;toplam_borc;net_borc;nakit;toplam_aktif,toplam_borc;net_borc;ebitda;ihracat_orani;piyasa_degeri;pb;roe;roa;ev;ev_ebitda;fcf_verim
ISCTR.IS,2018Q1,2018-03-31,UFRS,isyatirim_bank_pit,,,2026-09-07T22:36:54.559072018,,,2018-05-15,APPROXIMATE_FIXED_LAG,UNKNOWN,UNKNOWN,data\raw\isyatirim_cache\ISCTR_2018_UFRS.json,satislar;ebitda;op_gelir;net_kar;cfo;fcf;ozkaynaklar;toplam_borc;net_borc;nakit;toplam_aktif,toplam_borc;net_borc;ebitda;ihracat_orani;piyasa_degeri;pb;roe;roa;ev;ev_ebitda;fcf_verim
ISCTR.IS,2018Q2,2018-06-30,UFRS,isyatirim_bank_pit,,,2026-09-07T22:36:54.559072018,,,2018-08-15,APPROXIMATE_FIXED_LAG,UNKNOWN,UNKNOWN,data\raw\isyatirim_cache\ISCTR_2018_UFRS.json,satislar;ebitda;op_gelir;net_kar;cfo;fcf;ozkaynaklar;toplam_borc;net_borc;nakit;toplam_aktif,toplam_borc;net_borc;ebitda;ihracat_orani;piyasa_degeri;pb;roe;roa;ev;ev_ebitda;fcf_verim
ISCTR.IS,2018Q3,2018-09-30,UFRS,isyatirim_bank_pit,,,2026-09-07T22:36:54.559072018,,,2018-11-15,APPROXIMATE_FIXED_LAG,UNKNOWN,UNKNOWN,data\raw\isyatirim_cache\ISCTR_2018_UFRS.json,satislar;ebitda;op_gelir;net_kar;cfo;fcf;ozkaynaklar;toplam_borc;net_borc;nakit;toplam_aktif,toplam_borc;net_borc;ebitda;ihracat_orani;piyasa_degeri;pb;roe;roa;ev;ev_ebitda;fcf_verim
ISCTR.IS,2018Q4,2018-12-31,UFRS,isyatirim_bank_pit,,,2026-09-07T22:36:54.559072018,,,2019-03-15,APPROXIMATE_FIXED_LAG,UNKNOWN,UNKNOWN,data\raw\isyatirim_cache\ISCTR_2018_UFRS.json,satislar;ebitda;op_gelir;net_kar;cfo;fcf;ozkaynaklar;toplam_borc;net_borc;nakit;toplam_aktif,toplam_borc;net_borc;ebitda;ihracat_orani;piyasa_degeri;pb;roe;roa;ev;ev_ebitda;fcf_verim
ISCTR.IS,2019Q1,2019-03-31,UFRS,isyatirim_bank_pit,,,2026-09-07T22:36:54.714117050,,,2019-05-15,APPROXIMATE_FIXED_LAG,UNKNOWN,UNKNOWN,data\raw\isyatirim_cache\ISCTR_2019_UFRS.json,satislar;ebitda;op_gelir;net_kar;cfo;fcf;ozkaynaklar;toplam_borc;net_borc;nakit;toplam_aktif,toplam_borc;net_borc;ebitda;ihracat_orani;piyasa_degeri;pb;roe;roa;ev;ev_ebitda;fcf_verim
ISCTR.IS,2019Q2,2019-06-30,UFRS,isyatirim_bank_pit,,,2026-09-07T22:36:54.714117050,,,2019-08-15,APPROXIMATE_FIXED_LAG,UNKNOWN,UNKNOWN,data\raw\isyatirim_cache\ISCTR_2019_UFRS.json,satislar;ebitda;op_gelir;net_kar;cfo;fcf;ozkaynaklar;toplam_borc;net_borc;nakit;toplam_aktif,toplam_borc;net_borc;ebitda;ihracat_orani;piyasa_degeri;pb;roe;roa;ev;ev_ebitda;fcf_verim
ISCTR.IS,2019Q3,2019-09-30,UFRS,isyatirim_bank_pit,,,2026-09-07T22:36:54.714117050,,,2019-11-15,APPROXIMATE_FIXED_LAG,UNKNOWN,UNKNOWN,data\raw\isyatirim_cache\ISCTR_2019_UFRS.json,satislar;ebitda;op_gelir;net_kar;cfo;fcf;ozkaynaklar;toplam_borc;net_borc;nakit;toplam_aktif,toplam_borc;net_borc;ebitda;ihracat_orani;piyasa_degeri;pb;roe;roa;ev;ev_ebitda;fcf_verim
ISCTR.IS,2019Q4,2019-12-31,UFRS,isyatirim_bank_pit,,,2026-09-07T22:36:54.714117050,,,2020-03-15,APPROXIMATE_FIXED_LAG,UNKNOWN,UNKNOWN,data\raw\isyatirim_cache\ISCTR_2019_UFRS.json,satislar;ebitda;op_gelir;net_kar;cfo;fcf;ozkaynaklar;toplam_borc;net_borc;nakit;toplam_aktif,toplam_borc;net_borc;ebitda;ihracat_orani;piyasa_degeri;pb;roe;roa;ev;ev_ebitda;fcf_verim
ISCTR.IS,2020Q1,2020-03-31,UFRS,isyatirim_bank_pit,,,2026-09-07T22:36:54.916376352,,,2020-05-15,APPROXIMATE_FIXED_LAG,UNKNOWN,UNKNOWN,data\raw\isyatirim_cache\ISCTR_2020_UFRS.json,satislar;ebitda;op_gelir;net_kar;cfo;fcf;ozkaynaklar;toplam_borc;net_borc;nakit;toplam_aktif,toplam_borc;net_borc;ebitda;ihracat_orani;piyasa_degeri;pb;roe;roa;ev;ev_ebitda;fcf_verim
ISCTR.IS,2020Q2,2020-06-30,UFRS,isyatirim_bank_pit,,,2026-09-07T22:36:54.916376352,,,2020-08-15,APPROXIMATE_FIXED_LAG,UNKNOWN,UNKNOWN,data\raw\isyatirim_cache\ISCTR_2020_UFRS.json,satislar;ebitda;op_gelir;net_kar;cfo;fcf;ozkaynaklar;toplam_borc;net_borc;nakit;toplam_aktif,toplam_borc;net_borc;ebitda;ihracat_orani;piyasa_degeri;pb;roe;roa;ev;ev_ebitda;fcf_verim
ISCTR.IS,2020Q3,2020-09-30,UFRS,isyatirim_bank_pit,,,2026-09-07T22:36:54.916376352,,,2020-11-15,APPROXIMATE_FIXED_LAG,UNKNOWN,UNKNOWN,data\raw\isyatirim_cache\ISCTR_2020_UFRS.json,satislar;ebitda;op_gelir;net_kar;cfo;fcf;ozkaynaklar;toplam_borc;net_borc;nakit;toplam_aktif,toplam_borc;net_borc;ebitda;ihracat_orani;piyasa_degeri;pb;roe;roa;ev;ev_ebitda;fcf_verim
ISCTR.IS,2020Q4,2020-12-31,UFRS,isyatirim_bank_pit,,,2026-09-07T22:36:54.916376352,,,2021-03-15,APPROXIMATE_FIXED_LAG,UNKNOWN,UNKNOWN,data\raw\isyatirim_cache\ISCTR_2020_UFRS.json,satislar;ebitda;op_gelir;net_kar;cfo;fcf;ozkaynaklar;toplam_borc;net_borc;nakit;toplam_aktif,toplam_borc;net_borc;ebitda;ihracat_orani;piyasa_degeri;pb;roe;roa;ev;ev_ebitda;fcf_verim
ISCTR.IS,2021Q1,2021-03-31,UFRS,isyatirim_bank_pit,,,2026-09-07T22:36:55.080677986,,,2021-05-15,APPROXIMATE_FIXED_LAG,UNKNOWN,UNKNOWN,data\raw\isyatirim_cache\ISCTR_2021_UFRS.json,satislar;ebitda;op_gelir;net_kar;cfo;fcf;ozkaynaklar;toplam_borc;net_borc;nakit;toplam_aktif,toplam_borc;net_borc;ebitda;ihracat_orani;piyasa_degeri;pb;roe;roa;ev;ev_ebitda;fcf_verim
ISCTR.IS,2021Q2,2021-06-30,UFRS,isyatirim_bank_pit,,,2026-09-07T22:36:55.080677986,,,2021-08-15,APPROXIMATE_FIXED_LAG,UNKNOWN,UNKNOWN,data\raw\isyatirim_cache\ISCTR_2021_UFRS.json,satislar;ebitda;op_gelir;net_kar;cfo;fcf;ozkaynaklar;toplam_borc;net_borc;nakit;toplam_aktif,toplam_borc;net_borc;ebitda;ihracat_orani;piyasa_degeri;pb;roe;roa;ev;ev_ebitda;fcf_verim
ISCTR.IS,2021Q3,2021-09-30,UFRS,isyatirim_bank_pit,,,2026-09-07T22:36:55.080677986,,,2021-11-15,APPROXIMATE_FIXED_LAG,UNKNOWN,UNKNOWN,data\raw\isyatirim_cache\ISCTR_2021_UFRS.json,satislar;ebitda;op_gelir;net_kar;cfo;fcf;ozkaynaklar;toplam_borc;net_borc;nakit;toplam_aktif,toplam_borc;net_borc;ebitda;ihracat_orani;piyasa_degeri;pb;roe;roa;ev;ev_ebitda;fcf_verim
ISCTR.IS,2021Q4,2021-12-31,UFRS,isyatirim_bank_pit,,,2026-09-07T22:36:55.080677986,,,2022-03-15,APPROXIMATE_FIXED_LAG,UNKNOWN,UNKNOWN,data\raw\isyatirim_cache\ISCTR_2021_UFRS.json,satislar;ebitda;op_gelir;net_kar;cfo;fcf;ozkaynaklar;toplam_borc;net_borc;nakit;toplam_aktif,toplam_borc;net_borc;ebitda;ihracat_orani;piyasa_degeri;pb;roe;roa;ev;ev_ebitda;fcf_verim
ISCTR.IS,2022Q1,2022-03-31,UFRS,isyatirim_bank_pit,,,2026-09-07T22:36:55.231053352,,,2022-05-15,APPROXIMATE_FIXED_LAG,UNKNOWN,UNKNOWN,data\raw\isyatirim_cache\ISCTR_2022_UFRS.json,satislar;ebitda;op_gelir;net_kar;cfo;fcf;ozkaynaklar;toplam_borc;net_borc;nakit;toplam_aktif,toplam_borc;net_borc;ebitda;ihracat_orani;piyasa_degeri;pb;roe;roa;ev;ev_ebitda;fcf_verim
ISCTR.IS,2022Q2,2022-06-30,UFRS,isyatirim_bank_pit,,,2026-09-07T22:36:55.231053352,,,2022-08-15,APPROXIMATE_FIXED_LAG,UNKNOWN,UNKNOWN,data\raw\isyatirim_cache\ISCTR_2022_UFRS.json,satislar;ebitda;op_gelir;net_kar;cfo;fcf;ozkaynaklar;toplam_borc;net_borc;nakit;toplam_aktif,toplam_borc;net_borc;ebitda;ihracat_orani;piyasa_degeri;pb;roe;roa;ev;ev_ebitda;fcf_verim
ISCTR.IS,2022Q3,2022-09-30,UFRS,isyatirim_bank_pit,,,2026-09-07T22:36:55.231053352,,,2022-11-15,APPROXIMATE_FIXED_LAG,UNKNOWN,UNKNOWN,data\raw\isyatirim_cache\ISCTR_2022_UFRS.json,satislar;ebitda;op_gelir;net_kar;cfo;fcf;ozkaynaklar;toplam_borc;net_borc;nakit;toplam_aktif,toplam_borc;net_borc;ebitda;ihracat_orani;piyasa_degeri;pb;roe;roa;ev;ev_ebitda;fcf_verim
ISCTR.IS,2022Q4,2022-12-31,UFRS,isyatirim_bank_pit,,,2026-09-07T22:36:55.231053352,,,2023-03-15,APPROXIMATE_FIXED_LAG,UNKNOWN,UNKNOWN,data\raw\isyatirim_cache\ISCTR_2022_UFRS.json,satislar;ebitda;op_gelir;net_kar;cfo;fcf;ozkaynaklar;toplam_borc;net_borc;nakit;toplam_aktif,toplam_borc;net_borc;ebitda;ihracat_orani;piyasa_degeri;pb;roe;roa;ev;ev_ebitda;fcf_verim
ISCTR.IS,2023Q1,2023-03-31,UFRS,isyatirim_bank_pit,,,2026-09-07T22:36:55.372211218,,,2023-05-15,APPROXIMATE_FIXED_LAG,UNKNOWN,UNKNOWN,data\raw\isyatirim_cache\ISCTR_2023_UFRS.json,satislar;ebitda;op_gelir;net_kar;cfo;fcf;ozkaynaklar;toplam_borc;net_borc;nakit;toplam_aktif,toplam_borc;net_borc;ebitda;ihracat_orani;piyasa_degeri;pb;roe;roa;ev;ev_ebitda;fcf_verim
ISCTR.IS,2023Q2,2023-06-30,UFRS,isyatirim_bank_pit,,,2026-09-07T22:36:55.372211218,,,2023-08-15,APPROXIMATE_FIXED_LAG,UNKNOWN,UNKNOWN,data\raw\isyatirim_cache\ISCTR_2023_UFRS.json,satislar;ebitda;op_gelir;net_kar;cfo;fcf;ozkaynaklar;toplam_borc;net_borc;nakit;toplam_aktif,toplam_borc;net_borc;ebitda;ihracat_orani;piyasa_degeri;pb;roe;roa;ev;ev_ebitda;fcf_verim
ISCTR.IS,2023Q3,2023-09-30,UFRS,isyatirim_bank_pit,,,2026-09-07T22:36:55.372211218,,,2023-11-15,APPROXIMATE_FIXED_LAG,UNKNOWN,UNKNOWN,data\raw\isyatirim_cache\ISCTR_2023_UFRS.json,satislar;ebitda;op_gelir;net_kar;cfo;fcf;ozkaynaklar;toplam_borc;net_borc;nakit;toplam_aktif,toplam_borc;net_borc;ebitda;ihracat_orani;piyasa_degeri;pb;roe;roa;ev;ev_ebitda;fcf_verim
ISCTR.IS,2023Q4,2023-12-31,UFRS,isyatirim_bank_pit,,,2026-09-07T22:36:55.372211218,,,2024-03-15,APPROXIMATE_FIXED_LAG,UNKNOWN,UNKNOWN,data\raw\isyatirim_cache\ISCTR_2023_UFRS.json,satislar;ebitda;op_gelir;net_kar;cfo;fcf;ozkaynaklar;toplam_borc;net_borc;nakit;toplam_aktif,toplam_borc;net_borc;ebitda;ihracat_orani;piyasa_degeri;pb;roe;roa;ev;ev_ebitda;fcf_verim
ISCTR.IS,2024Q1,2024-03-31,UFRS,isyatirim_bank_pit,,,2026-09-07T22:36:55.456715345,,,2024-05-15,APPROXIMATE_FIXED_LAG,UNKNOWN,UNKNOWN,data\raw\isyatirim_cache\ISCTR_2024_UFRS.json,satislar;ebitda;op_gelir;net_kar;cfo;fcf;ozkaynaklar;toplam_borc;net_borc;nakit;toplam_aktif,toplam_borc;net_borc;ebitda;ihracat_orani;piyasa_degeri;pb;roe;roa;ev;ev_ebitda;fcf_verim
ISCTR.IS,2024Q2,2024-06-30,UFRS,isyatirim_bank_pit,,,2026-09-07T22:36:55.456715345,,,2024-08-15,APPROXIMATE_FIXED_LAG,UNKNOWN,UNKNOWN,data\raw\isyatirim_cache\ISCTR_2024_UFRS.json,satislar;ebitda;op_gelir;net_kar;cfo;fcf;ozkaynaklar;toplam_borc;net_borc;nakit;toplam_aktif,toplam_borc;net_borc;ebitda;ihracat_orani;piyasa_degeri;pb;roe;roa;ev;ev_ebitda;fcf_verim
ISCTR.IS,2024Q3,2024-09-30,UFRS,isyatirim_bank_pit,,,2026-09-07T22:36:55.456715345,,,2024-11-15,APPROXIMATE_FIXED_LAG,UNKNOWN,UNKNOWN,data\raw\isyatirim_cache\ISCTR_2024_UFRS.json,satislar;ebitda;op_gelir;net_kar;cfo;fcf;ozkaynaklar;toplam_borc;net_borc;nakit;toplam_aktif,toplam_borc;net_borc;ebitda;ihracat_orani;piyasa_degeri;pb;roe;roa;ev;ev_ebitda;fcf_verim
ISCTR.IS,2024Q4,2024-12-31,UFRS,isyatirim_bank_pit,,,2026-09-07T22:36:55.456715345,,,2025-03-15,APPROXIMATE_FIXED_LAG,UNKNOWN,UNKNOWN,data\raw\isyatirim_cache\ISCTR_2024_UFRS.json,satislar;ebitda;op_gelir;net_kar;cfo;fcf;ozkaynaklar;toplam_borc;net_borc;nakit;toplam_aktif,toplam_borc;net_borc;ebitda;ihracat_orani;piyasa_degeri;pb;roe;roa;ev;ev_ebitda;fcf_verim
ISCTR.IS,2025Q1,2025-03-31,UFRS,isyatirim_bank_pit,,,2026-09-07T22:36:55.628513575,,,2025-05-15,APPROXIMATE_FIXED_LAG,UNKNOWN,UNKNOWN,data\raw\isyatirim_cache\ISCTR_2025_UFRS.json,satislar;ebitda;op_gelir;net_kar;cfo;fcf;ozkaynaklar;toplam_borc;net_borc;nakit;toplam_aktif,toplam_borc;net_borc;ebitda;ihracat_orani;piyasa_degeri;pb;roe;roa;ev;ev_ebitda;fcf_verim
ISCTR.IS,2025Q2,2025-06-30,UFRS,isyatirim_bank_pit,,,2026-09-07T22:36:55.628513575,,,2025-08-15,APPROXIMATE_FIXED_LAG,UNKNOWN,UNKNOWN,data\raw\isyatirim_cache\ISCTR_2025_UFRS.json,satislar;ebitda;op_gelir;net_kar;cfo;fcf;ozkaynaklar;toplam_borc;net_borc;nakit;toplam_aktif,toplam_borc;net_borc;ebitda;ihracat_orani;piyasa_degeri;pb;roe;roa;ev;ev_ebitda;fcf_verim
ISCTR.IS,2025Q3,2025-09-30,UFRS,isyatirim_bank_pit,,,2026-09-07T22:36:55.628513575,,,2025-11-15,APPROXIMATE_FIXED_LAG,UNKNOWN,UNKNOWN,data\raw\isyatirim_cache\ISCTR_2025_UFRS.json,satislar;ebitda;op_gelir;net_kar;cfo;fcf;ozkaynaklar;toplam_borc;net_borc;nakit;toplam_aktif,toplam_borc;net_borc;ebitda;ihracat_orani;piyasa_degeri;pb;roe;roa;ev;ev_ebitda;fcf_verim
ISCTR.IS,2025Q4,2025-12-31,UFRS,isyatirim_bank_pit,,,2026-09-07T22:36:55.628513575,,,2026-03-15,APPROXIMATE_FIXED_LAG,UNKNOWN,UNKNOWN,data\raw\isyatirim_cache\ISCTR_2025_UFRS.json,satislar;ebitda;op_gelir;net_kar;cfo;fcf;ozkaynaklar;toplam_borc;net_borc;nakit;toplam_aktif,toplam_borc;net_borc;ebitda;ihracat_orani;piyasa_degeri;pb;roe;roa;ev;ev_ebitda;fcf_verim
ISCTR.IS,2026Q1,2026-03-31,UFRS,isyatirim_bank_pit,,,2026-09-07T22:36:55.778666019,,,2026-05-15,APPROXIMATE_FIXED_LAG,UNKNOWN,UNKNOWN,data\raw\isyatirim_cache\ISCTR_2026_UFRS.json,satislar;ebitda;op_gelir;net_kar;cfo;fcf;ozkaynaklar;toplam_borc;net_borc;nakit;toplam_aktif,toplam_borc;net_borc;ebitda;ihracat_orani;piyasa_degeri;pb;roe;roa;ev;ev_ebitda;fcf_verim
ISCTR.IS,2026Q2,2026-06-30,UFRS,isyatirim_bank_pit,,,2026-09-07T22:36:55.778666019,,,2026-08-15,APPROXIMATE_FIXED_LAG,UNKNOWN,UNKNOWN,data\raw\isyatirim_cache\ISCTR_2026_UFRS.json,satislar;ebitda;op_gelir;net_kar;cfo;fcf;ozkaynaklar;toplam_borc;net_borc;nakit;toplam_aktif,toplam_borc;net_borc;ebitda;ihracat_orani;piyasa_degeri;pb;roe;roa;ev;ev_ebitda;fcf_verim
ISGYO.IS,2018Q1,2018-03-31,XI_29,isyatirim_pit,,,2026-09-07T22:37:19.088966608,,,2018-05-15,APPROXIMATE_FIXED_LAG,UNKNOWN,UNKNOWN,data\raw\isyatirim_cache\ISGYO_2018_XI_29.json,satislar;ebitda;op_gelir;net_kar;cfo;fcf;ozkaynaklar;toplam_borc;net_borc;nakit;toplam_aktif,toplam_borc;net_borc;ebitda;ihracat_orani;piyasa_degeri;pb;roe;roa;ev;ev_ebitda;fcf_verim
ISGYO.IS,2018Q2,2018-06-30,XI_29,isyatirim_pit,,,2026-09-07T22:37:19.088966608,,,2018-08-15,APPROXIMATE_FIXED_LAG,UNKNOWN,UNKNOWN,data\raw\isyatirim_cache\ISGYO_2018_XI_29.json,satislar;ebitda;op_gelir;net_kar;cfo;fcf;ozkaynaklar;toplam_borc;net_borc;nakit;toplam_aktif,toplam_borc;net_borc;ebitda;ihracat_orani;piyasa_degeri;pb;roe;roa;ev;ev_ebitda;fcf_verim
ISGYO.IS,2018Q3,2018-09-30,XI_29,isyatirim_pit,,,2026-09-07T22:37:19.088966608,,,2018-11-15,APPROXIMATE_FIXED_LAG,UNKNOWN,UNKNOWN,data\raw\isyatirim_cache\ISGYO_2018_XI_29.json,satislar;ebitda;op_gelir;net_kar;cfo;fcf;ozkaynaklar;toplam_borc;net_borc;nakit;toplam_aktif,toplam_borc;net_borc;ebitda;ihracat_orani;piyasa_degeri;pb;roe;roa;ev;ev_ebitda;fcf_verim
ISGYO.IS,2018Q4,2018-12-31,XI_29,isyatirim_pit,,,2026-09-07T22:37:19.088966608,,,2019-03-15,APPROXIMATE_FIXED_LAG,UNKNOWN,UNKNOWN,data\raw\isyatirim_cache\ISGYO_2018_XI_29.json,satislar;ebitda;op_gelir;net_kar;cfo;fcf;ozkaynaklar;toplam_borc;net_borc;nakit;toplam_aktif,toplam_borc;net_borc;ebitda;ihracat_orani;piyasa_degeri;pb;roe;roa;ev;ev_ebitda;fcf_verim
ISGYO.IS,2019Q1,2019-03-31,XI_29,isyatirim_pit,,,2026-09-07T22:37:19.224973917,,,2019-05-15,APPROXIMATE_FIXED_LAG,UNKNOWN,UNKNOWN,data\raw\isyatirim_cache\ISGYO_2019_XI_29.json,satislar;ebitda;op_gelir;net_kar;cfo;fcf;ozkaynaklar;toplam_borc;net_borc;nakit;toplam_aktif,toplam_borc;net_borc;ebitda;ihracat_orani;piyasa_degeri;pb;roe;roa;ev;ev_ebitda;fcf_verim
ISGYO.IS,2019Q2,2019-06-30,XI_29,isyatirim_pit,,,2026-09-07T22:37:19.224973917,,,2019-08-15,APPROXIMATE_FIXED_LAG,UNKNOWN,UNKNOWN,data\raw\isyatirim_cache\ISGYO_2019_XI_29.json,satislar;ebitda;op_gelir;net_kar;cfo;fcf;ozkaynaklar;toplam_borc;net_borc;nakit;toplam_aktif,toplam_borc;net_borc;ebitda;ihracat_orani;piyasa_degeri;pb;roe;roa;ev;ev_ebitda;fcf_verim
ISGYO.IS,2019Q3,2019-09-30,XI_29,isyatirim_pit,,,2026-09-07T22:37:19.224973917,,,2019-11-15,APPROXIMATE_FIXED_LAG,UNKNOWN,UNKNOWN,data\raw\isyatirim_cache\ISGYO_2019_XI_29.json,satislar;ebitda;op_gelir;net_kar;cfo;fcf;ozkaynaklar;toplam_borc;net_borc;nakit;toplam_aktif,toplam_borc;net_borc;ebitda;ihracat_orani;piyasa_degeri;pb;roe;roa;ev;ev_ebitda;fcf_verim
ISGYO.IS,2019Q4,2019-12-31,XI_29,isyatirim_pit,,,2026-09-07T22:37:19.224973917,,,2020-03-15,APPROXIMATE_FIXED_LAG,UNKNOWN,UNKNOWN,data\raw\isyatirim_cache\ISGYO_2019_XI_29.json,satislar;ebitda;op_gelir;net_kar;cfo;fcf;ozkaynaklar;toplam_borc;net_borc;nakit;toplam_aktif,toplam_borc;net_borc;ebitda;ihracat_orani;piyasa_degeri;pb;roe;roa;ev;ev_ebitda;fcf_verim
ISGYO.IS,2020Q1,2020-03-31,XI_29,isyatirim_pit,,,2026-09-07T22:37:19.429474354,,,2020-05-15,APPROXIMATE_FIXED_LAG,UNKNOWN,UNKNOWN,data\raw\isyatirim_cache\ISGYO_2020_XI_29.json,satislar;ebitda;op_gelir;net_kar;cfo;fcf;ozkaynaklar;toplam_borc;net_borc;nakit;toplam_aktif,toplam_borc;net_borc;ebitda;ihracat_orani;piyasa_degeri;pb;roe;roa;ev;ev_ebitda;fcf_verim
ISGYO.IS,2020Q2,2020-06-30,XI_29,isyatirim_pit,,,2026-09-07T22:37:19.429474354,,,2020-08-15,APPROXIMATE_FIXED_LAG,UNKNOWN,UNKNOWN,data\raw\isyatirim_cache\ISGYO_2020_XI_29.json,satislar;ebitda;op_gelir;net_kar;cfo;fcf;ozkaynaklar;toplam_borc;net_borc;nakit;toplam_aktif,toplam_borc;net_borc;ebitda;ihracat_orani;piyasa_degeri;pb;roe;roa;ev;ev_ebitda;fcf_verim
ISGYO.IS,2020Q3,2020-09-30,XI_29,isyatirim_pit,,,2026-09-07T22:37:19.429474354,,,2020-11-15,APPROXIMATE_FIXED_LAG,UNKNOWN,UNKNOWN,data\raw\isyatirim_cache\ISGYO_2020_XI_29.json,satislar;ebitda;op_gelir;net_kar;cfo;fcf;ozkaynaklar;toplam_borc;net_borc;nakit;toplam_aktif,toplam_borc;net_borc;ebitda;ihracat_orani;piyasa_degeri;pb;roe;roa;ev;ev_ebitda;fcf_verim
ISGYO.IS,2020Q4,2020-12-31,XI_29,isyatirim_pit,,,2026-09-07T22:37:19.429474354,,,2021-03-15,APPROXIMATE_FIXED_LAG,UNKNOWN,UNKNOWN,data\raw\isyatirim_cache\ISGYO_2020_XI_29.json,satislar;ebitda;op_gelir;net_kar;cfo;fcf;ozkaynaklar;toplam_borc;net_borc;nakit;toplam_aktif,toplam_borc;net_borc;ebitda;ihracat_orani;piyasa_degeri;pb;roe;roa;ev;ev_ebitda;fcf_verim
ISGYO.IS,2021Q1,2021-03-31,XI_29,isyatirim_pit,,,2026-09-07T22:37:19.560804129,,,2021-05-15,APPROXIMATE_FIXED_LAG,UNKNOWN,UNKNOWN,data\raw\isyatirim_cache\ISGYO_2021_XI_29.json,satislar;ebitda;op_gelir;net_kar;cfo;fcf;ozkaynaklar;toplam_borc;net_borc;nakit;toplam_aktif,toplam_borc;net_borc;ebitda;ihracat_orani;piyasa_degeri;pb;roe;roa;ev;ev_ebitda;fcf_verim
ISGYO.IS,2021Q2,2021-06-30,XI_29,isyatirim_pit,,,2026-09-07T22:37:19.560804129,,,2021-08-15,APPROXIMATE_FIXED_LAG,UNKNOWN,UNKNOWN,data\raw\isyatirim_cache\ISGYO_2021_XI_29.json,satislar;ebitda;op_gelir;net_kar;cfo;fcf;ozkaynaklar;toplam_borc;net_borc;nakit;toplam_aktif,toplam_borc;net_borc;ebitda;ihracat_orani;piyasa_degeri;pb;roe;roa;ev;ev_ebitda;fcf_verim
ISGYO.IS,2021Q3,2021-09-30,XI_29,isyatirim_pit,,,2026-09-07T22:37:19.560804129,,,2021-11-15,APPROXIMATE_FIXED_LAG,UNKNOWN,UNKNOWN,data\raw\isyatirim_cache\ISGYO_2021_XI_29.json,satislar;ebitda;op_gelir;net_kar;cfo;fcf;ozkaynaklar;toplam_borc;net_borc;nakit;toplam_aktif,toplam_borc;net_borc;ebitda;ihracat_orani;piyasa_degeri;pb;roe;roa;ev;ev_ebitda;fcf_verim
ISGYO.IS,2021Q4,2021-12-31,XI_29,isyatirim_pit,,,2026-09-07T22:37:19.560804129,,,2022-03-15,APPROXIMATE_FIXED_LAG,UNKNOWN,UNKNOWN,data\raw\isyatirim_cache\ISGYO_2021_XI_29.json,satislar;ebitda;op_gelir;net_kar;cfo;fcf;ozkaynaklar;toplam_borc;net_borc;nakit;toplam_aktif,toplam_borc;net_borc;ebitda;ihracat_orani;piyasa_degeri;pb;roe;roa;ev;ev_ebitda;fcf_verim
ISGYO.IS,2022Q1,2022-03-31,XI_29,isyatirim_pit,,,2026-09-07T22:37:19.700603724,,,2022-05-15,APPROXIMATE_FIXED_LAG,UNKNOWN,UNKNOWN,data\raw\isyatirim_cache\ISGYO_2022_XI_29.json,satislar;ebitda;op_gelir;net_kar;cfo;fcf;ozkaynaklar;toplam_borc;net_borc;nakit;toplam_aktif,toplam_borc;net_borc;ebitda;ihracat_orani;piyasa_degeri;pb;roe;roa;ev;ev_ebitda;fcf_verim
ISGYO.IS,2022Q2,2022-06-30,XI_29,isyatirim_pit,,,2026-09-07T22:37:19.700603724,,,2022-08-15,APPROXIMATE_FIXED_LAG,UNKNOWN,UNKNOWN,data\raw\isyatirim_cache\ISGYO_2022_XI_29.json,satislar;ebitda;op_gelir;net_kar;cfo;fcf;ozkaynaklar;toplam_borc;net_borc;nakit;toplam_aktif,toplam_borc;net_borc;ebitda;ihracat_orani;piyasa_degeri;pb;roe;roa;ev;ev_ebitda;fcf_verim
ISGYO.IS,2022Q3,2022-09-30,XI_29,isyatirim_pit,,,2026-09-07T22:37:19.700603724,,,2022-11-15,APPROXIMATE_FIXED_LAG,UNKNOWN,UNKNOWN,data\raw\isyatirim_cache\ISGYO_2022_XI_29.json,satislar;ebitda;op_gelir;net_kar;cfo;fcf;ozkaynaklar;toplam_borc;net_borc;nakit;toplam_aktif,toplam_borc;net_borc;ebitda;ihracat_orani;piyasa_degeri;pb;roe;roa;ev;ev_ebitda;fcf_verim
ISGYO.IS,2022Q4,2022-12-31,XI_29,isyatirim_pit,,,2026-09-07T22:37:19.700603724,,,2023-03-15,APPROXIMATE_FIXED_LAG,UNKNOWN,UNKNOWN,data\raw\isyatirim_cache\ISGYO_2022_XI_29.json,satislar;ebitda;op_gelir;net_kar;cfo;fcf;ozkaynaklar;toplam_borc;net_borc;nakit;toplam_aktif,toplam_borc;net_borc;ebitda;ihracat_orani;piyasa_degeri;pb;roe;roa;ev;ev_ebitda;fcf_verim
ISGYO.IS,2023Q1,2023-03-31,XI_29,isyatirim_pit,,,2026-09-07T22:37:19.833227158,,,2023-05-15,APPROXIMATE_FIXED_LAG,UNKNOWN,UNKNOWN,data\raw\isyatirim_cache\ISGYO_2023_XI_29.json,satislar;ebitda;op_gelir;net_kar;cfo;fcf;ozkaynaklar;toplam_borc;net_borc;nakit;toplam_aktif,toplam_borc;net_borc;ebitda;ihracat_orani;piyasa_degeri;pb;roe;roa;ev;ev_ebitda;fcf_verim
ISGYO.IS,2023Q2,2023-06-30,XI_29,isyatirim_pit,,,2026-09-07T22:37:19.833227158,,,2023-08-15,APPROXIMATE_FIXED_LAG,UNKNOWN,UNKNOWN,data\raw\isyatirim_cache\ISGYO_2023_XI_29.json,satislar;ebitda;op_gelir;net_kar;cfo;fcf;ozkaynaklar;toplam_borc;net_borc;nakit;toplam_aktif,toplam_borc;net_borc;ebitda;ihracat_orani;piyasa_degeri;pb;roe;roa;ev;ev_ebitda;fcf_verim
ISGYO.IS,2023Q3,2023-09-30,XI_29,isyatirim_pit,,,2026-09-07T22:37:19.833227158,,,2023-11-15,APPROXIMATE_FIXED_LAG,UNKNOWN,UNKNOWN,data\raw\isyatirim_cache\ISGYO_2023_XI_29.json,satislar;ebitda;op_gelir;net_kar;cfo;fcf;ozkaynaklar;toplam_borc;net_borc;nakit;toplam_aktif,toplam_borc;net_borc;ebitda;ihracat_orani;piyasa_degeri;pb;roe;roa;ev;ev_ebitda;fcf_verim
ISGYO.IS,2023Q4,2023-12-31,XI_29,isyatirim_pit,,,2026-09-07T22:37:19.833227158,,,2024-03-15,APPROXIMATE_FIXED_LAG,UNKNOWN,UNKNOWN,data\raw\isyatirim_cache\ISGYO_2023_XI_29.json,satislar;ebitda;op_gelir;net_kar;cfo;fcf;ozkaynaklar;toplam_borc;net_borc;nakit;toplam_aktif,toplam_borc;net_borc;ebitda;ihracat_orani;piyasa_degeri;pb;roe;roa;ev;ev_ebitda;fcf_verim
ISGYO.IS,2024Q1,2024-03-31,XI_29,isyatirim_pit,,,2026-09-07T22:37:19.953445911,,,2024-05-15,APPROXIMATE_FIXED_LAG,UNKNOWN,UNKNOWN,data\raw\isyatirim_cache\ISGYO_2024_XI_29.json,satislar;ebitda;op_gelir;net_kar;cfo;fcf;ozkaynaklar;toplam_borc;net_borc;nakit;toplam_aktif,toplam_borc;net_borc;ebitda;ihracat_orani;piyasa_degeri;pb;roe;roa;ev;ev_ebitda;fcf_verim
ISGYO.IS,2024Q2,2024-06-30,XI_29,isyatirim_pit,,,2026-09-07T22:37:19.953445911,,,2024-08-15,APPROXIMATE_FIXED_LAG,UNKNOWN,UNKNOWN,data\raw\isyatirim_cache\ISGYO_2024_XI_29.json,satislar;ebitda;op_gelir;net_kar;cfo;fcf;ozkaynaklar;toplam_borc;net_borc;nakit;toplam_aktif,toplam_borc;net_borc;ebitda;ihracat_orani;piyasa_degeri;pb;roe;roa;ev;ev_ebitda;fcf_verim
ISGYO.IS,2024Q3,2024-09-30,XI_29,isyatirim_pit,,,2026-09-07T22:37:19.953445911,,,2024-11-15,APPROXIMATE_FIXED_LAG,UNKNOWN,UNKNOWN,data\raw\isyatirim_cache\ISGYO_2024_XI_29.json,satislar;ebitda;op_gelir;net_kar;cfo;fcf;ozkaynaklar;toplam_borc;net_borc;nakit;toplam_aktif,toplam_borc;net_borc;ebitda;ihracat_orani;piyasa_degeri;pb;roe;roa;ev;ev_ebitda;fcf_verim
ISGYO.IS,2024Q4,2024-12-31,XI_29,isyatirim_pit,,,2026-09-07T22:37:19.953445911,,,2025-03-15,APPROXIMATE_FIXED_LAG,UNKNOWN,UNKNOWN,data\raw\isyatirim_cache\ISGYO_2024_XI_29.json,satislar;ebitda;op_gelir;net_kar;cfo;fcf;ozkaynaklar;toplam_borc;net_borc;nakit;toplam_aktif,toplam_borc;net_borc;ebitda;ihracat_orani;piyasa_degeri;pb;roe;roa;ev;ev_ebitda;fcf_verim
ISGYO.IS,2025Q1,2025-03-31,XI_29,isyatirim_pit,,,2026-09-07T22:37:20.156791449,,,2025-05-15,APPROXIMATE_FIXED_LAG,UNKNOWN,UNKNOWN,data\raw\isyatirim_cache\ISGYO_2025_XI_29.json,satislar;ebitda;op_gelir;net_kar;cfo;fcf;ozkaynaklar;toplam_borc;net_borc;nakit;toplam_aktif,toplam_borc;net_borc;ebitda;ihracat_orani;piyasa_degeri;pb;roe;roa;ev;ev_ebitda;fcf_verim
ISGYO.IS,2025Q2,2025-06-30,XI_29,isyatirim_pit,,,2026-09-07T22:37:20.156791449,,,2025-08-15,APPROXIMATE_FIXED_LAG,UNKNOWN,UNKNOWN,data\raw\isyatirim_cache\ISGYO_2025_XI_29.json,satislar;ebitda;op_gelir;net_kar;cfo;fcf;ozkaynaklar;toplam_borc;net_borc;nakit;toplam_aktif,toplam_borc;net_borc;ebitda;ihracat_orani;piyasa_degeri;pb;roe;roa;ev;ev_ebitda;fcf_verim
ISGYO.IS,2025Q3,2025-09-30,XI_29,isyatirim_pit,,,2026-09-07T22:37:20.156791449,,,2025-11-15,APPROXIMATE_FIXED_LAG,UNKNOWN,UNKNOWN,data\raw\isyatirim_cache\ISGYO_2025_XI_29.json,satislar;ebitda;op_gelir;net_kar;cfo;fcf;ozkaynaklar;toplam_borc;net_borc;nakit;toplam_aktif,toplam_borc;net_borc;ebitda;ihracat_orani;piyasa_degeri;pb;roe;roa;ev;ev_ebitda;fcf_verim
ISGYO.IS,2025Q4,2025-12-31,XI_29,isyatirim_pit,,,2026-09-07T22:37:20.156791449,,,2026-03-15,APPROXIMATE_FIXED_LAG,UNKNOWN,UNKNOWN,data\raw\isyatirim_cache\ISGYO_2025_XI_29.json,satislar;ebitda;op_gelir;net_kar;cfo;fcf;ozkaynaklar;toplam_borc;net_borc;nakit;toplam_aktif,toplam_borc;net_borc;ebitda;ihracat_orani;piyasa_degeri;pb;roe;roa;ev;ev_ebitda;fcf_verim
ISGYO.IS,2026Q1,2026-03-31,XI_29,isyatirim_pit,,,2026-09-07T22:37:20.284076929,,,2026-05-15,APPROXIMATE_FIXED_LAG,UNKNOWN,UNKNOWN,data\raw\isyatirim_cache\ISGYO_2026_XI_29.json,satislar;ebitda;op_gelir;net_kar;cfo;fcf;ozkaynaklar;toplam_borc;net_borc;nakit;toplam_aktif,toplam_borc;net_borc;ebitda;ihracat_orani;piyasa_degeri;pb;roe;roa;ev;ev_ebitda;fcf_verim
ISGYO.IS,2026Q2,2026-06-30,XI_29,isyatirim_pit,,,2026-09-07T22:37:20.284076929,,,2026-08-15,APPROXIMATE_FIXED_LAG,UNKNOWN,UNKNOWN,data\raw\isyatirim_cache\ISGYO_2026_XI_29.json,satislar;ebitda;op_gelir;net_kar;cfo;fcf;ozkaynaklar;toplam_borc;net_borc;nakit;toplam_aktif,toplam_borc;net_borc;ebitda;ihracat_orani;piyasa_degeri;pb;roe;roa;ev;ev_ebitda;fcf_verim
KBORU.IS,2020Q4,2020-12-31,XI_29,isyatirim_pit,,,2026-09-07T22:37:27.656220675,,,2021-03-15,APPROXIMATE_FIXED_LAG,UNKNOWN,UNKNOWN,data\raw\isyatirim_cache\KBORU_2020_XI_29.json,satislar;ebitda;op_gelir;net_kar;cfo;fcf;ozkaynaklar;toplam_borc;net_borc;nakit;toplam_aktif,toplam_borc;net_borc;ebitda;ihracat_orani;piyasa_degeri;pb;roe;roa;ev;ev_ebitda;fcf_verim
KBORU.IS,2021Q4,2021-12-31,XI_29,isyatirim_pit,,,2026-09-07T22:37:27.804742813,,,2022-03-15,APPROXIMATE_FIXED_LAG,UNKNOWN,UNKNOWN,data\raw\isyatirim_cache\KBORU_2021_XI_29.json,satislar;ebitda;op_gelir;net_kar;cfo;fcf;ozkaynaklar;toplam_borc;net_borc;nakit;toplam_aktif,toplam_borc;net_borc;ebitda;ihracat_orani;piyasa_degeri;pb;roe;roa;ev;ev_ebitda;fcf_verim
KBORU.IS,2022Q2,2022-06-30,XI_29,isyatirim_pit,,,2026-09-07T22:37:27.940843821,,,2022-08-15,APPROXIMATE_FIXED_LAG,UNKNOWN,UNKNOWN,data\raw\isyatirim_cache\KBORU_2022_XI_29.json,satislar;ebitda;op_gelir;net_kar;cfo;fcf;ozkaynaklar;toplam_borc;net_borc;nakit;toplam_aktif,toplam_borc;net_borc;ebitda;ihracat_orani;piyasa_degeri;pb;roe;roa;ev;ev_ebitda;fcf_verim
KBORU.IS,2022Q3,2022-09-30,XI_29,isyatirim_pit,,,2026-09-07T22:37:27.940843821,,,2022-11-15,APPROXIMATE_FIXED_LAG,UNKNOWN,UNKNOWN,data\raw\isyatirim_cache\KBORU_2022_XI_29.json,satislar;ebitda;op_gelir;net_kar;cfo;fcf;ozkaynaklar;toplam_borc;net_borc;nakit;toplam_aktif,toplam_borc;net_borc;ebitda;ihracat_orani;piyasa_degeri;pb;roe;roa;ev;ev_ebitda;fcf_verim
KBORU.IS,2022Q4,2022-12-31,XI_29,isyatirim_pit,,,2026-09-07T22:37:27.940843821,,,2023-03-15,APPROXIMATE_FIXED_LAG,UNKNOWN,UNKNOWN,data\raw\isyatirim_cache\KBORU_2022_XI_29.json,satislar;ebitda;op_gelir;net_kar;cfo;fcf;ozkaynaklar;toplam_borc;net_borc;nakit;toplam_aktif,toplam_borc;net_borc;ebitda;ihracat_orani;piyasa_degeri;pb;roe;roa;ev;ev_ebitda;fcf_verim
KBORU.IS,2023Q1,2023-03-31,XI_29,isyatirim_pit,,,2026-09-07T22:37:28.124324083,,,2023-05-15,APPROXIMATE_FIXED_LAG,UNKNOWN,UNKNOWN,data\raw\isyatirim_cache\KBORU_2023_XI_29.json,satislar;ebitda;op_gelir;net_kar;cfo;fcf;ozkaynaklar;toplam_borc;net_borc;nakit;toplam_aktif,toplam_borc;net_borc;ebitda;ihracat_orani;piyasa_degeri;pb;roe;roa;ev;ev_ebitda;fcf_verim
KBORU.IS,2023Q2,2023-06-30,XI_29,isyatirim_pit,,,2026-09-07T22:37:28.124324083,,,2023-08-15,APPROXIMATE_FIXED_LAG,UNKNOWN,UNKNOWN,data\raw\isyatirim_cache\KBORU_2023_XI_29.json,satislar;ebitda;op_gelir;net_kar;cfo;fcf;ozkaynaklar;toplam_borc;net_borc;nakit;toplam_aktif,toplam_borc;net_borc;ebitda;ihracat_orani;piyasa_degeri;pb;roe;roa;ev;ev_ebitda;fcf_verim
KBORU.IS,2023Q3,2023-09-30,XI_29,isyatirim_pit,,,2026-09-07T22:37:28.124324083,,,2023-11-15,APPROXIMATE_FIXED_LAG,UNKNOWN,UNKNOWN,data\raw\isyatirim_cache\KBORU_2023_XI_29.json,satislar;ebitda;op_gelir;net_kar;cfo;fcf;ozkaynaklar;toplam_borc;net_borc;nakit;toplam_aktif,toplam_borc;net_borc;ebitda;ihracat_orani;piyasa_degeri;pb;roe;roa;ev;ev_ebitda;fcf_verim
KBORU.IS,2023Q4,2023-12-31,XI_29,isyatirim_pit,,,2026-09-07T22:37:28.124324083,,,2024-03-15,APPROXIMATE_FIXED_LAG,UNKNOWN,UNKNOWN,data\raw\isyatirim_cache\KBORU_2023_XI_29.json,satislar;ebitda;op_gelir;net_kar;cfo;fcf;ozkaynaklar;toplam_borc;net_borc;nakit;toplam_aktif,toplam_borc;net_borc;ebitda;ihracat_orani;piyasa_degeri;pb;roe;roa;ev;ev_ebitda;fcf_verim
KBORU.IS,2024Q1,2024-03-31,XI_29,isyatirim_pit,,,2026-09-07T22:37:28.212790966,,,2024-05-15,APPROXIMATE_FIXED_LAG,UNKNOWN,UNKNOWN,data\raw\isyatirim_cache\KBORU_2024_XI_29.json,satislar;ebitda;op_gelir;net_kar;cfo;fcf;ozkaynaklar;toplam_borc;net_borc;nakit;toplam_aktif,toplam_borc;net_borc;ebitda;ihracat_orani;piyasa_degeri;pb;roe;roa;ev;ev_ebitda;fcf_verim
KBORU.IS,2024Q2,2024-06-30,XI_29,isyatirim_pit,,,2026-09-07T22:37:28.212790966,,,2024-08-15,APPROXIMATE_FIXED_LAG,UNKNOWN,UNKNOWN,data\raw\isyatirim_cache\KBORU_2024_XI_29.json,satislar;ebitda;op_gelir;net_kar;cfo;fcf;ozkaynaklar;toplam_borc;net_borc;nakit;toplam_aktif,toplam_borc;net_borc;ebitda;ihracat_orani;piyasa_degeri;pb;roe;roa;ev;ev_ebitda;fcf_verim
KBORU.IS,2024Q3,2024-09-30,XI_29,isyatirim_pit,,,2026-09-07T22:37:28.212790966,,,2024-11-15,APPROXIMATE_FIXED_LAG,UNKNOWN,UNKNOWN,data\raw\isyatirim_cache\KBORU_2024_XI_29.json,satislar;ebitda;op_gelir;net_kar;cfo;fcf;ozkaynaklar;toplam_borc;net_borc;nakit;toplam_aktif,toplam_borc;net_borc;ebitda;ihracat_orani;piyasa_degeri;pb;roe;roa;ev;ev_ebitda;fcf_verim
KBORU.IS,2024Q4,2024-12-31,XI_29,isyatirim_pit,,,2026-09-07T22:37:28.212790966,,,2025-03-15,APPROXIMATE_FIXED_LAG,UNKNOWN,UNKNOWN,data\raw\isyatirim_cache\KBORU_2024_XI_29.json,satislar;ebitda;op_gelir;net_kar;cfo;fcf;ozkaynaklar;toplam_borc;net_borc;nakit;toplam_aktif,toplam_borc;net_borc;ebitda;ihracat_orani;piyasa_degeri;pb;roe;roa;ev;ev_ebitda;fcf_verim
KBORU.IS,2025Q1,2025-03-31,XI_29,isyatirim_pit,,,2026-09-07T22:37:28.368062735,,,2025-05-15,APPROXIMATE_FIXED_LAG,UNKNOWN,UNKNOWN,data\raw\isyatirim_cache\KBORU_2025_XI_29.json,satislar;ebitda;op_gelir;net_kar;cfo;fcf;ozkaynaklar;toplam_borc;net_borc;nakit;toplam_aktif,toplam_borc;net_borc;ebitda;ihracat_orani;piyasa_degeri;pb;roe;roa;ev;ev_ebitda;fcf_verim
KBORU.IS,2025Q2,2025-06-30,XI_29,isyatirim_pit,,,2026-09-07T22:37:28.368062735,,,2025-08-15,APPROXIMATE_FIXED_LAG,UNKNOWN,UNKNOWN,data\raw\isyatirim_cache\KBORU_2025_XI_29.json,satislar;ebitda;op_gelir;net_kar;cfo;fcf;ozkaynaklar;toplam_borc;net_borc;nakit;toplam_aktif,toplam_borc;net_borc;ebitda;ihracat_orani;piyasa_degeri;pb;roe;roa;ev;ev_ebitda;fcf_verim
KBORU.IS,2025Q3,2025-09-30,XI_29,isyatirim_pit,,,2026-09-07T22:37:28.368062735,,,2025-11-15,APPROXIMATE_FIXED_LAG,UNKNOWN,UNKNOWN,data\raw\isyatirim_cache\KBORU_2025_XI_29.json,satislar;ebitda;op_gelir;net_kar;cfo;fcf;ozkaynaklar;toplam_borc;net_borc;nakit;toplam_aktif,toplam_borc;net_borc;ebitda;ihracat_orani;piyasa_degeri;pb;roe;roa;ev;ev_ebitda;fcf_verim
KBORU.IS,2025Q4,2025-12-31,XI_29,isyatirim_pit,,,2026-09-07T22:37:28.368062735,,,2026-03-15,APPROXIMATE_FIXED_LAG,UNKNOWN,UNKNOWN,data\raw\isyatirim_cache\KBORU_2025_XI_29.json,satislar;ebitda;op_gelir;net_kar;cfo;fcf;ozkaynaklar;toplam_borc;net_borc;nakit;toplam_aktif,toplam_borc;net_borc;ebitda;ihracat_orani;piyasa_degeri;pb;roe;roa;ev;ev_ebitda;fcf_verim
KBORU.IS,2026Q1,2026-03-31,XI_29,isyatirim_pit,,,2026-09-07T22:37:28.494457245,,,2026-05-15,APPROXIMATE_FIXED_LAG,UNKNOWN,UNKNOWN,data\raw\isyatirim_cache\KBORU_2026_XI_29.json,satislar;ebitda;op_gelir;net_kar;cfo;fcf;ozkaynaklar;toplam_borc;net_borc;nakit;toplam_aktif,toplam_borc;net_borc;ebitda;ihracat_orani;piyasa_degeri;pb;roe;roa;ev;ev_ebitda;fcf_verim
KBORU.IS,2026Q2,2026-06-30,XI_29,isyatirim_pit,,,2026-09-07T22:37:28.494457245,,,2026-08-15,APPROXIMATE_FIXED_LAG,UNKNOWN,UNKNOWN,data\raw\isyatirim_cache\KBORU_2026_XI_29.json,satislar;ebitda;op_gelir;net_kar;cfo;fcf;ozkaynaklar;toplam_borc;net_borc;nakit;toplam_aktif,toplam_borc;net_borc;ebitda;ihracat_orani;piyasa_degeri;pb;roe;roa;ev;ev_ebitda;fcf_verim
KCAER.IS,2019Q4,2019-12-31,XI_29,isyatirim_pit,,,2026-09-07T22:37:12.122376680,,,2020-03-15,APPROXIMATE_FIXED_LAG,UNKNOWN,UNKNOWN,data\raw\isyatirim_cache\KCAER_2019_XI_29.json,satislar;ebitda;op_gelir;net_kar;cfo;fcf;ozkaynaklar;toplam_borc;net_borc;nakit;toplam_aktif,toplam_borc;net_borc;ebitda;ihracat_orani;piyasa_degeri;pb;roe;roa;ev;ev_ebitda;fcf_verim
KCAER.IS,2020Q4,2020-12-31,XI_29,isyatirim_pit,,,2026-09-07T22:37:12.211643219,,,2021-03-15,APPROXIMATE_FIXED_LAG,UNKNOWN,UNKNOWN,data\raw\isyatirim_cache\KCAER_2020_XI_29.json,satislar;ebitda;op_gelir;net_kar;cfo;fcf;ozkaynaklar;toplam_borc;net_borc;nakit;toplam_aktif,toplam_borc;net_borc;ebitda;ihracat_orani;piyasa_degeri;pb;roe;roa;ev;ev_ebitda;fcf_verim
KCAER.IS,2021Q1,2021-03-31,XI_29,isyatirim_pit,,,2026-09-07T22:37:12.324289083,,,2021-05-15,APPROXIMATE_FIXED_LAG,UNKNOWN,UNKNOWN,data\raw\isyatirim_cache\KCAER_2021_XI_29.json,satislar;ebitda;op_gelir;net_kar;cfo;fcf;ozkaynaklar;toplam_borc;net_borc;nakit;toplam_aktif,toplam_borc;net_borc;ebitda;ihracat_orani;piyasa_degeri;pb;roe;roa;ev;ev_ebitda;fcf_verim
KCAER.IS,2021Q2,2021-06-30,XI_29,isyatirim_pit,,,2026-09-07T22:37:12.324289083,,,2021-08-15,APPROXIMATE_FIXED_LAG,UNKNOWN,UNKNOWN,data\raw\isyatirim_cache\KCAER_2021_XI_29.json,satislar;ebitda;op_gelir;net_kar;cfo;fcf;ozkaynaklar;toplam_borc;net_borc;nakit;toplam_aktif,toplam_borc;net_borc;ebitda;ihracat_orani;piyasa_degeri;pb;roe;roa;ev;ev_ebitda;fcf_verim
KCAER.IS,2021Q3,2021-09-30,XI_29,isyatirim_pit,,,2026-09-07T22:37:12.324289083,,,2021-11-15,APPROXIMATE_FIXED_LAG,UNKNOWN,UNKNOWN,data\raw\isyatirim_cache\KCAER_2021_XI_29.json,satislar;ebitda;op_gelir;net_kar;cfo;fcf;ozkaynaklar;toplam_borc;net_borc;nakit;toplam_aktif,toplam_borc;net_borc;ebitda;ihracat_orani;piyasa_degeri;pb;roe;roa;ev;ev_ebitda;fcf_verim
KCAER.IS,2021Q4,2021-12-31,XI_29,isyatirim_pit,,,2026-09-07T22:37:12.324289083,,,2022-03-15,APPROXIMATE_FIXED_LAG,UNKNOWN,UNKNOWN,data\raw\isyatirim_cache\KCAER_2021_XI_29.json,satislar;ebitda;op_gelir;net_kar;cfo;fcf;ozkaynaklar;toplam_borc;net_borc;nakit;toplam_aktif,toplam_borc;net_borc;ebitda;ihracat_orani;piyasa_degeri;pb;roe;roa;ev;ev_ebitda;fcf_verim
KCAER.IS,2022Q1,2022-03-31,XI_29,isyatirim_pit,,,2026-09-07T22:37:12.420949697,,,2022-05-15,APPROXIMATE_FIXED_LAG,UNKNOWN,UNKNOWN,data\raw\isyatirim_cache\KCAER_2022_XI_29.json,satislar;ebitda;op_gelir;net_kar;cfo;fcf;ozkaynaklar;toplam_borc;net_borc;nakit;toplam_aktif,toplam_borc;net_borc;ebitda;ihracat_orani;piyasa_degeri;pb;roe;roa;ev;ev_ebitda;fcf_verim
KCAER.IS,2022Q2,2022-06-30,XI_29,isyatirim_pit,,,2026-09-07T22:37:12.420949697,,,2022-08-15,APPROXIMATE_FIXED_LAG,UNKNOWN,UNKNOWN,data\raw\isyatirim_cache\KCAER_2022_XI_29.json,satislar;ebitda;op_gelir;net_kar;cfo;fcf;ozkaynaklar;toplam_borc;net_borc;nakit;toplam_aktif,toplam_borc;net_borc;ebitda;ihracat_orani;piyasa_degeri;pb;roe;roa;ev;ev_ebitda;fcf_verim
KCAER.IS,2022Q3,2022-09-30,XI_29,isyatirim_pit,,,2026-09-07T22:37:12.420949697,,,2022-11-15,APPROXIMATE_FIXED_LAG,UNKNOWN,UNKNOWN,data\raw\isyatirim_cache\KCAER_2022_XI_29.json,satislar;ebitda;op_gelir;net_kar;cfo;fcf;ozkaynaklar;toplam_borc;net_borc;nakit;toplam_aktif,toplam_borc;net_borc;ebitda;ihracat_orani;piyasa_degeri;pb;roe;roa;ev;ev_ebitda;fcf_verim
KCAER.IS,2022Q4,2022-12-31,XI_29,isyatirim_pit,,,2026-09-07T22:37:12.420949697,,,2023-03-15,APPROXIMATE_FIXED_LAG,UNKNOWN,UNKNOWN,data\raw\isyatirim_cache\KCAER_2022_XI_29.json,satislar;ebitda;op_gelir;net_kar;cfo;fcf;ozkaynaklar;toplam_borc;net_borc;nakit;toplam_aktif,toplam_borc;net_borc;ebitda;ihracat_orani;piyasa_degeri;pb;roe;roa;ev;ev_ebitda;fcf_verim
KCAER.IS,2023Q1,2023-03-31,XI_29,isyatirim_pit,,,2026-09-07T22:37:12.559392214,,,2023-05-15,APPROXIMATE_FIXED_LAG,UNKNOWN,UNKNOWN,data\raw\isyatirim_cache\KCAER_2023_XI_29.json,satislar;ebitda;op_gelir;net_kar;cfo;fcf;ozkaynaklar;toplam_borc;net_borc;nakit;toplam_aktif,toplam_borc;net_borc;ebitda;ihracat_orani;piyasa_degeri;pb;roe;roa;ev;ev_ebitda;fcf_verim
KCAER.IS,2023Q2,2023-06-30,XI_29,isyatirim_pit,,,2026-09-07T22:37:12.559392214,,,2023-08-15,APPROXIMATE_FIXED_LAG,UNKNOWN,UNKNOWN,data\raw\isyatirim_cache\KCAER_2023_XI_29.json,satislar;ebitda;op_gelir;net_kar;cfo;fcf;ozkaynaklar;toplam_borc;net_borc;nakit;toplam_aktif,toplam_borc;net_borc;ebitda;ihracat_orani;piyasa_degeri;pb;roe;roa;ev;ev_ebitda;fcf_verim
KCAER.IS,2023Q3,2023-09-30,XI_29,isyatirim_pit,,,2026-09-07T22:37:12.559392214,,,2023-11-15,APPROXIMATE_FIXED_LAG,UNKNOWN,UNKNOWN,data\raw\isyatirim_cache\KCAER_2023_XI_29.json,satislar;ebitda;op_gelir;net_kar;cfo;fcf;ozkaynaklar;toplam_borc;net_borc;nakit;toplam_aktif,toplam_borc;net_borc;ebitda;ihracat_orani;piyasa_degeri;pb;roe;roa;ev;ev_ebitda;fcf_verim
KCAER.IS,2023Q4,2023-12-31,XI_29,isyatirim_pit,,,2026-09-07T22:37:12.559392214,,,2024-03-15,APPROXIMATE_FIXED_LAG,UNKNOWN,UNKNOWN,data\raw\isyatirim_cache\KCAER_2023_XI_29.json,satislar;ebitda;op_gelir;net_kar;cfo;fcf;ozkaynaklar;toplam_borc;net_borc;nakit;toplam_aktif,toplam_borc;net_borc;ebitda;ihracat_orani;piyasa_degeri;pb;roe;roa;ev;ev_ebitda;fcf_verim
KCAER.IS,2024Q1,2024-03-31,XI_29,isyatirim_pit,,,2026-09-07T22:37:12.654532194,,,2024-05-15,APPROXIMATE_FIXED_LAG,UNKNOWN,UNKNOWN,data\raw\isyatirim_cache\KCAER_2024_XI_29.json,satislar;ebitda;op_gelir;net_kar;cfo;fcf;ozkaynaklar;toplam_borc;net_borc;nakit;toplam_aktif,toplam_borc;net_borc;ebitda;ihracat_orani;piyasa_degeri;pb;roe;roa;ev;ev_ebitda;fcf_verim
KCAER.IS,2024Q2,2024-06-30,XI_29,isyatirim_pit,,,2026-09-07T22:37:12.654532194,,,2024-08-15,APPROXIMATE_FIXED_LAG,UNKNOWN,UNKNOWN,data\raw\isyatirim_cache\KCAER_2024_XI_29.json,satislar;ebitda;op_gelir;net_kar;cfo;fcf;ozkaynaklar;toplam_borc;net_borc;nakit;toplam_aktif,toplam_borc;net_borc;ebitda;ihracat_orani;piyasa_degeri;pb;roe;roa;ev;ev_ebitda;fcf_verim
KCAER.IS,2024Q3,2024-09-30,XI_29,isyatirim_pit,,,2026-09-07T22:37:12.654532194,,,2024-11-15,APPROXIMATE_FIXED_LAG,UNKNOWN,UNKNOWN,data\raw\isyatirim_cache\KCAER_2024_XI_29.json,satislar;ebitda;op_gelir;net_kar;cfo;fcf;ozkaynaklar;toplam_borc;net_borc;nakit;toplam_aktif,toplam_borc;net_borc;ebitda;ihracat_orani;piyasa_degeri;pb;roe;roa;ev;ev_ebitda;fcf_verim
KCAER.IS,2024Q4,2024-12-31,XI_29,isyatirim_pit,,,2026-09-07T22:37:12.654532194,,,2025-03-15,APPROXIMATE_FIXED_LAG,UNKNOWN,UNKNOWN,data\raw\isyatirim_cache\KCAER_2024_XI_29.json,satislar;ebitda;op_gelir;net_kar;cfo;fcf;ozkaynaklar;toplam_borc;net_borc;nakit;toplam_aktif,toplam_borc;net_borc;ebitda;ihracat_orani;piyasa_degeri;pb;roe;roa;ev;ev_ebitda;fcf_verim
KCAER.IS,2025Q1,2025-03-31,XI_29,isyatirim_pit,,,2026-09-07T22:37:12.742904902,,,2025-05-15,APPROXIMATE_FIXED_LAG,UNKNOWN,UNKNOWN,data\raw\isyatirim_cache\KCAER_2025_XI_29.json,satislar;ebitda;op_gelir;net_kar;cfo;fcf;ozkaynaklar;toplam_borc;net_borc;nakit;toplam_aktif,toplam_borc;net_borc;ebitda;ihracat_orani;piyasa_degeri;pb;roe;roa;ev;ev_ebitda;fcf_verim
KCAER.IS,2025Q2,2025-06-30,XI_29,isyatirim_pit,,,2026-09-07T22:37:12.742904902,,,2025-08-15,APPROXIMATE_FIXED_LAG,UNKNOWN,UNKNOWN,data\raw\isyatirim_cache\KCAER_2025_XI_29.json,satislar;ebitda;op_gelir;net_kar;cfo;fcf;ozkaynaklar;toplam_borc;net_borc;nakit;toplam_aktif,toplam_borc;net_borc;ebitda;ihracat_orani;piyasa_degeri;pb;roe;roa;ev;ev_ebitda;fcf_verim
KCAER.IS,2025Q3,2025-09-30,XI_29,isyatirim_pit,,,2026-09-07T22:37:12.742904902,,,2025-11-15,APPROXIMATE_FIXED_LAG,UNKNOWN,UNKNOWN,data\raw\isyatirim_cache\KCAER_2025_XI_29.json,satislar;ebitda;op_gelir;net_kar;cfo;fcf;ozkaynaklar;toplam_borc;net_borc;nakit;toplam_aktif,toplam_borc;net_borc;ebitda;ihracat_orani;piyasa_degeri;pb;roe;roa;ev;ev_ebitda;fcf_verim
KCAER.IS,2025Q4,2025-12-31,XI_29,isyatirim_pit,,,2026-09-07T22:37:12.742904902,,,2026-03-15,APPROXIMATE_FIXED_LAG,UNKNOWN,UNKNOWN,data\raw\isyatirim_cache\KCAER_2025_XI_29.json,satislar;ebitda;op_gelir;net_kar;cfo;fcf;ozkaynaklar;toplam_borc;net_borc;nakit;toplam_aktif,toplam_borc;net_borc;ebitda;ihracat_orani;piyasa_degeri;pb;roe;roa;ev;ev_ebitda;fcf_verim
KCAER.IS,2026Q1,2026-03-31,XI_29,isyatirim_pit,,,2026-09-07T22:37:12.835188627,,,2026-05-15,APPROXIMATE_FIXED_LAG,UNKNOWN,UNKNOWN,data\raw\isyatirim_cache\KCAER_2026_XI_29.json,satislar;ebitda;op_gelir;net_kar;cfo;fcf;ozkaynaklar;toplam_borc;net_borc;nakit;toplam_aktif,toplam_borc;net_borc;ebitda;ihracat_orani;piyasa_degeri;pb;roe;roa;ev;ev_ebitda;fcf_verim
KCAER.IS,2026Q2,2026-06-30,XI_29,isyatirim_pit,,,2026-09-07T22:37:12.835188627,,,2026-08-15,APPROXIMATE_FIXED_LAG,UNKNOWN,UNKNOWN,data\raw\isyatirim_cache\KCAER_2026_XI_29.json,satislar;ebitda;op_gelir;net_kar;cfo;fcf;ozkaynaklar;toplam_borc;net_borc;nakit;toplam_aktif,toplam_borc;net_borc;ebitda;ihracat_orani;piyasa_degeri;pb;roe;roa;ev;ev_ebitda;fcf_verim
KCHOL.IS,2018Q1,2018-03-31,XI_29,isyatirim_pit,,,2026-09-07T22:36:53.490750313,,,2018-05-15,APPROXIMATE_FIXED_LAG,UNKNOWN,UNKNOWN,data\raw\isyatirim_cache\KCHOL_2018_XI_29.json,satislar;ebitda;op_gelir;net_kar;cfo;fcf;ozkaynaklar;toplam_borc;net_borc;nakit;toplam_aktif,toplam_borc;net_borc;ebitda;ihracat_orani;piyasa_degeri;pb;roe;roa;ev;ev_ebitda;fcf_verim
KCHOL.IS,2018Q2,2018-06-30,XI_29,isyatirim_pit,,,2026-09-07T22:36:53.490750313,,,2018-08-15,APPROXIMATE_FIXED_LAG,UNKNOWN,UNKNOWN,data\raw\isyatirim_cache\KCHOL_2018_XI_29.json,satislar;ebitda;op_gelir;net_kar;cfo;fcf;ozkaynaklar;toplam_borc;net_borc;nakit;toplam_aktif,toplam_borc;net_borc;ebitda;ihracat_orani;piyasa_degeri;pb;roe;roa;ev;ev_ebitda;fcf_verim
KCHOL.IS,2018Q3,2018-09-30,XI_29,isyatirim_pit,,,2026-09-07T22:36:53.490750313,,,2018-11-15,APPROXIMATE_FIXED_LAG,UNKNOWN,UNKNOWN,data\raw\isyatirim_cache\KCHOL_2018_XI_29.json,satislar;ebitda;op_gelir;net_kar;cfo;fcf;ozkaynaklar;toplam_borc;net_borc;nakit;toplam_aktif,toplam_borc;net_borc;ebitda;ihracat_orani;piyasa_degeri;pb;roe;roa;ev;ev_ebitda;fcf_verim
KCHOL.IS,2018Q4,2018-12-31,XI_29,isyatirim_pit,,,2026-09-07T22:36:53.490750313,,,2019-03-15,APPROXIMATE_FIXED_LAG,UNKNOWN,UNKNOWN,data\raw\isyatirim_cache\KCHOL_2018_XI_29.json,satislar;ebitda;op_gelir;net_kar;cfo;fcf;ozkaynaklar;toplam_borc;net_borc;nakit;toplam_aktif,toplam_borc;net_borc;ebitda;ihracat_orani;piyasa_degeri;pb;roe;roa;ev;ev_ebitda;fcf_verim
KCHOL.IS,2019Q1,2019-03-31,XI_29,isyatirim_pit,,,2026-09-07T22:36:53.634290218,,,2019-05-15,APPROXIMATE_FIXED_LAG,UNKNOWN,UNKNOWN,data\raw\isyatirim_cache\KCHOL_2019_XI_29.json,satislar;ebitda;op_gelir;net_kar;cfo;fcf;ozkaynaklar;toplam_borc;net_borc;nakit;toplam_aktif,toplam_borc;net_borc;ebitda;ihracat_orani;piyasa_degeri;pb;roe;roa;ev;ev_ebitda;fcf_verim
KCHOL.IS,2019Q2,2019-06-30,XI_29,isyatirim_pit,,,2026-09-07T22:36:53.634290218,,,2019-08-15,APPROXIMATE_FIXED_LAG,UNKNOWN,UNKNOWN,data\raw\isyatirim_cache\KCHOL_2019_XI_29.json,satislar;ebitda;op_gelir;net_kar;cfo;fcf;ozkaynaklar;toplam_borc;net_borc;nakit;toplam_aktif,toplam_borc;net_borc;ebitda;ihracat_orani;piyasa_degeri;pb;roe;roa;ev;ev_ebitda;fcf_verim
KCHOL.IS,2019Q3,2019-09-30,XI_29,isyatirim_pit,,,2026-09-07T22:36:53.634290218,,,2019-11-15,APPROXIMATE_FIXED_LAG,UNKNOWN,UNKNOWN,data\raw\isyatirim_cache\KCHOL_2019_XI_29.json,satislar;ebitda;op_gelir;net_kar;cfo;fcf;ozkaynaklar;toplam_borc;net_borc;nakit;toplam_aktif,toplam_borc;net_borc;ebitda;ihracat_orani;piyasa_degeri;pb;roe;roa;ev;ev_ebitda;fcf_verim
KCHOL.IS,2019Q4,2019-12-31,XI_29,isyatirim_pit,,,2026-09-07T22:36:53.634290218,,,2020-03-15,APPROXIMATE_FIXED_LAG,UNKNOWN,UNKNOWN,data\raw\isyatirim_cache\KCHOL_2019_XI_29.json,satislar;ebitda;op_gelir;net_kar;cfo;fcf;ozkaynaklar;toplam_borc;net_borc;nakit;toplam_aktif,toplam_borc;net_borc;ebitda;ihracat_orani;piyasa_degeri;pb;roe;roa;ev;ev_ebitda;fcf_verim
KCHOL.IS,2020Q1,2020-03-31,XI_29,isyatirim_pit,,,2026-09-07T22:36:53.802255392,,,2020-05-15,APPROXIMATE_FIXED_LAG,UNKNOWN,UNKNOWN,data\raw\isyatirim_cache\KCHOL_2020_XI_29.json,satislar;ebitda;op_gelir;net_kar;cfo;fcf;ozkaynaklar;toplam_borc;net_borc;nakit;toplam_aktif,toplam_borc;net_borc;ebitda;ihracat_orani;piyasa_degeri;pb;roe;roa;ev;ev_ebitda;fcf_verim
KCHOL.IS,2020Q2,2020-06-30,XI_29,isyatirim_pit,,,2026-09-07T22:36:53.802255392,,,2020-08-15,APPROXIMATE_FIXED_LAG,UNKNOWN,UNKNOWN,data\raw\isyatirim_cache\KCHOL_2020_XI_29.json,satislar;ebitda;op_gelir;net_kar;cfo;fcf;ozkaynaklar;toplam_borc;net_borc;nakit;toplam_aktif,toplam_borc;net_borc;ebitda;ihracat_orani;piyasa_degeri;pb;roe;roa;ev;ev_ebitda;fcf_verim
KCHOL.IS,2020Q3,2020-09-30,XI_29,isyatirim_pit,,,2026-09-07T22:36:53.802255392,,,2020-11-15,APPROXIMATE_FIXED_LAG,UNKNOWN,UNKNOWN,data\raw\isyatirim_cache\KCHOL_2020_XI_29.json,satislar;ebitda;op_gelir;net_kar;cfo;fcf;ozkaynaklar;toplam_borc;net_borc;nakit;toplam_aktif,toplam_borc;net_borc;ebitda;ihracat_orani;piyasa_degeri;pb;roe;roa;ev;ev_ebitda;fcf_verim
KCHOL.IS,2020Q4,2020-12-31,XI_29,isyatirim_pit,,,2026-09-07T22:36:53.802255392,,,2021-03-15,APPROXIMATE_FIXED_LAG,UNKNOWN,UNKNOWN,data\raw\isyatirim_cache\KCHOL_2020_XI_29.json,satislar;ebitda;op_gelir;net_kar;cfo;fcf;ozkaynaklar;toplam_borc;net_borc;nakit;toplam_aktif,toplam_borc;net_borc;ebitda;ihracat_orani;piyasa_degeri;pb;roe;roa;ev;ev_ebitda;fcf_verim
KCHOL.IS,2021Q1,2021-03-31,XI_29,isyatirim_pit,,,2026-09-07T22:36:54.061196089,,,2021-05-15,APPROXIMATE_FIXED_LAG,UNKNOWN,UNKNOWN,data\raw\isyatirim_cache\KCHOL_2021_XI_29.json,satislar;ebitda;op_gelir;net_kar;cfo;fcf;ozkaynaklar;toplam_borc;net_borc;nakit;toplam_aktif,toplam_borc;net_borc;ebitda;ihracat_orani;piyasa_degeri;pb;roe;roa;ev;ev_ebitda;fcf_verim
KCHOL.IS,2021Q2,2021-06-30,XI_29,isyatirim_pit,,,2026-09-07T22:36:54.061196089,,,2021-08-15,APPROXIMATE_FIXED_LAG,UNKNOWN,UNKNOWN,data\raw\isyatirim_cache\KCHOL_2021_XI_29.json,satislar;ebitda;op_gelir;net_kar;cfo;fcf;ozkaynaklar;toplam_borc;net_borc;nakit;toplam_aktif,toplam_borc;net_borc;ebitda;ihracat_orani;piyasa_degeri;pb;roe;roa;ev;ev_ebitda;fcf_verim
KCHOL.IS,2021Q3,2021-09-30,XI_29,isyatirim_pit,,,2026-09-07T22:36:54.061196089,,,2021-11-15,APPROXIMATE_FIXED_LAG,UNKNOWN,UNKNOWN,data\raw\isyatirim_cache\KCHOL_2021_XI_29.json,satislar;ebitda;op_gelir;net_kar;cfo;fcf;ozkaynaklar;toplam_borc;net_borc;nakit;toplam_aktif,toplam_borc;net_borc;ebitda;ihracat_orani;piyasa_degeri;pb;roe;roa;ev;ev_ebitda;fcf_verim
KCHOL.IS,2021Q4,2021-12-31,XI_29,isyatirim_pit,,,2026-09-07T22:36:54.061196089,,,2022-03-15,APPROXIMATE_FIXED_LAG,UNKNOWN,UNKNOWN,data\raw\isyatirim_cache\KCHOL_2021_XI_29.json,satislar;ebitda;op_gelir;net_kar;cfo;fcf;ozkaynaklar;toplam_borc;net_borc;nakit;toplam_aktif,toplam_borc;net_borc;ebitda;ihracat_orani;piyasa_degeri;pb;roe;roa;ev;ev_ebitda;fcf_verim
KCHOL.IS,2022Q1,2022-03-31,XI_29,isyatirim_pit,,,2026-09-07T22:36:54.219280481,,,2022-05-15,APPROXIMATE_FIXED_LAG,UNKNOWN,UNKNOWN,data\raw\isyatirim_cache\KCHOL_2022_XI_29.json,satislar;ebitda;op_gelir;net_kar;cfo;fcf;ozkaynaklar;toplam_borc;net_borc;nakit;toplam_aktif,toplam_borc;net_borc;ebitda;ihracat_orani;piyasa_degeri;pb;roe;roa;ev;ev_ebitda;fcf_verim
KCHOL.IS,2022Q2,2022-06-30,XI_29,isyatirim_pit,,,2026-09-07T22:36:54.219280481,,,2022-08-15,APPROXIMATE_FIXED_LAG,UNKNOWN,UNKNOWN,data\raw\isyatirim_cache\KCHOL_2022_XI_29.json,satislar;ebitda;op_gelir;net_kar;cfo;fcf;ozkaynaklar;toplam_borc;net_borc;nakit;toplam_aktif,toplam_borc;net_borc;ebitda;ihracat_orani;piyasa_degeri;pb;roe;roa;ev;ev_ebitda;fcf_verim
KCHOL.IS,2022Q3,2022-09-30,XI_29,isyatirim_pit,,,2026-09-07T22:36:54.219280481,,,2022-11-15,APPROXIMATE_FIXED_LAG,UNKNOWN,UNKNOWN,data\raw\isyatirim_cache\KCHOL_2022_XI_29.json,satislar;ebitda;op_gelir;net_kar;cfo;fcf;ozkaynaklar;toplam_borc;net_borc;nakit;toplam_aktif,toplam_borc;net_borc;ebitda;ihracat_orani;piyasa_degeri;pb;roe;roa;ev;ev_ebitda;fcf_verim
KCHOL.IS,2022Q4,2022-12-31,XI_29,isyatirim_pit,,,2026-09-07T22:36:54.219280481,,,2023-03-15,APPROXIMATE_FIXED_LAG,UNKNOWN,UNKNOWN,data\raw\isyatirim_cache\KCHOL_2022_XI_29.json,satislar;ebitda;op_gelir;net_kar;cfo;fcf;ozkaynaklar;toplam_borc;net_borc;nakit;toplam_aktif,toplam_borc;net_borc;ebitda;ihracat_orani;piyasa_degeri;pb;roe;roa;ev;ev_ebitda;fcf_verim
KCHOL.IS,2023Q1,2023-03-31,XI_29,isyatirim_pit,,,2026-09-07T22:36:54.409638643,,,2023-05-15,APPROXIMATE_FIXED_LAG,UNKNOWN,UNKNOWN,data\raw\isyatirim_cache\KCHOL_2023_XI_29.json,satislar;ebitda;op_gelir;net_kar;cfo;fcf;ozkaynaklar;toplam_borc;net_borc;nakit;toplam_aktif,toplam_borc;net_borc;ebitda;ihracat_orani;piyasa_degeri;pb;roe;roa;ev;ev_ebitda;fcf_verim
KCHOL.IS,2023Q2,2023-06-30,XI_29,isyatirim_pit,,,2026-09-07T22:36:54.409638643,,,2023-08-15,APPROXIMATE_FIXED_LAG,UNKNOWN,UNKNOWN,data\raw\isyatirim_cache\KCHOL_2023_XI_29.json,satislar;ebitda;op_gelir;net_kar;cfo;fcf;ozkaynaklar;toplam_borc;net_borc;nakit;toplam_aktif,toplam_borc;net_borc;ebitda;ihracat_orani;piyasa_degeri;pb;roe;roa;ev;ev_ebitda;fcf_verim
KCHOL.IS,2023Q3,2023-09-30,XI_29,isyatirim_pit,,,2026-09-07T22:36:54.409638643,,,2023-11-15,APPROXIMATE_FIXED_LAG,UNKNOWN,UNKNOWN,data\raw\isyatirim_cache\KCHOL_2023_XI_29.json,satislar;ebitda;op_gelir;net_kar;cfo;fcf;ozkaynaklar;toplam_borc;net_borc;nakit;toplam_aktif,toplam_borc;net_borc;ebitda;ihracat_orani;piyasa_degeri;pb;roe;roa;ev;ev_ebitda;fcf_verim
KCHOL.IS,2023Q4,2023-12-31,XI_29,isyatirim_pit,,,2026-09-07T22:36:54.409638643,,,2024-03-15,APPROXIMATE_FIXED_LAG,UNKNOWN,UNKNOWN,data\raw\isyatirim_cache\KCHOL_2023_XI_29.json,satislar;ebitda;op_gelir;net_kar;cfo;fcf;ozkaynaklar;toplam_borc;net_borc;nakit;toplam_aktif,toplam_borc;net_borc;ebitda;ihracat_orani;piyasa_degeri;pb;roe;roa;ev;ev_ebitda;fcf_verim
KCHOL.IS,2024Q1,2024-03-31,XI_29,isyatirim_pit,,,2026-09-07T22:36:54.497696161,,,2024-05-15,APPROXIMATE_FIXED_LAG,UNKNOWN,UNKNOWN,data\raw\isyatirim_cache\KCHOL_2024_XI_29.json,satislar;ebitda;op_gelir;net_kar;cfo;fcf;ozkaynaklar;toplam_borc;net_borc;nakit;toplam_aktif,toplam_borc;net_borc;ebitda;ihracat_orani;piyasa_degeri;pb;roe;roa;ev;ev_ebitda;fcf_verim
KCHOL.IS,2024Q2,2024-06-30,XI_29,isyatirim_pit,,,2026-09-07T22:36:54.497696161,,,2024-08-15,APPROXIMATE_FIXED_LAG,UNKNOWN,UNKNOWN,data\raw\isyatirim_cache\KCHOL_2024_XI_29.json,satislar;ebitda;op_gelir;net_kar;cfo;fcf;ozkaynaklar;toplam_borc;net_borc;nakit;toplam_aktif,toplam_borc;net_borc;ebitda;ihracat_orani;piyasa_degeri;pb;roe;roa;ev;ev_ebitda;fcf_verim
KCHOL.IS,2024Q3,2024-09-30,XI_29,isyatirim_pit,,,2026-09-07T22:36:54.497696161,,,2024-11-15,APPROXIMATE_FIXED_LAG,UNKNOWN,UNKNOWN,data\raw\isyatirim_cache\KCHOL_2024_XI_29.json,satislar;ebitda;op_gelir;net_kar;cfo;fcf;ozkaynaklar;toplam_borc;net_borc;nakit;toplam_aktif,toplam_borc;net_borc;ebitda;ihracat_orani;piyasa_degeri;pb;roe;roa;ev;ev_ebitda;fcf_verim
KCHOL.IS,2024Q4,2024-12-31,XI_29,isyatirim_pit,,,2026-09-07T22:36:54.497696161,,,2025-03-15,APPROXIMATE_FIXED_LAG,UNKNOWN,UNKNOWN,data\raw\isyatirim_cache\KCHOL_2024_XI_29.json,satislar;ebitda;op_gelir;net_kar;cfo;fcf;ozkaynaklar;toplam_borc;net_borc;nakit;toplam_aktif,toplam_borc;net_borc;ebitda;ihracat_orani;piyasa_degeri;pb;roe;roa;ev;ev_ebitda;fcf_verim
KCHOL.IS,2025Q1,2025-03-31,XI_29,isyatirim_pit,,,2026-09-07T22:36:54.671588898,,,2025-05-15,APPROXIMATE_FIXED_LAG,UNKNOWN,UNKNOWN,data\raw\isyatirim_cache\KCHOL_2025_XI_29.json,satislar;ebitda;op_gelir;net_kar;cfo;fcf;ozkaynaklar;toplam_borc;net_borc;nakit;toplam_aktif,toplam_borc;net_borc;ebitda;ihracat_orani;piyasa_degeri;pb;roe;roa;ev;ev_ebitda;fcf_verim
KCHOL.IS,2025Q2,2025-06-30,XI_29,isyatirim_pit,,,2026-09-07T22:36:54.671588898,,,2025-08-15,APPROXIMATE_FIXED_LAG,UNKNOWN,UNKNOWN,data\raw\isyatirim_cache\KCHOL_2025_XI_29.json,satislar;ebitda;op_gelir;net_kar;cfo;fcf;ozkaynaklar;toplam_borc;net_borc;nakit;toplam_aktif,toplam_borc;net_borc;ebitda;ihracat_orani;piyasa_degeri;pb;roe;roa;ev;ev_ebitda;fcf_verim
KCHOL.IS,2025Q3,2025-09-30,XI_29,isyatirim_pit,,,2026-09-07T22:36:54.671588898,,,2025-11-15,APPROXIMATE_FIXED_LAG,UNKNOWN,UNKNOWN,data\raw\isyatirim_cache\KCHOL_2025_XI_29.json,satislar;ebitda;op_gelir;net_kar;cfo;fcf;ozkaynaklar;toplam_borc;net_borc;nakit;toplam_aktif,toplam_borc;net_borc;ebitda;ihracat_orani;piyasa_degeri;pb;roe;roa;ev;ev_ebitda;fcf_verim
KCHOL.IS,2025Q4,2025-12-31,XI_29,isyatirim_pit,,,2026-09-07T22:36:54.671588898,,,2026-03-15,APPROXIMATE_FIXED_LAG,UNKNOWN,UNKNOWN,data\raw\isyatirim_cache\KCHOL_2025_XI_29.json,satislar;ebitda;op_gelir;net_kar;cfo;fcf;ozkaynaklar;toplam_borc;net_borc;nakit;toplam_aktif,toplam_borc;net_borc;ebitda;ihracat_orani;piyasa_degeri;pb;roe;roa;ev;ev_ebitda;fcf_verim
KCHOL.IS,2026Q1,2026-03-31,XI_29,isyatirim_pit,,,2026-09-07T22:36:54.812743902,,,2026-05-15,APPROXIMATE_FIXED_LAG,UNKNOWN,UNKNOWN,data\raw\isyatirim_cache\KCHOL_2026_XI_29.json,satislar;ebitda;op_gelir;net_kar;cfo;fcf;ozkaynaklar;toplam_borc;net_borc;nakit;toplam_aktif,toplam_borc;net_borc;ebitda;ihracat_orani;piyasa_degeri;pb;roe;roa;ev;ev_ebitda;fcf_verim
KCHOL.IS,2026Q2,2026-06-30,XI_29,isyatirim_pit,,,2026-09-07T22:36:54.812743902,,,2026-08-15,APPROXIMATE_FIXED_LAG,UNKNOWN,UNKNOWN,data\raw\isyatirim_cache\KCHOL_2026_XI_29.json,satislar;ebitda;op_gelir;net_kar;cfo;fcf;ozkaynaklar;toplam_borc;net_borc;nakit;toplam_aktif,toplam_borc;net_borc;ebitda;ihracat_orani;piyasa_degeri;pb;roe;roa;ev;ev_ebitda;fcf_verim
KONTR.IS,2018Q4,2018-12-31,XI_29,isyatirim_pit,,,2026-09-07T22:37:08.732100487,,,2019-03-15,APPROXIMATE_FIXED_LAG,UNKNOWN,UNKNOWN,data\raw\isyatirim_cache\KONTR_2018_XI_29.json,satislar;ebitda;op_gelir;net_kar;cfo;fcf;ozkaynaklar;toplam_borc;net_borc;nakit;toplam_aktif,toplam_borc;net_borc;ebitda;ihracat_orani;piyasa_degeri;pb;roe;roa;ev;ev_ebitda;fcf_verim
KONTR.IS,2019Q2,2019-06-30,XI_29,isyatirim_pit,,,2026-09-07T22:37:08.820619106,,,2019-08-15,APPROXIMATE_FIXED_LAG,UNKNOWN,UNKNOWN,data\raw\isyatirim_cache\KONTR_2019_XI_29.json,satislar;ebitda;op_gelir;net_kar;cfo;fcf;ozkaynaklar;toplam_borc;net_borc;nakit;toplam_aktif,toplam_borc;net_borc;ebitda;ihracat_orani;piyasa_degeri;pb;roe;roa;ev;ev_ebitda;fcf_verim
KONTR.IS,2019Q3,2019-09-30,XI_29,isyatirim_pit,,,2026-09-07T22:37:08.820619106,,,2019-11-15,APPROXIMATE_FIXED_LAG,UNKNOWN,UNKNOWN,data\raw\isyatirim_cache\KONTR_2019_XI_29.json,satislar;ebitda;op_gelir;net_kar;cfo;fcf;ozkaynaklar;toplam_borc;net_borc;nakit;toplam_aktif,toplam_borc;net_borc;ebitda;ihracat_orani;piyasa_degeri;pb;roe;roa;ev;ev_ebitda;fcf_verim
KONTR.IS,2019Q4,2019-12-31,XI_29,isyatirim_pit,,,2026-09-07T22:37:08.820619106,,,2020-03-15,APPROXIMATE_FIXED_LAG,UNKNOWN,UNKNOWN,data\raw\isyatirim_cache\KONTR_2019_XI_29.json,satislar;ebitda;op_gelir;net_kar;cfo;fcf;ozkaynaklar;toplam_borc;net_borc;nakit;toplam_aktif,toplam_borc;net_borc;ebitda;ihracat_orani;piyasa_degeri;pb;roe;roa;ev;ev_ebitda;fcf_verim
KONTR.IS,2020Q1,2020-03-31,XI_29,isyatirim_pit,,,2026-09-07T22:37:08.912306547,,,2020-05-15,APPROXIMATE_FIXED_LAG,UNKNOWN,UNKNOWN,data\raw\isyatirim_cache\KONTR_2020_XI_29.json,satislar;ebitda;op_gelir;net_kar;cfo;fcf;ozkaynaklar;toplam_borc;net_borc;nakit;toplam_aktif,toplam_borc;net_borc;ebitda;ihracat_orani;piyasa_degeri;pb;roe;roa;ev;ev_ebitda;fcf_verim
KONTR.IS,2020Q2,2020-06-30,XI_29,isyatirim_pit,,,2026-09-07T22:37:08.912306547,,,2020-08-15,APPROXIMATE_FIXED_LAG,UNKNOWN,UNKNOWN,data\raw\isyatirim_cache\KONTR_2020_XI_29.json,satislar;ebitda;op_gelir;net_kar;cfo;fcf;ozkaynaklar;toplam_borc;net_borc;nakit;toplam_aktif,toplam_borc;net_borc;ebitda;ihracat_orani;piyasa_degeri;pb;roe;roa;ev;ev_ebitda;fcf_verim
KONTR.IS,2020Q3,2020-09-30,XI_29,isyatirim_pit,,,2026-09-07T22:37:08.912306547,,,2020-11-15,APPROXIMATE_FIXED_LAG,UNKNOWN,UNKNOWN,data\raw\isyatirim_cache\KONTR_2020_XI_29.json,satislar;ebitda;op_gelir;net_kar;cfo;fcf;ozkaynaklar;toplam_borc;net_borc;nakit;toplam_aktif,toplam_borc;net_borc;ebitda;ihracat_orani;piyasa_degeri;pb;roe;roa;ev;ev_ebitda;fcf_verim
KONTR.IS,2020Q4,2020-12-31,XI_29,isyatirim_pit,,,2026-09-07T22:37:08.912306547,,,2021-03-15,APPROXIMATE_FIXED_LAG,UNKNOWN,UNKNOWN,data\raw\isyatirim_cache\KONTR_2020_XI_29.json,satislar;ebitda;op_gelir;net_kar;cfo;fcf;ozkaynaklar;toplam_borc;net_borc;nakit;toplam_aktif,toplam_borc;net_borc;ebitda;ihracat_orani;piyasa_degeri;pb;roe;roa;ev;ev_ebitda;fcf_verim
KONTR.IS,2021Q1,2021-03-31,XI_29,isyatirim_pit,,,2026-09-07T22:37:09.008695602,,,2021-05-15,APPROXIMATE_FIXED_LAG,UNKNOWN,UNKNOWN,data\raw\isyatirim_cache\KONTR_2021_XI_29.json,satislar;ebitda;op_gelir;net_kar;cfo;fcf;ozkaynaklar;toplam_borc;net_borc;nakit;toplam_aktif,toplam_borc;net_borc;ebitda;ihracat_orani;piyasa_degeri;pb;roe;roa;ev;ev_ebitda;fcf_verim
KONTR.IS,2021Q2,2021-06-30,XI_29,isyatirim_pit,,,2026-09-07T22:37:09.008695602,,,2021-08-15,APPROXIMATE_FIXED_LAG,UNKNOWN,UNKNOWN,data\raw\isyatirim_cache\KONTR_2021_XI_29.json,satislar;ebitda;op_gelir;net_kar;cfo;fcf;ozkaynaklar;toplam_borc;net_borc;nakit;toplam_aktif,toplam_borc;net_borc;ebitda;ihracat_orani;piyasa_degeri;pb;roe;roa;ev;ev_ebitda;fcf_verim
KONTR.IS,2021Q3,2021-09-30,XI_29,isyatirim_pit,,,2026-09-07T22:37:09.008695602,,,2021-11-15,APPROXIMATE_FIXED_LAG,UNKNOWN,UNKNOWN,data\raw\isyatirim_cache\KONTR_2021_XI_29.json,satislar;ebitda;op_gelir;net_kar;cfo;fcf;ozkaynaklar;toplam_borc;net_borc;nakit;toplam_aktif,toplam_borc;net_borc;ebitda;ihracat_orani;piyasa_degeri;pb;roe;roa;ev;ev_ebitda;fcf_verim
KONTR.IS,2021Q4,2021-12-31,XI_29,isyatirim_pit,,,2026-09-07T22:37:09.008695602,,,2022-03-15,APPROXIMATE_FIXED_LAG,UNKNOWN,UNKNOWN,data\raw\isyatirim_cache\KONTR_2021_XI_29.json,satislar;ebitda;op_gelir;net_kar;cfo;fcf;ozkaynaklar;toplam_borc;net_borc;nakit;toplam_aktif,toplam_borc;net_borc;ebitda;ihracat_orani;piyasa_degeri;pb;roe;roa;ev;ev_ebitda;fcf_verim
KONTR.IS,2022Q1,2022-03-31,XI_29,isyatirim_pit,,,2026-09-07T22:37:09.100591898,,,2022-05-15,APPROXIMATE_FIXED_LAG,UNKNOWN,UNKNOWN,data\raw\isyatirim_cache\KONTR_2022_XI_29.json,satislar;ebitda;op_gelir;net_kar;cfo;fcf;ozkaynaklar;toplam_borc;net_borc;nakit;toplam_aktif,toplam_borc;net_borc;ebitda;ihracat_orani;piyasa_degeri;pb;roe;roa;ev;ev_ebitda;fcf_verim
KONTR.IS,2022Q2,2022-06-30,XI_29,isyatirim_pit,,,2026-09-07T22:37:09.100591898,,,2022-08-15,APPROXIMATE_FIXED_LAG,UNKNOWN,UNKNOWN,data\raw\isyatirim_cache\KONTR_2022_XI_29.json,satislar;ebitda;op_gelir;net_kar;cfo;fcf;ozkaynaklar;toplam_borc;net_borc;nakit;toplam_aktif,toplam_borc;net_borc;ebitda;ihracat_orani;piyasa_degeri;pb;roe;roa;ev;ev_ebitda;fcf_verim
KONTR.IS,2022Q3,2022-09-30,XI_29,isyatirim_pit,,,2026-09-07T22:37:09.100591898,,,2022-11-15,APPROXIMATE_FIXED_LAG,UNKNOWN,UNKNOWN,data\raw\isyatirim_cache\KONTR_2022_XI_29.json,satislar;ebitda;op_gelir;net_kar;cfo;fcf;ozkaynaklar;toplam_borc;net_borc;nakit;toplam_aktif,toplam_borc;net_borc;ebitda;ihracat_orani;piyasa_degeri;pb;roe;roa;ev;ev_ebitda;fcf_verim
KONTR.IS,2022Q4,2022-12-31,XI_29,isyatirim_pit,,,2026-09-07T22:37:09.100591898,,,2023-03-15,APPROXIMATE_FIXED_LAG,UNKNOWN,UNKNOWN,data\raw\isyatirim_cache\KONTR_2022_XI_29.json,satislar;ebitda;op_gelir;net_kar;cfo;fcf;ozkaynaklar;toplam_borc;net_borc;nakit;toplam_aktif,toplam_borc;net_borc;ebitda;ihracat_orani;piyasa_degeri;pb;roe;roa;ev;ev_ebitda;fcf_verim
KONTR.IS,2023Q1,2023-03-31,XI_29,isyatirim_pit,,,2026-09-07T22:37:09.194149256,,,2023-05-15,APPROXIMATE_FIXED_LAG,UNKNOWN,UNKNOWN,data\raw\isyatirim_cache\KONTR_2023_XI_29.json,satislar;ebitda;op_gelir;net_kar;cfo;fcf;ozkaynaklar;toplam_borc;net_borc;nakit;toplam_aktif,toplam_borc;net_borc;ebitda;ihracat_orani;piyasa_degeri;pb;roe;roa;ev;ev_ebitda;fcf_verim
KONTR.IS,2023Q2,2023-06-30,XI_29,isyatirim_pit,,,2026-09-07T22:37:09.194149256,,,2023-08-15,APPROXIMATE_FIXED_LAG,UNKNOWN,UNKNOWN,data\raw\isyatirim_cache\KONTR_2023_XI_29.json,satislar;ebitda;op_gelir;net_kar;cfo;fcf;ozkaynaklar;toplam_borc;net_borc;nakit;toplam_aktif,toplam_borc;net_borc;ebitda;ihracat_orani;piyasa_degeri;pb;roe;roa;ev;ev_ebitda;fcf_verim
KONTR.IS,2023Q3,2023-09-30,XI_29,isyatirim_pit,,,2026-09-07T22:37:09.194149256,,,2023-11-15,APPROXIMATE_FIXED_LAG,UNKNOWN,UNKNOWN,data\raw\isyatirim_cache\KONTR_2023_XI_29.json,satislar;ebitda;op_gelir;net_kar;cfo;fcf;ozkaynaklar;toplam_borc;net_borc;nakit;toplam_aktif,toplam_borc;net_borc;ebitda;ihracat_orani;piyasa_degeri;pb;roe;roa;ev;ev_ebitda;fcf_verim
KONTR.IS,2023Q4,2023-12-31,XI_29,isyatirim_pit,,,2026-09-07T22:37:09.194149256,,,2024-03-15,APPROXIMATE_FIXED_LAG,UNKNOWN,UNKNOWN,data\raw\isyatirim_cache\KONTR_2023_XI_29.json,satislar;ebitda;op_gelir;net_kar;cfo;fcf;ozkaynaklar;toplam_borc;net_borc;nakit;toplam_aktif,toplam_borc;net_borc;ebitda;ihracat_orani;piyasa_degeri;pb;roe;roa;ev;ev_ebitda;fcf_verim
KONTR.IS,2024Q1,2024-03-31,XI_29,isyatirim_pit,,,2026-09-07T22:37:09.285074711,,,2024-05-15,APPROXIMATE_FIXED_LAG,UNKNOWN,UNKNOWN,data\raw\isyatirim_cache\KONTR_2024_XI_29.json,satislar;ebitda;op_gelir;net_kar;cfo;fcf;ozkaynaklar;toplam_borc;net_borc;nakit;toplam_aktif,toplam_borc;net_borc;ebitda;ihracat_orani;piyasa_degeri;pb;roe;roa;ev;ev_ebitda;fcf_verim
KONTR.IS,2024Q2,2024-06-30,XI_29,isyatirim_pit,,,2026-09-07T22:37:09.285074711,,,2024-08-15,APPROXIMATE_FIXED_LAG,UNKNOWN,UNKNOWN,data\raw\isyatirim_cache\KONTR_2024_XI_29.json,satislar;ebitda;op_gelir;net_kar;cfo;fcf;ozkaynaklar;toplam_borc;net_borc;nakit;toplam_aktif,toplam_borc;net_borc;ebitda;ihracat_orani;piyasa_degeri;pb;roe;roa;ev;ev_ebitda;fcf_verim
KONTR.IS,2024Q3,2024-09-30,XI_29,isyatirim_pit,,,2026-09-07T22:37:09.285074711,,,2024-11-15,APPROXIMATE_FIXED_LAG,UNKNOWN,UNKNOWN,data\raw\isyatirim_cache\KONTR_2024_XI_29.json,satislar;ebitda;op_gelir;net_kar;cfo;fcf;ozkaynaklar;toplam_borc;net_borc;nakit;toplam_aktif,toplam_borc;net_borc;ebitda;ihracat_orani;piyasa_degeri;pb;roe;roa;ev;ev_ebitda;fcf_verim
KONTR.IS,2024Q4,2024-12-31,XI_29,isyatirim_pit,,,2026-09-07T22:37:09.285074711,,,2025-03-15,APPROXIMATE_FIXED_LAG,UNKNOWN,UNKNOWN,data\raw\isyatirim_cache\KONTR_2024_XI_29.json,satislar;ebitda;op_gelir;net_kar;cfo;fcf;ozkaynaklar;toplam_borc;net_borc;nakit;toplam_aktif,toplam_borc;net_borc;ebitda;ihracat_orani;piyasa_degeri;pb;roe;roa;ev;ev_ebitda;fcf_verim
KONTR.IS,2025Q1,2025-03-31,XI_29,isyatirim_pit,,,2026-09-07T22:37:09.379816294,,,2025-05-15,APPROXIMATE_FIXED_LAG,UNKNOWN,UNKNOWN,data\raw\isyatirim_cache\KONTR_2025_XI_29.json,satislar;ebitda;op_gelir;net_kar;cfo;fcf;ozkaynaklar;toplam_borc;net_borc;nakit;toplam_aktif,toplam_borc;net_borc;ebitda;ihracat_orani;piyasa_degeri;pb;roe;roa;ev;ev_ebitda;fcf_verim
KONTR.IS,2025Q2,2025-06-30,XI_29,isyatirim_pit,,,2026-09-07T22:37:09.379816294,,,2025-08-15,APPROXIMATE_FIXED_LAG,UNKNOWN,UNKNOWN,data\raw\isyatirim_cache\KONTR_2025_XI_29.json,satislar;ebitda;op_gelir;net_kar;cfo;fcf;ozkaynaklar;toplam_borc;net_borc;nakit;toplam_aktif,toplam_borc;net_borc;ebitda;ihracat_orani;piyasa_degeri;pb;roe;roa;ev;ev_ebitda;fcf_verim
KONTR.IS,2025Q3,2025-09-30,XI_29,isyatirim_pit,,,2026-09-07T22:37:09.379816294,,,2025-11-15,APPROXIMATE_FIXED_LAG,UNKNOWN,UNKNOWN,data\raw\isyatirim_cache\KONTR_2025_XI_29.json,satislar;ebitda;op_gelir;net_kar;cfo;fcf;ozkaynaklar;toplam_borc;net_borc;nakit;toplam_aktif,toplam_borc;net_borc;ebitda;ihracat_orani;piyasa_degeri;pb;roe;roa;ev;ev_ebitda;fcf_verim
KONTR.IS,2025Q4,2025-12-31,XI_29,isyatirim_pit,,,2026-09-07T22:37:09.379816294,,,2026-03-15,APPROXIMATE_FIXED_LAG,UNKNOWN,UNKNOWN,data\raw\isyatirim_cache\KONTR_2025_XI_29.json,satislar;ebitda;op_gelir;net_kar;cfo;fcf;ozkaynaklar;toplam_borc;net_borc;nakit;toplam_aktif,toplam_borc;net_borc;ebitda;ihracat_orani;piyasa_degeri;pb;roe;roa;ev;ev_ebitda;fcf_verim
KONTR.IS,2026Q1,2026-03-31,XI_29,isyatirim_pit,,,2026-09-07T22:37:09.480753899,,,2026-05-15,APPROXIMATE_FIXED_LAG,UNKNOWN,UNKNOWN,data\raw\isyatirim_cache\KONTR_2026_XI_29.json,satislar;ebitda;op_gelir;net_kar;cfo;fcf;ozkaynaklar;toplam_borc;net_borc;nakit;toplam_aktif,toplam_borc;net_borc;ebitda;ihracat_orani;piyasa_degeri;pb;roe;roa;ev;ev_ebitda;fcf_verim
KORDS.IS,2018Q1,2018-03-31,XI_29,isyatirim_pit,,,2026-09-07T22:37:20.072347164,,,2018-05-15,APPROXIMATE_FIXED_LAG,UNKNOWN,UNKNOWN,data\raw\isyatirim_cache\KORDS_2018_XI_29.json,satislar;ebitda;op_gelir;net_kar;cfo;fcf;ozkaynaklar;toplam_borc;net_borc;nakit;toplam_aktif,toplam_borc;net_borc;ebitda;ihracat_orani;piyasa_degeri;pb;roe;roa;ev;ev_ebitda;fcf_verim
KORDS.IS,2018Q2,2018-06-30,XI_29,isyatirim_pit,,,2026-09-07T22:37:20.072347164,,,2018-08-15,APPROXIMATE_FIXED_LAG,UNKNOWN,UNKNOWN,data\raw\isyatirim_cache\KORDS_2018_XI_29.json,satislar;ebitda;op_gelir;net_kar;cfo;fcf;ozkaynaklar;toplam_borc;net_borc;nakit;toplam_aktif,toplam_borc;net_borc;ebitda;ihracat_orani;piyasa_degeri;pb;roe;roa;ev;ev_ebitda;fcf_verim
KORDS.IS,2018Q3,2018-09-30,XI_29,isyatirim_pit,,,2026-09-07T22:37:20.072347164,,,2018-11-15,APPROXIMATE_FIXED_LAG,UNKNOWN,UNKNOWN,data\raw\isyatirim_cache\KORDS_2018_XI_29.json,satislar;ebitda;op_gelir;net_kar;cfo;fcf;ozkaynaklar;toplam_borc;net_borc;nakit;toplam_aktif,toplam_borc;net_borc;ebitda;ihracat_orani;piyasa_degeri;pb;roe;roa;ev;ev_ebitda;fcf_verim
KORDS.IS,2018Q4,2018-12-31,XI_29,isyatirim_pit,,,2026-09-07T22:37:20.072347164,,,2019-03-15,APPROXIMATE_FIXED_LAG,UNKNOWN,UNKNOWN,data\raw\isyatirim_cache\KORDS_2018_XI_29.json,satislar;ebitda;op_gelir;net_kar;cfo;fcf;ozkaynaklar;toplam_borc;net_borc;nakit;toplam_aktif,toplam_borc;net_borc;ebitda;ihracat_orani;piyasa_degeri;pb;roe;roa;ev;ev_ebitda;fcf_verim
KORDS.IS,2019Q1,2019-03-31,XI_29,isyatirim_pit,,,2026-09-07T22:37:20.203909636,,,2019-05-15,APPROXIMATE_FIXED_LAG,UNKNOWN,UNKNOWN,data\raw\isyatirim_cache\KORDS_2019_XI_29.json,satislar;ebitda;op_gelir;net_kar;cfo;fcf;ozkaynaklar;toplam_borc;net_borc;nakit;toplam_aktif,toplam_borc;net_borc;ebitda;ihracat_orani;piyasa_degeri;pb;roe;roa;ev;ev_ebitda;fcf_verim
KORDS.IS,2019Q2,2019-06-30,XI_29,isyatirim_pit,,,2026-09-07T22:37:20.203909636,,,2019-08-15,APPROXIMATE_FIXED_LAG,UNKNOWN,UNKNOWN,data\raw\isyatirim_cache\KORDS_2019_XI_29.json,satislar;ebitda;op_gelir;net_kar;cfo;fcf;ozkaynaklar;toplam_borc;net_borc;nakit;toplam_aktif,toplam_borc;net_borc;ebitda;ihracat_orani;piyasa_degeri;pb;roe;roa;ev;ev_ebitda;fcf_verim
KORDS.IS,2019Q3,2019-09-30,XI_29,isyatirim_pit,,,2026-09-07T22:37:20.203909636,,,2019-11-15,APPROXIMATE_FIXED_LAG,UNKNOWN,UNKNOWN,data\raw\isyatirim_cache\KORDS_2019_XI_29.json,satislar;ebitda;op_gelir;net_kar;cfo;fcf;ozkaynaklar;toplam_borc;net_borc;nakit;toplam_aktif,toplam_borc;net_borc;ebitda;ihracat_orani;piyasa_degeri;pb;roe;roa;ev;ev_ebitda;fcf_verim
KORDS.IS,2019Q4,2019-12-31,XI_29,isyatirim_pit,,,2026-09-07T22:37:20.203909636,,,2020-03-15,APPROXIMATE_FIXED_LAG,UNKNOWN,UNKNOWN,data\raw\isyatirim_cache\KORDS_2019_XI_29.json,satislar;ebitda;op_gelir;net_kar;cfo;fcf;ozkaynaklar;toplam_borc;net_borc;nakit;toplam_aktif,toplam_borc;net_borc;ebitda;ihracat_orani;piyasa_degeri;pb;roe;roa;ev;ev_ebitda;fcf_verim
KORDS.IS,2020Q1,2020-03-31,XI_29,isyatirim_pit,,,2026-09-07T22:37:20.362632275,,,2020-05-15,APPROXIMATE_FIXED_LAG,UNKNOWN,UNKNOWN,data\raw\isyatirim_cache\KORDS_2020_XI_29.json,satislar;ebitda;op_gelir;net_kar;cfo;fcf;ozkaynaklar;toplam_borc;net_borc;nakit;toplam_aktif,toplam_borc;net_borc;ebitda;ihracat_orani;piyasa_degeri;pb;roe;roa;ev;ev_ebitda;fcf_verim
KORDS.IS,2020Q2,2020-06-30,XI_29,isyatirim_pit,,,2026-09-07T22:37:20.362632275,,,2020-08-15,APPROXIMATE_FIXED_LAG,UNKNOWN,UNKNOWN,data\raw\isyatirim_cache\KORDS_2020_XI_29.json,satislar;ebitda;op_gelir;net_kar;cfo;fcf;ozkaynaklar;toplam_borc;net_borc;nakit;toplam_aktif,toplam_borc;net_borc;ebitda;ihracat_orani;piyasa_degeri;pb;roe;roa;ev;ev_ebitda;fcf_verim
KORDS.IS,2020Q3,2020-09-30,XI_29,isyatirim_pit,,,2026-09-07T22:37:20.362632275,,,2020-11-15,APPROXIMATE_FIXED_LAG,UNKNOWN,UNKNOWN,data\raw\isyatirim_cache\KORDS_2020_XI_29.json,satislar;ebitda;op_gelir;net_kar;cfo;fcf;ozkaynaklar;toplam_borc;net_borc;nakit;toplam_aktif,toplam_borc;net_borc;ebitda;ihracat_orani;piyasa_degeri;pb;roe;roa;ev;ev_ebitda;fcf_verim
KORDS.IS,2020Q4,2020-12-31,XI_29,isyatirim_pit,,,2026-09-07T22:37:20.362632275,,,2021-03-15,APPROXIMATE_FIXED_LAG,UNKNOWN,UNKNOWN,data\raw\isyatirim_cache\KORDS_2020_XI_29.json,satislar;ebitda;op_gelir;net_kar;cfo;fcf;ozkaynaklar;toplam_borc;net_borc;nakit;toplam_aktif,toplam_borc;net_borc;ebitda;ihracat_orani;piyasa_degeri;pb;roe;roa;ev;ev_ebitda;fcf_verim
KORDS.IS,2021Q1,2021-03-31,XI_29,isyatirim_pit,,,2026-09-07T22:37:20.496980906,,,2021-05-15,APPROXIMATE_FIXED_LAG,UNKNOWN,UNKNOWN,data\raw\isyatirim_cache\KORDS_2021_XI_29.json,satislar;ebitda;op_gelir;net_kar;cfo;fcf;ozkaynaklar;toplam_borc;net_borc;nakit;toplam_aktif,toplam_borc;net_borc;ebitda;ihracat_orani;piyasa_degeri;pb;roe;roa;ev;ev_ebitda;fcf_verim
KORDS.IS,2021Q2,2021-06-30,XI_29,isyatirim_pit,,,2026-09-07T22:37:20.496980906,,,2021-08-15,APPROXIMATE_FIXED_LAG,UNKNOWN,UNKNOWN,data\raw\isyatirim_cache\KORDS_2021_XI_29.json,satislar;ebitda;op_gelir;net_kar;cfo;fcf;ozkaynaklar;toplam_borc;net_borc;nakit;toplam_aktif,toplam_borc;net_borc;ebitda;ihracat_orani;piyasa_degeri;pb;roe;roa;ev;ev_ebitda;fcf_verim
KORDS.IS,2021Q3,2021-09-30,XI_29,isyatirim_pit,,,2026-09-07T22:37:20.496980906,,,2021-11-15,APPROXIMATE_FIXED_LAG,UNKNOWN,UNKNOWN,data\raw\isyatirim_cache\KORDS_2021_XI_29.json,satislar;ebitda;op_gelir;net_kar;cfo;fcf;ozkaynaklar;toplam_borc;net_borc;nakit;toplam_aktif,toplam_borc;net_borc;ebitda;ihracat_orani;piyasa_degeri;pb;roe;roa;ev;ev_ebitda;fcf_verim
KORDS.IS,2021Q4,2021-12-31,XI_29,isyatirim_pit,,,2026-09-07T22:37:20.496980906,,,2022-03-15,APPROXIMATE_FIXED_LAG,UNKNOWN,UNKNOWN,data\raw\isyatirim_cache\KORDS_2021_XI_29.json,satislar;ebitda;op_gelir;net_kar;cfo;fcf;ozkaynaklar;toplam_borc;net_borc;nakit;toplam_aktif,toplam_borc;net_borc;ebitda;ihracat_orani;piyasa_degeri;pb;roe;roa;ev;ev_ebitda;fcf_verim
KORDS.IS,2022Q1,2022-03-31,XI_29,isyatirim_pit,,,2026-09-07T22:37:20.702752590,,,2022-05-15,APPROXIMATE_FIXED_LAG,UNKNOWN,UNKNOWN,data\raw\isyatirim_cache\KORDS_2022_XI_29.json,satislar;ebitda;op_gelir;net_kar;cfo;fcf;ozkaynaklar;toplam_borc;net_borc;nakit;toplam_aktif,toplam_borc;net_borc;ebitda;ihracat_orani;piyasa_degeri;pb;roe;roa;ev;ev_ebitda;fcf_verim
KORDS.IS,2022Q2,2022-06-30,XI_29,isyatirim_pit,,,2026-09-07T22:37:20.702752590,,,2022-08-15,APPROXIMATE_FIXED_LAG,UNKNOWN,UNKNOWN,data\raw\isyatirim_cache\KORDS_2022_XI_29.json,satislar;ebitda;op_gelir;net_kar;cfo;fcf;ozkaynaklar;toplam_borc;net_borc;nakit;toplam_aktif,toplam_borc;net_borc;ebitda;ihracat_orani;piyasa_degeri;pb;roe;roa;ev;ev_ebitda;fcf_verim
KORDS.IS,2022Q3,2022-09-30,XI_29,isyatirim_pit,,,2026-09-07T22:37:20.702752590,,,2022-11-15,APPROXIMATE_FIXED_LAG,UNKNOWN,UNKNOWN,data\raw\isyatirim_cache\KORDS_2022_XI_29.json,satislar;ebitda;op_gelir;net_kar;cfo;fcf;ozkaynaklar;toplam_borc;net_borc;nakit;toplam_aktif,toplam_borc;net_borc;ebitda;ihracat_orani;piyasa_degeri;pb;roe;roa;ev;ev_ebitda;fcf_verim
KORDS.IS,2022Q4,2022-12-31,XI_29,isyatirim_pit,,,2026-09-07T22:37:20.702752590,,,2023-03-15,APPROXIMATE_FIXED_LAG,UNKNOWN,UNKNOWN,data\raw\isyatirim_cache\KORDS_2022_XI_29.json,satislar;ebitda;op_gelir;net_kar;cfo;fcf;ozkaynaklar;toplam_borc;net_borc;nakit;toplam_aktif,toplam_borc;net_borc;ebitda;ihracat_orani;piyasa_degeri;pb;roe;roa;ev;ev_ebitda;fcf_verim
KORDS.IS,2023Q1,2023-03-31,XI_29,isyatirim_pit,,,2026-09-07T22:37:20.863629818,,,2023-05-15,APPROXIMATE_FIXED_LAG,UNKNOWN,UNKNOWN,data\raw\isyatirim_cache\KORDS_2023_XI_29.json,satislar;ebitda;op_gelir;net_kar;cfo;fcf;ozkaynaklar;toplam_borc;net_borc;nakit;toplam_aktif,toplam_borc;net_borc;ebitda;ihracat_orani;piyasa_degeri;pb;roe;roa;ev;ev_ebitda;fcf_verim
KORDS.IS,2023Q2,2023-06-30,XI_29,isyatirim_pit,,,2026-09-07T22:37:20.863629818,,,2023-08-15,APPROXIMATE_FIXED_LAG,UNKNOWN,UNKNOWN,data\raw\isyatirim_cache\KORDS_2023_XI_29.json,satislar;ebitda;op_gelir;net_kar;cfo;fcf;ozkaynaklar;toplam_borc;net_borc;nakit;toplam_aktif,toplam_borc;net_borc;ebitda;ihracat_orani;piyasa_degeri;pb;roe;roa;ev;ev_ebitda;fcf_verim
KORDS.IS,2023Q3,2023-09-30,XI_29,isyatirim_pit,,,2026-09-07T22:37:20.863629818,,,2023-11-15,APPROXIMATE_FIXED_LAG,UNKNOWN,UNKNOWN,data\raw\isyatirim_cache\KORDS_2023_XI_29.json,satislar;ebitda;op_gelir;net_kar;cfo;fcf;ozkaynaklar;toplam_borc;net_borc;nakit;toplam_aktif,toplam_borc;net_borc;ebitda;ihracat_orani;piyasa_degeri;pb;roe;roa;ev;ev_ebitda;fcf_verim
KORDS.IS,2023Q4,2023-12-31,XI_29,isyatirim_pit,,,2026-09-07T22:37:20.863629818,,,2024-03-15,APPROXIMATE_FIXED_LAG,UNKNOWN,UNKNOWN,data\raw\isyatirim_cache\KORDS_2023_XI_29.json,satislar;ebitda;op_gelir;net_kar;cfo;fcf;ozkaynaklar;toplam_borc;net_borc;nakit;toplam_aktif,toplam_borc;net_borc;ebitda;ihracat_orani;piyasa_degeri;pb;roe;roa;ev;ev_ebitda;fcf_verim
KORDS.IS,2024Q1,2024-03-31,XI_29,isyatirim_pit,,,2026-09-07T22:37:20.966973782,,,2024-05-15,APPROXIMATE_FIXED_LAG,UNKNOWN,UNKNOWN,data\raw\isyatirim_cache\KORDS_2024_XI_29.json,satislar;ebitda;op_gelir;net_kar;cfo;fcf;ozkaynaklar;toplam_borc;net_borc;nakit;toplam_aktif,toplam_borc;net_borc;ebitda;ihracat_orani;piyasa_degeri;pb;roe;roa;ev;ev_ebitda;fcf_verim
KORDS.IS,2024Q2,2024-06-30,XI_29,isyatirim_pit,,,2026-09-07T22:37:20.966973782,,,2024-08-15,APPROXIMATE_FIXED_LAG,UNKNOWN,UNKNOWN,data\raw\isyatirim_cache\KORDS_2024_XI_29.json,satislar;ebitda;op_gelir;net_kar;cfo;fcf;ozkaynaklar;toplam_borc;net_borc;nakit;toplam_aktif,toplam_borc;net_borc;ebitda;ihracat_orani;piyasa_degeri;pb;roe;roa;ev;ev_ebitda;fcf_verim
KORDS.IS,2024Q3,2024-09-30,XI_29,isyatirim_pit,,,2026-09-07T22:37:20.966973782,,,2024-11-15,APPROXIMATE_FIXED_LAG,UNKNOWN,UNKNOWN,data\raw\isyatirim_cache\KORDS_2024_XI_29.json,satislar;ebitda;op_gelir;net_kar;cfo;fcf;ozkaynaklar;toplam_borc;net_borc;nakit;toplam_aktif,toplam_borc;net_borc;ebitda;ihracat_orani;piyasa_degeri;pb;roe;roa;ev;ev_ebitda;fcf_verim
KORDS.IS,2024Q4,2024-12-31,XI_29,isyatirim_pit,,,2026-09-07T22:37:20.966973782,,,2025-03-15,APPROXIMATE_FIXED_LAG,UNKNOWN,UNKNOWN,data\raw\isyatirim_cache\KORDS_2024_XI_29.json,satislar;ebitda;op_gelir;net_kar;cfo;fcf;ozkaynaklar;toplam_borc;net_borc;nakit;toplam_aktif,toplam_borc;net_borc;ebitda;ihracat_orani;piyasa_degeri;pb;roe;roa;ev;ev_ebitda;fcf_verim
KORDS.IS,2025Q1,2025-03-31,XI_29,isyatirim_pit,,,2026-09-07T22:37:21.116544247,,,2025-05-15,APPROXIMATE_FIXED_LAG,UNKNOWN,UNKNOWN,data\raw\isyatirim_cache\KORDS_2025_XI_29.json,satislar;ebitda;op_gelir;net_kar;cfo;fcf;ozkaynaklar;toplam_borc;net_borc;nakit;toplam_aktif,toplam_borc;net_borc;ebitda;ihracat_orani;piyasa_degeri;pb;roe;roa;ev;ev_ebitda;fcf_verim
KORDS.IS,2025Q2,2025-06-30,XI_29,isyatirim_pit,,,2026-09-07T22:37:21.116544247,,,2025-08-15,APPROXIMATE_FIXED_LAG,UNKNOWN,UNKNOWN,data\raw\isyatirim_cache\KORDS_2025_XI_29.json,satislar;ebitda;op_gelir;net_kar;cfo;fcf;ozkaynaklar;toplam_borc;net_borc;nakit;toplam_aktif,toplam_borc;net_borc;ebitda;ihracat_orani;piyasa_degeri;pb;roe;roa;ev;ev_ebitda;fcf_verim
KORDS.IS,2025Q3,2025-09-30,XI_29,isyatirim_pit,,,2026-09-07T22:37:21.116544247,,,2025-11-15,APPROXIMATE_FIXED_LAG,UNKNOWN,UNKNOWN,data\raw\isyatirim_cache\KORDS_2025_XI_29.json,satislar;ebitda;op_gelir;net_kar;cfo;fcf;ozkaynaklar;toplam_borc;net_borc;nakit;toplam_aktif,toplam_borc;net_borc;ebitda;ihracat_orani;piyasa_degeri;pb;roe;roa;ev;ev_ebitda;fcf_verim
KORDS.IS,2025Q4,2025-12-31,XI_29,isyatirim_pit,,,2026-09-07T22:37:21.116544247,,,2026-03-15,APPROXIMATE_FIXED_LAG,UNKNOWN,UNKNOWN,data\raw\isyatirim_cache\KORDS_2025_XI_29.json,satislar;ebitda;op_gelir;net_kar;cfo;fcf;ozkaynaklar;toplam_borc;net_borc;nakit;toplam_aktif,toplam_borc;net_borc;ebitda;ihracat_orani;piyasa_degeri;pb;roe;roa;ev;ev_ebitda;fcf_verim
KORDS.IS,2026Q1,2026-03-31,XI_29,isyatirim_pit,,,2026-09-07T22:37:21.261906862,,,2026-05-15,APPROXIMATE_FIXED_LAG,UNKNOWN,UNKNOWN,data\raw\isyatirim_cache\KORDS_2026_XI_29.json,satislar;ebitda;op_gelir;net_kar;cfo;fcf;ozkaynaklar;toplam_borc;net_borc;nakit;toplam_aktif,toplam_borc;net_borc;ebitda;ihracat_orani;piyasa_degeri;pb;roe;roa;ev;ev_ebitda;fcf_verim
KORDS.IS,2026Q2,2026-06-30,XI_29,isyatirim_pit,,,2026-09-07T22:37:21.261906862,,,2026-08-15,APPROXIMATE_FIXED_LAG,UNKNOWN,UNKNOWN,data\raw\isyatirim_cache\KORDS_2026_XI_29.json,satislar;ebitda;op_gelir;net_kar;cfo;fcf;ozkaynaklar;toplam_borc;net_borc;nakit;toplam_aktif,toplam_borc;net_borc;ebitda;ihracat_orani;piyasa_degeri;pb;roe;roa;ev;ev_ebitda;fcf_verim
KRDMD.IS,2018Q1,2018-03-31,XI_29,isyatirim_pit,,,2026-09-07T22:37:13.726637602,,,2018-05-15,APPROXIMATE_FIXED_LAG,UNKNOWN,UNKNOWN,data\raw\isyatirim_cache\KRDMD_2018_XI_29.json,satislar;ebitda;op_gelir;net_kar;cfo;fcf;ozkaynaklar;toplam_borc;net_borc;nakit;toplam_aktif,toplam_borc;net_borc;ebitda;ihracat_orani;piyasa_degeri;pb;roe;roa;ev;ev_ebitda;fcf_verim
KRDMD.IS,2018Q2,2018-06-30,XI_29,isyatirim_pit,,,2026-09-07T22:37:13.726637602,,,2018-08-15,APPROXIMATE_FIXED_LAG,UNKNOWN,UNKNOWN,data\raw\isyatirim_cache\KRDMD_2018_XI_29.json,satislar;ebitda;op_gelir;net_kar;cfo;fcf;ozkaynaklar;toplam_borc;net_borc;nakit;toplam_aktif,toplam_borc;net_borc;ebitda;ihracat_orani;piyasa_degeri;pb;roe;roa;ev;ev_ebitda;fcf_verim
KRDMD.IS,2018Q3,2018-09-30,XI_29,isyatirim_pit,,,2026-09-07T22:37:13.726637602,,,2018-11-15,APPROXIMATE_FIXED_LAG,UNKNOWN,UNKNOWN,data\raw\isyatirim_cache\KRDMD_2018_XI_29.json,satislar;ebitda;op_gelir;net_kar;cfo;fcf;ozkaynaklar;toplam_borc;net_borc;nakit;toplam_aktif,toplam_borc;net_borc;ebitda;ihracat_orani;piyasa_degeri;pb;roe;roa;ev;ev_ebitda;fcf_verim
KRDMD.IS,2018Q4,2018-12-31,XI_29,isyatirim_pit,,,2026-09-07T22:37:13.726637602,,,2019-03-15,APPROXIMATE_FIXED_LAG,UNKNOWN,UNKNOWN,data\raw\isyatirim_cache\KRDMD_2018_XI_29.json,satislar;ebitda;op_gelir;net_kar;cfo;fcf;ozkaynaklar;toplam_borc;net_borc;nakit;toplam_aktif,toplam_borc;net_borc;ebitda;ihracat_orani;piyasa_degeri;pb;roe;roa;ev;ev_ebitda;fcf_verim
KRDMD.IS,2019Q1,2019-03-31,XI_29,isyatirim_pit,,,2026-09-07T22:37:13.902946234,,,2019-05-15,APPROXIMATE_FIXED_LAG,UNKNOWN,UNKNOWN,data\raw\isyatirim_cache\KRDMD_2019_XI_29.json,satislar;ebitda;op_gelir;net_kar;cfo;fcf;ozkaynaklar;toplam_borc;net_borc;nakit;toplam_aktif,toplam_borc;net_borc;ebitda;ihracat_orani;piyasa_degeri;pb;roe;roa;ev;ev_ebitda;fcf_verim
KRDMD.IS,2019Q2,2019-06-30,XI_29,isyatirim_pit,,,2026-09-07T22:37:13.902946234,,,2019-08-15,APPROXIMATE_FIXED_LAG,UNKNOWN,UNKNOWN,data\raw\isyatirim_cache\KRDMD_2019_XI_29.json,satislar;ebitda;op_gelir;net_kar;cfo;fcf;ozkaynaklar;toplam_borc;net_borc;nakit;toplam_aktif,toplam_borc;net_borc;ebitda;ihracat_orani;piyasa_degeri;pb;roe;roa;ev;ev_ebitda;fcf_verim
KRDMD.IS,2019Q3,2019-09-30,XI_29,isyatirim_pit,,,2026-09-07T22:37:13.902946234,,,2019-11-15,APPROXIMATE_FIXED_LAG,UNKNOWN,UNKNOWN,data\raw\isyatirim_cache\KRDMD_2019_XI_29.json,satislar;ebitda;op_gelir;net_kar;cfo;fcf;ozkaynaklar;toplam_borc;net_borc;nakit;toplam_aktif,toplam_borc;net_borc;ebitda;ihracat_orani;piyasa_degeri;pb;roe;roa;ev;ev_ebitda;fcf_verim
KRDMD.IS,2019Q4,2019-12-31,XI_29,isyatirim_pit,,,2026-09-07T22:37:13.902946234,,,2020-03-15,APPROXIMATE_FIXED_LAG,UNKNOWN,UNKNOWN,data\raw\isyatirim_cache\KRDMD_2019_XI_29.json,satislar;ebitda;op_gelir;net_kar;cfo;fcf;ozkaynaklar;toplam_borc;net_borc;nakit;toplam_aktif,toplam_borc;net_borc;ebitda;ihracat_orani;piyasa_degeri;pb;roe;roa;ev;ev_ebitda;fcf_verim
KRDMD.IS,2020Q1,2020-03-31,XI_29,isyatirim_pit,,,2026-09-07T22:37:14.046596766,,,2020-05-15,APPROXIMATE_FIXED_LAG,UNKNOWN,UNKNOWN,data\raw\isyatirim_cache\KRDMD_2020_XI_29.json,satislar;ebitda;op_gelir;net_kar;cfo;fcf;ozkaynaklar;toplam_borc;net_borc;nakit;toplam_aktif,toplam_borc;net_borc;ebitda;ihracat_orani;piyasa_degeri;pb;roe;roa;ev;ev_ebitda;fcf_verim
KRDMD.IS,2020Q2,2020-06-30,XI_29,isyatirim_pit,,,2026-09-07T22:37:14.046596766,,,2020-08-15,APPROXIMATE_FIXED_LAG,UNKNOWN,UNKNOWN,data\raw\isyatirim_cache\KRDMD_2020_XI_29.json,satislar;ebitda;op_gelir;net_kar;cfo;fcf;ozkaynaklar;toplam_borc;net_borc;nakit;toplam_aktif,toplam_borc;net_borc;ebitda;ihracat_orani;piyasa_degeri;pb;roe;roa;ev;ev_ebitda;fcf_verim
KRDMD.IS,2020Q3,2020-09-30,XI_29,isyatirim_pit,,,2026-09-07T22:37:14.046596766,,,2020-11-15,APPROXIMATE_FIXED_LAG,UNKNOWN,UNKNOWN,data\raw\isyatirim_cache\KRDMD_2020_XI_29.json,satislar;ebitda;op_gelir;net_kar;cfo;fcf;ozkaynaklar;toplam_borc;net_borc;nakit;toplam_aktif,toplam_borc;net_borc;ebitda;ihracat_orani;piyasa_degeri;pb;roe;roa;ev;ev_ebitda;fcf_verim
KRDMD.IS,2020Q4,2020-12-31,XI_29,isyatirim_pit,,,2026-09-07T22:37:14.046596766,,,2021-03-15,APPROXIMATE_FIXED_LAG,UNKNOWN,UNKNOWN,data\raw\isyatirim_cache\KRDMD_2020_XI_29.json,satislar;ebitda;op_gelir;net_kar;cfo;fcf;ozkaynaklar;toplam_borc;net_borc;nakit;toplam_aktif,toplam_borc;net_borc;ebitda;ihracat_orani;piyasa_degeri;pb;roe;roa;ev;ev_ebitda;fcf_verim
KRDMD.IS,2021Q1,2021-03-31,XI_29,isyatirim_pit,,,2026-09-07T22:37:14.189111233,,,2021-05-15,APPROXIMATE_FIXED_LAG,UNKNOWN,UNKNOWN,data\raw\isyatirim_cache\KRDMD_2021_XI_29.json,satislar;ebitda;op_gelir;net_kar;cfo;fcf;ozkaynaklar;toplam_borc;net_borc;nakit;toplam_aktif,toplam_borc;net_borc;ebitda;ihracat_orani;piyasa_degeri;pb;roe;roa;ev;ev_ebitda;fcf_verim
KRDMD.IS,2021Q2,2021-06-30,XI_29,isyatirim_pit,,,2026-09-07T22:37:14.189111233,,,2021-08-15,APPROXIMATE_FIXED_LAG,UNKNOWN,UNKNOWN,data\raw\isyatirim_cache\KRDMD_2021_XI_29.json,satislar;ebitda;op_gelir;net_kar;cfo;fcf;ozkaynaklar;toplam_borc;net_borc;nakit;toplam_aktif,toplam_borc;net_borc;ebitda;ihracat_orani;piyasa_degeri;pb;roe;roa;ev;ev_ebitda;fcf_verim
KRDMD.IS,2021Q3,2021-09-30,XI_29,isyatirim_pit,,,2026-09-07T22:37:14.189111233,,,2021-11-15,APPROXIMATE_FIXED_LAG,UNKNOWN,UNKNOWN,data\raw\isyatirim_cache\KRDMD_2021_XI_29.json,satislar;ebitda;op_gelir;net_kar;cfo;fcf;ozkaynaklar;toplam_borc;net_borc;nakit;toplam_aktif,toplam_borc;net_borc;ebitda;ihracat_orani;piyasa_degeri;pb;roe;roa;ev;ev_ebitda;fcf_verim
KRDMD.IS,2021Q4,2021-12-31,XI_29,isyatirim_pit,,,2026-09-07T22:37:14.189111233,,,2022-03-15,APPROXIMATE_FIXED_LAG,UNKNOWN,UNKNOWN,data\raw\isyatirim_cache\KRDMD_2021_XI_29.json,satislar;ebitda;op_gelir;net_kar;cfo;fcf;ozkaynaklar;toplam_borc;net_borc;nakit;toplam_aktif,toplam_borc;net_borc;ebitda;ihracat_orani;piyasa_degeri;pb;roe;roa;ev;ev_ebitda;fcf_verim
KRDMD.IS,2022Q1,2022-03-31,XI_29,isyatirim_pit,,,2026-09-07T22:37:14.324541330,,,2022-05-15,APPROXIMATE_FIXED_LAG,UNKNOWN,UNKNOWN,data\raw\isyatirim_cache\KRDMD_2022_XI_29.json,satislar;ebitda;op_gelir;net_kar;cfo;fcf;ozkaynaklar;toplam_borc;net_borc;nakit;toplam_aktif,toplam_borc;net_borc;ebitda;ihracat_orani;piyasa_degeri;pb;roe;roa;ev;ev_ebitda;fcf_verim
KRDMD.IS,2022Q2,2022-06-30,XI_29,isyatirim_pit,,,2026-09-07T22:37:14.324541330,,,2022-08-15,APPROXIMATE_FIXED_LAG,UNKNOWN,UNKNOWN,data\raw\isyatirim_cache\KRDMD_2022_XI_29.json,satislar;ebitda;op_gelir;net_kar;cfo;fcf;ozkaynaklar;toplam_borc;net_borc;nakit;toplam_aktif,toplam_borc;net_borc;ebitda;ihracat_orani;piyasa_degeri;pb;roe;roa;ev;ev_ebitda;fcf_verim
KRDMD.IS,2022Q3,2022-09-30,XI_29,isyatirim_pit,,,2026-09-07T22:37:14.324541330,,,2022-11-15,APPROXIMATE_FIXED_LAG,UNKNOWN,UNKNOWN,data\raw\isyatirim_cache\KRDMD_2022_XI_29.json,satislar;ebitda;op_gelir;net_kar;cfo;fcf;ozkaynaklar;toplam_borc;net_borc;nakit;toplam_aktif,toplam_borc;net_borc;ebitda;ihracat_orani;piyasa_degeri;pb;roe;roa;ev;ev_ebitda;fcf_verim
KRDMD.IS,2022Q4,2022-12-31,XI_29,isyatirim_pit,,,2026-09-07T22:37:14.324541330,,,2023-03-15,APPROXIMATE_FIXED_LAG,UNKNOWN,UNKNOWN,data\raw\isyatirim_cache\KRDMD_2022_XI_29.json,satislar;ebitda;op_gelir;net_kar;cfo;fcf;ozkaynaklar;toplam_borc;net_borc;nakit;toplam_aktif,toplam_borc;net_borc;ebitda;ihracat_orani;piyasa_degeri;pb;roe;roa;ev;ev_ebitda;fcf_verim
KRDMD.IS,2023Q1,2023-03-31,XI_29,isyatirim_pit,,,2026-09-07T22:37:14.454388380,,,2023-05-15,APPROXIMATE_FIXED_LAG,UNKNOWN,UNKNOWN,data\raw\isyatirim_cache\KRDMD_2023_XI_29.json,satislar;ebitda;op_gelir;net_kar;cfo;fcf;ozkaynaklar;toplam_borc;net_borc;nakit;toplam_aktif,toplam_borc;net_borc;ebitda;ihracat_orani;piyasa_degeri;pb;roe;roa;ev;ev_ebitda;fcf_verim
KRDMD.IS,2023Q2,2023-06-30,XI_29,isyatirim_pit,,,2026-09-07T22:37:14.454388380,,,2023-08-15,APPROXIMATE_FIXED_LAG,UNKNOWN,UNKNOWN,data\raw\isyatirim_cache\KRDMD_2023_XI_29.json,satislar;ebitda;op_gelir;net_kar;cfo;fcf;ozkaynaklar;toplam_borc;net_borc;nakit;toplam_aktif,toplam_borc;net_borc;ebitda;ihracat_orani;piyasa_degeri;pb;roe;roa;ev;ev_ebitda;fcf_verim
KRDMD.IS,2023Q3,2023-09-30,XI_29,isyatirim_pit,,,2026-09-07T22:37:14.454388380,,,2023-11-15,APPROXIMATE_FIXED_LAG,UNKNOWN,UNKNOWN,data\raw\isyatirim_cache\KRDMD_2023_XI_29.json,satislar;ebitda;op_gelir;net_kar;cfo;fcf;ozkaynaklar;toplam_borc;net_borc;nakit;toplam_aktif,toplam_borc;net_borc;ebitda;ihracat_orani;piyasa_degeri;pb;roe;roa;ev;ev_ebitda;fcf_verim
KRDMD.IS,2023Q4,2023-12-31,XI_29,isyatirim_pit,,,2026-09-07T22:37:14.454388380,,,2024-03-15,APPROXIMATE_FIXED_LAG,UNKNOWN,UNKNOWN,data\raw\isyatirim_cache\KRDMD_2023_XI_29.json,satislar;ebitda;op_gelir;net_kar;cfo;fcf;ozkaynaklar;toplam_borc;net_borc;nakit;toplam_aktif,toplam_borc;net_borc;ebitda;ihracat_orani;piyasa_degeri;pb;roe;roa;ev;ev_ebitda;fcf_verim
KRDMD.IS,2024Q1,2024-03-31,XI_29,isyatirim_pit,,,2026-09-07T22:37:14.538522482,,,2024-05-15,APPROXIMATE_FIXED_LAG,UNKNOWN,UNKNOWN,data\raw\isyatirim_cache\KRDMD_2024_XI_29.json,satislar;ebitda;op_gelir;net_kar;cfo;fcf;ozkaynaklar;toplam_borc;net_borc;nakit;toplam_aktif,toplam_borc;net_borc;ebitda;ihracat_orani;piyasa_degeri;pb;roe;roa;ev;ev_ebitda;fcf_verim
KRDMD.IS,2024Q2,2024-06-30,XI_29,isyatirim_pit,,,2026-09-07T22:37:14.538522482,,,2024-08-15,APPROXIMATE_FIXED_LAG,UNKNOWN,UNKNOWN,data\raw\isyatirim_cache\KRDMD_2024_XI_29.json,satislar;ebitda;op_gelir;net_kar;cfo;fcf;ozkaynaklar;toplam_borc;net_borc;nakit;toplam_aktif,toplam_borc;net_borc;ebitda;ihracat_orani;piyasa_degeri;pb;roe;roa;ev;ev_ebitda;fcf_verim
KRDMD.IS,2024Q3,2024-09-30,XI_29,isyatirim_pit,,,2026-09-07T22:37:14.538522482,,,2024-11-15,APPROXIMATE_FIXED_LAG,UNKNOWN,UNKNOWN,data\raw\isyatirim_cache\KRDMD_2024_XI_29.json,satislar;ebitda;op_gelir;net_kar;cfo;fcf;ozkaynaklar;toplam_borc;net_borc;nakit;toplam_aktif,toplam_borc;net_borc;ebitda;ihracat_orani;piyasa_degeri;pb;roe;roa;ev;ev_ebitda;fcf_verim
KRDMD.IS,2024Q4,2024-12-31,XI_29,isyatirim_pit,,,2026-09-07T22:37:14.538522482,,,2025-03-15,APPROXIMATE_FIXED_LAG,UNKNOWN,UNKNOWN,data\raw\isyatirim_cache\KRDMD_2024_XI_29.json,satislar;ebitda;op_gelir;net_kar;cfo;fcf;ozkaynaklar;toplam_borc;net_borc;nakit;toplam_aktif,toplam_borc;net_borc;ebitda;ihracat_orani;piyasa_degeri;pb;roe;roa;ev;ev_ebitda;fcf_verim
KRDMD.IS,2025Q1,2025-03-31,XI_29,isyatirim_pit,,,2026-09-07T22:37:14.685345650,,,2025-05-15,APPROXIMATE_FIXED_LAG,UNKNOWN,UNKNOWN,data\raw\isyatirim_cache\KRDMD_2025_XI_29.json,satislar;ebitda;op_gelir;net_kar;cfo;fcf;ozkaynaklar;toplam_borc;net_borc;nakit;toplam_aktif,toplam_borc;net_borc;ebitda;ihracat_orani;piyasa_degeri;pb;roe;roa;ev;ev_ebitda;fcf_verim
KRDMD.IS,2025Q2,2025-06-30,XI_29,isyatirim_pit,,,2026-09-07T22:37:14.685345650,,,2025-08-15,APPROXIMATE_FIXED_LAG,UNKNOWN,UNKNOWN,data\raw\isyatirim_cache\KRDMD_2025_XI_29.json,satislar;ebitda;op_gelir;net_kar;cfo;fcf;ozkaynaklar;toplam_borc;net_borc;nakit;toplam_aktif,toplam_borc;net_borc;ebitda;ihracat_orani;piyasa_degeri;pb;roe;roa;ev;ev_ebitda;fcf_verim
KRDMD.IS,2025Q3,2025-09-30,XI_29,isyatirim_pit,,,2026-09-07T22:37:14.685345650,,,2025-11-15,APPROXIMATE_FIXED_LAG,UNKNOWN,UNKNOWN,data\raw\isyatirim_cache\KRDMD_2025_XI_29.json,satislar;ebitda;op_gelir;net_kar;cfo;fcf;ozkaynaklar;toplam_borc;net_borc;nakit;toplam_aktif,toplam_borc;net_borc;ebitda;ihracat_orani;piyasa_degeri;pb;roe;roa;ev;ev_ebitda;fcf_verim
KRDMD.IS,2025Q4,2025-12-31,XI_29,isyatirim_pit,,,2026-09-07T22:37:14.685345650,,,2026-03-15,APPROXIMATE_FIXED_LAG,UNKNOWN,UNKNOWN,data\raw\isyatirim_cache\KRDMD_2025_XI_29.json,satislar;ebitda;op_gelir;net_kar;cfo;fcf;ozkaynaklar;toplam_borc;net_borc;nakit;toplam_aktif,toplam_borc;net_borc;ebitda;ihracat_orani;piyasa_degeri;pb;roe;roa;ev;ev_ebitda;fcf_verim
KRDMD.IS,2026Q1,2026-03-31,XI_29,isyatirim_pit,,,2026-09-07T22:37:14.885066986,,,2026-05-15,APPROXIMATE_FIXED_LAG,UNKNOWN,UNKNOWN,data\raw\isyatirim_cache\KRDMD_2026_XI_29.json,satislar;ebitda;op_gelir;net_kar;cfo;fcf;ozkaynaklar;toplam_borc;net_borc;nakit;toplam_aktif,toplam_borc;net_borc;ebitda;ihracat_orani;piyasa_degeri;pb;roe;roa;ev;ev_ebitda;fcf_verim
KRDMD.IS,2026Q2,2026-06-30,XI_29,isyatirim_pit,,,2026-09-07T22:37:14.885066986,,,2026-08-15,APPROXIMATE_FIXED_LAG,UNKNOWN,UNKNOWN,data\raw\isyatirim_cache\KRDMD_2026_XI_29.json,satislar;ebitda;op_gelir;net_kar;cfo;fcf;ozkaynaklar;toplam_borc;net_borc;nakit;toplam_aktif,toplam_borc;net_borc;ebitda;ihracat_orani;piyasa_degeri;pb;roe;roa;ev;ev_ebitda;fcf_verim
LOGO.IS,2018Q1,2018-03-31,XI_29,isyatirim_pit,,,2026-09-07T22:37:25.272793293,,,2018-05-15,APPROXIMATE_FIXED_LAG,UNKNOWN,UNKNOWN,data\raw\isyatirim_cache\LOGO_2018_XI_29.json,satislar;ebitda;op_gelir;net_kar;cfo;fcf;ozkaynaklar;toplam_borc;net_borc;nakit;toplam_aktif,toplam_borc;net_borc;ebitda;ihracat_orani;piyasa_degeri;pb;roe;roa;ev;ev_ebitda;fcf_verim
LOGO.IS,2018Q2,2018-06-30,XI_29,isyatirim_pit,,,2026-09-07T22:37:25.272793293,,,2018-08-15,APPROXIMATE_FIXED_LAG,UNKNOWN,UNKNOWN,data\raw\isyatirim_cache\LOGO_2018_XI_29.json,satislar;ebitda;op_gelir;net_kar;cfo;fcf;ozkaynaklar;toplam_borc;net_borc;nakit;toplam_aktif,toplam_borc;net_borc;ebitda;ihracat_orani;piyasa_degeri;pb;roe;roa;ev;ev_ebitda;fcf_verim
LOGO.IS,2018Q3,2018-09-30,XI_29,isyatirim_pit,,,2026-09-07T22:37:25.272793293,,,2018-11-15,APPROXIMATE_FIXED_LAG,UNKNOWN,UNKNOWN,data\raw\isyatirim_cache\LOGO_2018_XI_29.json,satislar;ebitda;op_gelir;net_kar;cfo;fcf;ozkaynaklar;toplam_borc;net_borc;nakit;toplam_aktif,toplam_borc;net_borc;ebitda;ihracat_orani;piyasa_degeri;pb;roe;roa;ev;ev_ebitda;fcf_verim
LOGO.IS,2018Q4,2018-12-31,XI_29,isyatirim_pit,,,2026-09-07T22:37:25.272793293,,,2019-03-15,APPROXIMATE_FIXED_LAG,UNKNOWN,UNKNOWN,data\raw\isyatirim_cache\LOGO_2018_XI_29.json,satislar;ebitda;op_gelir;net_kar;cfo;fcf;ozkaynaklar;toplam_borc;net_borc;nakit;toplam_aktif,toplam_borc;net_borc;ebitda;ihracat_orani;piyasa_degeri;pb;roe;roa;ev;ev_ebitda;fcf_verim
LOGO.IS,2019Q1,2019-03-31,XI_29,isyatirim_pit,,,2026-09-07T22:37:25.399798632,,,2019-05-15,APPROXIMATE_FIXED_LAG,UNKNOWN,UNKNOWN,data\raw\isyatirim_cache\LOGO_2019_XI_29.json,satislar;ebitda;op_gelir;net_kar;cfo;fcf;ozkaynaklar;toplam_borc;net_borc;nakit;toplam_aktif,toplam_borc;net_borc;ebitda;ihracat_orani;piyasa_degeri;pb;roe;roa;ev;ev_ebitda;fcf_verim
LOGO.IS,2019Q2,2019-06-30,XI_29,isyatirim_pit,,,2026-09-07T22:37:25.399798632,,,2019-08-15,APPROXIMATE_FIXED_LAG,UNKNOWN,UNKNOWN,data\raw\isyatirim_cache\LOGO_2019_XI_29.json,satislar;ebitda;op_gelir;net_kar;cfo;fcf;ozkaynaklar;toplam_borc;net_borc;nakit;toplam_aktif,toplam_borc;net_borc;ebitda;ihracat_orani;piyasa_degeri;pb;roe;roa;ev;ev_ebitda;fcf_verim
LOGO.IS,2019Q3,2019-09-30,XI_29,isyatirim_pit,,,2026-09-07T22:37:25.399798632,,,2019-11-15,APPROXIMATE_FIXED_LAG,UNKNOWN,UNKNOWN,data\raw\isyatirim_cache\LOGO_2019_XI_29.json,satislar;ebitda;op_gelir;net_kar;cfo;fcf;ozkaynaklar;toplam_borc;net_borc;nakit;toplam_aktif,toplam_borc;net_borc;ebitda;ihracat_orani;piyasa_degeri;pb;roe;roa;ev;ev_ebitda;fcf_verim
LOGO.IS,2019Q4,2019-12-31,XI_29,isyatirim_pit,,,2026-09-07T22:37:25.399798632,,,2020-03-15,APPROXIMATE_FIXED_LAG,UNKNOWN,UNKNOWN,data\raw\isyatirim_cache\LOGO_2019_XI_29.json,satislar;ebitda;op_gelir;net_kar;cfo;fcf;ozkaynaklar;toplam_borc;net_borc;nakit;toplam_aktif,toplam_borc;net_borc;ebitda;ihracat_orani;piyasa_degeri;pb;roe;roa;ev;ev_ebitda;fcf_verim
LOGO.IS,2020Q1,2020-03-31,XI_29,isyatirim_pit,,,2026-09-07T22:37:25.524205208,,,2020-05-15,APPROXIMATE_FIXED_LAG,UNKNOWN,UNKNOWN,data\raw\isyatirim_cache\LOGO_2020_XI_29.json,satislar;ebitda;op_gelir;net_kar;cfo;fcf;ozkaynaklar;toplam_borc;net_borc;nakit;toplam_aktif,toplam_borc;net_borc;ebitda;ihracat_orani;piyasa_degeri;pb;roe;roa;ev;ev_ebitda;fcf_verim
LOGO.IS,2020Q2,2020-06-30,XI_29,isyatirim_pit,,,2026-09-07T22:37:25.524205208,,,2020-08-15,APPROXIMATE_FIXED_LAG,UNKNOWN,UNKNOWN,data\raw\isyatirim_cache\LOGO_2020_XI_29.json,satislar;ebitda;op_gelir;net_kar;cfo;fcf;ozkaynaklar;toplam_borc;net_borc;nakit;toplam_aktif,toplam_borc;net_borc;ebitda;ihracat_orani;piyasa_degeri;pb;roe;roa;ev;ev_ebitda;fcf_verim
LOGO.IS,2020Q3,2020-09-30,XI_29,isyatirim_pit,,,2026-09-07T22:37:25.524205208,,,2020-11-15,APPROXIMATE_FIXED_LAG,UNKNOWN,UNKNOWN,data\raw\isyatirim_cache\LOGO_2020_XI_29.json,satislar;ebitda;op_gelir;net_kar;cfo;fcf;ozkaynaklar;toplam_borc;net_borc;nakit;toplam_aktif,toplam_borc;net_borc;ebitda;ihracat_orani;piyasa_degeri;pb;roe;roa;ev;ev_ebitda;fcf_verim
LOGO.IS,2020Q4,2020-12-31,XI_29,isyatirim_pit,,,2026-09-07T22:37:25.524205208,,,2021-03-15,APPROXIMATE_FIXED_LAG,UNKNOWN,UNKNOWN,data\raw\isyatirim_cache\LOGO_2020_XI_29.json,satislar;ebitda;op_gelir;net_kar;cfo;fcf;ozkaynaklar;toplam_borc;net_borc;nakit;toplam_aktif,toplam_borc;net_borc;ebitda;ihracat_orani;piyasa_degeri;pb;roe;roa;ev;ev_ebitda;fcf_verim
LOGO.IS,2021Q1,2021-03-31,XI_29,isyatirim_pit,,,2026-09-07T22:37:25.669580221,,,2021-05-15,APPROXIMATE_FIXED_LAG,UNKNOWN,UNKNOWN,data\raw\isyatirim_cache\LOGO_2021_XI_29.json,satislar;ebitda;op_gelir;net_kar;cfo;fcf;ozkaynaklar;toplam_borc;net_borc;nakit;toplam_aktif,toplam_borc;net_borc;ebitda;ihracat_orani;piyasa_degeri;pb;roe;roa;ev;ev_ebitda;fcf_verim
LOGO.IS,2021Q2,2021-06-30,XI_29,isyatirim_pit,,,2026-09-07T22:37:25.669580221,,,2021-08-15,APPROXIMATE_FIXED_LAG,UNKNOWN,UNKNOWN,data\raw\isyatirim_cache\LOGO_2021_XI_29.json,satislar;ebitda;op_gelir;net_kar;cfo;fcf;ozkaynaklar;toplam_borc;net_borc;nakit;toplam_aktif,toplam_borc;net_borc;ebitda;ihracat_orani;piyasa_degeri;pb;roe;roa;ev;ev_ebitda;fcf_verim
LOGO.IS,2021Q3,2021-09-30,XI_29,isyatirim_pit,,,2026-09-07T22:37:25.669580221,,,2021-11-15,APPROXIMATE_FIXED_LAG,UNKNOWN,UNKNOWN,data\raw\isyatirim_cache\LOGO_2021_XI_29.json,satislar;ebitda;op_gelir;net_kar;cfo;fcf;ozkaynaklar;toplam_borc;net_borc;nakit;toplam_aktif,toplam_borc;net_borc;ebitda;ihracat_orani;piyasa_degeri;pb;roe;roa;ev;ev_ebitda;fcf_verim
LOGO.IS,2021Q4,2021-12-31,XI_29,isyatirim_pit,,,2026-09-07T22:37:25.669580221,,,2022-03-15,APPROXIMATE_FIXED_LAG,UNKNOWN,UNKNOWN,data\raw\isyatirim_cache\LOGO_2021_XI_29.json,satislar;ebitda;op_gelir;net_kar;cfo;fcf;ozkaynaklar;toplam_borc;net_borc;nakit;toplam_aktif,toplam_borc;net_borc;ebitda;ihracat_orani;piyasa_degeri;pb;roe;roa;ev;ev_ebitda;fcf_verim
LOGO.IS,2022Q1,2022-03-31,XI_29,isyatirim_pit,,,2026-09-07T22:37:25.796247959,,,2022-05-15,APPROXIMATE_FIXED_LAG,UNKNOWN,UNKNOWN,data\raw\isyatirim_cache\LOGO_2022_XI_29.json,satislar;ebitda;op_gelir;net_kar;cfo;fcf;ozkaynaklar;toplam_borc;net_borc;nakit;toplam_aktif,toplam_borc;net_borc;ebitda;ihracat_orani;piyasa_degeri;pb;roe;roa;ev;ev_ebitda;fcf_verim
LOGO.IS,2022Q2,2022-06-30,XI_29,isyatirim_pit,,,2026-09-07T22:37:25.796247959,,,2022-08-15,APPROXIMATE_FIXED_LAG,UNKNOWN,UNKNOWN,data\raw\isyatirim_cache\LOGO_2022_XI_29.json,satislar;ebitda;op_gelir;net_kar;cfo;fcf;ozkaynaklar;toplam_borc;net_borc;nakit;toplam_aktif,toplam_borc;net_borc;ebitda;ihracat_orani;piyasa_degeri;pb;roe;roa;ev;ev_ebitda;fcf_verim
LOGO.IS,2022Q3,2022-09-30,XI_29,isyatirim_pit,,,2026-09-07T22:37:25.796247959,,,2022-11-15,APPROXIMATE_FIXED_LAG,UNKNOWN,UNKNOWN,data\raw\isyatirim_cache\LOGO_2022_XI_29.json,satislar;ebitda;op_gelir;net_kar;cfo;fcf;ozkaynaklar;toplam_borc;net_borc;nakit;toplam_aktif,toplam_borc;net_borc;ebitda;ihracat_orani;piyasa_degeri;pb;roe;roa;ev;ev_ebitda;fcf_verim
LOGO.IS,2022Q4,2022-12-31,XI_29,isyatirim_pit,,,2026-09-07T22:37:25.796247959,,,2023-03-15,APPROXIMATE_FIXED_LAG,UNKNOWN,UNKNOWN,data\raw\isyatirim_cache\LOGO_2022_XI_29.json,satislar;ebitda;op_gelir;net_kar;cfo;fcf;ozkaynaklar;toplam_borc;net_borc;nakit;toplam_aktif,toplam_borc;net_borc;ebitda;ihracat_orani;piyasa_degeri;pb;roe;roa;ev;ev_ebitda;fcf_verim
LOGO.IS,2023Q1,2023-03-31,XI_29,isyatirim_pit,,,2026-09-07T22:37:25.962800741,,,2023-05-15,APPROXIMATE_FIXED_LAG,UNKNOWN,UNKNOWN,data\raw\isyatirim_cache\LOGO_2023_XI_29.json,satislar;ebitda;op_gelir;net_kar;cfo;fcf;ozkaynaklar;toplam_borc;net_borc;nakit;toplam_aktif,toplam_borc;net_borc;ebitda;ihracat_orani;piyasa_degeri;pb;roe;roa;ev;ev_ebitda;fcf_verim
LOGO.IS,2023Q2,2023-06-30,XI_29,isyatirim_pit,,,2026-09-07T22:37:25.962800741,,,2023-08-15,APPROXIMATE_FIXED_LAG,UNKNOWN,UNKNOWN,data\raw\isyatirim_cache\LOGO_2023_XI_29.json,satislar;ebitda;op_gelir;net_kar;cfo;fcf;ozkaynaklar;toplam_borc;net_borc;nakit;toplam_aktif,toplam_borc;net_borc;ebitda;ihracat_orani;piyasa_degeri;pb;roe;roa;ev;ev_ebitda;fcf_verim
LOGO.IS,2023Q3,2023-09-30,XI_29,isyatirim_pit,,,2026-09-07T22:37:25.962800741,,,2023-11-15,APPROXIMATE_FIXED_LAG,UNKNOWN,UNKNOWN,data\raw\isyatirim_cache\LOGO_2023_XI_29.json,satislar;ebitda;op_gelir;net_kar;cfo;fcf;ozkaynaklar;toplam_borc;net_borc;nakit;toplam_aktif,toplam_borc;net_borc;ebitda;ihracat_orani;piyasa_degeri;pb;roe;roa;ev;ev_ebitda;fcf_verim
LOGO.IS,2023Q4,2023-12-31,XI_29,isyatirim_pit,,,2026-09-07T22:37:25.962800741,,,2024-03-15,APPROXIMATE_FIXED_LAG,UNKNOWN,UNKNOWN,data\raw\isyatirim_cache\LOGO_2023_XI_29.json,satislar;ebitda;op_gelir;net_kar;cfo;fcf;ozkaynaklar;toplam_borc;net_borc;nakit;toplam_aktif,toplam_borc;net_borc;ebitda;ihracat_orani;piyasa_degeri;pb;roe;roa;ev;ev_ebitda;fcf_verim
LOGO.IS,2024Q1,2024-03-31,XI_29,isyatirim_pit,,,2026-09-07T22:37:26.051723719,,,2024-05-15,APPROXIMATE_FIXED_LAG,UNKNOWN,UNKNOWN,data\raw\isyatirim_cache\LOGO_2024_XI_29.json,satislar;ebitda;op_gelir;net_kar;cfo;fcf;ozkaynaklar;toplam_borc;net_borc;nakit;toplam_aktif,toplam_borc;net_borc;ebitda;ihracat_orani;piyasa_degeri;pb;roe;roa;ev;ev_ebitda;fcf_verim
LOGO.IS,2024Q2,2024-06-30,XI_29,isyatirim_pit,,,2026-09-07T22:37:26.051723719,,,2024-08-15,APPROXIMATE_FIXED_LAG,UNKNOWN,UNKNOWN,data\raw\isyatirim_cache\LOGO_2024_XI_29.json,satislar;ebitda;op_gelir;net_kar;cfo;fcf;ozkaynaklar;toplam_borc;net_borc;nakit;toplam_aktif,toplam_borc;net_borc;ebitda;ihracat_orani;piyasa_degeri;pb;roe;roa;ev;ev_ebitda;fcf_verim
LOGO.IS,2024Q3,2024-09-30,XI_29,isyatirim_pit,,,2026-09-07T22:37:26.051723719,,,2024-11-15,APPROXIMATE_FIXED_LAG,UNKNOWN,UNKNOWN,data\raw\isyatirim_cache\LOGO_2024_XI_29.json,satislar;ebitda;op_gelir;net_kar;cfo;fcf;ozkaynaklar;toplam_borc;net_borc;nakit;toplam_aktif,toplam_borc;net_borc;ebitda;ihracat_orani;piyasa_degeri;pb;roe;roa;ev;ev_ebitda;fcf_verim
LOGO.IS,2024Q4,2024-12-31,XI_29,isyatirim_pit,,,2026-09-07T22:37:26.051723719,,,2025-03-15,APPROXIMATE_FIXED_LAG,UNKNOWN,UNKNOWN,data\raw\isyatirim_cache\LOGO_2024_XI_29.json,satislar;ebitda;op_gelir;net_kar;cfo;fcf;ozkaynaklar;toplam_borc;net_borc;nakit;toplam_aktif,toplam_borc;net_borc;ebitda;ihracat_orani;piyasa_degeri;pb;roe;roa;ev;ev_ebitda;fcf_verim
LOGO.IS,2025Q1,2025-03-31,XI_29,isyatirim_pit,,,2026-09-07T22:37:26.196255684,,,2025-05-15,APPROXIMATE_FIXED_LAG,UNKNOWN,UNKNOWN,data\raw\isyatirim_cache\LOGO_2025_XI_29.json,satislar;ebitda;op_gelir;net_kar;cfo;fcf;ozkaynaklar;toplam_borc;net_borc;nakit;toplam_aktif,toplam_borc;net_borc;ebitda;ihracat_orani;piyasa_degeri;pb;roe;roa;ev;ev_ebitda;fcf_verim
LOGO.IS,2025Q2,2025-06-30,XI_29,isyatirim_pit,,,2026-09-07T22:37:26.196255684,,,2025-08-15,APPROXIMATE_FIXED_LAG,UNKNOWN,UNKNOWN,data\raw\isyatirim_cache\LOGO_2025_XI_29.json,satislar;ebitda;op_gelir;net_kar;cfo;fcf;ozkaynaklar;toplam_borc;net_borc;nakit;toplam_aktif,toplam_borc;net_borc;ebitda;ihracat_orani;piyasa_degeri;pb;roe;roa;ev;ev_ebitda;fcf_verim
LOGO.IS,2025Q3,2025-09-30,XI_29,isyatirim_pit,,,2026-09-07T22:37:26.196255684,,,2025-11-15,APPROXIMATE_FIXED_LAG,UNKNOWN,UNKNOWN,data\raw\isyatirim_cache\LOGO_2025_XI_29.json,satislar;ebitda;op_gelir;net_kar;cfo;fcf;ozkaynaklar;toplam_borc;net_borc;nakit;toplam_aktif,toplam_borc;net_borc;ebitda;ihracat_orani;piyasa_degeri;pb;roe;roa;ev;ev_ebitda;fcf_verim
LOGO.IS,2025Q4,2025-12-31,XI_29,isyatirim_pit,,,2026-09-07T22:37:26.196255684,,,2026-03-15,APPROXIMATE_FIXED_LAG,UNKNOWN,UNKNOWN,data\raw\isyatirim_cache\LOGO_2025_XI_29.json,satislar;ebitda;op_gelir;net_kar;cfo;fcf;ozkaynaklar;toplam_borc;net_borc;nakit;toplam_aktif,toplam_borc;net_borc;ebitda;ihracat_orani;piyasa_degeri;pb;roe;roa;ev;ev_ebitda;fcf_verim
LOGO.IS,2026Q1,2026-03-31,XI_29,isyatirim_pit,,,2026-09-07T22:37:26.348507166,,,2026-05-15,APPROXIMATE_FIXED_LAG,UNKNOWN,UNKNOWN,data\raw\isyatirim_cache\LOGO_2026_XI_29.json,satislar;ebitda;op_gelir;net_kar;cfo;fcf;ozkaynaklar;toplam_borc;net_borc;nakit;toplam_aktif,toplam_borc;net_borc;ebitda;ihracat_orani;piyasa_degeri;pb;roe;roa;ev;ev_ebitda;fcf_verim
LOGO.IS,2026Q2,2026-06-30,XI_29,isyatirim_pit,,,2026-09-07T22:37:26.348507166,,,2026-08-15,APPROXIMATE_FIXED_LAG,UNKNOWN,UNKNOWN,data\raw\isyatirim_cache\LOGO_2026_XI_29.json,satislar;ebitda;op_gelir;net_kar;cfo;fcf;ozkaynaklar;toplam_borc;net_borc;nakit;toplam_aktif,toplam_borc;net_borc;ebitda;ihracat_orani;piyasa_degeri;pb;roe;roa;ev;ev_ebitda;fcf_verim
MAVI.IS,2018Q1,2018-03-31,XI_29,isyatirim_pit,,,2026-09-07T22:37:14.643396854,,,2018-05-15,APPROXIMATE_FIXED_LAG,UNKNOWN,UNKNOWN,data\raw\isyatirim_cache\MAVI_2018_XI_29.json,satislar;ebitda;op_gelir;net_kar;cfo;fcf;ozkaynaklar;toplam_borc;net_borc;nakit;toplam_aktif,toplam_borc;net_borc;ebitda;ihracat_orani;piyasa_degeri;pb;roe;roa;ev;ev_ebitda;fcf_verim
MAVI.IS,2018Q2,2018-06-30,XI_29,isyatirim_pit,,,2026-09-07T22:37:14.643396854,,,2018-08-15,APPROXIMATE_FIXED_LAG,UNKNOWN,UNKNOWN,data\raw\isyatirim_cache\MAVI_2018_XI_29.json,satislar;ebitda;op_gelir;net_kar;cfo;fcf;ozkaynaklar;toplam_borc;net_borc;nakit;toplam_aktif,toplam_borc;net_borc;ebitda;ihracat_orani;piyasa_degeri;pb;roe;roa;ev;ev_ebitda;fcf_verim
MAVI.IS,2018Q3,2018-09-30,XI_29,isyatirim_pit,,,2026-09-07T22:37:14.643396854,,,2018-11-15,APPROXIMATE_FIXED_LAG,UNKNOWN,UNKNOWN,data\raw\isyatirim_cache\MAVI_2018_XI_29.json,satislar;ebitda;op_gelir;net_kar;cfo;fcf;ozkaynaklar;toplam_borc;net_borc;nakit;toplam_aktif,toplam_borc;net_borc;ebitda;ihracat_orani;piyasa_degeri;pb;roe;roa;ev;ev_ebitda;fcf_verim
MAVI.IS,2018Q4,2018-12-31,XI_29,isyatirim_pit,,,2026-09-07T22:37:14.643396854,,,2019-03-15,APPROXIMATE_FIXED_LAG,UNKNOWN,UNKNOWN,data\raw\isyatirim_cache\MAVI_2018_XI_29.json,satislar;ebitda;op_gelir;net_kar;cfo;fcf;ozkaynaklar;toplam_borc;net_borc;nakit;toplam_aktif,toplam_borc;net_borc;ebitda;ihracat_orani;piyasa_degeri;pb;roe;roa;ev;ev_ebitda;fcf_verim
MAVI.IS,2019Q1,2019-03-31,XI_29,isyatirim_pit,,,2026-09-07T22:37:14.784917593,,,2019-05-15,APPROXIMATE_FIXED_LAG,UNKNOWN,UNKNOWN,data\raw\isyatirim_cache\MAVI_2019_XI_29.json,satislar;ebitda;op_gelir;net_kar;cfo;fcf;ozkaynaklar;toplam_borc;net_borc;nakit;toplam_aktif,toplam_borc;net_borc;ebitda;ihracat_orani;piyasa_degeri;pb;roe;roa;ev;ev_ebitda;fcf_verim
MAVI.IS,2019Q2,2019-06-30,XI_29,isyatirim_pit,,,2026-09-07T22:37:14.784917593,,,2019-08-15,APPROXIMATE_FIXED_LAG,UNKNOWN,UNKNOWN,data\raw\isyatirim_cache\MAVI_2019_XI_29.json,satislar;ebitda;op_gelir;net_kar;cfo;fcf;ozkaynaklar;toplam_borc;net_borc;nakit;toplam_aktif,toplam_borc;net_borc;ebitda;ihracat_orani;piyasa_degeri;pb;roe;roa;ev;ev_ebitda;fcf_verim
MAVI.IS,2019Q3,2019-09-30,XI_29,isyatirim_pit,,,2026-09-07T22:37:14.784917593,,,2019-11-15,APPROXIMATE_FIXED_LAG,UNKNOWN,UNKNOWN,data\raw\isyatirim_cache\MAVI_2019_XI_29.json,satislar;ebitda;op_gelir;net_kar;cfo;fcf;ozkaynaklar;toplam_borc;net_borc;nakit;toplam_aktif,toplam_borc;net_borc;ebitda;ihracat_orani;piyasa_degeri;pb;roe;roa;ev;ev_ebitda;fcf_verim
MAVI.IS,2019Q4,2019-12-31,XI_29,isyatirim_pit,,,2026-09-07T22:37:14.784917593,,,2020-03-15,APPROXIMATE_FIXED_LAG,UNKNOWN,UNKNOWN,data\raw\isyatirim_cache\MAVI_2019_XI_29.json,satislar;ebitda;op_gelir;net_kar;cfo;fcf;ozkaynaklar;toplam_borc;net_borc;nakit;toplam_aktif,toplam_borc;net_borc;ebitda;ihracat_orani;piyasa_degeri;pb;roe;roa;ev;ev_ebitda;fcf_verim
MAVI.IS,2020Q1,2020-03-31,XI_29,isyatirim_pit,,,2026-09-07T22:37:14.919397831,,,2020-05-15,APPROXIMATE_FIXED_LAG,UNKNOWN,UNKNOWN,data\raw\isyatirim_cache\MAVI_2020_XI_29.json,satislar;ebitda;op_gelir;net_kar;cfo;fcf;ozkaynaklar;toplam_borc;net_borc;nakit;toplam_aktif,toplam_borc;net_borc;ebitda;ihracat_orani;piyasa_degeri;pb;roe;roa;ev;ev_ebitda;fcf_verim
MAVI.IS,2020Q2,2020-06-30,XI_29,isyatirim_pit,,,2026-09-07T22:37:14.919397831,,,2020-08-15,APPROXIMATE_FIXED_LAG,UNKNOWN,UNKNOWN,data\raw\isyatirim_cache\MAVI_2020_XI_29.json,satislar;ebitda;op_gelir;net_kar;cfo;fcf;ozkaynaklar;toplam_borc;net_borc;nakit;toplam_aktif,toplam_borc;net_borc;ebitda;ihracat_orani;piyasa_degeri;pb;roe;roa;ev;ev_ebitda;fcf_verim
MAVI.IS,2020Q3,2020-09-30,XI_29,isyatirim_pit,,,2026-09-07T22:37:14.919397831,,,2020-11-15,APPROXIMATE_FIXED_LAG,UNKNOWN,UNKNOWN,data\raw\isyatirim_cache\MAVI_2020_XI_29.json,satislar;ebitda;op_gelir;net_kar;cfo;fcf;ozkaynaklar;toplam_borc;net_borc;nakit;toplam_aktif,toplam_borc;net_borc;ebitda;ihracat_orani;piyasa_degeri;pb;roe;roa;ev;ev_ebitda;fcf_verim
MAVI.IS,2020Q4,2020-12-31,XI_29,isyatirim_pit,,,2026-09-07T22:37:14.919397831,,,2021-03-15,APPROXIMATE_FIXED_LAG,UNKNOWN,UNKNOWN,data\raw\isyatirim_cache\MAVI_2020_XI_29.json,satislar;ebitda;op_gelir;net_kar;cfo;fcf;ozkaynaklar;toplam_borc;net_borc;nakit;toplam_aktif,toplam_borc;net_borc;ebitda;ihracat_orani;piyasa_degeri;pb;roe;roa;ev;ev_ebitda;fcf_verim
MAVI.IS,2021Q1,2021-03-31,XI_29,isyatirim_pit,,,2026-09-07T22:37:15.007506371,,,2021-05-15,APPROXIMATE_FIXED_LAG,UNKNOWN,UNKNOWN,data\raw\isyatirim_cache\MAVI_2021_XI_29.json,satislar;ebitda;op_gelir;net_kar;cfo;fcf;ozkaynaklar;toplam_borc;net_borc;nakit;toplam_aktif,toplam_borc;net_borc;ebitda;ihracat_orani;piyasa_degeri;pb;roe;roa;ev;ev_ebitda;fcf_verim
MAVI.IS,2021Q2,2021-06-30,XI_29,isyatirim_pit,,,2026-09-07T22:37:15.007506371,,,2021-08-15,APPROXIMATE_FIXED_LAG,UNKNOWN,UNKNOWN,data\raw\isyatirim_cache\MAVI_2021_XI_29.json,satislar;ebitda;op_gelir;net_kar;cfo;fcf;ozkaynaklar;toplam_borc;net_borc;nakit;toplam_aktif,toplam_borc;net_borc;ebitda;ihracat_orani;piyasa_degeri;pb;roe;roa;ev;ev_ebitda;fcf_verim
MAVI.IS,2021Q3,2021-09-30,XI_29,isyatirim_pit,,,2026-09-07T22:37:15.007506371,,,2021-11-15,APPROXIMATE_FIXED_LAG,UNKNOWN,UNKNOWN,data\raw\isyatirim_cache\MAVI_2021_XI_29.json,satislar;ebitda;op_gelir;net_kar;cfo;fcf;ozkaynaklar;toplam_borc;net_borc;nakit;toplam_aktif,toplam_borc;net_borc;ebitda;ihracat_orani;piyasa_degeri;pb;roe;roa;ev;ev_ebitda;fcf_verim
MAVI.IS,2021Q4,2021-12-31,XI_29,isyatirim_pit,,,2026-09-07T22:37:15.007506371,,,2022-03-15,APPROXIMATE_FIXED_LAG,UNKNOWN,UNKNOWN,data\raw\isyatirim_cache\MAVI_2021_XI_29.json,satislar;ebitda;op_gelir;net_kar;cfo;fcf;ozkaynaklar;toplam_borc;net_borc;nakit;toplam_aktif,toplam_borc;net_borc;ebitda;ihracat_orani;piyasa_degeri;pb;roe;roa;ev;ev_ebitda;fcf_verim
MAVI.IS,2022Q1,2022-03-31,XI_29,isyatirim_pit,,,2026-09-07T22:37:15.116565943,,,2022-05-15,APPROXIMATE_FIXED_LAG,UNKNOWN,UNKNOWN,data\raw\isyatirim_cache\MAVI_2022_XI_29.json,satislar;ebitda;op_gelir;net_kar;cfo;fcf;ozkaynaklar;toplam_borc;net_borc;nakit;toplam_aktif,toplam_borc;net_borc;ebitda;ihracat_orani;piyasa_degeri;pb;roe;roa;ev;ev_ebitda;fcf_verim
MAVI.IS,2022Q2,2022-06-30,XI_29,isyatirim_pit,,,2026-09-07T22:37:15.116565943,,,2022-08-15,APPROXIMATE_FIXED_LAG,UNKNOWN,UNKNOWN,data\raw\isyatirim_cache\MAVI_2022_XI_29.json,satislar;ebitda;op_gelir;net_kar;cfo;fcf;ozkaynaklar;toplam_borc;net_borc;nakit;toplam_aktif,toplam_borc;net_borc;ebitda;ihracat_orani;piyasa_degeri;pb;roe;roa;ev;ev_ebitda;fcf_verim
MAVI.IS,2022Q3,2022-09-30,XI_29,isyatirim_pit,,,2026-09-07T22:37:15.116565943,,,2022-11-15,APPROXIMATE_FIXED_LAG,UNKNOWN,UNKNOWN,data\raw\isyatirim_cache\MAVI_2022_XI_29.json,satislar;ebitda;op_gelir;net_kar;cfo;fcf;ozkaynaklar;toplam_borc;net_borc;nakit;toplam_aktif,toplam_borc;net_borc;ebitda;ihracat_orani;piyasa_degeri;pb;roe;roa;ev;ev_ebitda;fcf_verim
MAVI.IS,2022Q4,2022-12-31,XI_29,isyatirim_pit,,,2026-09-07T22:37:15.116565943,,,2023-03-15,APPROXIMATE_FIXED_LAG,UNKNOWN,UNKNOWN,data\raw\isyatirim_cache\MAVI_2022_XI_29.json,satislar;ebitda;op_gelir;net_kar;cfo;fcf;ozkaynaklar;toplam_borc;net_borc;nakit;toplam_aktif,toplam_borc;net_borc;ebitda;ihracat_orani;piyasa_degeri;pb;roe;roa;ev;ev_ebitda;fcf_verim
MAVI.IS,2023Q1,2023-03-31,XI_29,isyatirim_pit,,,2026-09-07T22:37:15.216432095,,,2023-05-15,APPROXIMATE_FIXED_LAG,UNKNOWN,UNKNOWN,data\raw\isyatirim_cache\MAVI_2023_XI_29.json,satislar;ebitda;op_gelir;net_kar;cfo;fcf;ozkaynaklar;toplam_borc;net_borc;nakit;toplam_aktif,toplam_borc;net_borc;ebitda;ihracat_orani;piyasa_degeri;pb;roe;roa;ev;ev_ebitda;fcf_verim
MAVI.IS,2023Q2,2023-06-30,XI_29,isyatirim_pit,,,2026-09-07T22:37:15.216432095,,,2023-08-15,APPROXIMATE_FIXED_LAG,UNKNOWN,UNKNOWN,data\raw\isyatirim_cache\MAVI_2023_XI_29.json,satislar;ebitda;op_gelir;net_kar;cfo;fcf;ozkaynaklar;toplam_borc;net_borc;nakit;toplam_aktif,toplam_borc;net_borc;ebitda;ihracat_orani;piyasa_degeri;pb;roe;roa;ev;ev_ebitda;fcf_verim
MAVI.IS,2023Q3,2023-09-30,XI_29,isyatirim_pit,,,2026-09-07T22:37:15.216432095,,,2023-11-15,APPROXIMATE_FIXED_LAG,UNKNOWN,UNKNOWN,data\raw\isyatirim_cache\MAVI_2023_XI_29.json,satislar;ebitda;op_gelir;net_kar;cfo;fcf;ozkaynaklar;toplam_borc;net_borc;nakit;toplam_aktif,toplam_borc;net_borc;ebitda;ihracat_orani;piyasa_degeri;pb;roe;roa;ev;ev_ebitda;fcf_verim
MAVI.IS,2023Q4,2023-12-31,XI_29,isyatirim_pit,,,2026-09-07T22:37:15.216432095,,,2024-03-15,APPROXIMATE_FIXED_LAG,UNKNOWN,UNKNOWN,data\raw\isyatirim_cache\MAVI_2023_XI_29.json,satislar;ebitda;op_gelir;net_kar;cfo;fcf;ozkaynaklar;toplam_borc;net_borc;nakit;toplam_aktif,toplam_borc;net_borc;ebitda;ihracat_orani;piyasa_degeri;pb;roe;roa;ev;ev_ebitda;fcf_verim
MAVI.IS,2024Q1,2024-03-31,XI_29,isyatirim_pit,,,2026-09-07T22:37:15.323028088,,,2024-05-15,APPROXIMATE_FIXED_LAG,UNKNOWN,UNKNOWN,data\raw\isyatirim_cache\MAVI_2024_XI_29.json,satislar;ebitda;op_gelir;net_kar;cfo;fcf;ozkaynaklar;toplam_borc;net_borc;nakit;toplam_aktif,toplam_borc;net_borc;ebitda;ihracat_orani;piyasa_degeri;pb;roe;roa;ev;ev_ebitda;fcf_verim
MAVI.IS,2024Q2,2024-06-30,XI_29,isyatirim_pit,,,2026-09-07T22:37:15.323028088,,,2024-08-15,APPROXIMATE_FIXED_LAG,UNKNOWN,UNKNOWN,data\raw\isyatirim_cache\MAVI_2024_XI_29.json,satislar;ebitda;op_gelir;net_kar;cfo;fcf;ozkaynaklar;toplam_borc;net_borc;nakit;toplam_aktif,toplam_borc;net_borc;ebitda;ihracat_orani;piyasa_degeri;pb;roe;roa;ev;ev_ebitda;fcf_verim
MAVI.IS,2024Q3,2024-09-30,XI_29,isyatirim_pit,,,2026-09-07T22:37:15.323028088,,,2024-11-15,APPROXIMATE_FIXED_LAG,UNKNOWN,UNKNOWN,data\raw\isyatirim_cache\MAVI_2024_XI_29.json,satislar;ebitda;op_gelir;net_kar;cfo;fcf;ozkaynaklar;toplam_borc;net_borc;nakit;toplam_aktif,toplam_borc;net_borc;ebitda;ihracat_orani;piyasa_degeri;pb;roe;roa;ev;ev_ebitda;fcf_verim
MAVI.IS,2024Q4,2024-12-31,XI_29,isyatirim_pit,,,2026-09-07T22:37:15.323028088,,,2025-03-15,APPROXIMATE_FIXED_LAG,UNKNOWN,UNKNOWN,data\raw\isyatirim_cache\MAVI_2024_XI_29.json,satislar;ebitda;op_gelir;net_kar;cfo;fcf;ozkaynaklar;toplam_borc;net_borc;nakit;toplam_aktif,toplam_borc;net_borc;ebitda;ihracat_orani;piyasa_degeri;pb;roe;roa;ev;ev_ebitda;fcf_verim
MAVI.IS,2025Q1,2025-03-31,XI_29,isyatirim_pit,,,2026-09-07T22:37:15.500974655,,,2025-05-15,APPROXIMATE_FIXED_LAG,UNKNOWN,UNKNOWN,data\raw\isyatirim_cache\MAVI_2025_XI_29.json,satislar;ebitda;op_gelir;net_kar;cfo;fcf;ozkaynaklar;toplam_borc;net_borc;nakit;toplam_aktif,toplam_borc;net_borc;ebitda;ihracat_orani;piyasa_degeri;pb;roe;roa;ev;ev_ebitda;fcf_verim
MAVI.IS,2025Q2,2025-06-30,XI_29,isyatirim_pit,,,2026-09-07T22:37:15.500974655,,,2025-08-15,APPROXIMATE_FIXED_LAG,UNKNOWN,UNKNOWN,data\raw\isyatirim_cache\MAVI_2025_XI_29.json,satislar;ebitda;op_gelir;net_kar;cfo;fcf;ozkaynaklar;toplam_borc;net_borc;nakit;toplam_aktif,toplam_borc;net_borc;ebitda;ihracat_orani;piyasa_degeri;pb;roe;roa;ev;ev_ebitda;fcf_verim
MAVI.IS,2025Q3,2025-09-30,XI_29,isyatirim_pit,,,2026-09-07T22:37:15.500974655,,,2025-11-15,APPROXIMATE_FIXED_LAG,UNKNOWN,UNKNOWN,data\raw\isyatirim_cache\MAVI_2025_XI_29.json,satislar;ebitda;op_gelir;net_kar;cfo;fcf;ozkaynaklar;toplam_borc;net_borc;nakit;toplam_aktif,toplam_borc;net_borc;ebitda;ihracat_orani;piyasa_degeri;pb;roe;roa;ev;ev_ebitda;fcf_verim
MAVI.IS,2025Q4,2025-12-31,XI_29,isyatirim_pit,,,2026-09-07T22:37:15.500974655,,,2026-03-15,APPROXIMATE_FIXED_LAG,UNKNOWN,UNKNOWN,data\raw\isyatirim_cache\MAVI_2025_XI_29.json,satislar;ebitda;op_gelir;net_kar;cfo;fcf;ozkaynaklar;toplam_borc;net_borc;nakit;toplam_aktif,toplam_borc;net_borc;ebitda;ihracat_orani;piyasa_degeri;pb;roe;roa;ev;ev_ebitda;fcf_verim
MAVI.IS,2026Q1,2026-03-31,XI_29,isyatirim_pit,,,2026-09-07T22:37:15.592783689,,,2026-05-15,APPROXIMATE_FIXED_LAG,UNKNOWN,UNKNOWN,data\raw\isyatirim_cache\MAVI_2026_XI_29.json,satislar;ebitda;op_gelir;net_kar;cfo;fcf;ozkaynaklar;toplam_borc;net_borc;nakit;toplam_aktif,toplam_borc;net_borc;ebitda;ihracat_orani;piyasa_degeri;pb;roe;roa;ev;ev_ebitda;fcf_verim
MGROS.IS,2018Q1,2018-03-31,XI_29,isyatirim_pit,,,2026-09-07T22:36:49.104151726,,,2018-05-15,APPROXIMATE_FIXED_LAG,UNKNOWN,UNKNOWN,data\raw\isyatirim_cache\MGROS_2018_XI_29.json,satislar;ebitda;op_gelir;net_kar;cfo;fcf;ozkaynaklar;toplam_borc;net_borc;nakit;toplam_aktif,toplam_borc;net_borc;ebitda;ihracat_orani;piyasa_degeri;pb;roe;roa;ev;ev_ebitda;fcf_verim
MGROS.IS,2018Q2,2018-06-30,XI_29,isyatirim_pit,,,2026-09-07T22:36:49.104151726,,,2018-08-15,APPROXIMATE_FIXED_LAG,UNKNOWN,UNKNOWN,data\raw\isyatirim_cache\MGROS_2018_XI_29.json,satislar;ebitda;op_gelir;net_kar;cfo;fcf;ozkaynaklar;toplam_borc;net_borc;nakit;toplam_aktif,toplam_borc;net_borc;ebitda;ihracat_orani;piyasa_degeri;pb;roe;roa;ev;ev_ebitda;fcf_verim
MGROS.IS,2018Q3,2018-09-30,XI_29,isyatirim_pit,,,2026-09-07T22:36:49.104151726,,,2018-11-15,APPROXIMATE_FIXED_LAG,UNKNOWN,UNKNOWN,data\raw\isyatirim_cache\MGROS_2018_XI_29.json,satislar;ebitda;op_gelir;net_kar;cfo;fcf;ozkaynaklar;toplam_borc;net_borc;nakit;toplam_aktif,toplam_borc;net_borc;ebitda;ihracat_orani;piyasa_degeri;pb;roe;roa;ev;ev_ebitda;fcf_verim
MGROS.IS,2018Q4,2018-12-31,XI_29,isyatirim_pit,,,2026-09-07T22:36:49.104151726,,,2019-03-15,APPROXIMATE_FIXED_LAG,UNKNOWN,UNKNOWN,data\raw\isyatirim_cache\MGROS_2018_XI_29.json,satislar;ebitda;op_gelir;net_kar;cfo;fcf;ozkaynaklar;toplam_borc;net_borc;nakit;toplam_aktif,toplam_borc;net_borc;ebitda;ihracat_orani;piyasa_degeri;pb;roe;roa;ev;ev_ebitda;fcf_verim
MGROS.IS,2019Q1,2019-03-31,XI_29,isyatirim_pit,,,2026-09-07T22:36:49.231080294,,,2019-05-15,APPROXIMATE_FIXED_LAG,UNKNOWN,UNKNOWN,data\raw\isyatirim_cache\MGROS_2019_XI_29.json,satislar;ebitda;op_gelir;net_kar;cfo;fcf;ozkaynaklar;toplam_borc;net_borc;nakit;toplam_aktif,toplam_borc;net_borc;ebitda;ihracat_orani;piyasa_degeri;pb;roe;roa;ev;ev_ebitda;fcf_verim
MGROS.IS,2019Q2,2019-06-30,XI_29,isyatirim_pit,,,2026-09-07T22:36:49.231080294,,,2019-08-15,APPROXIMATE_FIXED_LAG,UNKNOWN,UNKNOWN,data\raw\isyatirim_cache\MGROS_2019_XI_29.json,satislar;ebitda;op_gelir;net_kar;cfo;fcf;ozkaynaklar;toplam_borc;net_borc;nakit;toplam_aktif,toplam_borc;net_borc;ebitda;ihracat_orani;piyasa_degeri;pb;roe;roa;ev;ev_ebitda;fcf_verim
MGROS.IS,2019Q3,2019-09-30,XI_29,isyatirim_pit,,,2026-09-07T22:36:49.231080294,,,2019-11-15,APPROXIMATE_FIXED_LAG,UNKNOWN,UNKNOWN,data\raw\isyatirim_cache\MGROS_2019_XI_29.json,satislar;ebitda;op_gelir;net_kar;cfo;fcf;ozkaynaklar;toplam_borc;net_borc;nakit;toplam_aktif,toplam_borc;net_borc;ebitda;ihracat_orani;piyasa_degeri;pb;roe;roa;ev;ev_ebitda;fcf_verim
MGROS.IS,2019Q4,2019-12-31,XI_29,isyatirim_pit,,,2026-09-07T22:36:49.231080294,,,2020-03-15,APPROXIMATE_FIXED_LAG,UNKNOWN,UNKNOWN,data\raw\isyatirim_cache\MGROS_2019_XI_29.json,satislar;ebitda;op_gelir;net_kar;cfo;fcf;ozkaynaklar;toplam_borc;net_borc;nakit;toplam_aktif,toplam_borc;net_borc;ebitda;ihracat_orani;piyasa_degeri;pb;roe;roa;ev;ev_ebitda;fcf_verim
MGROS.IS,2020Q1,2020-03-31,XI_29,isyatirim_pit,,,2026-09-07T22:36:49.365849972,,,2020-05-15,APPROXIMATE_FIXED_LAG,UNKNOWN,UNKNOWN,data\raw\isyatirim_cache\MGROS_2020_XI_29.json,satislar;ebitda;op_gelir;net_kar;cfo;fcf;ozkaynaklar;toplam_borc;net_borc;nakit;toplam_aktif,toplam_borc;net_borc;ebitda;ihracat_orani;piyasa_degeri;pb;roe;roa;ev;ev_ebitda;fcf_verim
MGROS.IS,2020Q2,2020-06-30,XI_29,isyatirim_pit,,,2026-09-07T22:36:49.365849972,,,2020-08-15,APPROXIMATE_FIXED_LAG,UNKNOWN,UNKNOWN,data\raw\isyatirim_cache\MGROS_2020_XI_29.json,satislar;ebitda;op_gelir;net_kar;cfo;fcf;ozkaynaklar;toplam_borc;net_borc;nakit;toplam_aktif,toplam_borc;net_borc;ebitda;ihracat_orani;piyasa_degeri;pb;roe;roa;ev;ev_ebitda;fcf_verim
MGROS.IS,2020Q3,2020-09-30,XI_29,isyatirim_pit,,,2026-09-07T22:36:49.365849972,,,2020-11-15,APPROXIMATE_FIXED_LAG,UNKNOWN,UNKNOWN,data\raw\isyatirim_cache\MGROS_2020_XI_29.json,satislar;ebitda;op_gelir;net_kar;cfo;fcf;ozkaynaklar;toplam_borc;net_borc;nakit;toplam_aktif,toplam_borc;net_borc;ebitda;ihracat_orani;piyasa_degeri;pb;roe;roa;ev;ev_ebitda;fcf_verim
MGROS.IS,2020Q4,2020-12-31,XI_29,isyatirim_pit,,,2026-09-07T22:36:49.365849972,,,2021-03-15,APPROXIMATE_FIXED_LAG,UNKNOWN,UNKNOWN,data\raw\isyatirim_cache\MGROS_2020_XI_29.json,satislar;ebitda;op_gelir;net_kar;cfo;fcf;ozkaynaklar;toplam_borc;net_borc;nakit;toplam_aktif,toplam_borc;net_borc;ebitda;ihracat_orani;piyasa_degeri;pb;roe;roa;ev;ev_ebitda;fcf_verim
MGROS.IS,2021Q1,2021-03-31,XI_29,isyatirim_pit,,,2026-09-07T22:36:49.501759768,,,2021-05-15,APPROXIMATE_FIXED_LAG,UNKNOWN,UNKNOWN,data\raw\isyatirim_cache\MGROS_2021_XI_29.json,satislar;ebitda;op_gelir;net_kar;cfo;fcf;ozkaynaklar;toplam_borc;net_borc;nakit;toplam_aktif,toplam_borc;net_borc;ebitda;ihracat_orani;piyasa_degeri;pb;roe;roa;ev;ev_ebitda;fcf_verim
MGROS.IS,2021Q2,2021-06-30,XI_29,isyatirim_pit,,,2026-09-07T22:36:49.501759768,,,2021-08-15,APPROXIMATE_FIXED_LAG,UNKNOWN,UNKNOWN,data\raw\isyatirim_cache\MGROS_2021_XI_29.json,satislar;ebitda;op_gelir;net_kar;cfo;fcf;ozkaynaklar;toplam_borc;net_borc;nakit;toplam_aktif,toplam_borc;net_borc;ebitda;ihracat_orani;piyasa_degeri;pb;roe;roa;ev;ev_ebitda;fcf_verim
MGROS.IS,2021Q3,2021-09-30,XI_29,isyatirim_pit,,,2026-09-07T22:36:49.501759768,,,2021-11-15,APPROXIMATE_FIXED_LAG,UNKNOWN,UNKNOWN,data\raw\isyatirim_cache\MGROS_2021_XI_29.json,satislar;ebitda;op_gelir;net_kar;cfo;fcf;ozkaynaklar;toplam_borc;net_borc;nakit;toplam_aktif,toplam_borc;net_borc;ebitda;ihracat_orani;piyasa_degeri;pb;roe;roa;ev;ev_ebitda;fcf_verim
MGROS.IS,2021Q4,2021-12-31,XI_29,isyatirim_pit,,,2026-09-07T22:36:49.501759768,,,2022-03-15,APPROXIMATE_FIXED_LAG,UNKNOWN,UNKNOWN,data\raw\isyatirim_cache\MGROS_2021_XI_29.json,satislar;ebitda;op_gelir;net_kar;cfo;fcf;ozkaynaklar;toplam_borc;net_borc;nakit;toplam_aktif,toplam_borc;net_borc;ebitda;ihracat_orani;piyasa_degeri;pb;roe;roa;ev;ev_ebitda;fcf_verim
MGROS.IS,2022Q1,2022-03-31,XI_29,isyatirim_pit,,,2026-09-07T22:36:49.633318663,,,2022-05-15,APPROXIMATE_FIXED_LAG,UNKNOWN,UNKNOWN,data\raw\isyatirim_cache\MGROS_2022_XI_29.json,satislar;ebitda;op_gelir;net_kar;cfo;fcf;ozkaynaklar;toplam_borc;net_borc;nakit;toplam_aktif,toplam_borc;net_borc;ebitda;ihracat_orani;piyasa_degeri;pb;roe;roa;ev;ev_ebitda;fcf_verim
MGROS.IS,2022Q2,2022-06-30,XI_29,isyatirim_pit,,,2026-09-07T22:36:49.633318663,,,2022-08-15,APPROXIMATE_FIXED_LAG,UNKNOWN,UNKNOWN,data\raw\isyatirim_cache\MGROS_2022_XI_29.json,satislar;ebitda;op_gelir;net_kar;cfo;fcf;ozkaynaklar;toplam_borc;net_borc;nakit;toplam_aktif,toplam_borc;net_borc;ebitda;ihracat_orani;piyasa_degeri;pb;roe;roa;ev;ev_ebitda;fcf_verim
MGROS.IS,2022Q3,2022-09-30,XI_29,isyatirim_pit,,,2026-09-07T22:36:49.633318663,,,2022-11-15,APPROXIMATE_FIXED_LAG,UNKNOWN,UNKNOWN,data\raw\isyatirim_cache\MGROS_2022_XI_29.json,satislar;ebitda;op_gelir;net_kar;cfo;fcf;ozkaynaklar;toplam_borc;net_borc;nakit;toplam_aktif,toplam_borc;net_borc;ebitda;ihracat_orani;piyasa_degeri;pb;roe;roa;ev;ev_ebitda;fcf_verim
MGROS.IS,2022Q4,2022-12-31,XI_29,isyatirim_pit,,,2026-09-07T22:36:49.633318663,,,2023-03-15,APPROXIMATE_FIXED_LAG,UNKNOWN,UNKNOWN,data\raw\isyatirim_cache\MGROS_2022_XI_29.json,satislar;ebitda;op_gelir;net_kar;cfo;fcf;ozkaynaklar;toplam_borc;net_borc;nakit;toplam_aktif,toplam_borc;net_borc;ebitda;ihracat_orani;piyasa_degeri;pb;roe;roa;ev;ev_ebitda;fcf_verim
MGROS.IS,2023Q1,2023-03-31,XI_29,isyatirim_pit,,,2026-09-07T22:36:49.763789892,,,2023-05-15,APPROXIMATE_FIXED_LAG,UNKNOWN,UNKNOWN,data\raw\isyatirim_cache\MGROS_2023_XI_29.json,satislar;ebitda;op_gelir;net_kar;cfo;fcf;ozkaynaklar;toplam_borc;net_borc;nakit;toplam_aktif,toplam_borc;net_borc;ebitda;ihracat_orani;piyasa_degeri;pb;roe;roa;ev;ev_ebitda;fcf_verim
MGROS.IS,2023Q2,2023-06-30,XI_29,isyatirim_pit,,,2026-09-07T22:36:49.763789892,,,2023-08-15,APPROXIMATE_FIXED_LAG,UNKNOWN,UNKNOWN,data\raw\isyatirim_cache\MGROS_2023_XI_29.json,satislar;ebitda;op_gelir;net_kar;cfo;fcf;ozkaynaklar;toplam_borc;net_borc;nakit;toplam_aktif,toplam_borc;net_borc;ebitda;ihracat_orani;piyasa_degeri;pb;roe;roa;ev;ev_ebitda;fcf_verim
MGROS.IS,2023Q3,2023-09-30,XI_29,isyatirim_pit,,,2026-09-07T22:36:49.763789892,,,2023-11-15,APPROXIMATE_FIXED_LAG,UNKNOWN,UNKNOWN,data\raw\isyatirim_cache\MGROS_2023_XI_29.json,satislar;ebitda;op_gelir;net_kar;cfo;fcf;ozkaynaklar;toplam_borc;net_borc;nakit;toplam_aktif,toplam_borc;net_borc;ebitda;ihracat_orani;piyasa_degeri;pb;roe;roa;ev;ev_ebitda;fcf_verim
MGROS.IS,2023Q4,2023-12-31,XI_29,isyatirim_pit,,,2026-09-07T22:36:49.763789892,,,2024-03-15,APPROXIMATE_FIXED_LAG,UNKNOWN,UNKNOWN,data\raw\isyatirim_cache\MGROS_2023_XI_29.json,satislar;ebitda;op_gelir;net_kar;cfo;fcf;ozkaynaklar;toplam_borc;net_borc;nakit;toplam_aktif,toplam_borc;net_borc;ebitda;ihracat_orani;piyasa_degeri;pb;roe;roa;ev;ev_ebitda;fcf_verim
MGROS.IS,2024Q1,2024-03-31,XI_29,isyatirim_pit,,,2026-09-07T22:36:49.850822926,,,2024-05-15,APPROXIMATE_FIXED_LAG,UNKNOWN,UNKNOWN,data\raw\isyatirim_cache\MGROS_2024_XI_29.json,satislar;ebitda;op_gelir;net_kar;cfo;fcf;ozkaynaklar;toplam_borc;net_borc;nakit;toplam_aktif,toplam_borc;net_borc;ebitda;ihracat_orani;piyasa_degeri;pb;roe;roa;ev;ev_ebitda;fcf_verim
MGROS.IS,2024Q2,2024-06-30,XI_29,isyatirim_pit,,,2026-09-07T22:36:49.850822926,,,2024-08-15,APPROXIMATE_FIXED_LAG,UNKNOWN,UNKNOWN,data\raw\isyatirim_cache\MGROS_2024_XI_29.json,satislar;ebitda;op_gelir;net_kar;cfo;fcf;ozkaynaklar;toplam_borc;net_borc;nakit;toplam_aktif,toplam_borc;net_borc;ebitda;ihracat_orani;piyasa_degeri;pb;roe;roa;ev;ev_ebitda;fcf_verim
MGROS.IS,2024Q3,2024-09-30,XI_29,isyatirim_pit,,,2026-09-07T22:36:49.850822926,,,2024-11-15,APPROXIMATE_FIXED_LAG,UNKNOWN,UNKNOWN,data\raw\isyatirim_cache\MGROS_2024_XI_29.json,satislar;ebitda;op_gelir;net_kar;cfo;fcf;ozkaynaklar;toplam_borc;net_borc;nakit;toplam_aktif,toplam_borc;net_borc;ebitda;ihracat_orani;piyasa_degeri;pb;roe;roa;ev;ev_ebitda;fcf_verim
MGROS.IS,2024Q4,2024-12-31,XI_29,isyatirim_pit,,,2026-09-07T22:36:49.850822926,,,2025-03-15,APPROXIMATE_FIXED_LAG,UNKNOWN,UNKNOWN,data\raw\isyatirim_cache\MGROS_2024_XI_29.json,satislar;ebitda;op_gelir;net_kar;cfo;fcf;ozkaynaklar;toplam_borc;net_borc;nakit;toplam_aktif,toplam_borc;net_borc;ebitda;ihracat_orani;piyasa_degeri;pb;roe;roa;ev;ev_ebitda;fcf_verim
MGROS.IS,2025Q1,2025-03-31,XI_29,isyatirim_pit,,,2026-09-07T22:36:49.977154493,,,2025-05-15,APPROXIMATE_FIXED_LAG,UNKNOWN,UNKNOWN,data\raw\isyatirim_cache\MGROS_2025_XI_29.json,satislar;ebitda;op_gelir;net_kar;cfo;fcf;ozkaynaklar;toplam_borc;net_borc;nakit;toplam_aktif,toplam_borc;net_borc;ebitda;ihracat_orani;piyasa_degeri;pb;roe;roa;ev;ev_ebitda;fcf_verim
MGROS.IS,2025Q2,2025-06-30,XI_29,isyatirim_pit,,,2026-09-07T22:36:49.977154493,,,2025-08-15,APPROXIMATE_FIXED_LAG,UNKNOWN,UNKNOWN,data\raw\isyatirim_cache\MGROS_2025_XI_29.json,satislar;ebitda;op_gelir;net_kar;cfo;fcf;ozkaynaklar;toplam_borc;net_borc;nakit;toplam_aktif,toplam_borc;net_borc;ebitda;ihracat_orani;piyasa_degeri;pb;roe;roa;ev;ev_ebitda;fcf_verim
MGROS.IS,2025Q3,2025-09-30,XI_29,isyatirim_pit,,,2026-09-07T22:36:49.977154493,,,2025-11-15,APPROXIMATE_FIXED_LAG,UNKNOWN,UNKNOWN,data\raw\isyatirim_cache\MGROS_2025_XI_29.json,satislar;ebitda;op_gelir;net_kar;cfo;fcf;ozkaynaklar;toplam_borc;net_borc;nakit;toplam_aktif,toplam_borc;net_borc;ebitda;ihracat_orani;piyasa_degeri;pb;roe;roa;ev;ev_ebitda;fcf_verim
MGROS.IS,2025Q4,2025-12-31,XI_29,isyatirim_pit,,,2026-09-07T22:36:49.977154493,,,2026-03-15,APPROXIMATE_FIXED_LAG,UNKNOWN,UNKNOWN,data\raw\isyatirim_cache\MGROS_2025_XI_29.json,satislar;ebitda;op_gelir;net_kar;cfo;fcf;ozkaynaklar;toplam_borc;net_borc;nakit;toplam_aktif,toplam_borc;net_borc;ebitda;ihracat_orani;piyasa_degeri;pb;roe;roa;ev;ev_ebitda;fcf_verim
MGROS.IS,2026Q1,2026-03-31,XI_29,isyatirim_pit,,,2026-09-07T22:36:50.111255407,,,2026-05-15,APPROXIMATE_FIXED_LAG,UNKNOWN,UNKNOWN,data\raw\isyatirim_cache\MGROS_2026_XI_29.json,satislar;ebitda;op_gelir;net_kar;cfo;fcf;ozkaynaklar;toplam_borc;net_borc;nakit;toplam_aktif,toplam_borc;net_borc;ebitda;ihracat_orani;piyasa_degeri;pb;roe;roa;ev;ev_ebitda;fcf_verim
MGROS.IS,2026Q2,2026-06-30,XI_29,isyatirim_pit,,,2026-09-07T22:36:50.111255407,,,2026-08-15,APPROXIMATE_FIXED_LAG,UNKNOWN,UNKNOWN,data\raw\isyatirim_cache\MGROS_2026_XI_29.json,satislar;ebitda;op_gelir;net_kar;cfo;fcf;ozkaynaklar;toplam_borc;net_borc;nakit;toplam_aktif,toplam_borc;net_borc;ebitda;ihracat_orani;piyasa_degeri;pb;roe;roa;ev;ev_ebitda;fcf_verim
MIATK.IS,2018Q4,2018-12-31,XI_29,isyatirim_pit,,,2026-09-07T22:37:26.393687963,,,2019-03-15,APPROXIMATE_FIXED_LAG,UNKNOWN,UNKNOWN,data\raw\isyatirim_cache\MIATK_2018_XI_29.json,satislar;ebitda;op_gelir;net_kar;cfo;fcf;ozkaynaklar;toplam_borc;net_borc;nakit;toplam_aktif,toplam_borc;net_borc;ebitda;ihracat_orani;piyasa_degeri;pb;roe;roa;ev;ev_ebitda;fcf_verim
MIATK.IS,2019Q4,2019-12-31,XI_29,isyatirim_pit,,,2026-09-07T22:37:26.550786495,,,2020-03-15,APPROXIMATE_FIXED_LAG,UNKNOWN,UNKNOWN,data\raw\isyatirim_cache\MIATK_2019_XI_29.json,satislar;ebitda;op_gelir;net_kar;cfo;fcf;ozkaynaklar;toplam_borc;net_borc;nakit;toplam_aktif,toplam_borc;net_borc;ebitda;ihracat_orani;piyasa_degeri;pb;roe;roa;ev;ev_ebitda;fcf_verim
MIATK.IS,2020Q2,2020-06-30,XI_29,isyatirim_pit,,,2026-09-07T22:37:26.721114159,,,2020-08-15,APPROXIMATE_FIXED_LAG,UNKNOWN,UNKNOWN,data\raw\isyatirim_cache\MIATK_2020_XI_29.json,satislar;ebitda;op_gelir;net_kar;cfo;fcf;ozkaynaklar;toplam_borc;net_borc;nakit;toplam_aktif,toplam_borc;net_borc;ebitda;ihracat_orani;piyasa_degeri;pb;roe;roa;ev;ev_ebitda;fcf_verim
MIATK.IS,2020Q3,2020-09-30,XI_29,isyatirim_pit,,,2026-09-07T22:37:26.721114159,,,2020-11-15,APPROXIMATE_FIXED_LAG,UNKNOWN,UNKNOWN,data\raw\isyatirim_cache\MIATK_2020_XI_29.json,satislar;ebitda;op_gelir;net_kar;cfo;fcf;ozkaynaklar;toplam_borc;net_borc;nakit;toplam_aktif,toplam_borc;net_borc;ebitda;ihracat_orani;piyasa_degeri;pb;roe;roa;ev;ev_ebitda;fcf_verim
MIATK.IS,2020Q4,2020-12-31,XI_29,isyatirim_pit,,,2026-09-07T22:37:26.721114159,,,2021-03-15,APPROXIMATE_FIXED_LAG,UNKNOWN,UNKNOWN,data\raw\isyatirim_cache\MIATK_2020_XI_29.json,satislar;ebitda;op_gelir;net_kar;cfo;fcf;ozkaynaklar;toplam_borc;net_borc;nakit;toplam_aktif,toplam_borc;net_borc;ebitda;ihracat_orani;piyasa_degeri;pb;roe;roa;ev;ev_ebitda;fcf_verim
MIATK.IS,2021Q1,2021-03-31,XI_29,isyatirim_pit,,,2026-09-07T22:37:26.852031708,,,2021-05-15,APPROXIMATE_FIXED_LAG,UNKNOWN,UNKNOWN,data\raw\isyatirim_cache\MIATK_2021_XI_29.json,satislar;ebitda;op_gelir;net_kar;cfo;fcf;ozkaynaklar;toplam_borc;net_borc;nakit;toplam_aktif,toplam_borc;net_borc;ebitda;ihracat_orani;piyasa_degeri;pb;roe;roa;ev;ev_ebitda;fcf_verim
MIATK.IS,2021Q2,2021-06-30,XI_29,isyatirim_pit,,,2026-09-07T22:37:26.852031708,,,2021-08-15,APPROXIMATE_FIXED_LAG,UNKNOWN,UNKNOWN,data\raw\isyatirim_cache\MIATK_2021_XI_29.json,satislar;ebitda;op_gelir;net_kar;cfo;fcf;ozkaynaklar;toplam_borc;net_borc;nakit;toplam_aktif,toplam_borc;net_borc;ebitda;ihracat_orani;piyasa_degeri;pb;roe;roa;ev;ev_ebitda;fcf_verim
MIATK.IS,2021Q3,2021-09-30,XI_29,isyatirim_pit,,,2026-09-07T22:37:26.852031708,,,2021-11-15,APPROXIMATE_FIXED_LAG,UNKNOWN,UNKNOWN,data\raw\isyatirim_cache\MIATK_2021_XI_29.json,satislar;ebitda;op_gelir;net_kar;cfo;fcf;ozkaynaklar;toplam_borc;net_borc;nakit;toplam_aktif,toplam_borc;net_borc;ebitda;ihracat_orani;piyasa_degeri;pb;roe;roa;ev;ev_ebitda;fcf_verim
MIATK.IS,2021Q4,2021-12-31,XI_29,isyatirim_pit,,,2026-09-07T22:37:26.852031708,,,2022-03-15,APPROXIMATE_FIXED_LAG,UNKNOWN,UNKNOWN,data\raw\isyatirim_cache\MIATK_2021_XI_29.json,satislar;ebitda;op_gelir;net_kar;cfo;fcf;ozkaynaklar;toplam_borc;net_borc;nakit;toplam_aktif,toplam_borc;net_borc;ebitda;ihracat_orani;piyasa_degeri;pb;roe;roa;ev;ev_ebitda;fcf_verim
MIATK.IS,2022Q1,2022-03-31,XI_29,isyatirim_pit,,,2026-09-07T22:37:26.983642817,,,2022-05-15,APPROXIMATE_FIXED_LAG,UNKNOWN,UNKNOWN,data\raw\isyatirim_cache\MIATK_2022_XI_29.json,satislar;ebitda;op_gelir;net_kar;cfo;fcf;ozkaynaklar;toplam_borc;net_borc;nakit;toplam_aktif,toplam_borc;net_borc;ebitda;ihracat_orani;piyasa_degeri;pb;roe;roa;ev;ev_ebitda;fcf_verim
MIATK.IS,2022Q2,2022-06-30,XI_29,isyatirim_pit,,,2026-09-07T22:37:26.983642817,,,2022-08-15,APPROXIMATE_FIXED_LAG,UNKNOWN,UNKNOWN,data\raw\isyatirim_cache\MIATK_2022_XI_29.json,satislar;ebitda;op_gelir;net_kar;cfo;fcf;ozkaynaklar;toplam_borc;net_borc;nakit;toplam_aktif,toplam_borc;net_borc;ebitda;ihracat_orani;piyasa_degeri;pb;roe;roa;ev;ev_ebitda;fcf_verim
MIATK.IS,2022Q3,2022-09-30,XI_29,isyatirim_pit,,,2026-09-07T22:37:26.983642817,,,2022-11-15,APPROXIMATE_FIXED_LAG,UNKNOWN,UNKNOWN,data\raw\isyatirim_cache\MIATK_2022_XI_29.json,satislar;ebitda;op_gelir;net_kar;cfo;fcf;ozkaynaklar;toplam_borc;net_borc;nakit;toplam_aktif,toplam_borc;net_borc;ebitda;ihracat_orani;piyasa_degeri;pb;roe;roa;ev;ev_ebitda;fcf_verim
MIATK.IS,2022Q4,2022-12-31,XI_29,isyatirim_pit,,,2026-09-07T22:37:26.983642817,,,2023-03-15,APPROXIMATE_FIXED_LAG,UNKNOWN,UNKNOWN,data\raw\isyatirim_cache\MIATK_2022_XI_29.json,satislar;ebitda;op_gelir;net_kar;cfo;fcf;ozkaynaklar;toplam_borc;net_borc;nakit;toplam_aktif,toplam_borc;net_borc;ebitda;ihracat_orani;piyasa_degeri;pb;roe;roa;ev;ev_ebitda;fcf_verim
MIATK.IS,2023Q1,2023-03-31,XI_29,isyatirim_pit,,,2026-09-07T22:37:27.110823393,,,2023-05-15,APPROXIMATE_FIXED_LAG,UNKNOWN,UNKNOWN,data\raw\isyatirim_cache\MIATK_2023_XI_29.json,satislar;ebitda;op_gelir;net_kar;cfo;fcf;ozkaynaklar;toplam_borc;net_borc;nakit;toplam_aktif,toplam_borc;net_borc;ebitda;ihracat_orani;piyasa_degeri;pb;roe;roa;ev;ev_ebitda;fcf_verim
MIATK.IS,2023Q2,2023-06-30,XI_29,isyatirim_pit,,,2026-09-07T22:37:27.110823393,,,2023-08-15,APPROXIMATE_FIXED_LAG,UNKNOWN,UNKNOWN,data\raw\isyatirim_cache\MIATK_2023_XI_29.json,satislar;ebitda;op_gelir;net_kar;cfo;fcf;ozkaynaklar;toplam_borc;net_borc;nakit;toplam_aktif,toplam_borc;net_borc;ebitda;ihracat_orani;piyasa_degeri;pb;roe;roa;ev;ev_ebitda;fcf_verim
MIATK.IS,2023Q3,2023-09-30,XI_29,isyatirim_pit,,,2026-09-07T22:37:27.110823393,,,2023-11-15,APPROXIMATE_FIXED_LAG,UNKNOWN,UNKNOWN,data\raw\isyatirim_cache\MIATK_2023_XI_29.json,satislar;ebitda;op_gelir;net_kar;cfo;fcf;ozkaynaklar;toplam_borc;net_borc;nakit;toplam_aktif,toplam_borc;net_borc;ebitda;ihracat_orani;piyasa_degeri;pb;roe;roa;ev;ev_ebitda;fcf_verim
MIATK.IS,2023Q4,2023-12-31,XI_29,isyatirim_pit,,,2026-09-07T22:37:27.110823393,,,2024-03-15,APPROXIMATE_FIXED_LAG,UNKNOWN,UNKNOWN,data\raw\isyatirim_cache\MIATK_2023_XI_29.json,satislar;ebitda;op_gelir;net_kar;cfo;fcf;ozkaynaklar;toplam_borc;net_borc;nakit;toplam_aktif,toplam_borc;net_borc;ebitda;ihracat_orani;piyasa_degeri;pb;roe;roa;ev;ev_ebitda;fcf_verim
MIATK.IS,2024Q1,2024-03-31,XI_29,isyatirim_pit,,,2026-09-07T22:37:27.198544979,,,2024-05-15,APPROXIMATE_FIXED_LAG,UNKNOWN,UNKNOWN,data\raw\isyatirim_cache\MIATK_2024_XI_29.json,satislar;ebitda;op_gelir;net_kar;cfo;fcf;ozkaynaklar;toplam_borc;net_borc;nakit;toplam_aktif,toplam_borc;net_borc;ebitda;ihracat_orani;piyasa_degeri;pb;roe;roa;ev;ev_ebitda;fcf_verim
MIATK.IS,2024Q2,2024-06-30,XI_29,isyatirim_pit,,,2026-09-07T22:37:27.198544979,,,2024-08-15,APPROXIMATE_FIXED_LAG,UNKNOWN,UNKNOWN,data\raw\isyatirim_cache\MIATK_2024_XI_29.json,satislar;ebitda;op_gelir;net_kar;cfo;fcf;ozkaynaklar;toplam_borc;net_borc;nakit;toplam_aktif,toplam_borc;net_borc;ebitda;ihracat_orani;piyasa_degeri;pb;roe;roa;ev;ev_ebitda;fcf_verim
MIATK.IS,2024Q3,2024-09-30,XI_29,isyatirim_pit,,,2026-09-07T22:37:27.198544979,,,2024-11-15,APPROXIMATE_FIXED_LAG,UNKNOWN,UNKNOWN,data\raw\isyatirim_cache\MIATK_2024_XI_29.json,satislar;ebitda;op_gelir;net_kar;cfo;fcf;ozkaynaklar;toplam_borc;net_borc;nakit;toplam_aktif,toplam_borc;net_borc;ebitda;ihracat_orani;piyasa_degeri;pb;roe;roa;ev;ev_ebitda;fcf_verim
MIATK.IS,2024Q4,2024-12-31,XI_29,isyatirim_pit,,,2026-09-07T22:37:27.198544979,,,2025-03-15,APPROXIMATE_FIXED_LAG,UNKNOWN,UNKNOWN,data\raw\isyatirim_cache\MIATK_2024_XI_29.json,satislar;ebitda;op_gelir;net_kar;cfo;fcf;ozkaynaklar;toplam_borc;net_borc;nakit;toplam_aktif,toplam_borc;net_borc;ebitda;ihracat_orani;piyasa_degeri;pb;roe;roa;ev;ev_ebitda;fcf_verim
MIATK.IS,2025Q1,2025-03-31,XI_29,isyatirim_pit,,,2026-09-07T22:37:27.329617023,,,2025-05-15,APPROXIMATE_FIXED_LAG,UNKNOWN,UNKNOWN,data\raw\isyatirim_cache\MIATK_2025_XI_29.json,satislar;ebitda;op_gelir;net_kar;cfo;fcf;ozkaynaklar;toplam_borc;net_borc;nakit;toplam_aktif,toplam_borc;net_borc;ebitda;ihracat_orani;piyasa_degeri;pb;roe;roa;ev;ev_ebitda;fcf_verim
MIATK.IS,2025Q2,2025-06-30,XI_29,isyatirim_pit,,,2026-09-07T22:37:27.329617023,,,2025-08-15,APPROXIMATE_FIXED_LAG,UNKNOWN,UNKNOWN,data\raw\isyatirim_cache\MIATK_2025_XI_29.json,satislar;ebitda;op_gelir;net_kar;cfo;fcf;ozkaynaklar;toplam_borc;net_borc;nakit;toplam_aktif,toplam_borc;net_borc;ebitda;ihracat_orani;piyasa_degeri;pb;roe;roa;ev;ev_ebitda;fcf_verim
MIATK.IS,2025Q3,2025-09-30,XI_29,isyatirim_pit,,,2026-09-07T22:37:27.329617023,,,2025-11-15,APPROXIMATE_FIXED_LAG,UNKNOWN,UNKNOWN,data\raw\isyatirim_cache\MIATK_2025_XI_29.json,satislar;ebitda;op_gelir;net_kar;cfo;fcf;ozkaynaklar;toplam_borc;net_borc;nakit;toplam_aktif,toplam_borc;net_borc;ebitda;ihracat_orani;piyasa_degeri;pb;roe;roa;ev;ev_ebitda;fcf_verim
MIATK.IS,2025Q4,2025-12-31,XI_29,isyatirim_pit,,,2026-09-07T22:37:27.329617023,,,2026-03-15,APPROXIMATE_FIXED_LAG,UNKNOWN,UNKNOWN,data\raw\isyatirim_cache\MIATK_2025_XI_29.json,satislar;ebitda;op_gelir;net_kar;cfo;fcf;ozkaynaklar;toplam_borc;net_borc;nakit;toplam_aktif,toplam_borc;net_borc;ebitda;ihracat_orani;piyasa_degeri;pb;roe;roa;ev;ev_ebitda;fcf_verim
MIATK.IS,2026Q1,2026-03-31,XI_29,isyatirim_pit,,,2026-09-07T22:37:27.499384642,,,2026-05-15,APPROXIMATE_FIXED_LAG,UNKNOWN,UNKNOWN,data\raw\isyatirim_cache\MIATK_2026_XI_29.json,satislar;ebitda;op_gelir;net_kar;cfo;fcf;ozkaynaklar;toplam_borc;net_borc;nakit;toplam_aktif,toplam_borc;net_borc;ebitda;ihracat_orani;piyasa_degeri;pb;roe;roa;ev;ev_ebitda;fcf_verim
MIATK.IS,2026Q2,2026-06-30,XI_29,isyatirim_pit,,,2026-09-07T22:37:27.499384642,,,2026-08-15,APPROXIMATE_FIXED_LAG,UNKNOWN,UNKNOWN,data\raw\isyatirim_cache\MIATK_2026_XI_29.json,satislar;ebitda;op_gelir;net_kar;cfo;fcf;ozkaynaklar;toplam_borc;net_borc;nakit;toplam_aktif,toplam_borc;net_borc;ebitda;ihracat_orani;piyasa_degeri;pb;roe;roa;ev;ev_ebitda;fcf_verim
MOGAN.IS,2020Q4,2020-12-31,XI_29,isyatirim_pit,,,2026-09-07T22:37:27.990722895,,,2021-03-15,APPROXIMATE_FIXED_LAG,UNKNOWN,UNKNOWN,data\raw\isyatirim_cache\MOGAN_2020_XI_29.json,satislar;ebitda;op_gelir;net_kar;cfo;fcf;ozkaynaklar;toplam_borc;net_borc;nakit;toplam_aktif,toplam_borc;net_borc;ebitda;ihracat_orani;piyasa_degeri;pb;roe;roa;ev;ev_ebitda;fcf_verim
MOGAN.IS,2021Q4,2021-12-31,XI_29,isyatirim_pit,,,2026-09-07T22:37:28.125321388,,,2022-03-15,APPROXIMATE_FIXED_LAG,UNKNOWN,UNKNOWN,data\raw\isyatirim_cache\MOGAN_2021_XI_29.json,satislar;ebitda;op_gelir;net_kar;cfo;fcf;ozkaynaklar;toplam_borc;net_borc;nakit;toplam_aktif,toplam_borc;net_borc;ebitda;ihracat_orani;piyasa_degeri;pb;roe;roa;ev;ev_ebitda;fcf_verim
MOGAN.IS,2022Q3,2022-09-30,XI_29,isyatirim_pit,,,2026-09-07T22:37:28.288299322,,,2022-11-15,APPROXIMATE_FIXED_LAG,UNKNOWN,UNKNOWN,data\raw\isyatirim_cache\MOGAN_2022_XI_29.json,satislar;ebitda;op_gelir;net_kar;cfo;fcf;ozkaynaklar;toplam_borc;net_borc;nakit;toplam_aktif,toplam_borc;net_borc;ebitda;ihracat_orani;piyasa_degeri;pb;roe;roa;ev;ev_ebitda;fcf_verim
MOGAN.IS,2022Q4,2022-12-31,XI_29,isyatirim_pit,,,2026-09-07T22:37:28.288299322,,,2023-03-15,APPROXIMATE_FIXED_LAG,UNKNOWN,UNKNOWN,data\raw\isyatirim_cache\MOGAN_2022_XI_29.json,satislar;ebitda;op_gelir;net_kar;cfo;fcf;ozkaynaklar;toplam_borc;net_borc;nakit;toplam_aktif,toplam_borc;net_borc;ebitda;ihracat_orani;piyasa_degeri;pb;roe;roa;ev;ev_ebitda;fcf_verim
MOGAN.IS,2023Q1,2023-03-31,XI_29,isyatirim_pit,,,2026-09-07T22:37:28.418566465,,,2023-05-15,APPROXIMATE_FIXED_LAG,UNKNOWN,UNKNOWN,data\raw\isyatirim_cache\MOGAN_2023_XI_29.json,satislar;ebitda;op_gelir;net_kar;cfo;fcf;ozkaynaklar;toplam_borc;net_borc;nakit;toplam_aktif,toplam_borc;net_borc;ebitda;ihracat_orani;piyasa_degeri;pb;roe;roa;ev;ev_ebitda;fcf_verim
MOGAN.IS,2023Q2,2023-06-30,XI_29,isyatirim_pit,,,2026-09-07T22:37:28.418566465,,,2023-08-15,APPROXIMATE_FIXED_LAG,UNKNOWN,UNKNOWN,data\raw\isyatirim_cache\MOGAN_2023_XI_29.json,satislar;ebitda;op_gelir;net_kar;cfo;fcf;ozkaynaklar;toplam_borc;net_borc;nakit;toplam_aktif,toplam_borc;net_borc;ebitda;ihracat_orani;piyasa_degeri;pb;roe;roa;ev;ev_ebitda;fcf_verim
MOGAN.IS,2023Q3,2023-09-30,XI_29,isyatirim_pit,,,2026-09-07T22:37:28.418566465,,,2023-11-15,APPROXIMATE_FIXED_LAG,UNKNOWN,UNKNOWN,data\raw\isyatirim_cache\MOGAN_2023_XI_29.json,satislar;ebitda;op_gelir;net_kar;cfo;fcf;ozkaynaklar;toplam_borc;net_borc;nakit;toplam_aktif,toplam_borc;net_borc;ebitda;ihracat_orani;piyasa_degeri;pb;roe;roa;ev;ev_ebitda;fcf_verim
MOGAN.IS,2023Q4,2023-12-31,XI_29,isyatirim_pit,,,2026-09-07T22:37:28.418566465,,,2024-03-15,APPROXIMATE_FIXED_LAG,UNKNOWN,UNKNOWN,data\raw\isyatirim_cache\MOGAN_2023_XI_29.json,satislar;ebitda;op_gelir;net_kar;cfo;fcf;ozkaynaklar;toplam_borc;net_borc;nakit;toplam_aktif,toplam_borc;net_borc;ebitda;ihracat_orani;piyasa_degeri;pb;roe;roa;ev;ev_ebitda;fcf_verim
MOGAN.IS,2024Q1,2024-03-31,XI_29,isyatirim_pit,,,2026-09-07T22:37:28.511851072,,,2024-05-15,APPROXIMATE_FIXED_LAG,UNKNOWN,UNKNOWN,data\raw\isyatirim_cache\MOGAN_2024_XI_29.json,satislar;ebitda;op_gelir;net_kar;cfo;fcf;ozkaynaklar;toplam_borc;net_borc;nakit;toplam_aktif,toplam_borc;net_borc;ebitda;ihracat_orani;piyasa_degeri;pb;roe;roa;ev;ev_ebitda;fcf_verim
MOGAN.IS,2024Q2,2024-06-30,XI_29,isyatirim_pit,,,2026-09-07T22:37:28.511851072,,,2024-08-15,APPROXIMATE_FIXED_LAG,UNKNOWN,UNKNOWN,data\raw\isyatirim_cache\MOGAN_2024_XI_29.json,satislar;ebitda;op_gelir;net_kar;cfo;fcf;ozkaynaklar;toplam_borc;net_borc;nakit;toplam_aktif,toplam_borc;net_borc;ebitda;ihracat_orani;piyasa_degeri;pb;roe;roa;ev;ev_ebitda;fcf_verim
MOGAN.IS,2024Q3,2024-09-30,XI_29,isyatirim_pit,,,2026-09-07T22:37:28.511851072,,,2024-11-15,APPROXIMATE_FIXED_LAG,UNKNOWN,UNKNOWN,data\raw\isyatirim_cache\MOGAN_2024_XI_29.json,satislar;ebitda;op_gelir;net_kar;cfo;fcf;ozkaynaklar;toplam_borc;net_borc;nakit;toplam_aktif,toplam_borc;net_borc;ebitda;ihracat_orani;piyasa_degeri;pb;roe;roa;ev;ev_ebitda;fcf_verim
MOGAN.IS,2024Q4,2024-12-31,XI_29,isyatirim_pit,,,2026-09-07T22:37:28.511851072,,,2025-03-15,APPROXIMATE_FIXED_LAG,UNKNOWN,UNKNOWN,data\raw\isyatirim_cache\MOGAN_2024_XI_29.json,satislar;ebitda;op_gelir;net_kar;cfo;fcf;ozkaynaklar;toplam_borc;net_borc;nakit;toplam_aktif,toplam_borc;net_borc;ebitda;ihracat_orani;piyasa_degeri;pb;roe;roa;ev;ev_ebitda;fcf_verim
MOGAN.IS,2025Q1,2025-03-31,XI_29,isyatirim_pit,,,2026-09-07T22:37:28.670916319,,,2025-05-15,APPROXIMATE_FIXED_LAG,UNKNOWN,UNKNOWN,data\raw\isyatirim_cache\MOGAN_2025_XI_29.json,satislar;ebitda;op_gelir;net_kar;cfo;fcf;ozkaynaklar;toplam_borc;net_borc;nakit;toplam_aktif,toplam_borc;net_borc;ebitda;ihracat_orani;piyasa_degeri;pb;roe;roa;ev;ev_ebitda;fcf_verim
MOGAN.IS,2025Q2,2025-06-30,XI_29,isyatirim_pit,,,2026-09-07T22:37:28.670916319,,,2025-08-15,APPROXIMATE_FIXED_LAG,UNKNOWN,UNKNOWN,data\raw\isyatirim_cache\MOGAN_2025_XI_29.json,satislar;ebitda;op_gelir;net_kar;cfo;fcf;ozkaynaklar;toplam_borc;net_borc;nakit;toplam_aktif,toplam_borc;net_borc;ebitda;ihracat_orani;piyasa_degeri;pb;roe;roa;ev;ev_ebitda;fcf_verim
MOGAN.IS,2025Q3,2025-09-30,XI_29,isyatirim_pit,,,2026-09-07T22:37:28.670916319,,,2025-11-15,APPROXIMATE_FIXED_LAG,UNKNOWN,UNKNOWN,data\raw\isyatirim_cache\MOGAN_2025_XI_29.json,satislar;ebitda;op_gelir;net_kar;cfo;fcf;ozkaynaklar;toplam_borc;net_borc;nakit;toplam_aktif,toplam_borc;net_borc;ebitda;ihracat_orani;piyasa_degeri;pb;roe;roa;ev;ev_ebitda;fcf_verim
MOGAN.IS,2025Q4,2025-12-31,XI_29,isyatirim_pit,,,2026-09-07T22:37:28.670916319,,,2026-03-15,APPROXIMATE_FIXED_LAG,UNKNOWN,UNKNOWN,data\raw\isyatirim_cache\MOGAN_2025_XI_29.json,satislar;ebitda;op_gelir;net_kar;cfo;fcf;ozkaynaklar;toplam_borc;net_borc;nakit;toplam_aktif,toplam_borc;net_borc;ebitda;ihracat_orani;piyasa_degeri;pb;roe;roa;ev;ev_ebitda;fcf_verim
MOGAN.IS,2026Q1,2026-03-31,XI_29,isyatirim_pit,,,2026-09-07T22:37:28.824790239,,,2026-05-15,APPROXIMATE_FIXED_LAG,UNKNOWN,UNKNOWN,data\raw\isyatirim_cache\MOGAN_2026_XI_29.json,satislar;ebitda;op_gelir;net_kar;cfo;fcf;ozkaynaklar;toplam_borc;net_borc;nakit;toplam_aktif,toplam_borc;net_borc;ebitda;ihracat_orani;piyasa_degeri;pb;roe;roa;ev;ev_ebitda;fcf_verim
MOGAN.IS,2026Q2,2026-06-30,XI_29,isyatirim_pit,,,2026-09-07T22:37:28.824790239,,,2026-08-15,APPROXIMATE_FIXED_LAG,UNKNOWN,UNKNOWN,data\raw\isyatirim_cache\MOGAN_2026_XI_29.json,satislar;ebitda;op_gelir;net_kar;cfo;fcf;ozkaynaklar;toplam_borc;net_borc;nakit;toplam_aktif,toplam_borc;net_borc;ebitda;ihracat_orani;piyasa_degeri;pb;roe;roa;ev;ev_ebitda;fcf_verim
MTRKS.IS,2018Q4,2018-12-31,XI_29,isyatirim_pit,,,2026-09-07T22:37:24.518508434,,,2019-03-15,APPROXIMATE_FIXED_LAG,UNKNOWN,UNKNOWN,data\raw\isyatirim_cache\MTRKS_2018_XI_29.json,satislar;ebitda;op_gelir;net_kar;cfo;fcf;ozkaynaklar;toplam_borc;net_borc;nakit;toplam_aktif,toplam_borc;net_borc;ebitda;ihracat_orani;piyasa_degeri;pb;roe;roa;ev;ev_ebitda;fcf_verim
MTRKS.IS,2019Q4,2019-12-31,XI_29,isyatirim_pit,,,2026-09-07T22:37:24.752822161,,,2020-03-15,APPROXIMATE_FIXED_LAG,UNKNOWN,UNKNOWN,data\raw\isyatirim_cache\MTRKS_2019_XI_29.json,satislar;ebitda;op_gelir;net_kar;cfo;fcf;ozkaynaklar;toplam_borc;net_borc;nakit;toplam_aktif,toplam_borc;net_borc;ebitda;ihracat_orani;piyasa_degeri;pb;roe;roa;ev;ev_ebitda;fcf_verim
MTRKS.IS,2020Q1,2020-03-31,XI_29,isyatirim_pit,,,2026-09-07T22:37:24.949424982,,,2020-05-15,APPROXIMATE_FIXED_LAG,UNKNOWN,UNKNOWN,data\raw\isyatirim_cache\MTRKS_2020_XI_29.json,satislar;ebitda;op_gelir;net_kar;cfo;fcf;ozkaynaklar;toplam_borc;net_borc;nakit;toplam_aktif,toplam_borc;net_borc;ebitda;ihracat_orani;piyasa_degeri;pb;roe;roa;ev;ev_ebitda;fcf_verim
MTRKS.IS,2020Q2,2020-06-30,XI_29,isyatirim_pit,,,2026-09-07T22:37:24.949424982,,,2020-08-15,APPROXIMATE_FIXED_LAG,UNKNOWN,UNKNOWN,data\raw\isyatirim_cache\MTRKS_2020_XI_29.json,satislar;ebitda;op_gelir;net_kar;cfo;fcf;ozkaynaklar;toplam_borc;net_borc;nakit;toplam_aktif,toplam_borc;net_borc;ebitda;ihracat_orani;piyasa_degeri;pb;roe;roa;ev;ev_ebitda;fcf_verim
MTRKS.IS,2020Q3,2020-09-30,XI_29,isyatirim_pit,,,2026-09-07T22:37:24.949424982,,,2020-11-15,APPROXIMATE_FIXED_LAG,UNKNOWN,UNKNOWN,data\raw\isyatirim_cache\MTRKS_2020_XI_29.json,satislar;ebitda;op_gelir;net_kar;cfo;fcf;ozkaynaklar;toplam_borc;net_borc;nakit;toplam_aktif,toplam_borc;net_borc;ebitda;ihracat_orani;piyasa_degeri;pb;roe;roa;ev;ev_ebitda;fcf_verim
MTRKS.IS,2020Q4,2020-12-31,XI_29,isyatirim_pit,,,2026-09-07T22:37:24.949424982,,,2021-03-15,APPROXIMATE_FIXED_LAG,UNKNOWN,UNKNOWN,data\raw\isyatirim_cache\MTRKS_2020_XI_29.json,satislar;ebitda;op_gelir;net_kar;cfo;fcf;ozkaynaklar;toplam_borc;net_borc;nakit;toplam_aktif,toplam_borc;net_borc;ebitda;ihracat_orani;piyasa_degeri;pb;roe;roa;ev;ev_ebitda;fcf_verim
MTRKS.IS,2021Q1,2021-03-31,XI_29,isyatirim_pit,,,2026-09-07T22:37:25.077258110,,,2021-05-15,APPROXIMATE_FIXED_LAG,UNKNOWN,UNKNOWN,data\raw\isyatirim_cache\MTRKS_2021_XI_29.json,satislar;ebitda;op_gelir;net_kar;cfo;fcf;ozkaynaklar;toplam_borc;net_borc;nakit;toplam_aktif,toplam_borc;net_borc;ebitda;ihracat_orani;piyasa_degeri;pb;roe;roa;ev;ev_ebitda;fcf_verim
MTRKS.IS,2021Q2,2021-06-30,XI_29,isyatirim_pit,,,2026-09-07T22:37:25.077258110,,,2021-08-15,APPROXIMATE_FIXED_LAG,UNKNOWN,UNKNOWN,data\raw\isyatirim_cache\MTRKS_2021_XI_29.json,satislar;ebitda;op_gelir;net_kar;cfo;fcf;ozkaynaklar;toplam_borc;net_borc;nakit;toplam_aktif,toplam_borc;net_borc;ebitda;ihracat_orani;piyasa_degeri;pb;roe;roa;ev;ev_ebitda;fcf_verim
MTRKS.IS,2021Q3,2021-09-30,XI_29,isyatirim_pit,,,2026-09-07T22:37:25.077258110,,,2021-11-15,APPROXIMATE_FIXED_LAG,UNKNOWN,UNKNOWN,data\raw\isyatirim_cache\MTRKS_2021_XI_29.json,satislar;ebitda;op_gelir;net_kar;cfo;fcf;ozkaynaklar;toplam_borc;net_borc;nakit;toplam_aktif,toplam_borc;net_borc;ebitda;ihracat_orani;piyasa_degeri;pb;roe;roa;ev;ev_ebitda;fcf_verim
MTRKS.IS,2021Q4,2021-12-31,XI_29,isyatirim_pit,,,2026-09-07T22:37:25.077258110,,,2022-03-15,APPROXIMATE_FIXED_LAG,UNKNOWN,UNKNOWN,data\raw\isyatirim_cache\MTRKS_2021_XI_29.json,satislar;ebitda;op_gelir;net_kar;cfo;fcf;ozkaynaklar;toplam_borc;net_borc;nakit;toplam_aktif,toplam_borc;net_borc;ebitda;ihracat_orani;piyasa_degeri;pb;roe;roa;ev;ev_ebitda;fcf_verim
MTRKS.IS,2022Q1,2022-03-31,XI_29,isyatirim_pit,,,2026-09-07T22:37:25.233517408,,,2022-05-15,APPROXIMATE_FIXED_LAG,UNKNOWN,UNKNOWN,data\raw\isyatirim_cache\MTRKS_2022_XI_29.json,satislar;ebitda;op_gelir;net_kar;cfo;fcf;ozkaynaklar;toplam_borc;net_borc;nakit;toplam_aktif,toplam_borc;net_borc;ebitda;ihracat_orani;piyasa_degeri;pb;roe;roa;ev;ev_ebitda;fcf_verim
MTRKS.IS,2022Q2,2022-06-30,XI_29,isyatirim_pit,,,2026-09-07T22:37:25.233517408,,,2022-08-15,APPROXIMATE_FIXED_LAG,UNKNOWN,UNKNOWN,data\raw\isyatirim_cache\MTRKS_2022_XI_29.json,satislar;ebitda;op_gelir;net_kar;cfo;fcf;ozkaynaklar;toplam_borc;net_borc;nakit;toplam_aktif,toplam_borc;net_borc;ebitda;ihracat_orani;piyasa_degeri;pb;roe;roa;ev;ev_ebitda;fcf_verim
MTRKS.IS,2022Q3,2022-09-30,XI_29,isyatirim_pit,,,2026-09-07T22:37:25.233517408,,,2022-11-15,APPROXIMATE_FIXED_LAG,UNKNOWN,UNKNOWN,data\raw\isyatirim_cache\MTRKS_2022_XI_29.json,satislar;ebitda;op_gelir;net_kar;cfo;fcf;ozkaynaklar;toplam_borc;net_borc;nakit;toplam_aktif,toplam_borc;net_borc;ebitda;ihracat_orani;piyasa_degeri;pb;roe;roa;ev;ev_ebitda;fcf_verim
MTRKS.IS,2022Q4,2022-12-31,XI_29,isyatirim_pit,,,2026-09-07T22:37:25.233517408,,,2023-03-15,APPROXIMATE_FIXED_LAG,UNKNOWN,UNKNOWN,data\raw\isyatirim_cache\MTRKS_2022_XI_29.json,satislar;ebitda;op_gelir;net_kar;cfo;fcf;ozkaynaklar;toplam_borc;net_borc;nakit;toplam_aktif,toplam_borc;net_borc;ebitda;ihracat_orani;piyasa_degeri;pb;roe;roa;ev;ev_ebitda;fcf_verim
MTRKS.IS,2023Q1,2023-03-31,XI_29,isyatirim_pit,,,2026-09-07T22:37:25.356189489,,,2023-05-15,APPROXIMATE_FIXED_LAG,UNKNOWN,UNKNOWN,data\raw\isyatirim_cache\MTRKS_2023_XI_29.json,satislar;ebitda;op_gelir;net_kar;cfo;fcf;ozkaynaklar;toplam_borc;net_borc;nakit;toplam_aktif,toplam_borc;net_borc;ebitda;ihracat_orani;piyasa_degeri;pb;roe;roa;ev;ev_ebitda;fcf_verim
MTRKS.IS,2023Q2,2023-06-30,XI_29,isyatirim_pit,,,2026-09-07T22:37:25.356189489,,,2023-08-15,APPROXIMATE_FIXED_LAG,UNKNOWN,UNKNOWN,data\raw\isyatirim_cache\MTRKS_2023_XI_29.json,satislar;ebitda;op_gelir;net_kar;cfo;fcf;ozkaynaklar;toplam_borc;net_borc;nakit;toplam_aktif,toplam_borc;net_borc;ebitda;ihracat_orani;piyasa_degeri;pb;roe;roa;ev;ev_ebitda;fcf_verim
MTRKS.IS,2023Q3,2023-09-30,XI_29,isyatirim_pit,,,2026-09-07T22:37:25.356189489,,,2023-11-15,APPROXIMATE_FIXED_LAG,UNKNOWN,UNKNOWN,data\raw\isyatirim_cache\MTRKS_2023_XI_29.json,satislar;ebitda;op_gelir;net_kar;cfo;fcf;ozkaynaklar;toplam_borc;net_borc;nakit;toplam_aktif,toplam_borc;net_borc;ebitda;ihracat_orani;piyasa_degeri;pb;roe;roa;ev;ev_ebitda;fcf_verim
MTRKS.IS,2023Q4,2023-12-31,XI_29,isyatirim_pit,,,2026-09-07T22:37:25.356189489,,,2024-03-15,APPROXIMATE_FIXED_LAG,UNKNOWN,UNKNOWN,data\raw\isyatirim_cache\MTRKS_2023_XI_29.json,satislar;ebitda;op_gelir;net_kar;cfo;fcf;ozkaynaklar;toplam_borc;net_borc;nakit;toplam_aktif,toplam_borc;net_borc;ebitda;ihracat_orani;piyasa_degeri;pb;roe;roa;ev;ev_ebitda;fcf_verim
MTRKS.IS,2024Q1,2024-03-31,XI_29,isyatirim_pit,,,2026-09-07T22:37:25.440625668,,,2024-05-15,APPROXIMATE_FIXED_LAG,UNKNOWN,UNKNOWN,data\raw\isyatirim_cache\MTRKS_2024_XI_29.json,satislar;ebitda;op_gelir;net_kar;cfo;fcf;ozkaynaklar;toplam_borc;net_borc;nakit;toplam_aktif,toplam_borc;net_borc;ebitda;ihracat_orani;piyasa_degeri;pb;roe;roa;ev;ev_ebitda;fcf_verim
MTRKS.IS,2024Q2,2024-06-30,XI_29,isyatirim_pit,,,2026-09-07T22:37:25.440625668,,,2024-08-15,APPROXIMATE_FIXED_LAG,UNKNOWN,UNKNOWN,data\raw\isyatirim_cache\MTRKS_2024_XI_29.json,satislar;ebitda;op_gelir;net_kar;cfo;fcf;ozkaynaklar;toplam_borc;net_borc;nakit;toplam_aktif,toplam_borc;net_borc;ebitda;ihracat_orani;piyasa_degeri;pb;roe;roa;ev;ev_ebitda;fcf_verim
MTRKS.IS,2024Q3,2024-09-30,XI_29,isyatirim_pit,,,2026-09-07T22:37:25.440625668,,,2024-11-15,APPROXIMATE_FIXED_LAG,UNKNOWN,UNKNOWN,data\raw\isyatirim_cache\MTRKS_2024_XI_29.json,satislar;ebitda;op_gelir;net_kar;cfo;fcf;ozkaynaklar;toplam_borc;net_borc;nakit;toplam_aktif,toplam_borc;net_borc;ebitda;ihracat_orani;piyasa_degeri;pb;roe;roa;ev;ev_ebitda;fcf_verim
MTRKS.IS,2024Q4,2024-12-31,XI_29,isyatirim_pit,,,2026-09-07T22:37:25.440625668,,,2025-03-15,APPROXIMATE_FIXED_LAG,UNKNOWN,UNKNOWN,data\raw\isyatirim_cache\MTRKS_2024_XI_29.json,satislar;ebitda;op_gelir;net_kar;cfo;fcf;ozkaynaklar;toplam_borc;net_borc;nakit;toplam_aktif,toplam_borc;net_borc;ebitda;ihracat_orani;piyasa_degeri;pb;roe;roa;ev;ev_ebitda;fcf_verim
MTRKS.IS,2025Q1,2025-03-31,XI_29,isyatirim_pit,,,2026-09-07T22:37:25.570569992,,,2025-05-15,APPROXIMATE_FIXED_LAG,UNKNOWN,UNKNOWN,data\raw\isyatirim_cache\MTRKS_2025_XI_29.json,satislar;ebitda;op_gelir;net_kar;cfo;fcf;ozkaynaklar;toplam_borc;net_borc;nakit;toplam_aktif,toplam_borc;net_borc;ebitda;ihracat_orani;piyasa_degeri;pb;roe;roa;ev;ev_ebitda;fcf_verim
MTRKS.IS,2025Q2,2025-06-30,XI_29,isyatirim_pit,,,2026-09-07T22:37:25.570569992,,,2025-08-15,APPROXIMATE_FIXED_LAG,UNKNOWN,UNKNOWN,data\raw\isyatirim_cache\MTRKS_2025_XI_29.json,satislar;ebitda;op_gelir;net_kar;cfo;fcf;ozkaynaklar;toplam_borc;net_borc;nakit;toplam_aktif,toplam_borc;net_borc;ebitda;ihracat_orani;piyasa_degeri;pb;roe;roa;ev;ev_ebitda;fcf_verim
MTRKS.IS,2025Q3,2025-09-30,XI_29,isyatirim_pit,,,2026-09-07T22:37:25.570569992,,,2025-11-15,APPROXIMATE_FIXED_LAG,UNKNOWN,UNKNOWN,data\raw\isyatirim_cache\MTRKS_2025_XI_29.json,satislar;ebitda;op_gelir;net_kar;cfo;fcf;ozkaynaklar;toplam_borc;net_borc;nakit;toplam_aktif,toplam_borc;net_borc;ebitda;ihracat_orani;piyasa_degeri;pb;roe;roa;ev;ev_ebitda;fcf_verim
MTRKS.IS,2025Q4,2025-12-31,XI_29,isyatirim_pit,,,2026-09-07T22:37:25.570569992,,,2026-03-15,APPROXIMATE_FIXED_LAG,UNKNOWN,UNKNOWN,data\raw\isyatirim_cache\MTRKS_2025_XI_29.json,satislar;ebitda;op_gelir;net_kar;cfo;fcf;ozkaynaklar;toplam_borc;net_borc;nakit;toplam_aktif,toplam_borc;net_borc;ebitda;ihracat_orani;piyasa_degeri;pb;roe;roa;ev;ev_ebitda;fcf_verim
MTRKS.IS,2026Q1,2026-03-31,XI_29,isyatirim_pit,,,2026-09-07T22:37:25.708442688,,,2026-05-15,APPROXIMATE_FIXED_LAG,UNKNOWN,UNKNOWN,data\raw\isyatirim_cache\MTRKS_2026_XI_29.json,satislar;ebitda;op_gelir;net_kar;cfo;fcf;ozkaynaklar;toplam_borc;net_borc;nakit;toplam_aktif,toplam_borc;net_borc;ebitda;ihracat_orani;piyasa_degeri;pb;roe;roa;ev;ev_ebitda;fcf_verim
MTRKS.IS,2026Q2,2026-06-30,XI_29,isyatirim_pit,,,2026-09-07T22:37:25.708442688,,,2026-08-15,APPROXIMATE_FIXED_LAG,UNKNOWN,UNKNOWN,data\raw\isyatirim_cache\MTRKS_2026_XI_29.json,satislar;ebitda;op_gelir;net_kar;cfo;fcf;ozkaynaklar;toplam_borc;net_borc;nakit;toplam_aktif,toplam_borc;net_borc;ebitda;ihracat_orani;piyasa_degeri;pb;roe;roa;ev;ev_ebitda;fcf_verim
ODAS.IS,2018Q1,2018-03-31,XI_29,isyatirim_pit,,,2026-09-07T22:37:32.296898603,,,2018-05-15,APPROXIMATE_FIXED_LAG,UNKNOWN,UNKNOWN,data\raw\isyatirim_cache\ODAS_2018_XI_29.json,satislar;ebitda;op_gelir;net_kar;cfo;fcf;ozkaynaklar;toplam_borc;net_borc;nakit;toplam_aktif,toplam_borc;net_borc;ebitda;ihracat_orani;piyasa_degeri;pb;roe;roa;ev;ev_ebitda;fcf_verim
ODAS.IS,2018Q2,2018-06-30,XI_29,isyatirim_pit,,,2026-09-07T22:37:32.296898603,,,2018-08-15,APPROXIMATE_FIXED_LAG,UNKNOWN,UNKNOWN,data\raw\isyatirim_cache\ODAS_2018_XI_29.json,satislar;ebitda;op_gelir;net_kar;cfo;fcf;ozkaynaklar;toplam_borc;net_borc;nakit;toplam_aktif,toplam_borc;net_borc;ebitda;ihracat_orani;piyasa_degeri;pb;roe;roa;ev;ev_ebitda;fcf_verim
ODAS.IS,2018Q3,2018-09-30,XI_29,isyatirim_pit,,,2026-09-07T22:37:32.296898603,,,2018-11-15,APPROXIMATE_FIXED_LAG,UNKNOWN,UNKNOWN,data\raw\isyatirim_cache\ODAS_2018_XI_29.json,satislar;ebitda;op_gelir;net_kar;cfo;fcf;ozkaynaklar;toplam_borc;net_borc;nakit;toplam_aktif,toplam_borc;net_borc;ebitda;ihracat_orani;piyasa_degeri;pb;roe;roa;ev;ev_ebitda;fcf_verim
ODAS.IS,2018Q4,2018-12-31,XI_29,isyatirim_pit,,,2026-09-07T22:37:32.296898603,,,2019-03-15,APPROXIMATE_FIXED_LAG,UNKNOWN,UNKNOWN,data\raw\isyatirim_cache\ODAS_2018_XI_29.json,satislar;ebitda;op_gelir;net_kar;cfo;fcf;ozkaynaklar;toplam_borc;net_borc;nakit;toplam_aktif,toplam_borc;net_borc;ebitda;ihracat_orani;piyasa_degeri;pb;roe;roa;ev;ev_ebitda;fcf_verim
ODAS.IS,2019Q1,2019-03-31,XI_29,isyatirim_pit,,,2026-09-07T22:37:32.428551197,,,2019-05-15,APPROXIMATE_FIXED_LAG,UNKNOWN,UNKNOWN,data\raw\isyatirim_cache\ODAS_2019_XI_29.json,satislar;ebitda;op_gelir;net_kar;cfo;fcf;ozkaynaklar;toplam_borc;net_borc;nakit;toplam_aktif,toplam_borc;net_borc;ebitda;ihracat_orani;piyasa_degeri;pb;roe;roa;ev;ev_ebitda;fcf_verim
ODAS.IS,2019Q2,2019-06-30,XI_29,isyatirim_pit,,,2026-09-07T22:37:32.428551197,,,2019-08-15,APPROXIMATE_FIXED_LAG,UNKNOWN,UNKNOWN,data\raw\isyatirim_cache\ODAS_2019_XI_29.json,satislar;ebitda;op_gelir;net_kar;cfo;fcf;ozkaynaklar;toplam_borc;net_borc;nakit;toplam_aktif,toplam_borc;net_borc;ebitda;ihracat_orani;piyasa_degeri;pb;roe;roa;ev;ev_ebitda;fcf_verim
ODAS.IS,2019Q3,2019-09-30,XI_29,isyatirim_pit,,,2026-09-07T22:37:32.428551197,,,2019-11-15,APPROXIMATE_FIXED_LAG,UNKNOWN,UNKNOWN,data\raw\isyatirim_cache\ODAS_2019_XI_29.json,satislar;ebitda;op_gelir;net_kar;cfo;fcf;ozkaynaklar;toplam_borc;net_borc;nakit;toplam_aktif,toplam_borc;net_borc;ebitda;ihracat_orani;piyasa_degeri;pb;roe;roa;ev;ev_ebitda;fcf_verim
ODAS.IS,2019Q4,2019-12-31,XI_29,isyatirim_pit,,,2026-09-07T22:37:32.428551197,,,2020-03-15,APPROXIMATE_FIXED_LAG,UNKNOWN,UNKNOWN,data\raw\isyatirim_cache\ODAS_2019_XI_29.json,satislar;ebitda;op_gelir;net_kar;cfo;fcf;ozkaynaklar;toplam_borc;net_borc;nakit;toplam_aktif,toplam_borc;net_borc;ebitda;ihracat_orani;piyasa_degeri;pb;roe;roa;ev;ev_ebitda;fcf_verim
ODAS.IS,2020Q1,2020-03-31,XI_29,isyatirim_pit,,,2026-09-07T22:37:32.557273388,,,2020-05-15,APPROXIMATE_FIXED_LAG,UNKNOWN,UNKNOWN,data\raw\isyatirim_cache\ODAS_2020_XI_29.json,satislar;ebitda;op_gelir;net_kar;cfo;fcf;ozkaynaklar;toplam_borc;net_borc;nakit;toplam_aktif,toplam_borc;net_borc;ebitda;ihracat_orani;piyasa_degeri;pb;roe;roa;ev;ev_ebitda;fcf_verim
ODAS.IS,2020Q2,2020-06-30,XI_29,isyatirim_pit,,,2026-09-07T22:37:32.557273388,,,2020-08-15,APPROXIMATE_FIXED_LAG,UNKNOWN,UNKNOWN,data\raw\isyatirim_cache\ODAS_2020_XI_29.json,satislar;ebitda;op_gelir;net_kar;cfo;fcf;ozkaynaklar;toplam_borc;net_borc;nakit;toplam_aktif,toplam_borc;net_borc;ebitda;ihracat_orani;piyasa_degeri;pb;roe;roa;ev;ev_ebitda;fcf_verim
ODAS.IS,2020Q3,2020-09-30,XI_29,isyatirim_pit,,,2026-09-07T22:37:32.557273388,,,2020-11-15,APPROXIMATE_FIXED_LAG,UNKNOWN,UNKNOWN,data\raw\isyatirim_cache\ODAS_2020_XI_29.json,satislar;ebitda;op_gelir;net_kar;cfo;fcf;ozkaynaklar;toplam_borc;net_borc;nakit;toplam_aktif,toplam_borc;net_borc;ebitda;ihracat_orani;piyasa_degeri;pb;roe;roa;ev;ev_ebitda;fcf_verim
ODAS.IS,2020Q4,2020-12-31,XI_29,isyatirim_pit,,,2026-09-07T22:37:32.557273388,,,2021-03-15,APPROXIMATE_FIXED_LAG,UNKNOWN,UNKNOWN,data\raw\isyatirim_cache\ODAS_2020_XI_29.json,satislar;ebitda;op_gelir;net_kar;cfo;fcf;ozkaynaklar;toplam_borc;net_borc;nakit;toplam_aktif,toplam_borc;net_borc;ebitda;ihracat_orani;piyasa_degeri;pb;roe;roa;ev;ev_ebitda;fcf_verim
ODAS.IS,2021Q1,2021-03-31,XI_29,isyatirim_pit,,,2026-09-07T22:37:32.688835859,,,2021-05-15,APPROXIMATE_FIXED_LAG,UNKNOWN,UNKNOWN,data\raw\isyatirim_cache\ODAS_2021_XI_29.json,satislar;ebitda;op_gelir;net_kar;cfo;fcf;ozkaynaklar;toplam_borc;net_borc;nakit;toplam_aktif,toplam_borc;net_borc;ebitda;ihracat_orani;piyasa_degeri;pb;roe;roa;ev;ev_ebitda;fcf_verim
ODAS.IS,2021Q2,2021-06-30,XI_29,isyatirim_pit,,,2026-09-07T22:37:32.688835859,,,2021-08-15,APPROXIMATE_FIXED_LAG,UNKNOWN,UNKNOWN,data\raw\isyatirim_cache\ODAS_2021_XI_29.json,satislar;ebitda;op_gelir;net_kar;cfo;fcf;ozkaynaklar;toplam_borc;net_borc;nakit;toplam_aktif,toplam_borc;net_borc;ebitda;ihracat_orani;piyasa_degeri;pb;roe;roa;ev;ev_ebitda;fcf_verim
ODAS.IS,2021Q3,2021-09-30,XI_29,isyatirim_pit,,,2026-09-07T22:37:32.688835859,,,2021-11-15,APPROXIMATE_FIXED_LAG,UNKNOWN,UNKNOWN,data\raw\isyatirim_cache\ODAS_2021_XI_29.json,satislar;ebitda;op_gelir;net_kar;cfo;fcf;ozkaynaklar;toplam_borc;net_borc;nakit;toplam_aktif,toplam_borc;net_borc;ebitda;ihracat_orani;piyasa_degeri;pb;roe;roa;ev;ev_ebitda;fcf_verim
ODAS.IS,2021Q4,2021-12-31,XI_29,isyatirim_pit,,,2026-09-07T22:37:32.688835859,,,2022-03-15,APPROXIMATE_FIXED_LAG,UNKNOWN,UNKNOWN,data\raw\isyatirim_cache\ODAS_2021_XI_29.json,satislar;ebitda;op_gelir;net_kar;cfo;fcf;ozkaynaklar;toplam_borc;net_borc;nakit;toplam_aktif,toplam_borc;net_borc;ebitda;ihracat_orani;piyasa_degeri;pb;roe;roa;ev;ev_ebitda;fcf_verim
ODAS.IS,2022Q1,2022-03-31,XI_29,isyatirim_pit,,,2026-09-07T22:37:32.820512772,,,2022-05-15,APPROXIMATE_FIXED_LAG,UNKNOWN,UNKNOWN,data\raw\isyatirim_cache\ODAS_2022_XI_29.json,satislar;ebitda;op_gelir;net_kar;cfo;fcf;ozkaynaklar;toplam_borc;net_borc;nakit;toplam_aktif,toplam_borc;net_borc;ebitda;ihracat_orani;piyasa_degeri;pb;roe;roa;ev;ev_ebitda;fcf_verim
ODAS.IS,2022Q2,2022-06-30,XI_29,isyatirim_pit,,,2026-09-07T22:37:32.820512772,,,2022-08-15,APPROXIMATE_FIXED_LAG,UNKNOWN,UNKNOWN,data\raw\isyatirim_cache\ODAS_2022_XI_29.json,satislar;ebitda;op_gelir;net_kar;cfo;fcf;ozkaynaklar;toplam_borc;net_borc;nakit;toplam_aktif,toplam_borc;net_borc;ebitda;ihracat_orani;piyasa_degeri;pb;roe;roa;ev;ev_ebitda;fcf_verim
ODAS.IS,2022Q3,2022-09-30,XI_29,isyatirim_pit,,,2026-09-07T22:37:32.820512772,,,2022-11-15,APPROXIMATE_FIXED_LAG,UNKNOWN,UNKNOWN,data\raw\isyatirim_cache\ODAS_2022_XI_29.json,satislar;ebitda;op_gelir;net_kar;cfo;fcf;ozkaynaklar;toplam_borc;net_borc;nakit;toplam_aktif,toplam_borc;net_borc;ebitda;ihracat_orani;piyasa_degeri;pb;roe;roa;ev;ev_ebitda;fcf_verim
ODAS.IS,2022Q4,2022-12-31,XI_29,isyatirim_pit,,,2026-09-07T22:37:32.820512772,,,2023-03-15,APPROXIMATE_FIXED_LAG,UNKNOWN,UNKNOWN,data\raw\isyatirim_cache\ODAS_2022_XI_29.json,satislar;ebitda;op_gelir;net_kar;cfo;fcf;ozkaynaklar;toplam_borc;net_borc;nakit;toplam_aktif,toplam_borc;net_borc;ebitda;ihracat_orani;piyasa_degeri;pb;roe;roa;ev;ev_ebitda;fcf_verim
ODAS.IS,2023Q1,2023-03-31,XI_29,isyatirim_pit,,,2026-09-07T22:37:32.958573103,,,2023-05-15,APPROXIMATE_FIXED_LAG,UNKNOWN,UNKNOWN,data\raw\isyatirim_cache\ODAS_2023_XI_29.json,satislar;ebitda;op_gelir;net_kar;cfo;fcf;ozkaynaklar;toplam_borc;net_borc;nakit;toplam_aktif,toplam_borc;net_borc;ebitda;ihracat_orani;piyasa_degeri;pb;roe;roa;ev;ev_ebitda;fcf_verim
ODAS.IS,2023Q2,2023-06-30,XI_29,isyatirim_pit,,,2026-09-07T22:37:32.958573103,,,2023-08-15,APPROXIMATE_FIXED_LAG,UNKNOWN,UNKNOWN,data\raw\isyatirim_cache\ODAS_2023_XI_29.json,satislar;ebitda;op_gelir;net_kar;cfo;fcf;ozkaynaklar;toplam_borc;net_borc;nakit;toplam_aktif,toplam_borc;net_borc;ebitda;ihracat_orani;piyasa_degeri;pb;roe;roa;ev;ev_ebitda;fcf_verim
ODAS.IS,2023Q3,2023-09-30,XI_29,isyatirim_pit,,,2026-09-07T22:37:32.958573103,,,2023-11-15,APPROXIMATE_FIXED_LAG,UNKNOWN,UNKNOWN,data\raw\isyatirim_cache\ODAS_2023_XI_29.json,satislar;ebitda;op_gelir;net_kar;cfo;fcf;ozkaynaklar;toplam_borc;net_borc;nakit;toplam_aktif,toplam_borc;net_borc;ebitda;ihracat_orani;piyasa_degeri;pb;roe;roa;ev;ev_ebitda;fcf_verim
ODAS.IS,2023Q4,2023-12-31,XI_29,isyatirim_pit,,,2026-09-07T22:37:32.958573103,,,2024-03-15,APPROXIMATE_FIXED_LAG,UNKNOWN,UNKNOWN,data\raw\isyatirim_cache\ODAS_2023_XI_29.json,satislar;ebitda;op_gelir;net_kar;cfo;fcf;ozkaynaklar;toplam_borc;net_borc;nakit;toplam_aktif,toplam_borc;net_borc;ebitda;ihracat_orani;piyasa_degeri;pb;roe;roa;ev;ev_ebitda;fcf_verim
ODAS.IS,2024Q1,2024-03-31,XI_29,isyatirim_pit,,,2026-09-07T22:37:33.049578190,,,2024-05-15,APPROXIMATE_FIXED_LAG,UNKNOWN,UNKNOWN,data\raw\isyatirim_cache\ODAS_2024_XI_29.json,satislar;ebitda;op_gelir;net_kar;cfo;fcf;ozkaynaklar;toplam_borc;net_borc;nakit;toplam_aktif,toplam_borc;net_borc;ebitda;ihracat_orani;piyasa_degeri;pb;roe;roa;ev;ev_ebitda;fcf_verim
ODAS.IS,2024Q2,2024-06-30,XI_29,isyatirim_pit,,,2026-09-07T22:37:33.049578190,,,2024-08-15,APPROXIMATE_FIXED_LAG,UNKNOWN,UNKNOWN,data\raw\isyatirim_cache\ODAS_2024_XI_29.json,satislar;ebitda;op_gelir;net_kar;cfo;fcf;ozkaynaklar;toplam_borc;net_borc;nakit;toplam_aktif,toplam_borc;net_borc;ebitda;ihracat_orani;piyasa_degeri;pb;roe;roa;ev;ev_ebitda;fcf_verim
ODAS.IS,2024Q3,2024-09-30,XI_29,isyatirim_pit,,,2026-09-07T22:37:33.049578190,,,2024-11-15,APPROXIMATE_FIXED_LAG,UNKNOWN,UNKNOWN,data\raw\isyatirim_cache\ODAS_2024_XI_29.json,satislar;ebitda;op_gelir;net_kar;cfo;fcf;ozkaynaklar;toplam_borc;net_borc;nakit;toplam_aktif,toplam_borc;net_borc;ebitda;ihracat_orani;piyasa_degeri;pb;roe;roa;ev;ev_ebitda;fcf_verim
ODAS.IS,2024Q4,2024-12-31,XI_29,isyatirim_pit,,,2026-09-07T22:37:33.049578190,,,2025-03-15,APPROXIMATE_FIXED_LAG,UNKNOWN,UNKNOWN,data\raw\isyatirim_cache\ODAS_2024_XI_29.json,satislar;ebitda;op_gelir;net_kar;cfo;fcf;ozkaynaklar;toplam_borc;net_borc;nakit;toplam_aktif,toplam_borc;net_borc;ebitda;ihracat_orani;piyasa_degeri;pb;roe;roa;ev;ev_ebitda;fcf_verim
ODAS.IS,2025Q1,2025-03-31,XI_29,isyatirim_pit,,,2026-09-07T22:37:33.189316988,,,2025-05-15,APPROXIMATE_FIXED_LAG,UNKNOWN,UNKNOWN,data\raw\isyatirim_cache\ODAS_2025_XI_29.json,satislar;ebitda;op_gelir;net_kar;cfo;fcf;ozkaynaklar;toplam_borc;net_borc;nakit;toplam_aktif,toplam_borc;net_borc;ebitda;ihracat_orani;piyasa_degeri;pb;roe;roa;ev;ev_ebitda;fcf_verim
ODAS.IS,2025Q2,2025-06-30,XI_29,isyatirim_pit,,,2026-09-07T22:37:33.189316988,,,2025-08-15,APPROXIMATE_FIXED_LAG,UNKNOWN,UNKNOWN,data\raw\isyatirim_cache\ODAS_2025_XI_29.json,satislar;ebitda;op_gelir;net_kar;cfo;fcf;ozkaynaklar;toplam_borc;net_borc;nakit;toplam_aktif,toplam_borc;net_borc;ebitda;ihracat_orani;piyasa_degeri;pb;roe;roa;ev;ev_ebitda;fcf_verim
ODAS.IS,2025Q3,2025-09-30,XI_29,isyatirim_pit,,,2026-09-07T22:37:33.189316988,,,2025-11-15,APPROXIMATE_FIXED_LAG,UNKNOWN,UNKNOWN,data\raw\isyatirim_cache\ODAS_2025_XI_29.json,satislar;ebitda;op_gelir;net_kar;cfo;fcf;ozkaynaklar;toplam_borc;net_borc;nakit;toplam_aktif,toplam_borc;net_borc;ebitda;ihracat_orani;piyasa_degeri;pb;roe;roa;ev;ev_ebitda;fcf_verim
ODAS.IS,2025Q4,2025-12-31,XI_29,isyatirim_pit,,,2026-09-07T22:37:33.189316988,,,2026-03-15,APPROXIMATE_FIXED_LAG,UNKNOWN,UNKNOWN,data\raw\isyatirim_cache\ODAS_2025_XI_29.json,satislar;ebitda;op_gelir;net_kar;cfo;fcf;ozkaynaklar;toplam_borc;net_borc;nakit;toplam_aktif,toplam_borc;net_borc;ebitda;ihracat_orani;piyasa_degeri;pb;roe;roa;ev;ev_ebitda;fcf_verim
ODAS.IS,2026Q1,2026-03-31,XI_29,isyatirim_pit,,,2026-09-07T22:37:33.329545498,,,2026-05-15,APPROXIMATE_FIXED_LAG,UNKNOWN,UNKNOWN,data\raw\isyatirim_cache\ODAS_2026_XI_29.json,satislar;ebitda;op_gelir;net_kar;cfo;fcf;ozkaynaklar;toplam_borc;net_borc;nakit;toplam_aktif,toplam_borc;net_borc;ebitda;ihracat_orani;piyasa_degeri;pb;roe;roa;ev;ev_ebitda;fcf_verim
ODAS.IS,2026Q2,2026-06-30,XI_29,isyatirim_pit,,,2026-09-07T22:37:33.329545498,,,2026-08-15,APPROXIMATE_FIXED_LAG,UNKNOWN,UNKNOWN,data\raw\isyatirim_cache\ODAS_2026_XI_29.json,satislar;ebitda;op_gelir;net_kar;cfo;fcf;ozkaynaklar;toplam_borc;net_borc;nakit;toplam_aktif,toplam_borc;net_borc;ebitda;ihracat_orani;piyasa_degeri;pb;roe;roa;ev;ev_ebitda;fcf_verim
ONCSM.IS,2019Q4,2019-12-31,XI_29,isyatirim_pit,,,2026-09-07T22:37:31.450653791,,,2020-03-15,APPROXIMATE_FIXED_LAG,UNKNOWN,UNKNOWN,data\raw\isyatirim_cache\ONCSM_2019_XI_29.json,satislar;ebitda;op_gelir;net_kar;cfo;fcf;ozkaynaklar;toplam_borc;net_borc;nakit;toplam_aktif,toplam_borc;net_borc;ebitda;ihracat_orani;piyasa_degeri;pb;roe;roa;ev;ev_ebitda;fcf_verim
ONCSM.IS,2020Q4,2020-12-31,XI_29,isyatirim_pit,,,2026-09-07T22:37:31.620417118,,,2021-03-15,APPROXIMATE_FIXED_LAG,UNKNOWN,UNKNOWN,data\raw\isyatirim_cache\ONCSM_2020_XI_29.json,satislar;ebitda;op_gelir;net_kar;cfo;fcf;ozkaynaklar;toplam_borc;net_borc;nakit;toplam_aktif,toplam_borc;net_borc;ebitda;ihracat_orani;piyasa_degeri;pb;roe;roa;ev;ev_ebitda;fcf_verim
ONCSM.IS,2021Q3,2021-09-30,XI_29,isyatirim_pit,,,2026-09-07T22:37:31.752021074,,,2021-11-15,APPROXIMATE_FIXED_LAG,UNKNOWN,UNKNOWN,data\raw\isyatirim_cache\ONCSM_2021_XI_29.json,satislar;ebitda;op_gelir;net_kar;cfo;fcf;ozkaynaklar;toplam_borc;net_borc;nakit;toplam_aktif,toplam_borc;net_borc;ebitda;ihracat_orani;piyasa_degeri;pb;roe;roa;ev;ev_ebitda;fcf_verim
ONCSM.IS,2021Q4,2021-12-31,XI_29,isyatirim_pit,,,2026-09-07T22:37:31.752021074,,,2022-03-15,APPROXIMATE_FIXED_LAG,UNKNOWN,UNKNOWN,data\raw\isyatirim_cache\ONCSM_2021_XI_29.json,satislar;ebitda;op_gelir;net_kar;cfo;fcf;ozkaynaklar;toplam_borc;net_borc;nakit;toplam_aktif,toplam_borc;net_borc;ebitda;ihracat_orani;piyasa_degeri;pb;roe;roa;ev;ev_ebitda;fcf_verim
ONCSM.IS,2022Q1,2022-03-31,XI_29,isyatirim_pit,,,2026-09-07T22:37:31.884011030,,,2022-05-15,APPROXIMATE_FIXED_LAG,UNKNOWN,UNKNOWN,data\raw\isyatirim_cache\ONCSM_2022_XI_29.json,satislar;ebitda;op_gelir;net_kar;cfo;fcf;ozkaynaklar;toplam_borc;net_borc;nakit;toplam_aktif,toplam_borc;net_borc;ebitda;ihracat_orani;piyasa_degeri;pb;roe;roa;ev;ev_ebitda;fcf_verim
ONCSM.IS,2022Q3,2022-09-30,XI_29,isyatirim_pit,,,2026-09-07T22:37:31.884011030,,,2022-11-15,APPROXIMATE_FIXED_LAG,UNKNOWN,UNKNOWN,data\raw\isyatirim_cache\ONCSM_2022_XI_29.json,satislar;ebitda;op_gelir;net_kar;cfo;fcf;ozkaynaklar;toplam_borc;net_borc;nakit;toplam_aktif,toplam_borc;net_borc;ebitda;ihracat_orani;piyasa_degeri;pb;roe;roa;ev;ev_ebitda;fcf_verim
ONCSM.IS,2022Q4,2022-12-31,XI_29,isyatirim_pit,,,2026-09-07T22:37:31.884011030,,,2023-03-15,APPROXIMATE_FIXED_LAG,UNKNOWN,UNKNOWN,data\raw\isyatirim_cache\ONCSM_2022_XI_29.json,satislar;ebitda;op_gelir;net_kar;cfo;fcf;ozkaynaklar;toplam_borc;net_borc;nakit;toplam_aktif,toplam_borc;net_borc;ebitda;ihracat_orani;piyasa_degeri;pb;roe;roa;ev;ev_ebitda;fcf_verim
ONCSM.IS,2023Q1,2023-03-31,XI_29,isyatirim_pit,,,2026-09-07T22:37:32.027768850,,,2023-05-15,APPROXIMATE_FIXED_LAG,UNKNOWN,UNKNOWN,data\raw\isyatirim_cache\ONCSM_2023_XI_29.json,satislar;ebitda;op_gelir;net_kar;cfo;fcf;ozkaynaklar;toplam_borc;net_borc;nakit;toplam_aktif,toplam_borc;net_borc;ebitda;ihracat_orani;piyasa_degeri;pb;roe;roa;ev;ev_ebitda;fcf_verim
ONCSM.IS,2023Q2,2023-06-30,XI_29,isyatirim_pit,,,2026-09-07T22:37:32.027768850,,,2023-08-15,APPROXIMATE_FIXED_LAG,UNKNOWN,UNKNOWN,data\raw\isyatirim_cache\ONCSM_2023_XI_29.json,satislar;ebitda;op_gelir;net_kar;cfo;fcf;ozkaynaklar;toplam_borc;net_borc;nakit;toplam_aktif,toplam_borc;net_borc;ebitda;ihracat_orani;piyasa_degeri;pb;roe;roa;ev;ev_ebitda;fcf_verim
ONCSM.IS,2023Q3,2023-09-30,XI_29,isyatirim_pit,,,2026-09-07T22:37:32.027768850,,,2023-11-15,APPROXIMATE_FIXED_LAG,UNKNOWN,UNKNOWN,data\raw\isyatirim_cache\ONCSM_2023_XI_29.json,satislar;ebitda;op_gelir;net_kar;cfo;fcf;ozkaynaklar;toplam_borc;net_borc;nakit;toplam_aktif,toplam_borc;net_borc;ebitda;ihracat_orani;piyasa_degeri;pb;roe;roa;ev;ev_ebitda;fcf_verim
ONCSM.IS,2023Q4,2023-12-31,XI_29,isyatirim_pit,,,2026-09-07T22:37:32.027768850,,,2024-03-15,APPROXIMATE_FIXED_LAG,UNKNOWN,UNKNOWN,data\raw\isyatirim_cache\ONCSM_2023_XI_29.json,satislar;ebitda;op_gelir;net_kar;cfo;fcf;ozkaynaklar;toplam_borc;net_borc;nakit;toplam_aktif,toplam_borc;net_borc;ebitda;ihracat_orani;piyasa_degeri;pb;roe;roa;ev;ev_ebitda;fcf_verim
ONCSM.IS,2024Q1,2024-03-31,XI_29,isyatirim_pit,,,2026-09-07T22:37:32.119621992,,,2024-05-15,APPROXIMATE_FIXED_LAG,UNKNOWN,UNKNOWN,data\raw\isyatirim_cache\ONCSM_2024_XI_29.json,satislar;ebitda;op_gelir;net_kar;cfo;fcf;ozkaynaklar;toplam_borc;net_borc;nakit;toplam_aktif,toplam_borc;net_borc;ebitda;ihracat_orani;piyasa_degeri;pb;roe;roa;ev;ev_ebitda;fcf_verim
ONCSM.IS,2024Q2,2024-06-30,XI_29,isyatirim_pit,,,2026-09-07T22:37:32.119621992,,,2024-08-15,APPROXIMATE_FIXED_LAG,UNKNOWN,UNKNOWN,data\raw\isyatirim_cache\ONCSM_2024_XI_29.json,satislar;ebitda;op_gelir;net_kar;cfo;fcf;ozkaynaklar;toplam_borc;net_borc;nakit;toplam_aktif,toplam_borc;net_borc;ebitda;ihracat_orani;piyasa_degeri;pb;roe;roa;ev;ev_ebitda;fcf_verim
ONCSM.IS,2024Q3,2024-09-30,XI_29,isyatirim_pit,,,2026-09-07T22:37:32.119621992,,,2024-11-15,APPROXIMATE_FIXED_LAG,UNKNOWN,UNKNOWN,data\raw\isyatirim_cache\ONCSM_2024_XI_29.json,satislar;ebitda;op_gelir;net_kar;cfo;fcf;ozkaynaklar;toplam_borc;net_borc;nakit;toplam_aktif,toplam_borc;net_borc;ebitda;ihracat_orani;piyasa_degeri;pb;roe;roa;ev;ev_ebitda;fcf_verim
ONCSM.IS,2024Q4,2024-12-31,XI_29,isyatirim_pit,,,2026-09-07T22:37:32.119621992,,,2025-03-15,APPROXIMATE_FIXED_LAG,UNKNOWN,UNKNOWN,data\raw\isyatirim_cache\ONCSM_2024_XI_29.json,satislar;ebitda;op_gelir;net_kar;cfo;fcf;ozkaynaklar;toplam_borc;net_borc;nakit;toplam_aktif,toplam_borc;net_borc;ebitda;ihracat_orani;piyasa_degeri;pb;roe;roa;ev;ev_ebitda;fcf_verim
ONCSM.IS,2025Q1,2025-03-31,XI_29,isyatirim_pit,,,2026-09-07T22:37:32.256635427,,,2025-05-15,APPROXIMATE_FIXED_LAG,UNKNOWN,UNKNOWN,data\raw\isyatirim_cache\ONCSM_2025_XI_29.json,satislar;ebitda;op_gelir;net_kar;cfo;fcf;ozkaynaklar;toplam_borc;net_borc;nakit;toplam_aktif,toplam_borc;net_borc;ebitda;ihracat_orani;piyasa_degeri;pb;roe;roa;ev;ev_ebitda;fcf_verim
ONCSM.IS,2025Q2,2025-06-30,XI_29,isyatirim_pit,,,2026-09-07T22:37:32.256635427,,,2025-08-15,APPROXIMATE_FIXED_LAG,UNKNOWN,UNKNOWN,data\raw\isyatirim_cache\ONCSM_2025_XI_29.json,satislar;ebitda;op_gelir;net_kar;cfo;fcf;ozkaynaklar;toplam_borc;net_borc;nakit;toplam_aktif,toplam_borc;net_borc;ebitda;ihracat_orani;piyasa_degeri;pb;roe;roa;ev;ev_ebitda;fcf_verim
ONCSM.IS,2025Q3,2025-09-30,XI_29,isyatirim_pit,,,2026-09-07T22:37:32.256635427,,,2025-11-15,APPROXIMATE_FIXED_LAG,UNKNOWN,UNKNOWN,data\raw\isyatirim_cache\ONCSM_2025_XI_29.json,satislar;ebitda;op_gelir;net_kar;cfo;fcf;ozkaynaklar;toplam_borc;net_borc;nakit;toplam_aktif,toplam_borc;net_borc;ebitda;ihracat_orani;piyasa_degeri;pb;roe;roa;ev;ev_ebitda;fcf_verim
ONCSM.IS,2025Q4,2025-12-31,XI_29,isyatirim_pit,,,2026-09-07T22:37:32.256635427,,,2026-03-15,APPROXIMATE_FIXED_LAG,UNKNOWN,UNKNOWN,data\raw\isyatirim_cache\ONCSM_2025_XI_29.json,satislar;ebitda;op_gelir;net_kar;cfo;fcf;ozkaynaklar;toplam_borc;net_borc;nakit;toplam_aktif,toplam_borc;net_borc;ebitda;ihracat_orani;piyasa_degeri;pb;roe;roa;ev;ev_ebitda;fcf_verim
ONCSM.IS,2026Q1,2026-03-31,XI_29,isyatirim_pit,,,2026-09-07T22:37:32.385384560,,,2026-05-15,APPROXIMATE_FIXED_LAG,UNKNOWN,UNKNOWN,data\raw\isyatirim_cache\ONCSM_2026_XI_29.json,satislar;ebitda;op_gelir;net_kar;cfo;fcf;ozkaynaklar;toplam_borc;net_borc;nakit;toplam_aktif,toplam_borc;net_borc;ebitda;ihracat_orani;piyasa_degeri;pb;roe;roa;ev;ev_ebitda;fcf_verim
ONCSM.IS,2026Q2,2026-06-30,XI_29,isyatirim_pit,,,2026-09-07T22:37:32.385384560,,,2026-08-15,APPROXIMATE_FIXED_LAG,UNKNOWN,UNKNOWN,data\raw\isyatirim_cache\ONCSM_2026_XI_29.json,satislar;ebitda;op_gelir;net_kar;cfo;fcf;ozkaynaklar;toplam_borc;net_borc;nakit;toplam_aktif,toplam_borc;net_borc;ebitda;ihracat_orani;piyasa_degeri;pb;roe;roa;ev;ev_ebitda;fcf_verim
OTKAR.IS,2018Q1,2018-03-31,XI_29,isyatirim_pit,,,2026-09-07T22:36:59.240589619,,,2018-05-15,APPROXIMATE_FIXED_LAG,UNKNOWN,UNKNOWN,data\raw\isyatirim_cache\OTKAR_2018_XI_29.json,satislar;ebitda;op_gelir;net_kar;cfo;fcf;ozkaynaklar;toplam_borc;net_borc;nakit;toplam_aktif,toplam_borc;net_borc;ebitda;ihracat_orani;piyasa_degeri;pb;roe;roa;ev;ev_ebitda;fcf_verim
OTKAR.IS,2018Q2,2018-06-30,XI_29,isyatirim_pit,,,2026-09-07T22:36:59.240589619,,,2018-08-15,APPROXIMATE_FIXED_LAG,UNKNOWN,UNKNOWN,data\raw\isyatirim_cache\OTKAR_2018_XI_29.json,satislar;ebitda;op_gelir;net_kar;cfo;fcf;ozkaynaklar;toplam_borc;net_borc;nakit;toplam_aktif,toplam_borc;net_borc;ebitda;ihracat_orani;piyasa_degeri;pb;roe;roa;ev;ev_ebitda;fcf_verim
OTKAR.IS,2018Q3,2018-09-30,XI_29,isyatirim_pit,,,2026-09-07T22:36:59.240589619,,,2018-11-15,APPROXIMATE_FIXED_LAG,UNKNOWN,UNKNOWN,data\raw\isyatirim_cache\OTKAR_2018_XI_29.json,satislar;ebitda;op_gelir;net_kar;cfo;fcf;ozkaynaklar;toplam_borc;net_borc;nakit;toplam_aktif,toplam_borc;net_borc;ebitda;ihracat_orani;piyasa_degeri;pb;roe;roa;ev;ev_ebitda;fcf_verim
OTKAR.IS,2018Q4,2018-12-31,XI_29,isyatirim_pit,,,2026-09-07T22:36:59.240589619,,,2019-03-15,APPROXIMATE_FIXED_LAG,UNKNOWN,UNKNOWN,data\raw\isyatirim_cache\OTKAR_2018_XI_29.json,satislar;ebitda;op_gelir;net_kar;cfo;fcf;ozkaynaklar;toplam_borc;net_borc;nakit;toplam_aktif,toplam_borc;net_borc;ebitda;ihracat_orani;piyasa_degeri;pb;roe;roa;ev;ev_ebitda;fcf_verim
OTKAR.IS,2019Q1,2019-03-31,XI_29,isyatirim_pit,,,2026-09-07T22:36:59.375761509,,,2019-05-15,APPROXIMATE_FIXED_LAG,UNKNOWN,UNKNOWN,data\raw\isyatirim_cache\OTKAR_2019_XI_29.json,satislar;ebitda;op_gelir;net_kar;cfo;fcf;ozkaynaklar;toplam_borc;net_borc;nakit;toplam_aktif,toplam_borc;net_borc;ebitda;ihracat_orani;piyasa_degeri;pb;roe;roa;ev;ev_ebitda;fcf_verim
OTKAR.IS,2019Q2,2019-06-30,XI_29,isyatirim_pit,,,2026-09-07T22:36:59.375761509,,,2019-08-15,APPROXIMATE_FIXED_LAG,UNKNOWN,UNKNOWN,data\raw\isyatirim_cache\OTKAR_2019_XI_29.json,satislar;ebitda;op_gelir;net_kar;cfo;fcf;ozkaynaklar;toplam_borc;net_borc;nakit;toplam_aktif,toplam_borc;net_borc;ebitda;ihracat_orani;piyasa_degeri;pb;roe;roa;ev;ev_ebitda;fcf_verim
OTKAR.IS,2019Q3,2019-09-30,XI_29,isyatirim_pit,,,2026-09-07T22:36:59.375761509,,,2019-11-15,APPROXIMATE_FIXED_LAG,UNKNOWN,UNKNOWN,data\raw\isyatirim_cache\OTKAR_2019_XI_29.json,satislar;ebitda;op_gelir;net_kar;cfo;fcf;ozkaynaklar;toplam_borc;net_borc;nakit;toplam_aktif,toplam_borc;net_borc;ebitda;ihracat_orani;piyasa_degeri;pb;roe;roa;ev;ev_ebitda;fcf_verim
OTKAR.IS,2019Q4,2019-12-31,XI_29,isyatirim_pit,,,2026-09-07T22:36:59.375761509,,,2020-03-15,APPROXIMATE_FIXED_LAG,UNKNOWN,UNKNOWN,data\raw\isyatirim_cache\OTKAR_2019_XI_29.json,satislar;ebitda;op_gelir;net_kar;cfo;fcf;ozkaynaklar;toplam_borc;net_borc;nakit;toplam_aktif,toplam_borc;net_borc;ebitda;ihracat_orani;piyasa_degeri;pb;roe;roa;ev;ev_ebitda;fcf_verim
OTKAR.IS,2020Q1,2020-03-31,XI_29,isyatirim_pit,,,2026-09-07T22:36:59.511109114,,,2020-05-15,APPROXIMATE_FIXED_LAG,UNKNOWN,UNKNOWN,data\raw\isyatirim_cache\OTKAR_2020_XI_29.json,satislar;ebitda;op_gelir;net_kar;cfo;fcf;ozkaynaklar;toplam_borc;net_borc;nakit;toplam_aktif,toplam_borc;net_borc;ebitda;ihracat_orani;piyasa_degeri;pb;roe;roa;ev;ev_ebitda;fcf_verim
OTKAR.IS,2020Q2,2020-06-30,XI_29,isyatirim_pit,,,2026-09-07T22:36:59.511109114,,,2020-08-15,APPROXIMATE_FIXED_LAG,UNKNOWN,UNKNOWN,data\raw\isyatirim_cache\OTKAR_2020_XI_29.json,satislar;ebitda;op_gelir;net_kar;cfo;fcf;ozkaynaklar;toplam_borc;net_borc;nakit;toplam_aktif,toplam_borc;net_borc;ebitda;ihracat_orani;piyasa_degeri;pb;roe;roa;ev;ev_ebitda;fcf_verim
OTKAR.IS,2020Q3,2020-09-30,XI_29,isyatirim_pit,,,2026-09-07T22:36:59.511109114,,,2020-11-15,APPROXIMATE_FIXED_LAG,UNKNOWN,UNKNOWN,data\raw\isyatirim_cache\OTKAR_2020_XI_29.json,satislar;ebitda;op_gelir;net_kar;cfo;fcf;ozkaynaklar;toplam_borc;net_borc;nakit;toplam_aktif,toplam_borc;net_borc;ebitda;ihracat_orani;piyasa_degeri;pb;roe;roa;ev;ev_ebitda;fcf_verim
OTKAR.IS,2020Q4,2020-12-31,XI_29,isyatirim_pit,,,2026-09-07T22:36:59.511109114,,,2021-03-15,APPROXIMATE_FIXED_LAG,UNKNOWN,UNKNOWN,data\raw\isyatirim_cache\OTKAR_2020_XI_29.json,satislar;ebitda;op_gelir;net_kar;cfo;fcf;ozkaynaklar;toplam_borc;net_borc;nakit;toplam_aktif,toplam_borc;net_borc;ebitda;ihracat_orani;piyasa_degeri;pb;roe;roa;ev;ev_ebitda;fcf_verim
OTKAR.IS,2021Q1,2021-03-31,XI_29,isyatirim_pit,,,2026-09-07T22:36:59.643729210,,,2021-05-15,APPROXIMATE_FIXED_LAG,UNKNOWN,UNKNOWN,data\raw\isyatirim_cache\OTKAR_2021_XI_29.json,satislar;ebitda;op_gelir;net_kar;cfo;fcf;ozkaynaklar;toplam_borc;net_borc;nakit;toplam_aktif,toplam_borc;net_borc;ebitda;ihracat_orani;piyasa_degeri;pb;roe;roa;ev;ev_ebitda;fcf_verim
OTKAR.IS,2021Q2,2021-06-30,XI_29,isyatirim_pit,,,2026-09-07T22:36:59.643729210,,,2021-08-15,APPROXIMATE_FIXED_LAG,UNKNOWN,UNKNOWN,data\raw\isyatirim_cache\OTKAR_2021_XI_29.json,satislar;ebitda;op_gelir;net_kar;cfo;fcf;ozkaynaklar;toplam_borc;net_borc;nakit;toplam_aktif,toplam_borc;net_borc;ebitda;ihracat_orani;piyasa_degeri;pb;roe;roa;ev;ev_ebitda;fcf_verim
OTKAR.IS,2021Q3,2021-09-30,XI_29,isyatirim_pit,,,2026-09-07T22:36:59.643729210,,,2021-11-15,APPROXIMATE_FIXED_LAG,UNKNOWN,UNKNOWN,data\raw\isyatirim_cache\OTKAR_2021_XI_29.json,satislar;ebitda;op_gelir;net_kar;cfo;fcf;ozkaynaklar;toplam_borc;net_borc;nakit;toplam_aktif,toplam_borc;net_borc;ebitda;ihracat_orani;piyasa_degeri;pb;roe;roa;ev;ev_ebitda;fcf_verim
OTKAR.IS,2021Q4,2021-12-31,XI_29,isyatirim_pit,,,2026-09-07T22:36:59.643729210,,,2022-03-15,APPROXIMATE_FIXED_LAG,UNKNOWN,UNKNOWN,data\raw\isyatirim_cache\OTKAR_2021_XI_29.json,satislar;ebitda;op_gelir;net_kar;cfo;fcf;ozkaynaklar;toplam_borc;net_borc;nakit;toplam_aktif,toplam_borc;net_borc;ebitda;ihracat_orani;piyasa_degeri;pb;roe;roa;ev;ev_ebitda;fcf_verim
OTKAR.IS,2022Q1,2022-03-31,XI_29,isyatirim_pit,,,2026-09-07T22:36:59.776821375,,,2022-05-15,APPROXIMATE_FIXED_LAG,UNKNOWN,UNKNOWN,data\raw\isyatirim_cache\OTKAR_2022_XI_29.json,satislar;ebitda;op_gelir;net_kar;cfo;fcf;ozkaynaklar;toplam_borc;net_borc;nakit;toplam_aktif,toplam_borc;net_borc;ebitda;ihracat_orani;piyasa_degeri;pb;roe;roa;ev;ev_ebitda;fcf_verim
OTKAR.IS,2022Q2,2022-06-30,XI_29,isyatirim_pit,,,2026-09-07T22:36:59.776821375,,,2022-08-15,APPROXIMATE_FIXED_LAG,UNKNOWN,UNKNOWN,data\raw\isyatirim_cache\OTKAR_2022_XI_29.json,satislar;ebitda;op_gelir;net_kar;cfo;fcf;ozkaynaklar;toplam_borc;net_borc;nakit;toplam_aktif,toplam_borc;net_borc;ebitda;ihracat_orani;piyasa_degeri;pb;roe;roa;ev;ev_ebitda;fcf_verim
OTKAR.IS,2022Q3,2022-09-30,XI_29,isyatirim_pit,,,2026-09-07T22:36:59.776821375,,,2022-11-15,APPROXIMATE_FIXED_LAG,UNKNOWN,UNKNOWN,data\raw\isyatirim_cache\OTKAR_2022_XI_29.json,satislar;ebitda;op_gelir;net_kar;cfo;fcf;ozkaynaklar;toplam_borc;net_borc;nakit;toplam_aktif,toplam_borc;net_borc;ebitda;ihracat_orani;piyasa_degeri;pb;roe;roa;ev;ev_ebitda;fcf_verim
OTKAR.IS,2022Q4,2022-12-31,XI_29,isyatirim_pit,,,2026-09-07T22:36:59.776821375,,,2023-03-15,APPROXIMATE_FIXED_LAG,UNKNOWN,UNKNOWN,data\raw\isyatirim_cache\OTKAR_2022_XI_29.json,satislar;ebitda;op_gelir;net_kar;cfo;fcf;ozkaynaklar;toplam_borc;net_borc;nakit;toplam_aktif,toplam_borc;net_borc;ebitda;ihracat_orani;piyasa_degeri;pb;roe;roa;ev;ev_ebitda;fcf_verim
OTKAR.IS,2023Q1,2023-03-31,XI_29,isyatirim_pit,,,2026-09-07T22:36:59.909540892,,,2023-05-15,APPROXIMATE_FIXED_LAG,UNKNOWN,UNKNOWN,data\raw\isyatirim_cache\OTKAR_2023_XI_29.json,satislar;ebitda;op_gelir;net_kar;cfo;fcf;ozkaynaklar;toplam_borc;net_borc;nakit;toplam_aktif,toplam_borc;net_borc;ebitda;ihracat_orani;piyasa_degeri;pb;roe;roa;ev;ev_ebitda;fcf_verim
OTKAR.IS,2023Q2,2023-06-30,XI_29,isyatirim_pit,,,2026-09-07T22:36:59.909540892,,,2023-08-15,APPROXIMATE_FIXED_LAG,UNKNOWN,UNKNOWN,data\raw\isyatirim_cache\OTKAR_2023_XI_29.json,satislar;ebitda;op_gelir;net_kar;cfo;fcf;ozkaynaklar;toplam_borc;net_borc;nakit;toplam_aktif,toplam_borc;net_borc;ebitda;ihracat_orani;piyasa_degeri;pb;roe;roa;ev;ev_ebitda;fcf_verim
OTKAR.IS,2023Q3,2023-09-30,XI_29,isyatirim_pit,,,2026-09-07T22:36:59.909540892,,,2023-11-15,APPROXIMATE_FIXED_LAG,UNKNOWN,UNKNOWN,data\raw\isyatirim_cache\OTKAR_2023_XI_29.json,satislar;ebitda;op_gelir;net_kar;cfo;fcf;ozkaynaklar;toplam_borc;net_borc;nakit;toplam_aktif,toplam_borc;net_borc;ebitda;ihracat_orani;piyasa_degeri;pb;roe;roa;ev;ev_ebitda;fcf_verim
OTKAR.IS,2023Q4,2023-12-31,XI_29,isyatirim_pit,,,2026-09-07T22:36:59.909540892,,,2024-03-15,APPROXIMATE_FIXED_LAG,UNKNOWN,UNKNOWN,data\raw\isyatirim_cache\OTKAR_2023_XI_29.json,satislar;ebitda;op_gelir;net_kar;cfo;fcf;ozkaynaklar;toplam_borc;net_borc;nakit;toplam_aktif,toplam_borc;net_borc;ebitda;ihracat_orani;piyasa_degeri;pb;roe;roa;ev;ev_ebitda;fcf_verim
OTKAR.IS,2024Q1,2024-03-31,XI_29,isyatirim_pit,,,2026-09-07T22:37:00.007894039,,,2024-05-15,APPROXIMATE_FIXED_LAG,UNKNOWN,UNKNOWN,data\raw\isyatirim_cache\OTKAR_2024_XI_29.json,satislar;ebitda;op_gelir;net_kar;cfo;fcf;ozkaynaklar;toplam_borc;net_borc;nakit;toplam_aktif,toplam_borc;net_borc;ebitda;ihracat_orani;piyasa_degeri;pb;roe;roa;ev;ev_ebitda;fcf_verim
OTKAR.IS,2024Q2,2024-06-30,XI_29,isyatirim_pit,,,2026-09-07T22:37:00.007894039,,,2024-08-15,APPROXIMATE_FIXED_LAG,UNKNOWN,UNKNOWN,data\raw\isyatirim_cache\OTKAR_2024_XI_29.json,satislar;ebitda;op_gelir;net_kar;cfo;fcf;ozkaynaklar;toplam_borc;net_borc;nakit;toplam_aktif,toplam_borc;net_borc;ebitda;ihracat_orani;piyasa_degeri;pb;roe;roa;ev;ev_ebitda;fcf_verim
OTKAR.IS,2024Q3,2024-09-30,XI_29,isyatirim_pit,,,2026-09-07T22:37:00.007894039,,,2024-11-15,APPROXIMATE_FIXED_LAG,UNKNOWN,UNKNOWN,data\raw\isyatirim_cache\OTKAR_2024_XI_29.json,satislar;ebitda;op_gelir;net_kar;cfo;fcf;ozkaynaklar;toplam_borc;net_borc;nakit;toplam_aktif,toplam_borc;net_borc;ebitda;ihracat_orani;piyasa_degeri;pb;roe;roa;ev;ev_ebitda;fcf_verim
OTKAR.IS,2024Q4,2024-12-31,XI_29,isyatirim_pit,,,2026-09-07T22:37:00.007894039,,,2025-03-15,APPROXIMATE_FIXED_LAG,UNKNOWN,UNKNOWN,data\raw\isyatirim_cache\OTKAR_2024_XI_29.json,satislar;ebitda;op_gelir;net_kar;cfo;fcf;ozkaynaklar;toplam_borc;net_borc;nakit;toplam_aktif,toplam_borc;net_borc;ebitda;ihracat_orani;piyasa_degeri;pb;roe;roa;ev;ev_ebitda;fcf_verim
OTKAR.IS,2025Q1,2025-03-31,XI_29,isyatirim_pit,,,2026-09-07T22:37:00.151266098,,,2025-05-15,APPROXIMATE_FIXED_LAG,UNKNOWN,UNKNOWN,data\raw\isyatirim_cache\OTKAR_2025_XI_29.json,satislar;ebitda;op_gelir;net_kar;cfo;fcf;ozkaynaklar;toplam_borc;net_borc;nakit;toplam_aktif,toplam_borc;net_borc;ebitda;ihracat_orani;piyasa_degeri;pb;roe;roa;ev;ev_ebitda;fcf_verim
OTKAR.IS,2025Q2,2025-06-30,XI_29,isyatirim_pit,,,2026-09-07T22:37:00.151266098,,,2025-08-15,APPROXIMATE_FIXED_LAG,UNKNOWN,UNKNOWN,data\raw\isyatirim_cache\OTKAR_2025_XI_29.json,satislar;ebitda;op_gelir;net_kar;cfo;fcf;ozkaynaklar;toplam_borc;net_borc;nakit;toplam_aktif,toplam_borc;net_borc;ebitda;ihracat_orani;piyasa_degeri;pb;roe;roa;ev;ev_ebitda;fcf_verim
OTKAR.IS,2025Q3,2025-09-30,XI_29,isyatirim_pit,,,2026-09-07T22:37:00.151266098,,,2025-11-15,APPROXIMATE_FIXED_LAG,UNKNOWN,UNKNOWN,data\raw\isyatirim_cache\OTKAR_2025_XI_29.json,satislar;ebitda;op_gelir;net_kar;cfo;fcf;ozkaynaklar;toplam_borc;net_borc;nakit;toplam_aktif,toplam_borc;net_borc;ebitda;ihracat_orani;piyasa_degeri;pb;roe;roa;ev;ev_ebitda;fcf_verim
OTKAR.IS,2025Q4,2025-12-31,XI_29,isyatirim_pit,,,2026-09-07T22:37:00.151266098,,,2026-03-15,APPROXIMATE_FIXED_LAG,UNKNOWN,UNKNOWN,data\raw\isyatirim_cache\OTKAR_2025_XI_29.json,satislar;ebitda;op_gelir;net_kar;cfo;fcf;ozkaynaklar;toplam_borc;net_borc;nakit;toplam_aktif,toplam_borc;net_borc;ebitda;ihracat_orani;piyasa_degeri;pb;roe;roa;ev;ev_ebitda;fcf_verim
OTKAR.IS,2026Q1,2026-03-31,XI_29,isyatirim_pit,,,2026-09-07T22:37:00.272265673,,,2026-05-15,APPROXIMATE_FIXED_LAG,UNKNOWN,UNKNOWN,data\raw\isyatirim_cache\OTKAR_2026_XI_29.json,satislar;ebitda;op_gelir;net_kar;cfo;fcf;ozkaynaklar;toplam_borc;net_borc;nakit;toplam_aktif,toplam_borc;net_borc;ebitda;ihracat_orani;piyasa_degeri;pb;roe;roa;ev;ev_ebitda;fcf_verim
OTKAR.IS,2026Q2,2026-06-30,XI_29,isyatirim_pit,,,2026-09-07T22:37:00.272265673,,,2026-08-15,APPROXIMATE_FIXED_LAG,UNKNOWN,UNKNOWN,data\raw\isyatirim_cache\OTKAR_2026_XI_29.json,satislar;ebitda;op_gelir;net_kar;cfo;fcf;ozkaynaklar;toplam_borc;net_borc;nakit;toplam_aktif,toplam_borc;net_borc;ebitda;ihracat_orani;piyasa_degeri;pb;roe;roa;ev;ev_ebitda;fcf_verim
OYAKC.IS,2018Q1,2018-03-31,XI_29,isyatirim_pit,,,2026-09-07T22:37:14.141686916,,,2018-05-15,APPROXIMATE_FIXED_LAG,UNKNOWN,UNKNOWN,data\raw\isyatirim_cache\OYAKC_2018_XI_29.json,satislar;ebitda;op_gelir;net_kar;cfo;fcf;ozkaynaklar;toplam_borc;net_borc;nakit;toplam_aktif,toplam_borc;net_borc;ebitda;ihracat_orani;piyasa_degeri;pb;roe;roa;ev;ev_ebitda;fcf_verim
OYAKC.IS,2018Q2,2018-06-30,XI_29,isyatirim_pit,,,2026-09-07T22:37:14.141686916,,,2018-08-15,APPROXIMATE_FIXED_LAG,UNKNOWN,UNKNOWN,data\raw\isyatirim_cache\OYAKC_2018_XI_29.json,satislar;ebitda;op_gelir;net_kar;cfo;fcf;ozkaynaklar;toplam_borc;net_borc;nakit;toplam_aktif,toplam_borc;net_borc;ebitda;ihracat_orani;piyasa_degeri;pb;roe;roa;ev;ev_ebitda;fcf_verim
OYAKC.IS,2018Q3,2018-09-30,XI_29,isyatirim_pit,,,2026-09-07T22:37:14.141686916,,,2018-11-15,APPROXIMATE_FIXED_LAG,UNKNOWN,UNKNOWN,data\raw\isyatirim_cache\OYAKC_2018_XI_29.json,satislar;ebitda;op_gelir;net_kar;cfo;fcf;ozkaynaklar;toplam_borc;net_borc;nakit;toplam_aktif,toplam_borc;net_borc;ebitda;ihracat_orani;piyasa_degeri;pb;roe;roa;ev;ev_ebitda;fcf_verim
OYAKC.IS,2018Q4,2018-12-31,XI_29,isyatirim_pit,,,2026-09-07T22:37:14.141686916,,,2019-03-15,APPROXIMATE_FIXED_LAG,UNKNOWN,UNKNOWN,data\raw\isyatirim_cache\OYAKC_2018_XI_29.json,satislar;ebitda;op_gelir;net_kar;cfo;fcf;ozkaynaklar;toplam_borc;net_borc;nakit;toplam_aktif,toplam_borc;net_borc;ebitda;ihracat_orani;piyasa_degeri;pb;roe;roa;ev;ev_ebitda;fcf_verim
OYAKC.IS,2019Q1,2019-03-31,XI_29,isyatirim_pit,,,2026-09-07T22:37:14.278429747,,,2019-05-15,APPROXIMATE_FIXED_LAG,UNKNOWN,UNKNOWN,data\raw\isyatirim_cache\OYAKC_2019_XI_29.json,satislar;ebitda;op_gelir;net_kar;cfo;fcf;ozkaynaklar;toplam_borc;net_borc;nakit;toplam_aktif,toplam_borc;net_borc;ebitda;ihracat_orani;piyasa_degeri;pb;roe;roa;ev;ev_ebitda;fcf_verim
OYAKC.IS,2019Q2,2019-06-30,XI_29,isyatirim_pit,,,2026-09-07T22:37:14.278429747,,,2019-08-15,APPROXIMATE_FIXED_LAG,UNKNOWN,UNKNOWN,data\raw\isyatirim_cache\OYAKC_2019_XI_29.json,satislar;ebitda;op_gelir;net_kar;cfo;fcf;ozkaynaklar;toplam_borc;net_borc;nakit;toplam_aktif,toplam_borc;net_borc;ebitda;ihracat_orani;piyasa_degeri;pb;roe;roa;ev;ev_ebitda;fcf_verim
OYAKC.IS,2019Q3,2019-09-30,XI_29,isyatirim_pit,,,2026-09-07T22:37:14.278429747,,,2019-11-15,APPROXIMATE_FIXED_LAG,UNKNOWN,UNKNOWN,data\raw\isyatirim_cache\OYAKC_2019_XI_29.json,satislar;ebitda;op_gelir;net_kar;cfo;fcf;ozkaynaklar;toplam_borc;net_borc;nakit;toplam_aktif,toplam_borc;net_borc;ebitda;ihracat_orani;piyasa_degeri;pb;roe;roa;ev;ev_ebitda;fcf_verim
OYAKC.IS,2019Q4,2019-12-31,XI_29,isyatirim_pit,,,2026-09-07T22:37:14.278429747,,,2020-03-15,APPROXIMATE_FIXED_LAG,UNKNOWN,UNKNOWN,data\raw\isyatirim_cache\OYAKC_2019_XI_29.json,satislar;ebitda;op_gelir;net_kar;cfo;fcf;ozkaynaklar;toplam_borc;net_borc;nakit;toplam_aktif,toplam_borc;net_borc;ebitda;ihracat_orani;piyasa_degeri;pb;roe;roa;ev;ev_ebitda;fcf_verim
OYAKC.IS,2020Q1,2020-03-31,XI_29,isyatirim_pit,,,2026-09-07T22:37:14.450863838,,,2020-05-15,APPROXIMATE_FIXED_LAG,UNKNOWN,UNKNOWN,data\raw\isyatirim_cache\OYAKC_2020_XI_29.json,satislar;ebitda;op_gelir;net_kar;cfo;fcf;ozkaynaklar;toplam_borc;net_borc;nakit;toplam_aktif,toplam_borc;net_borc;ebitda;ihracat_orani;piyasa_degeri;pb;roe;roa;ev;ev_ebitda;fcf_verim
OYAKC.IS,2020Q2,2020-06-30,XI_29,isyatirim_pit,,,2026-09-07T22:37:14.450863838,,,2020-08-15,APPROXIMATE_FIXED_LAG,UNKNOWN,UNKNOWN,data\raw\isyatirim_cache\OYAKC_2020_XI_29.json,satislar;ebitda;op_gelir;net_kar;cfo;fcf;ozkaynaklar;toplam_borc;net_borc;nakit;toplam_aktif,toplam_borc;net_borc;ebitda;ihracat_orani;piyasa_degeri;pb;roe;roa;ev;ev_ebitda;fcf_verim
OYAKC.IS,2020Q3,2020-09-30,XI_29,isyatirim_pit,,,2026-09-07T22:37:14.450863838,,,2020-11-15,APPROXIMATE_FIXED_LAG,UNKNOWN,UNKNOWN,data\raw\isyatirim_cache\OYAKC_2020_XI_29.json,satislar;ebitda;op_gelir;net_kar;cfo;fcf;ozkaynaklar;toplam_borc;net_borc;nakit;toplam_aktif,toplam_borc;net_borc;ebitda;ihracat_orani;piyasa_degeri;pb;roe;roa;ev;ev_ebitda;fcf_verim
OYAKC.IS,2020Q4,2020-12-31,XI_29,isyatirim_pit,,,2026-09-07T22:37:14.450863838,,,2021-03-15,APPROXIMATE_FIXED_LAG,UNKNOWN,UNKNOWN,data\raw\isyatirim_cache\OYAKC_2020_XI_29.json,satislar;ebitda;op_gelir;net_kar;cfo;fcf;ozkaynaklar;toplam_borc;net_borc;nakit;toplam_aktif,toplam_borc;net_borc;ebitda;ihracat_orani;piyasa_degeri;pb;roe;roa;ev;ev_ebitda;fcf_verim
OYAKC.IS,2021Q1,2021-03-31,XI_29,isyatirim_pit,,,2026-09-07T22:37:14.592858315,,,2021-05-15,APPROXIMATE_FIXED_LAG,UNKNOWN,UNKNOWN,data\raw\isyatirim_cache\OYAKC_2021_XI_29.json,satislar;ebitda;op_gelir;net_kar;cfo;fcf;ozkaynaklar;toplam_borc;net_borc;nakit;toplam_aktif,toplam_borc;net_borc;ebitda;ihracat_orani;piyasa_degeri;pb;roe;roa;ev;ev_ebitda;fcf_verim
OYAKC.IS,2021Q2,2021-06-30,XI_29,isyatirim_pit,,,2026-09-07T22:37:14.592858315,,,2021-08-15,APPROXIMATE_FIXED_LAG,UNKNOWN,UNKNOWN,data\raw\isyatirim_cache\OYAKC_2021_XI_29.json,satislar;ebitda;op_gelir;net_kar;cfo;fcf;ozkaynaklar;toplam_borc;net_borc;nakit;toplam_aktif,toplam_borc;net_borc;ebitda;ihracat_orani;piyasa_degeri;pb;roe;roa;ev;ev_ebitda;fcf_verim
OYAKC.IS,2021Q3,2021-09-30,XI_29,isyatirim_pit,,,2026-09-07T22:37:14.592858315,,,2021-11-15,APPROXIMATE_FIXED_LAG,UNKNOWN,UNKNOWN,data\raw\isyatirim_cache\OYAKC_2021_XI_29.json,satislar;ebitda;op_gelir;net_kar;cfo;fcf;ozkaynaklar;toplam_borc;net_borc;nakit;toplam_aktif,toplam_borc;net_borc;ebitda;ihracat_orani;piyasa_degeri;pb;roe;roa;ev;ev_ebitda;fcf_verim
OYAKC.IS,2021Q4,2021-12-31,XI_29,isyatirim_pit,,,2026-09-07T22:37:14.592858315,,,2022-03-15,APPROXIMATE_FIXED_LAG,UNKNOWN,UNKNOWN,data\raw\isyatirim_cache\OYAKC_2021_XI_29.json,satislar;ebitda;op_gelir;net_kar;cfo;fcf;ozkaynaklar;toplam_borc;net_borc;nakit;toplam_aktif,toplam_borc;net_borc;ebitda;ihracat_orani;piyasa_degeri;pb;roe;roa;ev;ev_ebitda;fcf_verim
OYAKC.IS,2022Q1,2022-03-31,XI_29,isyatirim_pit,,,2026-09-07T22:37:14.726498842,,,2022-05-15,APPROXIMATE_FIXED_LAG,UNKNOWN,UNKNOWN,data\raw\isyatirim_cache\OYAKC_2022_XI_29.json,satislar;ebitda;op_gelir;net_kar;cfo;fcf;ozkaynaklar;toplam_borc;net_borc;nakit;toplam_aktif,toplam_borc;net_borc;ebitda;ihracat_orani;piyasa_degeri;pb;roe;roa;ev;ev_ebitda;fcf_verim
OYAKC.IS,2022Q2,2022-06-30,XI_29,isyatirim_pit,,,2026-09-07T22:37:14.726498842,,,2022-08-15,APPROXIMATE_FIXED_LAG,UNKNOWN,UNKNOWN,data\raw\isyatirim_cache\OYAKC_2022_XI_29.json,satislar;ebitda;op_gelir;net_kar;cfo;fcf;ozkaynaklar;toplam_borc;net_borc;nakit;toplam_aktif,toplam_borc;net_borc;ebitda;ihracat_orani;piyasa_degeri;pb;roe;roa;ev;ev_ebitda;fcf_verim
OYAKC.IS,2022Q3,2022-09-30,XI_29,isyatirim_pit,,,2026-09-07T22:37:14.726498842,,,2022-11-15,APPROXIMATE_FIXED_LAG,UNKNOWN,UNKNOWN,data\raw\isyatirim_cache\OYAKC_2022_XI_29.json,satislar;ebitda;op_gelir;net_kar;cfo;fcf;ozkaynaklar;toplam_borc;net_borc;nakit;toplam_aktif,toplam_borc;net_borc;ebitda;ihracat_orani;piyasa_degeri;pb;roe;roa;ev;ev_ebitda;fcf_verim
OYAKC.IS,2022Q4,2022-12-31,XI_29,isyatirim_pit,,,2026-09-07T22:37:14.726498842,,,2023-03-15,APPROXIMATE_FIXED_LAG,UNKNOWN,UNKNOWN,data\raw\isyatirim_cache\OYAKC_2022_XI_29.json,satislar;ebitda;op_gelir;net_kar;cfo;fcf;ozkaynaklar;toplam_borc;net_borc;nakit;toplam_aktif,toplam_borc;net_borc;ebitda;ihracat_orani;piyasa_degeri;pb;roe;roa;ev;ev_ebitda;fcf_verim
OYAKC.IS,2023Q1,2023-03-31,XI_29,isyatirim_pit,,,2026-09-07T22:37:14.859435081,,,2023-05-15,APPROXIMATE_FIXED_LAG,UNKNOWN,UNKNOWN,data\raw\isyatirim_cache\OYAKC_2023_XI_29.json,satislar;ebitda;op_gelir;net_kar;cfo;fcf;ozkaynaklar;toplam_borc;net_borc;nakit;toplam_aktif,toplam_borc;net_borc;ebitda;ihracat_orani;piyasa_degeri;pb;roe;roa;ev;ev_ebitda;fcf_verim
OYAKC.IS,2023Q2,2023-06-30,XI_29,isyatirim_pit,,,2026-09-07T22:37:14.859435081,,,2023-08-15,APPROXIMATE_FIXED_LAG,UNKNOWN,UNKNOWN,data\raw\isyatirim_cache\OYAKC_2023_XI_29.json,satislar;ebitda;op_gelir;net_kar;cfo;fcf;ozkaynaklar;toplam_borc;net_borc;nakit;toplam_aktif,toplam_borc;net_borc;ebitda;ihracat_orani;piyasa_degeri;pb;roe;roa;ev;ev_ebitda;fcf_verim
OYAKC.IS,2023Q3,2023-09-30,XI_29,isyatirim_pit,,,2026-09-07T22:37:14.859435081,,,2023-11-15,APPROXIMATE_FIXED_LAG,UNKNOWN,UNKNOWN,data\raw\isyatirim_cache\OYAKC_2023_XI_29.json,satislar;ebitda;op_gelir;net_kar;cfo;fcf;ozkaynaklar;toplam_borc;net_borc;nakit;toplam_aktif,toplam_borc;net_borc;ebitda;ihracat_orani;piyasa_degeri;pb;roe;roa;ev;ev_ebitda;fcf_verim
OYAKC.IS,2023Q4,2023-12-31,XI_29,isyatirim_pit,,,2026-09-07T22:37:14.859435081,,,2024-03-15,APPROXIMATE_FIXED_LAG,UNKNOWN,UNKNOWN,data\raw\isyatirim_cache\OYAKC_2023_XI_29.json,satislar;ebitda;op_gelir;net_kar;cfo;fcf;ozkaynaklar;toplam_borc;net_borc;nakit;toplam_aktif,toplam_borc;net_borc;ebitda;ihracat_orani;piyasa_degeri;pb;roe;roa;ev;ev_ebitda;fcf_verim
OYAKC.IS,2024Q1,2024-03-31,XI_29,isyatirim_pit,,,2026-09-07T22:37:14.959535599,,,2024-05-15,APPROXIMATE_FIXED_LAG,UNKNOWN,UNKNOWN,data\raw\isyatirim_cache\OYAKC_2024_XI_29.json,satislar;ebitda;op_gelir;net_kar;cfo;fcf;ozkaynaklar;toplam_borc;net_borc;nakit;toplam_aktif,toplam_borc;net_borc;ebitda;ihracat_orani;piyasa_degeri;pb;roe;roa;ev;ev_ebitda;fcf_verim
OYAKC.IS,2024Q2,2024-06-30,XI_29,isyatirim_pit,,,2026-09-07T22:37:14.959535599,,,2024-08-15,APPROXIMATE_FIXED_LAG,UNKNOWN,UNKNOWN,data\raw\isyatirim_cache\OYAKC_2024_XI_29.json,satislar;ebitda;op_gelir;net_kar;cfo;fcf;ozkaynaklar;toplam_borc;net_borc;nakit;toplam_aktif,toplam_borc;net_borc;ebitda;ihracat_orani;piyasa_degeri;pb;roe;roa;ev;ev_ebitda;fcf_verim
OYAKC.IS,2024Q3,2024-09-30,XI_29,isyatirim_pit,,,2026-09-07T22:37:14.959535599,,,2024-11-15,APPROXIMATE_FIXED_LAG,UNKNOWN,UNKNOWN,data\raw\isyatirim_cache\OYAKC_2024_XI_29.json,satislar;ebitda;op_gelir;net_kar;cfo;fcf;ozkaynaklar;toplam_borc;net_borc;nakit;toplam_aktif,toplam_borc;net_borc;ebitda;ihracat_orani;piyasa_degeri;pb;roe;roa;ev;ev_ebitda;fcf_verim
OYAKC.IS,2024Q4,2024-12-31,XI_29,isyatirim_pit,,,2026-09-07T22:37:14.959535599,,,2025-03-15,APPROXIMATE_FIXED_LAG,UNKNOWN,UNKNOWN,data\raw\isyatirim_cache\OYAKC_2024_XI_29.json,satislar;ebitda;op_gelir;net_kar;cfo;fcf;ozkaynaklar;toplam_borc;net_borc;nakit;toplam_aktif,toplam_borc;net_borc;ebitda;ihracat_orani;piyasa_degeri;pb;roe;roa;ev;ev_ebitda;fcf_verim
OYAKC.IS,2025Q1,2025-03-31,XI_29,isyatirim_pit,,,2026-09-07T22:37:15.096409798,,,2025-05-15,APPROXIMATE_FIXED_LAG,UNKNOWN,UNKNOWN,data\raw\isyatirim_cache\OYAKC_2025_XI_29.json,satislar;ebitda;op_gelir;net_kar;cfo;fcf;ozkaynaklar;toplam_borc;net_borc;nakit;toplam_aktif,toplam_borc;net_borc;ebitda;ihracat_orani;piyasa_degeri;pb;roe;roa;ev;ev_ebitda;fcf_verim
OYAKC.IS,2025Q2,2025-06-30,XI_29,isyatirim_pit,,,2026-09-07T22:37:15.096409798,,,2025-08-15,APPROXIMATE_FIXED_LAG,UNKNOWN,UNKNOWN,data\raw\isyatirim_cache\OYAKC_2025_XI_29.json,satislar;ebitda;op_gelir;net_kar;cfo;fcf;ozkaynaklar;toplam_borc;net_borc;nakit;toplam_aktif,toplam_borc;net_borc;ebitda;ihracat_orani;piyasa_degeri;pb;roe;roa;ev;ev_ebitda;fcf_verim
OYAKC.IS,2025Q3,2025-09-30,XI_29,isyatirim_pit,,,2026-09-07T22:37:15.096409798,,,2025-11-15,APPROXIMATE_FIXED_LAG,UNKNOWN,UNKNOWN,data\raw\isyatirim_cache\OYAKC_2025_XI_29.json,satislar;ebitda;op_gelir;net_kar;cfo;fcf;ozkaynaklar;toplam_borc;net_borc;nakit;toplam_aktif,toplam_borc;net_borc;ebitda;ihracat_orani;piyasa_degeri;pb;roe;roa;ev;ev_ebitda;fcf_verim
OYAKC.IS,2025Q4,2025-12-31,XI_29,isyatirim_pit,,,2026-09-07T22:37:15.096409798,,,2026-03-15,APPROXIMATE_FIXED_LAG,UNKNOWN,UNKNOWN,data\raw\isyatirim_cache\OYAKC_2025_XI_29.json,satislar;ebitda;op_gelir;net_kar;cfo;fcf;ozkaynaklar;toplam_borc;net_borc;nakit;toplam_aktif,toplam_borc;net_borc;ebitda;ihracat_orani;piyasa_degeri;pb;roe;roa;ev;ev_ebitda;fcf_verim
OYAKC.IS,2026Q1,2026-03-31,XI_29,isyatirim_pit,,,2026-09-07T22:37:15.249119997,,,2026-05-15,APPROXIMATE_FIXED_LAG,UNKNOWN,UNKNOWN,data\raw\isyatirim_cache\OYAKC_2026_XI_29.json,satislar;ebitda;op_gelir;net_kar;cfo;fcf;ozkaynaklar;toplam_borc;net_borc;nakit;toplam_aktif,toplam_borc;net_borc;ebitda;ihracat_orani;piyasa_degeri;pb;roe;roa;ev;ev_ebitda;fcf_verim
OYAKC.IS,2026Q2,2026-06-30,XI_29,isyatirim_pit,,,2026-09-07T22:37:15.249119997,,,2026-08-15,APPROXIMATE_FIXED_LAG,UNKNOWN,UNKNOWN,data\raw\isyatirim_cache\OYAKC_2026_XI_29.json,satislar;ebitda;op_gelir;net_kar;cfo;fcf;ozkaynaklar;toplam_borc;net_borc;nakit;toplam_aktif,toplam_borc;net_borc;ebitda;ihracat_orani;piyasa_degeri;pb;roe;roa;ev;ev_ebitda;fcf_verim
PASEU.IS,2020Q4,2020-12-31,XI_29,isyatirim_pit,,,2026-09-07T22:37:32.119621992,,,2021-03-15,APPROXIMATE_FIXED_LAG,UNKNOWN,UNKNOWN,data\raw\isyatirim_cache\PASEU_2020_XI_29.json,satislar;ebitda;op_gelir;net_kar;cfo;fcf;ozkaynaklar;toplam_borc;net_borc;nakit;toplam_aktif,toplam_borc;net_borc;ebitda;ihracat_orani;piyasa_degeri;pb;roe;roa;ev;ev_ebitda;fcf_verim
PASEU.IS,2021Q4,2021-12-31,XI_29,isyatirim_pit,,,2026-09-07T22:37:32.249120235,,,2022-03-15,APPROXIMATE_FIXED_LAG,UNKNOWN,UNKNOWN,data\raw\isyatirim_cache\PASEU_2021_XI_29.json,satislar;ebitda;op_gelir;net_kar;cfo;fcf;ozkaynaklar;toplam_borc;net_borc;nakit;toplam_aktif,toplam_borc;net_borc;ebitda;ihracat_orani;piyasa_degeri;pb;roe;roa;ev;ev_ebitda;fcf_verim
PASEU.IS,2022Q1,2022-03-31,XI_29,isyatirim_pit,,,2026-09-07T22:37:32.379763126,,,2022-05-15,APPROXIMATE_FIXED_LAG,UNKNOWN,UNKNOWN,data\raw\isyatirim_cache\PASEU_2022_XI_29.json,satislar;ebitda;op_gelir;net_kar;cfo;fcf;ozkaynaklar;toplam_borc;net_borc;nakit;toplam_aktif,toplam_borc;net_borc;ebitda;ihracat_orani;piyasa_degeri;pb;roe;roa;ev;ev_ebitda;fcf_verim
PASEU.IS,2022Q2,2022-06-30,XI_29,isyatirim_pit,,,2026-09-07T22:37:32.379763126,,,2022-08-15,APPROXIMATE_FIXED_LAG,UNKNOWN,UNKNOWN,data\raw\isyatirim_cache\PASEU_2022_XI_29.json,satislar;ebitda;op_gelir;net_kar;cfo;fcf;ozkaynaklar;toplam_borc;net_borc;nakit;toplam_aktif,toplam_borc;net_borc;ebitda;ihracat_orani;piyasa_degeri;pb;roe;roa;ev;ev_ebitda;fcf_verim
PASEU.IS,2022Q3,2022-09-30,XI_29,isyatirim_pit,,,2026-09-07T22:37:32.379763126,,,2022-11-15,APPROXIMATE_FIXED_LAG,UNKNOWN,UNKNOWN,data\raw\isyatirim_cache\PASEU_2022_XI_29.json,satislar;ebitda;op_gelir;net_kar;cfo;fcf;ozkaynaklar;toplam_borc;net_borc;nakit;toplam_aktif,toplam_borc;net_borc;ebitda;ihracat_orani;piyasa_degeri;pb;roe;roa;ev;ev_ebitda;fcf_verim
PASEU.IS,2022Q4,2022-12-31,XI_29,isyatirim_pit,,,2026-09-07T22:37:32.379763126,,,2023-03-15,APPROXIMATE_FIXED_LAG,UNKNOWN,UNKNOWN,data\raw\isyatirim_cache\PASEU_2022_XI_29.json,satislar;ebitda;op_gelir;net_kar;cfo;fcf;ozkaynaklar;toplam_borc;net_borc;nakit;toplam_aktif,toplam_borc;net_borc;ebitda;ihracat_orani;piyasa_degeri;pb;roe;roa;ev;ev_ebitda;fcf_verim
PASEU.IS,2023Q1,2023-03-31,XI_29,isyatirim_pit,,,2026-09-07T22:37:32.508189201,,,2023-05-15,APPROXIMATE_FIXED_LAG,UNKNOWN,UNKNOWN,data\raw\isyatirim_cache\PASEU_2023_XI_29.json,satislar;ebitda;op_gelir;net_kar;cfo;fcf;ozkaynaklar;toplam_borc;net_borc;nakit;toplam_aktif,toplam_borc;net_borc;ebitda;ihracat_orani;piyasa_degeri;pb;roe;roa;ev;ev_ebitda;fcf_verim
PASEU.IS,2023Q2,2023-06-30,XI_29,isyatirim_pit,,,2026-09-07T22:37:32.508189201,,,2023-08-15,APPROXIMATE_FIXED_LAG,UNKNOWN,UNKNOWN,data\raw\isyatirim_cache\PASEU_2023_XI_29.json,satislar;ebitda;op_gelir;net_kar;cfo;fcf;ozkaynaklar;toplam_borc;net_borc;nakit;toplam_aktif,toplam_borc;net_borc;ebitda;ihracat_orani;piyasa_degeri;pb;roe;roa;ev;ev_ebitda;fcf_verim
PASEU.IS,2023Q3,2023-09-30,XI_29,isyatirim_pit,,,2026-09-07T22:37:32.508189201,,,2023-11-15,APPROXIMATE_FIXED_LAG,UNKNOWN,UNKNOWN,data\raw\isyatirim_cache\PASEU_2023_XI_29.json,satislar;ebitda;op_gelir;net_kar;cfo;fcf;ozkaynaklar;toplam_borc;net_borc;nakit;toplam_aktif,toplam_borc;net_borc;ebitda;ihracat_orani;piyasa_degeri;pb;roe;roa;ev;ev_ebitda;fcf_verim
PASEU.IS,2023Q4,2023-12-31,XI_29,isyatirim_pit,,,2026-09-07T22:37:32.508189201,,,2024-03-15,APPROXIMATE_FIXED_LAG,UNKNOWN,UNKNOWN,data\raw\isyatirim_cache\PASEU_2023_XI_29.json,satislar;ebitda;op_gelir;net_kar;cfo;fcf;ozkaynaklar;toplam_borc;net_borc;nakit;toplam_aktif,toplam_borc;net_borc;ebitda;ihracat_orani;piyasa_degeri;pb;roe;roa;ev;ev_ebitda;fcf_verim
PASEU.IS,2024Q1,2024-03-31,XI_29,isyatirim_pit,,,2026-09-07T22:37:32.595387936,,,2024-05-15,APPROXIMATE_FIXED_LAG,UNKNOWN,UNKNOWN,data\raw\isyatirim_cache\PASEU_2024_XI_29.json,satislar;ebitda;op_gelir;net_kar;cfo;fcf;ozkaynaklar;toplam_borc;net_borc;nakit;toplam_aktif,toplam_borc;net_borc;ebitda;ihracat_orani;piyasa_degeri;pb;roe;roa;ev;ev_ebitda;fcf_verim
PASEU.IS,2024Q2,2024-06-30,XI_29,isyatirim_pit,,,2026-09-07T22:37:32.595387936,,,2024-08-15,APPROXIMATE_FIXED_LAG,UNKNOWN,UNKNOWN,data\raw\isyatirim_cache\PASEU_2024_XI_29.json,satislar;ebitda;op_gelir;net_kar;cfo;fcf;ozkaynaklar;toplam_borc;net_borc;nakit;toplam_aktif,toplam_borc;net_borc;ebitda;ihracat_orani;piyasa_degeri;pb;roe;roa;ev;ev_ebitda;fcf_verim
PASEU.IS,2024Q3,2024-09-30,XI_29,isyatirim_pit,,,2026-09-07T22:37:32.595387936,,,2024-11-15,APPROXIMATE_FIXED_LAG,UNKNOWN,UNKNOWN,data\raw\isyatirim_cache\PASEU_2024_XI_29.json,satislar;ebitda;op_gelir;net_kar;cfo;fcf;ozkaynaklar;toplam_borc;net_borc;nakit;toplam_aktif,toplam_borc;net_borc;ebitda;ihracat_orani;piyasa_degeri;pb;roe;roa;ev;ev_ebitda;fcf_verim
PASEU.IS,2024Q4,2024-12-31,XI_29,isyatirim_pit,,,2026-09-07T22:37:32.595387936,,,2025-03-15,APPROXIMATE_FIXED_LAG,UNKNOWN,UNKNOWN,data\raw\isyatirim_cache\PASEU_2024_XI_29.json,satislar;ebitda;op_gelir;net_kar;cfo;fcf;ozkaynaklar;toplam_borc;net_borc;nakit;toplam_aktif,toplam_borc;net_borc;ebitda;ihracat_orani;piyasa_degeri;pb;roe;roa;ev;ev_ebitda;fcf_verim
PASEU.IS,2025Q1,2025-03-31,XI_29,isyatirim_pit,,,2026-09-07T22:37:32.734880209,,,2025-05-15,APPROXIMATE_FIXED_LAG,UNKNOWN,UNKNOWN,data\raw\isyatirim_cache\PASEU_2025_XI_29.json,satislar;ebitda;op_gelir;net_kar;cfo;fcf;ozkaynaklar;toplam_borc;net_borc;nakit;toplam_aktif,toplam_borc;net_borc;ebitda;ihracat_orani;piyasa_degeri;pb;roe;roa;ev;ev_ebitda;fcf_verim
PASEU.IS,2025Q2,2025-06-30,XI_29,isyatirim_pit,,,2026-09-07T22:37:32.734880209,,,2025-08-15,APPROXIMATE_FIXED_LAG,UNKNOWN,UNKNOWN,data\raw\isyatirim_cache\PASEU_2025_XI_29.json,satislar;ebitda;op_gelir;net_kar;cfo;fcf;ozkaynaklar;toplam_borc;net_borc;nakit;toplam_aktif,toplam_borc;net_borc;ebitda;ihracat_orani;piyasa_degeri;pb;roe;roa;ev;ev_ebitda;fcf_verim
PASEU.IS,2025Q3,2025-09-30,XI_29,isyatirim_pit,,,2026-09-07T22:37:32.734880209,,,2025-11-15,APPROXIMATE_FIXED_LAG,UNKNOWN,UNKNOWN,data\raw\isyatirim_cache\PASEU_2025_XI_29.json,satislar;ebitda;op_gelir;net_kar;cfo;fcf;ozkaynaklar;toplam_borc;net_borc;nakit;toplam_aktif,toplam_borc;net_borc;ebitda;ihracat_orani;piyasa_degeri;pb;roe;roa;ev;ev_ebitda;fcf_verim
PASEU.IS,2025Q4,2025-12-31,XI_29,isyatirim_pit,,,2026-09-07T22:37:32.734880209,,,2026-03-15,APPROXIMATE_FIXED_LAG,UNKNOWN,UNKNOWN,data\raw\isyatirim_cache\PASEU_2025_XI_29.json,satislar;ebitda;op_gelir;net_kar;cfo;fcf;ozkaynaklar;toplam_borc;net_borc;nakit;toplam_aktif,toplam_borc;net_borc;ebitda;ihracat_orani;piyasa_degeri;pb;roe;roa;ev;ev_ebitda;fcf_verim
PASEU.IS,2026Q1,2026-03-31,XI_29,isyatirim_pit,,,2026-09-07T22:37:32.869371176,,,2026-05-15,APPROXIMATE_FIXED_LAG,UNKNOWN,UNKNOWN,data\raw\isyatirim_cache\PASEU_2026_XI_29.json,satislar;ebitda;op_gelir;net_kar;cfo;fcf;ozkaynaklar;toplam_borc;net_borc;nakit;toplam_aktif,toplam_borc;net_borc;ebitda;ihracat_orani;piyasa_degeri;pb;roe;roa;ev;ev_ebitda;fcf_verim
PASEU.IS,2026Q2,2026-06-30,XI_29,isyatirim_pit,,,2026-09-07T22:37:32.869371176,,,2026-08-15,APPROXIMATE_FIXED_LAG,UNKNOWN,UNKNOWN,data\raw\isyatirim_cache\PASEU_2026_XI_29.json,satislar;ebitda;op_gelir;net_kar;cfo;fcf;ozkaynaklar;toplam_borc;net_borc;nakit;toplam_aktif,toplam_borc;net_borc;ebitda;ihracat_orani;piyasa_degeri;pb;roe;roa;ev;ev_ebitda;fcf_verim
PETKM.IS,2018Q1,2018-03-31,XI_29,isyatirim_pit,,,2026-09-07T22:37:06.582116604,,,2018-05-15,APPROXIMATE_FIXED_LAG,UNKNOWN,UNKNOWN,data\raw\isyatirim_cache\PETKM_2018_XI_29.json,satislar;ebitda;op_gelir;net_kar;cfo;fcf;ozkaynaklar;toplam_borc;net_borc;nakit;toplam_aktif,toplam_borc;net_borc;ebitda;ihracat_orani;piyasa_degeri;pb;roe;roa;ev;ev_ebitda;fcf_verim
PETKM.IS,2018Q2,2018-06-30,XI_29,isyatirim_pit,,,2026-09-07T22:37:06.582116604,,,2018-08-15,APPROXIMATE_FIXED_LAG,UNKNOWN,UNKNOWN,data\raw\isyatirim_cache\PETKM_2018_XI_29.json,satislar;ebitda;op_gelir;net_kar;cfo;fcf;ozkaynaklar;toplam_borc;net_borc;nakit;toplam_aktif,toplam_borc;net_borc;ebitda;ihracat_orani;piyasa_degeri;pb;roe;roa;ev;ev_ebitda;fcf_verim
PETKM.IS,2018Q3,2018-09-30,XI_29,isyatirim_pit,,,2026-09-07T22:37:06.582116604,,,2018-11-15,APPROXIMATE_FIXED_LAG,UNKNOWN,UNKNOWN,data\raw\isyatirim_cache\PETKM_2018_XI_29.json,satislar;ebitda;op_gelir;net_kar;cfo;fcf;ozkaynaklar;toplam_borc;net_borc;nakit;toplam_aktif,toplam_borc;net_borc;ebitda;ihracat_orani;piyasa_degeri;pb;roe;roa;ev;ev_ebitda;fcf_verim
PETKM.IS,2018Q4,2018-12-31,XI_29,isyatirim_pit,,,2026-09-07T22:37:06.582116604,,,2019-03-15,APPROXIMATE_FIXED_LAG,UNKNOWN,UNKNOWN,data\raw\isyatirim_cache\PETKM_2018_XI_29.json,satislar;ebitda;op_gelir;net_kar;cfo;fcf;ozkaynaklar;toplam_borc;net_borc;nakit;toplam_aktif,toplam_borc;net_borc;ebitda;ihracat_orani;piyasa_degeri;pb;roe;roa;ev;ev_ebitda;fcf_verim
PETKM.IS,2019Q1,2019-03-31,XI_29,isyatirim_pit,,,2026-09-07T22:37:06.718683958,,,2019-05-15,APPROXIMATE_FIXED_LAG,UNKNOWN,UNKNOWN,data\raw\isyatirim_cache\PETKM_2019_XI_29.json,satislar;ebitda;op_gelir;net_kar;cfo;fcf;ozkaynaklar;toplam_borc;net_borc;nakit;toplam_aktif,toplam_borc;net_borc;ebitda;ihracat_orani;piyasa_degeri;pb;roe;roa;ev;ev_ebitda;fcf_verim
PETKM.IS,2019Q2,2019-06-30,XI_29,isyatirim_pit,,,2026-09-07T22:37:06.718683958,,,2019-08-15,APPROXIMATE_FIXED_LAG,UNKNOWN,UNKNOWN,data\raw\isyatirim_cache\PETKM_2019_XI_29.json,satislar;ebitda;op_gelir;net_kar;cfo;fcf;ozkaynaklar;toplam_borc;net_borc;nakit;toplam_aktif,toplam_borc;net_borc;ebitda;ihracat_orani;piyasa_degeri;pb;roe;roa;ev;ev_ebitda;fcf_verim
PETKM.IS,2019Q3,2019-09-30,XI_29,isyatirim_pit,,,2026-09-07T22:37:06.718683958,,,2019-11-15,APPROXIMATE_FIXED_LAG,UNKNOWN,UNKNOWN,data\raw\isyatirim_cache\PETKM_2019_XI_29.json,satislar;ebitda;op_gelir;net_kar;cfo;fcf;ozkaynaklar;toplam_borc;net_borc;nakit;toplam_aktif,toplam_borc;net_borc;ebitda;ihracat_orani;piyasa_degeri;pb;roe;roa;ev;ev_ebitda;fcf_verim
PETKM.IS,2019Q4,2019-12-31,XI_29,isyatirim_pit,,,2026-09-07T22:37:06.718683958,,,2020-03-15,APPROXIMATE_FIXED_LAG,UNKNOWN,UNKNOWN,data\raw\isyatirim_cache\PETKM_2019_XI_29.json,satislar;ebitda;op_gelir;net_kar;cfo;fcf;ozkaynaklar;toplam_borc;net_borc;nakit;toplam_aktif,toplam_borc;net_borc;ebitda;ihracat_orani;piyasa_degeri;pb;roe;roa;ev;ev_ebitda;fcf_verim
PETKM.IS,2020Q1,2020-03-31,XI_29,isyatirim_pit,,,2026-09-07T22:37:06.849866629,,,2020-05-15,APPROXIMATE_FIXED_LAG,UNKNOWN,UNKNOWN,data\raw\isyatirim_cache\PETKM_2020_XI_29.json,satislar;ebitda;op_gelir;net_kar;cfo;fcf;ozkaynaklar;toplam_borc;net_borc;nakit;toplam_aktif,toplam_borc;net_borc;ebitda;ihracat_orani;piyasa_degeri;pb;roe;roa;ev;ev_ebitda;fcf_verim
PETKM.IS,2020Q2,2020-06-30,XI_29,isyatirim_pit,,,2026-09-07T22:37:06.849866629,,,2020-08-15,APPROXIMATE_FIXED_LAG,UNKNOWN,UNKNOWN,data\raw\isyatirim_cache\PETKM_2020_XI_29.json,satislar;ebitda;op_gelir;net_kar;cfo;fcf;ozkaynaklar;toplam_borc;net_borc;nakit;toplam_aktif,toplam_borc;net_borc;ebitda;ihracat_orani;piyasa_degeri;pb;roe;roa;ev;ev_ebitda;fcf_verim
PETKM.IS,2020Q3,2020-09-30,XI_29,isyatirim_pit,,,2026-09-07T22:37:06.849866629,,,2020-11-15,APPROXIMATE_FIXED_LAG,UNKNOWN,UNKNOWN,data\raw\isyatirim_cache\PETKM_2020_XI_29.json,satislar;ebitda;op_gelir;net_kar;cfo;fcf;ozkaynaklar;toplam_borc;net_borc;nakit;toplam_aktif,toplam_borc;net_borc;ebitda;ihracat_orani;piyasa_degeri;pb;roe;roa;ev;ev_ebitda;fcf_verim
PETKM.IS,2020Q4,2020-12-31,XI_29,isyatirim_pit,,,2026-09-07T22:37:06.849866629,,,2021-03-15,APPROXIMATE_FIXED_LAG,UNKNOWN,UNKNOWN,data\raw\isyatirim_cache\PETKM_2020_XI_29.json,satislar;ebitda;op_gelir;net_kar;cfo;fcf;ozkaynaklar;toplam_borc;net_borc;nakit;toplam_aktif,toplam_borc;net_borc;ebitda;ihracat_orani;piyasa_degeri;pb;roe;roa;ev;ev_ebitda;fcf_verim
PETKM.IS,2021Q1,2021-03-31,XI_29,isyatirim_pit,,,2026-09-07T22:37:06.982855797,,,2021-05-15,APPROXIMATE_FIXED_LAG,UNKNOWN,UNKNOWN,data\raw\isyatirim_cache\PETKM_2021_XI_29.json,satislar;ebitda;op_gelir;net_kar;cfo;fcf;ozkaynaklar;toplam_borc;net_borc;nakit;toplam_aktif,toplam_borc;net_borc;ebitda;ihracat_orani;piyasa_degeri;pb;roe;roa;ev;ev_ebitda;fcf_verim
PETKM.IS,2021Q2,2021-06-30,XI_29,isyatirim_pit,,,2026-09-07T22:37:06.982855797,,,2021-08-15,APPROXIMATE_FIXED_LAG,UNKNOWN,UNKNOWN,data\raw\isyatirim_cache\PETKM_2021_XI_29.json,satislar;ebitda;op_gelir;net_kar;cfo;fcf;ozkaynaklar;toplam_borc;net_borc;nakit;toplam_aktif,toplam_borc;net_borc;ebitda;ihracat_orani;piyasa_degeri;pb;roe;roa;ev;ev_ebitda;fcf_verim
PETKM.IS,2021Q3,2021-09-30,XI_29,isyatirim_pit,,,2026-09-07T22:37:06.982855797,,,2021-11-15,APPROXIMATE_FIXED_LAG,UNKNOWN,UNKNOWN,data\raw\isyatirim_cache\PETKM_2021_XI_29.json,satislar;ebitda;op_gelir;net_kar;cfo;fcf;ozkaynaklar;toplam_borc;net_borc;nakit;toplam_aktif,toplam_borc;net_borc;ebitda;ihracat_orani;piyasa_degeri;pb;roe;roa;ev;ev_ebitda;fcf_verim
PETKM.IS,2021Q4,2021-12-31,XI_29,isyatirim_pit,,,2026-09-07T22:37:06.982855797,,,2022-03-15,APPROXIMATE_FIXED_LAG,UNKNOWN,UNKNOWN,data\raw\isyatirim_cache\PETKM_2021_XI_29.json,satislar;ebitda;op_gelir;net_kar;cfo;fcf;ozkaynaklar;toplam_borc;net_borc;nakit;toplam_aktif,toplam_borc;net_borc;ebitda;ihracat_orani;piyasa_degeri;pb;roe;roa;ev;ev_ebitda;fcf_verim
PETKM.IS,2022Q1,2022-03-31,XI_29,isyatirim_pit,,,2026-09-07T22:37:07.113707781,,,2022-05-15,APPROXIMATE_FIXED_LAG,UNKNOWN,UNKNOWN,data\raw\isyatirim_cache\PETKM_2022_XI_29.json,satislar;ebitda;op_gelir;net_kar;cfo;fcf;ozkaynaklar;toplam_borc;net_borc;nakit;toplam_aktif,toplam_borc;net_borc;ebitda;ihracat_orani;piyasa_degeri;pb;roe;roa;ev;ev_ebitda;fcf_verim
PETKM.IS,2022Q2,2022-06-30,XI_29,isyatirim_pit,,,2026-09-07T22:37:07.113707781,,,2022-08-15,APPROXIMATE_FIXED_LAG,UNKNOWN,UNKNOWN,data\raw\isyatirim_cache\PETKM_2022_XI_29.json,satislar;ebitda;op_gelir;net_kar;cfo;fcf;ozkaynaklar;toplam_borc;net_borc;nakit;toplam_aktif,toplam_borc;net_borc;ebitda;ihracat_orani;piyasa_degeri;pb;roe;roa;ev;ev_ebitda;fcf_verim
PETKM.IS,2022Q3,2022-09-30,XI_29,isyatirim_pit,,,2026-09-07T22:37:07.113707781,,,2022-11-15,APPROXIMATE_FIXED_LAG,UNKNOWN,UNKNOWN,data\raw\isyatirim_cache\PETKM_2022_XI_29.json,satislar;ebitda;op_gelir;net_kar;cfo;fcf;ozkaynaklar;toplam_borc;net_borc;nakit;toplam_aktif,toplam_borc;net_borc;ebitda;ihracat_orani;piyasa_degeri;pb;roe;roa;ev;ev_ebitda;fcf_verim
PETKM.IS,2022Q4,2022-12-31,XI_29,isyatirim_pit,,,2026-09-07T22:37:07.113707781,,,2023-03-15,APPROXIMATE_FIXED_LAG,UNKNOWN,UNKNOWN,data\raw\isyatirim_cache\PETKM_2022_XI_29.json,satislar;ebitda;op_gelir;net_kar;cfo;fcf;ozkaynaklar;toplam_borc;net_borc;nakit;toplam_aktif,toplam_borc;net_borc;ebitda;ihracat_orani;piyasa_degeri;pb;roe;roa;ev;ev_ebitda;fcf_verim
PETKM.IS,2023Q1,2023-03-31,XI_29,isyatirim_pit,,,2026-09-07T22:37:07.256868839,,,2023-05-15,APPROXIMATE_FIXED_LAG,UNKNOWN,UNKNOWN,data\raw\isyatirim_cache\PETKM_2023_XI_29.json,satislar;ebitda;op_gelir;net_kar;cfo;fcf;ozkaynaklar;toplam_borc;net_borc;nakit;toplam_aktif,toplam_borc;net_borc;ebitda;ihracat_orani;piyasa_degeri;pb;roe;roa;ev;ev_ebitda;fcf_verim
PETKM.IS,2023Q2,2023-06-30,XI_29,isyatirim_pit,,,2026-09-07T22:37:07.256868839,,,2023-08-15,APPROXIMATE_FIXED_LAG,UNKNOWN,UNKNOWN,data\raw\isyatirim_cache\PETKM_2023_XI_29.json,satislar;ebitda;op_gelir;net_kar;cfo;fcf;ozkaynaklar;toplam_borc;net_borc;nakit;toplam_aktif,toplam_borc;net_borc;ebitda;ihracat_orani;piyasa_degeri;pb;roe;roa;ev;ev_ebitda;fcf_verim
PETKM.IS,2023Q3,2023-09-30,XI_29,isyatirim_pit,,,2026-09-07T22:37:07.256868839,,,2023-11-15,APPROXIMATE_FIXED_LAG,UNKNOWN,UNKNOWN,data\raw\isyatirim_cache\PETKM_2023_XI_29.json,satislar;ebitda;op_gelir;net_kar;cfo;fcf;ozkaynaklar;toplam_borc;net_borc;nakit;toplam_aktif,toplam_borc;net_borc;ebitda;ihracat_orani;piyasa_degeri;pb;roe;roa;ev;ev_ebitda;fcf_verim
PETKM.IS,2023Q4,2023-12-31,XI_29,isyatirim_pit,,,2026-09-07T22:37:07.256868839,,,2024-03-15,APPROXIMATE_FIXED_LAG,UNKNOWN,UNKNOWN,data\raw\isyatirim_cache\PETKM_2023_XI_29.json,satislar;ebitda;op_gelir;net_kar;cfo;fcf;ozkaynaklar;toplam_borc;net_borc;nakit;toplam_aktif,toplam_borc;net_borc;ebitda;ihracat_orani;piyasa_degeri;pb;roe;roa;ev;ev_ebitda;fcf_verim
PETKM.IS,2024Q1,2024-03-31,XI_29,isyatirim_pit,,,2026-09-07T22:37:07.345043182,,,2024-05-15,APPROXIMATE_FIXED_LAG,UNKNOWN,UNKNOWN,data\raw\isyatirim_cache\PETKM_2024_XI_29.json,satislar;ebitda;op_gelir;net_kar;cfo;fcf;ozkaynaklar;toplam_borc;net_borc;nakit;toplam_aktif,toplam_borc;net_borc;ebitda;ihracat_orani;piyasa_degeri;pb;roe;roa;ev;ev_ebitda;fcf_verim
PETKM.IS,2024Q2,2024-06-30,XI_29,isyatirim_pit,,,2026-09-07T22:37:07.345043182,,,2024-08-15,APPROXIMATE_FIXED_LAG,UNKNOWN,UNKNOWN,data\raw\isyatirim_cache\PETKM_2024_XI_29.json,satislar;ebitda;op_gelir;net_kar;cfo;fcf;ozkaynaklar;toplam_borc;net_borc;nakit;toplam_aktif,toplam_borc;net_borc;ebitda;ihracat_orani;piyasa_degeri;pb;roe;roa;ev;ev_ebitda;fcf_verim
PETKM.IS,2024Q3,2024-09-30,XI_29,isyatirim_pit,,,2026-09-07T22:37:07.345043182,,,2024-11-15,APPROXIMATE_FIXED_LAG,UNKNOWN,UNKNOWN,data\raw\isyatirim_cache\PETKM_2024_XI_29.json,satislar;ebitda;op_gelir;net_kar;cfo;fcf;ozkaynaklar;toplam_borc;net_borc;nakit;toplam_aktif,toplam_borc;net_borc;ebitda;ihracat_orani;piyasa_degeri;pb;roe;roa;ev;ev_ebitda;fcf_verim
PETKM.IS,2024Q4,2024-12-31,XI_29,isyatirim_pit,,,2026-09-07T22:37:07.345043182,,,2025-03-15,APPROXIMATE_FIXED_LAG,UNKNOWN,UNKNOWN,data\raw\isyatirim_cache\PETKM_2024_XI_29.json,satislar;ebitda;op_gelir;net_kar;cfo;fcf;ozkaynaklar;toplam_borc;net_borc;nakit;toplam_aktif,toplam_borc;net_borc;ebitda;ihracat_orani;piyasa_degeri;pb;roe;roa;ev;ev_ebitda;fcf_verim
PETKM.IS,2025Q1,2025-03-31,XI_29,isyatirim_pit,,,2026-09-07T22:37:07.494979858,,,2025-05-15,APPROXIMATE_FIXED_LAG,UNKNOWN,UNKNOWN,data\raw\isyatirim_cache\PETKM_2025_XI_29.json,satislar;ebitda;op_gelir;net_kar;cfo;fcf;ozkaynaklar;toplam_borc;net_borc;nakit;toplam_aktif,toplam_borc;net_borc;ebitda;ihracat_orani;piyasa_degeri;pb;roe;roa;ev;ev_ebitda;fcf_verim
PETKM.IS,2025Q2,2025-06-30,XI_29,isyatirim_pit,,,2026-09-07T22:37:07.494979858,,,2025-08-15,APPROXIMATE_FIXED_LAG,UNKNOWN,UNKNOWN,data\raw\isyatirim_cache\PETKM_2025_XI_29.json,satislar;ebitda;op_gelir;net_kar;cfo;fcf;ozkaynaklar;toplam_borc;net_borc;nakit;toplam_aktif,toplam_borc;net_borc;ebitda;ihracat_orani;piyasa_degeri;pb;roe;roa;ev;ev_ebitda;fcf_verim
PETKM.IS,2025Q3,2025-09-30,XI_29,isyatirim_pit,,,2026-09-07T22:37:07.494979858,,,2025-11-15,APPROXIMATE_FIXED_LAG,UNKNOWN,UNKNOWN,data\raw\isyatirim_cache\PETKM_2025_XI_29.json,satislar;ebitda;op_gelir;net_kar;cfo;fcf;ozkaynaklar;toplam_borc;net_borc;nakit;toplam_aktif,toplam_borc;net_borc;ebitda;ihracat_orani;piyasa_degeri;pb;roe;roa;ev;ev_ebitda;fcf_verim
PETKM.IS,2025Q4,2025-12-31,XI_29,isyatirim_pit,,,2026-09-07T22:37:07.494979858,,,2026-03-15,APPROXIMATE_FIXED_LAG,UNKNOWN,UNKNOWN,data\raw\isyatirim_cache\PETKM_2025_XI_29.json,satislar;ebitda;op_gelir;net_kar;cfo;fcf;ozkaynaklar;toplam_borc;net_borc;nakit;toplam_aktif,toplam_borc;net_borc;ebitda;ihracat_orani;piyasa_degeri;pb;roe;roa;ev;ev_ebitda;fcf_verim
PETKM.IS,2026Q1,2026-03-31,XI_29,isyatirim_pit,,,2026-09-07T22:37:07.618166447,,,2026-05-15,APPROXIMATE_FIXED_LAG,UNKNOWN,UNKNOWN,data\raw\isyatirim_cache\PETKM_2026_XI_29.json,satislar;ebitda;op_gelir;net_kar;cfo;fcf;ozkaynaklar;toplam_borc;net_borc;nakit;toplam_aktif,toplam_borc;net_borc;ebitda;ihracat_orani;piyasa_degeri;pb;roe;roa;ev;ev_ebitda;fcf_verim
PETKM.IS,2026Q2,2026-06-30,XI_29,isyatirim_pit,,,2026-09-07T22:37:07.618166447,,,2026-08-15,APPROXIMATE_FIXED_LAG,UNKNOWN,UNKNOWN,data\raw\isyatirim_cache\PETKM_2026_XI_29.json,satislar;ebitda;op_gelir;net_kar;cfo;fcf;ozkaynaklar;toplam_borc;net_borc;nakit;toplam_aktif,toplam_borc;net_borc;ebitda;ihracat_orani;piyasa_degeri;pb;roe;roa;ev;ev_ebitda;fcf_verim
PGSUS.IS,2018Q1,2018-03-31,XI_29,isyatirim_pit,,,2026-09-07T22:37:02.179379225,,,2018-05-15,APPROXIMATE_FIXED_LAG,UNKNOWN,UNKNOWN,data\raw\isyatirim_cache\PGSUS_2018_XI_29.json,satislar;ebitda;op_gelir;net_kar;cfo;fcf;ozkaynaklar;toplam_borc;net_borc;nakit;toplam_aktif,toplam_borc;net_borc;ebitda;ihracat_orani;piyasa_degeri;pb;roe;roa;ev;ev_ebitda;fcf_verim
PGSUS.IS,2018Q2,2018-06-30,XI_29,isyatirim_pit,,,2026-09-07T22:37:02.179379225,,,2018-08-15,APPROXIMATE_FIXED_LAG,UNKNOWN,UNKNOWN,data\raw\isyatirim_cache\PGSUS_2018_XI_29.json,satislar;ebitda;op_gelir;net_kar;cfo;fcf;ozkaynaklar;toplam_borc;net_borc;nakit;toplam_aktif,toplam_borc;net_borc;ebitda;ihracat_orani;piyasa_degeri;pb;roe;roa;ev;ev_ebitda;fcf_verim
PGSUS.IS,2018Q3,2018-09-30,XI_29,isyatirim_pit,,,2026-09-07T22:37:02.179379225,,,2018-11-15,APPROXIMATE_FIXED_LAG,UNKNOWN,UNKNOWN,data\raw\isyatirim_cache\PGSUS_2018_XI_29.json,satislar;ebitda;op_gelir;net_kar;cfo;fcf;ozkaynaklar;toplam_borc;net_borc;nakit;toplam_aktif,toplam_borc;net_borc;ebitda;ihracat_orani;piyasa_degeri;pb;roe;roa;ev;ev_ebitda;fcf_verim
PGSUS.IS,2018Q4,2018-12-31,XI_29,isyatirim_pit,,,2026-09-07T22:37:02.179379225,,,2019-03-15,APPROXIMATE_FIXED_LAG,UNKNOWN,UNKNOWN,data\raw\isyatirim_cache\PGSUS_2018_XI_29.json,satislar;ebitda;op_gelir;net_kar;cfo;fcf;ozkaynaklar;toplam_borc;net_borc;nakit;toplam_aktif,toplam_borc;net_borc;ebitda;ihracat_orani;piyasa_degeri;pb;roe;roa;ev;ev_ebitda;fcf_verim
PGSUS.IS,2019Q1,2019-03-31,XI_29,isyatirim_pit,,,2026-09-07T22:37:02.314351797,,,2019-05-15,APPROXIMATE_FIXED_LAG,UNKNOWN,UNKNOWN,data\raw\isyatirim_cache\PGSUS_2019_XI_29.json,satislar;ebitda;op_gelir;net_kar;cfo;fcf;ozkaynaklar;toplam_borc;net_borc;nakit;toplam_aktif,toplam_borc;net_borc;ebitda;ihracat_orani;piyasa_degeri;pb;roe;roa;ev;ev_ebitda;fcf_verim
PGSUS.IS,2019Q2,2019-06-30,XI_29,isyatirim_pit,,,2026-09-07T22:37:02.314351797,,,2019-08-15,APPROXIMATE_FIXED_LAG,UNKNOWN,UNKNOWN,data\raw\isyatirim_cache\PGSUS_2019_XI_29.json,satislar;ebitda;op_gelir;net_kar;cfo;fcf;ozkaynaklar;toplam_borc;net_borc;nakit;toplam_aktif,toplam_borc;net_borc;ebitda;ihracat_orani;piyasa_degeri;pb;roe;roa;ev;ev_ebitda;fcf_verim
PGSUS.IS,2019Q3,2019-09-30,XI_29,isyatirim_pit,,,2026-09-07T22:37:02.314351797,,,2019-11-15,APPROXIMATE_FIXED_LAG,UNKNOWN,UNKNOWN,data\raw\isyatirim_cache\PGSUS_2019_XI_29.json,satislar;ebitda;op_gelir;net_kar;cfo;fcf;ozkaynaklar;toplam_borc;net_borc;nakit;toplam_aktif,toplam_borc;net_borc;ebitda;ihracat_orani;piyasa_degeri;pb;roe;roa;ev;ev_ebitda;fcf_verim
PGSUS.IS,2019Q4,2019-12-31,XI_29,isyatirim_pit,,,2026-09-07T22:37:02.314351797,,,2020-03-15,APPROXIMATE_FIXED_LAG,UNKNOWN,UNKNOWN,data\raw\isyatirim_cache\PGSUS_2019_XI_29.json,satislar;ebitda;op_gelir;net_kar;cfo;fcf;ozkaynaklar;toplam_borc;net_borc;nakit;toplam_aktif,toplam_borc;net_borc;ebitda;ihracat_orani;piyasa_degeri;pb;roe;roa;ev;ev_ebitda;fcf_verim
PGSUS.IS,2020Q1,2020-03-31,XI_29,isyatirim_pit,,,2026-09-07T22:37:02.447457552,,,2020-05-15,APPROXIMATE_FIXED_LAG,UNKNOWN,UNKNOWN,data\raw\isyatirim_cache\PGSUS_2020_XI_29.json,satislar;ebitda;op_gelir;net_kar;cfo;fcf;ozkaynaklar;toplam_borc;net_borc;nakit;toplam_aktif,toplam_borc;net_borc;ebitda;ihracat_orani;piyasa_degeri;pb;roe;roa;ev;ev_ebitda;fcf_verim
PGSUS.IS,2020Q2,2020-06-30,XI_29,isyatirim_pit,,,2026-09-07T22:37:02.447457552,,,2020-08-15,APPROXIMATE_FIXED_LAG,UNKNOWN,UNKNOWN,data\raw\isyatirim_cache\PGSUS_2020_XI_29.json,satislar;ebitda;op_gelir;net_kar;cfo;fcf;ozkaynaklar;toplam_borc;net_borc;nakit;toplam_aktif,toplam_borc;net_borc;ebitda;ihracat_orani;piyasa_degeri;pb;roe;roa;ev;ev_ebitda;fcf_verim
PGSUS.IS,2020Q3,2020-09-30,XI_29,isyatirim_pit,,,2026-09-07T22:37:02.447457552,,,2020-11-15,APPROXIMATE_FIXED_LAG,UNKNOWN,UNKNOWN,data\raw\isyatirim_cache\PGSUS_2020_XI_29.json,satislar;ebitda;op_gelir;net_kar;cfo;fcf;ozkaynaklar;toplam_borc;net_borc;nakit;toplam_aktif,toplam_borc;net_borc;ebitda;ihracat_orani;piyasa_degeri;pb;roe;roa;ev;ev_ebitda;fcf_verim
PGSUS.IS,2020Q4,2020-12-31,XI_29,isyatirim_pit,,,2026-09-07T22:37:02.447457552,,,2021-03-15,APPROXIMATE_FIXED_LAG,UNKNOWN,UNKNOWN,data\raw\isyatirim_cache\PGSUS_2020_XI_29.json,satislar;ebitda;op_gelir;net_kar;cfo;fcf;ozkaynaklar;toplam_borc;net_borc;nakit;toplam_aktif,toplam_borc;net_borc;ebitda;ihracat_orani;piyasa_degeri;pb;roe;roa;ev;ev_ebitda;fcf_verim
PGSUS.IS,2021Q1,2021-03-31,XI_29,isyatirim_pit,,,2026-09-07T22:37:02.629285097,,,2021-05-15,APPROXIMATE_FIXED_LAG,UNKNOWN,UNKNOWN,data\raw\isyatirim_cache\PGSUS_2021_XI_29.json,satislar;ebitda;op_gelir;net_kar;cfo;fcf;ozkaynaklar;toplam_borc;net_borc;nakit;toplam_aktif,toplam_borc;net_borc;ebitda;ihracat_orani;piyasa_degeri;pb;roe;roa;ev;ev_ebitda;fcf_verim
PGSUS.IS,2021Q2,2021-06-30,XI_29,isyatirim_pit,,,2026-09-07T22:37:02.629285097,,,2021-08-15,APPROXIMATE_FIXED_LAG,UNKNOWN,UNKNOWN,data\raw\isyatirim_cache\PGSUS_2021_XI_29.json,satislar;ebitda;op_gelir;net_kar;cfo;fcf;ozkaynaklar;toplam_borc;net_borc;nakit;toplam_aktif,toplam_borc;net_borc;ebitda;ihracat_orani;piyasa_degeri;pb;roe;roa;ev;ev_ebitda;fcf_verim
PGSUS.IS,2021Q3,2021-09-30,XI_29,isyatirim_pit,,,2026-09-07T22:37:02.629285097,,,2021-11-15,APPROXIMATE_FIXED_LAG,UNKNOWN,UNKNOWN,data\raw\isyatirim_cache\PGSUS_2021_XI_29.json,satislar;ebitda;op_gelir;net_kar;cfo;fcf;ozkaynaklar;toplam_borc;net_borc;nakit;toplam_aktif,toplam_borc;net_borc;ebitda;ihracat_orani;piyasa_degeri;pb;roe;roa;ev;ev_ebitda;fcf_verim
PGSUS.IS,2021Q4,2021-12-31,XI_29,isyatirim_pit,,,2026-09-07T22:37:02.629285097,,,2022-03-15,APPROXIMATE_FIXED_LAG,UNKNOWN,UNKNOWN,data\raw\isyatirim_cache\PGSUS_2021_XI_29.json,satislar;ebitda;op_gelir;net_kar;cfo;fcf;ozkaynaklar;toplam_borc;net_borc;nakit;toplam_aktif,toplam_borc;net_borc;ebitda;ihracat_orani;piyasa_degeri;pb;roe;roa;ev;ev_ebitda;fcf_verim
PGSUS.IS,2022Q1,2022-03-31,XI_29,isyatirim_pit,,,2026-09-07T22:37:02.767007351,,,2022-05-15,APPROXIMATE_FIXED_LAG,UNKNOWN,UNKNOWN,data\raw\isyatirim_cache\PGSUS_2022_XI_29.json,satislar;ebitda;op_gelir;net_kar;cfo;fcf;ozkaynaklar;toplam_borc;net_borc;nakit;toplam_aktif,toplam_borc;net_borc;ebitda;ihracat_orani;piyasa_degeri;pb;roe;roa;ev;ev_ebitda;fcf_verim
PGSUS.IS,2022Q2,2022-06-30,XI_29,isyatirim_pit,,,2026-09-07T22:37:02.767007351,,,2022-08-15,APPROXIMATE_FIXED_LAG,UNKNOWN,UNKNOWN,data\raw\isyatirim_cache\PGSUS_2022_XI_29.json,satislar;ebitda;op_gelir;net_kar;cfo;fcf;ozkaynaklar;toplam_borc;net_borc;nakit;toplam_aktif,toplam_borc;net_borc;ebitda;ihracat_orani;piyasa_degeri;pb;roe;roa;ev;ev_ebitda;fcf_verim
PGSUS.IS,2022Q3,2022-09-30,XI_29,isyatirim_pit,,,2026-09-07T22:37:02.767007351,,,2022-11-15,APPROXIMATE_FIXED_LAG,UNKNOWN,UNKNOWN,data\raw\isyatirim_cache\PGSUS_2022_XI_29.json,satislar;ebitda;op_gelir;net_kar;cfo;fcf;ozkaynaklar;toplam_borc;net_borc;nakit;toplam_aktif,toplam_borc;net_borc;ebitda;ihracat_orani;piyasa_degeri;pb;roe;roa;ev;ev_ebitda;fcf_verim
PGSUS.IS,2022Q4,2022-12-31,XI_29,isyatirim_pit,,,2026-09-07T22:37:02.767007351,,,2023-03-15,APPROXIMATE_FIXED_LAG,UNKNOWN,UNKNOWN,data\raw\isyatirim_cache\PGSUS_2022_XI_29.json,satislar;ebitda;op_gelir;net_kar;cfo;fcf;ozkaynaklar;toplam_borc;net_borc;nakit;toplam_aktif,toplam_borc;net_borc;ebitda;ihracat_orani;piyasa_degeri;pb;roe;roa;ev;ev_ebitda;fcf_verim
PGSUS.IS,2023Q1,2023-03-31,XI_29,isyatirim_pit,,,2026-09-07T22:37:03.201094389,,,2023-05-15,APPROXIMATE_FIXED_LAG,UNKNOWN,UNKNOWN,data\raw\isyatirim_cache\PGSUS_2023_XI_29.json,satislar;ebitda;op_gelir;net_kar;cfo;fcf;ozkaynaklar;toplam_borc;net_borc;nakit;toplam_aktif,toplam_borc;net_borc;ebitda;ihracat_orani;piyasa_degeri;pb;roe;roa;ev;ev_ebitda;fcf_verim
PGSUS.IS,2023Q2,2023-06-30,XI_29,isyatirim_pit,,,2026-09-07T22:37:03.201094389,,,2023-08-15,APPROXIMATE_FIXED_LAG,UNKNOWN,UNKNOWN,data\raw\isyatirim_cache\PGSUS_2023_XI_29.json,satislar;ebitda;op_gelir;net_kar;cfo;fcf;ozkaynaklar;toplam_borc;net_borc;nakit;toplam_aktif,toplam_borc;net_borc;ebitda;ihracat_orani;piyasa_degeri;pb;roe;roa;ev;ev_ebitda;fcf_verim
PGSUS.IS,2023Q3,2023-09-30,XI_29,isyatirim_pit,,,2026-09-07T22:37:03.201094389,,,2023-11-15,APPROXIMATE_FIXED_LAG,UNKNOWN,UNKNOWN,data\raw\isyatirim_cache\PGSUS_2023_XI_29.json,satislar;ebitda;op_gelir;net_kar;cfo;fcf;ozkaynaklar;toplam_borc;net_borc;nakit;toplam_aktif,toplam_borc;net_borc;ebitda;ihracat_orani;piyasa_degeri;pb;roe;roa;ev;ev_ebitda;fcf_verim
PGSUS.IS,2023Q4,2023-12-31,XI_29,isyatirim_pit,,,2026-09-07T22:37:03.201094389,,,2024-03-15,APPROXIMATE_FIXED_LAG,UNKNOWN,UNKNOWN,data\raw\isyatirim_cache\PGSUS_2023_XI_29.json,satislar;ebitda;op_gelir;net_kar;cfo;fcf;ozkaynaklar;toplam_borc;net_borc;nakit;toplam_aktif,toplam_borc;net_borc;ebitda;ihracat_orani;piyasa_degeri;pb;roe;roa;ev;ev_ebitda;fcf_verim
PGSUS.IS,2024Q1,2024-03-31,XI_29,isyatirim_pit,,,2026-09-07T22:37:03.291763306,,,2024-05-15,APPROXIMATE_FIXED_LAG,UNKNOWN,UNKNOWN,data\raw\isyatirim_cache\PGSUS_2024_XI_29.json,satislar;ebitda;op_gelir;net_kar;cfo;fcf;ozkaynaklar;toplam_borc;net_borc;nakit;toplam_aktif,toplam_borc;net_borc;ebitda;ihracat_orani;piyasa_degeri;pb;roe;roa;ev;ev_ebitda;fcf_verim
PGSUS.IS,2024Q2,2024-06-30,XI_29,isyatirim_pit,,,2026-09-07T22:37:03.291763306,,,2024-08-15,APPROXIMATE_FIXED_LAG,UNKNOWN,UNKNOWN,data\raw\isyatirim_cache\PGSUS_2024_XI_29.json,satislar;ebitda;op_gelir;net_kar;cfo;fcf;ozkaynaklar;toplam_borc;net_borc;nakit;toplam_aktif,toplam_borc;net_borc;ebitda;ihracat_orani;piyasa_degeri;pb;roe;roa;ev;ev_ebitda;fcf_verim
PGSUS.IS,2024Q3,2024-09-30,XI_29,isyatirim_pit,,,2026-09-07T22:37:03.291763306,,,2024-11-15,APPROXIMATE_FIXED_LAG,UNKNOWN,UNKNOWN,data\raw\isyatirim_cache\PGSUS_2024_XI_29.json,satislar;ebitda;op_gelir;net_kar;cfo;fcf;ozkaynaklar;toplam_borc;net_borc;nakit;toplam_aktif,toplam_borc;net_borc;ebitda;ihracat_orani;piyasa_degeri;pb;roe;roa;ev;ev_ebitda;fcf_verim
PGSUS.IS,2024Q4,2024-12-31,XI_29,isyatirim_pit,,,2026-09-07T22:37:03.291763306,,,2025-03-15,APPROXIMATE_FIXED_LAG,UNKNOWN,UNKNOWN,data\raw\isyatirim_cache\PGSUS_2024_XI_29.json,satislar;ebitda;op_gelir;net_kar;cfo;fcf;ozkaynaklar;toplam_borc;net_borc;nakit;toplam_aktif,toplam_borc;net_borc;ebitda;ihracat_orani;piyasa_degeri;pb;roe;roa;ev;ev_ebitda;fcf_verim
PGSUS.IS,2025Q1,2025-03-31,XI_29,isyatirim_pit,,,2026-09-07T22:37:03.424966097,,,2025-05-15,APPROXIMATE_FIXED_LAG,UNKNOWN,UNKNOWN,data\raw\isyatirim_cache\PGSUS_2025_XI_29.json,satislar;ebitda;op_gelir;net_kar;cfo;fcf;ozkaynaklar;toplam_borc;net_borc;nakit;toplam_aktif,toplam_borc;net_borc;ebitda;ihracat_orani;piyasa_degeri;pb;roe;roa;ev;ev_ebitda;fcf_verim
PGSUS.IS,2025Q2,2025-06-30,XI_29,isyatirim_pit,,,2026-09-07T22:37:03.424966097,,,2025-08-15,APPROXIMATE_FIXED_LAG,UNKNOWN,UNKNOWN,data\raw\isyatirim_cache\PGSUS_2025_XI_29.json,satislar;ebitda;op_gelir;net_kar;cfo;fcf;ozkaynaklar;toplam_borc;net_borc;nakit;toplam_aktif,toplam_borc;net_borc;ebitda;ihracat_orani;piyasa_degeri;pb;roe;roa;ev;ev_ebitda;fcf_verim
PGSUS.IS,2025Q3,2025-09-30,XI_29,isyatirim_pit,,,2026-09-07T22:37:03.424966097,,,2025-11-15,APPROXIMATE_FIXED_LAG,UNKNOWN,UNKNOWN,data\raw\isyatirim_cache\PGSUS_2025_XI_29.json,satislar;ebitda;op_gelir;net_kar;cfo;fcf;ozkaynaklar;toplam_borc;net_borc;nakit;toplam_aktif,toplam_borc;net_borc;ebitda;ihracat_orani;piyasa_degeri;pb;roe;roa;ev;ev_ebitda;fcf_verim
PGSUS.IS,2025Q4,2025-12-31,XI_29,isyatirim_pit,,,2026-09-07T22:37:03.424966097,,,2026-03-15,APPROXIMATE_FIXED_LAG,UNKNOWN,UNKNOWN,data\raw\isyatirim_cache\PGSUS_2025_XI_29.json,satislar;ebitda;op_gelir;net_kar;cfo;fcf;ozkaynaklar;toplam_borc;net_borc;nakit;toplam_aktif,toplam_borc;net_borc;ebitda;ihracat_orani;piyasa_degeri;pb;roe;roa;ev;ev_ebitda;fcf_verim
PGSUS.IS,2026Q1,2026-03-31,XI_29,isyatirim_pit,,,2026-09-07T22:37:03.558511972,,,2026-05-15,APPROXIMATE_FIXED_LAG,UNKNOWN,UNKNOWN,data\raw\isyatirim_cache\PGSUS_2026_XI_29.json,satislar;ebitda;op_gelir;net_kar;cfo;fcf;ozkaynaklar;toplam_borc;net_borc;nakit;toplam_aktif,toplam_borc;net_borc;ebitda;ihracat_orani;piyasa_degeri;pb;roe;roa;ev;ev_ebitda;fcf_verim
PGSUS.IS,2026Q2,2026-06-30,XI_29,isyatirim_pit,,,2026-09-07T22:37:03.558511972,,,2026-08-15,APPROXIMATE_FIXED_LAG,UNKNOWN,UNKNOWN,data\raw\isyatirim_cache\PGSUS_2026_XI_29.json,satislar;ebitda;op_gelir;net_kar;cfo;fcf;ozkaynaklar;toplam_borc;net_borc;nakit;toplam_aktif,toplam_borc;net_borc;ebitda;ihracat_orani;piyasa_degeri;pb;roe;roa;ev;ev_ebitda;fcf_verim
PLTUR.IS,2019Q4,2019-12-31,XI_29,isyatirim_pit,,,2026-09-07T22:37:29.423487902,,,2020-03-15,APPROXIMATE_FIXED_LAG,UNKNOWN,UNKNOWN,data\raw\isyatirim_cache\PLTUR_2019_XI_29.json,satislar;ebitda;op_gelir;net_kar;cfo;fcf;ozkaynaklar;toplam_borc;net_borc;nakit;toplam_aktif,toplam_borc;net_borc;ebitda;ihracat_orani;piyasa_degeri;pb;roe;roa;ev;ev_ebitda;fcf_verim
PLTUR.IS,2020Q4,2020-12-31,XI_29,isyatirim_pit,,,2026-09-07T22:37:29.554824352,,,2021-03-15,APPROXIMATE_FIXED_LAG,UNKNOWN,UNKNOWN,data\raw\isyatirim_cache\PLTUR_2020_XI_29.json,satislar;ebitda;op_gelir;net_kar;cfo;fcf;ozkaynaklar;toplam_borc;net_borc;nakit;toplam_aktif,toplam_borc;net_borc;ebitda;ihracat_orani;piyasa_degeri;pb;roe;roa;ev;ev_ebitda;fcf_verim
PLTUR.IS,2021Q3,2021-09-30,XI_29,isyatirim_pit,,,2026-09-07T22:37:29.707709074,,,2021-11-15,APPROXIMATE_FIXED_LAG,UNKNOWN,UNKNOWN,data\raw\isyatirim_cache\PLTUR_2021_XI_29.json,satislar;ebitda;op_gelir;net_kar;cfo;fcf;ozkaynaklar;toplam_borc;net_borc;nakit;toplam_aktif,toplam_borc;net_borc;ebitda;ihracat_orani;piyasa_degeri;pb;roe;roa;ev;ev_ebitda;fcf_verim
PLTUR.IS,2021Q4,2021-12-31,XI_29,isyatirim_pit,,,2026-09-07T22:37:29.707709074,,,2022-03-15,APPROXIMATE_FIXED_LAG,UNKNOWN,UNKNOWN,data\raw\isyatirim_cache\PLTUR_2021_XI_29.json,satislar;ebitda;op_gelir;net_kar;cfo;fcf;ozkaynaklar;toplam_borc;net_borc;nakit;toplam_aktif,toplam_borc;net_borc;ebitda;ihracat_orani;piyasa_degeri;pb;roe;roa;ev;ev_ebitda;fcf_verim
PLTUR.IS,2022Q1,2022-03-31,XI_29,isyatirim_pit,,,2026-09-07T22:37:29.851161718,,,2022-05-15,APPROXIMATE_FIXED_LAG,UNKNOWN,UNKNOWN,data\raw\isyatirim_cache\PLTUR_2022_XI_29.json,satislar;ebitda;op_gelir;net_kar;cfo;fcf;ozkaynaklar;toplam_borc;net_borc;nakit;toplam_aktif,toplam_borc;net_borc;ebitda;ihracat_orani;piyasa_degeri;pb;roe;roa;ev;ev_ebitda;fcf_verim
PLTUR.IS,2022Q2,2022-06-30,XI_29,isyatirim_pit,,,2026-09-07T22:37:29.851161718,,,2022-08-15,APPROXIMATE_FIXED_LAG,UNKNOWN,UNKNOWN,data\raw\isyatirim_cache\PLTUR_2022_XI_29.json,satislar;ebitda;op_gelir;net_kar;cfo;fcf;ozkaynaklar;toplam_borc;net_borc;nakit;toplam_aktif,toplam_borc;net_borc;ebitda;ihracat_orani;piyasa_degeri;pb;roe;roa;ev;ev_ebitda;fcf_verim
PLTUR.IS,2022Q3,2022-09-30,XI_29,isyatirim_pit,,,2026-09-07T22:37:29.851161718,,,2022-11-15,APPROXIMATE_FIXED_LAG,UNKNOWN,UNKNOWN,data\raw\isyatirim_cache\PLTUR_2022_XI_29.json,satislar;ebitda;op_gelir;net_kar;cfo;fcf;ozkaynaklar;toplam_borc;net_borc;nakit;toplam_aktif,toplam_borc;net_borc;ebitda;ihracat_orani;piyasa_degeri;pb;roe;roa;ev;ev_ebitda;fcf_verim
PLTUR.IS,2022Q4,2022-12-31,XI_29,isyatirim_pit,,,2026-09-07T22:37:29.851161718,,,2023-03-15,APPROXIMATE_FIXED_LAG,UNKNOWN,UNKNOWN,data\raw\isyatirim_cache\PLTUR_2022_XI_29.json,satislar;ebitda;op_gelir;net_kar;cfo;fcf;ozkaynaklar;toplam_borc;net_borc;nakit;toplam_aktif,toplam_borc;net_borc;ebitda;ihracat_orani;piyasa_degeri;pb;roe;roa;ev;ev_ebitda;fcf_verim
PLTUR.IS,2023Q1,2023-03-31,XI_29,isyatirim_pit,,,2026-09-07T22:37:29.976477146,,,2023-05-15,APPROXIMATE_FIXED_LAG,UNKNOWN,UNKNOWN,data\raw\isyatirim_cache\PLTUR_2023_XI_29.json,satislar;ebitda;op_gelir;net_kar;cfo;fcf;ozkaynaklar;toplam_borc;net_borc;nakit;toplam_aktif,toplam_borc;net_borc;ebitda;ihracat_orani;piyasa_degeri;pb;roe;roa;ev;ev_ebitda;fcf_verim
PLTUR.IS,2023Q2,2023-06-30,XI_29,isyatirim_pit,,,2026-09-07T22:37:29.976477146,,,2023-08-15,APPROXIMATE_FIXED_LAG,UNKNOWN,UNKNOWN,data\raw\isyatirim_cache\PLTUR_2023_XI_29.json,satislar;ebitda;op_gelir;net_kar;cfo;fcf;ozkaynaklar;toplam_borc;net_borc;nakit;toplam_aktif,toplam_borc;net_borc;ebitda;ihracat_orani;piyasa_degeri;pb;roe;roa;ev;ev_ebitda;fcf_verim
PLTUR.IS,2023Q3,2023-09-30,XI_29,isyatirim_pit,,,2026-09-07T22:37:29.976477146,,,2023-11-15,APPROXIMATE_FIXED_LAG,UNKNOWN,UNKNOWN,data\raw\isyatirim_cache\PLTUR_2023_XI_29.json,satislar;ebitda;op_gelir;net_kar;cfo;fcf;ozkaynaklar;toplam_borc;net_borc;nakit;toplam_aktif,toplam_borc;net_borc;ebitda;ihracat_orani;piyasa_degeri;pb;roe;roa;ev;ev_ebitda;fcf_verim
PLTUR.IS,2023Q4,2023-12-31,XI_29,isyatirim_pit,,,2026-09-07T22:37:29.976477146,,,2024-03-15,APPROXIMATE_FIXED_LAG,UNKNOWN,UNKNOWN,data\raw\isyatirim_cache\PLTUR_2023_XI_29.json,satislar;ebitda;op_gelir;net_kar;cfo;fcf;ozkaynaklar;toplam_borc;net_borc;nakit;toplam_aktif,toplam_borc;net_borc;ebitda;ihracat_orani;piyasa_degeri;pb;roe;roa;ev;ev_ebitda;fcf_verim
PLTUR.IS,2024Q1,2024-03-31,XI_29,isyatirim_pit,,,2026-09-07T22:37:30.067827940,,,2024-05-15,APPROXIMATE_FIXED_LAG,UNKNOWN,UNKNOWN,data\raw\isyatirim_cache\PLTUR_2024_XI_29.json,satislar;ebitda;op_gelir;net_kar;cfo;fcf;ozkaynaklar;toplam_borc;net_borc;nakit;toplam_aktif,toplam_borc;net_borc;ebitda;ihracat_orani;piyasa_degeri;pb;roe;roa;ev;ev_ebitda;fcf_verim
PLTUR.IS,2024Q3,2024-09-30,XI_29,isyatirim_pit,,,2026-09-07T22:37:30.067827940,,,2024-11-15,APPROXIMATE_FIXED_LAG,UNKNOWN,UNKNOWN,data\raw\isyatirim_cache\PLTUR_2024_XI_29.json,satislar;ebitda;op_gelir;net_kar;cfo;fcf;ozkaynaklar;toplam_borc;net_borc;nakit;toplam_aktif,toplam_borc;net_borc;ebitda;ihracat_orani;piyasa_degeri;pb;roe;roa;ev;ev_ebitda;fcf_verim
PLTUR.IS,2024Q4,2024-12-31,XI_29,isyatirim_pit,,,2026-09-07T22:37:30.067827940,,,2025-03-15,APPROXIMATE_FIXED_LAG,UNKNOWN,UNKNOWN,data\raw\isyatirim_cache\PLTUR_2024_XI_29.json,satislar;ebitda;op_gelir;net_kar;cfo;fcf;ozkaynaklar;toplam_borc;net_borc;nakit;toplam_aktif,toplam_borc;net_borc;ebitda;ihracat_orani;piyasa_degeri;pb;roe;roa;ev;ev_ebitda;fcf_verim
PLTUR.IS,2025Q1,2025-03-31,XI_29,isyatirim_pit,,,2026-09-07T22:37:30.249529600,,,2025-05-15,APPROXIMATE_FIXED_LAG,UNKNOWN,UNKNOWN,data\raw\isyatirim_cache\PLTUR_2025_XI_29.json,satislar;ebitda;op_gelir;net_kar;cfo;fcf;ozkaynaklar;toplam_borc;net_borc;nakit;toplam_aktif,toplam_borc;net_borc;ebitda;ihracat_orani;piyasa_degeri;pb;roe;roa;ev;ev_ebitda;fcf_verim
PLTUR.IS,2025Q2,2025-06-30,XI_29,isyatirim_pit,,,2026-09-07T22:37:30.249529600,,,2025-08-15,APPROXIMATE_FIXED_LAG,UNKNOWN,UNKNOWN,data\raw\isyatirim_cache\PLTUR_2025_XI_29.json,satislar;ebitda;op_gelir;net_kar;cfo;fcf;ozkaynaklar;toplam_borc;net_borc;nakit;toplam_aktif,toplam_borc;net_borc;ebitda;ihracat_orani;piyasa_degeri;pb;roe;roa;ev;ev_ebitda;fcf_verim
PLTUR.IS,2025Q3,2025-09-30,XI_29,isyatirim_pit,,,2026-09-07T22:37:30.249529600,,,2025-11-15,APPROXIMATE_FIXED_LAG,UNKNOWN,UNKNOWN,data\raw\isyatirim_cache\PLTUR_2025_XI_29.json,satislar;ebitda;op_gelir;net_kar;cfo;fcf;ozkaynaklar;toplam_borc;net_borc;nakit;toplam_aktif,toplam_borc;net_borc;ebitda;ihracat_orani;piyasa_degeri;pb;roe;roa;ev;ev_ebitda;fcf_verim
PLTUR.IS,2025Q4,2025-12-31,XI_29,isyatirim_pit,,,2026-09-07T22:37:30.249529600,,,2026-03-15,APPROXIMATE_FIXED_LAG,UNKNOWN,UNKNOWN,data\raw\isyatirim_cache\PLTUR_2025_XI_29.json,satislar;ebitda;op_gelir;net_kar;cfo;fcf;ozkaynaklar;toplam_borc;net_borc;nakit;toplam_aktif,toplam_borc;net_borc;ebitda;ihracat_orani;piyasa_degeri;pb;roe;roa;ev;ev_ebitda;fcf_verim
PLTUR.IS,2026Q1,2026-03-31,XI_29,isyatirim_pit,,,2026-09-07T22:37:30.438287258,,,2026-05-15,APPROXIMATE_FIXED_LAG,UNKNOWN,UNKNOWN,data\raw\isyatirim_cache\PLTUR_2026_XI_29.json,satislar;ebitda;op_gelir;net_kar;cfo;fcf;ozkaynaklar;toplam_borc;net_borc;nakit;toplam_aktif,toplam_borc;net_borc;ebitda;ihracat_orani;piyasa_degeri;pb;roe;roa;ev;ev_ebitda;fcf_verim
PLTUR.IS,2026Q2,2026-06-30,XI_29,isyatirim_pit,,,2026-09-07T22:37:30.438287258,,,2026-08-15,APPROXIMATE_FIXED_LAG,UNKNOWN,UNKNOWN,data\raw\isyatirim_cache\PLTUR_2026_XI_29.json,satislar;ebitda;op_gelir;net_kar;cfo;fcf;ozkaynaklar;toplam_borc;net_borc;nakit;toplam_aktif,toplam_borc;net_borc;ebitda;ihracat_orani;piyasa_degeri;pb;roe;roa;ev;ev_ebitda;fcf_verim
REEDR.IS,2020Q4,2020-12-31,XI_29,isyatirim_pit,,,2026-09-07T22:37:25.000270844,,,2021-03-15,APPROXIMATE_FIXED_LAG,UNKNOWN,UNKNOWN,data\raw\isyatirim_cache\REEDR_2020_XI_29.json,satislar;ebitda;op_gelir;net_kar;cfo;fcf;ozkaynaklar;toplam_borc;net_borc;nakit;toplam_aktif,toplam_borc;net_borc;ebitda;ihracat_orani;piyasa_degeri;pb;roe;roa;ev;ev_ebitda;fcf_verim
REEDR.IS,2021Q4,2021-12-31,XI_29,isyatirim_pit,,,2026-09-07T22:37:25.147903919,,,2022-03-15,APPROXIMATE_FIXED_LAG,UNKNOWN,UNKNOWN,data\raw\isyatirim_cache\REEDR_2021_XI_29.json,satislar;ebitda;op_gelir;net_kar;cfo;fcf;ozkaynaklar;toplam_borc;net_borc;nakit;toplam_aktif,toplam_borc;net_borc;ebitda;ihracat_orani;piyasa_degeri;pb;roe;roa;ev;ev_ebitda;fcf_verim
REEDR.IS,2022Q1,2022-03-31,XI_29,isyatirim_pit,,,2026-09-07T22:37:25.277738571,,,2022-05-15,APPROXIMATE_FIXED_LAG,UNKNOWN,UNKNOWN,data\raw\isyatirim_cache\REEDR_2022_XI_29.json,satislar;ebitda;op_gelir;net_kar;cfo;fcf;ozkaynaklar;toplam_borc;net_borc;nakit;toplam_aktif,toplam_borc;net_borc;ebitda;ihracat_orani;piyasa_degeri;pb;roe;roa;ev;ev_ebitda;fcf_verim
REEDR.IS,2022Q2,2022-06-30,XI_29,isyatirim_pit,,,2026-09-07T22:37:25.277738571,,,2022-08-15,APPROXIMATE_FIXED_LAG,UNKNOWN,UNKNOWN,data\raw\isyatirim_cache\REEDR_2022_XI_29.json,satislar;ebitda;op_gelir;net_kar;cfo;fcf;ozkaynaklar;toplam_borc;net_borc;nakit;toplam_aktif,toplam_borc;net_borc;ebitda;ihracat_orani;piyasa_degeri;pb;roe;roa;ev;ev_ebitda;fcf_verim
REEDR.IS,2022Q3,2022-09-30,XI_29,isyatirim_pit,,,2026-09-07T22:37:25.277738571,,,2022-11-15,APPROXIMATE_FIXED_LAG,UNKNOWN,UNKNOWN,data\raw\isyatirim_cache\REEDR_2022_XI_29.json,satislar;ebitda;op_gelir;net_kar;cfo;fcf;ozkaynaklar;toplam_borc;net_borc;nakit;toplam_aktif,toplam_borc;net_borc;ebitda;ihracat_orani;piyasa_degeri;pb;roe;roa;ev;ev_ebitda;fcf_verim
REEDR.IS,2022Q4,2022-12-31,XI_29,isyatirim_pit,,,2026-09-07T22:37:25.277738571,,,2023-03-15,APPROXIMATE_FIXED_LAG,UNKNOWN,UNKNOWN,data\raw\isyatirim_cache\REEDR_2022_XI_29.json,satislar;ebitda;op_gelir;net_kar;cfo;fcf;ozkaynaklar;toplam_borc;net_borc;nakit;toplam_aktif,toplam_borc;net_borc;ebitda;ihracat_orani;piyasa_degeri;pb;roe;roa;ev;ev_ebitda;fcf_verim
REEDR.IS,2023Q1,2023-03-31,XI_29,isyatirim_pit,,,2026-09-07T22:37:25.405312538,,,2023-05-15,APPROXIMATE_FIXED_LAG,UNKNOWN,UNKNOWN,data\raw\isyatirim_cache\REEDR_2023_XI_29.json,satislar;ebitda;op_gelir;net_kar;cfo;fcf;ozkaynaklar;toplam_borc;net_borc;nakit;toplam_aktif,toplam_borc;net_borc;ebitda;ihracat_orani;piyasa_degeri;pb;roe;roa;ev;ev_ebitda;fcf_verim
REEDR.IS,2023Q2,2023-06-30,XI_29,isyatirim_pit,,,2026-09-07T22:37:25.405312538,,,2023-08-15,APPROXIMATE_FIXED_LAG,UNKNOWN,UNKNOWN,data\raw\isyatirim_cache\REEDR_2023_XI_29.json,satislar;ebitda;op_gelir;net_kar;cfo;fcf;ozkaynaklar;toplam_borc;net_borc;nakit;toplam_aktif,toplam_borc;net_borc;ebitda;ihracat_orani;piyasa_degeri;pb;roe;roa;ev;ev_ebitda;fcf_verim
REEDR.IS,2023Q3,2023-09-30,XI_29,isyatirim_pit,,,2026-09-07T22:37:25.405312538,,,2023-11-15,APPROXIMATE_FIXED_LAG,UNKNOWN,UNKNOWN,data\raw\isyatirim_cache\REEDR_2023_XI_29.json,satislar;ebitda;op_gelir;net_kar;cfo;fcf;ozkaynaklar;toplam_borc;net_borc;nakit;toplam_aktif,toplam_borc;net_borc;ebitda;ihracat_orani;piyasa_degeri;pb;roe;roa;ev;ev_ebitda;fcf_verim
REEDR.IS,2023Q4,2023-12-31,XI_29,isyatirim_pit,,,2026-09-07T22:37:25.405312538,,,2024-03-15,APPROXIMATE_FIXED_LAG,UNKNOWN,UNKNOWN,data\raw\isyatirim_cache\REEDR_2023_XI_29.json,satislar;ebitda;op_gelir;net_kar;cfo;fcf;ozkaynaklar;toplam_borc;net_borc;nakit;toplam_aktif,toplam_borc;net_borc;ebitda;ihracat_orani;piyasa_degeri;pb;roe;roa;ev;ev_ebitda;fcf_verim
REEDR.IS,2024Q1,2024-03-31,XI_29,isyatirim_pit,,,2026-09-07T22:37:25.497870207,,,2024-05-15,APPROXIMATE_FIXED_LAG,UNKNOWN,UNKNOWN,data\raw\isyatirim_cache\REEDR_2024_XI_29.json,satislar;ebitda;op_gelir;net_kar;cfo;fcf;ozkaynaklar;toplam_borc;net_borc;nakit;toplam_aktif,toplam_borc;net_borc;ebitda;ihracat_orani;piyasa_degeri;pb;roe;roa;ev;ev_ebitda;fcf_verim
REEDR.IS,2024Q2,2024-06-30,XI_29,isyatirim_pit,,,2026-09-07T22:37:25.497870207,,,2024-08-15,APPROXIMATE_FIXED_LAG,UNKNOWN,UNKNOWN,data\raw\isyatirim_cache\REEDR_2024_XI_29.json,satislar;ebitda;op_gelir;net_kar;cfo;fcf;ozkaynaklar;toplam_borc;net_borc;nakit;toplam_aktif,toplam_borc;net_borc;ebitda;ihracat_orani;piyasa_degeri;pb;roe;roa;ev;ev_ebitda;fcf_verim
REEDR.IS,2024Q3,2024-09-30,XI_29,isyatirim_pit,,,2026-09-07T22:37:25.497870207,,,2024-11-15,APPROXIMATE_FIXED_LAG,UNKNOWN,UNKNOWN,data\raw\isyatirim_cache\REEDR_2024_XI_29.json,satislar;ebitda;op_gelir;net_kar;cfo;fcf;ozkaynaklar;toplam_borc;net_borc;nakit;toplam_aktif,toplam_borc;net_borc;ebitda;ihracat_orani;piyasa_degeri;pb;roe;roa;ev;ev_ebitda;fcf_verim
REEDR.IS,2024Q4,2024-12-31,XI_29,isyatirim_pit,,,2026-09-07T22:37:25.497870207,,,2025-03-15,APPROXIMATE_FIXED_LAG,UNKNOWN,UNKNOWN,data\raw\isyatirim_cache\REEDR_2024_XI_29.json,satislar;ebitda;op_gelir;net_kar;cfo;fcf;ozkaynaklar;toplam_borc;net_borc;nakit;toplam_aktif,toplam_borc;net_borc;ebitda;ihracat_orani;piyasa_degeri;pb;roe;roa;ev;ev_ebitda;fcf_verim
REEDR.IS,2025Q1,2025-03-31,XI_29,isyatirim_pit,,,2026-09-07T22:37:25.647380114,,,2025-05-15,APPROXIMATE_FIXED_LAG,UNKNOWN,UNKNOWN,data\raw\isyatirim_cache\REEDR_2025_XI_29.json,satislar;ebitda;op_gelir;net_kar;cfo;fcf;ozkaynaklar;toplam_borc;net_borc;nakit;toplam_aktif,toplam_borc;net_borc;ebitda;ihracat_orani;piyasa_degeri;pb;roe;roa;ev;ev_ebitda;fcf_verim
REEDR.IS,2025Q2,2025-06-30,XI_29,isyatirim_pit,,,2026-09-07T22:37:25.647380114,,,2025-08-15,APPROXIMATE_FIXED_LAG,UNKNOWN,UNKNOWN,data\raw\isyatirim_cache\REEDR_2025_XI_29.json,satislar;ebitda;op_gelir;net_kar;cfo;fcf;ozkaynaklar;toplam_borc;net_borc;nakit;toplam_aktif,toplam_borc;net_borc;ebitda;ihracat_orani;piyasa_degeri;pb;roe;roa;ev;ev_ebitda;fcf_verim
REEDR.IS,2025Q3,2025-09-30,XI_29,isyatirim_pit,,,2026-09-07T22:37:25.647380114,,,2025-11-15,APPROXIMATE_FIXED_LAG,UNKNOWN,UNKNOWN,data\raw\isyatirim_cache\REEDR_2025_XI_29.json,satislar;ebitda;op_gelir;net_kar;cfo;fcf;ozkaynaklar;toplam_borc;net_borc;nakit;toplam_aktif,toplam_borc;net_borc;ebitda;ihracat_orani;piyasa_degeri;pb;roe;roa;ev;ev_ebitda;fcf_verim
REEDR.IS,2025Q4,2025-12-31,XI_29,isyatirim_pit,,,2026-09-07T22:37:25.647380114,,,2026-03-15,APPROXIMATE_FIXED_LAG,UNKNOWN,UNKNOWN,data\raw\isyatirim_cache\REEDR_2025_XI_29.json,satislar;ebitda;op_gelir;net_kar;cfo;fcf;ozkaynaklar;toplam_borc;net_borc;nakit;toplam_aktif,toplam_borc;net_borc;ebitda;ihracat_orani;piyasa_degeri;pb;roe;roa;ev;ev_ebitda;fcf_verim
REEDR.IS,2026Q1,2026-03-31,XI_29,isyatirim_pit,,,2026-09-07T22:37:25.794241428,,,2026-05-15,APPROXIMATE_FIXED_LAG,UNKNOWN,UNKNOWN,data\raw\isyatirim_cache\REEDR_2026_XI_29.json,satislar;ebitda;op_gelir;net_kar;cfo;fcf;ozkaynaklar;toplam_borc;net_borc;nakit;toplam_aktif,toplam_borc;net_borc;ebitda;ihracat_orani;piyasa_degeri;pb;roe;roa;ev;ev_ebitda;fcf_verim
SAHOL.IS,2018Q1,2018-03-31,XI_29,isyatirim_pit,,,2026-09-07T22:36:47.705025434,,,2018-05-15,APPROXIMATE_FIXED_LAG,UNKNOWN,UNKNOWN,data\raw\isyatirim_cache\SAHOL_2018_XI_29.json,satislar;ebitda;op_gelir;net_kar;cfo;fcf;ozkaynaklar;toplam_borc;net_borc;nakit;toplam_aktif,toplam_borc;net_borc;ebitda;ihracat_orani;piyasa_degeri;pb;roe;roa;ev;ev_ebitda;fcf_verim
SAHOL.IS,2018Q2,2018-06-30,XI_29,isyatirim_pit,,,2026-09-07T22:36:47.705025434,,,2018-08-15,APPROXIMATE_FIXED_LAG,UNKNOWN,UNKNOWN,data\raw\isyatirim_cache\SAHOL_2018_XI_29.json,satislar;ebitda;op_gelir;net_kar;cfo;fcf;ozkaynaklar;toplam_borc;net_borc;nakit;toplam_aktif,toplam_borc;net_borc;ebitda;ihracat_orani;piyasa_degeri;pb;roe;roa;ev;ev_ebitda;fcf_verim
SAHOL.IS,2018Q3,2018-09-30,XI_29,isyatirim_pit,,,2026-09-07T22:36:47.705025434,,,2018-11-15,APPROXIMATE_FIXED_LAG,UNKNOWN,UNKNOWN,data\raw\isyatirim_cache\SAHOL_2018_XI_29.json,satislar;ebitda;op_gelir;net_kar;cfo;fcf;ozkaynaklar;toplam_borc;net_borc;nakit;toplam_aktif,toplam_borc;net_borc;ebitda;ihracat_orani;piyasa_degeri;pb;roe;roa;ev;ev_ebitda;fcf_verim
SAHOL.IS,2018Q4,2018-12-31,XI_29,isyatirim_pit,,,2026-09-07T22:36:47.705025434,,,2019-03-15,APPROXIMATE_FIXED_LAG,UNKNOWN,UNKNOWN,data\raw\isyatirim_cache\SAHOL_2018_XI_29.json,satislar;ebitda;op_gelir;net_kar;cfo;fcf;ozkaynaklar;toplam_borc;net_borc;nakit;toplam_aktif,toplam_borc;net_borc;ebitda;ihracat_orani;piyasa_degeri;pb;roe;roa;ev;ev_ebitda;fcf_verim
SAHOL.IS,2019Q1,2019-03-31,XI_29,isyatirim_pit,,,2026-09-07T22:36:47.832215786,,,2019-05-15,APPROXIMATE_FIXED_LAG,UNKNOWN,UNKNOWN,data\raw\isyatirim_cache\SAHOL_2019_XI_29.json,satislar;ebitda;op_gelir;net_kar;cfo;fcf;ozkaynaklar;toplam_borc;net_borc;nakit;toplam_aktif,toplam_borc;net_borc;ebitda;ihracat_orani;piyasa_degeri;pb;roe;roa;ev;ev_ebitda;fcf_verim
SAHOL.IS,2019Q2,2019-06-30,XI_29,isyatirim_pit,,,2026-09-07T22:36:47.832215786,,,2019-08-15,APPROXIMATE_FIXED_LAG,UNKNOWN,UNKNOWN,data\raw\isyatirim_cache\SAHOL_2019_XI_29.json,satislar;ebitda;op_gelir;net_kar;cfo;fcf;ozkaynaklar;toplam_borc;net_borc;nakit;toplam_aktif,toplam_borc;net_borc;ebitda;ihracat_orani;piyasa_degeri;pb;roe;roa;ev;ev_ebitda;fcf_verim
SAHOL.IS,2019Q3,2019-09-30,XI_29,isyatirim_pit,,,2026-09-07T22:36:47.832215786,,,2019-11-15,APPROXIMATE_FIXED_LAG,UNKNOWN,UNKNOWN,data\raw\isyatirim_cache\SAHOL_2019_XI_29.json,satislar;ebitda;op_gelir;net_kar;cfo;fcf;ozkaynaklar;toplam_borc;net_borc;nakit;toplam_aktif,toplam_borc;net_borc;ebitda;ihracat_orani;piyasa_degeri;pb;roe;roa;ev;ev_ebitda;fcf_verim
SAHOL.IS,2019Q4,2019-12-31,XI_29,isyatirim_pit,,,2026-09-07T22:36:47.832215786,,,2020-03-15,APPROXIMATE_FIXED_LAG,UNKNOWN,UNKNOWN,data\raw\isyatirim_cache\SAHOL_2019_XI_29.json,satislar;ebitda;op_gelir;net_kar;cfo;fcf;ozkaynaklar;toplam_borc;net_borc;nakit;toplam_aktif,toplam_borc;net_borc;ebitda;ihracat_orani;piyasa_degeri;pb;roe;roa;ev;ev_ebitda;fcf_verim
SAHOL.IS,2020Q1,2020-03-31,XI_29,isyatirim_pit,,,2026-09-07T22:36:47.961059809,,,2020-05-15,APPROXIMATE_FIXED_LAG,UNKNOWN,UNKNOWN,data\raw\isyatirim_cache\SAHOL_2020_XI_29.json,satislar;ebitda;op_gelir;net_kar;cfo;fcf;ozkaynaklar;toplam_borc;net_borc;nakit;toplam_aktif,toplam_borc;net_borc;ebitda;ihracat_orani;piyasa_degeri;pb;roe;roa;ev;ev_ebitda;fcf_verim
SAHOL.IS,2020Q2,2020-06-30,XI_29,isyatirim_pit,,,2026-09-07T22:36:47.961059809,,,2020-08-15,APPROXIMATE_FIXED_LAG,UNKNOWN,UNKNOWN,data\raw\isyatirim_cache\SAHOL_2020_XI_29.json,satislar;ebitda;op_gelir;net_kar;cfo;fcf;ozkaynaklar;toplam_borc;net_borc;nakit;toplam_aktif,toplam_borc;net_borc;ebitda;ihracat_orani;piyasa_degeri;pb;roe;roa;ev;ev_ebitda;fcf_verim
SAHOL.IS,2020Q3,2020-09-30,XI_29,isyatirim_pit,,,2026-09-07T22:36:47.961059809,,,2020-11-15,APPROXIMATE_FIXED_LAG,UNKNOWN,UNKNOWN,data\raw\isyatirim_cache\SAHOL_2020_XI_29.json,satislar;ebitda;op_gelir;net_kar;cfo;fcf;ozkaynaklar;toplam_borc;net_borc;nakit;toplam_aktif,toplam_borc;net_borc;ebitda;ihracat_orani;piyasa_degeri;pb;roe;roa;ev;ev_ebitda;fcf_verim
SAHOL.IS,2020Q4,2020-12-31,XI_29,isyatirim_pit,,,2026-09-07T22:36:47.961059809,,,2021-03-15,APPROXIMATE_FIXED_LAG,UNKNOWN,UNKNOWN,data\raw\isyatirim_cache\SAHOL_2020_XI_29.json,satislar;ebitda;op_gelir;net_kar;cfo;fcf;ozkaynaklar;toplam_borc;net_borc;nakit;toplam_aktif,toplam_borc;net_borc;ebitda;ihracat_orani;piyasa_degeri;pb;roe;roa;ev;ev_ebitda;fcf_verim
SAHOL.IS,2021Q1,2021-03-31,XI_29,isyatirim_pit,,,2026-09-07T22:36:48.089422464,,,2021-05-15,APPROXIMATE_FIXED_LAG,UNKNOWN,UNKNOWN,data\raw\isyatirim_cache\SAHOL_2021_XI_29.json,satislar;ebitda;op_gelir;net_kar;cfo;fcf;ozkaynaklar;toplam_borc;net_borc;nakit;toplam_aktif,toplam_borc;net_borc;ebitda;ihracat_orani;piyasa_degeri;pb;roe;roa;ev;ev_ebitda;fcf_verim
SAHOL.IS,2021Q2,2021-06-30,XI_29,isyatirim_pit,,,2026-09-07T22:36:48.089422464,,,2021-08-15,APPROXIMATE_FIXED_LAG,UNKNOWN,UNKNOWN,data\raw\isyatirim_cache\SAHOL_2021_XI_29.json,satislar;ebitda;op_gelir;net_kar;cfo;fcf;ozkaynaklar;toplam_borc;net_borc;nakit;toplam_aktif,toplam_borc;net_borc;ebitda;ihracat_orani;piyasa_degeri;pb;roe;roa;ev;ev_ebitda;fcf_verim
SAHOL.IS,2021Q3,2021-09-30,XI_29,isyatirim_pit,,,2026-09-07T22:36:48.089422464,,,2021-11-15,APPROXIMATE_FIXED_LAG,UNKNOWN,UNKNOWN,data\raw\isyatirim_cache\SAHOL_2021_XI_29.json,satislar;ebitda;op_gelir;net_kar;cfo;fcf;ozkaynaklar;toplam_borc;net_borc;nakit;toplam_aktif,toplam_borc;net_borc;ebitda;ihracat_orani;piyasa_degeri;pb;roe;roa;ev;ev_ebitda;fcf_verim
SAHOL.IS,2021Q4,2021-12-31,XI_29,isyatirim_pit,,,2026-09-07T22:36:48.089422464,,,2022-03-15,APPROXIMATE_FIXED_LAG,UNKNOWN,UNKNOWN,data\raw\isyatirim_cache\SAHOL_2021_XI_29.json,satislar;ebitda;op_gelir;net_kar;cfo;fcf;ozkaynaklar;toplam_borc;net_borc;nakit;toplam_aktif,toplam_borc;net_borc;ebitda;ihracat_orani;piyasa_degeri;pb;roe;roa;ev;ev_ebitda;fcf_verim
SAHOL.IS,2022Q1,2022-03-31,XI_29,isyatirim_pit,,,2026-09-07T22:36:48.213862419,,,2022-05-15,APPROXIMATE_FIXED_LAG,UNKNOWN,UNKNOWN,data\raw\isyatirim_cache\SAHOL_2022_XI_29.json,satislar;ebitda;op_gelir;net_kar;cfo;fcf;ozkaynaklar;toplam_borc;net_borc;nakit;toplam_aktif,toplam_borc;net_borc;ebitda;ihracat_orani;piyasa_degeri;pb;roe;roa;ev;ev_ebitda;fcf_verim
SAHOL.IS,2022Q2,2022-06-30,XI_29,isyatirim_pit,,,2026-09-07T22:36:48.213862419,,,2022-08-15,APPROXIMATE_FIXED_LAG,UNKNOWN,UNKNOWN,data\raw\isyatirim_cache\SAHOL_2022_XI_29.json,satislar;ebitda;op_gelir;net_kar;cfo;fcf;ozkaynaklar;toplam_borc;net_borc;nakit;toplam_aktif,toplam_borc;net_borc;ebitda;ihracat_orani;piyasa_degeri;pb;roe;roa;ev;ev_ebitda;fcf_verim
SAHOL.IS,2022Q3,2022-09-30,XI_29,isyatirim_pit,,,2026-09-07T22:36:48.213862419,,,2022-11-15,APPROXIMATE_FIXED_LAG,UNKNOWN,UNKNOWN,data\raw\isyatirim_cache\SAHOL_2022_XI_29.json,satislar;ebitda;op_gelir;net_kar;cfo;fcf;ozkaynaklar;toplam_borc;net_borc;nakit;toplam_aktif,toplam_borc;net_borc;ebitda;ihracat_orani;piyasa_degeri;pb;roe;roa;ev;ev_ebitda;fcf_verim
SAHOL.IS,2022Q4,2022-12-31,XI_29,isyatirim_pit,,,2026-09-07T22:36:48.213862419,,,2023-03-15,APPROXIMATE_FIXED_LAG,UNKNOWN,UNKNOWN,data\raw\isyatirim_cache\SAHOL_2022_XI_29.json,satislar;ebitda;op_gelir;net_kar;cfo;fcf;ozkaynaklar;toplam_borc;net_borc;nakit;toplam_aktif,toplam_borc;net_borc;ebitda;ihracat_orani;piyasa_degeri;pb;roe;roa;ev;ev_ebitda;fcf_verim
SAHOL.IS,2023Q1,2023-03-31,XI_29,isyatirim_pit,,,2026-09-07T22:36:48.343112230,,,2023-05-15,APPROXIMATE_FIXED_LAG,UNKNOWN,UNKNOWN,data\raw\isyatirim_cache\SAHOL_2023_XI_29.json,satislar;ebitda;op_gelir;net_kar;cfo;fcf;ozkaynaklar;toplam_borc;net_borc;nakit;toplam_aktif,toplam_borc;net_borc;ebitda;ihracat_orani;piyasa_degeri;pb;roe;roa;ev;ev_ebitda;fcf_verim
SAHOL.IS,2023Q2,2023-06-30,XI_29,isyatirim_pit,,,2026-09-07T22:36:48.343112230,,,2023-08-15,APPROXIMATE_FIXED_LAG,UNKNOWN,UNKNOWN,data\raw\isyatirim_cache\SAHOL_2023_XI_29.json,satislar;ebitda;op_gelir;net_kar;cfo;fcf;ozkaynaklar;toplam_borc;net_borc;nakit;toplam_aktif,toplam_borc;net_borc;ebitda;ihracat_orani;piyasa_degeri;pb;roe;roa;ev;ev_ebitda;fcf_verim
SAHOL.IS,2023Q3,2023-09-30,XI_29,isyatirim_pit,,,2026-09-07T22:36:48.343112230,,,2023-11-15,APPROXIMATE_FIXED_LAG,UNKNOWN,UNKNOWN,data\raw\isyatirim_cache\SAHOL_2023_XI_29.json,satislar;ebitda;op_gelir;net_kar;cfo;fcf;ozkaynaklar;toplam_borc;net_borc;nakit;toplam_aktif,toplam_borc;net_borc;ebitda;ihracat_orani;piyasa_degeri;pb;roe;roa;ev;ev_ebitda;fcf_verim
SAHOL.IS,2023Q4,2023-12-31,XI_29,isyatirim_pit,,,2026-09-07T22:36:48.343112230,,,2024-03-15,APPROXIMATE_FIXED_LAG,UNKNOWN,UNKNOWN,data\raw\isyatirim_cache\SAHOL_2023_XI_29.json,satislar;ebitda;op_gelir;net_kar;cfo;fcf;ozkaynaklar;toplam_borc;net_borc;nakit;toplam_aktif,toplam_borc;net_borc;ebitda;ihracat_orani;piyasa_degeri;pb;roe;roa;ev;ev_ebitda;fcf_verim
SAHOL.IS,2024Q1,2024-03-31,XI_29,isyatirim_pit,,,2026-09-07T22:36:48.429372549,,,2024-05-15,APPROXIMATE_FIXED_LAG,UNKNOWN,UNKNOWN,data\raw\isyatirim_cache\SAHOL_2024_XI_29.json,satislar;ebitda;op_gelir;net_kar;cfo;fcf;ozkaynaklar;toplam_borc;net_borc;nakit;toplam_aktif,toplam_borc;net_borc;ebitda;ihracat_orani;piyasa_degeri;pb;roe;roa;ev;ev_ebitda;fcf_verim
SAHOL.IS,2024Q2,2024-06-30,XI_29,isyatirim_pit,,,2026-09-07T22:36:48.429372549,,,2024-08-15,APPROXIMATE_FIXED_LAG,UNKNOWN,UNKNOWN,data\raw\isyatirim_cache\SAHOL_2024_XI_29.json,satislar;ebitda;op_gelir;net_kar;cfo;fcf;ozkaynaklar;toplam_borc;net_borc;nakit;toplam_aktif,toplam_borc;net_borc;ebitda;ihracat_orani;piyasa_degeri;pb;roe;roa;ev;ev_ebitda;fcf_verim
SAHOL.IS,2024Q3,2024-09-30,XI_29,isyatirim_pit,,,2026-09-07T22:36:48.429372549,,,2024-11-15,APPROXIMATE_FIXED_LAG,UNKNOWN,UNKNOWN,data\raw\isyatirim_cache\SAHOL_2024_XI_29.json,satislar;ebitda;op_gelir;net_kar;cfo;fcf;ozkaynaklar;toplam_borc;net_borc;nakit;toplam_aktif,toplam_borc;net_borc;ebitda;ihracat_orani;piyasa_degeri;pb;roe;roa;ev;ev_ebitda;fcf_verim
SAHOL.IS,2024Q4,2024-12-31,XI_29,isyatirim_pit,,,2026-09-07T22:36:48.429372549,,,2025-03-15,APPROXIMATE_FIXED_LAG,UNKNOWN,UNKNOWN,data\raw\isyatirim_cache\SAHOL_2024_XI_29.json,satislar;ebitda;op_gelir;net_kar;cfo;fcf;ozkaynaklar;toplam_borc;net_borc;nakit;toplam_aktif,toplam_borc;net_borc;ebitda;ihracat_orani;piyasa_degeri;pb;roe;roa;ev;ev_ebitda;fcf_verim
SAHOL.IS,2025Q1,2025-03-31,XI_29,isyatirim_pit,,,2026-09-07T22:36:48.562064648,,,2025-05-15,APPROXIMATE_FIXED_LAG,UNKNOWN,UNKNOWN,data\raw\isyatirim_cache\SAHOL_2025_XI_29.json,satislar;ebitda;op_gelir;net_kar;cfo;fcf;ozkaynaklar;toplam_borc;net_borc;nakit;toplam_aktif,toplam_borc;net_borc;ebitda;ihracat_orani;piyasa_degeri;pb;roe;roa;ev;ev_ebitda;fcf_verim
SAHOL.IS,2025Q2,2025-06-30,XI_29,isyatirim_pit,,,2026-09-07T22:36:48.562064648,,,2025-08-15,APPROXIMATE_FIXED_LAG,UNKNOWN,UNKNOWN,data\raw\isyatirim_cache\SAHOL_2025_XI_29.json,satislar;ebitda;op_gelir;net_kar;cfo;fcf;ozkaynaklar;toplam_borc;net_borc;nakit;toplam_aktif,toplam_borc;net_borc;ebitda;ihracat_orani;piyasa_degeri;pb;roe;roa;ev;ev_ebitda;fcf_verim
SAHOL.IS,2025Q3,2025-09-30,XI_29,isyatirim_pit,,,2026-09-07T22:36:48.562064648,,,2025-11-15,APPROXIMATE_FIXED_LAG,UNKNOWN,UNKNOWN,data\raw\isyatirim_cache\SAHOL_2025_XI_29.json,satislar;ebitda;op_gelir;net_kar;cfo;fcf;ozkaynaklar;toplam_borc;net_borc;nakit;toplam_aktif,toplam_borc;net_borc;ebitda;ihracat_orani;piyasa_degeri;pb;roe;roa;ev;ev_ebitda;fcf_verim
SAHOL.IS,2025Q4,2025-12-31,XI_29,isyatirim_pit,,,2026-09-07T22:36:48.562064648,,,2026-03-15,APPROXIMATE_FIXED_LAG,UNKNOWN,UNKNOWN,data\raw\isyatirim_cache\SAHOL_2025_XI_29.json,satislar;ebitda;op_gelir;net_kar;cfo;fcf;ozkaynaklar;toplam_borc;net_borc;nakit;toplam_aktif,toplam_borc;net_borc;ebitda;ihracat_orani;piyasa_degeri;pb;roe;roa;ev;ev_ebitda;fcf_verim
SAHOL.IS,2026Q1,2026-03-31,XI_29,isyatirim_pit,,,2026-09-07T22:36:48.688371897,,,2026-05-15,APPROXIMATE_FIXED_LAG,UNKNOWN,UNKNOWN,data\raw\isyatirim_cache\SAHOL_2026_XI_29.json,satislar;ebitda;op_gelir;net_kar;cfo;fcf;ozkaynaklar;toplam_borc;net_borc;nakit;toplam_aktif,toplam_borc;net_borc;ebitda;ihracat_orani;piyasa_degeri;pb;roe;roa;ev;ev_ebitda;fcf_verim
SAHOL.IS,2026Q2,2026-06-30,XI_29,isyatirim_pit,,,2026-09-07T22:36:48.688371897,,,2026-08-15,APPROXIMATE_FIXED_LAG,UNKNOWN,UNKNOWN,data\raw\isyatirim_cache\SAHOL_2026_XI_29.json,satislar;ebitda;op_gelir;net_kar;cfo;fcf;ozkaynaklar;toplam_borc;net_borc;nakit;toplam_aktif,toplam_borc;net_borc;ebitda;ihracat_orani;piyasa_degeri;pb;roe;roa;ev;ev_ebitda;fcf_verim
SASA.IS,2018Q1,2018-03-31,XI_29,isyatirim_pit,,,2026-09-07T22:37:08.099898815,,,2018-05-15,APPROXIMATE_FIXED_LAG,UNKNOWN,UNKNOWN,data\raw\isyatirim_cache\SASA_2018_XI_29.json,satislar;ebitda;op_gelir;net_kar;cfo;fcf;ozkaynaklar;toplam_borc;net_borc;nakit;toplam_aktif,toplam_borc;net_borc;ebitda;ihracat_orani;piyasa_degeri;pb;roe;roa;ev;ev_ebitda;fcf_verim
SASA.IS,2018Q2,2018-06-30,XI_29,isyatirim_pit,,,2026-09-07T22:37:08.099898815,,,2018-08-15,APPROXIMATE_FIXED_LAG,UNKNOWN,UNKNOWN,data\raw\isyatirim_cache\SASA_2018_XI_29.json,satislar;ebitda;op_gelir;net_kar;cfo;fcf;ozkaynaklar;toplam_borc;net_borc;nakit;toplam_aktif,toplam_borc;net_borc;ebitda;ihracat_orani;piyasa_degeri;pb;roe;roa;ev;ev_ebitda;fcf_verim
SASA.IS,2018Q3,2018-09-30,XI_29,isyatirim_pit,,,2026-09-07T22:37:08.099898815,,,2018-11-15,APPROXIMATE_FIXED_LAG,UNKNOWN,UNKNOWN,data\raw\isyatirim_cache\SASA_2018_XI_29.json,satislar;ebitda;op_gelir;net_kar;cfo;fcf;ozkaynaklar;toplam_borc;net_borc;nakit;toplam_aktif,toplam_borc;net_borc;ebitda;ihracat_orani;piyasa_degeri;pb;roe;roa;ev;ev_ebitda;fcf_verim
SASA.IS,2018Q4,2018-12-31,XI_29,isyatirim_pit,,,2026-09-07T22:37:08.099898815,,,2019-03-15,APPROXIMATE_FIXED_LAG,UNKNOWN,UNKNOWN,data\raw\isyatirim_cache\SASA_2018_XI_29.json,satislar;ebitda;op_gelir;net_kar;cfo;fcf;ozkaynaklar;toplam_borc;net_borc;nakit;toplam_aktif,toplam_borc;net_borc;ebitda;ihracat_orani;piyasa_degeri;pb;roe;roa;ev;ev_ebitda;fcf_verim
SASA.IS,2019Q1,2019-03-31,XI_29,isyatirim_pit,,,2026-09-07T22:37:08.238307238,,,2019-05-15,APPROXIMATE_FIXED_LAG,UNKNOWN,UNKNOWN,data\raw\isyatirim_cache\SASA_2019_XI_29.json,satislar;ebitda;op_gelir;net_kar;cfo;fcf;ozkaynaklar;toplam_borc;net_borc;nakit;toplam_aktif,toplam_borc;net_borc;ebitda;ihracat_orani;piyasa_degeri;pb;roe;roa;ev;ev_ebitda;fcf_verim
SASA.IS,2019Q2,2019-06-30,XI_29,isyatirim_pit,,,2026-09-07T22:37:08.238307238,,,2019-08-15,APPROXIMATE_FIXED_LAG,UNKNOWN,UNKNOWN,data\raw\isyatirim_cache\SASA_2019_XI_29.json,satislar;ebitda;op_gelir;net_kar;cfo;fcf;ozkaynaklar;toplam_borc;net_borc;nakit;toplam_aktif,toplam_borc;net_borc;ebitda;ihracat_orani;piyasa_degeri;pb;roe;roa;ev;ev_ebitda;fcf_verim
SASA.IS,2019Q3,2019-09-30,XI_29,isyatirim_pit,,,2026-09-07T22:37:08.238307238,,,2019-11-15,APPROXIMATE_FIXED_LAG,UNKNOWN,UNKNOWN,data\raw\isyatirim_cache\SASA_2019_XI_29.json,satislar;ebitda;op_gelir;net_kar;cfo;fcf;ozkaynaklar;toplam_borc;net_borc;nakit;toplam_aktif,toplam_borc;net_borc;ebitda;ihracat_orani;piyasa_degeri;pb;roe;roa;ev;ev_ebitda;fcf_verim
SASA.IS,2019Q4,2019-12-31,XI_29,isyatirim_pit,,,2026-09-07T22:37:08.238307238,,,2020-03-15,APPROXIMATE_FIXED_LAG,UNKNOWN,UNKNOWN,data\raw\isyatirim_cache\SASA_2019_XI_29.json,satislar;ebitda;op_gelir;net_kar;cfo;fcf;ozkaynaklar;toplam_borc;net_borc;nakit;toplam_aktif,toplam_borc;net_borc;ebitda;ihracat_orani;piyasa_degeri;pb;roe;roa;ev;ev_ebitda;fcf_verim
SASA.IS,2020Q1,2020-03-31,XI_29,isyatirim_pit,,,2026-09-07T22:37:08.445122004,,,2020-05-15,APPROXIMATE_FIXED_LAG,UNKNOWN,UNKNOWN,data\raw\isyatirim_cache\SASA_2020_XI_29.json,satislar;ebitda;op_gelir;net_kar;cfo;fcf;ozkaynaklar;toplam_borc;net_borc;nakit;toplam_aktif,toplam_borc;net_borc;ebitda;ihracat_orani;piyasa_degeri;pb;roe;roa;ev;ev_ebitda;fcf_verim
SASA.IS,2020Q2,2020-06-30,XI_29,isyatirim_pit,,,2026-09-07T22:37:08.445122004,,,2020-08-15,APPROXIMATE_FIXED_LAG,UNKNOWN,UNKNOWN,data\raw\isyatirim_cache\SASA_2020_XI_29.json,satislar;ebitda;op_gelir;net_kar;cfo;fcf;ozkaynaklar;toplam_borc;net_borc;nakit;toplam_aktif,toplam_borc;net_borc;ebitda;ihracat_orani;piyasa_degeri;pb;roe;roa;ev;ev_ebitda;fcf_verim
SASA.IS,2020Q3,2020-09-30,XI_29,isyatirim_pit,,,2026-09-07T22:37:08.445122004,,,2020-11-15,APPROXIMATE_FIXED_LAG,UNKNOWN,UNKNOWN,data\raw\isyatirim_cache\SASA_2020_XI_29.json,satislar;ebitda;op_gelir;net_kar;cfo;fcf;ozkaynaklar;toplam_borc;net_borc;nakit;toplam_aktif,toplam_borc;net_borc;ebitda;ihracat_orani;piyasa_degeri;pb;roe;roa;ev;ev_ebitda;fcf_verim
SASA.IS,2020Q4,2020-12-31,XI_29,isyatirim_pit,,,2026-09-07T22:37:08.445122004,,,2021-03-15,APPROXIMATE_FIXED_LAG,UNKNOWN,UNKNOWN,data\raw\isyatirim_cache\SASA_2020_XI_29.json,satislar;ebitda;op_gelir;net_kar;cfo;fcf;ozkaynaklar;toplam_borc;net_borc;nakit;toplam_aktif,toplam_borc;net_borc;ebitda;ihracat_orani;piyasa_degeri;pb;roe;roa;ev;ev_ebitda;fcf_verim
SASA.IS,2021Q1,2021-03-31,XI_29,isyatirim_pit,,,2026-09-07T22:37:08.599193335,,,2021-05-15,APPROXIMATE_FIXED_LAG,UNKNOWN,UNKNOWN,data\raw\isyatirim_cache\SASA_2021_XI_29.json,satislar;ebitda;op_gelir;net_kar;cfo;fcf;ozkaynaklar;toplam_borc;net_borc;nakit;toplam_aktif,toplam_borc;net_borc;ebitda;ihracat_orani;piyasa_degeri;pb;roe;roa;ev;ev_ebitda;fcf_verim
SASA.IS,2021Q2,2021-06-30,XI_29,isyatirim_pit,,,2026-09-07T22:37:08.599193335,,,2021-08-15,APPROXIMATE_FIXED_LAG,UNKNOWN,UNKNOWN,data\raw\isyatirim_cache\SASA_2021_XI_29.json,satislar;ebitda;op_gelir;net_kar;cfo;fcf;ozkaynaklar;toplam_borc;net_borc;nakit;toplam_aktif,toplam_borc;net_borc;ebitda;ihracat_orani;piyasa_degeri;pb;roe;roa;ev;ev_ebitda;fcf_verim
SASA.IS,2021Q3,2021-09-30,XI_29,isyatirim_pit,,,2026-09-07T22:37:08.599193335,,,2021-11-15,APPROXIMATE_FIXED_LAG,UNKNOWN,UNKNOWN,data\raw\isyatirim_cache\SASA_2021_XI_29.json,satislar;ebitda;op_gelir;net_kar;cfo;fcf;ozkaynaklar;toplam_borc;net_borc;nakit;toplam_aktif,toplam_borc;net_borc;ebitda;ihracat_orani;piyasa_degeri;pb;roe;roa;ev;ev_ebitda;fcf_verim
SASA.IS,2021Q4,2021-12-31,XI_29,isyatirim_pit,,,2026-09-07T22:37:08.599193335,,,2022-03-15,APPROXIMATE_FIXED_LAG,UNKNOWN,UNKNOWN,data\raw\isyatirim_cache\SASA_2021_XI_29.json,satislar;ebitda;op_gelir;net_kar;cfo;fcf;ozkaynaklar;toplam_borc;net_borc;nakit;toplam_aktif,toplam_borc;net_borc;ebitda;ihracat_orani;piyasa_degeri;pb;roe;roa;ev;ev_ebitda;fcf_verim
SASA.IS,2022Q1,2022-03-31,XI_29,isyatirim_pit,,,2026-09-07T22:37:08.744456291,,,2022-05-15,APPROXIMATE_FIXED_LAG,UNKNOWN,UNKNOWN,data\raw\isyatirim_cache\SASA_2022_XI_29.json,satislar;ebitda;op_gelir;net_kar;cfo;fcf;ozkaynaklar;toplam_borc;net_borc;nakit;toplam_aktif,toplam_borc;net_borc;ebitda;ihracat_orani;piyasa_degeri;pb;roe;roa;ev;ev_ebitda;fcf_verim
SASA.IS,2022Q2,2022-06-30,XI_29,isyatirim_pit,,,2026-09-07T22:37:08.744456291,,,2022-08-15,APPROXIMATE_FIXED_LAG,UNKNOWN,UNKNOWN,data\raw\isyatirim_cache\SASA_2022_XI_29.json,satislar;ebitda;op_gelir;net_kar;cfo;fcf;ozkaynaklar;toplam_borc;net_borc;nakit;toplam_aktif,toplam_borc;net_borc;ebitda;ihracat_orani;piyasa_degeri;pb;roe;roa;ev;ev_ebitda;fcf_verim
SASA.IS,2022Q3,2022-09-30,XI_29,isyatirim_pit,,,2026-09-07T22:37:08.744456291,,,2022-11-15,APPROXIMATE_FIXED_LAG,UNKNOWN,UNKNOWN,data\raw\isyatirim_cache\SASA_2022_XI_29.json,satislar;ebitda;op_gelir;net_kar;cfo;fcf;ozkaynaklar;toplam_borc;net_borc;nakit;toplam_aktif,toplam_borc;net_borc;ebitda;ihracat_orani;piyasa_degeri;pb;roe;roa;ev;ev_ebitda;fcf_verim
SASA.IS,2022Q4,2022-12-31,XI_29,isyatirim_pit,,,2026-09-07T22:37:08.744456291,,,2023-03-15,APPROXIMATE_FIXED_LAG,UNKNOWN,UNKNOWN,data\raw\isyatirim_cache\SASA_2022_XI_29.json,satislar;ebitda;op_gelir;net_kar;cfo;fcf;ozkaynaklar;toplam_borc;net_borc;nakit;toplam_aktif,toplam_borc;net_borc;ebitda;ihracat_orani;piyasa_degeri;pb;roe;roa;ev;ev_ebitda;fcf_verim
SASA.IS,2023Q1,2023-03-31,XI_29,isyatirim_pit,,,2026-09-07T22:37:08.899526119,,,2023-05-15,APPROXIMATE_FIXED_LAG,UNKNOWN,UNKNOWN,data\raw\isyatirim_cache\SASA_2023_XI_29.json,satislar;ebitda;op_gelir;net_kar;cfo;fcf;ozkaynaklar;toplam_borc;net_borc;nakit;toplam_aktif,toplam_borc;net_borc;ebitda;ihracat_orani;piyasa_degeri;pb;roe;roa;ev;ev_ebitda;fcf_verim
SASA.IS,2023Q2,2023-06-30,XI_29,isyatirim_pit,,,2026-09-07T22:37:08.899526119,,,2023-08-15,APPROXIMATE_FIXED_LAG,UNKNOWN,UNKNOWN,data\raw\isyatirim_cache\SASA_2023_XI_29.json,satislar;ebitda;op_gelir;net_kar;cfo;fcf;ozkaynaklar;toplam_borc;net_borc;nakit;toplam_aktif,toplam_borc;net_borc;ebitda;ihracat_orani;piyasa_degeri;pb;roe;roa;ev;ev_ebitda;fcf_verim
SASA.IS,2023Q3,2023-09-30,XI_29,isyatirim_pit,,,2026-09-07T22:37:08.899526119,,,2023-11-15,APPROXIMATE_FIXED_LAG,UNKNOWN,UNKNOWN,data\raw\isyatirim_cache\SASA_2023_XI_29.json,satislar;ebitda;op_gelir;net_kar;cfo;fcf;ozkaynaklar;toplam_borc;net_borc;nakit;toplam_aktif,toplam_borc;net_borc;ebitda;ihracat_orani;piyasa_degeri;pb;roe;roa;ev;ev_ebitda;fcf_verim
SASA.IS,2023Q4,2023-12-31,XI_29,isyatirim_pit,,,2026-09-07T22:37:08.899526119,,,2024-03-15,APPROXIMATE_FIXED_LAG,UNKNOWN,UNKNOWN,data\raw\isyatirim_cache\SASA_2023_XI_29.json,satislar;ebitda;op_gelir;net_kar;cfo;fcf;ozkaynaklar;toplam_borc;net_borc;nakit;toplam_aktif,toplam_borc;net_borc;ebitda;ihracat_orani;piyasa_degeri;pb;roe;roa;ev;ev_ebitda;fcf_verim
SASA.IS,2024Q1,2024-03-31,XI_29,isyatirim_pit,,,2026-09-07T22:37:09.008695602,,,2024-05-15,APPROXIMATE_FIXED_LAG,UNKNOWN,UNKNOWN,data\raw\isyatirim_cache\SASA_2024_XI_29.json,satislar;ebitda;op_gelir;net_kar;cfo;fcf;ozkaynaklar;toplam_borc;net_borc;nakit;toplam_aktif,toplam_borc;net_borc;ebitda;ihracat_orani;piyasa_degeri;pb;roe;roa;ev;ev_ebitda;fcf_verim
SASA.IS,2024Q2,2024-06-30,XI_29,isyatirim_pit,,,2026-09-07T22:37:09.008695602,,,2024-08-15,APPROXIMATE_FIXED_LAG,UNKNOWN,UNKNOWN,data\raw\isyatirim_cache\SASA_2024_XI_29.json,satislar;ebitda;op_gelir;net_kar;cfo;fcf;ozkaynaklar;toplam_borc;net_borc;nakit;toplam_aktif,toplam_borc;net_borc;ebitda;ihracat_orani;piyasa_degeri;pb;roe;roa;ev;ev_ebitda;fcf_verim
SASA.IS,2024Q3,2024-09-30,XI_29,isyatirim_pit,,,2026-09-07T22:37:09.008695602,,,2024-11-15,APPROXIMATE_FIXED_LAG,UNKNOWN,UNKNOWN,data\raw\isyatirim_cache\SASA_2024_XI_29.json,satislar;ebitda;op_gelir;net_kar;cfo;fcf;ozkaynaklar;toplam_borc;net_borc;nakit;toplam_aktif,toplam_borc;net_borc;ebitda;ihracat_orani;piyasa_degeri;pb;roe;roa;ev;ev_ebitda;fcf_verim
SASA.IS,2024Q4,2024-12-31,XI_29,isyatirim_pit,,,2026-09-07T22:37:09.008695602,,,2025-03-15,APPROXIMATE_FIXED_LAG,UNKNOWN,UNKNOWN,data\raw\isyatirim_cache\SASA_2024_XI_29.json,satislar;ebitda;op_gelir;net_kar;cfo;fcf;ozkaynaklar;toplam_borc;net_borc;nakit;toplam_aktif,toplam_borc;net_borc;ebitda;ihracat_orani;piyasa_degeri;pb;roe;roa;ev;ev_ebitda;fcf_verim
SASA.IS,2025Q1,2025-03-31,XI_29,isyatirim_pit,,,2026-09-07T22:37:09.238523006,,,2025-05-15,APPROXIMATE_FIXED_LAG,UNKNOWN,UNKNOWN,data\raw\isyatirim_cache\SASA_2025_XI_29.json,satislar;ebitda;op_gelir;net_kar;cfo;fcf;ozkaynaklar;toplam_borc;net_borc;nakit;toplam_aktif,toplam_borc;net_borc;ebitda;ihracat_orani;piyasa_degeri;pb;roe;roa;ev;ev_ebitda;fcf_verim
SASA.IS,2025Q2,2025-06-30,XI_29,isyatirim_pit,,,2026-09-07T22:37:09.238523006,,,2025-08-15,APPROXIMATE_FIXED_LAG,UNKNOWN,UNKNOWN,data\raw\isyatirim_cache\SASA_2025_XI_29.json,satislar;ebitda;op_gelir;net_kar;cfo;fcf;ozkaynaklar;toplam_borc;net_borc;nakit;toplam_aktif,toplam_borc;net_borc;ebitda;ihracat_orani;piyasa_degeri;pb;roe;roa;ev;ev_ebitda;fcf_verim
SASA.IS,2025Q3,2025-09-30,XI_29,isyatirim_pit,,,2026-09-07T22:37:09.238523006,,,2025-11-15,APPROXIMATE_FIXED_LAG,UNKNOWN,UNKNOWN,data\raw\isyatirim_cache\SASA_2025_XI_29.json,satislar;ebitda;op_gelir;net_kar;cfo;fcf;ozkaynaklar;toplam_borc;net_borc;nakit;toplam_aktif,toplam_borc;net_borc;ebitda;ihracat_orani;piyasa_degeri;pb;roe;roa;ev;ev_ebitda;fcf_verim
SASA.IS,2025Q4,2025-12-31,XI_29,isyatirim_pit,,,2026-09-07T22:37:09.238523006,,,2026-03-15,APPROXIMATE_FIXED_LAG,UNKNOWN,UNKNOWN,data\raw\isyatirim_cache\SASA_2025_XI_29.json,satislar;ebitda;op_gelir;net_kar;cfo;fcf;ozkaynaklar;toplam_borc;net_borc;nakit;toplam_aktif,toplam_borc;net_borc;ebitda;ihracat_orani;piyasa_degeri;pb;roe;roa;ev;ev_ebitda;fcf_verim
SASA.IS,2026Q1,2026-03-31,XI_29,isyatirim_pit,,,2026-09-07T22:37:09.362889290,,,2026-05-15,APPROXIMATE_FIXED_LAG,UNKNOWN,UNKNOWN,data\raw\isyatirim_cache\SASA_2026_XI_29.json,satislar;ebitda;op_gelir;net_kar;cfo;fcf;ozkaynaklar;toplam_borc;net_borc;nakit;toplam_aktif,toplam_borc;net_borc;ebitda;ihracat_orani;piyasa_degeri;pb;roe;roa;ev;ev_ebitda;fcf_verim
SASA.IS,2026Q2,2026-06-30,XI_29,isyatirim_pit,,,2026-09-07T22:37:09.362889290,,,2026-08-15,APPROXIMATE_FIXED_LAG,UNKNOWN,UNKNOWN,data\raw\isyatirim_cache\SASA_2026_XI_29.json,satislar;ebitda;op_gelir;net_kar;cfo;fcf;ozkaynaklar;toplam_borc;net_borc;nakit;toplam_aktif,toplam_borc;net_borc;ebitda;ihracat_orani;piyasa_degeri;pb;roe;roa;ev;ev_ebitda;fcf_verim
SDTTR.IS,2019Q4,2019-12-31,XI_29,isyatirim_pit,,,2026-09-07T22:37:26.433887005,,,2020-03-15,APPROXIMATE_FIXED_LAG,UNKNOWN,UNKNOWN,data\raw\isyatirim_cache\SDTTR_2019_XI_29.json,satislar;ebitda;op_gelir;net_kar;cfo;fcf;ozkaynaklar;toplam_borc;net_borc;nakit;toplam_aktif,toplam_borc;net_borc;ebitda;ihracat_orani;piyasa_degeri;pb;roe;roa;ev;ev_ebitda;fcf_verim
SDTTR.IS,2020Q4,2020-12-31,XI_29,isyatirim_pit,,,2026-09-07T22:37:26.847589016,,,2021-03-15,APPROXIMATE_FIXED_LAG,UNKNOWN,UNKNOWN,data\raw\isyatirim_cache\SDTTR_2020_XI_29.json,satislar;ebitda;op_gelir;net_kar;cfo;fcf;ozkaynaklar;toplam_borc;net_borc;nakit;toplam_aktif,toplam_borc;net_borc;ebitda;ihracat_orani;piyasa_degeri;pb;roe;roa;ev;ev_ebitda;fcf_verim
SDTTR.IS,2021Q3,2021-09-30,XI_29,isyatirim_pit,,,2026-09-07T22:37:26.985462427,,,2021-11-15,APPROXIMATE_FIXED_LAG,UNKNOWN,UNKNOWN,data\raw\isyatirim_cache\SDTTR_2021_XI_29.json,satislar;ebitda;op_gelir;net_kar;cfo;fcf;ozkaynaklar;toplam_borc;net_borc;nakit;toplam_aktif,toplam_borc;net_borc;ebitda;ihracat_orani;piyasa_degeri;pb;roe;roa;ev;ev_ebitda;fcf_verim
SDTTR.IS,2021Q4,2021-12-31,XI_29,isyatirim_pit,,,2026-09-07T22:37:26.985462427,,,2022-03-15,APPROXIMATE_FIXED_LAG,UNKNOWN,UNKNOWN,data\raw\isyatirim_cache\SDTTR_2021_XI_29.json,satislar;ebitda;op_gelir;net_kar;cfo;fcf;ozkaynaklar;toplam_borc;net_borc;nakit;toplam_aktif,toplam_borc;net_borc;ebitda;ihracat_orani;piyasa_degeri;pb;roe;roa;ev;ev_ebitda;fcf_verim
SDTTR.IS,2022Q1,2022-03-31,XI_29,isyatirim_pit,,,2026-09-07T22:37:27.117353439,,,2022-05-15,APPROXIMATE_FIXED_LAG,UNKNOWN,UNKNOWN,data\raw\isyatirim_cache\SDTTR_2022_XI_29.json,satislar;ebitda;op_gelir;net_kar;cfo;fcf;ozkaynaklar;toplam_borc;net_borc;nakit;toplam_aktif,toplam_borc;net_borc;ebitda;ihracat_orani;piyasa_degeri;pb;roe;roa;ev;ev_ebitda;fcf_verim
SDTTR.IS,2022Q2,2022-06-30,XI_29,isyatirim_pit,,,2026-09-07T22:37:27.117353439,,,2022-08-15,APPROXIMATE_FIXED_LAG,UNKNOWN,UNKNOWN,data\raw\isyatirim_cache\SDTTR_2022_XI_29.json,satislar;ebitda;op_gelir;net_kar;cfo;fcf;ozkaynaklar;toplam_borc;net_borc;nakit;toplam_aktif,toplam_borc;net_borc;ebitda;ihracat_orani;piyasa_degeri;pb;roe;roa;ev;ev_ebitda;fcf_verim
SDTTR.IS,2022Q3,2022-09-30,XI_29,isyatirim_pit,,,2026-09-07T22:37:27.117353439,,,2022-11-15,APPROXIMATE_FIXED_LAG,UNKNOWN,UNKNOWN,data\raw\isyatirim_cache\SDTTR_2022_XI_29.json,satislar;ebitda;op_gelir;net_kar;cfo;fcf;ozkaynaklar;toplam_borc;net_borc;nakit;toplam_aktif,toplam_borc;net_borc;ebitda;ihracat_orani;piyasa_degeri;pb;roe;roa;ev;ev_ebitda;fcf_verim
SDTTR.IS,2022Q4,2022-12-31,XI_29,isyatirim_pit,,,2026-09-07T22:37:27.117353439,,,2023-03-15,APPROXIMATE_FIXED_LAG,UNKNOWN,UNKNOWN,data\raw\isyatirim_cache\SDTTR_2022_XI_29.json,satislar;ebitda;op_gelir;net_kar;cfo;fcf;ozkaynaklar;toplam_borc;net_borc;nakit;toplam_aktif,toplam_borc;net_borc;ebitda;ihracat_orani;piyasa_degeri;pb;roe;roa;ev;ev_ebitda;fcf_verim
SDTTR.IS,2023Q1,2023-03-31,XI_29,isyatirim_pit,,,2026-09-07T22:37:27.254838467,,,2023-05-15,APPROXIMATE_FIXED_LAG,UNKNOWN,UNKNOWN,data\raw\isyatirim_cache\SDTTR_2023_XI_29.json,satislar;ebitda;op_gelir;net_kar;cfo;fcf;ozkaynaklar;toplam_borc;net_borc;nakit;toplam_aktif,toplam_borc;net_borc;ebitda;ihracat_orani;piyasa_degeri;pb;roe;roa;ev;ev_ebitda;fcf_verim
SDTTR.IS,2023Q2,2023-06-30,XI_29,isyatirim_pit,,,2026-09-07T22:37:27.254838467,,,2023-08-15,APPROXIMATE_FIXED_LAG,UNKNOWN,UNKNOWN,data\raw\isyatirim_cache\SDTTR_2023_XI_29.json,satislar;ebitda;op_gelir;net_kar;cfo;fcf;ozkaynaklar;toplam_borc;net_borc;nakit;toplam_aktif,toplam_borc;net_borc;ebitda;ihracat_orani;piyasa_degeri;pb;roe;roa;ev;ev_ebitda;fcf_verim
SDTTR.IS,2023Q3,2023-09-30,XI_29,isyatirim_pit,,,2026-09-07T22:37:27.254838467,,,2023-11-15,APPROXIMATE_FIXED_LAG,UNKNOWN,UNKNOWN,data\raw\isyatirim_cache\SDTTR_2023_XI_29.json,satislar;ebitda;op_gelir;net_kar;cfo;fcf;ozkaynaklar;toplam_borc;net_borc;nakit;toplam_aktif,toplam_borc;net_borc;ebitda;ihracat_orani;piyasa_degeri;pb;roe;roa;ev;ev_ebitda;fcf_verim
SDTTR.IS,2023Q4,2023-12-31,XI_29,isyatirim_pit,,,2026-09-07T22:37:27.254838467,,,2024-03-15,APPROXIMATE_FIXED_LAG,UNKNOWN,UNKNOWN,data\raw\isyatirim_cache\SDTTR_2023_XI_29.json,satislar;ebitda;op_gelir;net_kar;cfo;fcf;ozkaynaklar;toplam_borc;net_borc;nakit;toplam_aktif,toplam_borc;net_borc;ebitda;ihracat_orani;piyasa_degeri;pb;roe;roa;ev;ev_ebitda;fcf_verim
SDTTR.IS,2024Q1,2024-03-31,XI_29,isyatirim_pit,,,2026-09-07T22:37:27.348921061,,,2024-05-15,APPROXIMATE_FIXED_LAG,UNKNOWN,UNKNOWN,data\raw\isyatirim_cache\SDTTR_2024_XI_29.json,satislar;ebitda;op_gelir;net_kar;cfo;fcf;ozkaynaklar;toplam_borc;net_borc;nakit;toplam_aktif,toplam_borc;net_borc;ebitda;ihracat_orani;piyasa_degeri;pb;roe;roa;ev;ev_ebitda;fcf_verim
SDTTR.IS,2024Q2,2024-06-30,XI_29,isyatirim_pit,,,2026-09-07T22:37:27.348921061,,,2024-08-15,APPROXIMATE_FIXED_LAG,UNKNOWN,UNKNOWN,data\raw\isyatirim_cache\SDTTR_2024_XI_29.json,satislar;ebitda;op_gelir;net_kar;cfo;fcf;ozkaynaklar;toplam_borc;net_borc;nakit;toplam_aktif,toplam_borc;net_borc;ebitda;ihracat_orani;piyasa_degeri;pb;roe;roa;ev;ev_ebitda;fcf_verim
SDTTR.IS,2024Q3,2024-09-30,XI_29,isyatirim_pit,,,2026-09-07T22:37:27.348921061,,,2024-11-15,APPROXIMATE_FIXED_LAG,UNKNOWN,UNKNOWN,data\raw\isyatirim_cache\SDTTR_2024_XI_29.json,satislar;ebitda;op_gelir;net_kar;cfo;fcf;ozkaynaklar;toplam_borc;net_borc;nakit;toplam_aktif,toplam_borc;net_borc;ebitda;ihracat_orani;piyasa_degeri;pb;roe;roa;ev;ev_ebitda;fcf_verim
SDTTR.IS,2024Q4,2024-12-31,XI_29,isyatirim_pit,,,2026-09-07T22:37:27.348921061,,,2025-03-15,APPROXIMATE_FIXED_LAG,UNKNOWN,UNKNOWN,data\raw\isyatirim_cache\SDTTR_2024_XI_29.json,satislar;ebitda;op_gelir;net_kar;cfo;fcf;ozkaynaklar;toplam_borc;net_borc;nakit;toplam_aktif,toplam_borc;net_borc;ebitda;ihracat_orani;piyasa_degeri;pb;roe;roa;ev;ev_ebitda;fcf_verim
SDTTR.IS,2025Q1,2025-03-31,XI_29,isyatirim_pit,,,2026-09-07T22:37:27.562809706,,,2025-05-15,APPROXIMATE_FIXED_LAG,UNKNOWN,UNKNOWN,data\raw\isyatirim_cache\SDTTR_2025_XI_29.json,satislar;ebitda;op_gelir;net_kar;cfo;fcf;ozkaynaklar;toplam_borc;net_borc;nakit;toplam_aktif,toplam_borc;net_borc;ebitda;ihracat_orani;piyasa_degeri;pb;roe;roa;ev;ev_ebitda;fcf_verim
SDTTR.IS,2025Q2,2025-06-30,XI_29,isyatirim_pit,,,2026-09-07T22:37:27.562809706,,,2025-08-15,APPROXIMATE_FIXED_LAG,UNKNOWN,UNKNOWN,data\raw\isyatirim_cache\SDTTR_2025_XI_29.json,satislar;ebitda;op_gelir;net_kar;cfo;fcf;ozkaynaklar;toplam_borc;net_borc;nakit;toplam_aktif,toplam_borc;net_borc;ebitda;ihracat_orani;piyasa_degeri;pb;roe;roa;ev;ev_ebitda;fcf_verim
SDTTR.IS,2025Q3,2025-09-30,XI_29,isyatirim_pit,,,2026-09-07T22:37:27.562809706,,,2025-11-15,APPROXIMATE_FIXED_LAG,UNKNOWN,UNKNOWN,data\raw\isyatirim_cache\SDTTR_2025_XI_29.json,satislar;ebitda;op_gelir;net_kar;cfo;fcf;ozkaynaklar;toplam_borc;net_borc;nakit;toplam_aktif,toplam_borc;net_borc;ebitda;ihracat_orani;piyasa_degeri;pb;roe;roa;ev;ev_ebitda;fcf_verim
SDTTR.IS,2025Q4,2025-12-31,XI_29,isyatirim_pit,,,2026-09-07T22:37:27.562809706,,,2026-03-15,APPROXIMATE_FIXED_LAG,UNKNOWN,UNKNOWN,data\raw\isyatirim_cache\SDTTR_2025_XI_29.json,satislar;ebitda;op_gelir;net_kar;cfo;fcf;ozkaynaklar;toplam_borc;net_borc;nakit;toplam_aktif,toplam_borc;net_borc;ebitda;ihracat_orani;piyasa_degeri;pb;roe;roa;ev;ev_ebitda;fcf_verim
SDTTR.IS,2026Q1,2026-03-31,XI_29,isyatirim_pit,,,2026-09-07T22:37:27.755631447,,,2026-05-15,APPROXIMATE_FIXED_LAG,UNKNOWN,UNKNOWN,data\raw\isyatirim_cache\SDTTR_2026_XI_29.json,satislar;ebitda;op_gelir;net_kar;cfo;fcf;ozkaynaklar;toplam_borc;net_borc;nakit;toplam_aktif,toplam_borc;net_borc;ebitda;ihracat_orani;piyasa_degeri;pb;roe;roa;ev;ev_ebitda;fcf_verim
SDTTR.IS,2026Q2,2026-06-30,XI_29,isyatirim_pit,,,2026-09-07T22:37:27.755631447,,,2026-08-15,APPROXIMATE_FIXED_LAG,UNKNOWN,UNKNOWN,data\raw\isyatirim_cache\SDTTR_2026_XI_29.json,satislar;ebitda;op_gelir;net_kar;cfo;fcf;ozkaynaklar;toplam_borc;net_borc;nakit;toplam_aktif,toplam_borc;net_borc;ebitda;ihracat_orani;piyasa_degeri;pb;roe;roa;ev;ev_ebitda;fcf_verim
SELEC.IS,2018Q1,2018-03-31,XI_29,isyatirim_pit,,,2026-09-07T22:37:21.444941282,,,2018-05-15,APPROXIMATE_FIXED_LAG,UNKNOWN,UNKNOWN,data\raw\isyatirim_cache\SELEC_2018_XI_29.json,satislar;ebitda;op_gelir;net_kar;cfo;fcf;ozkaynaklar;toplam_borc;net_borc;nakit;toplam_aktif,toplam_borc;net_borc;ebitda;ihracat_orani;piyasa_degeri;pb;roe;roa;ev;ev_ebitda;fcf_verim
SELEC.IS,2018Q2,2018-06-30,XI_29,isyatirim_pit,,,2026-09-07T22:37:21.444941282,,,2018-08-15,APPROXIMATE_FIXED_LAG,UNKNOWN,UNKNOWN,data\raw\isyatirim_cache\SELEC_2018_XI_29.json,satislar;ebitda;op_gelir;net_kar;cfo;fcf;ozkaynaklar;toplam_borc;net_borc;nakit;toplam_aktif,toplam_borc;net_borc;ebitda;ihracat_orani;piyasa_degeri;pb;roe;roa;ev;ev_ebitda;fcf_verim
SELEC.IS,2018Q3,2018-09-30,XI_29,isyatirim_pit,,,2026-09-07T22:37:21.444941282,,,2018-11-15,APPROXIMATE_FIXED_LAG,UNKNOWN,UNKNOWN,data\raw\isyatirim_cache\SELEC_2018_XI_29.json,satislar;ebitda;op_gelir;net_kar;cfo;fcf;ozkaynaklar;toplam_borc;net_borc;nakit;toplam_aktif,toplam_borc;net_borc;ebitda;ihracat_orani;piyasa_degeri;pb;roe;roa;ev;ev_ebitda;fcf_verim
SELEC.IS,2018Q4,2018-12-31,XI_29,isyatirim_pit,,,2026-09-07T22:37:21.444941282,,,2019-03-15,APPROXIMATE_FIXED_LAG,UNKNOWN,UNKNOWN,data\raw\isyatirim_cache\SELEC_2018_XI_29.json,satislar;ebitda;op_gelir;net_kar;cfo;fcf;ozkaynaklar;toplam_borc;net_borc;nakit;toplam_aktif,toplam_borc;net_borc;ebitda;ihracat_orani;piyasa_degeri;pb;roe;roa;ev;ev_ebitda;fcf_verim
SELEC.IS,2019Q1,2019-03-31,XI_29,isyatirim_pit,,,2026-09-07T22:37:21.599397182,,,2019-05-15,APPROXIMATE_FIXED_LAG,UNKNOWN,UNKNOWN,data\raw\isyatirim_cache\SELEC_2019_XI_29.json,satislar;ebitda;op_gelir;net_kar;cfo;fcf;ozkaynaklar;toplam_borc;net_borc;nakit;toplam_aktif,toplam_borc;net_borc;ebitda;ihracat_orani;piyasa_degeri;pb;roe;roa;ev;ev_ebitda;fcf_verim
SELEC.IS,2019Q2,2019-06-30,XI_29,isyatirim_pit,,,2026-09-07T22:37:21.599397182,,,2019-08-15,APPROXIMATE_FIXED_LAG,UNKNOWN,UNKNOWN,data\raw\isyatirim_cache\SELEC_2019_XI_29.json,satislar;ebitda;op_gelir;net_kar;cfo;fcf;ozkaynaklar;toplam_borc;net_borc;nakit;toplam_aktif,toplam_borc;net_borc;ebitda;ihracat_orani;piyasa_degeri;pb;roe;roa;ev;ev_ebitda;fcf_verim
SELEC.IS,2019Q3,2019-09-30,XI_29,isyatirim_pit,,,2026-09-07T22:37:21.599397182,,,2019-11-15,APPROXIMATE_FIXED_LAG,UNKNOWN,UNKNOWN,data\raw\isyatirim_cache\SELEC_2019_XI_29.json,satislar;ebitda;op_gelir;net_kar;cfo;fcf;ozkaynaklar;toplam_borc;net_borc;nakit;toplam_aktif,toplam_borc;net_borc;ebitda;ihracat_orani;piyasa_degeri;pb;roe;roa;ev;ev_ebitda;fcf_verim
SELEC.IS,2019Q4,2019-12-31,XI_29,isyatirim_pit,,,2026-09-07T22:37:21.599397182,,,2020-03-15,APPROXIMATE_FIXED_LAG,UNKNOWN,UNKNOWN,data\raw\isyatirim_cache\SELEC_2019_XI_29.json,satislar;ebitda;op_gelir;net_kar;cfo;fcf;ozkaynaklar;toplam_borc;net_borc;nakit;toplam_aktif,toplam_borc;net_borc;ebitda;ihracat_orani;piyasa_degeri;pb;roe;roa;ev;ev_ebitda;fcf_verim
SELEC.IS,2020Q1,2020-03-31,XI_29,isyatirim_pit,,,2026-09-07T22:37:21.805515289,,,2020-05-15,APPROXIMATE_FIXED_LAG,UNKNOWN,UNKNOWN,data\raw\isyatirim_cache\SELEC_2020_XI_29.json,satislar;ebitda;op_gelir;net_kar;cfo;fcf;ozkaynaklar;toplam_borc;net_borc;nakit;toplam_aktif,toplam_borc;net_borc;ebitda;ihracat_orani;piyasa_degeri;pb;roe;roa;ev;ev_ebitda;fcf_verim
SELEC.IS,2020Q2,2020-06-30,XI_29,isyatirim_pit,,,2026-09-07T22:37:21.805515289,,,2020-08-15,APPROXIMATE_FIXED_LAG,UNKNOWN,UNKNOWN,data\raw\isyatirim_cache\SELEC_2020_XI_29.json,satislar;ebitda;op_gelir;net_kar;cfo;fcf;ozkaynaklar;toplam_borc;net_borc;nakit;toplam_aktif,toplam_borc;net_borc;ebitda;ihracat_orani;piyasa_degeri;pb;roe;roa;ev;ev_ebitda;fcf_verim
SELEC.IS,2020Q3,2020-09-30,XI_29,isyatirim_pit,,,2026-09-07T22:37:21.805515289,,,2020-11-15,APPROXIMATE_FIXED_LAG,UNKNOWN,UNKNOWN,data\raw\isyatirim_cache\SELEC_2020_XI_29.json,satislar;ebitda;op_gelir;net_kar;cfo;fcf;ozkaynaklar;toplam_borc;net_borc;nakit;toplam_aktif,toplam_borc;net_borc;ebitda;ihracat_orani;piyasa_degeri;pb;roe;roa;ev;ev_ebitda;fcf_verim
SELEC.IS,2020Q4,2020-12-31,XI_29,isyatirim_pit,,,2026-09-07T22:37:21.805515289,,,2021-03-15,APPROXIMATE_FIXED_LAG,UNKNOWN,UNKNOWN,data\raw\isyatirim_cache\SELEC_2020_XI_29.json,satislar;ebitda;op_gelir;net_kar;cfo;fcf;ozkaynaklar;toplam_borc;net_borc;nakit;toplam_aktif,toplam_borc;net_borc;ebitda;ihracat_orani;piyasa_degeri;pb;roe;roa;ev;ev_ebitda;fcf_verim
SELEC.IS,2021Q1,2021-03-31,XI_29,isyatirim_pit,,,2026-09-07T22:37:21.929485321,,,2021-05-15,APPROXIMATE_FIXED_LAG,UNKNOWN,UNKNOWN,data\raw\isyatirim_cache\SELEC_2021_XI_29.json,satislar;ebitda;op_gelir;net_kar;cfo;fcf;ozkaynaklar;toplam_borc;net_borc;nakit;toplam_aktif,toplam_borc;net_borc;ebitda;ihracat_orani;piyasa_degeri;pb;roe;roa;ev;ev_ebitda;fcf_verim
SELEC.IS,2021Q2,2021-06-30,XI_29,isyatirim_pit,,,2026-09-07T22:37:21.929485321,,,2021-08-15,APPROXIMATE_FIXED_LAG,UNKNOWN,UNKNOWN,data\raw\isyatirim_cache\SELEC_2021_XI_29.json,satislar;ebitda;op_gelir;net_kar;cfo;fcf;ozkaynaklar;toplam_borc;net_borc;nakit;toplam_aktif,toplam_borc;net_borc;ebitda;ihracat_orani;piyasa_degeri;pb;roe;roa;ev;ev_ebitda;fcf_verim
SELEC.IS,2021Q3,2021-09-30,XI_29,isyatirim_pit,,,2026-09-07T22:37:21.929485321,,,2021-11-15,APPROXIMATE_FIXED_LAG,UNKNOWN,UNKNOWN,data\raw\isyatirim_cache\SELEC_2021_XI_29.json,satislar;ebitda;op_gelir;net_kar;cfo;fcf;ozkaynaklar;toplam_borc;net_borc;nakit;toplam_aktif,toplam_borc;net_borc;ebitda;ihracat_orani;piyasa_degeri;pb;roe;roa;ev;ev_ebitda;fcf_verim
SELEC.IS,2021Q4,2021-12-31,XI_29,isyatirim_pit,,,2026-09-07T22:37:21.929485321,,,2022-03-15,APPROXIMATE_FIXED_LAG,UNKNOWN,UNKNOWN,data\raw\isyatirim_cache\SELEC_2021_XI_29.json,satislar;ebitda;op_gelir;net_kar;cfo;fcf;ozkaynaklar;toplam_borc;net_borc;nakit;toplam_aktif,toplam_borc;net_borc;ebitda;ihracat_orani;piyasa_degeri;pb;roe;roa;ev;ev_ebitda;fcf_verim
SELEC.IS,2022Q1,2022-03-31,XI_29,isyatirim_pit,,,2026-09-07T22:37:22.015518904,,,2022-05-15,APPROXIMATE_FIXED_LAG,UNKNOWN,UNKNOWN,data\raw\isyatirim_cache\SELEC_2022_XI_29.json,satislar;ebitda;op_gelir;net_kar;cfo;fcf;ozkaynaklar;toplam_borc;net_borc;nakit;toplam_aktif,toplam_borc;net_borc;ebitda;ihracat_orani;piyasa_degeri;pb;roe;roa;ev;ev_ebitda;fcf_verim
SELEC.IS,2022Q2,2022-06-30,XI_29,isyatirim_pit,,,2026-09-07T22:37:22.015518904,,,2022-08-15,APPROXIMATE_FIXED_LAG,UNKNOWN,UNKNOWN,data\raw\isyatirim_cache\SELEC_2022_XI_29.json,satislar;ebitda;op_gelir;net_kar;cfo;fcf;ozkaynaklar;toplam_borc;net_borc;nakit;toplam_aktif,toplam_borc;net_borc;ebitda;ihracat_orani;piyasa_degeri;pb;roe;roa;ev;ev_ebitda;fcf_verim
SELEC.IS,2022Q3,2022-09-30,XI_29,isyatirim_pit,,,2026-09-07T22:37:22.015518904,,,2022-11-15,APPROXIMATE_FIXED_LAG,UNKNOWN,UNKNOWN,data\raw\isyatirim_cache\SELEC_2022_XI_29.json,satislar;ebitda;op_gelir;net_kar;cfo;fcf;ozkaynaklar;toplam_borc;net_borc;nakit;toplam_aktif,toplam_borc;net_borc;ebitda;ihracat_orani;piyasa_degeri;pb;roe;roa;ev;ev_ebitda;fcf_verim
SELEC.IS,2022Q4,2022-12-31,XI_29,isyatirim_pit,,,2026-09-07T22:37:22.015518904,,,2023-03-15,APPROXIMATE_FIXED_LAG,UNKNOWN,UNKNOWN,data\raw\isyatirim_cache\SELEC_2022_XI_29.json,satislar;ebitda;op_gelir;net_kar;cfo;fcf;ozkaynaklar;toplam_borc;net_borc;nakit;toplam_aktif,toplam_borc;net_borc;ebitda;ihracat_orani;piyasa_degeri;pb;roe;roa;ev;ev_ebitda;fcf_verim
SELEC.IS,2023Q1,2023-03-31,XI_29,isyatirim_pit,,,2026-09-07T22:37:22.121361017,,,2023-05-15,APPROXIMATE_FIXED_LAG,UNKNOWN,UNKNOWN,data\raw\isyatirim_cache\SELEC_2023_XI_29.json,satislar;ebitda;op_gelir;net_kar;cfo;fcf;ozkaynaklar;toplam_borc;net_borc;nakit;toplam_aktif,toplam_borc;net_borc;ebitda;ihracat_orani;piyasa_degeri;pb;roe;roa;ev;ev_ebitda;fcf_verim
SELEC.IS,2023Q2,2023-06-30,XI_29,isyatirim_pit,,,2026-09-07T22:37:22.121361017,,,2023-08-15,APPROXIMATE_FIXED_LAG,UNKNOWN,UNKNOWN,data\raw\isyatirim_cache\SELEC_2023_XI_29.json,satislar;ebitda;op_gelir;net_kar;cfo;fcf;ozkaynaklar;toplam_borc;net_borc;nakit;toplam_aktif,toplam_borc;net_borc;ebitda;ihracat_orani;piyasa_degeri;pb;roe;roa;ev;ev_ebitda;fcf_verim
SELEC.IS,2023Q3,2023-09-30,XI_29,isyatirim_pit,,,2026-09-07T22:37:22.121361017,,,2023-11-15,APPROXIMATE_FIXED_LAG,UNKNOWN,UNKNOWN,data\raw\isyatirim_cache\SELEC_2023_XI_29.json,satislar;ebitda;op_gelir;net_kar;cfo;fcf;ozkaynaklar;toplam_borc;net_borc;nakit;toplam_aktif,toplam_borc;net_borc;ebitda;ihracat_orani;piyasa_degeri;pb;roe;roa;ev;ev_ebitda;fcf_verim
SELEC.IS,2023Q4,2023-12-31,XI_29,isyatirim_pit,,,2026-09-07T22:37:22.121361017,,,2024-03-15,APPROXIMATE_FIXED_LAG,UNKNOWN,UNKNOWN,data\raw\isyatirim_cache\SELEC_2023_XI_29.json,satislar;ebitda;op_gelir;net_kar;cfo;fcf;ozkaynaklar;toplam_borc;net_borc;nakit;toplam_aktif,toplam_borc;net_borc;ebitda;ihracat_orani;piyasa_degeri;pb;roe;roa;ev;ev_ebitda;fcf_verim
SELEC.IS,2024Q1,2024-03-31,XI_29,isyatirim_pit,,,2026-09-07T22:37:22.222478867,,,2024-05-15,APPROXIMATE_FIXED_LAG,UNKNOWN,UNKNOWN,data\raw\isyatirim_cache\SELEC_2024_XI_29.json,satislar;ebitda;op_gelir;net_kar;cfo;fcf;ozkaynaklar;toplam_borc;net_borc;nakit;toplam_aktif,toplam_borc;net_borc;ebitda;ihracat_orani;piyasa_degeri;pb;roe;roa;ev;ev_ebitda;fcf_verim
SELEC.IS,2024Q2,2024-06-30,XI_29,isyatirim_pit,,,2026-09-07T22:37:22.222478867,,,2024-08-15,APPROXIMATE_FIXED_LAG,UNKNOWN,UNKNOWN,data\raw\isyatirim_cache\SELEC_2024_XI_29.json,satislar;ebitda;op_gelir;net_kar;cfo;fcf;ozkaynaklar;toplam_borc;net_borc;nakit;toplam_aktif,toplam_borc;net_borc;ebitda;ihracat_orani;piyasa_degeri;pb;roe;roa;ev;ev_ebitda;fcf_verim
SELEC.IS,2024Q3,2024-09-30,XI_29,isyatirim_pit,,,2026-09-07T22:37:22.222478867,,,2024-11-15,APPROXIMATE_FIXED_LAG,UNKNOWN,UNKNOWN,data\raw\isyatirim_cache\SELEC_2024_XI_29.json,satislar;ebitda;op_gelir;net_kar;cfo;fcf;ozkaynaklar;toplam_borc;net_borc;nakit;toplam_aktif,toplam_borc;net_borc;ebitda;ihracat_orani;piyasa_degeri;pb;roe;roa;ev;ev_ebitda;fcf_verim
SELEC.IS,2024Q4,2024-12-31,XI_29,isyatirim_pit,,,2026-09-07T22:37:22.222478867,,,2025-03-15,APPROXIMATE_FIXED_LAG,UNKNOWN,UNKNOWN,data\raw\isyatirim_cache\SELEC_2024_XI_29.json,satislar;ebitda;op_gelir;net_kar;cfo;fcf;ozkaynaklar;toplam_borc;net_borc;nakit;toplam_aktif,toplam_borc;net_borc;ebitda;ihracat_orani;piyasa_degeri;pb;roe;roa;ev;ev_ebitda;fcf_verim
SELEC.IS,2025Q1,2025-03-31,XI_29,isyatirim_pit,,,2026-09-07T22:37:22.316461802,,,2025-05-15,APPROXIMATE_FIXED_LAG,UNKNOWN,UNKNOWN,data\raw\isyatirim_cache\SELEC_2025_XI_29.json,satislar;ebitda;op_gelir;net_kar;cfo;fcf;ozkaynaklar;toplam_borc;net_borc;nakit;toplam_aktif,toplam_borc;net_borc;ebitda;ihracat_orani;piyasa_degeri;pb;roe;roa;ev;ev_ebitda;fcf_verim
SELEC.IS,2025Q2,2025-06-30,XI_29,isyatirim_pit,,,2026-09-07T22:37:22.316461802,,,2025-08-15,APPROXIMATE_FIXED_LAG,UNKNOWN,UNKNOWN,data\raw\isyatirim_cache\SELEC_2025_XI_29.json,satislar;ebitda;op_gelir;net_kar;cfo;fcf;ozkaynaklar;toplam_borc;net_borc;nakit;toplam_aktif,toplam_borc;net_borc;ebitda;ihracat_orani;piyasa_degeri;pb;roe;roa;ev;ev_ebitda;fcf_verim
SELEC.IS,2025Q3,2025-09-30,XI_29,isyatirim_pit,,,2026-09-07T22:37:22.316461802,,,2025-11-15,APPROXIMATE_FIXED_LAG,UNKNOWN,UNKNOWN,data\raw\isyatirim_cache\SELEC_2025_XI_29.json,satislar;ebitda;op_gelir;net_kar;cfo;fcf;ozkaynaklar;toplam_borc;net_borc;nakit;toplam_aktif,toplam_borc;net_borc;ebitda;ihracat_orani;piyasa_degeri;pb;roe;roa;ev;ev_ebitda;fcf_verim
SELEC.IS,2025Q4,2025-12-31,XI_29,isyatirim_pit,,,2026-09-07T22:37:22.316461802,,,2026-03-15,APPROXIMATE_FIXED_LAG,UNKNOWN,UNKNOWN,data\raw\isyatirim_cache\SELEC_2025_XI_29.json,satislar;ebitda;op_gelir;net_kar;cfo;fcf;ozkaynaklar;toplam_borc;net_borc;nakit;toplam_aktif,toplam_borc;net_borc;ebitda;ihracat_orani;piyasa_degeri;pb;roe;roa;ev;ev_ebitda;fcf_verim
SELEC.IS,2026Q1,2026-03-31,XI_29,isyatirim_pit,,,2026-09-07T22:37:22.405002594,,,2026-05-15,APPROXIMATE_FIXED_LAG,UNKNOWN,UNKNOWN,data\raw\isyatirim_cache\SELEC_2026_XI_29.json,satislar;ebitda;op_gelir;net_kar;cfo;fcf;ozkaynaklar;toplam_borc;net_borc;nakit;toplam_aktif,toplam_borc;net_borc;ebitda;ihracat_orani;piyasa_degeri;pb;roe;roa;ev;ev_ebitda;fcf_verim
SELEC.IS,2026Q2,2026-06-30,XI_29,isyatirim_pit,,,2026-09-07T22:37:22.405002594,,,2026-08-15,APPROXIMATE_FIXED_LAG,UNKNOWN,UNKNOWN,data\raw\isyatirim_cache\SELEC_2026_XI_29.json,satislar;ebitda;op_gelir;net_kar;cfo;fcf;ozkaynaklar;toplam_borc;net_borc;nakit;toplam_aktif,toplam_borc;net_borc;ebitda;ihracat_orani;piyasa_degeri;pb;roe;roa;ev;ev_ebitda;fcf_verim
SISE.IS,2018Q1,2018-03-31,XI_29,isyatirim_pit,,,2026-09-07T22:37:00.063837051,,,2018-05-15,APPROXIMATE_FIXED_LAG,UNKNOWN,UNKNOWN,data\raw\isyatirim_cache\SISE_2018_XI_29.json,satislar;ebitda;op_gelir;net_kar;cfo;fcf;ozkaynaklar;toplam_borc;net_borc;nakit;toplam_aktif,toplam_borc;net_borc;ebitda;ihracat_orani;piyasa_degeri;pb;roe;roa;ev;ev_ebitda;fcf_verim
SISE.IS,2018Q2,2018-06-30,XI_29,isyatirim_pit,,,2026-09-07T22:37:00.063837051,,,2018-08-15,APPROXIMATE_FIXED_LAG,UNKNOWN,UNKNOWN,data\raw\isyatirim_cache\SISE_2018_XI_29.json,satislar;ebitda;op_gelir;net_kar;cfo;fcf;ozkaynaklar;toplam_borc;net_borc;nakit;toplam_aktif,toplam_borc;net_borc;ebitda;ihracat_orani;piyasa_degeri;pb;roe;roa;ev;ev_ebitda;fcf_verim
SISE.IS,2018Q3,2018-09-30,XI_29,isyatirim_pit,,,2026-09-07T22:37:00.063837051,,,2018-11-15,APPROXIMATE_FIXED_LAG,UNKNOWN,UNKNOWN,data\raw\isyatirim_cache\SISE_2018_XI_29.json,satislar;ebitda;op_gelir;net_kar;cfo;fcf;ozkaynaklar;toplam_borc;net_borc;nakit;toplam_aktif,toplam_borc;net_borc;ebitda;ihracat_orani;piyasa_degeri;pb;roe;roa;ev;ev_ebitda;fcf_verim
SISE.IS,2018Q4,2018-12-31,XI_29,isyatirim_pit,,,2026-09-07T22:37:00.063837051,,,2019-03-15,APPROXIMATE_FIXED_LAG,UNKNOWN,UNKNOWN,data\raw\isyatirim_cache\SISE_2018_XI_29.json,satislar;ebitda;op_gelir;net_kar;cfo;fcf;ozkaynaklar;toplam_borc;net_borc;nakit;toplam_aktif,toplam_borc;net_borc;ebitda;ihracat_orani;piyasa_degeri;pb;roe;roa;ev;ev_ebitda;fcf_verim
SISE.IS,2019Q1,2019-03-31,XI_29,isyatirim_pit,,,2026-09-07T22:37:00.235599995,,,2019-05-15,APPROXIMATE_FIXED_LAG,UNKNOWN,UNKNOWN,data\raw\isyatirim_cache\SISE_2019_XI_29.json,satislar;ebitda;op_gelir;net_kar;cfo;fcf;ozkaynaklar;toplam_borc;net_borc;nakit;toplam_aktif,toplam_borc;net_borc;ebitda;ihracat_orani;piyasa_degeri;pb;roe;roa;ev;ev_ebitda;fcf_verim
SISE.IS,2019Q2,2019-06-30,XI_29,isyatirim_pit,,,2026-09-07T22:37:00.235599995,,,2019-08-15,APPROXIMATE_FIXED_LAG,UNKNOWN,UNKNOWN,data\raw\isyatirim_cache\SISE_2019_XI_29.json,satislar;ebitda;op_gelir;net_kar;cfo;fcf;ozkaynaklar;toplam_borc;net_borc;nakit;toplam_aktif,toplam_borc;net_borc;ebitda;ihracat_orani;piyasa_degeri;pb;roe;roa;ev;ev_ebitda;fcf_verim
SISE.IS,2019Q3,2019-09-30,XI_29,isyatirim_pit,,,2026-09-07T22:37:00.235599995,,,2019-11-15,APPROXIMATE_FIXED_LAG,UNKNOWN,UNKNOWN,data\raw\isyatirim_cache\SISE_2019_XI_29.json,satislar;ebitda;op_gelir;net_kar;cfo;fcf;ozkaynaklar;toplam_borc;net_borc;nakit;toplam_aktif,toplam_borc;net_borc;ebitda;ihracat_orani;piyasa_degeri;pb;roe;roa;ev;ev_ebitda;fcf_verim
SISE.IS,2019Q4,2019-12-31,XI_29,isyatirim_pit,,,2026-09-07T22:37:00.235599995,,,2020-03-15,APPROXIMATE_FIXED_LAG,UNKNOWN,UNKNOWN,data\raw\isyatirim_cache\SISE_2019_XI_29.json,satislar;ebitda;op_gelir;net_kar;cfo;fcf;ozkaynaklar;toplam_borc;net_borc;nakit;toplam_aktif,toplam_borc;net_borc;ebitda;ihracat_orani;piyasa_degeri;pb;roe;roa;ev;ev_ebitda;fcf_verim
SISE.IS,2020Q1,2020-03-31,XI_29,isyatirim_pit,,,2026-09-07T22:37:00.377595186,,,2020-05-15,APPROXIMATE_FIXED_LAG,UNKNOWN,UNKNOWN,data\raw\isyatirim_cache\SISE_2020_XI_29.json,satislar;ebitda;op_gelir;net_kar;cfo;fcf;ozkaynaklar;toplam_borc;net_borc;nakit;toplam_aktif,toplam_borc;net_borc;ebitda;ihracat_orani;piyasa_degeri;pb;roe;roa;ev;ev_ebitda;fcf_verim
SISE.IS,2020Q2,2020-06-30,XI_29,isyatirim_pit,,,2026-09-07T22:37:00.377595186,,,2020-08-15,APPROXIMATE_FIXED_LAG,UNKNOWN,UNKNOWN,data\raw\isyatirim_cache\SISE_2020_XI_29.json,satislar;ebitda;op_gelir;net_kar;cfo;fcf;ozkaynaklar;toplam_borc;net_borc;nakit;toplam_aktif,toplam_borc;net_borc;ebitda;ihracat_orani;piyasa_degeri;pb;roe;roa;ev;ev_ebitda;fcf_verim
SISE.IS,2020Q3,2020-09-30,XI_29,isyatirim_pit,,,2026-09-07T22:37:00.377595186,,,2020-11-15,APPROXIMATE_FIXED_LAG,UNKNOWN,UNKNOWN,data\raw\isyatirim_cache\SISE_2020_XI_29.json,satislar;ebitda;op_gelir;net_kar;cfo;fcf;ozkaynaklar;toplam_borc;net_borc;nakit;toplam_aktif,toplam_borc;net_borc;ebitda;ihracat_orani;piyasa_degeri;pb;roe;roa;ev;ev_ebitda;fcf_verim
SISE.IS,2020Q4,2020-12-31,XI_29,isyatirim_pit,,,2026-09-07T22:37:00.377595186,,,2021-03-15,APPROXIMATE_FIXED_LAG,UNKNOWN,UNKNOWN,data\raw\isyatirim_cache\SISE_2020_XI_29.json,satislar;ebitda;op_gelir;net_kar;cfo;fcf;ozkaynaklar;toplam_borc;net_borc;nakit;toplam_aktif,toplam_borc;net_borc;ebitda;ihracat_orani;piyasa_degeri;pb;roe;roa;ev;ev_ebitda;fcf_verim
SISE.IS,2021Q1,2021-03-31,XI_29,isyatirim_pit,,,2026-09-07T22:37:00.536558867,,,2021-05-15,APPROXIMATE_FIXED_LAG,UNKNOWN,UNKNOWN,data\raw\isyatirim_cache\SISE_2021_XI_29.json,satislar;ebitda;op_gelir;net_kar;cfo;fcf;ozkaynaklar;toplam_borc;net_borc;nakit;toplam_aktif,toplam_borc;net_borc;ebitda;ihracat_orani;piyasa_degeri;pb;roe;roa;ev;ev_ebitda;fcf_verim
SISE.IS,2021Q2,2021-06-30,XI_29,isyatirim_pit,,,2026-09-07T22:37:00.536558867,,,2021-08-15,APPROXIMATE_FIXED_LAG,UNKNOWN,UNKNOWN,data\raw\isyatirim_cache\SISE_2021_XI_29.json,satislar;ebitda;op_gelir;net_kar;cfo;fcf;ozkaynaklar;toplam_borc;net_borc;nakit;toplam_aktif,toplam_borc;net_borc;ebitda;ihracat_orani;piyasa_degeri;pb;roe;roa;ev;ev_ebitda;fcf_verim
SISE.IS,2021Q3,2021-09-30,XI_29,isyatirim_pit,,,2026-09-07T22:37:00.536558867,,,2021-11-15,APPROXIMATE_FIXED_LAG,UNKNOWN,UNKNOWN,data\raw\isyatirim_cache\SISE_2021_XI_29.json,satislar;ebitda;op_gelir;net_kar;cfo;fcf;ozkaynaklar;toplam_borc;net_borc;nakit;toplam_aktif,toplam_borc;net_borc;ebitda;ihracat_orani;piyasa_degeri;pb;roe;roa;ev;ev_ebitda;fcf_verim
SISE.IS,2021Q4,2021-12-31,XI_29,isyatirim_pit,,,2026-09-07T22:37:00.536558867,,,2022-03-15,APPROXIMATE_FIXED_LAG,UNKNOWN,UNKNOWN,data\raw\isyatirim_cache\SISE_2021_XI_29.json,satislar;ebitda;op_gelir;net_kar;cfo;fcf;ozkaynaklar;toplam_borc;net_borc;nakit;toplam_aktif,toplam_borc;net_borc;ebitda;ihracat_orani;piyasa_degeri;pb;roe;roa;ev;ev_ebitda;fcf_verim
SISE.IS,2022Q1,2022-03-31,XI_29,isyatirim_pit,,,2026-09-07T22:37:00.665056944,,,2022-05-15,APPROXIMATE_FIXED_LAG,UNKNOWN,UNKNOWN,data\raw\isyatirim_cache\SISE_2022_XI_29.json,satislar;ebitda;op_gelir;net_kar;cfo;fcf;ozkaynaklar;toplam_borc;net_borc;nakit;toplam_aktif,toplam_borc;net_borc;ebitda;ihracat_orani;piyasa_degeri;pb;roe;roa;ev;ev_ebitda;fcf_verim
SISE.IS,2022Q2,2022-06-30,XI_29,isyatirim_pit,,,2026-09-07T22:37:00.665056944,,,2022-08-15,APPROXIMATE_FIXED_LAG,UNKNOWN,UNKNOWN,data\raw\isyatirim_cache\SISE_2022_XI_29.json,satislar;ebitda;op_gelir;net_kar;cfo;fcf;ozkaynaklar;toplam_borc;net_borc;nakit;toplam_aktif,toplam_borc;net_borc;ebitda;ihracat_orani;piyasa_degeri;pb;roe;roa;ev;ev_ebitda;fcf_verim
SISE.IS,2022Q3,2022-09-30,XI_29,isyatirim_pit,,,2026-09-07T22:37:00.665056944,,,2022-11-15,APPROXIMATE_FIXED_LAG,UNKNOWN,UNKNOWN,data\raw\isyatirim_cache\SISE_2022_XI_29.json,satislar;ebitda;op_gelir;net_kar;cfo;fcf;ozkaynaklar;toplam_borc;net_borc;nakit;toplam_aktif,toplam_borc;net_borc;ebitda;ihracat_orani;piyasa_degeri;pb;roe;roa;ev;ev_ebitda;fcf_verim
SISE.IS,2022Q4,2022-12-31,XI_29,isyatirim_pit,,,2026-09-07T22:37:00.665056944,,,2023-03-15,APPROXIMATE_FIXED_LAG,UNKNOWN,UNKNOWN,data\raw\isyatirim_cache\SISE_2022_XI_29.json,satislar;ebitda;op_gelir;net_kar;cfo;fcf;ozkaynaklar;toplam_borc;net_borc;nakit;toplam_aktif,toplam_borc;net_borc;ebitda;ihracat_orani;piyasa_degeri;pb;roe;roa;ev;ev_ebitda;fcf_verim
SISE.IS,2023Q1,2023-03-31,XI_29,isyatirim_pit,,,2026-09-07T22:37:00.807458401,,,2023-05-15,APPROXIMATE_FIXED_LAG,UNKNOWN,UNKNOWN,data\raw\isyatirim_cache\SISE_2023_XI_29.json,satislar;ebitda;op_gelir;net_kar;cfo;fcf;ozkaynaklar;toplam_borc;net_borc;nakit;toplam_aktif,toplam_borc;net_borc;ebitda;ihracat_orani;piyasa_degeri;pb;roe;roa;ev;ev_ebitda;fcf_verim
SISE.IS,2023Q2,2023-06-30,XI_29,isyatirim_pit,,,2026-09-07T22:37:00.807458401,,,2023-08-15,APPROXIMATE_FIXED_LAG,UNKNOWN,UNKNOWN,data\raw\isyatirim_cache\SISE_2023_XI_29.json,satislar;ebitda;op_gelir;net_kar;cfo;fcf;ozkaynaklar;toplam_borc;net_borc;nakit;toplam_aktif,toplam_borc;net_borc;ebitda;ihracat_orani;piyasa_degeri;pb;roe;roa;ev;ev_ebitda;fcf_verim
SISE.IS,2023Q3,2023-09-30,XI_29,isyatirim_pit,,,2026-09-07T22:37:00.807458401,,,2023-11-15,APPROXIMATE_FIXED_LAG,UNKNOWN,UNKNOWN,data\raw\isyatirim_cache\SISE_2023_XI_29.json,satislar;ebitda;op_gelir;net_kar;cfo;fcf;ozkaynaklar;toplam_borc;net_borc;nakit;toplam_aktif,toplam_borc;net_borc;ebitda;ihracat_orani;piyasa_degeri;pb;roe;roa;ev;ev_ebitda;fcf_verim
SISE.IS,2023Q4,2023-12-31,XI_29,isyatirim_pit,,,2026-09-07T22:37:00.807458401,,,2024-03-15,APPROXIMATE_FIXED_LAG,UNKNOWN,UNKNOWN,data\raw\isyatirim_cache\SISE_2023_XI_29.json,satislar;ebitda;op_gelir;net_kar;cfo;fcf;ozkaynaklar;toplam_borc;net_borc;nakit;toplam_aktif,toplam_borc;net_borc;ebitda;ihracat_orani;piyasa_degeri;pb;roe;roa;ev;ev_ebitda;fcf_verim
SISE.IS,2024Q1,2024-03-31,XI_29,isyatirim_pit,,,2026-09-07T22:37:00.894105434,,,2024-05-15,APPROXIMATE_FIXED_LAG,UNKNOWN,UNKNOWN,data\raw\isyatirim_cache\SISE_2024_XI_29.json,satislar;ebitda;op_gelir;net_kar;cfo;fcf;ozkaynaklar;toplam_borc;net_borc;nakit;toplam_aktif,toplam_borc;net_borc;ebitda;ihracat_orani;piyasa_degeri;pb;roe;roa;ev;ev_ebitda;fcf_verim
SISE.IS,2024Q2,2024-06-30,XI_29,isyatirim_pit,,,2026-09-07T22:37:00.894105434,,,2024-08-15,APPROXIMATE_FIXED_LAG,UNKNOWN,UNKNOWN,data\raw\isyatirim_cache\SISE_2024_XI_29.json,satislar;ebitda;op_gelir;net_kar;cfo;fcf;ozkaynaklar;toplam_borc;net_borc;nakit;toplam_aktif,toplam_borc;net_borc;ebitda;ihracat_orani;piyasa_degeri;pb;roe;roa;ev;ev_ebitda;fcf_verim
SISE.IS,2024Q3,2024-09-30,XI_29,isyatirim_pit,,,2026-09-07T22:37:00.894105434,,,2024-11-15,APPROXIMATE_FIXED_LAG,UNKNOWN,UNKNOWN,data\raw\isyatirim_cache\SISE_2024_XI_29.json,satislar;ebitda;op_gelir;net_kar;cfo;fcf;ozkaynaklar;toplam_borc;net_borc;nakit;toplam_aktif,toplam_borc;net_borc;ebitda;ihracat_orani;piyasa_degeri;pb;roe;roa;ev;ev_ebitda;fcf_verim
SISE.IS,2024Q4,2024-12-31,XI_29,isyatirim_pit,,,2026-09-07T22:37:00.894105434,,,2025-03-15,APPROXIMATE_FIXED_LAG,UNKNOWN,UNKNOWN,data\raw\isyatirim_cache\SISE_2024_XI_29.json,satislar;ebitda;op_gelir;net_kar;cfo;fcf;ozkaynaklar;toplam_borc;net_borc;nakit;toplam_aktif,toplam_borc;net_borc;ebitda;ihracat_orani;piyasa_degeri;pb;roe;roa;ev;ev_ebitda;fcf_verim
SISE.IS,2025Q1,2025-03-31,XI_29,isyatirim_pit,,,2026-09-07T22:37:01.029967070,,,2025-05-15,APPROXIMATE_FIXED_LAG,UNKNOWN,UNKNOWN,data\raw\isyatirim_cache\SISE_2025_XI_29.json,satislar;ebitda;op_gelir;net_kar;cfo;fcf;ozkaynaklar;toplam_borc;net_borc;nakit;toplam_aktif,toplam_borc;net_borc;ebitda;ihracat_orani;piyasa_degeri;pb;roe;roa;ev;ev_ebitda;fcf_verim
SISE.IS,2025Q2,2025-06-30,XI_29,isyatirim_pit,,,2026-09-07T22:37:01.029967070,,,2025-08-15,APPROXIMATE_FIXED_LAG,UNKNOWN,UNKNOWN,data\raw\isyatirim_cache\SISE_2025_XI_29.json,satislar;ebitda;op_gelir;net_kar;cfo;fcf;ozkaynaklar;toplam_borc;net_borc;nakit;toplam_aktif,toplam_borc;net_borc;ebitda;ihracat_orani;piyasa_degeri;pb;roe;roa;ev;ev_ebitda;fcf_verim
SISE.IS,2025Q3,2025-09-30,XI_29,isyatirim_pit,,,2026-09-07T22:37:01.029967070,,,2025-11-15,APPROXIMATE_FIXED_LAG,UNKNOWN,UNKNOWN,data\raw\isyatirim_cache\SISE_2025_XI_29.json,satislar;ebitda;op_gelir;net_kar;cfo;fcf;ozkaynaklar;toplam_borc;net_borc;nakit;toplam_aktif,toplam_borc;net_borc;ebitda;ihracat_orani;piyasa_degeri;pb;roe;roa;ev;ev_ebitda;fcf_verim
SISE.IS,2025Q4,2025-12-31,XI_29,isyatirim_pit,,,2026-09-07T22:37:01.029967070,,,2026-03-15,APPROXIMATE_FIXED_LAG,UNKNOWN,UNKNOWN,data\raw\isyatirim_cache\SISE_2025_XI_29.json,satislar;ebitda;op_gelir;net_kar;cfo;fcf;ozkaynaklar;toplam_borc;net_borc;nakit;toplam_aktif,toplam_borc;net_borc;ebitda;ihracat_orani;piyasa_degeri;pb;roe;roa;ev;ev_ebitda;fcf_verim
SISE.IS,2026Q1,2026-03-31,XI_29,isyatirim_pit,,,2026-09-07T22:37:01.187185526,,,2026-05-15,APPROXIMATE_FIXED_LAG,UNKNOWN,UNKNOWN,data\raw\isyatirim_cache\SISE_2026_XI_29.json,satislar;ebitda;op_gelir;net_kar;cfo;fcf;ozkaynaklar;toplam_borc;net_borc;nakit;toplam_aktif,toplam_borc;net_borc;ebitda;ihracat_orani;piyasa_degeri;pb;roe;roa;ev;ev_ebitda;fcf_verim
SISE.IS,2026Q2,2026-06-30,XI_29,isyatirim_pit,,,2026-09-07T22:37:01.187185526,,,2026-08-15,APPROXIMATE_FIXED_LAG,UNKNOWN,UNKNOWN,data\raw\isyatirim_cache\SISE_2026_XI_29.json,satislar;ebitda;op_gelir;net_kar;cfo;fcf;ozkaynaklar;toplam_borc;net_borc;nakit;toplam_aktif,toplam_borc;net_borc;ebitda;ihracat_orani;piyasa_degeri;pb;roe;roa;ev;ev_ebitda;fcf_verim
SKBNK.IS,2018Q1,2018-03-31,UFRS,isyatirim_bank_pit,,,2026-09-07T22:36:56.818113089,,,2018-05-15,APPROXIMATE_FIXED_LAG,UNKNOWN,UNKNOWN,data\raw\isyatirim_cache\SKBNK_2018_UFRS.json,satislar;ebitda;op_gelir;net_kar;cfo;fcf;ozkaynaklar;toplam_borc;net_borc;nakit;toplam_aktif,toplam_borc;net_borc;ebitda;ihracat_orani;piyasa_degeri;pb;roe;roa;ev;ev_ebitda;fcf_verim
SKBNK.IS,2018Q2,2018-06-30,UFRS,isyatirim_bank_pit,,,2026-09-07T22:36:56.818113089,,,2018-08-15,APPROXIMATE_FIXED_LAG,UNKNOWN,UNKNOWN,data\raw\isyatirim_cache\SKBNK_2018_UFRS.json,satislar;ebitda;op_gelir;net_kar;cfo;fcf;ozkaynaklar;toplam_borc;net_borc;nakit;toplam_aktif,toplam_borc;net_borc;ebitda;ihracat_orani;piyasa_degeri;pb;roe;roa;ev;ev_ebitda;fcf_verim
SKBNK.IS,2018Q3,2018-09-30,UFRS,isyatirim_bank_pit,,,2026-09-07T22:36:56.818113089,,,2018-11-15,APPROXIMATE_FIXED_LAG,UNKNOWN,UNKNOWN,data\raw\isyatirim_cache\SKBNK_2018_UFRS.json,satislar;ebitda;op_gelir;net_kar;cfo;fcf;ozkaynaklar;toplam_borc;net_borc;nakit;toplam_aktif,toplam_borc;net_borc;ebitda;ihracat_orani;piyasa_degeri;pb;roe;roa;ev;ev_ebitda;fcf_verim
SKBNK.IS,2018Q4,2018-12-31,UFRS,isyatirim_bank_pit,,,2026-09-07T22:36:56.818113089,,,2019-03-15,APPROXIMATE_FIXED_LAG,UNKNOWN,UNKNOWN,data\raw\isyatirim_cache\SKBNK_2018_UFRS.json,satislar;ebitda;op_gelir;net_kar;cfo;fcf;ozkaynaklar;toplam_borc;net_borc;nakit;toplam_aktif,toplam_borc;net_borc;ebitda;ihracat_orani;piyasa_degeri;pb;roe;roa;ev;ev_ebitda;fcf_verim
SKBNK.IS,2019Q1,2019-03-31,UFRS,isyatirim_bank_pit,,,2026-09-07T22:36:56.964767218,,,2019-05-15,APPROXIMATE_FIXED_LAG,UNKNOWN,UNKNOWN,data\raw\isyatirim_cache\SKBNK_2019_UFRS.json,satislar;ebitda;op_gelir;net_kar;cfo;fcf;ozkaynaklar;toplam_borc;net_borc;nakit;toplam_aktif,toplam_borc;net_borc;ebitda;ihracat_orani;piyasa_degeri;pb;roe;roa;ev;ev_ebitda;fcf_verim
SKBNK.IS,2019Q2,2019-06-30,UFRS,isyatirim_bank_pit,,,2026-09-07T22:36:56.964767218,,,2019-08-15,APPROXIMATE_FIXED_LAG,UNKNOWN,UNKNOWN,data\raw\isyatirim_cache\SKBNK_2019_UFRS.json,satislar;ebitda;op_gelir;net_kar;cfo;fcf;ozkaynaklar;toplam_borc;net_borc;nakit;toplam_aktif,toplam_borc;net_borc;ebitda;ihracat_orani;piyasa_degeri;pb;roe;roa;ev;ev_ebitda;fcf_verim
SKBNK.IS,2019Q3,2019-09-30,UFRS,isyatirim_bank_pit,,,2026-09-07T22:36:56.964767218,,,2019-11-15,APPROXIMATE_FIXED_LAG,UNKNOWN,UNKNOWN,data\raw\isyatirim_cache\SKBNK_2019_UFRS.json,satislar;ebitda;op_gelir;net_kar;cfo;fcf;ozkaynaklar;toplam_borc;net_borc;nakit;toplam_aktif,toplam_borc;net_borc;ebitda;ihracat_orani;piyasa_degeri;pb;roe;roa;ev;ev_ebitda;fcf_verim
SKBNK.IS,2019Q4,2019-12-31,UFRS,isyatirim_bank_pit,,,2026-09-07T22:36:56.964767218,,,2020-03-15,APPROXIMATE_FIXED_LAG,UNKNOWN,UNKNOWN,data\raw\isyatirim_cache\SKBNK_2019_UFRS.json,satislar;ebitda;op_gelir;net_kar;cfo;fcf;ozkaynaklar;toplam_borc;net_borc;nakit;toplam_aktif,toplam_borc;net_borc;ebitda;ihracat_orani;piyasa_degeri;pb;roe;roa;ev;ev_ebitda;fcf_verim
SKBNK.IS,2020Q1,2020-03-31,UFRS,isyatirim_bank_pit,,,2026-09-07T22:36:57.114183903,,,2020-05-15,APPROXIMATE_FIXED_LAG,UNKNOWN,UNKNOWN,data\raw\isyatirim_cache\SKBNK_2020_UFRS.json,satislar;ebitda;op_gelir;net_kar;cfo;fcf;ozkaynaklar;toplam_borc;net_borc;nakit;toplam_aktif,toplam_borc;net_borc;ebitda;ihracat_orani;piyasa_degeri;pb;roe;roa;ev;ev_ebitda;fcf_verim
SKBNK.IS,2020Q2,2020-06-30,UFRS,isyatirim_bank_pit,,,2026-09-07T22:36:57.114183903,,,2020-08-15,APPROXIMATE_FIXED_LAG,UNKNOWN,UNKNOWN,data\raw\isyatirim_cache\SKBNK_2020_UFRS.json,satislar;ebitda;op_gelir;net_kar;cfo;fcf;ozkaynaklar;toplam_borc;net_borc;nakit;toplam_aktif,toplam_borc;net_borc;ebitda;ihracat_orani;piyasa_degeri;pb;roe;roa;ev;ev_ebitda;fcf_verim
SKBNK.IS,2020Q3,2020-09-30,UFRS,isyatirim_bank_pit,,,2026-09-07T22:36:57.114183903,,,2020-11-15,APPROXIMATE_FIXED_LAG,UNKNOWN,UNKNOWN,data\raw\isyatirim_cache\SKBNK_2020_UFRS.json,satislar;ebitda;op_gelir;net_kar;cfo;fcf;ozkaynaklar;toplam_borc;net_borc;nakit;toplam_aktif,toplam_borc;net_borc;ebitda;ihracat_orani;piyasa_degeri;pb;roe;roa;ev;ev_ebitda;fcf_verim
SKBNK.IS,2020Q4,2020-12-31,UFRS,isyatirim_bank_pit,,,2026-09-07T22:36:57.114183903,,,2021-03-15,APPROXIMATE_FIXED_LAG,UNKNOWN,UNKNOWN,data\raw\isyatirim_cache\SKBNK_2020_UFRS.json,satislar;ebitda;op_gelir;net_kar;cfo;fcf;ozkaynaklar;toplam_borc;net_borc;nakit;toplam_aktif,toplam_borc;net_borc;ebitda;ihracat_orani;piyasa_degeri;pb;roe;roa;ev;ev_ebitda;fcf_verim
SKBNK.IS,2021Q1,2021-03-31,UFRS,isyatirim_bank_pit,,,2026-09-07T22:36:57.254043102,,,2021-05-15,APPROXIMATE_FIXED_LAG,UNKNOWN,UNKNOWN,data\raw\isyatirim_cache\SKBNK_2021_UFRS.json,satislar;ebitda;op_gelir;net_kar;cfo;fcf;ozkaynaklar;toplam_borc;net_borc;nakit;toplam_aktif,toplam_borc;net_borc;ebitda;ihracat_orani;piyasa_degeri;pb;roe;roa;ev;ev_ebitda;fcf_verim
SKBNK.IS,2021Q2,2021-06-30,UFRS,isyatirim_bank_pit,,,2026-09-07T22:36:57.254043102,,,2021-08-15,APPROXIMATE_FIXED_LAG,UNKNOWN,UNKNOWN,data\raw\isyatirim_cache\SKBNK_2021_UFRS.json,satislar;ebitda;op_gelir;net_kar;cfo;fcf;ozkaynaklar;toplam_borc;net_borc;nakit;toplam_aktif,toplam_borc;net_borc;ebitda;ihracat_orani;piyasa_degeri;pb;roe;roa;ev;ev_ebitda;fcf_verim
SKBNK.IS,2021Q3,2021-09-30,UFRS,isyatirim_bank_pit,,,2026-09-07T22:36:57.254043102,,,2021-11-15,APPROXIMATE_FIXED_LAG,UNKNOWN,UNKNOWN,data\raw\isyatirim_cache\SKBNK_2021_UFRS.json,satislar;ebitda;op_gelir;net_kar;cfo;fcf;ozkaynaklar;toplam_borc;net_borc;nakit;toplam_aktif,toplam_borc;net_borc;ebitda;ihracat_orani;piyasa_degeri;pb;roe;roa;ev;ev_ebitda;fcf_verim
SKBNK.IS,2021Q4,2021-12-31,UFRS,isyatirim_bank_pit,,,2026-09-07T22:36:57.254043102,,,2022-03-15,APPROXIMATE_FIXED_LAG,UNKNOWN,UNKNOWN,data\raw\isyatirim_cache\SKBNK_2021_UFRS.json,satislar;ebitda;op_gelir;net_kar;cfo;fcf;ozkaynaklar;toplam_borc;net_borc;nakit;toplam_aktif,toplam_borc;net_borc;ebitda;ihracat_orani;piyasa_degeri;pb;roe;roa;ev;ev_ebitda;fcf_verim
SKBNK.IS,2022Q1,2022-03-31,UFRS,isyatirim_bank_pit,,,2026-09-07T22:36:57.421790361,,,2022-05-15,APPROXIMATE_FIXED_LAG,UNKNOWN,UNKNOWN,data\raw\isyatirim_cache\SKBNK_2022_UFRS.json,satislar;ebitda;op_gelir;net_kar;cfo;fcf;ozkaynaklar;toplam_borc;net_borc;nakit;toplam_aktif,toplam_borc;net_borc;ebitda;ihracat_orani;piyasa_degeri;pb;roe;roa;ev;ev_ebitda;fcf_verim
SKBNK.IS,2022Q2,2022-06-30,UFRS,isyatirim_bank_pit,,,2026-09-07T22:36:57.421790361,,,2022-08-15,APPROXIMATE_FIXED_LAG,UNKNOWN,UNKNOWN,data\raw\isyatirim_cache\SKBNK_2022_UFRS.json,satislar;ebitda;op_gelir;net_kar;cfo;fcf;ozkaynaklar;toplam_borc;net_borc;nakit;toplam_aktif,toplam_borc;net_borc;ebitda;ihracat_orani;piyasa_degeri;pb;roe;roa;ev;ev_ebitda;fcf_verim
SKBNK.IS,2022Q3,2022-09-30,UFRS,isyatirim_bank_pit,,,2026-09-07T22:36:57.421790361,,,2022-11-15,APPROXIMATE_FIXED_LAG,UNKNOWN,UNKNOWN,data\raw\isyatirim_cache\SKBNK_2022_UFRS.json,satislar;ebitda;op_gelir;net_kar;cfo;fcf;ozkaynaklar;toplam_borc;net_borc;nakit;toplam_aktif,toplam_borc;net_borc;ebitda;ihracat_orani;piyasa_degeri;pb;roe;roa;ev;ev_ebitda;fcf_verim
SKBNK.IS,2022Q4,2022-12-31,UFRS,isyatirim_bank_pit,,,2026-09-07T22:36:57.421790361,,,2023-03-15,APPROXIMATE_FIXED_LAG,UNKNOWN,UNKNOWN,data\raw\isyatirim_cache\SKBNK_2022_UFRS.json,satislar;ebitda;op_gelir;net_kar;cfo;fcf;ozkaynaklar;toplam_borc;net_borc;nakit;toplam_aktif,toplam_borc;net_borc;ebitda;ihracat_orani;piyasa_degeri;pb;roe;roa;ev;ev_ebitda;fcf_verim
SKBNK.IS,2023Q1,2023-03-31,UFRS,isyatirim_bank_pit,,,2026-09-07T22:36:57.579131842,,,2023-05-15,APPROXIMATE_FIXED_LAG,UNKNOWN,UNKNOWN,data\raw\isyatirim_cache\SKBNK_2023_UFRS.json,satislar;ebitda;op_gelir;net_kar;cfo;fcf;ozkaynaklar;toplam_borc;net_borc;nakit;toplam_aktif,toplam_borc;net_borc;ebitda;ihracat_orani;piyasa_degeri;pb;roe;roa;ev;ev_ebitda;fcf_verim
SKBNK.IS,2023Q2,2023-06-30,UFRS,isyatirim_bank_pit,,,2026-09-07T22:36:57.579131842,,,2023-08-15,APPROXIMATE_FIXED_LAG,UNKNOWN,UNKNOWN,data\raw\isyatirim_cache\SKBNK_2023_UFRS.json,satislar;ebitda;op_gelir;net_kar;cfo;fcf;ozkaynaklar;toplam_borc;net_borc;nakit;toplam_aktif,toplam_borc;net_borc;ebitda;ihracat_orani;piyasa_degeri;pb;roe;roa;ev;ev_ebitda;fcf_verim
SKBNK.IS,2023Q3,2023-09-30,UFRS,isyatirim_bank_pit,,,2026-09-07T22:36:57.579131842,,,2023-11-15,APPROXIMATE_FIXED_LAG,UNKNOWN,UNKNOWN,data\raw\isyatirim_cache\SKBNK_2023_UFRS.json,satislar;ebitda;op_gelir;net_kar;cfo;fcf;ozkaynaklar;toplam_borc;net_borc;nakit;toplam_aktif,toplam_borc;net_borc;ebitda;ihracat_orani;piyasa_degeri;pb;roe;roa;ev;ev_ebitda;fcf_verim
SKBNK.IS,2023Q4,2023-12-31,UFRS,isyatirim_bank_pit,,,2026-09-07T22:36:57.579131842,,,2024-03-15,APPROXIMATE_FIXED_LAG,UNKNOWN,UNKNOWN,data\raw\isyatirim_cache\SKBNK_2023_UFRS.json,satislar;ebitda;op_gelir;net_kar;cfo;fcf;ozkaynaklar;toplam_borc;net_borc;nakit;toplam_aktif,toplam_borc;net_borc;ebitda;ihracat_orani;piyasa_degeri;pb;roe;roa;ev;ev_ebitda;fcf_verim
SKBNK.IS,2024Q1,2024-03-31,UFRS,isyatirim_bank_pit,,,2026-09-07T22:36:57.679876566,,,2024-05-15,APPROXIMATE_FIXED_LAG,UNKNOWN,UNKNOWN,data\raw\isyatirim_cache\SKBNK_2024_UFRS.json,satislar;ebitda;op_gelir;net_kar;cfo;fcf;ozkaynaklar;toplam_borc;net_borc;nakit;toplam_aktif,toplam_borc;net_borc;ebitda;ihracat_orani;piyasa_degeri;pb;roe;roa;ev;ev_ebitda;fcf_verim
SKBNK.IS,2024Q2,2024-06-30,UFRS,isyatirim_bank_pit,,,2026-09-07T22:36:57.679876566,,,2024-08-15,APPROXIMATE_FIXED_LAG,UNKNOWN,UNKNOWN,data\raw\isyatirim_cache\SKBNK_2024_UFRS.json,satislar;ebitda;op_gelir;net_kar;cfo;fcf;ozkaynaklar;toplam_borc;net_borc;nakit;toplam_aktif,toplam_borc;net_borc;ebitda;ihracat_orani;piyasa_degeri;pb;roe;roa;ev;ev_ebitda;fcf_verim
SKBNK.IS,2024Q3,2024-09-30,UFRS,isyatirim_bank_pit,,,2026-09-07T22:36:57.679876566,,,2024-11-15,APPROXIMATE_FIXED_LAG,UNKNOWN,UNKNOWN,data\raw\isyatirim_cache\SKBNK_2024_UFRS.json,satislar;ebitda;op_gelir;net_kar;cfo;fcf;ozkaynaklar;toplam_borc;net_borc;nakit;toplam_aktif,toplam_borc;net_borc;ebitda;ihracat_orani;piyasa_degeri;pb;roe;roa;ev;ev_ebitda;fcf_verim
SKBNK.IS,2024Q4,2024-12-31,UFRS,isyatirim_bank_pit,,,2026-09-07T22:36:57.679876566,,,2025-03-15,APPROXIMATE_FIXED_LAG,UNKNOWN,UNKNOWN,data\raw\isyatirim_cache\SKBNK_2024_UFRS.json,satislar;ebitda;op_gelir;net_kar;cfo;fcf;ozkaynaklar;toplam_borc;net_borc;nakit;toplam_aktif,toplam_borc;net_borc;ebitda;ihracat_orani;piyasa_degeri;pb;roe;roa;ev;ev_ebitda;fcf_verim
SKBNK.IS,2025Q1,2025-03-31,UFRS,isyatirim_bank_pit,,,2026-09-07T22:36:57.848453760,,,2025-05-15,APPROXIMATE_FIXED_LAG,UNKNOWN,UNKNOWN,data\raw\isyatirim_cache\SKBNK_2025_UFRS.json,satislar;ebitda;op_gelir;net_kar;cfo;fcf;ozkaynaklar;toplam_borc;net_borc;nakit;toplam_aktif,toplam_borc;net_borc;ebitda;ihracat_orani;piyasa_degeri;pb;roe;roa;ev;ev_ebitda;fcf_verim
SKBNK.IS,2025Q2,2025-06-30,UFRS,isyatirim_bank_pit,,,2026-09-07T22:36:57.848453760,,,2025-08-15,APPROXIMATE_FIXED_LAG,UNKNOWN,UNKNOWN,data\raw\isyatirim_cache\SKBNK_2025_UFRS.json,satislar;ebitda;op_gelir;net_kar;cfo;fcf;ozkaynaklar;toplam_borc;net_borc;nakit;toplam_aktif,toplam_borc;net_borc;ebitda;ihracat_orani;piyasa_degeri;pb;roe;roa;ev;ev_ebitda;fcf_verim
SKBNK.IS,2025Q3,2025-09-30,UFRS,isyatirim_bank_pit,,,2026-09-07T22:36:57.848453760,,,2025-11-15,APPROXIMATE_FIXED_LAG,UNKNOWN,UNKNOWN,data\raw\isyatirim_cache\SKBNK_2025_UFRS.json,satislar;ebitda;op_gelir;net_kar;cfo;fcf;ozkaynaklar;toplam_borc;net_borc;nakit;toplam_aktif,toplam_borc;net_borc;ebitda;ihracat_orani;piyasa_degeri;pb;roe;roa;ev;ev_ebitda;fcf_verim
SKBNK.IS,2025Q4,2025-12-31,UFRS,isyatirim_bank_pit,,,2026-09-07T22:36:57.848453760,,,2026-03-15,APPROXIMATE_FIXED_LAG,UNKNOWN,UNKNOWN,data\raw\isyatirim_cache\SKBNK_2025_UFRS.json,satislar;ebitda;op_gelir;net_kar;cfo;fcf;ozkaynaklar;toplam_borc;net_borc;nakit;toplam_aktif,toplam_borc;net_borc;ebitda;ihracat_orani;piyasa_degeri;pb;roe;roa;ev;ev_ebitda;fcf_verim
SKBNK.IS,2026Q1,2026-03-31,UFRS,isyatirim_bank_pit,,,2026-09-07T22:36:57.995189190,,,2026-05-15,APPROXIMATE_FIXED_LAG,UNKNOWN,UNKNOWN,data\raw\isyatirim_cache\SKBNK_2026_UFRS.json,satislar;ebitda;op_gelir;net_kar;cfo;fcf;ozkaynaklar;toplam_borc;net_borc;nakit;toplam_aktif,toplam_borc;net_borc;ebitda;ihracat_orani;piyasa_degeri;pb;roe;roa;ev;ev_ebitda;fcf_verim
SKBNK.IS,2026Q2,2026-06-30,UFRS,isyatirim_bank_pit,,,2026-09-07T22:36:57.995189190,,,2026-08-15,APPROXIMATE_FIXED_LAG,UNKNOWN,UNKNOWN,data\raw\isyatirim_cache\SKBNK_2026_UFRS.json,satislar;ebitda;op_gelir;net_kar;cfo;fcf;ozkaynaklar;toplam_borc;net_borc;nakit;toplam_aktif,toplam_borc;net_borc;ebitda;ihracat_orani;piyasa_degeri;pb;roe;roa;ev;ev_ebitda;fcf_verim
SOKM.IS,2018Q1,2018-03-31,XI_29,isyatirim_pit,,,2026-09-07T22:37:15.882039070,,,2018-05-15,APPROXIMATE_FIXED_LAG,UNKNOWN,UNKNOWN,data\raw\isyatirim_cache\SOKM_2018_XI_29.json,satislar;ebitda;op_gelir;net_kar;cfo;fcf;ozkaynaklar;toplam_borc;net_borc;nakit;toplam_aktif,toplam_borc;net_borc;ebitda;ihracat_orani;piyasa_degeri;pb;roe;roa;ev;ev_ebitda;fcf_verim
SOKM.IS,2018Q2,2018-06-30,XI_29,isyatirim_pit,,,2026-09-07T22:37:15.882039070,,,2018-08-15,APPROXIMATE_FIXED_LAG,UNKNOWN,UNKNOWN,data\raw\isyatirim_cache\SOKM_2018_XI_29.json,satislar;ebitda;op_gelir;net_kar;cfo;fcf;ozkaynaklar;toplam_borc;net_borc;nakit;toplam_aktif,toplam_borc;net_borc;ebitda;ihracat_orani;piyasa_degeri;pb;roe;roa;ev;ev_ebitda;fcf_verim
SOKM.IS,2018Q3,2018-09-30,XI_29,isyatirim_pit,,,2026-09-07T22:37:15.882039070,,,2018-11-15,APPROXIMATE_FIXED_LAG,UNKNOWN,UNKNOWN,data\raw\isyatirim_cache\SOKM_2018_XI_29.json,satislar;ebitda;op_gelir;net_kar;cfo;fcf;ozkaynaklar;toplam_borc;net_borc;nakit;toplam_aktif,toplam_borc;net_borc;ebitda;ihracat_orani;piyasa_degeri;pb;roe;roa;ev;ev_ebitda;fcf_verim
SOKM.IS,2018Q4,2018-12-31,XI_29,isyatirim_pit,,,2026-09-07T22:37:15.882039070,,,2019-03-15,APPROXIMATE_FIXED_LAG,UNKNOWN,UNKNOWN,data\raw\isyatirim_cache\SOKM_2018_XI_29.json,satislar;ebitda;op_gelir;net_kar;cfo;fcf;ozkaynaklar;toplam_borc;net_borc;nakit;toplam_aktif,toplam_borc;net_borc;ebitda;ihracat_orani;piyasa_degeri;pb;roe;roa;ev;ev_ebitda;fcf_verim
SOKM.IS,2019Q1,2019-03-31,XI_29,isyatirim_pit,,,2026-09-07T22:37:16.022373915,,,2019-05-15,APPROXIMATE_FIXED_LAG,UNKNOWN,UNKNOWN,data\raw\isyatirim_cache\SOKM_2019_XI_29.json,satislar;ebitda;op_gelir;net_kar;cfo;fcf;ozkaynaklar;toplam_borc;net_borc;nakit;toplam_aktif,toplam_borc;net_borc;ebitda;ihracat_orani;piyasa_degeri;pb;roe;roa;ev;ev_ebitda;fcf_verim
SOKM.IS,2019Q2,2019-06-30,XI_29,isyatirim_pit,,,2026-09-07T22:37:16.022373915,,,2019-08-15,APPROXIMATE_FIXED_LAG,UNKNOWN,UNKNOWN,data\raw\isyatirim_cache\SOKM_2019_XI_29.json,satislar;ebitda;op_gelir;net_kar;cfo;fcf;ozkaynaklar;toplam_borc;net_borc;nakit;toplam_aktif,toplam_borc;net_borc;ebitda;ihracat_orani;piyasa_degeri;pb;roe;roa;ev;ev_ebitda;fcf_verim
SOKM.IS,2019Q3,2019-09-30,XI_29,isyatirim_pit,,,2026-09-07T22:37:16.022373915,,,2019-11-15,APPROXIMATE_FIXED_LAG,UNKNOWN,UNKNOWN,data\raw\isyatirim_cache\SOKM_2019_XI_29.json,satislar;ebitda;op_gelir;net_kar;cfo;fcf;ozkaynaklar;toplam_borc;net_borc;nakit;toplam_aktif,toplam_borc;net_borc;ebitda;ihracat_orani;piyasa_degeri;pb;roe;roa;ev;ev_ebitda;fcf_verim
SOKM.IS,2019Q4,2019-12-31,XI_29,isyatirim_pit,,,2026-09-07T22:37:16.022373915,,,2020-03-15,APPROXIMATE_FIXED_LAG,UNKNOWN,UNKNOWN,data\raw\isyatirim_cache\SOKM_2019_XI_29.json,satislar;ebitda;op_gelir;net_kar;cfo;fcf;ozkaynaklar;toplam_borc;net_borc;nakit;toplam_aktif,toplam_borc;net_borc;ebitda;ihracat_orani;piyasa_degeri;pb;roe;roa;ev;ev_ebitda;fcf_verim
SOKM.IS,2020Q1,2020-03-31,XI_29,isyatirim_pit,,,2026-09-07T22:37:16.154973745,,,2020-05-15,APPROXIMATE_FIXED_LAG,UNKNOWN,UNKNOWN,data\raw\isyatirim_cache\SOKM_2020_XI_29.json,satislar;ebitda;op_gelir;net_kar;cfo;fcf;ozkaynaklar;toplam_borc;net_borc;nakit;toplam_aktif,toplam_borc;net_borc;ebitda;ihracat_orani;piyasa_degeri;pb;roe;roa;ev;ev_ebitda;fcf_verim
SOKM.IS,2020Q2,2020-06-30,XI_29,isyatirim_pit,,,2026-09-07T22:37:16.154973745,,,2020-08-15,APPROXIMATE_FIXED_LAG,UNKNOWN,UNKNOWN,data\raw\isyatirim_cache\SOKM_2020_XI_29.json,satislar;ebitda;op_gelir;net_kar;cfo;fcf;ozkaynaklar;toplam_borc;net_borc;nakit;toplam_aktif,toplam_borc;net_borc;ebitda;ihracat_orani;piyasa_degeri;pb;roe;roa;ev;ev_ebitda;fcf_verim
SOKM.IS,2020Q3,2020-09-30,XI_29,isyatirim_pit,,,2026-09-07T22:37:16.154973745,,,2020-11-15,APPROXIMATE_FIXED_LAG,UNKNOWN,UNKNOWN,data\raw\isyatirim_cache\SOKM_2020_XI_29.json,satislar;ebitda;op_gelir;net_kar;cfo;fcf;ozkaynaklar;toplam_borc;net_borc;nakit;toplam_aktif,toplam_borc;net_borc;ebitda;ihracat_orani;piyasa_degeri;pb;roe;roa;ev;ev_ebitda;fcf_verim
SOKM.IS,2020Q4,2020-12-31,XI_29,isyatirim_pit,,,2026-09-07T22:37:16.154973745,,,2021-03-15,APPROXIMATE_FIXED_LAG,UNKNOWN,UNKNOWN,data\raw\isyatirim_cache\SOKM_2020_XI_29.json,satislar;ebitda;op_gelir;net_kar;cfo;fcf;ozkaynaklar;toplam_borc;net_borc;nakit;toplam_aktif,toplam_borc;net_borc;ebitda;ihracat_orani;piyasa_degeri;pb;roe;roa;ev;ev_ebitda;fcf_verim
SOKM.IS,2021Q1,2021-03-31,XI_29,isyatirim_pit,,,2026-09-07T22:37:16.294826269,,,2021-05-15,APPROXIMATE_FIXED_LAG,UNKNOWN,UNKNOWN,data\raw\isyatirim_cache\SOKM_2021_XI_29.json,satislar;ebitda;op_gelir;net_kar;cfo;fcf;ozkaynaklar;toplam_borc;net_borc;nakit;toplam_aktif,toplam_borc;net_borc;ebitda;ihracat_orani;piyasa_degeri;pb;roe;roa;ev;ev_ebitda;fcf_verim
SOKM.IS,2021Q2,2021-06-30,XI_29,isyatirim_pit,,,2026-09-07T22:37:16.294826269,,,2021-08-15,APPROXIMATE_FIXED_LAG,UNKNOWN,UNKNOWN,data\raw\isyatirim_cache\SOKM_2021_XI_29.json,satislar;ebitda;op_gelir;net_kar;cfo;fcf;ozkaynaklar;toplam_borc;net_borc;nakit;toplam_aktif,toplam_borc;net_borc;ebitda;ihracat_orani;piyasa_degeri;pb;roe;roa;ev;ev_ebitda;fcf_verim
SOKM.IS,2021Q3,2021-09-30,XI_29,isyatirim_pit,,,2026-09-07T22:37:16.294826269,,,2021-11-15,APPROXIMATE_FIXED_LAG,UNKNOWN,UNKNOWN,data\raw\isyatirim_cache\SOKM_2021_XI_29.json,satislar;ebitda;op_gelir;net_kar;cfo;fcf;ozkaynaklar;toplam_borc;net_borc;nakit;toplam_aktif,toplam_borc;net_borc;ebitda;ihracat_orani;piyasa_degeri;pb;roe;roa;ev;ev_ebitda;fcf_verim
SOKM.IS,2021Q4,2021-12-31,XI_29,isyatirim_pit,,,2026-09-07T22:37:16.294826269,,,2022-03-15,APPROXIMATE_FIXED_LAG,UNKNOWN,UNKNOWN,data\raw\isyatirim_cache\SOKM_2021_XI_29.json,satislar;ebitda;op_gelir;net_kar;cfo;fcf;ozkaynaklar;toplam_borc;net_borc;nakit;toplam_aktif,toplam_borc;net_borc;ebitda;ihracat_orani;piyasa_degeri;pb;roe;roa;ev;ev_ebitda;fcf_verim
SOKM.IS,2022Q1,2022-03-31,XI_29,isyatirim_pit,,,2026-09-07T22:37:16.427981138,,,2022-05-15,APPROXIMATE_FIXED_LAG,UNKNOWN,UNKNOWN,data\raw\isyatirim_cache\SOKM_2022_XI_29.json,satislar;ebitda;op_gelir;net_kar;cfo;fcf;ozkaynaklar;toplam_borc;net_borc;nakit;toplam_aktif,toplam_borc;net_borc;ebitda;ihracat_orani;piyasa_degeri;pb;roe;roa;ev;ev_ebitda;fcf_verim
SOKM.IS,2022Q2,2022-06-30,XI_29,isyatirim_pit,,,2026-09-07T22:37:16.427981138,,,2022-08-15,APPROXIMATE_FIXED_LAG,UNKNOWN,UNKNOWN,data\raw\isyatirim_cache\SOKM_2022_XI_29.json,satislar;ebitda;op_gelir;net_kar;cfo;fcf;ozkaynaklar;toplam_borc;net_borc;nakit;toplam_aktif,toplam_borc;net_borc;ebitda;ihracat_orani;piyasa_degeri;pb;roe;roa;ev;ev_ebitda;fcf_verim
SOKM.IS,2022Q3,2022-09-30,XI_29,isyatirim_pit,,,2026-09-07T22:37:16.427981138,,,2022-11-15,APPROXIMATE_FIXED_LAG,UNKNOWN,UNKNOWN,data\raw\isyatirim_cache\SOKM_2022_XI_29.json,satislar;ebitda;op_gelir;net_kar;cfo;fcf;ozkaynaklar;toplam_borc;net_borc;nakit;toplam_aktif,toplam_borc;net_borc;ebitda;ihracat_orani;piyasa_degeri;pb;roe;roa;ev;ev_ebitda;fcf_verim
SOKM.IS,2022Q4,2022-12-31,XI_29,isyatirim_pit,,,2026-09-07T22:37:16.427981138,,,2023-03-15,APPROXIMATE_FIXED_LAG,UNKNOWN,UNKNOWN,data\raw\isyatirim_cache\SOKM_2022_XI_29.json,satislar;ebitda;op_gelir;net_kar;cfo;fcf;ozkaynaklar;toplam_borc;net_borc;nakit;toplam_aktif,toplam_borc;net_borc;ebitda;ihracat_orani;piyasa_degeri;pb;roe;roa;ev;ev_ebitda;fcf_verim
SOKM.IS,2023Q1,2023-03-31,XI_29,isyatirim_pit,,,2026-09-07T22:37:16.572013617,,,2023-05-15,APPROXIMATE_FIXED_LAG,UNKNOWN,UNKNOWN,data\raw\isyatirim_cache\SOKM_2023_XI_29.json,satislar;ebitda;op_gelir;net_kar;cfo;fcf;ozkaynaklar;toplam_borc;net_borc;nakit;toplam_aktif,toplam_borc;net_borc;ebitda;ihracat_orani;piyasa_degeri;pb;roe;roa;ev;ev_ebitda;fcf_verim
SOKM.IS,2023Q2,2023-06-30,XI_29,isyatirim_pit,,,2026-09-07T22:37:16.572013617,,,2023-08-15,APPROXIMATE_FIXED_LAG,UNKNOWN,UNKNOWN,data\raw\isyatirim_cache\SOKM_2023_XI_29.json,satislar;ebitda;op_gelir;net_kar;cfo;fcf;ozkaynaklar;toplam_borc;net_borc;nakit;toplam_aktif,toplam_borc;net_borc;ebitda;ihracat_orani;piyasa_degeri;pb;roe;roa;ev;ev_ebitda;fcf_verim
SOKM.IS,2023Q3,2023-09-30,XI_29,isyatirim_pit,,,2026-09-07T22:37:16.572013617,,,2023-11-15,APPROXIMATE_FIXED_LAG,UNKNOWN,UNKNOWN,data\raw\isyatirim_cache\SOKM_2023_XI_29.json,satislar;ebitda;op_gelir;net_kar;cfo;fcf;ozkaynaklar;toplam_borc;net_borc;nakit;toplam_aktif,toplam_borc;net_borc;ebitda;ihracat_orani;piyasa_degeri;pb;roe;roa;ev;ev_ebitda;fcf_verim
SOKM.IS,2023Q4,2023-12-31,XI_29,isyatirim_pit,,,2026-09-07T22:37:16.572013617,,,2024-03-15,APPROXIMATE_FIXED_LAG,UNKNOWN,UNKNOWN,data\raw\isyatirim_cache\SOKM_2023_XI_29.json,satislar;ebitda;op_gelir;net_kar;cfo;fcf;ozkaynaklar;toplam_borc;net_borc;nakit;toplam_aktif,toplam_borc;net_borc;ebitda;ihracat_orani;piyasa_degeri;pb;roe;roa;ev;ev_ebitda;fcf_verim
SOKM.IS,2024Q1,2024-03-31,XI_29,isyatirim_pit,,,2026-09-07T22:37:16.662422657,,,2024-05-15,APPROXIMATE_FIXED_LAG,UNKNOWN,UNKNOWN,data\raw\isyatirim_cache\SOKM_2024_XI_29.json,satislar;ebitda;op_gelir;net_kar;cfo;fcf;ozkaynaklar;toplam_borc;net_borc;nakit;toplam_aktif,toplam_borc;net_borc;ebitda;ihracat_orani;piyasa_degeri;pb;roe;roa;ev;ev_ebitda;fcf_verim
SOKM.IS,2024Q2,2024-06-30,XI_29,isyatirim_pit,,,2026-09-07T22:37:16.662422657,,,2024-08-15,APPROXIMATE_FIXED_LAG,UNKNOWN,UNKNOWN,data\raw\isyatirim_cache\SOKM_2024_XI_29.json,satislar;ebitda;op_gelir;net_kar;cfo;fcf;ozkaynaklar;toplam_borc;net_borc;nakit;toplam_aktif,toplam_borc;net_borc;ebitda;ihracat_orani;piyasa_degeri;pb;roe;roa;ev;ev_ebitda;fcf_verim
SOKM.IS,2024Q3,2024-09-30,XI_29,isyatirim_pit,,,2026-09-07T22:37:16.662422657,,,2024-11-15,APPROXIMATE_FIXED_LAG,UNKNOWN,UNKNOWN,data\raw\isyatirim_cache\SOKM_2024_XI_29.json,satislar;ebitda;op_gelir;net_kar;cfo;fcf;ozkaynaklar;toplam_borc;net_borc;nakit;toplam_aktif,toplam_borc;net_borc;ebitda;ihracat_orani;piyasa_degeri;pb;roe;roa;ev;ev_ebitda;fcf_verim
SOKM.IS,2024Q4,2024-12-31,XI_29,isyatirim_pit,,,2026-09-07T22:37:16.662422657,,,2025-03-15,APPROXIMATE_FIXED_LAG,UNKNOWN,UNKNOWN,data\raw\isyatirim_cache\SOKM_2024_XI_29.json,satislar;ebitda;op_gelir;net_kar;cfo;fcf;ozkaynaklar;toplam_borc;net_borc;nakit;toplam_aktif,toplam_borc;net_borc;ebitda;ihracat_orani;piyasa_degeri;pb;roe;roa;ev;ev_ebitda;fcf_verim
SOKM.IS,2025Q1,2025-03-31,XI_29,isyatirim_pit,,,2026-09-07T22:37:16.829523325,,,2025-05-15,APPROXIMATE_FIXED_LAG,UNKNOWN,UNKNOWN,data\raw\isyatirim_cache\SOKM_2025_XI_29.json,satislar;ebitda;op_gelir;net_kar;cfo;fcf;ozkaynaklar;toplam_borc;net_borc;nakit;toplam_aktif,toplam_borc;net_borc;ebitda;ihracat_orani;piyasa_degeri;pb;roe;roa;ev;ev_ebitda;fcf_verim
SOKM.IS,2025Q2,2025-06-30,XI_29,isyatirim_pit,,,2026-09-07T22:37:16.829523325,,,2025-08-15,APPROXIMATE_FIXED_LAG,UNKNOWN,UNKNOWN,data\raw\isyatirim_cache\SOKM_2025_XI_29.json,satislar;ebitda;op_gelir;net_kar;cfo;fcf;ozkaynaklar;toplam_borc;net_borc;nakit;toplam_aktif,toplam_borc;net_borc;ebitda;ihracat_orani;piyasa_degeri;pb;roe;roa;ev;ev_ebitda;fcf_verim
SOKM.IS,2025Q3,2025-09-30,XI_29,isyatirim_pit,,,2026-09-07T22:37:16.829523325,,,2025-11-15,APPROXIMATE_FIXED_LAG,UNKNOWN,UNKNOWN,data\raw\isyatirim_cache\SOKM_2025_XI_29.json,satislar;ebitda;op_gelir;net_kar;cfo;fcf;ozkaynaklar;toplam_borc;net_borc;nakit;toplam_aktif,toplam_borc;net_borc;ebitda;ihracat_orani;piyasa_degeri;pb;roe;roa;ev;ev_ebitda;fcf_verim
SOKM.IS,2025Q4,2025-12-31,XI_29,isyatirim_pit,,,2026-09-07T22:37:16.829523325,,,2026-03-15,APPROXIMATE_FIXED_LAG,UNKNOWN,UNKNOWN,data\raw\isyatirim_cache\SOKM_2025_XI_29.json,satislar;ebitda;op_gelir;net_kar;cfo;fcf;ozkaynaklar;toplam_borc;net_borc;nakit;toplam_aktif,toplam_borc;net_borc;ebitda;ihracat_orani;piyasa_degeri;pb;roe;roa;ev;ev_ebitda;fcf_verim
SOKM.IS,2026Q1,2026-03-31,XI_29,isyatirim_pit,,,2026-09-07T22:37:16.952196836,,,2026-05-15,APPROXIMATE_FIXED_LAG,UNKNOWN,UNKNOWN,data\raw\isyatirim_cache\SOKM_2026_XI_29.json,satislar;ebitda;op_gelir;net_kar;cfo;fcf;ozkaynaklar;toplam_borc;net_borc;nakit;toplam_aktif,toplam_borc;net_borc;ebitda;ihracat_orani;piyasa_degeri;pb;roe;roa;ev;ev_ebitda;fcf_verim
SOKM.IS,2026Q2,2026-06-30,XI_29,isyatirim_pit,,,2026-09-07T22:37:16.952196836,,,2026-08-15,APPROXIMATE_FIXED_LAG,UNKNOWN,UNKNOWN,data\raw\isyatirim_cache\SOKM_2026_XI_29.json,satislar;ebitda;op_gelir;net_kar;cfo;fcf;ozkaynaklar;toplam_borc;net_borc;nakit;toplam_aktif,toplam_borc;net_borc;ebitda;ihracat_orani;piyasa_degeri;pb;roe;roa;ev;ev_ebitda;fcf_verim
SURGY.IS,2022Q2,2022-06-30,XI_29,isyatirim_pit,,,2026-09-07T22:37:27.918336153,,,2022-08-15,APPROXIMATE_FIXED_LAG,UNKNOWN,UNKNOWN,data\raw\isyatirim_cache\SURGY_2022_XI_29.json,satislar;ebitda;op_gelir;net_kar;cfo;fcf;ozkaynaklar;toplam_borc;net_borc;nakit;toplam_aktif,toplam_borc;net_borc;ebitda;ihracat_orani;piyasa_degeri;pb;roe;roa;ev;ev_ebitda;fcf_verim
SURGY.IS,2022Q3,2022-09-30,XI_29,isyatirim_pit,,,2026-09-07T22:37:27.918336153,,,2022-11-15,APPROXIMATE_FIXED_LAG,UNKNOWN,UNKNOWN,data\raw\isyatirim_cache\SURGY_2022_XI_29.json,satislar;ebitda;op_gelir;net_kar;cfo;fcf;ozkaynaklar;toplam_borc;net_borc;nakit;toplam_aktif,toplam_borc;net_borc;ebitda;ihracat_orani;piyasa_degeri;pb;roe;roa;ev;ev_ebitda;fcf_verim
SURGY.IS,2022Q4,2022-12-31,XI_29,isyatirim_pit,,,2026-09-07T22:37:27.918336153,,,2023-03-15,APPROXIMATE_FIXED_LAG,UNKNOWN,UNKNOWN,data\raw\isyatirim_cache\SURGY_2022_XI_29.json,satislar;ebitda;op_gelir;net_kar;cfo;fcf;ozkaynaklar;toplam_borc;net_borc;nakit;toplam_aktif,toplam_borc;net_borc;ebitda;ihracat_orani;piyasa_degeri;pb;roe;roa;ev;ev_ebitda;fcf_verim
SURGY.IS,2023Q1,2023-03-31,XI_29,isyatirim_pit,,,2026-09-07T22:37:28.052712679,,,2023-05-15,APPROXIMATE_FIXED_LAG,UNKNOWN,UNKNOWN,data\raw\isyatirim_cache\SURGY_2023_XI_29.json,satislar;ebitda;op_gelir;net_kar;cfo;fcf;ozkaynaklar;toplam_borc;net_borc;nakit;toplam_aktif,toplam_borc;net_borc;ebitda;ihracat_orani;piyasa_degeri;pb;roe;roa;ev;ev_ebitda;fcf_verim
SURGY.IS,2023Q2,2023-06-30,XI_29,isyatirim_pit,,,2026-09-07T22:37:28.052712679,,,2023-08-15,APPROXIMATE_FIXED_LAG,UNKNOWN,UNKNOWN,data\raw\isyatirim_cache\SURGY_2023_XI_29.json,satislar;ebitda;op_gelir;net_kar;cfo;fcf;ozkaynaklar;toplam_borc;net_borc;nakit;toplam_aktif,toplam_borc;net_borc;ebitda;ihracat_orani;piyasa_degeri;pb;roe;roa;ev;ev_ebitda;fcf_verim
SURGY.IS,2023Q3,2023-09-30,XI_29,isyatirim_pit,,,2026-09-07T22:37:28.052712679,,,2023-11-15,APPROXIMATE_FIXED_LAG,UNKNOWN,UNKNOWN,data\raw\isyatirim_cache\SURGY_2023_XI_29.json,satislar;ebitda;op_gelir;net_kar;cfo;fcf;ozkaynaklar;toplam_borc;net_borc;nakit;toplam_aktif,toplam_borc;net_borc;ebitda;ihracat_orani;piyasa_degeri;pb;roe;roa;ev;ev_ebitda;fcf_verim
SURGY.IS,2023Q4,2023-12-31,XI_29,isyatirim_pit,,,2026-09-07T22:37:28.052712679,,,2024-03-15,APPROXIMATE_FIXED_LAG,UNKNOWN,UNKNOWN,data\raw\isyatirim_cache\SURGY_2023_XI_29.json,satislar;ebitda;op_gelir;net_kar;cfo;fcf;ozkaynaklar;toplam_borc;net_borc;nakit;toplam_aktif,toplam_borc;net_borc;ebitda;ihracat_orani;piyasa_degeri;pb;roe;roa;ev;ev_ebitda;fcf_verim
SURGY.IS,2024Q1,2024-03-31,XI_29,isyatirim_pit,,,2026-09-07T22:37:28.150830984,,,2024-05-15,APPROXIMATE_FIXED_LAG,UNKNOWN,UNKNOWN,data\raw\isyatirim_cache\SURGY_2024_XI_29.json,satislar;ebitda;op_gelir;net_kar;cfo;fcf;ozkaynaklar;toplam_borc;net_borc;nakit;toplam_aktif,toplam_borc;net_borc;ebitda;ihracat_orani;piyasa_degeri;pb;roe;roa;ev;ev_ebitda;fcf_verim
SURGY.IS,2024Q2,2024-06-30,XI_29,isyatirim_pit,,,2026-09-07T22:37:28.150830984,,,2024-08-15,APPROXIMATE_FIXED_LAG,UNKNOWN,UNKNOWN,data\raw\isyatirim_cache\SURGY_2024_XI_29.json,satislar;ebitda;op_gelir;net_kar;cfo;fcf;ozkaynaklar;toplam_borc;net_borc;nakit;toplam_aktif,toplam_borc;net_borc;ebitda;ihracat_orani;piyasa_degeri;pb;roe;roa;ev;ev_ebitda;fcf_verim
SURGY.IS,2024Q3,2024-09-30,XI_29,isyatirim_pit,,,2026-09-07T22:37:28.150830984,,,2024-11-15,APPROXIMATE_FIXED_LAG,UNKNOWN,UNKNOWN,data\raw\isyatirim_cache\SURGY_2024_XI_29.json,satislar;ebitda;op_gelir;net_kar;cfo;fcf;ozkaynaklar;toplam_borc;net_borc;nakit;toplam_aktif,toplam_borc;net_borc;ebitda;ihracat_orani;piyasa_degeri;pb;roe;roa;ev;ev_ebitda;fcf_verim
SURGY.IS,2024Q4,2024-12-31,XI_29,isyatirim_pit,,,2026-09-07T22:37:28.150830984,,,2025-03-15,APPROXIMATE_FIXED_LAG,UNKNOWN,UNKNOWN,data\raw\isyatirim_cache\SURGY_2024_XI_29.json,satislar;ebitda;op_gelir;net_kar;cfo;fcf;ozkaynaklar;toplam_borc;net_borc;nakit;toplam_aktif,toplam_borc;net_borc;ebitda;ihracat_orani;piyasa_degeri;pb;roe;roa;ev;ev_ebitda;fcf_verim
SURGY.IS,2025Q1,2025-03-31,XI_29,isyatirim_pit,,,2026-09-07T22:37:28.345471382,,,2025-05-15,APPROXIMATE_FIXED_LAG,UNKNOWN,UNKNOWN,data\raw\isyatirim_cache\SURGY_2025_XI_29.json,satislar;ebitda;op_gelir;net_kar;cfo;fcf;ozkaynaklar;toplam_borc;net_borc;nakit;toplam_aktif,toplam_borc;net_borc;ebitda;ihracat_orani;piyasa_degeri;pb;roe;roa;ev;ev_ebitda;fcf_verim
SURGY.IS,2025Q2,2025-06-30,XI_29,isyatirim_pit,,,2026-09-07T22:37:28.345471382,,,2025-08-15,APPROXIMATE_FIXED_LAG,UNKNOWN,UNKNOWN,data\raw\isyatirim_cache\SURGY_2025_XI_29.json,satislar;ebitda;op_gelir;net_kar;cfo;fcf;ozkaynaklar;toplam_borc;net_borc;nakit;toplam_aktif,toplam_borc;net_borc;ebitda;ihracat_orani;piyasa_degeri;pb;roe;roa;ev;ev_ebitda;fcf_verim
SURGY.IS,2025Q3,2025-09-30,XI_29,isyatirim_pit,,,2026-09-07T22:37:28.345471382,,,2025-11-15,APPROXIMATE_FIXED_LAG,UNKNOWN,UNKNOWN,data\raw\isyatirim_cache\SURGY_2025_XI_29.json,satislar;ebitda;op_gelir;net_kar;cfo;fcf;ozkaynaklar;toplam_borc;net_borc;nakit;toplam_aktif,toplam_borc;net_borc;ebitda;ihracat_orani;piyasa_degeri;pb;roe;roa;ev;ev_ebitda;fcf_verim
SURGY.IS,2025Q4,2025-12-31,XI_29,isyatirim_pit,,,2026-09-07T22:37:28.345471382,,,2026-03-15,APPROXIMATE_FIXED_LAG,UNKNOWN,UNKNOWN,data\raw\isyatirim_cache\SURGY_2025_XI_29.json,satislar;ebitda;op_gelir;net_kar;cfo;fcf;ozkaynaklar;toplam_borc;net_borc;nakit;toplam_aktif,toplam_borc;net_borc;ebitda;ihracat_orani;piyasa_degeri;pb;roe;roa;ev;ev_ebitda;fcf_verim
SURGY.IS,2026Q1,2026-03-31,XI_29,isyatirim_pit,,,2026-09-07T22:37:28.474870920,,,2026-05-15,APPROXIMATE_FIXED_LAG,UNKNOWN,UNKNOWN,data\raw\isyatirim_cache\SURGY_2026_XI_29.json,satislar;ebitda;op_gelir;net_kar;cfo;fcf;ozkaynaklar;toplam_borc;net_borc;nakit;toplam_aktif,toplam_borc;net_borc;ebitda;ihracat_orani;piyasa_degeri;pb;roe;roa;ev;ev_ebitda;fcf_verim
SURGY.IS,2026Q2,2026-06-30,XI_29,isyatirim_pit,,,2026-09-07T22:37:28.474870920,,,2026-08-15,APPROXIMATE_FIXED_LAG,UNKNOWN,UNKNOWN,data\raw\isyatirim_cache\SURGY_2026_XI_29.json,satislar;ebitda;op_gelir;net_kar;cfo;fcf;ozkaynaklar;toplam_borc;net_borc;nakit;toplam_aktif,toplam_borc;net_borc;ebitda;ihracat_orani;piyasa_degeri;pb;roe;roa;ev;ev_ebitda;fcf_verim
TABGD.IS,2020Q4,2020-12-31,XI_29,isyatirim_pit,,,2026-09-07T22:37:18.954637527,,,2021-03-15,APPROXIMATE_FIXED_LAG,UNKNOWN,UNKNOWN,data\raw\isyatirim_cache\TABGD_2020_XI_29.json,satislar;ebitda;op_gelir;net_kar;cfo;fcf;ozkaynaklar;toplam_borc;net_borc;nakit;toplam_aktif,toplam_borc;net_borc;ebitda;ihracat_orani;piyasa_degeri;pb;roe;roa;ev;ev_ebitda;fcf_verim
TABGD.IS,2021Q4,2021-12-31,XI_29,isyatirim_pit,,,2026-09-07T22:37:19.085438728,,,2022-03-15,APPROXIMATE_FIXED_LAG,UNKNOWN,UNKNOWN,data\raw\isyatirim_cache\TABGD_2021_XI_29.json,satislar;ebitda;op_gelir;net_kar;cfo;fcf;ozkaynaklar;toplam_borc;net_borc;nakit;toplam_aktif,toplam_borc;net_borc;ebitda;ihracat_orani;piyasa_degeri;pb;roe;roa;ev;ev_ebitda;fcf_verim
TABGD.IS,2022Q2,2022-06-30,XI_29,isyatirim_pit,,,2026-09-07T22:37:19.216506720,,,2022-08-15,APPROXIMATE_FIXED_LAG,UNKNOWN,UNKNOWN,data\raw\isyatirim_cache\TABGD_2022_XI_29.json,satislar;ebitda;op_gelir;net_kar;cfo;fcf;ozkaynaklar;toplam_borc;net_borc;nakit;toplam_aktif,toplam_borc;net_borc;ebitda;ihracat_orani;piyasa_degeri;pb;roe;roa;ev;ev_ebitda;fcf_verim
TABGD.IS,2022Q3,2022-09-30,XI_29,isyatirim_pit,,,2026-09-07T22:37:19.216506720,,,2022-11-15,APPROXIMATE_FIXED_LAG,UNKNOWN,UNKNOWN,data\raw\isyatirim_cache\TABGD_2022_XI_29.json,satislar;ebitda;op_gelir;net_kar;cfo;fcf;ozkaynaklar;toplam_borc;net_borc;nakit;toplam_aktif,toplam_borc;net_borc;ebitda;ihracat_orani;piyasa_degeri;pb;roe;roa;ev;ev_ebitda;fcf_verim
TABGD.IS,2022Q4,2022-12-31,XI_29,isyatirim_pit,,,2026-09-07T22:37:19.216506720,,,2023-03-15,APPROXIMATE_FIXED_LAG,UNKNOWN,UNKNOWN,data\raw\isyatirim_cache\TABGD_2022_XI_29.json,satislar;ebitda;op_gelir;net_kar;cfo;fcf;ozkaynaklar;toplam_borc;net_borc;nakit;toplam_aktif,toplam_borc;net_borc;ebitda;ihracat_orani;piyasa_degeri;pb;roe;roa;ev;ev_ebitda;fcf_verim
TABGD.IS,2023Q1,2023-03-31,XI_29,isyatirim_pit,,,2026-09-07T22:37:19.348559380,,,2023-05-15,APPROXIMATE_FIXED_LAG,UNKNOWN,UNKNOWN,data\raw\isyatirim_cache\TABGD_2023_XI_29.json,satislar;ebitda;op_gelir;net_kar;cfo;fcf;ozkaynaklar;toplam_borc;net_borc;nakit;toplam_aktif,toplam_borc;net_borc;ebitda;ihracat_orani;piyasa_degeri;pb;roe;roa;ev;ev_ebitda;fcf_verim
TABGD.IS,2023Q2,2023-06-30,XI_29,isyatirim_pit,,,2026-09-07T22:37:19.348559380,,,2023-08-15,APPROXIMATE_FIXED_LAG,UNKNOWN,UNKNOWN,data\raw\isyatirim_cache\TABGD_2023_XI_29.json,satislar;ebitda;op_gelir;net_kar;cfo;fcf;ozkaynaklar;toplam_borc;net_borc;nakit;toplam_aktif,toplam_borc;net_borc;ebitda;ihracat_orani;piyasa_degeri;pb;roe;roa;ev;ev_ebitda;fcf_verim
TABGD.IS,2023Q3,2023-09-30,XI_29,isyatirim_pit,,,2026-09-07T22:37:19.348559380,,,2023-11-15,APPROXIMATE_FIXED_LAG,UNKNOWN,UNKNOWN,data\raw\isyatirim_cache\TABGD_2023_XI_29.json,satislar;ebitda;op_gelir;net_kar;cfo;fcf;ozkaynaklar;toplam_borc;net_borc;nakit;toplam_aktif,toplam_borc;net_borc;ebitda;ihracat_orani;piyasa_degeri;pb;roe;roa;ev;ev_ebitda;fcf_verim
TABGD.IS,2023Q4,2023-12-31,XI_29,isyatirim_pit,,,2026-09-07T22:37:19.348559380,,,2024-03-15,APPROXIMATE_FIXED_LAG,UNKNOWN,UNKNOWN,data\raw\isyatirim_cache\TABGD_2023_XI_29.json,satislar;ebitda;op_gelir;net_kar;cfo;fcf;ozkaynaklar;toplam_borc;net_borc;nakit;toplam_aktif,toplam_borc;net_borc;ebitda;ihracat_orani;piyasa_degeri;pb;roe;roa;ev;ev_ebitda;fcf_verim
TABGD.IS,2024Q1,2024-03-31,XI_29,isyatirim_pit,,,2026-09-07T22:37:19.476461172,,,2024-05-15,APPROXIMATE_FIXED_LAG,UNKNOWN,UNKNOWN,data\raw\isyatirim_cache\TABGD_2024_XI_29.json,satislar;ebitda;op_gelir;net_kar;cfo;fcf;ozkaynaklar;toplam_borc;net_borc;nakit;toplam_aktif,toplam_borc;net_borc;ebitda;ihracat_orani;piyasa_degeri;pb;roe;roa;ev;ev_ebitda;fcf_verim
TABGD.IS,2024Q2,2024-06-30,XI_29,isyatirim_pit,,,2026-09-07T22:37:19.476461172,,,2024-08-15,APPROXIMATE_FIXED_LAG,UNKNOWN,UNKNOWN,data\raw\isyatirim_cache\TABGD_2024_XI_29.json,satislar;ebitda;op_gelir;net_kar;cfo;fcf;ozkaynaklar;toplam_borc;net_borc;nakit;toplam_aktif,toplam_borc;net_borc;ebitda;ihracat_orani;piyasa_degeri;pb;roe;roa;ev;ev_ebitda;fcf_verim
TABGD.IS,2024Q3,2024-09-30,XI_29,isyatirim_pit,,,2026-09-07T22:37:19.476461172,,,2024-11-15,APPROXIMATE_FIXED_LAG,UNKNOWN,UNKNOWN,data\raw\isyatirim_cache\TABGD_2024_XI_29.json,satislar;ebitda;op_gelir;net_kar;cfo;fcf;ozkaynaklar;toplam_borc;net_borc;nakit;toplam_aktif,toplam_borc;net_borc;ebitda;ihracat_orani;piyasa_degeri;pb;roe;roa;ev;ev_ebitda;fcf_verim
TABGD.IS,2024Q4,2024-12-31,XI_29,isyatirim_pit,,,2026-09-07T22:37:19.476461172,,,2025-03-15,APPROXIMATE_FIXED_LAG,UNKNOWN,UNKNOWN,data\raw\isyatirim_cache\TABGD_2024_XI_29.json,satislar;ebitda;op_gelir;net_kar;cfo;fcf;ozkaynaklar;toplam_borc;net_borc;nakit;toplam_aktif,toplam_borc;net_borc;ebitda;ihracat_orani;piyasa_degeri;pb;roe;roa;ev;ev_ebitda;fcf_verim
TABGD.IS,2025Q1,2025-03-31,XI_29,isyatirim_pit,,,2026-09-07T22:37:19.619080544,,,2025-05-15,APPROXIMATE_FIXED_LAG,UNKNOWN,UNKNOWN,data\raw\isyatirim_cache\TABGD_2025_XI_29.json,satislar;ebitda;op_gelir;net_kar;cfo;fcf;ozkaynaklar;toplam_borc;net_borc;nakit;toplam_aktif,toplam_borc;net_borc;ebitda;ihracat_orani;piyasa_degeri;pb;roe;roa;ev;ev_ebitda;fcf_verim
TABGD.IS,2025Q2,2025-06-30,XI_29,isyatirim_pit,,,2026-09-07T22:37:19.619080544,,,2025-08-15,APPROXIMATE_FIXED_LAG,UNKNOWN,UNKNOWN,data\raw\isyatirim_cache\TABGD_2025_XI_29.json,satislar;ebitda;op_gelir;net_kar;cfo;fcf;ozkaynaklar;toplam_borc;net_borc;nakit;toplam_aktif,toplam_borc;net_borc;ebitda;ihracat_orani;piyasa_degeri;pb;roe;roa;ev;ev_ebitda;fcf_verim
TABGD.IS,2025Q3,2025-09-30,XI_29,isyatirim_pit,,,2026-09-07T22:37:19.619080544,,,2025-11-15,APPROXIMATE_FIXED_LAG,UNKNOWN,UNKNOWN,data\raw\isyatirim_cache\TABGD_2025_XI_29.json,satislar;ebitda;op_gelir;net_kar;cfo;fcf;ozkaynaklar;toplam_borc;net_borc;nakit;toplam_aktif,toplam_borc;net_borc;ebitda;ihracat_orani;piyasa_degeri;pb;roe;roa;ev;ev_ebitda;fcf_verim
TABGD.IS,2025Q4,2025-12-31,XI_29,isyatirim_pit,,,2026-09-07T22:37:19.619080544,,,2026-03-15,APPROXIMATE_FIXED_LAG,UNKNOWN,UNKNOWN,data\raw\isyatirim_cache\TABGD_2025_XI_29.json,satislar;ebitda;op_gelir;net_kar;cfo;fcf;ozkaynaklar;toplam_borc;net_borc;nakit;toplam_aktif,toplam_borc;net_borc;ebitda;ihracat_orani;piyasa_degeri;pb;roe;roa;ev;ev_ebitda;fcf_verim
TABGD.IS,2026Q1,2026-03-31,XI_29,isyatirim_pit,,,2026-09-07T22:37:19.755270004,,,2026-05-15,APPROXIMATE_FIXED_LAG,UNKNOWN,UNKNOWN,data\raw\isyatirim_cache\TABGD_2026_XI_29.json,satislar;ebitda;op_gelir;net_kar;cfo;fcf;ozkaynaklar;toplam_borc;net_borc;nakit;toplam_aktif,toplam_borc;net_borc;ebitda;ihracat_orani;piyasa_degeri;pb;roe;roa;ev;ev_ebitda;fcf_verim
TABGD.IS,2026Q2,2026-06-30,XI_29,isyatirim_pit,,,2026-09-07T22:37:19.755270004,,,2026-08-15,APPROXIMATE_FIXED_LAG,UNKNOWN,UNKNOWN,data\raw\isyatirim_cache\TABGD_2026_XI_29.json,satislar;ebitda;op_gelir;net_kar;cfo;fcf;ozkaynaklar;toplam_borc;net_borc;nakit;toplam_aktif,toplam_borc;net_borc;ebitda;ihracat_orani;piyasa_degeri;pb;roe;roa;ev;ev_ebitda;fcf_verim
TAVHL.IS,2018Q1,2018-03-31,XI_29,isyatirim_pit,,,2026-09-07T22:37:03.089456797,,,2018-05-15,APPROXIMATE_FIXED_LAG,UNKNOWN,UNKNOWN,data\raw\isyatirim_cache\TAVHL_2018_XI_29.json,satislar;ebitda;op_gelir;net_kar;cfo;fcf;ozkaynaklar;toplam_borc;net_borc;nakit;toplam_aktif,toplam_borc;net_borc;ebitda;ihracat_orani;piyasa_degeri;pb;roe;roa;ev;ev_ebitda;fcf_verim
TAVHL.IS,2018Q2,2018-06-30,XI_29,isyatirim_pit,,,2026-09-07T22:37:03.089456797,,,2018-08-15,APPROXIMATE_FIXED_LAG,UNKNOWN,UNKNOWN,data\raw\isyatirim_cache\TAVHL_2018_XI_29.json,satislar;ebitda;op_gelir;net_kar;cfo;fcf;ozkaynaklar;toplam_borc;net_borc;nakit;toplam_aktif,toplam_borc;net_borc;ebitda;ihracat_orani;piyasa_degeri;pb;roe;roa;ev;ev_ebitda;fcf_verim
TAVHL.IS,2018Q3,2018-09-30,XI_29,isyatirim_pit,,,2026-09-07T22:37:03.089456797,,,2018-11-15,APPROXIMATE_FIXED_LAG,UNKNOWN,UNKNOWN,data\raw\isyatirim_cache\TAVHL_2018_XI_29.json,satislar;ebitda;op_gelir;net_kar;cfo;fcf;ozkaynaklar;toplam_borc;net_borc;nakit;toplam_aktif,toplam_borc;net_borc;ebitda;ihracat_orani;piyasa_degeri;pb;roe;roa;ev;ev_ebitda;fcf_verim
TAVHL.IS,2018Q4,2018-12-31,XI_29,isyatirim_pit,,,2026-09-07T22:37:03.089456797,,,2019-03-15,APPROXIMATE_FIXED_LAG,UNKNOWN,UNKNOWN,data\raw\isyatirim_cache\TAVHL_2018_XI_29.json,satislar;ebitda;op_gelir;net_kar;cfo;fcf;ozkaynaklar;toplam_borc;net_borc;nakit;toplam_aktif,toplam_borc;net_borc;ebitda;ihracat_orani;piyasa_degeri;pb;roe;roa;ev;ev_ebitda;fcf_verim
TAVHL.IS,2019Q1,2019-03-31,XI_29,isyatirim_pit,,,2026-09-07T22:37:03.238833189,,,2019-05-15,APPROXIMATE_FIXED_LAG,UNKNOWN,UNKNOWN,data\raw\isyatirim_cache\TAVHL_2019_XI_29.json,satislar;ebitda;op_gelir;net_kar;cfo;fcf;ozkaynaklar;toplam_borc;net_borc;nakit;toplam_aktif,toplam_borc;net_borc;ebitda;ihracat_orani;piyasa_degeri;pb;roe;roa;ev;ev_ebitda;fcf_verim
TAVHL.IS,2019Q2,2019-06-30,XI_29,isyatirim_pit,,,2026-09-07T22:37:03.238833189,,,2019-08-15,APPROXIMATE_FIXED_LAG,UNKNOWN,UNKNOWN,data\raw\isyatirim_cache\TAVHL_2019_XI_29.json,satislar;ebitda;op_gelir;net_kar;cfo;fcf;ozkaynaklar;toplam_borc;net_borc;nakit;toplam_aktif,toplam_borc;net_borc;ebitda;ihracat_orani;piyasa_degeri;pb;roe;roa;ev;ev_ebitda;fcf_verim
TAVHL.IS,2019Q3,2019-09-30,XI_29,isyatirim_pit,,,2026-09-07T22:37:03.238833189,,,2019-11-15,APPROXIMATE_FIXED_LAG,UNKNOWN,UNKNOWN,data\raw\isyatirim_cache\TAVHL_2019_XI_29.json,satislar;ebitda;op_gelir;net_kar;cfo;fcf;ozkaynaklar;toplam_borc;net_borc;nakit;toplam_aktif,toplam_borc;net_borc;ebitda;ihracat_orani;piyasa_degeri;pb;roe;roa;ev;ev_ebitda;fcf_verim
TAVHL.IS,2019Q4,2019-12-31,XI_29,isyatirim_pit,,,2026-09-07T22:37:03.238833189,,,2020-03-15,APPROXIMATE_FIXED_LAG,UNKNOWN,UNKNOWN,data\raw\isyatirim_cache\TAVHL_2019_XI_29.json,satislar;ebitda;op_gelir;net_kar;cfo;fcf;ozkaynaklar;toplam_borc;net_borc;nakit;toplam_aktif,toplam_borc;net_borc;ebitda;ihracat_orani;piyasa_degeri;pb;roe;roa;ev;ev_ebitda;fcf_verim
TAVHL.IS,2020Q1,2020-03-31,XI_29,isyatirim_pit,,,2026-09-07T22:37:03.382954359,,,2020-05-15,APPROXIMATE_FIXED_LAG,UNKNOWN,UNKNOWN,data\raw\isyatirim_cache\TAVHL_2020_XI_29.json,satislar;ebitda;op_gelir;net_kar;cfo;fcf;ozkaynaklar;toplam_borc;net_borc;nakit;toplam_aktif,toplam_borc;net_borc;ebitda;ihracat_orani;piyasa_degeri;pb;roe;roa;ev;ev_ebitda;fcf_verim
TAVHL.IS,2020Q2,2020-06-30,XI_29,isyatirim_pit,,,2026-09-07T22:37:03.382954359,,,2020-08-15,APPROXIMATE_FIXED_LAG,UNKNOWN,UNKNOWN,data\raw\isyatirim_cache\TAVHL_2020_XI_29.json,satislar;ebitda;op_gelir;net_kar;cfo;fcf;ozkaynaklar;toplam_borc;net_borc;nakit;toplam_aktif,toplam_borc;net_borc;ebitda;ihracat_orani;piyasa_degeri;pb;roe;roa;ev;ev_ebitda;fcf_verim
TAVHL.IS,2020Q3,2020-09-30,XI_29,isyatirim_pit,,,2026-09-07T22:37:03.382954359,,,2020-11-15,APPROXIMATE_FIXED_LAG,UNKNOWN,UNKNOWN,data\raw\isyatirim_cache\TAVHL_2020_XI_29.json,satislar;ebitda;op_gelir;net_kar;cfo;fcf;ozkaynaklar;toplam_borc;net_borc;nakit;toplam_aktif,toplam_borc;net_borc;ebitda;ihracat_orani;piyasa_degeri;pb;roe;roa;ev;ev_ebitda;fcf_verim
TAVHL.IS,2020Q4,2020-12-31,XI_29,isyatirim_pit,,,2026-09-07T22:37:03.382954359,,,2021-03-15,APPROXIMATE_FIXED_LAG,UNKNOWN,UNKNOWN,data\raw\isyatirim_cache\TAVHL_2020_XI_29.json,satislar;ebitda;op_gelir;net_kar;cfo;fcf;ozkaynaklar;toplam_borc;net_borc;nakit;toplam_aktif,toplam_borc;net_borc;ebitda;ihracat_orani;piyasa_degeri;pb;roe;roa;ev;ev_ebitda;fcf_verim
TAVHL.IS,2021Q1,2021-03-31,XI_29,isyatirim_pit,,,2026-09-07T22:37:03.529802322,,,2021-05-15,APPROXIMATE_FIXED_LAG,UNKNOWN,UNKNOWN,data\raw\isyatirim_cache\TAVHL_2021_XI_29.json,satislar;ebitda;op_gelir;net_kar;cfo;fcf;ozkaynaklar;toplam_borc;net_borc;nakit;toplam_aktif,toplam_borc;net_borc;ebitda;ihracat_orani;piyasa_degeri;pb;roe;roa;ev;ev_ebitda;fcf_verim
TAVHL.IS,2021Q2,2021-06-30,XI_29,isyatirim_pit,,,2026-09-07T22:37:03.529802322,,,2021-08-15,APPROXIMATE_FIXED_LAG,UNKNOWN,UNKNOWN,data\raw\isyatirim_cache\TAVHL_2021_XI_29.json,satislar;ebitda;op_gelir;net_kar;cfo;fcf;ozkaynaklar;toplam_borc;net_borc;nakit;toplam_aktif,toplam_borc;net_borc;ebitda;ihracat_orani;piyasa_degeri;pb;roe;roa;ev;ev_ebitda;fcf_verim
TAVHL.IS,2021Q3,2021-09-30,XI_29,isyatirim_pit,,,2026-09-07T22:37:03.529802322,,,2021-11-15,APPROXIMATE_FIXED_LAG,UNKNOWN,UNKNOWN,data\raw\isyatirim_cache\TAVHL_2021_XI_29.json,satislar;ebitda;op_gelir;net_kar;cfo;fcf;ozkaynaklar;toplam_borc;net_borc;nakit;toplam_aktif,toplam_borc;net_borc;ebitda;ihracat_orani;piyasa_degeri;pb;roe;roa;ev;ev_ebitda;fcf_verim
TAVHL.IS,2021Q4,2021-12-31,XI_29,isyatirim_pit,,,2026-09-07T22:37:03.529802322,,,2022-03-15,APPROXIMATE_FIXED_LAG,UNKNOWN,UNKNOWN,data\raw\isyatirim_cache\TAVHL_2021_XI_29.json,satislar;ebitda;op_gelir;net_kar;cfo;fcf;ozkaynaklar;toplam_borc;net_borc;nakit;toplam_aktif,toplam_borc;net_borc;ebitda;ihracat_orani;piyasa_degeri;pb;roe;roa;ev;ev_ebitda;fcf_verim
TAVHL.IS,2022Q1,2022-03-31,XI_29,isyatirim_pit,,,2026-09-07T22:37:03.668726921,,,2022-05-15,APPROXIMATE_FIXED_LAG,UNKNOWN,UNKNOWN,data\raw\isyatirim_cache\TAVHL_2022_XI_29.json,satislar;ebitda;op_gelir;net_kar;cfo;fcf;ozkaynaklar;toplam_borc;net_borc;nakit;toplam_aktif,toplam_borc;net_borc;ebitda;ihracat_orani;piyasa_degeri;pb;roe;roa;ev;ev_ebitda;fcf_verim
TAVHL.IS,2022Q2,2022-06-30,XI_29,isyatirim_pit,,,2026-09-07T22:37:03.668726921,,,2022-08-15,APPROXIMATE_FIXED_LAG,UNKNOWN,UNKNOWN,data\raw\isyatirim_cache\TAVHL_2022_XI_29.json,satislar;ebitda;op_gelir;net_kar;cfo;fcf;ozkaynaklar;toplam_borc;net_borc;nakit;toplam_aktif,toplam_borc;net_borc;ebitda;ihracat_orani;piyasa_degeri;pb;roe;roa;ev;ev_ebitda;fcf_verim
TAVHL.IS,2022Q3,2022-09-30,XI_29,isyatirim_pit,,,2026-09-07T22:37:03.668726921,,,2022-11-15,APPROXIMATE_FIXED_LAG,UNKNOWN,UNKNOWN,data\raw\isyatirim_cache\TAVHL_2022_XI_29.json,satislar;ebitda;op_gelir;net_kar;cfo;fcf;ozkaynaklar;toplam_borc;net_borc;nakit;toplam_aktif,toplam_borc;net_borc;ebitda;ihracat_orani;piyasa_degeri;pb;roe;roa;ev;ev_ebitda;fcf_verim
TAVHL.IS,2022Q4,2022-12-31,XI_29,isyatirim_pit,,,2026-09-07T22:37:03.668726921,,,2023-03-15,APPROXIMATE_FIXED_LAG,UNKNOWN,UNKNOWN,data\raw\isyatirim_cache\TAVHL_2022_XI_29.json,satislar;ebitda;op_gelir;net_kar;cfo;fcf;ozkaynaklar;toplam_borc;net_borc;nakit;toplam_aktif,toplam_borc;net_borc;ebitda;ihracat_orani;piyasa_degeri;pb;roe;roa;ev;ev_ebitda;fcf_verim
TAVHL.IS,2023Q1,2023-03-31,XI_29,isyatirim_pit,,,2026-09-07T22:37:03.845334053,,,2023-05-15,APPROXIMATE_FIXED_LAG,UNKNOWN,UNKNOWN,data\raw\isyatirim_cache\TAVHL_2023_XI_29.json,satislar;ebitda;op_gelir;net_kar;cfo;fcf;ozkaynaklar;toplam_borc;net_borc;nakit;toplam_aktif,toplam_borc;net_borc;ebitda;ihracat_orani;piyasa_degeri;pb;roe;roa;ev;ev_ebitda;fcf_verim
TAVHL.IS,2023Q2,2023-06-30,XI_29,isyatirim_pit,,,2026-09-07T22:37:03.845334053,,,2023-08-15,APPROXIMATE_FIXED_LAG,UNKNOWN,UNKNOWN,data\raw\isyatirim_cache\TAVHL_2023_XI_29.json,satislar;ebitda;op_gelir;net_kar;cfo;fcf;ozkaynaklar;toplam_borc;net_borc;nakit;toplam_aktif,toplam_borc;net_borc;ebitda;ihracat_orani;piyasa_degeri;pb;roe;roa;ev;ev_ebitda;fcf_verim
TAVHL.IS,2023Q3,2023-09-30,XI_29,isyatirim_pit,,,2026-09-07T22:37:03.845334053,,,2023-11-15,APPROXIMATE_FIXED_LAG,UNKNOWN,UNKNOWN,data\raw\isyatirim_cache\TAVHL_2023_XI_29.json,satislar;ebitda;op_gelir;net_kar;cfo;fcf;ozkaynaklar;toplam_borc;net_borc;nakit;toplam_aktif,toplam_borc;net_borc;ebitda;ihracat_orani;piyasa_degeri;pb;roe;roa;ev;ev_ebitda;fcf_verim
TAVHL.IS,2023Q4,2023-12-31,XI_29,isyatirim_pit,,,2026-09-07T22:37:03.845334053,,,2024-03-15,APPROXIMATE_FIXED_LAG,UNKNOWN,UNKNOWN,data\raw\isyatirim_cache\TAVHL_2023_XI_29.json,satislar;ebitda;op_gelir;net_kar;cfo;fcf;ozkaynaklar;toplam_borc;net_borc;nakit;toplam_aktif,toplam_borc;net_borc;ebitda;ihracat_orani;piyasa_degeri;pb;roe;roa;ev;ev_ebitda;fcf_verim
TAVHL.IS,2024Q1,2024-03-31,XI_29,isyatirim_pit,,,2026-09-07T22:37:03.935453176,,,2024-05-15,APPROXIMATE_FIXED_LAG,UNKNOWN,UNKNOWN,data\raw\isyatirim_cache\TAVHL_2024_XI_29.json,satislar;ebitda;op_gelir;net_kar;cfo;fcf;ozkaynaklar;toplam_borc;net_borc;nakit;toplam_aktif,toplam_borc;net_borc;ebitda;ihracat_orani;piyasa_degeri;pb;roe;roa;ev;ev_ebitda;fcf_verim
TAVHL.IS,2024Q2,2024-06-30,XI_29,isyatirim_pit,,,2026-09-07T22:37:03.935453176,,,2024-08-15,APPROXIMATE_FIXED_LAG,UNKNOWN,UNKNOWN,data\raw\isyatirim_cache\TAVHL_2024_XI_29.json,satislar;ebitda;op_gelir;net_kar;cfo;fcf;ozkaynaklar;toplam_borc;net_borc;nakit;toplam_aktif,toplam_borc;net_borc;ebitda;ihracat_orani;piyasa_degeri;pb;roe;roa;ev;ev_ebitda;fcf_verim
TAVHL.IS,2024Q3,2024-09-30,XI_29,isyatirim_pit,,,2026-09-07T22:37:03.935453176,,,2024-11-15,APPROXIMATE_FIXED_LAG,UNKNOWN,UNKNOWN,data\raw\isyatirim_cache\TAVHL_2024_XI_29.json,satislar;ebitda;op_gelir;net_kar;cfo;fcf;ozkaynaklar;toplam_borc;net_borc;nakit;toplam_aktif,toplam_borc;net_borc;ebitda;ihracat_orani;piyasa_degeri;pb;roe;roa;ev;ev_ebitda;fcf_verim
TAVHL.IS,2024Q4,2024-12-31,XI_29,isyatirim_pit,,,2026-09-07T22:37:03.935453176,,,2025-03-15,APPROXIMATE_FIXED_LAG,UNKNOWN,UNKNOWN,data\raw\isyatirim_cache\TAVHL_2024_XI_29.json,satislar;ebitda;op_gelir;net_kar;cfo;fcf;ozkaynaklar;toplam_borc;net_borc;nakit;toplam_aktif,toplam_borc;net_borc;ebitda;ihracat_orani;piyasa_degeri;pb;roe;roa;ev;ev_ebitda;fcf_verim
TAVHL.IS,2025Q1,2025-03-31,XI_29,isyatirim_pit,,,2026-09-07T22:37:04.064881086,,,2025-05-15,APPROXIMATE_FIXED_LAG,UNKNOWN,UNKNOWN,data\raw\isyatirim_cache\TAVHL_2025_XI_29.json,satislar;ebitda;op_gelir;net_kar;cfo;fcf;ozkaynaklar;toplam_borc;net_borc;nakit;toplam_aktif,toplam_borc;net_borc;ebitda;ihracat_orani;piyasa_degeri;pb;roe;roa;ev;ev_ebitda;fcf_verim
TAVHL.IS,2025Q2,2025-06-30,XI_29,isyatirim_pit,,,2026-09-07T22:37:04.064881086,,,2025-08-15,APPROXIMATE_FIXED_LAG,UNKNOWN,UNKNOWN,data\raw\isyatirim_cache\TAVHL_2025_XI_29.json,satislar;ebitda;op_gelir;net_kar;cfo;fcf;ozkaynaklar;toplam_borc;net_borc;nakit;toplam_aktif,toplam_borc;net_borc;ebitda;ihracat_orani;piyasa_degeri;pb;roe;roa;ev;ev_ebitda;fcf_verim
TAVHL.IS,2025Q3,2025-09-30,XI_29,isyatirim_pit,,,2026-09-07T22:37:04.064881086,,,2025-11-15,APPROXIMATE_FIXED_LAG,UNKNOWN,UNKNOWN,data\raw\isyatirim_cache\TAVHL_2025_XI_29.json,satislar;ebitda;op_gelir;net_kar;cfo;fcf;ozkaynaklar;toplam_borc;net_borc;nakit;toplam_aktif,toplam_borc;net_borc;ebitda;ihracat_orani;piyasa_degeri;pb;roe;roa;ev;ev_ebitda;fcf_verim
TAVHL.IS,2025Q4,2025-12-31,XI_29,isyatirim_pit,,,2026-09-07T22:37:04.064881086,,,2026-03-15,APPROXIMATE_FIXED_LAG,UNKNOWN,UNKNOWN,data\raw\isyatirim_cache\TAVHL_2025_XI_29.json,satislar;ebitda;op_gelir;net_kar;cfo;fcf;ozkaynaklar;toplam_borc;net_borc;nakit;toplam_aktif,toplam_borc;net_borc;ebitda;ihracat_orani;piyasa_degeri;pb;roe;roa;ev;ev_ebitda;fcf_verim
TAVHL.IS,2026Q1,2026-03-31,XI_29,isyatirim_pit,,,2026-09-07T22:37:04.228636265,,,2026-05-15,APPROXIMATE_FIXED_LAG,UNKNOWN,UNKNOWN,data\raw\isyatirim_cache\TAVHL_2026_XI_29.json,satislar;ebitda;op_gelir;net_kar;cfo;fcf;ozkaynaklar;toplam_borc;net_borc;nakit;toplam_aktif,toplam_borc;net_borc;ebitda;ihracat_orani;piyasa_degeri;pb;roe;roa;ev;ev_ebitda;fcf_verim
TAVHL.IS,2026Q2,2026-06-30,XI_29,isyatirim_pit,,,2026-09-07T22:37:04.228636265,,,2026-08-15,APPROXIMATE_FIXED_LAG,UNKNOWN,UNKNOWN,data\raw\isyatirim_cache\TAVHL_2026_XI_29.json,satislar;ebitda;op_gelir;net_kar;cfo;fcf;ozkaynaklar;toplam_borc;net_borc;nakit;toplam_aktif,toplam_borc;net_borc;ebitda;ihracat_orani;piyasa_degeri;pb;roe;roa;ev;ev_ebitda;fcf_verim
TCELL.IS,2018Q1,2018-03-31,XI_29,isyatirim_pit,,,2026-09-07T22:37:03.238833189,,,2018-05-15,APPROXIMATE_FIXED_LAG,UNKNOWN,UNKNOWN,data\raw\isyatirim_cache\TCELL_2018_XI_29.json,satislar;ebitda;op_gelir;net_kar;cfo;fcf;ozkaynaklar;toplam_borc;net_borc;nakit;toplam_aktif,toplam_borc;net_borc;ebitda;ihracat_orani;piyasa_degeri;pb;roe;roa;ev;ev_ebitda;fcf_verim
TCELL.IS,2018Q2,2018-06-30,XI_29,isyatirim_pit,,,2026-09-07T22:37:03.238833189,,,2018-08-15,APPROXIMATE_FIXED_LAG,UNKNOWN,UNKNOWN,data\raw\isyatirim_cache\TCELL_2018_XI_29.json,satislar;ebitda;op_gelir;net_kar;cfo;fcf;ozkaynaklar;toplam_borc;net_borc;nakit;toplam_aktif,toplam_borc;net_borc;ebitda;ihracat_orani;piyasa_degeri;pb;roe;roa;ev;ev_ebitda;fcf_verim
TCELL.IS,2018Q3,2018-09-30,XI_29,isyatirim_pit,,,2026-09-07T22:37:03.238833189,,,2018-11-15,APPROXIMATE_FIXED_LAG,UNKNOWN,UNKNOWN,data\raw\isyatirim_cache\TCELL_2018_XI_29.json,satislar;ebitda;op_gelir;net_kar;cfo;fcf;ozkaynaklar;toplam_borc;net_borc;nakit;toplam_aktif,toplam_borc;net_borc;ebitda;ihracat_orani;piyasa_degeri;pb;roe;roa;ev;ev_ebitda;fcf_verim
TCELL.IS,2018Q4,2018-12-31,XI_29,isyatirim_pit,,,2026-09-07T22:37:03.238833189,,,2019-03-15,APPROXIMATE_FIXED_LAG,UNKNOWN,UNKNOWN,data\raw\isyatirim_cache\TCELL_2018_XI_29.json,satislar;ebitda;op_gelir;net_kar;cfo;fcf;ozkaynaklar;toplam_borc;net_borc;nakit;toplam_aktif,toplam_borc;net_borc;ebitda;ihracat_orani;piyasa_degeri;pb;roe;roa;ev;ev_ebitda;fcf_verim
TCELL.IS,2019Q1,2019-03-31,XI_29,isyatirim_pit,,,2026-09-07T22:37:03.383952618,,,2019-05-15,APPROXIMATE_FIXED_LAG,UNKNOWN,UNKNOWN,data\raw\isyatirim_cache\TCELL_2019_XI_29.json,satislar;ebitda;op_gelir;net_kar;cfo;fcf;ozkaynaklar;toplam_borc;net_borc;nakit;toplam_aktif,toplam_borc;net_borc;ebitda;ihracat_orani;piyasa_degeri;pb;roe;roa;ev;ev_ebitda;fcf_verim
TCELL.IS,2019Q2,2019-06-30,XI_29,isyatirim_pit,,,2026-09-07T22:37:03.383952618,,,2019-08-15,APPROXIMATE_FIXED_LAG,UNKNOWN,UNKNOWN,data\raw\isyatirim_cache\TCELL_2019_XI_29.json,satislar;ebitda;op_gelir;net_kar;cfo;fcf;ozkaynaklar;toplam_borc;net_borc;nakit;toplam_aktif,toplam_borc;net_borc;ebitda;ihracat_orani;piyasa_degeri;pb;roe;roa;ev;ev_ebitda;fcf_verim
TCELL.IS,2019Q3,2019-09-30,XI_29,isyatirim_pit,,,2026-09-07T22:37:03.383952618,,,2019-11-15,APPROXIMATE_FIXED_LAG,UNKNOWN,UNKNOWN,data\raw\isyatirim_cache\TCELL_2019_XI_29.json,satislar;ebitda;op_gelir;net_kar;cfo;fcf;ozkaynaklar;toplam_borc;net_borc;nakit;toplam_aktif,toplam_borc;net_borc;ebitda;ihracat_orani;piyasa_degeri;pb;roe;roa;ev;ev_ebitda;fcf_verim
TCELL.IS,2019Q4,2019-12-31,XI_29,isyatirim_pit,,,2026-09-07T22:37:03.383952618,,,2020-03-15,APPROXIMATE_FIXED_LAG,UNKNOWN,UNKNOWN,data\raw\isyatirim_cache\TCELL_2019_XI_29.json,satislar;ebitda;op_gelir;net_kar;cfo;fcf;ozkaynaklar;toplam_borc;net_borc;nakit;toplam_aktif,toplam_borc;net_borc;ebitda;ihracat_orani;piyasa_degeri;pb;roe;roa;ev;ev_ebitda;fcf_verim
TCELL.IS,2020Q1,2020-03-31,XI_29,isyatirim_pit,,,2026-09-07T22:37:03.529802322,,,2020-05-15,APPROXIMATE_FIXED_LAG,UNKNOWN,UNKNOWN,data\raw\isyatirim_cache\TCELL_2020_XI_29.json,satislar;ebitda;op_gelir;net_kar;cfo;fcf;ozkaynaklar;toplam_borc;net_borc;nakit;toplam_aktif,toplam_borc;net_borc;ebitda;ihracat_orani;piyasa_degeri;pb;roe;roa;ev;ev_ebitda;fcf_verim
TCELL.IS,2020Q2,2020-06-30,XI_29,isyatirim_pit,,,2026-09-07T22:37:03.529802322,,,2020-08-15,APPROXIMATE_FIXED_LAG,UNKNOWN,UNKNOWN,data\raw\isyatirim_cache\TCELL_2020_XI_29.json,satislar;ebitda;op_gelir;net_kar;cfo;fcf;ozkaynaklar;toplam_borc;net_borc;nakit;toplam_aktif,toplam_borc;net_borc;ebitda;ihracat_orani;piyasa_degeri;pb;roe;roa;ev;ev_ebitda;fcf_verim
TCELL.IS,2020Q3,2020-09-30,XI_29,isyatirim_pit,,,2026-09-07T22:37:03.529802322,,,2020-11-15,APPROXIMATE_FIXED_LAG,UNKNOWN,UNKNOWN,data\raw\isyatirim_cache\TCELL_2020_XI_29.json,satislar;ebitda;op_gelir;net_kar;cfo;fcf;ozkaynaklar;toplam_borc;net_borc;nakit;toplam_aktif,toplam_borc;net_borc;ebitda;ihracat_orani;piyasa_degeri;pb;roe;roa;ev;ev_ebitda;fcf_verim
TCELL.IS,2020Q4,2020-12-31,XI_29,isyatirim_pit,,,2026-09-07T22:37:03.529802322,,,2021-03-15,APPROXIMATE_FIXED_LAG,UNKNOWN,UNKNOWN,data\raw\isyatirim_cache\TCELL_2020_XI_29.json,satislar;ebitda;op_gelir;net_kar;cfo;fcf;ozkaynaklar;toplam_borc;net_borc;nakit;toplam_aktif,toplam_borc;net_borc;ebitda;ihracat_orani;piyasa_degeri;pb;roe;roa;ev;ev_ebitda;fcf_verim
TCELL.IS,2021Q1,2021-03-31,XI_29,isyatirim_pit,,,2026-09-07T22:37:03.671892166,,,2021-05-15,APPROXIMATE_FIXED_LAG,UNKNOWN,UNKNOWN,data\raw\isyatirim_cache\TCELL_2021_XI_29.json,satislar;ebitda;op_gelir;net_kar;cfo;fcf;ozkaynaklar;toplam_borc;net_borc;nakit;toplam_aktif,toplam_borc;net_borc;ebitda;ihracat_orani;piyasa_degeri;pb;roe;roa;ev;ev_ebitda;fcf_verim
TCELL.IS,2021Q2,2021-06-30,XI_29,isyatirim_pit,,,2026-09-07T22:37:03.671892166,,,2021-08-15,APPROXIMATE_FIXED_LAG,UNKNOWN,UNKNOWN,data\raw\isyatirim_cache\TCELL_2021_XI_29.json,satislar;ebitda;op_gelir;net_kar;cfo;fcf;ozkaynaklar;toplam_borc;net_borc;nakit;toplam_aktif,toplam_borc;net_borc;ebitda;ihracat_orani;piyasa_degeri;pb;roe;roa;ev;ev_ebitda;fcf_verim
TCELL.IS,2021Q3,2021-09-30,XI_29,isyatirim_pit,,,2026-09-07T22:37:03.671892166,,,2021-11-15,APPROXIMATE_FIXED_LAG,UNKNOWN,UNKNOWN,data\raw\isyatirim_cache\TCELL_2021_XI_29.json,satislar;ebitda;op_gelir;net_kar;cfo;fcf;ozkaynaklar;toplam_borc;net_borc;nakit;toplam_aktif,toplam_borc;net_borc;ebitda;ihracat_orani;piyasa_degeri;pb;roe;roa;ev;ev_ebitda;fcf_verim
TCELL.IS,2021Q4,2021-12-31,XI_29,isyatirim_pit,,,2026-09-07T22:37:03.671892166,,,2022-03-15,APPROXIMATE_FIXED_LAG,UNKNOWN,UNKNOWN,data\raw\isyatirim_cache\TCELL_2021_XI_29.json,satislar;ebitda;op_gelir;net_kar;cfo;fcf;ozkaynaklar;toplam_borc;net_borc;nakit;toplam_aktif,toplam_borc;net_borc;ebitda;ihracat_orani;piyasa_degeri;pb;roe;roa;ev;ev_ebitda;fcf_verim
TCELL.IS,2022Q1,2022-03-31,XI_29,isyatirim_pit,,,2026-09-07T22:37:03.854024410,,,2022-05-15,APPROXIMATE_FIXED_LAG,UNKNOWN,UNKNOWN,data\raw\isyatirim_cache\TCELL_2022_XI_29.json,satislar;ebitda;op_gelir;net_kar;cfo;fcf;ozkaynaklar;toplam_borc;net_borc;nakit;toplam_aktif,toplam_borc;net_borc;ebitda;ihracat_orani;piyasa_degeri;pb;roe;roa;ev;ev_ebitda;fcf_verim
TCELL.IS,2022Q2,2022-06-30,XI_29,isyatirim_pit,,,2026-09-07T22:37:03.854024410,,,2022-08-15,APPROXIMATE_FIXED_LAG,UNKNOWN,UNKNOWN,data\raw\isyatirim_cache\TCELL_2022_XI_29.json,satislar;ebitda;op_gelir;net_kar;cfo;fcf;ozkaynaklar;toplam_borc;net_borc;nakit;toplam_aktif,toplam_borc;net_borc;ebitda;ihracat_orani;piyasa_degeri;pb;roe;roa;ev;ev_ebitda;fcf_verim
TCELL.IS,2022Q3,2022-09-30,XI_29,isyatirim_pit,,,2026-09-07T22:37:03.854024410,,,2022-11-15,APPROXIMATE_FIXED_LAG,UNKNOWN,UNKNOWN,data\raw\isyatirim_cache\TCELL_2022_XI_29.json,satislar;ebitda;op_gelir;net_kar;cfo;fcf;ozkaynaklar;toplam_borc;net_borc;nakit;toplam_aktif,toplam_borc;net_borc;ebitda;ihracat_orani;piyasa_degeri;pb;roe;roa;ev;ev_ebitda;fcf_verim
TCELL.IS,2022Q4,2022-12-31,XI_29,isyatirim_pit,,,2026-09-07T22:37:03.854024410,,,2023-03-15,APPROXIMATE_FIXED_LAG,UNKNOWN,UNKNOWN,data\raw\isyatirim_cache\TCELL_2022_XI_29.json,satislar;ebitda;op_gelir;net_kar;cfo;fcf;ozkaynaklar;toplam_borc;net_borc;nakit;toplam_aktif,toplam_borc;net_borc;ebitda;ihracat_orani;piyasa_degeri;pb;roe;roa;ev;ev_ebitda;fcf_verim
TCELL.IS,2023Q1,2023-03-31,XI_29,isyatirim_pit,,,2026-09-07T22:37:04.024671793,,,2023-05-15,APPROXIMATE_FIXED_LAG,UNKNOWN,UNKNOWN,data\raw\isyatirim_cache\TCELL_2023_XI_29.json,satislar;ebitda;op_gelir;net_kar;cfo;fcf;ozkaynaklar;toplam_borc;net_borc;nakit;toplam_aktif,toplam_borc;net_borc;ebitda;ihracat_orani;piyasa_degeri;pb;roe;roa;ev;ev_ebitda;fcf_verim
TCELL.IS,2023Q2,2023-06-30,XI_29,isyatirim_pit,,,2026-09-07T22:37:04.024671793,,,2023-08-15,APPROXIMATE_FIXED_LAG,UNKNOWN,UNKNOWN,data\raw\isyatirim_cache\TCELL_2023_XI_29.json,satislar;ebitda;op_gelir;net_kar;cfo;fcf;ozkaynaklar;toplam_borc;net_borc;nakit;toplam_aktif,toplam_borc;net_borc;ebitda;ihracat_orani;piyasa_degeri;pb;roe;roa;ev;ev_ebitda;fcf_verim
TCELL.IS,2023Q3,2023-09-30,XI_29,isyatirim_pit,,,2026-09-07T22:37:04.024671793,,,2023-11-15,APPROXIMATE_FIXED_LAG,UNKNOWN,UNKNOWN,data\raw\isyatirim_cache\TCELL_2023_XI_29.json,satislar;ebitda;op_gelir;net_kar;cfo;fcf;ozkaynaklar;toplam_borc;net_borc;nakit;toplam_aktif,toplam_borc;net_borc;ebitda;ihracat_orani;piyasa_degeri;pb;roe;roa;ev;ev_ebitda;fcf_verim
TCELL.IS,2023Q4,2023-12-31,XI_29,isyatirim_pit,,,2026-09-07T22:37:04.024671793,,,2024-03-15,APPROXIMATE_FIXED_LAG,UNKNOWN,UNKNOWN,data\raw\isyatirim_cache\TCELL_2023_XI_29.json,satislar;ebitda;op_gelir;net_kar;cfo;fcf;ozkaynaklar;toplam_borc;net_borc;nakit;toplam_aktif,toplam_borc;net_borc;ebitda;ihracat_orani;piyasa_degeri;pb;roe;roa;ev;ev_ebitda;fcf_verim
TCELL.IS,2024Q1,2024-03-31,XI_29,isyatirim_pit,,,2026-09-07T22:37:04.111011505,,,2024-05-15,APPROXIMATE_FIXED_LAG,UNKNOWN,UNKNOWN,data\raw\isyatirim_cache\TCELL_2024_XI_29.json,satislar;ebitda;op_gelir;net_kar;cfo;fcf;ozkaynaklar;toplam_borc;net_borc;nakit;toplam_aktif,toplam_borc;net_borc;ebitda;ihracat_orani;piyasa_degeri;pb;roe;roa;ev;ev_ebitda;fcf_verim
TCELL.IS,2024Q2,2024-06-30,XI_29,isyatirim_pit,,,2026-09-07T22:37:04.111011505,,,2024-08-15,APPROXIMATE_FIXED_LAG,UNKNOWN,UNKNOWN,data\raw\isyatirim_cache\TCELL_2024_XI_29.json,satislar;ebitda;op_gelir;net_kar;cfo;fcf;ozkaynaklar;toplam_borc;net_borc;nakit;toplam_aktif,toplam_borc;net_borc;ebitda;ihracat_orani;piyasa_degeri;pb;roe;roa;ev;ev_ebitda;fcf_verim
TCELL.IS,2024Q3,2024-09-30,XI_29,isyatirim_pit,,,2026-09-07T22:37:04.111011505,,,2024-11-15,APPROXIMATE_FIXED_LAG,UNKNOWN,UNKNOWN,data\raw\isyatirim_cache\TCELL_2024_XI_29.json,satislar;ebitda;op_gelir;net_kar;cfo;fcf;ozkaynaklar;toplam_borc;net_borc;nakit;toplam_aktif,toplam_borc;net_borc;ebitda;ihracat_orani;piyasa_degeri;pb;roe;roa;ev;ev_ebitda;fcf_verim
TCELL.IS,2024Q4,2024-12-31,XI_29,isyatirim_pit,,,2026-09-07T22:37:04.111011505,,,2025-03-15,APPROXIMATE_FIXED_LAG,UNKNOWN,UNKNOWN,data\raw\isyatirim_cache\TCELL_2024_XI_29.json,satislar;ebitda;op_gelir;net_kar;cfo;fcf;ozkaynaklar;toplam_borc;net_borc;nakit;toplam_aktif,toplam_borc;net_borc;ebitda;ihracat_orani;piyasa_degeri;pb;roe;roa;ev;ev_ebitda;fcf_verim
TCELL.IS,2025Q1,2025-03-31,XI_29,isyatirim_pit,,,2026-09-07T22:37:04.249349594,,,2025-05-15,APPROXIMATE_FIXED_LAG,UNKNOWN,UNKNOWN,data\raw\isyatirim_cache\TCELL_2025_XI_29.json,satislar;ebitda;op_gelir;net_kar;cfo;fcf;ozkaynaklar;toplam_borc;net_borc;nakit;toplam_aktif,toplam_borc;net_borc;ebitda;ihracat_orani;piyasa_degeri;pb;roe;roa;ev;ev_ebitda;fcf_verim
TCELL.IS,2025Q2,2025-06-30,XI_29,isyatirim_pit,,,2026-09-07T22:37:04.249349594,,,2025-08-15,APPROXIMATE_FIXED_LAG,UNKNOWN,UNKNOWN,data\raw\isyatirim_cache\TCELL_2025_XI_29.json,satislar;ebitda;op_gelir;net_kar;cfo;fcf;ozkaynaklar;toplam_borc;net_borc;nakit;toplam_aktif,toplam_borc;net_borc;ebitda;ihracat_orani;piyasa_degeri;pb;roe;roa;ev;ev_ebitda;fcf_verim
TCELL.IS,2025Q3,2025-09-30,XI_29,isyatirim_pit,,,2026-09-07T22:37:04.249349594,,,2025-11-15,APPROXIMATE_FIXED_LAG,UNKNOWN,UNKNOWN,data\raw\isyatirim_cache\TCELL_2025_XI_29.json,satislar;ebitda;op_gelir;net_kar;cfo;fcf;ozkaynaklar;toplam_borc;net_borc;nakit;toplam_aktif,toplam_borc;net_borc;ebitda;ihracat_orani;piyasa_degeri;pb;roe;roa;ev;ev_ebitda;fcf_verim
TCELL.IS,2025Q4,2025-12-31,XI_29,isyatirim_pit,,,2026-09-07T22:37:04.249349594,,,2026-03-15,APPROXIMATE_FIXED_LAG,UNKNOWN,UNKNOWN,data\raw\isyatirim_cache\TCELL_2025_XI_29.json,satislar;ebitda;op_gelir;net_kar;cfo;fcf;ozkaynaklar;toplam_borc;net_borc;nakit;toplam_aktif,toplam_borc;net_borc;ebitda;ihracat_orani;piyasa_degeri;pb;roe;roa;ev;ev_ebitda;fcf_verim
TCELL.IS,2026Q1,2026-03-31,XI_29,isyatirim_pit,,,2026-09-07T22:37:04.419385910,,,2026-05-15,APPROXIMATE_FIXED_LAG,UNKNOWN,UNKNOWN,data\raw\isyatirim_cache\TCELL_2026_XI_29.json,satislar;ebitda;op_gelir;net_kar;cfo;fcf;ozkaynaklar;toplam_borc;net_borc;nakit;toplam_aktif,toplam_borc;net_borc;ebitda;ihracat_orani;piyasa_degeri;pb;roe;roa;ev;ev_ebitda;fcf_verim
TCELL.IS,2026Q2,2026-06-30,XI_29,isyatirim_pit,,,2026-09-07T22:37:04.419385910,,,2026-08-15,APPROXIMATE_FIXED_LAG,UNKNOWN,UNKNOWN,data\raw\isyatirim_cache\TCELL_2026_XI_29.json,satislar;ebitda;op_gelir;net_kar;cfo;fcf;ozkaynaklar;toplam_borc;net_borc;nakit;toplam_aktif,toplam_borc;net_borc;ebitda;ihracat_orani;piyasa_degeri;pb;roe;roa;ev;ev_ebitda;fcf_verim
TERA.IS,2019Q4,2019-12-31,XI_29,isyatirim_pit,,,2026-09-07T22:36:52.559855461,,,2020-03-15,APPROXIMATE_FIXED_LAG,UNKNOWN,UNKNOWN,data\raw\isyatirim_cache\TERA_2019_XI_29.json,satislar;ebitda;op_gelir;net_kar;cfo;fcf;ozkaynaklar;toplam_borc;net_borc;nakit;toplam_aktif,toplam_borc;net_borc;ebitda;ihracat_orani;piyasa_degeri;pb;roe;roa;ev;ev_ebitda;fcf_verim
TERA.IS,2020Q4,2020-12-31,XI_29,isyatirim_pit,,,2026-09-07T22:36:52.736531496,,,2021-03-15,APPROXIMATE_FIXED_LAG,UNKNOWN,UNKNOWN,data\raw\isyatirim_cache\TERA_2020_XI_29.json,satislar;ebitda;op_gelir;net_kar;cfo;fcf;ozkaynaklar;toplam_borc;net_borc;nakit;toplam_aktif,toplam_borc;net_borc;ebitda;ihracat_orani;piyasa_degeri;pb;roe;roa;ev;ev_ebitda;fcf_verim
TERA.IS,2021Q3,2021-09-30,XI_29,isyatirim_pit,,,2026-09-07T22:36:52.861830950,,,2021-11-15,APPROXIMATE_FIXED_LAG,UNKNOWN,UNKNOWN,data\raw\isyatirim_cache\TERA_2021_XI_29.json,satislar;ebitda;op_gelir;net_kar;cfo;fcf;ozkaynaklar;toplam_borc;net_borc;nakit;toplam_aktif,toplam_borc;net_borc;ebitda;ihracat_orani;piyasa_degeri;pb;roe;roa;ev;ev_ebitda;fcf_verim
TERA.IS,2021Q4,2021-12-31,XI_29,isyatirim_pit,,,2026-09-07T22:36:52.861830950,,,2022-03-15,APPROXIMATE_FIXED_LAG,UNKNOWN,UNKNOWN,data\raw\isyatirim_cache\TERA_2021_XI_29.json,satislar;ebitda;op_gelir;net_kar;cfo;fcf;ozkaynaklar;toplam_borc;net_borc;nakit;toplam_aktif,toplam_borc;net_borc;ebitda;ihracat_orani;piyasa_degeri;pb;roe;roa;ev;ev_ebitda;fcf_verim
TERA.IS,2022Q1,2022-03-31,XI_29,isyatirim_pit,,,2026-09-07T22:36:53.014063597,,,2022-05-15,APPROXIMATE_FIXED_LAG,UNKNOWN,UNKNOWN,data\raw\isyatirim_cache\TERA_2022_XI_29.json,satislar;ebitda;op_gelir;net_kar;cfo;fcf;ozkaynaklar;toplam_borc;net_borc;nakit;toplam_aktif,toplam_borc;net_borc;ebitda;ihracat_orani;piyasa_degeri;pb;roe;roa;ev;ev_ebitda;fcf_verim
TERA.IS,2022Q2,2022-06-30,XI_29,isyatirim_pit,,,2026-09-07T22:36:53.014063597,,,2022-08-15,APPROXIMATE_FIXED_LAG,UNKNOWN,UNKNOWN,data\raw\isyatirim_cache\TERA_2022_XI_29.json,satislar;ebitda;op_gelir;net_kar;cfo;fcf;ozkaynaklar;toplam_borc;net_borc;nakit;toplam_aktif,toplam_borc;net_borc;ebitda;ihracat_orani;piyasa_degeri;pb;roe;roa;ev;ev_ebitda;fcf_verim
TERA.IS,2022Q3,2022-09-30,XI_29,isyatirim_pit,,,2026-09-07T22:36:53.014063597,,,2022-11-15,APPROXIMATE_FIXED_LAG,UNKNOWN,UNKNOWN,data\raw\isyatirim_cache\TERA_2022_XI_29.json,satislar;ebitda;op_gelir;net_kar;cfo;fcf;ozkaynaklar;toplam_borc;net_borc;nakit;toplam_aktif,toplam_borc;net_borc;ebitda;ihracat_orani;piyasa_degeri;pb;roe;roa;ev;ev_ebitda;fcf_verim
TERA.IS,2022Q4,2022-12-31,XI_29,isyatirim_pit,,,2026-09-07T22:36:53.014063597,,,2023-03-15,APPROXIMATE_FIXED_LAG,UNKNOWN,UNKNOWN,data\raw\isyatirim_cache\TERA_2022_XI_29.json,satislar;ebitda;op_gelir;net_kar;cfo;fcf;ozkaynaklar;toplam_borc;net_borc;nakit;toplam_aktif,toplam_borc;net_borc;ebitda;ihracat_orani;piyasa_degeri;pb;roe;roa;ev;ev_ebitda;fcf_verim
TERA.IS,2023Q1,2023-03-31,XI_29,isyatirim_pit,,,2026-09-07T22:36:53.185098171,,,2023-05-15,APPROXIMATE_FIXED_LAG,UNKNOWN,UNKNOWN,data\raw\isyatirim_cache\TERA_2023_XI_29.json,satislar;ebitda;op_gelir;net_kar;cfo;fcf;ozkaynaklar;toplam_borc;net_borc;nakit;toplam_aktif,toplam_borc;net_borc;ebitda;ihracat_orani;piyasa_degeri;pb;roe;roa;ev;ev_ebitda;fcf_verim
TERA.IS,2023Q2,2023-06-30,XI_29,isyatirim_pit,,,2026-09-07T22:36:53.185098171,,,2023-08-15,APPROXIMATE_FIXED_LAG,UNKNOWN,UNKNOWN,data\raw\isyatirim_cache\TERA_2023_XI_29.json,satislar;ebitda;op_gelir;net_kar;cfo;fcf;ozkaynaklar;toplam_borc;net_borc;nakit;toplam_aktif,toplam_borc;net_borc;ebitda;ihracat_orani;piyasa_degeri;pb;roe;roa;ev;ev_ebitda;fcf_verim
TERA.IS,2023Q3,2023-09-30,XI_29,isyatirim_pit,,,2026-09-07T22:36:53.185098171,,,2023-11-15,APPROXIMATE_FIXED_LAG,UNKNOWN,UNKNOWN,data\raw\isyatirim_cache\TERA_2023_XI_29.json,satislar;ebitda;op_gelir;net_kar;cfo;fcf;ozkaynaklar;toplam_borc;net_borc;nakit;toplam_aktif,toplam_borc;net_borc;ebitda;ihracat_orani;piyasa_degeri;pb;roe;roa;ev;ev_ebitda;fcf_verim
TERA.IS,2023Q4,2023-12-31,XI_29,isyatirim_pit,,,2026-09-07T22:36:53.185098171,,,2024-03-15,APPROXIMATE_FIXED_LAG,UNKNOWN,UNKNOWN,data\raw\isyatirim_cache\TERA_2023_XI_29.json,satislar;ebitda;op_gelir;net_kar;cfo;fcf;ozkaynaklar;toplam_borc;net_borc;nakit;toplam_aktif,toplam_borc;net_borc;ebitda;ihracat_orani;piyasa_degeri;pb;roe;roa;ev;ev_ebitda;fcf_verim
TERA.IS,2024Q1,2024-03-31,XI_29,isyatirim_pit,,,2026-09-07T22:36:53.274353027,,,2024-05-15,APPROXIMATE_FIXED_LAG,UNKNOWN,UNKNOWN,data\raw\isyatirim_cache\TERA_2024_XI_29.json,satislar;ebitda;op_gelir;net_kar;cfo;fcf;ozkaynaklar;toplam_borc;net_borc;nakit;toplam_aktif,toplam_borc;net_borc;ebitda;ihracat_orani;piyasa_degeri;pb;roe;roa;ev;ev_ebitda;fcf_verim
TERA.IS,2024Q2,2024-06-30,XI_29,isyatirim_pit,,,2026-09-07T22:36:53.274353027,,,2024-08-15,APPROXIMATE_FIXED_LAG,UNKNOWN,UNKNOWN,data\raw\isyatirim_cache\TERA_2024_XI_29.json,satislar;ebitda;op_gelir;net_kar;cfo;fcf;ozkaynaklar;toplam_borc;net_borc;nakit;toplam_aktif,toplam_borc;net_borc;ebitda;ihracat_orani;piyasa_degeri;pb;roe;roa;ev;ev_ebitda;fcf_verim
TERA.IS,2024Q3,2024-09-30,XI_29,isyatirim_pit,,,2026-09-07T22:36:53.274353027,,,2024-11-15,APPROXIMATE_FIXED_LAG,UNKNOWN,UNKNOWN,data\raw\isyatirim_cache\TERA_2024_XI_29.json,satislar;ebitda;op_gelir;net_kar;cfo;fcf;ozkaynaklar;toplam_borc;net_borc;nakit;toplam_aktif,toplam_borc;net_borc;ebitda;ihracat_orani;piyasa_degeri;pb;roe;roa;ev;ev_ebitda;fcf_verim
TERA.IS,2024Q4,2024-12-31,XI_29,isyatirim_pit,,,2026-09-07T22:36:53.274353027,,,2025-03-15,APPROXIMATE_FIXED_LAG,UNKNOWN,UNKNOWN,data\raw\isyatirim_cache\TERA_2024_XI_29.json,satislar;ebitda;op_gelir;net_kar;cfo;fcf;ozkaynaklar;toplam_borc;net_borc;nakit;toplam_aktif,toplam_borc;net_borc;ebitda;ihracat_orani;piyasa_degeri;pb;roe;roa;ev;ev_ebitda;fcf_verim
TERA.IS,2025Q1,2025-03-31,XI_29,isyatirim_pit,,,2026-09-07T22:36:53.405326843,,,2025-05-15,APPROXIMATE_FIXED_LAG,UNKNOWN,UNKNOWN,data\raw\isyatirim_cache\TERA_2025_XI_29.json,satislar;ebitda;op_gelir;net_kar;cfo;fcf;ozkaynaklar;toplam_borc;net_borc;nakit;toplam_aktif,toplam_borc;net_borc;ebitda;ihracat_orani;piyasa_degeri;pb;roe;roa;ev;ev_ebitda;fcf_verim
TERA.IS,2025Q2,2025-06-30,XI_29,isyatirim_pit,,,2026-09-07T22:36:53.405326843,,,2025-08-15,APPROXIMATE_FIXED_LAG,UNKNOWN,UNKNOWN,data\raw\isyatirim_cache\TERA_2025_XI_29.json,satislar;ebitda;op_gelir;net_kar;cfo;fcf;ozkaynaklar;toplam_borc;net_borc;nakit;toplam_aktif,toplam_borc;net_borc;ebitda;ihracat_orani;piyasa_degeri;pb;roe;roa;ev;ev_ebitda;fcf_verim
TERA.IS,2025Q3,2025-09-30,XI_29,isyatirim_pit,,,2026-09-07T22:36:53.405326843,,,2025-11-15,APPROXIMATE_FIXED_LAG,UNKNOWN,UNKNOWN,data\raw\isyatirim_cache\TERA_2025_XI_29.json,satislar;ebitda;op_gelir;net_kar;cfo;fcf;ozkaynaklar;toplam_borc;net_borc;nakit;toplam_aktif,toplam_borc;net_borc;ebitda;ihracat_orani;piyasa_degeri;pb;roe;roa;ev;ev_ebitda;fcf_verim
TERA.IS,2025Q4,2025-12-31,XI_29,isyatirim_pit,,,2026-09-07T22:36:53.405326843,,,2026-03-15,APPROXIMATE_FIXED_LAG,UNKNOWN,UNKNOWN,data\raw\isyatirim_cache\TERA_2025_XI_29.json,satislar;ebitda;op_gelir;net_kar;cfo;fcf;ozkaynaklar;toplam_borc;net_borc;nakit;toplam_aktif,toplam_borc;net_borc;ebitda;ihracat_orani;piyasa_degeri;pb;roe;roa;ev;ev_ebitda;fcf_verim
TERA.IS,2026Q1,2026-03-31,XI_29,isyatirim_pit,,,2026-09-07T22:36:53.530568599,,,2026-05-15,APPROXIMATE_FIXED_LAG,UNKNOWN,UNKNOWN,data\raw\isyatirim_cache\TERA_2026_XI_29.json,satislar;ebitda;op_gelir;net_kar;cfo;fcf;ozkaynaklar;toplam_borc;net_borc;nakit;toplam_aktif,toplam_borc;net_borc;ebitda;ihracat_orani;piyasa_degeri;pb;roe;roa;ev;ev_ebitda;fcf_verim
TERA.IS,2026Q2,2026-06-30,XI_29,isyatirim_pit,,,2026-09-07T22:36:53.530568599,,,2026-08-15,APPROXIMATE_FIXED_LAG,UNKNOWN,UNKNOWN,data\raw\isyatirim_cache\TERA_2026_XI_29.json,satislar;ebitda;op_gelir;net_kar;cfo;fcf;ozkaynaklar;toplam_borc;net_borc;nakit;toplam_aktif,toplam_borc;net_borc;ebitda;ihracat_orani;piyasa_degeri;pb;roe;roa;ev;ev_ebitda;fcf_verim
THYAO.IS,2018Q1,2018-03-31,XI_29,isyatirim_pit,,,2026-09-07T22:36:47.445857286,,,2018-05-15,APPROXIMATE_FIXED_LAG,UNKNOWN,UNKNOWN,data\raw\isyatirim_cache\THYAO_2018_XI_29.json,satislar;ebitda;op_gelir;net_kar;cfo;fcf;ozkaynaklar;toplam_borc;net_borc;nakit;toplam_aktif,toplam_borc;net_borc;ebitda;ihracat_orani;piyasa_degeri;pb;roe;roa;ev;ev_ebitda;fcf_verim
THYAO.IS,2018Q2,2018-06-30,XI_29,isyatirim_pit,,,2026-09-07T22:36:47.445857286,,,2018-08-15,APPROXIMATE_FIXED_LAG,UNKNOWN,UNKNOWN,data\raw\isyatirim_cache\THYAO_2018_XI_29.json,satislar;ebitda;op_gelir;net_kar;cfo;fcf;ozkaynaklar;toplam_borc;net_borc;nakit;toplam_aktif,toplam_borc;net_borc;ebitda;ihracat_orani;piyasa_degeri;pb;roe;roa;ev;ev_ebitda;fcf_verim
THYAO.IS,2018Q3,2018-09-30,XI_29,isyatirim_pit,,,2026-09-07T22:36:47.445857286,,,2018-11-15,APPROXIMATE_FIXED_LAG,UNKNOWN,UNKNOWN,data\raw\isyatirim_cache\THYAO_2018_XI_29.json,satislar;ebitda;op_gelir;net_kar;cfo;fcf;ozkaynaklar;toplam_borc;net_borc;nakit;toplam_aktif,toplam_borc;net_borc;ebitda;ihracat_orani;piyasa_degeri;pb;roe;roa;ev;ev_ebitda;fcf_verim
THYAO.IS,2018Q4,2018-12-31,XI_29,isyatirim_pit,,,2026-09-07T22:36:47.445857286,,,2019-03-15,APPROXIMATE_FIXED_LAG,UNKNOWN,UNKNOWN,data\raw\isyatirim_cache\THYAO_2018_XI_29.json,satislar;ebitda;op_gelir;net_kar;cfo;fcf;ozkaynaklar;toplam_borc;net_borc;nakit;toplam_aktif,toplam_borc;net_borc;ebitda;ihracat_orani;piyasa_degeri;pb;roe;roa;ev;ev_ebitda;fcf_verim
THYAO.IS,2019Q1,2019-03-31,XI_29,isyatirim_pit,,,2026-09-07T22:36:47.534872293,,,2019-05-15,APPROXIMATE_FIXED_LAG,UNKNOWN,UNKNOWN,data\raw\isyatirim_cache\THYAO_2019_XI_29.json,satislar;ebitda;op_gelir;net_kar;cfo;fcf;ozkaynaklar;toplam_borc;net_borc;nakit;toplam_aktif,toplam_borc;net_borc;ebitda;ihracat_orani;piyasa_degeri;pb;roe;roa;ev;ev_ebitda;fcf_verim
THYAO.IS,2019Q2,2019-06-30,XI_29,isyatirim_pit,,,2026-09-07T22:36:47.534872293,,,2019-08-15,APPROXIMATE_FIXED_LAG,UNKNOWN,UNKNOWN,data\raw\isyatirim_cache\THYAO_2019_XI_29.json,satislar;ebitda;op_gelir;net_kar;cfo;fcf;ozkaynaklar;toplam_borc;net_borc;nakit;toplam_aktif,toplam_borc;net_borc;ebitda;ihracat_orani;piyasa_degeri;pb;roe;roa;ev;ev_ebitda;fcf_verim
THYAO.IS,2019Q3,2019-09-30,XI_29,isyatirim_pit,,,2026-09-07T22:36:47.534872293,,,2019-11-15,APPROXIMATE_FIXED_LAG,UNKNOWN,UNKNOWN,data\raw\isyatirim_cache\THYAO_2019_XI_29.json,satislar;ebitda;op_gelir;net_kar;cfo;fcf;ozkaynaklar;toplam_borc;net_borc;nakit;toplam_aktif,toplam_borc;net_borc;ebitda;ihracat_orani;piyasa_degeri;pb;roe;roa;ev;ev_ebitda;fcf_verim
THYAO.IS,2019Q4,2019-12-31,XI_29,isyatirim_pit,,,2026-09-07T22:36:47.534872293,,,2020-03-15,APPROXIMATE_FIXED_LAG,UNKNOWN,UNKNOWN,data\raw\isyatirim_cache\THYAO_2019_XI_29.json,satislar;ebitda;op_gelir;net_kar;cfo;fcf;ozkaynaklar;toplam_borc;net_borc;nakit;toplam_aktif,toplam_borc;net_borc;ebitda;ihracat_orani;piyasa_degeri;pb;roe;roa;ev;ev_ebitda;fcf_verim
THYAO.IS,2020Q1,2020-03-31,XI_29,isyatirim_pit,,,2026-09-07T22:36:47.624149561,,,2020-05-15,APPROXIMATE_FIXED_LAG,UNKNOWN,UNKNOWN,data\raw\isyatirim_cache\THYAO_2020_XI_29.json,satislar;ebitda;op_gelir;net_kar;cfo;fcf;ozkaynaklar;toplam_borc;net_borc;nakit;toplam_aktif,toplam_borc;net_borc;ebitda;ihracat_orani;piyasa_degeri;pb;roe;roa;ev;ev_ebitda;fcf_verim
THYAO.IS,2020Q2,2020-06-30,XI_29,isyatirim_pit,,,2026-09-07T22:36:47.624149561,,,2020-08-15,APPROXIMATE_FIXED_LAG,UNKNOWN,UNKNOWN,data\raw\isyatirim_cache\THYAO_2020_XI_29.json,satislar;ebitda;op_gelir;net_kar;cfo;fcf;ozkaynaklar;toplam_borc;net_borc;nakit;toplam_aktif,toplam_borc;net_borc;ebitda;ihracat_orani;piyasa_degeri;pb;roe;roa;ev;ev_ebitda;fcf_verim
THYAO.IS,2020Q3,2020-09-30,XI_29,isyatirim_pit,,,2026-09-07T22:36:47.624149561,,,2020-11-15,APPROXIMATE_FIXED_LAG,UNKNOWN,UNKNOWN,data\raw\isyatirim_cache\THYAO_2020_XI_29.json,satislar;ebitda;op_gelir;net_kar;cfo;fcf;ozkaynaklar;toplam_borc;net_borc;nakit;toplam_aktif,toplam_borc;net_borc;ebitda;ihracat_orani;piyasa_degeri;pb;roe;roa;ev;ev_ebitda;fcf_verim
THYAO.IS,2020Q4,2020-12-31,XI_29,isyatirim_pit,,,2026-09-07T22:36:47.624149561,,,2021-03-15,APPROXIMATE_FIXED_LAG,UNKNOWN,UNKNOWN,data\raw\isyatirim_cache\THYAO_2020_XI_29.json,satislar;ebitda;op_gelir;net_kar;cfo;fcf;ozkaynaklar;toplam_borc;net_borc;nakit;toplam_aktif,toplam_borc;net_borc;ebitda;ihracat_orani;piyasa_degeri;pb;roe;roa;ev;ev_ebitda;fcf_verim
THYAO.IS,2021Q1,2021-03-31,XI_29,isyatirim_pit,,,2026-09-07T22:36:47.709547281,,,2021-05-15,APPROXIMATE_FIXED_LAG,UNKNOWN,UNKNOWN,data\raw\isyatirim_cache\THYAO_2021_XI_29.json,satislar;ebitda;op_gelir;net_kar;cfo;fcf;ozkaynaklar;toplam_borc;net_borc;nakit;toplam_aktif,toplam_borc;net_borc;ebitda;ihracat_orani;piyasa_degeri;pb;roe;roa;ev;ev_ebitda;fcf_verim
THYAO.IS,2021Q2,2021-06-30,XI_29,isyatirim_pit,,,2026-09-07T22:36:47.709547281,,,2021-08-15,APPROXIMATE_FIXED_LAG,UNKNOWN,UNKNOWN,data\raw\isyatirim_cache\THYAO_2021_XI_29.json,satislar;ebitda;op_gelir;net_kar;cfo;fcf;ozkaynaklar;toplam_borc;net_borc;nakit;toplam_aktif,toplam_borc;net_borc;ebitda;ihracat_orani;piyasa_degeri;pb;roe;roa;ev;ev_ebitda;fcf_verim
THYAO.IS,2021Q3,2021-09-30,XI_29,isyatirim_pit,,,2026-09-07T22:36:47.709547281,,,2021-11-15,APPROXIMATE_FIXED_LAG,UNKNOWN,UNKNOWN,data\raw\isyatirim_cache\THYAO_2021_XI_29.json,satislar;ebitda;op_gelir;net_kar;cfo;fcf;ozkaynaklar;toplam_borc;net_borc;nakit;toplam_aktif,toplam_borc;net_borc;ebitda;ihracat_orani;piyasa_degeri;pb;roe;roa;ev;ev_ebitda;fcf_verim
THYAO.IS,2021Q4,2021-12-31,XI_29,isyatirim_pit,,,2026-09-07T22:36:47.709547281,,,2022-03-15,APPROXIMATE_FIXED_LAG,UNKNOWN,UNKNOWN,data\raw\isyatirim_cache\THYAO_2021_XI_29.json,satislar;ebitda;op_gelir;net_kar;cfo;fcf;ozkaynaklar;toplam_borc;net_borc;nakit;toplam_aktif,toplam_borc;net_borc;ebitda;ihracat_orani;piyasa_degeri;pb;roe;roa;ev;ev_ebitda;fcf_verim
THYAO.IS,2022Q1,2022-03-31,XI_29,isyatirim_pit,,,2026-09-07T22:36:47.797472,,,2022-05-15,APPROXIMATE_FIXED_LAG,UNKNOWN,UNKNOWN,data\raw\isyatirim_cache\THYAO_2022_XI_29.json,satislar;ebitda;op_gelir;net_kar;cfo;fcf;ozkaynaklar;toplam_borc;net_borc;nakit;toplam_aktif,toplam_borc;net_borc;ebitda;ihracat_orani;piyasa_degeri;pb;roe;roa;ev;ev_ebitda;fcf_verim
THYAO.IS,2022Q2,2022-06-30,XI_29,isyatirim_pit,,,2026-09-07T22:36:47.797472,,,2022-08-15,APPROXIMATE_FIXED_LAG,UNKNOWN,UNKNOWN,data\raw\isyatirim_cache\THYAO_2022_XI_29.json,satislar;ebitda;op_gelir;net_kar;cfo;fcf;ozkaynaklar;toplam_borc;net_borc;nakit;toplam_aktif,toplam_borc;net_borc;ebitda;ihracat_orani;piyasa_degeri;pb;roe;roa;ev;ev_ebitda;fcf_verim
THYAO.IS,2022Q3,2022-09-30,XI_29,isyatirim_pit,,,2026-09-07T22:36:47.797472,,,2022-11-15,APPROXIMATE_FIXED_LAG,UNKNOWN,UNKNOWN,data\raw\isyatirim_cache\THYAO_2022_XI_29.json,satislar;ebitda;op_gelir;net_kar;cfo;fcf;ozkaynaklar;toplam_borc;net_borc;nakit;toplam_aktif,toplam_borc;net_borc;ebitda;ihracat_orani;piyasa_degeri;pb;roe;roa;ev;ev_ebitda;fcf_verim
THYAO.IS,2022Q4,2022-12-31,XI_29,isyatirim_pit,,,2026-09-07T22:36:47.797472,,,2023-03-15,APPROXIMATE_FIXED_LAG,UNKNOWN,UNKNOWN,data\raw\isyatirim_cache\THYAO_2022_XI_29.json,satislar;ebitda;op_gelir;net_kar;cfo;fcf;ozkaynaklar;toplam_borc;net_borc;nakit;toplam_aktif,toplam_borc;net_borc;ebitda;ihracat_orani;piyasa_degeri;pb;roe;roa;ev;ev_ebitda;fcf_verim
THYAO.IS,2023Q1,2023-03-31,XI_29,isyatirim_pit,,,2026-09-07T22:36:47.885571718,,,2023-05-15,APPROXIMATE_FIXED_LAG,UNKNOWN,UNKNOWN,data\raw\isyatirim_cache\THYAO_2023_XI_29.json,satislar;ebitda;op_gelir;net_kar;cfo;fcf;ozkaynaklar;toplam_borc;net_borc;nakit;toplam_aktif,toplam_borc;net_borc;ebitda;ihracat_orani;piyasa_degeri;pb;roe;roa;ev;ev_ebitda;fcf_verim
THYAO.IS,2023Q2,2023-06-30,XI_29,isyatirim_pit,,,2026-09-07T22:36:47.885571718,,,2023-08-15,APPROXIMATE_FIXED_LAG,UNKNOWN,UNKNOWN,data\raw\isyatirim_cache\THYAO_2023_XI_29.json,satislar;ebitda;op_gelir;net_kar;cfo;fcf;ozkaynaklar;toplam_borc;net_borc;nakit;toplam_aktif,toplam_borc;net_borc;ebitda;ihracat_orani;piyasa_degeri;pb;roe;roa;ev;ev_ebitda;fcf_verim
THYAO.IS,2023Q3,2023-09-30,XI_29,isyatirim_pit,,,2026-09-07T22:36:47.885571718,,,2023-11-15,APPROXIMATE_FIXED_LAG,UNKNOWN,UNKNOWN,data\raw\isyatirim_cache\THYAO_2023_XI_29.json,satislar;ebitda;op_gelir;net_kar;cfo;fcf;ozkaynaklar;toplam_borc;net_borc;nakit;toplam_aktif,toplam_borc;net_borc;ebitda;ihracat_orani;piyasa_degeri;pb;roe;roa;ev;ev_ebitda;fcf_verim
THYAO.IS,2023Q4,2023-12-31,XI_29,isyatirim_pit,,,2026-09-07T22:36:47.885571718,,,2024-03-15,APPROXIMATE_FIXED_LAG,UNKNOWN,UNKNOWN,data\raw\isyatirim_cache\THYAO_2023_XI_29.json,satislar;ebitda;op_gelir;net_kar;cfo;fcf;ozkaynaklar;toplam_borc;net_borc;nakit;toplam_aktif,toplam_borc;net_borc;ebitda;ihracat_orani;piyasa_degeri;pb;roe;roa;ev;ev_ebitda;fcf_verim
THYAO.IS,2024Q1,2024-03-31,XI_29,isyatirim_pit,,,2026-09-07T22:36:47.972177505,,,2024-05-15,APPROXIMATE_FIXED_LAG,UNKNOWN,UNKNOWN,data\raw\isyatirim_cache\THYAO_2024_XI_29.json,satislar;ebitda;op_gelir;net_kar;cfo;fcf;ozkaynaklar;toplam_borc;net_borc;nakit;toplam_aktif,toplam_borc;net_borc;ebitda;ihracat_orani;piyasa_degeri;pb;roe;roa;ev;ev_ebitda;fcf_verim
THYAO.IS,2024Q2,2024-06-30,XI_29,isyatirim_pit,,,2026-09-07T22:36:47.972177505,,,2024-08-15,APPROXIMATE_FIXED_LAG,UNKNOWN,UNKNOWN,data\raw\isyatirim_cache\THYAO_2024_XI_29.json,satislar;ebitda;op_gelir;net_kar;cfo;fcf;ozkaynaklar;toplam_borc;net_borc;nakit;toplam_aktif,toplam_borc;net_borc;ebitda;ihracat_orani;piyasa_degeri;pb;roe;roa;ev;ev_ebitda;fcf_verim
THYAO.IS,2024Q3,2024-09-30,XI_29,isyatirim_pit,,,2026-09-07T22:36:47.972177505,,,2024-11-15,APPROXIMATE_FIXED_LAG,UNKNOWN,UNKNOWN,data\raw\isyatirim_cache\THYAO_2024_XI_29.json,satislar;ebitda;op_gelir;net_kar;cfo;fcf;ozkaynaklar;toplam_borc;net_borc;nakit;toplam_aktif,toplam_borc;net_borc;ebitda;ihracat_orani;piyasa_degeri;pb;roe;roa;ev;ev_ebitda;fcf_verim
THYAO.IS,2024Q4,2024-12-31,XI_29,isyatirim_pit,,,2026-09-07T22:36:47.972177505,,,2025-03-15,APPROXIMATE_FIXED_LAG,UNKNOWN,UNKNOWN,data\raw\isyatirim_cache\THYAO_2024_XI_29.json,satislar;ebitda;op_gelir;net_kar;cfo;fcf;ozkaynaklar;toplam_borc;net_borc;nakit;toplam_aktif,toplam_borc;net_borc;ebitda;ihracat_orani;piyasa_degeri;pb;roe;roa;ev;ev_ebitda;fcf_verim
THYAO.IS,2025Q1,2025-03-31,XI_29,isyatirim_pit,,,2026-09-07T22:36:48.057307243,,,2025-05-15,APPROXIMATE_FIXED_LAG,UNKNOWN,UNKNOWN,data\raw\isyatirim_cache\THYAO_2025_XI_29.json,satislar;ebitda;op_gelir;net_kar;cfo;fcf;ozkaynaklar;toplam_borc;net_borc;nakit;toplam_aktif,toplam_borc;net_borc;ebitda;ihracat_orani;piyasa_degeri;pb;roe;roa;ev;ev_ebitda;fcf_verim
THYAO.IS,2025Q2,2025-06-30,XI_29,isyatirim_pit,,,2026-09-07T22:36:48.057307243,,,2025-08-15,APPROXIMATE_FIXED_LAG,UNKNOWN,UNKNOWN,data\raw\isyatirim_cache\THYAO_2025_XI_29.json,satislar;ebitda;op_gelir;net_kar;cfo;fcf;ozkaynaklar;toplam_borc;net_borc;nakit;toplam_aktif,toplam_borc;net_borc;ebitda;ihracat_orani;piyasa_degeri;pb;roe;roa;ev;ev_ebitda;fcf_verim
THYAO.IS,2025Q3,2025-09-30,XI_29,isyatirim_pit,,,2026-09-07T22:36:48.057307243,,,2025-11-15,APPROXIMATE_FIXED_LAG,UNKNOWN,UNKNOWN,data\raw\isyatirim_cache\THYAO_2025_XI_29.json,satislar;ebitda;op_gelir;net_kar;cfo;fcf;ozkaynaklar;toplam_borc;net_borc;nakit;toplam_aktif,toplam_borc;net_borc;ebitda;ihracat_orani;piyasa_degeri;pb;roe;roa;ev;ev_ebitda;fcf_verim
THYAO.IS,2025Q4,2025-12-31,XI_29,isyatirim_pit,,,2026-09-07T22:36:48.057307243,,,2026-03-15,APPROXIMATE_FIXED_LAG,UNKNOWN,UNKNOWN,data\raw\isyatirim_cache\THYAO_2025_XI_29.json,satislar;ebitda;op_gelir;net_kar;cfo;fcf;ozkaynaklar;toplam_borc;net_borc;nakit;toplam_aktif,toplam_borc;net_borc;ebitda;ihracat_orani;piyasa_degeri;pb;roe;roa;ev;ev_ebitda;fcf_verim
THYAO.IS,2026Q1,2026-03-31,XI_29,isyatirim_pit,,,2026-09-07T22:36:48.141866446,,,2026-05-15,APPROXIMATE_FIXED_LAG,UNKNOWN,UNKNOWN,data\raw\isyatirim_cache\THYAO_2026_XI_29.json,satislar;ebitda;op_gelir;net_kar;cfo;fcf;ozkaynaklar;toplam_borc;net_borc;nakit;toplam_aktif,toplam_borc;net_borc;ebitda;ihracat_orani;piyasa_degeri;pb;roe;roa;ev;ev_ebitda;fcf_verim
THYAO.IS,2026Q2,2026-06-30,XI_29,isyatirim_pit,,,2026-09-07T22:36:48.141866446,,,2026-08-15,APPROXIMATE_FIXED_LAG,UNKNOWN,UNKNOWN,data\raw\isyatirim_cache\THYAO_2026_XI_29.json,satislar;ebitda;op_gelir;net_kar;cfo;fcf;ozkaynaklar;toplam_borc;net_borc;nakit;toplam_aktif,toplam_borc;net_borc;ebitda;ihracat_orani;piyasa_degeri;pb;roe;roa;ev;ev_ebitda;fcf_verim
TKFEN.IS,2018Q1,2018-03-31,XI_29,isyatirim_pit,,,2026-09-07T22:37:21.474992514,,,2018-05-15,APPROXIMATE_FIXED_LAG,UNKNOWN,UNKNOWN,data\raw\isyatirim_cache\TKFEN_2018_XI_29.json,satislar;ebitda;op_gelir;net_kar;cfo;fcf;ozkaynaklar;toplam_borc;net_borc;nakit;toplam_aktif,toplam_borc;net_borc;ebitda;ihracat_orani;piyasa_degeri;pb;roe;roa;ev;ev_ebitda;fcf_verim
TKFEN.IS,2018Q2,2018-06-30,XI_29,isyatirim_pit,,,2026-09-07T22:37:21.474992514,,,2018-08-15,APPROXIMATE_FIXED_LAG,UNKNOWN,UNKNOWN,data\raw\isyatirim_cache\TKFEN_2018_XI_29.json,satislar;ebitda;op_gelir;net_kar;cfo;fcf;ozkaynaklar;toplam_borc;net_borc;nakit;toplam_aktif,toplam_borc;net_borc;ebitda;ihracat_orani;piyasa_degeri;pb;roe;roa;ev;ev_ebitda;fcf_verim
TKFEN.IS,2018Q3,2018-09-30,XI_29,isyatirim_pit,,,2026-09-07T22:37:21.474992514,,,2018-11-15,APPROXIMATE_FIXED_LAG,UNKNOWN,UNKNOWN,data\raw\isyatirim_cache\TKFEN_2018_XI_29.json,satislar;ebitda;op_gelir;net_kar;cfo;fcf;ozkaynaklar;toplam_borc;net_borc;nakit;toplam_aktif,toplam_borc;net_borc;ebitda;ihracat_orani;piyasa_degeri;pb;roe;roa;ev;ev_ebitda;fcf_verim
TKFEN.IS,2018Q4,2018-12-31,XI_29,isyatirim_pit,,,2026-09-07T22:37:21.474992514,,,2019-03-15,APPROXIMATE_FIXED_LAG,UNKNOWN,UNKNOWN,data\raw\isyatirim_cache\TKFEN_2018_XI_29.json,satislar;ebitda;op_gelir;net_kar;cfo;fcf;ozkaynaklar;toplam_borc;net_borc;nakit;toplam_aktif,toplam_borc;net_borc;ebitda;ihracat_orani;piyasa_degeri;pb;roe;roa;ev;ev_ebitda;fcf_verim
TKFEN.IS,2019Q1,2019-03-31,XI_29,isyatirim_pit,,,2026-09-07T22:37:21.614917040,,,2019-05-15,APPROXIMATE_FIXED_LAG,UNKNOWN,UNKNOWN,data\raw\isyatirim_cache\TKFEN_2019_XI_29.json,satislar;ebitda;op_gelir;net_kar;cfo;fcf;ozkaynaklar;toplam_borc;net_borc;nakit;toplam_aktif,toplam_borc;net_borc;ebitda;ihracat_orani;piyasa_degeri;pb;roe;roa;ev;ev_ebitda;fcf_verim
TKFEN.IS,2019Q2,2019-06-30,XI_29,isyatirim_pit,,,2026-09-07T22:37:21.614917040,,,2019-08-15,APPROXIMATE_FIXED_LAG,UNKNOWN,UNKNOWN,data\raw\isyatirim_cache\TKFEN_2019_XI_29.json,satislar;ebitda;op_gelir;net_kar;cfo;fcf;ozkaynaklar;toplam_borc;net_borc;nakit;toplam_aktif,toplam_borc;net_borc;ebitda;ihracat_orani;piyasa_degeri;pb;roe;roa;ev;ev_ebitda;fcf_verim
TKFEN.IS,2019Q3,2019-09-30,XI_29,isyatirim_pit,,,2026-09-07T22:37:21.614917040,,,2019-11-15,APPROXIMATE_FIXED_LAG,UNKNOWN,UNKNOWN,data\raw\isyatirim_cache\TKFEN_2019_XI_29.json,satislar;ebitda;op_gelir;net_kar;cfo;fcf;ozkaynaklar;toplam_borc;net_borc;nakit;toplam_aktif,toplam_borc;net_borc;ebitda;ihracat_orani;piyasa_degeri;pb;roe;roa;ev;ev_ebitda;fcf_verim
TKFEN.IS,2019Q4,2019-12-31,XI_29,isyatirim_pit,,,2026-09-07T22:37:21.614917040,,,2020-03-15,APPROXIMATE_FIXED_LAG,UNKNOWN,UNKNOWN,data\raw\isyatirim_cache\TKFEN_2019_XI_29.json,satislar;ebitda;op_gelir;net_kar;cfo;fcf;ozkaynaklar;toplam_borc;net_borc;nakit;toplam_aktif,toplam_borc;net_borc;ebitda;ihracat_orani;piyasa_degeri;pb;roe;roa;ev;ev_ebitda;fcf_verim
TKFEN.IS,2020Q1,2020-03-31,XI_29,isyatirim_pit,,,2026-09-07T22:37:21.759497881,,,2020-05-15,APPROXIMATE_FIXED_LAG,UNKNOWN,UNKNOWN,data\raw\isyatirim_cache\TKFEN_2020_XI_29.json,satislar;ebitda;op_gelir;net_kar;cfo;fcf;ozkaynaklar;toplam_borc;net_borc;nakit;toplam_aktif,toplam_borc;net_borc;ebitda;ihracat_orani;piyasa_degeri;pb;roe;roa;ev;ev_ebitda;fcf_verim
TKFEN.IS,2020Q2,2020-06-30,XI_29,isyatirim_pit,,,2026-09-07T22:37:21.759497881,,,2020-08-15,APPROXIMATE_FIXED_LAG,UNKNOWN,UNKNOWN,data\raw\isyatirim_cache\TKFEN_2020_XI_29.json,satislar;ebitda;op_gelir;net_kar;cfo;fcf;ozkaynaklar;toplam_borc;net_borc;nakit;toplam_aktif,toplam_borc;net_borc;ebitda;ihracat_orani;piyasa_degeri;pb;roe;roa;ev;ev_ebitda;fcf_verim
TKFEN.IS,2020Q3,2020-09-30,XI_29,isyatirim_pit,,,2026-09-07T22:37:21.759497881,,,2020-11-15,APPROXIMATE_FIXED_LAG,UNKNOWN,UNKNOWN,data\raw\isyatirim_cache\TKFEN_2020_XI_29.json,satislar;ebitda;op_gelir;net_kar;cfo;fcf;ozkaynaklar;toplam_borc;net_borc;nakit;toplam_aktif,toplam_borc;net_borc;ebitda;ihracat_orani;piyasa_degeri;pb;roe;roa;ev;ev_ebitda;fcf_verim
TKFEN.IS,2020Q4,2020-12-31,XI_29,isyatirim_pit,,,2026-09-07T22:37:21.759497881,,,2021-03-15,APPROXIMATE_FIXED_LAG,UNKNOWN,UNKNOWN,data\raw\isyatirim_cache\TKFEN_2020_XI_29.json,satislar;ebitda;op_gelir;net_kar;cfo;fcf;ozkaynaklar;toplam_borc;net_borc;nakit;toplam_aktif,toplam_borc;net_borc;ebitda;ihracat_orani;piyasa_degeri;pb;roe;roa;ev;ev_ebitda;fcf_verim
TKFEN.IS,2021Q1,2021-03-31,XI_29,isyatirim_pit,,,2026-09-07T22:37:21.913745880,,,2021-05-15,APPROXIMATE_FIXED_LAG,UNKNOWN,UNKNOWN,data\raw\isyatirim_cache\TKFEN_2021_XI_29.json,satislar;ebitda;op_gelir;net_kar;cfo;fcf;ozkaynaklar;toplam_borc;net_borc;nakit;toplam_aktif,toplam_borc;net_borc;ebitda;ihracat_orani;piyasa_degeri;pb;roe;roa;ev;ev_ebitda;fcf_verim
TKFEN.IS,2021Q2,2021-06-30,XI_29,isyatirim_pit,,,2026-09-07T22:37:21.913745880,,,2021-08-15,APPROXIMATE_FIXED_LAG,UNKNOWN,UNKNOWN,data\raw\isyatirim_cache\TKFEN_2021_XI_29.json,satislar;ebitda;op_gelir;net_kar;cfo;fcf;ozkaynaklar;toplam_borc;net_borc;nakit;toplam_aktif,toplam_borc;net_borc;ebitda;ihracat_orani;piyasa_degeri;pb;roe;roa;ev;ev_ebitda;fcf_verim
TKFEN.IS,2021Q3,2021-09-30,XI_29,isyatirim_pit,,,2026-09-07T22:37:21.913745880,,,2021-11-15,APPROXIMATE_FIXED_LAG,UNKNOWN,UNKNOWN,data\raw\isyatirim_cache\TKFEN_2021_XI_29.json,satislar;ebitda;op_gelir;net_kar;cfo;fcf;ozkaynaklar;toplam_borc;net_borc;nakit;toplam_aktif,toplam_borc;net_borc;ebitda;ihracat_orani;piyasa_degeri;pb;roe;roa;ev;ev_ebitda;fcf_verim
TKFEN.IS,2021Q4,2021-12-31,XI_29,isyatirim_pit,,,2026-09-07T22:37:21.913745880,,,2022-03-15,APPROXIMATE_FIXED_LAG,UNKNOWN,UNKNOWN,data\raw\isyatirim_cache\TKFEN_2021_XI_29.json,satislar;ebitda;op_gelir;net_kar;cfo;fcf;ozkaynaklar;toplam_borc;net_borc;nakit;toplam_aktif,toplam_borc;net_borc;ebitda;ihracat_orani;piyasa_degeri;pb;roe;roa;ev;ev_ebitda;fcf_verim
TKFEN.IS,2022Q1,2022-03-31,XI_29,isyatirim_pit,,,2026-09-07T22:37:22.175866365,,,2022-05-15,APPROXIMATE_FIXED_LAG,UNKNOWN,UNKNOWN,data\raw\isyatirim_cache\TKFEN_2022_XI_29.json,satislar;ebitda;op_gelir;net_kar;cfo;fcf;ozkaynaklar;toplam_borc;net_borc;nakit;toplam_aktif,toplam_borc;net_borc;ebitda;ihracat_orani;piyasa_degeri;pb;roe;roa;ev;ev_ebitda;fcf_verim
TKFEN.IS,2022Q2,2022-06-30,XI_29,isyatirim_pit,,,2026-09-07T22:37:22.175866365,,,2022-08-15,APPROXIMATE_FIXED_LAG,UNKNOWN,UNKNOWN,data\raw\isyatirim_cache\TKFEN_2022_XI_29.json,satislar;ebitda;op_gelir;net_kar;cfo;fcf;ozkaynaklar;toplam_borc;net_borc;nakit;toplam_aktif,toplam_borc;net_borc;ebitda;ihracat_orani;piyasa_degeri;pb;roe;roa;ev;ev_ebitda;fcf_verim
TKFEN.IS,2022Q3,2022-09-30,XI_29,isyatirim_pit,,,2026-09-07T22:37:22.175866365,,,2022-11-15,APPROXIMATE_FIXED_LAG,UNKNOWN,UNKNOWN,data\raw\isyatirim_cache\TKFEN_2022_XI_29.json,satislar;ebitda;op_gelir;net_kar;cfo;fcf;ozkaynaklar;toplam_borc;net_borc;nakit;toplam_aktif,toplam_borc;net_borc;ebitda;ihracat_orani;piyasa_degeri;pb;roe;roa;ev;ev_ebitda;fcf_verim
TKFEN.IS,2022Q4,2022-12-31,XI_29,isyatirim_pit,,,2026-09-07T22:37:22.175866365,,,2023-03-15,APPROXIMATE_FIXED_LAG,UNKNOWN,UNKNOWN,data\raw\isyatirim_cache\TKFEN_2022_XI_29.json,satislar;ebitda;op_gelir;net_kar;cfo;fcf;ozkaynaklar;toplam_borc;net_borc;nakit;toplam_aktif,toplam_borc;net_borc;ebitda;ihracat_orani;piyasa_degeri;pb;roe;roa;ev;ev_ebitda;fcf_verim
TKFEN.IS,2023Q1,2023-03-31,XI_29,isyatirim_pit,,,2026-09-07T22:37:22.302881241,,,2023-05-15,APPROXIMATE_FIXED_LAG,UNKNOWN,UNKNOWN,data\raw\isyatirim_cache\TKFEN_2023_XI_29.json,satislar;ebitda;op_gelir;net_kar;cfo;fcf;ozkaynaklar;toplam_borc;net_borc;nakit;toplam_aktif,toplam_borc;net_borc;ebitda;ihracat_orani;piyasa_degeri;pb;roe;roa;ev;ev_ebitda;fcf_verim
TKFEN.IS,2023Q2,2023-06-30,XI_29,isyatirim_pit,,,2026-09-07T22:37:22.302881241,,,2023-08-15,APPROXIMATE_FIXED_LAG,UNKNOWN,UNKNOWN,data\raw\isyatirim_cache\TKFEN_2023_XI_29.json,satislar;ebitda;op_gelir;net_kar;cfo;fcf;ozkaynaklar;toplam_borc;net_borc;nakit;toplam_aktif,toplam_borc;net_borc;ebitda;ihracat_orani;piyasa_degeri;pb;roe;roa;ev;ev_ebitda;fcf_verim
TKFEN.IS,2023Q3,2023-09-30,XI_29,isyatirim_pit,,,2026-09-07T22:37:22.302881241,,,2023-11-15,APPROXIMATE_FIXED_LAG,UNKNOWN,UNKNOWN,data\raw\isyatirim_cache\TKFEN_2023_XI_29.json,satislar;ebitda;op_gelir;net_kar;cfo;fcf;ozkaynaklar;toplam_borc;net_borc;nakit;toplam_aktif,toplam_borc;net_borc;ebitda;ihracat_orani;piyasa_degeri;pb;roe;roa;ev;ev_ebitda;fcf_verim
TKFEN.IS,2023Q4,2023-12-31,XI_29,isyatirim_pit,,,2026-09-07T22:37:22.302881241,,,2024-03-15,APPROXIMATE_FIXED_LAG,UNKNOWN,UNKNOWN,data\raw\isyatirim_cache\TKFEN_2023_XI_29.json,satislar;ebitda;op_gelir;net_kar;cfo;fcf;ozkaynaklar;toplam_borc;net_borc;nakit;toplam_aktif,toplam_borc;net_borc;ebitda;ihracat_orani;piyasa_degeri;pb;roe;roa;ev;ev_ebitda;fcf_verim
TKFEN.IS,2024Q1,2024-03-31,XI_29,isyatirim_pit,,,2026-09-07T22:37:22.405002594,,,2024-05-15,APPROXIMATE_FIXED_LAG,UNKNOWN,UNKNOWN,data\raw\isyatirim_cache\TKFEN_2024_XI_29.json,satislar;ebitda;op_gelir;net_kar;cfo;fcf;ozkaynaklar;toplam_borc;net_borc;nakit;toplam_aktif,toplam_borc;net_borc;ebitda;ihracat_orani;piyasa_degeri;pb;roe;roa;ev;ev_ebitda;fcf_verim
TKFEN.IS,2024Q2,2024-06-30,XI_29,isyatirim_pit,,,2026-09-07T22:37:22.405002594,,,2024-08-15,APPROXIMATE_FIXED_LAG,UNKNOWN,UNKNOWN,data\raw\isyatirim_cache\TKFEN_2024_XI_29.json,satislar;ebitda;op_gelir;net_kar;cfo;fcf;ozkaynaklar;toplam_borc;net_borc;nakit;toplam_aktif,toplam_borc;net_borc;ebitda;ihracat_orani;piyasa_degeri;pb;roe;roa;ev;ev_ebitda;fcf_verim
TKFEN.IS,2024Q3,2024-09-30,XI_29,isyatirim_pit,,,2026-09-07T22:37:22.405002594,,,2024-11-15,APPROXIMATE_FIXED_LAG,UNKNOWN,UNKNOWN,data\raw\isyatirim_cache\TKFEN_2024_XI_29.json,satislar;ebitda;op_gelir;net_kar;cfo;fcf;ozkaynaklar;toplam_borc;net_borc;nakit;toplam_aktif,toplam_borc;net_borc;ebitda;ihracat_orani;piyasa_degeri;pb;roe;roa;ev;ev_ebitda;fcf_verim
TKFEN.IS,2024Q4,2024-12-31,XI_29,isyatirim_pit,,,2026-09-07T22:37:22.405002594,,,2025-03-15,APPROXIMATE_FIXED_LAG,UNKNOWN,UNKNOWN,data\raw\isyatirim_cache\TKFEN_2024_XI_29.json,satislar;ebitda;op_gelir;net_kar;cfo;fcf;ozkaynaklar;toplam_borc;net_borc;nakit;toplam_aktif,toplam_borc;net_borc;ebitda;ihracat_orani;piyasa_degeri;pb;roe;roa;ev;ev_ebitda;fcf_verim
TKFEN.IS,2025Q1,2025-03-31,XI_29,isyatirim_pit,,,2026-09-07T22:37:22.565472126,,,2025-05-15,APPROXIMATE_FIXED_LAG,UNKNOWN,UNKNOWN,data\raw\isyatirim_cache\TKFEN_2025_XI_29.json,satislar;ebitda;op_gelir;net_kar;cfo;fcf;ozkaynaklar;toplam_borc;net_borc;nakit;toplam_aktif,toplam_borc;net_borc;ebitda;ihracat_orani;piyasa_degeri;pb;roe;roa;ev;ev_ebitda;fcf_verim
TKFEN.IS,2025Q2,2025-06-30,XI_29,isyatirim_pit,,,2026-09-07T22:37:22.565472126,,,2025-08-15,APPROXIMATE_FIXED_LAG,UNKNOWN,UNKNOWN,data\raw\isyatirim_cache\TKFEN_2025_XI_29.json,satislar;ebitda;op_gelir;net_kar;cfo;fcf;ozkaynaklar;toplam_borc;net_borc;nakit;toplam_aktif,toplam_borc;net_borc;ebitda;ihracat_orani;piyasa_degeri;pb;roe;roa;ev;ev_ebitda;fcf_verim
TKFEN.IS,2025Q3,2025-09-30,XI_29,isyatirim_pit,,,2026-09-07T22:37:22.565472126,,,2025-11-15,APPROXIMATE_FIXED_LAG,UNKNOWN,UNKNOWN,data\raw\isyatirim_cache\TKFEN_2025_XI_29.json,satislar;ebitda;op_gelir;net_kar;cfo;fcf;ozkaynaklar;toplam_borc;net_borc;nakit;toplam_aktif,toplam_borc;net_borc;ebitda;ihracat_orani;piyasa_degeri;pb;roe;roa;ev;ev_ebitda;fcf_verim
TKFEN.IS,2025Q4,2025-12-31,XI_29,isyatirim_pit,,,2026-09-07T22:37:22.565472126,,,2026-03-15,APPROXIMATE_FIXED_LAG,UNKNOWN,UNKNOWN,data\raw\isyatirim_cache\TKFEN_2025_XI_29.json,satislar;ebitda;op_gelir;net_kar;cfo;fcf;ozkaynaklar;toplam_borc;net_borc;nakit;toplam_aktif,toplam_borc;net_borc;ebitda;ihracat_orani;piyasa_degeri;pb;roe;roa;ev;ev_ebitda;fcf_verim
TKFEN.IS,2026Q1,2026-03-31,XI_29,isyatirim_pit,,,2026-09-07T22:37:22.724518299,,,2026-05-15,APPROXIMATE_FIXED_LAG,UNKNOWN,UNKNOWN,data\raw\isyatirim_cache\TKFEN_2026_XI_29.json,satislar;ebitda;op_gelir;net_kar;cfo;fcf;ozkaynaklar;toplam_borc;net_borc;nakit;toplam_aktif,toplam_borc;net_borc;ebitda;ihracat_orani;piyasa_degeri;pb;roe;roa;ev;ev_ebitda;fcf_verim
TOASO.IS,2018Q1,2018-03-31,XI_29,isyatirim_pit,,,2026-09-07T22:37:01.110929728,,,2018-05-15,APPROXIMATE_FIXED_LAG,UNKNOWN,UNKNOWN,data\raw\isyatirim_cache\TOASO_2018_XI_29.json,satislar;ebitda;op_gelir;net_kar;cfo;fcf;ozkaynaklar;toplam_borc;net_borc;nakit;toplam_aktif,toplam_borc;net_borc;ebitda;ihracat_orani;piyasa_degeri;pb;roe;roa;ev;ev_ebitda;fcf_verim
TOASO.IS,2018Q2,2018-06-30,XI_29,isyatirim_pit,,,2026-09-07T22:37:01.110929728,,,2018-08-15,APPROXIMATE_FIXED_LAG,UNKNOWN,UNKNOWN,data\raw\isyatirim_cache\TOASO_2018_XI_29.json,satislar;ebitda;op_gelir;net_kar;cfo;fcf;ozkaynaklar;toplam_borc;net_borc;nakit;toplam_aktif,toplam_borc;net_borc;ebitda;ihracat_orani;piyasa_degeri;pb;roe;roa;ev;ev_ebitda;fcf_verim
TOASO.IS,2018Q3,2018-09-30,XI_29,isyatirim_pit,,,2026-09-07T22:37:01.110929728,,,2018-11-15,APPROXIMATE_FIXED_LAG,UNKNOWN,UNKNOWN,data\raw\isyatirim_cache\TOASO_2018_XI_29.json,satislar;ebitda;op_gelir;net_kar;cfo;fcf;ozkaynaklar;toplam_borc;net_borc;nakit;toplam_aktif,toplam_borc;net_borc;ebitda;ihracat_orani;piyasa_degeri;pb;roe;roa;ev;ev_ebitda;fcf_verim
TOASO.IS,2018Q4,2018-12-31,XI_29,isyatirim_pit,,,2026-09-07T22:37:01.110929728,,,2019-03-15,APPROXIMATE_FIXED_LAG,UNKNOWN,UNKNOWN,data\raw\isyatirim_cache\TOASO_2018_XI_29.json,satislar;ebitda;op_gelir;net_kar;cfo;fcf;ozkaynaklar;toplam_borc;net_borc;nakit;toplam_aktif,toplam_borc;net_borc;ebitda;ihracat_orani;piyasa_degeri;pb;roe;roa;ev;ev_ebitda;fcf_verim
TOASO.IS,2019Q1,2019-03-31,XI_29,isyatirim_pit,,,2026-09-07T22:37:01.252321242,,,2019-05-15,APPROXIMATE_FIXED_LAG,UNKNOWN,UNKNOWN,data\raw\isyatirim_cache\TOASO_2019_XI_29.json,satislar;ebitda;op_gelir;net_kar;cfo;fcf;ozkaynaklar;toplam_borc;net_borc;nakit;toplam_aktif,toplam_borc;net_borc;ebitda;ihracat_orani;piyasa_degeri;pb;roe;roa;ev;ev_ebitda;fcf_verim
TOASO.IS,2019Q2,2019-06-30,XI_29,isyatirim_pit,,,2026-09-07T22:37:01.252321242,,,2019-08-15,APPROXIMATE_FIXED_LAG,UNKNOWN,UNKNOWN,data\raw\isyatirim_cache\TOASO_2019_XI_29.json,satislar;ebitda;op_gelir;net_kar;cfo;fcf;ozkaynaklar;toplam_borc;net_borc;nakit;toplam_aktif,toplam_borc;net_borc;ebitda;ihracat_orani;piyasa_degeri;pb;roe;roa;ev;ev_ebitda;fcf_verim
TOASO.IS,2019Q3,2019-09-30,XI_29,isyatirim_pit,,,2026-09-07T22:37:01.252321242,,,2019-11-15,APPROXIMATE_FIXED_LAG,UNKNOWN,UNKNOWN,data\raw\isyatirim_cache\TOASO_2019_XI_29.json,satislar;ebitda;op_gelir;net_kar;cfo;fcf;ozkaynaklar;toplam_borc;net_borc;nakit;toplam_aktif,toplam_borc;net_borc;ebitda;ihracat_orani;piyasa_degeri;pb;roe;roa;ev;ev_ebitda;fcf_verim
TOASO.IS,2019Q4,2019-12-31,XI_29,isyatirim_pit,,,2026-09-07T22:37:01.252321242,,,2020-03-15,APPROXIMATE_FIXED_LAG,UNKNOWN,UNKNOWN,data\raw\isyatirim_cache\TOASO_2019_XI_29.json,satislar;ebitda;op_gelir;net_kar;cfo;fcf;ozkaynaklar;toplam_borc;net_borc;nakit;toplam_aktif,toplam_borc;net_borc;ebitda;ihracat_orani;piyasa_degeri;pb;roe;roa;ev;ev_ebitda;fcf_verim
TOASO.IS,2020Q1,2020-03-31,XI_29,isyatirim_pit,,,2026-09-07T22:37:01.384698868,,,2020-05-15,APPROXIMATE_FIXED_LAG,UNKNOWN,UNKNOWN,data\raw\isyatirim_cache\TOASO_2020_XI_29.json,satislar;ebitda;op_gelir;net_kar;cfo;fcf;ozkaynaklar;toplam_borc;net_borc;nakit;toplam_aktif,toplam_borc;net_borc;ebitda;ihracat_orani;piyasa_degeri;pb;roe;roa;ev;ev_ebitda;fcf_verim
TOASO.IS,2020Q2,2020-06-30,XI_29,isyatirim_pit,,,2026-09-07T22:37:01.384698868,,,2020-08-15,APPROXIMATE_FIXED_LAG,UNKNOWN,UNKNOWN,data\raw\isyatirim_cache\TOASO_2020_XI_29.json,satislar;ebitda;op_gelir;net_kar;cfo;fcf;ozkaynaklar;toplam_borc;net_borc;nakit;toplam_aktif,toplam_borc;net_borc;ebitda;ihracat_orani;piyasa_degeri;pb;roe;roa;ev;ev_ebitda;fcf_verim
TOASO.IS,2020Q3,2020-09-30,XI_29,isyatirim_pit,,,2026-09-07T22:37:01.384698868,,,2020-11-15,APPROXIMATE_FIXED_LAG,UNKNOWN,UNKNOWN,data\raw\isyatirim_cache\TOASO_2020_XI_29.json,satislar;ebitda;op_gelir;net_kar;cfo;fcf;ozkaynaklar;toplam_borc;net_borc;nakit;toplam_aktif,toplam_borc;net_borc;ebitda;ihracat_orani;piyasa_degeri;pb;roe;roa;ev;ev_ebitda;fcf_verim
TOASO.IS,2020Q4,2020-12-31,XI_29,isyatirim_pit,,,2026-09-07T22:37:01.384698868,,,2021-03-15,APPROXIMATE_FIXED_LAG,UNKNOWN,UNKNOWN,data\raw\isyatirim_cache\TOASO_2020_XI_29.json,satislar;ebitda;op_gelir;net_kar;cfo;fcf;ozkaynaklar;toplam_borc;net_borc;nakit;toplam_aktif,toplam_borc;net_borc;ebitda;ihracat_orani;piyasa_degeri;pb;roe;roa;ev;ev_ebitda;fcf_verim
TOASO.IS,2021Q1,2021-03-31,XI_29,isyatirim_pit,,,2026-09-07T22:37:01.512402058,,,2021-05-15,APPROXIMATE_FIXED_LAG,UNKNOWN,UNKNOWN,data\raw\isyatirim_cache\TOASO_2021_XI_29.json,satislar;ebitda;op_gelir;net_kar;cfo;fcf;ozkaynaklar;toplam_borc;net_borc;nakit;toplam_aktif,toplam_borc;net_borc;ebitda;ihracat_orani;piyasa_degeri;pb;roe;roa;ev;ev_ebitda;fcf_verim
TOASO.IS,2021Q2,2021-06-30,XI_29,isyatirim_pit,,,2026-09-07T22:37:01.512402058,,,2021-08-15,APPROXIMATE_FIXED_LAG,UNKNOWN,UNKNOWN,data\raw\isyatirim_cache\TOASO_2021_XI_29.json,satislar;ebitda;op_gelir;net_kar;cfo;fcf;ozkaynaklar;toplam_borc;net_borc;nakit;toplam_aktif,toplam_borc;net_borc;ebitda;ihracat_orani;piyasa_degeri;pb;roe;roa;ev;ev_ebitda;fcf_verim
TOASO.IS,2021Q3,2021-09-30,XI_29,isyatirim_pit,,,2026-09-07T22:37:01.512402058,,,2021-11-15,APPROXIMATE_FIXED_LAG,UNKNOWN,UNKNOWN,data\raw\isyatirim_cache\TOASO_2021_XI_29.json,satislar;ebitda;op_gelir;net_kar;cfo;fcf;ozkaynaklar;toplam_borc;net_borc;nakit;toplam_aktif,toplam_borc;net_borc;ebitda;ihracat_orani;piyasa_degeri;pb;roe;roa;ev;ev_ebitda;fcf_verim
TOASO.IS,2021Q4,2021-12-31,XI_29,isyatirim_pit,,,2026-09-07T22:37:01.512402058,,,2022-03-15,APPROXIMATE_FIXED_LAG,UNKNOWN,UNKNOWN,data\raw\isyatirim_cache\TOASO_2021_XI_29.json,satislar;ebitda;op_gelir;net_kar;cfo;fcf;ozkaynaklar;toplam_borc;net_borc;nakit;toplam_aktif,toplam_borc;net_borc;ebitda;ihracat_orani;piyasa_degeri;pb;roe;roa;ev;ev_ebitda;fcf_verim
TOASO.IS,2022Q1,2022-03-31,XI_29,isyatirim_pit,,,2026-09-07T22:37:01.668704987,,,2022-05-15,APPROXIMATE_FIXED_LAG,UNKNOWN,UNKNOWN,data\raw\isyatirim_cache\TOASO_2022_XI_29.json,satislar;ebitda;op_gelir;net_kar;cfo;fcf;ozkaynaklar;toplam_borc;net_borc;nakit;toplam_aktif,toplam_borc;net_borc;ebitda;ihracat_orani;piyasa_degeri;pb;roe;roa;ev;ev_ebitda;fcf_verim
TOASO.IS,2022Q2,2022-06-30,XI_29,isyatirim_pit,,,2026-09-07T22:37:01.668704987,,,2022-08-15,APPROXIMATE_FIXED_LAG,UNKNOWN,UNKNOWN,data\raw\isyatirim_cache\TOASO_2022_XI_29.json,satislar;ebitda;op_gelir;net_kar;cfo;fcf;ozkaynaklar;toplam_borc;net_borc;nakit;toplam_aktif,toplam_borc;net_borc;ebitda;ihracat_orani;piyasa_degeri;pb;roe;roa;ev;ev_ebitda;fcf_verim
TOASO.IS,2022Q3,2022-09-30,XI_29,isyatirim_pit,,,2026-09-07T22:37:01.668704987,,,2022-11-15,APPROXIMATE_FIXED_LAG,UNKNOWN,UNKNOWN,data\raw\isyatirim_cache\TOASO_2022_XI_29.json,satislar;ebitda;op_gelir;net_kar;cfo;fcf;ozkaynaklar;toplam_borc;net_borc;nakit;toplam_aktif,toplam_borc;net_borc;ebitda;ihracat_orani;piyasa_degeri;pb;roe;roa;ev;ev_ebitda;fcf_verim
TOASO.IS,2022Q4,2022-12-31,XI_29,isyatirim_pit,,,2026-09-07T22:37:01.668704987,,,2023-03-15,APPROXIMATE_FIXED_LAG,UNKNOWN,UNKNOWN,data\raw\isyatirim_cache\TOASO_2022_XI_29.json,satislar;ebitda;op_gelir;net_kar;cfo;fcf;ozkaynaklar;toplam_borc;net_borc;nakit;toplam_aktif,toplam_borc;net_borc;ebitda;ihracat_orani;piyasa_degeri;pb;roe;roa;ev;ev_ebitda;fcf_verim
TOASO.IS,2023Q1,2023-03-31,XI_29,isyatirim_pit,,,2026-09-07T22:37:01.808394194,,,2023-05-15,APPROXIMATE_FIXED_LAG,UNKNOWN,UNKNOWN,data\raw\isyatirim_cache\TOASO_2023_XI_29.json,satislar;ebitda;op_gelir;net_kar;cfo;fcf;ozkaynaklar;toplam_borc;net_borc;nakit;toplam_aktif,toplam_borc;net_borc;ebitda;ihracat_orani;piyasa_degeri;pb;roe;roa;ev;ev_ebitda;fcf_verim
TOASO.IS,2023Q2,2023-06-30,XI_29,isyatirim_pit,,,2026-09-07T22:37:01.808394194,,,2023-08-15,APPROXIMATE_FIXED_LAG,UNKNOWN,UNKNOWN,data\raw\isyatirim_cache\TOASO_2023_XI_29.json,satislar;ebitda;op_gelir;net_kar;cfo;fcf;ozkaynaklar;toplam_borc;net_borc;nakit;toplam_aktif,toplam_borc;net_borc;ebitda;ihracat_orani;piyasa_degeri;pb;roe;roa;ev;ev_ebitda;fcf_verim
TOASO.IS,2023Q3,2023-09-30,XI_29,isyatirim_pit,,,2026-09-07T22:37:01.808394194,,,2023-11-15,APPROXIMATE_FIXED_LAG,UNKNOWN,UNKNOWN,data\raw\isyatirim_cache\TOASO_2023_XI_29.json,satislar;ebitda;op_gelir;net_kar;cfo;fcf;ozkaynaklar;toplam_borc;net_borc;nakit;toplam_aktif,toplam_borc;net_borc;ebitda;ihracat_orani;piyasa_degeri;pb;roe;roa;ev;ev_ebitda;fcf_verim
TOASO.IS,2023Q4,2023-12-31,XI_29,isyatirim_pit,,,2026-09-07T22:37:01.808394194,,,2024-03-15,APPROXIMATE_FIXED_LAG,UNKNOWN,UNKNOWN,data\raw\isyatirim_cache\TOASO_2023_XI_29.json,satislar;ebitda;op_gelir;net_kar;cfo;fcf;ozkaynaklar;toplam_borc;net_borc;nakit;toplam_aktif,toplam_borc;net_borc;ebitda;ihracat_orani;piyasa_degeri;pb;roe;roa;ev;ev_ebitda;fcf_verim
TOASO.IS,2024Q1,2024-03-31,XI_29,isyatirim_pit,,,2026-09-07T22:37:01.893918276,,,2024-05-15,APPROXIMATE_FIXED_LAG,UNKNOWN,UNKNOWN,data\raw\isyatirim_cache\TOASO_2024_XI_29.json,satislar;ebitda;op_gelir;net_kar;cfo;fcf;ozkaynaklar;toplam_borc;net_borc;nakit;toplam_aktif,toplam_borc;net_borc;ebitda;ihracat_orani;piyasa_degeri;pb;roe;roa;ev;ev_ebitda;fcf_verim
TOASO.IS,2024Q2,2024-06-30,XI_29,isyatirim_pit,,,2026-09-07T22:37:01.893918276,,,2024-08-15,APPROXIMATE_FIXED_LAG,UNKNOWN,UNKNOWN,data\raw\isyatirim_cache\TOASO_2024_XI_29.json,satislar;ebitda;op_gelir;net_kar;cfo;fcf;ozkaynaklar;toplam_borc;net_borc;nakit;toplam_aktif,toplam_borc;net_borc;ebitda;ihracat_orani;piyasa_degeri;pb;roe;roa;ev;ev_ebitda;fcf_verim
TOASO.IS,2024Q3,2024-09-30,XI_29,isyatirim_pit,,,2026-09-07T22:37:01.893918276,,,2024-11-15,APPROXIMATE_FIXED_LAG,UNKNOWN,UNKNOWN,data\raw\isyatirim_cache\TOASO_2024_XI_29.json,satislar;ebitda;op_gelir;net_kar;cfo;fcf;ozkaynaklar;toplam_borc;net_borc;nakit;toplam_aktif,toplam_borc;net_borc;ebitda;ihracat_orani;piyasa_degeri;pb;roe;roa;ev;ev_ebitda;fcf_verim
TOASO.IS,2024Q4,2024-12-31,XI_29,isyatirim_pit,,,2026-09-07T22:37:01.893918276,,,2025-03-15,APPROXIMATE_FIXED_LAG,UNKNOWN,UNKNOWN,data\raw\isyatirim_cache\TOASO_2024_XI_29.json,satislar;ebitda;op_gelir;net_kar;cfo;fcf;ozkaynaklar;toplam_borc;net_borc;nakit;toplam_aktif,toplam_borc;net_borc;ebitda;ihracat_orani;piyasa_degeri;pb;roe;roa;ev;ev_ebitda;fcf_verim
TOASO.IS,2025Q1,2025-03-31,XI_29,isyatirim_pit,,,2026-09-07T22:37:02.077409506,,,2025-05-15,APPROXIMATE_FIXED_LAG,UNKNOWN,UNKNOWN,data\raw\isyatirim_cache\TOASO_2025_XI_29.json,satislar;ebitda;op_gelir;net_kar;cfo;fcf;ozkaynaklar;toplam_borc;net_borc;nakit;toplam_aktif,toplam_borc;net_borc;ebitda;ihracat_orani;piyasa_degeri;pb;roe;roa;ev;ev_ebitda;fcf_verim
TOASO.IS,2025Q2,2025-06-30,XI_29,isyatirim_pit,,,2026-09-07T22:37:02.077409506,,,2025-08-15,APPROXIMATE_FIXED_LAG,UNKNOWN,UNKNOWN,data\raw\isyatirim_cache\TOASO_2025_XI_29.json,satislar;ebitda;op_gelir;net_kar;cfo;fcf;ozkaynaklar;toplam_borc;net_borc;nakit;toplam_aktif,toplam_borc;net_borc;ebitda;ihracat_orani;piyasa_degeri;pb;roe;roa;ev;ev_ebitda;fcf_verim
TOASO.IS,2025Q3,2025-09-30,XI_29,isyatirim_pit,,,2026-09-07T22:37:02.077409506,,,2025-11-15,APPROXIMATE_FIXED_LAG,UNKNOWN,UNKNOWN,data\raw\isyatirim_cache\TOASO_2025_XI_29.json,satislar;ebitda;op_gelir;net_kar;cfo;fcf;ozkaynaklar;toplam_borc;net_borc;nakit;toplam_aktif,toplam_borc;net_borc;ebitda;ihracat_orani;piyasa_degeri;pb;roe;roa;ev;ev_ebitda;fcf_verim
TOASO.IS,2025Q4,2025-12-31,XI_29,isyatirim_pit,,,2026-09-07T22:37:02.077409506,,,2026-03-15,APPROXIMATE_FIXED_LAG,UNKNOWN,UNKNOWN,data\raw\isyatirim_cache\TOASO_2025_XI_29.json,satislar;ebitda;op_gelir;net_kar;cfo;fcf;ozkaynaklar;toplam_borc;net_borc;nakit;toplam_aktif,toplam_borc;net_borc;ebitda;ihracat_orani;piyasa_degeri;pb;roe;roa;ev;ev_ebitda;fcf_verim
TOASO.IS,2026Q1,2026-03-31,XI_29,isyatirim_pit,,,2026-09-07T22:37:02.210676908,,,2026-05-15,APPROXIMATE_FIXED_LAG,UNKNOWN,UNKNOWN,data\raw\isyatirim_cache\TOASO_2026_XI_29.json,satislar;ebitda;op_gelir;net_kar;cfo;fcf;ozkaynaklar;toplam_borc;net_borc;nakit;toplam_aktif,toplam_borc;net_borc;ebitda;ihracat_orani;piyasa_degeri;pb;roe;roa;ev;ev_ebitda;fcf_verim
TOASO.IS,2026Q2,2026-06-30,XI_29,isyatirim_pit,,,2026-09-07T22:37:02.210676908,,,2026-08-15,APPROXIMATE_FIXED_LAG,UNKNOWN,UNKNOWN,data\raw\isyatirim_cache\TOASO_2026_XI_29.json,satislar;ebitda;op_gelir;net_kar;cfo;fcf;ozkaynaklar;toplam_borc;net_borc;nakit;toplam_aktif,toplam_borc;net_borc;ebitda;ihracat_orani;piyasa_degeri;pb;roe;roa;ev;ev_ebitda;fcf_verim
TRGYO.IS,2018Q1,2018-03-31,XI_29,isyatirim_pit,,,2026-09-07T22:37:19.583239317,,,2018-05-15,APPROXIMATE_FIXED_LAG,UNKNOWN,UNKNOWN,data\raw\isyatirim_cache\TRGYO_2018_XI_29.json,satislar;ebitda;op_gelir;net_kar;cfo;fcf;ozkaynaklar;toplam_borc;net_borc;nakit;toplam_aktif,toplam_borc;net_borc;ebitda;ihracat_orani;piyasa_degeri;pb;roe;roa;ev;ev_ebitda;fcf_verim
TRGYO.IS,2018Q2,2018-06-30,XI_29,isyatirim_pit,,,2026-09-07T22:37:19.583239317,,,2018-08-15,APPROXIMATE_FIXED_LAG,UNKNOWN,UNKNOWN,data\raw\isyatirim_cache\TRGYO_2018_XI_29.json,satislar;ebitda;op_gelir;net_kar;cfo;fcf;ozkaynaklar;toplam_borc;net_borc;nakit;toplam_aktif,toplam_borc;net_borc;ebitda;ihracat_orani;piyasa_degeri;pb;roe;roa;ev;ev_ebitda;fcf_verim
TRGYO.IS,2018Q3,2018-09-30,XI_29,isyatirim_pit,,,2026-09-07T22:37:19.583239317,,,2018-11-15,APPROXIMATE_FIXED_LAG,UNKNOWN,UNKNOWN,data\raw\isyatirim_cache\TRGYO_2018_XI_29.json,satislar;ebitda;op_gelir;net_kar;cfo;fcf;ozkaynaklar;toplam_borc;net_borc;nakit;toplam_aktif,toplam_borc;net_borc;ebitda;ihracat_orani;piyasa_degeri;pb;roe;roa;ev;ev_ebitda;fcf_verim
TRGYO.IS,2018Q4,2018-12-31,XI_29,isyatirim_pit,,,2026-09-07T22:37:19.583239317,,,2019-03-15,APPROXIMATE_FIXED_LAG,UNKNOWN,UNKNOWN,data\raw\isyatirim_cache\TRGYO_2018_XI_29.json,satislar;ebitda;op_gelir;net_kar;cfo;fcf;ozkaynaklar;toplam_borc;net_borc;nakit;toplam_aktif,toplam_borc;net_borc;ebitda;ihracat_orani;piyasa_degeri;pb;roe;roa;ev;ev_ebitda;fcf_verim
TRGYO.IS,2019Q1,2019-03-31,XI_29,isyatirim_pit,,,2026-09-07T22:37:19.720758200,,,2019-05-15,APPROXIMATE_FIXED_LAG,UNKNOWN,UNKNOWN,data\raw\isyatirim_cache\TRGYO_2019_XI_29.json,satislar;ebitda;op_gelir;net_kar;cfo;fcf;ozkaynaklar;toplam_borc;net_borc;nakit;toplam_aktif,toplam_borc;net_borc;ebitda;ihracat_orani;piyasa_degeri;pb;roe;roa;ev;ev_ebitda;fcf_verim
TRGYO.IS,2019Q2,2019-06-30,XI_29,isyatirim_pit,,,2026-09-07T22:37:19.720758200,,,2019-08-15,APPROXIMATE_FIXED_LAG,UNKNOWN,UNKNOWN,data\raw\isyatirim_cache\TRGYO_2019_XI_29.json,satislar;ebitda;op_gelir;net_kar;cfo;fcf;ozkaynaklar;toplam_borc;net_borc;nakit;toplam_aktif,toplam_borc;net_borc;ebitda;ihracat_orani;piyasa_degeri;pb;roe;roa;ev;ev_ebitda;fcf_verim
TRGYO.IS,2019Q3,2019-09-30,XI_29,isyatirim_pit,,,2026-09-07T22:37:19.720758200,,,2019-11-15,APPROXIMATE_FIXED_LAG,UNKNOWN,UNKNOWN,data\raw\isyatirim_cache\TRGYO_2019_XI_29.json,satislar;ebitda;op_gelir;net_kar;cfo;fcf;ozkaynaklar;toplam_borc;net_borc;nakit;toplam_aktif,toplam_borc;net_borc;ebitda;ihracat_orani;piyasa_degeri;pb;roe;roa;ev;ev_ebitda;fcf_verim
TRGYO.IS,2019Q4,2019-12-31,XI_29,isyatirim_pit,,,2026-09-07T22:37:19.720758200,,,2020-03-15,APPROXIMATE_FIXED_LAG,UNKNOWN,UNKNOWN,data\raw\isyatirim_cache\TRGYO_2019_XI_29.json,satislar;ebitda;op_gelir;net_kar;cfo;fcf;ozkaynaklar;toplam_borc;net_borc;nakit;toplam_aktif,toplam_borc;net_borc;ebitda;ihracat_orani;piyasa_degeri;pb;roe;roa;ev;ev_ebitda;fcf_verim
TRGYO.IS,2020Q1,2020-03-31,XI_29,isyatirim_pit,,,2026-09-07T22:37:19.850808382,,,2020-05-15,APPROXIMATE_FIXED_LAG,UNKNOWN,UNKNOWN,data\raw\isyatirim_cache\TRGYO_2020_XI_29.json,satislar;ebitda;op_gelir;net_kar;cfo;fcf;ozkaynaklar;toplam_borc;net_borc;nakit;toplam_aktif,toplam_borc;net_borc;ebitda;ihracat_orani;piyasa_degeri;pb;roe;roa;ev;ev_ebitda;fcf_verim
TRGYO.IS,2020Q2,2020-06-30,XI_29,isyatirim_pit,,,2026-09-07T22:37:19.850808382,,,2020-08-15,APPROXIMATE_FIXED_LAG,UNKNOWN,UNKNOWN,data\raw\isyatirim_cache\TRGYO_2020_XI_29.json,satislar;ebitda;op_gelir;net_kar;cfo;fcf;ozkaynaklar;toplam_borc;net_borc;nakit;toplam_aktif,toplam_borc;net_borc;ebitda;ihracat_orani;piyasa_degeri;pb;roe;roa;ev;ev_ebitda;fcf_verim
TRGYO.IS,2020Q3,2020-09-30,XI_29,isyatirim_pit,,,2026-09-07T22:37:19.850808382,,,2020-11-15,APPROXIMATE_FIXED_LAG,UNKNOWN,UNKNOWN,data\raw\isyatirim_cache\TRGYO_2020_XI_29.json,satislar;ebitda;op_gelir;net_kar;cfo;fcf;ozkaynaklar;toplam_borc;net_borc;nakit;toplam_aktif,toplam_borc;net_borc;ebitda;ihracat_orani;piyasa_degeri;pb;roe;roa;ev;ev_ebitda;fcf_verim
TRGYO.IS,2020Q4,2020-12-31,XI_29,isyatirim_pit,,,2026-09-07T22:37:19.850808382,,,2021-03-15,APPROXIMATE_FIXED_LAG,UNKNOWN,UNKNOWN,data\raw\isyatirim_cache\TRGYO_2020_XI_29.json,satislar;ebitda;op_gelir;net_kar;cfo;fcf;ozkaynaklar;toplam_borc;net_borc;nakit;toplam_aktif,toplam_borc;net_borc;ebitda;ihracat_orani;piyasa_degeri;pb;roe;roa;ev;ev_ebitda;fcf_verim
TRGYO.IS,2021Q1,2021-03-31,XI_29,isyatirim_pit,,,2026-09-07T22:37:20.047741890,,,2021-05-15,APPROXIMATE_FIXED_LAG,UNKNOWN,UNKNOWN,data\raw\isyatirim_cache\TRGYO_2021_XI_29.json,satislar;ebitda;op_gelir;net_kar;cfo;fcf;ozkaynaklar;toplam_borc;net_borc;nakit;toplam_aktif,toplam_borc;net_borc;ebitda;ihracat_orani;piyasa_degeri;pb;roe;roa;ev;ev_ebitda;fcf_verim
TRGYO.IS,2021Q2,2021-06-30,XI_29,isyatirim_pit,,,2026-09-07T22:37:20.047741890,,,2021-08-15,APPROXIMATE_FIXED_LAG,UNKNOWN,UNKNOWN,data\raw\isyatirim_cache\TRGYO_2021_XI_29.json,satislar;ebitda;op_gelir;net_kar;cfo;fcf;ozkaynaklar;toplam_borc;net_borc;nakit;toplam_aktif,toplam_borc;net_borc;ebitda;ihracat_orani;piyasa_degeri;pb;roe;roa;ev;ev_ebitda;fcf_verim
TRGYO.IS,2021Q3,2021-09-30,XI_29,isyatirim_pit,,,2026-09-07T22:37:20.047741890,,,2021-11-15,APPROXIMATE_FIXED_LAG,UNKNOWN,UNKNOWN,data\raw\isyatirim_cache\TRGYO_2021_XI_29.json,satislar;ebitda;op_gelir;net_kar;cfo;fcf;ozkaynaklar;toplam_borc;net_borc;nakit;toplam_aktif,toplam_borc;net_borc;ebitda;ihracat_orani;piyasa_degeri;pb;roe;roa;ev;ev_ebitda;fcf_verim
TRGYO.IS,2021Q4,2021-12-31,XI_29,isyatirim_pit,,,2026-09-07T22:37:20.047741890,,,2022-03-15,APPROXIMATE_FIXED_LAG,UNKNOWN,UNKNOWN,data\raw\isyatirim_cache\TRGYO_2021_XI_29.json,satislar;ebitda;op_gelir;net_kar;cfo;fcf;ozkaynaklar;toplam_borc;net_borc;nakit;toplam_aktif,toplam_borc;net_borc;ebitda;ihracat_orani;piyasa_degeri;pb;roe;roa;ev;ev_ebitda;fcf_verim
TRGYO.IS,2022Q1,2022-03-31,XI_29,isyatirim_pit,,,2026-09-07T22:37:20.186698914,,,2022-05-15,APPROXIMATE_FIXED_LAG,UNKNOWN,UNKNOWN,data\raw\isyatirim_cache\TRGYO_2022_XI_29.json,satislar;ebitda;op_gelir;net_kar;cfo;fcf;ozkaynaklar;toplam_borc;net_borc;nakit;toplam_aktif,toplam_borc;net_borc;ebitda;ihracat_orani;piyasa_degeri;pb;roe;roa;ev;ev_ebitda;fcf_verim
TRGYO.IS,2022Q2,2022-06-30,XI_29,isyatirim_pit,,,2026-09-07T22:37:20.186698914,,,2022-08-15,APPROXIMATE_FIXED_LAG,UNKNOWN,UNKNOWN,data\raw\isyatirim_cache\TRGYO_2022_XI_29.json,satislar;ebitda;op_gelir;net_kar;cfo;fcf;ozkaynaklar;toplam_borc;net_borc;nakit;toplam_aktif,toplam_borc;net_borc;ebitda;ihracat_orani;piyasa_degeri;pb;roe;roa;ev;ev_ebitda;fcf_verim
TRGYO.IS,2022Q3,2022-09-30,XI_29,isyatirim_pit,,,2026-09-07T22:37:20.186698914,,,2022-11-15,APPROXIMATE_FIXED_LAG,UNKNOWN,UNKNOWN,data\raw\isyatirim_cache\TRGYO_2022_XI_29.json,satislar;ebitda;op_gelir;net_kar;cfo;fcf;ozkaynaklar;toplam_borc;net_borc;nakit;toplam_aktif,toplam_borc;net_borc;ebitda;ihracat_orani;piyasa_degeri;pb;roe;roa;ev;ev_ebitda;fcf_verim
TRGYO.IS,2022Q4,2022-12-31,XI_29,isyatirim_pit,,,2026-09-07T22:37:20.186698914,,,2023-03-15,APPROXIMATE_FIXED_LAG,UNKNOWN,UNKNOWN,data\raw\isyatirim_cache\TRGYO_2022_XI_29.json,satislar;ebitda;op_gelir;net_kar;cfo;fcf;ozkaynaklar;toplam_borc;net_borc;nakit;toplam_aktif,toplam_borc;net_borc;ebitda;ihracat_orani;piyasa_degeri;pb;roe;roa;ev;ev_ebitda;fcf_verim
TRGYO.IS,2023Q1,2023-03-31,XI_29,isyatirim_pit,,,2026-09-07T22:37:20.324958801,,,2023-05-15,APPROXIMATE_FIXED_LAG,UNKNOWN,UNKNOWN,data\raw\isyatirim_cache\TRGYO_2023_XI_29.json,satislar;ebitda;op_gelir;net_kar;cfo;fcf;ozkaynaklar;toplam_borc;net_borc;nakit;toplam_aktif,toplam_borc;net_borc;ebitda;ihracat_orani;piyasa_degeri;pb;roe;roa;ev;ev_ebitda;fcf_verim
TRGYO.IS,2023Q2,2023-06-30,XI_29,isyatirim_pit,,,2026-09-07T22:37:20.324958801,,,2023-08-15,APPROXIMATE_FIXED_LAG,UNKNOWN,UNKNOWN,data\raw\isyatirim_cache\TRGYO_2023_XI_29.json,satislar;ebitda;op_gelir;net_kar;cfo;fcf;ozkaynaklar;toplam_borc;net_borc;nakit;toplam_aktif,toplam_borc;net_borc;ebitda;ihracat_orani;piyasa_degeri;pb;roe;roa;ev;ev_ebitda;fcf_verim
TRGYO.IS,2023Q3,2023-09-30,XI_29,isyatirim_pit,,,2026-09-07T22:37:20.324958801,,,2023-11-15,APPROXIMATE_FIXED_LAG,UNKNOWN,UNKNOWN,data\raw\isyatirim_cache\TRGYO_2023_XI_29.json,satislar;ebitda;op_gelir;net_kar;cfo;fcf;ozkaynaklar;toplam_borc;net_borc;nakit;toplam_aktif,toplam_borc;net_borc;ebitda;ihracat_orani;piyasa_degeri;pb;roe;roa;ev;ev_ebitda;fcf_verim
TRGYO.IS,2023Q4,2023-12-31,XI_29,isyatirim_pit,,,2026-09-07T22:37:20.324958801,,,2024-03-15,APPROXIMATE_FIXED_LAG,UNKNOWN,UNKNOWN,data\raw\isyatirim_cache\TRGYO_2023_XI_29.json,satislar;ebitda;op_gelir;net_kar;cfo;fcf;ozkaynaklar;toplam_borc;net_borc;nakit;toplam_aktif,toplam_borc;net_borc;ebitda;ihracat_orani;piyasa_degeri;pb;roe;roa;ev;ev_ebitda;fcf_verim
TRGYO.IS,2024Q1,2024-03-31,XI_29,isyatirim_pit,,,2026-09-07T22:37:20.414755583,,,2024-05-15,APPROXIMATE_FIXED_LAG,UNKNOWN,UNKNOWN,data\raw\isyatirim_cache\TRGYO_2024_XI_29.json,satislar;ebitda;op_gelir;net_kar;cfo;fcf;ozkaynaklar;toplam_borc;net_borc;nakit;toplam_aktif,toplam_borc;net_borc;ebitda;ihracat_orani;piyasa_degeri;pb;roe;roa;ev;ev_ebitda;fcf_verim
TRGYO.IS,2024Q2,2024-06-30,XI_29,isyatirim_pit,,,2026-09-07T22:37:20.414755583,,,2024-08-15,APPROXIMATE_FIXED_LAG,UNKNOWN,UNKNOWN,data\raw\isyatirim_cache\TRGYO_2024_XI_29.json,satislar;ebitda;op_gelir;net_kar;cfo;fcf;ozkaynaklar;toplam_borc;net_borc;nakit;toplam_aktif,toplam_borc;net_borc;ebitda;ihracat_orani;piyasa_degeri;pb;roe;roa;ev;ev_ebitda;fcf_verim
TRGYO.IS,2024Q3,2024-09-30,XI_29,isyatirim_pit,,,2026-09-07T22:37:20.414755583,,,2024-11-15,APPROXIMATE_FIXED_LAG,UNKNOWN,UNKNOWN,data\raw\isyatirim_cache\TRGYO_2024_XI_29.json,satislar;ebitda;op_gelir;net_kar;cfo;fcf;ozkaynaklar;toplam_borc;net_borc;nakit;toplam_aktif,toplam_borc;net_borc;ebitda;ihracat_orani;piyasa_degeri;pb;roe;roa;ev;ev_ebitda;fcf_verim
TRGYO.IS,2024Q4,2024-12-31,XI_29,isyatirim_pit,,,2026-09-07T22:37:20.414755583,,,2025-03-15,APPROXIMATE_FIXED_LAG,UNKNOWN,UNKNOWN,data\raw\isyatirim_cache\TRGYO_2024_XI_29.json,satislar;ebitda;op_gelir;net_kar;cfo;fcf;ozkaynaklar;toplam_borc;net_borc;nakit;toplam_aktif,toplam_borc;net_borc;ebitda;ihracat_orani;piyasa_degeri;pb;roe;roa;ev;ev_ebitda;fcf_verim
TRGYO.IS,2025Q1,2025-03-31,XI_29,isyatirim_pit,,,2026-09-07T22:37:20.560974836,,,2025-05-15,APPROXIMATE_FIXED_LAG,UNKNOWN,UNKNOWN,data\raw\isyatirim_cache\TRGYO_2025_XI_29.json,satislar;ebitda;op_gelir;net_kar;cfo;fcf;ozkaynaklar;toplam_borc;net_borc;nakit;toplam_aktif,toplam_borc;net_borc;ebitda;ihracat_orani;piyasa_degeri;pb;roe;roa;ev;ev_ebitda;fcf_verim
TRGYO.IS,2025Q2,2025-06-30,XI_29,isyatirim_pit,,,2026-09-07T22:37:20.560974836,,,2025-08-15,APPROXIMATE_FIXED_LAG,UNKNOWN,UNKNOWN,data\raw\isyatirim_cache\TRGYO_2025_XI_29.json,satislar;ebitda;op_gelir;net_kar;cfo;fcf;ozkaynaklar;toplam_borc;net_borc;nakit;toplam_aktif,toplam_borc;net_borc;ebitda;ihracat_orani;piyasa_degeri;pb;roe;roa;ev;ev_ebitda;fcf_verim
TRGYO.IS,2025Q3,2025-09-30,XI_29,isyatirim_pit,,,2026-09-07T22:37:20.560974836,,,2025-11-15,APPROXIMATE_FIXED_LAG,UNKNOWN,UNKNOWN,data\raw\isyatirim_cache\TRGYO_2025_XI_29.json,satislar;ebitda;op_gelir;net_kar;cfo;fcf;ozkaynaklar;toplam_borc;net_borc;nakit;toplam_aktif,toplam_borc;net_borc;ebitda;ihracat_orani;piyasa_degeri;pb;roe;roa;ev;ev_ebitda;fcf_verim
TRGYO.IS,2025Q4,2025-12-31,XI_29,isyatirim_pit,,,2026-09-07T22:37:20.560974836,,,2026-03-15,APPROXIMATE_FIXED_LAG,UNKNOWN,UNKNOWN,data\raw\isyatirim_cache\TRGYO_2025_XI_29.json,satislar;ebitda;op_gelir;net_kar;cfo;fcf;ozkaynaklar;toplam_borc;net_borc;nakit;toplam_aktif,toplam_borc;net_borc;ebitda;ihracat_orani;piyasa_degeri;pb;roe;roa;ev;ev_ebitda;fcf_verim
TRGYO.IS,2026Q1,2026-03-31,XI_29,isyatirim_pit,,,2026-09-07T22:37:20.743561506,,,2026-05-15,APPROXIMATE_FIXED_LAG,UNKNOWN,UNKNOWN,data\raw\isyatirim_cache\TRGYO_2026_XI_29.json,satislar;ebitda;op_gelir;net_kar;cfo;fcf;ozkaynaklar;toplam_borc;net_borc;nakit;toplam_aktif,toplam_borc;net_borc;ebitda;ihracat_orani;piyasa_degeri;pb;roe;roa;ev;ev_ebitda;fcf_verim
TRGYO.IS,2026Q2,2026-06-30,XI_29,isyatirim_pit,,,2026-09-07T22:37:20.743561506,,,2026-08-15,APPROXIMATE_FIXED_LAG,UNKNOWN,UNKNOWN,data\raw\isyatirim_cache\TRGYO_2026_XI_29.json,satislar;ebitda;op_gelir;net_kar;cfo;fcf;ozkaynaklar;toplam_borc;net_borc;nakit;toplam_aktif,toplam_borc;net_borc;ebitda;ihracat_orani;piyasa_degeri;pb;roe;roa;ev;ev_ebitda;fcf_verim
TSKB.IS,2018Q1,2018-03-31,UFRS,isyatirim_bank_pit,,,2026-09-07T22:36:58.804666519,,,2018-05-15,APPROXIMATE_FIXED_LAG,UNKNOWN,UNKNOWN,data\raw\isyatirim_cache\TSKB_2018_UFRS.json,satislar;ebitda;op_gelir;net_kar;cfo;fcf;ozkaynaklar;toplam_borc;net_borc;nakit;toplam_aktif,toplam_borc;net_borc;ebitda;ihracat_orani;piyasa_degeri;pb;roe;roa;ev;ev_ebitda;fcf_verim
TSKB.IS,2018Q2,2018-06-30,UFRS,isyatirim_bank_pit,,,2026-09-07T22:36:58.804666519,,,2018-08-15,APPROXIMATE_FIXED_LAG,UNKNOWN,UNKNOWN,data\raw\isyatirim_cache\TSKB_2018_UFRS.json,satislar;ebitda;op_gelir;net_kar;cfo;fcf;ozkaynaklar;toplam_borc;net_borc;nakit;toplam_aktif,toplam_borc;net_borc;ebitda;ihracat_orani;piyasa_degeri;pb;roe;roa;ev;ev_ebitda;fcf_verim
TSKB.IS,2018Q3,2018-09-30,UFRS,isyatirim_bank_pit,,,2026-09-07T22:36:58.804666519,,,2018-11-15,APPROXIMATE_FIXED_LAG,UNKNOWN,UNKNOWN,data\raw\isyatirim_cache\TSKB_2018_UFRS.json,satislar;ebitda;op_gelir;net_kar;cfo;fcf;ozkaynaklar;toplam_borc;net_borc;nakit;toplam_aktif,toplam_borc;net_borc;ebitda;ihracat_orani;piyasa_degeri;pb;roe;roa;ev;ev_ebitda;fcf_verim
TSKB.IS,2018Q4,2018-12-31,UFRS,isyatirim_bank_pit,,,2026-09-07T22:36:58.804666519,,,2019-03-15,APPROXIMATE_FIXED_LAG,UNKNOWN,UNKNOWN,data\raw\isyatirim_cache\TSKB_2018_UFRS.json,satislar;ebitda;op_gelir;net_kar;cfo;fcf;ozkaynaklar;toplam_borc;net_borc;nakit;toplam_aktif,toplam_borc;net_borc;ebitda;ihracat_orani;piyasa_degeri;pb;roe;roa;ev;ev_ebitda;fcf_verim
TSKB.IS,2019Q1,2019-03-31,UFRS,isyatirim_bank_pit,,,2026-09-07T22:36:58.962823391,,,2019-05-15,APPROXIMATE_FIXED_LAG,UNKNOWN,UNKNOWN,data\raw\isyatirim_cache\TSKB_2019_UFRS.json,satislar;ebitda;op_gelir;net_kar;cfo;fcf;ozkaynaklar;toplam_borc;net_borc;nakit;toplam_aktif,toplam_borc;net_borc;ebitda;ihracat_orani;piyasa_degeri;pb;roe;roa;ev;ev_ebitda;fcf_verim
TSKB.IS,2019Q2,2019-06-30,UFRS,isyatirim_bank_pit,,,2026-09-07T22:36:58.962823391,,,2019-08-15,APPROXIMATE_FIXED_LAG,UNKNOWN,UNKNOWN,data\raw\isyatirim_cache\TSKB_2019_UFRS.json,satislar;ebitda;op_gelir;net_kar;cfo;fcf;ozkaynaklar;toplam_borc;net_borc;nakit;toplam_aktif,toplam_borc;net_borc;ebitda;ihracat_orani;piyasa_degeri;pb;roe;roa;ev;ev_ebitda;fcf_verim
TSKB.IS,2019Q3,2019-09-30,UFRS,isyatirim_bank_pit,,,2026-09-07T22:36:58.962823391,,,2019-11-15,APPROXIMATE_FIXED_LAG,UNKNOWN,UNKNOWN,data\raw\isyatirim_cache\TSKB_2019_UFRS.json,satislar;ebitda;op_gelir;net_kar;cfo;fcf;ozkaynaklar;toplam_borc;net_borc;nakit;toplam_aktif,toplam_borc;net_borc;ebitda;ihracat_orani;piyasa_degeri;pb;roe;roa;ev;ev_ebitda;fcf_verim
TSKB.IS,2019Q4,2019-12-31,UFRS,isyatirim_bank_pit,,,2026-09-07T22:36:58.962823391,,,2020-03-15,APPROXIMATE_FIXED_LAG,UNKNOWN,UNKNOWN,data\raw\isyatirim_cache\TSKB_2019_UFRS.json,satislar;ebitda;op_gelir;net_kar;cfo;fcf;ozkaynaklar;toplam_borc;net_borc;nakit;toplam_aktif,toplam_borc;net_borc;ebitda;ihracat_orani;piyasa_degeri;pb;roe;roa;ev;ev_ebitda;fcf_verim
TSKB.IS,2020Q1,2020-03-31,UFRS,isyatirim_bank_pit,,,2026-09-07T22:36:59.138799191,,,2020-05-15,APPROXIMATE_FIXED_LAG,UNKNOWN,UNKNOWN,data\raw\isyatirim_cache\TSKB_2020_UFRS.json,satislar;ebitda;op_gelir;net_kar;cfo;fcf;ozkaynaklar;toplam_borc;net_borc;nakit;toplam_aktif,toplam_borc;net_borc;ebitda;ihracat_orani;piyasa_degeri;pb;roe;roa;ev;ev_ebitda;fcf_verim
TSKB.IS,2020Q2,2020-06-30,UFRS,isyatirim_bank_pit,,,2026-09-07T22:36:59.138799191,,,2020-08-15,APPROXIMATE_FIXED_LAG,UNKNOWN,UNKNOWN,data\raw\isyatirim_cache\TSKB_2020_UFRS.json,satislar;ebitda;op_gelir;net_kar;cfo;fcf;ozkaynaklar;toplam_borc;net_borc;nakit;toplam_aktif,toplam_borc;net_borc;ebitda;ihracat_orani;piyasa_degeri;pb;roe;roa;ev;ev_ebitda;fcf_verim
TSKB.IS,2020Q3,2020-09-30,UFRS,isyatirim_bank_pit,,,2026-09-07T22:36:59.138799191,,,2020-11-15,APPROXIMATE_FIXED_LAG,UNKNOWN,UNKNOWN,data\raw\isyatirim_cache\TSKB_2020_UFRS.json,satislar;ebitda;op_gelir;net_kar;cfo;fcf;ozkaynaklar;toplam_borc;net_borc;nakit;toplam_aktif,toplam_borc;net_borc;ebitda;ihracat_orani;piyasa_degeri;pb;roe;roa;ev;ev_ebitda;fcf_verim
TSKB.IS,2020Q4,2020-12-31,UFRS,isyatirim_bank_pit,,,2026-09-07T22:36:59.138799191,,,2021-03-15,APPROXIMATE_FIXED_LAG,UNKNOWN,UNKNOWN,data\raw\isyatirim_cache\TSKB_2020_UFRS.json,satislar;ebitda;op_gelir;net_kar;cfo;fcf;ozkaynaklar;toplam_borc;net_borc;nakit;toplam_aktif,toplam_borc;net_borc;ebitda;ihracat_orani;piyasa_degeri;pb;roe;roa;ev;ev_ebitda;fcf_verim
TSKB.IS,2021Q1,2021-03-31,UFRS,isyatirim_bank_pit,,,2026-09-07T22:36:59.342147112,,,2021-05-15,APPROXIMATE_FIXED_LAG,UNKNOWN,UNKNOWN,data\raw\isyatirim_cache\TSKB_2021_UFRS.json,satislar;ebitda;op_gelir;net_kar;cfo;fcf;ozkaynaklar;toplam_borc;net_borc;nakit;toplam_aktif,toplam_borc;net_borc;ebitda;ihracat_orani;piyasa_degeri;pb;roe;roa;ev;ev_ebitda;fcf_verim
TSKB.IS,2021Q2,2021-06-30,UFRS,isyatirim_bank_pit,,,2026-09-07T22:36:59.342147112,,,2021-08-15,APPROXIMATE_FIXED_LAG,UNKNOWN,UNKNOWN,data\raw\isyatirim_cache\TSKB_2021_UFRS.json,satislar;ebitda;op_gelir;net_kar;cfo;fcf;ozkaynaklar;toplam_borc;net_borc;nakit;toplam_aktif,toplam_borc;net_borc;ebitda;ihracat_orani;piyasa_degeri;pb;roe;roa;ev;ev_ebitda;fcf_verim
TSKB.IS,2021Q3,2021-09-30,UFRS,isyatirim_bank_pit,,,2026-09-07T22:36:59.342147112,,,2021-11-15,APPROXIMATE_FIXED_LAG,UNKNOWN,UNKNOWN,data\raw\isyatirim_cache\TSKB_2021_UFRS.json,satislar;ebitda;op_gelir;net_kar;cfo;fcf;ozkaynaklar;toplam_borc;net_borc;nakit;toplam_aktif,toplam_borc;net_borc;ebitda;ihracat_orani;piyasa_degeri;pb;roe;roa;ev;ev_ebitda;fcf_verim
TSKB.IS,2021Q4,2021-12-31,UFRS,isyatirim_bank_pit,,,2026-09-07T22:36:59.342147112,,,2022-03-15,APPROXIMATE_FIXED_LAG,UNKNOWN,UNKNOWN,data\raw\isyatirim_cache\TSKB_2021_UFRS.json,satislar;ebitda;op_gelir;net_kar;cfo;fcf;ozkaynaklar;toplam_borc;net_borc;nakit;toplam_aktif,toplam_borc;net_borc;ebitda;ihracat_orani;piyasa_degeri;pb;roe;roa;ev;ev_ebitda;fcf_verim
TSKB.IS,2022Q1,2022-03-31,UFRS,isyatirim_bank_pit,,,2026-09-07T22:36:59.488372564,,,2022-05-15,APPROXIMATE_FIXED_LAG,UNKNOWN,UNKNOWN,data\raw\isyatirim_cache\TSKB_2022_UFRS.json,satislar;ebitda;op_gelir;net_kar;cfo;fcf;ozkaynaklar;toplam_borc;net_borc;nakit;toplam_aktif,toplam_borc;net_borc;ebitda;ihracat_orani;piyasa_degeri;pb;roe;roa;ev;ev_ebitda;fcf_verim
TSKB.IS,2022Q2,2022-06-30,UFRS,isyatirim_bank_pit,,,2026-09-07T22:36:59.488372564,,,2022-08-15,APPROXIMATE_FIXED_LAG,UNKNOWN,UNKNOWN,data\raw\isyatirim_cache\TSKB_2022_UFRS.json,satislar;ebitda;op_gelir;net_kar;cfo;fcf;ozkaynaklar;toplam_borc;net_borc;nakit;toplam_aktif,toplam_borc;net_borc;ebitda;ihracat_orani;piyasa_degeri;pb;roe;roa;ev;ev_ebitda;fcf_verim
TSKB.IS,2022Q3,2022-09-30,UFRS,isyatirim_bank_pit,,,2026-09-07T22:36:59.488372564,,,2022-11-15,APPROXIMATE_FIXED_LAG,UNKNOWN,UNKNOWN,data\raw\isyatirim_cache\TSKB_2022_UFRS.json,satislar;ebitda;op_gelir;net_kar;cfo;fcf;ozkaynaklar;toplam_borc;net_borc;nakit;toplam_aktif,toplam_borc;net_borc;ebitda;ihracat_orani;piyasa_degeri;pb;roe;roa;ev;ev_ebitda;fcf_verim
TSKB.IS,2022Q4,2022-12-31,UFRS,isyatirim_bank_pit,,,2026-09-07T22:36:59.488372564,,,2023-03-15,APPROXIMATE_FIXED_LAG,UNKNOWN,UNKNOWN,data\raw\isyatirim_cache\TSKB_2022_UFRS.json,satislar;ebitda;op_gelir;net_kar;cfo;fcf;ozkaynaklar;toplam_borc;net_borc;nakit;toplam_aktif,toplam_borc;net_borc;ebitda;ihracat_orani;piyasa_degeri;pb;roe;roa;ev;ev_ebitda;fcf_verim
TSKB.IS,2023Q1,2023-03-31,UFRS,isyatirim_bank_pit,,,2026-09-07T22:36:59.637675762,,,2023-05-15,APPROXIMATE_FIXED_LAG,UNKNOWN,UNKNOWN,data\raw\isyatirim_cache\TSKB_2023_UFRS.json,satislar;ebitda;op_gelir;net_kar;cfo;fcf;ozkaynaklar;toplam_borc;net_borc;nakit;toplam_aktif,toplam_borc;net_borc;ebitda;ihracat_orani;piyasa_degeri;pb;roe;roa;ev;ev_ebitda;fcf_verim
TSKB.IS,2023Q2,2023-06-30,UFRS,isyatirim_bank_pit,,,2026-09-07T22:36:59.637675762,,,2023-08-15,APPROXIMATE_FIXED_LAG,UNKNOWN,UNKNOWN,data\raw\isyatirim_cache\TSKB_2023_UFRS.json,satislar;ebitda;op_gelir;net_kar;cfo;fcf;ozkaynaklar;toplam_borc;net_borc;nakit;toplam_aktif,toplam_borc;net_borc;ebitda;ihracat_orani;piyasa_degeri;pb;roe;roa;ev;ev_ebitda;fcf_verim
TSKB.IS,2023Q3,2023-09-30,UFRS,isyatirim_bank_pit,,,2026-09-07T22:36:59.637675762,,,2023-11-15,APPROXIMATE_FIXED_LAG,UNKNOWN,UNKNOWN,data\raw\isyatirim_cache\TSKB_2023_UFRS.json,satislar;ebitda;op_gelir;net_kar;cfo;fcf;ozkaynaklar;toplam_borc;net_borc;nakit;toplam_aktif,toplam_borc;net_borc;ebitda;ihracat_orani;piyasa_degeri;pb;roe;roa;ev;ev_ebitda;fcf_verim
TSKB.IS,2023Q4,2023-12-31,UFRS,isyatirim_bank_pit,,,2026-09-07T22:36:59.637675762,,,2024-03-15,APPROXIMATE_FIXED_LAG,UNKNOWN,UNKNOWN,data\raw\isyatirim_cache\TSKB_2023_UFRS.json,satislar;ebitda;op_gelir;net_kar;cfo;fcf;ozkaynaklar;toplam_borc;net_borc;nakit;toplam_aktif,toplam_borc;net_borc;ebitda;ihracat_orani;piyasa_degeri;pb;roe;roa;ev;ev_ebitda;fcf_verim
TSKB.IS,2024Q1,2024-03-31,UFRS,isyatirim_bank_pit,,,2026-09-07T22:36:59.735139132,,,2024-05-15,APPROXIMATE_FIXED_LAG,UNKNOWN,UNKNOWN,data\raw\isyatirim_cache\TSKB_2024_UFRS.json,satislar;ebitda;op_gelir;net_kar;cfo;fcf;ozkaynaklar;toplam_borc;net_borc;nakit;toplam_aktif,toplam_borc;net_borc;ebitda;ihracat_orani;piyasa_degeri;pb;roe;roa;ev;ev_ebitda;fcf_verim
TSKB.IS,2024Q2,2024-06-30,UFRS,isyatirim_bank_pit,,,2026-09-07T22:36:59.735139132,,,2024-08-15,APPROXIMATE_FIXED_LAG,UNKNOWN,UNKNOWN,data\raw\isyatirim_cache\TSKB_2024_UFRS.json,satislar;ebitda;op_gelir;net_kar;cfo;fcf;ozkaynaklar;toplam_borc;net_borc;nakit;toplam_aktif,toplam_borc;net_borc;ebitda;ihracat_orani;piyasa_degeri;pb;roe;roa;ev;ev_ebitda;fcf_verim
TSKB.IS,2024Q3,2024-09-30,UFRS,isyatirim_bank_pit,,,2026-09-07T22:36:59.735139132,,,2024-11-15,APPROXIMATE_FIXED_LAG,UNKNOWN,UNKNOWN,data\raw\isyatirim_cache\TSKB_2024_UFRS.json,satislar;ebitda;op_gelir;net_kar;cfo;fcf;ozkaynaklar;toplam_borc;net_borc;nakit;toplam_aktif,toplam_borc;net_borc;ebitda;ihracat_orani;piyasa_degeri;pb;roe;roa;ev;ev_ebitda;fcf_verim
TSKB.IS,2024Q4,2024-12-31,UFRS,isyatirim_bank_pit,,,2026-09-07T22:36:59.735139132,,,2025-03-15,APPROXIMATE_FIXED_LAG,UNKNOWN,UNKNOWN,data\raw\isyatirim_cache\TSKB_2024_UFRS.json,satislar;ebitda;op_gelir;net_kar;cfo;fcf;ozkaynaklar;toplam_borc;net_borc;nakit;toplam_aktif,toplam_borc;net_borc;ebitda;ihracat_orani;piyasa_degeri;pb;roe;roa;ev;ev_ebitda;fcf_verim
TSKB.IS,2025Q1,2025-03-31,UFRS,isyatirim_bank_pit,,,2026-09-07T22:36:59.948673248,,,2025-05-15,APPROXIMATE_FIXED_LAG,UNKNOWN,UNKNOWN,data\raw\isyatirim_cache\TSKB_2025_UFRS.json,satislar;ebitda;op_gelir;net_kar;cfo;fcf;ozkaynaklar;toplam_borc;net_borc;nakit;toplam_aktif,toplam_borc;net_borc;ebitda;ihracat_orani;piyasa_degeri;pb;roe;roa;ev;ev_ebitda;fcf_verim
TSKB.IS,2025Q2,2025-06-30,UFRS,isyatirim_bank_pit,,,2026-09-07T22:36:59.948673248,,,2025-08-15,APPROXIMATE_FIXED_LAG,UNKNOWN,UNKNOWN,data\raw\isyatirim_cache\TSKB_2025_UFRS.json,satislar;ebitda;op_gelir;net_kar;cfo;fcf;ozkaynaklar;toplam_borc;net_borc;nakit;toplam_aktif,toplam_borc;net_borc;ebitda;ihracat_orani;piyasa_degeri;pb;roe;roa;ev;ev_ebitda;fcf_verim
TSKB.IS,2025Q3,2025-09-30,UFRS,isyatirim_bank_pit,,,2026-09-07T22:36:59.948673248,,,2025-11-15,APPROXIMATE_FIXED_LAG,UNKNOWN,UNKNOWN,data\raw\isyatirim_cache\TSKB_2025_UFRS.json,satislar;ebitda;op_gelir;net_kar;cfo;fcf;ozkaynaklar;toplam_borc;net_borc;nakit;toplam_aktif,toplam_borc;net_borc;ebitda;ihracat_orani;piyasa_degeri;pb;roe;roa;ev;ev_ebitda;fcf_verim
TSKB.IS,2025Q4,2025-12-31,UFRS,isyatirim_bank_pit,,,2026-09-07T22:36:59.948673248,,,2026-03-15,APPROXIMATE_FIXED_LAG,UNKNOWN,UNKNOWN,data\raw\isyatirim_cache\TSKB_2025_UFRS.json,satislar;ebitda;op_gelir;net_kar;cfo;fcf;ozkaynaklar;toplam_borc;net_borc;nakit;toplam_aktif,toplam_borc;net_borc;ebitda;ihracat_orani;piyasa_degeri;pb;roe;roa;ev;ev_ebitda;fcf_verim
TSKB.IS,2026Q1,2026-03-31,UFRS,isyatirim_bank_pit,,,2026-09-07T22:37:00.158783197,,,2026-05-15,APPROXIMATE_FIXED_LAG,UNKNOWN,UNKNOWN,data\raw\isyatirim_cache\TSKB_2026_UFRS.json,satislar;ebitda;op_gelir;net_kar;cfo;fcf;ozkaynaklar;toplam_borc;net_borc;nakit;toplam_aktif,toplam_borc;net_borc;ebitda;ihracat_orani;piyasa_degeri;pb;roe;roa;ev;ev_ebitda;fcf_verim
TSKB.IS,2026Q2,2026-06-30,UFRS,isyatirim_bank_pit,,,2026-09-07T22:37:00.158783197,,,2026-08-15,APPROXIMATE_FIXED_LAG,UNKNOWN,UNKNOWN,data\raw\isyatirim_cache\TSKB_2026_UFRS.json,satislar;ebitda;op_gelir;net_kar;cfo;fcf;ozkaynaklar;toplam_borc;net_borc;nakit;toplam_aktif,toplam_borc;net_borc;ebitda;ihracat_orani;piyasa_degeri;pb;roe;roa;ev;ev_ebitda;fcf_verim
TTKOM.IS,2018Q1,2018-03-31,XI_29,isyatirim_pit,,,2026-09-07T22:37:06.235589981,,,2018-05-15,APPROXIMATE_FIXED_LAG,UNKNOWN,UNKNOWN,data\raw\isyatirim_cache\TTKOM_2018_XI_29.json,satislar;ebitda;op_gelir;net_kar;cfo;fcf;ozkaynaklar;toplam_borc;net_borc;nakit;toplam_aktif,toplam_borc;net_borc;ebitda;ihracat_orani;piyasa_degeri;pb;roe;roa;ev;ev_ebitda;fcf_verim
TTKOM.IS,2018Q2,2018-06-30,XI_29,isyatirim_pit,,,2026-09-07T22:37:06.235589981,,,2018-08-15,APPROXIMATE_FIXED_LAG,UNKNOWN,UNKNOWN,data\raw\isyatirim_cache\TTKOM_2018_XI_29.json,satislar;ebitda;op_gelir;net_kar;cfo;fcf;ozkaynaklar;toplam_borc;net_borc;nakit;toplam_aktif,toplam_borc;net_borc;ebitda;ihracat_orani;piyasa_degeri;pb;roe;roa;ev;ev_ebitda;fcf_verim
TTKOM.IS,2018Q3,2018-09-30,XI_29,isyatirim_pit,,,2026-09-07T22:37:06.235589981,,,2018-11-15,APPROXIMATE_FIXED_LAG,UNKNOWN,UNKNOWN,data\raw\isyatirim_cache\TTKOM_2018_XI_29.json,satislar;ebitda;op_gelir;net_kar;cfo;fcf;ozkaynaklar;toplam_borc;net_borc;nakit;toplam_aktif,toplam_borc;net_borc;ebitda;ihracat_orani;piyasa_degeri;pb;roe;roa;ev;ev_ebitda;fcf_verim
TTKOM.IS,2018Q4,2018-12-31,XI_29,isyatirim_pit,,,2026-09-07T22:37:06.235589981,,,2019-03-15,APPROXIMATE_FIXED_LAG,UNKNOWN,UNKNOWN,data\raw\isyatirim_cache\TTKOM_2018_XI_29.json,satislar;ebitda;op_gelir;net_kar;cfo;fcf;ozkaynaklar;toplam_borc;net_borc;nakit;toplam_aktif,toplam_borc;net_borc;ebitda;ihracat_orani;piyasa_degeri;pb;roe;roa;ev;ev_ebitda;fcf_verim
TTKOM.IS,2019Q1,2019-03-31,XI_29,isyatirim_pit,,,2026-09-07T22:37:06.374023199,,,2019-05-15,APPROXIMATE_FIXED_LAG,UNKNOWN,UNKNOWN,data\raw\isyatirim_cache\TTKOM_2019_XI_29.json,satislar;ebitda;op_gelir;net_kar;cfo;fcf;ozkaynaklar;toplam_borc;net_borc;nakit;toplam_aktif,toplam_borc;net_borc;ebitda;ihracat_orani;piyasa_degeri;pb;roe;roa;ev;ev_ebitda;fcf_verim
TTKOM.IS,2019Q2,2019-06-30,XI_29,isyatirim_pit,,,2026-09-07T22:37:06.374023199,,,2019-08-15,APPROXIMATE_FIXED_LAG,UNKNOWN,UNKNOWN,data\raw\isyatirim_cache\TTKOM_2019_XI_29.json,satislar;ebitda;op_gelir;net_kar;cfo;fcf;ozkaynaklar;toplam_borc;net_borc;nakit;toplam_aktif,toplam_borc;net_borc;ebitda;ihracat_orani;piyasa_degeri;pb;roe;roa;ev;ev_ebitda;fcf_verim
TTKOM.IS,2019Q3,2019-09-30,XI_29,isyatirim_pit,,,2026-09-07T22:37:06.374023199,,,2019-11-15,APPROXIMATE_FIXED_LAG,UNKNOWN,UNKNOWN,data\raw\isyatirim_cache\TTKOM_2019_XI_29.json,satislar;ebitda;op_gelir;net_kar;cfo;fcf;ozkaynaklar;toplam_borc;net_borc;nakit;toplam_aktif,toplam_borc;net_borc;ebitda;ihracat_orani;piyasa_degeri;pb;roe;roa;ev;ev_ebitda;fcf_verim
TTKOM.IS,2019Q4,2019-12-31,XI_29,isyatirim_pit,,,2026-09-07T22:37:06.374023199,,,2020-03-15,APPROXIMATE_FIXED_LAG,UNKNOWN,UNKNOWN,data\raw\isyatirim_cache\TTKOM_2019_XI_29.json,satislar;ebitda;op_gelir;net_kar;cfo;fcf;ozkaynaklar;toplam_borc;net_borc;nakit;toplam_aktif,toplam_borc;net_borc;ebitda;ihracat_orani;piyasa_degeri;pb;roe;roa;ev;ev_ebitda;fcf_verim
TTKOM.IS,2020Q1,2020-03-31,XI_29,isyatirim_pit,,,2026-09-07T22:37:06.513246775,,,2020-05-15,APPROXIMATE_FIXED_LAG,UNKNOWN,UNKNOWN,data\raw\isyatirim_cache\TTKOM_2020_XI_29.json,satislar;ebitda;op_gelir;net_kar;cfo;fcf;ozkaynaklar;toplam_borc;net_borc;nakit;toplam_aktif,toplam_borc;net_borc;ebitda;ihracat_orani;piyasa_degeri;pb;roe;roa;ev;ev_ebitda;fcf_verim
TTKOM.IS,2020Q2,2020-06-30,XI_29,isyatirim_pit,,,2026-09-07T22:37:06.513246775,,,2020-08-15,APPROXIMATE_FIXED_LAG,UNKNOWN,UNKNOWN,data\raw\isyatirim_cache\TTKOM_2020_XI_29.json,satislar;ebitda;op_gelir;net_kar;cfo;fcf;ozkaynaklar;toplam_borc;net_borc;nakit;toplam_aktif,toplam_borc;net_borc;ebitda;ihracat_orani;piyasa_degeri;pb;roe;roa;ev;ev_ebitda;fcf_verim
TTKOM.IS,2020Q3,2020-09-30,XI_29,isyatirim_pit,,,2026-09-07T22:37:06.513246775,,,2020-11-15,APPROXIMATE_FIXED_LAG,UNKNOWN,UNKNOWN,data\raw\isyatirim_cache\TTKOM_2020_XI_29.json,satislar;ebitda;op_gelir;net_kar;cfo;fcf;ozkaynaklar;toplam_borc;net_borc;nakit;toplam_aktif,toplam_borc;net_borc;ebitda;ihracat_orani;piyasa_degeri;pb;roe;roa;ev;ev_ebitda;fcf_verim
TTKOM.IS,2020Q4,2020-12-31,XI_29,isyatirim_pit,,,2026-09-07T22:37:06.513246775,,,2021-03-15,APPROXIMATE_FIXED_LAG,UNKNOWN,UNKNOWN,data\raw\isyatirim_cache\TTKOM_2020_XI_29.json,satislar;ebitda;op_gelir;net_kar;cfo;fcf;ozkaynaklar;toplam_borc;net_borc;nakit;toplam_aktif,toplam_borc;net_borc;ebitda;ihracat_orani;piyasa_degeri;pb;roe;roa;ev;ev_ebitda;fcf_verim
TTKOM.IS,2021Q1,2021-03-31,XI_29,isyatirim_pit,,,2026-09-07T22:37:06.647785187,,,2021-05-15,APPROXIMATE_FIXED_LAG,UNKNOWN,UNKNOWN,data\raw\isyatirim_cache\TTKOM_2021_XI_29.json,satislar;ebitda;op_gelir;net_kar;cfo;fcf;ozkaynaklar;toplam_borc;net_borc;nakit;toplam_aktif,toplam_borc;net_borc;ebitda;ihracat_orani;piyasa_degeri;pb;roe;roa;ev;ev_ebitda;fcf_verim
TTKOM.IS,2021Q2,2021-06-30,XI_29,isyatirim_pit,,,2026-09-07T22:37:06.647785187,,,2021-08-15,APPROXIMATE_FIXED_LAG,UNKNOWN,UNKNOWN,data\raw\isyatirim_cache\TTKOM_2021_XI_29.json,satislar;ebitda;op_gelir;net_kar;cfo;fcf;ozkaynaklar;toplam_borc;net_borc;nakit;toplam_aktif,toplam_borc;net_borc;ebitda;ihracat_orani;piyasa_degeri;pb;roe;roa;ev;ev_ebitda;fcf_verim
TTKOM.IS,2021Q3,2021-09-30,XI_29,isyatirim_pit,,,2026-09-07T22:37:06.647785187,,,2021-11-15,APPROXIMATE_FIXED_LAG,UNKNOWN,UNKNOWN,data\raw\isyatirim_cache\TTKOM_2021_XI_29.json,satislar;ebitda;op_gelir;net_kar;cfo;fcf;ozkaynaklar;toplam_borc;net_borc;nakit;toplam_aktif,toplam_borc;net_borc;ebitda;ihracat_orani;piyasa_degeri;pb;roe;roa;ev;ev_ebitda;fcf_verim
TTKOM.IS,2021Q4,2021-12-31,XI_29,isyatirim_pit,,,2026-09-07T22:37:06.647785187,,,2022-03-15,APPROXIMATE_FIXED_LAG,UNKNOWN,UNKNOWN,data\raw\isyatirim_cache\TTKOM_2021_XI_29.json,satislar;ebitda;op_gelir;net_kar;cfo;fcf;ozkaynaklar;toplam_borc;net_borc;nakit;toplam_aktif,toplam_borc;net_borc;ebitda;ihracat_orani;piyasa_degeri;pb;roe;roa;ev;ev_ebitda;fcf_verim
TTKOM.IS,2022Q1,2022-03-31,XI_29,isyatirim_pit,,,2026-09-07T22:37:06.780755281,,,2022-05-15,APPROXIMATE_FIXED_LAG,UNKNOWN,UNKNOWN,data\raw\isyatirim_cache\TTKOM_2022_XI_29.json,satislar;ebitda;op_gelir;net_kar;cfo;fcf;ozkaynaklar;toplam_borc;net_borc;nakit;toplam_aktif,toplam_borc;net_borc;ebitda;ihracat_orani;piyasa_degeri;pb;roe;roa;ev;ev_ebitda;fcf_verim
TTKOM.IS,2022Q2,2022-06-30,XI_29,isyatirim_pit,,,2026-09-07T22:37:06.780755281,,,2022-08-15,APPROXIMATE_FIXED_LAG,UNKNOWN,UNKNOWN,data\raw\isyatirim_cache\TTKOM_2022_XI_29.json,satislar;ebitda;op_gelir;net_kar;cfo;fcf;ozkaynaklar;toplam_borc;net_borc;nakit;toplam_aktif,toplam_borc;net_borc;ebitda;ihracat_orani;piyasa_degeri;pb;roe;roa;ev;ev_ebitda;fcf_verim
TTKOM.IS,2022Q3,2022-09-30,XI_29,isyatirim_pit,,,2026-09-07T22:37:06.780755281,,,2022-11-15,APPROXIMATE_FIXED_LAG,UNKNOWN,UNKNOWN,data\raw\isyatirim_cache\TTKOM_2022_XI_29.json,satislar;ebitda;op_gelir;net_kar;cfo;fcf;ozkaynaklar;toplam_borc;net_borc;nakit;toplam_aktif,toplam_borc;net_borc;ebitda;ihracat_orani;piyasa_degeri;pb;roe;roa;ev;ev_ebitda;fcf_verim
TTKOM.IS,2022Q4,2022-12-31,XI_29,isyatirim_pit,,,2026-09-07T22:37:06.780755281,,,2023-03-15,APPROXIMATE_FIXED_LAG,UNKNOWN,UNKNOWN,data\raw\isyatirim_cache\TTKOM_2022_XI_29.json,satislar;ebitda;op_gelir;net_kar;cfo;fcf;ozkaynaklar;toplam_borc;net_borc;nakit;toplam_aktif,toplam_borc;net_borc;ebitda;ihracat_orani;piyasa_degeri;pb;roe;roa;ev;ev_ebitda;fcf_verim
TTKOM.IS,2023Q1,2023-03-31,XI_29,isyatirim_pit,,,2026-09-07T22:37:06.956701517,,,2023-05-15,APPROXIMATE_FIXED_LAG,UNKNOWN,UNKNOWN,data\raw\isyatirim_cache\TTKOM_2023_XI_29.json,satislar;ebitda;op_gelir;net_kar;cfo;fcf;ozkaynaklar;toplam_borc;net_borc;nakit;toplam_aktif,toplam_borc;net_borc;ebitda;ihracat_orani;piyasa_degeri;pb;roe;roa;ev;ev_ebitda;fcf_verim
TTKOM.IS,2023Q2,2023-06-30,XI_29,isyatirim_pit,,,2026-09-07T22:37:06.956701517,,,2023-08-15,APPROXIMATE_FIXED_LAG,UNKNOWN,UNKNOWN,data\raw\isyatirim_cache\TTKOM_2023_XI_29.json,satislar;ebitda;op_gelir;net_kar;cfo;fcf;ozkaynaklar;toplam_borc;net_borc;nakit;toplam_aktif,toplam_borc;net_borc;ebitda;ihracat_orani;piyasa_degeri;pb;roe;roa;ev;ev_ebitda;fcf_verim
TTKOM.IS,2023Q3,2023-09-30,XI_29,isyatirim_pit,,,2026-09-07T22:37:06.956701517,,,2023-11-15,APPROXIMATE_FIXED_LAG,UNKNOWN,UNKNOWN,data\raw\isyatirim_cache\TTKOM_2023_XI_29.json,satislar;ebitda;op_gelir;net_kar;cfo;fcf;ozkaynaklar;toplam_borc;net_borc;nakit;toplam_aktif,toplam_borc;net_borc;ebitda;ihracat_orani;piyasa_degeri;pb;roe;roa;ev;ev_ebitda;fcf_verim
TTKOM.IS,2023Q4,2023-12-31,XI_29,isyatirim_pit,,,2026-09-07T22:37:06.956701517,,,2024-03-15,APPROXIMATE_FIXED_LAG,UNKNOWN,UNKNOWN,data\raw\isyatirim_cache\TTKOM_2023_XI_29.json,satislar;ebitda;op_gelir;net_kar;cfo;fcf;ozkaynaklar;toplam_borc;net_borc;nakit;toplam_aktif,toplam_borc;net_borc;ebitda;ihracat_orani;piyasa_degeri;pb;roe;roa;ev;ev_ebitda;fcf_verim
TTKOM.IS,2024Q1,2024-03-31,XI_29,isyatirim_pit,,,2026-09-07T22:37:07.042455912,,,2024-05-15,APPROXIMATE_FIXED_LAG,UNKNOWN,UNKNOWN,data\raw\isyatirim_cache\TTKOM_2024_XI_29.json,satislar;ebitda;op_gelir;net_kar;cfo;fcf;ozkaynaklar;toplam_borc;net_borc;nakit;toplam_aktif,toplam_borc;net_borc;ebitda;ihracat_orani;piyasa_degeri;pb;roe;roa;ev;ev_ebitda;fcf_verim
TTKOM.IS,2024Q2,2024-06-30,XI_29,isyatirim_pit,,,2026-09-07T22:37:07.042455912,,,2024-08-15,APPROXIMATE_FIXED_LAG,UNKNOWN,UNKNOWN,data\raw\isyatirim_cache\TTKOM_2024_XI_29.json,satislar;ebitda;op_gelir;net_kar;cfo;fcf;ozkaynaklar;toplam_borc;net_borc;nakit;toplam_aktif,toplam_borc;net_borc;ebitda;ihracat_orani;piyasa_degeri;pb;roe;roa;ev;ev_ebitda;fcf_verim
TTKOM.IS,2024Q3,2024-09-30,XI_29,isyatirim_pit,,,2026-09-07T22:37:07.042455912,,,2024-11-15,APPROXIMATE_FIXED_LAG,UNKNOWN,UNKNOWN,data\raw\isyatirim_cache\TTKOM_2024_XI_29.json,satislar;ebitda;op_gelir;net_kar;cfo;fcf;ozkaynaklar;toplam_borc;net_borc;nakit;toplam_aktif,toplam_borc;net_borc;ebitda;ihracat_orani;piyasa_degeri;pb;roe;roa;ev;ev_ebitda;fcf_verim
TTKOM.IS,2024Q4,2024-12-31,XI_29,isyatirim_pit,,,2026-09-07T22:37:07.042455912,,,2025-03-15,APPROXIMATE_FIXED_LAG,UNKNOWN,UNKNOWN,data\raw\isyatirim_cache\TTKOM_2024_XI_29.json,satislar;ebitda;op_gelir;net_kar;cfo;fcf;ozkaynaklar;toplam_borc;net_borc;nakit;toplam_aktif,toplam_borc;net_borc;ebitda;ihracat_orani;piyasa_degeri;pb;roe;roa;ev;ev_ebitda;fcf_verim
TTKOM.IS,2025Q1,2025-03-31,XI_29,isyatirim_pit,,,2026-09-07T22:37:07.181340694,,,2025-05-15,APPROXIMATE_FIXED_LAG,UNKNOWN,UNKNOWN,data\raw\isyatirim_cache\TTKOM_2025_XI_29.json,satislar;ebitda;op_gelir;net_kar;cfo;fcf;ozkaynaklar;toplam_borc;net_borc;nakit;toplam_aktif,toplam_borc;net_borc;ebitda;ihracat_orani;piyasa_degeri;pb;roe;roa;ev;ev_ebitda;fcf_verim
TTKOM.IS,2025Q2,2025-06-30,XI_29,isyatirim_pit,,,2026-09-07T22:37:07.181340694,,,2025-08-15,APPROXIMATE_FIXED_LAG,UNKNOWN,UNKNOWN,data\raw\isyatirim_cache\TTKOM_2025_XI_29.json,satislar;ebitda;op_gelir;net_kar;cfo;fcf;ozkaynaklar;toplam_borc;net_borc;nakit;toplam_aktif,toplam_borc;net_borc;ebitda;ihracat_orani;piyasa_degeri;pb;roe;roa;ev;ev_ebitda;fcf_verim
TTKOM.IS,2025Q3,2025-09-30,XI_29,isyatirim_pit,,,2026-09-07T22:37:07.181340694,,,2025-11-15,APPROXIMATE_FIXED_LAG,UNKNOWN,UNKNOWN,data\raw\isyatirim_cache\TTKOM_2025_XI_29.json,satislar;ebitda;op_gelir;net_kar;cfo;fcf;ozkaynaklar;toplam_borc;net_borc;nakit;toplam_aktif,toplam_borc;net_borc;ebitda;ihracat_orani;piyasa_degeri;pb;roe;roa;ev;ev_ebitda;fcf_verim
TTKOM.IS,2025Q4,2025-12-31,XI_29,isyatirim_pit,,,2026-09-07T22:37:07.181340694,,,2026-03-15,APPROXIMATE_FIXED_LAG,UNKNOWN,UNKNOWN,data\raw\isyatirim_cache\TTKOM_2025_XI_29.json,satislar;ebitda;op_gelir;net_kar;cfo;fcf;ozkaynaklar;toplam_borc;net_borc;nakit;toplam_aktif,toplam_borc;net_borc;ebitda;ihracat_orani;piyasa_degeri;pb;roe;roa;ev;ev_ebitda;fcf_verim
TTKOM.IS,2026Q1,2026-03-31,XI_29,isyatirim_pit,,,2026-09-07T22:37:07.320746899,,,2026-05-15,APPROXIMATE_FIXED_LAG,UNKNOWN,UNKNOWN,data\raw\isyatirim_cache\TTKOM_2026_XI_29.json,satislar;ebitda;op_gelir;net_kar;cfo;fcf;ozkaynaklar;toplam_borc;net_borc;nakit;toplam_aktif,toplam_borc;net_borc;ebitda;ihracat_orani;piyasa_degeri;pb;roe;roa;ev;ev_ebitda;fcf_verim
TTKOM.IS,2026Q2,2026-06-30,XI_29,isyatirim_pit,,,2026-09-07T22:37:07.320746899,,,2026-08-15,APPROXIMATE_FIXED_LAG,UNKNOWN,UNKNOWN,data\raw\isyatirim_cache\TTKOM_2026_XI_29.json,satislar;ebitda;op_gelir;net_kar;cfo;fcf;ozkaynaklar;toplam_borc;net_borc;nakit;toplam_aktif,toplam_borc;net_borc;ebitda;ihracat_orani;piyasa_degeri;pb;roe;roa;ev;ev_ebitda;fcf_verim
TTRAK.IS,2018Q1,2018-03-31,XI_29,isyatirim_pit,,,2026-09-07T22:37:00.273263931,,,2018-05-15,APPROXIMATE_FIXED_LAG,UNKNOWN,UNKNOWN,data\raw\isyatirim_cache\TTRAK_2018_XI_29.json,satislar;ebitda;op_gelir;net_kar;cfo;fcf;ozkaynaklar;toplam_borc;net_borc;nakit;toplam_aktif,toplam_borc;net_borc;ebitda;ihracat_orani;piyasa_degeri;pb;roe;roa;ev;ev_ebitda;fcf_verim
TTRAK.IS,2018Q2,2018-06-30,XI_29,isyatirim_pit,,,2026-09-07T22:37:00.273263931,,,2018-08-15,APPROXIMATE_FIXED_LAG,UNKNOWN,UNKNOWN,data\raw\isyatirim_cache\TTRAK_2018_XI_29.json,satislar;ebitda;op_gelir;net_kar;cfo;fcf;ozkaynaklar;toplam_borc;net_borc;nakit;toplam_aktif,toplam_borc;net_borc;ebitda;ihracat_orani;piyasa_degeri;pb;roe;roa;ev;ev_ebitda;fcf_verim
TTRAK.IS,2018Q3,2018-09-30,XI_29,isyatirim_pit,,,2026-09-07T22:37:00.273263931,,,2018-11-15,APPROXIMATE_FIXED_LAG,UNKNOWN,UNKNOWN,data\raw\isyatirim_cache\TTRAK_2018_XI_29.json,satislar;ebitda;op_gelir;net_kar;cfo;fcf;ozkaynaklar;toplam_borc;net_borc;nakit;toplam_aktif,toplam_borc;net_borc;ebitda;ihracat_orani;piyasa_degeri;pb;roe;roa;ev;ev_ebitda;fcf_verim
TTRAK.IS,2018Q4,2018-12-31,XI_29,isyatirim_pit,,,2026-09-07T22:37:00.273263931,,,2019-03-15,APPROXIMATE_FIXED_LAG,UNKNOWN,UNKNOWN,data\raw\isyatirim_cache\TTRAK_2018_XI_29.json,satislar;ebitda;op_gelir;net_kar;cfo;fcf;ozkaynaklar;toplam_borc;net_borc;nakit;toplam_aktif,toplam_borc;net_borc;ebitda;ihracat_orani;piyasa_degeri;pb;roe;roa;ev;ev_ebitda;fcf_verim
TTRAK.IS,2019Q1,2019-03-31,XI_29,isyatirim_pit,,,2026-09-07T22:37:00.491919279,,,2019-05-15,APPROXIMATE_FIXED_LAG,UNKNOWN,UNKNOWN,data\raw\isyatirim_cache\TTRAK_2019_XI_29.json,satislar;ebitda;op_gelir;net_kar;cfo;fcf;ozkaynaklar;toplam_borc;net_borc;nakit;toplam_aktif,toplam_borc;net_borc;ebitda;ihracat_orani;piyasa_degeri;pb;roe;roa;ev;ev_ebitda;fcf_verim
TTRAK.IS,2019Q2,2019-06-30,XI_29,isyatirim_pit,,,2026-09-07T22:37:00.491919279,,,2019-08-15,APPROXIMATE_FIXED_LAG,UNKNOWN,UNKNOWN,data\raw\isyatirim_cache\TTRAK_2019_XI_29.json,satislar;ebitda;op_gelir;net_kar;cfo;fcf;ozkaynaklar;toplam_borc;net_borc;nakit;toplam_aktif,toplam_borc;net_borc;ebitda;ihracat_orani;piyasa_degeri;pb;roe;roa;ev;ev_ebitda;fcf_verim
TTRAK.IS,2019Q3,2019-09-30,XI_29,isyatirim_pit,,,2026-09-07T22:37:00.491919279,,,2019-11-15,APPROXIMATE_FIXED_LAG,UNKNOWN,UNKNOWN,data\raw\isyatirim_cache\TTRAK_2019_XI_29.json,satislar;ebitda;op_gelir;net_kar;cfo;fcf;ozkaynaklar;toplam_borc;net_borc;nakit;toplam_aktif,toplam_borc;net_borc;ebitda;ihracat_orani;piyasa_degeri;pb;roe;roa;ev;ev_ebitda;fcf_verim
TTRAK.IS,2019Q4,2019-12-31,XI_29,isyatirim_pit,,,2026-09-07T22:37:00.491919279,,,2020-03-15,APPROXIMATE_FIXED_LAG,UNKNOWN,UNKNOWN,data\raw\isyatirim_cache\TTRAK_2019_XI_29.json,satislar;ebitda;op_gelir;net_kar;cfo;fcf;ozkaynaklar;toplam_borc;net_borc;nakit;toplam_aktif,toplam_borc;net_borc;ebitda;ihracat_orani;piyasa_degeri;pb;roe;roa;ev;ev_ebitda;fcf_verim
TTRAK.IS,2020Q1,2020-03-31,XI_29,isyatirim_pit,,,2026-09-07T22:37:00.625687599,,,2020-05-15,APPROXIMATE_FIXED_LAG,UNKNOWN,UNKNOWN,data\raw\isyatirim_cache\TTRAK_2020_XI_29.json,satislar;ebitda;op_gelir;net_kar;cfo;fcf;ozkaynaklar;toplam_borc;net_borc;nakit;toplam_aktif,toplam_borc;net_borc;ebitda;ihracat_orani;piyasa_degeri;pb;roe;roa;ev;ev_ebitda;fcf_verim
TTRAK.IS,2020Q2,2020-06-30,XI_29,isyatirim_pit,,,2026-09-07T22:37:00.625687599,,,2020-08-15,APPROXIMATE_FIXED_LAG,UNKNOWN,UNKNOWN,data\raw\isyatirim_cache\TTRAK_2020_XI_29.json,satislar;ebitda;op_gelir;net_kar;cfo;fcf;ozkaynaklar;toplam_borc;net_borc;nakit;toplam_aktif,toplam_borc;net_borc;ebitda;ihracat_orani;piyasa_degeri;pb;roe;roa;ev;ev_ebitda;fcf_verim
TTRAK.IS,2020Q3,2020-09-30,XI_29,isyatirim_pit,,,2026-09-07T22:37:00.625687599,,,2020-11-15,APPROXIMATE_FIXED_LAG,UNKNOWN,UNKNOWN,data\raw\isyatirim_cache\TTRAK_2020_XI_29.json,satislar;ebitda;op_gelir;net_kar;cfo;fcf;ozkaynaklar;toplam_borc;net_borc;nakit;toplam_aktif,toplam_borc;net_borc;ebitda;ihracat_orani;piyasa_degeri;pb;roe;roa;ev;ev_ebitda;fcf_verim
TTRAK.IS,2020Q4,2020-12-31,XI_29,isyatirim_pit,,,2026-09-07T22:37:00.625687599,,,2021-03-15,APPROXIMATE_FIXED_LAG,UNKNOWN,UNKNOWN,data\raw\isyatirim_cache\TTRAK_2020_XI_29.json,satislar;ebitda;op_gelir;net_kar;cfo;fcf;ozkaynaklar;toplam_borc;net_borc;nakit;toplam_aktif,toplam_borc;net_borc;ebitda;ihracat_orani;piyasa_degeri;pb;roe;roa;ev;ev_ebitda;fcf_verim
TTRAK.IS,2021Q1,2021-03-31,XI_29,isyatirim_pit,,,2026-09-07T22:37:00.754263401,,,2021-05-15,APPROXIMATE_FIXED_LAG,UNKNOWN,UNKNOWN,data\raw\isyatirim_cache\TTRAK_2021_XI_29.json,satislar;ebitda;op_gelir;net_kar;cfo;fcf;ozkaynaklar;toplam_borc;net_borc;nakit;toplam_aktif,toplam_borc;net_borc;ebitda;ihracat_orani;piyasa_degeri;pb;roe;roa;ev;ev_ebitda;fcf_verim
TTRAK.IS,2021Q2,2021-06-30,XI_29,isyatirim_pit,,,2026-09-07T22:37:00.754263401,,,2021-08-15,APPROXIMATE_FIXED_LAG,UNKNOWN,UNKNOWN,data\raw\isyatirim_cache\TTRAK_2021_XI_29.json,satislar;ebitda;op_gelir;net_kar;cfo;fcf;ozkaynaklar;toplam_borc;net_borc;nakit;toplam_aktif,toplam_borc;net_borc;ebitda;ihracat_orani;piyasa_degeri;pb;roe;roa;ev;ev_ebitda;fcf_verim
TTRAK.IS,2021Q3,2021-09-30,XI_29,isyatirim_pit,,,2026-09-07T22:37:00.754263401,,,2021-11-15,APPROXIMATE_FIXED_LAG,UNKNOWN,UNKNOWN,data\raw\isyatirim_cache\TTRAK_2021_XI_29.json,satislar;ebitda;op_gelir;net_kar;cfo;fcf;ozkaynaklar;toplam_borc;net_borc;nakit;toplam_aktif,toplam_borc;net_borc;ebitda;ihracat_orani;piyasa_degeri;pb;roe;roa;ev;ev_ebitda;fcf_verim
TTRAK.IS,2021Q4,2021-12-31,XI_29,isyatirim_pit,,,2026-09-07T22:37:00.754263401,,,2022-03-15,APPROXIMATE_FIXED_LAG,UNKNOWN,UNKNOWN,data\raw\isyatirim_cache\TTRAK_2021_XI_29.json,satislar;ebitda;op_gelir;net_kar;cfo;fcf;ozkaynaklar;toplam_borc;net_borc;nakit;toplam_aktif,toplam_borc;net_borc;ebitda;ihracat_orani;piyasa_degeri;pb;roe;roa;ev;ev_ebitda;fcf_verim
TTRAK.IS,2022Q1,2022-03-31,XI_29,isyatirim_pit,,,2026-09-07T22:37:00.892107248,,,2022-05-15,APPROXIMATE_FIXED_LAG,UNKNOWN,UNKNOWN,data\raw\isyatirim_cache\TTRAK_2022_XI_29.json,satislar;ebitda;op_gelir;net_kar;cfo;fcf;ozkaynaklar;toplam_borc;net_borc;nakit;toplam_aktif,toplam_borc;net_borc;ebitda;ihracat_orani;piyasa_degeri;pb;roe;roa;ev;ev_ebitda;fcf_verim
TTRAK.IS,2022Q2,2022-06-30,XI_29,isyatirim_pit,,,2026-09-07T22:37:00.892107248,,,2022-08-15,APPROXIMATE_FIXED_LAG,UNKNOWN,UNKNOWN,data\raw\isyatirim_cache\TTRAK_2022_XI_29.json,satislar;ebitda;op_gelir;net_kar;cfo;fcf;ozkaynaklar;toplam_borc;net_borc;nakit;toplam_aktif,toplam_borc;net_borc;ebitda;ihracat_orani;piyasa_degeri;pb;roe;roa;ev;ev_ebitda;fcf_verim
TTRAK.IS,2022Q3,2022-09-30,XI_29,isyatirim_pit,,,2026-09-07T22:37:00.892107248,,,2022-11-15,APPROXIMATE_FIXED_LAG,UNKNOWN,UNKNOWN,data\raw\isyatirim_cache\TTRAK_2022_XI_29.json,satislar;ebitda;op_gelir;net_kar;cfo;fcf;ozkaynaklar;toplam_borc;net_borc;nakit;toplam_aktif,toplam_borc;net_borc;ebitda;ihracat_orani;piyasa_degeri;pb;roe;roa;ev;ev_ebitda;fcf_verim
TTRAK.IS,2022Q4,2022-12-31,XI_29,isyatirim_pit,,,2026-09-07T22:37:00.892107248,,,2023-03-15,APPROXIMATE_FIXED_LAG,UNKNOWN,UNKNOWN,data\raw\isyatirim_cache\TTRAK_2022_XI_29.json,satislar;ebitda;op_gelir;net_kar;cfo;fcf;ozkaynaklar;toplam_borc;net_borc;nakit;toplam_aktif,toplam_borc;net_borc;ebitda;ihracat_orani;piyasa_degeri;pb;roe;roa;ev;ev_ebitda;fcf_verim
TTRAK.IS,2023Q1,2023-03-31,XI_29,isyatirim_pit,,,2026-09-07T22:37:01.029967070,,,2023-05-15,APPROXIMATE_FIXED_LAG,UNKNOWN,UNKNOWN,data\raw\isyatirim_cache\TTRAK_2023_XI_29.json,satislar;ebitda;op_gelir;net_kar;cfo;fcf;ozkaynaklar;toplam_borc;net_borc;nakit;toplam_aktif,toplam_borc;net_borc;ebitda;ihracat_orani;piyasa_degeri;pb;roe;roa;ev;ev_ebitda;fcf_verim
TTRAK.IS,2023Q2,2023-06-30,XI_29,isyatirim_pit,,,2026-09-07T22:37:01.029967070,,,2023-08-15,APPROXIMATE_FIXED_LAG,UNKNOWN,UNKNOWN,data\raw\isyatirim_cache\TTRAK_2023_XI_29.json,satislar;ebitda;op_gelir;net_kar;cfo;fcf;ozkaynaklar;toplam_borc;net_borc;nakit;toplam_aktif,toplam_borc;net_borc;ebitda;ihracat_orani;piyasa_degeri;pb;roe;roa;ev;ev_ebitda;fcf_verim
TTRAK.IS,2023Q3,2023-09-30,XI_29,isyatirim_pit,,,2026-09-07T22:37:01.029967070,,,2023-11-15,APPROXIMATE_FIXED_LAG,UNKNOWN,UNKNOWN,data\raw\isyatirim_cache\TTRAK_2023_XI_29.json,satislar;ebitda;op_gelir;net_kar;cfo;fcf;ozkaynaklar;toplam_borc;net_borc;nakit;toplam_aktif,toplam_borc;net_borc;ebitda;ihracat_orani;piyasa_degeri;pb;roe;roa;ev;ev_ebitda;fcf_verim
TTRAK.IS,2023Q4,2023-12-31,XI_29,isyatirim_pit,,,2026-09-07T22:37:01.029967070,,,2024-03-15,APPROXIMATE_FIXED_LAG,UNKNOWN,UNKNOWN,data\raw\isyatirim_cache\TTRAK_2023_XI_29.json,satislar;ebitda;op_gelir;net_kar;cfo;fcf;ozkaynaklar;toplam_borc;net_borc;nakit;toplam_aktif,toplam_borc;net_borc;ebitda;ihracat_orani;piyasa_degeri;pb;roe;roa;ev;ev_ebitda;fcf_verim
TTRAK.IS,2024Q1,2024-03-31,XI_29,isyatirim_pit,,,2026-09-07T22:37:01.119491100,,,2024-05-15,APPROXIMATE_FIXED_LAG,UNKNOWN,UNKNOWN,data\raw\isyatirim_cache\TTRAK_2024_XI_29.json,satislar;ebitda;op_gelir;net_kar;cfo;fcf;ozkaynaklar;toplam_borc;net_borc;nakit;toplam_aktif,toplam_borc;net_borc;ebitda;ihracat_orani;piyasa_degeri;pb;roe;roa;ev;ev_ebitda;fcf_verim
TTRAK.IS,2024Q2,2024-06-30,XI_29,isyatirim_pit,,,2026-09-07T22:37:01.119491100,,,2024-08-15,APPROXIMATE_FIXED_LAG,UNKNOWN,UNKNOWN,data\raw\isyatirim_cache\TTRAK_2024_XI_29.json,satislar;ebitda;op_gelir;net_kar;cfo;fcf;ozkaynaklar;toplam_borc;net_borc;nakit;toplam_aktif,toplam_borc;net_borc;ebitda;ihracat_orani;piyasa_degeri;pb;roe;roa;ev;ev_ebitda;fcf_verim
TTRAK.IS,2024Q3,2024-09-30,XI_29,isyatirim_pit,,,2026-09-07T22:37:01.119491100,,,2024-11-15,APPROXIMATE_FIXED_LAG,UNKNOWN,UNKNOWN,data\raw\isyatirim_cache\TTRAK_2024_XI_29.json,satislar;ebitda;op_gelir;net_kar;cfo;fcf;ozkaynaklar;toplam_borc;net_borc;nakit;toplam_aktif,toplam_borc;net_borc;ebitda;ihracat_orani;piyasa_degeri;pb;roe;roa;ev;ev_ebitda;fcf_verim
TTRAK.IS,2024Q4,2024-12-31,XI_29,isyatirim_pit,,,2026-09-07T22:37:01.119491100,,,2025-03-15,APPROXIMATE_FIXED_LAG,UNKNOWN,UNKNOWN,data\raw\isyatirim_cache\TTRAK_2024_XI_29.json,satislar;ebitda;op_gelir;net_kar;cfo;fcf;ozkaynaklar;toplam_borc;net_borc;nakit;toplam_aktif,toplam_borc;net_borc;ebitda;ihracat_orani;piyasa_degeri;pb;roe;roa;ev;ev_ebitda;fcf_verim
TTRAK.IS,2025Q1,2025-03-31,XI_29,isyatirim_pit,,,2026-09-07T22:37:01.252321242,,,2025-05-15,APPROXIMATE_FIXED_LAG,UNKNOWN,UNKNOWN,data\raw\isyatirim_cache\TTRAK_2025_XI_29.json,satislar;ebitda;op_gelir;net_kar;cfo;fcf;ozkaynaklar;toplam_borc;net_borc;nakit;toplam_aktif,toplam_borc;net_borc;ebitda;ihracat_orani;piyasa_degeri;pb;roe;roa;ev;ev_ebitda;fcf_verim
TTRAK.IS,2025Q2,2025-06-30,XI_29,isyatirim_pit,,,2026-09-07T22:37:01.252321242,,,2025-08-15,APPROXIMATE_FIXED_LAG,UNKNOWN,UNKNOWN,data\raw\isyatirim_cache\TTRAK_2025_XI_29.json,satislar;ebitda;op_gelir;net_kar;cfo;fcf;ozkaynaklar;toplam_borc;net_borc;nakit;toplam_aktif,toplam_borc;net_borc;ebitda;ihracat_orani;piyasa_degeri;pb;roe;roa;ev;ev_ebitda;fcf_verim
TTRAK.IS,2025Q3,2025-09-30,XI_29,isyatirim_pit,,,2026-09-07T22:37:01.252321242,,,2025-11-15,APPROXIMATE_FIXED_LAG,UNKNOWN,UNKNOWN,data\raw\isyatirim_cache\TTRAK_2025_XI_29.json,satislar;ebitda;op_gelir;net_kar;cfo;fcf;ozkaynaklar;toplam_borc;net_borc;nakit;toplam_aktif,toplam_borc;net_borc;ebitda;ihracat_orani;piyasa_degeri;pb;roe;roa;ev;ev_ebitda;fcf_verim
TTRAK.IS,2025Q4,2025-12-31,XI_29,isyatirim_pit,,,2026-09-07T22:37:01.252321242,,,2026-03-15,APPROXIMATE_FIXED_LAG,UNKNOWN,UNKNOWN,data\raw\isyatirim_cache\TTRAK_2025_XI_29.json,satislar;ebitda;op_gelir;net_kar;cfo;fcf;ozkaynaklar;toplam_borc;net_borc;nakit;toplam_aktif,toplam_borc;net_borc;ebitda;ihracat_orani;piyasa_degeri;pb;roe;roa;ev;ev_ebitda;fcf_verim
TTRAK.IS,2026Q1,2026-03-31,XI_29,isyatirim_pit,,,2026-09-07T22:37:01.412256718,,,2026-05-15,APPROXIMATE_FIXED_LAG,UNKNOWN,UNKNOWN,data\raw\isyatirim_cache\TTRAK_2026_XI_29.json,satislar;ebitda;op_gelir;net_kar;cfo;fcf;ozkaynaklar;toplam_borc;net_borc;nakit;toplam_aktif,toplam_borc;net_borc;ebitda;ihracat_orani;piyasa_degeri;pb;roe;roa;ev;ev_ebitda;fcf_verim
TTRAK.IS,2026Q2,2026-06-30,XI_29,isyatirim_pit,,,2026-09-07T22:37:01.412256718,,,2026-08-15,APPROXIMATE_FIXED_LAG,UNKNOWN,UNKNOWN,data\raw\isyatirim_cache\TTRAK_2026_XI_29.json,satislar;ebitda;op_gelir;net_kar;cfo;fcf;ozkaynaklar;toplam_borc;net_borc;nakit;toplam_aktif,toplam_borc;net_borc;ebitda;ihracat_orani;piyasa_degeri;pb;roe;roa;ev;ev_ebitda;fcf_verim
TUPRS.IS,2018Q1,2018-03-31,XI_29,isyatirim_pit,,,2026-09-07T22:36:50.476502419,,,2018-05-15,APPROXIMATE_FIXED_LAG,UNKNOWN,UNKNOWN,data\raw\isyatirim_cache\TUPRS_2018_XI_29.json,satislar;ebitda;op_gelir;net_kar;cfo;fcf;ozkaynaklar;toplam_borc;net_borc;nakit;toplam_aktif,toplam_borc;net_borc;ebitda;ihracat_orani;piyasa_degeri;pb;roe;roa;ev;ev_ebitda;fcf_verim
TUPRS.IS,2018Q2,2018-06-30,XI_29,isyatirim_pit,,,2026-09-07T22:36:50.476502419,,,2018-08-15,APPROXIMATE_FIXED_LAG,UNKNOWN,UNKNOWN,data\raw\isyatirim_cache\TUPRS_2018_XI_29.json,satislar;ebitda;op_gelir;net_kar;cfo;fcf;ozkaynaklar;toplam_borc;net_borc;nakit;toplam_aktif,toplam_borc;net_borc;ebitda;ihracat_orani;piyasa_degeri;pb;roe;roa;ev;ev_ebitda;fcf_verim
TUPRS.IS,2018Q3,2018-09-30,XI_29,isyatirim_pit,,,2026-09-07T22:36:50.476502419,,,2018-11-15,APPROXIMATE_FIXED_LAG,UNKNOWN,UNKNOWN,data\raw\isyatirim_cache\TUPRS_2018_XI_29.json,satislar;ebitda;op_gelir;net_kar;cfo;fcf;ozkaynaklar;toplam_borc;net_borc;nakit;toplam_aktif,toplam_borc;net_borc;ebitda;ihracat_orani;piyasa_degeri;pb;roe;roa;ev;ev_ebitda;fcf_verim
TUPRS.IS,2018Q4,2018-12-31,XI_29,isyatirim_pit,,,2026-09-07T22:36:50.476502419,,,2019-03-15,APPROXIMATE_FIXED_LAG,UNKNOWN,UNKNOWN,data\raw\isyatirim_cache\TUPRS_2018_XI_29.json,satislar;ebitda;op_gelir;net_kar;cfo;fcf;ozkaynaklar;toplam_borc;net_borc;nakit;toplam_aktif,toplam_borc;net_borc;ebitda;ihracat_orani;piyasa_degeri;pb;roe;roa;ev;ev_ebitda;fcf_verim
TUPRS.IS,2019Q1,2019-03-31,XI_29,isyatirim_pit,,,2026-09-07T22:36:50.608197212,,,2019-05-15,APPROXIMATE_FIXED_LAG,UNKNOWN,UNKNOWN,data\raw\isyatirim_cache\TUPRS_2019_XI_29.json,satislar;ebitda;op_gelir;net_kar;cfo;fcf;ozkaynaklar;toplam_borc;net_borc;nakit;toplam_aktif,toplam_borc;net_borc;ebitda;ihracat_orani;piyasa_degeri;pb;roe;roa;ev;ev_ebitda;fcf_verim
TUPRS.IS,2019Q2,2019-06-30,XI_29,isyatirim_pit,,,2026-09-07T22:36:50.608197212,,,2019-08-15,APPROXIMATE_FIXED_LAG,UNKNOWN,UNKNOWN,data\raw\isyatirim_cache\TUPRS_2019_XI_29.json,satislar;ebitda;op_gelir;net_kar;cfo;fcf;ozkaynaklar;toplam_borc;net_borc;nakit;toplam_aktif,toplam_borc;net_borc;ebitda;ihracat_orani;piyasa_degeri;pb;roe;roa;ev;ev_ebitda;fcf_verim
TUPRS.IS,2019Q3,2019-09-30,XI_29,isyatirim_pit,,,2026-09-07T22:36:50.608197212,,,2019-11-15,APPROXIMATE_FIXED_LAG,UNKNOWN,UNKNOWN,data\raw\isyatirim_cache\TUPRS_2019_XI_29.json,satislar;ebitda;op_gelir;net_kar;cfo;fcf;ozkaynaklar;toplam_borc;net_borc;nakit;toplam_aktif,toplam_borc;net_borc;ebitda;ihracat_orani;piyasa_degeri;pb;roe;roa;ev;ev_ebitda;fcf_verim
TUPRS.IS,2019Q4,2019-12-31,XI_29,isyatirim_pit,,,2026-09-07T22:36:50.608197212,,,2020-03-15,APPROXIMATE_FIXED_LAG,UNKNOWN,UNKNOWN,data\raw\isyatirim_cache\TUPRS_2019_XI_29.json,satislar;ebitda;op_gelir;net_kar;cfo;fcf;ozkaynaklar;toplam_borc;net_borc;nakit;toplam_aktif,toplam_borc;net_borc;ebitda;ihracat_orani;piyasa_degeri;pb;roe;roa;ev;ev_ebitda;fcf_verim
TUPRS.IS,2020Q1,2020-03-31,XI_29,isyatirim_pit,,,2026-09-07T22:36:50.736819029,,,2020-05-15,APPROXIMATE_FIXED_LAG,UNKNOWN,UNKNOWN,data\raw\isyatirim_cache\TUPRS_2020_XI_29.json,satislar;ebitda;op_gelir;net_kar;cfo;fcf;ozkaynaklar;toplam_borc;net_borc;nakit;toplam_aktif,toplam_borc;net_borc;ebitda;ihracat_orani;piyasa_degeri;pb;roe;roa;ev;ev_ebitda;fcf_verim
TUPRS.IS,2020Q2,2020-06-30,XI_29,isyatirim_pit,,,2026-09-07T22:36:50.736819029,,,2020-08-15,APPROXIMATE_FIXED_LAG,UNKNOWN,UNKNOWN,data\raw\isyatirim_cache\TUPRS_2020_XI_29.json,satislar;ebitda;op_gelir;net_kar;cfo;fcf;ozkaynaklar;toplam_borc;net_borc;nakit;toplam_aktif,toplam_borc;net_borc;ebitda;ihracat_orani;piyasa_degeri;pb;roe;roa;ev;ev_ebitda;fcf_verim
TUPRS.IS,2020Q3,2020-09-30,XI_29,isyatirim_pit,,,2026-09-07T22:36:50.736819029,,,2020-11-15,APPROXIMATE_FIXED_LAG,UNKNOWN,UNKNOWN,data\raw\isyatirim_cache\TUPRS_2020_XI_29.json,satislar;ebitda;op_gelir;net_kar;cfo;fcf;ozkaynaklar;toplam_borc;net_borc;nakit;toplam_aktif,toplam_borc;net_borc;ebitda;ihracat_orani;piyasa_degeri;pb;roe;roa;ev;ev_ebitda;fcf_verim
TUPRS.IS,2020Q4,2020-12-31,XI_29,isyatirim_pit,,,2026-09-07T22:36:50.736819029,,,2021-03-15,APPROXIMATE_FIXED_LAG,UNKNOWN,UNKNOWN,data\raw\isyatirim_cache\TUPRS_2020_XI_29.json,satislar;ebitda;op_gelir;net_kar;cfo;fcf;ozkaynaklar;toplam_borc;net_borc;nakit;toplam_aktif,toplam_borc;net_borc;ebitda;ihracat_orani;piyasa_degeri;pb;roe;roa;ev;ev_ebitda;fcf_verim
TUPRS.IS,2021Q1,2021-03-31,XI_29,isyatirim_pit,,,2026-09-07T22:36:50.903809786,,,2021-05-15,APPROXIMATE_FIXED_LAG,UNKNOWN,UNKNOWN,data\raw\isyatirim_cache\TUPRS_2021_XI_29.json,satislar;ebitda;op_gelir;net_kar;cfo;fcf;ozkaynaklar;toplam_borc;net_borc;nakit;toplam_aktif,toplam_borc;net_borc;ebitda;ihracat_orani;piyasa_degeri;pb;roe;roa;ev;ev_ebitda;fcf_verim
TUPRS.IS,2021Q2,2021-06-30,XI_29,isyatirim_pit,,,2026-09-07T22:36:50.903809786,,,2021-08-15,APPROXIMATE_FIXED_LAG,UNKNOWN,UNKNOWN,data\raw\isyatirim_cache\TUPRS_2021_XI_29.json,satislar;ebitda;op_gelir;net_kar;cfo;fcf;ozkaynaklar;toplam_borc;net_borc;nakit;toplam_aktif,toplam_borc;net_borc;ebitda;ihracat_orani;piyasa_degeri;pb;roe;roa;ev;ev_ebitda;fcf_verim
TUPRS.IS,2021Q3,2021-09-30,XI_29,isyatirim_pit,,,2026-09-07T22:36:50.903809786,,,2021-11-15,APPROXIMATE_FIXED_LAG,UNKNOWN,UNKNOWN,data\raw\isyatirim_cache\TUPRS_2021_XI_29.json,satislar;ebitda;op_gelir;net_kar;cfo;fcf;ozkaynaklar;toplam_borc;net_borc;nakit;toplam_aktif,toplam_borc;net_borc;ebitda;ihracat_orani;piyasa_degeri;pb;roe;roa;ev;ev_ebitda;fcf_verim
TUPRS.IS,2021Q4,2021-12-31,XI_29,isyatirim_pit,,,2026-09-07T22:36:50.903809786,,,2022-03-15,APPROXIMATE_FIXED_LAG,UNKNOWN,UNKNOWN,data\raw\isyatirim_cache\TUPRS_2021_XI_29.json,satislar;ebitda;op_gelir;net_kar;cfo;fcf;ozkaynaklar;toplam_borc;net_borc;nakit;toplam_aktif,toplam_borc;net_borc;ebitda;ihracat_orani;piyasa_degeri;pb;roe;roa;ev;ev_ebitda;fcf_verim
TUPRS.IS,2022Q1,2022-03-31,XI_29,isyatirim_pit,,,2026-09-07T22:36:51.038475275,,,2022-05-15,APPROXIMATE_FIXED_LAG,UNKNOWN,UNKNOWN,data\raw\isyatirim_cache\TUPRS_2022_XI_29.json,satislar;ebitda;op_gelir;net_kar;cfo;fcf;ozkaynaklar;toplam_borc;net_borc;nakit;toplam_aktif,toplam_borc;net_borc;ebitda;ihracat_orani;piyasa_degeri;pb;roe;roa;ev;ev_ebitda;fcf_verim
TUPRS.IS,2022Q2,2022-06-30,XI_29,isyatirim_pit,,,2026-09-07T22:36:51.038475275,,,2022-08-15,APPROXIMATE_FIXED_LAG,UNKNOWN,UNKNOWN,data\raw\isyatirim_cache\TUPRS_2022_XI_29.json,satislar;ebitda;op_gelir;net_kar;cfo;fcf;ozkaynaklar;toplam_borc;net_borc;nakit;toplam_aktif,toplam_borc;net_borc;ebitda;ihracat_orani;piyasa_degeri;pb;roe;roa;ev;ev_ebitda;fcf_verim
TUPRS.IS,2022Q3,2022-09-30,XI_29,isyatirim_pit,,,2026-09-07T22:36:51.038475275,,,2022-11-15,APPROXIMATE_FIXED_LAG,UNKNOWN,UNKNOWN,data\raw\isyatirim_cache\TUPRS_2022_XI_29.json,satislar;ebitda;op_gelir;net_kar;cfo;fcf;ozkaynaklar;toplam_borc;net_borc;nakit;toplam_aktif,toplam_borc;net_borc;ebitda;ihracat_orani;piyasa_degeri;pb;roe;roa;ev;ev_ebitda;fcf_verim
TUPRS.IS,2022Q4,2022-12-31,XI_29,isyatirim_pit,,,2026-09-07T22:36:51.038475275,,,2023-03-15,APPROXIMATE_FIXED_LAG,UNKNOWN,UNKNOWN,data\raw\isyatirim_cache\TUPRS_2022_XI_29.json,satislar;ebitda;op_gelir;net_kar;cfo;fcf;ozkaynaklar;toplam_borc;net_borc;nakit;toplam_aktif,toplam_borc;net_borc;ebitda;ihracat_orani;piyasa_degeri;pb;roe;roa;ev;ev_ebitda;fcf_verim
TUPRS.IS,2023Q1,2023-03-31,XI_29,isyatirim_pit,,,2026-09-07T22:36:51.167598963,,,2023-05-15,APPROXIMATE_FIXED_LAG,UNKNOWN,UNKNOWN,data\raw\isyatirim_cache\TUPRS_2023_XI_29.json,satislar;ebitda;op_gelir;net_kar;cfo;fcf;ozkaynaklar;toplam_borc;net_borc;nakit;toplam_aktif,toplam_borc;net_borc;ebitda;ihracat_orani;piyasa_degeri;pb;roe;roa;ev;ev_ebitda;fcf_verim
TUPRS.IS,2023Q2,2023-06-30,XI_29,isyatirim_pit,,,2026-09-07T22:36:51.167598963,,,2023-08-15,APPROXIMATE_FIXED_LAG,UNKNOWN,UNKNOWN,data\raw\isyatirim_cache\TUPRS_2023_XI_29.json,satislar;ebitda;op_gelir;net_kar;cfo;fcf;ozkaynaklar;toplam_borc;net_borc;nakit;toplam_aktif,toplam_borc;net_borc;ebitda;ihracat_orani;piyasa_degeri;pb;roe;roa;ev;ev_ebitda;fcf_verim
TUPRS.IS,2023Q3,2023-09-30,XI_29,isyatirim_pit,,,2026-09-07T22:36:51.167598963,,,2023-11-15,APPROXIMATE_FIXED_LAG,UNKNOWN,UNKNOWN,data\raw\isyatirim_cache\TUPRS_2023_XI_29.json,satislar;ebitda;op_gelir;net_kar;cfo;fcf;ozkaynaklar;toplam_borc;net_borc;nakit;toplam_aktif,toplam_borc;net_borc;ebitda;ihracat_orani;piyasa_degeri;pb;roe;roa;ev;ev_ebitda;fcf_verim
TUPRS.IS,2023Q4,2023-12-31,XI_29,isyatirim_pit,,,2026-09-07T22:36:51.167598963,,,2024-03-15,APPROXIMATE_FIXED_LAG,UNKNOWN,UNKNOWN,data\raw\isyatirim_cache\TUPRS_2023_XI_29.json,satislar;ebitda;op_gelir;net_kar;cfo;fcf;ozkaynaklar;toplam_borc;net_borc;nakit;toplam_aktif,toplam_borc;net_borc;ebitda;ihracat_orani;piyasa_degeri;pb;roe;roa;ev;ev_ebitda;fcf_verim
TUPRS.IS,2024Q1,2024-03-31,XI_29,isyatirim_pit,,,2026-09-07T22:36:51.270615816,,,2024-05-15,APPROXIMATE_FIXED_LAG,UNKNOWN,UNKNOWN,data\raw\isyatirim_cache\TUPRS_2024_XI_29.json,satislar;ebitda;op_gelir;net_kar;cfo;fcf;ozkaynaklar;toplam_borc;net_borc;nakit;toplam_aktif,toplam_borc;net_borc;ebitda;ihracat_orani;piyasa_degeri;pb;roe;roa;ev;ev_ebitda;fcf_verim
TUPRS.IS,2024Q2,2024-06-30,XI_29,isyatirim_pit,,,2026-09-07T22:36:51.270615816,,,2024-08-15,APPROXIMATE_FIXED_LAG,UNKNOWN,UNKNOWN,data\raw\isyatirim_cache\TUPRS_2024_XI_29.json,satislar;ebitda;op_gelir;net_kar;cfo;fcf;ozkaynaklar;toplam_borc;net_borc;nakit;toplam_aktif,toplam_borc;net_borc;ebitda;ihracat_orani;piyasa_degeri;pb;roe;roa;ev;ev_ebitda;fcf_verim
TUPRS.IS,2024Q3,2024-09-30,XI_29,isyatirim_pit,,,2026-09-07T22:36:51.270615816,,,2024-11-15,APPROXIMATE_FIXED_LAG,UNKNOWN,UNKNOWN,data\raw\isyatirim_cache\TUPRS_2024_XI_29.json,satislar;ebitda;op_gelir;net_kar;cfo;fcf;ozkaynaklar;toplam_borc;net_borc;nakit;toplam_aktif,toplam_borc;net_borc;ebitda;ihracat_orani;piyasa_degeri;pb;roe;roa;ev;ev_ebitda;fcf_verim
TUPRS.IS,2024Q4,2024-12-31,XI_29,isyatirim_pit,,,2026-09-07T22:36:51.270615816,,,2025-03-15,APPROXIMATE_FIXED_LAG,UNKNOWN,UNKNOWN,data\raw\isyatirim_cache\TUPRS_2024_XI_29.json,satislar;ebitda;op_gelir;net_kar;cfo;fcf;ozkaynaklar;toplam_borc;net_borc;nakit;toplam_aktif,toplam_borc;net_borc;ebitda;ihracat_orani;piyasa_degeri;pb;roe;roa;ev;ev_ebitda;fcf_verim
TUPRS.IS,2025Q1,2025-03-31,XI_29,isyatirim_pit,,,2026-09-07T22:36:51.411011219,,,2025-05-15,APPROXIMATE_FIXED_LAG,UNKNOWN,UNKNOWN,data\raw\isyatirim_cache\TUPRS_2025_XI_29.json,satislar;ebitda;op_gelir;net_kar;cfo;fcf;ozkaynaklar;toplam_borc;net_borc;nakit;toplam_aktif,toplam_borc;net_borc;ebitda;ihracat_orani;piyasa_degeri;pb;roe;roa;ev;ev_ebitda;fcf_verim
TUPRS.IS,2025Q2,2025-06-30,XI_29,isyatirim_pit,,,2026-09-07T22:36:51.411011219,,,2025-08-15,APPROXIMATE_FIXED_LAG,UNKNOWN,UNKNOWN,data\raw\isyatirim_cache\TUPRS_2025_XI_29.json,satislar;ebitda;op_gelir;net_kar;cfo;fcf;ozkaynaklar;toplam_borc;net_borc;nakit;toplam_aktif,toplam_borc;net_borc;ebitda;ihracat_orani;piyasa_degeri;pb;roe;roa;ev;ev_ebitda;fcf_verim
TUPRS.IS,2025Q3,2025-09-30,XI_29,isyatirim_pit,,,2026-09-07T22:36:51.411011219,,,2025-11-15,APPROXIMATE_FIXED_LAG,UNKNOWN,UNKNOWN,data\raw\isyatirim_cache\TUPRS_2025_XI_29.json,satislar;ebitda;op_gelir;net_kar;cfo;fcf;ozkaynaklar;toplam_borc;net_borc;nakit;toplam_aktif,toplam_borc;net_borc;ebitda;ihracat_orani;piyasa_degeri;pb;roe;roa;ev;ev_ebitda;fcf_verim
TUPRS.IS,2025Q4,2025-12-31,XI_29,isyatirim_pit,,,2026-09-07T22:36:51.411011219,,,2026-03-15,APPROXIMATE_FIXED_LAG,UNKNOWN,UNKNOWN,data\raw\isyatirim_cache\TUPRS_2025_XI_29.json,satislar;ebitda;op_gelir;net_kar;cfo;fcf;ozkaynaklar;toplam_borc;net_borc;nakit;toplam_aktif,toplam_borc;net_borc;ebitda;ihracat_orani;piyasa_degeri;pb;roe;roa;ev;ev_ebitda;fcf_verim
TUPRS.IS,2026Q1,2026-03-31,XI_29,isyatirim_pit,,,2026-09-07T22:36:51.558823109,,,2026-05-15,APPROXIMATE_FIXED_LAG,UNKNOWN,UNKNOWN,data\raw\isyatirim_cache\TUPRS_2026_XI_29.json,satislar;ebitda;op_gelir;net_kar;cfo;fcf;ozkaynaklar;toplam_borc;net_borc;nakit;toplam_aktif,toplam_borc;net_borc;ebitda;ihracat_orani;piyasa_degeri;pb;roe;roa;ev;ev_ebitda;fcf_verim
TUPRS.IS,2026Q2,2026-06-30,XI_29,isyatirim_pit,,,2026-09-07T22:36:51.558823109,,,2026-08-15,APPROXIMATE_FIXED_LAG,UNKNOWN,UNKNOWN,data\raw\isyatirim_cache\TUPRS_2026_XI_29.json,satislar;ebitda;op_gelir;net_kar;cfo;fcf;ozkaynaklar;toplam_borc;net_borc;nakit;toplam_aktif,toplam_borc;net_borc;ebitda;ihracat_orani;piyasa_degeri;pb;roe;roa;ev;ev_ebitda;fcf_verim
TUREX.IS,2018Q4,2018-12-31,XI_29,isyatirim_pit,,,2026-09-07T22:36:48.466725588,,,2019-03-15,APPROXIMATE_FIXED_LAG,UNKNOWN,UNKNOWN,data\raw\isyatirim_cache\TUREX_2018_XI_29.json,satislar;ebitda;op_gelir;net_kar;cfo;fcf;ozkaynaklar;toplam_borc;net_borc;nakit;toplam_aktif,toplam_borc;net_borc;ebitda;ihracat_orani;piyasa_degeri;pb;roe;roa;ev;ev_ebitda;fcf_verim
TUREX.IS,2019Q4,2019-12-31,XI_29,isyatirim_pit,,,2026-09-07T22:36:48.587035418,,,2020-03-15,APPROXIMATE_FIXED_LAG,UNKNOWN,UNKNOWN,data\raw\isyatirim_cache\TUREX_2019_XI_29.json,satislar;ebitda;op_gelir;net_kar;cfo;fcf;ozkaynaklar;toplam_borc;net_borc;nakit;toplam_aktif,toplam_borc;net_borc;ebitda;ihracat_orani;piyasa_degeri;pb;roe;roa;ev;ev_ebitda;fcf_verim
TUREX.IS,2020Q1,2020-03-31,XI_29,isyatirim_pit,,,2026-09-07T22:36:48.723031998,,,2020-05-15,APPROXIMATE_FIXED_LAG,UNKNOWN,UNKNOWN,data\raw\isyatirim_cache\TUREX_2020_XI_29.json,satislar;ebitda;op_gelir;net_kar;cfo;fcf;ozkaynaklar;toplam_borc;net_borc;nakit;toplam_aktif,toplam_borc;net_borc;ebitda;ihracat_orani;piyasa_degeri;pb;roe;roa;ev;ev_ebitda;fcf_verim
TUREX.IS,2020Q2,2020-06-30,XI_29,isyatirim_pit,,,2026-09-07T22:36:48.723031998,,,2020-08-15,APPROXIMATE_FIXED_LAG,UNKNOWN,UNKNOWN,data\raw\isyatirim_cache\TUREX_2020_XI_29.json,satislar;ebitda;op_gelir;net_kar;cfo;fcf;ozkaynaklar;toplam_borc;net_borc;nakit;toplam_aktif,toplam_borc;net_borc;ebitda;ihracat_orani;piyasa_degeri;pb;roe;roa;ev;ev_ebitda;fcf_verim
TUREX.IS,2020Q3,2020-09-30,XI_29,isyatirim_pit,,,2026-09-07T22:36:48.723031998,,,2020-11-15,APPROXIMATE_FIXED_LAG,UNKNOWN,UNKNOWN,data\raw\isyatirim_cache\TUREX_2020_XI_29.json,satislar;ebitda;op_gelir;net_kar;cfo;fcf;ozkaynaklar;toplam_borc;net_borc;nakit;toplam_aktif,toplam_borc;net_borc;ebitda;ihracat_orani;piyasa_degeri;pb;roe;roa;ev;ev_ebitda;fcf_verim
TUREX.IS,2020Q4,2020-12-31,XI_29,isyatirim_pit,,,2026-09-07T22:36:48.723031998,,,2021-03-15,APPROXIMATE_FIXED_LAG,UNKNOWN,UNKNOWN,data\raw\isyatirim_cache\TUREX_2020_XI_29.json,satislar;ebitda;op_gelir;net_kar;cfo;fcf;ozkaynaklar;toplam_borc;net_borc;nakit;toplam_aktif,toplam_borc;net_borc;ebitda;ihracat_orani;piyasa_degeri;pb;roe;roa;ev;ev_ebitda;fcf_verim
TUREX.IS,2021Q1,2021-03-31,XI_29,isyatirim_pit,,,2026-09-07T22:36:48.851327181,,,2021-05-15,APPROXIMATE_FIXED_LAG,UNKNOWN,UNKNOWN,data\raw\isyatirim_cache\TUREX_2021_XI_29.json,satislar;ebitda;op_gelir;net_kar;cfo;fcf;ozkaynaklar;toplam_borc;net_borc;nakit;toplam_aktif,toplam_borc;net_borc;ebitda;ihracat_orani;piyasa_degeri;pb;roe;roa;ev;ev_ebitda;fcf_verim
TUREX.IS,2021Q2,2021-06-30,XI_29,isyatirim_pit,,,2026-09-07T22:36:48.851327181,,,2021-08-15,APPROXIMATE_FIXED_LAG,UNKNOWN,UNKNOWN,data\raw\isyatirim_cache\TUREX_2021_XI_29.json,satislar;ebitda;op_gelir;net_kar;cfo;fcf;ozkaynaklar;toplam_borc;net_borc;nakit;toplam_aktif,toplam_borc;net_borc;ebitda;ihracat_orani;piyasa_degeri;pb;roe;roa;ev;ev_ebitda;fcf_verim
TUREX.IS,2021Q3,2021-09-30,XI_29,isyatirim_pit,,,2026-09-07T22:36:48.851327181,,,2021-11-15,APPROXIMATE_FIXED_LAG,UNKNOWN,UNKNOWN,data\raw\isyatirim_cache\TUREX_2021_XI_29.json,satislar;ebitda;op_gelir;net_kar;cfo;fcf;ozkaynaklar;toplam_borc;net_borc;nakit;toplam_aktif,toplam_borc;net_borc;ebitda;ihracat_orani;piyasa_degeri;pb;roe;roa;ev;ev_ebitda;fcf_verim
TUREX.IS,2021Q4,2021-12-31,XI_29,isyatirim_pit,,,2026-09-07T22:36:48.851327181,,,2022-03-15,APPROXIMATE_FIXED_LAG,UNKNOWN,UNKNOWN,data\raw\isyatirim_cache\TUREX_2021_XI_29.json,satislar;ebitda;op_gelir;net_kar;cfo;fcf;ozkaynaklar;toplam_borc;net_borc;nakit;toplam_aktif,toplam_borc;net_borc;ebitda;ihracat_orani;piyasa_degeri;pb;roe;roa;ev;ev_ebitda;fcf_verim
TUREX.IS,2022Q1,2022-03-31,XI_29,isyatirim_pit,,,2026-09-07T22:36:49.020693064,,,2022-05-15,APPROXIMATE_FIXED_LAG,UNKNOWN,UNKNOWN,data\raw\isyatirim_cache\TUREX_2022_XI_29.json,satislar;ebitda;op_gelir;net_kar;cfo;fcf;ozkaynaklar;toplam_borc;net_borc;nakit;toplam_aktif,toplam_borc;net_borc;ebitda;ihracat_orani;piyasa_degeri;pb;roe;roa;ev;ev_ebitda;fcf_verim
TUREX.IS,2022Q2,2022-06-30,XI_29,isyatirim_pit,,,2026-09-07T22:36:49.020693064,,,2022-08-15,APPROXIMATE_FIXED_LAG,UNKNOWN,UNKNOWN,data\raw\isyatirim_cache\TUREX_2022_XI_29.json,satislar;ebitda;op_gelir;net_kar;cfo;fcf;ozkaynaklar;toplam_borc;net_borc;nakit;toplam_aktif,toplam_borc;net_borc;ebitda;ihracat_orani;piyasa_degeri;pb;roe;roa;ev;ev_ebitda;fcf_verim
TUREX.IS,2022Q3,2022-09-30,XI_29,isyatirim_pit,,,2026-09-07T22:36:49.020693064,,,2022-11-15,APPROXIMATE_FIXED_LAG,UNKNOWN,UNKNOWN,data\raw\isyatirim_cache\TUREX_2022_XI_29.json,satislar;ebitda;op_gelir;net_kar;cfo;fcf;ozkaynaklar;toplam_borc;net_borc;nakit;toplam_aktif,toplam_borc;net_borc;ebitda;ihracat_orani;piyasa_degeri;pb;roe;roa;ev;ev_ebitda;fcf_verim
TUREX.IS,2022Q4,2022-12-31,XI_29,isyatirim_pit,,,2026-09-07T22:36:49.020693064,,,2023-03-15,APPROXIMATE_FIXED_LAG,UNKNOWN,UNKNOWN,data\raw\isyatirim_cache\TUREX_2022_XI_29.json,satislar;ebitda;op_gelir;net_kar;cfo;fcf;ozkaynaklar;toplam_borc;net_borc;nakit;toplam_aktif,toplam_borc;net_borc;ebitda;ihracat_orani;piyasa_degeri;pb;roe;roa;ev;ev_ebitda;fcf_verim
TUREX.IS,2023Q1,2023-03-31,XI_29,isyatirim_pit,,,2026-09-07T22:36:49.161804199,,,2023-05-15,APPROXIMATE_FIXED_LAG,UNKNOWN,UNKNOWN,data\raw\isyatirim_cache\TUREX_2023_XI_29.json,satislar;ebitda;op_gelir;net_kar;cfo;fcf;ozkaynaklar;toplam_borc;net_borc;nakit;toplam_aktif,toplam_borc;net_borc;ebitda;ihracat_orani;piyasa_degeri;pb;roe;roa;ev;ev_ebitda;fcf_verim
TUREX.IS,2023Q2,2023-06-30,XI_29,isyatirim_pit,,,2026-09-07T22:36:49.161804199,,,2023-08-15,APPROXIMATE_FIXED_LAG,UNKNOWN,UNKNOWN,data\raw\isyatirim_cache\TUREX_2023_XI_29.json,satislar;ebitda;op_gelir;net_kar;cfo;fcf;ozkaynaklar;toplam_borc;net_borc;nakit;toplam_aktif,toplam_borc;net_borc;ebitda;ihracat_orani;piyasa_degeri;pb;roe;roa;ev;ev_ebitda;fcf_verim
TUREX.IS,2023Q3,2023-09-30,XI_29,isyatirim_pit,,,2026-09-07T22:36:49.161804199,,,2023-11-15,APPROXIMATE_FIXED_LAG,UNKNOWN,UNKNOWN,data\raw\isyatirim_cache\TUREX_2023_XI_29.json,satislar;ebitda;op_gelir;net_kar;cfo;fcf;ozkaynaklar;toplam_borc;net_borc;nakit;toplam_aktif,toplam_borc;net_borc;ebitda;ihracat_orani;piyasa_degeri;pb;roe;roa;ev;ev_ebitda;fcf_verim
TUREX.IS,2023Q4,2023-12-31,XI_29,isyatirim_pit,,,2026-09-07T22:36:49.161804199,,,2024-03-15,APPROXIMATE_FIXED_LAG,UNKNOWN,UNKNOWN,data\raw\isyatirim_cache\TUREX_2023_XI_29.json,satislar;ebitda;op_gelir;net_kar;cfo;fcf;ozkaynaklar;toplam_borc;net_borc;nakit;toplam_aktif,toplam_borc;net_borc;ebitda;ihracat_orani;piyasa_degeri;pb;roe;roa;ev;ev_ebitda;fcf_verim
TUREX.IS,2024Q1,2024-03-31,XI_29,isyatirim_pit,,,2026-09-07T22:36:49.249741554,,,2024-05-15,APPROXIMATE_FIXED_LAG,UNKNOWN,UNKNOWN,data\raw\isyatirim_cache\TUREX_2024_XI_29.json,satislar;ebitda;op_gelir;net_kar;cfo;fcf;ozkaynaklar;toplam_borc;net_borc;nakit;toplam_aktif,toplam_borc;net_borc;ebitda;ihracat_orani;piyasa_degeri;pb;roe;roa;ev;ev_ebitda;fcf_verim
TUREX.IS,2024Q2,2024-06-30,XI_29,isyatirim_pit,,,2026-09-07T22:36:49.249741554,,,2024-08-15,APPROXIMATE_FIXED_LAG,UNKNOWN,UNKNOWN,data\raw\isyatirim_cache\TUREX_2024_XI_29.json,satislar;ebitda;op_gelir;net_kar;cfo;fcf;ozkaynaklar;toplam_borc;net_borc;nakit;toplam_aktif,toplam_borc;net_borc;ebitda;ihracat_orani;piyasa_degeri;pb;roe;roa;ev;ev_ebitda;fcf_verim
TUREX.IS,2024Q3,2024-09-30,XI_29,isyatirim_pit,,,2026-09-07T22:36:49.249741554,,,2024-11-15,APPROXIMATE_FIXED_LAG,UNKNOWN,UNKNOWN,data\raw\isyatirim_cache\TUREX_2024_XI_29.json,satislar;ebitda;op_gelir;net_kar;cfo;fcf;ozkaynaklar;toplam_borc;net_borc;nakit;toplam_aktif,toplam_borc;net_borc;ebitda;ihracat_orani;piyasa_degeri;pb;roe;roa;ev;ev_ebitda;fcf_verim
TUREX.IS,2024Q4,2024-12-31,XI_29,isyatirim_pit,,,2026-09-07T22:36:49.249741554,,,2025-03-15,APPROXIMATE_FIXED_LAG,UNKNOWN,UNKNOWN,data\raw\isyatirim_cache\TUREX_2024_XI_29.json,satislar;ebitda;op_gelir;net_kar;cfo;fcf;ozkaynaklar;toplam_borc;net_borc;nakit;toplam_aktif,toplam_borc;net_borc;ebitda;ihracat_orani;piyasa_degeri;pb;roe;roa;ev;ev_ebitda;fcf_verim
TUREX.IS,2025Q1,2025-03-31,XI_29,isyatirim_pit,,,2026-09-07T22:36:49.379051685,,,2025-05-15,APPROXIMATE_FIXED_LAG,UNKNOWN,UNKNOWN,data\raw\isyatirim_cache\TUREX_2025_XI_29.json,satislar;ebitda;op_gelir;net_kar;cfo;fcf;ozkaynaklar;toplam_borc;net_borc;nakit;toplam_aktif,toplam_borc;net_borc;ebitda;ihracat_orani;piyasa_degeri;pb;roe;roa;ev;ev_ebitda;fcf_verim
TUREX.IS,2025Q2,2025-06-30,XI_29,isyatirim_pit,,,2026-09-07T22:36:49.379051685,,,2025-08-15,APPROXIMATE_FIXED_LAG,UNKNOWN,UNKNOWN,data\raw\isyatirim_cache\TUREX_2025_XI_29.json,satislar;ebitda;op_gelir;net_kar;cfo;fcf;ozkaynaklar;toplam_borc;net_borc;nakit;toplam_aktif,toplam_borc;net_borc;ebitda;ihracat_orani;piyasa_degeri;pb;roe;roa;ev;ev_ebitda;fcf_verim
TUREX.IS,2025Q4,2025-12-31,XI_29,isyatirim_pit,,,2026-09-07T22:36:49.379051685,,,2026-03-15,APPROXIMATE_FIXED_LAG,UNKNOWN,UNKNOWN,data\raw\isyatirim_cache\TUREX_2025_XI_29.json,satislar;ebitda;op_gelir;net_kar;cfo;fcf;ozkaynaklar;toplam_borc;net_borc;nakit;toplam_aktif,toplam_borc;net_borc;ebitda;ihracat_orani;piyasa_degeri;pb;roe;roa;ev;ev_ebitda;fcf_verim
TUREX.IS,2026Q1,2026-03-31,XI_29,isyatirim_pit,,,2026-09-07T22:36:49.504921913,,,2026-05-15,APPROXIMATE_FIXED_LAG,UNKNOWN,UNKNOWN,data\raw\isyatirim_cache\TUREX_2026_XI_29.json,satislar;ebitda;op_gelir;net_kar;cfo;fcf;ozkaynaklar;toplam_borc;net_borc;nakit;toplam_aktif,toplam_borc;net_borc;ebitda;ihracat_orani;piyasa_degeri;pb;roe;roa;ev;ev_ebitda;fcf_verim
TUREX.IS,2026Q2,2026-06-30,XI_29,isyatirim_pit,,,2026-09-07T22:36:49.504921913,,,2026-08-15,APPROXIMATE_FIXED_LAG,UNKNOWN,UNKNOWN,data\raw\isyatirim_cache\TUREX_2026_XI_29.json,satislar;ebitda;op_gelir;net_kar;cfo;fcf;ozkaynaklar;toplam_borc;net_borc;nakit;toplam_aktif,toplam_borc;net_borc;ebitda;ihracat_orani;piyasa_degeri;pb;roe;roa;ev;ev_ebitda;fcf_verim
TURSG.IS,2018Q1,2018-03-31,UFRS,isyatirim_bank_pit,,,2026-09-07T22:37:22.907460690,,,2018-05-15,APPROXIMATE_FIXED_LAG,UNKNOWN,UNKNOWN,data\raw\isyatirim_cache\TURSG_2018_UFRS.json,satislar;ebitda;op_gelir;net_kar;cfo;fcf;ozkaynaklar;toplam_borc;net_borc;nakit;toplam_aktif,toplam_borc;net_borc;ebitda;ihracat_orani;piyasa_degeri;pb;roe;roa;ev;ev_ebitda;fcf_verim
TURSG.IS,2018Q2,2018-06-30,UFRS,isyatirim_bank_pit,,,2026-09-07T22:37:22.907460690,,,2018-08-15,APPROXIMATE_FIXED_LAG,UNKNOWN,UNKNOWN,data\raw\isyatirim_cache\TURSG_2018_UFRS.json,satislar;ebitda;op_gelir;net_kar;cfo;fcf;ozkaynaklar;toplam_borc;net_borc;nakit;toplam_aktif,toplam_borc;net_borc;ebitda;ihracat_orani;piyasa_degeri;pb;roe;roa;ev;ev_ebitda;fcf_verim
TURSG.IS,2018Q3,2018-09-30,UFRS,isyatirim_bank_pit,,,2026-09-07T22:37:22.907460690,,,2018-11-15,APPROXIMATE_FIXED_LAG,UNKNOWN,UNKNOWN,data\raw\isyatirim_cache\TURSG_2018_UFRS.json,satislar;ebitda;op_gelir;net_kar;cfo;fcf;ozkaynaklar;toplam_borc;net_borc;nakit;toplam_aktif,toplam_borc;net_borc;ebitda;ihracat_orani;piyasa_degeri;pb;roe;roa;ev;ev_ebitda;fcf_verim
TURSG.IS,2018Q4,2018-12-31,UFRS,isyatirim_bank_pit,,,2026-09-07T22:37:22.907460690,,,2019-03-15,APPROXIMATE_FIXED_LAG,UNKNOWN,UNKNOWN,data\raw\isyatirim_cache\TURSG_2018_UFRS.json,satislar;ebitda;op_gelir;net_kar;cfo;fcf;ozkaynaklar;toplam_borc;net_borc;nakit;toplam_aktif,toplam_borc;net_borc;ebitda;ihracat_orani;piyasa_degeri;pb;roe;roa;ev;ev_ebitda;fcf_verim
TURSG.IS,2019Q1,2019-03-31,UFRS,isyatirim_bank_pit,,,2026-09-07T22:37:23.074452162,,,2019-05-15,APPROXIMATE_FIXED_LAG,UNKNOWN,UNKNOWN,data\raw\isyatirim_cache\TURSG_2019_UFRS.json,satislar;ebitda;op_gelir;net_kar;cfo;fcf;ozkaynaklar;toplam_borc;net_borc;nakit;toplam_aktif,toplam_borc;net_borc;ebitda;ihracat_orani;piyasa_degeri;pb;roe;roa;ev;ev_ebitda;fcf_verim
TURSG.IS,2019Q2,2019-06-30,UFRS,isyatirim_bank_pit,,,2026-09-07T22:37:23.074452162,,,2019-08-15,APPROXIMATE_FIXED_LAG,UNKNOWN,UNKNOWN,data\raw\isyatirim_cache\TURSG_2019_UFRS.json,satislar;ebitda;op_gelir;net_kar;cfo;fcf;ozkaynaklar;toplam_borc;net_borc;nakit;toplam_aktif,toplam_borc;net_borc;ebitda;ihracat_orani;piyasa_degeri;pb;roe;roa;ev;ev_ebitda;fcf_verim
TURSG.IS,2019Q3,2019-09-30,UFRS,isyatirim_bank_pit,,,2026-09-07T22:37:23.074452162,,,2019-11-15,APPROXIMATE_FIXED_LAG,UNKNOWN,UNKNOWN,data\raw\isyatirim_cache\TURSG_2019_UFRS.json,satislar;ebitda;op_gelir;net_kar;cfo;fcf;ozkaynaklar;toplam_borc;net_borc;nakit;toplam_aktif,toplam_borc;net_borc;ebitda;ihracat_orani;piyasa_degeri;pb;roe;roa;ev;ev_ebitda;fcf_verim
TURSG.IS,2019Q4,2019-12-31,UFRS,isyatirim_bank_pit,,,2026-09-07T22:37:23.074452162,,,2020-03-15,APPROXIMATE_FIXED_LAG,UNKNOWN,UNKNOWN,data\raw\isyatirim_cache\TURSG_2019_UFRS.json,satislar;ebitda;op_gelir;net_kar;cfo;fcf;ozkaynaklar;toplam_borc;net_borc;nakit;toplam_aktif,toplam_borc;net_borc;ebitda;ihracat_orani;piyasa_degeri;pb;roe;roa;ev;ev_ebitda;fcf_verim
TURSG.IS,2020Q1,2020-03-31,UFRS,isyatirim_bank_pit,,,2026-09-07T22:37:23.263547182,,,2020-05-15,APPROXIMATE_FIXED_LAG,UNKNOWN,UNKNOWN,data\raw\isyatirim_cache\TURSG_2020_UFRS.json,satislar;ebitda;op_gelir;net_kar;cfo;fcf;ozkaynaklar;toplam_borc;net_borc;nakit;toplam_aktif,toplam_borc;net_borc;ebitda;ihracat_orani;piyasa_degeri;pb;roe;roa;ev;ev_ebitda;fcf_verim
TURSG.IS,2020Q2,2020-06-30,UFRS,isyatirim_bank_pit,,,2026-09-07T22:37:23.263547182,,,2020-08-15,APPROXIMATE_FIXED_LAG,UNKNOWN,UNKNOWN,data\raw\isyatirim_cache\TURSG_2020_UFRS.json,satislar;ebitda;op_gelir;net_kar;cfo;fcf;ozkaynaklar;toplam_borc;net_borc;nakit;toplam_aktif,toplam_borc;net_borc;ebitda;ihracat_orani;piyasa_degeri;pb;roe;roa;ev;ev_ebitda;fcf_verim
TURSG.IS,2020Q3,2020-09-30,UFRS,isyatirim_bank_pit,,,2026-09-07T22:37:23.263547182,,,2020-11-15,APPROXIMATE_FIXED_LAG,UNKNOWN,UNKNOWN,data\raw\isyatirim_cache\TURSG_2020_UFRS.json,satislar;ebitda;op_gelir;net_kar;cfo;fcf;ozkaynaklar;toplam_borc;net_borc;nakit;toplam_aktif,toplam_borc;net_borc;ebitda;ihracat_orani;piyasa_degeri;pb;roe;roa;ev;ev_ebitda;fcf_verim
TURSG.IS,2020Q4,2020-12-31,UFRS,isyatirim_bank_pit,,,2026-09-07T22:37:23.263547182,,,2021-03-15,APPROXIMATE_FIXED_LAG,UNKNOWN,UNKNOWN,data\raw\isyatirim_cache\TURSG_2020_UFRS.json,satislar;ebitda;op_gelir;net_kar;cfo;fcf;ozkaynaklar;toplam_borc;net_borc;nakit;toplam_aktif,toplam_borc;net_borc;ebitda;ihracat_orani;piyasa_degeri;pb;roe;roa;ev;ev_ebitda;fcf_verim
TURSG.IS,2021Q1,2021-03-31,UFRS,isyatirim_bank_pit,,,2026-09-07T22:37:23.428427458,,,2021-05-15,APPROXIMATE_FIXED_LAG,UNKNOWN,UNKNOWN,data\raw\isyatirim_cache\TURSG_2021_UFRS.json,satislar;ebitda;op_gelir;net_kar;cfo;fcf;ozkaynaklar;toplam_borc;net_borc;nakit;toplam_aktif,toplam_borc;net_borc;ebitda;ihracat_orani;piyasa_degeri;pb;roe;roa;ev;ev_ebitda;fcf_verim
TURSG.IS,2021Q2,2021-06-30,UFRS,isyatirim_bank_pit,,,2026-09-07T22:37:23.428427458,,,2021-08-15,APPROXIMATE_FIXED_LAG,UNKNOWN,UNKNOWN,data\raw\isyatirim_cache\TURSG_2021_UFRS.json,satislar;ebitda;op_gelir;net_kar;cfo;fcf;ozkaynaklar;toplam_borc;net_borc;nakit;toplam_aktif,toplam_borc;net_borc;ebitda;ihracat_orani;piyasa_degeri;pb;roe;roa;ev;ev_ebitda;fcf_verim
TURSG.IS,2021Q3,2021-09-30,UFRS,isyatirim_bank_pit,,,2026-09-07T22:37:23.428427458,,,2021-11-15,APPROXIMATE_FIXED_LAG,UNKNOWN,UNKNOWN,data\raw\isyatirim_cache\TURSG_2021_UFRS.json,satislar;ebitda;op_gelir;net_kar;cfo;fcf;ozkaynaklar;toplam_borc;net_borc;nakit;toplam_aktif,toplam_borc;net_borc;ebitda;ihracat_orani;piyasa_degeri;pb;roe;roa;ev;ev_ebitda;fcf_verim
TURSG.IS,2021Q4,2021-12-31,UFRS,isyatirim_bank_pit,,,2026-09-07T22:37:23.428427458,,,2022-03-15,APPROXIMATE_FIXED_LAG,UNKNOWN,UNKNOWN,data\raw\isyatirim_cache\TURSG_2021_UFRS.json,satislar;ebitda;op_gelir;net_kar;cfo;fcf;ozkaynaklar;toplam_borc;net_borc;nakit;toplam_aktif,toplam_borc;net_borc;ebitda;ihracat_orani;piyasa_degeri;pb;roe;roa;ev;ev_ebitda;fcf_verim
TURSG.IS,2022Q1,2022-03-31,UFRS,isyatirim_bank_pit,,,2026-09-07T22:37:23.592819214,,,2022-05-15,APPROXIMATE_FIXED_LAG,UNKNOWN,UNKNOWN,data\raw\isyatirim_cache\TURSG_2022_UFRS.json,satislar;ebitda;op_gelir;net_kar;cfo;fcf;ozkaynaklar;toplam_borc;net_borc;nakit;toplam_aktif,toplam_borc;net_borc;ebitda;ihracat_orani;piyasa_degeri;pb;roe;roa;ev;ev_ebitda;fcf_verim
TURSG.IS,2022Q2,2022-06-30,UFRS,isyatirim_bank_pit,,,2026-09-07T22:37:23.592819214,,,2022-08-15,APPROXIMATE_FIXED_LAG,UNKNOWN,UNKNOWN,data\raw\isyatirim_cache\TURSG_2022_UFRS.json,satislar;ebitda;op_gelir;net_kar;cfo;fcf;ozkaynaklar;toplam_borc;net_borc;nakit;toplam_aktif,toplam_borc;net_borc;ebitda;ihracat_orani;piyasa_degeri;pb;roe;roa;ev;ev_ebitda;fcf_verim
TURSG.IS,2022Q3,2022-09-30,UFRS,isyatirim_bank_pit,,,2026-09-07T22:37:23.592819214,,,2022-11-15,APPROXIMATE_FIXED_LAG,UNKNOWN,UNKNOWN,data\raw\isyatirim_cache\TURSG_2022_UFRS.json,satislar;ebitda;op_gelir;net_kar;cfo;fcf;ozkaynaklar;toplam_borc;net_borc;nakit;toplam_aktif,toplam_borc;net_borc;ebitda;ihracat_orani;piyasa_degeri;pb;roe;roa;ev;ev_ebitda;fcf_verim
TURSG.IS,2022Q4,2022-12-31,UFRS,isyatirim_bank_pit,,,2026-09-07T22:37:23.592819214,,,2023-03-15,APPROXIMATE_FIXED_LAG,UNKNOWN,UNKNOWN,data\raw\isyatirim_cache\TURSG_2022_UFRS.json,satislar;ebitda;op_gelir;net_kar;cfo;fcf;ozkaynaklar;toplam_borc;net_borc;nakit;toplam_aktif,toplam_borc;net_borc;ebitda;ihracat_orani;piyasa_degeri;pb;roe;roa;ev;ev_ebitda;fcf_verim
TURSG.IS,2023Q1,2023-03-31,UFRS,isyatirim_bank_pit,,,2026-09-07T22:37:23.748362303,,,2023-05-15,APPROXIMATE_FIXED_LAG,UNKNOWN,UNKNOWN,data\raw\isyatirim_cache\TURSG_2023_UFRS.json,satislar;ebitda;op_gelir;net_kar;cfo;fcf;ozkaynaklar;toplam_borc;net_borc;nakit;toplam_aktif,toplam_borc;net_borc;ebitda;ihracat_orani;piyasa_degeri;pb;roe;roa;ev;ev_ebitda;fcf_verim
TURSG.IS,2023Q2,2023-06-30,UFRS,isyatirim_bank_pit,,,2026-09-07T22:37:23.748362303,,,2023-08-15,APPROXIMATE_FIXED_LAG,UNKNOWN,UNKNOWN,data\raw\isyatirim_cache\TURSG_2023_UFRS.json,satislar;ebitda;op_gelir;net_kar;cfo;fcf;ozkaynaklar;toplam_borc;net_borc;nakit;toplam_aktif,toplam_borc;net_borc;ebitda;ihracat_orani;piyasa_degeri;pb;roe;roa;ev;ev_ebitda;fcf_verim
TURSG.IS,2023Q3,2023-09-30,UFRS,isyatirim_bank_pit,,,2026-09-07T22:37:23.748362303,,,2023-11-15,APPROXIMATE_FIXED_LAG,UNKNOWN,UNKNOWN,data\raw\isyatirim_cache\TURSG_2023_UFRS.json,satislar;ebitda;op_gelir;net_kar;cfo;fcf;ozkaynaklar;toplam_borc;net_borc;nakit;toplam_aktif,toplam_borc;net_borc;ebitda;ihracat_orani;piyasa_degeri;pb;roe;roa;ev;ev_ebitda;fcf_verim
TURSG.IS,2023Q4,2023-12-31,UFRS,isyatirim_bank_pit,,,2026-09-07T22:37:23.748362303,,,2024-03-15,APPROXIMATE_FIXED_LAG,UNKNOWN,UNKNOWN,data\raw\isyatirim_cache\TURSG_2023_UFRS.json,satislar;ebitda;op_gelir;net_kar;cfo;fcf;ozkaynaklar;toplam_borc;net_borc;nakit;toplam_aktif,toplam_borc;net_borc;ebitda;ihracat_orani;piyasa_degeri;pb;roe;roa;ev;ev_ebitda;fcf_verim
TURSG.IS,2024Q1,2024-03-31,UFRS,isyatirim_bank_pit,,,2026-09-07T22:37:23.867844820,,,2024-05-15,APPROXIMATE_FIXED_LAG,UNKNOWN,UNKNOWN,data\raw\isyatirim_cache\TURSG_2024_UFRS.json,satislar;ebitda;op_gelir;net_kar;cfo;fcf;ozkaynaklar;toplam_borc;net_borc;nakit;toplam_aktif,toplam_borc;net_borc;ebitda;ihracat_orani;piyasa_degeri;pb;roe;roa;ev;ev_ebitda;fcf_verim
TURSG.IS,2024Q2,2024-06-30,UFRS,isyatirim_bank_pit,,,2026-09-07T22:37:23.867844820,,,2024-08-15,APPROXIMATE_FIXED_LAG,UNKNOWN,UNKNOWN,data\raw\isyatirim_cache\TURSG_2024_UFRS.json,satislar;ebitda;op_gelir;net_kar;cfo;fcf;ozkaynaklar;toplam_borc;net_borc;nakit;toplam_aktif,toplam_borc;net_borc;ebitda;ihracat_orani;piyasa_degeri;pb;roe;roa;ev;ev_ebitda;fcf_verim
TURSG.IS,2024Q3,2024-09-30,UFRS,isyatirim_bank_pit,,,2026-09-07T22:37:23.867844820,,,2024-11-15,APPROXIMATE_FIXED_LAG,UNKNOWN,UNKNOWN,data\raw\isyatirim_cache\TURSG_2024_UFRS.json,satislar;ebitda;op_gelir;net_kar;cfo;fcf;ozkaynaklar;toplam_borc;net_borc;nakit;toplam_aktif,toplam_borc;net_borc;ebitda;ihracat_orani;piyasa_degeri;pb;roe;roa;ev;ev_ebitda;fcf_verim
TURSG.IS,2024Q4,2024-12-31,UFRS,isyatirim_bank_pit,,,2026-09-07T22:37:23.867844820,,,2025-03-15,APPROXIMATE_FIXED_LAG,UNKNOWN,UNKNOWN,data\raw\isyatirim_cache\TURSG_2024_UFRS.json,satislar;ebitda;op_gelir;net_kar;cfo;fcf;ozkaynaklar;toplam_borc;net_borc;nakit;toplam_aktif,toplam_borc;net_borc;ebitda;ihracat_orani;piyasa_degeri;pb;roe;roa;ev;ev_ebitda;fcf_verim
TURSG.IS,2025Q1,2025-03-31,UFRS,isyatirim_bank_pit,,,2026-09-07T22:37:24.026734591,,,2025-05-15,APPROXIMATE_FIXED_LAG,UNKNOWN,UNKNOWN,data\raw\isyatirim_cache\TURSG_2025_UFRS.json,satislar;ebitda;op_gelir;net_kar;cfo;fcf;ozkaynaklar;toplam_borc;net_borc;nakit;toplam_aktif,toplam_borc;net_borc;ebitda;ihracat_orani;piyasa_degeri;pb;roe;roa;ev;ev_ebitda;fcf_verim
TURSG.IS,2025Q2,2025-06-30,UFRS,isyatirim_bank_pit,,,2026-09-07T22:37:24.026734591,,,2025-08-15,APPROXIMATE_FIXED_LAG,UNKNOWN,UNKNOWN,data\raw\isyatirim_cache\TURSG_2025_UFRS.json,satislar;ebitda;op_gelir;net_kar;cfo;fcf;ozkaynaklar;toplam_borc;net_borc;nakit;toplam_aktif,toplam_borc;net_borc;ebitda;ihracat_orani;piyasa_degeri;pb;roe;roa;ev;ev_ebitda;fcf_verim
TURSG.IS,2025Q3,2025-09-30,UFRS,isyatirim_bank_pit,,,2026-09-07T22:37:24.026734591,,,2025-11-15,APPROXIMATE_FIXED_LAG,UNKNOWN,UNKNOWN,data\raw\isyatirim_cache\TURSG_2025_UFRS.json,satislar;ebitda;op_gelir;net_kar;cfo;fcf;ozkaynaklar;toplam_borc;net_borc;nakit;toplam_aktif,toplam_borc;net_borc;ebitda;ihracat_orani;piyasa_degeri;pb;roe;roa;ev;ev_ebitda;fcf_verim
TURSG.IS,2025Q4,2025-12-31,UFRS,isyatirim_bank_pit,,,2026-09-07T22:37:24.026734591,,,2026-03-15,APPROXIMATE_FIXED_LAG,UNKNOWN,UNKNOWN,data\raw\isyatirim_cache\TURSG_2025_UFRS.json,satislar;ebitda;op_gelir;net_kar;cfo;fcf;ozkaynaklar;toplam_borc;net_borc;nakit;toplam_aktif,toplam_borc;net_borc;ebitda;ihracat_orani;piyasa_degeri;pb;roe;roa;ev;ev_ebitda;fcf_verim
TURSG.IS,2026Q1,2026-03-31,UFRS,isyatirim_bank_pit,,,2026-09-07T22:37:24.196690798,,,2026-05-15,APPROXIMATE_FIXED_LAG,UNKNOWN,UNKNOWN,data\raw\isyatirim_cache\TURSG_2026_UFRS.json,satislar;ebitda;op_gelir;net_kar;cfo;fcf;ozkaynaklar;toplam_borc;net_borc;nakit;toplam_aktif,toplam_borc;net_borc;ebitda;ihracat_orani;piyasa_degeri;pb;roe;roa;ev;ev_ebitda;fcf_verim
TURSG.IS,2026Q2,2026-06-30,UFRS,isyatirim_bank_pit,,,2026-09-07T22:37:24.196690798,,,2026-08-15,APPROXIMATE_FIXED_LAG,UNKNOWN,UNKNOWN,data\raw\isyatirim_cache\TURSG_2026_UFRS.json,satislar;ebitda;op_gelir;net_kar;cfo;fcf;ozkaynaklar;toplam_borc;net_borc;nakit;toplam_aktif,toplam_borc;net_borc;ebitda;ihracat_orani;piyasa_degeri;pb;roe;roa;ev;ev_ebitda;fcf_verim
ULKER.IS,2018Q1,2018-03-31,XI_29,isyatirim_pit,,,2026-09-07T22:37:17.577410221,,,2018-05-15,APPROXIMATE_FIXED_LAG,UNKNOWN,UNKNOWN,data\raw\isyatirim_cache\ULKER_2018_XI_29.json,satislar;ebitda;op_gelir;net_kar;cfo;fcf;ozkaynaklar;toplam_borc;net_borc;nakit;toplam_aktif,toplam_borc;net_borc;ebitda;ihracat_orani;piyasa_degeri;pb;roe;roa;ev;ev_ebitda;fcf_verim
ULKER.IS,2018Q2,2018-06-30,XI_29,isyatirim_pit,,,2026-09-07T22:37:17.577410221,,,2018-08-15,APPROXIMATE_FIXED_LAG,UNKNOWN,UNKNOWN,data\raw\isyatirim_cache\ULKER_2018_XI_29.json,satislar;ebitda;op_gelir;net_kar;cfo;fcf;ozkaynaklar;toplam_borc;net_borc;nakit;toplam_aktif,toplam_borc;net_borc;ebitda;ihracat_orani;piyasa_degeri;pb;roe;roa;ev;ev_ebitda;fcf_verim
ULKER.IS,2018Q3,2018-09-30,XI_29,isyatirim_pit,,,2026-09-07T22:37:17.577410221,,,2018-11-15,APPROXIMATE_FIXED_LAG,UNKNOWN,UNKNOWN,data\raw\isyatirim_cache\ULKER_2018_XI_29.json,satislar;ebitda;op_gelir;net_kar;cfo;fcf;ozkaynaklar;toplam_borc;net_borc;nakit;toplam_aktif,toplam_borc;net_borc;ebitda;ihracat_orani;piyasa_degeri;pb;roe;roa;ev;ev_ebitda;fcf_verim
ULKER.IS,2018Q4,2018-12-31,XI_29,isyatirim_pit,,,2026-09-07T22:37:17.577410221,,,2019-03-15,APPROXIMATE_FIXED_LAG,UNKNOWN,UNKNOWN,data\raw\isyatirim_cache\ULKER_2018_XI_29.json,satislar;ebitda;op_gelir;net_kar;cfo;fcf;ozkaynaklar;toplam_borc;net_borc;nakit;toplam_aktif,toplam_borc;net_borc;ebitda;ihracat_orani;piyasa_degeri;pb;roe;roa;ev;ev_ebitda;fcf_verim
ULKER.IS,2019Q1,2019-03-31,XI_29,isyatirim_pit,,,2026-09-07T22:37:17.732151270,,,2019-05-15,APPROXIMATE_FIXED_LAG,UNKNOWN,UNKNOWN,data\raw\isyatirim_cache\ULKER_2019_XI_29.json,satislar;ebitda;op_gelir;net_kar;cfo;fcf;ozkaynaklar;toplam_borc;net_borc;nakit;toplam_aktif,toplam_borc;net_borc;ebitda;ihracat_orani;piyasa_degeri;pb;roe;roa;ev;ev_ebitda;fcf_verim
ULKER.IS,2019Q2,2019-06-30,XI_29,isyatirim_pit,,,2026-09-07T22:37:17.732151270,,,2019-08-15,APPROXIMATE_FIXED_LAG,UNKNOWN,UNKNOWN,data\raw\isyatirim_cache\ULKER_2019_XI_29.json,satislar;ebitda;op_gelir;net_kar;cfo;fcf;ozkaynaklar;toplam_borc;net_borc;nakit;toplam_aktif,toplam_borc;net_borc;ebitda;ihracat_orani;piyasa_degeri;pb;roe;roa;ev;ev_ebitda;fcf_verim
ULKER.IS,2019Q3,2019-09-30,XI_29,isyatirim_pit,,,2026-09-07T22:37:17.732151270,,,2019-11-15,APPROXIMATE_FIXED_LAG,UNKNOWN,UNKNOWN,data\raw\isyatirim_cache\ULKER_2019_XI_29.json,satislar;ebitda;op_gelir;net_kar;cfo;fcf;ozkaynaklar;toplam_borc;net_borc;nakit;toplam_aktif,toplam_borc;net_borc;ebitda;ihracat_orani;piyasa_degeri;pb;roe;roa;ev;ev_ebitda;fcf_verim
ULKER.IS,2019Q4,2019-12-31,XI_29,isyatirim_pit,,,2026-09-07T22:37:17.732151270,,,2020-03-15,APPROXIMATE_FIXED_LAG,UNKNOWN,UNKNOWN,data\raw\isyatirim_cache\ULKER_2019_XI_29.json,satislar;ebitda;op_gelir;net_kar;cfo;fcf;ozkaynaklar;toplam_borc;net_borc;nakit;toplam_aktif,toplam_borc;net_borc;ebitda;ihracat_orani;piyasa_degeri;pb;roe;roa;ev;ev_ebitda;fcf_verim
ULKER.IS,2020Q1,2020-03-31,XI_29,isyatirim_pit,,,2026-09-07T22:37:17.859452724,,,2020-05-15,APPROXIMATE_FIXED_LAG,UNKNOWN,UNKNOWN,data\raw\isyatirim_cache\ULKER_2020_XI_29.json,satislar;ebitda;op_gelir;net_kar;cfo;fcf;ozkaynaklar;toplam_borc;net_borc;nakit;toplam_aktif,toplam_borc;net_borc;ebitda;ihracat_orani;piyasa_degeri;pb;roe;roa;ev;ev_ebitda;fcf_verim
ULKER.IS,2020Q2,2020-06-30,XI_29,isyatirim_pit,,,2026-09-07T22:37:17.859452724,,,2020-08-15,APPROXIMATE_FIXED_LAG,UNKNOWN,UNKNOWN,data\raw\isyatirim_cache\ULKER_2020_XI_29.json,satislar;ebitda;op_gelir;net_kar;cfo;fcf;ozkaynaklar;toplam_borc;net_borc;nakit;toplam_aktif,toplam_borc;net_borc;ebitda;ihracat_orani;piyasa_degeri;pb;roe;roa;ev;ev_ebitda;fcf_verim
ULKER.IS,2020Q3,2020-09-30,XI_29,isyatirim_pit,,,2026-09-07T22:37:17.859452724,,,2020-11-15,APPROXIMATE_FIXED_LAG,UNKNOWN,UNKNOWN,data\raw\isyatirim_cache\ULKER_2020_XI_29.json,satislar;ebitda;op_gelir;net_kar;cfo;fcf;ozkaynaklar;toplam_borc;net_borc;nakit;toplam_aktif,toplam_borc;net_borc;ebitda;ihracat_orani;piyasa_degeri;pb;roe;roa;ev;ev_ebitda;fcf_verim
ULKER.IS,2020Q4,2020-12-31,XI_29,isyatirim_pit,,,2026-09-07T22:37:17.859452724,,,2021-03-15,APPROXIMATE_FIXED_LAG,UNKNOWN,UNKNOWN,data\raw\isyatirim_cache\ULKER_2020_XI_29.json,satislar;ebitda;op_gelir;net_kar;cfo;fcf;ozkaynaklar;toplam_borc;net_borc;nakit;toplam_aktif,toplam_borc;net_borc;ebitda;ihracat_orani;piyasa_degeri;pb;roe;roa;ev;ev_ebitda;fcf_verim
ULKER.IS,2021Q1,2021-03-31,XI_29,isyatirim_pit,,,2026-09-07T22:37:18.007719994,,,2021-05-15,APPROXIMATE_FIXED_LAG,UNKNOWN,UNKNOWN,data\raw\isyatirim_cache\ULKER_2021_XI_29.json,satislar;ebitda;op_gelir;net_kar;cfo;fcf;ozkaynaklar;toplam_borc;net_borc;nakit;toplam_aktif,toplam_borc;net_borc;ebitda;ihracat_orani;piyasa_degeri;pb;roe;roa;ev;ev_ebitda;fcf_verim
ULKER.IS,2021Q2,2021-06-30,XI_29,isyatirim_pit,,,2026-09-07T22:37:18.007719994,,,2021-08-15,APPROXIMATE_FIXED_LAG,UNKNOWN,UNKNOWN,data\raw\isyatirim_cache\ULKER_2021_XI_29.json,satislar;ebitda;op_gelir;net_kar;cfo;fcf;ozkaynaklar;toplam_borc;net_borc;nakit;toplam_aktif,toplam_borc;net_borc;ebitda;ihracat_orani;piyasa_degeri;pb;roe;roa;ev;ev_ebitda;fcf_verim
ULKER.IS,2021Q3,2021-09-30,XI_29,isyatirim_pit,,,2026-09-07T22:37:18.007719994,,,2021-11-15,APPROXIMATE_FIXED_LAG,UNKNOWN,UNKNOWN,data\raw\isyatirim_cache\ULKER_2021_XI_29.json,satislar;ebitda;op_gelir;net_kar;cfo;fcf;ozkaynaklar;toplam_borc;net_borc;nakit;toplam_aktif,toplam_borc;net_borc;ebitda;ihracat_orani;piyasa_degeri;pb;roe;roa;ev;ev_ebitda;fcf_verim
ULKER.IS,2021Q4,2021-12-31,XI_29,isyatirim_pit,,,2026-09-07T22:37:18.007719994,,,2022-03-15,APPROXIMATE_FIXED_LAG,UNKNOWN,UNKNOWN,data\raw\isyatirim_cache\ULKER_2021_XI_29.json,satislar;ebitda;op_gelir;net_kar;cfo;fcf;ozkaynaklar;toplam_borc;net_borc;nakit;toplam_aktif,toplam_borc;net_borc;ebitda;ihracat_orani;piyasa_degeri;pb;roe;roa;ev;ev_ebitda;fcf_verim
ULKER.IS,2022Q1,2022-03-31,XI_29,isyatirim_pit,,,2026-09-07T22:37:18.143837690,,,2022-05-15,APPROXIMATE_FIXED_LAG,UNKNOWN,UNKNOWN,data\raw\isyatirim_cache\ULKER_2022_XI_29.json,satislar;ebitda;op_gelir;net_kar;cfo;fcf;ozkaynaklar;toplam_borc;net_borc;nakit;toplam_aktif,toplam_borc;net_borc;ebitda;ihracat_orani;piyasa_degeri;pb;roe;roa;ev;ev_ebitda;fcf_verim
ULKER.IS,2022Q2,2022-06-30,XI_29,isyatirim_pit,,,2026-09-07T22:37:18.143837690,,,2022-08-15,APPROXIMATE_FIXED_LAG,UNKNOWN,UNKNOWN,data\raw\isyatirim_cache\ULKER_2022_XI_29.json,satislar;ebitda;op_gelir;net_kar;cfo;fcf;ozkaynaklar;toplam_borc;net_borc;nakit;toplam_aktif,toplam_borc;net_borc;ebitda;ihracat_orani;piyasa_degeri;pb;roe;roa;ev;ev_ebitda;fcf_verim
ULKER.IS,2022Q3,2022-09-30,XI_29,isyatirim_pit,,,2026-09-07T22:37:18.143837690,,,2022-11-15,APPROXIMATE_FIXED_LAG,UNKNOWN,UNKNOWN,data\raw\isyatirim_cache\ULKER_2022_XI_29.json,satislar;ebitda;op_gelir;net_kar;cfo;fcf;ozkaynaklar;toplam_borc;net_borc;nakit;toplam_aktif,toplam_borc;net_borc;ebitda;ihracat_orani;piyasa_degeri;pb;roe;roa;ev;ev_ebitda;fcf_verim
ULKER.IS,2022Q4,2022-12-31,XI_29,isyatirim_pit,,,2026-09-07T22:37:18.143837690,,,2023-03-15,APPROXIMATE_FIXED_LAG,UNKNOWN,UNKNOWN,data\raw\isyatirim_cache\ULKER_2022_XI_29.json,satislar;ebitda;op_gelir;net_kar;cfo;fcf;ozkaynaklar;toplam_borc;net_borc;nakit;toplam_aktif,toplam_borc;net_borc;ebitda;ihracat_orani;piyasa_degeri;pb;roe;roa;ev;ev_ebitda;fcf_verim
ULKER.IS,2023Q1,2023-03-31,XI_29,isyatirim_pit,,,2026-09-07T22:37:18.269071579,,,2023-05-15,APPROXIMATE_FIXED_LAG,UNKNOWN,UNKNOWN,data\raw\isyatirim_cache\ULKER_2023_XI_29.json,satislar;ebitda;op_gelir;net_kar;cfo;fcf;ozkaynaklar;toplam_borc;net_borc;nakit;toplam_aktif,toplam_borc;net_borc;ebitda;ihracat_orani;piyasa_degeri;pb;roe;roa;ev;ev_ebitda;fcf_verim
ULKER.IS,2023Q2,2023-06-30,XI_29,isyatirim_pit,,,2026-09-07T22:37:18.269071579,,,2023-08-15,APPROXIMATE_FIXED_LAG,UNKNOWN,UNKNOWN,data\raw\isyatirim_cache\ULKER_2023_XI_29.json,satislar;ebitda;op_gelir;net_kar;cfo;fcf;ozkaynaklar;toplam_borc;net_borc;nakit;toplam_aktif,toplam_borc;net_borc;ebitda;ihracat_orani;piyasa_degeri;pb;roe;roa;ev;ev_ebitda;fcf_verim
ULKER.IS,2023Q3,2023-09-30,XI_29,isyatirim_pit,,,2026-09-07T22:37:18.269071579,,,2023-11-15,APPROXIMATE_FIXED_LAG,UNKNOWN,UNKNOWN,data\raw\isyatirim_cache\ULKER_2023_XI_29.json,satislar;ebitda;op_gelir;net_kar;cfo;fcf;ozkaynaklar;toplam_borc;net_borc;nakit;toplam_aktif,toplam_borc;net_borc;ebitda;ihracat_orani;piyasa_degeri;pb;roe;roa;ev;ev_ebitda;fcf_verim
ULKER.IS,2023Q4,2023-12-31,XI_29,isyatirim_pit,,,2026-09-07T22:37:18.269071579,,,2024-03-15,APPROXIMATE_FIXED_LAG,UNKNOWN,UNKNOWN,data\raw\isyatirim_cache\ULKER_2023_XI_29.json,satislar;ebitda;op_gelir;net_kar;cfo;fcf;ozkaynaklar;toplam_borc;net_borc;nakit;toplam_aktif,toplam_borc;net_borc;ebitda;ihracat_orani;piyasa_degeri;pb;roe;roa;ev;ev_ebitda;fcf_verim
ULKER.IS,2024Q1,2024-03-31,XI_29,isyatirim_pit,,,2026-09-07T22:37:18.371578693,,,2024-05-15,APPROXIMATE_FIXED_LAG,UNKNOWN,UNKNOWN,data\raw\isyatirim_cache\ULKER_2024_XI_29.json,satislar;ebitda;op_gelir;net_kar;cfo;fcf;ozkaynaklar;toplam_borc;net_borc;nakit;toplam_aktif,toplam_borc;net_borc;ebitda;ihracat_orani;piyasa_degeri;pb;roe;roa;ev;ev_ebitda;fcf_verim
ULKER.IS,2024Q2,2024-06-30,XI_29,isyatirim_pit,,,2026-09-07T22:37:18.371578693,,,2024-08-15,APPROXIMATE_FIXED_LAG,UNKNOWN,UNKNOWN,data\raw\isyatirim_cache\ULKER_2024_XI_29.json,satislar;ebitda;op_gelir;net_kar;cfo;fcf;ozkaynaklar;toplam_borc;net_borc;nakit;toplam_aktif,toplam_borc;net_borc;ebitda;ihracat_orani;piyasa_degeri;pb;roe;roa;ev;ev_ebitda;fcf_verim
ULKER.IS,2024Q3,2024-09-30,XI_29,isyatirim_pit,,,2026-09-07T22:37:18.371578693,,,2024-11-15,APPROXIMATE_FIXED_LAG,UNKNOWN,UNKNOWN,data\raw\isyatirim_cache\ULKER_2024_XI_29.json,satislar;ebitda;op_gelir;net_kar;cfo;fcf;ozkaynaklar;toplam_borc;net_borc;nakit;toplam_aktif,toplam_borc;net_borc;ebitda;ihracat_orani;piyasa_degeri;pb;roe;roa;ev;ev_ebitda;fcf_verim
ULKER.IS,2024Q4,2024-12-31,XI_29,isyatirim_pit,,,2026-09-07T22:37:18.371578693,,,2025-03-15,APPROXIMATE_FIXED_LAG,UNKNOWN,UNKNOWN,data\raw\isyatirim_cache\ULKER_2024_XI_29.json,satislar;ebitda;op_gelir;net_kar;cfo;fcf;ozkaynaklar;toplam_borc;net_borc;nakit;toplam_aktif,toplam_borc;net_borc;ebitda;ihracat_orani;piyasa_degeri;pb;roe;roa;ev;ev_ebitda;fcf_verim
ULKER.IS,2025Q1,2025-03-31,XI_29,isyatirim_pit,,,2026-09-07T22:37:18.512438774,,,2025-05-15,APPROXIMATE_FIXED_LAG,UNKNOWN,UNKNOWN,data\raw\isyatirim_cache\ULKER_2025_XI_29.json,satislar;ebitda;op_gelir;net_kar;cfo;fcf;ozkaynaklar;toplam_borc;net_borc;nakit;toplam_aktif,toplam_borc;net_borc;ebitda;ihracat_orani;piyasa_degeri;pb;roe;roa;ev;ev_ebitda;fcf_verim
ULKER.IS,2025Q2,2025-06-30,XI_29,isyatirim_pit,,,2026-09-07T22:37:18.512438774,,,2025-08-15,APPROXIMATE_FIXED_LAG,UNKNOWN,UNKNOWN,data\raw\isyatirim_cache\ULKER_2025_XI_29.json,satislar;ebitda;op_gelir;net_kar;cfo;fcf;ozkaynaklar;toplam_borc;net_borc;nakit;toplam_aktif,toplam_borc;net_borc;ebitda;ihracat_orani;piyasa_degeri;pb;roe;roa;ev;ev_ebitda;fcf_verim
ULKER.IS,2025Q3,2025-09-30,XI_29,isyatirim_pit,,,2026-09-07T22:37:18.512438774,,,2025-11-15,APPROXIMATE_FIXED_LAG,UNKNOWN,UNKNOWN,data\raw\isyatirim_cache\ULKER_2025_XI_29.json,satislar;ebitda;op_gelir;net_kar;cfo;fcf;ozkaynaklar;toplam_borc;net_borc;nakit;toplam_aktif,toplam_borc;net_borc;ebitda;ihracat_orani;piyasa_degeri;pb;roe;roa;ev;ev_ebitda;fcf_verim
ULKER.IS,2025Q4,2025-12-31,XI_29,isyatirim_pit,,,2026-09-07T22:37:18.512438774,,,2026-03-15,APPROXIMATE_FIXED_LAG,UNKNOWN,UNKNOWN,data\raw\isyatirim_cache\ULKER_2025_XI_29.json,satislar;ebitda;op_gelir;net_kar;cfo;fcf;ozkaynaklar;toplam_borc;net_borc;nakit;toplam_aktif,toplam_borc;net_borc;ebitda;ihracat_orani;piyasa_degeri;pb;roe;roa;ev;ev_ebitda;fcf_verim
ULKER.IS,2026Q1,2026-03-31,XI_29,isyatirim_pit,,,2026-09-07T22:37:18.644726038,,,2026-05-15,APPROXIMATE_FIXED_LAG,UNKNOWN,UNKNOWN,data\raw\isyatirim_cache\ULKER_2026_XI_29.json,satislar;ebitda;op_gelir;net_kar;cfo;fcf;ozkaynaklar;toplam_borc;net_borc;nakit;toplam_aktif,toplam_borc;net_borc;ebitda;ihracat_orani;piyasa_degeri;pb;roe;roa;ev;ev_ebitda;fcf_verim
ULKER.IS,2026Q2,2026-06-30,XI_29,isyatirim_pit,,,2026-09-07T22:37:18.644726038,,,2026-08-15,APPROXIMATE_FIXED_LAG,UNKNOWN,UNKNOWN,data\raw\isyatirim_cache\ULKER_2026_XI_29.json,satislar;ebitda;op_gelir;net_kar;cfo;fcf;ozkaynaklar;toplam_borc;net_borc;nakit;toplam_aktif,toplam_borc;net_borc;ebitda;ihracat_orani;piyasa_degeri;pb;roe;roa;ev;ev_ebitda;fcf_verim
VAKBN.IS,2018Q1,2018-03-31,UFRS,isyatirim_bank_pit,,,2026-09-07T22:36:54.506511450,,,2018-05-15,APPROXIMATE_FIXED_LAG,UNKNOWN,UNKNOWN,data\raw\isyatirim_cache\VAKBN_2018_UFRS.json,satislar;ebitda;op_gelir;net_kar;cfo;fcf;ozkaynaklar;toplam_borc;net_borc;nakit;toplam_aktif,toplam_borc;net_borc;ebitda;ihracat_orani;piyasa_degeri;pb;roe;roa;ev;ev_ebitda;fcf_verim
VAKBN.IS,2018Q2,2018-06-30,UFRS,isyatirim_bank_pit,,,2026-09-07T22:36:54.506511450,,,2018-08-15,APPROXIMATE_FIXED_LAG,UNKNOWN,UNKNOWN,data\raw\isyatirim_cache\VAKBN_2018_UFRS.json,satislar;ebitda;op_gelir;net_kar;cfo;fcf;ozkaynaklar;toplam_borc;net_borc;nakit;toplam_aktif,toplam_borc;net_borc;ebitda;ihracat_orani;piyasa_degeri;pb;roe;roa;ev;ev_ebitda;fcf_verim
VAKBN.IS,2018Q3,2018-09-30,UFRS,isyatirim_bank_pit,,,2026-09-07T22:36:54.506511450,,,2018-11-15,APPROXIMATE_FIXED_LAG,UNKNOWN,UNKNOWN,data\raw\isyatirim_cache\VAKBN_2018_UFRS.json,satislar;ebitda;op_gelir;net_kar;cfo;fcf;ozkaynaklar;toplam_borc;net_borc;nakit;toplam_aktif,toplam_borc;net_borc;ebitda;ihracat_orani;piyasa_degeri;pb;roe;roa;ev;ev_ebitda;fcf_verim
VAKBN.IS,2018Q4,2018-12-31,UFRS,isyatirim_bank_pit,,,2026-09-07T22:36:54.506511450,,,2019-03-15,APPROXIMATE_FIXED_LAG,UNKNOWN,UNKNOWN,data\raw\isyatirim_cache\VAKBN_2018_UFRS.json,satislar;ebitda;op_gelir;net_kar;cfo;fcf;ozkaynaklar;toplam_borc;net_borc;nakit;toplam_aktif,toplam_borc;net_borc;ebitda;ihracat_orani;piyasa_degeri;pb;roe;roa;ev;ev_ebitda;fcf_verim
VAKBN.IS,2019Q1,2019-03-31,UFRS,isyatirim_bank_pit,,,2026-09-07T22:36:54.649461031,,,2019-05-15,APPROXIMATE_FIXED_LAG,UNKNOWN,UNKNOWN,data\raw\isyatirim_cache\VAKBN_2019_UFRS.json,satislar;ebitda;op_gelir;net_kar;cfo;fcf;ozkaynaklar;toplam_borc;net_borc;nakit;toplam_aktif,toplam_borc;net_borc;ebitda;ihracat_orani;piyasa_degeri;pb;roe;roa;ev;ev_ebitda;fcf_verim
VAKBN.IS,2019Q2,2019-06-30,UFRS,isyatirim_bank_pit,,,2026-09-07T22:36:54.649461031,,,2019-08-15,APPROXIMATE_FIXED_LAG,UNKNOWN,UNKNOWN,data\raw\isyatirim_cache\VAKBN_2019_UFRS.json,satislar;ebitda;op_gelir;net_kar;cfo;fcf;ozkaynaklar;toplam_borc;net_borc;nakit;toplam_aktif,toplam_borc;net_borc;ebitda;ihracat_orani;piyasa_degeri;pb;roe;roa;ev;ev_ebitda;fcf_verim
VAKBN.IS,2019Q3,2019-09-30,UFRS,isyatirim_bank_pit,,,2026-09-07T22:36:54.649461031,,,2019-11-15,APPROXIMATE_FIXED_LAG,UNKNOWN,UNKNOWN,data\raw\isyatirim_cache\VAKBN_2019_UFRS.json,satislar;ebitda;op_gelir;net_kar;cfo;fcf;ozkaynaklar;toplam_borc;net_borc;nakit;toplam_aktif,toplam_borc;net_borc;ebitda;ihracat_orani;piyasa_degeri;pb;roe;roa;ev;ev_ebitda;fcf_verim
VAKBN.IS,2019Q4,2019-12-31,UFRS,isyatirim_bank_pit,,,2026-09-07T22:36:54.649461031,,,2020-03-15,APPROXIMATE_FIXED_LAG,UNKNOWN,UNKNOWN,data\raw\isyatirim_cache\VAKBN_2019_UFRS.json,satislar;ebitda;op_gelir;net_kar;cfo;fcf;ozkaynaklar;toplam_borc;net_borc;nakit;toplam_aktif,toplam_borc;net_borc;ebitda;ihracat_orani;piyasa_degeri;pb;roe;roa;ev;ev_ebitda;fcf_verim
VAKBN.IS,2020Q1,2020-03-31,UFRS,isyatirim_bank_pit,,,2026-09-07T22:36:54.813741446,,,2020-05-15,APPROXIMATE_FIXED_LAG,UNKNOWN,UNKNOWN,data\raw\isyatirim_cache\VAKBN_2020_UFRS.json,satislar;ebitda;op_gelir;net_kar;cfo;fcf;ozkaynaklar;toplam_borc;net_borc;nakit;toplam_aktif,toplam_borc;net_borc;ebitda;ihracat_orani;piyasa_degeri;pb;roe;roa;ev;ev_ebitda;fcf_verim
VAKBN.IS,2020Q2,2020-06-30,UFRS,isyatirim_bank_pit,,,2026-09-07T22:36:54.813741446,,,2020-08-15,APPROXIMATE_FIXED_LAG,UNKNOWN,UNKNOWN,data\raw\isyatirim_cache\VAKBN_2020_UFRS.json,satislar;ebitda;op_gelir;net_kar;cfo;fcf;ozkaynaklar;toplam_borc;net_borc;nakit;toplam_aktif,toplam_borc;net_borc;ebitda;ihracat_orani;piyasa_degeri;pb;roe;roa;ev;ev_ebitda;fcf_verim
VAKBN.IS,2020Q3,2020-09-30,UFRS,isyatirim_bank_pit,,,2026-09-07T22:36:54.813741446,,,2020-11-15,APPROXIMATE_FIXED_LAG,UNKNOWN,UNKNOWN,data\raw\isyatirim_cache\VAKBN_2020_UFRS.json,satislar;ebitda;op_gelir;net_kar;cfo;fcf;ozkaynaklar;toplam_borc;net_borc;nakit;toplam_aktif,toplam_borc;net_borc;ebitda;ihracat_orani;piyasa_degeri;pb;roe;roa;ev;ev_ebitda;fcf_verim
VAKBN.IS,2020Q4,2020-12-31,UFRS,isyatirim_bank_pit,,,2026-09-07T22:36:54.813741446,,,2021-03-15,APPROXIMATE_FIXED_LAG,UNKNOWN,UNKNOWN,data\raw\isyatirim_cache\VAKBN_2020_UFRS.json,satislar;ebitda;op_gelir;net_kar;cfo;fcf;ozkaynaklar;toplam_borc;net_borc;nakit;toplam_aktif,toplam_borc;net_borc;ebitda;ihracat_orani;piyasa_degeri;pb;roe;roa;ev;ev_ebitda;fcf_verim
VAKBN.IS,2021Q1,2021-03-31,UFRS,isyatirim_bank_pit,,,2026-09-07T22:36:54.966638088,,,2021-05-15,APPROXIMATE_FIXED_LAG,UNKNOWN,UNKNOWN,data\raw\isyatirim_cache\VAKBN_2021_UFRS.json,satislar;ebitda;op_gelir;net_kar;cfo;fcf;ozkaynaklar;toplam_borc;net_borc;nakit;toplam_aktif,toplam_borc;net_borc;ebitda;ihracat_orani;piyasa_degeri;pb;roe;roa;ev;ev_ebitda;fcf_verim
VAKBN.IS,2021Q2,2021-06-30,UFRS,isyatirim_bank_pit,,,2026-09-07T22:36:54.966638088,,,2021-08-15,APPROXIMATE_FIXED_LAG,UNKNOWN,UNKNOWN,data\raw\isyatirim_cache\VAKBN_2021_UFRS.json,satislar;ebitda;op_gelir;net_kar;cfo;fcf;ozkaynaklar;toplam_borc;net_borc;nakit;toplam_aktif,toplam_borc;net_borc;ebitda;ihracat_orani;piyasa_degeri;pb;roe;roa;ev;ev_ebitda;fcf_verim
VAKBN.IS,2021Q3,2021-09-30,UFRS,isyatirim_bank_pit,,,2026-09-07T22:36:54.966638088,,,2021-11-15,APPROXIMATE_FIXED_LAG,UNKNOWN,UNKNOWN,data\raw\isyatirim_cache\VAKBN_2021_UFRS.json,satislar;ebitda;op_gelir;net_kar;cfo;fcf;ozkaynaklar;toplam_borc;net_borc;nakit;toplam_aktif,toplam_borc;net_borc;ebitda;ihracat_orani;piyasa_degeri;pb;roe;roa;ev;ev_ebitda;fcf_verim
VAKBN.IS,2021Q4,2021-12-31,UFRS,isyatirim_bank_pit,,,2026-09-07T22:36:54.966638088,,,2022-03-15,APPROXIMATE_FIXED_LAG,UNKNOWN,UNKNOWN,data\raw\isyatirim_cache\VAKBN_2021_UFRS.json,satislar;ebitda;op_gelir;net_kar;cfo;fcf;ozkaynaklar;toplam_borc;net_borc;nakit;toplam_aktif,toplam_borc;net_borc;ebitda;ihracat_orani;piyasa_degeri;pb;roe;roa;ev;ev_ebitda;fcf_verim
VAKBN.IS,2022Q1,2022-03-31,UFRS,isyatirim_bank_pit,,,2026-09-07T22:36:55.158857584,,,2022-05-15,APPROXIMATE_FIXED_LAG,UNKNOWN,UNKNOWN,data\raw\isyatirim_cache\VAKBN_2022_UFRS.json,satislar;ebitda;op_gelir;net_kar;cfo;fcf;ozkaynaklar;toplam_borc;net_borc;nakit;toplam_aktif,toplam_borc;net_borc;ebitda;ihracat_orani;piyasa_degeri;pb;roe;roa;ev;ev_ebitda;fcf_verim
VAKBN.IS,2022Q2,2022-06-30,UFRS,isyatirim_bank_pit,,,2026-09-07T22:36:55.158857584,,,2022-08-15,APPROXIMATE_FIXED_LAG,UNKNOWN,UNKNOWN,data\raw\isyatirim_cache\VAKBN_2022_UFRS.json,satislar;ebitda;op_gelir;net_kar;cfo;fcf;ozkaynaklar;toplam_borc;net_borc;nakit;toplam_aktif,toplam_borc;net_borc;ebitda;ihracat_orani;piyasa_degeri;pb;roe;roa;ev;ev_ebitda;fcf_verim
VAKBN.IS,2022Q3,2022-09-30,UFRS,isyatirim_bank_pit,,,2026-09-07T22:36:55.158857584,,,2022-11-15,APPROXIMATE_FIXED_LAG,UNKNOWN,UNKNOWN,data\raw\isyatirim_cache\VAKBN_2022_UFRS.json,satislar;ebitda;op_gelir;net_kar;cfo;fcf;ozkaynaklar;toplam_borc;net_borc;nakit;toplam_aktif,toplam_borc;net_borc;ebitda;ihracat_orani;piyasa_degeri;pb;roe;roa;ev;ev_ebitda;fcf_verim
VAKBN.IS,2022Q4,2022-12-31,UFRS,isyatirim_bank_pit,,,2026-09-07T22:36:55.158857584,,,2023-03-15,APPROXIMATE_FIXED_LAG,UNKNOWN,UNKNOWN,data\raw\isyatirim_cache\VAKBN_2022_UFRS.json,satislar;ebitda;op_gelir;net_kar;cfo;fcf;ozkaynaklar;toplam_borc;net_borc;nakit;toplam_aktif,toplam_borc;net_borc;ebitda;ihracat_orani;piyasa_degeri;pb;roe;roa;ev;ev_ebitda;fcf_verim
VAKBN.IS,2023Q1,2023-03-31,UFRS,isyatirim_bank_pit,,,2026-09-07T22:36:55.304567099,,,2023-05-15,APPROXIMATE_FIXED_LAG,UNKNOWN,UNKNOWN,data\raw\isyatirim_cache\VAKBN_2023_UFRS.json,satislar;ebitda;op_gelir;net_kar;cfo;fcf;ozkaynaklar;toplam_borc;net_borc;nakit;toplam_aktif,toplam_borc;net_borc;ebitda;ihracat_orani;piyasa_degeri;pb;roe;roa;ev;ev_ebitda;fcf_verim
VAKBN.IS,2023Q2,2023-06-30,UFRS,isyatirim_bank_pit,,,2026-09-07T22:36:55.304567099,,,2023-08-15,APPROXIMATE_FIXED_LAG,UNKNOWN,UNKNOWN,data\raw\isyatirim_cache\VAKBN_2023_UFRS.json,satislar;ebitda;op_gelir;net_kar;cfo;fcf;ozkaynaklar;toplam_borc;net_borc;nakit;toplam_aktif,toplam_borc;net_borc;ebitda;ihracat_orani;piyasa_degeri;pb;roe;roa;ev;ev_ebitda;fcf_verim
VAKBN.IS,2023Q3,2023-09-30,UFRS,isyatirim_bank_pit,,,2026-09-07T22:36:55.304567099,,,2023-11-15,APPROXIMATE_FIXED_LAG,UNKNOWN,UNKNOWN,data\raw\isyatirim_cache\VAKBN_2023_UFRS.json,satislar;ebitda;op_gelir;net_kar;cfo;fcf;ozkaynaklar;toplam_borc;net_borc;nakit;toplam_aktif,toplam_borc;net_borc;ebitda;ihracat_orani;piyasa_degeri;pb;roe;roa;ev;ev_ebitda;fcf_verim
VAKBN.IS,2023Q4,2023-12-31,UFRS,isyatirim_bank_pit,,,2026-09-07T22:36:55.304567099,,,2024-03-15,APPROXIMATE_FIXED_LAG,UNKNOWN,UNKNOWN,data\raw\isyatirim_cache\VAKBN_2023_UFRS.json,satislar;ebitda;op_gelir;net_kar;cfo;fcf;ozkaynaklar;toplam_borc;net_borc;nakit;toplam_aktif,toplam_borc;net_borc;ebitda;ihracat_orani;piyasa_degeri;pb;roe;roa;ev;ev_ebitda;fcf_verim
VAKBN.IS,2024Q1,2024-03-31,UFRS,isyatirim_bank_pit,,,2026-09-07T22:36:55.390877247,,,2024-05-15,APPROXIMATE_FIXED_LAG,UNKNOWN,UNKNOWN,data\raw\isyatirim_cache\VAKBN_2024_UFRS.json,satislar;ebitda;op_gelir;net_kar;cfo;fcf;ozkaynaklar;toplam_borc;net_borc;nakit;toplam_aktif,toplam_borc;net_borc;ebitda;ihracat_orani;piyasa_degeri;pb;roe;roa;ev;ev_ebitda;fcf_verim
VAKBN.IS,2024Q2,2024-06-30,UFRS,isyatirim_bank_pit,,,2026-09-07T22:36:55.390877247,,,2024-08-15,APPROXIMATE_FIXED_LAG,UNKNOWN,UNKNOWN,data\raw\isyatirim_cache\VAKBN_2024_UFRS.json,satislar;ebitda;op_gelir;net_kar;cfo;fcf;ozkaynaklar;toplam_borc;net_borc;nakit;toplam_aktif,toplam_borc;net_borc;ebitda;ihracat_orani;piyasa_degeri;pb;roe;roa;ev;ev_ebitda;fcf_verim
VAKBN.IS,2024Q3,2024-09-30,UFRS,isyatirim_bank_pit,,,2026-09-07T22:36:55.390877247,,,2024-11-15,APPROXIMATE_FIXED_LAG,UNKNOWN,UNKNOWN,data\raw\isyatirim_cache\VAKBN_2024_UFRS.json,satislar;ebitda;op_gelir;net_kar;cfo;fcf;ozkaynaklar;toplam_borc;net_borc;nakit;toplam_aktif,toplam_borc;net_borc;ebitda;ihracat_orani;piyasa_degeri;pb;roe;roa;ev;ev_ebitda;fcf_verim
VAKBN.IS,2024Q4,2024-12-31,UFRS,isyatirim_bank_pit,,,2026-09-07T22:36:55.390877247,,,2025-03-15,APPROXIMATE_FIXED_LAG,UNKNOWN,UNKNOWN,data\raw\isyatirim_cache\VAKBN_2024_UFRS.json,satislar;ebitda;op_gelir;net_kar;cfo;fcf;ozkaynaklar;toplam_borc;net_borc;nakit;toplam_aktif,toplam_borc;net_borc;ebitda;ihracat_orani;piyasa_degeri;pb;roe;roa;ev;ev_ebitda;fcf_verim
VAKBN.IS,2025Q1,2025-03-31,UFRS,isyatirim_bank_pit,,,2026-09-07T22:36:55.535299301,,,2025-05-15,APPROXIMATE_FIXED_LAG,UNKNOWN,UNKNOWN,data\raw\isyatirim_cache\VAKBN_2025_UFRS.json,satislar;ebitda;op_gelir;net_kar;cfo;fcf;ozkaynaklar;toplam_borc;net_borc;nakit;toplam_aktif,toplam_borc;net_borc;ebitda;ihracat_orani;piyasa_degeri;pb;roe;roa;ev;ev_ebitda;fcf_verim
VAKBN.IS,2025Q2,2025-06-30,UFRS,isyatirim_bank_pit,,,2026-09-07T22:36:55.535299301,,,2025-08-15,APPROXIMATE_FIXED_LAG,UNKNOWN,UNKNOWN,data\raw\isyatirim_cache\VAKBN_2025_UFRS.json,satislar;ebitda;op_gelir;net_kar;cfo;fcf;ozkaynaklar;toplam_borc;net_borc;nakit;toplam_aktif,toplam_borc;net_borc;ebitda;ihracat_orani;piyasa_degeri;pb;roe;roa;ev;ev_ebitda;fcf_verim
VAKBN.IS,2025Q3,2025-09-30,UFRS,isyatirim_bank_pit,,,2026-09-07T22:36:55.535299301,,,2025-11-15,APPROXIMATE_FIXED_LAG,UNKNOWN,UNKNOWN,data\raw\isyatirim_cache\VAKBN_2025_UFRS.json,satislar;ebitda;op_gelir;net_kar;cfo;fcf;ozkaynaklar;toplam_borc;net_borc;nakit;toplam_aktif,toplam_borc;net_borc;ebitda;ihracat_orani;piyasa_degeri;pb;roe;roa;ev;ev_ebitda;fcf_verim
VAKBN.IS,2025Q4,2025-12-31,UFRS,isyatirim_bank_pit,,,2026-09-07T22:36:55.535299301,,,2026-03-15,APPROXIMATE_FIXED_LAG,UNKNOWN,UNKNOWN,data\raw\isyatirim_cache\VAKBN_2025_UFRS.json,satislar;ebitda;op_gelir;net_kar;cfo;fcf;ozkaynaklar;toplam_borc;net_borc;nakit;toplam_aktif,toplam_borc;net_borc;ebitda;ihracat_orani;piyasa_degeri;pb;roe;roa;ev;ev_ebitda;fcf_verim
VAKBN.IS,2026Q1,2026-03-31,UFRS,isyatirim_bank_pit,,,2026-09-07T22:36:55.704056263,,,2026-05-15,APPROXIMATE_FIXED_LAG,UNKNOWN,UNKNOWN,data\raw\isyatirim_cache\VAKBN_2026_UFRS.json,satislar;ebitda;op_gelir;net_kar;cfo;fcf;ozkaynaklar;toplam_borc;net_borc;nakit;toplam_aktif,toplam_borc;net_borc;ebitda;ihracat_orani;piyasa_degeri;pb;roe;roa;ev;ev_ebitda;fcf_verim
VAKBN.IS,2026Q2,2026-06-30,UFRS,isyatirim_bank_pit,,,2026-09-07T22:36:55.704056263,,,2026-08-15,APPROXIMATE_FIXED_LAG,UNKNOWN,UNKNOWN,data\raw\isyatirim_cache\VAKBN_2026_UFRS.json,satislar;ebitda;op_gelir;net_kar;cfo;fcf;ozkaynaklar;toplam_borc;net_borc;nakit;toplam_aktif,toplam_borc;net_borc;ebitda;ihracat_orani;piyasa_degeri;pb;roe;roa;ev;ev_ebitda;fcf_verim
VESTL.IS,2018Q1,2018-03-31,XI_29,isyatirim_pit,,,2026-09-07T22:37:11.129119873,,,2018-05-15,APPROXIMATE_FIXED_LAG,UNKNOWN,UNKNOWN,data\raw\isyatirim_cache\VESTL_2018_XI_29.json,satislar;ebitda;op_gelir;net_kar;cfo;fcf;ozkaynaklar;toplam_borc;net_borc;nakit;toplam_aktif,toplam_borc;net_borc;ebitda;ihracat_orani;piyasa_degeri;pb;roe;roa;ev;ev_ebitda;fcf_verim
VESTL.IS,2018Q2,2018-06-30,XI_29,isyatirim_pit,,,2026-09-07T22:37:11.129119873,,,2018-08-15,APPROXIMATE_FIXED_LAG,UNKNOWN,UNKNOWN,data\raw\isyatirim_cache\VESTL_2018_XI_29.json,satislar;ebitda;op_gelir;net_kar;cfo;fcf;ozkaynaklar;toplam_borc;net_borc;nakit;toplam_aktif,toplam_borc;net_borc;ebitda;ihracat_orani;piyasa_degeri;pb;roe;roa;ev;ev_ebitda;fcf_verim
VESTL.IS,2018Q3,2018-09-30,XI_29,isyatirim_pit,,,2026-09-07T22:37:11.129119873,,,2018-11-15,APPROXIMATE_FIXED_LAG,UNKNOWN,UNKNOWN,data\raw\isyatirim_cache\VESTL_2018_XI_29.json,satislar;ebitda;op_gelir;net_kar;cfo;fcf;ozkaynaklar;toplam_borc;net_borc;nakit;toplam_aktif,toplam_borc;net_borc;ebitda;ihracat_orani;piyasa_degeri;pb;roe;roa;ev;ev_ebitda;fcf_verim
VESTL.IS,2018Q4,2018-12-31,XI_29,isyatirim_pit,,,2026-09-07T22:37:11.129119873,,,2019-03-15,APPROXIMATE_FIXED_LAG,UNKNOWN,UNKNOWN,data\raw\isyatirim_cache\VESTL_2018_XI_29.json,satislar;ebitda;op_gelir;net_kar;cfo;fcf;ozkaynaklar;toplam_borc;net_borc;nakit;toplam_aktif,toplam_borc;net_borc;ebitda;ihracat_orani;piyasa_degeri;pb;roe;roa;ev;ev_ebitda;fcf_verim
VESTL.IS,2019Q1,2019-03-31,XI_29,isyatirim_pit,,,2026-09-07T22:37:11.287739992,,,2019-05-15,APPROXIMATE_FIXED_LAG,UNKNOWN,UNKNOWN,data\raw\isyatirim_cache\VESTL_2019_XI_29.json,satislar;ebitda;op_gelir;net_kar;cfo;fcf;ozkaynaklar;toplam_borc;net_borc;nakit;toplam_aktif,toplam_borc;net_borc;ebitda;ihracat_orani;piyasa_degeri;pb;roe;roa;ev;ev_ebitda;fcf_verim
VESTL.IS,2019Q2,2019-06-30,XI_29,isyatirim_pit,,,2026-09-07T22:37:11.287739992,,,2019-08-15,APPROXIMATE_FIXED_LAG,UNKNOWN,UNKNOWN,data\raw\isyatirim_cache\VESTL_2019_XI_29.json,satislar;ebitda;op_gelir;net_kar;cfo;fcf;ozkaynaklar;toplam_borc;net_borc;nakit;toplam_aktif,toplam_borc;net_borc;ebitda;ihracat_orani;piyasa_degeri;pb;roe;roa;ev;ev_ebitda;fcf_verim
VESTL.IS,2019Q3,2019-09-30,XI_29,isyatirim_pit,,,2026-09-07T22:37:11.287739992,,,2019-11-15,APPROXIMATE_FIXED_LAG,UNKNOWN,UNKNOWN,data\raw\isyatirim_cache\VESTL_2019_XI_29.json,satislar;ebitda;op_gelir;net_kar;cfo;fcf;ozkaynaklar;toplam_borc;net_borc;nakit;toplam_aktif,toplam_borc;net_borc;ebitda;ihracat_orani;piyasa_degeri;pb;roe;roa;ev;ev_ebitda;fcf_verim
VESTL.IS,2019Q4,2019-12-31,XI_29,isyatirim_pit,,,2026-09-07T22:37:11.287739992,,,2020-03-15,APPROXIMATE_FIXED_LAG,UNKNOWN,UNKNOWN,data\raw\isyatirim_cache\VESTL_2019_XI_29.json,satislar;ebitda;op_gelir;net_kar;cfo;fcf;ozkaynaklar;toplam_borc;net_borc;nakit;toplam_aktif,toplam_borc;net_borc;ebitda;ihracat_orani;piyasa_degeri;pb;roe;roa;ev;ev_ebitda;fcf_verim
VESTL.IS,2020Q1,2020-03-31,XI_29,isyatirim_pit,,,2026-09-07T22:37:11.436744690,,,2020-05-15,APPROXIMATE_FIXED_LAG,UNKNOWN,UNKNOWN,data\raw\isyatirim_cache\VESTL_2020_XI_29.json,satislar;ebitda;op_gelir;net_kar;cfo;fcf;ozkaynaklar;toplam_borc;net_borc;nakit;toplam_aktif,toplam_borc;net_borc;ebitda;ihracat_orani;piyasa_degeri;pb;roe;roa;ev;ev_ebitda;fcf_verim
VESTL.IS,2020Q2,2020-06-30,XI_29,isyatirim_pit,,,2026-09-07T22:37:11.436744690,,,2020-08-15,APPROXIMATE_FIXED_LAG,UNKNOWN,UNKNOWN,data\raw\isyatirim_cache\VESTL_2020_XI_29.json,satislar;ebitda;op_gelir;net_kar;cfo;fcf;ozkaynaklar;toplam_borc;net_borc;nakit;toplam_aktif,toplam_borc;net_borc;ebitda;ihracat_orani;piyasa_degeri;pb;roe;roa;ev;ev_ebitda;fcf_verim
VESTL.IS,2020Q3,2020-09-30,XI_29,isyatirim_pit,,,2026-09-07T22:37:11.436744690,,,2020-11-15,APPROXIMATE_FIXED_LAG,UNKNOWN,UNKNOWN,data\raw\isyatirim_cache\VESTL_2020_XI_29.json,satislar;ebitda;op_gelir;net_kar;cfo;fcf;ozkaynaklar;toplam_borc;net_borc;nakit;toplam_aktif,toplam_borc;net_borc;ebitda;ihracat_orani;piyasa_degeri;pb;roe;roa;ev;ev_ebitda;fcf_verim
VESTL.IS,2020Q4,2020-12-31,XI_29,isyatirim_pit,,,2026-09-07T22:37:11.436744690,,,2021-03-15,APPROXIMATE_FIXED_LAG,UNKNOWN,UNKNOWN,data\raw\isyatirim_cache\VESTL_2020_XI_29.json,satislar;ebitda;op_gelir;net_kar;cfo;fcf;ozkaynaklar;toplam_borc;net_borc;nakit;toplam_aktif,toplam_borc;net_borc;ebitda;ihracat_orani;piyasa_degeri;pb;roe;roa;ev;ev_ebitda;fcf_verim
VESTL.IS,2021Q1,2021-03-31,XI_29,isyatirim_pit,,,2026-09-07T22:37:11.580707073,,,2021-05-15,APPROXIMATE_FIXED_LAG,UNKNOWN,UNKNOWN,data\raw\isyatirim_cache\VESTL_2021_XI_29.json,satislar;ebitda;op_gelir;net_kar;cfo;fcf;ozkaynaklar;toplam_borc;net_borc;nakit;toplam_aktif,toplam_borc;net_borc;ebitda;ihracat_orani;piyasa_degeri;pb;roe;roa;ev;ev_ebitda;fcf_verim
VESTL.IS,2021Q2,2021-06-30,XI_29,isyatirim_pit,,,2026-09-07T22:37:11.580707073,,,2021-08-15,APPROXIMATE_FIXED_LAG,UNKNOWN,UNKNOWN,data\raw\isyatirim_cache\VESTL_2021_XI_29.json,satislar;ebitda;op_gelir;net_kar;cfo;fcf;ozkaynaklar;toplam_borc;net_borc;nakit;toplam_aktif,toplam_borc;net_borc;ebitda;ihracat_orani;piyasa_degeri;pb;roe;roa;ev;ev_ebitda;fcf_verim
VESTL.IS,2021Q3,2021-09-30,XI_29,isyatirim_pit,,,2026-09-07T22:37:11.580707073,,,2021-11-15,APPROXIMATE_FIXED_LAG,UNKNOWN,UNKNOWN,data\raw\isyatirim_cache\VESTL_2021_XI_29.json,satislar;ebitda;op_gelir;net_kar;cfo;fcf;ozkaynaklar;toplam_borc;net_borc;nakit;toplam_aktif,toplam_borc;net_borc;ebitda;ihracat_orani;piyasa_degeri;pb;roe;roa;ev;ev_ebitda;fcf_verim
VESTL.IS,2021Q4,2021-12-31,XI_29,isyatirim_pit,,,2026-09-07T22:37:11.580707073,,,2022-03-15,APPROXIMATE_FIXED_LAG,UNKNOWN,UNKNOWN,data\raw\isyatirim_cache\VESTL_2021_XI_29.json,satislar;ebitda;op_gelir;net_kar;cfo;fcf;ozkaynaklar;toplam_borc;net_borc;nakit;toplam_aktif,toplam_borc;net_borc;ebitda;ihracat_orani;piyasa_degeri;pb;roe;roa;ev;ev_ebitda;fcf_verim
VESTL.IS,2022Q1,2022-03-31,XI_29,isyatirim_pit,,,2026-09-07T22:37:11.716783524,,,2022-05-15,APPROXIMATE_FIXED_LAG,UNKNOWN,UNKNOWN,data\raw\isyatirim_cache\VESTL_2022_XI_29.json,satislar;ebitda;op_gelir;net_kar;cfo;fcf;ozkaynaklar;toplam_borc;net_borc;nakit;toplam_aktif,toplam_borc;net_borc;ebitda;ihracat_orani;piyasa_degeri;pb;roe;roa;ev;ev_ebitda;fcf_verim
VESTL.IS,2022Q2,2022-06-30,XI_29,isyatirim_pit,,,2026-09-07T22:37:11.716783524,,,2022-08-15,APPROXIMATE_FIXED_LAG,UNKNOWN,UNKNOWN,data\raw\isyatirim_cache\VESTL_2022_XI_29.json,satislar;ebitda;op_gelir;net_kar;cfo;fcf;ozkaynaklar;toplam_borc;net_borc;nakit;toplam_aktif,toplam_borc;net_borc;ebitda;ihracat_orani;piyasa_degeri;pb;roe;roa;ev;ev_ebitda;fcf_verim
VESTL.IS,2022Q3,2022-09-30,XI_29,isyatirim_pit,,,2026-09-07T22:37:11.716783524,,,2022-11-15,APPROXIMATE_FIXED_LAG,UNKNOWN,UNKNOWN,data\raw\isyatirim_cache\VESTL_2022_XI_29.json,satislar;ebitda;op_gelir;net_kar;cfo;fcf;ozkaynaklar;toplam_borc;net_borc;nakit;toplam_aktif,toplam_borc;net_borc;ebitda;ihracat_orani;piyasa_degeri;pb;roe;roa;ev;ev_ebitda;fcf_verim
VESTL.IS,2022Q4,2022-12-31,XI_29,isyatirim_pit,,,2026-09-07T22:37:11.716783524,,,2023-03-15,APPROXIMATE_FIXED_LAG,UNKNOWN,UNKNOWN,data\raw\isyatirim_cache\VESTL_2022_XI_29.json,satislar;ebitda;op_gelir;net_kar;cfo;fcf;ozkaynaklar;toplam_borc;net_borc;nakit;toplam_aktif,toplam_borc;net_borc;ebitda;ihracat_orani;piyasa_degeri;pb;roe;roa;ev;ev_ebitda;fcf_verim
VESTL.IS,2023Q1,2023-03-31,XI_29,isyatirim_pit,,,2026-09-07T22:37:11.854154110,,,2023-05-15,APPROXIMATE_FIXED_LAG,UNKNOWN,UNKNOWN,data\raw\isyatirim_cache\VESTL_2023_XI_29.json,satislar;ebitda;op_gelir;net_kar;cfo;fcf;ozkaynaklar;toplam_borc;net_borc;nakit;toplam_aktif,toplam_borc;net_borc;ebitda;ihracat_orani;piyasa_degeri;pb;roe;roa;ev;ev_ebitda;fcf_verim
VESTL.IS,2023Q2,2023-06-30,XI_29,isyatirim_pit,,,2026-09-07T22:37:11.854154110,,,2023-08-15,APPROXIMATE_FIXED_LAG,UNKNOWN,UNKNOWN,data\raw\isyatirim_cache\VESTL_2023_XI_29.json,satislar;ebitda;op_gelir;net_kar;cfo;fcf;ozkaynaklar;toplam_borc;net_borc;nakit;toplam_aktif,toplam_borc;net_borc;ebitda;ihracat_orani;piyasa_degeri;pb;roe;roa;ev;ev_ebitda;fcf_verim
VESTL.IS,2023Q3,2023-09-30,XI_29,isyatirim_pit,,,2026-09-07T22:37:11.854154110,,,2023-11-15,APPROXIMATE_FIXED_LAG,UNKNOWN,UNKNOWN,data\raw\isyatirim_cache\VESTL_2023_XI_29.json,satislar;ebitda;op_gelir;net_kar;cfo;fcf;ozkaynaklar;toplam_borc;net_borc;nakit;toplam_aktif,toplam_borc;net_borc;ebitda;ihracat_orani;piyasa_degeri;pb;roe;roa;ev;ev_ebitda;fcf_verim
VESTL.IS,2023Q4,2023-12-31,XI_29,isyatirim_pit,,,2026-09-07T22:37:11.854154110,,,2024-03-15,APPROXIMATE_FIXED_LAG,UNKNOWN,UNKNOWN,data\raw\isyatirim_cache\VESTL_2023_XI_29.json,satislar;ebitda;op_gelir;net_kar;cfo;fcf;ozkaynaklar;toplam_borc;net_borc;nakit;toplam_aktif,toplam_borc;net_borc;ebitda;ihracat_orani;piyasa_degeri;pb;roe;roa;ev;ev_ebitda;fcf_verim
VESTL.IS,2024Q1,2024-03-31,XI_29,isyatirim_pit,,,2026-09-07T22:37:11.941123009,,,2024-05-15,APPROXIMATE_FIXED_LAG,UNKNOWN,UNKNOWN,data\raw\isyatirim_cache\VESTL_2024_XI_29.json,satislar;ebitda;op_gelir;net_kar;cfo;fcf;ozkaynaklar;toplam_borc;net_borc;nakit;toplam_aktif,toplam_borc;net_borc;ebitda;ihracat_orani;piyasa_degeri;pb;roe;roa;ev;ev_ebitda;fcf_verim
VESTL.IS,2024Q2,2024-06-30,XI_29,isyatirim_pit,,,2026-09-07T22:37:11.941123009,,,2024-08-15,APPROXIMATE_FIXED_LAG,UNKNOWN,UNKNOWN,data\raw\isyatirim_cache\VESTL_2024_XI_29.json,satislar;ebitda;op_gelir;net_kar;cfo;fcf;ozkaynaklar;toplam_borc;net_borc;nakit;toplam_aktif,toplam_borc;net_borc;ebitda;ihracat_orani;piyasa_degeri;pb;roe;roa;ev;ev_ebitda;fcf_verim
VESTL.IS,2024Q3,2024-09-30,XI_29,isyatirim_pit,,,2026-09-07T22:37:11.941123009,,,2024-11-15,APPROXIMATE_FIXED_LAG,UNKNOWN,UNKNOWN,data\raw\isyatirim_cache\VESTL_2024_XI_29.json,satislar;ebitda;op_gelir;net_kar;cfo;fcf;ozkaynaklar;toplam_borc;net_borc;nakit;toplam_aktif,toplam_borc;net_borc;ebitda;ihracat_orani;piyasa_degeri;pb;roe;roa;ev;ev_ebitda;fcf_verim
VESTL.IS,2024Q4,2024-12-31,XI_29,isyatirim_pit,,,2026-09-07T22:37:11.941123009,,,2025-03-15,APPROXIMATE_FIXED_LAG,UNKNOWN,UNKNOWN,data\raw\isyatirim_cache\VESTL_2024_XI_29.json,satislar;ebitda;op_gelir;net_kar;cfo;fcf;ozkaynaklar;toplam_borc;net_borc;nakit;toplam_aktif,toplam_borc;net_borc;ebitda;ihracat_orani;piyasa_degeri;pb;roe;roa;ev;ev_ebitda;fcf_verim
VESTL.IS,2025Q1,2025-03-31,XI_29,isyatirim_pit,,,2026-09-07T22:37:12.071153879,,,2025-05-15,APPROXIMATE_FIXED_LAG,UNKNOWN,UNKNOWN,data\raw\isyatirim_cache\VESTL_2025_XI_29.json,satislar;ebitda;op_gelir;net_kar;cfo;fcf;ozkaynaklar;toplam_borc;net_borc;nakit;toplam_aktif,toplam_borc;net_borc;ebitda;ihracat_orani;piyasa_degeri;pb;roe;roa;ev;ev_ebitda;fcf_verim
VESTL.IS,2025Q2,2025-06-30,XI_29,isyatirim_pit,,,2026-09-07T22:37:12.071153879,,,2025-08-15,APPROXIMATE_FIXED_LAG,UNKNOWN,UNKNOWN,data\raw\isyatirim_cache\VESTL_2025_XI_29.json,satislar;ebitda;op_gelir;net_kar;cfo;fcf;ozkaynaklar;toplam_borc;net_borc;nakit;toplam_aktif,toplam_borc;net_borc;ebitda;ihracat_orani;piyasa_degeri;pb;roe;roa;ev;ev_ebitda;fcf_verim
VESTL.IS,2025Q3,2025-09-30,XI_29,isyatirim_pit,,,2026-09-07T22:37:12.071153879,,,2025-11-15,APPROXIMATE_FIXED_LAG,UNKNOWN,UNKNOWN,data\raw\isyatirim_cache\VESTL_2025_XI_29.json,satislar;ebitda;op_gelir;net_kar;cfo;fcf;ozkaynaklar;toplam_borc;net_borc;nakit;toplam_aktif,toplam_borc;net_borc;ebitda;ihracat_orani;piyasa_degeri;pb;roe;roa;ev;ev_ebitda;fcf_verim
VESTL.IS,2025Q4,2025-12-31,XI_29,isyatirim_pit,,,2026-09-07T22:37:12.071153879,,,2026-03-15,APPROXIMATE_FIXED_LAG,UNKNOWN,UNKNOWN,data\raw\isyatirim_cache\VESTL_2025_XI_29.json,satislar;ebitda;op_gelir;net_kar;cfo;fcf;ozkaynaklar;toplam_borc;net_borc;nakit;toplam_aktif,toplam_borc;net_borc;ebitda;ihracat_orani;piyasa_degeri;pb;roe;roa;ev;ev_ebitda;fcf_verim
VESTL.IS,2026Q1,2026-03-31,XI_29,isyatirim_pit,,,2026-09-07T22:37:12.199480534,,,2026-05-15,APPROXIMATE_FIXED_LAG,UNKNOWN,UNKNOWN,data\raw\isyatirim_cache\VESTL_2026_XI_29.json,satislar;ebitda;op_gelir;net_kar;cfo;fcf;ozkaynaklar;toplam_borc;net_borc;nakit;toplam_aktif,toplam_borc;net_borc;ebitda;ihracat_orani;piyasa_degeri;pb;roe;roa;ev;ev_ebitda;fcf_verim
VESTL.IS,2026Q2,2026-06-30,XI_29,isyatirim_pit,,,2026-09-07T22:37:12.199480534,,,2026-08-15,APPROXIMATE_FIXED_LAG,UNKNOWN,UNKNOWN,data\raw\isyatirim_cache\VESTL_2026_XI_29.json,satislar;ebitda;op_gelir;net_kar;cfo;fcf;ozkaynaklar;toplam_borc;net_borc;nakit;toplam_aktif,toplam_borc;net_borc;ebitda;ihracat_orani;piyasa_degeri;pb;roe;roa;ev;ev_ebitda;fcf_verim
YKBNK.IS,2018Q1,2018-03-31,UFRS,isyatirim_bank_pit,,,2026-09-07T22:36:56.914929390,,,2018-05-15,APPROXIMATE_FIXED_LAG,UNKNOWN,UNKNOWN,data\raw\isyatirim_cache\YKBNK_2018_UFRS.json,satislar;ebitda;op_gelir;net_kar;cfo;fcf;ozkaynaklar;toplam_borc;net_borc;nakit;toplam_aktif,toplam_borc;net_borc;ebitda;ihracat_orani;piyasa_degeri;pb;roe;roa;ev;ev_ebitda;fcf_verim
YKBNK.IS,2018Q2,2018-06-30,UFRS,isyatirim_bank_pit,,,2026-09-07T22:36:56.914929390,,,2018-08-15,APPROXIMATE_FIXED_LAG,UNKNOWN,UNKNOWN,data\raw\isyatirim_cache\YKBNK_2018_UFRS.json,satislar;ebitda;op_gelir;net_kar;cfo;fcf;ozkaynaklar;toplam_borc;net_borc;nakit;toplam_aktif,toplam_borc;net_borc;ebitda;ihracat_orani;piyasa_degeri;pb;roe;roa;ev;ev_ebitda;fcf_verim
YKBNK.IS,2018Q3,2018-09-30,UFRS,isyatirim_bank_pit,,,2026-09-07T22:36:56.914929390,,,2018-11-15,APPROXIMATE_FIXED_LAG,UNKNOWN,UNKNOWN,data\raw\isyatirim_cache\YKBNK_2018_UFRS.json,satislar;ebitda;op_gelir;net_kar;cfo;fcf;ozkaynaklar;toplam_borc;net_borc;nakit;toplam_aktif,toplam_borc;net_borc;ebitda;ihracat_orani;piyasa_degeri;pb;roe;roa;ev;ev_ebitda;fcf_verim
YKBNK.IS,2018Q4,2018-12-31,UFRS,isyatirim_bank_pit,,,2026-09-07T22:36:56.914929390,,,2019-03-15,APPROXIMATE_FIXED_LAG,UNKNOWN,UNKNOWN,data\raw\isyatirim_cache\YKBNK_2018_UFRS.json,satislar;ebitda;op_gelir;net_kar;cfo;fcf;ozkaynaklar;toplam_borc;net_borc;nakit;toplam_aktif,toplam_borc;net_borc;ebitda;ihracat_orani;piyasa_degeri;pb;roe;roa;ev;ev_ebitda;fcf_verim
YKBNK.IS,2019Q1,2019-03-31,UFRS,isyatirim_bank_pit,,,2026-09-07T22:36:57.067856073,,,2019-05-15,APPROXIMATE_FIXED_LAG,UNKNOWN,UNKNOWN,data\raw\isyatirim_cache\YKBNK_2019_UFRS.json,satislar;ebitda;op_gelir;net_kar;cfo;fcf;ozkaynaklar;toplam_borc;net_borc;nakit;toplam_aktif,toplam_borc;net_borc;ebitda;ihracat_orani;piyasa_degeri;pb;roe;roa;ev;ev_ebitda;fcf_verim
YKBNK.IS,2019Q2,2019-06-30,UFRS,isyatirim_bank_pit,,,2026-09-07T22:36:57.067856073,,,2019-08-15,APPROXIMATE_FIXED_LAG,UNKNOWN,UNKNOWN,data\raw\isyatirim_cache\YKBNK_2019_UFRS.json,satislar;ebitda;op_gelir;net_kar;cfo;fcf;ozkaynaklar;toplam_borc;net_borc;nakit;toplam_aktif,toplam_borc;net_borc;ebitda;ihracat_orani;piyasa_degeri;pb;roe;roa;ev;ev_ebitda;fcf_verim
YKBNK.IS,2019Q3,2019-09-30,UFRS,isyatirim_bank_pit,,,2026-09-07T22:36:57.067856073,,,2019-11-15,APPROXIMATE_FIXED_LAG,UNKNOWN,UNKNOWN,data\raw\isyatirim_cache\YKBNK_2019_UFRS.json,satislar;ebitda;op_gelir;net_kar;cfo;fcf;ozkaynaklar;toplam_borc;net_borc;nakit;toplam_aktif,toplam_borc;net_borc;ebitda;ihracat_orani;piyasa_degeri;pb;roe;roa;ev;ev_ebitda;fcf_verim
YKBNK.IS,2019Q4,2019-12-31,UFRS,isyatirim_bank_pit,,,2026-09-07T22:36:57.067856073,,,2020-03-15,APPROXIMATE_FIXED_LAG,UNKNOWN,UNKNOWN,data\raw\isyatirim_cache\YKBNK_2019_UFRS.json,satislar;ebitda;op_gelir;net_kar;cfo;fcf;ozkaynaklar;toplam_borc;net_borc;nakit;toplam_aktif,toplam_borc;net_borc;ebitda;ihracat_orani;piyasa_degeri;pb;roe;roa;ev;ev_ebitda;fcf_verim
YKBNK.IS,2020Q1,2020-03-31,UFRS,isyatirim_bank_pit,,,2026-09-07T22:36:57.220786810,,,2020-05-15,APPROXIMATE_FIXED_LAG,UNKNOWN,UNKNOWN,data\raw\isyatirim_cache\YKBNK_2020_UFRS.json,satislar;ebitda;op_gelir;net_kar;cfo;fcf;ozkaynaklar;toplam_borc;net_borc;nakit;toplam_aktif,toplam_borc;net_borc;ebitda;ihracat_orani;piyasa_degeri;pb;roe;roa;ev;ev_ebitda;fcf_verim
YKBNK.IS,2020Q2,2020-06-30,UFRS,isyatirim_bank_pit,,,2026-09-07T22:36:57.220786810,,,2020-08-15,APPROXIMATE_FIXED_LAG,UNKNOWN,UNKNOWN,data\raw\isyatirim_cache\YKBNK_2020_UFRS.json,satislar;ebitda;op_gelir;net_kar;cfo;fcf;ozkaynaklar;toplam_borc;net_borc;nakit;toplam_aktif,toplam_borc;net_borc;ebitda;ihracat_orani;piyasa_degeri;pb;roe;roa;ev;ev_ebitda;fcf_verim
YKBNK.IS,2020Q3,2020-09-30,UFRS,isyatirim_bank_pit,,,2026-09-07T22:36:57.220786810,,,2020-11-15,APPROXIMATE_FIXED_LAG,UNKNOWN,UNKNOWN,data\raw\isyatirim_cache\YKBNK_2020_UFRS.json,satislar;ebitda;op_gelir;net_kar;cfo;fcf;ozkaynaklar;toplam_borc;net_borc;nakit;toplam_aktif,toplam_borc;net_borc;ebitda;ihracat_orani;piyasa_degeri;pb;roe;roa;ev;ev_ebitda;fcf_verim
YKBNK.IS,2020Q4,2020-12-31,UFRS,isyatirim_bank_pit,,,2026-09-07T22:36:57.220786810,,,2021-03-15,APPROXIMATE_FIXED_LAG,UNKNOWN,UNKNOWN,data\raw\isyatirim_cache\YKBNK_2020_UFRS.json,satislar;ebitda;op_gelir;net_kar;cfo;fcf;ozkaynaklar;toplam_borc;net_borc;nakit;toplam_aktif,toplam_borc;net_borc;ebitda;ihracat_orani;piyasa_degeri;pb;roe;roa;ev;ev_ebitda;fcf_verim
YKBNK.IS,2021Q1,2021-03-31,UFRS,isyatirim_bank_pit,,,2026-09-07T22:36:57.362065315,,,2021-05-15,APPROXIMATE_FIXED_LAG,UNKNOWN,UNKNOWN,data\raw\isyatirim_cache\YKBNK_2021_UFRS.json,satislar;ebitda;op_gelir;net_kar;cfo;fcf;ozkaynaklar;toplam_borc;net_borc;nakit;toplam_aktif,toplam_borc;net_borc;ebitda;ihracat_orani;piyasa_degeri;pb;roe;roa;ev;ev_ebitda;fcf_verim
YKBNK.IS,2021Q2,2021-06-30,UFRS,isyatirim_bank_pit,,,2026-09-07T22:36:57.362065315,,,2021-08-15,APPROXIMATE_FIXED_LAG,UNKNOWN,UNKNOWN,data\raw\isyatirim_cache\YKBNK_2021_UFRS.json,satislar;ebitda;op_gelir;net_kar;cfo;fcf;ozkaynaklar;toplam_borc;net_borc;nakit;toplam_aktif,toplam_borc;net_borc;ebitda;ihracat_orani;piyasa_degeri;pb;roe;roa;ev;ev_ebitda;fcf_verim
YKBNK.IS,2021Q3,2021-09-30,UFRS,isyatirim_bank_pit,,,2026-09-07T22:36:57.362065315,,,2021-11-15,APPROXIMATE_FIXED_LAG,UNKNOWN,UNKNOWN,data\raw\isyatirim_cache\YKBNK_2021_UFRS.json,satislar;ebitda;op_gelir;net_kar;cfo;fcf;ozkaynaklar;toplam_borc;net_borc;nakit;toplam_aktif,toplam_borc;net_borc;ebitda;ihracat_orani;piyasa_degeri;pb;roe;roa;ev;ev_ebitda;fcf_verim
YKBNK.IS,2021Q4,2021-12-31,UFRS,isyatirim_bank_pit,,,2026-09-07T22:36:57.362065315,,,2022-03-15,APPROXIMATE_FIXED_LAG,UNKNOWN,UNKNOWN,data\raw\isyatirim_cache\YKBNK_2021_UFRS.json,satislar;ebitda;op_gelir;net_kar;cfo;fcf;ozkaynaklar;toplam_borc;net_borc;nakit;toplam_aktif,toplam_borc;net_borc;ebitda;ihracat_orani;piyasa_degeri;pb;roe;roa;ev;ev_ebitda;fcf_verim
YKBNK.IS,2022Q1,2022-03-31,UFRS,isyatirim_bank_pit,,,2026-09-07T22:36:57.501659631,,,2022-05-15,APPROXIMATE_FIXED_LAG,UNKNOWN,UNKNOWN,data\raw\isyatirim_cache\YKBNK_2022_UFRS.json,satislar;ebitda;op_gelir;net_kar;cfo;fcf;ozkaynaklar;toplam_borc;net_borc;nakit;toplam_aktif,toplam_borc;net_borc;ebitda;ihracat_orani;piyasa_degeri;pb;roe;roa;ev;ev_ebitda;fcf_verim
YKBNK.IS,2022Q2,2022-06-30,UFRS,isyatirim_bank_pit,,,2026-09-07T22:36:57.501659631,,,2022-08-15,APPROXIMATE_FIXED_LAG,UNKNOWN,UNKNOWN,data\raw\isyatirim_cache\YKBNK_2022_UFRS.json,satislar;ebitda;op_gelir;net_kar;cfo;fcf;ozkaynaklar;toplam_borc;net_borc;nakit;toplam_aktif,toplam_borc;net_borc;ebitda;ihracat_orani;piyasa_degeri;pb;roe;roa;ev;ev_ebitda;fcf_verim
YKBNK.IS,2022Q3,2022-09-30,UFRS,isyatirim_bank_pit,,,2026-09-07T22:36:57.501659631,,,2022-11-15,APPROXIMATE_FIXED_LAG,UNKNOWN,UNKNOWN,data\raw\isyatirim_cache\YKBNK_2022_UFRS.json,satislar;ebitda;op_gelir;net_kar;cfo;fcf;ozkaynaklar;toplam_borc;net_borc;nakit;toplam_aktif,toplam_borc;net_borc;ebitda;ihracat_orani;piyasa_degeri;pb;roe;roa;ev;ev_ebitda;fcf_verim
YKBNK.IS,2022Q4,2022-12-31,UFRS,isyatirim_bank_pit,,,2026-09-07T22:36:57.501659631,,,2023-03-15,APPROXIMATE_FIXED_LAG,UNKNOWN,UNKNOWN,data\raw\isyatirim_cache\YKBNK_2022_UFRS.json,satislar;ebitda;op_gelir;net_kar;cfo;fcf;ozkaynaklar;toplam_borc;net_borc;nakit;toplam_aktif,toplam_borc;net_borc;ebitda;ihracat_orani;piyasa_degeri;pb;roe;roa;ev;ev_ebitda;fcf_verim
YKBNK.IS,2023Q1,2023-03-31,UFRS,isyatirim_bank_pit,,,2026-09-07T22:36:57.645651817,,,2023-05-15,APPROXIMATE_FIXED_LAG,UNKNOWN,UNKNOWN,data\raw\isyatirim_cache\YKBNK_2023_UFRS.json,satislar;ebitda;op_gelir;net_kar;cfo;fcf;ozkaynaklar;toplam_borc;net_borc;nakit;toplam_aktif,toplam_borc;net_borc;ebitda;ihracat_orani;piyasa_degeri;pb;roe;roa;ev;ev_ebitda;fcf_verim
YKBNK.IS,2023Q2,2023-06-30,UFRS,isyatirim_bank_pit,,,2026-09-07T22:36:57.645651817,,,2023-08-15,APPROXIMATE_FIXED_LAG,UNKNOWN,UNKNOWN,data\raw\isyatirim_cache\YKBNK_2023_UFRS.json,satislar;ebitda;op_gelir;net_kar;cfo;fcf;ozkaynaklar;toplam_borc;net_borc;nakit;toplam_aktif,toplam_borc;net_borc;ebitda;ihracat_orani;piyasa_degeri;pb;roe;roa;ev;ev_ebitda;fcf_verim
YKBNK.IS,2023Q3,2023-09-30,UFRS,isyatirim_bank_pit,,,2026-09-07T22:36:57.645651817,,,2023-11-15,APPROXIMATE_FIXED_LAG,UNKNOWN,UNKNOWN,data\raw\isyatirim_cache\YKBNK_2023_UFRS.json,satislar;ebitda;op_gelir;net_kar;cfo;fcf;ozkaynaklar;toplam_borc;net_borc;nakit;toplam_aktif,toplam_borc;net_borc;ebitda;ihracat_orani;piyasa_degeri;pb;roe;roa;ev;ev_ebitda;fcf_verim
YKBNK.IS,2023Q4,2023-12-31,UFRS,isyatirim_bank_pit,,,2026-09-07T22:36:57.645651817,,,2024-03-15,APPROXIMATE_FIXED_LAG,UNKNOWN,UNKNOWN,data\raw\isyatirim_cache\YKBNK_2023_UFRS.json,satislar;ebitda;op_gelir;net_kar;cfo;fcf;ozkaynaklar;toplam_borc;net_borc;nakit;toplam_aktif,toplam_borc;net_borc;ebitda;ihracat_orani;piyasa_degeri;pb;roe;roa;ev;ev_ebitda;fcf_verim
YKBNK.IS,2024Q1,2024-03-31,UFRS,isyatirim_bank_pit,,,2026-09-07T22:36:57.735211134,,,2024-05-15,APPROXIMATE_FIXED_LAG,UNKNOWN,UNKNOWN,data\raw\isyatirim_cache\YKBNK_2024_UFRS.json,satislar;ebitda;op_gelir;net_kar;cfo;fcf;ozkaynaklar;toplam_borc;net_borc;nakit;toplam_aktif,toplam_borc;net_borc;ebitda;ihracat_orani;piyasa_degeri;pb;roe;roa;ev;ev_ebitda;fcf_verim
YKBNK.IS,2024Q2,2024-06-30,UFRS,isyatirim_bank_pit,,,2026-09-07T22:36:57.735211134,,,2024-08-15,APPROXIMATE_FIXED_LAG,UNKNOWN,UNKNOWN,data\raw\isyatirim_cache\YKBNK_2024_UFRS.json,satislar;ebitda;op_gelir;net_kar;cfo;fcf;ozkaynaklar;toplam_borc;net_borc;nakit;toplam_aktif,toplam_borc;net_borc;ebitda;ihracat_orani;piyasa_degeri;pb;roe;roa;ev;ev_ebitda;fcf_verim
YKBNK.IS,2024Q3,2024-09-30,UFRS,isyatirim_bank_pit,,,2026-09-07T22:36:57.735211134,,,2024-11-15,APPROXIMATE_FIXED_LAG,UNKNOWN,UNKNOWN,data\raw\isyatirim_cache\YKBNK_2024_UFRS.json,satislar;ebitda;op_gelir;net_kar;cfo;fcf;ozkaynaklar;toplam_borc;net_borc;nakit;toplam_aktif,toplam_borc;net_borc;ebitda;ihracat_orani;piyasa_degeri;pb;roe;roa;ev;ev_ebitda;fcf_verim
YKBNK.IS,2024Q4,2024-12-31,UFRS,isyatirim_bank_pit,,,2026-09-07T22:36:57.735211134,,,2025-03-15,APPROXIMATE_FIXED_LAG,UNKNOWN,UNKNOWN,data\raw\isyatirim_cache\YKBNK_2024_UFRS.json,satislar;ebitda;op_gelir;net_kar;cfo;fcf;ozkaynaklar;toplam_borc;net_borc;nakit;toplam_aktif,toplam_borc;net_borc;ebitda;ihracat_orani;piyasa_degeri;pb;roe;roa;ev;ev_ebitda;fcf_verim
YKBNK.IS,2025Q1,2025-03-31,UFRS,isyatirim_bank_pit,,,2026-09-07T22:36:57.932787418,,,2025-05-15,APPROXIMATE_FIXED_LAG,UNKNOWN,UNKNOWN,data\raw\isyatirim_cache\YKBNK_2025_UFRS.json,satislar;ebitda;op_gelir;net_kar;cfo;fcf;ozkaynaklar;toplam_borc;net_borc;nakit;toplam_aktif,toplam_borc;net_borc;ebitda;ihracat_orani;piyasa_degeri;pb;roe;roa;ev;ev_ebitda;fcf_verim
YKBNK.IS,2025Q2,2025-06-30,UFRS,isyatirim_bank_pit,,,2026-09-07T22:36:57.932787418,,,2025-08-15,APPROXIMATE_FIXED_LAG,UNKNOWN,UNKNOWN,data\raw\isyatirim_cache\YKBNK_2025_UFRS.json,satislar;ebitda;op_gelir;net_kar;cfo;fcf;ozkaynaklar;toplam_borc;net_borc;nakit;toplam_aktif,toplam_borc;net_borc;ebitda;ihracat_orani;piyasa_degeri;pb;roe;roa;ev;ev_ebitda;fcf_verim
YKBNK.IS,2025Q3,2025-09-30,UFRS,isyatirim_bank_pit,,,2026-09-07T22:36:57.932787418,,,2025-11-15,APPROXIMATE_FIXED_LAG,UNKNOWN,UNKNOWN,data\raw\isyatirim_cache\YKBNK_2025_UFRS.json,satislar;ebitda;op_gelir;net_kar;cfo;fcf;ozkaynaklar;toplam_borc;net_borc;nakit;toplam_aktif,toplam_borc;net_borc;ebitda;ihracat_orani;piyasa_degeri;pb;roe;roa;ev;ev_ebitda;fcf_verim
YKBNK.IS,2025Q4,2025-12-31,UFRS,isyatirim_bank_pit,,,2026-09-07T22:36:57.932787418,,,2026-03-15,APPROXIMATE_FIXED_LAG,UNKNOWN,UNKNOWN,data\raw\isyatirim_cache\YKBNK_2025_UFRS.json,satislar;ebitda;op_gelir;net_kar;cfo;fcf;ozkaynaklar;toplam_borc;net_borc;nakit;toplam_aktif,toplam_borc;net_borc;ebitda;ihracat_orani;piyasa_degeri;pb;roe;roa;ev;ev_ebitda;fcf_verim
YKBNK.IS,2026Q1,2026-03-31,UFRS,isyatirim_bank_pit,,,2026-09-07T22:36:58.065271139,,,2026-05-15,APPROXIMATE_FIXED_LAG,UNKNOWN,UNKNOWN,data\raw\isyatirim_cache\YKBNK_2026_UFRS.json,satislar;ebitda;op_gelir;net_kar;cfo;fcf;ozkaynaklar;toplam_borc;net_borc;nakit;toplam_aktif,toplam_borc;net_borc;ebitda;ihracat_orani;piyasa_degeri;pb;roe;roa;ev;ev_ebitda;fcf_verim
YKBNK.IS,2026Q2,2026-06-30,UFRS,isyatirim_bank_pit,,,2026-09-07T22:36:58.065271139,,,2026-08-15,APPROXIMATE_FIXED_LAG,UNKNOWN,UNKNOWN,data\raw\isyatirim_cache\YKBNK_2026_UFRS.json,satislar;ebitda;op_gelir;net_kar;cfo;fcf;ozkaynaklar;toplam_borc;net_borc;nakit;toplam_aktif,toplam_borc;net_borc;ebitda;ihracat_orani;piyasa_degeri;pb;roe;roa;ev;ev_ebitda;fcf_verim
