ticker,ceyrek,ceyrek_bitis,gecerlilik_tarihi,local_versions,first_publication_recoverable_locally,restatement_flag_available,retained_vintage,latest_overwrite_risk
AEFES.IS,2018Q1,2018-03-31,2018-05-15,1,False,False,UNKNOWN_CURRENT_SNAPSHOT,True
AEFES.IS,2018Q2,2018-06-30,2018-08-15,1,False,False,UNKNOWN_CURRENT_SNAPSHOT,True
AEFES.IS,2018Q3,2018-09-30,2018-11-15,1,False,False,UNKNOWN_CURRENT_SNAPSHOT,True
AEFES.IS,2018Q4,2018-12-31,2019-03-15,1,False,False,UNKNOWN_CURRENT_SNAPSHOT,True
AEFES.IS,2019Q1,2019-03-31,2019-05-15,1,False,False,UNKNOWN_CURRENT_SNAPSHOT,True
AEFES.IS,2019Q2,2019-06-30,2019-08-15,1,False,False,UNKNOWN_CURRENT_SNAPSHOT,True
AEFES.IS,2019Q3,2019-09-30,2019-11-15,1,False,False,UNKNOWN_CURRENT_SNAPSHOT,True
AEFES.IS,2019Q4,2019-12-31,2020-03-15,1,False,False,UNKNOWN_CURRENT_SNAPSHOT,True
AEFES.IS,2020Q1,2020-03-31,2020-05-15,1,False,False,UNKNOWN_CURRENT_SNAPSHOT,True
AEFES.IS,2020Q2,2020-06-30,2020-08-15,1,False,False,UNKNOWN_CURRENT_SNAPSHOT,True
AEFES.IS,2020Q3,2020-09-30,2020-11-15,1,False,False,UNKNOWN_CURRENT_SNAPSHOT,True
AEFES.IS,2020Q4,2020-12-31,2021-03-15,1,False,False,UNKNOWN_CURRENT_SNAPSHOT,True
AEFES.IS,2021Q1,2021-03-31,2021-05-15,1,False,False,UNKNOWN_CURRENT_SNAPSHOT,True
AEFES.IS,2021Q2,2021-06-30,2021-08-15,1,False,False,UNKNOWN_CURRENT_SNAPSHOT,True
AEFES.IS,2021Q3,2021-09-30,2021-11-15,1,False,False,UNKNOWN_CURRENT_SNAPSHOT,True
AEFES.IS,2021Q4,2021-12-31,2022-03-15,1,False,False,UNKNOWN_CURRENT_SNAPSHOT,True
AEFES.IS,2022Q1,2022-03-31,2022-05-15,1,False,False,UNKNOWN_CURRENT_SNAPSHOT,True
AEFES.IS,2022Q2,2022-06-30,2022-08-15,1,False,False,UNKNOWN_CURRENT_SNAPSHOT,True
AEFES.IS,2022Q3,2022-09-30,2022-11-15,1,False,False,UNKNOWN_CURRENT_SNAPSHOT,True
AEFES.IS,2022Q4,2022-12-31,2023-03-15,1,False,False,UNKNOWN_CURRENT_SNAPSHOT,True
AEFES.IS,2023Q1,2023-03-31,2023-05-15,1,False,False,UNKNOWN_CURRENT_SNAPSHOT,True
AEFES.IS,2023Q2,2023-06-30,2023-08-15,1,False,False,UNKNOWN_CURRENT_SNAPSHOT,True
AEFES.IS,2023Q3,2023-09-30,2023-11-15,1,False,False,UNKNOWN_CURRENT_SNAPSHOT,True
AEFES.IS,2023Q4,2023-12-31,2024-03-15,1,False,False,UNKNOWN_CURRENT_SNAPSHOT,True
AEFES.IS,2024Q1,2024-03-31,2024-05-15,1,False,False,UNKNOWN_CURRENT_SNAPSHOT,True
AEFES.IS,2024Q2,2024-06-30,2024-08-15,1,False,False,UNKNOWN_CURRENT_SNAPSHOT,True
AEFES.IS,2024Q3,2024-09-30,2024-11-15,1,False,False,UNKNOWN_CURRENT_SNAPSHOT,True
AEFES.IS,2024Q4,2024-12-31,2025-03-15,1,False,False,UNKNOWN_CURRENT_SNAPSHOT,True
AEFES.IS,2025Q1,2025-03-31,2025-05-15,1,False,False,UNKNOWN_CURRENT_SNAPSHOT,True
AEFES.IS,2025Q2,2025-06-30,2025-08-15,1,False,False,UNKNOWN_CURRENT_SNAPSHOT,True
AEFES.IS,2025Q3,2025-09-30,2025-11-15,1,False,False,UNKNOWN_CURRENT_SNAPSHOT,True
AEFES.IS,2025Q4,2025-12-31,2026-03-15,1,False,False,UNKNOWN_CURRENT_SNAPSHOT,True
AEFES.IS,2026Q1,2026-03-31,2026-05-15,1,False,False,UNKNOWN_CURRENT_SNAPSHOT,True
AEFES.IS,2026Q2,2026-06-30,2026-08-15,1,False,False,UNKNOWN_CURRENT_SNAPSHOT,True
AGHOL.IS,2018Q1,2018-03-31,2018-05-15,1,False,False,UNKNOWN_CURRENT_SNAPSHOT,True
AGHOL.IS,2018Q2,2018-06-30,2018-08-15,1,False,False,UNKNOWN_CURRENT_SNAPSHOT,True
AGHOL.IS,2018Q3,2018-09-30,2018-11-15,1,False,False,UNKNOWN_CURRENT_SNAPSHOT,True
AGHOL.IS,2018Q4,2018-12-31,2019-03-15,1,False,False,UNKNOWN_CURRENT_SNAPSHOT,True
AGHOL.IS,2019Q1,2019-03-31,2019-05-15,1,False,False,UNKNOWN_CURRENT_SNAPSHOT,True
AGHOL.IS,2019Q2,2019-06-30,2019-08-15,1,False,False,UNKNOWN_CURRENT_SNAPSHOT,True
AGHOL.IS,2019Q3,2019-09-30,2019-11-15,1,False,False,UNKNOWN_CURRENT_SNAPSHOT,True
AGHOL.IS,2019Q4,2019-12-31,2020-03-15,1,False,False,UNKNOWN_CURRENT_SNAPSHOT,True
AGHOL.IS,2020Q1,2020-03-31,2020-05-15,1,False,False,UNKNOWN_CURRENT_SNAPSHOT,True
AGHOL.IS,2020Q2,2020-06-30,2020-08-15,1,False,False,UNKNOWN_CURRENT_SNAPSHOT,True
AGHOL.IS,2020Q3,2020-09-30,2020-11-15,1,False,False,UNKNOWN_CURRENT_SNAPSHOT,True
AGHOL.IS,2020Q4,2020-12-31,2021-03-15,1,False,False,UNKNOWN_CURRENT_SNAPSHOT,True
AGHOL.IS,2021Q1,2021-03-31,2021-05-15,1,False,False,UNKNOWN_CURRENT_SNAPSHOT,True
AGHOL.IS,2021Q2,2021-06-30,2021-08-15,1,False,False,UNKNOWN_CURRENT_SNAPSHOT,True
AGHOL.IS,2021Q3,2021-09-30,2021-11-15,1,False,False,UNKNOWN_CURRENT_SNAPSHOT,True
AGHOL.IS,2021Q4,2021-12-31,2022-03-15,1,False,False,UNKNOWN_CURRENT_SNAPSHOT,True
AGHOL.IS,2022Q1,2022-03-31,2022-05-15,1,False,False,UNKNOWN_CURRENT_SNAPSHOT,True
AGHOL.IS,2022Q2,2022-06-30,2022-08-15,1,False,False,UNKNOWN_CURRENT_SNAPSHOT,True
AGHOL.IS,2022Q3,2022-09-30,2022-11-15,1,False,False,UNKNOWN_CURRENT_SNAPSHOT,True
AGHOL.IS,2022Q4,2022-12-31,2023-03-15,1,False,False,UNKNOWN_CURRENT_SNAPSHOT,True
AGHOL.IS,2023Q1,2023-03-31,2023-05-15,1,False,False,UNKNOWN_CURRENT_SNAPSHOT,True
AGHOL.IS,2023Q2,2023-06-30,2023-08-15,1,False,False,UNKNOWN_CURRENT_SNAPSHOT,True
AGHOL.IS,2023Q3,2023-09-30,2023-11-15,1,False,False,UNKNOWN_CURRENT_SNAPSHOT,True
AGHOL.IS,2023Q4,2023-12-31,2024-03-15,1,False,False,UNKNOWN_CURRENT_SNAPSHOT,True
AGHOL.IS,2024Q1,2024-03-31,2024-05-15,1,False,False,UNKNOWN_CURRENT_SNAPSHOT,True
AGHOL.IS,2024Q2,2024-06-30,2024-08-15,1,False,False,UNKNOWN_CURRENT_SNAPSHOT,True
AGHOL.IS,2024Q3,2024-09-30,2024-11-15,1,False,False,UNKNOWN_CURRENT_SNAPSHOT,True
AGHOL.IS,2024Q4,2024-12-31,2025-03-15,1,False,False,UNKNOWN_CURRENT_SNAPSHOT,True
AGHOL.IS,2025Q1,2025-03-31,2025-05-15,1,False,False,UNKNOWN_CURRENT_SNAPSHOT,True
AGHOL.IS,2025Q2,2025-06-30,2025-08-15,1,False,False,UNKNOWN_CURRENT_SNAPSHOT,True
AGHOL.IS,2025Q3,2025-09-30,2025-11-15,1,False,False,UNKNOWN_CURRENT_SNAPSHOT,True
AGHOL.IS,2025Q4,2025-12-31,2026-03-15,1,False,False,UNKNOWN_CURRENT_SNAPSHOT,True
AGHOL.IS,2026Q1,2026-03-31,2026-05-15,1,False,False,UNKNOWN_CURRENT_SNAPSHOT,True
AGHOL.IS,2026Q2,2026-06-30,2026-08-15,1,False,False,UNKNOWN_CURRENT_SNAPSHOT,True
AGROT.IS,2020Q4,2020-12-31,2021-03-15,1,False,False,UNKNOWN_CURRENT_SNAPSHOT,True
AGROT.IS,2021Q4,2021-12-31,2022-03-15,1,False,False,UNKNOWN_CURRENT_SNAPSHOT,True
AGROT.IS,2022Q2,2022-06-30,2022-08-15,1,False,False,UNKNOWN_CURRENT_SNAPSHOT,True
AGROT.IS,2022Q3,2022-09-30,2022-11-15,1,False,False,UNKNOWN_CURRENT_SNAPSHOT,True
AGROT.IS,2022Q4,2022-12-31,2023-03-15,1,False,False,UNKNOWN_CURRENT_SNAPSHOT,True
AGROT.IS,2023Q1,2023-03-31,2023-05-15,1,False,False,UNKNOWN_CURRENT_SNAPSHOT,True
AGROT.IS,2023Q2,2023-06-30,2023-08-15,1,False,False,UNKNOWN_CURRENT_SNAPSHOT,True
AGROT.IS,2023Q3,2023-09-30,2023-11-15,1,False,False,UNKNOWN_CURRENT_SNAPSHOT,True
AGROT.IS,2023Q4,2023-12-31,2024-03-15,1,False,False,UNKNOWN_CURRENT_SNAPSHOT,True
AGROT.IS,2024Q1,2024-03-31,2024-05-15,1,False,False,UNKNOWN_CURRENT_SNAPSHOT,True
AGROT.IS,2024Q2,2024-06-30,2024-08-15,1,False,False,UNKNOWN_CURRENT_SNAPSHOT,True
AGROT.IS,2024Q3,2024-09-30,2024-11-15,1,False,False,UNKNOWN_CURRENT_SNAPSHOT,True
AGROT.IS,2024Q4,2024-12-31,2025-03-15,1,False,False,UNKNOWN_CURRENT_SNAPSHOT,True
AGROT.IS,2025Q1,2025-03-31,2025-05-15,1,False,False,UNKNOWN_CURRENT_SNAPSHOT,True
AGROT.IS,2025Q2,2025-06-30,2025-08-15,1,False,False,UNKNOWN_CURRENT_SNAPSHOT,True
AGROT.IS,2025Q3,2025-09-30,2025-11-15,1,False,False,UNKNOWN_CURRENT_SNAPSHOT,True
AGROT.IS,2025Q4,2025-12-31,2026-03-15,1,False,False,UNKNOWN_CURRENT_SNAPSHOT,True
AGROT.IS,2026Q1,2026-03-31,2026-05-15,1,False,False,UNKNOWN_CURRENT_SNAPSHOT,True
AGROT.IS,2026Q2,2026-06-30,2026-08-15,1,False,False,UNKNOWN_CURRENT_SNAPSHOT,True
AKBNK.IS,2018Q1,2018-03-31,2018-05-15,1,False,False,UNKNOWN_CURRENT_SNAPSHOT,True
AKBNK.IS,2018Q2,2018-06-30,2018-08-15,1,False,False,UNKNOWN_CURRENT_SNAPSHOT,True
AKBNK.IS,2018Q3,2018-09-30,2018-11-15,1,False,False,UNKNOWN_CURRENT_SNAPSHOT,True
AKBNK.IS,2018Q4,2018-12-31,2019-03-15,1,False,False,UNKNOWN_CURRENT_SNAPSHOT,True
AKBNK.IS,2019Q1,2019-03-31,2019-05-15,1,False,False,UNKNOWN_CURRENT_SNAPSHOT,True
AKBNK.IS,2019Q2,2019-06-30,2019-08-15,1,False,False,UNKNOWN_CURRENT_SNAPSHOT,True
AKBNK.IS,2019Q3,2019-09-30,2019-11-15,1,False,False,UNKNOWN_CURRENT_SNAPSHOT,True
AKBNK.IS,2019Q4,2019-12-31,2020-03-15,1,False,False,UNKNOWN_CURRENT_SNAPSHOT,True
AKBNK.IS,2020Q1,2020-03-31,2020-05-15,1,False,False,UNKNOWN_CURRENT_SNAPSHOT,True
AKBNK.IS,2020Q2,2020-06-30,2020-08-15,1,False,False,UNKNOWN_CURRENT_SNAPSHOT,True
AKBNK.IS,2020Q3,2020-09-30,2020-11-15,1,False,False,UNKNOWN_CURRENT_SNAPSHOT,True
AKBNK.IS,2020Q4,2020-12-31,2021-03-15,1,False,False,UNKNOWN_CURRENT_SNAPSHOT,True
AKBNK.IS,2021Q1,2021-03-31,2021-05-15,1,False,False,UNKNOWN_CURRENT_SNAPSHOT,True
AKBNK.IS,2021Q2,2021-06-30,2021-08-15,1,False,False,UNKNOWN_CURRENT_SNAPSHOT,True
AKBNK.IS,2021Q3,2021-09-30,2021-11-15,1,False,False,UNKNOWN_CURRENT_SNAPSHOT,True
AKBNK.IS,2021Q4,2021-12-31,2022-03-15,1,False,False,UNKNOWN_CURRENT_SNAPSHOT,True
AKBNK.IS,2022Q1,2022-03-31,2022-05-15,1,False,False,UNKNOWN_CURRENT_SNAPSHOT,True
AKBNK.IS,2022Q2,2022-06-30,2022-08-15,1,False,False,UNKNOWN_CURRENT_SNAPSHOT,True
AKBNK.IS,2022Q3,2022-09-30,2022-11-15,1,False,False,UNKNOWN_CURRENT_SNAPSHOT,True
AKBNK.IS,2022Q4,2022-12-31,2023-03-15,1,False,False,UNKNOWN_CURRENT_SNAPSHOT,True
AKBNK.IS,2023Q1,2023-03-31,2023-05-15,1,False,False,UNKNOWN_CURRENT_SNAPSHOT,True
AKBNK.IS,2023Q2,2023-06-30,2023-08-15,1,False,False,UNKNOWN_CURRENT_SNAPSHOT,True
AKBNK.IS,2023Q3,2023-09-30,2023-11-15,1,False,False,UNKNOWN_CURRENT_SNAPSHOT,True
AKBNK.IS,2023Q4,2023-12-31,2024-03-15,1,False,False,UNKNOWN_CURRENT_SNAPSHOT,True
AKBNK.IS,2024Q1,2024-03-31,2024-05-15,1,False,False,UNKNOWN_CURRENT_SNAPSHOT,True
AKBNK.IS,2024Q2,2024-06-30,2024-08-15,1,False,False,UNKNOWN_CURRENT_SNAPSHOT,True
AKBNK.IS,2024Q3,2024-09-30,2024-11-15,1,False,False,UNKNOWN_CURRENT_SNAPSHOT,True
AKBNK.IS,2024Q4,2024-12-31,2025-03-15,1,False,False,UNKNOWN_CURRENT_SNAPSHOT,True
AKBNK.IS,2025Q1,2025-03-31,2025-05-15,1,False,False,UNKNOWN_CURRENT_SNAPSHOT,True
AKBNK.IS,2025Q2,2025-06-30,2025-08-15,1,False,False,UNKNOWN_CURRENT_SNAPSHOT,True
AKBNK.IS,2025Q3,2025-09-30,2025-11-15,1,False,False,UNKNOWN_CURRENT_SNAPSHOT,True
AKBNK.IS,2025Q4,2025-12-31,2026-03-15,1,False,False,UNKNOWN_CURRENT_SNAPSHOT,True
AKBNK.IS,2026Q1,2026-03-31,2026-05-15,1,False,False,UNKNOWN_CURRENT_SNAPSHOT,True
AKBNK.IS,2026Q2,2026-06-30,2026-08-15,1,False,False,UNKNOWN_CURRENT_SNAPSHOT,True
ALARK.IS,2018Q1,2018-03-31,2018-05-15,1,False,False,UNKNOWN_CURRENT_SNAPSHOT,True
ALARK.IS,2018Q2,2018-06-30,2018-08-15,1,False,False,UNKNOWN_CURRENT_SNAPSHOT,True
ALARK.IS,2018Q3,2018-09-30,2018-11-15,1,False,False,UNKNOWN_CURRENT_SNAPSHOT,True
ALARK.IS,2018Q4,2018-12-31,2019-03-15,1,False,False,UNKNOWN_CURRENT_SNAPSHOT,True
ALARK.IS,2019Q1,2019-03-31,2019-05-15,1,False,False,UNKNOWN_CURRENT_SNAPSHOT,True
ALARK.IS,2019Q2,2019-06-30,2019-08-15,1,False,False,UNKNOWN_CURRENT_SNAPSHOT,True
ALARK.IS,2019Q3,2019-09-30,2019-11-15,1,False,False,UNKNOWN_CURRENT_SNAPSHOT,True
ALARK.IS,2019Q4,2019-12-31,2020-03-15,1,False,False,UNKNOWN_CURRENT_SNAPSHOT,True
ALARK.IS,2020Q1,2020-03-31,2020-05-15,1,False,False,UNKNOWN_CURRENT_SNAPSHOT,True
ALARK.IS,2020Q2,2020-06-30,2020-08-15,1,False,False,UNKNOWN_CURRENT_SNAPSHOT,True
ALARK.IS,2020Q3,2020-09-30,2020-11-15,1,False,False,UNKNOWN_CURRENT_SNAPSHOT,True
ALARK.IS,2020Q4,2020-12-31,2021-03-15,1,False,False,UNKNOWN_CURRENT_SNAPSHOT,True
ALARK.IS,2021Q1,2021-03-31,2021-05-15,1,False,False,UNKNOWN_CURRENT_SNAPSHOT,True
ALARK.IS,2021Q2,2021-06-30,2021-08-15,1,False,False,UNKNOWN_CURRENT_SNAPSHOT,True
ALARK.IS,2021Q3,2021-09-30,2021-11-15,1,False,False,UNKNOWN_CURRENT_SNAPSHOT,True
ALARK.IS,2021Q4,2021-12-31,2022-03-15,1,False,False,UNKNOWN_CURRENT_SNAPSHOT,True
ALARK.IS,2022Q1,2022-03-31,2022-05-15,1,False,False,UNKNOWN_CURRENT_SNAPSHOT,True
ALARK.IS,2022Q2,2022-06-30,2022-08-15,1,False,False,UNKNOWN_CURRENT_SNAPSHOT,True
ALARK.IS,2022Q3,2022-09-30,2022-11-15,1,False,False,UNKNOWN_CURRENT_SNAPSHOT,True
ALARK.IS,2022Q4,2022-12-31,2023-03-15,1,False,False,UNKNOWN_CURRENT_SNAPSHOT,True
ALARK.IS,2023Q1,2023-03-31,2023-05-15,1,False,False,UNKNOWN_CURRENT_SNAPSHOT,True
ALARK.IS,2023Q2,2023-06-30,2023-08-15,1,False,False,UNKNOWN_CURRENT_SNAPSHOT,True
ALARK.IS,2023Q3,2023-09-30,2023-11-15,1,False,False,UNKNOWN_CURRENT_SNAPSHOT,True
ALARK.IS,2023Q4,2023-12-31,2024-03-15,1,False,False,UNKNOWN_CURRENT_SNAPSHOT,True
ALARK.IS,2024Q1,2024-03-31,2024-05-15,1,False,False,UNKNOWN_CURRENT_SNAPSHOT,True
ALARK.IS,2024Q2,2024-06-30,2024-08-15,1,False,False,UNKNOWN_CURRENT_SNAPSHOT,True
ALARK.IS,2024Q3,2024-09-30,2024-11-15,1,False,False,UNKNOWN_CURRENT_SNAPSHOT,True
ALARK.IS,2024Q4,2024-12-31,2025-03-15,1,False,False,UNKNOWN_CURRENT_SNAPSHOT,True
ALARK.IS,2025Q1,2025-03-31,2025-05-15,1,False,False,UNKNOWN_CURRENT_SNAPSHOT,True
ALARK.IS,2025Q2,2025-06-30,2025-08-15,1,False,False,UNKNOWN_CURRENT_SNAPSHOT,True
ALARK.IS,2025Q3,2025-09-30,2025-11-15,1,False,False,UNKNOWN_CURRENT_SNAPSHOT,True
ALARK.IS,2025Q4,2025-12-31,2026-03-15,1,False,False,UNKNOWN_CURRENT_SNAPSHOT,True
ALARK.IS,2026Q1,2026-03-31,2026-05-15,1,False,False,UNKNOWN_CURRENT_SNAPSHOT,True
ALARK.IS,2026Q2,2026-06-30,2026-08-15,1,False,False,UNKNOWN_CURRENT_SNAPSHOT,True
ALFAS.IS,2019Q4,2019-12-31,2020-03-15,1,False,False,UNKNOWN_CURRENT_SNAPSHOT,True
ALFAS.IS,2020Q4,2020-12-31,2021-03-15,1,False,False,UNKNOWN_CURRENT_SNAPSHOT,True
ALFAS.IS,2021Q2,2021-06-30,2021-08-15,1,False,False,UNKNOWN_CURRENT_SNAPSHOT,True
ALFAS.IS,2021Q3,2021-09-30,2021-11-15,1,False,False,UNKNOWN_CURRENT_SNAPSHOT,True
ALFAS.IS,2021Q4,2021-12-31,2022-03-15,1,False,False,UNKNOWN_CURRENT_SNAPSHOT,True
ALFAS.IS,2022Q1,2022-03-31,2022-05-15,1,False,False,UNKNOWN_CURRENT_SNAPSHOT,True
ALFAS.IS,2022Q2,2022-06-30,2022-08-15,1,False,False,UNKNOWN_CURRENT_SNAPSHOT,True
ALFAS.IS,2022Q3,2022-09-30,2022-11-15,1,False,False,UNKNOWN_CURRENT_SNAPSHOT,True
ALFAS.IS,2022Q4,2022-12-31,2023-03-15,1,False,False,UNKNOWN_CURRENT_SNAPSHOT,True
ALFAS.IS,2023Q1,2023-03-31,2023-05-15,1,False,False,UNKNOWN_CURRENT_SNAPSHOT,True
ALFAS.IS,2023Q2,2023-06-30,2023-08-15,1,False,False,UNKNOWN_CURRENT_SNAPSHOT,True
ALFAS.IS,2023Q3,2023-09-30,2023-11-15,1,False,False,UNKNOWN_CURRENT_SNAPSHOT,True
ALFAS.IS,2023Q4,2023-12-31,2024-03-15,1,False,False,UNKNOWN_CURRENT_SNAPSHOT,True
ALFAS.IS,2024Q1,2024-03-31,2024-05-15,1,False,False,UNKNOWN_CURRENT_SNAPSHOT,True
ALFAS.IS,2024Q2,2024-06-30,2024-08-15,1,False,False,UNKNOWN_CURRENT_SNAPSHOT,True
ALFAS.IS,2024Q3,2024-09-30,2024-11-15,1,False,False,UNKNOWN_CURRENT_SNAPSHOT,True
ALFAS.IS,2024Q4,2024-12-31,2025-03-15,1,False,False,UNKNOWN_CURRENT_SNAPSHOT,True
ALFAS.IS,2025Q1,2025-03-31,2025-05-15,1,False,False,UNKNOWN_CURRENT_SNAPSHOT,True
ALFAS.IS,2025Q2,2025-06-30,2025-08-15,1,False,False,UNKNOWN_CURRENT_SNAPSHOT,True
ALFAS.IS,2025Q3,2025-09-30,2025-11-15,1,False,False,UNKNOWN_CURRENT_SNAPSHOT,True
ALFAS.IS,2025Q4,2025-12-31,2026-03-15,1,False,False,UNKNOWN_CURRENT_SNAPSHOT,True
ALFAS.IS,2026Q1,2026-03-31,2026-05-15,1,False,False,UNKNOWN_CURRENT_SNAPSHOT,True
ALFAS.IS,2026Q2,2026-06-30,2026-08-15,1,False,False,UNKNOWN_CURRENT_SNAPSHOT,True
ALVES.IS,2020Q4,2020-12-31,2021-03-15,1,False,False,UNKNOWN_CURRENT_SNAPSHOT,True
ALVES.IS,2021Q4,2021-12-31,2022-03-15,1,False,False,UNKNOWN_CURRENT_SNAPSHOT,True
ALVES.IS,2022Q3,2022-09-30,2022-11-15,1,False,False,UNKNOWN_CURRENT_SNAPSHOT,True
ALVES.IS,2022Q4,2022-12-31,2023-03-15,1,False,False,UNKNOWN_CURRENT_SNAPSHOT,True
ALVES.IS,2023Q1,2023-03-31,2023-05-15,1,False,False,UNKNOWN_CURRENT_SNAPSHOT,True
ALVES.IS,2023Q2,2023-06-30,2023-08-15,1,False,False,UNKNOWN_CURRENT_SNAPSHOT,True
ALVES.IS,2023Q3,2023-09-30,2023-11-15,1,False,False,UNKNOWN_CURRENT_SNAPSHOT,True
ALVES.IS,2023Q4,2023-12-31,2024-03-15,1,False,False,UNKNOWN_CURRENT_SNAPSHOT,True
ALVES.IS,2024Q1,2024-03-31,2024-05-15,1,False,False,UNKNOWN_CURRENT_SNAPSHOT,True
ALVES.IS,2024Q2,2024-06-30,2024-08-15,1,False,False,UNKNOWN_CURRENT_SNAPSHOT,True
ALVES.IS,2024Q3,2024-09-30,2024-11-15,1,False,False,UNKNOWN_CURRENT_SNAPSHOT,True
ALVES.IS,2024Q4,2024-12-31,2025-03-15,1,False,False,UNKNOWN_CURRENT_SNAPSHOT,True
ALVES.IS,2025Q1,2025-03-31,2025-05-15,1,False,False,UNKNOWN_CURRENT_SNAPSHOT,True
ALVES.IS,2025Q2,2025-06-30,2025-08-15,1,False,False,UNKNOWN_CURRENT_SNAPSHOT,True
ALVES.IS,2025Q4,2025-12-31,2026-03-15,1,False,False,UNKNOWN_CURRENT_SNAPSHOT,True
ALVES.IS,2026Q1,2026-03-31,2026-05-15,1,False,False,UNKNOWN_CURRENT_SNAPSHOT,True
ALVES.IS,2026Q2,2026-06-30,2026-08-15,1,False,False,UNKNOWN_CURRENT_SNAPSHOT,True
ANSGR.IS,2018Q1,2018-03-31,2018-05-15,1,False,False,UNKNOWN_CURRENT_SNAPSHOT,True
ANSGR.IS,2018Q2,2018-06-30,2018-08-15,1,False,False,UNKNOWN_CURRENT_SNAPSHOT,True
ANSGR.IS,2018Q3,2018-09-30,2018-11-15,1,False,False,UNKNOWN_CURRENT_SNAPSHOT,True
ANSGR.IS,2018Q4,2018-12-31,2019-03-15,1,False,False,UNKNOWN_CURRENT_SNAPSHOT,True
ANSGR.IS,2019Q1,2019-03-31,2019-05-15,1,False,False,UNKNOWN_CURRENT_SNAPSHOT,True
ANSGR.IS,2019Q2,2019-06-30,2019-08-15,1,False,False,UNKNOWN_CURRENT_SNAPSHOT,True
ANSGR.IS,2019Q3,2019-09-30,2019-11-15,1,False,False,UNKNOWN_CURRENT_SNAPSHOT,True
ANSGR.IS,2020Q1,2020-03-31,2020-05-15,1,False,False,UNKNOWN_CURRENT_SNAPSHOT,True
ANSGR.IS,2020Q2,2020-06-30,2020-08-15,1,False,False,UNKNOWN_CURRENT_SNAPSHOT,True
ANSGR.IS,2020Q3,2020-09-30,2020-11-15,1,False,False,UNKNOWN_CURRENT_SNAPSHOT,True
ANSGR.IS,2020Q4,2020-12-31,2021-03-15,1,False,False,UNKNOWN_CURRENT_SNAPSHOT,True
ANSGR.IS,2021Q1,2021-03-31,2021-05-15,1,False,False,UNKNOWN_CURRENT_SNAPSHOT,True
ANSGR.IS,2021Q2,2021-06-30,2021-08-15,1,False,False,UNKNOWN_CURRENT_SNAPSHOT,True
ANSGR.IS,2021Q3,2021-09-30,2021-11-15,1,False,False,UNKNOWN_CURRENT_SNAPSHOT,True
ANSGR.IS,2021Q4,2021-12-31,2022-03-15,1,False,False,UNKNOWN_CURRENT_SNAPSHOT,True
ANSGR.IS,2022Q1,2022-03-31,2022-05-15,1,False,False,UNKNOWN_CURRENT_SNAPSHOT,True
ANSGR.IS,2022Q2,2022-06-30,2022-08-15,1,False,False,UNKNOWN_CURRENT_SNAPSHOT,True
ANSGR.IS,2022Q3,2022-09-30,2022-11-15,1,False,False,UNKNOWN_CURRENT_SNAPSHOT,True
ANSGR.IS,2022Q4,2022-12-31,2023-03-15,1,False,False,UNKNOWN_CURRENT_SNAPSHOT,True
ANSGR.IS,2023Q1,2023-03-31,2023-05-15,1,False,False,UNKNOWN_CURRENT_SNAPSHOT,True
ANSGR.IS,2023Q2,2023-06-30,2023-08-15,1,False,False,UNKNOWN_CURRENT_SNAPSHOT,True
ANSGR.IS,2023Q3,2023-09-30,2023-11-15,1,False,False,UNKNOWN_CURRENT_SNAPSHOT,True
ANSGR.IS,2023Q4,2023-12-31,2024-03-15,1,False,False,UNKNOWN_CURRENT_SNAPSHOT,True
ANSGR.IS,2024Q1,2024-03-31,2024-05-15,1,False,False,UNKNOWN_CURRENT_SNAPSHOT,True
ANSGR.IS,2024Q2,2024-06-30,2024-08-15,1,False,False,UNKNOWN_CURRENT_SNAPSHOT,True
ANSGR.IS,2024Q3,2024-09-30,2024-11-15,1,False,False,UNKNOWN_CURRENT_SNAPSHOT,True
ANSGR.IS,2024Q4,2024-12-31,2025-03-15,1,False,False,UNKNOWN_CURRENT_SNAPSHOT,True
ANSGR.IS,2025Q1,2025-03-31,2025-05-15,1,False,False,UNKNOWN_CURRENT_SNAPSHOT,True
ANSGR.IS,2025Q2,2025-06-30,2025-08-15,1,False,False,UNKNOWN_CURRENT_SNAPSHOT,True
ANSGR.IS,2025Q3,2025-09-30,2025-11-15,1,False,False,UNKNOWN_CURRENT_SNAPSHOT,True
ANSGR.IS,2025Q4,2025-12-31,2026-03-15,1,False,False,UNKNOWN_CURRENT_SNAPSHOT,True
ANSGR.IS,2026Q1,2026-03-31,2026-05-15,1,False,False,UNKNOWN_CURRENT_SNAPSHOT,True
ANSGR.IS,2026Q2,2026-06-30,2026-08-15,1,False,False,UNKNOWN_CURRENT_SNAPSHOT,True
ARCLK.IS,2018Q1,2018-03-31,2018-05-15,1,False,False,UNKNOWN_CURRENT_SNAPSHOT,True
ARCLK.IS,2018Q2,2018-06-30,2018-08-15,1,False,False,UNKNOWN_CURRENT_SNAPSHOT,True
ARCLK.IS,2018Q3,2018-09-30,2018-11-15,1,False,False,UNKNOWN_CURRENT_SNAPSHOT,True
ARCLK.IS,2018Q4,2018-12-31,2019-03-15,1,False,False,UNKNOWN_CURRENT_SNAPSHOT,True
ARCLK.IS,2019Q1,2019-03-31,2019-05-15,1,False,False,UNKNOWN_CURRENT_SNAPSHOT,True
ARCLK.IS,2019Q2,2019-06-30,2019-08-15,1,False,False,UNKNOWN_CURRENT_SNAPSHOT,True
ARCLK.IS,2019Q3,2019-09-30,2019-11-15,1,False,False,UNKNOWN_CURRENT_SNAPSHOT,True
ARCLK.IS,2019Q4,2019-12-31,2020-03-15,1,False,False,UNKNOWN_CURRENT_SNAPSHOT,True
ARCLK.IS,2020Q1,2020-03-31,2020-05-15,1,False,False,UNKNOWN_CURRENT_SNAPSHOT,True
ARCLK.IS,2020Q2,2020-06-30,2020-08-15,1,False,False,UNKNOWN_CURRENT_SNAPSHOT,True
ARCLK.IS,2020Q3,2020-09-30,2020-11-15,1,False,False,UNKNOWN_CURRENT_SNAPSHOT,True
ARCLK.IS,2020Q4,2020-12-31,2021-03-15,1,False,False,UNKNOWN_CURRENT_SNAPSHOT,True
ARCLK.IS,2021Q1,2021-03-31,2021-05-15,1,False,False,UNKNOWN_CURRENT_SNAPSHOT,True
ARCLK.IS,2021Q2,2021-06-30,2021-08-15,1,False,False,UNKNOWN_CURRENT_SNAPSHOT,True
ARCLK.IS,2021Q3,2021-09-30,2021-11-15,1,False,False,UNKNOWN_CURRENT_SNAPSHOT,True
ARCLK.IS,2021Q4,2021-12-31,2022-03-15,1,False,False,UNKNOWN_CURRENT_SNAPSHOT,True
ARCLK.IS,2022Q1,2022-03-31,2022-05-15,1,False,False,UNKNOWN_CURRENT_SNAPSHOT,True
ARCLK.IS,2022Q2,2022-06-30,2022-08-15,1,False,False,UNKNOWN_CURRENT_SNAPSHOT,True
ARCLK.IS,2022Q3,2022-09-30,2022-11-15,1,False,False,UNKNOWN_CURRENT_SNAPSHOT,True
ARCLK.IS,2022Q4,2022-12-31,2023-03-15,1,False,False,UNKNOWN_CURRENT_SNAPSHOT,True
ARCLK.IS,2023Q1,2023-03-31,2023-05-15,1,False,False,UNKNOWN_CURRENT_SNAPSHOT,True
ARCLK.IS,2023Q2,2023-06-30,2023-08-15,1,False,False,UNKNOWN_CURRENT_SNAPSHOT,True
ARCLK.IS,2023Q3,2023-09-30,2023-11-15,1,False,False,UNKNOWN_CURRENT_SNAPSHOT,True
ARCLK.IS,2023Q4,2023-12-31,2024-03-15,1,False,False,UNKNOWN_CURRENT_SNAPSHOT,True
ARCLK.IS,2024Q1,2024-03-31,2024-05-15,1,False,False,UNKNOWN_CURRENT_SNAPSHOT,True
ARCLK.IS,2024Q2,2024-06-30,2024-08-15,1,False,False,UNKNOWN_CURRENT_SNAPSHOT,True
ARCLK.IS,2024Q3,2024-09-30,2024-11-15,1,False,False,UNKNOWN_CURRENT_SNAPSHOT,True
ARCLK.IS,2024Q4,2024-12-31,2025-03-15,1,False,False,UNKNOWN_CURRENT_SNAPSHOT,True
ARCLK.IS,2025Q1,2025-03-31,2025-05-15,1,False,False,UNKNOWN_CURRENT_SNAPSHOT,True
ARCLK.IS,2025Q2,2025-06-30,2025-08-15,1,False,False,UNKNOWN_CURRENT_SNAPSHOT,True
ARCLK.IS,2025Q3,2025-09-30,2025-11-15,1,False,False,UNKNOWN_CURRENT_SNAPSHOT,True
ARCLK.IS,2025Q4,2025-12-31,2026-03-15,1,False,False,UNKNOWN_CURRENT_SNAPSHOT,True
ARCLK.IS,2026Q1,2026-03-31,2026-05-15,1,False,False,UNKNOWN_CURRENT_SNAPSHOT,True
ARCLK.IS,2026Q2,2026-06-30,2026-08-15,1,False,False,UNKNOWN_CURRENT_SNAPSHOT,True
ASELS.IS,2018Q1,2018-03-31,2018-05-15,1,False,False,UNKNOWN_CURRENT_SNAPSHOT,True
ASELS.IS,2018Q2,2018-06-30,2018-08-15,1,False,False,UNKNOWN_CURRENT_SNAPSHOT,True
ASELS.IS,2018Q3,2018-09-30,2018-11-15,1,False,False,UNKNOWN_CURRENT_SNAPSHOT,True
ASELS.IS,2018Q4,2018-12-31,2019-03-15,1,False,False,UNKNOWN_CURRENT_SNAPSHOT,True
ASELS.IS,2019Q1,2019-03-31,2019-05-15,1,False,False,UNKNOWN_CURRENT_SNAPSHOT,True
ASELS.IS,2019Q2,2019-06-30,2019-08-15,1,False,False,UNKNOWN_CURRENT_SNAPSHOT,True
ASELS.IS,2019Q3,2019-09-30,2019-11-15,1,False,False,UNKNOWN_CURRENT_SNAPSHOT,True
ASELS.IS,2019Q4,2019-12-31,2020-03-15,1,False,False,UNKNOWN_CURRENT_SNAPSHOT,True
ASELS.IS,2020Q1,2020-03-31,2020-05-15,1,False,False,UNKNOWN_CURRENT_SNAPSHOT,True
ASELS.IS,2020Q2,2020-06-30,2020-08-15,1,False,False,UNKNOWN_CURRENT_SNAPSHOT,True
ASELS.IS,2020Q3,2020-09-30,2020-11-15,1,False,False,UNKNOWN_CURRENT_SNAPSHOT,True
ASELS.IS,2020Q4,2020-12-31,2021-03-15,1,False,False,UNKNOWN_CURRENT_SNAPSHOT,True
ASELS.IS,2021Q1,2021-03-31,2021-05-15,1,False,False,UNKNOWN_CURRENT_SNAPSHOT,True
ASELS.IS,2021Q2,2021-06-30,2021-08-15,1,False,False,UNKNOWN_CURRENT_SNAPSHOT,True
ASELS.IS,2021Q3,2021-09-30,2021-11-15,1,False,False,UNKNOWN_CURRENT_SNAPSHOT,True
ASELS.IS,2021Q4,2021-12-31,2022-03-15,1,False,False,UNKNOWN_CURRENT_SNAPSHOT,True
ASELS.IS,2022Q1,2022-03-31,2022-05-15,1,False,False,UNKNOWN_CURRENT_SNAPSHOT,True
ASELS.IS,2022Q2,2022-06-30,2022-08-15,1,False,False,UNKNOWN_CURRENT_SNAPSHOT,True
ASELS.IS,2022Q3,2022-09-30,2022-11-15,1,False,False,UNKNOWN_CURRENT_SNAPSHOT,True
ASELS.IS,2022Q4,2022-12-31,2023-03-15,1,False,False,UNKNOWN_CURRENT_SNAPSHOT,True
ASELS.IS,2023Q1,2023-03-31,2023-05-15,1,False,False,UNKNOWN_CURRENT_SNAPSHOT,True
ASELS.IS,2023Q2,2023-06-30,2023-08-15,1,False,False,UNKNOWN_CURRENT_SNAPSHOT,True
ASELS.IS,2023Q3,2023-09-30,2023-11-15,1,False,False,UNKNOWN_CURRENT_SNAPSHOT,True
ASELS.IS,2023Q4,2023-12-31,2024-03-15,1,False,False,UNKNOWN_CURRENT_SNAPSHOT,True
ASELS.IS,2024Q1,2024-03-31,2024-05-15,1,False,False,UNKNOWN_CURRENT_SNAPSHOT,True
ASELS.IS,2024Q2,2024-06-30,2024-08-15,1,False,False,UNKNOWN_CURRENT_SNAPSHOT,True
ASELS.IS,2024Q3,2024-09-30,2024-11-15,1,False,False,UNKNOWN_CURRENT_SNAPSHOT,True
ASELS.IS,2024Q4,2024-12-31,2025-03-15,1,False,False,UNKNOWN_CURRENT_SNAPSHOT,True
ASELS.IS,2025Q1,2025-03-31,2025-05-15,1,False,False,UNKNOWN_CURRENT_SNAPSHOT,True
ASELS.IS,2025Q2,2025-06-30,2025-08-15,1,False,False,UNKNOWN_CURRENT_SNAPSHOT,True
ASELS.IS,2025Q3,2025-09-30,2025-11-15,1,False,False,UNKNOWN_CURRENT_SNAPSHOT,True
ASELS.IS,2025Q4,2025-12-31,2026-03-15,1,False,False,UNKNOWN_CURRENT_SNAPSHOT,True
ASELS.IS,2026Q1,2026-03-31,2026-05-15,1,False,False,UNKNOWN_CURRENT_SNAPSHOT,True
ASELS.IS,2026Q2,2026-06-30,2026-08-15,1,False,False,UNKNOWN_CURRENT_SNAPSHOT,True
ASTOR.IS,2019Q4,2019-12-31,2020-03-15,1,False,False,UNKNOWN_CURRENT_SNAPSHOT,True
ASTOR.IS,2020Q4,2020-12-31,2021-03-15,1,False,False,UNKNOWN_CURRENT_SNAPSHOT,True
ASTOR.IS,2021Q3,2021-09-30,2021-11-15,1,False,False,UNKNOWN_CURRENT_SNAPSHOT,True
ASTOR.IS,2021Q4,2021-12-31,2022-03-15,1,False,False,UNKNOWN_CURRENT_SNAPSHOT,True
ASTOR.IS,2022Q1,2022-03-31,2022-05-15,1,False,False,UNKNOWN_CURRENT_SNAPSHOT,True
ASTOR.IS,2022Q2,2022-06-30,2022-08-15,1,False,False,UNKNOWN_CURRENT_SNAPSHOT,True
ASTOR.IS,2022Q3,2022-09-30,2022-11-15,1,False,False,UNKNOWN_CURRENT_SNAPSHOT,True
ASTOR.IS,2022Q4,2022-12-31,2023-03-15,1,False,False,UNKNOWN_CURRENT_SNAPSHOT,True
ASTOR.IS,2023Q1,2023-03-31,2023-05-15,1,False,False,UNKNOWN_CURRENT_SNAPSHOT,True
ASTOR.IS,2023Q2,2023-06-30,2023-08-15,1,False,False,UNKNOWN_CURRENT_SNAPSHOT,True
ASTOR.IS,2023Q3,2023-09-30,2023-11-15,1,False,False,UNKNOWN_CURRENT_SNAPSHOT,True
ASTOR.IS,2023Q4,2023-12-31,2024-03-15,1,False,False,UNKNOWN_CURRENT_SNAPSHOT,True
ASTOR.IS,2024Q1,2024-03-31,2024-05-15,1,False,False,UNKNOWN_CURRENT_SNAPSHOT,True
ASTOR.IS,2024Q2,2024-06-30,2024-08-15,1,False,False,UNKNOWN_CURRENT_SNAPSHOT,True
ASTOR.IS,2024Q3,2024-09-30,2024-11-15,1,False,False,UNKNOWN_CURRENT_SNAPSHOT,True
ASTOR.IS,2024Q4,2024-12-31,2025-03-15,1,False,False,UNKNOWN_CURRENT_SNAPSHOT,True
ASTOR.IS,2025Q1,2025-03-31,2025-05-15,1,False,False,UNKNOWN_CURRENT_SNAPSHOT,True
ASTOR.IS,2025Q2,2025-06-30,2025-08-15,1,False,False,UNKNOWN_CURRENT_SNAPSHOT,True
ASTOR.IS,2025Q3,2025-09-30,2025-11-15,1,False,False,UNKNOWN_CURRENT_SNAPSHOT,True
ASTOR.IS,2025Q4,2025-12-31,2026-03-15,1,False,False,UNKNOWN_CURRENT_SNAPSHOT,True
ASTOR.IS,2026Q1,2026-03-31,2026-05-15,1,False,False,UNKNOWN_CURRENT_SNAPSHOT,True
ASTOR.IS,2026Q2,2026-06-30,2026-08-15,1,False,False,UNKNOWN_CURRENT_SNAPSHOT,True
BIMAS.IS,2018Q1,2018-03-31,2018-05-15,1,False,False,UNKNOWN_CURRENT_SNAPSHOT,True
BIMAS.IS,2018Q2,2018-06-30,2018-08-15,1,False,False,UNKNOWN_CURRENT_SNAPSHOT,True
BIMAS.IS,2018Q3,2018-09-30,2018-11-15,1,False,False,UNKNOWN_CURRENT_SNAPSHOT,True
BIMAS.IS,2018Q4,2018-12-31,2019-03-15,1,False,False,UNKNOWN_CURRENT_SNAPSHOT,True
BIMAS.IS,2019Q1,2019-03-31,2019-05-15,1,False,False,UNKNOWN_CURRENT_SNAPSHOT,True
BIMAS.IS,2019Q2,2019-06-30,2019-08-15,1,False,False,UNKNOWN_CURRENT_SNAPSHOT,True
BIMAS.IS,2019Q3,2019-09-30,2019-11-15,1,False,False,UNKNOWN_CURRENT_SNAPSHOT,True
BIMAS.IS,2019Q4,2019-12-31,2020-03-15,1,False,False,UNKNOWN_CURRENT_SNAPSHOT,True
BIMAS.IS,2020Q1,2020-03-31,2020-05-15,1,False,False,UNKNOWN_CURRENT_SNAPSHOT,True
BIMAS.IS,2020Q2,2020-06-30,2020-08-15,1,False,False,UNKNOWN_CURRENT_SNAPSHOT,True
BIMAS.IS,2020Q3,2020-09-30,2020-11-15,1,False,False,UNKNOWN_CURRENT_SNAPSHOT,True
BIMAS.IS,2020Q4,2020-12-31,2021-03-15,1,False,False,UNKNOWN_CURRENT_SNAPSHOT,True
BIMAS.IS,2021Q1,2021-03-31,2021-05-15,1,False,False,UNKNOWN_CURRENT_SNAPSHOT,True
BIMAS.IS,2021Q2,2021-06-30,2021-08-15,1,False,False,UNKNOWN_CURRENT_SNAPSHOT,True
BIMAS.IS,2021Q3,2021-09-30,2021-11-15,1,False,False,UNKNOWN_CURRENT_SNAPSHOT,True
BIMAS.IS,2021Q4,2021-12-31,2022-03-15,1,False,False,UNKNOWN_CURRENT_SNAPSHOT,True
BIMAS.IS,2022Q1,2022-03-31,2022-05-15,1,False,False,UNKNOWN_CURRENT_SNAPSHOT,True
BIMAS.IS,2022Q2,2022-06-30,2022-08-15,1,False,False,UNKNOWN_CURRENT_SNAPSHOT,True
BIMAS.IS,2022Q3,2022-09-30,2022-11-15,1,False,False,UNKNOWN_CURRENT_SNAPSHOT,True
BIMAS.IS,2022Q4,2022-12-31,2023-03-15,1,False,False,UNKNOWN_CURRENT_SNAPSHOT,True
BIMAS.IS,2023Q1,2023-03-31,2023-05-15,1,False,False,UNKNOWN_CURRENT_SNAPSHOT,True
BIMAS.IS,2023Q2,2023-06-30,2023-08-15,1,False,False,UNKNOWN_CURRENT_SNAPSHOT,True
BIMAS.IS,2023Q3,2023-09-30,2023-11-15,1,False,False,UNKNOWN_CURRENT_SNAPSHOT,True
BIMAS.IS,2023Q4,2023-12-31,2024-03-15,1,False,False,UNKNOWN_CURRENT_SNAPSHOT,True
BIMAS.IS,2024Q1,2024-03-31,2024-05-15,1,False,False,UNKNOWN_CURRENT_SNAPSHOT,True
BIMAS.IS,2024Q2,2024-06-30,2024-08-15,1,False,False,UNKNOWN_CURRENT_SNAPSHOT,True
BIMAS.IS,2024Q3,2024-09-30,2024-11-15,1,False,False,UNKNOWN_CURRENT_SNAPSHOT,True
BIMAS.IS,2024Q4,2024-12-31,2025-03-15,1,False,False,UNKNOWN_CURRENT_SNAPSHOT,True
BIMAS.IS,2025Q1,2025-03-31,2025-05-15,1,False,False,UNKNOWN_CURRENT_SNAPSHOT,True
BIMAS.IS,2025Q2,2025-06-30,2025-08-15,1,False,False,UNKNOWN_CURRENT_SNAPSHOT,True
BIMAS.IS,2025Q3,2025-09-30,2025-11-15,1,False,False,UNKNOWN_CURRENT_SNAPSHOT,True
BIMAS.IS,2025Q4,2025-12-31,2026-03-15,1,False,False,UNKNOWN_CURRENT_SNAPSHOT,True
BIMAS.IS,2026Q1,2026-03-31,2026-05-15,1,False,False,UNKNOWN_CURRENT_SNAPSHOT,True
BIMAS.IS,2026Q2,2026-06-30,2026-08-15,1,False,False,UNKNOWN_CURRENT_SNAPSHOT,True
BINHO.IS,2022Q2,2022-06-30,2022-08-15,1,False,False,UNKNOWN_CURRENT_SNAPSHOT,True
BINHO.IS,2022Q3,2022-09-30,2022-11-15,1,False,False,UNKNOWN_CURRENT_SNAPSHOT,True
BINHO.IS,2022Q4,2022-12-31,2023-03-15,1,False,False,UNKNOWN_CURRENT_SNAPSHOT,True
BINHO.IS,2023Q1,2023-03-31,2023-05-15,1,False,False,UNKNOWN_CURRENT_SNAPSHOT,True
BINHO.IS,2023Q2,2023-06-30,2023-08-15,1,False,False,UNKNOWN_CURRENT_SNAPSHOT,True
BINHO.IS,2023Q3,2023-09-30,2023-11-15,1,False,False,UNKNOWN_CURRENT_SNAPSHOT,True
BINHO.IS,2023Q4,2023-12-31,2024-03-15,1,False,False,UNKNOWN_CURRENT_SNAPSHOT,True
BINHO.IS,2024Q1,2024-03-31,2024-05-15,1,False,False,UNKNOWN_CURRENT_SNAPSHOT,True
BINHO.IS,2024Q2,2024-06-30,2024-08-15,1,False,False,UNKNOWN_CURRENT_SNAPSHOT,True
BINHO.IS,2024Q3,2024-09-30,2024-11-15,1,False,False,UNKNOWN_CURRENT_SNAPSHOT,True
BINHO.IS,2024Q4,2024-12-31,2025-03-15,1,False,False,UNKNOWN_CURRENT_SNAPSHOT,True
BINHO.IS,2025Q1,2025-03-31,2025-05-15,1,False,False,UNKNOWN_CURRENT_SNAPSHOT,True
BINHO.IS,2025Q2,2025-06-30,2025-08-15,1,False,False,UNKNOWN_CURRENT_SNAPSHOT,True
BINHO.IS,2025Q3,2025-09-30,2025-11-15,1,False,False,UNKNOWN_CURRENT_SNAPSHOT,True
BINHO.IS,2025Q4,2025-12-31,2026-03-15,1,False,False,UNKNOWN_CURRENT_SNAPSHOT,True
BINHO.IS,2026Q1,2026-03-31,2026-05-15,1,False,False,UNKNOWN_CURRENT_SNAPSHOT,True
BINHO.IS,2026Q2,2026-06-30,2026-08-15,1,False,False,UNKNOWN_CURRENT_SNAPSHOT,True
BIZIM.IS,2018Q1,2018-03-31,2018-05-15,1,False,False,UNKNOWN_CURRENT_SNAPSHOT,True
BIZIM.IS,2018Q2,2018-06-30,2018-08-15,1,False,False,UNKNOWN_CURRENT_SNAPSHOT,True
BIZIM.IS,2018Q3,2018-09-30,2018-11-15,1,False,False,UNKNOWN_CURRENT_SNAPSHOT,True
BIZIM.IS,2018Q4,2018-12-31,2019-03-15,1,False,False,UNKNOWN_CURRENT_SNAPSHOT,True
BIZIM.IS,2019Q1,2019-03-31,2019-05-15,1,False,False,UNKNOWN_CURRENT_SNAPSHOT,True
BIZIM.IS,2019Q2,2019-06-30,2019-08-15,1,False,False,UNKNOWN_CURRENT_SNAPSHOT,True
BIZIM.IS,2019Q3,2019-09-30,2019-11-15,1,False,False,UNKNOWN_CURRENT_SNAPSHOT,True
BIZIM.IS,2019Q4,2019-12-31,2020-03-15,1,False,False,UNKNOWN_CURRENT_SNAPSHOT,True
BIZIM.IS,2020Q1,2020-03-31,2020-05-15,1,False,False,UNKNOWN_CURRENT_SNAPSHOT,True
BIZIM.IS,2020Q2,2020-06-30,2020-08-15,1,False,False,UNKNOWN_CURRENT_SNAPSHOT,True
BIZIM.IS,2020Q3,2020-09-30,2020-11-15,1,False,False,UNKNOWN_CURRENT_SNAPSHOT,True
BIZIM.IS,2020Q4,2020-12-31,2021-03-15,1,False,False,UNKNOWN_CURRENT_SNAPSHOT,True
BIZIM.IS,2021Q1,2021-03-31,2021-05-15,1,False,False,UNKNOWN_CURRENT_SNAPSHOT,True
BIZIM.IS,2021Q2,2021-06-30,2021-08-15,1,False,False,UNKNOWN_CURRENT_SNAPSHOT,True
BIZIM.IS,2021Q3,2021-09-30,2021-11-15,1,False,False,UNKNOWN_CURRENT_SNAPSHOT,True
BIZIM.IS,2021Q4,2021-12-31,2022-03-15,1,False,False,UNKNOWN_CURRENT_SNAPSHOT,True
BIZIM.IS,2022Q1,2022-03-31,2022-05-15,1,False,False,UNKNOWN_CURRENT_SNAPSHOT,True
BIZIM.IS,2022Q2,2022-06-30,2022-08-15,1,False,False,UNKNOWN_CURRENT_SNAPSHOT,True
BIZIM.IS,2022Q3,2022-09-30,2022-11-15,1,False,False,UNKNOWN_CURRENT_SNAPSHOT,True
BIZIM.IS,2022Q4,2022-12-31,2023-03-15,1,False,False,UNKNOWN_CURRENT_SNAPSHOT,True
BIZIM.IS,2023Q1,2023-03-31,2023-05-15,1,False,False,UNKNOWN_CURRENT_SNAPSHOT,True
BIZIM.IS,2023Q2,2023-06-30,2023-08-15,1,False,False,UNKNOWN_CURRENT_SNAPSHOT,True
BIZIM.IS,2023Q3,2023-09-30,2023-11-15,1,False,False,UNKNOWN_CURRENT_SNAPSHOT,True
BIZIM.IS,2023Q4,2023-12-31,2024-03-15,1,False,False,UNKNOWN_CURRENT_SNAPSHOT,True
BIZIM.IS,2024Q1,2024-03-31,2024-05-15,1,False,False,UNKNOWN_CURRENT_SNAPSHOT,True
BIZIM.IS,2024Q2,2024-06-30,2024-08-15,1,False,False,UNKNOWN_CURRENT_SNAPSHOT,True
BIZIM.IS,2024Q3,2024-09-30,2024-11-15,1,False,False,UNKNOWN_CURRENT_SNAPSHOT,True
BIZIM.IS,2024Q4,2024-12-31,2025-03-15,1,False,False,UNKNOWN_CURRENT_SNAPSHOT,True
BIZIM.IS,2025Q1,2025-03-31,2025-05-15,1,False,False,UNKNOWN_CURRENT_SNAPSHOT,True
BIZIM.IS,2025Q2,2025-06-30,2025-08-15,1,False,False,UNKNOWN_CURRENT_SNAPSHOT,True
BIZIM.IS,2025Q3,2025-09-30,2025-11-15,1,False,False,UNKNOWN_CURRENT_SNAPSHOT,True
BIZIM.IS,2025Q4,2025-12-31,2026-03-15,1,False,False,UNKNOWN_CURRENT_SNAPSHOT,True
BIZIM.IS,2026Q1,2026-03-31,2026-05-15,1,False,False,UNKNOWN_CURRENT_SNAPSHOT,True
BIZIM.IS,2026Q2,2026-06-30,2026-08-15,1,False,False,UNKNOWN_CURRENT_SNAPSHOT,True
BRSAN.IS,2018Q1,2018-03-31,2018-05-15,1,False,False,UNKNOWN_CURRENT_SNAPSHOT,True
BRSAN.IS,2018Q2,2018-06-30,2018-08-15,1,False,False,UNKNOWN_CURRENT_SNAPSHOT,True
BRSAN.IS,2018Q3,2018-09-30,2018-11-15,1,False,False,UNKNOWN_CURRENT_SNAPSHOT,True
BRSAN.IS,2018Q4,2018-12-31,2019-03-15,1,False,False,UNKNOWN_CURRENT_SNAPSHOT,True
BRSAN.IS,2019Q1,2019-03-31,2019-05-15,1,False,False,UNKNOWN_CURRENT_SNAPSHOT,True
BRSAN.IS,2019Q2,2019-06-30,2019-08-15,1,False,False,UNKNOWN_CURRENT_SNAPSHOT,True
BRSAN.IS,2019Q3,2019-09-30,2019-11-15,1,False,False,UNKNOWN_CURRENT_SNAPSHOT,True
BRSAN.IS,2019Q4,2019-12-31,2020-03-15,1,False,False,UNKNOWN_CURRENT_SNAPSHOT,True
BRSAN.IS,2020Q1,2020-03-31,2020-05-15,1,False,False,UNKNOWN_CURRENT_SNAPSHOT,True
BRSAN.IS,2020Q2,2020-06-30,2020-08-15,1,False,False,UNKNOWN_CURRENT_SNAPSHOT,True
BRSAN.IS,2020Q3,2020-09-30,2020-11-15,1,False,False,UNKNOWN_CURRENT_SNAPSHOT,True
BRSAN.IS,2020Q4,2020-12-31,2021-03-15,1,False,False,UNKNOWN_CURRENT_SNAPSHOT,True
BRSAN.IS,2021Q1,2021-03-31,2021-05-15,1,False,False,UNKNOWN_CURRENT_SNAPSHOT,True
BRSAN.IS,2021Q2,2021-06-30,2021-08-15,1,False,False,UNKNOWN_CURRENT_SNAPSHOT,True
BRSAN.IS,2021Q3,2021-09-30,2021-11-15,1,False,False,UNKNOWN_CURRENT_SNAPSHOT,True
BRSAN.IS,2021Q4,2021-12-31,2022-03-15,1,False,False,UNKNOWN_CURRENT_SNAPSHOT,True
BRSAN.IS,2022Q1,2022-03-31,2022-05-15,1,False,False,UNKNOWN_CURRENT_SNAPSHOT,True
BRSAN.IS,2022Q2,2022-06-30,2022-08-15,1,False,False,UNKNOWN_CURRENT_SNAPSHOT,True
BRSAN.IS,2022Q3,2022-09-30,2022-11-15,1,False,False,UNKNOWN_CURRENT_SNAPSHOT,True
BRSAN.IS,2022Q4,2022-12-31,2023-03-15,1,False,False,UNKNOWN_CURRENT_SNAPSHOT,True
BRSAN.IS,2023Q1,2023-03-31,2023-05-15,1,False,False,UNKNOWN_CURRENT_SNAPSHOT,True
BRSAN.IS,2023Q2,2023-06-30,2023-08-15,1,False,False,UNKNOWN_CURRENT_SNAPSHOT,True
BRSAN.IS,2023Q3,2023-09-30,2023-11-15,1,False,False,UNKNOWN_CURRENT_SNAPSHOT,True
BRSAN.IS,2023Q4,2023-12-31,2024-03-15,1,False,False,UNKNOWN_CURRENT_SNAPSHOT,True
BRSAN.IS,2024Q1,2024-03-31,2024-05-15,1,False,False,UNKNOWN_CURRENT_SNAPSHOT,True
BRSAN.IS,2024Q2,2024-06-30,2024-08-15,1,False,False,UNKNOWN_CURRENT_SNAPSHOT,True
BRSAN.IS,2024Q3,2024-09-30,2024-11-15,1,False,False,UNKNOWN_CURRENT_SNAPSHOT,True
BRSAN.IS,2024Q4,2024-12-31,2025-03-15,1,False,False,UNKNOWN_CURRENT_SNAPSHOT,True
BRSAN.IS,2025Q1,2025-03-31,2025-05-15,1,False,False,UNKNOWN_CURRENT_SNAPSHOT,True
BRSAN.IS,2025Q2,2025-06-30,2025-08-15,1,False,False,UNKNOWN_CURRENT_SNAPSHOT,True
BRSAN.IS,2025Q3,2025-09-30,2025-11-15,1,False,False,UNKNOWN_CURRENT_SNAPSHOT,True
BRSAN.IS,2025Q4,2025-12-31,2026-03-15,1,False,False,UNKNOWN_CURRENT_SNAPSHOT,True
BRSAN.IS,2026Q1,2026-03-31,2026-05-15,1,False,False,UNKNOWN_CURRENT_SNAPSHOT,True
BRSAN.IS,2026Q2,2026-06-30,2026-08-15,1,False,False,UNKNOWN_CURRENT_SNAPSHOT,True
BSOKE.IS,2018Q1,2018-03-31,2018-05-15,1,False,False,UNKNOWN_CURRENT_SNAPSHOT,True
BSOKE.IS,2018Q2,2018-06-30,2018-08-15,1,False,False,UNKNOWN_CURRENT_SNAPSHOT,True
BSOKE.IS,2018Q3,2018-09-30,2018-11-15,1,False,False,UNKNOWN_CURRENT_SNAPSHOT,True
BSOKE.IS,2018Q4,2018-12-31,2019-03-15,1,False,False,UNKNOWN_CURRENT_SNAPSHOT,True
BSOKE.IS,2019Q1,2019-03-31,2019-05-15,1,False,False,UNKNOWN_CURRENT_SNAPSHOT,True
BSOKE.IS,2019Q2,2019-06-30,2019-08-15,1,False,False,UNKNOWN_CURRENT_SNAPSHOT,True
BSOKE.IS,2019Q3,2019-09-30,2019-11-15,1,False,False,UNKNOWN_CURRENT_SNAPSHOT,True
BSOKE.IS,2019Q4,2019-12-31,2020-03-15,1,False,False,UNKNOWN_CURRENT_SNAPSHOT,True
BSOKE.IS,2020Q1,2020-03-31,2020-05-15,1,False,False,UNKNOWN_CURRENT_SNAPSHOT,True
BSOKE.IS,2020Q2,2020-06-30,2020-08-15,1,False,False,UNKNOWN_CURRENT_SNAPSHOT,True
BSOKE.IS,2020Q3,2020-09-30,2020-11-15,1,False,False,UNKNOWN_CURRENT_SNAPSHOT,True
BSOKE.IS,2020Q4,2020-12-31,2021-03-15,1,False,False,UNKNOWN_CURRENT_SNAPSHOT,True
BSOKE.IS,2021Q1,2021-03-31,2021-05-15,1,False,False,UNKNOWN_CURRENT_SNAPSHOT,True
BSOKE.IS,2021Q2,2021-06-30,2021-08-15,1,False,False,UNKNOWN_CURRENT_SNAPSHOT,True
BSOKE.IS,2021Q3,2021-09-30,2021-11-15,1,False,False,UNKNOWN_CURRENT_SNAPSHOT,True
BSOKE.IS,2021Q4,2021-12-31,2022-03-15,1,False,False,UNKNOWN_CURRENT_SNAPSHOT,True
BSOKE.IS,2022Q1,2022-03-31,2022-05-15,1,False,False,UNKNOWN_CURRENT_SNAPSHOT,True
BSOKE.IS,2022Q2,2022-06-30,2022-08-15,1,False,False,UNKNOWN_CURRENT_SNAPSHOT,True
BSOKE.IS,2022Q3,2022-09-30,2022-11-15,1,False,False,UNKNOWN_CURRENT_SNAPSHOT,True
BSOKE.IS,2022Q4,2022-12-31,2023-03-15,1,False,False,UNKNOWN_CURRENT_SNAPSHOT,True
BSOKE.IS,2023Q1,2023-03-31,2023-05-15,1,False,False,UNKNOWN_CURRENT_SNAPSHOT,True
BSOKE.IS,2023Q2,2023-06-30,2023-08-15,1,False,False,UNKNOWN_CURRENT_SNAPSHOT,True
BSOKE.IS,2023Q3,2023-09-30,2023-11-15,1,False,False,UNKNOWN_CURRENT_SNAPSHOT,True
BSOKE.IS,2023Q4,2023-12-31,2024-03-15,1,False,False,UNKNOWN_CURRENT_SNAPSHOT,True
BSOKE.IS,2024Q1,2024-03-31,2024-05-15,1,False,False,UNKNOWN_CURRENT_SNAPSHOT,True
BSOKE.IS,2024Q2,2024-06-30,2024-08-15,1,False,False,UNKNOWN_CURRENT_SNAPSHOT,True
BSOKE.IS,2024Q3,2024-09-30,2024-11-15,1,False,False,UNKNOWN_CURRENT_SNAPSHOT,True
BSOKE.IS,2024Q4,2024-12-31,2025-03-15,1,False,False,UNKNOWN_CURRENT_SNAPSHOT,True
BSOKE.IS,2025Q1,2025-03-31,2025-05-15,1,False,False,UNKNOWN_CURRENT_SNAPSHOT,True
BSOKE.IS,2025Q2,2025-06-30,2025-08-15,1,False,False,UNKNOWN_CURRENT_SNAPSHOT,True
BSOKE.IS,2025Q3,2025-09-30,2025-11-15,1,False,False,UNKNOWN_CURRENT_SNAPSHOT,True
BSOKE.IS,2025Q4,2025-12-31,2026-03-15,1,False,False,UNKNOWN_CURRENT_SNAPSHOT,True
BSOKE.IS,2026Q1,2026-03-31,2026-05-15,1,False,False,UNKNOWN_CURRENT_SNAPSHOT,True
CANTE.IS,2018Q4,2018-12-31,2019-03-15,1,False,False,UNKNOWN_CURRENT_SNAPSHOT,True
CANTE.IS,2019Q4,2019-12-31,2020-03-15,1,False,False,UNKNOWN_CURRENT_SNAPSHOT,True
CANTE.IS,2020Q2,2020-06-30,2020-08-15,1,False,False,UNKNOWN_CURRENT_SNAPSHOT,True
CANTE.IS,2020Q3,2020-09-30,2020-11-15,1,False,False,UNKNOWN_CURRENT_SNAPSHOT,True
CANTE.IS,2020Q4,2020-12-31,2021-03-15,1,False,False,UNKNOWN_CURRENT_SNAPSHOT,True
CANTE.IS,2021Q1,2021-03-31,2021-05-15,1,False,False,UNKNOWN_CURRENT_SNAPSHOT,True
CANTE.IS,2021Q2,2021-06-30,2021-08-15,1,False,False,UNKNOWN_CURRENT_SNAPSHOT,True
CANTE.IS,2021Q3,2021-09-30,2021-11-15,1,False,False,UNKNOWN_CURRENT_SNAPSHOT,True
CANTE.IS,2021Q4,2021-12-31,2022-03-15,1,False,False,UNKNOWN_CURRENT_SNAPSHOT,True
CANTE.IS,2022Q1,2022-03-31,2022-05-15,1,False,False,UNKNOWN_CURRENT_SNAPSHOT,True
CANTE.IS,2022Q2,2022-06-30,2022-08-15,1,False,False,UNKNOWN_CURRENT_SNAPSHOT,True
CANTE.IS,2022Q3,2022-09-30,2022-11-15,1,False,False,UNKNOWN_CURRENT_SNAPSHOT,True
CANTE.IS,2022Q4,2022-12-31,2023-03-15,1,False,False,UNKNOWN_CURRENT_SNAPSHOT,True
CANTE.IS,2023Q1,2023-03-31,2023-05-15,1,False,False,UNKNOWN_CURRENT_SNAPSHOT,True
CANTE.IS,2023Q2,2023-06-30,2023-08-15,1,False,False,UNKNOWN_CURRENT_SNAPSHOT,True
CANTE.IS,2023Q3,2023-09-30,2023-11-15,1,False,False,UNKNOWN_CURRENT_SNAPSHOT,True
CANTE.IS,2023Q4,2023-12-31,2024-03-15,1,False,False,UNKNOWN_CURRENT_SNAPSHOT,True
CANTE.IS,2024Q1,2024-03-31,2024-05-15,1,False,False,UNKNOWN_CURRENT_SNAPSHOT,True
CANTE.IS,2024Q2,2024-06-30,2024-08-15,1,False,False,UNKNOWN_CURRENT_SNAPSHOT,True
CANTE.IS,2024Q3,2024-09-30,2024-11-15,1,False,False,UNKNOWN_CURRENT_SNAPSHOT,True
CANTE.IS,2024Q4,2024-12-31,2025-03-15,1,False,False,UNKNOWN_CURRENT_SNAPSHOT,True
CANTE.IS,2025Q1,2025-03-31,2025-05-15,1,False,False,UNKNOWN_CURRENT_SNAPSHOT,True
CANTE.IS,2025Q2,2025-06-30,2025-08-15,1,False,False,UNKNOWN_CURRENT_SNAPSHOT,True
CANTE.IS,2025Q3,2025-09-30,2025-11-15,1,False,False,UNKNOWN_CURRENT_SNAPSHOT,True
CANTE.IS,2025Q4,2025-12-31,2026-03-15,1,False,False,UNKNOWN_CURRENT_SNAPSHOT,True
CANTE.IS,2026Q1,2026-03-31,2026-05-15,1,False,False,UNKNOWN_CURRENT_SNAPSHOT,True
CANTE.IS,2026Q2,2026-06-30,2026-08-15,1,False,False,UNKNOWN_CURRENT_SNAPSHOT,True
CCOLA.IS,2018Q1,2018-03-31,2018-05-15,1,False,False,UNKNOWN_CURRENT_SNAPSHOT,True
CCOLA.IS,2018Q2,2018-06-30,2018-08-15,1,False,False,UNKNOWN_CURRENT_SNAPSHOT,True
CCOLA.IS,2018Q3,2018-09-30,2018-11-15,1,False,False,UNKNOWN_CURRENT_SNAPSHOT,True
CCOLA.IS,2018Q4,2018-12-31,2019-03-15,1,False,False,UNKNOWN_CURRENT_SNAPSHOT,True
CCOLA.IS,2019Q1,2019-03-31,2019-05-15,1,False,False,UNKNOWN_CURRENT_SNAPSHOT,True
CCOLA.IS,2019Q2,2019-06-30,2019-08-15,1,False,False,UNKNOWN_CURRENT_SNAPSHOT,True
CCOLA.IS,2019Q3,2019-09-30,2019-11-15,1,False,False,UNKNOWN_CURRENT_SNAPSHOT,True
CCOLA.IS,2019Q4,2019-12-31,2020-03-15,1,False,False,UNKNOWN_CURRENT_SNAPSHOT,True
CCOLA.IS,2020Q1,2020-03-31,2020-05-15,1,False,False,UNKNOWN_CURRENT_SNAPSHOT,True
CCOLA.IS,2020Q2,2020-06-30,2020-08-15,1,False,False,UNKNOWN_CURRENT_SNAPSHOT,True
CCOLA.IS,2020Q3,2020-09-30,2020-11-15,1,False,False,UNKNOWN_CURRENT_SNAPSHOT,True
CCOLA.IS,2020Q4,2020-12-31,2021-03-15,1,False,False,UNKNOWN_CURRENT_SNAPSHOT,True
CCOLA.IS,2021Q1,2021-03-31,2021-05-15,1,False,False,UNKNOWN_CURRENT_SNAPSHOT,True
CCOLA.IS,2021Q2,2021-06-30,2021-08-15,1,False,False,UNKNOWN_CURRENT_SNAPSHOT,True
CCOLA.IS,2021Q3,2021-09-30,2021-11-15,1,False,False,UNKNOWN_CURRENT_SNAPSHOT,True
CCOLA.IS,2021Q4,2021-12-31,2022-03-15,1,False,False,UNKNOWN_CURRENT_SNAPSHOT,True
CCOLA.IS,2022Q1,2022-03-31,2022-05-15,1,False,False,UNKNOWN_CURRENT_SNAPSHOT,True
CCOLA.IS,2022Q2,2022-06-30,2022-08-15,1,False,False,UNKNOWN_CURRENT_SNAPSHOT,True
CCOLA.IS,2022Q3,2022-09-30,2022-11-15,1,False,False,UNKNOWN_CURRENT_SNAPSHOT,True
CCOLA.IS,2022Q4,2022-12-31,2023-03-15,1,False,False,UNKNOWN_CURRENT_SNAPSHOT,True
CCOLA.IS,2023Q1,2023-03-31,2023-05-15,1,False,False,UNKNOWN_CURRENT_SNAPSHOT,True
CCOLA.IS,2023Q2,2023-06-30,2023-08-15,1,False,False,UNKNOWN_CURRENT_SNAPSHOT,True
CCOLA.IS,2023Q3,2023-09-30,2023-11-15,1,False,False,UNKNOWN_CURRENT_SNAPSHOT,True
CCOLA.IS,2023Q4,2023-12-31,2024-03-15,1,False,False,UNKNOWN_CURRENT_SNAPSHOT,True
CCOLA.IS,2024Q1,2024-03-31,2024-05-15,1,False,False,UNKNOWN_CURRENT_SNAPSHOT,True
CCOLA.IS,2024Q2,2024-06-30,2024-08-15,1,False,False,UNKNOWN_CURRENT_SNAPSHOT,True
CCOLA.IS,2024Q3,2024-09-30,2024-11-15,1,False,False,UNKNOWN_CURRENT_SNAPSHOT,True
CCOLA.IS,2024Q4,2024-12-31,2025-03-15,1,False,False,UNKNOWN_CURRENT_SNAPSHOT,True
CCOLA.IS,2025Q1,2025-03-31,2025-05-15,1,False,False,UNKNOWN_CURRENT_SNAPSHOT,True
CCOLA.IS,2025Q2,2025-06-30,2025-08-15,1,False,False,UNKNOWN_CURRENT_SNAPSHOT,True
CCOLA.IS,2025Q3,2025-09-30,2025-11-15,1,False,False,UNKNOWN_CURRENT_SNAPSHOT,True
CCOLA.IS,2025Q4,2025-12-31,2026-03-15,1,False,False,UNKNOWN_CURRENT_SNAPSHOT,True
CCOLA.IS,2026Q1,2026-03-31,2026-05-15,1,False,False,UNKNOWN_CURRENT_SNAPSHOT,True
CCOLA.IS,2026Q2,2026-06-30,2026-08-15,1,False,False,UNKNOWN_CURRENT_SNAPSHOT,True
CIMSA.IS,2018Q1,2018-03-31,2018-05-15,1,False,False,UNKNOWN_CURRENT_SNAPSHOT,True
CIMSA.IS,2018Q2,2018-06-30,2018-08-15,1,False,False,UNKNOWN_CURRENT_SNAPSHOT,True
CIMSA.IS,2018Q3,2018-09-30,2018-11-15,1,False,False,UNKNOWN_CURRENT_SNAPSHOT,True
CIMSA.IS,2018Q4,2018-12-31,2019-03-15,1,False,False,UNKNOWN_CURRENT_SNAPSHOT,True
CIMSA.IS,2019Q1,2019-03-31,2019-05-15,1,False,False,UNKNOWN_CURRENT_SNAPSHOT,True
CIMSA.IS,2019Q2,2019-06-30,2019-08-15,1,False,False,UNKNOWN_CURRENT_SNAPSHOT,True
CIMSA.IS,2019Q3,2019-09-30,2019-11-15,1,False,False,UNKNOWN_CURRENT_SNAPSHOT,True
CIMSA.IS,2019Q4,2019-12-31,2020-03-15,1,False,False,UNKNOWN_CURRENT_SNAPSHOT,True
CIMSA.IS,2020Q1,2020-03-31,2020-05-15,1,False,False,UNKNOWN_CURRENT_SNAPSHOT,True
CIMSA.IS,2020Q2,2020-06-30,2020-08-15,1,False,False,UNKNOWN_CURRENT_SNAPSHOT,True
CIMSA.IS,2020Q3,2020-09-30,2020-11-15,1,False,False,UNKNOWN_CURRENT_SNAPSHOT,True
CIMSA.IS,2020Q4,2020-12-31,2021-03-15,1,False,False,UNKNOWN_CURRENT_SNAPSHOT,True
CIMSA.IS,2021Q1,2021-03-31,2021-05-15,1,False,False,UNKNOWN_CURRENT_SNAPSHOT,True
CIMSA.IS,2021Q2,2021-06-30,2021-08-15,1,False,False,UNKNOWN_CURRENT_SNAPSHOT,True
CIMSA.IS,2021Q3,2021-09-30,2021-11-15,1,False,False,UNKNOWN_CURRENT_SNAPSHOT,True
CIMSA.IS,2021Q4,2021-12-31,2022-03-15,1,False,False,UNKNOWN_CURRENT_SNAPSHOT,True
CIMSA.IS,2022Q1,2022-03-31,2022-05-15,1,False,False,UNKNOWN_CURRENT_SNAPSHOT,True
CIMSA.IS,2022Q2,2022-06-30,2022-08-15,1,False,False,UNKNOWN_CURRENT_SNAPSHOT,True
CIMSA.IS,2022Q3,2022-09-30,2022-11-15,1,False,False,UNKNOWN_CURRENT_SNAPSHOT,True
CIMSA.IS,2022Q4,2022-12-31,2023-03-15,1,False,False,UNKNOWN_CURRENT_SNAPSHOT,True
CIMSA.IS,2023Q1,2023-03-31,2023-05-15,1,False,False,UNKNOWN_CURRENT_SNAPSHOT,True
CIMSA.IS,2023Q2,2023-06-30,2023-08-15,1,False,False,UNKNOWN_CURRENT_SNAPSHOT,True
CIMSA.IS,2023Q3,2023-09-30,2023-11-15,1,False,False,UNKNOWN_CURRENT_SNAPSHOT,True
CIMSA.IS,2023Q4,2023-12-31,2024-03-15,1,False,False,UNKNOWN_CURRENT_SNAPSHOT,True
CIMSA.IS,2024Q1,2024-03-31,2024-05-15,1,False,False,UNKNOWN_CURRENT_SNAPSHOT,True
CIMSA.IS,2024Q2,2024-06-30,2024-08-15,1,False,False,UNKNOWN_CURRENT_SNAPSHOT,True
CIMSA.IS,2024Q3,2024-09-30,2024-11-15,1,False,False,UNKNOWN_CURRENT_SNAPSHOT,True
CIMSA.IS,2024Q4,2024-12-31,2025-03-15,1,False,False,UNKNOWN_CURRENT_SNAPSHOT,True
CIMSA.IS,2025Q1,2025-03-31,2025-05-15,1,False,False,UNKNOWN_CURRENT_SNAPSHOT,True
CIMSA.IS,2025Q2,2025-06-30,2025-08-15,1,False,False,UNKNOWN_CURRENT_SNAPSHOT,True
CIMSA.IS,2025Q3,2025-09-30,2025-11-15,1,False,False,UNKNOWN_CURRENT_SNAPSHOT,True
CIMSA.IS,2025Q4,2025-12-31,2026-03-15,1,False,False,UNKNOWN_CURRENT_SNAPSHOT,True
CIMSA.IS,2026Q1,2026-03-31,2026-05-15,1,False,False,UNKNOWN_CURRENT_SNAPSHOT,True
CIMSA.IS,2026Q2,2026-06-30,2026-08-15,1,False,False,UNKNOWN_CURRENT_SNAPSHOT,True
CLEBI.IS,2018Q1,2018-03-31,2018-05-15,1,False,False,UNKNOWN_CURRENT_SNAPSHOT,True
CLEBI.IS,2018Q2,2018-06-30,2018-08-15,1,False,False,UNKNOWN_CURRENT_SNAPSHOT,True
CLEBI.IS,2018Q3,2018-09-30,2018-11-15,1,False,False,UNKNOWN_CURRENT_SNAPSHOT,True
CLEBI.IS,2018Q4,2018-12-31,2019-03-15,1,False,False,UNKNOWN_CURRENT_SNAPSHOT,True
CLEBI.IS,2019Q1,2019-03-31,2019-05-15,1,False,False,UNKNOWN_CURRENT_SNAPSHOT,True
CLEBI.IS,2019Q2,2019-06-30,2019-08-15,1,False,False,UNKNOWN_CURRENT_SNAPSHOT,True
CLEBI.IS,2019Q3,2019-09-30,2019-11-15,1,False,False,UNKNOWN_CURRENT_SNAPSHOT,True
CLEBI.IS,2019Q4,2019-12-31,2020-03-15,1,False,False,UNKNOWN_CURRENT_SNAPSHOT,True
CLEBI.IS,2020Q1,2020-03-31,2020-05-15,1,False,False,UNKNOWN_CURRENT_SNAPSHOT,True
CLEBI.IS,2020Q2,2020-06-30,2020-08-15,1,False,False,UNKNOWN_CURRENT_SNAPSHOT,True
CLEBI.IS,2020Q3,2020-09-30,2020-11-15,1,False,False,UNKNOWN_CURRENT_SNAPSHOT,True
CLEBI.IS,2020Q4,2020-12-31,2021-03-15,1,False,False,UNKNOWN_CURRENT_SNAPSHOT,True
CLEBI.IS,2021Q1,2021-03-31,2021-05-15,1,False,False,UNKNOWN_CURRENT_SNAPSHOT,True
CLEBI.IS,2021Q2,2021-06-30,2021-08-15,1,False,False,UNKNOWN_CURRENT_SNAPSHOT,True
CLEBI.IS,2021Q3,2021-09-30,2021-11-15,1,False,False,UNKNOWN_CURRENT_SNAPSHOT,True
CLEBI.IS,2021Q4,2021-12-31,2022-03-15,1,False,False,UNKNOWN_CURRENT_SNAPSHOT,True
CLEBI.IS,2022Q1,2022-03-31,2022-05-15,1,False,False,UNKNOWN_CURRENT_SNAPSHOT,True
CLEBI.IS,2022Q2,2022-06-30,2022-08-15,1,False,False,UNKNOWN_CURRENT_SNAPSHOT,True
CLEBI.IS,2022Q3,2022-09-30,2022-11-15,1,False,False,UNKNOWN_CURRENT_SNAPSHOT,True
CLEBI.IS,2022Q4,2022-12-31,2023-03-15,1,False,False,UNKNOWN_CURRENT_SNAPSHOT,True
CLEBI.IS,2023Q1,2023-03-31,2023-05-15,1,False,False,UNKNOWN_CURRENT_SNAPSHOT,True
CLEBI.IS,2023Q2,2023-06-30,2023-08-15,1,False,False,UNKNOWN_CURRENT_SNAPSHOT,True
CLEBI.IS,2023Q3,2023-09-30,2023-11-15,1,False,False,UNKNOWN_CURRENT_SNAPSHOT,True
CLEBI.IS,2023Q4,2023-12-31,2024-03-15,1,False,False,UNKNOWN_CURRENT_SNAPSHOT,True
CLEBI.IS,2024Q1,2024-03-31,2024-05-15,1,False,False,UNKNOWN_CURRENT_SNAPSHOT,True
CLEBI.IS,2024Q2,2024-06-30,2024-08-15,1,False,False,UNKNOWN_CURRENT_SNAPSHOT,True
CLEBI.IS,2024Q3,2024-09-30,2024-11-15,1,False,False,UNKNOWN_CURRENT_SNAPSHOT,True
CLEBI.IS,2024Q4,2024-12-31,2025-03-15,1,False,False,UNKNOWN_CURRENT_SNAPSHOT,True
CLEBI.IS,2025Q1,2025-03-31,2025-05-15,1,False,False,UNKNOWN_CURRENT_SNAPSHOT,True
CLEBI.IS,2025Q2,2025-06-30,2025-08-15,1,False,False,UNKNOWN_CURRENT_SNAPSHOT,True
CLEBI.IS,2025Q3,2025-09-30,2025-11-15,1,False,False,UNKNOWN_CURRENT_SNAPSHOT,True
CLEBI.IS,2025Q4,2025-12-31,2026-03-15,1,False,False,UNKNOWN_CURRENT_SNAPSHOT,True
CLEBI.IS,2026Q1,2026-03-31,2026-05-15,1,False,False,UNKNOWN_CURRENT_SNAPSHOT,True
CLEBI.IS,2026Q2,2026-06-30,2026-08-15,1,False,False,UNKNOWN_CURRENT_SNAPSHOT,True
CVKMD.IS,2020Q4,2020-12-31,2021-03-15,1,False,False,UNKNOWN_CURRENT_SNAPSHOT,True
CVKMD.IS,2021Q4,2021-12-31,2022-03-15,1,False,False,UNKNOWN_CURRENT_SNAPSHOT,True
CVKMD.IS,2022Q1,2022-03-31,2022-05-15,1,False,False,UNKNOWN_CURRENT_SNAPSHOT,True
CVKMD.IS,2022Q2,2022-06-30,2022-08-15,1,False,False,UNKNOWN_CURRENT_SNAPSHOT,True
CVKMD.IS,2022Q3,2022-09-30,2022-11-15,1,False,False,UNKNOWN_CURRENT_SNAPSHOT,True
CVKMD.IS,2022Q4,2022-12-31,2023-03-15,1,False,False,UNKNOWN_CURRENT_SNAPSHOT,True
CVKMD.IS,2023Q1,2023-03-31,2023-05-15,1,False,False,UNKNOWN_CURRENT_SNAPSHOT,True
CVKMD.IS,2023Q2,2023-06-30,2023-08-15,1,False,False,UNKNOWN_CURRENT_SNAPSHOT,True
CVKMD.IS,2023Q3,2023-09-30,2023-11-15,1,False,False,UNKNOWN_CURRENT_SNAPSHOT,True
CVKMD.IS,2023Q4,2023-12-31,2024-03-15,1,False,False,UNKNOWN_CURRENT_SNAPSHOT,True
CVKMD.IS,2024Q1,2024-03-31,2024-05-15,1,False,False,UNKNOWN_CURRENT_SNAPSHOT,True
CVKMD.IS,2024Q2,2024-06-30,2024-08-15,1,False,False,UNKNOWN_CURRENT_SNAPSHOT,True
CVKMD.IS,2024Q3,2024-09-30,2024-11-15,1,False,False,UNKNOWN_CURRENT_SNAPSHOT,True
CVKMD.IS,2024Q4,2024-12-31,2025-03-15,1,False,False,UNKNOWN_CURRENT_SNAPSHOT,True
CVKMD.IS,2025Q1,2025-03-31,2025-05-15,1,False,False,UNKNOWN_CURRENT_SNAPSHOT,True
CVKMD.IS,2025Q2,2025-06-30,2025-08-15,1,False,False,UNKNOWN_CURRENT_SNAPSHOT,True
CVKMD.IS,2025Q3,2025-09-30,2025-11-15,1,False,False,UNKNOWN_CURRENT_SNAPSHOT,True
CVKMD.IS,2025Q4,2025-12-31,2026-03-15,1,False,False,UNKNOWN_CURRENT_SNAPSHOT,True
CVKMD.IS,2026Q1,2026-03-31,2026-05-15,1,False,False,UNKNOWN_CURRENT_SNAPSHOT,True
CVKMD.IS,2026Q2,2026-06-30,2026-08-15,1,False,False,UNKNOWN_CURRENT_SNAPSHOT,True
CWENE.IS,2020Q4,2020-12-31,2021-03-15,1,False,False,UNKNOWN_CURRENT_SNAPSHOT,True
CWENE.IS,2021Q4,2021-12-31,2022-03-15,1,False,False,UNKNOWN_CURRENT_SNAPSHOT,True
CWENE.IS,2022Q1,2022-03-31,2022-05-15,1,False,False,UNKNOWN_CURRENT_SNAPSHOT,True
CWENE.IS,2022Q2,2022-06-30,2022-08-15,1,False,False,UNKNOWN_CURRENT_SNAPSHOT,True
CWENE.IS,2022Q3,2022-09-30,2022-11-15,1,False,False,UNKNOWN_CURRENT_SNAPSHOT,True
CWENE.IS,2022Q4,2022-12-31,2023-03-15,1,False,False,UNKNOWN_CURRENT_SNAPSHOT,True
CWENE.IS,2023Q1,2023-03-31,2023-05-15,1,False,False,UNKNOWN_CURRENT_SNAPSHOT,True
CWENE.IS,2023Q2,2023-06-30,2023-08-15,1,False,False,UNKNOWN_CURRENT_SNAPSHOT,True
CWENE.IS,2023Q3,2023-09-30,2023-11-15,1,False,False,UNKNOWN_CURRENT_SNAPSHOT,True
CWENE.IS,2023Q4,2023-12-31,2024-03-15,1,False,False,UNKNOWN_CURRENT_SNAPSHOT,True
CWENE.IS,2024Q1,2024-03-31,2024-05-15,1,False,False,UNKNOWN_CURRENT_SNAPSHOT,True
CWENE.IS,2024Q2,2024-06-30,2024-08-15,1,False,False,UNKNOWN_CURRENT_SNAPSHOT,True
CWENE.IS,2024Q3,2024-09-30,2024-11-15,1,False,False,UNKNOWN_CURRENT_SNAPSHOT,True
CWENE.IS,2024Q4,2024-12-31,2025-03-15,1,False,False,UNKNOWN_CURRENT_SNAPSHOT,True
CWENE.IS,2025Q1,2025-03-31,2025-05-15,1,False,False,UNKNOWN_CURRENT_SNAPSHOT,True
CWENE.IS,2025Q2,2025-06-30,2025-08-15,1,False,False,UNKNOWN_CURRENT_SNAPSHOT,True
CWENE.IS,2025Q3,2025-09-30,2025-11-15,1,False,False,UNKNOWN_CURRENT_SNAPSHOT,True
CWENE.IS,2025Q4,2025-12-31,2026-03-15,1,False,False,UNKNOWN_CURRENT_SNAPSHOT,True
CWENE.IS,2026Q1,2026-03-31,2026-05-15,1,False,False,UNKNOWN_CURRENT_SNAPSHOT,True
CWENE.IS,2026Q2,2026-06-30,2026-08-15,1,False,False,UNKNOWN_CURRENT_SNAPSHOT,True
DOAS.IS,2018Q1,2018-03-31,2018-05-15,1,False,False,UNKNOWN_CURRENT_SNAPSHOT,True
DOAS.IS,2018Q2,2018-06-30,2018-08-15,1,False,False,UNKNOWN_CURRENT_SNAPSHOT,True
DOAS.IS,2018Q3,2018-09-30,2018-11-15,1,False,False,UNKNOWN_CURRENT_SNAPSHOT,True
DOAS.IS,2018Q4,2018-12-31,2019-03-15,1,False,False,UNKNOWN_CURRENT_SNAPSHOT,True
DOAS.IS,2019Q1,2019-03-31,2019-05-15,1,False,False,UNKNOWN_CURRENT_SNAPSHOT,True
DOAS.IS,2019Q2,2019-06-30,2019-08-15,1,False,False,UNKNOWN_CURRENT_SNAPSHOT,True
DOAS.IS,2019Q3,2019-09-30,2019-11-15,1,False,False,UNKNOWN_CURRENT_SNAPSHOT,True
DOAS.IS,2019Q4,2019-12-31,2020-03-15,1,False,False,UNKNOWN_CURRENT_SNAPSHOT,True
DOAS.IS,2020Q1,2020-03-31,2020-05-15,1,False,False,UNKNOWN_CURRENT_SNAPSHOT,True
DOAS.IS,2020Q2,2020-06-30,2020-08-15,1,False,False,UNKNOWN_CURRENT_SNAPSHOT,True
DOAS.IS,2020Q3,2020-09-30,2020-11-15,1,False,False,UNKNOWN_CURRENT_SNAPSHOT,True
DOAS.IS,2020Q4,2020-12-31,2021-03-15,1,False,False,UNKNOWN_CURRENT_SNAPSHOT,True
DOAS.IS,2021Q1,2021-03-31,2021-05-15,1,False,False,UNKNOWN_CURRENT_SNAPSHOT,True
DOAS.IS,2021Q2,2021-06-30,2021-08-15,1,False,False,UNKNOWN_CURRENT_SNAPSHOT,True
DOAS.IS,2021Q3,2021-09-30,2021-11-15,1,False,False,UNKNOWN_CURRENT_SNAPSHOT,True
DOAS.IS,2021Q4,2021-12-31,2022-03-15,1,False,False,UNKNOWN_CURRENT_SNAPSHOT,True
DOAS.IS,2022Q1,2022-03-31,2022-05-15,1,False,False,UNKNOWN_CURRENT_SNAPSHOT,True
DOAS.IS,2022Q2,2022-06-30,2022-08-15,1,False,False,UNKNOWN_CURRENT_SNAPSHOT,True
DOAS.IS,2022Q3,2022-09-30,2022-11-15,1,False,False,UNKNOWN_CURRENT_SNAPSHOT,True
DOAS.IS,2022Q4,2022-12-31,2023-03-15,1,False,False,UNKNOWN_CURRENT_SNAPSHOT,True
DOAS.IS,2023Q1,2023-03-31,2023-05-15,1,False,False,UNKNOWN_CURRENT_SNAPSHOT,True
DOAS.IS,2023Q2,2023-06-30,2023-08-15,1,False,False,UNKNOWN_CURRENT_SNAPSHOT,True
DOAS.IS,2023Q3,2023-09-30,2023-11-15,1,False,False,UNKNOWN_CURRENT_SNAPSHOT,True
DOAS.IS,2023Q4,2023-12-31,2024-03-15,1,False,False,UNKNOWN_CURRENT_SNAPSHOT,True
DOAS.IS,2024Q1,2024-03-31,2024-05-15,1,False,False,UNKNOWN_CURRENT_SNAPSHOT,True
DOAS.IS,2024Q2,2024-06-30,2024-08-15,1,False,False,UNKNOWN_CURRENT_SNAPSHOT,True
DOAS.IS,2024Q3,2024-09-30,2024-11-15,1,False,False,UNKNOWN_CURRENT_SNAPSHOT,True
DOAS.IS,2024Q4,2024-12-31,2025-03-15,1,False,False,UNKNOWN_CURRENT_SNAPSHOT,True
DOAS.IS,2025Q1,2025-03-31,2025-05-15,1,False,False,UNKNOWN_CURRENT_SNAPSHOT,True
DOAS.IS,2025Q2,2025-06-30,2025-08-15,1,False,False,UNKNOWN_CURRENT_SNAPSHOT,True
DOAS.IS,2025Q3,2025-09-30,2025-11-15,1,False,False,UNKNOWN_CURRENT_SNAPSHOT,True
DOAS.IS,2025Q4,2025-12-31,2026-03-15,1,False,False,UNKNOWN_CURRENT_SNAPSHOT,True
DOAS.IS,2026Q1,2026-03-31,2026-05-15,1,False,False,UNKNOWN_CURRENT_SNAPSHOT,True
DOAS.IS,2026Q2,2026-06-30,2026-08-15,1,False,False,UNKNOWN_CURRENT_SNAPSHOT,True
DOHOL.IS,2018Q1,2018-03-31,2018-05-15,1,False,False,UNKNOWN_CURRENT_SNAPSHOT,True
DOHOL.IS,2018Q2,2018-06-30,2018-08-15,1,False,False,UNKNOWN_CURRENT_SNAPSHOT,True
DOHOL.IS,2018Q3,2018-09-30,2018-11-15,1,False,False,UNKNOWN_CURRENT_SNAPSHOT,True
DOHOL.IS,2018Q4,2018-12-31,2019-03-15,1,False,False,UNKNOWN_CURRENT_SNAPSHOT,True
DOHOL.IS,2019Q1,2019-03-31,2019-05-15,1,False,False,UNKNOWN_CURRENT_SNAPSHOT,True
DOHOL.IS,2019Q2,2019-06-30,2019-08-15,1,False,False,UNKNOWN_CURRENT_SNAPSHOT,True
DOHOL.IS,2019Q3,2019-09-30,2019-11-15,1,False,False,UNKNOWN_CURRENT_SNAPSHOT,True
DOHOL.IS,2019Q4,2019-12-31,2020-03-15,1,False,False,UNKNOWN_CURRENT_SNAPSHOT,True
DOHOL.IS,2020Q1,2020-03-31,2020-05-15,1,False,False,UNKNOWN_CURRENT_SNAPSHOT,True
DOHOL.IS,2020Q2,2020-06-30,2020-08-15,1,False,False,UNKNOWN_CURRENT_SNAPSHOT,True
DOHOL.IS,2020Q3,2020-09-30,2020-11-15,1,False,False,UNKNOWN_CURRENT_SNAPSHOT,True
DOHOL.IS,2020Q4,2020-12-31,2021-03-15,1,False,False,UNKNOWN_CURRENT_SNAPSHOT,True
DOHOL.IS,2021Q1,2021-03-31,2021-05-15,1,False,False,UNKNOWN_CURRENT_SNAPSHOT,True
DOHOL.IS,2021Q2,2021-06-30,2021-08-15,1,False,False,UNKNOWN_CURRENT_SNAPSHOT,True
DOHOL.IS,2021Q3,2021-09-30,2021-11-15,1,False,False,UNKNOWN_CURRENT_SNAPSHOT,True
DOHOL.IS,2021Q4,2021-12-31,2022-03-15,1,False,False,UNKNOWN_CURRENT_SNAPSHOT,True
DOHOL.IS,2022Q1,2022-03-31,2022-05-15,1,False,False,UNKNOWN_CURRENT_SNAPSHOT,True
DOHOL.IS,2022Q2,2022-06-30,2022-08-15,1,False,False,UNKNOWN_CURRENT_SNAPSHOT,True
DOHOL.IS,2022Q3,2022-09-30,2022-11-15,1,False,False,UNKNOWN_CURRENT_SNAPSHOT,True
DOHOL.IS,2022Q4,2022-12-31,2023-03-15,1,False,False,UNKNOWN_CURRENT_SNAPSHOT,True
DOHOL.IS,2023Q1,2023-03-31,2023-05-15,1,False,False,UNKNOWN_CURRENT_SNAPSHOT,True
DOHOL.IS,2023Q2,2023-06-30,2023-08-15,1,False,False,UNKNOWN_CURRENT_SNAPSHOT,True
DOHOL.IS,2023Q3,2023-09-30,2023-11-15,1,False,False,UNKNOWN_CURRENT_SNAPSHOT,True
DOHOL.IS,2023Q4,2023-12-31,2024-03-15,1,False,False,UNKNOWN_CURRENT_SNAPSHOT,True
DOHOL.IS,2024Q1,2024-03-31,2024-05-15,1,False,False,UNKNOWN_CURRENT_SNAPSHOT,True
DOHOL.IS,2024Q2,2024-06-30,2024-08-15,1,False,False,UNKNOWN_CURRENT_SNAPSHOT,True
DOHOL.IS,2024Q3,2024-09-30,2024-11-15,1,False,False,UNKNOWN_CURRENT_SNAPSHOT,True
DOHOL.IS,2024Q4,2024-12-31,2025-03-15,1,False,False,UNKNOWN_CURRENT_SNAPSHOT,True
DOHOL.IS,2025Q1,2025-03-31,2025-05-15,1,False,False,UNKNOWN_CURRENT_SNAPSHOT,True
DOHOL.IS,2025Q2,2025-06-30,2025-08-15,1,False,False,UNKNOWN_CURRENT_SNAPSHOT,True
DOHOL.IS,2025Q3,2025-09-30,2025-11-15,1,False,False,UNKNOWN_CURRENT_SNAPSHOT,True
DOHOL.IS,2025Q4,2025-12-31,2026-03-15,1,False,False,UNKNOWN_CURRENT_SNAPSHOT,True
DOHOL.IS,2026Q1,2026-03-31,2026-05-15,1,False,False,UNKNOWN_CURRENT_SNAPSHOT,True
DOHOL.IS,2026Q2,2026-06-30,2026-08-15,1,False,False,UNKNOWN_CURRENT_SNAPSHOT,True
ECILC.IS,2018Q1,2018-03-31,2018-05-15,1,False,False,UNKNOWN_CURRENT_SNAPSHOT,True
ECILC.IS,2018Q2,2018-06-30,2018-08-15,1,False,False,UNKNOWN_CURRENT_SNAPSHOT,True
ECILC.IS,2018Q3,2018-09-30,2018-11-15,1,False,False,UNKNOWN_CURRENT_SNAPSHOT,True
ECILC.IS,2018Q4,2018-12-31,2019-03-15,1,False,False,UNKNOWN_CURRENT_SNAPSHOT,True
ECILC.IS,2019Q1,2019-03-31,2019-05-15,1,False,False,UNKNOWN_CURRENT_SNAPSHOT,True
ECILC.IS,2019Q2,2019-06-30,2019-08-15,1,False,False,UNKNOWN_CURRENT_SNAPSHOT,True
ECILC.IS,2019Q3,2019-09-30,2019-11-15,1,False,False,UNKNOWN_CURRENT_SNAPSHOT,True
ECILC.IS,2019Q4,2019-12-31,2020-03-15,1,False,False,UNKNOWN_CURRENT_SNAPSHOT,True
ECILC.IS,2020Q1,2020-03-31,2020-05-15,1,False,False,UNKNOWN_CURRENT_SNAPSHOT,True
ECILC.IS,2020Q2,2020-06-30,2020-08-15,1,False,False,UNKNOWN_CURRENT_SNAPSHOT,True
ECILC.IS,2020Q3,2020-09-30,2020-11-15,1,False,False,UNKNOWN_CURRENT_SNAPSHOT,True
ECILC.IS,2020Q4,2020-12-31,2021-03-15,1,False,False,UNKNOWN_CURRENT_SNAPSHOT,True
ECILC.IS,2021Q1,2021-03-31,2021-05-15,1,False,False,UNKNOWN_CURRENT_SNAPSHOT,True
ECILC.IS,2021Q2,2021-06-30,2021-08-15,1,False,False,UNKNOWN_CURRENT_SNAPSHOT,True
ECILC.IS,2021Q3,2021-09-30,2021-11-15,1,False,False,UNKNOWN_CURRENT_SNAPSHOT,True
ECILC.IS,2021Q4,2021-12-31,2022-03-15,1,False,False,UNKNOWN_CURRENT_SNAPSHOT,True
ECILC.IS,2022Q1,2022-03-31,2022-05-15,1,False,False,UNKNOWN_CURRENT_SNAPSHOT,True
ECILC.IS,2022Q2,2022-06-30,2022-08-15,1,False,False,UNKNOWN_CURRENT_SNAPSHOT,True
ECILC.IS,2022Q3,2022-09-30,2022-11-15,1,False,False,UNKNOWN_CURRENT_SNAPSHOT,True
ECILC.IS,2022Q4,2022-12-31,2023-03-15,1,False,False,UNKNOWN_CURRENT_SNAPSHOT,True
ECILC.IS,2023Q1,2023-03-31,2023-05-15,1,False,False,UNKNOWN_CURRENT_SNAPSHOT,True
ECILC.IS,2023Q2,2023-06-30,2023-08-15,1,False,False,UNKNOWN_CURRENT_SNAPSHOT,True
ECILC.IS,2023Q3,2023-09-30,2023-11-15,1,False,False,UNKNOWN_CURRENT_SNAPSHOT,True
ECILC.IS,2023Q4,2023-12-31,2024-03-15,1,False,False,UNKNOWN_CURRENT_SNAPSHOT,True
ECILC.IS,2024Q1,2024-03-31,2024-05-15,1,False,False,UNKNOWN_CURRENT_SNAPSHOT,True
ECILC.IS,2024Q2,2024-06-30,2024-08-15,1,False,False,UNKNOWN_CURRENT_SNAPSHOT,True
ECILC.IS,2024Q3,2024-09-30,2024-11-15,1,False,False,UNKNOWN_CURRENT_SNAPSHOT,True
ECILC.IS,2024Q4,2024-12-31,2025-03-15,1,False,False,UNKNOWN_CURRENT_SNAPSHOT,True
ECILC.IS,2025Q1,2025-03-31,2025-05-15,1,False,False,UNKNOWN_CURRENT_SNAPSHOT,True
ECILC.IS,2025Q2,2025-06-30,2025-08-15,1,False,False,UNKNOWN_CURRENT_SNAPSHOT,True
ECILC.IS,2025Q3,2025-09-30,2025-11-15,1,False,False,UNKNOWN_CURRENT_SNAPSHOT,True
ECILC.IS,2025Q4,2025-12-31,2026-03-15,1,False,False,UNKNOWN_CURRENT_SNAPSHOT,True
ECILC.IS,2026Q1,2026-03-31,2026-05-15,1,False,False,UNKNOWN_CURRENT_SNAPSHOT,True
ECILC.IS,2026Q2,2026-06-30,2026-08-15,1,False,False,UNKNOWN_CURRENT_SNAPSHOT,True
EKGYO.IS,2018Q1,2018-03-31,2018-05-15,1,False,False,UNKNOWN_CURRENT_SNAPSHOT,True
EKGYO.IS,2018Q2,2018-06-30,2018-08-15,1,False,False,UNKNOWN_CURRENT_SNAPSHOT,True
EKGYO.IS,2018Q3,2018-09-30,2018-11-15,1,False,False,UNKNOWN_CURRENT_SNAPSHOT,True
EKGYO.IS,2018Q4,2018-12-31,2019-03-15,1,False,False,UNKNOWN_CURRENT_SNAPSHOT,True
EKGYO.IS,2019Q1,2019-03-31,2019-05-15,1,False,False,UNKNOWN_CURRENT_SNAPSHOT,True
EKGYO.IS,2019Q2,2019-06-30,2019-08-15,1,False,False,UNKNOWN_CURRENT_SNAPSHOT,True
EKGYO.IS,2019Q3,2019-09-30,2019-11-15,1,False,False,UNKNOWN_CURRENT_SNAPSHOT,True
EKGYO.IS,2019Q4,2019-12-31,2020-03-15,1,False,False,UNKNOWN_CURRENT_SNAPSHOT,True
EKGYO.IS,2020Q1,2020-03-31,2020-05-15,1,False,False,UNKNOWN_CURRENT_SNAPSHOT,True
EKGYO.IS,2020Q2,2020-06-30,2020-08-15,1,False,False,UNKNOWN_CURRENT_SNAPSHOT,True
EKGYO.IS,2020Q3,2020-09-30,2020-11-15,1,False,False,UNKNOWN_CURRENT_SNAPSHOT,True
EKGYO.IS,2020Q4,2020-12-31,2021-03-15,1,False,False,UNKNOWN_CURRENT_SNAPSHOT,True
EKGYO.IS,2021Q1,2021-03-31,2021-05-15,1,False,False,UNKNOWN_CURRENT_SNAPSHOT,True
EKGYO.IS,2021Q2,2021-06-30,2021-08-15,1,False,False,UNKNOWN_CURRENT_SNAPSHOT,True
EKGYO.IS,2021Q3,2021-09-30,2021-11-15,1,False,False,UNKNOWN_CURRENT_SNAPSHOT,True
EKGYO.IS,2021Q4,2021-12-31,2022-03-15,1,False,False,UNKNOWN_CURRENT_SNAPSHOT,True
EKGYO.IS,2022Q1,2022-03-31,2022-05-15,1,False,False,UNKNOWN_CURRENT_SNAPSHOT,True
EKGYO.IS,2022Q2,2022-06-30,2022-08-15,1,False,False,UNKNOWN_CURRENT_SNAPSHOT,True
EKGYO.IS,2022Q3,2022-09-30,2022-11-15,1,False,False,UNKNOWN_CURRENT_SNAPSHOT,True
EKGYO.IS,2022Q4,2022-12-31,2023-03-15,1,False,False,UNKNOWN_CURRENT_SNAPSHOT,True
EKGYO.IS,2023Q1,2023-03-31,2023-05-15,1,False,False,UNKNOWN_CURRENT_SNAPSHOT,True
EKGYO.IS,2023Q2,2023-06-30,2023-08-15,1,False,False,UNKNOWN_CURRENT_SNAPSHOT,True
EKGYO.IS,2023Q3,2023-09-30,2023-11-15,1,False,False,UNKNOWN_CURRENT_SNAPSHOT,True
EKGYO.IS,2023Q4,2023-12-31,2024-03-15,1,False,False,UNKNOWN_CURRENT_SNAPSHOT,True
EKGYO.IS,2024Q1,2024-03-31,2024-05-15,1,False,False,UNKNOWN_CURRENT_SNAPSHOT,True
EKGYO.IS,2024Q2,2024-06-30,2024-08-15,1,False,False,UNKNOWN_CURRENT_SNAPSHOT,True
EKGYO.IS,2024Q3,2024-09-30,2024-11-15,1,False,False,UNKNOWN_CURRENT_SNAPSHOT,True
EKGYO.IS,2024Q4,2024-12-31,2025-03-15,1,False,False,UNKNOWN_CURRENT_SNAPSHOT,True
EKGYO.IS,2025Q1,2025-03-31,2025-05-15,1,False,False,UNKNOWN_CURRENT_SNAPSHOT,True
EKGYO.IS,2025Q2,2025-06-30,2025-08-15,1,False,False,UNKNOWN_CURRENT_SNAPSHOT,True
EKGYO.IS,2025Q3,2025-09-30,2025-11-15,1,False,False,UNKNOWN_CURRENT_SNAPSHOT,True
EKGYO.IS,2025Q4,2025-12-31,2026-03-15,1,False,False,UNKNOWN_CURRENT_SNAPSHOT,True
EKGYO.IS,2026Q1,2026-03-31,2026-05-15,1,False,False,UNKNOWN_CURRENT_SNAPSHOT,True
EKGYO.IS,2026Q2,2026-06-30,2026-08-15,1,False,False,UNKNOWN_CURRENT_SNAPSHOT,True
ENKAI.IS,2018Q1,2018-03-31,2018-05-15,1,False,False,UNKNOWN_CURRENT_SNAPSHOT,True
ENKAI.IS,2018Q2,2018-06-30,2018-08-15,1,False,False,UNKNOWN_CURRENT_SNAPSHOT,True
ENKAI.IS,2018Q3,2018-09-30,2018-11-15,1,False,False,UNKNOWN_CURRENT_SNAPSHOT,True
ENKAI.IS,2018Q4,2018-12-31,2019-03-15,1,False,False,UNKNOWN_CURRENT_SNAPSHOT,True
ENKAI.IS,2019Q1,2019-03-31,2019-05-15,1,False,False,UNKNOWN_CURRENT_SNAPSHOT,True
ENKAI.IS,2019Q2,2019-06-30,2019-08-15,1,False,False,UNKNOWN_CURRENT_SNAPSHOT,True
ENKAI.IS,2019Q3,2019-09-30,2019-11-15,1,False,False,UNKNOWN_CURRENT_SNAPSHOT,True
ENKAI.IS,2019Q4,2019-12-31,2020-03-15,1,False,False,UNKNOWN_CURRENT_SNAPSHOT,True
ENKAI.IS,2020Q1,2020-03-31,2020-05-15,1,False,False,UNKNOWN_CURRENT_SNAPSHOT,True
ENKAI.IS,2020Q2,2020-06-30,2020-08-15,1,False,False,UNKNOWN_CURRENT_SNAPSHOT,True
ENKAI.IS,2020Q3,2020-09-30,2020-11-15,1,False,False,UNKNOWN_CURRENT_SNAPSHOT,True
ENKAI.IS,2020Q4,2020-12-31,2021-03-15,1,False,False,UNKNOWN_CURRENT_SNAPSHOT,True
ENKAI.IS,2021Q1,2021-03-31,2021-05-15,1,False,False,UNKNOWN_CURRENT_SNAPSHOT,True
ENKAI.IS,2021Q2,2021-06-30,2021-08-15,1,False,False,UNKNOWN_CURRENT_SNAPSHOT,True
ENKAI.IS,2021Q3,2021-09-30,2021-11-15,1,False,False,UNKNOWN_CURRENT_SNAPSHOT,True
ENKAI.IS,2021Q4,2021-12-31,2022-03-15,1,False,False,UNKNOWN_CURRENT_SNAPSHOT,True
ENKAI.IS,2022Q1,2022-03-31,2022-05-15,1,False,False,UNKNOWN_CURRENT_SNAPSHOT,True
ENKAI.IS,2022Q2,2022-06-30,2022-08-15,1,False,False,UNKNOWN_CURRENT_SNAPSHOT,True
ENKAI.IS,2022Q3,2022-09-30,2022-11-15,1,False,False,UNKNOWN_CURRENT_SNAPSHOT,True
ENKAI.IS,2022Q4,2022-12-31,2023-03-15,1,False,False,UNKNOWN_CURRENT_SNAPSHOT,True
ENKAI.IS,2023Q1,2023-03-31,2023-05-15,1,False,False,UNKNOWN_CURRENT_SNAPSHOT,True
ENKAI.IS,2023Q2,2023-06-30,2023-08-15,1,False,False,UNKNOWN_CURRENT_SNAPSHOT,True
ENKAI.IS,2023Q3,2023-09-30,2023-11-15,1,False,False,UNKNOWN_CURRENT_SNAPSHOT,True
ENKAI.IS,2023Q4,2023-12-31,2024-03-15,1,False,False,UNKNOWN_CURRENT_SNAPSHOT,True
ENKAI.IS,2024Q1,2024-03-31,2024-05-15,1,False,False,UNKNOWN_CURRENT_SNAPSHOT,True
ENKAI.IS,2024Q2,2024-06-30,2024-08-15,1,False,False,UNKNOWN_CURRENT_SNAPSHOT,True
ENKAI.IS,2024Q3,2024-09-30,2024-11-15,1,False,False,UNKNOWN_CURRENT_SNAPSHOT,True
ENKAI.IS,2024Q4,2024-12-31,2025-03-15,1,False,False,UNKNOWN_CURRENT_SNAPSHOT,True
ENKAI.IS,2025Q1,2025-03-31,2025-05-15,1,False,False,UNKNOWN_CURRENT_SNAPSHOT,True
ENKAI.IS,2025Q2,2025-06-30,2025-08-15,1,False,False,UNKNOWN_CURRENT_SNAPSHOT,True
ENKAI.IS,2025Q3,2025-09-30,2025-11-15,1,False,False,UNKNOWN_CURRENT_SNAPSHOT,True
ENKAI.IS,2025Q4,2025-12-31,2026-03-15,1,False,False,UNKNOWN_CURRENT_SNAPSHOT,True
ENKAI.IS,2026Q1,2026-03-31,2026-05-15,1,False,False,UNKNOWN_CURRENT_SNAPSHOT,True
ENKAI.IS,2026Q2,2026-06-30,2026-08-15,1,False,False,UNKNOWN_CURRENT_SNAPSHOT,True
EREGL.IS,2018Q1,2018-03-31,2018-05-15,1,False,False,UNKNOWN_CURRENT_SNAPSHOT,True
EREGL.IS,2018Q2,2018-06-30,2018-08-15,1,False,False,UNKNOWN_CURRENT_SNAPSHOT,True
EREGL.IS,2018Q3,2018-09-30,2018-11-15,1,False,False,UNKNOWN_CURRENT_SNAPSHOT,True
EREGL.IS,2018Q4,2018-12-31,2019-03-15,1,False,False,UNKNOWN_CURRENT_SNAPSHOT,True
EREGL.IS,2019Q1,2019-03-31,2019-05-15,1,False,False,UNKNOWN_CURRENT_SNAPSHOT,True
EREGL.IS,2019Q2,2019-06-30,2019-08-15,1,False,False,UNKNOWN_CURRENT_SNAPSHOT,True
EREGL.IS,2019Q3,2019-09-30,2019-11-15,1,False,False,UNKNOWN_CURRENT_SNAPSHOT,True
EREGL.IS,2019Q4,2019-12-31,2020-03-15,1,False,False,UNKNOWN_CURRENT_SNAPSHOT,True
EREGL.IS,2020Q1,2020-03-31,2020-05-15,1,False,False,UNKNOWN_CURRENT_SNAPSHOT,True
EREGL.IS,2020Q2,2020-06-30,2020-08-15,1,False,False,UNKNOWN_CURRENT_SNAPSHOT,True
EREGL.IS,2020Q3,2020-09-30,2020-11-15,1,False,False,UNKNOWN_CURRENT_SNAPSHOT,True
EREGL.IS,2020Q4,2020-12-31,2021-03-15,1,False,False,UNKNOWN_CURRENT_SNAPSHOT,True
EREGL.IS,2021Q1,2021-03-31,2021-05-15,1,False,False,UNKNOWN_CURRENT_SNAPSHOT,True
EREGL.IS,2021Q2,2021-06-30,2021-08-15,1,False,False,UNKNOWN_CURRENT_SNAPSHOT,True
EREGL.IS,2021Q3,2021-09-30,2021-11-15,1,False,False,UNKNOWN_CURRENT_SNAPSHOT,True
EREGL.IS,2021Q4,2021-12-31,2022-03-15,1,False,False,UNKNOWN_CURRENT_SNAPSHOT,True
EREGL.IS,2022Q1,2022-03-31,2022-05-15,1,False,False,UNKNOWN_CURRENT_SNAPSHOT,True
EREGL.IS,2022Q2,2022-06-30,2022-08-15,1,False,False,UNKNOWN_CURRENT_SNAPSHOT,True
EREGL.IS,2022Q3,2022-09-30,2022-11-15,1,False,False,UNKNOWN_CURRENT_SNAPSHOT,True
EREGL.IS,2022Q4,2022-12-31,2023-03-15,1,False,False,UNKNOWN_CURRENT_SNAPSHOT,True
EREGL.IS,2023Q1,2023-03-31,2023-05-15,1,False,False,UNKNOWN_CURRENT_SNAPSHOT,True
EREGL.IS,2023Q2,2023-06-30,2023-08-15,1,False,False,UNKNOWN_CURRENT_SNAPSHOT,True
EREGL.IS,2023Q3,2023-09-30,2023-11-15,1,False,False,UNKNOWN_CURRENT_SNAPSHOT,True
EREGL.IS,2023Q4,2023-12-31,2024-03-15,1,False,False,UNKNOWN_CURRENT_SNAPSHOT,True
EREGL.IS,2024Q1,2024-03-31,2024-05-15,1,False,False,UNKNOWN_CURRENT_SNAPSHOT,True
EREGL.IS,2024Q2,2024-06-30,2024-08-15,1,False,False,UNKNOWN_CURRENT_SNAPSHOT,True
EREGL.IS,2024Q3,2024-09-30,2024-11-15,1,False,False,UNKNOWN_CURRENT_SNAPSHOT,True
EREGL.IS,2024Q4,2024-12-31,2025-03-15,1,False,False,UNKNOWN_CURRENT_SNAPSHOT,True
EREGL.IS,2025Q1,2025-03-31,2025-05-15,1,False,False,UNKNOWN_CURRENT_SNAPSHOT,True
EREGL.IS,2025Q2,2025-06-30,2025-08-15,1,False,False,UNKNOWN_CURRENT_SNAPSHOT,True
EREGL.IS,2025Q3,2025-09-30,2025-11-15,1,False,False,UNKNOWN_CURRENT_SNAPSHOT,True
EREGL.IS,2025Q4,2025-12-31,2026-03-15,1,False,False,UNKNOWN_CURRENT_SNAPSHOT,True
EREGL.IS,2026Q1,2026-03-31,2026-05-15,1,False,False,UNKNOWN_CURRENT_SNAPSHOT,True
EREGL.IS,2026Q2,2026-06-30,2026-08-15,1,False,False,UNKNOWN_CURRENT_SNAPSHOT,True
EUPWR.IS,2020Q4,2020-12-31,2021-03-15,1,False,False,UNKNOWN_CURRENT_SNAPSHOT,True
EUPWR.IS,2021Q4,2021-12-31,2022-03-15,1,False,False,UNKNOWN_CURRENT_SNAPSHOT,True
EUPWR.IS,2022Q1,2022-03-31,2022-05-15,1,False,False,UNKNOWN_CURRENT_SNAPSHOT,True
EUPWR.IS,2022Q2,2022-06-30,2022-08-15,1,False,False,UNKNOWN_CURRENT_SNAPSHOT,True
EUPWR.IS,2022Q3,2022-09-30,2022-11-15,1,False,False,UNKNOWN_CURRENT_SNAPSHOT,True
EUPWR.IS,2022Q4,2022-12-31,2023-03-15,1,False,False,UNKNOWN_CURRENT_SNAPSHOT,True
EUPWR.IS,2023Q1,2023-03-31,2023-05-15,1,False,False,UNKNOWN_CURRENT_SNAPSHOT,True
EUPWR.IS,2023Q2,2023-06-30,2023-08-15,1,False,False,UNKNOWN_CURRENT_SNAPSHOT,True
EUPWR.IS,2023Q3,2023-09-30,2023-11-15,1,False,False,UNKNOWN_CURRENT_SNAPSHOT,True
EUPWR.IS,2023Q4,2023-12-31,2024-03-15,1,False,False,UNKNOWN_CURRENT_SNAPSHOT,True
EUPWR.IS,2024Q1,2024-03-31,2024-05-15,1,False,False,UNKNOWN_CURRENT_SNAPSHOT,True
EUPWR.IS,2024Q2,2024-06-30,2024-08-15,1,False,False,UNKNOWN_CURRENT_SNAPSHOT,True
EUPWR.IS,2024Q3,2024-09-30,2024-11-15,1,False,False,UNKNOWN_CURRENT_SNAPSHOT,True
EUPWR.IS,2024Q4,2024-12-31,2025-03-15,1,False,False,UNKNOWN_CURRENT_SNAPSHOT,True
EUPWR.IS,2025Q1,2025-03-31,2025-05-15,1,False,False,UNKNOWN_CURRENT_SNAPSHOT,True
EUPWR.IS,2025Q2,2025-06-30,2025-08-15,1,False,False,UNKNOWN_CURRENT_SNAPSHOT,True
EUPWR.IS,2025Q3,2025-09-30,2025-11-15,1,False,False,UNKNOWN_CURRENT_SNAPSHOT,True
EUPWR.IS,2025Q4,2025-12-31,2026-03-15,1,False,False,UNKNOWN_CURRENT_SNAPSHOT,True
EUPWR.IS,2026Q1,2026-03-31,2026-05-15,1,False,False,UNKNOWN_CURRENT_SNAPSHOT,True
EUPWR.IS,2026Q2,2026-06-30,2026-08-15,1,False,False,UNKNOWN_CURRENT_SNAPSHOT,True
FORTE.IS,2020Q4,2020-12-31,2021-03-15,1,False,False,UNKNOWN_CURRENT_SNAPSHOT,True
FORTE.IS,2021Q4,2021-12-31,2022-03-15,1,False,False,UNKNOWN_CURRENT_SNAPSHOT,True
FORTE.IS,2022Q1,2022-03-31,2022-05-15,1,False,False,UNKNOWN_CURRENT_SNAPSHOT,True
FORTE.IS,2022Q2,2022-06-30,2022-08-15,1,False,False,UNKNOWN_CURRENT_SNAPSHOT,True
FORTE.IS,2022Q3,2022-09-30,2022-11-15,1,False,False,UNKNOWN_CURRENT_SNAPSHOT,True
FORTE.IS,2022Q4,2022-12-31,2023-03-15,1,False,False,UNKNOWN_CURRENT_SNAPSHOT,True
FORTE.IS,2023Q1,2023-03-31,2023-05-15,1,False,False,UNKNOWN_CURRENT_SNAPSHOT,True
FORTE.IS,2023Q2,2023-06-30,2023-08-15,1,False,False,UNKNOWN_CURRENT_SNAPSHOT,True
FORTE.IS,2023Q3,2023-09-30,2023-11-15,1,False,False,UNKNOWN_CURRENT_SNAPSHOT,True
FORTE.IS,2023Q4,2023-12-31,2024-03-15,1,False,False,UNKNOWN_CURRENT_SNAPSHOT,True
FORTE.IS,2024Q1,2024-03-31,2024-05-15,1,False,False,UNKNOWN_CURRENT_SNAPSHOT,True
FORTE.IS,2024Q2,2024-06-30,2024-08-15,1,False,False,UNKNOWN_CURRENT_SNAPSHOT,True
FORTE.IS,2024Q3,2024-09-30,2024-11-15,1,False,False,UNKNOWN_CURRENT_SNAPSHOT,True
FORTE.IS,2024Q4,2024-12-31,2025-03-15,1,False,False,UNKNOWN_CURRENT_SNAPSHOT,True
FORTE.IS,2025Q1,2025-03-31,2025-05-15,1,False,False,UNKNOWN_CURRENT_SNAPSHOT,True
FORTE.IS,2025Q2,2025-06-30,2025-08-15,1,False,False,UNKNOWN_CURRENT_SNAPSHOT,True
FORTE.IS,2025Q3,2025-09-30,2025-11-15,1,False,False,UNKNOWN_CURRENT_SNAPSHOT,True
FORTE.IS,2025Q4,2025-12-31,2026-03-15,1,False,False,UNKNOWN_CURRENT_SNAPSHOT,True
FORTE.IS,2026Q1,2026-03-31,2026-05-15,1,False,False,UNKNOWN_CURRENT_SNAPSHOT,True
FORTE.IS,2026Q2,2026-06-30,2026-08-15,1,False,False,UNKNOWN_CURRENT_SNAPSHOT,True
FROTO.IS,2018Q1,2018-03-31,2018-05-15,1,False,False,UNKNOWN_CURRENT_SNAPSHOT,True
FROTO.IS,2018Q2,2018-06-30,2018-08-15,1,False,False,UNKNOWN_CURRENT_SNAPSHOT,True
FROTO.IS,2018Q3,2018-09-30,2018-11-15,1,False,False,UNKNOWN_CURRENT_SNAPSHOT,True
FROTO.IS,2018Q4,2018-12-31,2019-03-15,1,False,False,UNKNOWN_CURRENT_SNAPSHOT,True
FROTO.IS,2019Q1,2019-03-31,2019-05-15,1,False,False,UNKNOWN_CURRENT_SNAPSHOT,True
FROTO.IS,2019Q2,2019-06-30,2019-08-15,1,False,False,UNKNOWN_CURRENT_SNAPSHOT,True
FROTO.IS,2019Q3,2019-09-30,2019-11-15,1,False,False,UNKNOWN_CURRENT_SNAPSHOT,True
FROTO.IS,2019Q4,2019-12-31,2020-03-15,1,False,False,UNKNOWN_CURRENT_SNAPSHOT,True
FROTO.IS,2020Q1,2020-03-31,2020-05-15,1,False,False,UNKNOWN_CURRENT_SNAPSHOT,True
FROTO.IS,2020Q2,2020-06-30,2020-08-15,1,False,False,UNKNOWN_CURRENT_SNAPSHOT,True
FROTO.IS,2020Q3,2020-09-30,2020-11-15,1,False,False,UNKNOWN_CURRENT_SNAPSHOT,True
FROTO.IS,2020Q4,2020-12-31,2021-03-15,1,False,False,UNKNOWN_CURRENT_SNAPSHOT,True
FROTO.IS,2021Q1,2021-03-31,2021-05-15,1,False,False,UNKNOWN_CURRENT_SNAPSHOT,True
FROTO.IS,2021Q2,2021-06-30,2021-08-15,1,False,False,UNKNOWN_CURRENT_SNAPSHOT,True
FROTO.IS,2021Q3,2021-09-30,2021-11-15,1,False,False,UNKNOWN_CURRENT_SNAPSHOT,True
FROTO.IS,2021Q4,2021-12-31,2022-03-15,1,False,False,UNKNOWN_CURRENT_SNAPSHOT,True
FROTO.IS,2022Q1,2022-03-31,2022-05-15,1,False,False,UNKNOWN_CURRENT_SNAPSHOT,True
FROTO.IS,2022Q2,2022-06-30,2022-08-15,1,False,False,UNKNOWN_CURRENT_SNAPSHOT,True
FROTO.IS,2022Q3,2022-09-30,2022-11-15,1,False,False,UNKNOWN_CURRENT_SNAPSHOT,True
FROTO.IS,2022Q4,2022-12-31,2023-03-15,1,False,False,UNKNOWN_CURRENT_SNAPSHOT,True
FROTO.IS,2023Q1,2023-03-31,2023-05-15,1,False,False,UNKNOWN_CURRENT_SNAPSHOT,True
FROTO.IS,2023Q2,2023-06-30,2023-08-15,1,False,False,UNKNOWN_CURRENT_SNAPSHOT,True
FROTO.IS,2023Q3,2023-09-30,2023-11-15,1,False,False,UNKNOWN_CURRENT_SNAPSHOT,True
FROTO.IS,2023Q4,2023-12-31,2024-03-15,1,False,False,UNKNOWN_CURRENT_SNAPSHOT,True
FROTO.IS,2024Q1,2024-03-31,2024-05-15,1,False,False,UNKNOWN_CURRENT_SNAPSHOT,True
FROTO.IS,2024Q2,2024-06-30,2024-08-15,1,False,False,UNKNOWN_CURRENT_SNAPSHOT,True
FROTO.IS,2024Q3,2024-09-30,2024-11-15,1,False,False,UNKNOWN_CURRENT_SNAPSHOT,True
FROTO.IS,2024Q4,2024-12-31,2025-03-15,1,False,False,UNKNOWN_CURRENT_SNAPSHOT,True
FROTO.IS,2025Q1,2025-03-31,2025-05-15,1,False,False,UNKNOWN_CURRENT_SNAPSHOT,True
FROTO.IS,2025Q2,2025-06-30,2025-08-15,1,False,False,UNKNOWN_CURRENT_SNAPSHOT,True
FROTO.IS,2025Q3,2025-09-30,2025-11-15,1,False,False,UNKNOWN_CURRENT_SNAPSHOT,True
FROTO.IS,2025Q4,2025-12-31,2026-03-15,1,False,False,UNKNOWN_CURRENT_SNAPSHOT,True
FROTO.IS,2026Q1,2026-03-31,2026-05-15,1,False,False,UNKNOWN_CURRENT_SNAPSHOT,True
FROTO.IS,2026Q2,2026-06-30,2026-08-15,1,False,False,UNKNOWN_CURRENT_SNAPSHOT,True
GARAN.IS,2018Q1,2018-03-31,2018-05-15,1,False,False,UNKNOWN_CURRENT_SNAPSHOT,True
GARAN.IS,2018Q2,2018-06-30,2018-08-15,1,False,False,UNKNOWN_CURRENT_SNAPSHOT,True
GARAN.IS,2018Q3,2018-09-30,2018-11-15,1,False,False,UNKNOWN_CURRENT_SNAPSHOT,True
GARAN.IS,2018Q4,2018-12-31,2019-03-15,1,False,False,UNKNOWN_CURRENT_SNAPSHOT,True
GARAN.IS,2019Q1,2019-03-31,2019-05-15,1,False,False,UNKNOWN_CURRENT_SNAPSHOT,True
GARAN.IS,2019Q2,2019-06-30,2019-08-15,1,False,False,UNKNOWN_CURRENT_SNAPSHOT,True
GARAN.IS,2019Q3,2019-09-30,2019-11-15,1,False,False,UNKNOWN_CURRENT_SNAPSHOT,True
GARAN.IS,2019Q4,2019-12-31,2020-03-15,1,False,False,UNKNOWN_CURRENT_SNAPSHOT,True
GARAN.IS,2020Q1,2020-03-31,2020-05-15,1,False,False,UNKNOWN_CURRENT_SNAPSHOT,True
GARAN.IS,2020Q2,2020-06-30,2020-08-15,1,False,False,UNKNOWN_CURRENT_SNAPSHOT,True
GARAN.IS,2020Q3,2020-09-30,2020-11-15,1,False,False,UNKNOWN_CURRENT_SNAPSHOT,True
GARAN.IS,2020Q4,2020-12-31,2021-03-15,1,False,False,UNKNOWN_CURRENT_SNAPSHOT,True
GARAN.IS,2021Q1,2021-03-31,2021-05-15,1,False,False,UNKNOWN_CURRENT_SNAPSHOT,True
GARAN.IS,2021Q2,2021-06-30,2021-08-15,1,False,False,UNKNOWN_CURRENT_SNAPSHOT,True
GARAN.IS,2021Q3,2021-09-30,2021-11-15,1,False,False,UNKNOWN_CURRENT_SNAPSHOT,True
GARAN.IS,2021Q4,2021-12-31,2022-03-15,1,False,False,UNKNOWN_CURRENT_SNAPSHOT,True
GARAN.IS,2022Q1,2022-03-31,2022-05-15,1,False,False,UNKNOWN_CURRENT_SNAPSHOT,True
GARAN.IS,2022Q2,2022-06-30,2022-08-15,1,False,False,UNKNOWN_CURRENT_SNAPSHOT,True
GARAN.IS,2022Q3,2022-09-30,2022-11-15,1,False,False,UNKNOWN_CURRENT_SNAPSHOT,True
GARAN.IS,2022Q4,2022-12-31,2023-03-15,1,False,False,UNKNOWN_CURRENT_SNAPSHOT,True
GARAN.IS,2023Q1,2023-03-31,2023-05-15,1,False,False,UNKNOWN_CURRENT_SNAPSHOT,True
GARAN.IS,2023Q2,2023-06-30,2023-08-15,1,False,False,UNKNOWN_CURRENT_SNAPSHOT,True
GARAN.IS,2023Q3,2023-09-30,2023-11-15,1,False,False,UNKNOWN_CURRENT_SNAPSHOT,True
GARAN.IS,2023Q4,2023-12-31,2024-03-15,1,False,False,UNKNOWN_CURRENT_SNAPSHOT,True
GARAN.IS,2024Q1,2024-03-31,2024-05-15,1,False,False,UNKNOWN_CURRENT_SNAPSHOT,True
GARAN.IS,2024Q2,2024-06-30,2024-08-15,1,False,False,UNKNOWN_CURRENT_SNAPSHOT,True
GARAN.IS,2024Q3,2024-09-30,2024-11-15,1,False,False,UNKNOWN_CURRENT_SNAPSHOT,True
GARAN.IS,2024Q4,2024-12-31,2025-03-15,1,False,False,UNKNOWN_CURRENT_SNAPSHOT,True
GARAN.IS,2025Q1,2025-03-31,2025-05-15,1,False,False,UNKNOWN_CURRENT_SNAPSHOT,True
GARAN.IS,2025Q2,2025-06-30,2025-08-15,1,False,False,UNKNOWN_CURRENT_SNAPSHOT,True
GARAN.IS,2025Q3,2025-09-30,2025-11-15,1,False,False,UNKNOWN_CURRENT_SNAPSHOT,True
GARAN.IS,2025Q4,2025-12-31,2026-03-15,1,False,False,UNKNOWN_CURRENT_SNAPSHOT,True
GARAN.IS,2026Q1,2026-03-31,2026-05-15,1,False,False,UNKNOWN_CURRENT_SNAPSHOT,True
GARAN.IS,2026Q2,2026-06-30,2026-08-15,1,False,False,UNKNOWN_CURRENT_SNAPSHOT,True
GENTS.IS,2018Q1,2018-03-31,2018-05-15,1,False,False,UNKNOWN_CURRENT_SNAPSHOT,True
GENTS.IS,2018Q2,2018-06-30,2018-08-15,1,False,False,UNKNOWN_CURRENT_SNAPSHOT,True
GENTS.IS,2018Q3,2018-09-30,2018-11-15,1,False,False,UNKNOWN_CURRENT_SNAPSHOT,True
GENTS.IS,2018Q4,2018-12-31,2019-03-15,1,False,False,UNKNOWN_CURRENT_SNAPSHOT,True
GENTS.IS,2019Q1,2019-03-31,2019-05-15,1,False,False,UNKNOWN_CURRENT_SNAPSHOT,True
GENTS.IS,2019Q2,2019-06-30,2019-08-15,1,False,False,UNKNOWN_CURRENT_SNAPSHOT,True
GENTS.IS,2019Q3,2019-09-30,2019-11-15,1,False,False,UNKNOWN_CURRENT_SNAPSHOT,True
GENTS.IS,2019Q4,2019-12-31,2020-03-15,1,False,False,UNKNOWN_CURRENT_SNAPSHOT,True
GENTS.IS,2020Q1,2020-03-31,2020-05-15,1,False,False,UNKNOWN_CURRENT_SNAPSHOT,True
GENTS.IS,2020Q2,2020-06-30,2020-08-15,1,False,False,UNKNOWN_CURRENT_SNAPSHOT,True
GENTS.IS,2020Q3,2020-09-30,2020-11-15,1,False,False,UNKNOWN_CURRENT_SNAPSHOT,True
GENTS.IS,2020Q4,2020-12-31,2021-03-15,1,False,False,UNKNOWN_CURRENT_SNAPSHOT,True
GENTS.IS,2021Q1,2021-03-31,2021-05-15,1,False,False,UNKNOWN_CURRENT_SNAPSHOT,True
GENTS.IS,2021Q2,2021-06-30,2021-08-15,1,False,False,UNKNOWN_CURRENT_SNAPSHOT,True
GENTS.IS,2021Q3,2021-09-30,2021-11-15,1,False,False,UNKNOWN_CURRENT_SNAPSHOT,True
GENTS.IS,2021Q4,2021-12-31,2022-03-15,1,False,False,UNKNOWN_CURRENT_SNAPSHOT,True
GENTS.IS,2022Q1,2022-03-31,2022-05-15,1,False,False,UNKNOWN_CURRENT_SNAPSHOT,True
GENTS.IS,2022Q2,2022-06-30,2022-08-15,1,False,False,UNKNOWN_CURRENT_SNAPSHOT,True
GENTS.IS,2022Q3,2022-09-30,2022-11-15,1,False,False,UNKNOWN_CURRENT_SNAPSHOT,True
GENTS.IS,2022Q4,2022-12-31,2023-03-15,1,False,False,UNKNOWN_CURRENT_SNAPSHOT,True
GENTS.IS,2023Q1,2023-03-31,2023-05-15,1,False,False,UNKNOWN_CURRENT_SNAPSHOT,True
GENTS.IS,2023Q2,2023-06-30,2023-08-15,1,False,False,UNKNOWN_CURRENT_SNAPSHOT,True
GENTS.IS,2023Q3,2023-09-30,2023-11-15,1,False,False,UNKNOWN_CURRENT_SNAPSHOT,True
GENTS.IS,2023Q4,2023-12-31,2024-03-15,1,False,False,UNKNOWN_CURRENT_SNAPSHOT,True
GENTS.IS,2024Q1,2024-03-31,2024-05-15,1,False,False,UNKNOWN_CURRENT_SNAPSHOT,True
GENTS.IS,2024Q2,2024-06-30,2024-08-15,1,False,False,UNKNOWN_CURRENT_SNAPSHOT,True
GENTS.IS,2024Q3,2024-09-30,2024-11-15,1,False,False,UNKNOWN_CURRENT_SNAPSHOT,True
GENTS.IS,2024Q4,2024-12-31,2025-03-15,1,False,False,UNKNOWN_CURRENT_SNAPSHOT,True
GENTS.IS,2025Q1,2025-03-31,2025-05-15,1,False,False,UNKNOWN_CURRENT_SNAPSHOT,True
GENTS.IS,2025Q2,2025-06-30,2025-08-15,1,False,False,UNKNOWN_CURRENT_SNAPSHOT,True
GENTS.IS,2025Q3,2025-09-30,2025-11-15,1,False,False,UNKNOWN_CURRENT_SNAPSHOT,True
GENTS.IS,2025Q4,2025-12-31,2026-03-15,1,False,False,UNKNOWN_CURRENT_SNAPSHOT,True
GENTS.IS,2026Q1,2026-03-31,2026-05-15,1,False,False,UNKNOWN_CURRENT_SNAPSHOT,True
GENTS.IS,2026Q2,2026-06-30,2026-08-15,1,False,False,UNKNOWN_CURRENT_SNAPSHOT,True
GESAN.IS,2018Q4,2018-12-31,2019-03-15,1,False,False,UNKNOWN_CURRENT_SNAPSHOT,True
GESAN.IS,2019Q4,2019-12-31,2020-03-15,1,False,False,UNKNOWN_CURRENT_SNAPSHOT,True
GESAN.IS,2020Q1,2020-03-31,2020-05-15,1,False,False,UNKNOWN_CURRENT_SNAPSHOT,True
GESAN.IS,2020Q2,2020-06-30,2020-08-15,1,False,False,UNKNOWN_CURRENT_SNAPSHOT,True
GESAN.IS,2020Q3,2020-09-30,2020-11-15,1,False,False,UNKNOWN_CURRENT_SNAPSHOT,True
GESAN.IS,2020Q4,2020-12-31,2021-03-15,1,False,False,UNKNOWN_CURRENT_SNAPSHOT,True
GESAN.IS,2021Q1,2021-03-31,2021-05-15,1,False,False,UNKNOWN_CURRENT_SNAPSHOT,True
GESAN.IS,2021Q2,2021-06-30,2021-08-15,1,False,False,UNKNOWN_CURRENT_SNAPSHOT,True
GESAN.IS,2021Q3,2021-09-30,2021-11-15,1,False,False,UNKNOWN_CURRENT_SNAPSHOT,True
GESAN.IS,2021Q4,2021-12-31,2022-03-15,1,False,False,UNKNOWN_CURRENT_SNAPSHOT,True
GESAN.IS,2022Q1,2022-03-31,2022-05-15,1,False,False,UNKNOWN_CURRENT_SNAPSHOT,True
GESAN.IS,2022Q2,2022-06-30,2022-08-15,1,False,False,UNKNOWN_CURRENT_SNAPSHOT,True
GESAN.IS,2022Q3,2022-09-30,2022-11-15,1,False,False,UNKNOWN_CURRENT_SNAPSHOT,True
GESAN.IS,2022Q4,2022-12-31,2023-03-15,1,False,False,UNKNOWN_CURRENT_SNAPSHOT,True
GESAN.IS,2023Q1,2023-03-31,2023-05-15,1,False,False,UNKNOWN_CURRENT_SNAPSHOT,True
GESAN.IS,2023Q2,2023-06-30,2023-08-15,1,False,False,UNKNOWN_CURRENT_SNAPSHOT,True
GESAN.IS,2023Q3,2023-09-30,2023-11-15,1,False,False,UNKNOWN_CURRENT_SNAPSHOT,True
GESAN.IS,2023Q4,2023-12-31,2024-03-15,1,False,False,UNKNOWN_CURRENT_SNAPSHOT,True
GESAN.IS,2024Q1,2024-03-31,2024-05-15,1,False,False,UNKNOWN_CURRENT_SNAPSHOT,True
GESAN.IS,2024Q2,2024-06-30,2024-08-15,1,False,False,UNKNOWN_CURRENT_SNAPSHOT,True
GESAN.IS,2024Q3,2024-09-30,2024-11-15,1,False,False,UNKNOWN_CURRENT_SNAPSHOT,True
GESAN.IS,2024Q4,2024-12-31,2025-03-15,1,False,False,UNKNOWN_CURRENT_SNAPSHOT,True
GESAN.IS,2025Q1,2025-03-31,2025-05-15,1,False,False,UNKNOWN_CURRENT_SNAPSHOT,True
GESAN.IS,2025Q2,2025-06-30,2025-08-15,1,False,False,UNKNOWN_CURRENT_SNAPSHOT,True
GESAN.IS,2025Q3,2025-09-30,2025-11-15,1,False,False,UNKNOWN_CURRENT_SNAPSHOT,True
GESAN.IS,2025Q4,2025-12-31,2026-03-15,1,False,False,UNKNOWN_CURRENT_SNAPSHOT,True
GESAN.IS,2026Q1,2026-03-31,2026-05-15,1,False,False,UNKNOWN_CURRENT_SNAPSHOT,True
GESAN.IS,2026Q2,2026-06-30,2026-08-15,1,False,False,UNKNOWN_CURRENT_SNAPSHOT,True
GOKNR.IS,2019Q4,2019-12-31,2020-03-15,1,False,False,UNKNOWN_CURRENT_SNAPSHOT,True
GOKNR.IS,2020Q4,2020-12-31,2021-03-15,1,False,False,UNKNOWN_CURRENT_SNAPSHOT,True
GOKNR.IS,2021Q3,2021-09-30,2021-11-15,1,False,False,UNKNOWN_CURRENT_SNAPSHOT,True
GOKNR.IS,2021Q4,2021-12-31,2022-03-15,1,False,False,UNKNOWN_CURRENT_SNAPSHOT,True
GOKNR.IS,2022Q1,2022-03-31,2022-05-15,1,False,False,UNKNOWN_CURRENT_SNAPSHOT,True
GOKNR.IS,2022Q2,2022-06-30,2022-08-15,1,False,False,UNKNOWN_CURRENT_SNAPSHOT,True
GOKNR.IS,2022Q3,2022-09-30,2022-11-15,1,False,False,UNKNOWN_CURRENT_SNAPSHOT,True
GOKNR.IS,2022Q4,2022-12-31,2023-03-15,1,False,False,UNKNOWN_CURRENT_SNAPSHOT,True
GOKNR.IS,2023Q1,2023-03-31,2023-05-15,1,False,False,UNKNOWN_CURRENT_SNAPSHOT,True
GOKNR.IS,2023Q2,2023-06-30,2023-08-15,1,False,False,UNKNOWN_CURRENT_SNAPSHOT,True
GOKNR.IS,2023Q3,2023-09-30,2023-11-15,1,False,False,UNKNOWN_CURRENT_SNAPSHOT,True
GOKNR.IS,2023Q4,2023-12-31,2024-03-15,1,False,False,UNKNOWN_CURRENT_SNAPSHOT,True
GOKNR.IS,2024Q1,2024-03-31,2024-05-15,1,False,False,UNKNOWN_CURRENT_SNAPSHOT,True
GOKNR.IS,2024Q2,2024-06-30,2024-08-15,1,False,False,UNKNOWN_CURRENT_SNAPSHOT,True
GOKNR.IS,2024Q3,2024-09-30,2024-11-15,1,False,False,UNKNOWN_CURRENT_SNAPSHOT,True
GOKNR.IS,2024Q4,2024-12-31,2025-03-15,1,False,False,UNKNOWN_CURRENT_SNAPSHOT,True
GOKNR.IS,2025Q1,2025-03-31,2025-05-15,1,False,False,UNKNOWN_CURRENT_SNAPSHOT,True
GOKNR.IS,2025Q2,2025-06-30,2025-08-15,1,False,False,UNKNOWN_CURRENT_SNAPSHOT,True
GOKNR.IS,2025Q3,2025-09-30,2025-11-15,1,False,False,UNKNOWN_CURRENT_SNAPSHOT,True
GOKNR.IS,2025Q4,2025-12-31,2026-03-15,1,False,False,UNKNOWN_CURRENT_SNAPSHOT,True
GOKNR.IS,2026Q1,2026-03-31,2026-05-15,1,False,False,UNKNOWN_CURRENT_SNAPSHOT,True
GUBRF.IS,2018Q1,2018-03-31,2018-05-15,1,False,False,UNKNOWN_CURRENT_SNAPSHOT,True
GUBRF.IS,2018Q2,2018-06-30,2018-08-15,1,False,False,UNKNOWN_CURRENT_SNAPSHOT,True
GUBRF.IS,2018Q3,2018-09-30,2018-11-15,1,False,False,UNKNOWN_CURRENT_SNAPSHOT,True
GUBRF.IS,2018Q4,2018-12-31,2019-03-15,1,False,False,UNKNOWN_CURRENT_SNAPSHOT,True
GUBRF.IS,2019Q1,2019-03-31,2019-05-15,1,False,False,UNKNOWN_CURRENT_SNAPSHOT,True
GUBRF.IS,2019Q2,2019-06-30,2019-08-15,1,False,False,UNKNOWN_CURRENT_SNAPSHOT,True
GUBRF.IS,2019Q3,2019-09-30,2019-11-15,1,False,False,UNKNOWN_CURRENT_SNAPSHOT,True
GUBRF.IS,2019Q4,2019-12-31,2020-03-15,1,False,False,UNKNOWN_CURRENT_SNAPSHOT,True
GUBRF.IS,2020Q1,2020-03-31,2020-05-15,1,False,False,UNKNOWN_CURRENT_SNAPSHOT,True
GUBRF.IS,2020Q2,2020-06-30,2020-08-15,1,False,False,UNKNOWN_CURRENT_SNAPSHOT,True
GUBRF.IS,2020Q3,2020-09-30,2020-11-15,1,False,False,UNKNOWN_CURRENT_SNAPSHOT,True
GUBRF.IS,2020Q4,2020-12-31,2021-03-15,1,False,False,UNKNOWN_CURRENT_SNAPSHOT,True
GUBRF.IS,2021Q1,2021-03-31,2021-05-15,1,False,False,UNKNOWN_CURRENT_SNAPSHOT,True
GUBRF.IS,2021Q2,2021-06-30,2021-08-15,1,False,False,UNKNOWN_CURRENT_SNAPSHOT,True
GUBRF.IS,2021Q3,2021-09-30,2021-11-15,1,False,False,UNKNOWN_CURRENT_SNAPSHOT,True
GUBRF.IS,2021Q4,2021-12-31,2022-03-15,1,False,False,UNKNOWN_CURRENT_SNAPSHOT,True
GUBRF.IS,2022Q1,2022-03-31,2022-05-15,1,False,False,UNKNOWN_CURRENT_SNAPSHOT,True
GUBRF.IS,2022Q2,2022-06-30,2022-08-15,1,False,False,UNKNOWN_CURRENT_SNAPSHOT,True
GUBRF.IS,2022Q3,2022-09-30,2022-11-15,1,False,False,UNKNOWN_CURRENT_SNAPSHOT,True
GUBRF.IS,2022Q4,2022-12-31,2023-03-15,1,False,False,UNKNOWN_CURRENT_SNAPSHOT,True
GUBRF.IS,2023Q1,2023-03-31,2023-05-15,1,False,False,UNKNOWN_CURRENT_SNAPSHOT,True
GUBRF.IS,2023Q2,2023-06-30,2023-08-15,1,False,False,UNKNOWN_CURRENT_SNAPSHOT,True
GUBRF.IS,2023Q3,2023-09-30,2023-11-15,1,False,False,UNKNOWN_CURRENT_SNAPSHOT,True
GUBRF.IS,2023Q4,2023-12-31,2024-03-15,1,False,False,UNKNOWN_CURRENT_SNAPSHOT,True
GUBRF.IS,2024Q1,2024-03-31,2024-05-15,1,False,False,UNKNOWN_CURRENT_SNAPSHOT,True
GUBRF.IS,2024Q2,2024-06-30,2024-08-15,1,False,False,UNKNOWN_CURRENT_SNAPSHOT,True
GUBRF.IS,2024Q3,2024-09-30,2024-11-15,1,False,False,UNKNOWN_CURRENT_SNAPSHOT,True
GUBRF.IS,2024Q4,2024-12-31,2025-03-15,1,False,False,UNKNOWN_CURRENT_SNAPSHOT,True
GUBRF.IS,2025Q1,2025-03-31,2025-05-15,1,False,False,UNKNOWN_CURRENT_SNAPSHOT,True
GUBRF.IS,2025Q2,2025-06-30,2025-08-15,1,False,False,UNKNOWN_CURRENT_SNAPSHOT,True
GUBRF.IS,2025Q3,2025-09-30,2025-11-15,1,False,False,UNKNOWN_CURRENT_SNAPSHOT,True
GUBRF.IS,2025Q4,2025-12-31,2026-03-15,1,False,False,UNKNOWN_CURRENT_SNAPSHOT,True
GUBRF.IS,2026Q1,2026-03-31,2026-05-15,1,False,False,UNKNOWN_CURRENT_SNAPSHOT,True
HALKB.IS,2018Q1,2018-03-31,2018-05-15,1,False,False,UNKNOWN_CURRENT_SNAPSHOT,True
HALKB.IS,2018Q2,2018-06-30,2018-08-15,1,False,False,UNKNOWN_CURRENT_SNAPSHOT,True
HALKB.IS,2018Q3,2018-09-30,2018-11-15,1,False,False,UNKNOWN_CURRENT_SNAPSHOT,True
HALKB.IS,2018Q4,2018-12-31,2019-03-15,1,False,False,UNKNOWN_CURRENT_SNAPSHOT,True
HALKB.IS,2019Q1,2019-03-31,2019-05-15,1,False,False,UNKNOWN_CURRENT_SNAPSHOT,True
HALKB.IS,2019Q2,2019-06-30,2019-08-15,1,False,False,UNKNOWN_CURRENT_SNAPSHOT,True
HALKB.IS,2019Q3,2019-09-30,2019-11-15,1,False,False,UNKNOWN_CURRENT_SNAPSHOT,True
HALKB.IS,2019Q4,2019-12-31,2020-03-15,1,False,False,UNKNOWN_CURRENT_SNAPSHOT,True
HALKB.IS,2020Q1,2020-03-31,2020-05-15,1,False,False,UNKNOWN_CURRENT_SNAPSHOT,True
HALKB.IS,2020Q2,2020-06-30,2020-08-15,1,False,False,UNKNOWN_CURRENT_SNAPSHOT,True
HALKB.IS,2020Q3,2020-09-30,2020-11-15,1,False,False,UNKNOWN_CURRENT_SNAPSHOT,True
HALKB.IS,2020Q4,2020-12-31,2021-03-15,1,False,False,UNKNOWN_CURRENT_SNAPSHOT,True
HALKB.IS,2021Q1,2021-03-31,2021-05-15,1,False,False,UNKNOWN_CURRENT_SNAPSHOT,True
HALKB.IS,2021Q2,2021-06-30,2021-08-15,1,False,False,UNKNOWN_CURRENT_SNAPSHOT,True
HALKB.IS,2021Q3,2021-09-30,2021-11-15,1,False,False,UNKNOWN_CURRENT_SNAPSHOT,True
HALKB.IS,2021Q4,2021-12-31,2022-03-15,1,False,False,UNKNOWN_CURRENT_SNAPSHOT,True
HALKB.IS,2022Q1,2022-03-31,2022-05-15,1,False,False,UNKNOWN_CURRENT_SNAPSHOT,True
HALKB.IS,2022Q2,2022-06-30,2022-08-15,1,False,False,UNKNOWN_CURRENT_SNAPSHOT,True
HALKB.IS,2022Q3,2022-09-30,2022-11-15,1,False,False,UNKNOWN_CURRENT_SNAPSHOT,True
HALKB.IS,2022Q4,2022-12-31,2023-03-15,1,False,False,UNKNOWN_CURRENT_SNAPSHOT,True
HALKB.IS,2023Q1,2023-03-31,2023-05-15,1,False,False,UNKNOWN_CURRENT_SNAPSHOT,True
HALKB.IS,2023Q2,2023-06-30,2023-08-15,1,False,False,UNKNOWN_CURRENT_SNAPSHOT,True
HALKB.IS,2023Q3,2023-09-30,2023-11-15,1,False,False,UNKNOWN_CURRENT_SNAPSHOT,True
HALKB.IS,2023Q4,2023-12-31,2024-03-15,1,False,False,UNKNOWN_CURRENT_SNAPSHOT,True
HALKB.IS,2024Q1,2024-03-31,2024-05-15,1,False,False,UNKNOWN_CURRENT_SNAPSHOT,True
HALKB.IS,2024Q2,2024-06-30,2024-08-15,1,False,False,UNKNOWN_CURRENT_SNAPSHOT,True
HALKB.IS,2024Q3,2024-09-30,2024-11-15,1,False,False,UNKNOWN_CURRENT_SNAPSHOT,True
HALKB.IS,2024Q4,2024-12-31,2025-03-15,1,False,False,UNKNOWN_CURRENT_SNAPSHOT,True
HALKB.IS,2025Q1,2025-03-31,2025-05-15,1,False,False,UNKNOWN_CURRENT_SNAPSHOT,True
HALKB.IS,2025Q2,2025-06-30,2025-08-15,1,False,False,UNKNOWN_CURRENT_SNAPSHOT,True
HALKB.IS,2025Q3,2025-09-30,2025-11-15,1,False,False,UNKNOWN_CURRENT_SNAPSHOT,True
HALKB.IS,2025Q4,2025-12-31,2026-03-15,1,False,False,UNKNOWN_CURRENT_SNAPSHOT,True
HALKB.IS,2026Q1,2026-03-31,2026-05-15,1,False,False,UNKNOWN_CURRENT_SNAPSHOT,True
HALKB.IS,2026Q2,2026-06-30,2026-08-15,1,False,False,UNKNOWN_CURRENT_SNAPSHOT,True
HEKTS.IS,2018Q1,2018-03-31,2018-05-15,1,False,False,UNKNOWN_CURRENT_SNAPSHOT,True
HEKTS.IS,2018Q2,2018-06-30,2018-08-15,1,False,False,UNKNOWN_CURRENT_SNAPSHOT,True
HEKTS.IS,2018Q3,2018-09-30,2018-11-15,1,False,False,UNKNOWN_CURRENT_SNAPSHOT,True
HEKTS.IS,2018Q4,2018-12-31,2019-03-15,1,False,False,UNKNOWN_CURRENT_SNAPSHOT,True
HEKTS.IS,2019Q1,2019-03-31,2019-05-15,1,False,False,UNKNOWN_CURRENT_SNAPSHOT,True
HEKTS.IS,2019Q2,2019-06-30,2019-08-15,1,False,False,UNKNOWN_CURRENT_SNAPSHOT,True
HEKTS.IS,2019Q3,2019-09-30,2019-11-15,1,False,False,UNKNOWN_CURRENT_SNAPSHOT,True
HEKTS.IS,2019Q4,2019-12-31,2020-03-15,1,False,False,UNKNOWN_CURRENT_SNAPSHOT,True
HEKTS.IS,2020Q1,2020-03-31,2020-05-15,1,False,False,UNKNOWN_CURRENT_SNAPSHOT,True
HEKTS.IS,2020Q2,2020-06-30,2020-08-15,1,False,False,UNKNOWN_CURRENT_SNAPSHOT,True
HEKTS.IS,2020Q3,2020-09-30,2020-11-15,1,False,False,UNKNOWN_CURRENT_SNAPSHOT,True
HEKTS.IS,2020Q4,2020-12-31,2021-03-15,1,False,False,UNKNOWN_CURRENT_SNAPSHOT,True
HEKTS.IS,2021Q1,2021-03-31,2021-05-15,1,False,False,UNKNOWN_CURRENT_SNAPSHOT,True
HEKTS.IS,2021Q2,2021-06-30,2021-08-15,1,False,False,UNKNOWN_CURRENT_SNAPSHOT,True
HEKTS.IS,2021Q3,2021-09-30,2021-11-15,1,False,False,UNKNOWN_CURRENT_SNAPSHOT,True
HEKTS.IS,2021Q4,2021-12-31,2022-03-15,1,False,False,UNKNOWN_CURRENT_SNAPSHOT,True
HEKTS.IS,2022Q1,2022-03-31,2022-05-15,1,False,False,UNKNOWN_CURRENT_SNAPSHOT,True
HEKTS.IS,2022Q2,2022-06-30,2022-08-15,1,False,False,UNKNOWN_CURRENT_SNAPSHOT,True
HEKTS.IS,2022Q3,2022-09-30,2022-11-15,1,False,False,UNKNOWN_CURRENT_SNAPSHOT,True
HEKTS.IS,2022Q4,2022-12-31,2023-03-15,1,False,False,UNKNOWN_CURRENT_SNAPSHOT,True
HEKTS.IS,2023Q1,2023-03-31,2023-05-15,1,False,False,UNKNOWN_CURRENT_SNAPSHOT,True
HEKTS.IS,2023Q2,2023-06-30,2023-08-15,1,False,False,UNKNOWN_CURRENT_SNAPSHOT,True
HEKTS.IS,2023Q3,2023-09-30,2023-11-15,1,False,False,UNKNOWN_CURRENT_SNAPSHOT,True
HEKTS.IS,2023Q4,2023-12-31,2024-03-15,1,False,False,UNKNOWN_CURRENT_SNAPSHOT,True
HEKTS.IS,2024Q1,2024-03-31,2024-05-15,1,False,False,UNKNOWN_CURRENT_SNAPSHOT,True
HEKTS.IS,2024Q2,2024-06-30,2024-08-15,1,False,False,UNKNOWN_CURRENT_SNAPSHOT,True
HEKTS.IS,2024Q3,2024-09-30,2024-11-15,1,False,False,UNKNOWN_CURRENT_SNAPSHOT,True
HEKTS.IS,2024Q4,2024-12-31,2025-03-15,1,False,False,UNKNOWN_CURRENT_SNAPSHOT,True
HEKTS.IS,2025Q1,2025-03-31,2025-05-15,1,False,False,UNKNOWN_CURRENT_SNAPSHOT,True
HEKTS.IS,2025Q2,2025-06-30,2025-08-15,1,False,False,UNKNOWN_CURRENT_SNAPSHOT,True
HEKTS.IS,2025Q3,2025-09-30,2025-11-15,1,False,False,UNKNOWN_CURRENT_SNAPSHOT,True
HEKTS.IS,2025Q4,2025-12-31,2026-03-15,1,False,False,UNKNOWN_CURRENT_SNAPSHOT,True
HEKTS.IS,2026Q1,2026-03-31,2026-05-15,1,False,False,UNKNOWN_CURRENT_SNAPSHOT,True
HEKTS.IS,2026Q2,2026-06-30,2026-08-15,1,False,False,UNKNOWN_CURRENT_SNAPSHOT,True
INVES.IS,2019Q4,2019-12-31,2020-03-15,1,False,False,UNKNOWN_CURRENT_SNAPSHOT,True
INVES.IS,2020Q4,2020-12-31,2021-03-15,1,False,False,UNKNOWN_CURRENT_SNAPSHOT,True
INVES.IS,2021Q1,2021-03-31,2021-05-15,1,False,False,UNKNOWN_CURRENT_SNAPSHOT,True
INVES.IS,2021Q2,2021-06-30,2021-08-15,1,False,False,UNKNOWN_CURRENT_SNAPSHOT,True
INVES.IS,2021Q3,2021-09-30,2021-11-15,1,False,False,UNKNOWN_CURRENT_SNAPSHOT,True
INVES.IS,2021Q4,2021-12-31,2022-03-15,1,False,False,UNKNOWN_CURRENT_SNAPSHOT,True
INVES.IS,2022Q1,2022-03-31,2022-05-15,1,False,False,UNKNOWN_CURRENT_SNAPSHOT,True
INVES.IS,2022Q2,2022-06-30,2022-08-15,1,False,False,UNKNOWN_CURRENT_SNAPSHOT,True
INVES.IS,2022Q3,2022-09-30,2022-11-15,1,False,False,UNKNOWN_CURRENT_SNAPSHOT,True
INVES.IS,2022Q4,2022-12-31,2023-03-15,1,False,False,UNKNOWN_CURRENT_SNAPSHOT,True
INVES.IS,2023Q1,2023-03-31,2023-05-15,1,False,False,UNKNOWN_CURRENT_SNAPSHOT,True
INVES.IS,2023Q2,2023-06-30,2023-08-15,1,False,False,UNKNOWN_CURRENT_SNAPSHOT,True
INVES.IS,2023Q3,2023-09-30,2023-11-15,1,False,False,UNKNOWN_CURRENT_SNAPSHOT,True
INVES.IS,2023Q4,2023-12-31,2024-03-15,1,False,False,UNKNOWN_CURRENT_SNAPSHOT,True
INVES.IS,2024Q1,2024-03-31,2024-05-15,1,False,False,UNKNOWN_CURRENT_SNAPSHOT,True
INVES.IS,2024Q2,2024-06-30,2024-08-15,1,False,False,UNKNOWN_CURRENT_SNAPSHOT,True
INVES.IS,2024Q3,2024-09-30,2024-11-15,1,False,False,UNKNOWN_CURRENT_SNAPSHOT,True
INVES.IS,2024Q4,2024-12-31,2025-03-15,1,False,False,UNKNOWN_CURRENT_SNAPSHOT,True
INVES.IS,2025Q1,2025-03-31,2025-05-15,1,False,False,UNKNOWN_CURRENT_SNAPSHOT,True
INVES.IS,2025Q2,2025-06-30,2025-08-15,1,False,False,UNKNOWN_CURRENT_SNAPSHOT,True
INVES.IS,2025Q3,2025-09-30,2025-11-15,1,False,False,UNKNOWN_CURRENT_SNAPSHOT,True
INVES.IS,2025Q4,2025-12-31,2026-03-15,1,False,False,UNKNOWN_CURRENT_SNAPSHOT,True
INVES.IS,2026Q1,2026-03-31,2026-05-15,1,False,False,UNKNOWN_CURRENT_SNAPSHOT,True
INVES.IS,2026Q2,2026-06-30,2026-08-15,1,False,False,UNKNOWN_CURRENT_SNAPSHOT,True
ISCTR.IS,2018Q1,2018-03-31,2018-05-15,1,False,False,UNKNOWN_CURRENT_SNAPSHOT,True
ISCTR.IS,2018Q2,2018-06-30,2018-08-15,1,False,False,UNKNOWN_CURRENT_SNAPSHOT,True
ISCTR.IS,2018Q3,2018-09-30,2018-11-15,1,False,False,UNKNOWN_CURRENT_SNAPSHOT,True
ISCTR.IS,2018Q4,2018-12-31,2019-03-15,1,False,False,UNKNOWN_CURRENT_SNAPSHOT,True
ISCTR.IS,2019Q1,2019-03-31,2019-05-15,1,False,False,UNKNOWN_CURRENT_SNAPSHOT,True
ISCTR.IS,2019Q2,2019-06-30,2019-08-15,1,False,False,UNKNOWN_CURRENT_SNAPSHOT,True
ISCTR.IS,2019Q3,2019-09-30,2019-11-15,1,False,False,UNKNOWN_CURRENT_SNAPSHOT,True
ISCTR.IS,2019Q4,2019-12-31,2020-03-15,1,False,False,UNKNOWN_CURRENT_SNAPSHOT,True
ISCTR.IS,2020Q1,2020-03-31,2020-05-15,1,False,False,UNKNOWN_CURRENT_SNAPSHOT,True
ISCTR.IS,2020Q2,2020-06-30,2020-08-15,1,False,False,UNKNOWN_CURRENT_SNAPSHOT,True
ISCTR.IS,2020Q3,2020-09-30,2020-11-15,1,False,False,UNKNOWN_CURRENT_SNAPSHOT,True
ISCTR.IS,2020Q4,2020-12-31,2021-03-15,1,False,False,UNKNOWN_CURRENT_SNAPSHOT,True
ISCTR.IS,2021Q1,2021-03-31,2021-05-15,1,False,False,UNKNOWN_CURRENT_SNAPSHOT,True
ISCTR.IS,2021Q2,2021-06-30,2021-08-15,1,False,False,UNKNOWN_CURRENT_SNAPSHOT,True
ISCTR.IS,2021Q3,2021-09-30,2021-11-15,1,False,False,UNKNOWN_CURRENT_SNAPSHOT,True
ISCTR.IS,2021Q4,2021-12-31,2022-03-15,1,False,False,UNKNOWN_CURRENT_SNAPSHOT,True
ISCTR.IS,2022Q1,2022-03-31,2022-05-15,1,False,False,UNKNOWN_CURRENT_SNAPSHOT,True
ISCTR.IS,2022Q2,2022-06-30,2022-08-15,1,False,False,UNKNOWN_CURRENT_SNAPSHOT,True
ISCTR.IS,2022Q3,2022-09-30,2022-11-15,1,False,False,UNKNOWN_CURRENT_SNAPSHOT,True
ISCTR.IS,2022Q4,2022-12-31,2023-03-15,1,False,False,UNKNOWN_CURRENT_SNAPSHOT,True
ISCTR.IS,2023Q1,2023-03-31,2023-05-15,1,False,False,UNKNOWN_CURRENT_SNAPSHOT,True
ISCTR.IS,2023Q2,2023-06-30,2023-08-15,1,False,False,UNKNOWN_CURRENT_SNAPSHOT,True
ISCTR.IS,2023Q3,2023-09-30,2023-11-15,1,False,False,UNKNOWN_CURRENT_SNAPSHOT,True
ISCTR.IS,2023Q4,2023-12-31,2024-03-15,1,False,False,UNKNOWN_CURRENT_SNAPSHOT,True
ISCTR.IS,2024Q1,2024-03-31,2024-05-15,1,False,False,UNKNOWN_CURRENT_SNAPSHOT,True
ISCTR.IS,2024Q2,2024-06-30,2024-08-15,1,False,False,UNKNOWN_CURRENT_SNAPSHOT,True
ISCTR.IS,2024Q3,2024-09-30,2024-11-15,1,False,False,UNKNOWN_CURRENT_SNAPSHOT,True
ISCTR.IS,2024Q4,2024-12-31,2025-03-15,1,False,False,UNKNOWN_CURRENT_SNAPSHOT,True
ISCTR.IS,2025Q1,2025-03-31,2025-05-15,1,False,False,UNKNOWN_CURRENT_SNAPSHOT,True
ISCTR.IS,2025Q2,2025-06-30,2025-08-15,1,False,False,UNKNOWN_CURRENT_SNAPSHOT,True
ISCTR.IS,2025Q3,2025-09-30,2025-11-15,1,False,False,UNKNOWN_CURRENT_SNAPSHOT,True
ISCTR.IS,2025Q4,2025-12-31,2026-03-15,1,False,False,UNKNOWN_CURRENT_SNAPSHOT,True
ISCTR.IS,2026Q1,2026-03-31,2026-05-15,1,False,False,UNKNOWN_CURRENT_SNAPSHOT,True
ISCTR.IS,2026Q2,2026-06-30,2026-08-15,1,False,False,UNKNOWN_CURRENT_SNAPSHOT,True
ISGYO.IS,2018Q1,2018-03-31,2018-05-15,1,False,False,UNKNOWN_CURRENT_SNAPSHOT,True
ISGYO.IS,2018Q2,2018-06-30,2018-08-15,1,False,False,UNKNOWN_CURRENT_SNAPSHOT,True
ISGYO.IS,2018Q3,2018-09-30,2018-11-15,1,False,False,UNKNOWN_CURRENT_SNAPSHOT,True
ISGYO.IS,2018Q4,2018-12-31,2019-03-15,1,False,False,UNKNOWN_CURRENT_SNAPSHOT,True
ISGYO.IS,2019Q1,2019-03-31,2019-05-15,1,False,False,UNKNOWN_CURRENT_SNAPSHOT,True
ISGYO.IS,2019Q2,2019-06-30,2019-08-15,1,False,False,UNKNOWN_CURRENT_SNAPSHOT,True
ISGYO.IS,2019Q3,2019-09-30,2019-11-15,1,False,False,UNKNOWN_CURRENT_SNAPSHOT,True
ISGYO.IS,2019Q4,2019-12-31,2020-03-15,1,False,False,UNKNOWN_CURRENT_SNAPSHOT,True
ISGYO.IS,2020Q1,2020-03-31,2020-05-15,1,False,False,UNKNOWN_CURRENT_SNAPSHOT,True
ISGYO.IS,2020Q2,2020-06-30,2020-08-15,1,False,False,UNKNOWN_CURRENT_SNAPSHOT,True
ISGYO.IS,2020Q3,2020-09-30,2020-11-15,1,False,False,UNKNOWN_CURRENT_SNAPSHOT,True
ISGYO.IS,2020Q4,2020-12-31,2021-03-15,1,False,False,UNKNOWN_CURRENT_SNAPSHOT,True
ISGYO.IS,2021Q1,2021-03-31,2021-05-15,1,False,False,UNKNOWN_CURRENT_SNAPSHOT,True
ISGYO.IS,2021Q2,2021-06-30,2021-08-15,1,False,False,UNKNOWN_CURRENT_SNAPSHOT,True
ISGYO.IS,2021Q3,2021-09-30,2021-11-15,1,False,False,UNKNOWN_CURRENT_SNAPSHOT,True
ISGYO.IS,2021Q4,2021-12-31,2022-03-15,1,False,False,UNKNOWN_CURRENT_SNAPSHOT,True
ISGYO.IS,2022Q1,2022-03-31,2022-05-15,1,False,False,UNKNOWN_CURRENT_SNAPSHOT,True
ISGYO.IS,2022Q2,2022-06-30,2022-08-15,1,False,False,UNKNOWN_CURRENT_SNAPSHOT,True
ISGYO.IS,2022Q3,2022-09-30,2022-11-15,1,False,False,UNKNOWN_CURRENT_SNAPSHOT,True
ISGYO.IS,2022Q4,2022-12-31,2023-03-15,1,False,False,UNKNOWN_CURRENT_SNAPSHOT,True
ISGYO.IS,2023Q1,2023-03-31,2023-05-15,1,False,False,UNKNOWN_CURRENT_SNAPSHOT,True
ISGYO.IS,2023Q2,2023-06-30,2023-08-15,1,False,False,UNKNOWN_CURRENT_SNAPSHOT,True
ISGYO.IS,2023Q3,2023-09-30,2023-11-15,1,False,False,UNKNOWN_CURRENT_SNAPSHOT,True
ISGYO.IS,2023Q4,2023-12-31,2024-03-15,1,False,False,UNKNOWN_CURRENT_SNAPSHOT,True
ISGYO.IS,2024Q1,2024-03-31,2024-05-15,1,False,False,UNKNOWN_CURRENT_SNAPSHOT,True
ISGYO.IS,2024Q2,2024-06-30,2024-08-15,1,False,False,UNKNOWN_CURRENT_SNAPSHOT,True
ISGYO.IS,2024Q3,2024-09-30,2024-11-15,1,False,False,UNKNOWN_CURRENT_SNAPSHOT,True
ISGYO.IS,2024Q4,2024-12-31,2025-03-15,1,False,False,UNKNOWN_CURRENT_SNAPSHOT,True
ISGYO.IS,2025Q1,2025-03-31,2025-05-15,1,False,False,UNKNOWN_CURRENT_SNAPSHOT,True
ISGYO.IS,2025Q2,2025-06-30,2025-08-15,1,False,False,UNKNOWN_CURRENT_SNAPSHOT,True
ISGYO.IS,2025Q3,2025-09-30,2025-11-15,1,False,False,UNKNOWN_CURRENT_SNAPSHOT,True
ISGYO.IS,2025Q4,2025-12-31,2026-03-15,1,False,False,UNKNOWN_CURRENT_SNAPSHOT,True
ISGYO.IS,2026Q1,2026-03-31,2026-05-15,1,False,False,UNKNOWN_CURRENT_SNAPSHOT,True
ISGYO.IS,2026Q2,2026-06-30,2026-08-15,1,False,False,UNKNOWN_CURRENT_SNAPSHOT,True
KBORU.IS,2020Q4,2020-12-31,2021-03-15,1,False,False,UNKNOWN_CURRENT_SNAPSHOT,True
KBORU.IS,2021Q4,2021-12-31,2022-03-15,1,False,False,UNKNOWN_CURRENT_SNAPSHOT,True
KBORU.IS,2022Q2,2022-06-30,2022-08-15,1,False,False,UNKNOWN_CURRENT_SNAPSHOT,True
KBORU.IS,2022Q3,2022-09-30,2022-11-15,1,False,False,UNKNOWN_CURRENT_SNAPSHOT,True
KBORU.IS,2022Q4,2022-12-31,2023-03-15,1,False,False,UNKNOWN_CURRENT_SNAPSHOT,True
KBORU.IS,2023Q1,2023-03-31,2023-05-15,1,False,False,UNKNOWN_CURRENT_SNAPSHOT,True
KBORU.IS,2023Q2,2023-06-30,2023-08-15,1,False,False,UNKNOWN_CURRENT_SNAPSHOT,True
KBORU.IS,2023Q3,2023-09-30,2023-11-15,1,False,False,UNKNOWN_CURRENT_SNAPSHOT,True
KBORU.IS,2023Q4,2023-12-31,2024-03-15,1,False,False,UNKNOWN_CURRENT_SNAPSHOT,True
KBORU.IS,2024Q1,2024-03-31,2024-05-15,1,False,False,UNKNOWN_CURRENT_SNAPSHOT,True
KBORU.IS,2024Q2,2024-06-30,2024-08-15,1,False,False,UNKNOWN_CURRENT_SNAPSHOT,True
KBORU.IS,2024Q3,2024-09-30,2024-11-15,1,False,False,UNKNOWN_CURRENT_SNAPSHOT,True
KBORU.IS,2024Q4,2024-12-31,2025-03-15,1,False,False,UNKNOWN_CURRENT_SNAPSHOT,True
KBORU.IS,2025Q1,2025-03-31,2025-05-15,1,False,False,UNKNOWN_CURRENT_SNAPSHOT,True
KBORU.IS,2025Q2,2025-06-30,2025-08-15,1,False,False,UNKNOWN_CURRENT_SNAPSHOT,True
KBORU.IS,2025Q3,2025-09-30,2025-11-15,1,False,False,UNKNOWN_CURRENT_SNAPSHOT,True
KBORU.IS,2025Q4,2025-12-31,2026-03-15,1,False,False,UNKNOWN_CURRENT_SNAPSHOT,True
KBORU.IS,2026Q1,2026-03-31,2026-05-15,1,False,False,UNKNOWN_CURRENT_SNAPSHOT,True
KBORU.IS,2026Q2,2026-06-30,2026-08-15,1,False,False,UNKNOWN_CURRENT_SNAPSHOT,True
KCAER.IS,2019Q4,2019-12-31,2020-03-15,1,False,False,UNKNOWN_CURRENT_SNAPSHOT,True
KCAER.IS,2020Q4,2020-12-31,2021-03-15,1,False,False,UNKNOWN_CURRENT_SNAPSHOT,True
KCAER.IS,2021Q1,2021-03-31,2021-05-15,1,False,False,UNKNOWN_CURRENT_SNAPSHOT,True
KCAER.IS,2021Q2,2021-06-30,2021-08-15,1,False,False,UNKNOWN_CURRENT_SNAPSHOT,True
KCAER.IS,2021Q3,2021-09-30,2021-11-15,1,False,False,UNKNOWN_CURRENT_SNAPSHOT,True
KCAER.IS,2021Q4,2021-12-31,2022-03-15,1,False,False,UNKNOWN_CURRENT_SNAPSHOT,True
KCAER.IS,2022Q1,2022-03-31,2022-05-15,1,False,False,UNKNOWN_CURRENT_SNAPSHOT,True
KCAER.IS,2022Q2,2022-06-30,2022-08-15,1,False,False,UNKNOWN_CURRENT_SNAPSHOT,True
KCAER.IS,2022Q3,2022-09-30,2022-11-15,1,False,False,UNKNOWN_CURRENT_SNAPSHOT,True
KCAER.IS,2022Q4,2022-12-31,2023-03-15,1,False,False,UNKNOWN_CURRENT_SNAPSHOT,True
KCAER.IS,2023Q1,2023-03-31,2023-05-15,1,False,False,UNKNOWN_CURRENT_SNAPSHOT,True
KCAER.IS,2023Q2,2023-06-30,2023-08-15,1,False,False,UNKNOWN_CURRENT_SNAPSHOT,True
KCAER.IS,2023Q3,2023-09-30,2023-11-15,1,False,False,UNKNOWN_CURRENT_SNAPSHOT,True
KCAER.IS,2023Q4,2023-12-31,2024-03-15,1,False,False,UNKNOWN_CURRENT_SNAPSHOT,True
KCAER.IS,2024Q1,2024-03-31,2024-05-15,1,False,False,UNKNOWN_CURRENT_SNAPSHOT,True
KCAER.IS,2024Q2,2024-06-30,2024-08-15,1,False,False,UNKNOWN_CURRENT_SNAPSHOT,True
KCAER.IS,2024Q3,2024-09-30,2024-11-15,1,False,False,UNKNOWN_CURRENT_SNAPSHOT,True
KCAER.IS,2024Q4,2024-12-31,2025-03-15,1,False,False,UNKNOWN_CURRENT_SNAPSHOT,True
KCAER.IS,2025Q1,2025-03-31,2025-05-15,1,False,False,UNKNOWN_CURRENT_SNAPSHOT,True
KCAER.IS,2025Q2,2025-06-30,2025-08-15,1,False,False,UNKNOWN_CURRENT_SNAPSHOT,True
KCAER.IS,2025Q3,2025-09-30,2025-11-15,1,False,False,UNKNOWN_CURRENT_SNAPSHOT,True
KCAER.IS,2025Q4,2025-12-31,2026-03-15,1,False,False,UNKNOWN_CURRENT_SNAPSHOT,True
KCAER.IS,2026Q1,2026-03-31,2026-05-15,1,False,False,UNKNOWN_CURRENT_SNAPSHOT,True
KCAER.IS,2026Q2,2026-06-30,2026-08-15,1,False,False,UNKNOWN_CURRENT_SNAPSHOT,True
KCHOL.IS,2018Q1,2018-03-31,2018-05-15,1,False,False,UNKNOWN_CURRENT_SNAPSHOT,True
KCHOL.IS,2018Q2,2018-06-30,2018-08-15,1,False,False,UNKNOWN_CURRENT_SNAPSHOT,True
KCHOL.IS,2018Q3,2018-09-30,2018-11-15,1,False,False,UNKNOWN_CURRENT_SNAPSHOT,True
KCHOL.IS,2018Q4,2018-12-31,2019-03-15,1,False,False,UNKNOWN_CURRENT_SNAPSHOT,True
KCHOL.IS,2019Q1,2019-03-31,2019-05-15,1,False,False,UNKNOWN_CURRENT_SNAPSHOT,True
KCHOL.IS,2019Q2,2019-06-30,2019-08-15,1,False,False,UNKNOWN_CURRENT_SNAPSHOT,True
KCHOL.IS,2019Q3,2019-09-30,2019-11-15,1,False,False,UNKNOWN_CURRENT_SNAPSHOT,True
KCHOL.IS,2019Q4,2019-12-31,2020-03-15,1,False,False,UNKNOWN_CURRENT_SNAPSHOT,True
KCHOL.IS,2020Q1,2020-03-31,2020-05-15,1,False,False,UNKNOWN_CURRENT_SNAPSHOT,True
KCHOL.IS,2020Q2,2020-06-30,2020-08-15,1,False,False,UNKNOWN_CURRENT_SNAPSHOT,True
KCHOL.IS,2020Q3,2020-09-30,2020-11-15,1,False,False,UNKNOWN_CURRENT_SNAPSHOT,True
KCHOL.IS,2020Q4,2020-12-31,2021-03-15,1,False,False,UNKNOWN_CURRENT_SNAPSHOT,True
KCHOL.IS,2021Q1,2021-03-31,2021-05-15,1,False,False,UNKNOWN_CURRENT_SNAPSHOT,True
KCHOL.IS,2021Q2,2021-06-30,2021-08-15,1,False,False,UNKNOWN_CURRENT_SNAPSHOT,True
KCHOL.IS,2021Q3,2021-09-30,2021-11-15,1,False,False,UNKNOWN_CURRENT_SNAPSHOT,True
KCHOL.IS,2021Q4,2021-12-31,2022-03-15,1,False,False,UNKNOWN_CURRENT_SNAPSHOT,True
KCHOL.IS,2022Q1,2022-03-31,2022-05-15,1,False,False,UNKNOWN_CURRENT_SNAPSHOT,True
KCHOL.IS,2022Q2,2022-06-30,2022-08-15,1,False,False,UNKNOWN_CURRENT_SNAPSHOT,True
KCHOL.IS,2022Q3,2022-09-30,2022-11-15,1,False,False,UNKNOWN_CURRENT_SNAPSHOT,True
KCHOL.IS,2022Q4,2022-12-31,2023-03-15,1,False,False,UNKNOWN_CURRENT_SNAPSHOT,True
KCHOL.IS,2023Q1,2023-03-31,2023-05-15,1,False,False,UNKNOWN_CURRENT_SNAPSHOT,True
KCHOL.IS,2023Q2,2023-06-30,2023-08-15,1,False,False,UNKNOWN_CURRENT_SNAPSHOT,True
KCHOL.IS,2023Q3,2023-09-30,2023-11-15,1,False,False,UNKNOWN_CURRENT_SNAPSHOT,True
KCHOL.IS,2023Q4,2023-12-31,2024-03-15,1,False,False,UNKNOWN_CURRENT_SNAPSHOT,True
KCHOL.IS,2024Q1,2024-03-31,2024-05-15,1,False,False,UNKNOWN_CURRENT_SNAPSHOT,True
KCHOL.IS,2024Q2,2024-06-30,2024-08-15,1,False,False,UNKNOWN_CURRENT_SNAPSHOT,True
KCHOL.IS,2024Q3,2024-09-30,2024-11-15,1,False,False,UNKNOWN_CURRENT_SNAPSHOT,True
KCHOL.IS,2024Q4,2024-12-31,2025-03-15,1,False,False,UNKNOWN_CURRENT_SNAPSHOT,True
KCHOL.IS,2025Q1,2025-03-31,2025-05-15,1,False,False,UNKNOWN_CURRENT_SNAPSHOT,True
KCHOL.IS,2025Q2,2025-06-30,2025-08-15,1,False,False,UNKNOWN_CURRENT_SNAPSHOT,True
KCHOL.IS,2025Q3,2025-09-30,2025-11-15,1,False,False,UNKNOWN_CURRENT_SNAPSHOT,True
KCHOL.IS,2025Q4,2025-12-31,2026-03-15,1,False,False,UNKNOWN_CURRENT_SNAPSHOT,True
KCHOL.IS,2026Q1,2026-03-31,2026-05-15,1,False,False,UNKNOWN_CURRENT_SNAPSHOT,True
KCHOL.IS,2026Q2,2026-06-30,2026-08-15,1,False,False,UNKNOWN_CURRENT_SNAPSHOT,True
KONTR.IS,2018Q4,2018-12-31,2019-03-15,1,False,False,UNKNOWN_CURRENT_SNAPSHOT,True
KONTR.IS,2019Q2,2019-06-30,2019-08-15,1,False,False,UNKNOWN_CURRENT_SNAPSHOT,True
KONTR.IS,2019Q3,2019-09-30,2019-11-15,1,False,False,UNKNOWN_CURRENT_SNAPSHOT,True
KONTR.IS,2019Q4,2019-12-31,2020-03-15,1,False,False,UNKNOWN_CURRENT_SNAPSHOT,True
KONTR.IS,2020Q1,2020-03-31,2020-05-15,1,False,False,UNKNOWN_CURRENT_SNAPSHOT,True
KONTR.IS,2020Q2,2020-06-30,2020-08-15,1,False,False,UNKNOWN_CURRENT_SNAPSHOT,True
KONTR.IS,2020Q3,2020-09-30,2020-11-15,1,False,False,UNKNOWN_CURRENT_SNAPSHOT,True
KONTR.IS,2020Q4,2020-12-31,2021-03-15,1,False,False,UNKNOWN_CURRENT_SNAPSHOT,True
KONTR.IS,2021Q1,2021-03-31,2021-05-15,1,False,False,UNKNOWN_CURRENT_SNAPSHOT,True
KONTR.IS,2021Q2,2021-06-30,2021-08-15,1,False,False,UNKNOWN_CURRENT_SNAPSHOT,True
KONTR.IS,2021Q3,2021-09-30,2021-11-15,1,False,False,UNKNOWN_CURRENT_SNAPSHOT,True
KONTR.IS,2021Q4,2021-12-31,2022-03-15,1,False,False,UNKNOWN_CURRENT_SNAPSHOT,True
KONTR.IS,2022Q1,2022-03-31,2022-05-15,1,False,False,UNKNOWN_CURRENT_SNAPSHOT,True
KONTR.IS,2022Q2,2022-06-30,2022-08-15,1,False,False,UNKNOWN_CURRENT_SNAPSHOT,True
KONTR.IS,2022Q3,2022-09-30,2022-11-15,1,False,False,UNKNOWN_CURRENT_SNAPSHOT,True
KONTR.IS,2022Q4,2022-12-31,2023-03-15,1,False,False,UNKNOWN_CURRENT_SNAPSHOT,True
KONTR.IS,2023Q1,2023-03-31,2023-05-15,1,False,False,UNKNOWN_CURRENT_SNAPSHOT,True
KONTR.IS,2023Q2,2023-06-30,2023-08-15,1,False,False,UNKNOWN_CURRENT_SNAPSHOT,True
KONTR.IS,2023Q3,2023-09-30,2023-11-15,1,False,False,UNKNOWN_CURRENT_SNAPSHOT,True
KONTR.IS,2023Q4,2023-12-31,2024-03-15,1,False,False,UNKNOWN_CURRENT_SNAPSHOT,True
KONTR.IS,2024Q1,2024-03-31,2024-05-15,1,False,False,UNKNOWN_CURRENT_SNAPSHOT,True
KONTR.IS,2024Q2,2024-06-30,2024-08-15,1,False,False,UNKNOWN_CURRENT_SNAPSHOT,True
KONTR.IS,2024Q3,2024-09-30,2024-11-15,1,False,False,UNKNOWN_CURRENT_SNAPSHOT,True
KONTR.IS,2024Q4,2024-12-31,2025-03-15,1,False,False,UNKNOWN_CURRENT_SNAPSHOT,True
KONTR.IS,2025Q1,2025-03-31,2025-05-15,1,False,False,UNKNOWN_CURRENT_SNAPSHOT,True
KONTR.IS,2025Q2,2025-06-30,2025-08-15,1,False,False,UNKNOWN_CURRENT_SNAPSHOT,True
KONTR.IS,2025Q3,2025-09-30,2025-11-15,1,False,False,UNKNOWN_CURRENT_SNAPSHOT,True
KONTR.IS,2025Q4,2025-12-31,2026-03-15,1,False,False,UNKNOWN_CURRENT_SNAPSHOT,True
KONTR.IS,2026Q1,2026-03-31,2026-05-15,1,False,False,UNKNOWN_CURRENT_SNAPSHOT,True
KORDS.IS,2018Q1,2018-03-31,2018-05-15,1,False,False,UNKNOWN_CURRENT_SNAPSHOT,True
KORDS.IS,2018Q2,2018-06-30,2018-08-15,1,False,False,UNKNOWN_CURRENT_SNAPSHOT,True
KORDS.IS,2018Q3,2018-09-30,2018-11-15,1,False,False,UNKNOWN_CURRENT_SNAPSHOT,True
KORDS.IS,2018Q4,2018-12-31,2019-03-15,1,False,False,UNKNOWN_CURRENT_SNAPSHOT,True
KORDS.IS,2019Q1,2019-03-31,2019-05-15,1,False,False,UNKNOWN_CURRENT_SNAPSHOT,True
KORDS.IS,2019Q2,2019-06-30,2019-08-15,1,False,False,UNKNOWN_CURRENT_SNAPSHOT,True
KORDS.IS,2019Q3,2019-09-30,2019-11-15,1,False,False,UNKNOWN_CURRENT_SNAPSHOT,True
KORDS.IS,2019Q4,2019-12-31,2020-03-15,1,False,False,UNKNOWN_CURRENT_SNAPSHOT,True
KORDS.IS,2020Q1,2020-03-31,2020-05-15,1,False,False,UNKNOWN_CURRENT_SNAPSHOT,True
KORDS.IS,2020Q2,2020-06-30,2020-08-15,1,False,False,UNKNOWN_CURRENT_SNAPSHOT,True
KORDS.IS,2020Q3,2020-09-30,2020-11-15,1,False,False,UNKNOWN_CURRENT_SNAPSHOT,True
KORDS.IS,2020Q4,2020-12-31,2021-03-15,1,False,False,UNKNOWN_CURRENT_SNAPSHOT,True
KORDS.IS,2021Q1,2021-03-31,2021-05-15,1,False,False,UNKNOWN_CURRENT_SNAPSHOT,True
KORDS.IS,2021Q2,2021-06-30,2021-08-15,1,False,False,UNKNOWN_CURRENT_SNAPSHOT,True
KORDS.IS,2021Q3,2021-09-30,2021-11-15,1,False,False,UNKNOWN_CURRENT_SNAPSHOT,True
KORDS.IS,2021Q4,2021-12-31,2022-03-15,1,False,False,UNKNOWN_CURRENT_SNAPSHOT,True
KORDS.IS,2022Q1,2022-03-31,2022-05-15,1,False,False,UNKNOWN_CURRENT_SNAPSHOT,True
KORDS.IS,2022Q2,2022-06-30,2022-08-15,1,False,False,UNKNOWN_CURRENT_SNAPSHOT,True
KORDS.IS,2022Q3,2022-09-30,2022-11-15,1,False,False,UNKNOWN_CURRENT_SNAPSHOT,True
KORDS.IS,2022Q4,2022-12-31,2023-03-15,1,False,False,UNKNOWN_CURRENT_SNAPSHOT,True
KORDS.IS,2023Q1,2023-03-31,2023-05-15,1,False,False,UNKNOWN_CURRENT_SNAPSHOT,True
KORDS.IS,2023Q2,2023-06-30,2023-08-15,1,False,False,UNKNOWN_CURRENT_SNAPSHOT,True
KORDS.IS,2023Q3,2023-09-30,2023-11-15,1,False,False,UNKNOWN_CURRENT_SNAPSHOT,True
KORDS.IS,2023Q4,2023-12-31,2024-03-15,1,False,False,UNKNOWN_CURRENT_SNAPSHOT,True
KORDS.IS,2024Q1,2024-03-31,2024-05-15,1,False,False,UNKNOWN_CURRENT_SNAPSHOT,True
KORDS.IS,2024Q2,2024-06-30,2024-08-15,1,False,False,UNKNOWN_CURRENT_SNAPSHOT,True
KORDS.IS,2024Q3,2024-09-30,2024-11-15,1,False,False,UNKNOWN_CURRENT_SNAPSHOT,True
KORDS.IS,2024Q4,2024-12-31,2025-03-15,1,False,False,UNKNOWN_CURRENT_SNAPSHOT,True
KORDS.IS,2025Q1,2025-03-31,2025-05-15,1,False,False,UNKNOWN_CURRENT_SNAPSHOT,True
KORDS.IS,2025Q2,2025-06-30,2025-08-15,1,False,False,UNKNOWN_CURRENT_SNAPSHOT,True
KORDS.IS,2025Q3,2025-09-30,2025-11-15,1,False,False,UNKNOWN_CURRENT_SNAPSHOT,True
KORDS.IS,2025Q4,2025-12-31,2026-03-15,1,False,False,UNKNOWN_CURRENT_SNAPSHOT,True
KORDS.IS,2026Q1,2026-03-31,2026-05-15,1,False,False,UNKNOWN_CURRENT_SNAPSHOT,True
KORDS.IS,2026Q2,2026-06-30,2026-08-15,1,False,False,UNKNOWN_CURRENT_SNAPSHOT,True
KRDMD.IS,2018Q1,2018-03-31,2018-05-15,1,False,False,UNKNOWN_CURRENT_SNAPSHOT,True
KRDMD.IS,2018Q2,2018-06-30,2018-08-15,1,False,False,UNKNOWN_CURRENT_SNAPSHOT,True
KRDMD.IS,2018Q3,2018-09-30,2018-11-15,1,False,False,UNKNOWN_CURRENT_SNAPSHOT,True
KRDMD.IS,2018Q4,2018-12-31,2019-03-15,1,False,False,UNKNOWN_CURRENT_SNAPSHOT,True
KRDMD.IS,2019Q1,2019-03-31,2019-05-15,1,False,False,UNKNOWN_CURRENT_SNAPSHOT,True
KRDMD.IS,2019Q2,2019-06-30,2019-08-15,1,False,False,UNKNOWN_CURRENT_SNAPSHOT,True
KRDMD.IS,2019Q3,2019-09-30,2019-11-15,1,False,False,UNKNOWN_CURRENT_SNAPSHOT,True
KRDMD.IS,2019Q4,2019-12-31,2020-03-15,1,False,False,UNKNOWN_CURRENT_SNAPSHOT,True
KRDMD.IS,2020Q1,2020-03-31,2020-05-15,1,False,False,UNKNOWN_CURRENT_SNAPSHOT,True
KRDMD.IS,2020Q2,2020-06-30,2020-08-15,1,False,False,UNKNOWN_CURRENT_SNAPSHOT,True
KRDMD.IS,2020Q3,2020-09-30,2020-11-15,1,False,False,UNKNOWN_CURRENT_SNAPSHOT,True
KRDMD.IS,2020Q4,2020-12-31,2021-03-15,1,False,False,UNKNOWN_CURRENT_SNAPSHOT,True
KRDMD.IS,2021Q1,2021-03-31,2021-05-15,1,False,False,UNKNOWN_CURRENT_SNAPSHOT,True
KRDMD.IS,2021Q2,2021-06-30,2021-08-15,1,False,False,UNKNOWN_CURRENT_SNAPSHOT,True
KRDMD.IS,2021Q3,2021-09-30,2021-11-15,1,False,False,UNKNOWN_CURRENT_SNAPSHOT,True
KRDMD.IS,2021Q4,2021-12-31,2022-03-15,1,False,False,UNKNOWN_CURRENT_SNAPSHOT,True
KRDMD.IS,2022Q1,2022-03-31,2022-05-15,1,False,False,UNKNOWN_CURRENT_SNAPSHOT,True
KRDMD.IS,2022Q2,2022-06-30,2022-08-15,1,False,False,UNKNOWN_CURRENT_SNAPSHOT,True
KRDMD.IS,2022Q3,2022-09-30,2022-11-15,1,False,False,UNKNOWN_CURRENT_SNAPSHOT,True
KRDMD.IS,2022Q4,2022-12-31,2023-03-15,1,False,False,UNKNOWN_CURRENT_SNAPSHOT,True
KRDMD.IS,2023Q1,2023-03-31,2023-05-15,1,False,False,UNKNOWN_CURRENT_SNAPSHOT,True
KRDMD.IS,2023Q2,2023-06-30,2023-08-15,1,False,False,UNKNOWN_CURRENT_SNAPSHOT,True
KRDMD.IS,2023Q3,2023-09-30,2023-11-15,1,False,False,UNKNOWN_CURRENT_SNAPSHOT,True
KRDMD.IS,2023Q4,2023-12-31,2024-03-15,1,False,False,UNKNOWN_CURRENT_SNAPSHOT,True
KRDMD.IS,2024Q1,2024-03-31,2024-05-15,1,False,False,UNKNOWN_CURRENT_SNAPSHOT,True
KRDMD.IS,2024Q2,2024-06-30,2024-08-15,1,False,False,UNKNOWN_CURRENT_SNAPSHOT,True
KRDMD.IS,2024Q3,2024-09-30,2024-11-15,1,False,False,UNKNOWN_CURRENT_SNAPSHOT,True
KRDMD.IS,2024Q4,2024-12-31,2025-03-15,1,False,False,UNKNOWN_CURRENT_SNAPSHOT,True
KRDMD.IS,2025Q1,2025-03-31,2025-05-15,1,False,False,UNKNOWN_CURRENT_SNAPSHOT,True
KRDMD.IS,2025Q2,2025-06-30,2025-08-15,1,False,False,UNKNOWN_CURRENT_SNAPSHOT,True
KRDMD.IS,2025Q3,2025-09-30,2025-11-15,1,False,False,UNKNOWN_CURRENT_SNAPSHOT,True
KRDMD.IS,2025Q4,2025-12-31,2026-03-15,1,False,False,UNKNOWN_CURRENT_SNAPSHOT,True
KRDMD.IS,2026Q1,2026-03-31,2026-05-15,1,False,False,UNKNOWN_CURRENT_SNAPSHOT,True
KRDMD.IS,2026Q2,2026-06-30,2026-08-15,1,False,False,UNKNOWN_CURRENT_SNAPSHOT,True
LOGO.IS,2018Q1,2018-03-31,2018-05-15,1,False,False,UNKNOWN_CURRENT_SNAPSHOT,True
LOGO.IS,2018Q2,2018-06-30,2018-08-15,1,False,False,UNKNOWN_CURRENT_SNAPSHOT,True
LOGO.IS,2018Q3,2018-09-30,2018-11-15,1,False,False,UNKNOWN_CURRENT_SNAPSHOT,True
LOGO.IS,2018Q4,2018-12-31,2019-03-15,1,False,False,UNKNOWN_CURRENT_SNAPSHOT,True
LOGO.IS,2019Q1,2019-03-31,2019-05-15,1,False,False,UNKNOWN_CURRENT_SNAPSHOT,True
LOGO.IS,2019Q2,2019-06-30,2019-08-15,1,False,False,UNKNOWN_CURRENT_SNAPSHOT,True
LOGO.IS,2019Q3,2019-09-30,2019-11-15,1,False,False,UNKNOWN_CURRENT_SNAPSHOT,True
LOGO.IS,2019Q4,2019-12-31,2020-03-15,1,False,False,UNKNOWN_CURRENT_SNAPSHOT,True
LOGO.IS,2020Q1,2020-03-31,2020-05-15,1,False,False,UNKNOWN_CURRENT_SNAPSHOT,True
LOGO.IS,2020Q2,2020-06-30,2020-08-15,1,False,False,UNKNOWN_CURRENT_SNAPSHOT,True
LOGO.IS,2020Q3,2020-09-30,2020-11-15,1,False,False,UNKNOWN_CURRENT_SNAPSHOT,True
LOGO.IS,2020Q4,2020-12-31,2021-03-15,1,False,False,UNKNOWN_CURRENT_SNAPSHOT,True
LOGO.IS,2021Q1,2021-03-31,2021-05-15,1,False,False,UNKNOWN_CURRENT_SNAPSHOT,True
LOGO.IS,2021Q2,2021-06-30,2021-08-15,1,False,False,UNKNOWN_CURRENT_SNAPSHOT,True
LOGO.IS,2021Q3,2021-09-30,2021-11-15,1,False,False,UNKNOWN_CURRENT_SNAPSHOT,True
LOGO.IS,2021Q4,2021-12-31,2022-03-15,1,False,False,UNKNOWN_CURRENT_SNAPSHOT,True
LOGO.IS,2022Q1,2022-03-31,2022-05-15,1,False,False,UNKNOWN_CURRENT_SNAPSHOT,True
LOGO.IS,2022Q2,2022-06-30,2022-08-15,1,False,False,UNKNOWN_CURRENT_SNAPSHOT,True
LOGO.IS,2022Q3,2022-09-30,2022-11-15,1,False,False,UNKNOWN_CURRENT_SNAPSHOT,True
LOGO.IS,2022Q4,2022-12-31,2023-03-15,1,False,False,UNKNOWN_CURRENT_SNAPSHOT,True
LOGO.IS,2023Q1,2023-03-31,2023-05-15,1,False,False,UNKNOWN_CURRENT_SNAPSHOT,True
LOGO.IS,2023Q2,2023-06-30,2023-08-15,1,False,False,UNKNOWN_CURRENT_SNAPSHOT,True
LOGO.IS,2023Q3,2023-09-30,2023-11-15,1,False,False,UNKNOWN_CURRENT_SNAPSHOT,True
LOGO.IS,2023Q4,2023-12-31,2024-03-15,1,False,False,UNKNOWN_CURRENT_SNAPSHOT,True
LOGO.IS,2024Q1,2024-03-31,2024-05-15,1,False,False,UNKNOWN_CURRENT_SNAPSHOT,True
LOGO.IS,2024Q2,2024-06-30,2024-08-15,1,False,False,UNKNOWN_CURRENT_SNAPSHOT,True
LOGO.IS,2024Q3,2024-09-30,2024-11-15,1,False,False,UNKNOWN_CURRENT_SNAPSHOT,True
LOGO.IS,2024Q4,2024-12-31,2025-03-15,1,False,False,UNKNOWN_CURRENT_SNAPSHOT,True
LOGO.IS,2025Q1,2025-03-31,2025-05-15,1,False,False,UNKNOWN_CURRENT_SNAPSHOT,True
LOGO.IS,2025Q2,2025-06-30,2025-08-15,1,False,False,UNKNOWN_CURRENT_SNAPSHOT,True
LOGO.IS,2025Q3,2025-09-30,2025-11-15,1,False,False,UNKNOWN_CURRENT_SNAPSHOT,True
LOGO.IS,2025Q4,2025-12-31,2026-03-15,1,False,False,UNKNOWN_CURRENT_SNAPSHOT,True
LOGO.IS,2026Q1,2026-03-31,2026-05-15,1,False,False,UNKNOWN_CURRENT_SNAPSHOT,True
LOGO.IS,2026Q2,2026-06-30,2026-08-15,1,False,False,UNKNOWN_CURRENT_SNAPSHOT,True
MAVI.IS,2018Q1,2018-03-31,2018-05-15,1,False,False,UNKNOWN_CURRENT_SNAPSHOT,True
MAVI.IS,2018Q2,2018-06-30,2018-08-15,1,False,False,UNKNOWN_CURRENT_SNAPSHOT,True
MAVI.IS,2018Q3,2018-09-30,2018-11-15,1,False,False,UNKNOWN_CURRENT_SNAPSHOT,True
MAVI.IS,2018Q4,2018-12-31,2019-03-15,1,False,False,UNKNOWN_CURRENT_SNAPSHOT,True
MAVI.IS,2019Q1,2019-03-31,2019-05-15,1,False,False,UNKNOWN_CURRENT_SNAPSHOT,True
MAVI.IS,2019Q2,2019-06-30,2019-08-15,1,False,False,UNKNOWN_CURRENT_SNAPSHOT,True
MAVI.IS,2019Q3,2019-09-30,2019-11-15,1,False,False,UNKNOWN_CURRENT_SNAPSHOT,True
MAVI.IS,2019Q4,2019-12-31,2020-03-15,1,False,False,UNKNOWN_CURRENT_SNAPSHOT,True
MAVI.IS,2020Q1,2020-03-31,2020-05-15,1,False,False,UNKNOWN_CURRENT_SNAPSHOT,True
MAVI.IS,2020Q2,2020-06-30,2020-08-15,1,False,False,UNKNOWN_CURRENT_SNAPSHOT,True
MAVI.IS,2020Q3,2020-09-30,2020-11-15,1,False,False,UNKNOWN_CURRENT_SNAPSHOT,True
MAVI.IS,2020Q4,2020-12-31,2021-03-15,1,False,False,UNKNOWN_CURRENT_SNAPSHOT,True
MAVI.IS,2021Q1,2021-03-31,2021-05-15,1,False,False,UNKNOWN_CURRENT_SNAPSHOT,True
MAVI.IS,2021Q2,2021-06-30,2021-08-15,1,False,False,UNKNOWN_CURRENT_SNAPSHOT,True
MAVI.IS,2021Q3,2021-09-30,2021-11-15,1,False,False,UNKNOWN_CURRENT_SNAPSHOT,True
MAVI.IS,2021Q4,2021-12-31,2022-03-15,1,False,False,UNKNOWN_CURRENT_SNAPSHOT,True
MAVI.IS,2022Q1,2022-03-31,2022-05-15,1,False,False,UNKNOWN_CURRENT_SNAPSHOT,True
MAVI.IS,2022Q2,2022-06-30,2022-08-15,1,False,False,UNKNOWN_CURRENT_SNAPSHOT,True
MAVI.IS,2022Q3,2022-09-30,2022-11-15,1,False,False,UNKNOWN_CURRENT_SNAPSHOT,True
MAVI.IS,2022Q4,2022-12-31,2023-03-15,1,False,False,UNKNOWN_CURRENT_SNAPSHOT,True
MAVI.IS,2023Q1,2023-03-31,2023-05-15,1,False,False,UNKNOWN_CURRENT_SNAPSHOT,True
MAVI.IS,2023Q2,2023-06-30,2023-08-15,1,False,False,UNKNOWN_CURRENT_SNAPSHOT,True
MAVI.IS,2023Q3,2023-09-30,2023-11-15,1,False,False,UNKNOWN_CURRENT_SNAPSHOT,True
MAVI.IS,2023Q4,2023-12-31,2024-03-15,1,False,False,UNKNOWN_CURRENT_SNAPSHOT,True
MAVI.IS,2024Q1,2024-03-31,2024-05-15,1,False,False,UNKNOWN_CURRENT_SNAPSHOT,True
MAVI.IS,2024Q2,2024-06-30,2024-08-15,1,False,False,UNKNOWN_CURRENT_SNAPSHOT,True
MAVI.IS,2024Q3,2024-09-30,2024-11-15,1,False,False,UNKNOWN_CURRENT_SNAPSHOT,True
MAVI.IS,2024Q4,2024-12-31,2025-03-15,1,False,False,UNKNOWN_CURRENT_SNAPSHOT,True
MAVI.IS,2025Q1,2025-03-31,2025-05-15,1,False,False,UNKNOWN_CURRENT_SNAPSHOT,True
MAVI.IS,2025Q2,2025-06-30,2025-08-15,1,False,False,UNKNOWN_CURRENT_SNAPSHOT,True
MAVI.IS,2025Q3,2025-09-30,2025-11-15,1,False,False,UNKNOWN_CURRENT_SNAPSHOT,True
MAVI.IS,2025Q4,2025-12-31,2026-03-15,1,False,False,UNKNOWN_CURRENT_SNAPSHOT,True
MAVI.IS,2026Q1,2026-03-31,2026-05-15,1,False,False,UNKNOWN_CURRENT_SNAPSHOT,True
MGROS.IS,2018Q1,2018-03-31,2018-05-15,1,False,False,UNKNOWN_CURRENT_SNAPSHOT,True
MGROS.IS,2018Q2,2018-06-30,2018-08-15,1,False,False,UNKNOWN_CURRENT_SNAPSHOT,True
MGROS.IS,2018Q3,2018-09-30,2018-11-15,1,False,False,UNKNOWN_CURRENT_SNAPSHOT,True
MGROS.IS,2018Q4,2018-12-31,2019-03-15,1,False,False,UNKNOWN_CURRENT_SNAPSHOT,True
MGROS.IS,2019Q1,2019-03-31,2019-05-15,1,False,False,UNKNOWN_CURRENT_SNAPSHOT,True
MGROS.IS,2019Q2,2019-06-30,2019-08-15,1,False,False,UNKNOWN_CURRENT_SNAPSHOT,True
MGROS.IS,2019Q3,2019-09-30,2019-11-15,1,False,False,UNKNOWN_CURRENT_SNAPSHOT,True
MGROS.IS,2019Q4,2019-12-31,2020-03-15,1,False,False,UNKNOWN_CURRENT_SNAPSHOT,True
MGROS.IS,2020Q1,2020-03-31,2020-05-15,1,False,False,UNKNOWN_CURRENT_SNAPSHOT,True
MGROS.IS,2020Q2,2020-06-30,2020-08-15,1,False,False,UNKNOWN_CURRENT_SNAPSHOT,True
MGROS.IS,2020Q3,2020-09-30,2020-11-15,1,False,False,UNKNOWN_CURRENT_SNAPSHOT,True
MGROS.IS,2020Q4,2020-12-31,2021-03-15,1,False,False,UNKNOWN_CURRENT_SNAPSHOT,True
MGROS.IS,2021Q1,2021-03-31,2021-05-15,1,False,False,UNKNOWN_CURRENT_SNAPSHOT,True
MGROS.IS,2021Q2,2021-06-30,2021-08-15,1,False,False,UNKNOWN_CURRENT_SNAPSHOT,True
MGROS.IS,2021Q3,2021-09-30,2021-11-15,1,False,False,UNKNOWN_CURRENT_SNAPSHOT,True
MGROS.IS,2021Q4,2021-12-31,2022-03-15,1,False,False,UNKNOWN_CURRENT_SNAPSHOT,True
MGROS.IS,2022Q1,2022-03-31,2022-05-15,1,False,False,UNKNOWN_CURRENT_SNAPSHOT,True
MGROS.IS,2022Q2,2022-06-30,2022-08-15,1,False,False,UNKNOWN_CURRENT_SNAPSHOT,True
MGROS.IS,2022Q3,2022-09-30,2022-11-15,1,False,False,UNKNOWN_CURRENT_SNAPSHOT,True
MGROS.IS,2022Q4,2022-12-31,2023-03-15,1,False,False,UNKNOWN_CURRENT_SNAPSHOT,True
MGROS.IS,2023Q1,2023-03-31,2023-05-15,1,False,False,UNKNOWN_CURRENT_SNAPSHOT,True
MGROS.IS,2023Q2,2023-06-30,2023-08-15,1,False,False,UNKNOWN_CURRENT_SNAPSHOT,True
MGROS.IS,2023Q3,2023-09-30,2023-11-15,1,False,False,UNKNOWN_CURRENT_SNAPSHOT,True
MGROS.IS,2023Q4,2023-12-31,2024-03-15,1,False,False,UNKNOWN_CURRENT_SNAPSHOT,True
MGROS.IS,2024Q1,2024-03-31,2024-05-15,1,False,False,UNKNOWN_CURRENT_SNAPSHOT,True
MGROS.IS,2024Q2,2024-06-30,2024-08-15,1,False,False,UNKNOWN_CURRENT_SNAPSHOT,True
MGROS.IS,2024Q3,2024-09-30,2024-11-15,1,False,False,UNKNOWN_CURRENT_SNAPSHOT,True
MGROS.IS,2024Q4,2024-12-31,2025-03-15,1,False,False,UNKNOWN_CURRENT_SNAPSHOT,True
MGROS.IS,2025Q1,2025-03-31,2025-05-15,1,False,False,UNKNOWN_CURRENT_SNAPSHOT,True
MGROS.IS,2025Q2,2025-06-30,2025-08-15,1,False,False,UNKNOWN_CURRENT_SNAPSHOT,True
MGROS.IS,2025Q3,2025-09-30,2025-11-15,1,False,False,UNKNOWN_CURRENT_SNAPSHOT,True
MGROS.IS,2025Q4,2025-12-31,2026-03-15,1,False,False,UNKNOWN_CURRENT_SNAPSHOT,True
MGROS.IS,2026Q1,2026-03-31,2026-05-15,1,False,False,UNKNOWN_CURRENT_SNAPSHOT,True
MGROS.IS,2026Q2,2026-06-30,2026-08-15,1,False,False,UNKNOWN_CURRENT_SNAPSHOT,True
MIATK.IS,2018Q4,2018-12-31,2019-03-15,1,False,False,UNKNOWN_CURRENT_SNAPSHOT,True
MIATK.IS,2019Q4,2019-12-31,2020-03-15,1,False,False,UNKNOWN_CURRENT_SNAPSHOT,True
MIATK.IS,2020Q2,2020-06-30,2020-08-15,1,False,False,UNKNOWN_CURRENT_SNAPSHOT,True
MIATK.IS,2020Q3,2020-09-30,2020-11-15,1,False,False,UNKNOWN_CURRENT_SNAPSHOT,True
MIATK.IS,2020Q4,2020-12-31,2021-03-15,1,False,False,UNKNOWN_CURRENT_SNAPSHOT,True
MIATK.IS,2021Q1,2021-03-31,2021-05-15,1,False,False,UNKNOWN_CURRENT_SNAPSHOT,True
MIATK.IS,2021Q2,2021-06-30,2021-08-15,1,False,False,UNKNOWN_CURRENT_SNAPSHOT,True
MIATK.IS,2021Q3,2021-09-30,2021-11-15,1,False,False,UNKNOWN_CURRENT_SNAPSHOT,True
MIATK.IS,2021Q4,2021-12-31,2022-03-15,1,False,False,UNKNOWN_CURRENT_SNAPSHOT,True
MIATK.IS,2022Q1,2022-03-31,2022-05-15,1,False,False,UNKNOWN_CURRENT_SNAPSHOT,True
MIATK.IS,2022Q2,2022-06-30,2022-08-15,1,False,False,UNKNOWN_CURRENT_SNAPSHOT,True
MIATK.IS,2022Q3,2022-09-30,2022-11-15,1,False,False,UNKNOWN_CURRENT_SNAPSHOT,True
MIATK.IS,2022Q4,2022-12-31,2023-03-15,1,False,False,UNKNOWN_CURRENT_SNAPSHOT,True
MIATK.IS,2023Q1,2023-03-31,2023-05-15,1,False,False,UNKNOWN_CURRENT_SNAPSHOT,True
MIATK.IS,2023Q2,2023-06-30,2023-08-15,1,False,False,UNKNOWN_CURRENT_SNAPSHOT,True
MIATK.IS,2023Q3,2023-09-30,2023-11-15,1,False,False,UNKNOWN_CURRENT_SNAPSHOT,True
MIATK.IS,2023Q4,2023-12-31,2024-03-15,1,False,False,UNKNOWN_CURRENT_SNAPSHOT,True
MIATK.IS,2024Q1,2024-03-31,2024-05-15,1,False,False,UNKNOWN_CURRENT_SNAPSHOT,True
MIATK.IS,2024Q2,2024-06-30,2024-08-15,1,False,False,UNKNOWN_CURRENT_SNAPSHOT,True
MIATK.IS,2024Q3,2024-09-30,2024-11-15,1,False,False,UNKNOWN_CURRENT_SNAPSHOT,True
MIATK.IS,2024Q4,2024-12-31,2025-03-15,1,False,False,UNKNOWN_CURRENT_SNAPSHOT,True
MIATK.IS,2025Q1,2025-03-31,2025-05-15,1,False,False,UNKNOWN_CURRENT_SNAPSHOT,True
MIATK.IS,2025Q2,2025-06-30,2025-08-15,1,False,False,UNKNOWN_CURRENT_SNAPSHOT,True
MIATK.IS,2025Q3,2025-09-30,2025-11-15,1,False,False,UNKNOWN_CURRENT_SNAPSHOT,True
MIATK.IS,2025Q4,2025-12-31,2026-03-15,1,False,False,UNKNOWN_CURRENT_SNAPSHOT,True
MIATK.IS,2026Q1,2026-03-31,2026-05-15,1,False,False,UNKNOWN_CURRENT_SNAPSHOT,True
MIATK.IS,2026Q2,2026-06-30,2026-08-15,1,False,False,UNKNOWN_CURRENT_SNAPSHOT,True
MOGAN.IS,2020Q4,2020-12-31,2021-03-15,1,False,False,UNKNOWN_CURRENT_SNAPSHOT,True
MOGAN.IS,2021Q4,2021-12-31,2022-03-15,1,False,False,UNKNOWN_CURRENT_SNAPSHOT,True
MOGAN.IS,2022Q3,2022-09-30,2022-11-15,1,False,False,UNKNOWN_CURRENT_SNAPSHOT,True
MOGAN.IS,2022Q4,2022-12-31,2023-03-15,1,False,False,UNKNOWN_CURRENT_SNAPSHOT,True
MOGAN.IS,2023Q1,2023-03-31,2023-05-15,1,False,False,UNKNOWN_CURRENT_SNAPSHOT,True
MOGAN.IS,2023Q2,2023-06-30,2023-08-15,1,False,False,UNKNOWN_CURRENT_SNAPSHOT,True
MOGAN.IS,2023Q3,2023-09-30,2023-11-15,1,False,False,UNKNOWN_CURRENT_SNAPSHOT,True
MOGAN.IS,2023Q4,2023-12-31,2024-03-15,1,False,False,UNKNOWN_CURRENT_SNAPSHOT,True
MOGAN.IS,2024Q1,2024-03-31,2024-05-15,1,False,False,UNKNOWN_CURRENT_SNAPSHOT,True
MOGAN.IS,2024Q2,2024-06-30,2024-08-15,1,False,False,UNKNOWN_CURRENT_SNAPSHOT,True
MOGAN.IS,2024Q3,2024-09-30,2024-11-15,1,False,False,UNKNOWN_CURRENT_SNAPSHOT,True
MOGAN.IS,2024Q4,2024-12-31,2025-03-15,1,False,False,UNKNOWN_CURRENT_SNAPSHOT,True
MOGAN.IS,2025Q1,2025-03-31,2025-05-15,1,False,False,UNKNOWN_CURRENT_SNAPSHOT,True
MOGAN.IS,2025Q2,2025-06-30,2025-08-15,1,False,False,UNKNOWN_CURRENT_SNAPSHOT,True
MOGAN.IS,2025Q3,2025-09-30,2025-11-15,1,False,False,UNKNOWN_CURRENT_SNAPSHOT,True
MOGAN.IS,2025Q4,2025-12-31,2026-03-15,1,False,False,UNKNOWN_CURRENT_SNAPSHOT,True
MOGAN.IS,2026Q1,2026-03-31,2026-05-15,1,False,False,UNKNOWN_CURRENT_SNAPSHOT,True
MOGAN.IS,2026Q2,2026-06-30,2026-08-15,1,False,False,UNKNOWN_CURRENT_SNAPSHOT,True
MTRKS.IS,2018Q4,2018-12-31,2019-03-15,1,False,False,UNKNOWN_CURRENT_SNAPSHOT,True
MTRKS.IS,2019Q4,2019-12-31,2020-03-15,1,False,False,UNKNOWN_CURRENT_SNAPSHOT,True
MTRKS.IS,2020Q1,2020-03-31,2020-05-15,1,False,False,UNKNOWN_CURRENT_SNAPSHOT,True
MTRKS.IS,2020Q2,2020-06-30,2020-08-15,1,False,False,UNKNOWN_CURRENT_SNAPSHOT,True
MTRKS.IS,2020Q3,2020-09-30,2020-11-15,1,False,False,UNKNOWN_CURRENT_SNAPSHOT,True
MTRKS.IS,2020Q4,2020-12-31,2021-03-15,1,False,False,UNKNOWN_CURRENT_SNAPSHOT,True
MTRKS.IS,2021Q1,2021-03-31,2021-05-15,1,False,False,UNKNOWN_CURRENT_SNAPSHOT,True
MTRKS.IS,2021Q2,2021-06-30,2021-08-15,1,False,False,UNKNOWN_CURRENT_SNAPSHOT,True
MTRKS.IS,2021Q3,2021-09-30,2021-11-15,1,False,False,UNKNOWN_CURRENT_SNAPSHOT,True
MTRKS.IS,2021Q4,2021-12-31,2022-03-15,1,False,False,UNKNOWN_CURRENT_SNAPSHOT,True
MTRKS.IS,2022Q1,2022-03-31,2022-05-15,1,False,False,UNKNOWN_CURRENT_SNAPSHOT,True
MTRKS.IS,2022Q2,2022-06-30,2022-08-15,1,False,False,UNKNOWN_CURRENT_SNAPSHOT,True
MTRKS.IS,2022Q3,2022-09-30,2022-11-15,1,False,False,UNKNOWN_CURRENT_SNAPSHOT,True
MTRKS.IS,2022Q4,2022-12-31,2023-03-15,1,False,False,UNKNOWN_CURRENT_SNAPSHOT,True
MTRKS.IS,2023Q1,2023-03-31,2023-05-15,1,False,False,UNKNOWN_CURRENT_SNAPSHOT,True
MTRKS.IS,2023Q2,2023-06-30,2023-08-15,1,False,False,UNKNOWN_CURRENT_SNAPSHOT,True
MTRKS.IS,2023Q3,2023-09-30,2023-11-15,1,False,False,UNKNOWN_CURRENT_SNAPSHOT,True
MTRKS.IS,2023Q4,2023-12-31,2024-03-15,1,False,False,UNKNOWN_CURRENT_SNAPSHOT,True
MTRKS.IS,2024Q1,2024-03-31,2024-05-15,1,False,False,UNKNOWN_CURRENT_SNAPSHOT,True
MTRKS.IS,2024Q2,2024-06-30,2024-08-15,1,False,False,UNKNOWN_CURRENT_SNAPSHOT,True
MTRKS.IS,2024Q3,2024-09-30,2024-11-15,1,False,False,UNKNOWN_CURRENT_SNAPSHOT,True
MTRKS.IS,2024Q4,2024-12-31,2025-03-15,1,False,False,UNKNOWN_CURRENT_SNAPSHOT,True
MTRKS.IS,2025Q1,2025-03-31,2025-05-15,1,False,False,UNKNOWN_CURRENT_SNAPSHOT,True
MTRKS.IS,2025Q2,2025-06-30,2025-08-15,1,False,False,UNKNOWN_CURRENT_SNAPSHOT,True
MTRKS.IS,2025Q3,2025-09-30,2025-11-15,1,False,False,UNKNOWN_CURRENT_SNAPSHOT,True
MTRKS.IS,2025Q4,2025-12-31,2026-03-15,1,False,False,UNKNOWN_CURRENT_SNAPSHOT,True
MTRKS.IS,2026Q1,2026-03-31,2026-05-15,1,False,False,UNKNOWN_CURRENT_SNAPSHOT,True
MTRKS.IS,2026Q2,2026-06-30,2026-08-15,1,False,False,UNKNOWN_CURRENT_SNAPSHOT,True
ODAS.IS,2018Q1,2018-03-31,2018-05-15,1,False,False,UNKNOWN_CURRENT_SNAPSHOT,True
ODAS.IS,2018Q2,2018-06-30,2018-08-15,1,False,False,UNKNOWN_CURRENT_SNAPSHOT,True
ODAS.IS,2018Q3,2018-09-30,2018-11-15,1,False,False,UNKNOWN_CURRENT_SNAPSHOT,True
ODAS.IS,2018Q4,2018-12-31,2019-03-15,1,False,False,UNKNOWN_CURRENT_SNAPSHOT,True
ODAS.IS,2019Q1,2019-03-31,2019-05-15,1,False,False,UNKNOWN_CURRENT_SNAPSHOT,True
ODAS.IS,2019Q2,2019-06-30,2019-08-15,1,False,False,UNKNOWN_CURRENT_SNAPSHOT,True
ODAS.IS,2019Q3,2019-09-30,2019-11-15,1,False,False,UNKNOWN_CURRENT_SNAPSHOT,True
ODAS.IS,2019Q4,2019-12-31,2020-03-15,1,False,False,UNKNOWN_CURRENT_SNAPSHOT,True
ODAS.IS,2020Q1,2020-03-31,2020-05-15,1,False,False,UNKNOWN_CURRENT_SNAPSHOT,True
ODAS.IS,2020Q2,2020-06-30,2020-08-15,1,False,False,UNKNOWN_CURRENT_SNAPSHOT,True
ODAS.IS,2020Q3,2020-09-30,2020-11-15,1,False,False,UNKNOWN_CURRENT_SNAPSHOT,True
ODAS.IS,2020Q4,2020-12-31,2021-03-15,1,False,False,UNKNOWN_CURRENT_SNAPSHOT,True
ODAS.IS,2021Q1,2021-03-31,2021-05-15,1,False,False,UNKNOWN_CURRENT_SNAPSHOT,True
ODAS.IS,2021Q2,2021-06-30,2021-08-15,1,False,False,UNKNOWN_CURRENT_SNAPSHOT,True
ODAS.IS,2021Q3,2021-09-30,2021-11-15,1,False,False,UNKNOWN_CURRENT_SNAPSHOT,True
ODAS.IS,2021Q4,2021-12-31,2022-03-15,1,False,False,UNKNOWN_CURRENT_SNAPSHOT,True
ODAS.IS,2022Q1,2022-03-31,2022-05-15,1,False,False,UNKNOWN_CURRENT_SNAPSHOT,True
ODAS.IS,2022Q2,2022-06-30,2022-08-15,1,False,False,UNKNOWN_CURRENT_SNAPSHOT,True
ODAS.IS,2022Q3,2022-09-30,2022-11-15,1,False,False,UNKNOWN_CURRENT_SNAPSHOT,True
ODAS.IS,2022Q4,2022-12-31,2023-03-15,1,False,False,UNKNOWN_CURRENT_SNAPSHOT,True
ODAS.IS,2023Q1,2023-03-31,2023-05-15,1,False,False,UNKNOWN_CURRENT_SNAPSHOT,True
ODAS.IS,2023Q2,2023-06-30,2023-08-15,1,False,False,UNKNOWN_CURRENT_SNAPSHOT,True
ODAS.IS,2023Q3,2023-09-30,2023-11-15,1,False,False,UNKNOWN_CURRENT_SNAPSHOT,True
ODAS.IS,2023Q4,2023-12-31,2024-03-15,1,False,False,UNKNOWN_CURRENT_SNAPSHOT,True
ODAS.IS,2024Q1,2024-03-31,2024-05-15,1,False,False,UNKNOWN_CURRENT_SNAPSHOT,True
ODAS.IS,2024Q2,2024-06-30,2024-08-15,1,False,False,UNKNOWN_CURRENT_SNAPSHOT,True
ODAS.IS,2024Q3,2024-09-30,2024-11-15,1,False,False,UNKNOWN_CURRENT_SNAPSHOT,True
ODAS.IS,2024Q4,2024-12-31,2025-03-15,1,False,False,UNKNOWN_CURRENT_SNAPSHOT,True
ODAS.IS,2025Q1,2025-03-31,2025-05-15,1,False,False,UNKNOWN_CURRENT_SNAPSHOT,True
ODAS.IS,2025Q2,2025-06-30,2025-08-15,1,False,False,UNKNOWN_CURRENT_SNAPSHOT,True
ODAS.IS,2025Q3,2025-09-30,2025-11-15,1,False,False,UNKNOWN_CURRENT_SNAPSHOT,True
ODAS.IS,2025Q4,2025-12-31,2026-03-15,1,False,False,UNKNOWN_CURRENT_SNAPSHOT,True
ODAS.IS,2026Q1,2026-03-31,2026-05-15,1,False,False,UNKNOWN_CURRENT_SNAPSHOT,True
ODAS.IS,2026Q2,2026-06-30,2026-08-15,1,False,False,UNKNOWN_CURRENT_SNAPSHOT,True
ONCSM.IS,2019Q4,2019-12-31,2020-03-15,1,False,False,UNKNOWN_CURRENT_SNAPSHOT,True
ONCSM.IS,2020Q4,2020-12-31,2021-03-15,1,False,False,UNKNOWN_CURRENT_SNAPSHOT,True
ONCSM.IS,2021Q3,2021-09-30,2021-11-15,1,False,False,UNKNOWN_CURRENT_SNAPSHOT,True
ONCSM.IS,2021Q4,2021-12-31,2022-03-15,1,False,False,UNKNOWN_CURRENT_SNAPSHOT,True
ONCSM.IS,2022Q1,2022-03-31,2022-05-15,1,False,False,UNKNOWN_CURRENT_SNAPSHOT,True
ONCSM.IS,2022Q3,2022-09-30,2022-11-15,1,False,False,UNKNOWN_CURRENT_SNAPSHOT,True
ONCSM.IS,2022Q4,2022-12-31,2023-03-15,1,False,False,UNKNOWN_CURRENT_SNAPSHOT,True
ONCSM.IS,2023Q1,2023-03-31,2023-05-15,1,False,False,UNKNOWN_CURRENT_SNAPSHOT,True
ONCSM.IS,2023Q2,2023-06-30,2023-08-15,1,False,False,UNKNOWN_CURRENT_SNAPSHOT,True
ONCSM.IS,2023Q3,2023-09-30,2023-11-15,1,False,False,UNKNOWN_CURRENT_SNAPSHOT,True
ONCSM.IS,2023Q4,2023-12-31,2024-03-15,1,False,False,UNKNOWN_CURRENT_SNAPSHOT,True
ONCSM.IS,2024Q1,2024-03-31,2024-05-15,1,False,False,UNKNOWN_CURRENT_SNAPSHOT,True
ONCSM.IS,2024Q2,2024-06-30,2024-08-15,1,False,False,UNKNOWN_CURRENT_SNAPSHOT,True
ONCSM.IS,2024Q3,2024-09-30,2024-11-15,1,False,False,UNKNOWN_CURRENT_SNAPSHOT,True
ONCSM.IS,2024Q4,2024-12-31,2025-03-15,1,False,False,UNKNOWN_CURRENT_SNAPSHOT,True
ONCSM.IS,2025Q1,2025-03-31,2025-05-15,1,False,False,UNKNOWN_CURRENT_SNAPSHOT,True
ONCSM.IS,2025Q2,2025-06-30,2025-08-15,1,False,False,UNKNOWN_CURRENT_SNAPSHOT,True
ONCSM.IS,2025Q3,2025-09-30,2025-11-15,1,False,False,UNKNOWN_CURRENT_SNAPSHOT,True
ONCSM.IS,2025Q4,2025-12-31,2026-03-15,1,False,False,UNKNOWN_CURRENT_SNAPSHOT,True
ONCSM.IS,2026Q1,2026-03-31,2026-05-15,1,False,False,UNKNOWN_CURRENT_SNAPSHOT,True
ONCSM.IS,2026Q2,2026-06-30,2026-08-15,1,False,False,UNKNOWN_CURRENT_SNAPSHOT,True
OTKAR.IS,2018Q1,2018-03-31,2018-05-15,1,False,False,UNKNOWN_CURRENT_SNAPSHOT,True
OTKAR.IS,2018Q2,2018-06-30,2018-08-15,1,False,False,UNKNOWN_CURRENT_SNAPSHOT,True
OTKAR.IS,2018Q3,2018-09-30,2018-11-15,1,False,False,UNKNOWN_CURRENT_SNAPSHOT,True
OTKAR.IS,2018Q4,2018-12-31,2019-03-15,1,False,False,UNKNOWN_CURRENT_SNAPSHOT,True
OTKAR.IS,2019Q1,2019-03-31,2019-05-15,1,False,False,UNKNOWN_CURRENT_SNAPSHOT,True
OTKAR.IS,2019Q2,2019-06-30,2019-08-15,1,False,False,UNKNOWN_CURRENT_SNAPSHOT,True
OTKAR.IS,2019Q3,2019-09-30,2019-11-15,1,False,False,UNKNOWN_CURRENT_SNAPSHOT,True
OTKAR.IS,2019Q4,2019-12-31,2020-03-15,1,False,False,UNKNOWN_CURRENT_SNAPSHOT,True
OTKAR.IS,2020Q1,2020-03-31,2020-05-15,1,False,False,UNKNOWN_CURRENT_SNAPSHOT,True
OTKAR.IS,2020Q2,2020-06-30,2020-08-15,1,False,False,UNKNOWN_CURRENT_SNAPSHOT,True
OTKAR.IS,2020Q3,2020-09-30,2020-11-15,1,False,False,UNKNOWN_CURRENT_SNAPSHOT,True
OTKAR.IS,2020Q4,2020-12-31,2021-03-15,1,False,False,UNKNOWN_CURRENT_SNAPSHOT,True
OTKAR.IS,2021Q1,2021-03-31,2021-05-15,1,False,False,UNKNOWN_CURRENT_SNAPSHOT,True
OTKAR.IS,2021Q2,2021-06-30,2021-08-15,1,False,False,UNKNOWN_CURRENT_SNAPSHOT,True
OTKAR.IS,2021Q3,2021-09-30,2021-11-15,1,False,False,UNKNOWN_CURRENT_SNAPSHOT,True
OTKAR.IS,2021Q4,2021-12-31,2022-03-15,1,False,False,UNKNOWN_CURRENT_SNAPSHOT,True
OTKAR.IS,2022Q1,2022-03-31,2022-05-15,1,False,False,UNKNOWN_CURRENT_SNAPSHOT,True
OTKAR.IS,2022Q2,2022-06-30,2022-08-15,1,False,False,UNKNOWN_CURRENT_SNAPSHOT,True
OTKAR.IS,2022Q3,2022-09-30,2022-11-15,1,False,False,UNKNOWN_CURRENT_SNAPSHOT,True
OTKAR.IS,2022Q4,2022-12-31,2023-03-15,1,False,False,UNKNOWN_CURRENT_SNAPSHOT,True
OTKAR.IS,2023Q1,2023-03-31,2023-05-15,1,False,False,UNKNOWN_CURRENT_SNAPSHOT,True
OTKAR.IS,2023Q2,2023-06-30,2023-08-15,1,False,False,UNKNOWN_CURRENT_SNAPSHOT,True
OTKAR.IS,2023Q3,2023-09-30,2023-11-15,1,False,False,UNKNOWN_CURRENT_SNAPSHOT,True
OTKAR.IS,2023Q4,2023-12-31,2024-03-15,1,False,False,UNKNOWN_CURRENT_SNAPSHOT,True
OTKAR.IS,2024Q1,2024-03-31,2024-05-15,1,False,False,UNKNOWN_CURRENT_SNAPSHOT,True
OTKAR.IS,2024Q2,2024-06-30,2024-08-15,1,False,False,UNKNOWN_CURRENT_SNAPSHOT,True
OTKAR.IS,2024Q3,2024-09-30,2024-11-15,1,False,False,UNKNOWN_CURRENT_SNAPSHOT,True
OTKAR.IS,2024Q4,2024-12-31,2025-03-15,1,False,False,UNKNOWN_CURRENT_SNAPSHOT,True
OTKAR.IS,2025Q1,2025-03-31,2025-05-15,1,False,False,UNKNOWN_CURRENT_SNAPSHOT,True
OTKAR.IS,2025Q2,2025-06-30,2025-08-15,1,False,False,UNKNOWN_CURRENT_SNAPSHOT,True
OTKAR.IS,2025Q3,2025-09-30,2025-11-15,1,False,False,UNKNOWN_CURRENT_SNAPSHOT,True
OTKAR.IS,2025Q4,2025-12-31,2026-03-15,1,False,False,UNKNOWN_CURRENT_SNAPSHOT,True
OTKAR.IS,2026Q1,2026-03-31,2026-05-15,1,False,False,UNKNOWN_CURRENT_SNAPSHOT,True
OTKAR.IS,2026Q2,2026-06-30,2026-08-15,1,False,False,UNKNOWN_CURRENT_SNAPSHOT,True
OYAKC.IS,2018Q1,2018-03-31,2018-05-15,1,False,False,UNKNOWN_CURRENT_SNAPSHOT,True
OYAKC.IS,2018Q2,2018-06-30,2018-08-15,1,False,False,UNKNOWN_CURRENT_SNAPSHOT,True
OYAKC.IS,2018Q3,2018-09-30,2018-11-15,1,False,False,UNKNOWN_CURRENT_SNAPSHOT,True
OYAKC.IS,2018Q4,2018-12-31,2019-03-15,1,False,False,UNKNOWN_CURRENT_SNAPSHOT,True
OYAKC.IS,2019Q1,2019-03-31,2019-05-15,1,False,False,UNKNOWN_CURRENT_SNAPSHOT,True
OYAKC.IS,2019Q2,2019-06-30,2019-08-15,1,False,False,UNKNOWN_CURRENT_SNAPSHOT,True
OYAKC.IS,2019Q3,2019-09-30,2019-11-15,1,False,False,UNKNOWN_CURRENT_SNAPSHOT,True
OYAKC.IS,2019Q4,2019-12-31,2020-03-15,1,False,False,UNKNOWN_CURRENT_SNAPSHOT,True
OYAKC.IS,2020Q1,2020-03-31,2020-05-15,1,False,False,UNKNOWN_CURRENT_SNAPSHOT,True
OYAKC.IS,2020Q2,2020-06-30,2020-08-15,1,False,False,UNKNOWN_CURRENT_SNAPSHOT,True
OYAKC.IS,2020Q3,2020-09-30,2020-11-15,1,False,False,UNKNOWN_CURRENT_SNAPSHOT,True
OYAKC.IS,2020Q4,2020-12-31,2021-03-15,1,False,False,UNKNOWN_CURRENT_SNAPSHOT,True
OYAKC.IS,2021Q1,2021-03-31,2021-05-15,1,False,False,UNKNOWN_CURRENT_SNAPSHOT,True
OYAKC.IS,2021Q2,2021-06-30,2021-08-15,1,False,False,UNKNOWN_CURRENT_SNAPSHOT,True
OYAKC.IS,2021Q3,2021-09-30,2021-11-15,1,False,False,UNKNOWN_CURRENT_SNAPSHOT,True
OYAKC.IS,2021Q4,2021-12-31,2022-03-15,1,False,False,UNKNOWN_CURRENT_SNAPSHOT,True
OYAKC.IS,2022Q1,2022-03-31,2022-05-15,1,False,False,UNKNOWN_CURRENT_SNAPSHOT,True
OYAKC.IS,2022Q2,2022-06-30,2022-08-15,1,False,False,UNKNOWN_CURRENT_SNAPSHOT,True
OYAKC.IS,2022Q3,2022-09-30,2022-11-15,1,False,False,UNKNOWN_CURRENT_SNAPSHOT,True
OYAKC.IS,2022Q4,2022-12-31,2023-03-15,1,False,False,UNKNOWN_CURRENT_SNAPSHOT,True
OYAKC.IS,2023Q1,2023-03-31,2023-05-15,1,False,False,UNKNOWN_CURRENT_SNAPSHOT,True
OYAKC.IS,2023Q2,2023-06-30,2023-08-15,1,False,False,UNKNOWN_CURRENT_SNAPSHOT,True
OYAKC.IS,2023Q3,2023-09-30,2023-11-15,1,False,False,UNKNOWN_CURRENT_SNAPSHOT,True
OYAKC.IS,2023Q4,2023-12-31,2024-03-15,1,False,False,UNKNOWN_CURRENT_SNAPSHOT,True
OYAKC.IS,2024Q1,2024-03-31,2024-05-15,1,False,False,UNKNOWN_CURRENT_SNAPSHOT,True
OYAKC.IS,2024Q2,2024-06-30,2024-08-15,1,False,False,UNKNOWN_CURRENT_SNAPSHOT,True
OYAKC.IS,2024Q3,2024-09-30,2024-11-15,1,False,False,UNKNOWN_CURRENT_SNAPSHOT,True
OYAKC.IS,2024Q4,2024-12-31,2025-03-15,1,False,False,UNKNOWN_CURRENT_SNAPSHOT,True
OYAKC.IS,2025Q1,2025-03-31,2025-05-15,1,False,False,UNKNOWN_CURRENT_SNAPSHOT,True
OYAKC.IS,2025Q2,2025-06-30,2025-08-15,1,False,False,UNKNOWN_CURRENT_SNAPSHOT,True
OYAKC.IS,2025Q3,2025-09-30,2025-11-15,1,False,False,UNKNOWN_CURRENT_SNAPSHOT,True
OYAKC.IS,2025Q4,2025-12-31,2026-03-15,1,False,False,UNKNOWN_CURRENT_SNAPSHOT,True
OYAKC.IS,2026Q1,2026-03-31,2026-05-15,1,False,False,UNKNOWN_CURRENT_SNAPSHOT,True
OYAKC.IS,2026Q2,2026-06-30,2026-08-15,1,False,False,UNKNOWN_CURRENT_SNAPSHOT,True
PASEU.IS,2020Q4,2020-12-31,2021-03-15,1,False,False,UNKNOWN_CURRENT_SNAPSHOT,True
PASEU.IS,2021Q4,2021-12-31,2022-03-15,1,False,False,UNKNOWN_CURRENT_SNAPSHOT,True
PASEU.IS,2022Q1,2022-03-31,2022-05-15,1,False,False,UNKNOWN_CURRENT_SNAPSHOT,True
PASEU.IS,2022Q2,2022-06-30,2022-08-15,1,False,False,UNKNOWN_CURRENT_SNAPSHOT,True
PASEU.IS,2022Q3,2022-09-30,2022-11-15,1,False,False,UNKNOWN_CURRENT_SNAPSHOT,True
PASEU.IS,2022Q4,2022-12-31,2023-03-15,1,False,False,UNKNOWN_CURRENT_SNAPSHOT,True
PASEU.IS,2023Q1,2023-03-31,2023-05-15,1,False,False,UNKNOWN_CURRENT_SNAPSHOT,True
PASEU.IS,2023Q2,2023-06-30,2023-08-15,1,False,False,UNKNOWN_CURRENT_SNAPSHOT,True
PASEU.IS,2023Q3,2023-09-30,2023-11-15,1,False,False,UNKNOWN_CURRENT_SNAPSHOT,True
PASEU.IS,2023Q4,2023-12-31,2024-03-15,1,False,False,UNKNOWN_CURRENT_SNAPSHOT,True
PASEU.IS,2024Q1,2024-03-31,2024-05-15,1,False,False,UNKNOWN_CURRENT_SNAPSHOT,True
PASEU.IS,2024Q2,2024-06-30,2024-08-15,1,False,False,UNKNOWN_CURRENT_SNAPSHOT,True
PASEU.IS,2024Q3,2024-09-30,2024-11-15,1,False,False,UNKNOWN_CURRENT_SNAPSHOT,True
PASEU.IS,2024Q4,2024-12-31,2025-03-15,1,False,False,UNKNOWN_CURRENT_SNAPSHOT,True
PASEU.IS,2025Q1,2025-03-31,2025-05-15,1,False,False,UNKNOWN_CURRENT_SNAPSHOT,True
PASEU.IS,2025Q2,2025-06-30,2025-08-15,1,False,False,UNKNOWN_CURRENT_SNAPSHOT,True
PASEU.IS,2025Q3,2025-09-30,2025-11-15,1,False,False,UNKNOWN_CURRENT_SNAPSHOT,True
PASEU.IS,2025Q4,2025-12-31,2026-03-15,1,False,False,UNKNOWN_CURRENT_SNAPSHOT,True
PASEU.IS,2026Q1,2026-03-31,2026-05-15,1,False,False,UNKNOWN_CURRENT_SNAPSHOT,True
PASEU.IS,2026Q2,2026-06-30,2026-08-15,1,False,False,UNKNOWN_CURRENT_SNAPSHOT,True
PETKM.IS,2018Q1,2018-03-31,2018-05-15,1,False,False,UNKNOWN_CURRENT_SNAPSHOT,True
PETKM.IS,2018Q2,2018-06-30,2018-08-15,1,False,False,UNKNOWN_CURRENT_SNAPSHOT,True
PETKM.IS,2018Q3,2018-09-30,2018-11-15,1,False,False,UNKNOWN_CURRENT_SNAPSHOT,True
PETKM.IS,2018Q4,2018-12-31,2019-03-15,1,False,False,UNKNOWN_CURRENT_SNAPSHOT,True
PETKM.IS,2019Q1,2019-03-31,2019-05-15,1,False,False,UNKNOWN_CURRENT_SNAPSHOT,True
PETKM.IS,2019Q2,2019-06-30,2019-08-15,1,False,False,UNKNOWN_CURRENT_SNAPSHOT,True
PETKM.IS,2019Q3,2019-09-30,2019-11-15,1,False,False,UNKNOWN_CURRENT_SNAPSHOT,True
PETKM.IS,2019Q4,2019-12-31,2020-03-15,1,False,False,UNKNOWN_CURRENT_SNAPSHOT,True
PETKM.IS,2020Q1,2020-03-31,2020-05-15,1,False,False,UNKNOWN_CURRENT_SNAPSHOT,True
PETKM.IS,2020Q2,2020-06-30,2020-08-15,1,False,False,UNKNOWN_CURRENT_SNAPSHOT,True
PETKM.IS,2020Q3,2020-09-30,2020-11-15,1,False,False,UNKNOWN_CURRENT_SNAPSHOT,True
PETKM.IS,2020Q4,2020-12-31,2021-03-15,1,False,False,UNKNOWN_CURRENT_SNAPSHOT,True
PETKM.IS,2021Q1,2021-03-31,2021-05-15,1,False,False,UNKNOWN_CURRENT_SNAPSHOT,True
PETKM.IS,2021Q2,2021-06-30,2021-08-15,1,False,False,UNKNOWN_CURRENT_SNAPSHOT,True
PETKM.IS,2021Q3,2021-09-30,2021-11-15,1,False,False,UNKNOWN_CURRENT_SNAPSHOT,True
PETKM.IS,2021Q4,2021-12-31,2022-03-15,1,False,False,UNKNOWN_CURRENT_SNAPSHOT,True
PETKM.IS,2022Q1,2022-03-31,2022-05-15,1,False,False,UNKNOWN_CURRENT_SNAPSHOT,True
PETKM.IS,2022Q2,2022-06-30,2022-08-15,1,False,False,UNKNOWN_CURRENT_SNAPSHOT,True
PETKM.IS,2022Q3,2022-09-30,2022-11-15,1,False,False,UNKNOWN_CURRENT_SNAPSHOT,True
PETKM.IS,2022Q4,2022-12-31,2023-03-15,1,False,False,UNKNOWN_CURRENT_SNAPSHOT,True
PETKM.IS,2023Q1,2023-03-31,2023-05-15,1,False,False,UNKNOWN_CURRENT_SNAPSHOT,True
PETKM.IS,2023Q2,2023-06-30,2023-08-15,1,False,False,UNKNOWN_CURRENT_SNAPSHOT,True
PETKM.IS,2023Q3,2023-09-30,2023-11-15,1,False,False,UNKNOWN_CURRENT_SNAPSHOT,True
PETKM.IS,2023Q4,2023-12-31,2024-03-15,1,False,False,UNKNOWN_CURRENT_SNAPSHOT,True
PETKM.IS,2024Q1,2024-03-31,2024-05-15,1,False,False,UNKNOWN_CURRENT_SNAPSHOT,True
PETKM.IS,2024Q2,2024-06-30,2024-08-15,1,False,False,UNKNOWN_CURRENT_SNAPSHOT,True
PETKM.IS,2024Q3,2024-09-30,2024-11-15,1,False,False,UNKNOWN_CURRENT_SNAPSHOT,True
PETKM.IS,2024Q4,2024-12-31,2025-03-15,1,False,False,UNKNOWN_CURRENT_SNAPSHOT,True
PETKM.IS,2025Q1,2025-03-31,2025-05-15,1,False,False,UNKNOWN_CURRENT_SNAPSHOT,True
PETKM.IS,2025Q2,2025-06-30,2025-08-15,1,False,False,UNKNOWN_CURRENT_SNAPSHOT,True
PETKM.IS,2025Q3,2025-09-30,2025-11-15,1,False,False,UNKNOWN_CURRENT_SNAPSHOT,True
PETKM.IS,2025Q4,2025-12-31,2026-03-15,1,False,False,UNKNOWN_CURRENT_SNAPSHOT,True
PETKM.IS,2026Q1,2026-03-31,2026-05-15,1,False,False,UNKNOWN_CURRENT_SNAPSHOT,True
PETKM.IS,2026Q2,2026-06-30,2026-08-15,1,False,False,UNKNOWN_CURRENT_SNAPSHOT,True
PGSUS.IS,2018Q1,2018-03-31,2018-05-15,1,False,False,UNKNOWN_CURRENT_SNAPSHOT,True
PGSUS.IS,2018Q2,2018-06-30,2018-08-15,1,False,False,UNKNOWN_CURRENT_SNAPSHOT,True
PGSUS.IS,2018Q3,2018-09-30,2018-11-15,1,False,False,UNKNOWN_CURRENT_SNAPSHOT,True
PGSUS.IS,2018Q4,2018-12-31,2019-03-15,1,False,False,UNKNOWN_CURRENT_SNAPSHOT,True
PGSUS.IS,2019Q1,2019-03-31,2019-05-15,1,False,False,UNKNOWN_CURRENT_SNAPSHOT,True
PGSUS.IS,2019Q2,2019-06-30,2019-08-15,1,False,False,UNKNOWN_CURRENT_SNAPSHOT,True
PGSUS.IS,2019Q3,2019-09-30,2019-11-15,1,False,False,UNKNOWN_CURRENT_SNAPSHOT,True
PGSUS.IS,2019Q4,2019-12-31,2020-03-15,1,False,False,UNKNOWN_CURRENT_SNAPSHOT,True
PGSUS.IS,2020Q1,2020-03-31,2020-05-15,1,False,False,UNKNOWN_CURRENT_SNAPSHOT,True
PGSUS.IS,2020Q2,2020-06-30,2020-08-15,1,False,False,UNKNOWN_CURRENT_SNAPSHOT,True
PGSUS.IS,2020Q3,2020-09-30,2020-11-15,1,False,False,UNKNOWN_CURRENT_SNAPSHOT,True
PGSUS.IS,2020Q4,2020-12-31,2021-03-15,1,False,False,UNKNOWN_CURRENT_SNAPSHOT,True
PGSUS.IS,2021Q1,2021-03-31,2021-05-15,1,False,False,UNKNOWN_CURRENT_SNAPSHOT,True
PGSUS.IS,2021Q2,2021-06-30,2021-08-15,1,False,False,UNKNOWN_CURRENT_SNAPSHOT,True
PGSUS.IS,2021Q3,2021-09-30,2021-11-15,1,False,False,UNKNOWN_CURRENT_SNAPSHOT,True
PGSUS.IS,2021Q4,2021-12-31,2022-03-15,1,False,False,UNKNOWN_CURRENT_SNAPSHOT,True
PGSUS.IS,2022Q1,2022-03-31,2022-05-15,1,False,False,UNKNOWN_CURRENT_SNAPSHOT,True
PGSUS.IS,2022Q2,2022-06-30,2022-08-15,1,False,False,UNKNOWN_CURRENT_SNAPSHOT,True
PGSUS.IS,2022Q3,2022-09-30,2022-11-15,1,False,False,UNKNOWN_CURRENT_SNAPSHOT,True
PGSUS.IS,2022Q4,2022-12-31,2023-03-15,1,False,False,UNKNOWN_CURRENT_SNAPSHOT,True
PGSUS.IS,2023Q1,2023-03-31,2023-05-15,1,False,False,UNKNOWN_CURRENT_SNAPSHOT,True
PGSUS.IS,2023Q2,2023-06-30,2023-08-15,1,False,False,UNKNOWN_CURRENT_SNAPSHOT,True
PGSUS.IS,2023Q3,2023-09-30,2023-11-15,1,False,False,UNKNOWN_CURRENT_SNAPSHOT,True
PGSUS.IS,2023Q4,2023-12-31,2024-03-15,1,False,False,UNKNOWN_CURRENT_SNAPSHOT,True
PGSUS.IS,2024Q1,2024-03-31,2024-05-15,1,False,False,UNKNOWN_CURRENT_SNAPSHOT,True
PGSUS.IS,2024Q2,2024-06-30,2024-08-15,1,False,False,UNKNOWN_CURRENT_SNAPSHOT,True
PGSUS.IS,2024Q3,2024-09-30,2024-11-15,1,False,False,UNKNOWN_CURRENT_SNAPSHOT,True
PGSUS.IS,2024Q4,2024-12-31,2025-03-15,1,False,False,UNKNOWN_CURRENT_SNAPSHOT,True
PGSUS.IS,2025Q1,2025-03-31,2025-05-15,1,False,False,UNKNOWN_CURRENT_SNAPSHOT,True
PGSUS.IS,2025Q2,2025-06-30,2025-08-15,1,False,False,UNKNOWN_CURRENT_SNAPSHOT,True
PGSUS.IS,2025Q3,2025-09-30,2025-11-15,1,False,False,UNKNOWN_CURRENT_SNAPSHOT,True
PGSUS.IS,2025Q4,2025-12-31,2026-03-15,1,False,False,UNKNOWN_CURRENT_SNAPSHOT,True
PGSUS.IS,2026Q1,2026-03-31,2026-05-15,1,False,False,UNKNOWN_CURRENT_SNAPSHOT,True
PGSUS.IS,2026Q2,2026-06-30,2026-08-15,1,False,False,UNKNOWN_CURRENT_SNAPSHOT,True
PLTUR.IS,2019Q4,2019-12-31,2020-03-15,1,False,False,UNKNOWN_CURRENT_SNAPSHOT,True
PLTUR.IS,2020Q4,2020-12-31,2021-03-15,1,False,False,UNKNOWN_CURRENT_SNAPSHOT,True
PLTUR.IS,2021Q3,2021-09-30,2021-11-15,1,False,False,UNKNOWN_CURRENT_SNAPSHOT,True
PLTUR.IS,2021Q4,2021-12-31,2022-03-15,1,False,False,UNKNOWN_CURRENT_SNAPSHOT,True
PLTUR.IS,2022Q1,2022-03-31,2022-05-15,1,False,False,UNKNOWN_CURRENT_SNAPSHOT,True
PLTUR.IS,2022Q2,2022-06-30,2022-08-15,1,False,False,UNKNOWN_CURRENT_SNAPSHOT,True
PLTUR.IS,2022Q3,2022-09-30,2022-11-15,1,False,False,UNKNOWN_CURRENT_SNAPSHOT,True
PLTUR.IS,2022Q4,2022-12-31,2023-03-15,1,False,False,UNKNOWN_CURRENT_SNAPSHOT,True
PLTUR.IS,2023Q1,2023-03-31,2023-05-15,1,False,False,UNKNOWN_CURRENT_SNAPSHOT,True
PLTUR.IS,2023Q2,2023-06-30,2023-08-15,1,False,False,UNKNOWN_CURRENT_SNAPSHOT,True
PLTUR.IS,2023Q3,2023-09-30,2023-11-15,1,False,False,UNKNOWN_CURRENT_SNAPSHOT,True
PLTUR.IS,2023Q4,2023-12-31,2024-03-15,1,False,False,UNKNOWN_CURRENT_SNAPSHOT,True
PLTUR.IS,2024Q1,2024-03-31,2024-05-15,1,False,False,UNKNOWN_CURRENT_SNAPSHOT,True
PLTUR.IS,2024Q3,2024-09-30,2024-11-15,1,False,False,UNKNOWN_CURRENT_SNAPSHOT,True
PLTUR.IS,2024Q4,2024-12-31,2025-03-15,1,False,False,UNKNOWN_CURRENT_SNAPSHOT,True
PLTUR.IS,2025Q1,2025-03-31,2025-05-15,1,False,False,UNKNOWN_CURRENT_SNAPSHOT,True
PLTUR.IS,2025Q2,2025-06-30,2025-08-15,1,False,False,UNKNOWN_CURRENT_SNAPSHOT,True
PLTUR.IS,2025Q3,2025-09-30,2025-11-15,1,False,False,UNKNOWN_CURRENT_SNAPSHOT,True
PLTUR.IS,2025Q4,2025-12-31,2026-03-15,1,False,False,UNKNOWN_CURRENT_SNAPSHOT,True
PLTUR.IS,2026Q1,2026-03-31,2026-05-15,1,False,False,UNKNOWN_CURRENT_SNAPSHOT,True
PLTUR.IS,2026Q2,2026-06-30,2026-08-15,1,False,False,UNKNOWN_CURRENT_SNAPSHOT,True
REEDR.IS,2020Q4,2020-12-31,2021-03-15,1,False,False,UNKNOWN_CURRENT_SNAPSHOT,True
REEDR.IS,2021Q4,2021-12-31,2022-03-15,1,False,False,UNKNOWN_CURRENT_SNAPSHOT,True
REEDR.IS,2022Q1,2022-03-31,2022-05-15,1,False,False,UNKNOWN_CURRENT_SNAPSHOT,True
REEDR.IS,2022Q2,2022-06-30,2022-08-15,1,False,False,UNKNOWN_CURRENT_SNAPSHOT,True
REEDR.IS,2022Q3,2022-09-30,2022-11-15,1,False,False,UNKNOWN_CURRENT_SNAPSHOT,True
REEDR.IS,2022Q4,2022-12-31,2023-03-15,1,False,False,UNKNOWN_CURRENT_SNAPSHOT,True
REEDR.IS,2023Q1,2023-03-31,2023-05-15,1,False,False,UNKNOWN_CURRENT_SNAPSHOT,True
REEDR.IS,2023Q2,2023-06-30,2023-08-15,1,False,False,UNKNOWN_CURRENT_SNAPSHOT,True
REEDR.IS,2023Q3,2023-09-30,2023-11-15,1,False,False,UNKNOWN_CURRENT_SNAPSHOT,True
REEDR.IS,2023Q4,2023-12-31,2024-03-15,1,False,False,UNKNOWN_CURRENT_SNAPSHOT,True
REEDR.IS,2024Q1,2024-03-31,2024-05-15,1,False,False,UNKNOWN_CURRENT_SNAPSHOT,True
REEDR.IS,2024Q2,2024-06-30,2024-08-15,1,False,False,UNKNOWN_CURRENT_SNAPSHOT,True
REEDR.IS,2024Q3,2024-09-30,2024-11-15,1,False,False,UNKNOWN_CURRENT_SNAPSHOT,True
REEDR.IS,2024Q4,2024-12-31,2025-03-15,1,False,False,UNKNOWN_CURRENT_SNAPSHOT,True
REEDR.IS,2025Q1,2025-03-31,2025-05-15,1,False,False,UNKNOWN_CURRENT_SNAPSHOT,True
REEDR.IS,2025Q2,2025-06-30,2025-08-15,1,False,False,UNKNOWN_CURRENT_SNAPSHOT,True
REEDR.IS,2025Q3,2025-09-30,2025-11-15,1,False,False,UNKNOWN_CURRENT_SNAPSHOT,True
REEDR.IS,2025Q4,2025-12-31,2026-03-15,1,False,False,UNKNOWN_CURRENT_SNAPSHOT,True
REEDR.IS,2026Q1,2026-03-31,2026-05-15,1,False,False,UNKNOWN_CURRENT_SNAPSHOT,True
SAHOL.IS,2018Q1,2018-03-31,2018-05-15,1,False,False,UNKNOWN_CURRENT_SNAPSHOT,True
SAHOL.IS,2018Q2,2018-06-30,2018-08-15,1,False,False,UNKNOWN_CURRENT_SNAPSHOT,True
SAHOL.IS,2018Q3,2018-09-30,2018-11-15,1,False,False,UNKNOWN_CURRENT_SNAPSHOT,True
SAHOL.IS,2018Q4,2018-12-31,2019-03-15,1,False,False,UNKNOWN_CURRENT_SNAPSHOT,True
SAHOL.IS,2019Q1,2019-03-31,2019-05-15,1,False,False,UNKNOWN_CURRENT_SNAPSHOT,True
SAHOL.IS,2019Q2,2019-06-30,2019-08-15,1,False,False,UNKNOWN_CURRENT_SNAPSHOT,True
SAHOL.IS,2019Q3,2019-09-30,2019-11-15,1,False,False,UNKNOWN_CURRENT_SNAPSHOT,True
SAHOL.IS,2019Q4,2019-12-31,2020-03-15,1,False,False,UNKNOWN_CURRENT_SNAPSHOT,True
SAHOL.IS,2020Q1,2020-03-31,2020-05-15,1,False,False,UNKNOWN_CURRENT_SNAPSHOT,True
SAHOL.IS,2020Q2,2020-06-30,2020-08-15,1,False,False,UNKNOWN_CURRENT_SNAPSHOT,True
SAHOL.IS,2020Q3,2020-09-30,2020-11-15,1,False,False,UNKNOWN_CURRENT_SNAPSHOT,True
SAHOL.IS,2020Q4,2020-12-31,2021-03-15,1,False,False,UNKNOWN_CURRENT_SNAPSHOT,True
SAHOL.IS,2021Q1,2021-03-31,2021-05-15,1,False,False,UNKNOWN_CURRENT_SNAPSHOT,True
SAHOL.IS,2021Q2,2021-06-30,2021-08-15,1,False,False,UNKNOWN_CURRENT_SNAPSHOT,True
SAHOL.IS,2021Q3,2021-09-30,2021-11-15,1,False,False,UNKNOWN_CURRENT_SNAPSHOT,True
SAHOL.IS,2021Q4,2021-12-31,2022-03-15,1,False,False,UNKNOWN_CURRENT_SNAPSHOT,True
SAHOL.IS,2022Q1,2022-03-31,2022-05-15,1,False,False,UNKNOWN_CURRENT_SNAPSHOT,True
SAHOL.IS,2022Q2,2022-06-30,2022-08-15,1,False,False,UNKNOWN_CURRENT_SNAPSHOT,True
SAHOL.IS,2022Q3,2022-09-30,2022-11-15,1,False,False,UNKNOWN_CURRENT_SNAPSHOT,True
SAHOL.IS,2022Q4,2022-12-31,2023-03-15,1,False,False,UNKNOWN_CURRENT_SNAPSHOT,True
SAHOL.IS,2023Q1,2023-03-31,2023-05-15,1,False,False,UNKNOWN_CURRENT_SNAPSHOT,True
SAHOL.IS,2023Q2,2023-06-30,2023-08-15,1,False,False,UNKNOWN_CURRENT_SNAPSHOT,True
SAHOL.IS,2023Q3,2023-09-30,2023-11-15,1,False,False,UNKNOWN_CURRENT_SNAPSHOT,True
SAHOL.IS,2023Q4,2023-12-31,2024-03-15,1,False,False,UNKNOWN_CURRENT_SNAPSHOT,True
SAHOL.IS,2024Q1,2024-03-31,2024-05-15,1,False,False,UNKNOWN_CURRENT_SNAPSHOT,True
SAHOL.IS,2024Q2,2024-06-30,2024-08-15,1,False,False,UNKNOWN_CURRENT_SNAPSHOT,True
SAHOL.IS,2024Q3,2024-09-30,2024-11-15,1,False,False,UNKNOWN_CURRENT_SNAPSHOT,True
SAHOL.IS,2024Q4,2024-12-31,2025-03-15,1,False,False,UNKNOWN_CURRENT_SNAPSHOT,True
SAHOL.IS,2025Q1,2025-03-31,2025-05-15,1,False,False,UNKNOWN_CURRENT_SNAPSHOT,True
SAHOL.IS,2025Q2,2025-06-30,2025-08-15,1,False,False,UNKNOWN_CURRENT_SNAPSHOT,True
SAHOL.IS,2025Q3,2025-09-30,2025-11-15,1,False,False,UNKNOWN_CURRENT_SNAPSHOT,True
SAHOL.IS,2025Q4,2025-12-31,2026-03-15,1,False,False,UNKNOWN_CURRENT_SNAPSHOT,True
SAHOL.IS,2026Q1,2026-03-31,2026-05-15,1,False,False,UNKNOWN_CURRENT_SNAPSHOT,True
SAHOL.IS,2026Q2,2026-06-30,2026-08-15,1,False,False,UNKNOWN_CURRENT_SNAPSHOT,True
SASA.IS,2018Q1,2018-03-31,2018-05-15,1,False,False,UNKNOWN_CURRENT_SNAPSHOT,True
SASA.IS,2018Q2,2018-06-30,2018-08-15,1,False,False,UNKNOWN_CURRENT_SNAPSHOT,True
SASA.IS,2018Q3,2018-09-30,2018-11-15,1,False,False,UNKNOWN_CURRENT_SNAPSHOT,True
SASA.IS,2018Q4,2018-12-31,2019-03-15,1,False,False,UNKNOWN_CURRENT_SNAPSHOT,True
SASA.IS,2019Q1,2019-03-31,2019-05-15,1,False,False,UNKNOWN_CURRENT_SNAPSHOT,True
SASA.IS,2019Q2,2019-06-30,2019-08-15,1,False,False,UNKNOWN_CURRENT_SNAPSHOT,True
SASA.IS,2019Q3,2019-09-30,2019-11-15,1,False,False,UNKNOWN_CURRENT_SNAPSHOT,True
SASA.IS,2019Q4,2019-12-31,2020-03-15,1,False,False,UNKNOWN_CURRENT_SNAPSHOT,True
SASA.IS,2020Q1,2020-03-31,2020-05-15,1,False,False,UNKNOWN_CURRENT_SNAPSHOT,True
SASA.IS,2020Q2,2020-06-30,2020-08-15,1,False,False,UNKNOWN_CURRENT_SNAPSHOT,True
SASA.IS,2020Q3,2020-09-30,2020-11-15,1,False,False,UNKNOWN_CURRENT_SNAPSHOT,True
SASA.IS,2020Q4,2020-12-31,2021-03-15,1,False,False,UNKNOWN_CURRENT_SNAPSHOT,True
SASA.IS,2021Q1,2021-03-31,2021-05-15,1,False,False,UNKNOWN_CURRENT_SNAPSHOT,True
SASA.IS,2021Q2,2021-06-30,2021-08-15,1,False,False,UNKNOWN_CURRENT_SNAPSHOT,True
SASA.IS,2021Q3,2021-09-30,2021-11-15,1,False,False,UNKNOWN_CURRENT_SNAPSHOT,True
SASA.IS,2021Q4,2021-12-31,2022-03-15,1,False,False,UNKNOWN_CURRENT_SNAPSHOT,True
SASA.IS,2022Q1,2022-03-31,2022-05-15,1,False,False,UNKNOWN_CURRENT_SNAPSHOT,True
SASA.IS,2022Q2,2022-06-30,2022-08-15,1,False,False,UNKNOWN_CURRENT_SNAPSHOT,True
SASA.IS,2022Q3,2022-09-30,2022-11-15,1,False,False,UNKNOWN_CURRENT_SNAPSHOT,True
SASA.IS,2022Q4,2022-12-31,2023-03-15,1,False,False,UNKNOWN_CURRENT_SNAPSHOT,True
SASA.IS,2023Q1,2023-03-31,2023-05-15,1,False,False,UNKNOWN_CURRENT_SNAPSHOT,True
SASA.IS,2023Q2,2023-06-30,2023-08-15,1,False,False,UNKNOWN_CURRENT_SNAPSHOT,True
SASA.IS,2023Q3,2023-09-30,2023-11-15,1,False,False,UNKNOWN_CURRENT_SNAPSHOT,True
SASA.IS,2023Q4,2023-12-31,2024-03-15,1,False,False,UNKNOWN_CURRENT_SNAPSHOT,True
SASA.IS,2024Q1,2024-03-31,2024-05-15,1,False,False,UNKNOWN_CURRENT_SNAPSHOT,True
SASA.IS,2024Q2,2024-06-30,2024-08-15,1,False,False,UNKNOWN_CURRENT_SNAPSHOT,True
SASA.IS,2024Q3,2024-09-30,2024-11-15,1,False,False,UNKNOWN_CURRENT_SNAPSHOT,True
SASA.IS,2024Q4,2024-12-31,2025-03-15,1,False,False,UNKNOWN_CURRENT_SNAPSHOT,True
SASA.IS,2025Q1,2025-03-31,2025-05-15,1,False,False,UNKNOWN_CURRENT_SNAPSHOT,True
SASA.IS,2025Q2,2025-06-30,2025-08-15,1,False,False,UNKNOWN_CURRENT_SNAPSHOT,True
SASA.IS,2025Q3,2025-09-30,2025-11-15,1,False,False,UNKNOWN_CURRENT_SNAPSHOT,True
SASA.IS,2025Q4,2025-12-31,2026-03-15,1,False,False,UNKNOWN_CURRENT_SNAPSHOT,True
SASA.IS,2026Q1,2026-03-31,2026-05-15,1,False,False,UNKNOWN_CURRENT_SNAPSHOT,True
SASA.IS,2026Q2,2026-06-30,2026-08-15,1,False,False,UNKNOWN_CURRENT_SNAPSHOT,True
SDTTR.IS,2019Q4,2019-12-31,2020-03-15,1,False,False,UNKNOWN_CURRENT_SNAPSHOT,True
SDTTR.IS,2020Q4,2020-12-31,2021-03-15,1,False,False,UNKNOWN_CURRENT_SNAPSHOT,True
SDTTR.IS,2021Q3,2021-09-30,2021-11-15,1,False,False,UNKNOWN_CURRENT_SNAPSHOT,True
SDTTR.IS,2021Q4,2021-12-31,2022-03-15,1,False,False,UNKNOWN_CURRENT_SNAPSHOT,True
SDTTR.IS,2022Q1,2022-03-31,2022-05-15,1,False,False,UNKNOWN_CURRENT_SNAPSHOT,True
SDTTR.IS,2022Q2,2022-06-30,2022-08-15,1,False,False,UNKNOWN_CURRENT_SNAPSHOT,True
SDTTR.IS,2022Q3,2022-09-30,2022-11-15,1,False,False,UNKNOWN_CURRENT_SNAPSHOT,True
SDTTR.IS,2022Q4,2022-12-31,2023-03-15,1,False,False,UNKNOWN_CURRENT_SNAPSHOT,True
SDTTR.IS,2023Q1,2023-03-31,2023-05-15,1,False,False,UNKNOWN_CURRENT_SNAPSHOT,True
SDTTR.IS,2023Q2,2023-06-30,2023-08-15,1,False,False,UNKNOWN_CURRENT_SNAPSHOT,True
SDTTR.IS,2023Q3,2023-09-30,2023-11-15,1,False,False,UNKNOWN_CURRENT_SNAPSHOT,True
SDTTR.IS,2023Q4,2023-12-31,2024-03-15,1,False,False,UNKNOWN_CURRENT_SNAPSHOT,True
SDTTR.IS,2024Q1,2024-03-31,2024-05-15,1,False,False,UNKNOWN_CURRENT_SNAPSHOT,True
SDTTR.IS,2024Q2,2024-06-30,2024-08-15,1,False,False,UNKNOWN_CURRENT_SNAPSHOT,True
SDTTR.IS,2024Q3,2024-09-30,2024-11-15,1,False,False,UNKNOWN_CURRENT_SNAPSHOT,True
SDTTR.IS,2024Q4,2024-12-31,2025-03-15,1,False,False,UNKNOWN_CURRENT_SNAPSHOT,True
SDTTR.IS,2025Q1,2025-03-31,2025-05-15,1,False,False,UNKNOWN_CURRENT_SNAPSHOT,True
SDTTR.IS,2025Q2,2025-06-30,2025-08-15,1,False,False,UNKNOWN_CURRENT_SNAPSHOT,True
SDTTR.IS,2025Q3,2025-09-30,2025-11-15,1,False,False,UNKNOWN_CURRENT_SNAPSHOT,True
SDTTR.IS,2025Q4,2025-12-31,2026-03-15,1,False,False,UNKNOWN_CURRENT_SNAPSHOT,True
SDTTR.IS,2026Q1,2026-03-31,2026-05-15,1,False,False,UNKNOWN_CURRENT_SNAPSHOT,True
SDTTR.IS,2026Q2,2026-06-30,2026-08-15,1,False,False,UNKNOWN_CURRENT_SNAPSHOT,True
SELEC.IS,2018Q1,2018-03-31,2018-05-15,1,False,False,UNKNOWN_CURRENT_SNAPSHOT,True
SELEC.IS,2018Q2,2018-06-30,2018-08-15,1,False,False,UNKNOWN_CURRENT_SNAPSHOT,True
SELEC.IS,2018Q3,2018-09-30,2018-11-15,1,False,False,UNKNOWN_CURRENT_SNAPSHOT,True
SELEC.IS,2018Q4,2018-12-31,2019-03-15,1,False,False,UNKNOWN_CURRENT_SNAPSHOT,True
SELEC.IS,2019Q1,2019-03-31,2019-05-15,1,False,False,UNKNOWN_CURRENT_SNAPSHOT,True
SELEC.IS,2019Q2,2019-06-30,2019-08-15,1,False,False,UNKNOWN_CURRENT_SNAPSHOT,True
SELEC.IS,2019Q3,2019-09-30,2019-11-15,1,False,False,UNKNOWN_CURRENT_SNAPSHOT,True
SELEC.IS,2019Q4,2019-12-31,2020-03-15,1,False,False,UNKNOWN_CURRENT_SNAPSHOT,True
SELEC.IS,2020Q1,2020-03-31,2020-05-15,1,False,False,UNKNOWN_CURRENT_SNAPSHOT,True
SELEC.IS,2020Q2,2020-06-30,2020-08-15,1,False,False,UNKNOWN_CURRENT_SNAPSHOT,True
SELEC.IS,2020Q3,2020-09-30,2020-11-15,1,False,False,UNKNOWN_CURRENT_SNAPSHOT,True
SELEC.IS,2020Q4,2020-12-31,2021-03-15,1,False,False,UNKNOWN_CURRENT_SNAPSHOT,True
SELEC.IS,2021Q1,2021-03-31,2021-05-15,1,False,False,UNKNOWN_CURRENT_SNAPSHOT,True
SELEC.IS,2021Q2,2021-06-30,2021-08-15,1,False,False,UNKNOWN_CURRENT_SNAPSHOT,True
SELEC.IS,2021Q3,2021-09-30,2021-11-15,1,False,False,UNKNOWN_CURRENT_SNAPSHOT,True
SELEC.IS,2021Q4,2021-12-31,2022-03-15,1,False,False,UNKNOWN_CURRENT_SNAPSHOT,True
SELEC.IS,2022Q1,2022-03-31,2022-05-15,1,False,False,UNKNOWN_CURRENT_SNAPSHOT,True
SELEC.IS,2022Q2,2022-06-30,2022-08-15,1,False,False,UNKNOWN_CURRENT_SNAPSHOT,True
SELEC.IS,2022Q3,2022-09-30,2022-11-15,1,False,False,UNKNOWN_CURRENT_SNAPSHOT,True
SELEC.IS,2022Q4,2022-12-31,2023-03-15,1,False,False,UNKNOWN_CURRENT_SNAPSHOT,True
SELEC.IS,2023Q1,2023-03-31,2023-05-15,1,False,False,UNKNOWN_CURRENT_SNAPSHOT,True
SELEC.IS,2023Q2,2023-06-30,2023-08-15,1,False,False,UNKNOWN_CURRENT_SNAPSHOT,True
SELEC.IS,2023Q3,2023-09-30,2023-11-15,1,False,False,UNKNOWN_CURRENT_SNAPSHOT,True
SELEC.IS,2023Q4,2023-12-31,2024-03-15,1,False,False,UNKNOWN_CURRENT_SNAPSHOT,True
SELEC.IS,2024Q1,2024-03-31,2024-05-15,1,False,False,UNKNOWN_CURRENT_SNAPSHOT,True
SELEC.IS,2024Q2,2024-06-30,2024-08-15,1,False,False,UNKNOWN_CURRENT_SNAPSHOT,True
SELEC.IS,2024Q3,2024-09-30,2024-11-15,1,False,False,UNKNOWN_CURRENT_SNAPSHOT,True
SELEC.IS,2024Q4,2024-12-31,2025-03-15,1,False,False,UNKNOWN_CURRENT_SNAPSHOT,True
SELEC.IS,2025Q1,2025-03-31,2025-05-15,1,False,False,UNKNOWN_CURRENT_SNAPSHOT,True
SELEC.IS,2025Q2,2025-06-30,2025-08-15,1,False,False,UNKNOWN_CURRENT_SNAPSHOT,True
SELEC.IS,2025Q3,2025-09-30,2025-11-15,1,False,False,UNKNOWN_CURRENT_SNAPSHOT,True
SELEC.IS,2025Q4,2025-12-31,2026-03-15,1,False,False,UNKNOWN_CURRENT_SNAPSHOT,True
SELEC.IS,2026Q1,2026-03-31,2026-05-15,1,False,False,UNKNOWN_CURRENT_SNAPSHOT,True
SELEC.IS,2026Q2,2026-06-30,2026-08-15,1,False,False,UNKNOWN_CURRENT_SNAPSHOT,True
SISE.IS,2018Q1,2018-03-31,2018-05-15,1,False,False,UNKNOWN_CURRENT_SNAPSHOT,True
SISE.IS,2018Q2,2018-06-30,2018-08-15,1,False,False,UNKNOWN_CURRENT_SNAPSHOT,True
SISE.IS,2018Q3,2018-09-30,2018-11-15,1,False,False,UNKNOWN_CURRENT_SNAPSHOT,True
SISE.IS,2018Q4,2018-12-31,2019-03-15,1,False,False,UNKNOWN_CURRENT_SNAPSHOT,True
SISE.IS,2019Q1,2019-03-31,2019-05-15,1,False,False,UNKNOWN_CURRENT_SNAPSHOT,True
SISE.IS,2019Q2,2019-06-30,2019-08-15,1,False,False,UNKNOWN_CURRENT_SNAPSHOT,True
SISE.IS,2019Q3,2019-09-30,2019-11-15,1,False,False,UNKNOWN_CURRENT_SNAPSHOT,True
SISE.IS,2019Q4,2019-12-31,2020-03-15,1,False,False,UNKNOWN_CURRENT_SNAPSHOT,True
SISE.IS,2020Q1,2020-03-31,2020-05-15,1,False,False,UNKNOWN_CURRENT_SNAPSHOT,True
SISE.IS,2020Q2,2020-06-30,2020-08-15,1,False,False,UNKNOWN_CURRENT_SNAPSHOT,True
SISE.IS,2020Q3,2020-09-30,2020-11-15,1,False,False,UNKNOWN_CURRENT_SNAPSHOT,True
SISE.IS,2020Q4,2020-12-31,2021-03-15,1,False,False,UNKNOWN_CURRENT_SNAPSHOT,True
SISE.IS,2021Q1,2021-03-31,2021-05-15,1,False,False,UNKNOWN_CURRENT_SNAPSHOT,True
SISE.IS,2021Q2,2021-06-30,2021-08-15,1,False,False,UNKNOWN_CURRENT_SNAPSHOT,True
SISE.IS,2021Q3,2021-09-30,2021-11-15,1,False,False,UNKNOWN_CURRENT_SNAPSHOT,True
SISE.IS,2021Q4,2021-12-31,2022-03-15,1,False,False,UNKNOWN_CURRENT_SNAPSHOT,True
SISE.IS,2022Q1,2022-03-31,2022-05-15,1,False,False,UNKNOWN_CURRENT_SNAPSHOT,True
SISE.IS,2022Q2,2022-06-30,2022-08-15,1,False,False,UNKNOWN_CURRENT_SNAPSHOT,True
SISE.IS,2022Q3,2022-09-30,2022-11-15,1,False,False,UNKNOWN_CURRENT_SNAPSHOT,True
SISE.IS,2022Q4,2022-12-31,2023-03-15,1,False,False,UNKNOWN_CURRENT_SNAPSHOT,True
SISE.IS,2023Q1,2023-03-31,2023-05-15,1,False,False,UNKNOWN_CURRENT_SNAPSHOT,True
SISE.IS,2023Q2,2023-06-30,2023-08-15,1,False,False,UNKNOWN_CURRENT_SNAPSHOT,True
SISE.IS,2023Q3,2023-09-30,2023-11-15,1,False,False,UNKNOWN_CURRENT_SNAPSHOT,True
SISE.IS,2023Q4,2023-12-31,2024-03-15,1,False,False,UNKNOWN_CURRENT_SNAPSHOT,True
SISE.IS,2024Q1,2024-03-31,2024-05-15,1,False,False,UNKNOWN_CURRENT_SNAPSHOT,True
SISE.IS,2024Q2,2024-06-30,2024-08-15,1,False,False,UNKNOWN_CURRENT_SNAPSHOT,True
SISE.IS,2024Q3,2024-09-30,2024-11-15,1,False,False,UNKNOWN_CURRENT_SNAPSHOT,True
SISE.IS,2024Q4,2024-12-31,2025-03-15,1,False,False,UNKNOWN_CURRENT_SNAPSHOT,True
SISE.IS,2025Q1,2025-03-31,2025-05-15,1,False,False,UNKNOWN_CURRENT_SNAPSHOT,True
SISE.IS,2025Q2,2025-06-30,2025-08-15,1,False,False,UNKNOWN_CURRENT_SNAPSHOT,True
SISE.IS,2025Q3,2025-09-30,2025-11-15,1,False,False,UNKNOWN_CURRENT_SNAPSHOT,True
SISE.IS,2025Q4,2025-12-31,2026-03-15,1,False,False,UNKNOWN_CURRENT_SNAPSHOT,True
SISE.IS,2026Q1,2026-03-31,2026-05-15,1,False,False,UNKNOWN_CURRENT_SNAPSHOT,True
SISE.IS,2026Q2,2026-06-30,2026-08-15,1,False,False,UNKNOWN_CURRENT_SNAPSHOT,True
SKBNK.IS,2018Q1,2018-03-31,2018-05-15,1,False,False,UNKNOWN_CURRENT_SNAPSHOT,True
SKBNK.IS,2018Q2,2018-06-30,2018-08-15,1,False,False,UNKNOWN_CURRENT_SNAPSHOT,True
SKBNK.IS,2018Q3,2018-09-30,2018-11-15,1,False,False,UNKNOWN_CURRENT_SNAPSHOT,True
SKBNK.IS,2018Q4,2018-12-31,2019-03-15,1,False,False,UNKNOWN_CURRENT_SNAPSHOT,True
SKBNK.IS,2019Q1,2019-03-31,2019-05-15,1,False,False,UNKNOWN_CURRENT_SNAPSHOT,True
SKBNK.IS,2019Q2,2019-06-30,2019-08-15,1,False,False,UNKNOWN_CURRENT_SNAPSHOT,True
SKBNK.IS,2019Q3,2019-09-30,2019-11-15,1,False,False,UNKNOWN_CURRENT_SNAPSHOT,True
SKBNK.IS,2019Q4,2019-12-31,2020-03-15,1,False,False,UNKNOWN_CURRENT_SNAPSHOT,True
SKBNK.IS,2020Q1,2020-03-31,2020-05-15,1,False,False,UNKNOWN_CURRENT_SNAPSHOT,True
SKBNK.IS,2020Q2,2020-06-30,2020-08-15,1,False,False,UNKNOWN_CURRENT_SNAPSHOT,True
SKBNK.IS,2020Q3,2020-09-30,2020-11-15,1,False,False,UNKNOWN_CURRENT_SNAPSHOT,True
SKBNK.IS,2020Q4,2020-12-31,2021-03-15,1,False,False,UNKNOWN_CURRENT_SNAPSHOT,True
SKBNK.IS,2021Q1,2021-03-31,2021-05-15,1,False,False,UNKNOWN_CURRENT_SNAPSHOT,True
SKBNK.IS,2021Q2,2021-06-30,2021-08-15,1,False,False,UNKNOWN_CURRENT_SNAPSHOT,True
SKBNK.IS,2021Q3,2021-09-30,2021-11-15,1,False,False,UNKNOWN_CURRENT_SNAPSHOT,True
SKBNK.IS,2021Q4,2021-12-31,2022-03-15,1,False,False,UNKNOWN_CURRENT_SNAPSHOT,True
SKBNK.IS,2022Q1,2022-03-31,2022-05-15,1,False,False,UNKNOWN_CURRENT_SNAPSHOT,True
SKBNK.IS,2022Q2,2022-06-30,2022-08-15,1,False,False,UNKNOWN_CURRENT_SNAPSHOT,True
SKBNK.IS,2022Q3,2022-09-30,2022-11-15,1,False,False,UNKNOWN_CURRENT_SNAPSHOT,True
SKBNK.IS,2022Q4,2022-12-31,2023-03-15,1,False,False,UNKNOWN_CURRENT_SNAPSHOT,True
SKBNK.IS,2023Q1,2023-03-31,2023-05-15,1,False,False,UNKNOWN_CURRENT_SNAPSHOT,True
SKBNK.IS,2023Q2,2023-06-30,2023-08-15,1,False,False,UNKNOWN_CURRENT_SNAPSHOT,True
SKBNK.IS,2023Q3,2023-09-30,2023-11-15,1,False,False,UNKNOWN_CURRENT_SNAPSHOT,True
SKBNK.IS,2023Q4,2023-12-31,2024-03-15,1,False,False,UNKNOWN_CURRENT_SNAPSHOT,True
SKBNK.IS,2024Q1,2024-03-31,2024-05-15,1,False,False,UNKNOWN_CURRENT_SNAPSHOT,True
SKBNK.IS,2024Q2,2024-06-30,2024-08-15,1,False,False,UNKNOWN_CURRENT_SNAPSHOT,True
SKBNK.IS,2024Q3,2024-09-30,2024-11-15,1,False,False,UNKNOWN_CURRENT_SNAPSHOT,True
SKBNK.IS,2024Q4,2024-12-31,2025-03-15,1,False,False,UNKNOWN_CURRENT_SNAPSHOT,True
SKBNK.IS,2025Q1,2025-03-31,2025-05-15,1,False,False,UNKNOWN_CURRENT_SNAPSHOT,True
SKBNK.IS,2025Q2,2025-06-30,2025-08-15,1,False,False,UNKNOWN_CURRENT_SNAPSHOT,True
SKBNK.IS,2025Q3,2025-09-30,2025-11-15,1,False,False,UNKNOWN_CURRENT_SNAPSHOT,True
SKBNK.IS,2025Q4,2025-12-31,2026-03-15,1,False,False,UNKNOWN_CURRENT_SNAPSHOT,True
SKBNK.IS,2026Q1,2026-03-31,2026-05-15,1,False,False,UNKNOWN_CURRENT_SNAPSHOT,True
SKBNK.IS,2026Q2,2026-06-30,2026-08-15,1,False,False,UNKNOWN_CURRENT_SNAPSHOT,True
SOKM.IS,2018Q1,2018-03-31,2018-05-15,1,False,False,UNKNOWN_CURRENT_SNAPSHOT,True
SOKM.IS,2018Q2,2018-06-30,2018-08-15,1,False,False,UNKNOWN_CURRENT_SNAPSHOT,True
SOKM.IS,2018Q3,2018-09-30,2018-11-15,1,False,False,UNKNOWN_CURRENT_SNAPSHOT,True
SOKM.IS,2018Q4,2018-12-31,2019-03-15,1,False,False,UNKNOWN_CURRENT_SNAPSHOT,True
SOKM.IS,2019Q1,2019-03-31,2019-05-15,1,False,False,UNKNOWN_CURRENT_SNAPSHOT,True
SOKM.IS,2019Q2,2019-06-30,2019-08-15,1,False,False,UNKNOWN_CURRENT_SNAPSHOT,True
SOKM.IS,2019Q3,2019-09-30,2019-11-15,1,False,False,UNKNOWN_CURRENT_SNAPSHOT,True
SOKM.IS,2019Q4,2019-12-31,2020-03-15,1,False,False,UNKNOWN_CURRENT_SNAPSHOT,True
SOKM.IS,2020Q1,2020-03-31,2020-05-15,1,False,False,UNKNOWN_CURRENT_SNAPSHOT,True
SOKM.IS,2020Q2,2020-06-30,2020-08-15,1,False,False,UNKNOWN_CURRENT_SNAPSHOT,True
SOKM.IS,2020Q3,2020-09-30,2020-11-15,1,False,False,UNKNOWN_CURRENT_SNAPSHOT,True
SOKM.IS,2020Q4,2020-12-31,2021-03-15,1,False,False,UNKNOWN_CURRENT_SNAPSHOT,True
SOKM.IS,2021Q1,2021-03-31,2021-05-15,1,False,False,UNKNOWN_CURRENT_SNAPSHOT,True
SOKM.IS,2021Q2,2021-06-30,2021-08-15,1,False,False,UNKNOWN_CURRENT_SNAPSHOT,True
SOKM.IS,2021Q3,2021-09-30,2021-11-15,1,False,False,UNKNOWN_CURRENT_SNAPSHOT,True
SOKM.IS,2021Q4,2021-12-31,2022-03-15,1,False,False,UNKNOWN_CURRENT_SNAPSHOT,True
SOKM.IS,2022Q1,2022-03-31,2022-05-15,1,False,False,UNKNOWN_CURRENT_SNAPSHOT,True
SOKM.IS,2022Q2,2022-06-30,2022-08-15,1,False,False,UNKNOWN_CURRENT_SNAPSHOT,True
SOKM.IS,2022Q3,2022-09-30,2022-11-15,1,False,False,UNKNOWN_CURRENT_SNAPSHOT,True
SOKM.IS,2022Q4,2022-12-31,2023-03-15,1,False,False,UNKNOWN_CURRENT_SNAPSHOT,True
SOKM.IS,2023Q1,2023-03-31,2023-05-15,1,False,False,UNKNOWN_CURRENT_SNAPSHOT,True
SOKM.IS,2023Q2,2023-06-30,2023-08-15,1,False,False,UNKNOWN_CURRENT_SNAPSHOT,True
SOKM.IS,2023Q3,2023-09-30,2023-11-15,1,False,False,UNKNOWN_CURRENT_SNAPSHOT,True
SOKM.IS,2023Q4,2023-12-31,2024-03-15,1,False,False,UNKNOWN_CURRENT_SNAPSHOT,True
SOKM.IS,2024Q1,2024-03-31,2024-05-15,1,False,False,UNKNOWN_CURRENT_SNAPSHOT,True
SOKM.IS,2024Q2,2024-06-30,2024-08-15,1,False,False,UNKNOWN_CURRENT_SNAPSHOT,True
SOKM.IS,2024Q3,2024-09-30,2024-11-15,1,False,False,UNKNOWN_CURRENT_SNAPSHOT,True
SOKM.IS,2024Q4,2024-12-31,2025-03-15,1,False,False,UNKNOWN_CURRENT_SNAPSHOT,True
SOKM.IS,2025Q1,2025-03-31,2025-05-15,1,False,False,UNKNOWN_CURRENT_SNAPSHOT,True
SOKM.IS,2025Q2,2025-06-30,2025-08-15,1,False,False,UNKNOWN_CURRENT_SNAPSHOT,True
SOKM.IS,2025Q3,2025-09-30,2025-11-15,1,False,False,UNKNOWN_CURRENT_SNAPSHOT,True
SOKM.IS,2025Q4,2025-12-31,2026-03-15,1,False,False,UNKNOWN_CURRENT_SNAPSHOT,True
SOKM.IS,2026Q1,2026-03-31,2026-05-15,1,False,False,UNKNOWN_CURRENT_SNAPSHOT,True
SOKM.IS,2026Q2,2026-06-30,2026-08-15,1,False,False,UNKNOWN_CURRENT_SNAPSHOT,True
SURGY.IS,2022Q2,2022-06-30,2022-08-15,1,False,False,UNKNOWN_CURRENT_SNAPSHOT,True
SURGY.IS,2022Q3,2022-09-30,2022-11-15,1,False,False,UNKNOWN_CURRENT_SNAPSHOT,True
SURGY.IS,2022Q4,2022-12-31,2023-03-15,1,False,False,UNKNOWN_CURRENT_SNAPSHOT,True
SURGY.IS,2023Q1,2023-03-31,2023-05-15,1,False,False,UNKNOWN_CURRENT_SNAPSHOT,True
SURGY.IS,2023Q2,2023-06-30,2023-08-15,1,False,False,UNKNOWN_CURRENT_SNAPSHOT,True
SURGY.IS,2023Q3,2023-09-30,2023-11-15,1,False,False,UNKNOWN_CURRENT_SNAPSHOT,True
SURGY.IS,2023Q4,2023-12-31,2024-03-15,1,False,False,UNKNOWN_CURRENT_SNAPSHOT,True
SURGY.IS,2024Q1,2024-03-31,2024-05-15,1,False,False,UNKNOWN_CURRENT_SNAPSHOT,True
SURGY.IS,2024Q2,2024-06-30,2024-08-15,1,False,False,UNKNOWN_CURRENT_SNAPSHOT,True
SURGY.IS,2024Q3,2024-09-30,2024-11-15,1,False,False,UNKNOWN_CURRENT_SNAPSHOT,True
SURGY.IS,2024Q4,2024-12-31,2025-03-15,1,False,False,UNKNOWN_CURRENT_SNAPSHOT,True
SURGY.IS,2025Q1,2025-03-31,2025-05-15,1,False,False,UNKNOWN_CURRENT_SNAPSHOT,True
SURGY.IS,2025Q2,2025-06-30,2025-08-15,1,False,False,UNKNOWN_CURRENT_SNAPSHOT,True
SURGY.IS,2025Q3,2025-09-30,2025-11-15,1,False,False,UNKNOWN_CURRENT_SNAPSHOT,True
SURGY.IS,2025Q4,2025-12-31,2026-03-15,1,False,False,UNKNOWN_CURRENT_SNAPSHOT,True
SURGY.IS,2026Q1,2026-03-31,2026-05-15,1,False,False,UNKNOWN_CURRENT_SNAPSHOT,True
SURGY.IS,2026Q2,2026-06-30,2026-08-15,1,False,False,UNKNOWN_CURRENT_SNAPSHOT,True
TABGD.IS,2020Q4,2020-12-31,2021-03-15,1,False,False,UNKNOWN_CURRENT_SNAPSHOT,True
TABGD.IS,2021Q4,2021-12-31,2022-03-15,1,False,False,UNKNOWN_CURRENT_SNAPSHOT,True
TABGD.IS,2022Q2,2022-06-30,2022-08-15,1,False,False,UNKNOWN_CURRENT_SNAPSHOT,True
TABGD.IS,2022Q3,2022-09-30,2022-11-15,1,False,False,UNKNOWN_CURRENT_SNAPSHOT,True
TABGD.IS,2022Q4,2022-12-31,2023-03-15,1,False,False,UNKNOWN_CURRENT_SNAPSHOT,True
TABGD.IS,2023Q1,2023-03-31,2023-05-15,1,False,False,UNKNOWN_CURRENT_SNAPSHOT,True
TABGD.IS,2023Q2,2023-06-30,2023-08-15,1,False,False,UNKNOWN_CURRENT_SNAPSHOT,True
TABGD.IS,2023Q3,2023-09-30,2023-11-15,1,False,False,UNKNOWN_CURRENT_SNAPSHOT,True
TABGD.IS,2023Q4,2023-12-31,2024-03-15,1,False,False,UNKNOWN_CURRENT_SNAPSHOT,True
TABGD.IS,2024Q1,2024-03-31,2024-05-15,1,False,False,UNKNOWN_CURRENT_SNAPSHOT,True
TABGD.IS,2024Q2,2024-06-30,2024-08-15,1,False,False,UNKNOWN_CURRENT_SNAPSHOT,True
TABGD.IS,2024Q3,2024-09-30,2024-11-15,1,False,False,UNKNOWN_CURRENT_SNAPSHOT,True
TABGD.IS,2024Q4,2024-12-31,2025-03-15,1,False,False,UNKNOWN_CURRENT_SNAPSHOT,True
TABGD.IS,2025Q1,2025-03-31,2025-05-15,1,False,False,UNKNOWN_CURRENT_SNAPSHOT,True
TABGD.IS,2025Q2,2025-06-30,2025-08-15,1,False,False,UNKNOWN_CURRENT_SNAPSHOT,True
TABGD.IS,2025Q3,2025-09-30,2025-11-15,1,False,False,UNKNOWN_CURRENT_SNAPSHOT,True
TABGD.IS,2025Q4,2025-12-31,2026-03-15,1,False,False,UNKNOWN_CURRENT_SNAPSHOT,True
TABGD.IS,2026Q1,2026-03-31,2026-05-15,1,False,False,UNKNOWN_CURRENT_SNAPSHOT,True
TABGD.IS,2026Q2,2026-06-30,2026-08-15,1,False,False,UNKNOWN_CURRENT_SNAPSHOT,True
TAVHL.IS,2018Q1,2018-03-31,2018-05-15,1,False,False,UNKNOWN_CURRENT_SNAPSHOT,True
TAVHL.IS,2018Q2,2018-06-30,2018-08-15,1,False,False,UNKNOWN_CURRENT_SNAPSHOT,True
TAVHL.IS,2018Q3,2018-09-30,2018-11-15,1,False,False,UNKNOWN_CURRENT_SNAPSHOT,True
TAVHL.IS,2018Q4,2018-12-31,2019-03-15,1,False,False,UNKNOWN_CURRENT_SNAPSHOT,True
TAVHL.IS,2019Q1,2019-03-31,2019-05-15,1,False,False,UNKNOWN_CURRENT_SNAPSHOT,True
TAVHL.IS,2019Q2,2019-06-30,2019-08-15,1,False,False,UNKNOWN_CURRENT_SNAPSHOT,True
TAVHL.IS,2019Q3,2019-09-30,2019-11-15,1,False,False,UNKNOWN_CURRENT_SNAPSHOT,True
TAVHL.IS,2019Q4,2019-12-31,2020-03-15,1,False,False,UNKNOWN_CURRENT_SNAPSHOT,True
TAVHL.IS,2020Q1,2020-03-31,2020-05-15,1,False,False,UNKNOWN_CURRENT_SNAPSHOT,True
TAVHL.IS,2020Q2,2020-06-30,2020-08-15,1,False,False,UNKNOWN_CURRENT_SNAPSHOT,True
TAVHL.IS,2020Q3,2020-09-30,2020-11-15,1,False,False,UNKNOWN_CURRENT_SNAPSHOT,True
TAVHL.IS,2020Q4,2020-12-31,2021-03-15,1,False,False,UNKNOWN_CURRENT_SNAPSHOT,True
TAVHL.IS,2021Q1,2021-03-31,2021-05-15,1,False,False,UNKNOWN_CURRENT_SNAPSHOT,True
TAVHL.IS,2021Q2,2021-06-30,2021-08-15,1,False,False,UNKNOWN_CURRENT_SNAPSHOT,True
TAVHL.IS,2021Q3,2021-09-30,2021-11-15,1,False,False,UNKNOWN_CURRENT_SNAPSHOT,True
TAVHL.IS,2021Q4,2021-12-31,2022-03-15,1,False,False,UNKNOWN_CURRENT_SNAPSHOT,True
TAVHL.IS,2022Q1,2022-03-31,2022-05-15,1,False,False,UNKNOWN_CURRENT_SNAPSHOT,True
TAVHL.IS,2022Q2,2022-06-30,2022-08-15,1,False,False,UNKNOWN_CURRENT_SNAPSHOT,True
TAVHL.IS,2022Q3,2022-09-30,2022-11-15,1,False,False,UNKNOWN_CURRENT_SNAPSHOT,True
TAVHL.IS,2022Q4,2022-12-31,2023-03-15,1,False,False,UNKNOWN_CURRENT_SNAPSHOT,True
TAVHL.IS,2023Q1,2023-03-31,2023-05-15,1,False,False,UNKNOWN_CURRENT_SNAPSHOT,True
TAVHL.IS,2023Q2,2023-06-30,2023-08-15,1,False,False,UNKNOWN_CURRENT_SNAPSHOT,True
TAVHL.IS,2023Q3,2023-09-30,2023-11-15,1,False,False,UNKNOWN_CURRENT_SNAPSHOT,True
TAVHL.IS,2023Q4,2023-12-31,2024-03-15,1,False,False,UNKNOWN_CURRENT_SNAPSHOT,True
TAVHL.IS,2024Q1,2024-03-31,2024-05-15,1,False,False,UNKNOWN_CURRENT_SNAPSHOT,True
TAVHL.IS,2024Q2,2024-06-30,2024-08-15,1,False,False,UNKNOWN_CURRENT_SNAPSHOT,True
TAVHL.IS,2024Q3,2024-09-30,2024-11-15,1,False,False,UNKNOWN_CURRENT_SNAPSHOT,True
TAVHL.IS,2024Q4,2024-12-31,2025-03-15,1,False,False,UNKNOWN_CURRENT_SNAPSHOT,True
TAVHL.IS,2025Q1,2025-03-31,2025-05-15,1,False,False,UNKNOWN_CURRENT_SNAPSHOT,True
TAVHL.IS,2025Q2,2025-06-30,2025-08-15,1,False,False,UNKNOWN_CURRENT_SNAPSHOT,True
TAVHL.IS,2025Q3,2025-09-30,2025-11-15,1,False,False,UNKNOWN_CURRENT_SNAPSHOT,True
TAVHL.IS,2025Q4,2025-12-31,2026-03-15,1,False,False,UNKNOWN_CURRENT_SNAPSHOT,True
TAVHL.IS,2026Q1,2026-03-31,2026-05-15,1,False,False,UNKNOWN_CURRENT_SNAPSHOT,True
TAVHL.IS,2026Q2,2026-06-30,2026-08-15,1,False,False,UNKNOWN_CURRENT_SNAPSHOT,True
TCELL.IS,2018Q1,2018-03-31,2018-05-15,1,False,False,UNKNOWN_CURRENT_SNAPSHOT,True
TCELL.IS,2018Q2,2018-06-30,2018-08-15,1,False,False,UNKNOWN_CURRENT_SNAPSHOT,True
TCELL.IS,2018Q3,2018-09-30,2018-11-15,1,False,False,UNKNOWN_CURRENT_SNAPSHOT,True
TCELL.IS,2018Q4,2018-12-31,2019-03-15,1,False,False,UNKNOWN_CURRENT_SNAPSHOT,True
TCELL.IS,2019Q1,2019-03-31,2019-05-15,1,False,False,UNKNOWN_CURRENT_SNAPSHOT,True
TCELL.IS,2019Q2,2019-06-30,2019-08-15,1,False,False,UNKNOWN_CURRENT_SNAPSHOT,True
TCELL.IS,2019Q3,2019-09-30,2019-11-15,1,False,False,UNKNOWN_CURRENT_SNAPSHOT,True
TCELL.IS,2019Q4,2019-12-31,2020-03-15,1,False,False,UNKNOWN_CURRENT_SNAPSHOT,True
TCELL.IS,2020Q1,2020-03-31,2020-05-15,1,False,False,UNKNOWN_CURRENT_SNAPSHOT,True
TCELL.IS,2020Q2,2020-06-30,2020-08-15,1,False,False,UNKNOWN_CURRENT_SNAPSHOT,True
TCELL.IS,2020Q3,2020-09-30,2020-11-15,1,False,False,UNKNOWN_CURRENT_SNAPSHOT,True
TCELL.IS,2020Q4,2020-12-31,2021-03-15,1,False,False,UNKNOWN_CURRENT_SNAPSHOT,True
TCELL.IS,2021Q1,2021-03-31,2021-05-15,1,False,False,UNKNOWN_CURRENT_SNAPSHOT,True
TCELL.IS,2021Q2,2021-06-30,2021-08-15,1,False,False,UNKNOWN_CURRENT_SNAPSHOT,True
TCELL.IS,2021Q3,2021-09-30,2021-11-15,1,False,False,UNKNOWN_CURRENT_SNAPSHOT,True
TCELL.IS,2021Q4,2021-12-31,2022-03-15,1,False,False,UNKNOWN_CURRENT_SNAPSHOT,True
TCELL.IS,2022Q1,2022-03-31,2022-05-15,1,False,False,UNKNOWN_CURRENT_SNAPSHOT,True
TCELL.IS,2022Q2,2022-06-30,2022-08-15,1,False,False,UNKNOWN_CURRENT_SNAPSHOT,True
TCELL.IS,2022Q3,2022-09-30,2022-11-15,1,False,False,UNKNOWN_CURRENT_SNAPSHOT,True
TCELL.IS,2022Q4,2022-12-31,2023-03-15,1,False,False,UNKNOWN_CURRENT_SNAPSHOT,True
TCELL.IS,2023Q1,2023-03-31,2023-05-15,1,False,False,UNKNOWN_CURRENT_SNAPSHOT,True
TCELL.IS,2023Q2,2023-06-30,2023-08-15,1,False,False,UNKNOWN_CURRENT_SNAPSHOT,True
TCELL.IS,2023Q3,2023-09-30,2023-11-15,1,False,False,UNKNOWN_CURRENT_SNAPSHOT,True
TCELL.IS,2023Q4,2023-12-31,2024-03-15,1,False,False,UNKNOWN_CURRENT_SNAPSHOT,True
TCELL.IS,2024Q1,2024-03-31,2024-05-15,1,False,False,UNKNOWN_CURRENT_SNAPSHOT,True
TCELL.IS,2024Q2,2024-06-30,2024-08-15,1,False,False,UNKNOWN_CURRENT_SNAPSHOT,True
TCELL.IS,2024Q3,2024-09-30,2024-11-15,1,False,False,UNKNOWN_CURRENT_SNAPSHOT,True
TCELL.IS,2024Q4,2024-12-31,2025-03-15,1,False,False,UNKNOWN_CURRENT_SNAPSHOT,True
TCELL.IS,2025Q1,2025-03-31,2025-05-15,1,False,False,UNKNOWN_CURRENT_SNAPSHOT,True
TCELL.IS,2025Q2,2025-06-30,2025-08-15,1,False,False,UNKNOWN_CURRENT_SNAPSHOT,True
TCELL.IS,2025Q3,2025-09-30,2025-11-15,1,False,False,UNKNOWN_CURRENT_SNAPSHOT,True
TCELL.IS,2025Q4,2025-12-31,2026-03-15,1,False,False,UNKNOWN_CURRENT_SNAPSHOT,True
TCELL.IS,2026Q1,2026-03-31,2026-05-15,1,False,False,UNKNOWN_CURRENT_SNAPSHOT,True
TCELL.IS,2026Q2,2026-06-30,2026-08-15,1,False,False,UNKNOWN_CURRENT_SNAPSHOT,True
TERA.IS,2019Q4,2019-12-31,2020-03-15,1,False,False,UNKNOWN_CURRENT_SNAPSHOT,True
TERA.IS,2020Q4,2020-12-31,2021-03-15,1,False,False,UNKNOWN_CURRENT_SNAPSHOT,True
TERA.IS,2021Q3,2021-09-30,2021-11-15,1,False,False,UNKNOWN_CURRENT_SNAPSHOT,True
TERA.IS,2021Q4,2021-12-31,2022-03-15,1,False,False,UNKNOWN_CURRENT_SNAPSHOT,True
TERA.IS,2022Q1,2022-03-31,2022-05-15,1,False,False,UNKNOWN_CURRENT_SNAPSHOT,True
TERA.IS,2022Q2,2022-06-30,2022-08-15,1,False,False,UNKNOWN_CURRENT_SNAPSHOT,True
TERA.IS,2022Q3,2022-09-30,2022-11-15,1,False,False,UNKNOWN_CURRENT_SNAPSHOT,True
TERA.IS,2022Q4,2022-12-31,2023-03-15,1,False,False,UNKNOWN_CURRENT_SNAPSHOT,True
TERA.IS,2023Q1,2023-03-31,2023-05-15,1,False,False,UNKNOWN_CURRENT_SNAPSHOT,True
TERA.IS,2023Q2,2023-06-30,2023-08-15,1,False,False,UNKNOWN_CURRENT_SNAPSHOT,True
TERA.IS,2023Q3,2023-09-30,2023-11-15,1,False,False,UNKNOWN_CURRENT_SNAPSHOT,True
TERA.IS,2023Q4,2023-12-31,2024-03-15,1,False,False,UNKNOWN_CURRENT_SNAPSHOT,True
TERA.IS,2024Q1,2024-03-31,2024-05-15,1,False,False,UNKNOWN_CURRENT_SNAPSHOT,True
TERA.IS,2024Q2,2024-06-30,2024-08-15,1,False,False,UNKNOWN_CURRENT_SNAPSHOT,True
TERA.IS,2024Q3,2024-09-30,2024-11-15,1,False,False,UNKNOWN_CURRENT_SNAPSHOT,True
TERA.IS,2024Q4,2024-12-31,2025-03-15,1,False,False,UNKNOWN_CURRENT_SNAPSHOT,True
TERA.IS,2025Q1,2025-03-31,2025-05-15,1,False,False,UNKNOWN_CURRENT_SNAPSHOT,True
TERA.IS,2025Q2,2025-06-30,2025-08-15,1,False,False,UNKNOWN_CURRENT_SNAPSHOT,True
TERA.IS,2025Q3,2025-09-30,2025-11-15,1,False,False,UNKNOWN_CURRENT_SNAPSHOT,True
TERA.IS,2025Q4,2025-12-31,2026-03-15,1,False,False,UNKNOWN_CURRENT_SNAPSHOT,True
TERA.IS,2026Q1,2026-03-31,2026-05-15,1,False,False,UNKNOWN_CURRENT_SNAPSHOT,True
TERA.IS,2026Q2,2026-06-30,2026-08-15,1,False,False,UNKNOWN_CURRENT_SNAPSHOT,True
THYAO.IS,2018Q1,2018-03-31,2018-05-15,1,False,False,UNKNOWN_CURRENT_SNAPSHOT,True
THYAO.IS,2018Q2,2018-06-30,2018-08-15,1,False,False,UNKNOWN_CURRENT_SNAPSHOT,True
THYAO.IS,2018Q3,2018-09-30,2018-11-15,1,False,False,UNKNOWN_CURRENT_SNAPSHOT,True
THYAO.IS,2018Q4,2018-12-31,2019-03-15,1,False,False,UNKNOWN_CURRENT_SNAPSHOT,True
THYAO.IS,2019Q1,2019-03-31,2019-05-15,1,False,False,UNKNOWN_CURRENT_SNAPSHOT,True
THYAO.IS,2019Q2,2019-06-30,2019-08-15,1,False,False,UNKNOWN_CURRENT_SNAPSHOT,True
THYAO.IS,2019Q3,2019-09-30,2019-11-15,1,False,False,UNKNOWN_CURRENT_SNAPSHOT,True
THYAO.IS,2019Q4,2019-12-31,2020-03-15,1,False,False,UNKNOWN_CURRENT_SNAPSHOT,True
THYAO.IS,2020Q1,2020-03-31,2020-05-15,1,False,False,UNKNOWN_CURRENT_SNAPSHOT,True
THYAO.IS,2020Q2,2020-06-30,2020-08-15,1,False,False,UNKNOWN_CURRENT_SNAPSHOT,True
THYAO.IS,2020Q3,2020-09-30,2020-11-15,1,False,False,UNKNOWN_CURRENT_SNAPSHOT,True
THYAO.IS,2020Q4,2020-12-31,2021-03-15,1,False,False,UNKNOWN_CURRENT_SNAPSHOT,True
THYAO.IS,2021Q1,2021-03-31,2021-05-15,1,False,False,UNKNOWN_CURRENT_SNAPSHOT,True
THYAO.IS,2021Q2,2021-06-30,2021-08-15,1,False,False,UNKNOWN_CURRENT_SNAPSHOT,True
THYAO.IS,2021Q3,2021-09-30,2021-11-15,1,False,False,UNKNOWN_CURRENT_SNAPSHOT,True
THYAO.IS,2021Q4,2021-12-31,2022-03-15,1,False,False,UNKNOWN_CURRENT_SNAPSHOT,True
THYAO.IS,2022Q1,2022-03-31,2022-05-15,1,False,False,UNKNOWN_CURRENT_SNAPSHOT,True
THYAO.IS,2022Q2,2022-06-30,2022-08-15,1,False,False,UNKNOWN_CURRENT_SNAPSHOT,True
THYAO.IS,2022Q3,2022-09-30,2022-11-15,1,False,False,UNKNOWN_CURRENT_SNAPSHOT,True
THYAO.IS,2022Q4,2022-12-31,2023-03-15,1,False,False,UNKNOWN_CURRENT_SNAPSHOT,True
THYAO.IS,2023Q1,2023-03-31,2023-05-15,1,False,False,UNKNOWN_CURRENT_SNAPSHOT,True
THYAO.IS,2023Q2,2023-06-30,2023-08-15,1,False,False,UNKNOWN_CURRENT_SNAPSHOT,True
THYAO.IS,2023Q3,2023-09-30,2023-11-15,1,False,False,UNKNOWN_CURRENT_SNAPSHOT,True
THYAO.IS,2023Q4,2023-12-31,2024-03-15,1,False,False,UNKNOWN_CURRENT_SNAPSHOT,True
THYAO.IS,2024Q1,2024-03-31,2024-05-15,1,False,False,UNKNOWN_CURRENT_SNAPSHOT,True
THYAO.IS,2024Q2,2024-06-30,2024-08-15,1,False,False,UNKNOWN_CURRENT_SNAPSHOT,True
THYAO.IS,2024Q3,2024-09-30,2024-11-15,1,False,False,UNKNOWN_CURRENT_SNAPSHOT,True
THYAO.IS,2024Q4,2024-12-31,2025-03-15,1,False,False,UNKNOWN_CURRENT_SNAPSHOT,True
THYAO.IS,2025Q1,2025-03-31,2025-05-15,1,False,False,UNKNOWN_CURRENT_SNAPSHOT,True
THYAO.IS,2025Q2,2025-06-30,2025-08-15,1,False,False,UNKNOWN_CURRENT_SNAPSHOT,True
THYAO.IS,2025Q3,2025-09-30,2025-11-15,1,False,False,UNKNOWN_CURRENT_SNAPSHOT,True
THYAO.IS,2025Q4,2025-12-31,2026-03-15,1,False,False,UNKNOWN_CURRENT_SNAPSHOT,True
THYAO.IS,2026Q1,2026-03-31,2026-05-15,1,False,False,UNKNOWN_CURRENT_SNAPSHOT,True
THYAO.IS,2026Q2,2026-06-30,2026-08-15,1,False,False,UNKNOWN_CURRENT_SNAPSHOT,True
TKFEN.IS,2018Q1,2018-03-31,2018-05-15,1,False,False,UNKNOWN_CURRENT_SNAPSHOT,True
TKFEN.IS,2018Q2,2018-06-30,2018-08-15,1,False,False,UNKNOWN_CURRENT_SNAPSHOT,True
TKFEN.IS,2018Q3,2018-09-30,2018-11-15,1,False,False,UNKNOWN_CURRENT_SNAPSHOT,True
TKFEN.IS,2018Q4,2018-12-31,2019-03-15,1,False,False,UNKNOWN_CURRENT_SNAPSHOT,True
TKFEN.IS,2019Q1,2019-03-31,2019-05-15,1,False,False,UNKNOWN_CURRENT_SNAPSHOT,True
TKFEN.IS,2019Q2,2019-06-30,2019-08-15,1,False,False,UNKNOWN_CURRENT_SNAPSHOT,True
TKFEN.IS,2019Q3,2019-09-30,2019-11-15,1,False,False,UNKNOWN_CURRENT_SNAPSHOT,True
TKFEN.IS,2019Q4,2019-12-31,2020-03-15,1,False,False,UNKNOWN_CURRENT_SNAPSHOT,True
TKFEN.IS,2020Q1,2020-03-31,2020-05-15,1,False,False,UNKNOWN_CURRENT_SNAPSHOT,True
TKFEN.IS,2020Q2,2020-06-30,2020-08-15,1,False,False,UNKNOWN_CURRENT_SNAPSHOT,True
TKFEN.IS,2020Q3,2020-09-30,2020-11-15,1,False,False,UNKNOWN_CURRENT_SNAPSHOT,True
TKFEN.IS,2020Q4,2020-12-31,2021-03-15,1,False,False,UNKNOWN_CURRENT_SNAPSHOT,True
TKFEN.IS,2021Q1,2021-03-31,2021-05-15,1,False,False,UNKNOWN_CURRENT_SNAPSHOT,True
TKFEN.IS,2021Q2,2021-06-30,2021-08-15,1,False,False,UNKNOWN_CURRENT_SNAPSHOT,True
TKFEN.IS,2021Q3,2021-09-30,2021-11-15,1,False,False,UNKNOWN_CURRENT_SNAPSHOT,True
TKFEN.IS,2021Q4,2021-12-31,2022-03-15,1,False,False,UNKNOWN_CURRENT_SNAPSHOT,True
TKFEN.IS,2022Q1,2022-03-31,2022-05-15,1,False,False,UNKNOWN_CURRENT_SNAPSHOT,True
TKFEN.IS,2022Q2,2022-06-30,2022-08-15,1,False,False,UNKNOWN_CURRENT_SNAPSHOT,True
TKFEN.IS,2022Q3,2022-09-30,2022-11-15,1,False,False,UNKNOWN_CURRENT_SNAPSHOT,True
TKFEN.IS,2022Q4,2022-12-31,2023-03-15,1,False,False,UNKNOWN_CURRENT_SNAPSHOT,True
TKFEN.IS,2023Q1,2023-03-31,2023-05-15,1,False,False,UNKNOWN_CURRENT_SNAPSHOT,True
TKFEN.IS,2023Q2,2023-06-30,2023-08-15,1,False,False,UNKNOWN_CURRENT_SNAPSHOT,True
TKFEN.IS,2023Q3,2023-09-30,2023-11-15,1,False,False,UNKNOWN_CURRENT_SNAPSHOT,True
TKFEN.IS,2023Q4,2023-12-31,2024-03-15,1,False,False,UNKNOWN_CURRENT_SNAPSHOT,True
TKFEN.IS,2024Q1,2024-03-31,2024-05-15,1,False,False,UNKNOWN_CURRENT_SNAPSHOT,True
TKFEN.IS,2024Q2,2024-06-30,2024-08-15,1,False,False,UNKNOWN_CURRENT_SNAPSHOT,True
TKFEN.IS,2024Q3,2024-09-30,2024-11-15,1,False,False,UNKNOWN_CURRENT_SNAPSHOT,True
TKFEN.IS,2024Q4,2024-12-31,2025-03-15,1,False,False,UNKNOWN_CURRENT_SNAPSHOT,True
TKFEN.IS,2025Q1,2025-03-31,2025-05-15,1,False,False,UNKNOWN_CURRENT_SNAPSHOT,True
TKFEN.IS,2025Q2,2025-06-30,2025-08-15,1,False,False,UNKNOWN_CURRENT_SNAPSHOT,True
TKFEN.IS,2025Q3,2025-09-30,2025-11-15,1,False,False,UNKNOWN_CURRENT_SNAPSHOT,True
TKFEN.IS,2025Q4,2025-12-31,2026-03-15,1,False,False,UNKNOWN_CURRENT_SNAPSHOT,True
TKFEN.IS,2026Q1,2026-03-31,2026-05-15,1,False,False,UNKNOWN_CURRENT_SNAPSHOT,True
TOASO.IS,2018Q1,2018-03-31,2018-05-15,1,False,False,UNKNOWN_CURRENT_SNAPSHOT,True
TOASO.IS,2018Q2,2018-06-30,2018-08-15,1,False,False,UNKNOWN_CURRENT_SNAPSHOT,True
TOASO.IS,2018Q3,2018-09-30,2018-11-15,1,False,False,UNKNOWN_CURRENT_SNAPSHOT,True
TOASO.IS,2018Q4,2018-12-31,2019-03-15,1,False,False,UNKNOWN_CURRENT_SNAPSHOT,True
TOASO.IS,2019Q1,2019-03-31,2019-05-15,1,False,False,UNKNOWN_CURRENT_SNAPSHOT,True
TOASO.IS,2019Q2,2019-06-30,2019-08-15,1,False,False,UNKNOWN_CURRENT_SNAPSHOT,True
TOASO.IS,2019Q3,2019-09-30,2019-11-15,1,False,False,UNKNOWN_CURRENT_SNAPSHOT,True
TOASO.IS,2019Q4,2019-12-31,2020-03-15,1,False,False,UNKNOWN_CURRENT_SNAPSHOT,True
TOASO.IS,2020Q1,2020-03-31,2020-05-15,1,False,False,UNKNOWN_CURRENT_SNAPSHOT,True
TOASO.IS,2020Q2,2020-06-30,2020-08-15,1,False,False,UNKNOWN_CURRENT_SNAPSHOT,True
TOASO.IS,2020Q3,2020-09-30,2020-11-15,1,False,False,UNKNOWN_CURRENT_SNAPSHOT,True
TOASO.IS,2020Q4,2020-12-31,2021-03-15,1,False,False,UNKNOWN_CURRENT_SNAPSHOT,True
TOASO.IS,2021Q1,2021-03-31,2021-05-15,1,False,False,UNKNOWN_CURRENT_SNAPSHOT,True
TOASO.IS,2021Q2,2021-06-30,2021-08-15,1,False,False,UNKNOWN_CURRENT_SNAPSHOT,True
TOASO.IS,2021Q3,2021-09-30,2021-11-15,1,False,False,UNKNOWN_CURRENT_SNAPSHOT,True
TOASO.IS,2021Q4,2021-12-31,2022-03-15,1,False,False,UNKNOWN_CURRENT_SNAPSHOT,True
TOASO.IS,2022Q1,2022-03-31,2022-05-15,1,False,False,UNKNOWN_CURRENT_SNAPSHOT,True
TOASO.IS,2022Q2,2022-06-30,2022-08-15,1,False,False,UNKNOWN_CURRENT_SNAPSHOT,True
TOASO.IS,2022Q3,2022-09-30,2022-11-15,1,False,False,UNKNOWN_CURRENT_SNAPSHOT,True
TOASO.IS,2022Q4,2022-12-31,2023-03-15,1,False,False,UNKNOWN_CURRENT_SNAPSHOT,True
TOASO.IS,2023Q1,2023-03-31,2023-05-15,1,False,False,UNKNOWN_CURRENT_SNAPSHOT,True
TOASO.IS,2023Q2,2023-06-30,2023-08-15,1,False,False,UNKNOWN_CURRENT_SNAPSHOT,True
TOASO.IS,2023Q3,2023-09-30,2023-11-15,1,False,False,UNKNOWN_CURRENT_SNAPSHOT,True
TOASO.IS,2023Q4,2023-12-31,2024-03-15,1,False,False,UNKNOWN_CURRENT_SNAPSHOT,True
TOASO.IS,2024Q1,2024-03-31,2024-05-15,1,False,False,UNKNOWN_CURRENT_SNAPSHOT,True
TOASO.IS,2024Q2,2024-06-30,2024-08-15,1,False,False,UNKNOWN_CURRENT_SNAPSHOT,True
TOASO.IS,2024Q3,2024-09-30,2024-11-15,1,False,False,UNKNOWN_CURRENT_SNAPSHOT,True
TOASO.IS,2024Q4,2024-12-31,2025-03-15,1,False,False,UNKNOWN_CURRENT_SNAPSHOT,True
TOASO.IS,2025Q1,2025-03-31,2025-05-15,1,False,False,UNKNOWN_CURRENT_SNAPSHOT,True
TOASO.IS,2025Q2,2025-06-30,2025-08-15,1,False,False,UNKNOWN_CURRENT_SNAPSHOT,True
TOASO.IS,2025Q3,2025-09-30,2025-11-15,1,False,False,UNKNOWN_CURRENT_SNAPSHOT,True
TOASO.IS,2025Q4,2025-12-31,2026-03-15,1,False,False,UNKNOWN_CURRENT_SNAPSHOT,True
TOASO.IS,2026Q1,2026-03-31,2026-05-15,1,False,False,UNKNOWN_CURRENT_SNAPSHOT,True
TOASO.IS,2026Q2,2026-06-30,2026-08-15,1,False,False,UNKNOWN_CURRENT_SNAPSHOT,True
TRGYO.IS,2018Q1,2018-03-31,2018-05-15,1,False,False,UNKNOWN_CURRENT_SNAPSHOT,True
TRGYO.IS,2018Q2,2018-06-30,2018-08-15,1,False,False,UNKNOWN_CURRENT_SNAPSHOT,True
TRGYO.IS,2018Q3,2018-09-30,2018-11-15,1,False,False,UNKNOWN_CURRENT_SNAPSHOT,True
TRGYO.IS,2018Q4,2018-12-31,2019-03-15,1,False,False,UNKNOWN_CURRENT_SNAPSHOT,True
TRGYO.IS,2019Q1,2019-03-31,2019-05-15,1,False,False,UNKNOWN_CURRENT_SNAPSHOT,True
TRGYO.IS,2019Q2,2019-06-30,2019-08-15,1,False,False,UNKNOWN_CURRENT_SNAPSHOT,True
TRGYO.IS,2019Q3,2019-09-30,2019-11-15,1,False,False,UNKNOWN_CURRENT_SNAPSHOT,True
TRGYO.IS,2019Q4,2019-12-31,2020-03-15,1,False,False,UNKNOWN_CURRENT_SNAPSHOT,True
TRGYO.IS,2020Q1,2020-03-31,2020-05-15,1,False,False,UNKNOWN_CURRENT_SNAPSHOT,True
TRGYO.IS,2020Q2,2020-06-30,2020-08-15,1,False,False,UNKNOWN_CURRENT_SNAPSHOT,True
TRGYO.IS,2020Q3,2020-09-30,2020-11-15,1,False,False,UNKNOWN_CURRENT_SNAPSHOT,True
TRGYO.IS,2020Q4,2020-12-31,2021-03-15,1,False,False,UNKNOWN_CURRENT_SNAPSHOT,True
TRGYO.IS,2021Q1,2021-03-31,2021-05-15,1,False,False,UNKNOWN_CURRENT_SNAPSHOT,True
TRGYO.IS,2021Q2,2021-06-30,2021-08-15,1,False,False,UNKNOWN_CURRENT_SNAPSHOT,True
TRGYO.IS,2021Q3,2021-09-30,2021-11-15,1,False,False,UNKNOWN_CURRENT_SNAPSHOT,True
TRGYO.IS,2021Q4,2021-12-31,2022-03-15,1,False,False,UNKNOWN_CURRENT_SNAPSHOT,True
TRGYO.IS,2022Q1,2022-03-31,2022-05-15,1,False,False,UNKNOWN_CURRENT_SNAPSHOT,True
TRGYO.IS,2022Q2,2022-06-30,2022-08-15,1,False,False,UNKNOWN_CURRENT_SNAPSHOT,True
TRGYO.IS,2022Q3,2022-09-30,2022-11-15,1,False,False,UNKNOWN_CURRENT_SNAPSHOT,True
TRGYO.IS,2022Q4,2022-12-31,2023-03-15,1,False,False,UNKNOWN_CURRENT_SNAPSHOT,True
TRGYO.IS,2023Q1,2023-03-31,2023-05-15,1,False,False,UNKNOWN_CURRENT_SNAPSHOT,True
TRGYO.IS,2023Q2,2023-06-30,2023-08-15,1,False,False,UNKNOWN_CURRENT_SNAPSHOT,True
TRGYO.IS,2023Q3,2023-09-30,2023-11-15,1,False,False,UNKNOWN_CURRENT_SNAPSHOT,True
TRGYO.IS,2023Q4,2023-12-31,2024-03-15,1,False,False,UNKNOWN_CURRENT_SNAPSHOT,True
TRGYO.IS,2024Q1,2024-03-31,2024-05-15,1,False,False,UNKNOWN_CURRENT_SNAPSHOT,True
TRGYO.IS,2024Q2,2024-06-30,2024-08-15,1,False,False,UNKNOWN_CURRENT_SNAPSHOT,True
TRGYO.IS,2024Q3,2024-09-30,2024-11-15,1,False,False,UNKNOWN_CURRENT_SNAPSHOT,True
TRGYO.IS,2024Q4,2024-12-31,2025-03-15,1,False,False,UNKNOWN_CURRENT_SNAPSHOT,True
TRGYO.IS,2025Q1,2025-03-31,2025-05-15,1,False,False,UNKNOWN_CURRENT_SNAPSHOT,True
TRGYO.IS,2025Q2,2025-06-30,2025-08-15,1,False,False,UNKNOWN_CURRENT_SNAPSHOT,True
TRGYO.IS,2025Q3,2025-09-30,2025-11-15,1,False,False,UNKNOWN_CURRENT_SNAPSHOT,True
TRGYO.IS,2025Q4,2025-12-31,2026-03-15,1,False,False,UNKNOWN_CURRENT_SNAPSHOT,True
TRGYO.IS,2026Q1,2026-03-31,2026-05-15,1,False,False,UNKNOWN_CURRENT_SNAPSHOT,True
TRGYO.IS,2026Q2,2026-06-30,2026-08-15,1,False,False,UNKNOWN_CURRENT_SNAPSHOT,True
TSKB.IS,2018Q1,2018-03-31,2018-05-15,1,False,False,UNKNOWN_CURRENT_SNAPSHOT,True
TSKB.IS,2018Q2,2018-06-30,2018-08-15,1,False,False,UNKNOWN_CURRENT_SNAPSHOT,True
TSKB.IS,2018Q3,2018-09-30,2018-11-15,1,False,False,UNKNOWN_CURRENT_SNAPSHOT,True
TSKB.IS,2018Q4,2018-12-31,2019-03-15,1,False,False,UNKNOWN_CURRENT_SNAPSHOT,True
TSKB.IS,2019Q1,2019-03-31,2019-05-15,1,False,False,UNKNOWN_CURRENT_SNAPSHOT,True
TSKB.IS,2019Q2,2019-06-30,2019-08-15,1,False,False,UNKNOWN_CURRENT_SNAPSHOT,True
TSKB.IS,2019Q3,2019-09-30,2019-11-15,1,False,False,UNKNOWN_CURRENT_SNAPSHOT,True
TSKB.IS,2019Q4,2019-12-31,2020-03-15,1,False,False,UNKNOWN_CURRENT_SNAPSHOT,True
TSKB.IS,2020Q1,2020-03-31,2020-05-15,1,False,False,UNKNOWN_CURRENT_SNAPSHOT,True
TSKB.IS,2020Q2,2020-06-30,2020-08-15,1,False,False,UNKNOWN_CURRENT_SNAPSHOT,True
TSKB.IS,2020Q3,2020-09-30,2020-11-15,1,False,False,UNKNOWN_CURRENT_SNAPSHOT,True
TSKB.IS,2020Q4,2020-12-31,2021-03-15,1,False,False,UNKNOWN_CURRENT_SNAPSHOT,True
TSKB.IS,2021Q1,2021-03-31,2021-05-15,1,False,False,UNKNOWN_CURRENT_SNAPSHOT,True
TSKB.IS,2021Q2,2021-06-30,2021-08-15,1,False,False,UNKNOWN_CURRENT_SNAPSHOT,True
TSKB.IS,2021Q3,2021-09-30,2021-11-15,1,False,False,UNKNOWN_CURRENT_SNAPSHOT,True
TSKB.IS,2021Q4,2021-12-31,2022-03-15,1,False,False,UNKNOWN_CURRENT_SNAPSHOT,True
TSKB.IS,2022Q1,2022-03-31,2022-05-15,1,False,False,UNKNOWN_CURRENT_SNAPSHOT,True
TSKB.IS,2022Q2,2022-06-30,2022-08-15,1,False,False,UNKNOWN_CURRENT_SNAPSHOT,True
TSKB.IS,2022Q3,2022-09-30,2022-11-15,1,False,False,UNKNOWN_CURRENT_SNAPSHOT,True
TSKB.IS,2022Q4,2022-12-31,2023-03-15,1,False,False,UNKNOWN_CURRENT_SNAPSHOT,True
TSKB.IS,2023Q1,2023-03-31,2023-05-15,1,False,False,UNKNOWN_CURRENT_SNAPSHOT,True
TSKB.IS,2023Q2,2023-06-30,2023-08-15,1,False,False,UNKNOWN_CURRENT_SNAPSHOT,True
TSKB.IS,2023Q3,2023-09-30,2023-11-15,1,False,False,UNKNOWN_CURRENT_SNAPSHOT,True
TSKB.IS,2023Q4,2023-12-31,2024-03-15,1,False,False,UNKNOWN_CURRENT_SNAPSHOT,True
TSKB.IS,2024Q1,2024-03-31,2024-05-15,1,False,False,UNKNOWN_CURRENT_SNAPSHOT,True
TSKB.IS,2024Q2,2024-06-30,2024-08-15,1,False,False,UNKNOWN_CURRENT_SNAPSHOT,True
TSKB.IS,2024Q3,2024-09-30,2024-11-15,1,False,False,UNKNOWN_CURRENT_SNAPSHOT,True
TSKB.IS,2024Q4,2024-12-31,2025-03-15,1,False,False,UNKNOWN_CURRENT_SNAPSHOT,True
TSKB.IS,2025Q1,2025-03-31,2025-05-15,1,False,False,UNKNOWN_CURRENT_SNAPSHOT,True
TSKB.IS,2025Q2,2025-06-30,2025-08-15,1,False,False,UNKNOWN_CURRENT_SNAPSHOT,True
TSKB.IS,2025Q3,2025-09-30,2025-11-15,1,False,False,UNKNOWN_CURRENT_SNAPSHOT,True
TSKB.IS,2025Q4,2025-12-31,2026-03-15,1,False,False,UNKNOWN_CURRENT_SNAPSHOT,True
TSKB.IS,2026Q1,2026-03-31,2026-05-15,1,False,False,UNKNOWN_CURRENT_SNAPSHOT,True
TSKB.IS,2026Q2,2026-06-30,2026-08-15,1,False,False,UNKNOWN_CURRENT_SNAPSHOT,True
TTKOM.IS,2018Q1,2018-03-31,2018-05-15,1,False,False,UNKNOWN_CURRENT_SNAPSHOT,True
TTKOM.IS,2018Q2,2018-06-30,2018-08-15,1,False,False,UNKNOWN_CURRENT_SNAPSHOT,True
TTKOM.IS,2018Q3,2018-09-30,2018-11-15,1,False,False,UNKNOWN_CURRENT_SNAPSHOT,True
TTKOM.IS,2018Q4,2018-12-31,2019-03-15,1,False,False,UNKNOWN_CURRENT_SNAPSHOT,True
TTKOM.IS,2019Q1,2019-03-31,2019-05-15,1,False,False,UNKNOWN_CURRENT_SNAPSHOT,True
TTKOM.IS,2019Q2,2019-06-30,2019-08-15,1,False,False,UNKNOWN_CURRENT_SNAPSHOT,True
TTKOM.IS,2019Q3,2019-09-30,2019-11-15,1,False,False,UNKNOWN_CURRENT_SNAPSHOT,True
TTKOM.IS,2019Q4,2019-12-31,2020-03-15,1,False,False,UNKNOWN_CURRENT_SNAPSHOT,True
TTKOM.IS,2020Q1,2020-03-31,2020-05-15,1,False,False,UNKNOWN_CURRENT_SNAPSHOT,True
TTKOM.IS,2020Q2,2020-06-30,2020-08-15,1,False,False,UNKNOWN_CURRENT_SNAPSHOT,True
TTKOM.IS,2020Q3,2020-09-30,2020-11-15,1,False,False,UNKNOWN_CURRENT_SNAPSHOT,True
TTKOM.IS,2020Q4,2020-12-31,2021-03-15,1,False,False,UNKNOWN_CURRENT_SNAPSHOT,True
TTKOM.IS,2021Q1,2021-03-31,2021-05-15,1,False,False,UNKNOWN_CURRENT_SNAPSHOT,True
TTKOM.IS,2021Q2,2021-06-30,2021-08-15,1,False,False,UNKNOWN_CURRENT_SNAPSHOT,True
TTKOM.IS,2021Q3,2021-09-30,2021-11-15,1,False,False,UNKNOWN_CURRENT_SNAPSHOT,True
TTKOM.IS,2021Q4,2021-12-31,2022-03-15,1,False,False,UNKNOWN_CURRENT_SNAPSHOT,True
TTKOM.IS,2022Q1,2022-03-31,2022-05-15,1,False,False,UNKNOWN_CURRENT_SNAPSHOT,True
TTKOM.IS,2022Q2,2022-06-30,2022-08-15,1,False,False,UNKNOWN_CURRENT_SNAPSHOT,True
TTKOM.IS,2022Q3,2022-09-30,2022-11-15,1,False,False,UNKNOWN_CURRENT_SNAPSHOT,True
TTKOM.IS,2022Q4,2022-12-31,2023-03-15,1,False,False,UNKNOWN_CURRENT_SNAPSHOT,True
TTKOM.IS,2023Q1,2023-03-31,2023-05-15,1,False,False,UNKNOWN_CURRENT_SNAPSHOT,True
TTKOM.IS,2023Q2,2023-06-30,2023-08-15,1,False,False,UNKNOWN_CURRENT_SNAPSHOT,True
TTKOM.IS,2023Q3,2023-09-30,2023-11-15,1,False,False,UNKNOWN_CURRENT_SNAPSHOT,True
TTKOM.IS,2023Q4,2023-12-31,2024-03-15,1,False,False,UNKNOWN_CURRENT_SNAPSHOT,True
TTKOM.IS,2024Q1,2024-03-31,2024-05-15,1,False,False,UNKNOWN_CURRENT_SNAPSHOT,True
TTKOM.IS,2024Q2,2024-06-30,2024-08-15,1,False,False,UNKNOWN_CURRENT_SNAPSHOT,True
TTKOM.IS,2024Q3,2024-09-30,2024-11-15,1,False,False,UNKNOWN_CURRENT_SNAPSHOT,True
TTKOM.IS,2024Q4,2024-12-31,2025-03-15,1,False,False,UNKNOWN_CURRENT_SNAPSHOT,True
TTKOM.IS,2025Q1,2025-03-31,2025-05-15,1,False,False,UNKNOWN_CURRENT_SNAPSHOT,True
TTKOM.IS,2025Q2,2025-06-30,2025-08-15,1,False,False,UNKNOWN_CURRENT_SNAPSHOT,True
TTKOM.IS,2025Q3,2025-09-30,2025-11-15,1,False,False,UNKNOWN_CURRENT_SNAPSHOT,True
TTKOM.IS,2025Q4,2025-12-31,2026-03-15,1,False,False,UNKNOWN_CURRENT_SNAPSHOT,True
TTKOM.IS,2026Q1,2026-03-31,2026-05-15,1,False,False,UNKNOWN_CURRENT_SNAPSHOT,True
TTKOM.IS,2026Q2,2026-06-30,2026-08-15,1,False,False,UNKNOWN_CURRENT_SNAPSHOT,True
TTRAK.IS,2018Q1,2018-03-31,2018-05-15,1,False,False,UNKNOWN_CURRENT_SNAPSHOT,True
TTRAK.IS,2018Q2,2018-06-30,2018-08-15,1,False,False,UNKNOWN_CURRENT_SNAPSHOT,True
TTRAK.IS,2018Q3,2018-09-30,2018-11-15,1,False,False,UNKNOWN_CURRENT_SNAPSHOT,True
TTRAK.IS,2018Q4,2018-12-31,2019-03-15,1,False,False,UNKNOWN_CURRENT_SNAPSHOT,True
TTRAK.IS,2019Q1,2019-03-31,2019-05-15,1,False,False,UNKNOWN_CURRENT_SNAPSHOT,True
TTRAK.IS,2019Q2,2019-06-30,2019-08-15,1,False,False,UNKNOWN_CURRENT_SNAPSHOT,True
TTRAK.IS,2019Q3,2019-09-30,2019-11-15,1,False,False,UNKNOWN_CURRENT_SNAPSHOT,True
TTRAK.IS,2019Q4,2019-12-31,2020-03-15,1,False,False,UNKNOWN_CURRENT_SNAPSHOT,True
TTRAK.IS,2020Q1,2020-03-31,2020-05-15,1,False,False,UNKNOWN_CURRENT_SNAPSHOT,True
TTRAK.IS,2020Q2,2020-06-30,2020-08-15,1,False,False,UNKNOWN_CURRENT_SNAPSHOT,True
TTRAK.IS,2020Q3,2020-09-30,2020-11-15,1,False,False,UNKNOWN_CURRENT_SNAPSHOT,True
TTRAK.IS,2020Q4,2020-12-31,2021-03-15,1,False,False,UNKNOWN_CURRENT_SNAPSHOT,True
TTRAK.IS,2021Q1,2021-03-31,2021-05-15,1,False,False,UNKNOWN_CURRENT_SNAPSHOT,True
TTRAK.IS,2021Q2,2021-06-30,2021-08-15,1,False,False,UNKNOWN_CURRENT_SNAPSHOT,True
TTRAK.IS,2021Q3,2021-09-30,2021-11-15,1,False,False,UNKNOWN_CURRENT_SNAPSHOT,True
TTRAK.IS,2021Q4,2021-12-31,2022-03-15,1,False,False,UNKNOWN_CURRENT_SNAPSHOT,True
TTRAK.IS,2022Q1,2022-03-31,2022-05-15,1,False,False,UNKNOWN_CURRENT_SNAPSHOT,True
TTRAK.IS,2022Q2,2022-06-30,2022-08-15,1,False,False,UNKNOWN_CURRENT_SNAPSHOT,True
TTRAK.IS,2022Q3,2022-09-30,2022-11-15,1,False,False,UNKNOWN_CURRENT_SNAPSHOT,True
TTRAK.IS,2022Q4,2022-12-31,2023-03-15,1,False,False,UNKNOWN_CURRENT_SNAPSHOT,True
TTRAK.IS,2023Q1,2023-03-31,2023-05-15,1,False,False,UNKNOWN_CURRENT_SNAPSHOT,True
TTRAK.IS,2023Q2,2023-06-30,2023-08-15,1,False,False,UNKNOWN_CURRENT_SNAPSHOT,True
TTRAK.IS,2023Q3,2023-09-30,2023-11-15,1,False,False,UNKNOWN_CURRENT_SNAPSHOT,True
TTRAK.IS,2023Q4,2023-12-31,2024-03-15,1,False,False,UNKNOWN_CURRENT_SNAPSHOT,True
TTRAK.IS,2024Q1,2024-03-31,2024-05-15,1,False,False,UNKNOWN_CURRENT_SNAPSHOT,True
TTRAK.IS,2024Q2,2024-06-30,2024-08-15,1,False,False,UNKNOWN_CURRENT_SNAPSHOT,True
TTRAK.IS,2024Q3,2024-09-30,2024-11-15,1,False,False,UNKNOWN_CURRENT_SNAPSHOT,True
TTRAK.IS,2024Q4,2024-12-31,2025-03-15,1,False,False,UNKNOWN_CURRENT_SNAPSHOT,True
TTRAK.IS,2025Q1,2025-03-31,2025-05-15,1,False,False,UNKNOWN_CURRENT_SNAPSHOT,True
TTRAK.IS,2025Q2,2025-06-30,2025-08-15,1,False,False,UNKNOWN_CURRENT_SNAPSHOT,True
TTRAK.IS,2025Q3,2025-09-30,2025-11-15,1,False,False,UNKNOWN_CURRENT_SNAPSHOT,True
TTRAK.IS,2025Q4,2025-12-31,2026-03-15,1,False,False,UNKNOWN_CURRENT_SNAPSHOT,True
TTRAK.IS,2026Q1,2026-03-31,2026-05-15,1,False,False,UNKNOWN_CURRENT_SNAPSHOT,True
TTRAK.IS,2026Q2,2026-06-30,2026-08-15,1,False,False,UNKNOWN_CURRENT_SNAPSHOT,True
TUPRS.IS,2018Q1,2018-03-31,2018-05-15,1,False,False,UNKNOWN_CURRENT_SNAPSHOT,True
TUPRS.IS,2018Q2,2018-06-30,2018-08-15,1,False,False,UNKNOWN_CURRENT_SNAPSHOT,True
TUPRS.IS,2018Q3,2018-09-30,2018-11-15,1,False,False,UNKNOWN_CURRENT_SNAPSHOT,True
TUPRS.IS,2018Q4,2018-12-31,2019-03-15,1,False,False,UNKNOWN_CURRENT_SNAPSHOT,True
TUPRS.IS,2019Q1,2019-03-31,2019-05-15,1,False,False,UNKNOWN_CURRENT_SNAPSHOT,True
TUPRS.IS,2019Q2,2019-06-30,2019-08-15,1,False,False,UNKNOWN_CURRENT_SNAPSHOT,True
TUPRS.IS,2019Q3,2019-09-30,2019-11-15,1,False,False,UNKNOWN_CURRENT_SNAPSHOT,True
TUPRS.IS,2019Q4,2019-12-31,2020-03-15,1,False,False,UNKNOWN_CURRENT_SNAPSHOT,True
TUPRS.IS,2020Q1,2020-03-31,2020-05-15,1,False,False,UNKNOWN_CURRENT_SNAPSHOT,True
TUPRS.IS,2020Q2,2020-06-30,2020-08-15,1,False,False,UNKNOWN_CURRENT_SNAPSHOT,True
TUPRS.IS,2020Q3,2020-09-30,2020-11-15,1,False,False,UNKNOWN_CURRENT_SNAPSHOT,True
TUPRS.IS,2020Q4,2020-12-31,2021-03-15,1,False,False,UNKNOWN_CURRENT_SNAPSHOT,True
TUPRS.IS,2021Q1,2021-03-31,2021-05-15,1,False,False,UNKNOWN_CURRENT_SNAPSHOT,True
TUPRS.IS,2021Q2,2021-06-30,2021-08-15,1,False,False,UNKNOWN_CURRENT_SNAPSHOT,True
TUPRS.IS,2021Q3,2021-09-30,2021-11-15,1,False,False,UNKNOWN_CURRENT_SNAPSHOT,True
TUPRS.IS,2021Q4,2021-12-31,2022-03-15,1,False,False,UNKNOWN_CURRENT_SNAPSHOT,True
TUPRS.IS,2022Q1,2022-03-31,2022-05-15,1,False,False,UNKNOWN_CURRENT_SNAPSHOT,True
TUPRS.IS,2022Q2,2022-06-30,2022-08-15,1,False,False,UNKNOWN_CURRENT_SNAPSHOT,True
TUPRS.IS,2022Q3,2022-09-30,2022-11-15,1,False,False,UNKNOWN_CURRENT_SNAPSHOT,True
TUPRS.IS,2022Q4,2022-12-31,2023-03-15,1,False,False,UNKNOWN_CURRENT_SNAPSHOT,True
TUPRS.IS,2023Q1,2023-03-31,2023-05-15,1,False,False,UNKNOWN_CURRENT_SNAPSHOT,True
TUPRS.IS,2023Q2,2023-06-30,2023-08-15,1,False,False,UNKNOWN_CURRENT_SNAPSHOT,True
TUPRS.IS,2023Q3,2023-09-30,2023-11-15,1,False,False,UNKNOWN_CURRENT_SNAPSHOT,True
TUPRS.IS,2023Q4,2023-12-31,2024-03-15,1,False,False,UNKNOWN_CURRENT_SNAPSHOT,True
TUPRS.IS,2024Q1,2024-03-31,2024-05-15,1,False,False,UNKNOWN_CURRENT_SNAPSHOT,True
TUPRS.IS,2024Q2,2024-06-30,2024-08-15,1,False,False,UNKNOWN_CURRENT_SNAPSHOT,True
TUPRS.IS,2024Q3,2024-09-30,2024-11-15,1,False,False,UNKNOWN_CURRENT_SNAPSHOT,True
TUPRS.IS,2024Q4,2024-12-31,2025-03-15,1,False,False,UNKNOWN_CURRENT_SNAPSHOT,True
TUPRS.IS,2025Q1,2025-03-31,2025-05-15,1,False,False,UNKNOWN_CURRENT_SNAPSHOT,True
TUPRS.IS,2025Q2,2025-06-30,2025-08-15,1,False,False,UNKNOWN_CURRENT_SNAPSHOT,True
TUPRS.IS,2025Q3,2025-09-30,2025-11-15,1,False,False,UNKNOWN_CURRENT_SNAPSHOT,True
TUPRS.IS,2025Q4,2025-12-31,2026-03-15,1,False,False,UNKNOWN_CURRENT_SNAPSHOT,True
TUPRS.IS,2026Q1,2026-03-31,2026-05-15,1,False,False,UNKNOWN_CURRENT_SNAPSHOT,True
TUPRS.IS,2026Q2,2026-06-30,2026-08-15,1,False,False,UNKNOWN_CURRENT_SNAPSHOT,True
TUREX.IS,2018Q4,2018-12-31,2019-03-15,1,False,False,UNKNOWN_CURRENT_SNAPSHOT,True
TUREX.IS,2019Q4,2019-12-31,2020-03-15,1,False,False,UNKNOWN_CURRENT_SNAPSHOT,True
TUREX.IS,2020Q1,2020-03-31,2020-05-15,1,False,False,UNKNOWN_CURRENT_SNAPSHOT,True
TUREX.IS,2020Q2,2020-06-30,2020-08-15,1,False,False,UNKNOWN_CURRENT_SNAPSHOT,True
TUREX.IS,2020Q3,2020-09-30,2020-11-15,1,False,False,UNKNOWN_CURRENT_SNAPSHOT,True
TUREX.IS,2020Q4,2020-12-31,2021-03-15,1,False,False,UNKNOWN_CURRENT_SNAPSHOT,True
TUREX.IS,2021Q1,2021-03-31,2021-05-15,1,False,False,UNKNOWN_CURRENT_SNAPSHOT,True
TUREX.IS,2021Q2,2021-06-30,2021-08-15,1,False,False,UNKNOWN_CURRENT_SNAPSHOT,True
TUREX.IS,2021Q3,2021-09-30,2021-11-15,1,False,False,UNKNOWN_CURRENT_SNAPSHOT,True
TUREX.IS,2021Q4,2021-12-31,2022-03-15,1,False,False,UNKNOWN_CURRENT_SNAPSHOT,True
TUREX.IS,2022Q1,2022-03-31,2022-05-15,1,False,False,UNKNOWN_CURRENT_SNAPSHOT,True
TUREX.IS,2022Q2,2022-06-30,2022-08-15,1,False,False,UNKNOWN_CURRENT_SNAPSHOT,True
TUREX.IS,2022Q3,2022-09-30,2022-11-15,1,False,False,UNKNOWN_CURRENT_SNAPSHOT,True
TUREX.IS,2022Q4,2022-12-31,2023-03-15,1,False,False,UNKNOWN_CURRENT_SNAPSHOT,True
TUREX.IS,2023Q1,2023-03-31,2023-05-15,1,False,False,UNKNOWN_CURRENT_SNAPSHOT,True
TUREX.IS,2023Q2,2023-06-30,2023-08-15,1,False,False,UNKNOWN_CURRENT_SNAPSHOT,True
TUREX.IS,2023Q3,2023-09-30,2023-11-15,1,False,False,UNKNOWN_CURRENT_SNAPSHOT,True
TUREX.IS,2023Q4,2023-12-31,2024-03-15,1,False,False,UNKNOWN_CURRENT_SNAPSHOT,True
TUREX.IS,2024Q1,2024-03-31,2024-05-15,1,False,False,UNKNOWN_CURRENT_SNAPSHOT,True
TUREX.IS,2024Q2,2024-06-30,2024-08-15,1,False,False,UNKNOWN_CURRENT_SNAPSHOT,True
TUREX.IS,2024Q3,2024-09-30,2024-11-15,1,False,False,UNKNOWN_CURRENT_SNAPSHOT,True
TUREX.IS,2024Q4,2024-12-31,2025-03-15,1,False,False,UNKNOWN_CURRENT_SNAPSHOT,True
TUREX.IS,2025Q1,2025-03-31,2025-05-15,1,False,False,UNKNOWN_CURRENT_SNAPSHOT,True
TUREX.IS,2025Q2,2025-06-30,2025-08-15,1,False,False,UNKNOWN_CURRENT_SNAPSHOT,True
TUREX.IS,2025Q4,2025-12-31,2026-03-15,1,False,False,UNKNOWN_CURRENT_SNAPSHOT,True
TUREX.IS,2026Q1,2026-03-31,2026-05-15,1,False,False,UNKNOWN_CURRENT_SNAPSHOT,True
TUREX.IS,2026Q2,2026-06-30,2026-08-15,1,False,False,UNKNOWN_CURRENT_SNAPSHOT,True
TURSG.IS,2018Q1,2018-03-31,2018-05-15,1,False,False,UNKNOWN_CURRENT_SNAPSHOT,True
TURSG.IS,2018Q2,2018-06-30,2018-08-15,1,False,False,UNKNOWN_CURRENT_SNAPSHOT,True
TURSG.IS,2018Q3,2018-09-30,2018-11-15,1,False,False,UNKNOWN_CURRENT_SNAPSHOT,True
TURSG.IS,2018Q4,2018-12-31,2019-03-15,1,False,False,UNKNOWN_CURRENT_SNAPSHOT,True
TURSG.IS,2019Q1,2019-03-31,2019-05-15,1,False,False,UNKNOWN_CURRENT_SNAPSHOT,True
TURSG.IS,2019Q2,2019-06-30,2019-08-15,1,False,False,UNKNOWN_CURRENT_SNAPSHOT,True
TURSG.IS,2019Q3,2019-09-30,2019-11-15,1,False,False,UNKNOWN_CURRENT_SNAPSHOT,True
TURSG.IS,2019Q4,2019-12-31,2020-03-15,1,False,False,UNKNOWN_CURRENT_SNAPSHOT,True
TURSG.IS,2020Q1,2020-03-31,2020-05-15,1,False,False,UNKNOWN_CURRENT_SNAPSHOT,True
TURSG.IS,2020Q2,2020-06-30,2020-08-15,1,False,False,UNKNOWN_CURRENT_SNAPSHOT,True
TURSG.IS,2020Q3,2020-09-30,2020-11-15,1,False,False,UNKNOWN_CURRENT_SNAPSHOT,True
TURSG.IS,2020Q4,2020-12-31,2021-03-15,1,False,False,UNKNOWN_CURRENT_SNAPSHOT,True
TURSG.IS,2021Q1,2021-03-31,2021-05-15,1,False,False,UNKNOWN_CURRENT_SNAPSHOT,True
TURSG.IS,2021Q2,2021-06-30,2021-08-15,1,False,False,UNKNOWN_CURRENT_SNAPSHOT,True
TURSG.IS,2021Q3,2021-09-30,2021-11-15,1,False,False,UNKNOWN_CURRENT_SNAPSHOT,True
TURSG.IS,2021Q4,2021-12-31,2022-03-15,1,False,False,UNKNOWN_CURRENT_SNAPSHOT,True
TURSG.IS,2022Q1,2022-03-31,2022-05-15,1,False,False,UNKNOWN_CURRENT_SNAPSHOT,True
TURSG.IS,2022Q2,2022-06-30,2022-08-15,1,False,False,UNKNOWN_CURRENT_SNAPSHOT,True
TURSG.IS,2022Q3,2022-09-30,2022-11-15,1,False,False,UNKNOWN_CURRENT_SNAPSHOT,True
TURSG.IS,2022Q4,2022-12-31,2023-03-15,1,False,False,UNKNOWN_CURRENT_SNAPSHOT,True
TURSG.IS,2023Q1,2023-03-31,2023-05-15,1,False,False,UNKNOWN_CURRENT_SNAPSHOT,True
TURSG.IS,2023Q2,2023-06-30,2023-08-15,1,False,False,UNKNOWN_CURRENT_SNAPSHOT,True
TURSG.IS,2023Q3,2023-09-30,2023-11-15,1,False,False,UNKNOWN_CURRENT_SNAPSHOT,True
TURSG.IS,2023Q4,2023-12-31,2024-03-15,1,False,False,UNKNOWN_CURRENT_SNAPSHOT,True
TURSG.IS,2024Q1,2024-03-31,2024-05-15,1,False,False,UNKNOWN_CURRENT_SNAPSHOT,True
TURSG.IS,2024Q2,2024-06-30,2024-08-15,1,False,False,UNKNOWN_CURRENT_SNAPSHOT,True
TURSG.IS,2024Q3,2024-09-30,2024-11-15,1,False,False,UNKNOWN_CURRENT_SNAPSHOT,True
TURSG.IS,2024Q4,2024-12-31,2025-03-15,1,False,False,UNKNOWN_CURRENT_SNAPSHOT,True
TURSG.IS,2025Q1,2025-03-31,2025-05-15,1,False,False,UNKNOWN_CURRENT_SNAPSHOT,True
TURSG.IS,2025Q2,2025-06-30,2025-08-15,1,False,False,UNKNOWN_CURRENT_SNAPSHOT,True
TURSG.IS,2025Q3,2025-09-30,2025-11-15,1,False,False,UNKNOWN_CURRENT_SNAPSHOT,True
TURSG.IS,2025Q4,2025-12-31,2026-03-15,1,False,False,UNKNOWN_CURRENT_SNAPSHOT,True
TURSG.IS,2026Q1,2026-03-31,2026-05-15,1,False,False,UNKNOWN_CURRENT_SNAPSHOT,True
TURSG.IS,2026Q2,2026-06-30,2026-08-15,1,False,False,UNKNOWN_CURRENT_SNAPSHOT,True
ULKER.IS,2018Q1,2018-03-31,2018-05-15,1,False,False,UNKNOWN_CURRENT_SNAPSHOT,True
ULKER.IS,2018Q2,2018-06-30,2018-08-15,1,False,False,UNKNOWN_CURRENT_SNAPSHOT,True
ULKER.IS,2018Q3,2018-09-30,2018-11-15,1,False,False,UNKNOWN_CURRENT_SNAPSHOT,True
ULKER.IS,2018Q4,2018-12-31,2019-03-15,1,False,False,UNKNOWN_CURRENT_SNAPSHOT,True
ULKER.IS,2019Q1,2019-03-31,2019-05-15,1,False,False,UNKNOWN_CURRENT_SNAPSHOT,True
ULKER.IS,2019Q2,2019-06-30,2019-08-15,1,False,False,UNKNOWN_CURRENT_SNAPSHOT,True
ULKER.IS,2019Q3,2019-09-30,2019-11-15,1,False,False,UNKNOWN_CURRENT_SNAPSHOT,True
ULKER.IS,2019Q4,2019-12-31,2020-03-15,1,False,False,UNKNOWN_CURRENT_SNAPSHOT,True
ULKER.IS,2020Q1,2020-03-31,2020-05-15,1,False,False,UNKNOWN_CURRENT_SNAPSHOT,True
ULKER.IS,2020Q2,2020-06-30,2020-08-15,1,False,False,UNKNOWN_CURRENT_SNAPSHOT,True
ULKER.IS,2020Q3,2020-09-30,2020-11-15,1,False,False,UNKNOWN_CURRENT_SNAPSHOT,True
ULKER.IS,2020Q4,2020-12-31,2021-03-15,1,False,False,UNKNOWN_CURRENT_SNAPSHOT,True
ULKER.IS,2021Q1,2021-03-31,2021-05-15,1,False,False,UNKNOWN_CURRENT_SNAPSHOT,True
ULKER.IS,2021Q2,2021-06-30,2021-08-15,1,False,False,UNKNOWN_CURRENT_SNAPSHOT,True
ULKER.IS,2021Q3,2021-09-30,2021-11-15,1,False,False,UNKNOWN_CURRENT_SNAPSHOT,True
ULKER.IS,2021Q4,2021-12-31,2022-03-15,1,False,False,UNKNOWN_CURRENT_SNAPSHOT,True
ULKER.IS,2022Q1,2022-03-31,2022-05-15,1,False,False,UNKNOWN_CURRENT_SNAPSHOT,True
ULKER.IS,2022Q2,2022-06-30,2022-08-15,1,False,False,UNKNOWN_CURRENT_SNAPSHOT,True
ULKER.IS,2022Q3,2022-09-30,2022-11-15,1,False,False,UNKNOWN_CURRENT_SNAPSHOT,True
ULKER.IS,2022Q4,2022-12-31,2023-03-15,1,False,False,UNKNOWN_CURRENT_SNAPSHOT,True
ULKER.IS,2023Q1,2023-03-31,2023-05-15,1,False,False,UNKNOWN_CURRENT_SNAPSHOT,True
ULKER.IS,2023Q2,2023-06-30,2023-08-15,1,False,False,UNKNOWN_CURRENT_SNAPSHOT,True
ULKER.IS,2023Q3,2023-09-30,2023-11-15,1,False,False,UNKNOWN_CURRENT_SNAPSHOT,True
ULKER.IS,2023Q4,2023-12-31,2024-03-15,1,False,False,UNKNOWN_CURRENT_SNAPSHOT,True
ULKER.IS,2024Q1,2024-03-31,2024-05-15,1,False,False,UNKNOWN_CURRENT_SNAPSHOT,True
ULKER.IS,2024Q2,2024-06-30,2024-08-15,1,False,False,UNKNOWN_CURRENT_SNAPSHOT,True
ULKER.IS,2024Q3,2024-09-30,2024-11-15,1,False,False,UNKNOWN_CURRENT_SNAPSHOT,True
ULKER.IS,2024Q4,2024-12-31,2025-03-15,1,False,False,UNKNOWN_CURRENT_SNAPSHOT,True
ULKER.IS,2025Q1,2025-03-31,2025-05-15,1,False,False,UNKNOWN_CURRENT_SNAPSHOT,True
ULKER.IS,2025Q2,2025-06-30,2025-08-15,1,False,False,UNKNOWN_CURRENT_SNAPSHOT,True
ULKER.IS,2025Q3,2025-09-30,2025-11-15,1,False,False,UNKNOWN_CURRENT_SNAPSHOT,True
ULKER.IS,2025Q4,2025-12-31,2026-03-15,1,False,False,UNKNOWN_CURRENT_SNAPSHOT,True
ULKER.IS,2026Q1,2026-03-31,2026-05-15,1,False,False,UNKNOWN_CURRENT_SNAPSHOT,True
ULKER.IS,2026Q2,2026-06-30,2026-08-15,1,False,False,UNKNOWN_CURRENT_SNAPSHOT,True
VAKBN.IS,2018Q1,2018-03-31,2018-05-15,1,False,False,UNKNOWN_CURRENT_SNAPSHOT,True
VAKBN.IS,2018Q2,2018-06-30,2018-08-15,1,False,False,UNKNOWN_CURRENT_SNAPSHOT,True
VAKBN.IS,2018Q3,2018-09-30,2018-11-15,1,False,False,UNKNOWN_CURRENT_SNAPSHOT,True
VAKBN.IS,2018Q4,2018-12-31,2019-03-15,1,False,False,UNKNOWN_CURRENT_SNAPSHOT,True
VAKBN.IS,2019Q1,2019-03-31,2019-05-15,1,False,False,UNKNOWN_CURRENT_SNAPSHOT,True
VAKBN.IS,2019Q2,2019-06-30,2019-08-15,1,False,False,UNKNOWN_CURRENT_SNAPSHOT,True
VAKBN.IS,2019Q3,2019-09-30,2019-11-15,1,False,False,UNKNOWN_CURRENT_SNAPSHOT,True
VAKBN.IS,2019Q4,2019-12-31,2020-03-15,1,False,False,UNKNOWN_CURRENT_SNAPSHOT,True
VAKBN.IS,2020Q1,2020-03-31,2020-05-15,1,False,False,UNKNOWN_CURRENT_SNAPSHOT,True
VAKBN.IS,2020Q2,2020-06-30,2020-08-15,1,False,False,UNKNOWN_CURRENT_SNAPSHOT,True
VAKBN.IS,2020Q3,2020-09-30,2020-11-15,1,False,False,UNKNOWN_CURRENT_SNAPSHOT,True
VAKBN.IS,2020Q4,2020-12-31,2021-03-15,1,False,False,UNKNOWN_CURRENT_SNAPSHOT,True
VAKBN.IS,2021Q1,2021-03-31,2021-05-15,1,False,False,UNKNOWN_CURRENT_SNAPSHOT,True
VAKBN.IS,2021Q2,2021-06-30,2021-08-15,1,False,False,UNKNOWN_CURRENT_SNAPSHOT,True
VAKBN.IS,2021Q3,2021-09-30,2021-11-15,1,False,False,UNKNOWN_CURRENT_SNAPSHOT,True
VAKBN.IS,2021Q4,2021-12-31,2022-03-15,1,False,False,UNKNOWN_CURRENT_SNAPSHOT,True
VAKBN.IS,2022Q1,2022-03-31,2022-05-15,1,False,False,UNKNOWN_CURRENT_SNAPSHOT,True
VAKBN.IS,2022Q2,2022-06-30,2022-08-15,1,False,False,UNKNOWN_CURRENT_SNAPSHOT,True
VAKBN.IS,2022Q3,2022-09-30,2022-11-15,1,False,False,UNKNOWN_CURRENT_SNAPSHOT,True
VAKBN.IS,2022Q4,2022-12-31,2023-03-15,1,False,False,UNKNOWN_CURRENT_SNAPSHOT,True
VAKBN.IS,2023Q1,2023-03-31,2023-05-15,1,False,False,UNKNOWN_CURRENT_SNAPSHOT,True
VAKBN.IS,2023Q2,2023-06-30,2023-08-15,1,False,False,UNKNOWN_CURRENT_SNAPSHOT,True
VAKBN.IS,2023Q3,2023-09-30,2023-11-15,1,False,False,UNKNOWN_CURRENT_SNAPSHOT,True
VAKBN.IS,2023Q4,2023-12-31,2024-03-15,1,False,False,UNKNOWN_CURRENT_SNAPSHOT,True
VAKBN.IS,2024Q1,2024-03-31,2024-05-15,1,False,False,UNKNOWN_CURRENT_SNAPSHOT,True
VAKBN.IS,2024Q2,2024-06-30,2024-08-15,1,False,False,UNKNOWN_CURRENT_SNAPSHOT,True
VAKBN.IS,2024Q3,2024-09-30,2024-11-15,1,False,False,UNKNOWN_CURRENT_SNAPSHOT,True
VAKBN.IS,2024Q4,2024-12-31,2025-03-15,1,False,False,UNKNOWN_CURRENT_SNAPSHOT,True
VAKBN.IS,2025Q1,2025-03-31,2025-05-15,1,False,False,UNKNOWN_CURRENT_SNAPSHOT,True
VAKBN.IS,2025Q2,2025-06-30,2025-08-15,1,False,False,UNKNOWN_CURRENT_SNAPSHOT,True
VAKBN.IS,2025Q3,2025-09-30,2025-11-15,1,False,False,UNKNOWN_CURRENT_SNAPSHOT,True
VAKBN.IS,2025Q4,2025-12-31,2026-03-15,1,False,False,UNKNOWN_CURRENT_SNAPSHOT,True
VAKBN.IS,2026Q1,2026-03-31,2026-05-15,1,False,False,UNKNOWN_CURRENT_SNAPSHOT,True
VAKBN.IS,2026Q2,2026-06-30,2026-08-15,1,False,False,UNKNOWN_CURRENT_SNAPSHOT,True
VESTL.IS,2018Q1,2018-03-31,2018-05-15,1,False,False,UNKNOWN_CURRENT_SNAPSHOT,True
VESTL.IS,2018Q2,2018-06-30,2018-08-15,1,False,False,UNKNOWN_CURRENT_SNAPSHOT,True
VESTL.IS,2018Q3,2018-09-30,2018-11-15,1,False,False,UNKNOWN_CURRENT_SNAPSHOT,True
VESTL.IS,2018Q4,2018-12-31,2019-03-15,1,False,False,UNKNOWN_CURRENT_SNAPSHOT,True
VESTL.IS,2019Q1,2019-03-31,2019-05-15,1,False,False,UNKNOWN_CURRENT_SNAPSHOT,True
VESTL.IS,2019Q2,2019-06-30,2019-08-15,1,False,False,UNKNOWN_CURRENT_SNAPSHOT,True
VESTL.IS,2019Q3,2019-09-30,2019-11-15,1,False,False,UNKNOWN_CURRENT_SNAPSHOT,True
VESTL.IS,2019Q4,2019-12-31,2020-03-15,1,False,False,UNKNOWN_CURRENT_SNAPSHOT,True
VESTL.IS,2020Q1,2020-03-31,2020-05-15,1,False,False,UNKNOWN_CURRENT_SNAPSHOT,True
VESTL.IS,2020Q2,2020-06-30,2020-08-15,1,False,False,UNKNOWN_CURRENT_SNAPSHOT,True
VESTL.IS,2020Q3,2020-09-30,2020-11-15,1,False,False,UNKNOWN_CURRENT_SNAPSHOT,True
VESTL.IS,2020Q4,2020-12-31,2021-03-15,1,False,False,UNKNOWN_CURRENT_SNAPSHOT,True
VESTL.IS,2021Q1,2021-03-31,2021-05-15,1,False,False,UNKNOWN_CURRENT_SNAPSHOT,True
VESTL.IS,2021Q2,2021-06-30,2021-08-15,1,False,False,UNKNOWN_CURRENT_SNAPSHOT,True
VESTL.IS,2021Q3,2021-09-30,2021-11-15,1,False,False,UNKNOWN_CURRENT_SNAPSHOT,True
VESTL.IS,2021Q4,2021-12-31,2022-03-15,1,False,False,UNKNOWN_CURRENT_SNAPSHOT,True
VESTL.IS,2022Q1,2022-03-31,2022-05-15,1,False,False,UNKNOWN_CURRENT_SNAPSHOT,True
VESTL.IS,2022Q2,2022-06-30,2022-08-15,1,False,False,UNKNOWN_CURRENT_SNAPSHOT,True
VESTL.IS,2022Q3,2022-09-30,2022-11-15,1,False,False,UNKNOWN_CURRENT_SNAPSHOT,True
VESTL.IS,2022Q4,2022-12-31,2023-03-15,1,False,False,UNKNOWN_CURRENT_SNAPSHOT,True
VESTL.IS,2023Q1,2023-03-31,2023-05-15,1,False,False,UNKNOWN_CURRENT_SNAPSHOT,True
VESTL.IS,2023Q2,2023-06-30,2023-08-15,1,False,False,UNKNOWN_CURRENT_SNAPSHOT,True
VESTL.IS,2023Q3,2023-09-30,2023-11-15,1,False,False,UNKNOWN_CURRENT_SNAPSHOT,True
VESTL.IS,2023Q4,2023-12-31,2024-03-15,1,False,False,UNKNOWN_CURRENT_SNAPSHOT,True
VESTL.IS,2024Q1,2024-03-31,2024-05-15,1,False,False,UNKNOWN_CURRENT_SNAPSHOT,True
VESTL.IS,2024Q2,2024-06-30,2024-08-15,1,False,False,UNKNOWN_CURRENT_SNAPSHOT,True
VESTL.IS,2024Q3,2024-09-30,2024-11-15,1,False,False,UNKNOWN_CURRENT_SNAPSHOT,True
VESTL.IS,2024Q4,2024-12-31,2025-03-15,1,False,False,UNKNOWN_CURRENT_SNAPSHOT,True
VESTL.IS,2025Q1,2025-03-31,2025-05-15,1,False,False,UNKNOWN_CURRENT_SNAPSHOT,True
VESTL.IS,2025Q2,2025-06-30,2025-08-15,1,False,False,UNKNOWN_CURRENT_SNAPSHOT,True
VESTL.IS,2025Q3,2025-09-30,2025-11-15,1,False,False,UNKNOWN_CURRENT_SNAPSHOT,True
VESTL.IS,2025Q4,2025-12-31,2026-03-15,1,False,False,UNKNOWN_CURRENT_SNAPSHOT,True
VESTL.IS,2026Q1,2026-03-31,2026-05-15,1,False,False,UNKNOWN_CURRENT_SNAPSHOT,True
VESTL.IS,2026Q2,2026-06-30,2026-08-15,1,False,False,UNKNOWN_CURRENT_SNAPSHOT,True
YKBNK.IS,2018Q1,2018-03-31,2018-05-15,1,False,False,UNKNOWN_CURRENT_SNAPSHOT,True
YKBNK.IS,2018Q2,2018-06-30,2018-08-15,1,False,False,UNKNOWN_CURRENT_SNAPSHOT,True
YKBNK.IS,2018Q3,2018-09-30,2018-11-15,1,False,False,UNKNOWN_CURRENT_SNAPSHOT,True
YKBNK.IS,2018Q4,2018-12-31,2019-03-15,1,False,False,UNKNOWN_CURRENT_SNAPSHOT,True
YKBNK.IS,2019Q1,2019-03-31,2019-05-15,1,False,False,UNKNOWN_CURRENT_SNAPSHOT,True
YKBNK.IS,2019Q2,2019-06-30,2019-08-15,1,False,False,UNKNOWN_CURRENT_SNAPSHOT,True
YKBNK.IS,2019Q3,2019-09-30,2019-11-15,1,False,False,UNKNOWN_CURRENT_SNAPSHOT,True
YKBNK.IS,2019Q4,2019-12-31,2020-03-15,1,False,False,UNKNOWN_CURRENT_SNAPSHOT,True
YKBNK.IS,2020Q1,2020-03-31,2020-05-15,1,False,False,UNKNOWN_CURRENT_SNAPSHOT,True
YKBNK.IS,2020Q2,2020-06-30,2020-08-15,1,False,False,UNKNOWN_CURRENT_SNAPSHOT,True
YKBNK.IS,2020Q3,2020-09-30,2020-11-15,1,False,False,UNKNOWN_CURRENT_SNAPSHOT,True
YKBNK.IS,2020Q4,2020-12-31,2021-03-15,1,False,False,UNKNOWN_CURRENT_SNAPSHOT,True
YKBNK.IS,2021Q1,2021-03-31,2021-05-15,1,False,False,UNKNOWN_CURRENT_SNAPSHOT,True
YKBNK.IS,2021Q2,2021-06-30,2021-08-15,1,False,False,UNKNOWN_CURRENT_SNAPSHOT,True
YKBNK.IS,2021Q3,2021-09-30,2021-11-15,1,False,False,UNKNOWN_CURRENT_SNAPSHOT,True
YKBNK.IS,2021Q4,2021-12-31,2022-03-15,1,False,False,UNKNOWN_CURRENT_SNAPSHOT,True
YKBNK.IS,2022Q1,2022-03-31,2022-05-15,1,False,False,UNKNOWN_CURRENT_SNAPSHOT,True
YKBNK.IS,2022Q2,2022-06-30,2022-08-15,1,False,False,UNKNOWN_CURRENT_SNAPSHOT,True
YKBNK.IS,2022Q3,2022-09-30,2022-11-15,1,False,False,UNKNOWN_CURRENT_SNAPSHOT,True
YKBNK.IS,2022Q4,2022-12-31,2023-03-15,1,False,False,UNKNOWN_CURRENT_SNAPSHOT,True
YKBNK.IS,2023Q1,2023-03-31,2023-05-15,1,False,False,UNKNOWN_CURRENT_SNAPSHOT,True
YKBNK.IS,2023Q2,2023-06-30,2023-08-15,1,False,False,UNKNOWN_CURRENT_SNAPSHOT,True
YKBNK.IS,2023Q3,2023-09-30,2023-11-15,1,False,False,UNKNOWN_CURRENT_SNAPSHOT,True
YKBNK.IS,2023Q4,2023-12-31,2024-03-15,1,False,False,UNKNOWN_CURRENT_SNAPSHOT,True
YKBNK.IS,2024Q1,2024-03-31,2024-05-15,1,False,False,UNKNOWN_CURRENT_SNAPSHOT,True
YKBNK.IS,2024Q2,2024-06-30,2024-08-15,1,False,False,UNKNOWN_CURRENT_SNAPSHOT,True
YKBNK.IS,2024Q3,2024-09-30,2024-11-15,1,False,False,UNKNOWN_CURRENT_SNAPSHOT,True
YKBNK.IS,2024Q4,2024-12-31,2025-03-15,1,False,False,UNKNOWN_CURRENT_SNAPSHOT,True
YKBNK.IS,2025Q1,2025-03-31,2025-05-15,1,False,False,UNKNOWN_CURRENT_SNAPSHOT,True
YKBNK.IS,2025Q2,2025-06-30,2025-08-15,1,False,False,UNKNOWN_CURRENT_SNAPSHOT,True
YKBNK.IS,2025Q3,2025-09-30,2025-11-15,1,False,False,UNKNOWN_CURRENT_SNAPSHOT,True
YKBNK.IS,2025Q4,2025-12-31,2026-03-15,1,False,False,UNKNOWN_CURRENT_SNAPSHOT,True
YKBNK.IS,2026Q1,2026-03-31,2026-05-15,1,False,False,UNKNOWN_CURRENT_SNAPSHOT,True
YKBNK.IS,2026Q2,2026-06-30,2026-08-15,1,False,False,UNKNOWN_CURRENT_SNAPSHOT,True
