date,nav,outer_fold,architecture,cost_bps
2022-02-21,1.0,O1,FACTOR_COMPOSITE,0
2022-02-22,1.0100843538241417,O1,FACTOR_COMPOSITE,0
2022-02-23,1.0097960193404798,O1,FACTOR_COMPOSITE,0
2022-02-24,0.9319961770865701,O1,FACTOR_COMPOSITE,0
2022-02-25,0.9829950752504104,O1,FACTOR_COMPOSITE,0
2022-02-28,0.967877454016488,O1,FACTOR_COMPOSITE,0
2022-03-01,0.9885766258009382,O1,FACTOR_COMPOSITE,0
2022-03-02,1.0065950068176857,O1,FACTOR_COMPOSITE,0
2022-03-03,1.0234285312517657,O1,FACTOR_COMPOSITE,0
2022-03-04,1.0040746993949508,O1,FACTOR_COMPOSITE,0
2022-03-07,1.0003441362236842,O1,FACTOR_COMPOSITE,0
2022-03-08,1.0063174166116284,O1,FACTOR_COMPOSITE,0
2022-03-09,1.0360067553295211,O1,FACTOR_COMPOSITE,0
2022-03-10,1.0282236649838878,O1,FACTOR_COMPOSITE,0
2022-03-11,1.0332795096483673,O1,FACTOR_COMPOSITE,0
2022-03-14,1.056098786334011,O1,FACTOR_COMPOSITE,0
2022-03-15,1.0613774249991494,O1,FACTOR_COMPOSITE,0
2022-03-16,1.0712415991975657,O1,FACTOR_COMPOSITE,0
2022-03-17,1.0940395671207384,O1,FACTOR_COMPOSITE,0
2022-03-18,1.10785740692671,O1,FACTOR_COMPOSITE,0
2022-03-21,1.1308330902045702,O1,FACTOR_COMPOSITE,0
2022-03-22,1.1584656821863184,O1,FACTOR_COMPOSITE,0
2022-03-23,1.1551710364684404,O1,FACTOR_COMPOSITE,0
2022-03-24,1.148579162809823,O1,FACTOR_COMPOSITE,0
2022-03-25,1.1489020597046296,O1,FACTOR_COMPOSITE,0
2022-03-28,1.1579646975071458,O1,FACTOR_COMPOSITE,0
2022-03-29,1.1908627859543641,O1,FACTOR_COMPOSITE,0
2022-03-30,1.2133057415728807,O1,FACTOR_COMPOSITE,0
2022-03-31,1.2198247607743862,O1,FACTOR_COMPOSITE,0
2022-04-01,1.224150101583931,O1,FACTOR_COMPOSITE,0
2022-04-04,1.2567415811895135,O1,FACTOR_COMPOSITE,0
2022-04-05,1.2759134242260706,O1,FACTOR_COMPOSITE,0
2022-04-06,1.300717866019919,O1,FACTOR_COMPOSITE,0
2022-04-07,1.3450319670501063,O1,FACTOR_COMPOSITE,0
2022-04-08,1.4011408346861176,O1,FACTOR_COMPOSITE,0
2022-04-11,1.4530928640276737,O1,FACTOR_COMPOSITE,0
2022-04-12,1.4373677888960368,O1,FACTOR_COMPOSITE,0
2022-04-13,1.4149231688098909,O1,FACTOR_COMPOSITE,0
2022-04-14,1.4016552353603227,O1,FACTOR_COMPOSITE,0
2022-04-15,1.4323059500673392,O1,FACTOR_COMPOSITE,0
2022-04-18,1.41164773777275,O1,FACTOR_COMPOSITE,0
2022-04-19,1.3932948465486206,O1,FACTOR_COMPOSITE,0
2022-04-20,1.39482211668168,O1,FACTOR_COMPOSITE,0
2022-04-21,1.409113171297214,O1,FACTOR_COMPOSITE,0
2022-04-22,1.3708894990984213,O1,FACTOR_COMPOSITE,0
2022-04-25,1.382980600754389,O1,FACTOR_COMPOSITE,0
2022-04-26,1.3729889795848547,O1,FACTOR_COMPOSITE,0
2022-04-27,1.3977602321275078,O1,FACTOR_COMPOSITE,0
2022-04-28,1.3884922580497656,O1,FACTOR_COMPOSITE,0
2022-04-29,1.389419749605335,O1,FACTOR_COMPOSITE,0
2022-05-05,1.402821977100451,O1,FACTOR_COMPOSITE,0
2022-05-06,1.3920516430456489,O1,FACTOR_COMPOSITE,0
2022-05-09,1.3984525386585307,O1,FACTOR_COMPOSITE,0
2022-05-10,1.4092388954065298,O1,FACTOR_COMPOSITE,0
2022-05-11,1.394122227494829,O1,FACTOR_COMPOSITE,0
2022-05-12,1.3621016880392904,O1,FACTOR_COMPOSITE,0
2022-05-13,1.4023697678361742,O1,FACTOR_COMPOSITE,0
2022-05-16,1.3996768625239573,O1,FACTOR_COMPOSITE,0
2022-05-17,1.4053809103376602,O1,FACTOR_COMPOSITE,0
2022-05-18,1.4161160542055298,O1,FACTOR_COMPOSITE,0
2022-05-20,1.422196285483859,O1,FACTOR_COMPOSITE,0
2022-05-23,1.422849231581832,O1,FACTOR_COMPOSITE,0
2022-05-24,1.42218008068714,O1,FACTOR_COMPOSITE,0
2022-05-25,1.4517115895039874,O1,FACTOR_COMPOSITE,0
2022-05-26,1.4734765324968848,O1,FACTOR_COMPOSITE,0
2022-05-27,1.4598578856644822,O1,FACTOR_COMPOSITE,0
2022-05-30,1.5209455576403372,O1,FACTOR_COMPOSITE,0
2022-05-31,1.5369037725437973,O1,FACTOR_COMPOSITE,0
2022-06-01,1.5381115330340958,O1,FACTOR_COMPOSITE,0
2022-06-02,1.5583124003485729,O1,FACTOR_COMPOSITE,0
2022-06-03,1.5547349338599363,O1,FACTOR_COMPOSITE,0
2022-06-06,1.5882182291727855,O1,FACTOR_COMPOSITE,0
2022-06-07,1.592999173422611,O1,FACTOR_COMPOSITE,0
2022-06-08,1.5301195277443067,O1,FACTOR_COMPOSITE,0
2022-06-09,1.553623974738376,O1,FACTOR_COMPOSITE,0
2022-06-10,1.5489644170712171,O1,FACTOR_COMPOSITE,0
2022-06-13,1.5335513613045815,O1,FACTOR_COMPOSITE,0
2022-06-14,1.5025512785583488,O1,FACTOR_COMPOSITE,0
2022-06-15,1.5196366550808036,O1,FACTOR_COMPOSITE,0
2022-06-16,1.4934985007831645,O1,FACTOR_COMPOSITE,0
2022-06-17,1.5125322157753949,O1,FACTOR_COMPOSITE,0
2022-06-20,1.5165297126645285,O1,FACTOR_COMPOSITE,0
2022-06-21,1.5393196939316247,O1,FACTOR_COMPOSITE,0
2022-06-22,1.5324442492984243,O1,FACTOR_COMPOSITE,0
2022-06-23,1.5179336703277873,O1,FACTOR_COMPOSITE,0
2022-06-24,1.541563019709256,O1,FACTOR_COMPOSITE,0
2022-06-27,1.5155593912920238,O1,FACTOR_COMPOSITE,0
2022-06-28,1.5097808183474397,O1,FACTOR_COMPOSITE,0
2022-06-29,1.459275615017068,O1,FACTOR_COMPOSITE,0
2022-06-30,1.4854474804829316,O1,FACTOR_COMPOSITE,0
2022-07-01,1.5023191564082177,O1,FACTOR_COMPOSITE,0
2022-07-04,1.4545825305031745,O1,FACTOR_COMPOSITE,0
2022-07-05,1.4636510669214382,O1,FACTOR_COMPOSITE,0
2022-07-06,1.4993110345928544,O1,FACTOR_COMPOSITE,0
2022-07-07,1.5263342094931762,O1,FACTOR_COMPOSITE,0
2022-07-08,1.5358183200715272,O1,FACTOR_COMPOSITE,0
2022-07-13,1.5338518654292315,O1,FACTOR_COMPOSITE,0
2022-07-14,1.5335468757901154,O1,FACTOR_COMPOSITE,0
2022-07-18,1.5656769149733807,O1,FACTOR_COMPOSITE,0
2022-07-19,1.5913634631228655,O1,FACTOR_COMPOSITE,0
2022-07-20,1.5881390497626986,O1,FACTOR_COMPOSITE,0
2022-07-21,1.5873866519209106,O1,FACTOR_COMPOSITE,0
2022-07-22,1.5991488859982164,O1,FACTOR_COMPOSITE,0
2022-07-25,1.6239231846187108,O1,FACTOR_COMPOSITE,0
2022-07-26,1.6098360212967855,O1,FACTOR_COMPOSITE,0
2022-07-27,1.618580130558571,O1,FACTOR_COMPOSITE,0
2022-07-28,1.6238131585161428,O1,FACTOR_COMPOSITE,0
2022-07-29,1.6487288989074138,O1,FACTOR_COMPOSITE,0
2022-08-01,1.712287832196115,O1,FACTOR_COMPOSITE,0
2022-08-02,1.7324927594778203,O1,FACTOR_COMPOSITE,0
2022-08-03,1.7586939916763078,O1,FACTOR_COMPOSITE,0
2022-08-04,1.7610472104669426,O1,FACTOR_COMPOSITE,0
2022-08-05,1.8091539485611752,O1,FACTOR_COMPOSITE,0
2022-08-08,1.8580450727134106,O1,FACTOR_COMPOSITE,0
2022-08-09,1.8476996395947225,O1,FACTOR_COMPOSITE,0
2022-08-10,1.8603364934970443,O1,FACTOR_COMPOSITE,0
2022-08-11,1.8941845633177836,O1,FACTOR_COMPOSITE,0
2022-08-12,1.8709246653016423,O1,FACTOR_COMPOSITE,0
2022-08-15,1.8822787930093474,O1,FACTOR_COMPOSITE,0
2022-08-16,1.9254274002263096,O1,FACTOR_COMPOSITE,0
2022-08-17,1.9900896328251356,O1,FACTOR_COMPOSITE,0
2022-08-18,1.9995748720322366,O1,FACTOR_COMPOSITE,0
2022-08-19,2.035106425969718,O1,FACTOR_COMPOSITE,0
2022-08-22,2.077105280942352,O1,FACTOR_COMPOSITE,0
2022-08-23,2.104552169289531,O1,FACTOR_COMPOSITE,0
2022-08-24,2.092126442817686,O1,FACTOR_COMPOSITE,0
2022-08-25,2.1207349359831085,O1,FACTOR_COMPOSITE,0
2022-08-26,2.0802764345453,O1,FACTOR_COMPOSITE,0
2022-08-29,2.0693118425861186,O1,FACTOR_COMPOSITE,0
2022-08-31,2.06627772377338,O1,FACTOR_COMPOSITE,0
2022-09-01,2.035529462335973,O1,FACTOR_COMPOSITE,0
2022-09-02,2.029126430032998,O1,FACTOR_COMPOSITE,0
2022-09-05,2.0666755569091637,O1,FACTOR_COMPOSITE,0
2022-09-06,2.0354530139722327,O1,FACTOR_COMPOSITE,0
2022-09-07,2.0380424669737813,O1,FACTOR_COMPOSITE,0
2022-09-08,2.0487908575501863,O1,FACTOR_COMPOSITE,0
2022-09-09,2.0564690043309772,O1,FACTOR_COMPOSITE,0
2022-09-12,2.079851707050123,O1,FACTOR_COMPOSITE,0
2022-09-13,1.976935483513998,O1,FACTOR_COMPOSITE,0
2022-09-14,2.045866012519877,O1,FACTOR_COMPOSITE,0
2022-09-15,2.053959508590382,O1,FACTOR_COMPOSITE,0
2022-09-16,2.1179009862201483,O1,FACTOR_COMPOSITE,0
2022-09-19,2.083653947407024,O1,FACTOR_COMPOSITE,0
2022-09-20,2.127496802487295,O1,FACTOR_COMPOSITE,0
2022-09-21,2.1174142242636877,O1,FACTOR_COMPOSITE,0
2022-09-22,2.164352270183075,O1,FACTOR_COMPOSITE,0
2022-09-23,2.205888902392061,O1,FACTOR_COMPOSITE,0
2022-09-26,2.2238152267023104,O1,FACTOR_COMPOSITE,0
2022-09-27,2.2614409436320044,O1,FACTOR_COMPOSITE,0
2022-09-28,2.2661819833485266,O1,FACTOR_COMPOSITE,0
2022-09-29,2.182474292193553,O1,FACTOR_COMPOSITE,0
2022-09-30,2.259146385477381,O1,FACTOR_COMPOSITE,0
2022-10-03,2.345099525925871,O1,FACTOR_COMPOSITE,0
2022-10-04,2.4257406245770667,O1,FACTOR_COMPOSITE,0
2022-10-05,2.4688288608710325,O1,FACTOR_COMPOSITE,0
2022-10-06,2.496081905446887,O1,FACTOR_COMPOSITE,0
2022-10-07,2.5308543837938107,O1,FACTOR_COMPOSITE,0
2022-10-10,2.5734186161442447,O1,FACTOR_COMPOSITE,0
2022-10-11,2.521514909576737,O1,FACTOR_COMPOSITE,0
2022-10-12,2.5665795432165446,O1,FACTOR_COMPOSITE,0
2022-10-13,2.643989310203839,O1,FACTOR_COMPOSITE,0
2022-10-14,2.6776006014846305,O1,FACTOR_COMPOSITE,0
2022-10-17,2.8118443355219584,O1,FACTOR_COMPOSITE,0
2022-10-18,2.8445616258531334,O1,FACTOR_COMPOSITE,0
2022-10-19,2.868246792203041,O1,FACTOR_COMPOSITE,0
2022-10-20,2.8659396623009536,O1,FACTOR_COMPOSITE,0
2022-10-21,2.905808883361162,O1,FACTOR_COMPOSITE,0
2022-10-24,2.932277973957925,O1,FACTOR_COMPOSITE,0
2022-10-25,2.933320182821144,O1,FACTOR_COMPOSITE,0
2022-10-26,2.9745385631702397,O1,FACTOR_COMPOSITE,0
2022-10-27,2.9953229286489735,O1,FACTOR_COMPOSITE,0
2022-10-28,2.9486031308283343,O1,FACTOR_COMPOSITE,0
2022-10-31,3.0391916165111468,O1,FACTOR_COMPOSITE,0
2022-11-01,3.1333966839824283,O1,FACTOR_COMPOSITE,0
2022-11-02,3.131872807333772,O1,FACTOR_COMPOSITE,0
2022-11-03,3.1778903477895004,O1,FACTOR_COMPOSITE,0
2022-11-04,3.23379111345675,O1,FACTOR_COMPOSITE,0
2022-11-07,3.2799818538560697,O1,FACTOR_COMPOSITE,0
2022-11-08,3.344505388124686,O1,FACTOR_COMPOSITE,0
2022-11-09,3.4295756112215643,O1,FACTOR_COMPOSITE,0
2022-11-10,3.437089729216692,O1,FACTOR_COMPOSITE,0
2022-11-11,3.500500195272193,O1,FACTOR_COMPOSITE,0
2022-02-21,1.0,O1,FACTOR_COMPOSITE,30
2022-02-22,1.0070843538241416,O1,FACTOR_COMPOSITE,30
2022-02-23,1.00679601934048,O1,FACTOR_COMPOSITE,30
2022-02-24,0.92899617708657,O1,FACTOR_COMPOSITE,30
2022-02-25,0.9799950752504104,O1,FACTOR_COMPOSITE,30
2022-02-28,0.964877454016488,O1,FACTOR_COMPOSITE,30
2022-03-01,0.9855766258009381,O1,FACTOR_COMPOSITE,30
2022-03-02,1.0035950068176855,O1,FACTOR_COMPOSITE,30
2022-03-03,1.0204285312517658,O1,FACTOR_COMPOSITE,30
2022-03-04,1.0010746993949506,O1,FACTOR_COMPOSITE,30
2022-03-07,0.9973441362236845,O1,FACTOR_COMPOSITE,30
2022-03-08,1.0033174166116285,O1,FACTOR_COMPOSITE,30
2022-03-09,1.0330067553295212,O1,FACTOR_COMPOSITE,30
2022-03-10,1.0252236649838877,O1,FACTOR_COMPOSITE,30
2022-03-11,1.0302795096483672,O1,FACTOR_COMPOSITE,30
2022-03-14,1.053098786334011,O1,FACTOR_COMPOSITE,30
2022-03-15,1.0583774249991493,O1,FACTOR_COMPOSITE,30
2022-03-16,1.0682415991975656,O1,FACTOR_COMPOSITE,30
2022-03-17,1.0910395671207385,O1,FACTOR_COMPOSITE,30
2022-03-18,1.10485740692671,O1,FACTOR_COMPOSITE,30
2022-03-21,1.1278330902045703,O1,FACTOR_COMPOSITE,30
2022-03-22,1.1554656821863185,O1,FACTOR_COMPOSITE,30
2022-03-23,1.1521710364684403,O1,FACTOR_COMPOSITE,30
2022-03-24,1.145579162809823,O1,FACTOR_COMPOSITE,30
2022-03-25,1.1459020597046294,O1,FACTOR_COMPOSITE,30
2022-03-28,1.1549646975071457,O1,FACTOR_COMPOSITE,30
2022-03-29,1.187862785954364,O1,FACTOR_COMPOSITE,30
2022-03-30,1.2103057415728806,O1,FACTOR_COMPOSITE,30
2022-03-31,1.216824760774386,O1,FACTOR_COMPOSITE,30
2022-04-01,1.2211501015839312,O1,FACTOR_COMPOSITE,30
2022-04-04,1.2537415811895134,O1,FACTOR_COMPOSITE,30
2022-04-05,1.2729134242260705,O1,FACTOR_COMPOSITE,30
2022-04-06,1.297717866019919,O1,FACTOR_COMPOSITE,30
2022-04-07,1.3420319670501064,O1,FACTOR_COMPOSITE,30
2022-04-08,1.3981408346861175,O1,FACTOR_COMPOSITE,30
2022-04-11,1.4500928640276736,O1,FACTOR_COMPOSITE,30
2022-04-12,1.4343677888960367,O1,FACTOR_COMPOSITE,30
2022-04-13,1.411923168809891,O1,FACTOR_COMPOSITE,30
2022-04-14,1.3986552353603228,O1,FACTOR_COMPOSITE,30
2022-04-15,1.4293059500673393,O1,FACTOR_COMPOSITE,30
2022-04-18,1.4086477377727502,O1,FACTOR_COMPOSITE,30
2022-04-19,1.3902948465486207,O1,FACTOR_COMPOSITE,30
2022-04-20,1.39182211668168,O1,FACTOR_COMPOSITE,30
2022-04-21,1.4061131712972141,O1,FACTOR_COMPOSITE,30
2022-04-22,1.3678894990984214,O1,FACTOR_COMPOSITE,30
2022-04-25,1.379980600754389,O1,FACTOR_COMPOSITE,30
2022-04-26,1.3699889795848545,O1,FACTOR_COMPOSITE,30
2022-04-27,1.3947602321275077,O1,FACTOR_COMPOSITE,30
2022-04-28,1.385492258049766,O1,FACTOR_COMPOSITE,30
2022-04-29,1.3864197496053352,O1,FACTOR_COMPOSITE,30
2022-05-05,1.3998219771004512,O1,FACTOR_COMPOSITE,30
2022-05-06,1.3890516430456488,O1,FACTOR_COMPOSITE,30
2022-05-09,1.3954525386585306,O1,FACTOR_COMPOSITE,30
2022-05-10,1.40623889540653,O1,FACTOR_COMPOSITE,30
2022-05-11,1.391122227494829,O1,FACTOR_COMPOSITE,30
2022-05-12,1.3591016880392903,O1,FACTOR_COMPOSITE,30
2022-05-13,1.3993697678361743,O1,FACTOR_COMPOSITE,30
2022-05-16,1.3966768625239576,O1,FACTOR_COMPOSITE,30
2022-05-17,1.40238091033766,O1,FACTOR_COMPOSITE,30
2022-05-18,1.4131160542055299,O1,FACTOR_COMPOSITE,30
2022-05-20,1.419196285483859,O1,FACTOR_COMPOSITE,30
2022-05-23,1.4160898749808908,O1,FACTOR_COMPOSITE,30
2022-05-24,1.4154221235800564,O1,FACTOR_COMPOSITE,30
2022-05-25,1.444891868801406,O1,FACTOR_COMPOSITE,30
2022-05-26,1.4666112915622227,O1,FACTOR_COMPOSITE,30
2022-05-27,1.4530211274124831,O1,FACTOR_COMPOSITE,30
2022-05-30,1.5139810377394087,O1,FACTOR_COMPOSITE,30
2022-05-31,1.5299058768767924,O1,FACTOR_COMPOSITE,30
2022-06-01,1.531111111399629,O1,FACTOR_COMPOSITE,30
2022-06-02,1.5512697296639393,O1,FACTOR_COMPOSITE,30
2022-06-03,1.5476997452580659,O1,FACTOR_COMPOSITE,30
2022-06-06,1.581113012022071,O1,FACTOR_COMPOSITE,30
2022-06-07,1.5858839571787728,O1,FACTOR_COMPOSITE,30
2022-06-08,1.5231358209680268,O1,FACTOR_COMPOSITE,30
2022-06-09,1.546591109649003,O1,FACTOR_COMPOSITE,30
2022-06-10,1.541941297201323,O1,FACTOR_COMPOSITE,30
2022-06-13,1.526560477029138,O1,FACTOR_COMPOSITE,30
2022-06-14,1.4956252293234382,O1,FACTOR_COMPOSITE,30
2022-06-15,1.5126748726806492,O1,FACTOR_COMPOSITE,30
2022-06-16,1.4865913849562318,O1,FACTOR_COMPOSITE,30
2022-06-17,1.5055852919359123,O1,FACTOR_COMPOSITE,30
2022-06-20,1.509574428270819,O1,FACTOR_COMPOSITE,30
2022-06-21,1.532316745492265,O1,FACTOR_COMPOSITE,30
2022-06-22,1.525455680489439,O1,FACTOR_COMPOSITE,30
2022-06-23,1.5109754496305605,O1,FACTOR_COMPOSITE,30
2022-06-24,1.5345553794721705,O1,FACTOR_COMPOSITE,30
2022-06-27,1.5086061362743663,O1,FACTOR_COMPOSITE,30
2022-06-28,1.5028396489107834,O1,FACTOR_COMPOSITE,30
2022-06-29,1.452440074553464,O1,FACTOR_COMPOSITE,30
2022-06-30,1.478557202940973,O1,FACTOR_COMPOSITE,30
2022-07-01,1.4953935926445605,O1,FACTOR_COMPOSITE,30
2022-07-04,1.4477568053786836,O1,FACTOR_COMPOSITE,30
2022-07-05,1.4568063754305967,O1,FACTOR_COMPOSITE,30
2022-07-06,1.4923917621575593,O1,FACTOR_COMPOSITE,30
2022-07-07,1.5193584195106755,O1,FACTOR_COMPOSITE,30
2022-07-08,1.5288226945712056,O1,FACTOR_COMPOSITE,30
2022-07-13,1.5268603526652362,O1,FACTOR_COMPOSITE,30
2022-07-14,1.5265560008958892,O1,FACTOR_COMPOSITE,30
2022-07-18,1.55861884179424,O1,FACTOR_COMPOSITE,30
2022-07-19,1.5842516678809793,O1,FACTOR_COMPOSITE,30
2022-07-20,1.5810339982115507,O1,FACTOR_COMPOSITE,30
2022-07-21,1.5802831739702257,O1,FACTOR_COMPOSITE,30
2022-07-22,1.5920208079543834,O1,FACTOR_COMPOSITE,30
2022-07-25,1.616743292433981,O1,FACTOR_COMPOSITE,30
2022-07-26,1.602685591672283,O1,FACTOR_COMPOSITE,30
2022-07-27,1.6114114130900312,O1,FACTOR_COMPOSITE,30
2022-07-28,1.6166334964452123,O1,FACTOR_COMPOSITE,30
2022-07-29,1.6414971268775718,O1,FACTOR_COMPOSITE,30
2022-08-01,1.7049231300044505,O1,FACTOR_COMPOSITE,30
2022-08-02,1.7250857997447808,O1,FACTOR_COMPOSITE,30
2022-08-03,1.7512322334459385,O1,FACTOR_COMPOSITE,30
2022-08-04,1.7535805306033985,O1,FACTOR_COMPOSITE,30
2022-08-05,1.8015866559883118,O1,FACTOR_COMPOSITE,30
2022-08-08,1.8503755269290942,O1,FACTOR_COMPOSITE,30
2022-08-09,1.8400517307389612,O1,FACTOR_COMPOSITE,30
2022-08-10,1.8526621553268308,O1,FACTOR_COMPOSITE,30
2022-08-11,1.8864394336920525,O1,FACTOR_COMPOSITE,30
2022-08-12,1.8632281825276948,O1,FACTOR_COMPOSITE,30
2022-08-15,1.8745585636752322,O1,FACTOR_COMPOSITE,30
2022-08-16,1.917616927852499,O1,FACTOR_COMPOSITE,30
2022-08-17,1.9821439227970974,O1,FACTOR_COMPOSITE,30
2022-08-18,1.9843234404752528,O1,FACTOR_COMPOSITE,30
2022-08-19,2.0197132798556283,O1,FACTOR_COMPOSITE,30
2022-08-22,2.0615446259953574,O1,FACTOR_COMPOSITE,30
2022-08-23,2.0888820447811183,O1,FACTOR_COMPOSITE,30
2022-08-24,2.07650587725417,O1,FACTOR_COMPOSITE,30
2022-08-25,2.1050002678969295,O1,FACTOR_COMPOSITE,30
2022-08-26,2.064703131723993,O1,FACTOR_COMPOSITE,30
2022-08-29,2.0537822710999523,O1,FACTOR_COMPOSITE,30
2022-08-31,2.050760253610013,O1,FACTOR_COMPOSITE,30
2022-09-01,2.0201346289776,O1,FACTOR_COMPOSITE,30
2022-09-02,2.0137571346200955,O1,FACTOR_COMPOSITE,30
2022-09-05,2.051156500022437,O1,FACTOR_COMPOSITE,30
2022-09-06,2.0200584855216053,O1,FACTOR_COMPOSITE,30
2022-09-07,2.022637610711825,O1,FACTOR_COMPOSITE,30
2022-09-08,2.0333431322537714,O1,FACTOR_COMPOSITE,30
2022-09-09,2.0409906554043,O1,FACTOR_COMPOSITE,30
2022-09-12,2.0642800982180223,O1,FACTOR_COMPOSITE,30
2022-09-13,1.9617743472174647,O1,FACTOR_COMPOSITE,30
2022-09-14,2.030429952717147,O1,FACTOR_COMPOSITE,30
2022-09-15,2.0384911685723517,O1,FACTOR_COMPOSITE,30
2022-09-16,2.102177621099672,O1,FACTOR_COMPOSITE,30
2022-09-19,2.0680671736651886,O1,FACTOR_COMPOSITE,30
2022-09-20,2.1117351652761935,O1,FACTOR_COMPOSITE,30
2022-09-21,2.10169280055155,O1,FACTOR_COMPOSITE,30
2022-09-22,2.148443638098329,O1,FACTOR_COMPOSITE,30
2022-09-23,2.1898146050102807,O1,FACTOR_COMPOSITE,30
2022-09-26,2.207669431712668,O1,FACTOR_COMPOSITE,30
2022-09-27,2.2451450816956746,O1,FACTOR_COMPOSITE,30
2022-09-28,2.249867212181691,O1,FACTOR_COMPOSITE,30
2022-09-29,2.166493381977443,O1,FACTOR_COMPOSITE,30
2022-09-30,2.2428596751895604,O1,FACTOR_COMPOSITE,30
2022-10-03,2.3284699989052986,O1,FACTOR_COMPOSITE,30
2022-10-04,2.4087894674471,O1,FACTOR_COMPOSITE,30
2022-10-05,2.451705850004143,O1,FACTOR_COMPOSITE,30
2022-10-06,2.478850198147845,O1,FACTOR_COMPOSITE,30
2022-10-07,2.5134839894455885,O1,FACTOR_COMPOSITE,30
2022-10-10,2.5558784580039102,O1,FACTOR_COMPOSITE,30
2022-10-11,2.504181764920847,O1,FACTOR_COMPOSITE,30
2022-10-12,2.549066662132334,O1,FACTOR_COMPOSITE,30
2022-10-13,2.626167686899586,O1,FACTOR_COMPOSITE,30
2022-10-14,2.6596449224262724,O1,FACTOR_COMPOSITE,30
2022-10-17,2.7933532368378016,O1,FACTOR_COMPOSITE,30
2022-10-18,2.8259400370610264,O1,FACTOR_COMPOSITE,30
2022-10-19,2.8495307371552454,O1,FACTOR_COMPOSITE,30
2022-10-20,2.8472328090430046,O1,FACTOR_COMPOSITE,30
2022-10-21,2.8869430151326148,O1,FACTOR_COMPOSITE,30
2022-10-24,2.9133065360304706,O1,FACTOR_COMPOSITE,30
2022-10-25,2.9143445881329777,O1,FACTOR_COMPOSITE,30
2022-10-26,2.9553985725053,O1,FACTOR_COMPOSITE,30
2022-10-27,2.9761000413239644,O1,FACTOR_COMPOSITE,30
2022-10-28,2.9295665814120984,O1,FACTOR_COMPOSITE,30
2022-10-31,3.019793762685035,O1,FACTOR_COMPOSITE,30
2022-11-01,3.1136231013199906,O1,FACTOR_COMPOSITE,30
2022-11-02,3.1121053025227208,O1,FACTOR_COMPOSITE,30
2022-11-03,3.1579393059629783,O1,FACTOR_COMPOSITE,30
2022-11-04,3.2136171162181917,O1,FACTOR_COMPOSITE,30
2022-11-07,3.2596236288089115,O1,FACTOR_COMPOSITE,30
2022-11-08,3.323889816492071,O1,FACTOR_COMPOSITE,30
2022-11-09,3.40862074429637,O1,FACTOR_COMPOSITE,30
2022-11-10,3.4161048928759867,O1,FACTOR_COMPOSITE,30
2022-11-11,3.4792624517231867,O1,FACTOR_COMPOSITE,30
2022-02-21,1.0,O1,FACTOR_COMPOSITE,50
2022-02-22,1.0050843538241416,O1,FACTOR_COMPOSITE,50
2022-02-23,1.00479601934048,O1,FACTOR_COMPOSITE,50
2022-02-24,0.92699617708657,O1,FACTOR_COMPOSITE,50
2022-02-25,0.9779950752504104,O1,FACTOR_COMPOSITE,50
2022-02-28,0.9628774540164879,O1,FACTOR_COMPOSITE,50
2022-03-01,0.9835766258009381,O1,FACTOR_COMPOSITE,50
2022-03-02,1.0015950068176855,O1,FACTOR_COMPOSITE,50
2022-03-03,1.0184285312517658,O1,FACTOR_COMPOSITE,50
2022-03-04,0.9990746993949506,O1,FACTOR_COMPOSITE,50
2022-03-07,0.9953441362236845,O1,FACTOR_COMPOSITE,50
2022-03-08,1.0013174166116285,O1,FACTOR_COMPOSITE,50
2022-03-09,1.0310067553295212,O1,FACTOR_COMPOSITE,50
2022-03-10,1.0232236649838877,O1,FACTOR_COMPOSITE,50
2022-03-11,1.0282795096483672,O1,FACTOR_COMPOSITE,50
2022-03-14,1.051098786334011,O1,FACTOR_COMPOSITE,50
2022-03-15,1.0563774249991493,O1,FACTOR_COMPOSITE,50
2022-03-16,1.0662415991975656,O1,FACTOR_COMPOSITE,50
2022-03-17,1.0890395671207385,O1,FACTOR_COMPOSITE,50
2022-03-18,1.10285740692671,O1,FACTOR_COMPOSITE,50
2022-03-21,1.1258330902045701,O1,FACTOR_COMPOSITE,50
2022-03-22,1.1534656821863185,O1,FACTOR_COMPOSITE,50
2022-03-23,1.1501710364684403,O1,FACTOR_COMPOSITE,50
2022-03-24,1.143579162809823,O1,FACTOR_COMPOSITE,50
2022-03-25,1.1439020597046297,O1,FACTOR_COMPOSITE,50
2022-03-28,1.1529646975071457,O1,FACTOR_COMPOSITE,50
2022-03-29,1.1858627859543642,O1,FACTOR_COMPOSITE,50
2022-03-30,1.2083057415728806,O1,FACTOR_COMPOSITE,50
2022-03-31,1.214824760774386,O1,FACTOR_COMPOSITE,50
2022-04-01,1.219150101583931,O1,FACTOR_COMPOSITE,50
2022-04-04,1.2517415811895134,O1,FACTOR_COMPOSITE,50
2022-04-05,1.2709134242260705,O1,FACTOR_COMPOSITE,50
2022-04-06,1.295717866019919,O1,FACTOR_COMPOSITE,50
2022-04-07,1.3400319670501062,O1,FACTOR_COMPOSITE,50
2022-04-08,1.3961408346861175,O1,FACTOR_COMPOSITE,50
2022-04-11,1.4480928640276736,O1,FACTOR_COMPOSITE,50
2022-04-12,1.4323677888960369,O1,FACTOR_COMPOSITE,50
2022-04-13,1.409923168809891,O1,FACTOR_COMPOSITE,50
2022-04-14,1.3966552353603228,O1,FACTOR_COMPOSITE,50
2022-04-15,1.427305950067339,O1,FACTOR_COMPOSITE,50
2022-04-18,1.4066477377727502,O1,FACTOR_COMPOSITE,50
2022-04-19,1.3882948465486207,O1,FACTOR_COMPOSITE,50
2022-04-20,1.38982211668168,O1,FACTOR_COMPOSITE,50
2022-04-21,1.4041131712972141,O1,FACTOR_COMPOSITE,50
2022-04-22,1.3658894990984214,O1,FACTOR_COMPOSITE,50
2022-04-25,1.377980600754389,O1,FACTOR_COMPOSITE,50
2022-04-26,1.3679889795848548,O1,FACTOR_COMPOSITE,50
2022-04-27,1.3927602321275077,O1,FACTOR_COMPOSITE,50
2022-04-28,1.3834922580497657,O1,FACTOR_COMPOSITE,50
2022-04-29,1.3844197496053352,O1,FACTOR_COMPOSITE,50
2022-05-05,1.3978219771004512,O1,FACTOR_COMPOSITE,50
2022-05-06,1.387051643045649,O1,FACTOR_COMPOSITE,50
2022-05-09,1.3934525386585306,O1,FACTOR_COMPOSITE,50
2022-05-10,1.40423889540653,O1,FACTOR_COMPOSITE,50
2022-05-11,1.389122227494829,O1,FACTOR_COMPOSITE,50
2022-05-12,1.3571016880392905,O1,FACTOR_COMPOSITE,50
2022-05-13,1.3973697678361743,O1,FACTOR_COMPOSITE,50
2022-05-16,1.3946768625239574,O1,FACTOR_COMPOSITE,50
2022-05-17,1.4003809103376603,O1,FACTOR_COMPOSITE,50
2022-05-18,1.4111160542055299,O1,FACTOR_COMPOSITE,50
2022-05-20,1.4171962854838591,O1,FACTOR_COMPOSITE,50
2022-05-23,1.41158963724693,O1,FACTOR_COMPOSITE,50
2022-05-24,1.4109228188420007,O1,FACTOR_COMPOSITE,50
2022-05-25,1.4403513883330188,O1,FACTOR_COMPOSITE,50
2022-05-26,1.462040464272448,O1,FACTOR_COMPOSITE,50
2022-05-27,1.4484692885778165,O1,FACTOR_COMPOSITE,50
2022-05-30,1.509344024472123,O1,FACTOR_COMPOSITE,50
2022-05-31,1.525246613098789,O1,FACTOR_COMPOSITE,50
2022-06-01,1.5264501636433174,O1,FACTOR_COMPOSITE,50
2022-06-02,1.546580615874183,O1,FACTOR_COMPOSITE,50
2022-06-03,1.5430156195234859,O1,FACTOR_COMPOSITE,50
2022-06-06,1.5763822005882613,O1,FACTOR_COMPOSITE,50
2022-06-07,1.5811464796828807,O1,FACTOR_COMPOSITE,50
2022-06-08,1.5184860164505074,O1,FACTOR_COMPOSITE,50
2022-06-09,1.5419085329227538,O1,FACTOR_COMPOSITE,50
2022-06-10,1.5372652172880596,O1,FACTOR_COMPOSITE,50
2022-06-13,1.521905887512176,O1,FACTOR_COMPOSITE,50
2022-06-14,1.491013863166831,O1,FACTOR_COMPOSITE,50
2022-06-15,1.5080396844138793,O1,FACTOR_COMPOSITE,50
2022-06-16,1.48199264107161,O1,FACTOR_COMPOSITE,50
2022-06-17,1.500960009376257,O1,FACTOR_COMPOSITE,50
2022-06-20,1.504943572008346,O1,FACTOR_COMPOSITE,50
2022-06-21,1.527654113199358,O1,FACTOR_COMPOSITE,50
2022-06-22,1.5208026346167822,O1,FACTOR_COMPOSITE,50
2022-06-23,1.506342635832409,O1,FACTOR_COMPOSITE,50
2022-06-24,1.5298896193141136,O1,FACTOR_COMPOSITE,50
2022-06-27,1.503976632929261,O1,FACTOR_COMPOSITE,50
2022-06-28,1.4982182026196789,O1,FACTOR_COMPOSITE,50
2022-06-29,1.447889047577728,O1,FACTOR_COMPOSITE,50
2022-06-30,1.4739696845796666,O1,FACTOR_COMPOSITE,50
2022-07-01,1.4907825501354548,O1,FACTOR_COMPOSITE,50
2022-07-04,1.4432123219623563,O1,FACTOR_COMPOSITE,50
2022-07-05,1.452249247770036,O1,FACTOR_COMPOSITE,50
2022-07-06,1.4877849138673627,O1,FACTOR_COMPOSITE,50
2022-07-07,1.5147138928556754,O1,FACTOR_COMPOSITE,50
2022-07-08,1.524164944237658,O1,FACTOR_COMPOSITE,50
2022-07-13,1.5222053441559062,O1,FACTOR_COMPOSITE,50
2022-07-14,1.521901417633072,O1,FACTOR_COMPOSITE,50
2022-07-18,1.5539194596748127,O1,FACTOR_COMPOSITE,50
2022-07-19,1.579516471053055,O1,FACTOR_COMPOSITE,50
2022-07-20,1.5763032971774522,O1,FACTOR_COMPOSITE,50
2022-07-21,1.5755535220031025,O1,FACTOR_COMPOSITE,50
2022-07-22,1.5872747559251614,O1,FACTOR_COMPOSITE,50
2022-07-25,1.6119626976441612,O1,FACTOR_COMPOSITE,50
2022-07-26,1.5979246385892818,O1,FACTOR_COMPOSITE,50
2022-07-27,1.6066382681110047,O1,FACTOR_COMPOSITE,50
2022-07-28,1.611853055064592,O1,FACTOR_COMPOSITE,50
2022-07-29,1.6366819455243433,O1,FACTOR_COMPOSITE,50
2022-08-01,1.7000193285433407,O1,FACTOR_COMPOSITE,50
2022-08-02,1.7201538265894212,O1,FACTOR_COMPOSITE,50
2022-08-03,1.7462637279590258,O1,FACTOR_COMPOSITE,50
2022-08-04,1.748608744027702,O1,FACTOR_COMPOSITE,50
2022-08-05,1.7965477942730692,O1,FACTOR_COMPOSITE,50
2022-08-08,1.8452684964062165,O1,FACTOR_COMPOSITE,50
2022-08-09,1.8349591248351202,O1,FACTOR_COMPOSITE,50
2022-08-10,1.8475519298800214,O1,FACTOR_COMPOSITE,50
2022-08-11,1.8812820139415645,O1,FACTOR_COMPOSITE,50
2022-08-12,1.85810319401173,O1,FACTOR_COMPOSITE,50
2022-08-15,1.8694177441191555,O1,FACTOR_COMPOSITE,50
2022-08-16,1.9124159462699586,O1,FACTOR_COMPOSITE,50
2022-08-17,1.9768527827784048,O1,FACTOR_COMPOSITE,50
2022-08-18,1.9741838222552737,O1,FACTOR_COMPOSITE,50
2022-08-19,2.0094792921516706,O1,FACTOR_COMPOSITE,50
2022-08-22,2.0511990920787446,O1,FACTOR_COMPOSITE,50
2022-08-23,2.078463613723708,O1,FACTOR_COMPOSITE,50
2022-08-24,2.0661204481137956,O1,FACTOR_COMPOSITE,50
2022-08-25,2.094538856469313,O1,FACTOR_COMPOSITE,50
2022-08-26,2.0543491754307603,O1,FACTOR_COMPOSITE,50
2022-08-29,2.043457436046029,O1,FACTOR_COMPOSITE,50
2022-08-31,2.040443476977266,O1,FACTOR_COMPOSITE,50
2022-09-01,2.009899517716714,O1,FACTOR_COMPOSITE,50
2022-09-02,2.0035390293943354,O1,FACTOR_COMPOSITE,50
2022-09-05,2.0408386667708944,O1,FACTOR_COMPOSITE,50
2022-09-06,2.0098235773025745,O1,FACTOR_COMPOSITE,50
2022-09-07,2.012395825074938,O1,FACTOR_COMPOSITE,50
2022-09-08,2.023072799594311,O1,FACTOR_COMPOSITE,50
2022-09-09,2.0306999300890363,O1,FACTOR_COMPOSITE,50
2022-09-12,2.0539272699732463,O1,FACTOR_COMPOSITE,50
2022-09-13,1.9516948577330828,O1,FACTOR_COMPOSITE,50
2022-09-14,2.0201673882548423,O1,FACTOR_COMPOSITE,50
2022-09-15,2.0282071083136883,O1,FACTOR_COMPOSITE,50
2022-09-16,2.091723736457324,O1,FACTOR_COMPOSITE,50
2022-09-19,2.0577042469186395,O1,FACTOR_COMPOSITE,50
2022-09-20,2.1012557947732753,O1,FACTOR_COMPOSITE,50
2022-09-21,2.091240208717131,O1,FACTOR_COMPOSITE,50
2022-09-22,2.1378663818830566,O1,FACTOR_COMPOSITE,50
2022-09-23,2.17912703021579,O1,FACTOR_COMPOSITE,50
2022-09-26,2.196934245772946,O1,FACTOR_COMPOSITE,50
2022-09-27,2.2343099643119957,O1,FACTOR_COMPOSITE,50
2022-09-28,2.2390195029065243,O1,FACTOR_COMPOSITE,50
2022-09-29,2.155867994856643,O1,FACTOR_COMPOSITE,50
2022-09-30,2.2320306520023085,O1,FACTOR_COMPOSITE,50
2022-10-03,2.317412689797178,O1,FACTOR_COMPOSITE,50
2022-10-04,2.3975179808537908,O1,FACTOR_COMPOSITE,50
2022-10-05,2.4403199238726194,O1,FACTOR_COMPOSITE,50
2022-10-06,2.467391889711905,O1,FACTOR_COMPOSITE,50
2022-10-07,2.501933327580805,O1,FACTOR_COMPOSITE,50
2022-10-10,2.5442147483211244,O1,FACTOR_COMPOSITE,50
2022-10-11,2.4926559080889095,O1,FACTOR_COMPOSITE,50
2022-10-12,2.537421116580062,O1,FACTOR_COMPOSITE,50
2022-10-13,2.614316546067739,O1,FACTOR_COMPOSITE,50
2022-10-14,2.647704512202504,O1,FACTOR_COMPOSITE,50
2022-10-17,2.781056284034139,O1,FACTOR_COMPOSITE,50
2022-10-18,2.813556189273509,O1,FACTOR_COMPOSITE,50
2022-10-19,2.8370839831145895,O1,FACTOR_COMPOSITE,50
2022-10-20,2.834792182588514,O1,FACTOR_COMPOSITE,50
2022-10-21,2.8743964986338906,O1,FACTOR_COMPOSITE,50
2022-10-24,2.9006897193578403,O1,FACTOR_COMPOSITE,50
2022-10-25,2.9017250034217525,O1,FACTOR_COMPOSITE,50
2022-10-26,2.9426695144709876,O1,FACTOR_COMPOSITE,50
2022-10-27,2.9633157813739546,O1,FACTOR_COMPOSITE,50
2022-10-28,2.9169064061902623,O1,FACTOR_COMPOSITE,50
2022-10-31,3.0068929903684762,O1,FACTOR_COMPOSITE,50
2022-11-01,3.100472126503955,O1,FACTOR_COMPOSITE,50
2022-11-02,3.0989583750234235,O1,FACTOR_COMPOSITE,50
2022-11-03,3.14467015888515,O1,FACTOR_COMPOSITE,50
2022-11-04,3.2001995003618986,O1,FACTOR_COMPOSITE,50
2022-11-07,3.2460833333663635,O1,FACTOR_COMPOSITE,50
2022-11-08,3.3101781507614643,O1,FACTOR_COMPOSITE,50
2022-11-09,3.3946831376156505,O1,FACTOR_COMPOSITE,50
2022-11-10,3.402147329189193,O1,FACTOR_COMPOSITE,50
2022-11-11,3.4651364739847295,O1,FACTOR_COMPOSITE,50
2022-02-21,1.0,O1,FACTOR_COMPOSITE,100
2022-02-22,1.0000843538241417,O1,FACTOR_COMPOSITE,100
2022-02-23,0.9997960193404799,O1,FACTOR_COMPOSITE,100
2022-02-24,0.9219961770865701,O1,FACTOR_COMPOSITE,100
2022-02-25,0.9729950752504104,O1,FACTOR_COMPOSITE,100
2022-02-28,0.9578774540164879,O1,FACTOR_COMPOSITE,100
2022-03-01,0.9785766258009382,O1,FACTOR_COMPOSITE,100
2022-03-02,0.9965950068176855,O1,FACTOR_COMPOSITE,100
2022-03-03,1.0134285312517657,O1,FACTOR_COMPOSITE,100
2022-03-04,0.9940746993949507,O1,FACTOR_COMPOSITE,100
2022-03-07,0.9903441362236843,O1,FACTOR_COMPOSITE,100
2022-03-08,0.9963174166116284,O1,FACTOR_COMPOSITE,100
2022-03-09,1.0260067553295211,O1,FACTOR_COMPOSITE,100
2022-03-10,1.0182236649838878,O1,FACTOR_COMPOSITE,100
2022-03-11,1.0232795096483671,O1,FACTOR_COMPOSITE,100
2022-03-14,1.046098786334011,O1,FACTOR_COMPOSITE,100
2022-03-15,1.0513774249991494,O1,FACTOR_COMPOSITE,100
2022-03-16,1.0612415991975657,O1,FACTOR_COMPOSITE,100
2022-03-17,1.0840395671207383,O1,FACTOR_COMPOSITE,100
2022-03-18,1.09785740692671,O1,FACTOR_COMPOSITE,100
2022-03-21,1.1208330902045702,O1,FACTOR_COMPOSITE,100
2022-03-22,1.1484656821863186,O1,FACTOR_COMPOSITE,100
2022-03-23,1.1451710364684404,O1,FACTOR_COMPOSITE,100
2022-03-24,1.138579162809823,O1,FACTOR_COMPOSITE,100
2022-03-25,1.1389020597046295,O1,FACTOR_COMPOSITE,100
2022-03-28,1.1479646975071458,O1,FACTOR_COMPOSITE,100
2022-03-29,1.180862785954364,O1,FACTOR_COMPOSITE,100
2022-03-30,1.2033057415728807,O1,FACTOR_COMPOSITE,100
2022-03-31,1.2098247607743862,O1,FACTOR_COMPOSITE,100
2022-04-01,1.214150101583931,O1,FACTOR_COMPOSITE,100
2022-04-04,1.2467415811895133,O1,FACTOR_COMPOSITE,100
2022-04-05,1.2659134242260706,O1,FACTOR_COMPOSITE,100
2022-04-06,1.290717866019919,O1,FACTOR_COMPOSITE,100
2022-04-07,1.3350319670501063,O1,FACTOR_COMPOSITE,100
2022-04-08,1.3911408346861174,O1,FACTOR_COMPOSITE,100
2022-04-11,1.4430928640276737,O1,FACTOR_COMPOSITE,100
2022-04-12,1.4273677888960365,O1,FACTOR_COMPOSITE,100
2022-04-13,1.4049231688098909,O1,FACTOR_COMPOSITE,100
2022-04-14,1.3916552353603227,O1,FACTOR_COMPOSITE,100
2022-04-15,1.4223059500673392,O1,FACTOR_COMPOSITE,100
2022-04-18,1.4016477377727503,O1,FACTOR_COMPOSITE,100
2022-04-19,1.3832948465486206,O1,FACTOR_COMPOSITE,100
2022-04-20,1.38482211668168,O1,FACTOR_COMPOSITE,100
2022-04-21,1.399113171297214,O1,FACTOR_COMPOSITE,100
2022-04-22,1.3608894990984213,O1,FACTOR_COMPOSITE,100
2022-04-25,1.372980600754389,O1,FACTOR_COMPOSITE,100
2022-04-26,1.3629889795848549,O1,FACTOR_COMPOSITE,100
2022-04-27,1.3877602321275078,O1,FACTOR_COMPOSITE,100
2022-04-28,1.3784922580497658,O1,FACTOR_COMPOSITE,100
2022-04-29,1.379419749605335,O1,FACTOR_COMPOSITE,100
2022-05-05,1.3928219771004513,O1,FACTOR_COMPOSITE,100
2022-05-06,1.382051643045649,O1,FACTOR_COMPOSITE,100
2022-05-09,1.3884525386585307,O1,FACTOR_COMPOSITE,100
2022-05-10,1.3992388954065298,O1,FACTOR_COMPOSITE,100
2022-05-11,1.384122227494829,O1,FACTOR_COMPOSITE,100
2022-05-12,1.3521016880392907,O1,FACTOR_COMPOSITE,100
2022-05-13,1.3923697678361742,O1,FACTOR_COMPOSITE,100
2022-05-16,1.3896768625239575,O1,FACTOR_COMPOSITE,100
2022-05-17,1.3953809103376602,O1,FACTOR_COMPOSITE,100
2022-05-18,1.40611605420553,O1,FACTOR_COMPOSITE,100
2022-05-20,1.4121962854838592,O1,FACTOR_COMPOSITE,100
2022-05-23,1.4003600429120282,O1,FACTOR_COMPOSITE,100
2022-05-24,1.399695556996861,O1,FACTOR_COMPOSITE,100
2022-05-25,1.4290211871620497,O1,FACTOR_COMPOSITE,100
2022-05-26,1.450634396048011,O1,FACTOR_COMPOSITE,100
2022-05-27,1.437110691491151,O1,FACTOR_COMPOSITE,100
2022-05-30,1.497772491303909,O1,FACTOR_COMPOSITE,100
2022-05-31,1.5136194536537808,O1,FACTOR_COMPOSITE,100
2022-06-01,1.5148187942525388,O1,FACTOR_COMPOSITE,100
2022-06-02,1.534878831399793,O1,FACTOR_COMPOSITE,100
2022-06-03,1.5313263051870356,O1,FACTOR_COMPOSITE,100
2022-06-06,1.5645761720037372,O1,FACTOR_COMPOSITE,100
2022-06-07,1.5693237859431501,O1,FACTOR_COMPOSITE,100
2022-06-08,1.5068825051567074,O1,FACTOR_COMPOSITE,100
2022-06-09,1.5302230911071324,O1,FACTOR_COMPOSITE,100
2022-06-10,1.5255960175049026,O1,FACTOR_COMPOSITE,100
2022-06-13,1.5102904137197704,O1,FACTOR_COMPOSITE,100
2022-06-14,1.479506447775313,O1,FACTOR_COMPOSITE,100
2022-06-15,1.4964727137469545,O1,FACTOR_COMPOSITE,100
2022-06-16,1.4705167813600553,O1,FACTOR_COMPOSITE,100
2022-06-17,1.4894178029771195,O1,FACTOR_COMPOSITE,100
2022-06-20,1.4933874313521636,O1,FACTOR_COMPOSITE,100
2022-06-21,1.5160185324670918,O1,FACTOR_COMPOSITE,100
2022-06-22,1.5091910199351397,O1,FACTOR_COMPOSITE,100
2022-06-23,1.4947816013370316,O1,FACTOR_COMPOSITE,100
2022-06-24,1.518246218918971,O1,FACTOR_COMPOSITE,100
2022-06-27,1.4924238745664977,O1,FACTOR_COMPOSITE,100
2022-06-28,1.4866855868919178,O1,FACTOR_COMPOSITE,100
2022-06-29,1.4365324801383879,O1,FACTOR_COMPOSITE,100
2022-06-30,1.462521888676402,O1,FACTOR_COMPOSITE,100
2022-07-01,1.4792759438626917,O1,FACTOR_COMPOSITE,100
2022-07-04,1.4318721134215373,O1,FACTOR_COMPOSITE,100
2022-07-05,1.440877428618634,O1,FACTOR_COMPOSITE,100
2022-07-06,1.4762887931418704,O1,FACTOR_COMPOSITE,100
2022-07-07,1.5031235762181743,O1,FACTOR_COMPOSITE,100
2022-07-08,1.5125415684037888,O1,FACTOR_COMPOSITE,100
2022-07-13,1.510588822882582,O1,FACTOR_COMPOSITE,100
2022-07-14,1.5102859594760285,O1,FACTOR_COMPOSITE,100
2022-07-18,1.5421920043762452,O1,FACTOR_COMPOSITE,100
2022-07-19,1.5676994789832444,O1,FACTOR_COMPOSITE,100
2022-07-20,1.5644975445922051,O1,FACTOR_COMPOSITE,100
2022-07-21,1.5637503920852944,O1,FACTOR_COMPOSITE,100
2022-07-22,1.5754306258521065,O1,FACTOR_COMPOSITE,100
2022-07-25,1.6000322106696117,O1,FACTOR_COMPOSITE,100
2022-07-26,1.5860432558817776,O1,FACTOR_COMPOSITE,100
2022-07-27,1.5947264056634385,O1,FACTOR_COMPOSITE,100
2022-07-28,1.5999229516130415,O1,FACTOR_COMPOSITE,100
2022-07-29,1.6246649921412732,O1,FACTOR_COMPOSITE,100
2022-08-01,1.6877808248905655,O1,FACTOR_COMPOSITE,100
2022-08-02,1.7078448937010218,O1,FACTOR_COMPOSITE,100
2022-08-03,1.7338634642417436,O1,FACTOR_COMPOSITE,100
2022-08-04,1.7362002775884617,O1,FACTOR_COMPOSITE,100
2022-08-05,1.7839716399849628,O1,FACTOR_COMPOSITE,100
2022-08-08,1.832521920099023,O1,FACTOR_COMPOSITE,100
2022-08-09,1.822248610075518,O1,FACTOR_COMPOSITE,100
2022-08-10,1.834797366262998,O1,FACTOR_COMPOSITE,100
2022-08-11,1.8684094645653448,O1,FACTOR_COMPOSITE,100
2022-08-12,1.8453117227218176,O1,FACTOR_COMPOSITE,100
2022-08-15,1.8565866952289638,O1,FACTOR_COMPOSITE,100
2022-08-16,1.899434492313607,O1,FACTOR_COMPOSITE,100
2022-08-17,1.963645932731674,O1,FACTOR_COMPOSITE,100
2022-08-18,1.9489327025683616,O1,FACTOR_COMPOSITE,100
2022-08-19,1.9839926228607982,O1,FACTOR_COMPOSITE,100
2022-08-22,2.025433999455388,O1,FACTOR_COMPOSITE,100
2022-08-23,2.0525165672322054,O1,FACTOR_COMPOSITE,100
2022-08-24,2.0402557755864184,O1,FACTOR_COMPOSITE,100
2022-08-25,2.0684845294380296,O1,FACTOR_COMPOSITE,100
2022-08-26,2.028563060254419,O1,FACTOR_COMPOSITE,100
2022-08-29,2.0177440085235436,O1,FACTOR_COMPOSITE,100
2022-08-31,2.0147501635619762,O1,FACTOR_COMPOSITE,100
2022-09-01,1.984410043987603,O1,FACTOR_COMPOSITE,100
2022-09-02,1.9780920033365468,O1,FACTOR_COMPOSITE,100
2022-09-05,2.015142715997336,O1,FACTOR_COMPOSITE,100
2022-09-06,1.9843346103731896,O1,FACTOR_COMPOSITE,100
2022-09-07,1.9868896918648418,O1,FACTOR_COMPOSITE,100
2022-09-08,1.9974954119958497,O1,FACTOR_COMPOSITE,100
2022-09-09,2.005071641693031,O1,FACTOR_COMPOSITE,100
2022-09-12,2.0281439704461572,O1,FACTOR_COMPOSITE,100
2022-09-13,1.926593821518703,O1,FACTOR_COMPOSITE,100
2022-09-14,1.9946093903540492,O1,FACTOR_COMPOSITE,100
2022-09-15,2.002595456137109,O1,FACTOR_COMPOSITE,100
2022-09-16,2.065688196551014,O1,FACTOR_COMPOSITE,100
2022-09-19,2.0318957411702905,O1,FACTOR_COMPOSITE,100
2022-09-20,2.075156641248338,O1,FACTOR_COMPOSITE,100
2022-09-21,2.0652078957056044,O1,FACTOR_COMPOSITE,100
2022-09-22,2.1115229021224913,O1,FACTOR_COMPOSITE,100
2022-09-23,2.1525081913396655,O1,FACTOR_COMPOSITE,100
2022-09-26,2.170196567777115,O1,FACTOR_COMPOSITE,100
2022-09-27,2.2073228538613634,O1,FACTOR_COMPOSITE,100
2022-09-28,2.2120009626448125,O1,FACTOR_COMPOSITE,100
2022-09-29,2.129404378636101,O1,FACTOR_COMPOSITE,100
2022-09-30,2.205058752883708,O1,FACTOR_COMPOSITE,100
2022-10-03,2.2898709808631255,O1,FACTOR_COMPOSITE,100
2022-10-04,2.369441677263853,O1,FACTOR_COMPOSITE,100
2022-10-05,2.41195797510622,O1,FACTOR_COMPOSITE,100
2022-10-06,2.4388492721273662,O1,FACTOR_COMPOSITE,100
2022-10-07,2.4731601925379594,O1,FACTOR_COMPOSITE,100
2022-10-10,2.5151594418851926,O1,FACTOR_COMPOSITE,100
2022-10-11,2.4639446872943656,O1,FACTOR_COMPOSITE,100
2022-10-12,2.5084111484629217,O1,FACTOR_COMPOSITE,100
2022-10-13,2.5847934047865806,O1,FACTOR_COMPOSITE,100
2022-10-14,2.6179585513293926,O1,FACTOR_COMPOSITE,100
2022-10-17,2.750420380141863,O1,FACTOR_COMPOSITE,100
2022-10-18,2.7827033923966553,O1,FACTOR_COMPOSITE,100
2022-10-19,2.8060741699821774,O1,FACTOR_COMPOSITE,100
2022-10-20,2.8037976641301157,O1,FACTOR_COMPOSITE,100
2022-10-21,2.8431376748414943,O1,FACTOR_COMPOSITE,100
2022-10-24,2.8692554238194488,O1,FACTOR_COMPOSITE,100
2022-10-25,2.8702837987601235,O1,FACTOR_COMPOSITE,100
2022-10-26,2.910955060483303,O1,FACTOR_COMPOSITE,100
2022-10-27,2.93146354143225,O1,FACTOR_COMPOSITE,100
2022-10-28,2.8853638861637956,O1,FACTOR_COMPOSITE,100
2022-10-31,2.9747499313967225,O1,FACTOR_COMPOSITE,100
2022-11-01,3.067704553153433,O1,FACTOR_COMPOSITE,100
2022-11-02,3.066200903920095,O1,FACTOR_COMPOSITE,100
2022-11-03,3.111607623346737,O1,FACTOR_COMPOSITE,100
2022-11-04,3.166766381447447,O1,FACTOR_COMPOSITE,100
2022-11-07,3.2123440018211085,O1,FACTOR_COMPOSITE,100
2022-11-08,3.276011072853924,O1,FACTOR_COMPOSITE,100
2022-11-09,3.3599521030234514,O1,FACTOR_COMPOSITE,100
2022-11-10,3.3673664811967425,O1,FACTOR_COMPOSITE,100
2022-11-11,3.4299352585016627,O1,FACTOR_COMPOSITE,100
2022-02-21,1.0,O1,RIDGE,0
2022-02-22,1.0035077207298482,O1,RIDGE,0
2022-02-23,1.0035952201093685,O1,RIDGE,0
2022-02-24,0.9193593852836064,O1,RIDGE,0
2022-02-25,0.9811842615185595,O1,RIDGE,0
2022-02-28,0.9727673103103074,O1,RIDGE,0
2022-03-01,0.9933012727315065,O1,RIDGE,0
2022-03-02,1.0133238756581233,O1,RIDGE,0
2022-03-03,1.0413326917800028,O1,RIDGE,0
2022-03-04,1.026756952588426,O1,RIDGE,0
2022-03-07,1.0390041609493703,O1,RIDGE,0
2022-03-08,1.0483690562076198,O1,RIDGE,0
2022-03-09,1.0773257019615285,O1,RIDGE,0
2022-03-10,1.088796772138568,O1,RIDGE,0
2022-03-11,1.0887091983933677,O1,RIDGE,0
2022-03-14,1.1077725492885986,O1,RIDGE,0
2022-03-15,1.1109558093549265,O1,RIDGE,0
2022-03-16,1.11417732307408,O1,RIDGE,0
2022-03-17,1.1367616051708251,O1,RIDGE,0
2022-03-18,1.150030248175601,O1,RIDGE,0
2022-03-21,1.173567507484864,O1,RIDGE,0
2022-03-22,1.204649027249245,O1,RIDGE,0
2022-03-23,1.2036633733168065,O1,RIDGE,0
2022-03-24,1.2078939619163958,O1,RIDGE,0
2022-03-25,1.2111416418411705,O1,RIDGE,0
2022-03-28,1.2196816898945508,O1,RIDGE,0
2022-03-29,1.2561247175454726,O1,RIDGE,0
2022-03-30,1.2678629479171322,O1,RIDGE,0
2022-03-31,1.2835305557413137,O1,RIDGE,0
2022-04-01,1.2884944852085916,O1,RIDGE,0
2022-04-04,1.3228718850116437,O1,RIDGE,0
2022-04-05,1.3509587102213165,O1,RIDGE,0
2022-04-06,1.3707610183534615,O1,RIDGE,0
2022-04-07,1.4130058296680061,O1,RIDGE,0
2022-04-08,1.4492600806710771,O1,RIDGE,0
2022-04-11,1.477306616992595,O1,RIDGE,0
2022-04-12,1.4557861693593872,O1,RIDGE,0
2022-04-13,1.4388197586092708,O1,RIDGE,0
2022-04-14,1.4204121105924672,O1,RIDGE,0
2022-04-15,1.4478621322448448,O1,RIDGE,0
2022-04-18,1.4364348502716344,O1,RIDGE,0
2022-04-19,1.42781852174638,O1,RIDGE,0
2022-04-20,1.4295024823285603,O1,RIDGE,0
2022-04-21,1.445521934636359,O1,RIDGE,0
2022-04-22,1.40446375952007,O1,RIDGE,0
2022-04-25,1.406475357244402,O1,RIDGE,0
2022-04-26,1.3973568953346458,O1,RIDGE,0
2022-04-27,1.426240642295964,O1,RIDGE,0
2022-04-28,1.4168935116248065,O1,RIDGE,0
2022-04-29,1.4292502012572696,O1,RIDGE,0
2022-05-05,1.4581217124796055,O1,RIDGE,0
2022-05-06,1.4462289635477195,O1,RIDGE,0
2022-05-09,1.4614747194822764,O1,RIDGE,0
2022-05-10,1.472436294159433,O1,RIDGE,0
2022-05-11,1.4691864366413605,O1,RIDGE,0
2022-05-12,1.443102614307727,O1,RIDGE,0
2022-05-13,1.4771072095958164,O1,RIDGE,0
2022-05-16,1.4710964733796335,O1,RIDGE,0
2022-05-17,1.4777454923876763,O1,RIDGE,0
2022-05-18,1.4818191179152866,O1,RIDGE,0
2022-05-20,1.4820772203705936,O1,RIDGE,0
2022-05-23,1.5048365926292568,O1,RIDGE,0
2022-05-24,1.5156522783528725,O1,RIDGE,0
2022-05-25,1.5298794825292557,O1,RIDGE,0
2022-05-26,1.5480796114549211,O1,RIDGE,0
2022-05-27,1.535408318343117,O1,RIDGE,0
2022-05-30,1.6000209863739707,O1,RIDGE,0
2022-05-31,1.6299844360717484,O1,RIDGE,0
2022-06-01,1.645934015037821,O1,RIDGE,0
2022-06-02,1.6620065668798691,O1,RIDGE,0
2022-06-03,1.6699071175357372,O1,RIDGE,0
2022-06-06,1.6888088188422965,O1,RIDGE,0
2022-06-07,1.6884254565429402,O1,RIDGE,0
2022-06-08,1.6069473317047434,O1,RIDGE,0
2022-06-09,1.6301767192800583,O1,RIDGE,0
2022-06-10,1.6128448174102932,O1,RIDGE,0
2022-06-13,1.6027250641806932,O1,RIDGE,0
2022-06-14,1.5918533744371195,O1,RIDGE,0
2022-06-15,1.6343071066082284,O1,RIDGE,0
2022-06-16,1.6217104548955108,O1,RIDGE,0
2022-06-17,1.6303898660457528,O1,RIDGE,0
2022-06-20,1.634597094364386,O1,RIDGE,0
2022-06-21,1.6619166121823934,O1,RIDGE,0
2022-06-22,1.6690462598333697,O1,RIDGE,0
2022-06-23,1.6676762083326397,O1,RIDGE,0
2022-06-24,1.6929640659469911,O1,RIDGE,0
2022-06-27,1.6690452960634157,O1,RIDGE,0
2022-06-28,1.6363705513983433,O1,RIDGE,0
2022-06-29,1.5935105749444505,O1,RIDGE,0
2022-06-30,1.6121265657540425,O1,RIDGE,0
2022-07-01,1.628828677043171,O1,RIDGE,0
2022-07-04,1.5943575951497357,O1,RIDGE,0
2022-07-05,1.5985248337316604,O1,RIDGE,0
2022-07-06,1.624428125656455,O1,RIDGE,0
2022-07-07,1.6542904462456889,O1,RIDGE,0
2022-07-08,1.662783198100987,O1,RIDGE,0
2022-07-13,1.6771042264301181,O1,RIDGE,0
2022-07-14,1.6903997513857791,O1,RIDGE,0
2022-07-18,1.7180182875835683,O1,RIDGE,0
2022-07-19,1.7439377864073147,O1,RIDGE,0
2022-07-20,1.7399383836375142,O1,RIDGE,0
2022-07-21,1.738795701208879,O1,RIDGE,0
2022-07-22,1.7416535689593884,O1,RIDGE,0
2022-07-25,1.7577015966862717,O1,RIDGE,0
2022-07-26,1.7553582341610707,O1,RIDGE,0
2022-07-27,1.7768413001649233,O1,RIDGE,0
2022-07-28,1.7949589111800577,O1,RIDGE,0
2022-07-29,1.8336694676631864,O1,RIDGE,0
2022-08-01,1.89863024975967,O1,RIDGE,0
2022-08-02,1.9340043132039215,O1,RIDGE,0
2022-08-03,1.958837284694142,O1,RIDGE,0
2022-08-04,1.9613344518117177,O1,RIDGE,0
2022-08-05,1.9989114526724157,O1,RIDGE,0
2022-08-08,2.0343789641062324,O1,RIDGE,0
2022-08-09,2.037861846131807,O1,RIDGE,0
2022-08-10,2.0456333568210066,O1,RIDGE,0
2022-08-11,2.0722545088009383,O1,RIDGE,0
2022-08-12,2.0670922897746276,O1,RIDGE,0
2022-08-15,2.069978502290329,O1,RIDGE,0
2022-08-16,2.1196969705803475,O1,RIDGE,0
2022-08-17,2.160212924507811,O1,RIDGE,0
2022-08-18,2.1571101355361466,O1,RIDGE,0
2022-08-19,2.1962245935936076,O1,RIDGE,0
2022-08-22,2.2359079519015066,O1,RIDGE,0
2022-08-23,2.2590017248987535,O1,RIDGE,0
2022-08-24,2.2587513668677546,O1,RIDGE,0
2022-08-25,2.2883693724557053,O1,RIDGE,0
2022-08-26,2.247560395598757,O1,RIDGE,0
2022-08-29,2.2344067245878585,O1,RIDGE,0
2022-08-31,2.233567582025105,O1,RIDGE,0
2022-09-01,2.227679639529642,O1,RIDGE,0
2022-09-02,2.2206132133414997,O1,RIDGE,0
2022-09-05,2.253313572040251,O1,RIDGE,0
2022-09-06,2.2158738978529255,O1,RIDGE,0
2022-09-07,2.2208465506739254,O1,RIDGE,0
2022-09-08,2.2510831038429058,O1,RIDGE,0
2022-09-09,2.2536396285928637,O1,RIDGE,0
2022-09-12,2.3040255699466274,O1,RIDGE,0
2022-09-13,2.19073951159081,O1,RIDGE,0
2022-09-14,2.2551118138897874,O1,RIDGE,0
2022-09-15,2.27746990186093,O1,RIDGE,0
2022-09-16,2.3068495724469593,O1,RIDGE,0
2022-09-19,2.255833836046283,O1,RIDGE,0
2022-09-20,2.2997248306120146,O1,RIDGE,0
2022-09-21,2.2713338550391935,O1,RIDGE,0
2022-09-22,2.3239586430691515,O1,RIDGE,0
2022-09-23,2.3738974619390913,O1,RIDGE,0
2022-09-26,2.385102514774613,O1,RIDGE,0
2022-09-27,2.4025362138265036,O1,RIDGE,0
2022-09-28,2.418284983970415,O1,RIDGE,0
2022-09-29,2.3393890960758106,O1,RIDGE,0
2022-09-30,2.4377981735113345,O1,RIDGE,0
2022-10-03,2.518275159464307,O1,RIDGE,0
2022-10-04,2.6514656991395933,O1,RIDGE,0
2022-10-05,2.6958397373881584,O1,RIDGE,0
2022-10-06,2.7046507391458077,O1,RIDGE,0
2022-10-07,2.7539286866555295,O1,RIDGE,0
2022-10-10,2.7883230978071736,O1,RIDGE,0
2022-10-11,2.7554219391965584,O1,RIDGE,0
2022-10-12,2.805576378620515,O1,RIDGE,0
2022-10-13,2.9039871203181447,O1,RIDGE,0
2022-10-14,2.957170346870309,O1,RIDGE,0
2022-10-17,3.1022700526530977,O1,RIDGE,0
2022-10-18,3.0640136298529677,O1,RIDGE,0
2022-10-19,3.057381060049207,O1,RIDGE,0
2022-10-20,3.1025411116298125,O1,RIDGE,0
2022-10-21,3.1222620855533734,O1,RIDGE,0
2022-10-24,3.1579744732605515,O1,RIDGE,0
2022-10-25,3.1612302101256247,O1,RIDGE,0
2022-10-26,3.2167246360234136,O1,RIDGE,0
2022-10-27,3.2559672210046067,O1,RIDGE,0
2022-10-28,3.2238060451129007,O1,RIDGE,0
2022-10-31,3.2863603599718916,O1,RIDGE,0
2022-11-01,3.4112311083036446,O1,RIDGE,0
2022-11-02,3.4087719312105134,O1,RIDGE,0
2022-11-03,3.495567190123902,O1,RIDGE,0
2022-11-04,3.5723788415500883,O1,RIDGE,0
2022-11-07,3.5940585757367196,O1,RIDGE,0
2022-11-08,3.688771469590561,O1,RIDGE,0
2022-11-09,3.859942734608371,O1,RIDGE,0
2022-11-10,3.888849285682161,O1,RIDGE,0
2022-11-11,4.015870627974973,O1,RIDGE,0
2022-02-21,1.0,O1,RIDGE,30
2022-02-22,1.000507720729848,O1,RIDGE,30
2022-02-23,1.0005952201093684,O1,RIDGE,30
2022-02-24,0.9163593852836063,O1,RIDGE,30
2022-02-25,0.9781842615185595,O1,RIDGE,30
2022-02-28,0.9697673103103075,O1,RIDGE,30
2022-03-01,0.9903012727315065,O1,RIDGE,30
2022-03-02,1.0103238756581234,O1,RIDGE,30
2022-03-03,1.0383326917800029,O1,RIDGE,30
2022-03-04,1.0237569525884258,O1,RIDGE,30
2022-03-07,1.0360041609493702,O1,RIDGE,30
2022-03-08,1.0453690562076199,O1,RIDGE,30
2022-03-09,1.0743257019615287,O1,RIDGE,30
2022-03-10,1.0857967721385682,O1,RIDGE,30
2022-03-11,1.0857091983933673,O1,RIDGE,30
2022-03-14,1.1047725492885987,O1,RIDGE,30
2022-03-15,1.1079558093549267,O1,RIDGE,30
2022-03-16,1.11117732307408,O1,RIDGE,30
2022-03-17,1.1337616051708252,O1,RIDGE,30
2022-03-18,1.1470302481756012,O1,RIDGE,30
2022-03-21,1.1705675074848638,O1,RIDGE,30
2022-03-22,1.2016490272492448,O1,RIDGE,30
2022-03-23,1.2006633733168066,O1,RIDGE,30
2022-03-24,1.2048939619163959,O1,RIDGE,30
2022-03-25,1.2081416418411706,O1,RIDGE,30
2022-03-28,1.2166816898945507,O1,RIDGE,30
2022-03-29,1.2531247175454727,O1,RIDGE,30
2022-03-30,1.264862947917132,O1,RIDGE,30
2022-03-31,1.2805305557413136,O1,RIDGE,30
2022-04-01,1.2854944852085914,O1,RIDGE,30
2022-04-04,1.3198718850116435,O1,RIDGE,30
2022-04-05,1.3479587102213164,O1,RIDGE,30
2022-04-06,1.3677610183534614,O1,RIDGE,30
2022-04-07,1.4100058296680062,O1,RIDGE,30
2022-04-08,1.446260080671077,O1,RIDGE,30
2022-04-11,1.4743066169925951,O1,RIDGE,30
2022-04-12,1.452786169359387,O1,RIDGE,30
2022-04-13,1.4358197586092707,O1,RIDGE,30
2022-04-14,1.4174121105924673,O1,RIDGE,30
2022-04-15,1.4448621322448452,O1,RIDGE,30
2022-04-18,1.4334348502716345,O1,RIDGE,30
2022-04-19,1.4248185217463798,O1,RIDGE,30
2022-04-20,1.4265024823285601,O1,RIDGE,30
2022-04-21,1.4425219346363591,O1,RIDGE,30
2022-04-22,1.4014637595200703,O1,RIDGE,30
2022-04-25,1.4034753572444019,O1,RIDGE,30
2022-04-26,1.3943568953346457,O1,RIDGE,30
2022-04-27,1.423240642295964,O1,RIDGE,30
2022-04-28,1.4138935116248064,O1,RIDGE,30
2022-04-29,1.4262502012572695,O1,RIDGE,30
2022-05-05,1.4551217124796054,O1,RIDGE,30
2022-05-06,1.4432289635477193,O1,RIDGE,30
2022-05-09,1.4584747194822767,O1,RIDGE,30
2022-05-10,1.4694362941594328,O1,RIDGE,30
2022-05-11,1.4661864366413606,O1,RIDGE,30
2022-05-12,1.4401026143077271,O1,RIDGE,30
2022-05-13,1.4741072095958165,O1,RIDGE,30
2022-05-16,1.4680964733796333,O1,RIDGE,30
2022-05-17,1.4747454923876762,O1,RIDGE,30
2022-05-18,1.4788191179152865,O1,RIDGE,30
2022-05-20,1.4790772203705935,O1,RIDGE,30
2022-05-23,1.4978612557222586,O1,RIDGE,30
2022-05-24,1.508655247690998,O1,RIDGE,30
2022-05-25,1.5228539153984175,O1,RIDGE,30
2022-05-26,1.5410175390903222,O1,RIDGE,30
2022-05-27,1.5283716616510656,O1,RIDGE,30
2022-05-30,1.592854731668629,O1,RIDGE,30
2022-05-31,1.6227580816418405,O1,RIDGE,30
2022-06-01,1.6386756694549425,O1,RIDGE,30
2022-06-02,1.6547159834889769,O1,RIDGE,30
2022-06-03,1.6626006874742132,O1,RIDGE,30
2022-06-06,1.681464476355674,O1,RIDGE,30
2022-06-07,1.6810818829920988,O1,RIDGE,30
2022-06-08,1.5997671843585064,O1,RIDGE,30
2022-06-09,1.6229499791746695,O1,RIDGE,30
2022-06-10,1.6056528410767363,O1,RIDGE,30
2022-06-13,1.595553385722979,O1,RIDGE,30
2022-06-14,1.584703502065345,O1,RIDGE,30
2022-06-15,1.6270720819046616,O1,RIDGE,30
2022-06-16,1.6145006961511723,O1,RIDGE,30
2022-06-17,1.6231626984174305,O1,RIDGE,30
2022-06-20,1.6273614880126965,O1,RIDGE,30
2022-06-21,1.6546262092197423,O1,RIDGE,30
2022-06-22,1.6617415564525628,O1,RIDGE,30
2022-06-23,1.6603742529571082,O1,RIDGE,30
2022-06-24,1.68561138899925,O1,RIDGE,30
2022-06-27,1.6617405946157078,O1,RIDGE,30
2022-06-28,1.6291313879035232,O1,RIDGE,30
2022-06-29,1.5863573786131502,O1,RIDGE,30
2022-06-30,1.6049360300665778,O1,RIDGE,30
2022-07-01,1.6216046407975835,O1,RIDGE,30
2022-07-04,1.5872026998925262,O1,RIDGE,30
2022-07-05,1.5913615799612117,O1,RIDGE,30
2022-07-06,1.6172129158954327,O1,RIDGE,30
2022-07-07,1.647015339601617,O1,RIDGE,30
2022-07-08,1.655491056968147,O1,RIDGE,30
2022-07-13,1.6697833606388444,O1,RIDGE,30
2022-07-14,1.683052217857784,O1,RIDGE,30
2022-07-18,1.710615357683154,O1,RIDGE,30
2022-07-19,1.7364828680090494,O1,RIDGE,30
2022-07-20,1.7324914871128094,O1,RIDGE,30
2022-07-21,1.7313510966398704,O1,RIDGE,30
2022-07-22,1.7342032321710803,O1,RIDGE,30
2022-07-25,1.750219071279632,O1,RIDGE,30
2022-07-26,1.7478804089956825,O1,RIDGE,30
2022-07-27,1.769320384956076,O1,RIDGE,30
2022-07-28,1.7874016562492225,O1,RIDGE,30
2022-07-29,1.8260345683420722,O1,RIDGE,30
2022-08-01,1.890865054189259,O1,RIDGE,30
2022-08-02,1.9261681654737544,O1,RIDGE,30
2022-08-03,1.950951327787736,O1,RIDGE,30
2022-08-04,1.9534434861677499,O1,RIDGE,30
2022-08-05,1.9909451162876108,O1,RIDGE,30
2022-08-08,2.0263414881266977,O1,RIDGE,30
2022-08-09,2.0298173842994234,O1,RIDGE,30
2022-08-10,2.0375733071422095,O1,RIDGE,30
2022-08-11,2.0641410632709367,O1,RIDGE,30
2022-08-12,2.058989198457668,O1,RIDGE,30
2022-08-15,2.0618696219010504,O1,RIDGE,30
2022-08-16,2.111488366485012,O1,RIDGE,30
2022-08-17,2.1519230548140165,O1,RIDGE,30
2022-08-18,2.1434737692885912,O1,RIDGE,30
2022-08-19,2.1824382957266586,O1,RIDGE,30
2022-08-22,2.2219695417346665,O1,RIDGE,30
2022-08-23,2.2449747928155848,O1,RIDGE,30
2022-08-24,2.244725394444693,O1,RIDGE,30
2022-08-25,2.274229869748407,O1,RIDGE,30
2022-08-26,2.2335773198570834,O1,RIDGE,30
2022-08-29,2.220474068851819,O1,RIDGE,30
2022-08-31,2.2196381428491203,O1,RIDGE,30
2022-09-01,2.2137727697256255,O1,RIDGE,30
2022-09-02,2.2067334302152584,O1,RIDGE,30
2022-09-05,2.239308443505229,O1,RIDGE,30
2022-09-06,2.2020122812380274,O1,RIDGE,30
2022-09-07,2.206965873130482,O1,RIDGE,30
2022-09-08,2.2370865250290204,O1,RIDGE,30
2022-09-09,2.239633250233878,O1,RIDGE,30
2022-09-12,2.289826054672112,O1,RIDGE,30
2022-09-13,2.176974238870776,O1,RIDGE,30
2022-09-14,2.2410997924224323,O1,RIDGE,30
2022-09-15,2.2633721784689538,O1,RIDGE,30
2022-09-16,2.292639232344769,O1,RIDGE,30
2022-09-19,2.241819046959063,O1,RIDGE,30
2022-09-20,2.2855418007202712,O1,RIDGE,30
2022-09-21,2.2572596520405024,O1,RIDGE,30
2022-09-22,2.309682721317819,O1,RIDGE,30
2022-09-23,2.3594301171601715,O1,RIDGE,30
2022-09-26,2.3705922193375355,O1,RIDGE,30
2022-09-27,2.387959092390532,O1,RIDGE,30
2022-09-28,2.4036474951222795,O1,RIDGE,30
2022-09-29,2.3250540270699287,O1,RIDGE,30
2022-09-30,2.4230858876635035,O1,RIDGE,30
2022-10-03,2.5032543931868054,O1,RIDGE,30
2022-10-04,2.6359343934274877,O1,RIDGE,30
2022-10-05,2.680138339292211,O1,RIDGE,30
2022-10-06,2.6889155671507035,O1,RIDGE,30
2022-10-07,2.7380046248524756,O1,RIDGE,30
2022-10-10,2.7722671970366846,O1,RIDGE,30
2022-10-11,2.73949215353121,O1,RIDGE,30
2022-10-12,2.789454343421462,O1,RIDGE,30
2022-10-13,2.887487861897775,O1,RIDGE,30
2022-10-14,2.9404672291181835,O1,RIDGE,30
2022-10-17,3.0850107458358016,O1,RIDGE,30
2022-10-18,3.0469009656764623,O1,RIDGE,30
2022-10-19,3.0402938195134936,O1,RIDGE,30
2022-10-20,3.0852807658025614,O1,RIDGE,30
2022-10-21,3.1049261462575375,O1,RIDGE,30
2022-10-24,3.140501642994284,O1,RIDGE,30
2022-10-25,3.1437449001287217,O1,RIDGE,30
2022-10-26,3.1990266075189453,O1,RIDGE,30
2022-10-27,3.238118769750913,O1,RIDGE,30
2022-10-28,3.2060808724989376,O1,RIDGE,30
2022-10-31,3.268395407230766,O1,RIDGE,30
2022-11-01,3.3927875071434404,O1,RIDGE,30
2022-11-02,3.3903377564471513,O1,RIDGE,30
2022-11-03,3.4768003160372993,O1,RIDGE,30
2022-11-04,3.55331753681409,O1,RIDGE,30
2022-11-07,3.574914169308506,O1,RIDGE,30
2022-11-08,3.6692640143497535,O1,RIDGE,30
2022-11-09,3.839779154082121,O1,RIDGE,30
2022-11-10,3.8685749019841724,O1,RIDGE,30
2022-11-11,3.9951093523067684,O1,RIDGE,30
2022-02-21,1.0,O1,RIDGE,50
2022-02-22,0.9985077207298482,O1,RIDGE,50
2022-02-23,0.9985952201093683,O1,RIDGE,50
2022-02-24,0.9143593852836063,O1,RIDGE,50
2022-02-25,0.9761842615185595,O1,RIDGE,50
2022-02-28,0.9677673103103075,O1,RIDGE,50
2022-03-01,0.9883012727315065,O1,RIDGE,50
2022-03-02,1.0083238756581234,O1,RIDGE,50
2022-03-03,1.0363326917800029,O1,RIDGE,50
2022-03-04,1.0217569525884258,O1,RIDGE,50
2022-03-07,1.0340041609493702,O1,RIDGE,50
2022-03-08,1.0433690562076199,O1,RIDGE,50
2022-03-09,1.0723257019615287,O1,RIDGE,50
2022-03-10,1.0837967721385682,O1,RIDGE,50
2022-03-11,1.0837091983933673,O1,RIDGE,50
2022-03-14,1.1027725492885987,O1,RIDGE,50
2022-03-15,1.1059558093549267,O1,RIDGE,50
2022-03-16,1.10917732307408,O1,RIDGE,50
2022-03-17,1.1317616051708252,O1,RIDGE,50
2022-03-18,1.1450302481756012,O1,RIDGE,50
2022-03-21,1.1685675074848638,O1,RIDGE,50
2022-03-22,1.199649027249245,O1,RIDGE,50
2022-03-23,1.1986633733168066,O1,RIDGE,50
2022-03-24,1.2028939619163959,O1,RIDGE,50
2022-03-25,1.2061416418411706,O1,RIDGE,50
2022-03-28,1.2146816898945505,O1,RIDGE,50
2022-03-29,1.2511247175454727,O1,RIDGE,50
2022-03-30,1.262862947917132,O1,RIDGE,50
2022-03-31,1.2785305557413136,O1,RIDGE,50
2022-04-01,1.2834944852085914,O1,RIDGE,50
2022-04-04,1.3178718850116435,O1,RIDGE,50
2022-04-05,1.3459587102213164,O1,RIDGE,50
2022-04-06,1.3657610183534614,O1,RIDGE,50
2022-04-07,1.4080058296680062,O1,RIDGE,50
2022-04-08,1.4442600806710768,O1,RIDGE,50
2022-04-11,1.4723066169925951,O1,RIDGE,50
2022-04-12,1.4507861693593873,O1,RIDGE,50
2022-04-13,1.433819758609271,O1,RIDGE,50
2022-04-14,1.4154121105924673,O1,RIDGE,50
2022-04-15,1.442862132244845,O1,RIDGE,50
2022-04-18,1.4314348502716345,O1,RIDGE,50
2022-04-19,1.4228185217463798,O1,RIDGE,50
2022-04-20,1.4245024823285601,O1,RIDGE,50
2022-04-21,1.4405219346363591,O1,RIDGE,50
2022-04-22,1.39946375952007,O1,RIDGE,50
2022-04-25,1.4014753572444019,O1,RIDGE,50
2022-04-26,1.3923568953346457,O1,RIDGE,50
2022-04-27,1.421240642295964,O1,RIDGE,50
2022-04-28,1.4118935116248064,O1,RIDGE,50
2022-04-29,1.4242502012572698,O1,RIDGE,50
2022-05-05,1.4531217124796056,O1,RIDGE,50
2022-05-06,1.4412289635477196,O1,RIDGE,50
2022-05-09,1.4564747194822765,O1,RIDGE,50
2022-05-10,1.467436294159433,O1,RIDGE,50
2022-05-11,1.4641864366413606,O1,RIDGE,50
2022-05-12,1.4381026143077271,O1,RIDGE,50
2022-05-13,1.4721072095958165,O1,RIDGE,50
2022-05-16,1.4660964733796336,O1,RIDGE,50
2022-05-17,1.4727454923876762,O1,RIDGE,50
2022-05-18,1.4768191179152863,O1,RIDGE,50
2022-05-20,1.4770772203705937,O1,RIDGE,50
2022-05-23,1.4932130311175933,O1,RIDGE,50
2022-05-24,1.5039925605830817,O1,RIDGE,50
2022-05-25,1.5181722039778585,O1,RIDGE,50
2022-05-26,1.5363114908472564,O1,RIDGE,50
2022-05-27,1.5236825571896981,O1,RIDGE,50
2022-05-30,1.5880792285317344,O1,RIDGE,50
2022-05-31,1.617942512021902,O1,RIDGE,50
2022-06-01,1.63383877239969,O1,RIDGE,50
2022-06-02,1.6498575945617149,O1,RIDGE,50
2022-06-03,1.657731734099864,O1,RIDGE,50
2022-06-06,1.6765702480312594,O1,RIDGE,50
2022-06-07,1.6761881672915377,O1,RIDGE,50
2022-06-08,1.5949824194610154,O1,RIDGE,50
2022-06-09,1.6181341524377442,O1,RIDGE,50
2022-06-10,1.6008601901876987,O1,RIDGE,50
2022-06-13,1.5907742667511695,O1,RIDGE,50
2022-06-14,1.579938920484162,O1,RIDGE,50
2022-06-15,1.6222507321022839,O1,RIDGE,50
2022-06-16,1.6096961903216132,O1,RIDGE,50
2022-06-17,1.6183465866652162,O1,RIDGE,50
2022-06-20,1.6225397504449033,O1,RIDGE,50
2022-06-21,1.6497679405779753,O1,RIDGE,50
2022-06-22,1.6568737541986913,O1,RIDGE,50
2022-06-23,1.6555082827067533,O1,RIDGE,50
2022-06-24,1.6807116043674222,O1,RIDGE,50
2022-06-27,1.6568727936505687,O1,RIDGE,50
2022-06-28,1.6243072789069763,O1,RIDGE,50
2022-06-29,1.5815905810589501,O1,RIDGE,50
2022-06-30,1.6001443396082684,O1,RIDGE,50
2022-07-01,1.6167906166338586,O1,RIDGE,50
2022-07-04,1.5824347697210528,O1,RIDGE,50
2022-07-05,1.5865880774475793,O1,RIDGE,50
2022-07-06,1.6124047760547515,O1,RIDGE,50
2022-07-07,1.6421672685055684,O1,RIDGE,50
2022-07-08,1.6506316295462538,O1,RIDGE,50
2022-07-13,1.6649047834446613,O1,RIDGE,50
2022-07-14,1.6781558621724537,O1,RIDGE,50
2022-07-18,1.7056820710828773,O1,RIDGE,50
2022-07-19,1.7315149224102064,O1,RIDGE,50
2022-07-20,1.7275288894296728,O1,RIDGE,50
2022-07-21,1.7263900269271983,O1,RIDGE,50
2022-07-22,1.7292383409788747,O1,RIDGE,50
2022-07-25,1.7452327210085388,O1,RIDGE,50
2022-07-26,1.7428971922187575,O1,RIDGE,50
2022-07-27,1.764308441483511,O1,RIDGE,50
2022-07-28,1.7823654862953326,O1,RIDGE,50
2022-07-29,1.8209466354613288,O1,RIDGE,50
2022-08-01,1.8856902571423182,O1,RIDGE,50
2022-08-02,1.920946066986976,O1,RIDGE,50
2022-08-03,1.9456960231834648,O1,RIDGE,50
2022-08-04,1.948184842405105,O1,RIDGE,50
2022-08-05,1.9856362253644078,O1,RIDGE,50
2022-08-08,2.0209851708070072,O1,RIDGE,50
2022-08-09,2.0244564097445004,O1,RIDGE,50
2022-08-10,2.0322019406896783,O1,RIDGE,50
2022-08-11,2.058734099584269,O1,RIDGE,50
2022-08-12,2.0535891375796944,O1,RIDGE,50
2022-08-15,2.056465701641531,O1,RIDGE,50
2022-08-16,2.106017963754789,O1,RIDGE,50
2022-08-17,2.1463984750181537,O1,RIDGE,50
2022-08-18,2.1343994790793213,O1,RIDGE,50
2022-08-19,2.173264087231517,O1,RIDGE,50
2022-08-22,2.2126939616921066,O1,RIDGE,50
2022-08-23,2.235640219492106,O1,RIDGE,50
2022-08-24,2.235391460663382,O1,RIDGE,50
2022-08-25,2.264820276466844,O1,RIDGE,50
2022-08-26,2.2242719735271135,O1,RIDGE,50
2022-08-29,2.2112023237098906,O1,RIDGE,50
2022-08-31,2.2103685413055083,O1,RIDGE,50
2022-09-01,2.204518208991747,O1,RIDGE,50
2022-09-02,2.1974969207398405,O1,RIDGE,50
2022-09-05,2.2299884006267976,O1,RIDGE,50
2022-09-06,2.1927878783928265,O1,RIDGE,50
2022-09-07,2.1977287675924457,O1,RIDGE,50
2022-09-08,2.227772179904566,O1,RIDGE,50
2022-09-09,2.230312374440626,O1,RIDGE,50
2022-09-12,2.280376467472845,O1,RIDGE,50
2022-09-13,2.1678140420740912,O1,RIDGE,50
2022-09-14,2.2317751559166803,O1,RIDGE,50
2022-09-15,2.2539904279972567,O1,RIDGE,50
2022-09-16,2.283182431202037,O1,RIDGE,50
2022-09-19,2.232492566040277,O1,RIDGE,50
2022-09-20,2.27610319980392,O1,RIDGE,50
2022-09-21,2.247893576163595,O1,RIDGE,50
2022-09-22,2.300182214878009,O1,RIDGE,50
2022-09-23,2.3498020414933363,O1,RIDGE,50
2022-09-26,2.3609355202478532,O1,RIDGE,50
2022-09-27,2.378257858737106,O1,RIDGE,50
2022-09-28,2.393906031073355,O1,RIDGE,50
2022-09-29,2.3155141033790256,O1,RIDGE,50
2022-09-30,2.413294576970968,O1,RIDGE,50
2022-10-03,2.493257503204978,O1,RIDGE,50
2022-10-04,2.6255972668405905,O1,RIDGE,50
2022-10-05,2.669687858767687,O1,RIDGE,50
2022-10-06,2.6784425788314623,O1,RIDGE,50
2022-10-07,2.7274057555089035,O1,RIDGE,50
2022-10-10,2.7615804668156647,O1,RIDGE,50
2022-10-11,2.728889469658645,O1,RIDGE,50
2022-10-12,2.778723539516946,O1,RIDGE,50
2022-10-13,2.876505666740253,O1,RIDGE,50
2022-10-14,2.929349176860804,O1,RIDGE,50
2022-10-17,3.073522034885901,O1,RIDGE,50
2022-10-18,3.0355099811525337,O1,RIDGE,50
2022-10-19,3.028919777957425,O1,RIDGE,50
2022-10-20,3.0737913624297137,O1,RIDGE,50
2022-10-21,3.0933863654537337,O1,RIDGE,50
2022-10-24,3.128870634528351,O1,RIDGE,50
2022-10-25,3.132105574849443,O1,RIDGE,50
2022-10-26,3.1872455211572825,O1,RIDGE,50
2022-10-27,3.226237437801833,O1,RIDGE,50
2022-10-28,3.194281696604837,O1,RIDGE,50
2022-10-31,3.2564364356952336,O1,RIDGE,50
2022-11-01,3.380509551995495,O1,RIDGE,50
2022-11-02,3.3780660832924125,O1,RIDGE,50
2022-11-03,3.464306923499932,O1,RIDGE,50
2022-11-04,3.540627928122221,O1,RIDGE,50
2022-11-07,3.56216917951242,O1,RIDGE,50
2022-11-08,3.656277079491054,O1,RIDGE,50
2022-11-09,3.826354960464376,O1,RIDGE,50
2022-11-10,3.8550768662840578,O1,RIDGE,50
2022-11-11,3.9812868392798215,O1,RIDGE,50
2022-02-21,1.0,O1,RIDGE,100
2022-02-22,0.9935077207298482,O1,RIDGE,100
2022-02-23,0.9935952201093684,O1,RIDGE,100
2022-02-24,0.9093593852836064,O1,RIDGE,100
2022-02-25,0.9711842615185595,O1,RIDGE,100
2022-02-28,0.9627673103103074,O1,RIDGE,100
2022-03-01,0.9833012727315065,O1,RIDGE,100
2022-03-02,1.0033238756581235,O1,RIDGE,100
2022-03-03,1.0313326917800028,O1,RIDGE,100
2022-03-04,1.016756952588426,O1,RIDGE,100
2022-03-07,1.0290041609493703,O1,RIDGE,100
2022-03-08,1.0383690562076198,O1,RIDGE,100
2022-03-09,1.0673257019615288,O1,RIDGE,100
2022-03-10,1.078796772138568,O1,RIDGE,100
2022-03-11,1.0787091983933674,O1,RIDGE,100
2022-03-14,1.0977725492885988,O1,RIDGE,100
2022-03-15,1.1009558093549268,O1,RIDGE,100
2022-03-16,1.10417732307408,O1,RIDGE,100
2022-03-17,1.1267616051708251,O1,RIDGE,100
2022-03-18,1.140030248175601,O1,RIDGE,100
2022-03-21,1.163567507484864,O1,RIDGE,100
2022-03-22,1.1946490272492447,O1,RIDGE,100
2022-03-23,1.1936633733168065,O1,RIDGE,100
2022-03-24,1.1978939619163957,O1,RIDGE,100
2022-03-25,1.2011416418411707,O1,RIDGE,100
2022-03-28,1.2096816898945506,O1,RIDGE,100
2022-03-29,1.2461247175454726,O1,RIDGE,100
2022-03-30,1.2578629479171322,O1,RIDGE,100
2022-03-31,1.2735305557413137,O1,RIDGE,100
2022-04-01,1.2784944852085915,O1,RIDGE,100
2022-04-04,1.3128718850116436,O1,RIDGE,100
2022-04-05,1.3409587102213165,O1,RIDGE,100
2022-04-06,1.3607610183534615,O1,RIDGE,100
2022-04-07,1.4030058296680061,O1,RIDGE,100
2022-04-08,1.439260080671077,O1,RIDGE,100
2022-04-11,1.467306616992595,O1,RIDGE,100
2022-04-12,1.445786169359387,O1,RIDGE,100
2022-04-13,1.4288197586092706,O1,RIDGE,100
2022-04-14,1.4104121105924672,O1,RIDGE,100
2022-04-15,1.437862132244845,O1,RIDGE,100
2022-04-18,1.4264348502716344,O1,RIDGE,100
2022-04-19,1.41781852174638,O1,RIDGE,100
2022-04-20,1.4195024823285602,O1,RIDGE,100
2022-04-21,1.435521934636359,O1,RIDGE,100
2022-04-22,1.3944637595200702,O1,RIDGE,100
2022-04-25,1.396475357244402,O1,RIDGE,100
2022-04-26,1.3873568953346458,O1,RIDGE,100
2022-04-27,1.416240642295964,O1,RIDGE,100
2022-04-28,1.4068935116248065,O1,RIDGE,100
2022-04-29,1.4192502012572699,O1,RIDGE,100
2022-05-05,1.4481217124796057,O1,RIDGE,100
2022-05-06,1.4362289635477197,O1,RIDGE,100
2022-05-09,1.4514747194822766,O1,RIDGE,100
2022-05-10,1.4624362941594327,O1,RIDGE,100
2022-05-11,1.4591864366413605,O1,RIDGE,100
2022-05-12,1.433102614307727,O1,RIDGE,100
2022-05-13,1.4671072095958164,O1,RIDGE,100
2022-05-16,1.4610964733796337,O1,RIDGE,100
2022-05-17,1.4677454923876763,O1,RIDGE,100
2022-05-18,1.4718191179152864,O1,RIDGE,100
2022-05-20,1.4720772203705934,O1,RIDGE,100
2022-05-23,1.4815994696059298,O1,RIDGE,100
2022-05-24,1.4923428428132919,O1,RIDGE,100
2022-05-25,1.506474925426462,O1,RIDGE,100
2022-05-26,1.5245533702395913,O1,RIDGE,100
2022-05-27,1.5119667960362797,O1,RIDGE,100
2022-05-30,1.5761474706894987,O1,RIDGE,100
2022-05-31,1.6059105879720552,O1,RIDGE,100
2022-06-01,1.6217535297615588,O1,RIDGE,100
2022-06-02,1.6377186222435611,O1,RIDGE,100
2022-06-03,1.6455663506639908,O1,RIDGE,100
2022-06-06,1.664341677220222,O1,RIDGE,100
2022-06-07,1.6639608780401363,O1,RIDGE,100
2022-06-08,1.5830275072172877,O1,RIDGE,100
2022-06-09,1.6061015855954301,O1,RIDGE,100
2022-06-10,1.5888855629651046,O1,RIDGE,100
2022-06-13,1.5788334693216457,O1,RIDGE,100
2022-06-14,1.5680344665312047,O1,RIDGE,100
2022-06-15,1.6102043575963398,O1,RIDGE,100
2022-06-16,1.5976919257477158,O1,RIDGE,100
2022-06-17,1.60631330728468,O1,RIDGE,100
2022-06-20,1.6104924065254211,O1,RIDGE,100
2022-06-21,1.6376292689735574,O1,RIDGE,100
2022-06-22,1.644711248564013,O1,RIDGE,100
2022-06-23,1.6433503570808674,O1,RIDGE,100
2022-06-24,1.668469142787853,O1,RIDGE,100
2022-06-27,1.6447102912377218,O1,RIDGE,100
2022-06-28,1.6122540064156095,O1,RIDGE,100
2022-06-29,1.5696805871734503,O1,RIDGE,100
2022-06-30,1.5881721134624935,O1,RIDGE,100
2022-07-01,1.6047625562245464,O1,RIDGE,100
2022-07-04,1.5705219442923695,O1,RIDGE,100
2022-07-05,1.5746613211634983,O1,RIDGE,100
2022-07-06,1.6003914264530485,O1,RIDGE,100
2022-07-07,1.6300540907654484,O1,RIDGE,100
2022-07-08,1.6384900609915214,O1,RIDGE,100
2022-07-13,1.6527153404592043,O1,RIDGE,100
2022-07-14,1.6659219729591277,O1,RIDGE,100
2022-07-18,1.6933558545821872,O1,RIDGE,100
2022-07-19,1.719102058413098,O1,RIDGE,100
2022-07-20,1.7151293952218314,O1,RIDGE,100
2022-07-21,1.713994352645518,O1,RIDGE,100
2022-07-22,1.7168331129983607,O1,RIDGE,100
2022-07-25,1.7327738453308053,O1,RIDGE,100
2022-07-26,1.7304461502764443,O1,RIDGE,100
2022-07-27,1.751785582802099,O1,RIDGE,100
2022-07-28,1.7697820614106072,O1,RIDGE,100
2022-07-29,1.808233803259472,O1,RIDGE,100
2022-08-01,1.872760264524966,O1,RIDGE,100
2022-08-02,1.9078978207700308,O1,RIDGE,100
2022-08-03,1.9325647616727875,O1,RIDGE,100
2022-08-04,1.9350452329984924,O1,RIDGE,100
2022-08-05,1.9723709980564,O1,RIDGE,100
2022-08-08,2.0076013775077817,O1,RIDGE,100
2022-08-09,2.0110609733571936,O1,RIDGE,100
2022-08-10,2.01878052455835,O1,RIDGE,100
2022-08-11,2.0452236903676004,O1,RIDGE,100
2022-08-12,2.0400959853847613,O1,RIDGE,100
2022-08-15,2.0429629009927326,O1,RIDGE,100
2022-08-16,2.0923489569292304,O1,RIDGE,100
2022-08-17,2.1325940255284963,O1,RIDGE,100
2022-08-18,2.1117719117346647,O1,RIDGE,100
2022-08-19,2.1503868506168864,O1,RIDGE,100
2022-08-22,2.1895634244927082,O1,RIDGE,100
2022-08-23,2.2123622737452924,O1,RIDGE,100
2022-08-24,2.212115112962661,O1,RIDGE,100
2022-08-25,2.2413548757611603,O1,RIDGE,100
2022-08-26,2.201067058277863,O1,RIDGE,100
2022-08-29,2.188081368909075,O1,RIDGE,100
2022-08-31,2.1872529427878025,O1,RIDGE,100
2022-09-01,2.181440193464513,O1,RIDGE,100
2022-09-02,2.174464010515232,O1,RIDGE,100
2022-09-05,2.2067467626046007,O1,RIDGE,100
2022-09-06,2.1697852194230474,O1,RIDGE,100
2022-09-07,2.1746943679655977,O1,RIDGE,100
2022-09-08,2.2045447790569135,O1,RIDGE,100
2022-09-09,2.207068655185415,O1,RIDGE,100
2022-09-12,2.2568111325844513,O1,RIDGE,100
2022-09-13,2.1449718169740617,O1,RIDGE,100
2022-09-14,2.2085220396393295,O1,RIDGE,100
2022-09-15,2.23059459908169,O1,RIDGE,100
2022-09-16,2.259599070584087,O1,RIDGE,100
2022-09-19,2.2092348410644123,O1,RIDGE,100
2022-09-20,2.2525653167198803,O1,RIDGE,100
2022-09-21,2.2245369138990974,O1,RIDGE,100
2022-09-22,2.2764896463255946,O1,RIDGE,100
2022-09-23,2.3257907113098057,O1,RIDGE,100
2022-09-26,2.336852667729606,O1,RIDGE,100
2022-09-27,2.354063726167149,O1,RIDGE,100
2022-09-28,2.3696113734254576,O1,RIDGE,100
2022-09-29,2.291723041580664,O1,RIDGE,100
2022-09-30,2.388875365794031,O1,RIDGE,100
2022-10-03,2.4683246039615203,O1,RIDGE,100
2022-10-04,2.5998142066474585,O1,RIDGE,100
2022-10-05,2.6436215571777533,O1,RIDGE,100
2022-10-06,2.6523200362379242,O1,RIDGE,100
2022-10-07,2.700968669654598,O1,RIDGE,100
2022-10-10,2.734923839954022,O1,RIDGE,100
2022-10-11,2.702442852309074,O1,RIDGE,100
2022-10-12,2.7519567842209796,O1,RIDGE,100
2022-10-13,2.8491107514426535,O1,RIDGE,100
2022-10-14,2.9016147907381553,O1,RIDGE,100
2022-10-17,3.0448614710935282,O1,RIDGE,100
2022-10-18,3.007093609754141,O1,RIDGE,100
2022-10-19,3.000545742537675,O1,RIDGE,100
2022-10-20,3.045129068456221,O1,RIDGE,100
2022-10-21,3.06459819165454,O1,RIDGE,100
2022-10-24,3.0998545070207157,O1,RIDGE,100
2022-10-25,3.103068665833212,O1,RIDGE,100
2022-10-26,3.157854388831063,O1,RIDGE,100
2022-10-27,3.1965958183659686,O1,RIDGE,100
2022-10-28,3.164845363339488,O1,RIDGE,100
2022-10-31,3.2266008155446717,O1,RIDGE,100
2022-11-01,3.3498768764816385,O1,RIDGE,100
2022-11-02,3.347449104811829,O1,RIDGE,100
2022-11-03,3.433135927144468,O1,RIDGE,100
2022-11-04,3.508966639688342,O1,RIDGE,100
2022-11-07,3.5303695084017415,O1,RIDGE,100
2022-11-08,3.6238728519007526,O1,RIDGE,100
2022-11-09,3.7928581393191614,O1,RIDGE,100
2022-11-10,3.8213955333786784,O1,RIDGE,100
2022-11-11,3.9467947236772942,O1,RIDGE,100
2022-02-21,1.0,O1,LGBM_REGRESSION,0
2022-02-22,1.0121696561142322,O1,LGBM_REGRESSION,0
2022-02-23,1.0090992040372186,O1,LGBM_REGRESSION,0
2022-02-24,0.9184136831449231,O1,LGBM_REGRESSION,0
2022-02-25,0.9697258493207411,O1,LGBM_REGRESSION,0
2022-02-28,0.9645043700336557,O1,LGBM_REGRESSION,0
2022-03-01,0.9801888907508727,O1,LGBM_REGRESSION,0
2022-03-02,0.9915601292203552,O1,LGBM_REGRESSION,0
2022-03-03,1.0096386708285277,O1,LGBM_REGRESSION,0
2022-03-04,1.0151257348790972,O1,LGBM_REGRESSION,0
2022-03-07,1.0060143074783534,O1,LGBM_REGRESSION,0
2022-03-08,1.0217016718694194,O1,LGBM_REGRESSION,0
2022-03-09,1.0487956370123495,O1,LGBM_REGRESSION,0
2022-03-10,1.048644585981383,O1,LGBM_REGRESSION,0
2022-03-11,1.0532548288876233,O1,LGBM_REGRESSION,0
2022-03-14,1.0801515256510195,O1,LGBM_REGRESSION,0
2022-03-15,1.083767092504289,O1,LGBM_REGRESSION,0
2022-03-16,1.095277658149663,O1,LGBM_REGRESSION,0
2022-03-17,1.1128647144364445,O1,LGBM_REGRESSION,0
2022-03-18,1.1092357427287869,O1,LGBM_REGRESSION,0
2022-03-21,1.1393422477065105,O1,LGBM_REGRESSION,0
2022-03-22,1.1551513205674315,O1,LGBM_REGRESSION,0
2022-03-23,1.1452565815376023,O1,LGBM_REGRESSION,0
2022-03-24,1.146638833625661,O1,LGBM_REGRESSION,0
2022-03-25,1.1496536184575035,O1,LGBM_REGRESSION,0
2022-03-28,1.1654245245657238,O1,LGBM_REGRESSION,0
2022-03-29,1.1891024166652628,O1,LGBM_REGRESSION,0
2022-03-30,1.2075748350503792,O1,LGBM_REGRESSION,0
2022-03-31,1.218374929957768,O1,LGBM_REGRESSION,0
2022-04-01,1.22854062231638,O1,LGBM_REGRESSION,0
2022-04-04,1.2704178969105588,O1,LGBM_REGRESSION,0
2022-04-05,1.2945041588739294,O1,LGBM_REGRESSION,0
2022-04-06,1.3312329784263697,O1,LGBM_REGRESSION,0
2022-04-07,1.3663868663644119,O1,LGBM_REGRESSION,0
2022-04-08,1.4079226801341935,O1,LGBM_REGRESSION,0
2022-04-11,1.4461274724956614,O1,LGBM_REGRESSION,0
2022-04-12,1.4295753771554984,O1,LGBM_REGRESSION,0
2022-04-13,1.3949346020006355,O1,LGBM_REGRESSION,0
2022-04-14,1.392137248908256,O1,LGBM_REGRESSION,0
2022-04-15,1.420357902022604,O1,LGBM_REGRESSION,0
2022-04-18,1.4178918789945212,O1,LGBM_REGRESSION,0
2022-04-19,1.4094007615047026,O1,LGBM_REGRESSION,0
2022-04-20,1.4276191952559547,O1,LGBM_REGRESSION,0
2022-04-21,1.436998756942237,O1,LGBM_REGRESSION,0
2022-04-22,1.395318833975036,O1,LGBM_REGRESSION,0
2022-04-25,1.392019702915229,O1,LGBM_REGRESSION,0
2022-04-26,1.3718174706356767,O1,LGBM_REGRESSION,0
2022-04-27,1.3914168356409347,O1,LGBM_REGRESSION,0
2022-04-28,1.4004416545361946,O1,LGBM_REGRESSION,0
2022-04-29,1.4030085540223252,O1,LGBM_REGRESSION,0
2022-05-05,1.436035598164751,O1,LGBM_REGRESSION,0
2022-05-06,1.4314630626264935,O1,LGBM_REGRESSION,0
2022-05-09,1.4306211027609552,O1,LGBM_REGRESSION,0
2022-05-10,1.445133114906025,O1,LGBM_REGRESSION,0
2022-05-11,1.4280225114418363,O1,LGBM_REGRESSION,0
2022-05-12,1.3997326039562066,O1,LGBM_REGRESSION,0
2022-05-13,1.4432047957501255,O1,LGBM_REGRESSION,0
2022-05-16,1.4385567125216907,O1,LGBM_REGRESSION,0
2022-05-17,1.4386492150949766,O1,LGBM_REGRESSION,0
2022-05-18,1.4243801702033292,O1,LGBM_REGRESSION,0
2022-05-20,1.4245366578901455,O1,LGBM_REGRESSION,0
2022-05-23,1.4189656868549667,O1,LGBM_REGRESSION,0
2022-05-24,1.4324443354190404,O1,LGBM_REGRESSION,0
2022-05-25,1.4719382371300218,O1,LGBM_REGRESSION,0
2022-05-26,1.4914017191000564,O1,LGBM_REGRESSION,0
2022-05-27,1.4718737580039623,O1,LGBM_REGRESSION,0
2022-05-30,1.5163154908370748,O1,LGBM_REGRESSION,0
2022-05-31,1.5478264633489598,O1,LGBM_REGRESSION,0
2022-06-01,1.5771171791341339,O1,LGBM_REGRESSION,0
2022-06-02,1.5935286909280282,O1,LGBM_REGRESSION,0
2022-06-03,1.6462093871323398,O1,LGBM_REGRESSION,0
2022-06-06,1.6989551558437799,O1,LGBM_REGRESSION,0
2022-06-07,1.7142597500703458,O1,LGBM_REGRESSION,0
2022-06-08,1.6548152076369163,O1,LGBM_REGRESSION,0
2022-06-09,1.6908355355865061,O1,LGBM_REGRESSION,0
2022-06-10,1.6818005089403056,O1,LGBM_REGRESSION,0
2022-06-13,1.6428695925355337,O1,LGBM_REGRESSION,0
2022-06-14,1.6466402163806941,O1,LGBM_REGRESSION,0
2022-06-15,1.6639723586440671,O1,LGBM_REGRESSION,0
2022-06-16,1.6520868703363294,O1,LGBM_REGRESSION,0
2022-06-17,1.6909111980267115,O1,LGBM_REGRESSION,0
2022-06-20,1.706685946250333,O1,LGBM_REGRESSION,0
2022-06-21,1.7204951915277384,O1,LGBM_REGRESSION,0
2022-06-22,1.7045290281929149,O1,LGBM_REGRESSION,0
2022-06-23,1.6933349727329976,O1,LGBM_REGRESSION,0
2022-06-24,1.692425403897038,O1,LGBM_REGRESSION,0
2022-06-27,1.6701133148687357,O1,LGBM_REGRESSION,0
2022-06-28,1.6517355947865882,O1,LGBM_REGRESSION,0
2022-06-29,1.6128622690069676,O1,LGBM_REGRESSION,0
2022-06-30,1.6198504248100491,O1,LGBM_REGRESSION,0
2022-07-01,1.6581327548542233,O1,LGBM_REGRESSION,0
2022-07-04,1.626686958030224,O1,LGBM_REGRESSION,0
2022-07-05,1.6019049657491775,O1,LGBM_REGRESSION,0
2022-07-06,1.6266695259259139,O1,LGBM_REGRESSION,0
2022-07-07,1.6515127920405421,O1,LGBM_REGRESSION,0
2022-07-08,1.650293070451385,O1,LGBM_REGRESSION,0
2022-07-13,1.6472009721264416,O1,LGBM_REGRESSION,0
2022-07-14,1.6273363141749952,O1,LGBM_REGRESSION,0
2022-07-18,1.6626065201470868,O1,LGBM_REGRESSION,0
2022-07-19,1.6921465338841548,O1,LGBM_REGRESSION,0
2022-07-20,1.7003024260802908,O1,LGBM_REGRESSION,0
2022-07-21,1.7019676200133886,O1,LGBM_REGRESSION,0
2022-07-22,1.7063233657083317,O1,LGBM_REGRESSION,0
2022-07-25,1.723683451872772,O1,LGBM_REGRESSION,0
2022-07-26,1.7075013680253766,O1,LGBM_REGRESSION,0
2022-07-27,1.6949494784589154,O1,LGBM_REGRESSION,0
2022-07-28,1.6686970224373565,O1,LGBM_REGRESSION,0
2022-07-29,1.7017065748271258,O1,LGBM_REGRESSION,0
2022-08-01,1.7252717493161043,O1,LGBM_REGRESSION,0
2022-08-02,1.7237474369224046,O1,LGBM_REGRESSION,0
2022-08-03,1.770241145707834,O1,LGBM_REGRESSION,0
2022-08-04,1.8103046436130472,O1,LGBM_REGRESSION,0
2022-08-05,1.8404970588553293,O1,LGBM_REGRESSION,0
2022-08-08,1.884060260989408,O1,LGBM_REGRESSION,0
2022-08-09,1.8848367307996858,O1,LGBM_REGRESSION,0
2022-08-10,1.922903086480637,O1,LGBM_REGRESSION,0
2022-08-11,1.9481951034071472,O1,LGBM_REGRESSION,0
2022-08-12,1.929304959135037,O1,LGBM_REGRESSION,0
2022-08-15,1.9571576506601507,O1,LGBM_REGRESSION,0
2022-08-16,1.9961390472300267,O1,LGBM_REGRESSION,0
2022-08-17,2.0267754608647195,O1,LGBM_REGRESSION,0
2022-08-18,2.0438918476787205,O1,LGBM_REGRESSION,0
2022-08-19,2.0544980473958505,O1,LGBM_REGRESSION,0
2022-08-22,2.1113684560044303,O1,LGBM_REGRESSION,0
2022-08-23,2.153869121726352,O1,LGBM_REGRESSION,0
2022-08-24,2.137792055233421,O1,LGBM_REGRESSION,0
2022-08-25,2.211689393135682,O1,LGBM_REGRESSION,0
2022-08-26,2.2032089520469005,O1,LGBM_REGRESSION,0
2022-08-29,2.1946072982294456,O1,LGBM_REGRESSION,0
2022-08-31,2.1820983624022614,O1,LGBM_REGRESSION,0
2022-09-01,2.1724624748108603,O1,LGBM_REGRESSION,0
2022-09-02,2.2071516313998414,O1,LGBM_REGRESSION,0
2022-09-05,2.2757786633104993,O1,LGBM_REGRESSION,0
2022-09-06,2.3294623809412256,O1,LGBM_REGRESSION,0
2022-09-07,2.2884845161397105,O1,LGBM_REGRESSION,0
2022-09-08,2.339868400462838,O1,LGBM_REGRESSION,0
2022-09-09,2.416107686050855,O1,LGBM_REGRESSION,0
2022-09-12,2.5209677627866762,O1,LGBM_REGRESSION,0
2022-09-13,2.3747745919357595,O1,LGBM_REGRESSION,0
2022-09-14,2.345102232044717,O1,LGBM_REGRESSION,0
2022-09-15,2.280009011382658,O1,LGBM_REGRESSION,0
2022-09-16,2.3088616100128427,O1,LGBM_REGRESSION,0
2022-09-19,2.2055248922940276,O1,LGBM_REGRESSION,0
2022-09-20,2.248430940669083,O1,LGBM_REGRESSION,0
2022-09-21,2.2780775754167757,O1,LGBM_REGRESSION,0
2022-09-22,2.310272553530906,O1,LGBM_REGRESSION,0
2022-09-23,2.295119508730799,O1,LGBM_REGRESSION,0
2022-09-26,2.2721882558229836,O1,LGBM_REGRESSION,0
2022-09-27,2.2989643871711416,O1,LGBM_REGRESSION,0
2022-09-28,2.256874294642515,O1,LGBM_REGRESSION,0
2022-09-29,2.218295894137965,O1,LGBM_REGRESSION,0
2022-09-30,2.236795908603249,O1,LGBM_REGRESSION,0
2022-10-03,2.358016083051455,O1,LGBM_REGRESSION,0
2022-10-04,2.3982286248861633,O1,LGBM_REGRESSION,0
2022-10-05,2.3970509649495213,O1,LGBM_REGRESSION,0
2022-10-06,2.4679230603468896,O1,LGBM_REGRESSION,0
2022-10-07,2.468682984288014,O1,LGBM_REGRESSION,0
2022-10-10,2.463124984682237,O1,LGBM_REGRESSION,0
2022-10-11,2.4544251425759365,O1,LGBM_REGRESSION,0
2022-10-12,2.405461227532915,O1,LGBM_REGRESSION,0
2022-10-13,2.4184099613414056,O1,LGBM_REGRESSION,0
2022-10-14,2.457882145557684,O1,LGBM_REGRESSION,0
2022-10-17,2.5987349682848726,O1,LGBM_REGRESSION,0
2022-10-18,2.5876317036066263,O1,LGBM_REGRESSION,0
2022-10-19,2.627694316691557,O1,LGBM_REGRESSION,0
2022-10-20,2.6560799961452317,O1,LGBM_REGRESSION,0
2022-10-21,2.6766576139954683,O1,LGBM_REGRESSION,0
2022-10-24,2.7040209646639806,O1,LGBM_REGRESSION,0
2022-10-25,2.679799526402071,O1,LGBM_REGRESSION,0
2022-10-26,2.7011776948863835,O1,LGBM_REGRESSION,0
2022-10-27,2.6658071227792832,O1,LGBM_REGRESSION,0
2022-10-28,2.6389143255658842,O1,LGBM_REGRESSION,0
2022-10-31,2.6692488460635735,O1,LGBM_REGRESSION,0
2022-11-01,2.6966823137976506,O1,LGBM_REGRESSION,0
2022-11-02,2.6842098053869745,O1,LGBM_REGRESSION,0
2022-11-03,2.7004369277536973,O1,LGBM_REGRESSION,0
2022-11-04,2.764459973125147,O1,LGBM_REGRESSION,0
2022-11-07,2.8307204952206324,O1,LGBM_REGRESSION,0
2022-11-08,2.829764058075853,O1,LGBM_REGRESSION,0
2022-11-09,2.7782450205797407,O1,LGBM_REGRESSION,0
2022-11-10,2.853159738866503,O1,LGBM_REGRESSION,0
2022-11-11,2.856068828681625,O1,LGBM_REGRESSION,0
2022-02-21,1.0,O1,LGBM_REGRESSION,30
2022-02-22,1.009169656114232,O1,LGBM_REGRESSION,30
2022-02-23,1.0060992040372188,O1,LGBM_REGRESSION,30
2022-02-24,0.9154136831449231,O1,LGBM_REGRESSION,30
2022-02-25,0.9667258493207411,O1,LGBM_REGRESSION,30
2022-02-28,0.9615043700336557,O1,LGBM_REGRESSION,30
2022-03-01,0.9771888907508726,O1,LGBM_REGRESSION,30
2022-03-02,0.9885601292203552,O1,LGBM_REGRESSION,30
2022-03-03,1.0066386708285275,O1,LGBM_REGRESSION,30
2022-03-04,1.012125734879097,O1,LGBM_REGRESSION,30
2022-03-07,1.0030143074783535,O1,LGBM_REGRESSION,30
2022-03-08,1.0187016718694193,O1,LGBM_REGRESSION,30
2022-03-09,1.0457956370123493,O1,LGBM_REGRESSION,30
2022-03-10,1.045644585981383,O1,LGBM_REGRESSION,30
2022-03-11,1.0502548288876234,O1,LGBM_REGRESSION,30
2022-03-14,1.0771515256510193,O1,LGBM_REGRESSION,30
2022-03-15,1.0807670925042892,O1,LGBM_REGRESSION,30
2022-03-16,1.0922776581496632,O1,LGBM_REGRESSION,30
2022-03-17,1.1098647144364446,O1,LGBM_REGRESSION,30
2022-03-18,1.106235742728787,O1,LGBM_REGRESSION,30
2022-03-21,1.1363422477065108,O1,LGBM_REGRESSION,30
2022-03-22,1.1521513205674314,O1,LGBM_REGRESSION,30
2022-03-23,1.1422565815376025,O1,LGBM_REGRESSION,30
2022-03-24,1.143638833625661,O1,LGBM_REGRESSION,30
2022-03-25,1.1466536184575034,O1,LGBM_REGRESSION,30
2022-03-28,1.1624245245657236,O1,LGBM_REGRESSION,30
2022-03-29,1.1861024166652627,O1,LGBM_REGRESSION,30
2022-03-30,1.204574835050379,O1,LGBM_REGRESSION,30
2022-03-31,1.2153749299577679,O1,LGBM_REGRESSION,30
2022-04-01,1.22554062231638,O1,LGBM_REGRESSION,30
2022-04-04,1.267417896910559,O1,LGBM_REGRESSION,30
2022-04-05,1.2915041588739293,O1,LGBM_REGRESSION,30
2022-04-06,1.3282329784263696,O1,LGBM_REGRESSION,30
2022-04-07,1.3633868663644118,O1,LGBM_REGRESSION,30
2022-04-08,1.4049226801341934,O1,LGBM_REGRESSION,30
2022-04-11,1.4431274724956615,O1,LGBM_REGRESSION,30
2022-04-12,1.4265753771554985,O1,LGBM_REGRESSION,30
2022-04-13,1.3919346020006353,O1,LGBM_REGRESSION,30
2022-04-14,1.3891372489082559,O1,LGBM_REGRESSION,30
2022-04-15,1.417357902022604,O1,LGBM_REGRESSION,30
2022-04-18,1.4148918789945213,O1,LGBM_REGRESSION,30
2022-04-19,1.4064007615047025,O1,LGBM_REGRESSION,30
2022-04-20,1.4246191952559548,O1,LGBM_REGRESSION,30
2022-04-21,1.433998756942237,O1,LGBM_REGRESSION,30
2022-04-22,1.3923188339750359,O1,LGBM_REGRESSION,30
2022-04-25,1.389019702915229,O1,LGBM_REGRESSION,30
2022-04-26,1.368817470635677,O1,LGBM_REGRESSION,30
2022-04-27,1.3884168356409348,O1,LGBM_REGRESSION,30
2022-04-28,1.3974416545361945,O1,LGBM_REGRESSION,30
2022-04-29,1.400008554022325,O1,LGBM_REGRESSION,30
2022-05-05,1.433035598164751,O1,LGBM_REGRESSION,30
2022-05-06,1.4284630626264936,O1,LGBM_REGRESSION,30
2022-05-09,1.427621102760955,O1,LGBM_REGRESSION,30
2022-05-10,1.4421331149060252,O1,LGBM_REGRESSION,30
2022-05-11,1.4250225114418364,O1,LGBM_REGRESSION,30
2022-05-12,1.3967326039562067,O1,LGBM_REGRESSION,30
2022-05-13,1.4402047957501256,O1,LGBM_REGRESSION,30
2022-05-16,1.4355567125216908,O1,LGBM_REGRESSION,30
2022-05-17,1.4356492150949767,O1,LGBM_REGRESSION,30
2022-05-18,1.421380170203329,O1,LGBM_REGRESSION,30
2022-05-20,1.4215366578901456,O1,LGBM_REGRESSION,30
2022-05-23,1.4090559400766292,O1,LGBM_REGRESSION,30
2022-05-24,1.4225064065153452,O1,LGBM_REGRESSION,30
2022-05-25,1.461917731543392,O1,LGBM_REGRESSION,30
2022-05-26,1.4813405178690404,O1,LGBM_REGRESSION,30
2022-05-27,1.4618533872349149,O1,LGBM_REGRESSION,30
2022-05-30,1.5062021981048317,O1,LGBM_REGRESSION,30
2022-05-31,1.5376472852148353,O1,LGBM_REGRESSION,30
2022-06-01,1.5668767578701703,O1,LGBM_REGRESSION,30
2022-06-02,1.583253955297867,O1,LGBM_REGRESSION,30
2022-06-03,1.6358245029233145,O1,LGBM_REGRESSION,30
2022-06-06,1.6884599869976245,O1,LGBM_REGRESSION,30
2022-06-07,1.7037325812806516,O1,LGBM_REGRESSION,30
2022-06-08,1.6444123297610107,O1,LGBM_REGRESSION,30
2022-06-09,1.6803573438248751,O1,LGBM_REGRESSION,30
2022-06-10,1.671341208260547,O1,LGBM_REGRESSION,30
2022-06-13,1.6324916914086434,O1,LGBM_REGRESSION,30
2022-06-14,1.6362544313629694,O1,LGBM_REGRESSION,30
2022-06-15,1.6535503343399143,O1,LGBM_REGRESSION,30
2022-06-16,1.6416896970637789,O1,LGBM_REGRESSION,30
2022-06-17,1.6804328480646227,O1,LGBM_REGRESSION,30
2022-06-20,1.6961746133129996,O1,LGBM_REGRESSION,30
2022-06-21,1.709954985229723,O1,LGBM_REGRESSION,30
2022-06-22,1.6940222050945901,O1,LGBM_REGRESSION,30
2022-06-23,1.6828515549688745,O1,LGBM_REGRESSION,30
2022-06-24,1.6819438879246886,O1,LGBM_REGRESSION,30
2022-06-27,1.6596784506127644,O1,LGBM_REGRESSION,30
2022-06-28,1.6413391559861572,O1,LGBM_REGRESSION,30
2022-06-29,1.602547109344795,O1,LGBM_REGRESSION,30
2022-06-30,1.609520653810403,O1,LGBM_REGRESSION,30
2022-07-01,1.6477229404125993,O1,LGBM_REGRESSION,30
2022-07-04,1.6163428927164774,O1,LGBM_REGRESSION,30
2022-07-05,1.5916127164027178,O1,LGBM_REGRESSION,30
2022-07-06,1.6163254970604615,O1,LGBM_REGRESSION,30
2022-07-07,1.6411168190920757,O1,LGBM_REGRESSION,30
2022-07-08,1.6398996477843186,O1,LGBM_REGRESSION,30
2022-07-13,1.6368140146403758,O1,LGBM_REGRESSION,30
2022-07-14,1.6169908911408375,O1,LGBM_REGRESSION,30
2022-07-18,1.6521873516360468,O1,LGBM_REGRESSION,30
2022-07-19,1.6816656009932338,O1,LGBM_REGRESSION,30
2022-07-20,1.6898044402648733,O1,LGBM_REGRESSION,30
2022-07-21,1.6914661524910373,O1,LGBM_REGRESSION,30
2022-07-22,1.695812790880406,O1,LGBM_REGRESSION,30
2022-07-25,1.7131365793313058,O1,LGBM_REGRESSION,30
2022-07-26,1.6969883301456987,O1,LGBM_REGRESSION,30
2022-07-27,1.684462684970398,O1,LGBM_REGRESSION,30
2022-07-28,1.6582651194672038,O1,LGBM_REGRESSION,30
2022-07-29,1.6912056531167774,O1,LGBM_REGRESSION,30
2022-08-01,1.714721555848401,O1,LGBM_REGRESSION,30
2022-08-02,1.7132004305964061,O1,LGBM_REGRESSION,30
2022-08-03,1.759596927000113,O1,LGBM_REGRESSION,30
2022-08-04,1.7995766572698064,O1,LGBM_REGRESSION,30
2022-08-05,1.8297059440443377,O1,LGBM_REGRESSION,30
2022-08-08,1.8731780611102309,O1,LGBM_REGRESSION,30
2022-08-09,1.8739529074217263,O1,LGBM_REGRESSION,30
2022-08-10,1.9119396712353927,O1,LGBM_REGRESSION,30
2022-08-11,1.9371788057984987,O1,LGBM_REGRESSION,30
2022-08-12,1.9183281583951852,O1,LGBM_REGRESSION,30
2022-08-15,1.9461226135147451,O1,LGBM_REGRESSION,30
2022-08-16,1.9850225049842012,O1,LGBM_REGRESSION,30
2022-08-17,2.0155948618074526,O1,LGBM_REGRESSION,30
2022-08-18,2.0217197317579254,O1,LGBM_REGRESSION,30
2022-08-19,2.0322673488784893,O1,LGBM_REGRESSION,30
2022-08-22,2.0888236377935927,O1,LGBM_REGRESSION,30
2022-08-23,2.1310895540840304,O1,LGBM_REGRESSION,30
2022-08-24,2.1151012881346922,O1,LGBM_REGRESSION,30
2022-08-25,2.188590459299655,O1,LGBM_REGRESSION,30
2022-08-26,2.180156859329489,O1,LGBM_REGRESSION,30
2022-08-29,2.171602716140613,O1,LGBM_REGRESSION,30
2022-08-31,2.159162872538786,O1,LGBM_REGRESSION,30
2022-09-01,2.1495802080933166,O1,LGBM_REGRESSION,30
2022-09-02,2.184077761570921,O1,LGBM_REGRESSION,30
2022-09-05,2.2523257369079515,O1,LGBM_REGRESSION,30
2022-09-06,2.3057129363082054,O1,LGBM_REGRESSION,30
2022-09-07,2.264961409854624,O1,LGBM_REGRESSION,30
2022-09-08,2.3160614789144516,O1,LGBM_REGRESSION,30
2022-09-09,2.3918796621821996,O1,LGBM_REGRESSION,30
2022-09-12,2.4961605516751635,O1,LGBM_REGRESSION,30
2022-09-13,2.3507748684991125,O1,LGBM_REGRESSION,30
2022-09-14,2.3212664017964917,O1,LGBM_REGRESSION,30
2022-09-15,2.256532718950707,O1,LGBM_REGRESSION,30
2022-09-16,2.2852259522860146,O1,LGBM_REGRESSION,30
2022-09-19,2.1824600076438987,O1,LGBM_REGRESSION,30
2022-09-20,2.225129067484959,O1,LGBM_REGRESSION,30
2022-09-21,2.254611951135246,O1,LGBM_REGRESSION,30
2022-09-22,2.2866291025570042,O1,LGBM_REGRESSION,30
2022-09-23,2.2715597545317987,O1,LGBM_REGRESSION,30
2022-09-26,2.2487551607831255,O1,LGBM_REGRESSION,30
2022-09-27,2.27538339605708,O1,LGBM_REGRESSION,30
2022-09-28,2.233525785187843,O1,LGBM_REGRESSION,30
2022-09-29,2.195160469759306,O1,LGBM_REGRESSION,30
2022-09-30,2.2135583006986526,O1,LGBM_REGRESSION,30
2022-10-03,2.3341089240574187,O1,LGBM_REGRESSION,30
2022-10-04,2.3740993547516567,O1,LGBM_REGRESSION,30
2022-10-05,2.372928199536668,O1,LGBM_REGRESSION,30
2022-10-06,2.443408837910482,O1,LGBM_REGRESSION,30
2022-10-07,2.4441645644652805,O1,LGBM_REGRESSION,30
2022-10-10,2.438637264078574,O1,LGBM_REGRESSION,30
2022-10-11,2.429985474936945,O1,LGBM_REGRESSION,30
2022-10-12,2.3812920086274745,O1,LGBM_REGRESSION,30
2022-10-13,2.394169221017457,O1,LGBM_REGRESSION,30
2022-10-14,2.4334233834063874,O1,LGBM_REGRESSION,30
2022-10-17,2.573498215495161,O1,LGBM_REGRESSION,30
2022-10-18,2.562456278916758,O1,LGBM_REGRESSION,30
2022-10-19,2.6022976089821017,O1,LGBM_REGRESSION,30
2022-10-20,2.6305265021360595,O1,LGBM_REGRESSION,30
2022-10-21,2.6509904609645,O1,LGBM_REGRESSION,30
2022-10-24,2.678202672094283,O1,LGBM_REGRESSION,30
2022-10-25,2.6541150192393808,O1,LGBM_REGRESSION,30
2022-10-26,2.6753751069168965,O1,LGBM_REGRESSION,30
2022-10-27,2.640199901671758,O1,LGBM_REGRESSION,30
2022-10-28,2.6134556449282464,O1,LGBM_REGRESSION,30
2022-10-31,2.643622614840075,O1,LGBM_REGRESSION,30
2022-11-01,2.670904555748753,O1,LGBM_REGRESSION,30
2022-11-02,2.658500938359167,O1,LGBM_REGRESSION,30
2022-11-03,2.674638431359255,O1,LGBM_REGRESSION,30
2022-11-04,2.7383078499522178,O1,LGBM_REGRESSION,30
2022-11-07,2.8042023867242376,O1,LGBM_REGRESSION,30
2022-11-08,2.803251232392614,O1,LGBM_REGRESSION,30
2022-11-09,2.752016756668826,O1,LGBM_REGRESSION,30
2022-11-10,2.826517688789445,O1,LGBM_REGRESSION,30
2022-11-11,2.8294107104520188,O1,LGBM_REGRESSION,30
2022-02-21,1.0,O1,LGBM_REGRESSION,50
2022-02-22,1.007169656114232,O1,LGBM_REGRESSION,50
2022-02-23,1.0040992040372188,O1,LGBM_REGRESSION,50
2022-02-24,0.9134136831449231,O1,LGBM_REGRESSION,50
2022-02-25,0.9647258493207411,O1,LGBM_REGRESSION,50
2022-02-28,0.9595043700336557,O1,LGBM_REGRESSION,50
2022-03-01,0.9751888907508726,O1,LGBM_REGRESSION,50
2022-03-02,0.9865601292203552,O1,LGBM_REGRESSION,50
2022-03-03,1.0046386708285275,O1,LGBM_REGRESSION,50
2022-03-04,1.010125734879097,O1,LGBM_REGRESSION,50
2022-03-07,1.0010143074783535,O1,LGBM_REGRESSION,50
2022-03-08,1.0167016718694193,O1,LGBM_REGRESSION,50
2022-03-09,1.0437956370123493,O1,LGBM_REGRESSION,50
2022-03-10,1.043644585981383,O1,LGBM_REGRESSION,50
2022-03-11,1.0482548288876234,O1,LGBM_REGRESSION,50
2022-03-14,1.0751515256510193,O1,LGBM_REGRESSION,50
2022-03-15,1.0787670925042891,O1,LGBM_REGRESSION,50
2022-03-16,1.0902776581496632,O1,LGBM_REGRESSION,50
2022-03-17,1.1078647144364446,O1,LGBM_REGRESSION,50
2022-03-18,1.104235742728787,O1,LGBM_REGRESSION,50
2022-03-21,1.1343422477065106,O1,LGBM_REGRESSION,50
2022-03-22,1.1501513205674314,O1,LGBM_REGRESSION,50
2022-03-23,1.1402565815376025,O1,LGBM_REGRESSION,50
2022-03-24,1.141638833625661,O1,LGBM_REGRESSION,50
2022-03-25,1.1446536184575034,O1,LGBM_REGRESSION,50
2022-03-28,1.1604245245657236,O1,LGBM_REGRESSION,50
2022-03-29,1.1841024166652627,O1,LGBM_REGRESSION,50
2022-03-30,1.2025748350503793,O1,LGBM_REGRESSION,50
2022-03-31,1.2133749299577679,O1,LGBM_REGRESSION,50
2022-04-01,1.22354062231638,O1,LGBM_REGRESSION,50
2022-04-04,1.265417896910559,O1,LGBM_REGRESSION,50
2022-04-05,1.2895041588739293,O1,LGBM_REGRESSION,50
2022-04-06,1.3262329784263696,O1,LGBM_REGRESSION,50
2022-04-07,1.3613868663644118,O1,LGBM_REGRESSION,50
2022-04-08,1.4029226801341932,O1,LGBM_REGRESSION,50
2022-04-11,1.4411274724956615,O1,LGBM_REGRESSION,50
2022-04-12,1.4245753771554983,O1,LGBM_REGRESSION,50
2022-04-13,1.3899346020006353,O1,LGBM_REGRESSION,50
2022-04-14,1.3871372489082558,O1,LGBM_REGRESSION,50
2022-04-15,1.4153579020226037,O1,LGBM_REGRESSION,50
2022-04-18,1.4128918789945213,O1,LGBM_REGRESSION,50
2022-04-19,1.4044007615047025,O1,LGBM_REGRESSION,50
2022-04-20,1.4226191952559548,O1,LGBM_REGRESSION,50
2022-04-21,1.431998756942237,O1,LGBM_REGRESSION,50
2022-04-22,1.3903188339750359,O1,LGBM_REGRESSION,50
2022-04-25,1.387019702915229,O1,LGBM_REGRESSION,50
2022-04-26,1.3668174706356768,O1,LGBM_REGRESSION,50
2022-04-27,1.3864168356409348,O1,LGBM_REGRESSION,50
2022-04-28,1.3954416545361947,O1,LGBM_REGRESSION,50
2022-04-29,1.398008554022325,O1,LGBM_REGRESSION,50
2022-05-05,1.4310355981647511,O1,LGBM_REGRESSION,50
2022-05-06,1.4264630626264934,O1,LGBM_REGRESSION,50
2022-05-09,1.425621102760955,O1,LGBM_REGRESSION,50
2022-05-10,1.440133114906025,O1,LGBM_REGRESSION,50
2022-05-11,1.4230225114418364,O1,LGBM_REGRESSION,50
2022-05-12,1.3947326039562067,O1,LGBM_REGRESSION,50
2022-05-13,1.4382047957501256,O1,LGBM_REGRESSION,50
2022-05-16,1.4335567125216908,O1,LGBM_REGRESSION,50
2022-05-17,1.4336492150949767,O1,LGBM_REGRESSION,50
2022-05-18,1.4193801702033289,O1,LGBM_REGRESSION,50
2022-05-20,1.4195366578901456,O1,LGBM_REGRESSION,50
2022-05-23,1.402457442224404,O1,LGBM_REGRESSION,50
2022-05-24,1.4158891205795483,O1,LGBM_REGRESSION,50
2022-05-25,1.4552453944856385,O1,LGBM_REGRESSION,50
2022-05-26,1.4746410503816962,O1,LGBM_REGRESSION,50
2022-05-27,1.4551811400555494,O1,LGBM_REGRESSION,50
2022-05-30,1.4994680029500027,O1,LGBM_REGRESSION,50
2022-05-31,1.5308691664587522,O1,LGBM_REGRESSION,50
2022-06-01,1.5600578103608613,O1,LGBM_REGRESSION,50
2022-06-02,1.5764121315444264,O1,LGBM_REGRESSION,50
2022-06-03,1.6289092467839643,O1,LGBM_REGRESSION,50
2022-06-06,1.6814712077668543,O1,LGBM_REGRESSION,50
2022-06-07,1.6967224687541884,O1,LGBM_REGRESSION,50
2022-06-08,1.63748507784374,O1,LGBM_REGRESSION,50
2022-06-09,1.673379882650454,O1,LGBM_REGRESSION,50
2022-06-10,1.664376341140707,O1,LGBM_REGRESSION,50
2022-06-13,1.6255810906573835,O1,LGBM_REGRESSION,50
2022-06-14,1.6293385746844862,O1,LGBM_REGRESSION,50
2022-06-15,1.6466103181371459,O1,LGBM_REGRESSION,50
2022-06-16,1.6347662482154117,O1,LGBM_REGRESSION,50
2022-06-17,1.6734552814232297,O1,LGBM_REGRESSION,50
2022-06-20,1.689175058021444,O1,LGBM_REGRESSION,50
2022-06-21,1.7029361810310462,O1,LGBM_REGRESSION,50
2022-06-22,1.6870256563623733,O1,LGBM_REGRESSION,50
2022-06-23,1.6758706097927927,O1,LGBM_REGRESSION,50
2022-06-24,1.6749642106097888,O1,LGBM_REGRESSION,50
2022-06-27,1.6527298744421173,O1,LGBM_REGRESSION,50
2022-06-28,1.6344161967858697,O1,LGBM_REGRESSION,50
2022-06-29,1.5956783362366795,O1,LGBM_REGRESSION,50
2022-06-30,1.6026421398106387,O1,LGBM_REGRESSION,50
2022-07-01,1.6407910641181833,O1,LGBM_REGRESSION,50
2022-07-04,1.60945484917398,O1,LGBM_REGRESSION,50
2022-07-05,1.5847592168384117,O1,LGBM_REGRESSION,50
2022-07-06,1.6094374778168266,O1,LGBM_REGRESSION,50
2022-07-07,1.6341941704597653,O1,LGBM_REGRESSION,50
2022-07-08,1.6329786993396078,O1,LGBM_REGRESSION,50
2022-07-13,1.629897376316332,O1,LGBM_REGRESSION,50
2022-07-14,1.610101942451399,O1,LGBM_REGRESSION,50
2022-07-18,1.6452492392953533,O1,LGBM_REGRESSION,50
2022-07-19,1.6746863123992861,O1,LGBM_REGRESSION,50
2022-07-20,1.6828137830545953,O1,LGBM_REGRESSION,50
2022-07-21,1.6844731741428034,O1,LGBM_REGRESSION,50
2022-07-22,1.6888137409951227,O1,LGBM_REGRESSION,50
2022-07-25,1.706113330970328,O1,LGBM_REGRESSION,50
2022-07-26,1.6899876382259134,O1,LGBM_REGRESSION,50
2022-07-27,1.6774794893113867,O1,LGBM_REGRESSION,50
2022-07-28,1.6513185174871023,O1,LGBM_REGRESSION,50
2022-07-29,1.6842130386432115,O1,LGBM_REGRESSION,50
2022-08-01,1.7076960935365986,O1,LGBM_REGRESSION,50
2022-08-02,1.7061770930457405,O1,LGBM_REGRESSION,50
2022-08-03,1.7525087811949656,O1,LGBM_REGRESSION,50
2022-08-04,1.7924326663743122,O1,LGBM_REGRESSION,50
2022-08-05,1.822519867503677,O1,LGBM_REGRESSION,50
2022-08-08,1.8659312611907797,O1,LGBM_REGRESSION,50
2022-08-09,1.8667050251697535,O1,LGBM_REGRESSION,50
2022-08-10,1.904638727738563,O1,LGBM_REGRESSION,50
2022-08-11,1.9298426073927328,O1,LGBM_REGRESSION,50
2022-08-12,1.9110182912352842,O1,LGBM_REGRESSION,50
2022-08-15,1.9387739220844744,O1,LGBM_REGRESSION,50
2022-08-16,1.9776194768203175,O1,LGBM_REGRESSION,50
2022-08-17,2.008149129102608,O1,LGBM_REGRESSION,50
2022-08-18,2.006990262115637,O1,LGBM_REGRESSION,50
2022-08-19,2.017498866121489,O1,LGBM_REGRESSION,50
2022-08-22,2.073845966841586,O1,LGBM_REGRESSION,50
2022-08-23,2.1159555516097703,O1,LGBM_REGRESSION,50
2022-08-24,2.1000264224347744,O1,LGBM_REGRESSION,50
2022-08-25,2.1732437747204676,O1,LGBM_REGRESSION,50
2022-08-26,2.164841368620851,O1,LGBM_REGRESSION,50
2022-08-29,2.156318865163079,O1,LGBM_REGRESSION,50
2022-08-31,2.143925033569451,O1,LGBM_REGRESSION,50
2022-09-01,2.134377813109383,O1,LGBM_REGRESSION,50
2022-09-02,2.168747768382039,O1,LGBM_REGRESSION,50
2022-09-05,2.2367433107704535,O1,LGBM_REGRESSION,50
2022-09-06,2.2899330436803624,O1,LGBM_REGRESSION,50
2022-09-07,2.249332247382987,O1,LGBM_REGRESSION,50
2022-09-08,2.300243309500945,O1,LGBM_REGRESSION,50
2022-09-09,2.375781059430319,O1,LGBM_REGRESSION,50
2022-09-12,2.47967623883754,O1,LGBM_REGRESSION,50
2022-09-13,2.3348283025544845,O1,LGBM_REGRESSION,50
2022-09-14,2.3054289806172887,O1,LGBM_REGRESSION,50
2022-09-15,2.2409347321921564,O1,LGBM_REGRESSION,50
2022-09-16,2.2695218361154135,O1,LGBM_REGRESSION,50
2022-09-19,2.167135998140129,O1,LGBM_REGRESSION,50
2022-09-20,2.2096472353272985,O1,LGBM_REGRESSION,50
2022-09-21,2.239021068837756,O1,LGBM_REGRESSION,50
2022-09-22,2.270919796468922,O1,LGBM_REGRESSION,50
2022-09-23,2.255906186360291,O1,LGBM_REGRESSION,50
2022-09-26,2.2331859413532995,O1,LGBM_REGRESSION,50
2022-09-27,2.2597156851494704,O1,LGBM_REGRESSION,50
2022-09-28,2.2180128955783243,O1,LGBM_REGRESSION,50
2022-09-29,2.179789484281747,O1,LGBM_REGRESSION,50
2022-09-30,2.1981192660417705,O1,LGBM_REGRESSION,50
2022-10-03,2.318224001457902,O1,LGBM_REGRESSION,50
2022-10-04,2.358066517107236,O1,LGBM_REGRESSION,50
2022-10-05,2.356899693715467,O1,LGBM_REGRESSION,50
2022-10-06,2.4271196410537277,O1,LGBM_REGRESSION,50
2022-10-07,2.427872572356628,O1,LGBM_REGRESSION,50
2022-10-10,2.4223657161329557,O1,LGBM_REGRESSION,50
2022-10-11,2.4137459278914712,O1,LGBM_REGRESSION,50
2022-10-12,2.3652325670755054,O1,LGBM_REGRESSION,50
2022-10-13,2.378062149734679,O1,LGBM_REGRESSION,50
2022-10-14,2.417171120359189,O1,LGBM_REGRESSION,50
2022-10-17,2.5567278491237775,O1,LGBM_REGRESSION,50
2022-10-18,2.545726754029612,O1,LGBM_REGRESSION,50
2022-10-19,2.5854207205376403,O1,LGBM_REGRESSION,50
2022-10-20,2.6135452017628946,O1,LGBM_REGRESSION,50
2022-10-21,2.6339334692987824,O1,LGBM_REGRESSION,50
2022-10-24,2.661045028963669,O1,LGBM_REGRESSION,50
2022-10-25,2.6370464705794134,O1,LGBM_REGRESSION,50
2022-10-26,2.6582279222740484,O1,LGBM_REGRESSION,50
2022-10-27,2.6231828217057793,O1,LGBM_REGRESSION,50
2022-10-28,2.596537485575736,O1,LGBM_REGRESSION,50
2022-10-31,2.6265928750761596,O1,LGBM_REGRESSION,50
2022-11-01,2.653773906606156,O1,LGBM_REGRESSION,50
2022-11-02,2.6414161672326677,O1,LGBM_REGRESSION,50
2022-11-03,2.65749397150322,O1,LGBM_REGRESSION,50
2022-11-04,2.7209278921346276,O1,LGBM_REGRESSION,50
2022-11-07,2.7865787007647813,O1,LGBM_REGRESSION,50
2022-11-08,2.785631064525692,O1,LGBM_REGRESSION,50
2022-11-09,2.734586092881899,O1,LGBM_REGRESSION,50
2022-11-10,2.808811463861298,O1,LGBM_REGRESSION,50
2022-11-11,2.8116937849282118,O1,LGBM_REGRESSION,50
2022-02-21,1.0,O1,LGBM_REGRESSION,100
2022-02-22,1.0021696561142321,O1,LGBM_REGRESSION,100
2022-02-23,0.9990992040372187,O1,LGBM_REGRESSION,100
2022-02-24,0.9084136831449231,O1,LGBM_REGRESSION,100
2022-02-25,0.9597258493207411,O1,LGBM_REGRESSION,100
2022-02-28,0.9545043700336557,O1,LGBM_REGRESSION,100
2022-03-01,0.9701888907508727,O1,LGBM_REGRESSION,100
2022-03-02,0.9815601292203552,O1,LGBM_REGRESSION,100
2022-03-03,0.9996386708285275,O1,LGBM_REGRESSION,100
2022-03-04,1.0051257348790972,O1,LGBM_REGRESSION,100
2022-03-07,0.9960143074783535,O1,LGBM_REGRESSION,100
2022-03-08,1.0117016718694194,O1,LGBM_REGRESSION,100
2022-03-09,1.0387956370123494,O1,LGBM_REGRESSION,100
2022-03-10,1.038644585981383,O1,LGBM_REGRESSION,100
2022-03-11,1.0432548288876233,O1,LGBM_REGRESSION,100
2022-03-14,1.0701515256510195,O1,LGBM_REGRESSION,100
2022-03-15,1.073767092504289,O1,LGBM_REGRESSION,100
2022-03-16,1.0852776581496633,O1,LGBM_REGRESSION,100
2022-03-17,1.1028647144364445,O1,LGBM_REGRESSION,100
2022-03-18,1.0992357427287869,O1,LGBM_REGRESSION,100
2022-03-21,1.1293422477065107,O1,LGBM_REGRESSION,100
2022-03-22,1.1451513205674315,O1,LGBM_REGRESSION,100
2022-03-23,1.1352565815376023,O1,LGBM_REGRESSION,100
2022-03-24,1.136638833625661,O1,LGBM_REGRESSION,100
2022-03-25,1.1396536184575035,O1,LGBM_REGRESSION,100
2022-03-28,1.1554245245657238,O1,LGBM_REGRESSION,100
2022-03-29,1.1791024166652628,O1,LGBM_REGRESSION,100
2022-03-30,1.197574835050379,O1,LGBM_REGRESSION,100
2022-03-31,1.208374929957768,O1,LGBM_REGRESSION,100
2022-04-01,1.21854062231638,O1,LGBM_REGRESSION,100
2022-04-04,1.2604178969105588,O1,LGBM_REGRESSION,100
2022-04-05,1.2845041588739294,O1,LGBM_REGRESSION,100
2022-04-06,1.3212329784263697,O1,LGBM_REGRESSION,100
2022-04-07,1.3563868663644119,O1,LGBM_REGRESSION,100
2022-04-08,1.3979226801341933,O1,LGBM_REGRESSION,100
2022-04-11,1.4361274724956614,O1,LGBM_REGRESSION,100
2022-04-12,1.4195753771554984,O1,LGBM_REGRESSION,100
2022-04-13,1.3849346020006355,O1,LGBM_REGRESSION,100
2022-04-14,1.382137248908256,O1,LGBM_REGRESSION,100
2022-04-15,1.4103579020226038,O1,LGBM_REGRESSION,100
2022-04-18,1.4078918789945212,O1,LGBM_REGRESSION,100
2022-04-19,1.3994007615047026,O1,LGBM_REGRESSION,100
2022-04-20,1.4176191952559547,O1,LGBM_REGRESSION,100
2022-04-21,1.426998756942237,O1,LGBM_REGRESSION,100
2022-04-22,1.3853188339750357,O1,LGBM_REGRESSION,100
2022-04-25,1.3820197029152288,O1,LGBM_REGRESSION,100
2022-04-26,1.361817470635677,O1,LGBM_REGRESSION,100
2022-04-27,1.3814168356409346,O1,LGBM_REGRESSION,100
2022-04-28,1.3904416545361944,O1,LGBM_REGRESSION,100
2022-04-29,1.3930085540223252,O1,LGBM_REGRESSION,100
2022-05-05,1.4260355981647512,O1,LGBM_REGRESSION,100
2022-05-06,1.4214630626264935,O1,LGBM_REGRESSION,100
2022-05-09,1.4206211027609552,O1,LGBM_REGRESSION,100
2022-05-10,1.4351331149060251,O1,LGBM_REGRESSION,100
2022-05-11,1.4180225114418363,O1,LGBM_REGRESSION,100
2022-05-12,1.3897326039562066,O1,LGBM_REGRESSION,100
2022-05-13,1.4332047957501255,O1,LGBM_REGRESSION,100
2022-05-16,1.4285567125216907,O1,LGBM_REGRESSION,100
2022-05-17,1.4286492150949766,O1,LGBM_REGRESSION,100
2022-05-18,1.414380170203329,O1,LGBM_REGRESSION,100
2022-05-20,1.4145366578901455,O1,LGBM_REGRESSION,100
2022-05-23,1.3859891975938412,O1,LGBM_REGRESSION,100
2022-05-24,1.3993739057400567,O1,LGBM_REGRESSION,100
2022-05-25,1.4385925518412552,O1,LGBM_REGRESSION,100
2022-05-26,1.4579203816633362,O1,LGBM_REGRESSION,100
2022-05-27,1.4385285221071369,O1,LGBM_REGRESSION,100
2022-05-30,1.482660515062931,O1,LGBM_REGRESSION,100
2022-05-31,1.5139518695685443,O1,LGBM_REGRESSION,100
2022-06-01,1.5430384415875888,O1,LGBM_REGRESSION,100
2022-06-02,1.5593355721608244,O1,LGBM_REGRESSION,100
2022-06-03,1.611649106435589,O1,LGBM_REGRESSION,100
2022-06-06,1.664027259689929,O1,LGBM_REGRESSION,100
2022-06-07,1.6792251874380308,O1,LGBM_REGRESSION,100
2022-06-08,1.6201949480505635,O1,LGBM_REGRESSION,100
2022-06-09,1.6559642297144024,O1,LGBM_REGRESSION,100
2022-06-10,1.6469921733411095,O1,LGBM_REGRESSION,100
2022-06-13,1.6083325887792335,O1,LGBM_REGRESSION,100
2022-06-14,1.6120769329882783,O1,LGBM_REGRESSION,100
2022-06-15,1.6292882776302244,O1,LGBM_REGRESSION,100
2022-06-16,1.6174856260944943,O1,LGBM_REGRESSION,100
2022-06-17,1.6560393648197482,O1,LGBM_REGRESSION,100
2022-06-20,1.671704169792555,O1,LGBM_REGRESSION,100
2022-06-21,1.6854171705343535,O1,LGBM_REGRESSION,100
2022-06-22,1.6695622845318323,O1,LGBM_REGRESSION,100
2022-06-23,1.6584462468525871,O1,LGBM_REGRESSION,100
2022-06-24,1.657543017322539,O1,LGBM_REGRESSION,100
2022-06-27,1.6353864340154989,O1,LGBM_REGRESSION,100
2022-06-28,1.617136798785151,O1,LGBM_REGRESSION,100
2022-06-29,1.578534403466392,O1,LGBM_REGRESSION,100
2022-06-30,1.585473854811228,O1,LGBM_REGRESSION,100
2022-07-01,1.6234893733821434,O1,LGBM_REGRESSION,100
2022-07-04,1.5922627403177354,O1,LGBM_REGRESSION,100
2022-07-05,1.5676534679276455,O1,LGBM_REGRESSION,100
2022-07-06,1.5922454297077393,O1,LGBM_REGRESSION,100
2022-07-07,1.6169155488789881,O1,LGBM_REGRESSION,100
2022-07-08,1.6157043282278303,O1,LGBM_REGRESSION,100
2022-07-13,1.6126337805062223,O1,LGBM_REGRESSION,100
2022-07-14,1.5929075707278022,O1,LGBM_REGRESSION,100
2022-07-18,1.6279319584436198,O1,LGBM_REGRESSION,100
2022-07-19,1.6572660909144181,O1,LGBM_REGRESSION,100
2022-07-20,1.6653651400289005,O1,LGBM_REGRESSION,100
2022-07-21,1.6670187282722184,O1,LGBM_REGRESSION,100
2022-07-22,1.6713441162819138,O1,LGBM_REGRESSION,100
2022-07-25,1.6885832100678844,O1,LGBM_REGRESSION,100
2022-07-26,1.6725139084264498,O1,LGBM_REGRESSION,100
2022-07-27,1.6600495001638578,O1,LGBM_REGRESSION,100
2022-07-28,1.6339800125368475,O1,LGBM_REGRESSION,100
2022-07-29,1.666759502459297,O1,LGBM_REGRESSION,100
2022-08-01,1.6901604377570938,O1,LGBM_REGRESSION,100
2022-08-02,1.6886467491690769,O1,LGBM_REGRESSION,100
2022-08-03,1.7348164166820974,O1,LGBM_REGRESSION,100
2022-08-04,1.7746006891355777,O1,LGBM_REGRESSION,100
2022-08-05,1.8045826761520245,O1,LGBM_REGRESSION,100
2022-08-08,1.8478422613921515,O1,LGBM_REGRESSION,100
2022-08-09,1.8486133195398216,O1,LGBM_REGRESSION,100
2022-08-10,1.8864143689964887,O1,LGBM_REGRESSION,100
2022-08-11,1.9115301113783185,O1,LGBM_REGRESSION,100
2022-08-12,1.8927716233355312,O1,LGBM_REGRESSION,100
2022-08-15,1.920430193508798,O1,LGBM_REGRESSION,100
2022-08-16,1.9591399064106088,O1,LGBM_REGRESSION,100
2022-08-17,1.9895627973404975,O1,LGBM_REGRESSION,100
2022-08-18,1.9703481574104251,O1,LGBM_REGRESSION,100
2022-08-19,1.9807593754533337,O1,LGBM_REGRESSION,100
2022-08-22,2.036584292954834,O1,LGBM_REGRESSION,100
2022-08-23,2.0783036372629597,O1,LGBM_REGRESSION,100
2022-08-24,2.062522127465638,O1,LGBM_REGRESSION,100
2022-08-25,2.13506095552941,O1,LGBM_REGRESSION,100
2022-08-26,2.1267364167096527,O1,LGBM_REGRESSION,100
2022-08-29,2.118292893505154,O1,LGBM_REGRESSION,100
2022-08-31,2.106013918768215,O1,LGBM_REGRESSION,100
2022-09-01,2.0965551748800526,O1,LGBM_REGRESSION,100
2022-09-02,2.1306066148495626,O1,LGBM_REGRESSION,100
2022-09-05,2.1979720248847445,O1,LGBM_REGRESSION,100
2022-09-06,2.2506688347236845,O1,LGBM_REGRESSION,100
2022-09-07,2.210444296551699,O1,LGBM_REGRESSION,100
2022-09-08,2.260883552632804,O1,LGBM_REGRESSION,100
2022-09-09,2.335721274612567,O1,LGBM_REGRESSION,100
2022-09-12,2.4386536304053315,O1,LGBM_REGRESSION,100
2022-09-13,2.2951480375722255,O1,LGBM_REGRESSION,100
2022-09-14,2.2660211667879286,O1,LGBM_REGRESSION,100
2022-09-15,2.202124603315406,O1,LGBM_REGRESSION,100
2022-09-16,2.230446783121074,O1,LGBM_REGRESSION,100
2022-09-19,2.129009781301143,O1,LGBM_REGRESSION,100
2022-09-20,2.171127055810957,O1,LGBM_REGRESSION,100
2022-09-21,2.2002286743763873,O1,LGBM_REGRESSION,100
2022-09-22,2.2318317882128644,O1,LGBM_REGRESSION,100
2022-09-23,2.2169573131289124,O1,LGBM_REGRESSION,100
2022-09-26,2.1944476225340095,O1,LGBM_REGRESSION,100
2022-09-27,2.2207315083032912,O1,LGBM_REGRESSION,100
2022-09-28,2.1794151893154465,O1,LGBM_REGRESSION,100
2022-09-29,2.1415460042999293,O1,LGBM_REGRESSION,100
2022-09-30,2.1597059192112007,O1,LGBM_REGRESSION,100
2022-10-03,2.278697612846891,O1,LGBM_REGRESSION,100
2022-10-04,2.318170897554565,O1,LGBM_REGRESSION,100
2022-10-05,2.317014887418251,O1,LGBM_REGRESSION,100
2022-10-06,2.386584088264817,O1,LGBM_REGRESSION,100
2022-10-07,2.3873300419577586,O1,LGBM_REGRESSION,100
2022-10-10,2.381874219201123,O1,LGBM_REGRESSION,100
2022-10-11,2.373334312776272,O1,LGBM_REGRESSION,100
2022-10-12,2.3252705378763885,O1,LGBM_REGRESSION,100
2022-10-13,2.337981225460561,O1,LGBM_REGRESSION,100
2022-10-14,2.376727763095694,O1,LGBM_REGRESSION,100
2022-10-17,2.5149911834048035,O1,LGBM_REGRESSION,100
2022-10-18,2.504092038316422,O1,LGBM_REGRESSION,100
2022-10-19,2.543418150526268,O1,LGBM_REGRESSION,100
2022-10-20,2.5712819948786425,O1,LGBM_REGRESSION,100
2022-10-21,2.591481319043399,O1,LGBM_REGRESSION,100
2022-10-24,2.618341628842614,O1,LGBM_REGRESSION,100
2022-10-25,2.5945654713325577,O1,LGBM_REGRESSION,100
2022-10-26,2.6155506290124326,O1,LGBM_REGRESSION,100
2022-10-27,2.5808303004941338,O1,LGBM_REGRESSION,100
2022-10-28,2.554431893615164,O1,LGBM_REGRESSION,100
2022-10-31,2.5842087520141654,O1,LGBM_REGRESSION,100
2022-11-01,2.6111378898646698,O1,LGBM_REGRESSION,100
2022-11-02,2.5988946728718925,O1,LGBM_REGRESSION,100
2022-11-03,2.6148234799540413,O1,LGBM_REGRESSION,100
2022-11-04,2.6776695419659258,O1,LGBM_REGRESSION,100
2022-11-07,2.7427119474996324,O1,LGBM_REGRESSION,100
2022-11-08,2.7417730932517204,O1,LGBM_REGRESSION,100
2022-11-09,2.691201168619138,O1,LGBM_REGRESSION,100
2022-11-10,2.7647386738055486,O1,LGBM_REGRESSION,100
2022-11-11,2.7675942836544487,O1,LGBM_REGRESSION,100
2022-02-21,1.0,O1,LAMBDAMART,0
2022-02-22,1.002715496211288,O1,LAMBDAMART,0
2022-02-23,1.006253191760643,O1,LAMBDAMART,0
2022-02-24,0.931442093671503,O1,LAMBDAMART,0
2022-02-25,0.9848980892728656,O1,LAMBDAMART,0
2022-02-28,0.9829729697578481,O1,LAMBDAMART,0
2022-03-01,1.015877191882169,O1,LAMBDAMART,0
2022-03-02,1.037011685299594,O1,LAMBDAMART,0
2022-03-03,1.063706722836638,O1,LAMBDAMART,0
2022-03-04,1.0531743950106776,O1,LAMBDAMART,0
2022-03-07,1.0634632049302453,O1,LAMBDAMART,0
2022-03-08,1.0783799266745209,O1,LAMBDAMART,0
2022-03-09,1.1020923515928924,O1,LAMBDAMART,0
2022-03-10,1.1103214169276143,O1,LAMBDAMART,0
2022-03-11,1.1047279088958604,O1,LAMBDAMART,0
2022-03-14,1.1178294937866262,O1,LAMBDAMART,0
2022-03-15,1.1150490426044115,O1,LAMBDAMART,0
2022-03-16,1.1187980019425838,O1,LAMBDAMART,0
2022-03-17,1.1410063163196122,O1,LAMBDAMART,0
2022-03-18,1.1461609921604992,O1,LAMBDAMART,0
2022-03-21,1.176383767726103,O1,LAMBDAMART,0
2022-03-22,1.2056760533747284,O1,LAMBDAMART,0
2022-03-23,1.2013789978722094,O1,LAMBDAMART,0
2022-03-24,1.2020439166232424,O1,LAMBDAMART,0
2022-03-25,1.208596758133578,O1,LAMBDAMART,0
2022-03-28,1.2132010100303585,O1,LAMBDAMART,0
2022-03-29,1.2371868678883742,O1,LAMBDAMART,0
2022-03-30,1.2520537363066233,O1,LAMBDAMART,0
2022-03-31,1.2633823472597898,O1,LAMBDAMART,0
2022-04-01,1.2698853743276324,O1,LAMBDAMART,0
2022-04-04,1.3006324096608417,O1,LAMBDAMART,0
2022-04-05,1.3176483263289651,O1,LAMBDAMART,0
2022-04-06,1.3425722301475518,O1,LAMBDAMART,0
2022-04-07,1.3854478626379887,O1,LAMBDAMART,0
2022-04-08,1.433969735594432,O1,LAMBDAMART,0
2022-04-11,1.4755354856875706,O1,LAMBDAMART,0
2022-04-12,1.4510142476618524,O1,LAMBDAMART,0
2022-04-13,1.4334870644309547,O1,LAMBDAMART,0
2022-04-14,1.4215858719651715,O1,LAMBDAMART,0
2022-04-15,1.4487926843493648,O1,LAMBDAMART,0
2022-04-18,1.4438603614332335,O1,LAMBDAMART,0
2022-04-19,1.429194468359064,O1,LAMBDAMART,0
2022-04-20,1.4323253095076105,O1,LAMBDAMART,0
2022-04-21,1.4531513447411228,O1,LAMBDAMART,0
2022-04-22,1.407178573408831,O1,LAMBDAMART,0
2022-04-25,1.412366284236698,O1,LAMBDAMART,0
2022-04-26,1.409612608450106,O1,LAMBDAMART,0
2022-04-27,1.4278988016550085,O1,LAMBDAMART,0
2022-04-28,1.4255975945931976,O1,LAMBDAMART,0
2022-04-29,1.435517716685029,O1,LAMBDAMART,0
2022-05-05,1.4626632687596368,O1,LAMBDAMART,0
2022-05-06,1.4576715037523091,O1,LAMBDAMART,0
2022-05-09,1.47023254778027,O1,LAMBDAMART,0
2022-05-10,1.4892450571624134,O1,LAMBDAMART,0
2022-05-11,1.4801148030495905,O1,LAMBDAMART,0
2022-05-12,1.4524052426100922,O1,LAMBDAMART,0
2022-05-13,1.4924908478052497,O1,LAMBDAMART,0
2022-05-16,1.4861440137707231,O1,LAMBDAMART,0
2022-05-17,1.4926020636159376,O1,LAMBDAMART,0
2022-05-18,1.4995552026336934,O1,LAMBDAMART,0
2022-05-20,1.5046428739301159,O1,LAMBDAMART,0
2022-05-23,1.4971903526376942,O1,LAMBDAMART,0
2022-05-24,1.4988202541900864,O1,LAMBDAMART,0
2022-05-25,1.5437779259017628,O1,LAMBDAMART,0
2022-05-26,1.5739909106206114,O1,LAMBDAMART,0
2022-05-27,1.5597246042005386,O1,LAMBDAMART,0
2022-05-30,1.6189409341959968,O1,LAMBDAMART,0
2022-05-31,1.6365838997446802,O1,LAMBDAMART,0
2022-06-01,1.6477921644099847,O1,LAMBDAMART,0
2022-06-02,1.6793308018573123,O1,LAMBDAMART,0
2022-06-03,1.710909987290539,O1,LAMBDAMART,0
2022-06-06,1.747659409404353,O1,LAMBDAMART,0
2022-06-07,1.7602194479535425,O1,LAMBDAMART,0
2022-06-08,1.701232513520308,O1,LAMBDAMART,0
2022-06-09,1.7288417104966807,O1,LAMBDAMART,0
2022-06-10,1.699404359569001,O1,LAMBDAMART,0
2022-06-13,1.6682518890229547,O1,LAMBDAMART,0
2022-06-14,1.6713954917887244,O1,LAMBDAMART,0
2022-06-15,1.690008707110313,O1,LAMBDAMART,0
2022-06-16,1.661764643842335,O1,LAMBDAMART,0
2022-06-17,1.686559597703079,O1,LAMBDAMART,0
2022-06-20,1.6977935922733998,O1,LAMBDAMART,0
2022-06-21,1.7135137467591057,O1,LAMBDAMART,0
2022-06-22,1.7013675662736307,O1,LAMBDAMART,0
2022-06-23,1.6749009551409517,O1,LAMBDAMART,0
2022-06-24,1.6754278914863465,O1,LAMBDAMART,0
2022-06-27,1.6542015199665203,O1,LAMBDAMART,0
2022-06-28,1.6369508456801376,O1,LAMBDAMART,0
2022-06-29,1.583206890889743,O1,LAMBDAMART,0
2022-06-30,1.5867806251811305,O1,LAMBDAMART,0
2022-07-01,1.618376355648946,O1,LAMBDAMART,0
2022-07-04,1.5763643267487493,O1,LAMBDAMART,0
2022-07-05,1.5520040626735379,O1,LAMBDAMART,0
2022-07-06,1.5705576626344568,O1,LAMBDAMART,0
2022-07-07,1.5858567967959374,O1,LAMBDAMART,0
2022-07-08,1.588613252010699,O1,LAMBDAMART,0
2022-07-13,1.5625990749287293,O1,LAMBDAMART,0
2022-07-14,1.5335082936422688,O1,LAMBDAMART,0
2022-07-18,1.5788086538404185,O1,LAMBDAMART,0
2022-07-19,1.604235299071871,O1,LAMBDAMART,0
2022-07-20,1.6188155051042021,O1,LAMBDAMART,0
2022-07-21,1.604627968166671,O1,LAMBDAMART,0
2022-07-22,1.5985205357585317,O1,LAMBDAMART,0
2022-07-25,1.612641038307946,O1,LAMBDAMART,0
2022-07-26,1.5904026958893953,O1,LAMBDAMART,0
2022-07-27,1.578894453902884,O1,LAMBDAMART,0
2022-07-28,1.5816351650405143,O1,LAMBDAMART,0
2022-07-29,1.6185498604325645,O1,LAMBDAMART,0
2022-08-01,1.6634220142715752,O1,LAMBDAMART,0
2022-08-02,1.6691463625545002,O1,LAMBDAMART,0
2022-08-03,1.703390781030937,O1,LAMBDAMART,0
2022-08-04,1.726025562871716,O1,LAMBDAMART,0
2022-08-05,1.7522895338577718,O1,LAMBDAMART,0
2022-08-08,1.7870986946452567,O1,LAMBDAMART,0
2022-08-09,1.7833999112827816,O1,LAMBDAMART,0
2022-08-10,1.8238427684874599,O1,LAMBDAMART,0
2022-08-11,1.8497799018844465,O1,LAMBDAMART,0
2022-08-12,1.838736491331624,O1,LAMBDAMART,0
2022-08-15,1.8377684922361825,O1,LAMBDAMART,0
2022-08-16,1.880027850923141,O1,LAMBDAMART,0
2022-08-17,1.9130362782065513,O1,LAMBDAMART,0
2022-08-18,1.9364560572859235,O1,LAMBDAMART,0
2022-08-19,1.9501483130318746,O1,LAMBDAMART,0
2022-08-22,1.9819658526182355,O1,LAMBDAMART,0
2022-08-23,2.01554679271784,O1,LAMBDAMART,0
2022-08-24,1.9888617179229897,O1,LAMBDAMART,0
2022-08-25,2.029271690168442,O1,LAMBDAMART,0
2022-08-26,1.9963454899464115,O1,LAMBDAMART,0
2022-08-29,1.9897644911208032,O1,LAMBDAMART,0
2022-08-31,1.9861061887573739,O1,LAMBDAMART,0
2022-09-01,1.9716265376013975,O1,LAMBDAMART,0
2022-09-02,2.0000047054873313,O1,LAMBDAMART,0
2022-09-05,2.055257528490041,O1,LAMBDAMART,0
2022-09-06,2.0741451493639578,O1,LAMBDAMART,0
2022-09-07,2.0556093368161665,O1,LAMBDAMART,0
2022-09-08,2.1054697756530474,O1,LAMBDAMART,0
2022-09-09,2.149118445560367,O1,LAMBDAMART,0
2022-09-12,2.1838154595595753,O1,LAMBDAMART,0
2022-09-13,2.077613690558066,O1,LAMBDAMART,0
2022-09-14,2.0889606465738857,O1,LAMBDAMART,0
2022-09-15,2.068298703034039,O1,LAMBDAMART,0
2022-09-16,2.0801945026990785,O1,LAMBDAMART,0
2022-09-19,2.0112794071843494,O1,LAMBDAMART,0
2022-09-20,2.0746983441465594,O1,LAMBDAMART,0
2022-09-21,2.0609943938691453,O1,LAMBDAMART,0
2022-09-22,2.109788351476338,O1,LAMBDAMART,0
2022-09-23,2.097475741480103,O1,LAMBDAMART,0
2022-09-26,2.089701678918284,O1,LAMBDAMART,0
2022-09-27,2.099336221014503,O1,LAMBDAMART,0
2022-09-28,2.0454477047487,O1,LAMBDAMART,0
2022-09-29,1.9819034731230336,O1,LAMBDAMART,0
2022-09-30,2.0164831158865253,O1,LAMBDAMART,0
2022-10-03,2.10789603083284,O1,LAMBDAMART,0
2022-10-04,2.1705396374618102,O1,LAMBDAMART,0
2022-10-05,2.2186670662199113,O1,LAMBDAMART,0
2022-10-06,2.266673850755598,O1,LAMBDAMART,0
2022-10-07,2.2648130368522197,O1,LAMBDAMART,0
2022-10-10,2.2812370670413507,O1,LAMBDAMART,0
2022-10-11,2.2505626592786494,O1,LAMBDAMART,0
2022-10-12,2.1971033108729863,O1,LAMBDAMART,0
2022-10-13,2.235463792957633,O1,LAMBDAMART,0
2022-10-14,2.2585414633451966,O1,LAMBDAMART,0
2022-10-17,2.3664543257978607,O1,LAMBDAMART,0
2022-10-18,2.3850147152988037,O1,LAMBDAMART,0
2022-10-19,2.4069408199234905,O1,LAMBDAMART,0
2022-10-20,2.418310518959595,O1,LAMBDAMART,0
2022-10-21,2.461127538422108,O1,LAMBDAMART,0
2022-10-24,2.4951109667887392,O1,LAMBDAMART,0
2022-10-25,2.526391894485412,O1,LAMBDAMART,0
2022-10-26,2.5130577430123195,O1,LAMBDAMART,0
2022-10-27,2.495204675769911,O1,LAMBDAMART,0
2022-10-28,2.4690206233077707,O1,LAMBDAMART,0
2022-10-31,2.560335286108395,O1,LAMBDAMART,0
2022-11-01,2.623281128971157,O1,LAMBDAMART,0
2022-11-02,2.6209826166886168,O1,LAMBDAMART,0
2022-11-03,2.659761883153149,O1,LAMBDAMART,0
2022-11-04,2.726557757312511,O1,LAMBDAMART,0
2022-11-07,2.7942906716363374,O1,LAMBDAMART,0
2022-11-08,2.7891458835814165,O1,LAMBDAMART,0
2022-11-09,2.8031419319059814,O1,LAMBDAMART,0
2022-11-10,2.840198188339072,O1,LAMBDAMART,0
2022-11-11,2.855208548242043,O1,LAMBDAMART,0
2022-02-21,1.0,O1,LAMBDAMART,30
2022-02-22,0.9997154962112881,O1,LAMBDAMART,30
2022-02-23,1.003253191760643,O1,LAMBDAMART,30
2022-02-24,0.9284420936715029,O1,LAMBDAMART,30
2022-02-25,0.9818980892728656,O1,LAMBDAMART,30
2022-02-28,0.9799729697578481,O1,LAMBDAMART,30
2022-03-01,1.0128771918821688,O1,LAMBDAMART,30
2022-03-02,1.034011685299594,O1,LAMBDAMART,30
2022-03-03,1.060706722836638,O1,LAMBDAMART,30
2022-03-04,1.0501743950106774,O1,LAMBDAMART,30
2022-03-07,1.0604632049302452,O1,LAMBDAMART,30
2022-03-08,1.0753799266745208,O1,LAMBDAMART,30
2022-03-09,1.0990923515928923,O1,LAMBDAMART,30
2022-03-10,1.1073214169276142,O1,LAMBDAMART,30
2022-03-11,1.1017279088958605,O1,LAMBDAMART,30
2022-03-14,1.114829493786626,O1,LAMBDAMART,30
2022-03-15,1.1120490426044114,O1,LAMBDAMART,30
2022-03-16,1.115798001942584,O1,LAMBDAMART,30
2022-03-17,1.1380063163196121,O1,LAMBDAMART,30
2022-03-18,1.143160992160499,O1,LAMBDAMART,30
2022-03-21,1.173383767726103,O1,LAMBDAMART,30
2022-03-22,1.2026760533747285,O1,LAMBDAMART,30
2022-03-23,1.1983789978722095,O1,LAMBDAMART,30
2022-03-24,1.1990439166232423,O1,LAMBDAMART,30
2022-03-25,1.205596758133578,O1,LAMBDAMART,30
2022-03-28,1.2102010100303586,O1,LAMBDAMART,30
2022-03-29,1.234186867888374,O1,LAMBDAMART,30
2022-03-30,1.2490537363066234,O1,LAMBDAMART,30
2022-03-31,1.26038234725979,O1,LAMBDAMART,30
2022-04-01,1.2668853743276325,O1,LAMBDAMART,30
2022-04-04,1.2976324096608418,O1,LAMBDAMART,30
2022-04-05,1.314648326328965,O1,LAMBDAMART,30
2022-04-06,1.3395722301475517,O1,LAMBDAMART,30
2022-04-07,1.3824478626379886,O1,LAMBDAMART,30
2022-04-08,1.4309697355944324,O1,LAMBDAMART,30
2022-04-11,1.4725354856875705,O1,LAMBDAMART,30
2022-04-12,1.4480142476618527,O1,LAMBDAMART,30
2022-04-13,1.4304870644309546,O1,LAMBDAMART,30
2022-04-14,1.4185858719651716,O1,LAMBDAMART,30
2022-04-15,1.4457926843493647,O1,LAMBDAMART,30
2022-04-18,1.4408603614332334,O1,LAMBDAMART,30
2022-04-19,1.4261944683590642,O1,LAMBDAMART,30
2022-04-20,1.4293253095076106,O1,LAMBDAMART,30
2022-04-21,1.450151344741123,O1,LAMBDAMART,30
2022-04-22,1.4041785734088312,O1,LAMBDAMART,30
2022-04-25,1.4093662842366979,O1,LAMBDAMART,30
2022-04-26,1.4066126084501058,O1,LAMBDAMART,30
2022-04-27,1.4248988016550086,O1,LAMBDAMART,30
2022-04-28,1.4225975945931975,O1,LAMBDAMART,30
2022-04-29,1.4325177166850291,O1,LAMBDAMART,30
2022-05-05,1.4596632687596367,O1,LAMBDAMART,30
2022-05-06,1.454671503752309,O1,LAMBDAMART,30
2022-05-09,1.4672325477802701,O1,LAMBDAMART,30
2022-05-10,1.4862450571624137,O1,LAMBDAMART,30
2022-05-11,1.4771148030495904,O1,LAMBDAMART,30
2022-05-12,1.449405242610092,O1,LAMBDAMART,30
2022-05-13,1.4894908478052495,O1,LAMBDAMART,30
2022-05-16,1.4831440137707232,O1,LAMBDAMART,30
2022-05-17,1.4896020636159375,O1,LAMBDAMART,30
2022-05-18,1.4965552026336932,O1,LAMBDAMART,30
2022-05-20,1.5016428739301158,O1,LAMBDAMART,30
2022-05-23,1.4884363278085393,O1,LAMBDAMART,30
2022-05-24,1.4900630097250742,O1,LAMBDAMART,30
2022-05-25,1.5349318740289255,O1,LAMBDAMART,30
2022-05-26,1.5650851773462826,O1,LAMBDAMART,30
2022-05-27,1.5508470519605955,O1,LAMBDAMART,30
2022-05-30,1.6099464086216349,O1,LAMBDAMART,30
2022-05-31,1.6275545230319681,O1,LAMBDAMART,30
2022-06-01,1.6387406473841009,O1,LAMBDAMART,30
2022-06-02,1.6702169847938289,O1,LAMBDAMART,30
2022-06-03,1.7017337900927474,O1,LAMBDAMART,30
2022-06-06,1.7384106190140591,O1,LAMBDAMART,30
2022-06-07,1.7509458470153876,O1,LAMBDAMART,30
2022-06-08,1.6920754327786647,O1,LAMBDAMART,30
2022-06-09,1.7196300917613594,O1,LAMBDAMART,30
2022-06-10,1.6902508900822864,O1,LAMBDAMART,30
2022-06-13,1.6591599567567235,O1,LAMBDAMART,30
2022-06-14,1.66229734978782,O1,LAMBDAMART,30
2022-06-15,1.6808737973823205,O1,LAMBDAMART,30
2022-06-16,1.6526855261949769,O1,LAMBDAMART,30
2022-06-17,1.6774315011941459,O1,LAMBDAMART,30
2022-06-20,1.688643304625572,O1,LAMBDAMART,30
2022-06-21,1.7043324062093517,O1,LAMBDAMART,30
2022-06-22,1.6922102187547174,O1,LAMBDAMART,30
2022-06-23,1.6657958886018833,O1,LAMBDAMART,30
2022-06-24,1.6663217840603917,O1,LAMBDAMART,30
2022-06-27,1.6451373421815019,O1,LAMBDAMART,30
2022-06-28,1.6279207441185597,O1,LAMBDAMART,30
2022-06-29,1.5742829527732347,O1,LAMBDAMART,30
2022-06-30,1.577849627667047,O1,LAMBDAMART,30
2022-07-01,1.6093829453182202,O1,LAMBDAMART,30
2022-07-04,1.5674539051325647,O1,LAMBDAMART,30
2022-07-05,1.5431417612518403,O1,LAMBDAMART,30
2022-07-06,1.5616587112472333,O1,LAMBDAMART,30
2022-07-07,1.5769276241718233,O1,LAMBDAMART,30
2022-07-08,1.5796786344061602,O1,LAMBDAMART,30
2022-07-13,1.5537158445857058,O1,LAMBDAMART,30
2022-07-14,1.5246825279494218,O1,LAMBDAMART,30
2022-07-18,1.5698934038079786,O1,LAMBDAMART,30
2022-07-19,1.5952698223624986,O1,LAMBDAMART,30
2022-07-20,1.6098212272969528,O1,LAMBDAMART,30
2022-07-21,1.5956617157960353,O1,LAMBDAMART,30
2022-07-22,1.5895663477413193,O1,LAMBDAMART,30
2022-07-25,1.6036589572709028,O1,LAMBDAMART,30
2022-07-26,1.5814645434961037,O1,LAMBDAMART,30
2022-07-27,1.5699790343847733,O1,LAMBDAMART,30
2022-07-28,1.5727143316421368,O1,LAMBDAMART,30
2022-07-29,1.6095561073681188,O1,LAMBDAMART,30
2022-08-01,1.6543396227275493,O1,LAMBDAMART,30
2022-08-02,1.6600526633845865,O1,LAMBDAMART,30
2022-08-03,1.694229436942557,O1,LAMBDAMART,30
2022-08-04,1.7168195070305818,O1,LAMBDAMART,30
2022-08-05,1.743031597323228,O1,LAMBDAMART,30
2022-08-08,1.777771997625118,O1,LAMBDAMART,30
2022-08-09,1.7740805206766543,O1,LAMBDAMART,30
2022-08-10,1.8144434888395595,O1,LAMBDAMART,30
2022-08-11,1.8403293871637385,O1,LAMBDAMART,30
2022-08-12,1.8293077912785227,O1,LAMBDAMART,30
2022-08-15,1.8283417043259298,O1,LAMBDAMART,30
2022-08-16,1.8705175857339622,O1,LAMBDAMART,30
2022-08-17,1.9034608096215595,O1,LAMBDAMART,30
2022-08-18,1.9198878879852268,O1,LAMBDAMART,30
2022-08-19,1.9335117178372248,O1,LAMBDAMART,30
2022-08-22,1.9651702519514436,O1,LAMBDAMART,30
2022-08-23,1.99858337413348,O1,LAMBDAMART,30
2022-08-24,1.9720316557505986,O1,LAMBDAMART,30
2022-08-25,2.012239682565962,O1,LAMBDAMART,30
2022-08-26,1.9794780282541502,O1,LAMBDAMART,30
2022-08-29,1.972929917415452,O1,LAMBDAMART,30
2022-08-31,1.9692898971097208,O1,LAMBDAMART,30
2022-09-01,1.9548826067898883,O1,LAMBDAMART,30
2022-09-02,1.9831189571738437,O1,LAMBDAMART,30
2022-09-05,2.0380956588509282,O1,LAMBDAMART,30
2022-09-06,2.056888890431589,O1,LAMBDAMART,30
2022-09-07,2.038445709044598,O1,LAMBDAMART,30
2022-09-08,2.088056974541191,O1,LAMBDAMART,30
2022-09-09,2.131487513899851,O1,LAMBDAMART,30
2022-09-12,2.1660111324962528,O1,LAMBDAMART,30
2022-09-13,2.0603400978834476,O1,LAMBDAMART,30
2022-09-14,2.071630348443027,O1,LAMBDAMART,30
2022-09-15,2.051071661224399,O1,LAMBDAMART,30
2022-09-16,2.0629080126333252,O1,LAMBDAMART,30
2022-09-19,1.9943373144994896,O1,LAMBDAMART,30
2022-09-20,2.0574393206698938,O1,LAMBDAMART,30
2022-09-21,2.0438038547288677,O1,LAMBDAMART,30
2022-09-22,2.092353968645823,O1,LAMBDAMART,30
2022-09-23,2.0801028898801985,O1,LAMBDAMART,30
2022-09-26,2.072367677540747,O1,LAMBDAMART,30
2022-09-27,2.081954071824948,O1,LAMBDAMART,30
2022-09-28,2.0283348588768515,O1,LAMBDAMART,30
2022-09-29,1.9651081841925107,O1,LAMBDAMART,30
2022-09-30,1.9995150181060535,O1,LAMBDAMART,30
2022-10-03,2.090471104715235,O1,LAMBDAMART,30
2022-10-04,2.1528016552003857,O1,LAMBDAMART,30
2022-10-05,2.2006885711899904,O1,LAMBDAMART,30
2022-10-06,2.2484554458665125,O1,LAMBDAMART,30
2022-10-07,2.246603931223766,O1,LAMBDAMART,30
2022-10-10,2.262945883706429,O1,LAMBDAMART,30
2022-10-11,2.232424768710938,O1,LAMBDAMART,30
2022-10-12,2.1792325788927753,O1,LAMBDAMART,30
2022-10-13,2.2174013577016574,O1,LAMBDAMART,30
2022-10-14,2.2403636993767053,O1,LAMBDAMART,30
2022-10-17,2.347737276395374,O1,LAMBDAMART,30
2022-10-18,2.3662049119142647,O1,LAMBDAMART,30
2022-10-19,2.388021442679269,O1,LAMBDAMART,30
2022-10-20,2.399334322602807,O1,LAMBDAMART,30
2022-10-21,2.4419373676196563,O1,LAMBDAMART,30
2022-10-24,2.475750966667532,O1,LAMBDAMART,30
2022-10-25,2.506875570564749,O1,LAMBDAMART,30
2022-10-26,2.493608055389691,O1,LAMBDAMART,30
2022-10-27,2.475844207345969,O1,LAMBDAMART,30
2022-10-28,2.4497910074789213,O1,LAMBDAMART,30
2022-10-31,2.5406493329492283,O1,LAMBDAMART,30
2022-11-01,2.6032806092680683,O1,LAMBDAMART,30
2022-11-02,2.6009935836069165,O1,LAMBDAMART,30
2022-11-03,2.639579053956045,O1,LAMBDAMART,30
2022-11-04,2.7060411213646045,O1,LAMBDAMART,30
2022-11-07,2.77343554615839,O1,LAMBDAMART,30
2022-11-08,2.7683164687481137,O1,LAMBDAMART,30
2022-11-09,2.782242573000921,O1,LAMBDAMART,30
2022-11-10,2.819113643916006,O1,LAMBDAMART,30
2022-11-11,2.834048990810604,O1,LAMBDAMART,30
2022-02-21,1.0,O1,LAMBDAMART,50
2022-02-22,0.9977154962112881,O1,LAMBDAMART,50
2022-02-23,1.001253191760643,O1,LAMBDAMART,50
2022-02-24,0.9264420936715029,O1,LAMBDAMART,50
2022-02-25,0.9798980892728656,O1,LAMBDAMART,50
2022-02-28,0.9779729697578481,O1,LAMBDAMART,50
2022-03-01,1.0108771918821688,O1,LAMBDAMART,50
2022-03-02,1.032011685299594,O1,LAMBDAMART,50
2022-03-03,1.058706722836638,O1,LAMBDAMART,50
2022-03-04,1.0481743950106774,O1,LAMBDAMART,50
2022-03-07,1.0584632049302454,O1,LAMBDAMART,50
2022-03-08,1.0733799266745208,O1,LAMBDAMART,50
2022-03-09,1.0970923515928923,O1,LAMBDAMART,50
2022-03-10,1.1053214169276142,O1,LAMBDAMART,50
2022-03-11,1.0997279088958605,O1,LAMBDAMART,50
2022-03-14,1.112829493786626,O1,LAMBDAMART,50
2022-03-15,1.1100490426044114,O1,LAMBDAMART,50
2022-03-16,1.113798001942584,O1,LAMBDAMART,50
2022-03-17,1.1360063163196124,O1,LAMBDAMART,50
2022-03-18,1.141160992160499,O1,LAMBDAMART,50
2022-03-21,1.171383767726103,O1,LAMBDAMART,50
2022-03-22,1.2006760533747285,O1,LAMBDAMART,50
2022-03-23,1.1963789978722095,O1,LAMBDAMART,50
2022-03-24,1.1970439166232423,O1,LAMBDAMART,50
2022-03-25,1.203596758133578,O1,LAMBDAMART,50
2022-03-28,1.2082010100303586,O1,LAMBDAMART,50
2022-03-29,1.2321868678883743,O1,LAMBDAMART,50
2022-03-30,1.2470537363066232,O1,LAMBDAMART,50
2022-03-31,1.25838234725979,O1,LAMBDAMART,50
2022-04-01,1.2648853743276325,O1,LAMBDAMART,50
2022-04-04,1.2956324096608418,O1,LAMBDAMART,50
2022-04-05,1.312648326328965,O1,LAMBDAMART,50
2022-04-06,1.3375722301475517,O1,LAMBDAMART,50
2022-04-07,1.3804478626379886,O1,LAMBDAMART,50
2022-04-08,1.4289697355944322,O1,LAMBDAMART,50
2022-04-11,1.4705354856875705,O1,LAMBDAMART,50
2022-04-12,1.4460142476618525,O1,LAMBDAMART,50
2022-04-13,1.4284870644309544,O1,LAMBDAMART,50
2022-04-14,1.4165858719651716,O1,LAMBDAMART,50
2022-04-15,1.443792684349365,O1,LAMBDAMART,50
2022-04-18,1.4388603614332334,O1,LAMBDAMART,50
2022-04-19,1.4241944683590642,O1,LAMBDAMART,50
2022-04-20,1.4273253095076106,O1,LAMBDAMART,50
2022-04-21,1.448151344741123,O1,LAMBDAMART,50
2022-04-22,1.402178573408831,O1,LAMBDAMART,50
2022-04-25,1.4073662842366979,O1,LAMBDAMART,50
2022-04-26,1.4046126084501058,O1,LAMBDAMART,50
2022-04-27,1.4228988016550086,O1,LAMBDAMART,50
2022-04-28,1.4205975945931977,O1,LAMBDAMART,50
2022-04-29,1.4305177166850291,O1,LAMBDAMART,50
2022-05-05,1.4576632687596367,O1,LAMBDAMART,50
2022-05-06,1.4526715037523092,O1,LAMBDAMART,50
2022-05-09,1.4652325477802701,O1,LAMBDAMART,50
2022-05-10,1.4842450571624135,O1,LAMBDAMART,50
2022-05-11,1.4751148030495904,O1,LAMBDAMART,50
2022-05-12,1.4474052426100923,O1,LAMBDAMART,50
2022-05-13,1.4874908478052495,O1,LAMBDAMART,50
2022-05-16,1.481144013770723,O1,LAMBDAMART,50
2022-05-17,1.4876020636159375,O1,LAMBDAMART,50
2022-05-18,1.4945552026336935,O1,LAMBDAMART,50
2022-05-20,1.4996428739301155,O1,LAMBDAMART,50
2022-05-23,1.482610311255769,O1,LAMBDAMART,50
2022-05-24,1.4842348467483995,O1,LAMBDAMART,50
2022-05-25,1.5290445061137006,O1,LAMBDAMART,50
2022-05-26,1.5591580218300636,O1,LAMBDAMART,50
2022-05-27,1.5449386838006336,O1,LAMBDAMART,50
2022-05-30,1.603960058238727,O1,LAMBDAMART,50
2022-05-31,1.6215449385568264,O1,LAMBDAMART,50
2022-06-01,1.632716302700178,O1,LAMBDAMART,50
2022-06-02,1.6641511067515065,O1,LAMBDAMART,50
2022-06-03,1.6956263252942194,O1,LAMBDAMART,50
2022-06-06,1.7322547587538635,O1,LAMBDAMART,50
2022-06-07,1.744773446389951,O1,LAMBDAMART,50
2022-06-08,1.6859807122842363,O1,LAMBDAMART,50
2022-06-09,1.7134990126044782,O1,LAMBDAMART,50
2022-06-10,1.684158577091143,O1,LAMBDAMART,50
2022-06-13,1.653108668579236,O1,LAMBDAMART,50
2022-06-14,1.6562419217872169,O1,LAMBDAMART,50
2022-06-15,1.6747938575636587,O1,LAMBDAMART,50
2022-06-16,1.6466427810967381,O1,LAMBDAMART,50
2022-06-17,1.6713561035215234,O1,LAMBDAMART,50
2022-06-20,1.6825531128603537,O1,LAMBDAMART,50
2022-06-21,1.6982215125095161,O1,LAMBDAMART,50
2022-06-22,1.686115320408775,O1,LAMBDAMART,50
2022-06-23,1.6597358442425043,O1,LAMBDAMART,50
2022-06-24,1.6602610457764218,O1,LAMBDAMART,50
2022-06-27,1.6391045569914897,O1,LAMBDAMART,50
2022-06-28,1.6219106764108413,O1,LAMBDAMART,50
2022-06-29,1.5683436606955625,O1,LAMBDAMART,50
2022-06-30,1.5719056293243245,O1,LAMBDAMART,50
2022-07-01,1.6033973384310696,O1,LAMBDAMART,50
2022-07-04,1.5615236240551085,O1,LAMBDAMART,50
2022-07-05,1.5372435603040422,O1,LAMBDAMART,50
2022-07-06,1.5557360769890844,O1,LAMBDAMART,50
2022-07-07,1.570984842422414,O1,LAMBDAMART,50
2022-07-08,1.573732222669801,O1,LAMBDAMART,50
2022-07-13,1.5478036910236903,O1,LAMBDAMART,50
2022-07-14,1.5188086841541906,O1,LAMBDAMART,50
2022-07-18,1.5639599037863523,O1,LAMBDAMART,50
2022-07-19,1.5893028378895833,O1,LAMBDAMART,50
2022-07-20,1.6038350420921197,O1,LAMBDAMART,50
2022-07-21,1.5896942142156114,O1,LAMBDAMART,50
2022-07-22,1.5836068890631783,O1,LAMBDAMART,50
2022-07-25,1.5976809032462076,O1,LAMBDAMART,50
2022-07-26,1.5755157752339093,O1,LAMBDAMART,50
2022-07-27,1.5640454213726995,O1,LAMBDAMART,50
2022-07-28,1.5667771093765517,O1,LAMBDAMART,50
2022-07-29,1.603570271991821,O1,LAMBDAMART,50
2022-08-01,1.6482946950315318,O1,LAMBDAMART,50
2022-08-02,1.6540001972713108,O1,LAMBDAMART,50
2022-08-03,1.6881318742169702,O1,LAMBDAMART,50
2022-08-04,1.710692136469826,O1,LAMBDAMART,50
2022-08-05,1.7368696396335324,O1,LAMBDAMART,50
2022-08-08,1.7715641996116922,O1,LAMBDAMART,50
2022-08-09,1.7678775936059035,O1,LAMBDAMART,50
2022-08-10,1.808187302407626,O1,LAMBDAMART,50
2022-08-11,1.8340390440166003,O1,LAMBDAMART,50
2022-08-12,1.823031991243122,O1,LAMBDAMART,50
2022-08-15,1.8220671790524277,O1,LAMBDAMART,50
2022-08-16,1.8641874089411763,O1,LAMBDAMART,50
2022-08-17,1.8970871638982314,O1,LAMBDAMART,50
2022-08-18,1.9088754159712202,O1,LAMBDAMART,50
2022-08-19,1.9224536999459407,O1,LAMBDAMART,50
2022-08-22,1.954006396294625,O1,LAMBDAMART,50
2022-08-23,1.9873078149410992,O1,LAMBDAMART,50
2022-08-24,1.960844861708702,O1,LAMBDAMART,50
2022-08-25,2.000918468917038,O1,LAMBDAMART,50
2022-08-26,1.968266340216079,O1,LAMBDAMART,50
2022-08-29,1.9617401203915743,O1,LAMBDAMART,50
2022-08-31,1.9581122690515405,O1,LAMBDAMART,50
2022-09-01,1.9437531437986488,O1,LAMBDAMART,50
2022-09-02,1.9718950971324847,O1,LAMBDAMART,50
2022-09-05,2.026688005989568,O1,LAMBDAMART,50
2022-09-06,2.045418409846415,O1,LAMBDAMART,50
2022-09-07,2.027036885929107,O1,LAMBDAMART,50
2022-09-08,2.0764822958157545,O1,LAMBDAMART,50
2022-09-09,2.119767642373475,O1,LAMBDAMART,50
2022-09-12,2.1541758449295374,O1,LAMBDAMART,50
2022-09-13,2.0488580795535447,O1,LAMBDAMART,50
2022-09-14,2.060110585633635,O1,LAMBDAMART,50
2022-09-15,2.039620628240263,O1,LAMBDAMART,50
2022-09-16,2.0514174094978777,O1,LAMBDAMART,50
2022-09-19,1.9830759503251845,O1,LAMBDAMART,50
2022-09-20,2.0459669999393015,O1,LAMBDAMART,50
2022-09-21,2.032377118776207,O1,LAMBDAMART,50
2022-09-22,2.080764924623089,O1,LAMBDAMART,50
2022-09-23,2.068554802485376,O1,LAMBDAMART,50
2022-09-26,2.0608454497636504,O1,LAMBDAMART,50
2022-09-27,2.070399795736741,O1,LAMBDAMART,50
2022-09-28,2.016959837382925,O1,LAMBDAMART,50
2022-09-29,1.9539445360346526,O1,LAMBDAMART,50
2022-09-30,1.9882363443311726,O1,LAMBDAMART,50
2022-10-03,2.0788883553020523,O1,LAMBDAMART,50
2022-10-04,2.1410105282873455,O1,LAMBDAMART,50
2022-10-05,2.1887373533463843,O1,LAMBDAMART,50
2022-10-06,2.236344538402911,O1,LAMBDAMART,50
2022-10-07,2.234499213565792,O1,LAMBDAMART,50
2022-10-10,2.2507865332050967,O1,LAMBDAMART,50
2022-10-11,2.2203674534649673,O1,LAMBDAMART,50
2022-10-12,2.1673530906584393,O1,LAMBDAMART,50
2022-10-13,2.2053942672780433,O1,LAMBDAMART,50
2022-10-14,2.2282798434615,O1,LAMBDAMART,50
2022-10-17,2.335294459467379,O1,LAMBDAMART,50
2022-10-18,2.353700355763886,O1,LAMBDAMART,50
2022-10-19,2.3754439516020995,O1,LAMBDAMART,50
2022-10-20,2.3867190113938355,O1,LAMBDAMART,50
2022-10-21,2.4291796300092203,O1,LAMBDAMART,50
2022-10-24,2.462880186685803,O1,LAMBDAMART,50
2022-10-25,2.4939007378016202,O1,LAMBDAMART,50
2022-10-26,2.480677577306892,O1,LAMBDAMART,50
2022-10-27,2.4629731156509744,O1,LAMBDAMART,50
2022-10-28,2.4370070143352685,O1,LAMBDAMART,50
2022-10-31,2.527561590992908,O1,LAMBDAMART,50
2022-11-01,2.5899834844542147,O1,LAMBDAMART,50
2022-11-02,2.5877041045572287,O1,LAMBDAMART,50
2022-11-03,2.6261605796740106,O1,LAMBDAMART,50
2022-11-04,2.6924004574928064,O1,LAMBDAMART,50
2022-11-07,2.759569575729318,O1,LAMBDAMART,50
2022-11-08,2.754467611926157,O1,LAMBDAMART,50
2022-11-09,2.76834715976699,O1,LAMBDAMART,50
2022-11-10,2.8050949668649814,O1,LAMBDAMART,50
2022-11-11,2.8199803833446997,O1,LAMBDAMART,50
2022-02-21,1.0,O1,LAMBDAMART,100
2022-02-22,0.9927154962112881,O1,LAMBDAMART,100
2022-02-23,0.9962531917606431,O1,LAMBDAMART,100
2022-02-24,0.921442093671503,O1,LAMBDAMART,100
2022-02-25,0.9748980892728656,O1,LAMBDAMART,100
2022-02-28,0.9729729697578481,O1,LAMBDAMART,100
2022-03-01,1.005877191882169,O1,LAMBDAMART,100
2022-03-02,1.027011685299594,O1,LAMBDAMART,100
2022-03-03,1.053706722836638,O1,LAMBDAMART,100
2022-03-04,1.0431743950106775,O1,LAMBDAMART,100
2022-03-07,1.0534632049302455,O1,LAMBDAMART,100
2022-03-08,1.0683799266745209,O1,LAMBDAMART,100
2022-03-09,1.0920923515928924,O1,LAMBDAMART,100
2022-03-10,1.1003214169276143,O1,LAMBDAMART,100
2022-03-11,1.0947279088958604,O1,LAMBDAMART,100
2022-03-14,1.1078294937866262,O1,LAMBDAMART,100
2022-03-15,1.1050490426044115,O1,LAMBDAMART,100
2022-03-16,1.108798001942584,O1,LAMBDAMART,100
2022-03-17,1.1310063163196122,O1,LAMBDAMART,100
2022-03-18,1.1361609921604992,O1,LAMBDAMART,100
2022-03-21,1.166383767726103,O1,LAMBDAMART,100
2022-03-22,1.1956760533747284,O1,LAMBDAMART,100
2022-03-23,1.1913789978722094,O1,LAMBDAMART,100
2022-03-24,1.1920439166232424,O1,LAMBDAMART,100
2022-03-25,1.198596758133578,O1,LAMBDAMART,100
2022-03-28,1.2032010100303585,O1,LAMBDAMART,100
2022-03-29,1.2271868678883742,O1,LAMBDAMART,100
2022-03-30,1.2420537363066233,O1,LAMBDAMART,100
2022-03-31,1.2533823472597898,O1,LAMBDAMART,100
2022-04-01,1.2598853743276324,O1,LAMBDAMART,100
2022-04-04,1.2906324096608417,O1,LAMBDAMART,100
2022-04-05,1.307648326328965,O1,LAMBDAMART,100
2022-04-06,1.3325722301475518,O1,LAMBDAMART,100
2022-04-07,1.3754478626379885,O1,LAMBDAMART,100
2022-04-08,1.4239697355944323,O1,LAMBDAMART,100
2022-04-11,1.4655354856875706,O1,LAMBDAMART,100
2022-04-12,1.4410142476618526,O1,LAMBDAMART,100
2022-04-13,1.4234870644309545,O1,LAMBDAMART,100
2022-04-14,1.4115858719651715,O1,LAMBDAMART,100
2022-04-15,1.4387926843493646,O1,LAMBDAMART,100
2022-04-18,1.4338603614332335,O1,LAMBDAMART,100
2022-04-19,1.419194468359064,O1,LAMBDAMART,100
2022-04-20,1.4223253095076105,O1,LAMBDAMART,100
2022-04-21,1.4431513447411228,O1,LAMBDAMART,100
2022-04-22,1.3971785734088311,O1,LAMBDAMART,100
2022-04-25,1.4023662842366977,O1,LAMBDAMART,100
2022-04-26,1.3996126084501057,O1,LAMBDAMART,100
2022-04-27,1.4178988016550085,O1,LAMBDAMART,100
2022-04-28,1.4155975945931976,O1,LAMBDAMART,100
2022-04-29,1.425517716685029,O1,LAMBDAMART,100
2022-05-05,1.4526632687596368,O1,LAMBDAMART,100
2022-05-06,1.4476715037523094,O1,LAMBDAMART,100
2022-05-09,1.46023254778027,O1,LAMBDAMART,100
2022-05-10,1.4792450571624136,O1,LAMBDAMART,100
2022-05-11,1.4701148030495905,O1,LAMBDAMART,100
2022-05-12,1.4424052426100924,O1,LAMBDAMART,100
2022-05-13,1.4824908478052496,O1,LAMBDAMART,100
2022-05-16,1.4761440137707231,O1,LAMBDAMART,100
2022-05-17,1.4826020636159376,O1,LAMBDAMART,100
2022-05-18,1.4895552026336936,O1,LAMBDAMART,100
2022-05-20,1.4946428739301156,O1,LAMBDAMART,100
2022-05-23,1.468079121174738,O1,LAMBDAMART,100
2022-05-24,1.469698290607607,O1,LAMBDAMART,100
2022-05-25,1.5143599376265326,O1,LAMBDAMART,100
2022-05-26,1.5443739843404096,O1,LAMBDAMART,100
2022-05-27,1.5302016147016224,O1,LAMBDAMART,100
2022-05-30,1.5890280335823508,O1,LAMBDAMART,100
2022-05-31,1.606554828669866,O1,LAMBDAMART,100
2022-06-01,1.6176892922912665,O1,LAMBDAMART,100
2022-06-02,1.6490202629465947,O1,LAMBDAMART,100
2022-06-03,1.6803915145987938,O1,LAMBDAMART,100
2022-06-06,1.7168989594042678,O1,LAMBDAMART,100
2022-06-07,1.7293762961272527,O1,LAMBDAMART,100
2022-06-08,1.6707777623490592,O1,LAMBDAMART,100
2022-06-09,1.69820516601317,O1,LAMBDAMART,100
2022-06-10,1.668961645914179,O1,LAMBDAMART,100
2022-06-13,1.6380142994364115,O1,LAMBDAMART,100
2022-06-14,1.6411372030866034,O1,LAMBDAMART,100
2022-06-15,1.6596278593178986,O1,LAMBDAMART,100
2022-06-16,1.631569769652036,O1,LAMBDAMART,100
2022-06-17,1.656201460640862,O1,LAMBDAMART,100
2022-06-20,1.6673614847482017,O1,LAMBDAMART,100
2022-06-21,1.6829781295608206,O1,LAMBDAMART,100
2022-06-22,1.6709119258448137,O1,LAMBDAMART,100
2022-06-23,1.64461958464495,O1,LAMBDAMART,100
2022-06-24,1.6451430513673906,O1,LAMBDAMART,100
2022-06-27,1.624056445317353,O1,LAMBDAMART,100
2022-06-28,1.6069193584424388,O1,LAMBDAMART,100
2022-06-29,1.553529281802276,O1,LAMBDAMART,100
2022-06-30,1.5570794847684122,O1,LAMBDAMART,100
2022-07-01,1.5884671725140873,O1,LAMBDAMART,100
2022-07-04,1.5467317726623613,O1,LAMBDAMART,100
2022-07-05,1.5225319092354401,O1,LAMBDAMART,100
2022-07-06,1.540963342644606,O1,LAMBDAMART,100
2022-07-07,1.5561617393497846,O1,LAMBDAMART,100
2022-07-08,1.5589000446297971,O1,LAMBDAMART,100
2022-07-13,1.5330571584195447,O1,LAMBDAMART,100
2022-07-14,1.5041579259670061,O1,LAMBDAMART,100
2022-07-18,1.5491600050331793,O1,LAMBDAMART,100
2022-07-19,1.5744192280081903,O1,LAMBDAMART,100
2022-07-20,1.5889034303809315,O1,LAMBDAMART,100
2022-07-21,1.5748093115654456,O1,LAMBDAMART,100
2022-07-22,1.5687420936687182,O1,LAMBDAMART,100
2022-07-25,1.5827696194853629,O1,LAMBDAMART,100
2022-07-26,1.5606777058793173,O1,LAMBDAMART,100
2022-07-27,1.5492452401434096,O1,LAMBDAMART,100
2022-07-28,1.551967905013483,O1,LAMBDAMART,100
2022-07-29,1.588639534851972,O1,LAMBDAMART,100
2022-08-01,1.6332162270923822,O1,LAMBDAMART,100
2022-08-02,1.6389028832890156,O1,LAMBDAMART,100
2022-08-03,1.672921818703897,O1,LAMBDAMART,100
2022-08-04,1.6954075613688293,O1,LAMBDAMART,100
2022-08-05,1.7214985967101866,O1,LAMBDAMART,100
2022-08-08,1.756078555879022,O1,LAMBDAMART,100
2022-08-09,1.7524041272299191,O1,LAMBDAMART,100
2022-08-10,1.7925806876286867,O1,LAMBDAMART,100
2022-08-11,1.8183470374496482,O1,LAMBDAMART,100
2022-08-12,1.8073763424555136,O1,LAMBDAMART,100
2022-08-15,1.8064147171695668,O1,LAMBDAMART,100
2022-08-16,1.8483958182601048,O1,LAMBDAMART,100
2022-08-17,1.881186900890806,O1,LAMBDAMART,100
2022-08-18,1.881441128423226,O1,LAMBDAMART,100
2022-08-19,1.894905789353474,O1,LAMBDAMART,100
2022-08-22,1.9261944528223678,O1,LAMBDAMART,100
2022-08-23,1.9592172052854782,O1,LAMBDAMART,100
2022-08-24,1.9329756939759035,O1,LAMBDAMART,100
2022-08-25,1.9727139653448598,O1,LAMBDAMART,100
2022-08-26,1.940335069570714,O1,LAMBDAMART,100
2022-08-29,1.9338634611364804,O1,LAMBDAMART,100
2022-08-31,1.9302659676468872,O1,LAMBDAMART,100
2022-09-01,1.9160269995162236,O1,LAMBDAMART,100
2022-09-02,1.9439334610588181,O1,LAMBDAMART,100
2022-09-05,1.9982678629991626,O1,LAMBDAMART,100
2022-09-06,2.0168415308859586,O1,LAMBDAMART,100
2022-09-07,1.998613823512288,O1,LAMBDAMART,100
2022-09-08,2.047645474339472,O1,LAMBDAMART,100
2022-09-09,2.0905686092314104,O1,LAMBDAMART,100
2022-09-12,2.124688884039274,O1,LAMBDAMART,100
2022-09-13,2.0202524174460548,O1,LAMBDAMART,100
2022-09-14,2.0314107625849576,O1,LAMBDAMART,100
2022-09-15,2.0110922651009884,O1,LAMBDAMART,100
2022-09-16,2.022790330924166,O1,LAMBDAMART,100
2022-09-19,1.955020752901503,O1,LAMBDAMART,100
2022-09-20,2.017385530378395,O1,LAMBDAMART,100
2022-09-21,2.0039093693050143,O1,LAMBDAMART,100
2022-09-22,2.0518922661202463,O1,LAMBDAMART,100
2022-09-23,2.0397843182523645,O1,LAMBDAMART,100
2022-09-26,2.0321394773738715,O1,LAMBDAMART,100
2022-09-27,2.0416138726050703,O1,LAMBDAMART,100
2022-09-28,1.9886210996817515,O1,LAMBDAMART,100
2022-09-29,1.9261331102088879,O1,LAMBDAMART,100
2022-09-30,1.9601379647440653,O1,LAMBDAMART,100
2022-10-03,2.0500313999263367,O1,LAMBDAMART,100
2022-10-04,2.1116337347320058,O1,LAMBDAMART,100
2022-10-05,2.1589611818448833,O1,LAMBDAMART,100
2022-10-06,2.2061699901024734,O1,LAMBDAMART,100
2022-10-07,2.2043401069387234,O1,LAMBDAMART,100
2022-10-10,2.2204911343302625,O1,LAMBDAMART,100
2022-10-11,2.190326601369134,O1,LAMBDAMART,100
2022-10-12,2.137755862610686,O1,LAMBDAMART,100
2022-10-13,2.1754787107647133,O1,LAMBDAMART,100
2022-10-14,2.1981727805070532,O1,LAMBDAMART,100
2022-10-17,2.3042918984885654,O1,LAMBDAMART,100
2022-10-18,2.3225437742934294,O1,LAMBDAMART,100
2022-10-19,2.344105419779043,O1,LAMBDAMART,100
2022-10-20,2.3552861299001915,O1,LAMBDAMART,100
2022-10-21,2.3973914381710397,O1,LAMBDAMART,100
2022-10-24,2.430809988678276,O1,LAMBDAMART,100
2022-10-25,2.4615709599042077,O1,LAMBDAMART,100
2022-10-26,2.448458450781608,O1,LAMBDAMART,100
2022-10-27,2.430902140014112,O1,LAMBDAMART,100
2022-10-28,2.4051533229657016,O1,LAMBDAMART,100
2022-10-31,2.4949501391648083,O1,LAMBDAMART,100
2022-11-01,2.556849686386338,O1,LAMBDAMART,100
2022-11-02,2.554589380334316,O1,LAMBDAMART,100
2022-11-03,2.592724051768792,O1,LAMBDAMART,100
2022-11-04,2.658409634464783,O1,LAMBDAMART,100
2022-11-07,2.7250166816971237,O1,LAMBDAMART,100
2022-11-08,2.7199574111136062,O1,LAMBDAMART,100
2022-11-09,2.7337208149347303,O1,LAMBDAMART,100
2022-11-10,2.7701611164798887,O1,LAMBDAMART,100
2022-11-11,2.7849219718337817,O1,LAMBDAMART,100
2023-02-02,1.0,O2,FACTOR_COMPOSITE,0
2023-02-03,1.0605783275611103,O2,FACTOR_COMPOSITE,0
2023-02-06,1.0425720960018574,O2,FACTOR_COMPOSITE,0
2023-02-07,0.951046019029121,O2,FACTOR_COMPOSITE,0
2023-02-08,0.8846301046818863,O2,FACTOR_COMPOSITE,0
2023-02-15,1.0420980718799862,O2,FACTOR_COMPOSITE,0
2023-02-16,1.0413813081744436,O2,FACTOR_COMPOSITE,0
2023-02-17,1.0360264619161572,O2,FACTOR_COMPOSITE,0
2023-02-20,1.0671339566025329,O2,FACTOR_COMPOSITE,0
2023-02-21,1.066790738680656,O2,FACTOR_COMPOSITE,0
2023-02-22,1.047092095917876,O2,FACTOR_COMPOSITE,0
2023-02-23,1.0525880659231381,O2,FACTOR_COMPOSITE,0
2023-02-24,1.0541346975582266,O2,FACTOR_COMPOSITE,0
2023-02-27,1.0638558541284469,O2,FACTOR_COMPOSITE,0
2023-02-28,1.0653087767066114,O2,FACTOR_COMPOSITE,0
2023-03-01,1.0711849768604573,O2,FACTOR_COMPOSITE,0
2023-03-02,1.052390741102243,O2,FACTOR_COMPOSITE,0
2023-03-03,1.0388704279196066,O2,FACTOR_COMPOSITE,0
2023-03-06,1.0718286520888445,O2,FACTOR_COMPOSITE,0
2023-03-07,1.0766942000188353,O2,FACTOR_COMPOSITE,0
2023-03-08,1.061003818260219,O2,FACTOR_COMPOSITE,0
2023-03-09,1.0589247012958884,O2,FACTOR_COMPOSITE,0
2023-03-10,1.0488227884722303,O2,FACTOR_COMPOSITE,0
2023-03-13,1.036017098676024,O2,FACTOR_COMPOSITE,0
2023-03-14,1.0170112594090708,O2,FACTOR_COMPOSITE,0
2023-03-15,1.0123231845268599,O2,FACTOR_COMPOSITE,0
2023-03-16,1.0292145010936913,O2,FACTOR_COMPOSITE,0
2023-03-17,1.017960941165223,O2,FACTOR_COMPOSITE,0
2023-03-20,0.9831471803231627,O2,FACTOR_COMPOSITE,0
2023-03-21,0.9763746063544381,O2,FACTOR_COMPOSITE,0
2023-03-22,0.9882992111720388,O2,FACTOR_COMPOSITE,0
2023-03-23,0.9929345548287575,O2,FACTOR_COMPOSITE,0
2023-03-24,0.9890310902567647,O2,FACTOR_COMPOSITE,0
2023-03-27,0.9812558669227405,O2,FACTOR_COMPOSITE,0
2023-03-28,0.9452549602223574,O2,FACTOR_COMPOSITE,0
2023-03-29,0.9586180367514024,O2,FACTOR_COMPOSITE,0
2023-03-30,0.955383744728615,O2,FACTOR_COMPOSITE,0
2023-03-31,0.9385279061357061,O2,FACTOR_COMPOSITE,0
2023-04-03,0.949923742174802,O2,FACTOR_COMPOSITE,0
2023-04-04,0.9885235582959482,O2,FACTOR_COMPOSITE,0
2023-04-05,0.9779681382793106,O2,FACTOR_COMPOSITE,0
2023-04-06,0.9746822880517914,O2,FACTOR_COMPOSITE,0
2023-04-07,0.9847897203516646,O2,FACTOR_COMPOSITE,0
2023-04-10,1.0188625932364521,O2,FACTOR_COMPOSITE,0
2023-04-11,1.0220339274184274,O2,FACTOR_COMPOSITE,0
2023-04-12,1.022702139381536,O2,FACTOR_COMPOSITE,0
2023-04-13,1.0223606736144681,O2,FACTOR_COMPOSITE,0
2023-04-14,1.0066403315281849,O2,FACTOR_COMPOSITE,0
2023-04-17,0.9983613778428093,O2,FACTOR_COMPOSITE,0
2023-04-18,0.9924297176072984,O2,FACTOR_COMPOSITE,0
2023-04-19,0.9946818876627406,O2,FACTOR_COMPOSITE,0
2023-04-20,0.9892095722526455,O2,FACTOR_COMPOSITE,0
2023-04-24,0.9961327168955383,O2,FACTOR_COMPOSITE,0
2023-04-25,0.9687376203201774,O2,FACTOR_COMPOSITE,0
2023-04-26,0.9421424810855886,O2,FACTOR_COMPOSITE,0
2023-04-27,0.9396543711734235,O2,FACTOR_COMPOSITE,0
2023-04-28,0.9154977621076558,O2,FACTOR_COMPOSITE,0
2023-05-02,0.8884430844192539,O2,FACTOR_COMPOSITE,0
2023-05-03,0.882253711368265,O2,FACTOR_COMPOSITE,0
2023-05-04,0.8820168809409864,O2,FACTOR_COMPOSITE,0
2023-05-05,0.8745765620676808,O2,FACTOR_COMPOSITE,0
2023-05-08,0.9027953423701451,O2,FACTOR_COMPOSITE,0
2023-05-09,0.917027963082391,O2,FACTOR_COMPOSITE,0
2023-05-10,0.9128373702382264,O2,FACTOR_COMPOSITE,0
2023-05-11,0.9879767759863625,O2,FACTOR_COMPOSITE,0
2023-05-12,0.9745952960630075,O2,FACTOR_COMPOSITE,0
2023-05-15,0.9006044113606065,O2,FACTOR_COMPOSITE,0
2023-05-16,0.8871351189847329,O2,FACTOR_COMPOSITE,0
2023-05-17,0.9013053470573659,O2,FACTOR_COMPOSITE,0
2023-05-18,0.8808785716053905,O2,FACTOR_COMPOSITE,0
2023-05-22,0.8578730708168835,O2,FACTOR_COMPOSITE,0
2023-05-23,0.856645642179708,O2,FACTOR_COMPOSITE,0
2023-05-24,0.8516974436068077,O2,FACTOR_COMPOSITE,0
2023-05-25,0.8559750765591602,O2,FACTOR_COMPOSITE,0
2023-05-26,0.8738149385090414,O2,FACTOR_COMPOSITE,0
2023-05-29,0.8910557044096739,O2,FACTOR_COMPOSITE,0
2023-05-30,0.925724526743865,O2,FACTOR_COMPOSITE,0
2023-05-31,0.9224773620731391,O2,FACTOR_COMPOSITE,0
2023-06-01,0.9452952755422173,O2,FACTOR_COMPOSITE,0
2023-06-02,0.9619522961381037,O2,FACTOR_COMPOSITE,0
2023-06-05,1.0048369750575479,O2,FACTOR_COMPOSITE,0
2023-06-06,1.007688109051181,O2,FACTOR_COMPOSITE,0
2023-06-07,1.025395908809927,O2,FACTOR_COMPOSITE,0
2023-06-08,1.0324910054780227,O2,FACTOR_COMPOSITE,0
2023-06-09,1.0306416019025892,O2,FACTOR_COMPOSITE,0
2023-06-12,1.0229888856099403,O2,FACTOR_COMPOSITE,0
2023-06-13,1.0068694227925514,O2,FACTOR_COMPOSITE,0
2023-06-14,0.9993010927892353,O2,FACTOR_COMPOSITE,0
2023-06-15,1.022582394098863,O2,FACTOR_COMPOSITE,0
2023-06-16,1.0237515010343647,O2,FACTOR_COMPOSITE,0
2023-06-19,0.9986123068758876,O2,FACTOR_COMPOSITE,0
2023-06-20,1.0023311719635297,O2,FACTOR_COMPOSITE,0
2023-06-21,0.9943647887586176,O2,FACTOR_COMPOSITE,0
2023-06-22,1.0287939449754995,O2,FACTOR_COMPOSITE,0
2023-06-23,1.0550122363793775,O2,FACTOR_COMPOSITE,0
2023-06-26,1.0722135579236796,O2,FACTOR_COMPOSITE,0
2023-06-27,1.075477186956151,O2,FACTOR_COMPOSITE,0
2023-07-03,1.111087399426945,O2,FACTOR_COMPOSITE,0
2023-07-04,1.1090428987136947,O2,FACTOR_COMPOSITE,0
2023-07-05,1.1296752590189487,O2,FACTOR_COMPOSITE,0
2023-07-06,1.1383583374567818,O2,FACTOR_COMPOSITE,0
2023-07-07,1.1488832957470403,O2,FACTOR_COMPOSITE,0
2023-07-10,1.17117016666112,O2,FACTOR_COMPOSITE,0
2023-07-11,1.18285701149019,O2,FACTOR_COMPOSITE,0
2023-07-12,1.188104488619954,O2,FACTOR_COMPOSITE,0
2023-07-13,1.2109906094986373,O2,FACTOR_COMPOSITE,0
2023-07-14,1.2305177390708995,O2,FACTOR_COMPOSITE,0
2023-07-17,1.2610724570734386,O2,FACTOR_COMPOSITE,0
2023-07-18,1.2238666332072146,O2,FACTOR_COMPOSITE,0
2023-07-19,1.2693018400461333,O2,FACTOR_COMPOSITE,0
2023-07-20,1.3080609270085362,O2,FACTOR_COMPOSITE,0
2023-07-21,1.3354775174734042,O2,FACTOR_COMPOSITE,0
2023-07-24,1.3442151870982841,O2,FACTOR_COMPOSITE,0
2023-07-25,1.3465946467283096,O2,FACTOR_COMPOSITE,0
2023-07-26,1.3573506806972677,O2,FACTOR_COMPOSITE,0
2023-07-27,1.4003959775769996,O2,FACTOR_COMPOSITE,0
2023-07-28,1.4447256868499347,O2,FACTOR_COMPOSITE,0
2023-07-31,1.4737324719632101,O2,FACTOR_COMPOSITE,0
2023-08-01,1.47609323417277,O2,FACTOR_COMPOSITE,0
2023-08-02,1.5061208993285713,O2,FACTOR_COMPOSITE,0
2023-08-03,1.5470862309255193,O2,FACTOR_COMPOSITE,0
2023-08-04,1.5744903662400187,O2,FACTOR_COMPOSITE,0
2023-08-07,1.6325937917608286,O2,FACTOR_COMPOSITE,0
2023-08-08,1.6192761371219893,O2,FACTOR_COMPOSITE,0
2023-08-09,1.6178253186993916,O2,FACTOR_COMPOSITE,0
2023-08-10,1.5811875617678193,O2,FACTOR_COMPOSITE,0
2023-08-11,1.6532845357105217,O2,FACTOR_COMPOSITE,0
2023-08-14,1.642114028554744,O2,FACTOR_COMPOSITE,0
2023-08-15,1.626558792690183,O2,FACTOR_COMPOSITE,0
2023-08-16,1.6344028787121048,O2,FACTOR_COMPOSITE,0
2023-08-17,1.65140698262304,O2,FACTOR_COMPOSITE,0
2023-08-18,1.5925657470448848,O2,FACTOR_COMPOSITE,0
2023-08-21,1.6537068206394128,O2,FACTOR_COMPOSITE,0
2023-08-22,1.698863468064448,O2,FACTOR_COMPOSITE,0
2023-08-23,1.6560979095166093,O2,FACTOR_COMPOSITE,0
2023-08-24,1.6037838575308463,O2,FACTOR_COMPOSITE,0
2023-08-25,1.648585553153266,O2,FACTOR_COMPOSITE,0
2023-08-28,1.6708305344679693,O2,FACTOR_COMPOSITE,0
2023-08-29,1.6705257232837845,O2,FACTOR_COMPOSITE,0
2023-08-31,1.725100880426121,O2,FACTOR_COMPOSITE,0
2023-09-01,1.7355162649383913,O2,FACTOR_COMPOSITE,0
2023-09-04,1.7403653082546646,O2,FACTOR_COMPOSITE,0
2023-09-05,1.7571927729240735,O2,FACTOR_COMPOSITE,0
2023-09-06,1.7605437383478755,O2,FACTOR_COMPOSITE,0
2023-09-07,1.8138719281796476,O2,FACTOR_COMPOSITE,0
2023-09-08,1.819957783663537,O2,FACTOR_COMPOSITE,0
2023-09-11,1.8012983547900479,O2,FACTOR_COMPOSITE,0
2023-09-12,1.8376079337039732,O2,FACTOR_COMPOSITE,0
2023-09-13,1.822748723174587,O2,FACTOR_COMPOSITE,0
2023-09-14,1.831242483137883,O2,FACTOR_COMPOSITE,0
2023-09-15,1.780764382238356,O2,FACTOR_COMPOSITE,0
2023-09-18,1.7087133784530422,O2,FACTOR_COMPOSITE,0
2023-09-19,1.7294112629847451,O2,FACTOR_COMPOSITE,0
2023-09-20,1.741717533703015,O2,FACTOR_COMPOSITE,0
2023-09-21,1.8212176777008882,O2,FACTOR_COMPOSITE,0
2023-09-22,1.8477754261689248,O2,FACTOR_COMPOSITE,0
2023-09-25,1.9064229632650453,O2,FACTOR_COMPOSITE,0
2023-09-26,1.8711778615953192,O2,FACTOR_COMPOSITE,0
2023-09-27,1.9118776116962255,O2,FACTOR_COMPOSITE,0
2023-09-28,1.897014534153984,O2,FACTOR_COMPOSITE,0
2023-09-29,1.8975391499007264,O2,FACTOR_COMPOSITE,0
2023-10-02,1.9126785812800695,O2,FACTOR_COMPOSITE,0
2023-10-03,1.9487541357701486,O2,FACTOR_COMPOSITE,0
2023-10-04,1.923596706593523,O2,FACTOR_COMPOSITE,0
2023-10-05,1.9373165638605856,O2,FACTOR_COMPOSITE,0
2023-10-06,1.9535124122696863,O2,FACTOR_COMPOSITE,0
2023-10-09,1.865693081501635,O2,FACTOR_COMPOSITE,0
2023-10-10,1.9387954782222852,O2,FACTOR_COMPOSITE,0
2023-10-11,1.8909333613908248,O2,FACTOR_COMPOSITE,0
2023-10-12,1.8657661046088347,O2,FACTOR_COMPOSITE,0
2023-10-13,1.8247264831211674,O2,FACTOR_COMPOSITE,0
2023-10-16,1.7996694344066382,O2,FACTOR_COMPOSITE,0
2023-10-17,1.8338385505968473,O2,FACTOR_COMPOSITE,0
2023-10-18,1.806492920158424,O2,FACTOR_COMPOSITE,0
2023-10-19,1.79524822981184,O2,FACTOR_COMPOSITE,0
2023-10-20,1.7165001526839236,O2,FACTOR_COMPOSITE,0
2023-10-23,1.7801201475564743,O2,FACTOR_COMPOSITE,0
2023-10-24,1.844586894634292,O2,FACTOR_COMPOSITE,0
2023-10-25,1.7315464762315982,O2,FACTOR_COMPOSITE,0
2023-10-26,1.7842578665337436,O2,FACTOR_COMPOSITE,0
2023-10-27,1.8007673794619898,O2,FACTOR_COMPOSITE,0
2023-10-30,1.788870671238435,O2,FACTOR_COMPOSITE,0
2023-02-02,1.0,O2,FACTOR_COMPOSITE,30
2023-02-03,1.0575783275611101,O2,FACTOR_COMPOSITE,30
2023-02-06,1.0395720960018573,O2,FACTOR_COMPOSITE,30
2023-02-07,0.9480460190291211,O2,FACTOR_COMPOSITE,30
2023-02-08,0.8816301046818862,O2,FACTOR_COMPOSITE,30
2023-02-15,1.0390980718799865,O2,FACTOR_COMPOSITE,30
2023-02-16,1.0383813081744437,O2,FACTOR_COMPOSITE,30
2023-02-17,1.0330264619161573,O2,FACTOR_COMPOSITE,30
2023-02-20,1.064133956602533,O2,FACTOR_COMPOSITE,30
2023-02-21,1.063790738680656,O2,FACTOR_COMPOSITE,30
2023-02-22,1.0440920959178759,O2,FACTOR_COMPOSITE,30
2023-02-23,1.049588065923138,O2,FACTOR_COMPOSITE,30
2023-02-24,1.0511346975582267,O2,FACTOR_COMPOSITE,30
2023-02-27,1.0608558541284467,O2,FACTOR_COMPOSITE,30
2023-02-28,1.0623087767066115,O2,FACTOR_COMPOSITE,30
2023-03-01,1.0681849768604572,O2,FACTOR_COMPOSITE,30
2023-03-02,1.0493907411022434,O2,FACTOR_COMPOSITE,30
2023-03-03,1.0358704279196065,O2,FACTOR_COMPOSITE,30
2023-03-06,1.0688286520888444,O2,FACTOR_COMPOSITE,30
2023-03-07,1.0736942000188354,O2,FACTOR_COMPOSITE,30
2023-03-08,1.058003818260219,O2,FACTOR_COMPOSITE,30
2023-03-09,1.0559247012958886,O2,FACTOR_COMPOSITE,30
2023-03-10,1.0458227884722302,O2,FACTOR_COMPOSITE,30
2023-03-13,1.033017098676024,O2,FACTOR_COMPOSITE,30
2023-03-14,1.0140112594090707,O2,FACTOR_COMPOSITE,30
2023-03-15,1.00932318452686,O2,FACTOR_COMPOSITE,30
2023-03-16,1.0262145010936914,O2,FACTOR_COMPOSITE,30
2023-03-17,1.014960941165223,O2,FACTOR_COMPOSITE,30
2023-03-20,0.9801471803231626,O2,FACTOR_COMPOSITE,30
2023-03-21,0.9733746063544382,O2,FACTOR_COMPOSITE,30
2023-03-22,0.9852992111720389,O2,FACTOR_COMPOSITE,30
2023-03-23,0.9899345548287574,O2,FACTOR_COMPOSITE,30
2023-03-24,0.9860310902567647,O2,FACTOR_COMPOSITE,30
2023-03-27,0.9782558669227406,O2,FACTOR_COMPOSITE,30
2023-03-28,0.9422549602223574,O2,FACTOR_COMPOSITE,30
2023-03-29,0.9556180367514023,O2,FACTOR_COMPOSITE,30
2023-03-30,0.952383744728615,O2,FACTOR_COMPOSITE,30
2023-03-31,0.9355279061357061,O2,FACTOR_COMPOSITE,30
2023-04-03,0.946923742174802,O2,FACTOR_COMPOSITE,30
2023-04-04,0.9855235582959483,O2,FACTOR_COMPOSITE,30
2023-04-05,0.9749681382793106,O2,FACTOR_COMPOSITE,30
2023-04-06,0.9716822880517912,O2,FACTOR_COMPOSITE,30
2023-04-07,0.9817897203516646,O2,FACTOR_COMPOSITE,30
2023-04-10,1.015862593236452,O2,FACTOR_COMPOSITE,30
2023-04-11,1.0190339274184272,O2,FACTOR_COMPOSITE,30
2023-04-12,1.019702139381536,O2,FACTOR_COMPOSITE,30
2023-04-13,1.019360673614468,O2,FACTOR_COMPOSITE,30
2023-04-14,1.003640331528185,O2,FACTOR_COMPOSITE,30
2023-04-17,0.9953613778428092,O2,FACTOR_COMPOSITE,30
2023-04-18,0.9894297176072983,O2,FACTOR_COMPOSITE,30
2023-04-19,0.9916818876627406,O2,FACTOR_COMPOSITE,30
2023-04-20,0.9862095722526455,O2,FACTOR_COMPOSITE,30
2023-04-24,0.9931327168955383,O2,FACTOR_COMPOSITE,30
2023-04-25,0.9657376203201774,O2,FACTOR_COMPOSITE,30
2023-04-26,0.9391424810855886,O2,FACTOR_COMPOSITE,30
2023-04-27,0.9366543711734235,O2,FACTOR_COMPOSITE,30
2023-04-28,0.9124977621076558,O2,FACTOR_COMPOSITE,30
2023-05-02,0.885443084419254,O2,FACTOR_COMPOSITE,30
2023-05-03,0.8792537113682651,O2,FACTOR_COMPOSITE,30
2023-05-04,0.8790168809409865,O2,FACTOR_COMPOSITE,30
2023-05-05,0.8715765620676806,O2,FACTOR_COMPOSITE,30
2023-05-08,0.8949765590243993,O2,FACTOR_COMPOSITE,30
2023-05-09,0.9091605507112469,O2,FACTOR_COMPOSITE,30
2023-05-10,0.9049842759923226,O2,FACTOR_COMPOSITE,30
2023-05-11,0.9798669506615938,O2,FACTOR_COMPOSITE,30
2023-05-12,0.9665311916451761,O2,FACTOR_COMPOSITE,30
2023-05-15,0.8927931138350664,O2,FACTOR_COMPOSITE,30
2023-05-16,0.8793698423975908,O2,FACTOR_COMPOSITE,30
2023-05-17,0.8934916546236434,O2,FACTOR_COMPOSITE,30
2023-05-18,0.8731346719527967,O2,FACTOR_COMPOSITE,30
2023-05-22,0.850207774754223,O2,FACTOR_COMPOSITE,30
2023-05-23,0.8489845399095738,O2,FACTOR_COMPOSITE,30
2023-05-24,0.8440532479963071,O2,FACTOR_COMPOSITE,30
2023-05-25,0.8483162654308508,O2,FACTOR_COMPOSITE,30
2023-05-26,0.866095173385161,O2,FACTOR_COMPOSITE,30
2023-05-29,0.8832770322398027,O2,FACTOR_COMPOSITE,30
2023-05-30,0.9178274005607868,O2,FACTOR_COMPOSITE,30
2023-05-31,0.9145913305757443,O2,FACTOR_COMPOSITE,30
2023-06-01,0.9373312813901534,O2,FACTOR_COMPOSITE,30
2023-06-02,0.9539313894402768,O2,FACTOR_COMPOSITE,30
2023-06-05,0.996669542980978,O2,FACTOR_COMPOSITE,30
2023-06-06,0.9995109354189138,O2,FACTOR_COMPOSITE,30
2023-06-07,1.0171582324029689,O2,FACTOR_COMPOSITE,30
2023-06-08,1.0242290870398145,O2,FACTOR_COMPOSITE,30
2023-06-09,1.0223860023774793,O2,FACTOR_COMPOSITE,30
2023-06-12,1.014759433351907,O2,FACTOR_COMPOSITE,30
2023-06-13,0.9986950463903705,O2,FACTOR_COMPOSITE,30
2023-06-14,0.9911525753289454,O2,FACTOR_COMPOSITE,30
2023-06-15,1.0143543307126626,O2,FACTOR_COMPOSITE,30
2023-06-16,1.0155194431251588,O2,FACTOR_COMPOSITE,30
2023-06-19,0.9904661428112478,O2,FACTOR_COMPOSITE,30
2023-06-20,0.9941723015401345,O2,FACTOR_COMPOSITE,30
2023-06-21,0.9862331373175189,O2,FACTOR_COMPOSITE,30
2023-06-22,1.0205446583956617,O2,FACTOR_COMPOSITE,30
2023-06-23,1.0466733689707974,O2,FACTOR_COMPOSITE,30
2023-06-26,1.0638159182398332,O2,FACTOR_COMPOSITE,30
2023-06-27,1.0670683963323397,O2,FACTOR_COMPOSITE,30
2023-07-03,1.1025569383137916,O2,FACTOR_COMPOSITE,30
2023-07-04,1.1005194231079276,O2,FACTOR_COMPOSITE,30
2023-07-05,1.121081288204071,O2,FACTOR_COMPOSITE,30
2023-07-06,1.1297346989053414,O2,FACTOR_COMPOSITE,30
2023-07-07,1.1402236962524706,O2,FACTOR_COMPOSITE,30
2023-07-10,1.1624344189410312,O2,FACTOR_COMPOSITE,30
2023-07-11,1.1740813329741147,O2,FACTOR_COMPOSITE,30
2023-07-12,1.1793108808901531,O2,FACTOR_COMPOSITE,30
2023-07-13,1.2021188060678494,O2,FACTOR_COMPOSITE,30
2023-07-14,1.2215792167062538,O2,FACTOR_COMPOSITE,30
2023-07-17,1.252029537480214,O2,FACTOR_COMPOSITE,30
2023-07-18,1.214950835877017,O2,FACTOR_COMPOSITE,30
2023-07-19,1.2602308028713556,O2,FACTOR_COMPOSITE,30
2023-07-20,1.2988574604897598,O2,FACTOR_COMPOSITE,30
2023-07-21,1.326180375861263,O2,FACTOR_COMPOSITE,30
2023-07-24,1.334888191226221,O2,FACTOR_COMPOSITE,30
2023-07-25,1.3372595208846048,O2,FACTOR_COMPOSITE,30
2023-07-26,1.3479788043871774,O2,FACTOR_COMPOSITE,30
2023-07-27,1.3908770270999267,O2,FACTOR_COMPOSITE,30
2023-07-28,1.4350552737152311,O2,FACTOR_COMPOSITE,30
2023-07-31,1.4639629504690195,O2,FACTOR_COMPOSITE,30
2023-08-01,1.4663156465909788,O2,FACTOR_COMPOSITE,30
2023-08-02,1.4962407153155934,O2,FACTOR_COMPOSITE,30
2023-08-03,1.5370660794258117,O2,FACTOR_COMPOSITE,30
2023-08-04,1.5578163063569308,O2,FACTOR_COMPOSITE,30
2023-08-07,1.6155440989772198,O2,FACTOR_COMPOSITE,30
2023-08-08,1.602312541658724,O2,FACTOR_COMPOSITE,30
2023-08-09,1.6008711026337665,O2,FACTOR_COMPOSITE,30
2023-08-10,1.5644702051778865,O2,FACTOR_COMPOSITE,30
2023-08-11,1.6361010793132515,O2,FACTOR_COMPOSITE,30
2023-08-14,1.625002788381657,O2,FACTOR_COMPOSITE,30
2023-08-15,1.6095481155788038,O2,FACTOR_COMPOSITE,30
2023-08-16,1.6173414903602448,O2,FACTOR_COMPOSITE,30
2023-08-17,1.6342356644208216,O2,FACTOR_COMPOSITE,30
2023-08-18,1.5757748316122508,O2,FACTOR_COMPOSITE,30
2023-08-21,1.6365206342118344,O2,FACTOR_COMPOSITE,30
2023-08-22,1.6813853483765149,O2,FACTOR_COMPOSITE,30
2023-08-23,1.638896264935879,O2,FACTOR_COMPOSITE,30
2023-08-24,1.5869204181232066,O2,FACTOR_COMPOSITE,30
2023-08-25,1.6314324752135767,O2,FACTOR_COMPOSITE,30
2023-08-28,1.6535336449237428,O2,FACTOR_COMPOSITE,30
2023-08-29,1.6532308043137223,O2,FACTOR_COMPOSITE,30
2023-08-31,1.7074531384617178,O2,FACTOR_COMPOSITE,30
2023-09-01,1.7178011885430258,O2,FACTOR_COMPOSITE,30
2023-09-04,1.7226188832737495,O2,FACTOR_COMPOSITE,30
2023-09-05,1.7393375600480296,O2,FACTOR_COMPOSITE,30
2023-09-06,1.7426668618117225,O2,FACTOR_COMPOSITE,30
2023-09-07,1.7956502901695108,O2,FACTOR_COMPOSITE,30
2023-09-08,1.8016968011994876,O2,FACTOR_COMPOSITE,30
2023-09-11,1.7831580036885553,O2,FACTOR_COMPOSITE,30
2023-09-12,1.8192328447652215,O2,FACTOR_COMPOSITE,30
2023-09-13,1.8044696975625765,O2,FACTOR_COMPOSITE,30
2023-09-14,1.8129085462076029,O2,FACTOR_COMPOSITE,30
2023-09-15,1.7627567812389393,O2,FACTOR_COMPOSITE,30
2023-09-18,1.6911715800684404,O2,FACTOR_COMPOSITE,30
2023-09-19,1.7117356548233258,O2,FACTOR_COMPOSITE,30
2023-09-20,1.7239623667182895,O2,FACTOR_COMPOSITE,30
2023-09-21,1.8029485501464704,O2,FACTOR_COMPOSITE,30
2023-09-22,1.8293346053967845,O2,FACTOR_COMPOSITE,30
2023-09-25,1.8876029919648531,O2,FACTOR_COMPOSITE,30
2023-09-26,1.8525857463922626,O2,FACTOR_COMPOSITE,30
2023-09-27,1.8930223766333008,O2,FACTOR_COMPOSITE,30
2023-09-28,1.8782553874176569,O2,FACTOR_COMPOSITE,30
2023-09-29,1.8787766115754723,O2,FACTOR_COMPOSITE,30
2023-10-02,1.893818168027988,O2,FACTOR_COMPOSITE,30
2023-10-03,1.9296604976255665,O2,FACTOR_COMPOSITE,30
2023-10-04,1.9046657087409127,O2,FACTOR_COMPOSITE,30
2023-10-05,1.9182968684874115,O2,FACTOR_COMPOSITE,30
2023-10-06,1.93438801233805,O2,FACTOR_COMPOSITE,30
2023-10-09,1.8471364248595301,O2,FACTOR_COMPOSITE,30
2023-10-10,1.9197662218140026,O2,FACTOR_COMPOSITE,30
2023-10-11,1.872213528835083,O2,FACTOR_COMPOSITE,30
2023-10-12,1.847208975879562,O2,FACTOR_COMPOSITE,30
2023-10-13,1.8064346714866704,O2,FACTOR_COMPOSITE,30
2023-10-16,1.7815396141143514,O2,FACTOR_COMPOSITE,30
2023-10-17,1.815487830347153,O2,FACTOR_COMPOSITE,30
2023-10-18,1.788318986705482,O2,FACTOR_COMPOSITE,30
2023-10-19,1.7771469921700742,O2,FACTOR_COMPOSITE,30
2023-10-20,1.6989080135739028,O2,FACTOR_COMPOSITE,30
2023-10-23,1.7621167114705716,O2,FACTOR_COMPOSITE,30
2023-10-24,1.82616668740323,O2,FACTOR_COMPOSITE,30
2023-10-25,1.7138570641276756,O2,FACTOR_COMPOSITE,30
2023-10-26,1.766227680503805,O2,FACTOR_COMPOSITE,30
2023-10-27,1.782630461063489,O2,FACTOR_COMPOSITE,30
2023-10-30,1.770810663882211,O2,FACTOR_COMPOSITE,30
2023-02-02,1.0,O2,FACTOR_COMPOSITE,50
2023-02-03,1.0555783275611101,O2,FACTOR_COMPOSITE,50
2023-02-06,1.0375720960018573,O2,FACTOR_COMPOSITE,50
2023-02-07,0.9460460190291211,O2,FACTOR_COMPOSITE,50
2023-02-08,0.8796301046818862,O2,FACTOR_COMPOSITE,50
2023-02-15,1.0370980718799863,O2,FACTOR_COMPOSITE,50
2023-02-16,1.0363813081744437,O2,FACTOR_COMPOSITE,50
2023-02-17,1.0310264619161573,O2,FACTOR_COMPOSITE,50
2023-02-20,1.062133956602533,O2,FACTOR_COMPOSITE,50
2023-02-21,1.061790738680656,O2,FACTOR_COMPOSITE,50
2023-02-22,1.042092095917876,O2,FACTOR_COMPOSITE,50
2023-02-23,1.047588065923138,O2,FACTOR_COMPOSITE,50
2023-02-24,1.0491346975582267,O2,FACTOR_COMPOSITE,50
2023-02-27,1.0588558541284467,O2,FACTOR_COMPOSITE,50
2023-02-28,1.0603087767066115,O2,FACTOR_COMPOSITE,50
2023-03-01,1.0661849768604572,O2,FACTOR_COMPOSITE,50
2023-03-02,1.0473907411022432,O2,FACTOR_COMPOSITE,50
2023-03-03,1.0338704279196067,O2,FACTOR_COMPOSITE,50
2023-03-06,1.0668286520888444,O2,FACTOR_COMPOSITE,50
2023-03-07,1.0716942000188354,O2,FACTOR_COMPOSITE,50
2023-03-08,1.056003818260219,O2,FACTOR_COMPOSITE,50
2023-03-09,1.0539247012958886,O2,FACTOR_COMPOSITE,50
2023-03-10,1.0438227884722302,O2,FACTOR_COMPOSITE,50
2023-03-13,1.031017098676024,O2,FACTOR_COMPOSITE,50
2023-03-14,1.0120112594090707,O2,FACTOR_COMPOSITE,50
2023-03-15,1.00732318452686,O2,FACTOR_COMPOSITE,50
2023-03-16,1.0242145010936914,O2,FACTOR_COMPOSITE,50
2023-03-17,1.012960941165223,O2,FACTOR_COMPOSITE,50
2023-03-20,0.9781471803231626,O2,FACTOR_COMPOSITE,50
2023-03-21,0.9713746063544382,O2,FACTOR_COMPOSITE,50
2023-03-22,0.9832992111720389,O2,FACTOR_COMPOSITE,50
2023-03-23,0.9879345548287574,O2,FACTOR_COMPOSITE,50
2023-03-24,0.9840310902567647,O2,FACTOR_COMPOSITE,50
2023-03-27,0.9762558669227406,O2,FACTOR_COMPOSITE,50
2023-03-28,0.9402549602223574,O2,FACTOR_COMPOSITE,50
2023-03-29,0.9536180367514023,O2,FACTOR_COMPOSITE,50
2023-03-30,0.950383744728615,O2,FACTOR_COMPOSITE,50
2023-03-31,0.9335279061357061,O2,FACTOR_COMPOSITE,50
2023-04-03,0.944923742174802,O2,FACTOR_COMPOSITE,50
2023-04-04,0.9835235582959483,O2,FACTOR_COMPOSITE,50
2023-04-05,0.9729681382793106,O2,FACTOR_COMPOSITE,50
2023-04-06,0.9696822880517912,O2,FACTOR_COMPOSITE,50
2023-04-07,0.9797897203516646,O2,FACTOR_COMPOSITE,50
2023-04-10,1.013862593236452,O2,FACTOR_COMPOSITE,50
2023-04-11,1.0170339274184272,O2,FACTOR_COMPOSITE,50
2023-04-12,1.017702139381536,O2,FACTOR_COMPOSITE,50
2023-04-13,1.017360673614468,O2,FACTOR_COMPOSITE,50
2023-04-14,1.001640331528185,O2,FACTOR_COMPOSITE,50
2023-04-17,0.9933613778428092,O2,FACTOR_COMPOSITE,50
2023-04-18,0.9874297176072983,O2,FACTOR_COMPOSITE,50
2023-04-19,0.9896818876627406,O2,FACTOR_COMPOSITE,50
2023-04-20,0.9842095722526455,O2,FACTOR_COMPOSITE,50
2023-04-24,0.9911327168955383,O2,FACTOR_COMPOSITE,50
2023-04-25,0.9637376203201774,O2,FACTOR_COMPOSITE,50
2023-04-26,0.9371424810855886,O2,FACTOR_COMPOSITE,50
2023-04-27,0.9346543711734235,O2,FACTOR_COMPOSITE,50
2023-04-28,0.9104977621076558,O2,FACTOR_COMPOSITE,50
2023-05-02,0.883443084419254,O2,FACTOR_COMPOSITE,50
2023-05-03,0.8772537113682651,O2,FACTOR_COMPOSITE,50
2023-05-04,0.8770168809409865,O2,FACTOR_COMPOSITE,50
2023-05-05,0.8695765620676806,O2,FACTOR_COMPOSITE,50
2023-05-08,0.8897720367939023,O2,FACTOR_COMPOSITE,50
2023-05-09,0.9039236091304844,O2,FACTOR_COMPOSITE,50
2023-05-10,0.8997568798283866,O2,FACTOR_COMPOSITE,50
2023-05-11,0.9744684004450814,O2,FACTOR_COMPOSITE,50
2023-05-12,0.9611631220332886,O2,FACTOR_COMPOSITE,50
2023-05-15,0.8875935821513732,O2,FACTOR_COMPOSITE,50
2023-05-16,0.8742009913394961,O2,FACTOR_COMPOSITE,50
2023-05-17,0.8882905263344951,O2,FACTOR_COMPOSITE,50
2023-05-18,0.8679800721844009,O2,FACTOR_COMPOSITE,50
2023-05-22,0.8451055773791161,O2,FACTOR_COMPOSITE,50
2023-05-23,0.8438851383961509,O2,FACTOR_COMPOSITE,50
2023-05-24,0.8389651175893067,O2,FACTOR_COMPOSITE,50
2023-05-25,0.8432183913453113,O2,FACTOR_COMPOSITE,50
2023-05-26,0.860956663302574,O2,FACTOR_COMPOSITE,50
2023-05-29,0.878099250793222,O2,FACTOR_COMPOSITE,50
2023-05-30,0.9125706497720684,O2,FACTOR_COMPOSITE,50
2023-05-31,0.9093419762441474,O2,FACTOR_COMPOSITE,50
2023-06-01,0.932029951955444,O2,FACTOR_COMPOSITE,50
2023-06-02,0.9485921183083923,O2,FACTOR_COMPOSITE,50
2023-06-05,0.9912325882632648,O2,FACTOR_COMPOSITE,50
2023-06-06,0.9940674863307354,O2,FACTOR_COMPOSITE,50
2023-06-07,1.0116744481316633,O2,FACTOR_COMPOSITE,50
2023-06-08,1.0187291414143425,O2,FACTOR_COMPOSITE,50
2023-06-09,1.0168902693607396,O2,FACTOR_COMPOSITE,50
2023-06-12,1.0092811318465513,O2,FACTOR_COMPOSITE,50
2023-06-13,0.9932534621222497,O2,FACTOR_COMPOSITE,50
2023-06-14,0.9857282303554185,O2,FACTOR_COMPOSITE,50
2023-06-15,1.008876955121862,O2,FACTOR_COMPOSITE,50
2023-06-16,1.0100394045190217,O2,FACTOR_COMPOSITE,50
2023-06-19,0.9850433667681545,O2,FACTOR_COMPOSITE,50
2023-06-20,0.9887410545912043,O2,FACTOR_COMPOSITE,50
2023-06-21,0.9808200363567864,O2,FACTOR_COMPOSITE,50
2023-06-22,1.015053134009103,O2,FACTOR_COMPOSITE,50
2023-06-23,1.0411221240317443,O2,FACTOR_COMPOSITE,50
2023-06-26,1.0582254917839362,O2,FACTOR_COMPOSITE,50
2023-06-27,1.0614705359164653,O2,FACTOR_COMPOSITE,50
2023-07-03,1.0968779642383562,O2,FACTOR_COMPOSITE,50
2023-07-04,1.0948451060374162,O2,FACTOR_COMPOSITE,50
2023-07-05,1.1153599743274856,O2,FACTOR_COMPOSITE,50
2023-07-06,1.1239936065377139,O2,FACTOR_COMPOSITE,50
2023-07-07,1.1344586299227575,O2,FACTOR_COMPOSITE,50
2023-07-10,1.1566185871276382,O2,FACTOR_COMPOSITE,50
2023-07-11,1.168238880630064,O2,FACTOR_COMPOSITE,50
2023-07-12,1.1734564757369528,O2,FACTOR_COMPOSITE,50
2023-07-13,1.1962122704473244,O2,FACTOR_COMPOSITE,50
2023-07-14,1.21562820179649,O2,FACTOR_COMPOSITE,50
2023-07-17,1.2460089244180639,O2,FACTOR_COMPOSITE,50
2023-07-18,1.2090149709902187,O2,FACTOR_COMPOSITE,50
2023-07-19,1.254191444754837,O2,FACTOR_COMPOSITE,50
2023-07-20,1.2927298161439087,O2,FACTOR_COMPOSITE,50
2023-07-21,1.3199902814531685,O2,FACTOR_COMPOSITE,50
2023-07-24,1.328678193978179,O2,FACTOR_COMPOSITE,50
2023-07-25,1.3310441036554677,O2,FACTOR_COMPOSITE,50
2023-07-26,1.341738886847117,O2,FACTOR_COMPOSITE,50
2023-07-27,1.3845390601152112,O2,FACTOR_COMPOSITE,50
2023-07-28,1.4286163316254286,O2,FACTOR_COMPOSITE,50
2023-07-31,1.4574579361395588,O2,FACTOR_COMPOSITE,50
2023-08-01,1.4598052548697844,O2,FACTOR_COMPOSITE,50
2023-08-02,1.4896619259736084,O2,FACTOR_COMPOSITE,50
2023-08-03,1.5303939784260066,O2,FACTOR_COMPOSITE,50
2023-08-04,1.5467394368419474,O2,FACTOR_COMPOSITE,50
2023-08-07,1.604217106814767,O2,FACTOR_COMPOSITE,50
2023-08-08,1.5910428791116333,O2,FACTOR_COMPOSITE,50
2023-08-09,1.5896076855453831,O2,FACTOR_COMPOSITE,50
2023-08-10,1.5533645056884045,O2,FACTOR_COMPOSITE,50
2023-08-11,1.6246850179847656,O2,FACTOR_COMPOSITE,50
2023-08-14,1.6136348136642154,O2,FACTOR_COMPOSITE,50
2023-08-15,1.598247102778695,O2,FACTOR_COMPOSITE,50
2023-08-16,1.6060067104707572,O2,FACTOR_COMPOSITE,50
2023-08-17,1.6228276855512405,O2,FACTOR_COMPOSITE,50
2023-08-18,1.5646201515024463,O2,FACTOR_COMPOSITE,50
2023-08-21,1.6251027550382995,O2,FACTOR_COMPOSITE,50
2023-08-22,1.6697730796277779,O2,FACTOR_COMPOSITE,50
2023-08-23,1.627468092643222,O2,FACTOR_COMPOSITE,50
2023-08-24,1.5757174464803434,O2,FACTOR_COMPOSITE,50
2023-08-25,1.6200366419860521,O2,FACTOR_COMPOSITE,50
2023-08-28,1.6420420518753556,O2,FACTOR_COMPOSITE,50
2023-08-29,1.6417405234113869,O2,FACTOR_COMPOSITE,50
2023-08-31,1.6957279233421974,O2,FACTOR_COMPOSITE,50
2023-09-01,1.7060311374516974,O2,FACTOR_COMPOSITE,50
2023-09-04,1.7108279581024315,O2,FACTOR_COMPOSITE,50
2023-09-05,1.7274741962902502,O2,FACTOR_COMPOSITE,50
2023-09-06,1.730789072874431,O2,FACTOR_COMPOSITE,50
2023-09-07,1.783542934938909,O2,FACTOR_COMPOSITE,50
2023-09-08,1.7895632476807104,O2,FACTOR_COMPOSITE,50
2023-09-11,1.7711047749648878,O2,FACTOR_COMPOSITE,50
2023-09-12,1.807023311177855,O2,FACTOR_COMPOSITE,50
2023-09-13,1.7923241296544037,O2,FACTOR_COMPOSITE,50
2023-09-14,1.8007264145046116,O2,FACTOR_COMPOSITE,50
2023-09-15,1.7507919468144313,O2,FACTOR_COMPOSITE,50
2023-09-18,1.6795169095913773,O2,FACTOR_COMPOSITE,50
2023-09-19,1.6999918844415727,O2,FACTOR_COMPOSITE,50
2023-09-20,1.7121656205096387,O2,FACTOR_COMPOSITE,50
2023-09-21,1.7908095730570635,O2,FACTOR_COMPOSITE,50
2023-09-22,1.8170813029591195,O2,FACTOR_COMPOSITE,50
2023-09-25,1.8750972245973747,O2,FACTOR_COMPOSITE,50
2023-09-26,1.840231701544772,O2,FACTOR_COMPOSITE,50
2023-09-27,1.8804931281871358,O2,FACTOR_COMPOSITE,50
2023-09-28,1.8657901212973367,O2,FACTOR_COMPOSITE,50
2023-09-29,1.8663090870981225,O2,FACTOR_COMPOSITE,50
2023-10-02,1.88128547158145,O2,FACTOR_COMPOSITE,50
2023-10-03,1.9169725037397278,O2,FACTOR_COMPOSITE,50
2023-10-04,1.8920860121324337,O2,FACTOR_COMPOSITE,50
2023-10-05,1.9056581108684707,O2,FACTOR_COMPOSITE,50
2023-10-06,1.921679535103686,O2,FACTOR_COMPOSITE,50
2023-10-09,1.8348059908009993,O2,FACTOR_COMPOSITE,50
2023-10-10,1.9071210977894293,O2,FACTOR_COMPOSITE,50
2023-10-11,1.8597744408448407,O2,FACTOR_COMPOSITE,50
2023-10-12,1.8348782274723896,O2,FACTOR_COMPOSITE,50
2023-10-13,1.7942805897507936,O2,FACTOR_COMPOSITE,50
2023-10-16,1.769493397539712,O2,FACTOR_COMPOSITE,50
2023-10-17,1.8032945231366941,O2,FACTOR_COMPOSITE,50
2023-10-18,1.7762433965043156,O2,FACTOR_COMPOSITE,50
2023-10-19,1.7651198079225021,O2,FACTOR_COMPOSITE,50
2023-10-20,1.6872198227222934,O2,FACTOR_COMPOSITE,50
2023-10-23,1.7501546503366705,O2,FACTOR_COMPOSITE,50
2023-10-24,1.8139271109024067,O2,FACTOR_COMPOSITE,50
2023-10-25,1.7021041021159031,O2,FACTOR_COMPOSITE,50
2023-10-26,1.7542478073869476,O2,FACTOR_COMPOSITE,50
2023-10-27,1.7705795180734696,O2,FACTOR_COMPOSITE,50
2023-10-30,1.7588109336413607,O2,FACTOR_COMPOSITE,50
2023-02-02,1.0,O2,FACTOR_COMPOSITE,100
2023-02-03,1.0505783275611102,O2,FACTOR_COMPOSITE,100
2023-02-06,1.0325720960018574,O2,FACTOR_COMPOSITE,100
2023-02-07,0.941046019029121,O2,FACTOR_COMPOSITE,100
2023-02-08,0.8746301046818863,O2,FACTOR_COMPOSITE,100
2023-02-15,1.0320980718799864,O2,FACTOR_COMPOSITE,100
2023-02-16,1.0313813081744436,O2,FACTOR_COMPOSITE,100
2023-02-17,1.0260264619161572,O2,FACTOR_COMPOSITE,100
2023-02-20,1.0571339566025328,O2,FACTOR_COMPOSITE,100
2023-02-21,1.056790738680656,O2,FACTOR_COMPOSITE,100
2023-02-22,1.0370920959178762,O2,FACTOR_COMPOSITE,100
2023-02-23,1.0425880659231381,O2,FACTOR_COMPOSITE,100
2023-02-24,1.0441346975582266,O2,FACTOR_COMPOSITE,100
2023-02-27,1.0538558541284468,O2,FACTOR_COMPOSITE,100
2023-02-28,1.0553087767066114,O2,FACTOR_COMPOSITE,100
2023-03-01,1.0611849768604573,O2,FACTOR_COMPOSITE,100
2023-03-02,1.0423907411022433,O2,FACTOR_COMPOSITE,100
2023-03-03,1.0288704279196066,O2,FACTOR_COMPOSITE,100
2023-03-06,1.0618286520888445,O2,FACTOR_COMPOSITE,100
2023-03-07,1.0666942000188353,O2,FACTOR_COMPOSITE,100
2023-03-08,1.051003818260219,O2,FACTOR_COMPOSITE,100
2023-03-09,1.0489247012958884,O2,FACTOR_COMPOSITE,100
2023-03-10,1.0388227884722303,O2,FACTOR_COMPOSITE,100
2023-03-13,1.026017098676024,O2,FACTOR_COMPOSITE,100
2023-03-14,1.0070112594090708,O2,FACTOR_COMPOSITE,100
2023-03-15,1.0023231845268599,O2,FACTOR_COMPOSITE,100
2023-03-16,1.0192145010936913,O2,FACTOR_COMPOSITE,100
2023-03-17,1.007960941165223,O2,FACTOR_COMPOSITE,100
2023-03-20,0.9731471803231627,O2,FACTOR_COMPOSITE,100
2023-03-21,0.9663746063544381,O2,FACTOR_COMPOSITE,100
2023-03-22,0.9782992111720388,O2,FACTOR_COMPOSITE,100
2023-03-23,0.9829345548287575,O2,FACTOR_COMPOSITE,100
2023-03-24,0.9790310902567647,O2,FACTOR_COMPOSITE,100
2023-03-27,0.9712558669227405,O2,FACTOR_COMPOSITE,100
2023-03-28,0.9352549602223575,O2,FACTOR_COMPOSITE,100
2023-03-29,0.9486180367514024,O2,FACTOR_COMPOSITE,100
2023-03-30,0.945383744728615,O2,FACTOR_COMPOSITE,100
2023-03-31,0.9285279061357061,O2,FACTOR_COMPOSITE,100
2023-04-03,0.939923742174802,O2,FACTOR_COMPOSITE,100
2023-04-04,0.9785235582959482,O2,FACTOR_COMPOSITE,100
2023-04-05,0.9679681382793106,O2,FACTOR_COMPOSITE,100
2023-04-06,0.9646822880517913,O2,FACTOR_COMPOSITE,100
2023-04-07,0.9747897203516646,O2,FACTOR_COMPOSITE,100
2023-04-10,1.008862593236452,O2,FACTOR_COMPOSITE,100
2023-04-11,1.0120339274184273,O2,FACTOR_COMPOSITE,100
2023-04-12,1.012702139381536,O2,FACTOR_COMPOSITE,100
2023-04-13,1.0123606736144681,O2,FACTOR_COMPOSITE,100
2023-04-14,0.9966403315281851,O2,FACTOR_COMPOSITE,100
2023-04-17,0.9883613778428093,O2,FACTOR_COMPOSITE,100
2023-04-18,0.9824297176072984,O2,FACTOR_COMPOSITE,100
2023-04-19,0.9846818876627406,O2,FACTOR_COMPOSITE,100
2023-04-20,0.9792095722526455,O2,FACTOR_COMPOSITE,100
2023-04-24,0.9861327168955383,O2,FACTOR_COMPOSITE,100
2023-04-25,0.9587376203201774,O2,FACTOR_COMPOSITE,100
2023-04-26,0.9321424810855886,O2,FACTOR_COMPOSITE,100
2023-04-27,0.9296543711734235,O2,FACTOR_COMPOSITE,100
2023-04-28,0.9054977621076558,O2,FACTOR_COMPOSITE,100
2023-05-02,0.8784430844192541,O2,FACTOR_COMPOSITE,100
2023-05-03,0.8722537113682652,O2,FACTOR_COMPOSITE,100
2023-05-04,0.8720168809409864,O2,FACTOR_COMPOSITE,100
2023-05-05,0.8645765620676807,O2,FACTOR_COMPOSITE,100
2023-05-08,0.8767887312176592,O2,FACTOR_COMPOSITE,100
2023-05-09,0.890859255178578,O2,FACTOR_COMPOSITE,100
2023-05-10,0.8867163894185468,O2,FACTOR_COMPOSITE,100
2023-05-11,0.9610000249038002,O2,FACTOR_COMPOSITE,100
2023-05-12,0.9477709480035694,O2,FACTOR_COMPOSITE,100
2023-05-15,0.8746227529421396,O2,FACTOR_COMPOSITE,100
2023-05-16,0.8613068636942597,O2,FACTOR_COMPOSITE,100
2023-05-17,0.8753157056116244,O2,FACTOR_COMPOSITE,100
2023-05-18,0.8551215727634112,O2,FACTOR_COMPOSITE,100
2023-05-22,0.8323780839413485,O2,FACTOR_COMPOSITE,100
2023-05-23,0.8311646346125937,O2,FACTOR_COMPOSITE,100
2023-05-24,0.8262727915718057,O2,FACTOR_COMPOSITE,100
2023-05-25,0.8305017061314626,O2,FACTOR_COMPOSITE,100
2023-05-26,0.8481383880961065,O2,FACTOR_COMPOSITE,100
2023-05-29,0.8651827971767698,O2,FACTOR_COMPOSITE,100
2023-05-30,0.899456772800272,O2,FACTOR_COMPOSITE,100
2023-05-31,0.8962465904151555,O2,FACTOR_COMPOSITE,100
2023-06-01,0.9188046283686709,O2,FACTOR_COMPOSITE,100
2023-06-02,0.9352719404786805,O2,FACTOR_COMPOSITE,100
2023-06-05,0.9776682014689819,O2,FACTOR_COMPOSITE,100
2023-06-06,0.9804868636102898,O2,FACTOR_COMPOSITE,100
2023-06-07,0.9979929874533998,O2,FACTOR_COMPOSITE,100
2023-06-08,1.0050072773506622,O2,FACTOR_COMPOSITE,100
2023-06-09,1.0031789368188897,O2,FACTOR_COMPOSITE,100
2023-06-12,0.9956133780831622,O2,FACTOR_COMPOSITE,100
2023-06-13,0.9796775014519483,O2,FACTOR_COMPOSITE,100
2023-06-14,0.9721953679216017,O2,FACTOR_COMPOSITE,100
2023-06-15,0.995211516144861,O2,FACTOR_COMPOSITE,100
2023-06-16,0.9963673080036786,O2,FACTOR_COMPOSITE,100
2023-06-19,0.9715144266604211,O2,FACTOR_COMPOSITE,100
2023-06-20,0.9751909372188786,O2,FACTOR_COMPOSITE,100
2023-06-21,0.9673152839549555,O2,FACTOR_COMPOSITE,100
2023-06-22,1.0013523230427066,O2,FACTOR_COMPOSITE,100
2023-06-23,1.027272011684111,O2,FACTOR_COMPOSITE,100
2023-06-26,1.0442774256441925,O2,FACTOR_COMPOSITE,100
2023-06-27,1.0475038848767797,O2,FACTOR_COMPOSITE,100
2023-07-03,1.0827085290497676,O2,FACTOR_COMPOSITE,100
2023-07-04,1.080687313361138,O2,FACTOR_COMPOSITE,100
2023-07-05,1.1010846896360222,O2,FACTOR_COMPOSITE,100
2023-07-06,1.1096688756186464,O2,FACTOR_COMPOSITE,100
2023-07-07,1.1200739640984743,O2,FACTOR_COMPOSITE,100
2023-07-10,1.1421070075941566,O2,FACTOR_COMPOSITE,100
2023-07-11,1.1536607497699378,O2,FACTOR_COMPOSITE,100
2023-07-12,1.158848462853951,O2,FACTOR_COMPOSITE,100
2023-07-13,1.1814739313960112,O2,FACTOR_COMPOSITE,100
2023-07-14,1.200778664522081,O2,FACTOR_COMPOSITE,100
2023-07-17,1.2309853917626892,O2,FACTOR_COMPOSITE,100
2023-07-18,1.194203308773223,O2,FACTOR_COMPOSITE,100
2023-07-19,1.2391210494635403,O2,FACTOR_COMPOSITE,100
2023-07-20,1.277438705279281,O2,FACTOR_COMPOSITE,100
2023-07-21,1.304543045432933,O2,FACTOR_COMPOSITE,100
2023-07-24,1.3131812008580739,O2,FACTOR_COMPOSITE,100
2023-07-25,1.3155335605826264,O2,FACTOR_COMPOSITE,100
2023-07-26,1.3261670929969664,O2,FACTOR_COMPOSITE,100
2023-07-27,1.3687221426534226,O2,FACTOR_COMPOSITE,100
2023-07-28,1.4125469764009222,O2,FACTOR_COMPOSITE,100
2023-07-31,1.4412234003159077,O2,FACTOR_COMPOSITE,100
2023-08-01,1.4435572755667994,O2,FACTOR_COMPOSITE,100
2023-08-02,1.4732429526186455,O2,FACTOR_COMPOSITE,100
2023-08-03,1.5137417259264938,O2,FACTOR_COMPOSITE,100
2023-08-04,1.5191842474792527,O2,FACTOR_COMPOSITE,100
2023-08-07,1.5760376583351388,O2,FACTOR_COMPOSITE,100
2023-08-08,1.5630065145767114,O2,FACTOR_COMPOSITE,100
2023-08-09,1.5615869085015464,O2,FACTOR_COMPOSITE,100
2023-08-10,1.5257373621280248,O2,FACTOR_COMPOSITE,100
2023-08-11,1.5962832696074807,O2,FACTOR_COMPOSITE,100
2023-08-14,1.5853530804301048,O2,FACTOR_COMPOSITE,100
2023-08-15,1.570132493904593,O2,FACTOR_COMPOSITE,100
2023-08-16,1.5778078252881709,O2,FACTOR_COMPOSITE,100
2023-08-17,1.5944461094722646,O2,FACTOR_COMPOSITE,100
2023-08-18,1.536870761519765,O2,FACTOR_COMPOSITE,100
2023-08-21,1.596696469661441,O2,FACTOR_COMPOSITE,100
2023-08-22,1.6408816344071997,O2,FACTOR_COMPOSITE,100
2023-08-23,1.5990361175756507,O2,FACTOR_COMPOSITE,100
2023-08-24,1.547847529907657,O2,FACTOR_COMPOSITE,100
2023-08-25,1.5916853791468468,O2,FACTOR_COMPOSITE,100
2023-08-28,1.6134517905215662,O2,FACTOR_COMPOSITE,100
2023-08-29,1.6131535369275205,O2,FACTOR_COMPOSITE,100
2023-08-31,1.6665545852086845,O2,FACTOR_COMPOSITE,100
2023-09-01,1.6767458971595786,O2,FACTOR_COMPOSITE,100
2023-09-04,1.6814906200299935,O2,FACTOR_COMPOSITE,100
2023-09-05,1.6979560651210093,O2,FACTOR_COMPOSITE,100
2023-09-06,1.7012349391683759,O2,FACTOR_COMPOSITE,100
2023-09-07,1.7534158469122831,O2,FACTOR_COMPOSITE,100
2023-09-08,1.7593707736508308,O2,FACTOR_COMPOSITE,100
2023-09-11,1.741112776526364,O2,FACTOR_COMPOSITE,100
2023-09-12,1.7766412051774123,O2,FACTOR_COMPOSITE,100
2023-09-13,1.7621016699667258,O2,FACTOR_COMPOSITE,100
2023-09-14,1.7704126984573199,O2,FACTOR_COMPOSITE,100
2023-09-15,1.7210205639326905,O2,FACTOR_COMPOSITE,100
2023-09-18,1.6505196376264042,O2,FACTOR_COMPOSITE,100
2023-09-19,1.6707722358610324,O2,FACTOR_COMPOSITE,100
2023-09-20,1.682813754222096,O2,FACTOR_COMPOSITE,100
2023-09-21,1.7606035628142649,O2,FACTOR_COMPOSITE,100
2023-09-22,1.786589958134791,O2,FACTOR_COMPOSITE,100
2023-09-25,1.8439757747596184,O2,FACTOR_COMPOSITE,100
2023-09-26,1.8094889226002961,O2,FACTOR_COMPOSITE,100
2023-09-27,1.8493130739903016,O2,FACTOR_COMPOSITE,100
2023-09-28,1.8347697549601825,O2,FACTOR_COMPOSITE,100
2023-09-29,1.8352830843262855,O2,FACTOR_COMPOSITE,100
2023-10-02,1.8500968118237462,O2,FACTOR_COMPOSITE,100
2023-10-03,1.8853962507620534,O2,FACTOR_COMPOSITE,100
2023-10-04,1.8607800488043176,O2,FACTOR_COMPOSITE,100
2023-10-05,1.8742047423589006,O2,FACTOR_COMPOSITE,100
2023-10-06,1.890052159537987,O2,FACTOR_COMPOSITE,100
2023-10-09,1.8041221399480631,O2,FACTOR_COMPOSITE,100
2023-10-10,1.8756518399279805,O2,FACTOR_COMPOSITE,100
2023-10-11,1.8288194102001183,O2,FACTOR_COMPOSITE,100
2023-10-12,1.8041935920643257,O2,FACTOR_COMPOSITE,100
2023-10-13,1.7640368811493605,O2,FACTOR_COMPOSITE,100
2023-10-16,1.7395189001072127,O2,FACTOR_COMPOSITE,100
2023-10-17,1.7729529151232244,O2,FACTOR_COMPOSITE,100
2023-10-18,1.7461955880208475,O2,FACTOR_COMPOSITE,100
2023-10-19,1.735192811601192,O2,FACTOR_COMPOSITE,100
2023-10-20,1.658138890202687,O2,FACTOR_COMPOSITE,100
2023-10-23,1.720390189067038,O2,FACTOR_COMPOSITE,100
2023-10-24,1.7834700234366125,O2,FACTOR_COMPOSITE,100
2023-10-25,1.6728615129544246,O2,FACTOR_COMPOSITE,100
2023-10-26,1.724438890755661,O2,FACTOR_COMPOSITE,100
2023-10-27,1.7405932243965228,O2,FACTOR_COMPOSITE,100
2023-10-30,1.7289524573607802,O2,FACTOR_COMPOSITE,100
2023-02-02,1.0,O2,RIDGE,0
2023-02-03,1.0432611121214497,O2,RIDGE,0
2023-02-06,1.0218824701141687,O2,RIDGE,0
2023-02-07,0.924515945164154,O2,RIDGE,0
2023-02-08,0.8459560329290312,O2,RIDGE,0
2023-02-15,1.0079879792325057,O2,RIDGE,0
2023-02-16,0.9948732593760689,O2,RIDGE,0
2023-02-17,1.002904014564491,O2,RIDGE,0
2023-02-20,1.053378384611114,O2,RIDGE,0
2023-02-21,1.0476317519461056,O2,RIDGE,0
2023-02-22,1.0394805670826328,O2,RIDGE,0
2023-02-23,1.0754305410902332,O2,RIDGE,0
2023-02-24,1.0663123837970316,O2,RIDGE,0
2023-02-27,1.0746023940432547,O2,RIDGE,0
2023-02-28,1.0824035934712637,O2,RIDGE,0
2023-03-01,1.0992693927062995,O2,RIDGE,0
2023-03-02,1.0863786742380024,O2,RIDGE,0
2023-03-03,1.0591032141760042,O2,RIDGE,0
2023-03-06,1.0891328028497975,O2,RIDGE,0
2023-03-07,1.0898325796442223,O2,RIDGE,0
2023-03-08,1.06476516862112,O2,RIDGE,0
2023-03-09,1.0695014393682052,O2,RIDGE,0
2023-03-10,1.0617064970366916,O2,RIDGE,0
2023-03-13,1.0368632387684003,O2,RIDGE,0
2023-03-14,1.0013851689611895,O2,RIDGE,0
2023-03-15,0.9776155236227684,O2,RIDGE,0
2023-03-16,1.000959958892274,O2,RIDGE,0
2023-03-17,1.0033386078018554,O2,RIDGE,0
2023-03-20,0.9684812407712421,O2,RIDGE,0
2023-03-21,0.9560921822439701,O2,RIDGE,0
2023-03-22,0.9695321551037105,O2,RIDGE,0
2023-03-23,0.9876042965800468,O2,RIDGE,0
2023-03-24,0.9756453148236398,O2,RIDGE,0
2023-03-27,0.959694593566749,O2,RIDGE,0
2023-03-28,0.904020105561981,O2,RIDGE,0
2023-03-29,0.9165306734024734,O2,RIDGE,0
2023-03-30,0.9106547740921888,O2,RIDGE,0
2023-03-31,0.8859052008824942,O2,RIDGE,0
2023-04-03,0.8858327470288275,O2,RIDGE,0
2023-04-04,0.9139312999062955,O2,RIDGE,0
2023-04-05,0.9056484922149938,O2,RIDGE,0
2023-04-06,0.9096318425186506,O2,RIDGE,0
2023-04-07,0.932386310195876,O2,RIDGE,0
2023-04-10,0.9914571717328109,O2,RIDGE,0
2023-04-11,1.0012123571224107,O2,RIDGE,0
2023-04-12,0.9877800887167162,O2,RIDGE,0
2023-04-13,0.9988285938437808,O2,RIDGE,0
2023-04-14,0.9853298634668404,O2,RIDGE,0
2023-04-17,0.972931174955354,O2,RIDGE,0
2023-04-18,0.961235068465045,O2,RIDGE,0
2023-04-19,0.9747844986339161,O2,RIDGE,0
2023-04-20,0.9587219646826276,O2,RIDGE,0
2023-04-24,0.9611158692158317,O2,RIDGE,0
2023-04-25,0.9379255272748681,O2,RIDGE,0
2023-04-26,0.9156438513255893,O2,RIDGE,0
2023-04-27,0.9258906934017107,O2,RIDGE,0
2023-04-28,0.8929114582635445,O2,RIDGE,0
2023-05-02,0.8446517680853234,O2,RIDGE,0
2023-05-03,0.8118816006270461,O2,RIDGE,0
2023-05-04,0.8184082167339983,O2,RIDGE,0
2023-05-05,0.8000232619045777,O2,RIDGE,0
2023-05-08,0.805735459295019,O2,RIDGE,0
2023-05-09,0.798139220794412,O2,RIDGE,0
2023-05-10,0.8004689646056145,O2,RIDGE,0
2023-05-11,0.8466657221308422,O2,RIDGE,0
2023-05-12,0.8297019216519594,O2,RIDGE,0
2023-05-15,0.805770713502543,O2,RIDGE,0
2023-05-16,0.8314335336039786,O2,RIDGE,0
2023-05-17,0.8636932702001566,O2,RIDGE,0
2023-05-18,0.8347229903063369,O2,RIDGE,0
2023-05-22,0.8417079558289249,O2,RIDGE,0
2023-05-23,0.8355036625249659,O2,RIDGE,0
2023-05-24,0.8364896358296853,O2,RIDGE,0
2023-05-25,0.8498991358385479,O2,RIDGE,0
2023-05-26,0.8704950580681031,O2,RIDGE,0
2023-05-29,0.9022506642661646,O2,RIDGE,0
2023-05-30,0.9194158156670111,O2,RIDGE,0
2023-05-31,0.9376248014961134,O2,RIDGE,0
2023-06-01,0.9609888600336237,O2,RIDGE,0
2023-06-02,0.980907730368646,O2,RIDGE,0
2023-06-05,1.0319106037245078,O2,RIDGE,0
2023-06-06,1.0139806310383006,O2,RIDGE,0
2023-06-07,1.0374953872057033,O2,RIDGE,0
2023-06-08,1.042648069780092,O2,RIDGE,0
2023-06-09,1.0649928625044036,O2,RIDGE,0
2023-06-12,1.0560964871428662,O2,RIDGE,0
2023-06-13,1.0093998081665623,O2,RIDGE,0
2023-06-14,1.015590666143605,O2,RIDGE,0
2023-06-15,1.0310101615245217,O2,RIDGE,0
2023-06-16,1.0299393973223754,O2,RIDGE,0
2023-06-19,0.9882483294705973,O2,RIDGE,0
2023-06-20,0.97578485472676,O2,RIDGE,0
2023-06-21,0.9622730836561323,O2,RIDGE,0
2023-06-22,1.006216328787982,O2,RIDGE,0
2023-06-23,1.034653678908714,O2,RIDGE,0
2023-06-26,1.0562377836016654,O2,RIDGE,0
2023-06-27,1.065774735796313,O2,RIDGE,0
2023-07-03,1.1105941630238823,O2,RIDGE,0
2023-07-04,1.1086085973697846,O2,RIDGE,0
2023-07-05,1.1194906458586489,O2,RIDGE,0
2023-07-06,1.1224368153465571,O2,RIDGE,0
2023-07-07,1.1440807944513331,O2,RIDGE,0
2023-07-10,1.1863812724582417,O2,RIDGE,0
2023-07-11,1.1873811961968612,O2,RIDGE,0
2023-07-12,1.1921763409015347,O2,RIDGE,0
2023-07-13,1.2163165049712825,O2,RIDGE,0
2023-07-14,1.240391871441512,O2,RIDGE,0
2023-07-17,1.2730452774335566,O2,RIDGE,0
2023-07-18,1.2194685223428123,O2,RIDGE,0
2023-07-19,1.2639091446564545,O2,RIDGE,0
2023-07-20,1.3119143589119937,O2,RIDGE,0
2023-07-21,1.3325875372529241,O2,RIDGE,0
2023-07-24,1.3784101100332602,O2,RIDGE,0
2023-07-25,1.3628332875719007,O2,RIDGE,0
2023-07-26,1.368629495428476,O2,RIDGE,0
2023-07-27,1.3834986771033984,O2,RIDGE,0
2023-07-28,1.4020886903520529,O2,RIDGE,0
2023-07-31,1.4439024897123809,O2,RIDGE,0
2023-08-01,1.4504877124510025,O2,RIDGE,0
2023-08-02,1.4797138374225836,O2,RIDGE,0
2023-08-03,1.544785225731484,O2,RIDGE,0
2023-08-04,1.577814549951002,O2,RIDGE,0
2023-08-07,1.6289070862481356,O2,RIDGE,0
2023-08-08,1.6392293278531973,O2,RIDGE,0
2023-08-09,1.6627296250972587,O2,RIDGE,0
2023-08-10,1.6549540556222055,O2,RIDGE,0
2023-08-11,1.7357519764018208,O2,RIDGE,0
2023-08-14,1.7443505386717173,O2,RIDGE,0
2023-08-15,1.7220540969246392,O2,RIDGE,0
2023-08-16,1.719739786139993,O2,RIDGE,0
2023-08-17,1.7317184462934407,O2,RIDGE,0
2023-08-18,1.6665484961049375,O2,RIDGE,0
2023-08-21,1.7427122709043783,O2,RIDGE,0
2023-08-22,1.8050693894318162,O2,RIDGE,0
2023-08-23,1.7707406214901542,O2,RIDGE,0
2023-08-24,1.7014956932067369,O2,RIDGE,0
2023-08-25,1.782862551545279,O2,RIDGE,0
2023-08-28,1.8377418504875738,O2,RIDGE,0
2023-08-29,1.8709224343080462,O2,RIDGE,0
2023-08-31,1.9749901062286899,O2,RIDGE,0
2023-09-01,2.0410976747508545,O2,RIDGE,0
2023-09-04,2.1015303728935537,O2,RIDGE,0
2023-09-05,2.109775865047706,O2,RIDGE,0
2023-09-06,2.103538089410385,O2,RIDGE,0
2023-09-07,2.1600292505958283,O2,RIDGE,0
2023-09-08,2.1126850781811113,O2,RIDGE,0
2023-09-11,2.0679264478790667,O2,RIDGE,0
2023-09-12,2.10154624365292,O2,RIDGE,0
2023-09-13,2.085518636361949,O2,RIDGE,0
2023-09-14,2.1526159618988085,O2,RIDGE,0
2023-09-15,2.134847772030125,O2,RIDGE,0
2023-09-18,2.1126464755475585,O2,RIDGE,0
2023-09-19,2.1500626525065027,O2,RIDGE,0
2023-09-20,2.1987298337457446,O2,RIDGE,0
2023-09-21,2.312922055956447,O2,RIDGE,0
2023-09-22,2.3979388323692388,O2,RIDGE,0
2023-09-25,2.5150430882698234,O2,RIDGE,0
2023-09-26,2.409735549066566,O2,RIDGE,0
2023-09-27,2.345125894116911,O2,RIDGE,0
2023-09-28,2.292457869635774,O2,RIDGE,0
2023-09-29,2.2490209028812966,O2,RIDGE,0
2023-10-02,2.3288431112106265,O2,RIDGE,0
2023-10-03,2.3554377265772057,O2,RIDGE,0
2023-10-04,2.3104804861106314,O2,RIDGE,0
2023-10-05,2.33619537574174,O2,RIDGE,0
2023-10-06,2.349610703569911,O2,RIDGE,0
2023-10-09,2.221011943533264,O2,RIDGE,0
2023-10-10,2.33615683192102,O2,RIDGE,0
2023-10-11,2.308154115415028,O2,RIDGE,0
2023-10-12,2.3095688565521875,O2,RIDGE,0
2023-10-13,2.262993232501586,O2,RIDGE,0
2023-10-16,2.1628705740622425,O2,RIDGE,0
2023-10-17,2.276842136784471,O2,RIDGE,0
2023-10-18,2.2670873478095133,O2,RIDGE,0
2023-10-19,2.2938550102212534,O2,RIDGE,0
2023-10-20,2.19850408348515,O2,RIDGE,0
2023-10-23,2.301432903101532,O2,RIDGE,0
2023-10-24,2.3951154849629788,O2,RIDGE,0
2023-10-25,2.2088441499822626,O2,RIDGE,0
2023-10-26,2.3575889928056357,O2,RIDGE,0
2023-10-27,2.410237129971509,O2,RIDGE,0
2023-10-30,2.464859263511119,O2,RIDGE,0
2023-02-02,1.0,O2,RIDGE,30
2023-02-03,1.0402611121214498,O2,RIDGE,30
2023-02-06,1.0188824701141685,O2,RIDGE,30
2023-02-07,0.9215159451641539,O2,RIDGE,30
2023-02-08,0.8429560329290313,O2,RIDGE,30
2023-02-15,1.0049879792325056,O2,RIDGE,30
2023-02-16,0.9918732593760687,O2,RIDGE,30
2023-02-17,0.999904014564491,O2,RIDGE,30
2023-02-20,1.050378384611114,O2,RIDGE,30
2023-02-21,1.0446317519461057,O2,RIDGE,30
2023-02-22,1.036480567082633,O2,RIDGE,30
2023-02-23,1.0724305410902333,O2,RIDGE,30
2023-02-24,1.0633123837970317,O2,RIDGE,30
2023-02-27,1.0716023940432549,O2,RIDGE,30
2023-02-28,1.0794035934712638,O2,RIDGE,30
2023-03-01,1.0962693927062994,O2,RIDGE,30
2023-03-02,1.0833786742380025,O2,RIDGE,30
2023-03-03,1.0561032141760043,O2,RIDGE,30
2023-03-06,1.0861328028497976,O2,RIDGE,30
2023-03-07,1.0868325796442224,O2,RIDGE,30
2023-03-08,1.06176516862112,O2,RIDGE,30
2023-03-09,1.0665014393682053,O2,RIDGE,30
2023-03-10,1.0587064970366915,O2,RIDGE,30
2023-03-13,1.0338632387684001,O2,RIDGE,30
2023-03-14,0.9983851689611896,O2,RIDGE,30
2023-03-15,0.9746155236227685,O2,RIDGE,30
2023-03-16,0.9979599588922742,O2,RIDGE,30
2023-03-17,1.0003386078018552,O2,RIDGE,30
2023-03-20,0.965481240771242,O2,RIDGE,30
2023-03-21,0.9530921822439702,O2,RIDGE,30
2023-03-22,0.9665321551037106,O2,RIDGE,30
2023-03-23,0.9846042965800468,O2,RIDGE,30
2023-03-24,0.9726453148236398,O2,RIDGE,30
2023-03-27,0.956694593566749,O2,RIDGE,30
2023-03-28,0.9010201055619809,O2,RIDGE,30
2023-03-29,0.9135306734024733,O2,RIDGE,30
2023-03-30,0.9076547740921889,O2,RIDGE,30
2023-03-31,0.8829052008824942,O2,RIDGE,30
2023-04-03,0.8828327470288274,O2,RIDGE,30
2023-04-04,0.9109312999062956,O2,RIDGE,30
2023-04-05,0.9026484922149937,O2,RIDGE,30
2023-04-06,0.9066318425186506,O2,RIDGE,30
2023-04-07,0.929386310195876,O2,RIDGE,30
2023-04-10,0.988457171732811,O2,RIDGE,30
2023-04-11,0.9982123571224109,O2,RIDGE,30
2023-04-12,0.9847800887167163,O2,RIDGE,30
2023-04-13,0.9958285938437808,O2,RIDGE,30
2023-04-14,0.9823298634668405,O2,RIDGE,30
2023-04-17,0.9699311749553541,O2,RIDGE,30
2023-04-18,0.958235068465045,O2,RIDGE,30
2023-04-19,0.9717844986339161,O2,RIDGE,30
2023-04-20,0.9557219646826277,O2,RIDGE,30
2023-04-24,0.9581158692158318,O2,RIDGE,30
2023-04-25,0.9349255272748681,O2,RIDGE,30
2023-04-26,0.9126438513255893,O2,RIDGE,30
2023-04-27,0.9228906934017107,O2,RIDGE,30
2023-04-28,0.8899114582635446,O2,RIDGE,30
2023-05-02,0.8416517680853233,O2,RIDGE,30
2023-05-03,0.8088816006270461,O2,RIDGE,30
2023-05-04,0.8154082167339982,O2,RIDGE,30
2023-05-05,0.7970232619045778,O2,RIDGE,30
2023-05-08,0.7998209875291931,O2,RIDGE,30
2023-05-09,0.7922530660499306,O2,RIDGE,30
2023-05-10,0.7945741251146988,O2,RIDGE,30
2023-05-11,0.8405986718057378,O2,RIDGE,30
2023-05-12,0.8236981084540471,O2,RIDGE,30
2023-05-15,0.7998561103171801,O2,RIDGE,30
2023-05-16,0.825423265356952,O2,RIDGE,30
2023-05-17,0.8575627451115775,O2,RIDGE,30
2023-05-18,0.8287004597250451,O2,RIDGE,30
2023-05-22,0.8356593869106617,O2,RIDGE,30
2023-05-23,0.8294782217780867,O2,RIDGE,30
2023-05-24,0.8304605196022228,O2,RIDGE,30
2023-05-25,0.8438200320945086,O2,RIDGE,30
2023-05-26,0.8643391774865097,O2,RIDGE,30
2023-05-29,0.8959764061246187,O2,RIDGE,30
2023-05-30,0.9130775698085762,O2,RIDGE,30
2023-05-31,0.9312186767473113,O2,RIDGE,30
2023-06-01,0.9544956394749351,O2,RIDGE,30
2023-06-02,0.9743402568653734,O2,RIDGE,30
2023-06-05,1.0251530032981095,O2,RIDGE,30
2023-06-06,1.0072898694057635,O2,RIDGE,30
2023-06-07,1.0307169679973476,O2,RIDGE,30
2023-06-08,1.0358504425620836,O2,RIDGE,30
2023-06-09,1.058111939063869,O2,RIDGE,30
2023-06-12,1.0492487273333813,O2,RIDGE,30
2023-06-13,1.0027261227828848,O2,RIDGE,30
2023-06-14,1.008893902672337,O2,RIDGE,30
2023-06-15,1.0242559177385178,O2,RIDGE,30
2023-06-16,1.0231891450978219,O2,RIDGE,30
2023-06-19,0.9816534919105699,O2,RIDGE,30
2023-06-20,0.9692364781197849,O2,RIDGE,30
2023-06-21,0.9557750758086131,O2,RIDGE,30
2023-06-22,0.9995545106796022,O2,RIDGE,30
2023-06-23,1.0278858529320605,O2,RIDGE,30
2023-06-26,1.0493894970716413,O2,RIDGE,30
2023-06-27,1.0588908977128673,O2,RIDGE,30
2023-07-03,1.1035432484752428,O2,RIDGE,30
2023-07-04,1.1015650845509621,O2,RIDGE,30
2023-07-05,1.1124065672783239,O2,RIDGE,30
2023-07-06,1.1153417541273556,O2,RIDGE,30
2023-07-07,1.136905049480793,O2,RIDGE,30
2023-07-10,1.1790478410829757,O2,RIDGE,30
2023-07-11,1.1800440373370185,O2,RIDGE,30
2023-07-12,1.184821306850577,O2,RIDGE,30
2023-07-13,1.2088714819684026,O2,RIDGE,30
2023-07-14,1.2328571010371838,O2,RIDGE,30
2023-07-17,1.26538878267916,O2,RIDGE,30
2023-07-18,1.2120117493477247,O2,RIDGE,30
2023-07-19,1.256286707293336,O2,RIDGE,30
2023-07-20,1.304112969206,O2,RIDGE,30
2023-07-21,1.3247090827164498,O2,RIDGE,30
2023-07-24,1.3703608395368376,O2,RIDGE,30
2023-07-25,1.3548420838692052,O2,RIDGE,30
2023-07-26,1.3606166848026198,O2,RIDGE,30
2023-07-27,1.3754304376051034,O2,RIDGE,30
2023-07-28,1.3939511515812413,O2,RIDGE,30
2023-07-31,1.4356090787623472,O2,RIDGE,30
2023-08-01,1.4421697533126998,O2,RIDGE,30
2023-08-02,1.4712869300456795,O2,RIDGE,30
2023-08-03,1.5361157472594897,O2,RIDGE,30
2023-08-04,1.5651766201197528,O2,RIDGE,30
2023-08-07,1.6159831147412604,O2,RIDGE,30
2023-08-08,1.6262475672542371,O2,RIDGE,30
2023-08-09,1.6496162980330458,O2,RIDGE,30
2023-08-10,1.6418842601006167,O2,RIDGE,30
2023-08-11,1.7222298335449477,O2,RIDGE,30
2023-08-14,1.7307802567452675,O2,RIDGE,30
2023-08-15,1.7086086416758226,O2,RIDGE,30
2023-08-16,1.7063072875651397,O2,RIDGE,30
2023-08-17,1.718218885163655,O2,RIDGE,30
2023-08-18,1.6534137890830785,O2,RIDGE,30
2023-08-21,1.7291511608235883,O2,RIDGE,30
2023-08-22,1.791159172887274,O2,RIDGE,30
2023-08-23,1.7570225946276257,O2,RIDGE,30
2023-08-24,1.6881653342258658,O2,RIDGE,30
2023-08-25,1.769076660030962,O2,RIDGE,30
2023-08-28,1.8236487170987228,O2,RIDGE,30
2023-08-29,1.8566435393484817,O2,RIDGE,30
2023-08-31,1.9601285881814479,O2,RIDGE,30
2023-09-01,2.0258660533374044,O2,RIDGE,30
2023-09-04,2.085960418888063,O2,RIDGE,30
2023-09-05,2.09415974863645,O2,RIDGE,30
2023-09-06,2.087956895199606,O2,RIDGE,30
2023-09-07,2.1441317904962403,O2,RIDGE,30
2023-09-08,2.097052674533798,O2,RIDGE,30
2023-09-11,2.052544625520885,O2,RIDGE,30
2023-09-12,2.0859762007949483,O2,RIDGE,30
2023-09-13,2.070038324098269,O2,RIDGE,30
2023-09-14,2.1367600051121203,O2,RIDGE,30
2023-09-15,2.1190912904930768,O2,RIDGE,30
2023-09-18,2.0970142880171734,O2,RIDGE,30
2023-09-19,2.1342209904280027,O2,RIDGE,30
2023-09-20,2.1826157083471873,O2,RIDGE,30
2023-09-21,2.296168625153384,O2,RIDGE,30
2023-09-22,2.3807094349584506,O2,RIDGE,30
2023-09-25,2.497158082427581,O2,RIDGE,30
2023-09-26,2.3924401077116797,O2,RIDGE,30
2023-09-27,2.328192170055838,O2,RIDGE,30
2023-09-28,2.2758190076243534,O2,RIDGE,30
2023-09-29,2.2326252228227608,O2,RIDGE,30
2023-10-02,2.312000546345083,O2,RIDGE,30
2023-10-03,2.3384462716996675,O2,RIDGE,30
2023-10-04,2.293740724441663,O2,RIDGE,30
2023-10-05,2.3193116492072217,O2,RIDGE,30
2023-10-06,2.332651871293357,O2,RIDGE,30
2023-10-09,2.2047730716945795,O2,RIDGE,30
2023-10-10,2.319273321174166,O2,RIDGE,30
2023-10-11,2.2914273779374605,O2,RIDGE,30
2023-10-12,2.2928341986432854,O2,RIDGE,30
2023-10-13,2.2465193283252693,O2,RIDGE,30
2023-10-16,2.1469572068070453,O2,RIDGE,30
2023-10-17,2.2602906994873955,O2,RIDGE,30
2023-10-18,2.2505905227197376,O2,RIDGE,30
2023-10-19,2.2772083263152254,O2,RIDGE,30
2023-10-20,2.182391221949917,O2,RIDGE,30
2023-10-23,2.284743794345725,O2,RIDGE,30
2023-10-24,2.377901894068787,O2,RIDGE,30
2023-10-25,2.1926733995622474,O2,RIDGE,30
2023-10-26,2.340585494059437,O2,RIDGE,30
2023-10-27,2.3929388805148357,O2,RIDGE,30
2023-10-30,2.4472552119209774,O2,RIDGE,30
2023-02-02,1.0,O2,RIDGE,50
2023-02-03,1.0382611121214498,O2,RIDGE,50
2023-02-06,1.0168824701141685,O2,RIDGE,50
2023-02-07,0.9195159451641539,O2,RIDGE,50
2023-02-08,0.8409560329290313,O2,RIDGE,50
2023-02-15,1.0029879792325056,O2,RIDGE,50
2023-02-16,0.9898732593760687,O2,RIDGE,50
2023-02-17,0.997904014564491,O2,RIDGE,50
2023-02-20,1.048378384611114,O2,RIDGE,50
2023-02-21,1.0426317519461057,O2,RIDGE,50
2023-02-22,1.034480567082633,O2,RIDGE,50
2023-02-23,1.0704305410902333,O2,RIDGE,50
2023-02-24,1.0613123837970317,O2,RIDGE,50
2023-02-27,1.0696023940432549,O2,RIDGE,50
2023-02-28,1.0774035934712638,O2,RIDGE,50
2023-03-01,1.0942693927062994,O2,RIDGE,50
2023-03-02,1.0813786742380025,O2,RIDGE,50
2023-03-03,1.054103214176004,O2,RIDGE,50
2023-03-06,1.0841328028497976,O2,RIDGE,50
2023-03-07,1.0848325796442224,O2,RIDGE,50
2023-03-08,1.05976516862112,O2,RIDGE,50
2023-03-09,1.0645014393682053,O2,RIDGE,50
2023-03-10,1.0567064970366915,O2,RIDGE,50
2023-03-13,1.0318632387684001,O2,RIDGE,50
2023-03-14,0.9963851689611896,O2,RIDGE,50
2023-03-15,0.9726155236227685,O2,RIDGE,50
2023-03-16,0.9959599588922742,O2,RIDGE,50
2023-03-17,0.9983386078018553,O2,RIDGE,50
2023-03-20,0.963481240771242,O2,RIDGE,50
2023-03-21,0.9510921822439702,O2,RIDGE,50
2023-03-22,0.9645321551037106,O2,RIDGE,50
2023-03-23,0.9826042965800468,O2,RIDGE,50
2023-03-24,0.9706453148236398,O2,RIDGE,50
2023-03-27,0.954694593566749,O2,RIDGE,50
2023-03-28,0.8990201055619809,O2,RIDGE,50
2023-03-29,0.9115306734024733,O2,RIDGE,50
2023-03-30,0.9056547740921889,O2,RIDGE,50
2023-03-31,0.8809052008824942,O2,RIDGE,50
2023-04-03,0.8808327470288274,O2,RIDGE,50
2023-04-04,0.9089312999062956,O2,RIDGE,50
2023-04-05,0.9006484922149937,O2,RIDGE,50
2023-04-06,0.9046318425186506,O2,RIDGE,50
2023-04-07,0.927386310195876,O2,RIDGE,50
2023-04-10,0.986457171732811,O2,RIDGE,50
2023-04-11,0.9962123571224109,O2,RIDGE,50
2023-04-12,0.9827800887167163,O2,RIDGE,50
2023-04-13,0.9938285938437807,O2,RIDGE,50
2023-04-14,0.9803298634668405,O2,RIDGE,50
2023-04-17,0.9679311749553541,O2,RIDGE,50
2023-04-18,0.956235068465045,O2,RIDGE,50
2023-04-19,0.9697844986339161,O2,RIDGE,50
2023-04-20,0.9537219646826277,O2,RIDGE,50
2023-04-24,0.9561158692158318,O2,RIDGE,50
2023-04-25,0.9329255272748681,O2,RIDGE,50
2023-04-26,0.9106438513255893,O2,RIDGE,50
2023-04-27,0.9208906934017107,O2,RIDGE,50
2023-04-28,0.8879114582635446,O2,RIDGE,50
2023-05-02,0.8396517680853233,O2,RIDGE,50
2023-05-03,0.8068816006270461,O2,RIDGE,50
2023-05-04,0.8134082167339982,O2,RIDGE,50
2023-05-05,0.7950232619045778,O2,RIDGE,50
2023-05-08,0.7958820063519758,O2,RIDGE,50
2023-05-09,0.7883329628869429,O2,RIDGE,50
2023-05-10,0.7906482321207553,O2,RIDGE,50
2023-05-11,0.8365579715890014,O2,RIDGE,50
2023-05-12,0.8196995663221056,O2,RIDGE,50
2023-05-15,0.7959170415269379,O2,RIDGE,50
2023-05-16,0.8214204198589343,O2,RIDGE,50
2023-05-17,0.8534797283858582,O2,RIDGE,50
2023-05-18,0.8246894393375173,O2,RIDGE,50
2023-05-22,0.8316310076318195,O2,RIDGE,50
2023-05-23,0.825465261280167,O2,RIDGE,50
2023-05-24,0.8264451087839144,O2,RIDGE,50
2023-05-25,0.839771296265149,O2,RIDGE,50
2023-05-26,0.8602392570987807,O2,RIDGE,50
2023-05-29,0.8917975673635882,O2,RIDGE,50
2023-05-30,0.9088560725696195,O2,RIDGE,50
2023-05-31,0.9269519269147767,O2,RIDGE,50
2023-06-01,0.950170825769143,O2,RIDGE,50
2023-06-02,0.9699659411965248,O2,RIDGE,50
2023-06-05,1.0206519363471773,O2,RIDGE,50
2023-06-06,1.0028333616507388,O2,RIDGE,50
2023-06-07,1.0262020218584438,O2,RIDGE,50
2023-06-08,1.0313226910834115,O2,RIDGE,50
2023-06-09,1.053528656770179,O2,RIDGE,50
2023-06-12,1.0446875541270582,O2,RIDGE,50
2023-06-13,0.9982809991937663,O2,RIDGE,50
2023-06-14,1.0044333936914913,O2,RIDGE,50
2023-06-15,1.0197570885478486,O2,RIDGE,50
2023-06-16,1.0186929769481194,O2,RIDGE,50
2023-06-19,0.9772609335372185,O2,RIDGE,50
2023-06-20,0.9648748937151345,O2,RIDGE,50
2023-06-21,0.9514470705769338,O2,RIDGE,50
2023-06-22,0.995117298607349,O2,RIDGE,50
2023-06-23,1.0233779689476243,O2,RIDGE,50
2023-06-26,1.0448279727182919,O2,RIDGE,50
2023-06-27,1.0543056723239035,O2,RIDGE,50
2023-07-03,1.0988466387761495,O2,RIDGE,50
2023-07-04,1.096873409338414,O2,RIDGE,50
2023-07-05,1.1076878482247738,O2,RIDGE,50
2023-07-06,1.1106157133145544,O2,RIDGE,50
2023-07-07,1.132125219500433,O2,RIDGE,50
2023-07-10,1.1741628868327982,O2,RIDGE,50
2023-07-11,1.1751565980971233,O2,RIDGE,50
2023-07-12,1.1799219508166057,O2,RIDGE,50
2023-07-13,1.203912133299816,O2,RIDGE,50
2023-07-14,1.2278379207676313,O2,RIDGE,50
2023-07-17,1.2602884528428957,O2,RIDGE,50
2023-07-18,1.207044567351,O2,RIDGE,50
2023-07-19,1.2512090823845903,O2,RIDGE,50
2023-07-20,1.2989160427353375,O2,RIDGE,50
2023-07-21,1.3194607796921338,O2,RIDGE,50
2023-07-24,1.364998659205889,O2,RIDGE,50
2023-07-25,1.349518614734075,O2,RIDGE,50
2023-07-26,1.355278811052049,O2,RIDGE,50
2023-07-27,1.3700556112729072,O2,RIDGE,50
2023-07-28,1.3885301257340334,O2,RIDGE,50
2023-07-31,1.430084138128991,O2,RIDGE,50
2023-08-01,1.436628447220498,O2,RIDGE,50
2023-08-02,1.4656729917944102,O2,RIDGE,50
2023-08-03,1.530340094944827,O2,RIDGE,50
2023-08-04,1.556773150669529,O2,RIDGE,50
2023-08-07,1.6073890821832155,O2,RIDGE,50
2023-08-08,1.6176150351699896,O2,RIDGE,50
2023-08-09,1.6408961153837234,O2,RIDGE,50
2023-08-10,1.6331930784912039,O2,RIDGE,50
2023-08-11,1.7132372947509997,O2,RIDGE,50
2023-08-14,1.7217556473424267,O2,RIDGE,50
2023-08-15,1.6996671927410387,O2,RIDGE,50
2023-08-16,1.697374470463644,O2,RIDGE,50
2023-08-17,1.709241390485515,O2,RIDGE,50
2023-08-18,1.644679362945757,O2,RIDGE,50
2023-08-21,1.7201326617730577,O2,RIDGE,50
2023-08-22,1.7819080964944822,O2,RIDGE,50
2023-08-23,1.7478995564412088,O2,RIDGE,50
2023-08-24,1.6793005632872875,O2,RIDGE,50
2023-08-25,1.7599084099049642,O2,RIDGE,50
2023-08-28,1.8142757801335228,O2,RIDGE,50
2023-08-29,1.847146846632826,O2,RIDGE,50
2023-08-31,1.9502437475987613,O2,RIDGE,50
2023-09-01,2.015734647118696,O2,RIDGE,50
2023-09-04,2.075603612961164,O2,RIDGE,50
2023-09-05,2.083772188968901,O2,RIDGE,50
2023-09-06,2.077592600963713,O2,RIDGE,50
2023-09-07,2.133556797555211,O2,RIDGE,50
2023-09-08,2.086654264187535,O2,RIDGE,50
2023-09-11,2.0423131543072306,O2,RIDGE,50
2023-09-12,2.075619335673861,O2,RIDGE,50
2023-09-13,2.0597412381715148,O2,RIDGE,50
2023-09-14,2.12621266198916,O2,RIDGE,50
2023-09-15,2.1086102185268665,O2,RIDGE,50
2023-09-18,2.086616021649628,O2,RIDGE,50
2023-09-19,2.123683170546758,O2,RIDGE,50
2023-09-20,2.1718963713603534,O2,RIDGE,50
2023-09-21,2.2850233781152873,O2,RIDGE,50
2023-09-22,2.3692470953995213,O2,RIDGE,50
2023-09-25,2.4852589716186646,O2,RIDGE,50
2023-09-26,2.380933769182278,O2,RIDGE,50
2023-09-27,2.316926810298186,O2,RIDGE,50
2023-09-28,2.264750087173796,O2,RIDGE,50
2023-09-29,2.2217183120115553,O2,RIDGE,50
2023-10-02,2.300795917526614,O2,RIDGE,50
2023-10-03,2.327142451239467,O2,RIDGE,50
2023-10-04,2.2826045838831326,O2,RIDGE,50
2023-10-05,2.3080795981764273,O2,RIDGE,50
2023-10-06,2.3213697842543977,O2,RIDGE,50
2023-10-09,2.1939706276945175,O2,RIDGE,50
2023-10-10,2.308041413902731,O2,RIDGE,50
2023-10-11,2.280299914192841,O2,RIDGE,50
2023-10-12,2.2817014582479573,O2,RIDGE,50
2023-10-13,2.2355603040206087,O2,RIDGE,50
2023-10-16,2.1363716163997455,O2,RIDGE,50
2023-10-17,2.2492800220366718,O2,RIDGE,50
2023-10-18,2.2396162283307666,O2,RIDGE,50
2023-10-19,2.2661341948598652,O2,RIDGE,50
2023-10-20,2.171672726958302,O2,RIDGE,50
2023-10-23,2.2736413991375226,O2,RIDGE,50
2023-10-24,2.366450084929665,O2,RIDGE,50
2023-10-25,2.1819163385617877,O2,RIDGE,50
2023-10-26,2.329273649883681,O2,RIDGE,50
2023-10-27,2.3814306712069793,O2,RIDGE,50
2023-10-30,2.435543274940207,O2,RIDGE,50
2023-02-02,1.0,O2,RIDGE,100
2023-02-03,1.0332611121214497,O2,RIDGE,100
2023-02-06,1.0118824701141687,O2,RIDGE,100
2023-02-07,0.914515945164154,O2,RIDGE,100
2023-02-08,0.8359560329290312,O2,RIDGE,100
2023-02-15,0.9979879792325057,O2,RIDGE,100
2023-02-16,0.9848732593760688,O2,RIDGE,100
2023-02-17,0.992904014564491,O2,RIDGE,100
2023-02-20,1.0433783846111142,O2,RIDGE,100
2023-02-21,1.0376317519461056,O2,RIDGE,100
2023-02-22,1.029480567082633,O2,RIDGE,100
2023-02-23,1.0654305410902334,O2,RIDGE,100
2023-02-24,1.0563123837970316,O2,RIDGE,100
2023-02-27,1.0646023940432547,O2,RIDGE,100
2023-02-28,1.0724035934712637,O2,RIDGE,100
2023-03-01,1.0892693927062995,O2,RIDGE,100
2023-03-02,1.0763786742380026,O2,RIDGE,100
2023-03-03,1.0491032141760042,O2,RIDGE,100
2023-03-06,1.0791328028497975,O2,RIDGE,100
2023-03-07,1.0798325796442223,O2,RIDGE,100
2023-03-08,1.0547651686211201,O2,RIDGE,100
2023-03-09,1.0595014393682052,O2,RIDGE,100
2023-03-10,1.0517064970366916,O2,RIDGE,100
2023-03-13,1.0268632387684002,O2,RIDGE,100
2023-03-14,0.9913851689611896,O2,RIDGE,100
2023-03-15,0.9676155236227684,O2,RIDGE,100
2023-03-16,0.9909599588922741,O2,RIDGE,100
2023-03-17,0.9933386078018553,O2,RIDGE,100
2023-03-20,0.9584812407712421,O2,RIDGE,100
2023-03-21,0.9460921822439701,O2,RIDGE,100
2023-03-22,0.9595321551037105,O2,RIDGE,100
2023-03-23,0.9776042965800469,O2,RIDGE,100
2023-03-24,0.9656453148236398,O2,RIDGE,100
2023-03-27,0.949694593566749,O2,RIDGE,100
2023-03-28,0.894020105561981,O2,RIDGE,100
2023-03-29,0.9065306734024734,O2,RIDGE,100
2023-03-30,0.9006547740921887,O2,RIDGE,100
2023-03-31,0.8759052008824942,O2,RIDGE,100
2023-04-03,0.8758327470288275,O2,RIDGE,100
2023-04-04,0.9039312999062955,O2,RIDGE,100
2023-04-05,0.8956484922149938,O2,RIDGE,100
2023-04-06,0.8996318425186506,O2,RIDGE,100
2023-04-07,0.922386310195876,O2,RIDGE,100
2023-04-10,0.9814571717328109,O2,RIDGE,100
2023-04-11,0.9912123571224108,O2,RIDGE,100
2023-04-12,0.9777800887167162,O2,RIDGE,100
2023-04-13,0.9888285938437807,O2,RIDGE,100
2023-04-14,0.9753298634668404,O2,RIDGE,100
2023-04-17,0.962931174955354,O2,RIDGE,100
2023-04-18,0.951235068465045,O2,RIDGE,100
2023-04-19,0.9647844986339161,O2,RIDGE,100
2023-04-20,0.9487219646826276,O2,RIDGE,100
2023-04-24,0.9511158692158317,O2,RIDGE,100
2023-04-25,0.9279255272748681,O2,RIDGE,100
2023-04-26,0.9056438513255893,O2,RIDGE,100
2023-04-27,0.9158906934017107,O2,RIDGE,100
2023-04-28,0.8829114582635444,O2,RIDGE,100
2023-05-02,0.8346517680853234,O2,RIDGE,100
2023-05-03,0.801881600627046,O2,RIDGE,100
2023-05-04,0.8084082167339983,O2,RIDGE,100
2023-05-05,0.7900232619045777,O2,RIDGE,100
2023-05-08,0.7860485534089323,O2,RIDGE,100
2023-05-09,0.7785467049794735,O2,RIDGE,100
2023-05-10,0.7808474996358963,O2,RIDGE,100
2023-05-11,0.8264702210471607,O2,RIDGE,100
2023-05-12,0.8097172109922516,O2,RIDGE,100
2023-05-15,0.7860833695513327,O2,RIDGE,100
2023-05-16,0.8114273061138897,O2,RIDGE,100
2023-05-17,0.8432861865715595,O2,RIDGE,100
2023-05-18,0.8146758883686973,O2,RIDGE,100
2023-05-22,0.8215740594347141,O2,RIDGE,100
2023-05-23,0.8154468600353684,O2,RIDGE,100
2023-05-24,0.8164205817381434,O2,RIDGE,100
2023-05-25,0.8296634566917505,O2,RIDGE,100
2023-05-26,0.8500034561294583,O2,RIDGE,100
2023-05-29,0.8813644704610119,O2,RIDGE,100
2023-05-30,0.898316329472228,O2,RIDGE,100
2023-05-31,0.9162990523334401,O2,RIDGE,100
2023-06-01,0.9393727915046625,O2,RIDGE,100
2023-06-02,0.9590441520244036,O2,RIDGE,100
2023-06-05,1.009413268969847,O2,RIDGE,100
2023-06-06,0.9917060922631766,O2,RIDGE,100
2023-06-07,1.014928656511184,O2,RIDGE,100
2023-06-08,1.0200173123867313,O2,RIDGE,100
2023-06-09,1.0420844510359546,O2,RIDGE,100
2023-06-12,1.03329862111125,O2,RIDGE,100
2023-06-13,0.9871821902209706,O2,RIDGE,100
2023-06-14,0.9932961212393778,O2,RIDGE,100
2023-06-15,1.0085240155711754,O2,RIDGE,100
2023-06-16,1.0074665565738639,O2,RIDGE,100
2023-06-19,0.96629353760384,O2,RIDGE,100
2023-06-20,0.953984932703509,O2,RIDGE,100
2023-06-21,0.9406410574977351,O2,RIDGE,100
2023-06-22,0.9840382684267158,O2,RIDGE,100
2023-06-23,1.0121222589865346,O2,RIDGE,100
2023-06-26,1.0334381618349182,O2,RIDGE,100
2023-06-27,1.0428566088514941,O2,RIDGE,100
2023-07-03,1.087119114528417,O2,RIDGE,100
2023-07-04,1.0851582213070432,O2,RIDGE,100
2023-07-05,1.0959050505908992,O2,RIDGE,100
2023-07-06,1.0988146112825519,O2,RIDGE,100
2023-07-07,1.1201896445495332,O2,RIDGE,100
2023-07-10,1.1619645012073543,O2,RIDGE,100
2023-07-11,1.1629519999973859,O2,RIDGE,100
2023-07-12,1.1676875607316768,O2,RIDGE,100
2023-07-13,1.1915277616283495,O2,RIDGE,100
2023-07-14,1.2153039700937502,O2,RIDGE,100
2023-07-17,1.2475516282522348,O2,RIDGE,100
2023-07-18,1.1946406123591882,O2,RIDGE,100
2023-07-19,1.238529020112726,O2,RIDGE,100
2023-07-20,1.2859377265586815,O2,RIDGE,100
2023-07-21,1.3063540221313437,O2,RIDGE,100
2023-07-24,1.3516072083785173,O2,RIDGE,100
2023-07-25,1.336223941896249,O2,RIDGE,100
2023-07-26,1.3419481266756221,O2,RIDGE,100
2023-07-27,1.356632545442416,O2,RIDGE,100
2023-07-28,1.374991561116014,O2,RIDGE,100
2023-07-31,1.4162857865456016,O2,RIDGE,100
2023-08-01,1.4227891819899936,O2,RIDGE,100
2023-08-02,1.4516521461662364,O2,RIDGE,100
2023-08-03,1.5159149641581697,O2,RIDGE,100
2023-08-04,1.5358408089077689,O2,RIDGE,100
2023-08-07,1.5859807923509897,O2,RIDGE,100
2023-08-08,1.5961105893954113,O2,RIDGE,100
2023-08-09,1.619172754637619,O2,RIDGE,100
2023-08-10,1.6115421503851022,O2,RIDGE,100
2023-08-11,1.6908337006533516,O2,RIDGE,100
2023-08-14,1.6992719540870984,O2,RIDGE,100
2023-08-15,1.6773912000462394,O2,RIDGE,100
2023-08-16,1.675120036529326,O2,RIDGE,100
2023-08-17,1.6868753703861723,O2,RIDGE,100
2023-08-18,1.6229204278394977,O2,RIDGE,100
2023-08-21,1.6976642296583826,O2,RIDGE,100
2023-08-22,1.7588587820749961,O2,RIDGE,100
2023-08-23,1.7251700286686074,O2,RIDGE,100
2023-08-24,1.6572160806111824,O2,RIDGE,100
2023-08-25,1.737065961349051,O2,RIDGE,100
2023-08-28,1.7909221082496425,O2,RIDGE,100
2023-08-29,1.8234840839112068,O2,RIDGE,100
2023-08-31,1.9256115515462062,O2,RIDGE,100
2023-09-01,1.99048663177116,O2,RIDGE,100
2023-09-04,2.049792642079246,O2,RIDGE,100
2023-09-05,2.0578844079232055,O2,RIDGE,100
2023-09-06,2.0517629273735043,O2,RIDGE,100
2023-09-07,2.107200885474742,O2,RIDGE,100
2023-09-08,2.0607393826203593,O2,RIDGE,100
2023-09-11,2.016815217861061,O2,RIDGE,100
2023-09-12,2.049808216949267,O2,RIDGE,100
2023-09-13,2.0340794232262436,O2,RIDGE,100
2023-09-14,2.099925807753669,O2,RIDGE,100
2023-09-15,2.0824888823160532,O2,RIDGE,100
2023-09-18,2.0607014996819215,O2,RIDGE,100
2023-09-19,2.097420101442455,O2,RIDGE,100
2023-09-20,2.1451799473693187,O2,RIDGE,100
2023-09-21,2.257243206427186,O2,RIDGE,100
2023-09-22,2.340674957337788,O2,RIDGE,100
2023-09-25,2.4555959590637357,O2,RIDGE,100
2023-09-26,2.3522517398339335,O2,RIDGE,100
2023-09-27,2.288846646561443,O2,RIDGE,100
2023-09-28,2.2371605478304333,O2,RIDGE,100
2023-09-29,2.194533405947571,O2,RIDGE,100
2023-10-02,2.2728674346354056,O2,RIDGE,100
2023-10-03,2.2989662285258534,O2,RIDGE,100
2023-10-04,2.254847156426209,O2,RIDGE,100
2023-10-05,2.280082625905542,O2,RIDGE,100
2023-10-06,2.2932478426659326,O2,RIDGE,100
2023-10-09,2.167046636651074,O2,RIDGE,100
2023-10-10,2.2800448006834486,O2,RIDGE,100
2023-10-11,2.2525641578394486,O2,RIDGE,100
2023-10-12,2.2539525229967605,O2,RIDGE,100
2023-10-13,2.208245239937378,O2,RIDGE,100
2023-10-16,2.1099892362180737,O2,RIDGE,100
2023-10-17,2.2218359496921725,O2,RIDGE,100
2023-10-18,2.2122630258730833,O2,RIDGE,100
2023-10-19,2.2385316405751032,O2,RIDGE,100
2023-10-20,2.1449584059241515,O2,RIDGE,100
2023-10-23,2.2459682536518546,O2,RIDGE,100
2023-10-24,2.337904247514712,O2,RIDGE,100
2023-10-25,2.1551056955390555,O2,RIDGE,100
2023-10-26,2.301077387236944,O2,RIDGE,100
2023-10-27,2.352743969425415,O2,RIDGE,100
2023-10-30,2.406347745432578,O2,RIDGE,100
2023-02-02,1.0,O2,LGBM_REGRESSION,0
2023-02-03,1.0435501525386506,O2,LGBM_REGRESSION,0
2023-02-06,1.0247434703062346,O2,LGBM_REGRESSION,0
2023-02-07,0.9331513562052335,O2,LGBM_REGRESSION,0
2023-02-08,0.8630843239684645,O2,LGBM_REGRESSION,0
2023-02-15,1.013698484230909,O2,LGBM_REGRESSION,0
2023-02-16,1.013387226081138,O2,LGBM_REGRESSION,0
2023-02-17,1.0250133402503228,O2,LGBM_REGRESSION,0
2023-02-20,1.0737054888533117,O2,LGBM_REGRESSION,0
2023-02-21,1.0893036141725503,O2,LGBM_REGRESSION,0
2023-02-22,1.0641632353434174,O2,LGBM_REGRESSION,0
2023-02-23,1.0790874380452389,O2,LGBM_REGRESSION,0
2023-02-24,1.0890183641015825,O2,LGBM_REGRESSION,0
2023-02-27,1.0847618239138266,O2,LGBM_REGRESSION,0
2023-02-28,1.0926810749798346,O2,LGBM_REGRESSION,0
2023-03-01,1.1064870802724265,O2,LGBM_REGRESSION,0
2023-03-02,1.1191211374424925,O2,LGBM_REGRESSION,0
2023-03-03,1.1050536025542739,O2,LGBM_REGRESSION,0
2023-03-06,1.139660638504799,O2,LGBM_REGRESSION,0
2023-03-07,1.153727686835998,O2,LGBM_REGRESSION,0
2023-03-08,1.150655496426913,O2,LGBM_REGRESSION,0
2023-03-09,1.158636015884706,O2,LGBM_REGRESSION,0
2023-03-10,1.1518789183528086,O2,LGBM_REGRESSION,0
2023-03-13,1.1320594961735548,O2,LGBM_REGRESSION,0
2023-03-14,1.1031542652674118,O2,LGBM_REGRESSION,0
2023-03-15,1.0705363488370596,O2,LGBM_REGRESSION,0
2023-03-16,1.0855592855657,O2,LGBM_REGRESSION,0
2023-03-17,1.072319540679345,O2,LGBM_REGRESSION,0
2023-03-20,1.038000047986887,O2,LGBM_REGRESSION,0
2023-03-21,1.0262562164841986,O2,LGBM_REGRESSION,0
2023-03-22,1.0506390484510293,O2,LGBM_REGRESSION,0
2023-03-23,1.0593028656393255,O2,LGBM_REGRESSION,0
2023-03-24,1.0404358214199185,O2,LGBM_REGRESSION,0
2023-03-27,1.0320162827698969,O2,LGBM_REGRESSION,0
2023-03-28,0.9894127914376555,O2,LGBM_REGRESSION,0
2023-03-29,0.9941841315873386,O2,LGBM_REGRESSION,0
2023-03-30,0.9918408895405639,O2,LGBM_REGRESSION,0
2023-03-31,0.9799316989516512,O2,LGBM_REGRESSION,0
2023-04-03,0.9802705998293683,O2,LGBM_REGRESSION,0
2023-04-04,1.004772108939324,O2,LGBM_REGRESSION,0
2023-04-05,0.9962826816691379,O2,LGBM_REGRESSION,0
2023-04-06,0.9843689792025108,O2,LGBM_REGRESSION,0
2023-04-07,0.9963999328159564,O2,LGBM_REGRESSION,0
2023-04-10,1.023482318523994,O2,LGBM_REGRESSION,0
2023-04-11,1.0329040727988221,O2,LGBM_REGRESSION,0
2023-04-12,1.035841893251005,O2,LGBM_REGRESSION,0
2023-04-13,1.0322504929690812,O2,LGBM_REGRESSION,0
2023-04-14,1.0278279459487811,O2,LGBM_REGRESSION,0
2023-04-17,1.0202774421662046,O2,LGBM_REGRESSION,0
2023-04-18,1.0042237599342534,O2,LGBM_REGRESSION,0
2023-04-19,1.0047649952494815,O2,LGBM_REGRESSION,0
2023-04-20,0.9972119053968691,O2,LGBM_REGRESSION,0
2023-04-24,0.9945577645092025,O2,LGBM_REGRESSION,0
2023-04-25,0.9734280362709758,O2,LGBM_REGRESSION,0
2023-04-26,0.9509195623474944,O2,LGBM_REGRESSION,0
2023-04-27,0.9442452568062057,O2,LGBM_REGRESSION,0
2023-04-28,0.9155382271313807,O2,LGBM_REGRESSION,0
2023-05-02,0.8787836376305456,O2,LGBM_REGRESSION,0
2023-05-03,0.8597526978255691,O2,LGBM_REGRESSION,0
2023-05-04,0.8637390572303887,O2,LGBM_REGRESSION,0
2023-05-05,0.8517712345701789,O2,LGBM_REGRESSION,0
2023-05-08,0.8811199806501279,O2,LGBM_REGRESSION,0
2023-05-09,0.8685254150107242,O2,LGBM_REGRESSION,0
2023-05-10,0.8486955407026275,O2,LGBM_REGRESSION,0
2023-05-11,0.9019672522177379,O2,LGBM_REGRESSION,0
2023-05-12,0.885625572366601,O2,LGBM_REGRESSION,0
2023-05-15,0.8619256959419284,O2,LGBM_REGRESSION,0
2023-05-16,0.898710702903591,O2,LGBM_REGRESSION,0
2023-05-17,0.9166211077725851,O2,LGBM_REGRESSION,0
2023-05-18,0.8845246561003992,O2,LGBM_REGRESSION,0
2023-05-22,0.8951406393708194,O2,LGBM_REGRESSION,0
2023-05-23,0.9090856015776783,O2,LGBM_REGRESSION,0
2023-05-24,0.9125450887508398,O2,LGBM_REGRESSION,0
2023-05-25,0.93051959619348,O2,LGBM_REGRESSION,0
2023-05-26,0.9619668523248383,O2,LGBM_REGRESSION,0
2023-05-29,1.0089907488995373,O2,LGBM_REGRESSION,0
2023-05-30,1.0452388310724605,O2,LGBM_REGRESSION,0
2023-05-31,1.0221335597073526,O2,LGBM_REGRESSION,0
2023-06-01,1.0424033214328676,O2,LGBM_REGRESSION,0
2023-06-02,1.0713331502913002,O2,LGBM_REGRESSION,0
2023-06-05,1.0994318758293586,O2,LGBM_REGRESSION,0
2023-06-06,1.0844071340242405,O2,LGBM_REGRESSION,0
2023-06-07,1.1102473653927838,O2,LGBM_REGRESSION,0
2023-06-08,1.1028112202547158,O2,LGBM_REGRESSION,0
2023-06-09,1.1441503253186627,O2,LGBM_REGRESSION,0
2023-06-12,1.1372338671516922,O2,LGBM_REGRESSION,0
2023-06-13,1.107067610302239,O2,LGBM_REGRESSION,0
2023-06-14,1.0907175124014803,O2,LGBM_REGRESSION,0
2023-06-15,1.1162136693583926,O2,LGBM_REGRESSION,0
2023-06-16,1.1148401540180137,O2,LGBM_REGRESSION,0
2023-06-19,1.0777101259883777,O2,LGBM_REGRESSION,0
2023-06-20,1.057458263596224,O2,LGBM_REGRESSION,0
2023-06-21,1.0610273246596937,O2,LGBM_REGRESSION,0
2023-06-22,1.0963653018809045,O2,LGBM_REGRESSION,0
2023-06-23,1.133900462811574,O2,LGBM_REGRESSION,0
2023-06-26,1.1789493441711865,O2,LGBM_REGRESSION,0
2023-06-27,1.2062945875697975,O2,LGBM_REGRESSION,0
2023-07-03,1.2515816441444303,O2,LGBM_REGRESSION,0
2023-07-04,1.254863601537373,O2,LGBM_REGRESSION,0
2023-07-05,1.2746909293535422,O2,LGBM_REGRESSION,0
2023-07-06,1.2969828694601744,O2,LGBM_REGRESSION,0
2023-07-07,1.3108991325079251,O2,LGBM_REGRESSION,0
2023-07-10,1.3457749985569438,O2,LGBM_REGRESSION,0
2023-07-11,1.3321971675160191,O2,LGBM_REGRESSION,0
2023-07-12,1.302790670778828,O2,LGBM_REGRESSION,0
2023-07-13,1.2881703031662997,O2,LGBM_REGRESSION,0
2023-07-14,1.3034085269671238,O2,LGBM_REGRESSION,0
2023-07-17,1.3335024210660515,O2,LGBM_REGRESSION,0
2023-07-18,1.2866919733673443,O2,LGBM_REGRESSION,0
2023-07-19,1.349695891616955,O2,LGBM_REGRESSION,0
2023-07-20,1.3822984822741722,O2,LGBM_REGRESSION,0
2023-07-21,1.3888794995070974,O2,LGBM_REGRESSION,0
2023-07-24,1.3701008392845067,O2,LGBM_REGRESSION,0
2023-07-25,1.3333755777187222,O2,LGBM_REGRESSION,0
2023-07-26,1.3769257356919709,O2,LGBM_REGRESSION,0
2023-07-27,1.4101664723585734,O2,LGBM_REGRESSION,0
2023-07-28,1.4229003275591088,O2,LGBM_REGRESSION,0
2023-07-31,1.4522605306675223,O2,LGBM_REGRESSION,0
2023-08-01,1.4414945274868378,O2,LGBM_REGRESSION,0
2023-08-02,1.44718000594082,O2,LGBM_REGRESSION,0
2023-08-03,1.4367505811476817,O2,LGBM_REGRESSION,0
2023-08-04,1.473639512004763,O2,LGBM_REGRESSION,0
2023-08-07,1.5059968456549497,O2,LGBM_REGRESSION,0
2023-08-08,1.499053443422767,O2,LGBM_REGRESSION,0
2023-08-09,1.5223057697204285,O2,LGBM_REGRESSION,0
2023-08-10,1.5027399113119277,O2,LGBM_REGRESSION,0
2023-08-11,1.5610516434302288,O2,LGBM_REGRESSION,0
2023-08-14,1.5428043885704035,O2,LGBM_REGRESSION,0
2023-08-15,1.5414355128737312,O2,LGBM_REGRESSION,0
2023-08-16,1.530600672072716,O2,LGBM_REGRESSION,0
2023-08-17,1.5512274188706843,O2,LGBM_REGRESSION,0
2023-08-18,1.4866922426543006,O2,LGBM_REGRESSION,0
2023-08-21,1.5405093696259475,O2,LGBM_REGRESSION,0
2023-08-22,1.5527742141641492,O2,LGBM_REGRESSION,0
2023-08-23,1.5103184505893636,O2,LGBM_REGRESSION,0
2023-08-24,1.4606003693431637,O2,LGBM_REGRESSION,0
2023-08-25,1.5006885962029994,O2,LGBM_REGRESSION,0
2023-08-28,1.5432371947106163,O2,LGBM_REGRESSION,0
2023-08-29,1.5521029772686514,O2,LGBM_REGRESSION,0
2023-08-31,1.6104991698456486,O2,LGBM_REGRESSION,0
2023-09-01,1.6580563260991181,O2,LGBM_REGRESSION,0
2023-09-04,1.6883046745090702,O2,LGBM_REGRESSION,0
2023-09-05,1.7231882519247477,O2,LGBM_REGRESSION,0
2023-09-06,1.7684710555653975,O2,LGBM_REGRESSION,0
2023-09-07,1.8062368387086838,O2,LGBM_REGRESSION,0
2023-09-08,1.79888835839296,O2,LGBM_REGRESSION,0
2023-09-11,1.7682716742923348,O2,LGBM_REGRESSION,0
2023-09-12,1.7846849086858247,O2,LGBM_REGRESSION,0
2023-09-13,1.785106424788986,O2,LGBM_REGRESSION,0
2023-09-14,1.8211275267014082,O2,LGBM_REGRESSION,0
2023-09-15,1.7664451618356058,O2,LGBM_REGRESSION,0
2023-09-18,1.7361384636197619,O2,LGBM_REGRESSION,0
2023-09-19,1.786030446563466,O2,LGBM_REGRESSION,0
2023-09-20,1.8284952043565887,O2,LGBM_REGRESSION,0
2023-09-21,1.9284759108866958,O2,LGBM_REGRESSION,0
2023-09-22,1.9965275958872724,O2,LGBM_REGRESSION,0
2023-09-25,2.1158262839408986,O2,LGBM_REGRESSION,0
2023-09-26,2.0107046701841726,O2,LGBM_REGRESSION,0
2023-09-27,1.9625906307479541,O2,LGBM_REGRESSION,0
2023-09-28,1.9060494213578774,O2,LGBM_REGRESSION,0
2023-09-29,1.878404523706756,O2,LGBM_REGRESSION,0
2023-10-02,1.9288911636497983,O2,LGBM_REGRESSION,0
2023-10-03,1.9734482526769015,O2,LGBM_REGRESSION,0
2023-10-04,1.9350624238573824,O2,LGBM_REGRESSION,0
2023-10-05,1.9456785145386988,O2,LGBM_REGRESSION,0
2023-10-06,1.9299277956209244,O2,LGBM_REGRESSION,0
2023-10-09,1.8607294258878038,O2,LGBM_REGRESSION,0
2023-10-10,1.9060822025969653,O2,LGBM_REGRESSION,0
2023-10-11,1.8547688099502992,O2,LGBM_REGRESSION,0
2023-10-12,1.823776087422103,O2,LGBM_REGRESSION,0
2023-10-13,1.7788139790842432,O2,LGBM_REGRESSION,0
2023-10-16,1.7369571146463647,O2,LGBM_REGRESSION,0
2023-10-17,1.8001124550772447,O2,LGBM_REGRESSION,0
2023-10-18,1.7964953416361755,O2,LGBM_REGRESSION,0
2023-10-19,1.8133332949236123,O2,LGBM_REGRESSION,0
2023-10-20,1.7494396010383613,O2,LGBM_REGRESSION,0
2023-10-23,1.83725024018362,O2,LGBM_REGRESSION,0
2023-10-24,1.9214138913467091,O2,LGBM_REGRESSION,0
2023-10-25,1.7790795924615332,O2,LGBM_REGRESSION,0
2023-10-26,1.8780375582595226,O2,LGBM_REGRESSION,0
2023-10-27,1.9407189335229806,O2,LGBM_REGRESSION,0
2023-10-30,1.9932119574443998,O2,LGBM_REGRESSION,0
2023-02-02,1.0,O2,LGBM_REGRESSION,30
2023-02-03,1.0405501525386507,O2,LGBM_REGRESSION,30
2023-02-06,1.0217434703062345,O2,LGBM_REGRESSION,30
2023-02-07,0.9301513562052336,O2,LGBM_REGRESSION,30
2023-02-08,0.8600843239684645,O2,LGBM_REGRESSION,30
2023-02-15,1.0106984842309088,O2,LGBM_REGRESSION,30
2023-02-16,1.010387226081138,O2,LGBM_REGRESSION,30
2023-02-17,1.0220133402503229,O2,LGBM_REGRESSION,30
2023-02-20,1.0707054888533118,O2,LGBM_REGRESSION,30
2023-02-21,1.0863036141725504,O2,LGBM_REGRESSION,30
2023-02-22,1.0611632353434175,O2,LGBM_REGRESSION,30
2023-02-23,1.0760874380452388,O2,LGBM_REGRESSION,30
2023-02-24,1.0860183641015824,O2,LGBM_REGRESSION,30
2023-02-27,1.0817618239138267,O2,LGBM_REGRESSION,30
2023-02-28,1.0896810749798345,O2,LGBM_REGRESSION,30
2023-03-01,1.1034870802724264,O2,LGBM_REGRESSION,30
2023-03-02,1.1161211374424926,O2,LGBM_REGRESSION,30
2023-03-03,1.102053602554274,O2,LGBM_REGRESSION,30
2023-03-06,1.136660638504799,O2,LGBM_REGRESSION,30
2023-03-07,1.1507276868359981,O2,LGBM_REGRESSION,30
2023-03-08,1.1476554964269128,O2,LGBM_REGRESSION,30
2023-03-09,1.155636015884706,O2,LGBM_REGRESSION,30
2023-03-10,1.1488789183528088,O2,LGBM_REGRESSION,30
2023-03-13,1.129059496173555,O2,LGBM_REGRESSION,30
2023-03-14,1.100154265267412,O2,LGBM_REGRESSION,30
2023-03-15,1.0675363488370595,O2,LGBM_REGRESSION,30
2023-03-16,1.0825592855657,O2,LGBM_REGRESSION,30
2023-03-17,1.069319540679345,O2,LGBM_REGRESSION,30
2023-03-20,1.0350000479868868,O2,LGBM_REGRESSION,30
2023-03-21,1.0232562164841985,O2,LGBM_REGRESSION,30
2023-03-22,1.0476390484510294,O2,LGBM_REGRESSION,30
2023-03-23,1.0563028656393256,O2,LGBM_REGRESSION,30
2023-03-24,1.0374358214199186,O2,LGBM_REGRESSION,30
2023-03-27,1.0290162827698968,O2,LGBM_REGRESSION,30
2023-03-28,0.9864127914376554,O2,LGBM_REGRESSION,30
2023-03-29,0.9911841315873386,O2,LGBM_REGRESSION,30
2023-03-30,0.9888408895405638,O2,LGBM_REGRESSION,30
2023-03-31,0.9769316989516512,O2,LGBM_REGRESSION,30
2023-04-03,0.9772705998293683,O2,LGBM_REGRESSION,30
2023-04-04,1.0017721089393241,O2,LGBM_REGRESSION,30
2023-04-05,0.9932826816691379,O2,LGBM_REGRESSION,30
2023-04-06,0.9813689792025109,O2,LGBM_REGRESSION,30
2023-04-07,0.9933999328159564,O2,LGBM_REGRESSION,30
2023-04-10,1.0204823185239942,O2,LGBM_REGRESSION,30
2023-04-11,1.029904072798822,O2,LGBM_REGRESSION,30
2023-04-12,1.0328418932510048,O2,LGBM_REGRESSION,30
2023-04-13,1.0292504929690813,O2,LGBM_REGRESSION,30
2023-04-14,1.0248279459487812,O2,LGBM_REGRESSION,30
2023-04-17,1.0172774421662047,O2,LGBM_REGRESSION,30
2023-04-18,1.0012237599342535,O2,LGBM_REGRESSION,30
2023-04-19,1.0017649952494814,O2,LGBM_REGRESSION,30
2023-04-20,0.9942119053968691,O2,LGBM_REGRESSION,30
2023-04-24,0.9915577645092024,O2,LGBM_REGRESSION,30
2023-04-25,0.9704280362709758,O2,LGBM_REGRESSION,30
2023-04-26,0.9479195623474944,O2,LGBM_REGRESSION,30
2023-04-27,0.9412452568062057,O2,LGBM_REGRESSION,30
2023-04-28,0.9125382271313808,O2,LGBM_REGRESSION,30
2023-05-02,0.8757836376305456,O2,LGBM_REGRESSION,30
2023-05-03,0.8567526978255691,O2,LGBM_REGRESSION,30
2023-05-04,0.8607390572303888,O2,LGBM_REGRESSION,30
2023-05-05,0.848771234570179,O2,LGBM_REGRESSION,30
2023-05-08,0.8741646082581639,O2,LGBM_REGRESSION,30
2023-05-09,0.8616140704047984,O2,LGBM_REGRESSION,30
2023-05-10,0.8418535169044375,O2,LGBM_REGRESSION,30
2023-05-11,0.8949390024246515,O2,LGBM_REGRESSION,30
2023-05-12,0.878654449433193,O2,LGBM_REGRESSION,30
2023-05-15,0.8550374224785409,O2,LGBM_REGRESSION,30
2023-05-16,0.8916938372789256,O2,LGBM_REGRESSION,30
2023-05-17,0.9095416313762573,O2,LGBM_REGRESSION,30
2023-05-18,0.8775573817241552,O2,LGBM_REGRESSION,30
2023-05-22,0.8881362538901992,O2,LGBM_REGRESSION,30
2023-05-23,0.9020324676264926,O2,LGBM_REGRESSION,30
2023-05-24,0.9054798612058436,O2,LGBM_REGRESSION,30
2023-05-25,0.9233915337885539,O2,LGBM_REGRESSION,30
2023-05-26,0.9547288573423156,O2,LGBM_REGRESSION,30
2023-05-29,1.00158836888649,O2,LGBM_REGRESSION,30
2023-05-30,1.0377097358671703,O2,LGBM_REGRESSION,30
2023-05-31,1.014685235365715,O2,LGBM_REGRESSION,30
2023-06-01,1.0348841385354166,O2,LGBM_REGRESSION,30
2023-06-02,1.0637128351792438,O2,LGBM_REGRESSION,30
2023-06-05,1.0917133338541172,O2,LGBM_REGRESSION,30
2023-06-06,1.076741115187662,O2,LGBM_REGRESSION,30
2023-06-07,1.1024910148837639,O2,LGBM_REGRESSION,30
2023-06-08,1.0950808648467945,O2,LGBM_REGRESSION,30
2023-06-09,1.1362754576405383,O2,LGBM_REGRESSION,30
2023-06-12,1.129383177865188,O2,LGBM_REGRESSION,30
2023-06-13,1.0993223755062012,O2,LGBM_REGRESSION,30
2023-06-14,1.0830294338927409,O2,LGBM_REGRESSION,30
2023-06-15,1.1084364619844391,O2,LGBM_REGRESSION,30
2023-06-16,1.1070677481466495,O2,LGBM_REGRESSION,30
2023-06-19,1.0700675183948178,O2,LGBM_REGRESSION,30
2023-06-20,1.0498864519864093,O2,LGBM_REGRESSION,30
2023-06-21,1.0534430364102423,O2,LGBM_REGRESSION,30
2023-06-22,1.0886574799626731,O2,LGBM_REGRESSION,30
2023-06-23,1.1260614263614814,O2,LGBM_REGRESSION,30
2023-06-26,1.1709528269022584,O2,LGBM_REGRESSION,30
2023-06-27,1.198202477442807,O2,LGBM_REGRESSION,30
2023-07-03,1.2433312205912954,O2,LGBM_REGRESSION,30
2023-07-04,1.2466017049948537,O2,LGBM_REGRESSION,30
2023-07-05,1.2663597209052535,O2,LGBM_REGRESSION,30
2023-07-06,1.2885737333724978,O2,LGBM_REGRESSION,30
2023-07-07,1.3024413482755277,O2,LGBM_REGRESSION,30
2023-07-10,1.3371952960931224,O2,LGBM_REGRESSION,30
2023-07-11,1.3236649301142769,O2,LGBM_REGRESSION,30
2023-07-12,1.2943612319160391,O2,LGBM_REGRESSION,30
2023-07-13,1.279791973840392,O2,LGBM_REGRESSION,30
2023-07-14,1.2949769282172185,O2,LGBM_REGRESSION,30
2023-07-17,1.32496562078968,O2,LGBM_REGRESSION,30
2023-07-18,1.2783188119519422,O2,LGBM_REGRESSION,30
2023-07-19,1.3411024825874875,O2,LGBM_REGRESSION,30
2023-07-20,1.3735911018758737,O2,LGBM_REGRESSION,30
2023-07-21,1.380149113343698,O2,LGBM_REGRESSION,30
2023-07-24,1.3614360991193926,O2,LGBM_REGRESSION,30
2023-07-25,1.324839220858338,O2,LGBM_REGRESSION,30
2023-07-26,1.3682371372146795,O2,LGBM_REGRESSION,30
2023-07-27,1.4013616716966557,O2,LGBM_REGRESSION,30
2023-07-28,1.4140510121859848,O2,LGBM_REGRESSION,30
2023-07-31,1.4433085785876225,O2,LGBM_REGRESSION,30
2023-08-01,1.4325802109473842,O2,LGBM_REGRESSION,30
2023-08-02,1.4382458142396444,O2,LGBM_REGRESSION,30
2023-08-03,1.42785284838415,O2,LGBM_REGRESSION,30
2023-08-04,1.4567731109972981,O2,LGBM_REGRESSION,30
2023-08-07,1.4889304754525263,O2,LGBM_REGRESSION,30
2023-08-08,1.4820299836334718,O2,LGBM_REGRESSION,30
2023-08-09,1.5051386099272661,O2,LGBM_REGRESSION,30
2023-08-10,1.4856936690516167,O2,LGBM_REGRESSION,30
2023-08-11,1.5436450330921772,O2,LGBM_REGRESSION,30
2023-08-14,1.525510546759696,O2,LGBM_REGRESSION,30
2023-08-15,1.5241501307517613,O2,LGBM_REGRESSION,30
2023-08-16,1.5133822495592208,O2,LGBM_REGRESSION,30
2023-08-17,1.533881522505468,O2,LGBM_REGRESSION,30
2023-08-18,1.4697451754192594,O2,LGBM_REGRESSION,30
2023-08-21,1.5232297110942365,O2,LGBM_REGRESSION,30
2023-08-22,1.5354187585622872,O2,LGBM_REGRESSION,30
2023-08-23,1.4932253727518492,O2,LGBM_REGRESSION,30
2023-08-24,1.4438145505891435,O2,LGBM_REGRESSION,30
2023-08-25,1.483655031125406,O2,LGBM_REGRESSION,30
2023-08-28,1.5259406781462856,O2,LGBM_REGRESSION,30
2023-08-29,1.5347516699289134,O2,LGBM_REGRESSION,30
2023-08-31,1.592786972460257,O2,LGBM_REGRESSION,30
2023-09-01,1.6400502242049888,O2,LGBM_REGRESSION,30
2023-09-04,1.6701116370056677,O2,LGBM_REGRESSION,30
2023-09-05,1.7047796329717577,O2,LGBM_REGRESSION,30
2023-09-06,1.7497825876641795,O2,LGBM_REGRESSION,30
2023-09-07,1.7873149772487205,O2,LGBM_REGRESSION,30
2023-09-08,1.7800119107396097,O2,LGBM_REGRESSION,30
2023-09-11,1.7495844385727637,O2,LGBM_REGRESSION,30
2023-09-12,1.7658962387348736,O2,LGBM_REGRESSION,30
2023-09-13,1.7663151498571446,O2,LGBM_REGRESSION,30
2023-09-14,1.802113640387899,O2,LGBM_REGRESSION,30
2023-09-15,1.7477692140122965,O2,LGBM_REGRESSION,30
2023-09-18,1.7176498120091004,O2,LGBM_REGRESSION,30
2023-09-19,1.7672334611521283,O2,LGBM_REGRESSION,30
2023-09-20,1.809435785596391,O2,LGBM_REGRESSION,30
2023-09-21,1.9087986086626647,O2,LGBM_REGRESSION,30
2023-09-22,1.9764297324139044,O2,LGBM_REGRESSION,30
2023-09-25,2.0949911513566835,O2,LGBM_REGRESSION,30
2023-09-26,1.990519192009153,O2,LGBM_REGRESSION,30
2023-09-27,1.9427024986347663,O2,LGBM_REGRESSION,30
2023-09-28,1.8865107154442,O2,LGBM_REGRESSION,30
2023-09-29,1.859036664006422,O2,LGBM_REGRESSION,30
2023-10-02,1.9092112951524876,O2,LGBM_REGRESSION,30
2023-10-03,1.9534930201672542,O2,LGBM_REGRESSION,30
2023-10-04,1.9153444168054885,O2,LGBM_REGRESSION,30
2023-10-05,1.9258948997599725,O2,LGBM_REGRESSION,30
2023-10-06,1.910241520710064,O2,LGBM_REGRESSION,30
2023-10-09,1.8414707987688645,O2,LGBM_REGRESSION,30
2023-10-10,1.886543294094346,O2,LGBM_REGRESSION,30
2023-10-11,1.8355470195986707,O2,LGBM_REGRESSION,30
2023-10-12,1.8047458329318817,O2,LGBM_REGRESSION,30
2023-10-13,1.7600615916366273,O2,LGBM_REGRESSION,30
2023-10-16,1.718463403750272,O2,LGBM_REGRESSION,30
2023-10-17,1.7812284424733593,O2,LGBM_REGRESSION,30
2023-10-18,1.7776336828909454,O2,LGBM_REGRESSION,30
2023-10-19,1.7943675771727783,O2,LGBM_REGRESSION,30
2023-10-20,1.7308687480395888,O2,LGBM_REGRESSION,30
2023-10-23,1.8181367150658003,O2,LGBM_REGRESSION,30
2023-10-24,1.9017802325939688,O2,LGBM_REGRESSION,30
2023-10-25,1.7603255635160793,O2,LGBM_REGRESSION,30
2023-10-26,1.8586719664155533,O2,LGBM_REGRESSION,30
2023-10-27,1.9209659690887408,O2,LGBM_REGRESSION,30
2023-10-30,1.973134584706065,O2,LGBM_REGRESSION,30
2023-02-02,1.0,O2,LGBM_REGRESSION,50
2023-02-03,1.0385501525386507,O2,LGBM_REGRESSION,50
2023-02-06,1.0197434703062345,O2,LGBM_REGRESSION,50
2023-02-07,0.9281513562052336,O2,LGBM_REGRESSION,50
2023-02-08,0.8580843239684645,O2,LGBM_REGRESSION,50
2023-02-15,1.0086984842309088,O2,LGBM_REGRESSION,50
2023-02-16,1.008387226081138,O2,LGBM_REGRESSION,50
2023-02-17,1.0200133402503229,O2,LGBM_REGRESSION,50
2023-02-20,1.0687054888533118,O2,LGBM_REGRESSION,50
2023-02-21,1.0843036141725504,O2,LGBM_REGRESSION,50
2023-02-22,1.0591632353434175,O2,LGBM_REGRESSION,50
2023-02-23,1.0740874380452388,O2,LGBM_REGRESSION,50
2023-02-24,1.0840183641015824,O2,LGBM_REGRESSION,50
2023-02-27,1.0797618239138267,O2,LGBM_REGRESSION,50
2023-02-28,1.0876810749798345,O2,LGBM_REGRESSION,50
2023-03-01,1.1014870802724264,O2,LGBM_REGRESSION,50
2023-03-02,1.1141211374424926,O2,LGBM_REGRESSION,50
2023-03-03,1.100053602554274,O2,LGBM_REGRESSION,50
2023-03-06,1.134660638504799,O2,LGBM_REGRESSION,50
2023-03-07,1.1487276868359981,O2,LGBM_REGRESSION,50
2023-03-08,1.1456554964269128,O2,LGBM_REGRESSION,50
2023-03-09,1.153636015884706,O2,LGBM_REGRESSION,50
2023-03-10,1.1468789183528088,O2,LGBM_REGRESSION,50
2023-03-13,1.127059496173555,O2,LGBM_REGRESSION,50
2023-03-14,1.0981542652674119,O2,LGBM_REGRESSION,50
2023-03-15,1.0655363488370595,O2,LGBM_REGRESSION,50
2023-03-16,1.0805592855657,O2,LGBM_REGRESSION,50
2023-03-17,1.067319540679345,O2,LGBM_REGRESSION,50
2023-03-20,1.0330000479868868,O2,LGBM_REGRESSION,50
2023-03-21,1.0212562164841987,O2,LGBM_REGRESSION,50
2023-03-22,1.0456390484510294,O2,LGBM_REGRESSION,50
2023-03-23,1.0543028656393256,O2,LGBM_REGRESSION,50
2023-03-24,1.0354358214199186,O2,LGBM_REGRESSION,50
2023-03-27,1.0270162827698968,O2,LGBM_REGRESSION,50
2023-03-28,0.9844127914376554,O2,LGBM_REGRESSION,50
2023-03-29,0.9891841315873386,O2,LGBM_REGRESSION,50
2023-03-30,0.9868408895405638,O2,LGBM_REGRESSION,50
2023-03-31,0.9749316989516512,O2,LGBM_REGRESSION,50
2023-04-03,0.9752705998293683,O2,LGBM_REGRESSION,50
2023-04-04,0.9997721089393241,O2,LGBM_REGRESSION,50
2023-04-05,0.9912826816691379,O2,LGBM_REGRESSION,50
2023-04-06,0.9793689792025109,O2,LGBM_REGRESSION,50
2023-04-07,0.9913999328159564,O2,LGBM_REGRESSION,50
2023-04-10,1.0184823185239942,O2,LGBM_REGRESSION,50
2023-04-11,1.027904072798822,O2,LGBM_REGRESSION,50
2023-04-12,1.0308418932510048,O2,LGBM_REGRESSION,50
2023-04-13,1.0272504929690813,O2,LGBM_REGRESSION,50
2023-04-14,1.0228279459487812,O2,LGBM_REGRESSION,50
2023-04-17,1.0152774421662047,O2,LGBM_REGRESSION,50
2023-04-18,0.9992237599342535,O2,LGBM_REGRESSION,50
2023-04-19,0.9997649952494814,O2,LGBM_REGRESSION,50
2023-04-20,0.9922119053968691,O2,LGBM_REGRESSION,50
2023-04-24,0.9895577645092024,O2,LGBM_REGRESSION,50
2023-04-25,0.9684280362709758,O2,LGBM_REGRESSION,50
2023-04-26,0.9459195623474944,O2,LGBM_REGRESSION,50
2023-04-27,0.9392452568062057,O2,LGBM_REGRESSION,50
2023-04-28,0.9105382271313808,O2,LGBM_REGRESSION,50
2023-05-02,0.8737836376305456,O2,LGBM_REGRESSION,50
2023-05-03,0.8547526978255691,O2,LGBM_REGRESSION,50
2023-05-04,0.8587390572303888,O2,LGBM_REGRESSION,50
2023-05-05,0.846771234570179,O2,LGBM_REGRESSION,50
2023-05-08,0.8695376933301878,O2,LGBM_REGRESSION,50
2023-05-09,0.8570165073341814,O2,LGBM_REGRESSION,50
2023-05-10,0.8373021677056444,O2,LGBM_REGRESSION,50
2023-05-11,0.8902635025625941,O2,LGBM_REGRESSION,50
2023-05-12,0.8740170341442547,O2,LGBM_REGRESSION,50
2023-05-15,0.8504552401696159,O2,LGBM_REGRESSION,50
2023-05-16,0.887025926862482,O2,LGBM_REGRESSION,50
2023-05-17,0.9048319804453725,O2,LGBM_REGRESSION,50
2023-05-18,0.8729225321399926,O2,LGBM_REGRESSION,50
2023-05-22,0.8834766635697856,O2,LGBM_REGRESSION,50
2023-05-23,0.8973403783257019,O2,LGBM_REGRESSION,50
2023-05-24,0.9007797095091794,O2,LGBM_REGRESSION,50
2023-05-25,0.9186494921852698,O2,LGBM_REGRESSION,50
2023-05-26,0.9499135273539672,O2,LGBM_REGRESSION,50
2023-05-29,0.9966634488777916,O2,LGBM_REGRESSION,50
2023-05-30,1.0327003390636433,O2,LGBM_REGRESSION,50
2023-05-31,1.0097296858046227,O2,LGBM_REGRESSION,50
2023-06-01,1.0298813499371162,O2,LGBM_REGRESSION,50
2023-06-02,1.0586426251045395,O2,LGBM_REGRESSION,50
2023-06-05,1.086577639203956,O2,LGBM_REGRESSION,50
2023-06-06,1.071640435963276,O2,LGBM_REGRESSION,50
2023-06-07,1.0973301145444174,O2,LGBM_REGRESSION,50
2023-06-08,1.089937294574847,O2,LGBM_REGRESSION,50
2023-06-09,1.1310355458551218,O2,LGBM_REGRESSION,50
2023-06-12,1.1241593850075184,O2,LGBM_REGRESSION,50
2023-06-13,1.0941688856421758,O2,LGBM_REGRESSION,50
2023-06-14,1.0779140482202476,O2,LGBM_REGRESSION,50
2023-06-15,1.1032616570684703,O2,LGBM_REGRESSION,50
2023-06-16,1.101896144232407,O2,LGBM_REGRESSION,50
2023-06-19,1.064982446665778,O2,LGBM_REGRESSION,50
2023-06-20,1.0448485775798657,O2,LGBM_REGRESSION,50
2023-06-21,1.048396844243941,O2,LGBM_REGRESSION,50
2023-06-22,1.083528932017186,O2,LGBM_REGRESSION,50
2023-06-23,1.1208454020614194,O2,LGBM_REGRESSION,50
2023-06-26,1.1656318153896392,O2,LGBM_REGRESSION,50
2023-06-27,1.1928177373581468,O2,LGBM_REGRESSION,50
2023-07-03,1.2378409382225386,O2,LGBM_REGRESSION,50
2023-07-04,1.2411037739665074,O2,LGBM_REGRESSION,50
2023-07-05,1.2608155819397278,O2,LGBM_REGRESSION,50
2023-07-06,1.28297764264738,O2,LGBM_REGRESSION,50
2023-07-07,1.2968128254539293,O2,LGBM_REGRESSION,50
2023-07-10,1.3314854944505747,O2,LGBM_REGRESSION,50
2023-07-11,1.3179867718464493,O2,LGBM_REGRESSION,50
2023-07-12,1.2887516060075133,O2,LGBM_REGRESSION,50
2023-07-13,1.2742164209564537,O2,LGBM_REGRESSION,50
2023-07-14,1.2893658623839488,O2,LGBM_REGRESSION,50
2023-07-17,1.3192844206054322,O2,LGBM_REGRESSION,50
2023-07-18,1.2727467043416743,O2,LGBM_REGRESSION,50
2023-07-19,1.335383543234509,O2,LGBM_REGRESSION,50
2023-07-20,1.3677961816103412,O2,LGBM_REGRESSION,50
2023-07-21,1.3743388559014318,O2,LGBM_REGRESSION,50
2023-07-24,1.355669605675983,O2,LGBM_REGRESSION,50
2023-07-25,1.3191583162847484,O2,LGBM_REGRESSION,50
2023-07-26,1.3624547382298184,O2,LGBM_REGRESSION,50
2023-07-27,1.3955018045887106,O2,LGBM_REGRESSION,50
2023-07-28,1.4081614686039012,O2,LGBM_REGRESSION,50
2023-07-31,1.4373506105343554,O2,LGBM_REGRESSION,50
2023-08-01,1.4266473332544152,O2,LGBM_REGRESSION,50
2023-08-02,1.432299686438861,O2,LGBM_REGRESSION,50
2023-08-03,1.4219310265417953,O2,LGBM_REGRESSION,50
2023-08-04,1.4455796255443214,O2,LGBM_REGRESSION,50
2023-08-07,1.4776039013352775,O2,LGBM_REGRESSION,50
2023-08-08,1.4707319683628375,O2,LGBM_REGRESSION,50
2023-08-09,1.4937449557179712,O2,LGBM_REGRESSION,50
2023-08-10,1.4743804910023506,O2,LGBM_REGRESSION,50
2023-08-11,1.5320920135707137,O2,LGBM_REGRESSION,50
2023-08-14,1.51403257986161,O2,LGBM_REGRESSION,50
2023-08-15,1.5126777941642564,O2,LGBM_REGRESSION,50
2023-08-16,1.501954477660061,O2,LGBM_REGRESSION,50
2023-08-17,1.5223689109155814,O2,LGBM_REGRESSION,50
2023-08-18,1.4584980028947199,O2,LGBM_REGRESSION,50
2023-08-21,1.511761183818373,O2,LGBM_REGRESSION,50
2023-08-22,1.5238997848622917,O2,LGBM_REGRESSION,50
2023-08-23,1.481881023479377,O2,LGBM_REGRESSION,50
2023-08-24,1.432674696319096,O2,LGBM_REGRESSION,50
2023-08-25,1.4723502903222614,O2,LGBM_REGRESSION,50
2023-08-28,1.514460931077073,O2,LGBM_REGRESSION,50
2023-08-29,1.5232354570874858,O2,LGBM_REGRESSION,50
2023-08-31,1.5810305707530623,O2,LGBM_REGRESSION,50
2023-09-01,1.6280982155769395,O2,LGBM_REGRESSION,50
2023-09-04,1.6580352141619774,O2,LGBM_REGRESSION,50
2023-09-05,1.6925597307927953,O2,LGBM_REGRESSION,50
2023-09-06,1.7373764331840786,O2,LGBM_REGRESSION,50
2023-09-07,1.7747534886583345,O2,LGBM_REGRESSION,50
2023-09-08,1.7674806471189388,O2,LGBM_REGRESSION,50
2023-09-11,1.7371791041660225,O2,LGBM_REGRESSION,50
2023-09-12,1.7534233951981941,O2,LGBM_REGRESSION,50
2023-09-13,1.7538405725862911,O2,LGBM_REGRESSION,50
2023-09-14,1.7894909050397774,O2,LGBM_REGRESSION,50
2023-09-15,1.7353713922178666,O2,LGBM_REGRESSION,50
2023-09-18,1.7053766444283853,O2,LGBM_REGRESSION,50
2023-09-19,1.7547550832954464,O2,LGBM_REGRESSION,50
2023-09-20,1.7967827463181454,O2,LGBM_REGRESSION,50
2023-09-21,1.8957343396202808,O2,LGBM_REGRESSION,50
2023-09-22,1.963085560584841,O2,LGBM_REGRESSION,50
2023-09-25,2.0811562931436858,O2,LGBM_REGRESSION,50
2023-09-26,1.977116708580565,O2,LGBM_REGRESSION,50
2023-09-27,1.9294979126383514,O2,LGBM_REGRESSION,50
2023-09-28,1.8735386885985308,O2,LGBM_REGRESSION,50
2023-09-29,1.8461783431459895,O2,LGBM_REGRESSION,50
2023-10-02,1.896145318137618,O2,LGBM_REGRESSION,50
2023-10-03,1.9402437757816369,O2,LGBM_REGRESSION,50
2023-10-04,1.9022530568345701,O2,LGBM_REGRESSION,50
2023-10-05,1.9127598748399013,O2,LGBM_REGRESSION,50
2023-10-06,1.897171279933357,O2,LGBM_REGRESSION,50
2023-10-09,1.8286851771977195,O2,LGBM_REGRESSION,50
2023-10-10,1.8735711324164506,O2,LGBM_REGRESSION,50
2023-10-11,1.8227859145844818,O2,LGBM_REGRESSION,50
2023-10-12,1.7921122038119686,O2,LGBM_REGRESSION,50
2023-10-13,1.747612895768825,O2,LGBM_REGRESSION,50
2023-10-16,1.7061868689832231,O2,LGBM_REGRESSION,50
2023-10-17,1.7686921440313896,O2,LGBM_REGRESSION,50
2023-10-18,1.7651122619664377,O2,LGBM_REGRESSION,50
2023-10-19,1.7817769002107873,O2,LGBM_REGRESSION,50
2023-10-20,1.7185408716676147,O2,LGBM_REGRESSION,50
2023-10-23,1.8054476655267444,O2,LGBM_REGRESSION,50
2023-10-24,1.8887450102820045,O2,LGBM_REGRESSION,50
2023-10-25,1.7478757751562322,O2,LGBM_REGRESSION,50
2023-10-26,1.8458151549174722,O2,LGBM_REGRESSION,50
2023-10-27,1.9078513433776978,O2,LGBM_REGRESSION,50
2023-10-30,1.959804050400301,O2,LGBM_REGRESSION,50
2023-02-02,1.0,O2,LGBM_REGRESSION,100
2023-02-03,1.0335501525386506,O2,LGBM_REGRESSION,100
2023-02-06,1.0147434703062346,O2,LGBM_REGRESSION,100
2023-02-07,0.9231513562052335,O2,LGBM_REGRESSION,100
2023-02-08,0.8530843239684645,O2,LGBM_REGRESSION,100
2023-02-15,1.003698484230909,O2,LGBM_REGRESSION,100
2023-02-16,1.003387226081138,O2,LGBM_REGRESSION,100
2023-02-17,1.0150133402503227,O2,LGBM_REGRESSION,100
2023-02-20,1.0637054888533117,O2,LGBM_REGRESSION,100
2023-02-21,1.0793036141725503,O2,LGBM_REGRESSION,100
2023-02-22,1.0541632353434174,O2,LGBM_REGRESSION,100
2023-02-23,1.0690874380452389,O2,LGBM_REGRESSION,100
2023-02-24,1.0790183641015825,O2,LGBM_REGRESSION,100
2023-02-27,1.0747618239138266,O2,LGBM_REGRESSION,100
2023-02-28,1.0826810749798346,O2,LGBM_REGRESSION,100
2023-03-01,1.0964870802724265,O2,LGBM_REGRESSION,100
2023-03-02,1.1091211374424925,O2,LGBM_REGRESSION,100
2023-03-03,1.0950536025542739,O2,LGBM_REGRESSION,100
2023-03-06,1.129660638504799,O2,LGBM_REGRESSION,100
2023-03-07,1.143727686835998,O2,LGBM_REGRESSION,100
2023-03-08,1.1406554964269129,O2,LGBM_REGRESSION,100
2023-03-09,1.148636015884706,O2,LGBM_REGRESSION,100
2023-03-10,1.1418789183528086,O2,LGBM_REGRESSION,100
2023-03-13,1.1220594961735548,O2,LGBM_REGRESSION,100
2023-03-14,1.093154265267412,O2,LGBM_REGRESSION,100
2023-03-15,1.0605363488370596,O2,LGBM_REGRESSION,100
2023-03-16,1.0755592855657,O2,LGBM_REGRESSION,100
2023-03-17,1.062319540679345,O2,LGBM_REGRESSION,100
2023-03-20,1.028000047986887,O2,LGBM_REGRESSION,100
2023-03-21,1.0162562164841988,O2,LGBM_REGRESSION,100
2023-03-22,1.0406390484510293,O2,LGBM_REGRESSION,100
2023-03-23,1.0493028656393255,O2,LGBM_REGRESSION,100
2023-03-24,1.0304358214199185,O2,LGBM_REGRESSION,100
2023-03-27,1.0220162827698969,O2,LGBM_REGRESSION,100
2023-03-28,0.9794127914376555,O2,LGBM_REGRESSION,100
2023-03-29,0.9841841315873386,O2,LGBM_REGRESSION,100
2023-03-30,0.9818408895405639,O2,LGBM_REGRESSION,100
2023-03-31,0.9699316989516512,O2,LGBM_REGRESSION,100
2023-04-03,0.9702705998293683,O2,LGBM_REGRESSION,100
2023-04-04,0.994772108939324,O2,LGBM_REGRESSION,100
2023-04-05,0.9862826816691379,O2,LGBM_REGRESSION,100
2023-04-06,0.9743689792025108,O2,LGBM_REGRESSION,100
2023-04-07,0.9863999328159564,O2,LGBM_REGRESSION,100
2023-04-10,1.013482318523994,O2,LGBM_REGRESSION,100
2023-04-11,1.0229040727988221,O2,LGBM_REGRESSION,100
2023-04-12,1.025841893251005,O2,LGBM_REGRESSION,100
2023-04-13,1.0222504929690812,O2,LGBM_REGRESSION,100
2023-04-14,1.0178279459487811,O2,LGBM_REGRESSION,100
2023-04-17,1.0102774421662046,O2,LGBM_REGRESSION,100
2023-04-18,0.9942237599342534,O2,LGBM_REGRESSION,100
2023-04-19,0.9947649952494815,O2,LGBM_REGRESSION,100
2023-04-20,0.9872119053968692,O2,LGBM_REGRESSION,100
2023-04-24,0.9845577645092025,O2,LGBM_REGRESSION,100
2023-04-25,0.9634280362709758,O2,LGBM_REGRESSION,100
2023-04-26,0.9409195623474944,O2,LGBM_REGRESSION,100
2023-04-27,0.9342452568062057,O2,LGBM_REGRESSION,100
2023-04-28,0.9055382271313807,O2,LGBM_REGRESSION,100
2023-05-02,0.8687836376305456,O2,LGBM_REGRESSION,100
2023-05-03,0.8497526978255691,O2,LGBM_REGRESSION,100
2023-05-04,0.8537390572303887,O2,LGBM_REGRESSION,100
2023-05-05,0.8417712345701789,O2,LGBM_REGRESSION,100
2023-05-08,0.8580054060102477,O2,LGBM_REGRESSION,100
2023-05-09,0.8455575996576385,O2,LGBM_REGRESSION,100
2023-05-10,0.8259587947086613,O2,LGBM_REGRESSION,100
2023-05-11,0.8786097529074502,O2,LGBM_REGRESSION,100
2023-05-12,0.8624584959219084,O2,LGBM_REGRESSION,100
2023-05-15,0.8390347843973037,O2,LGBM_REGRESSION,100
2023-05-16,0.8753911508213731,O2,LGBM_REGRESSION,100
2023-05-17,0.8930928531181599,O2,LGBM_REGRESSION,100
2023-05-18,0.8613704081795857,O2,LGBM_REGRESSION,100
2023-05-22,0.8718626877687516,O2,LGBM_REGRESSION,100
2023-05-23,0.8856451550737257,O2,LGBM_REGRESSION,100
2023-05-24,0.8890643302675187,O2,LGBM_REGRESSION,100
2023-05-25,0.9068293881770595,O2,LGBM_REGRESSION,100
2023-05-26,0.9379102023830964,O2,LGBM_REGRESSION,100
2023-05-29,0.984386148856046,O2,LGBM_REGRESSION,100
2023-05-30,1.0202118470548265,O2,LGBM_REGRESSION,100
2023-05-31,0.9973758119018934,O2,LGBM_REGRESSION,100
2023-06-01,1.017409378441365,O2,LGBM_REGRESSION,100
2023-06-02,1.0460020999177793,O2,LGBM_REGRESSION,100
2023-06-05,1.0737734025785532,O2,LGBM_REGRESSION,100
2023-06-06,1.0589237379023118,O2,LGBM_REGRESSION,100
2023-06-07,1.084462863696051,O2,LGBM_REGRESSION,100
2023-06-08,1.0771133688949783,O2,LGBM_REGRESSION,100
2023-06-09,1.117970766391581,O2,LGBM_REGRESSION,100
2023-06-12,1.1111349028633455,O2,LGBM_REGRESSION,100
2023-06-13,1.081320160982113,O2,LGBM_REGRESSION,100
2023-06-14,1.0651605840390153,O2,LGBM_REGRESSION,100
2023-06-15,1.0903596447785482,O2,LGBM_REGRESSION,100
2023-06-16,1.0890021344467997,O2,LGBM_REGRESSION,100
2023-06-19,1.052304767343178,O2,LGBM_REGRESSION,100
2023-06-20,1.0322888915635076,O2,LGBM_REGRESSION,100
2023-06-21,1.035816363828189,O2,LGBM_REGRESSION,100
2023-06-22,1.0707425621534667,O2,LGBM_REGRESSION,100
2023-06-23,1.107840341311265,O2,LGBM_REGRESSION,100
2023-06-26,1.1523642866080925,O2,LGBM_REGRESSION,100
2023-06-27,1.1793908871464966,O2,LGBM_REGRESSION,100
2023-07-03,1.2241502323006477,O2,LGBM_REGRESSION,100
2023-07-04,1.227393946395642,O2,LGBM_REGRESSION,100
2023-07-05,1.2469902345259136,O2,LGBM_REGRESSION,100
2023-07-06,1.2690224158345857,O2,LGBM_REGRESSION,100
2023-07-07,1.2827765183999342,O2,LGBM_REGRESSION,100
2023-07-10,1.3172459903442062,O2,LGBM_REGRESSION,100
2023-07-11,1.303826376176879,O2,LGBM_REGRESSION,100
2023-07-12,1.2747625412361987,O2,LGBM_REGRESSION,100
2023-07-13,1.2603125387466076,O2,LGBM_REGRESSION,100
2023-07-14,1.2753731978007739,O2,LGBM_REGRESSION,100
2023-07-17,1.3051164201448129,O2,LGBM_REGRESSION,100
2023-07-18,1.2588514353160043,O2,LGBM_REGRESSION,100
2023-07-19,1.321121194852063,O2,LGBM_REGRESSION,100
2023-07-20,1.3533438809465104,O2,LGBM_REGRESSION,100
2023-07-21,1.3598482122957665,O2,LGBM_REGRESSION,100
2023-07-24,1.34128837206746,O2,LGBM_REGRESSION,100
2023-07-25,1.3049910548507744,O2,LGBM_REGRESSION,100
2023-07-26,1.3480337407676661,O2,LGBM_REGRESSION,100
2023-07-27,1.3808871368188482,O2,LGBM_REGRESSION,100
2023-07-28,1.3934726096486947,O2,LGBM_REGRESSION,100
2023-07-31,1.4224906904011887,O2,LGBM_REGRESSION,100
2023-08-01,1.4118501390219922,O2,LGBM_REGRESSION,100
2023-08-02,1.4174693669369018,O2,LGBM_REGRESSION,100
2023-08-03,1.4071614719359091,O2,LGBM_REGRESSION,100
2023-08-04,1.4177733685105451,O2,LGBM_REGRESSION,100
2023-08-07,1.4494657071041017,O2,LGBM_REGRESSION,100
2023-08-08,1.4426650029140546,O2,LGBM_REGRESSION,100
2023-08-09,1.4654394566462479,O2,LGBM_REGRESSION,100
2023-08-10,1.4462757079808137,O2,LGBM_REGRESSION,100
2023-08-11,1.5033890405640535,O2,LGBM_REGRESSION,100
2023-08-14,1.4855167960314088,O2,LGBM_REGRESSION,100
2023-08-15,1.4841760529238204,O2,LGBM_REGRESSION,100
2023-08-16,1.4735638854632587,O2,LGBM_REGRESSION,100
2023-08-17,1.4937667195617657,O2,LGBM_REGRESSION,100
2023-08-18,1.4305578446292455,O2,LGBM_REGRESSION,100
2023-08-21,1.4832689434038513,O2,LGBM_REGRESSION,100
2023-08-22,1.4952817257333306,O2,LGBM_REGRESSION,100
2023-08-23,1.453698496132077,O2,LGBM_REGRESSION,100
2023-08-24,1.4050022011248573,O2,LGBM_REGRESSION,100
2023-08-25,1.4442665506844472,O2,LGBM_REGRESSION,100
2023-08-28,1.485940707311902,O2,LGBM_REGRESSION,100
2023-08-29,1.4946242838316404,O2,LGBM_REGRESSION,100
2023-08-31,1.5518203410758085,O2,LGBM_REGRESSION,100
2023-09-01,1.5984001215616133,O2,LGBM_REGRESSION,100
2023-09-04,1.628026817941107,O2,LGBM_REGRESSION,100
2023-09-05,1.6621934819426636,O2,LGBM_REGRESSION,100
2023-09-06,1.7065456514063155,O2,LGBM_REGRESSION,100
2023-09-07,1.7435352871892675,O2,LGBM_REGRESSION,100
2023-09-08,1.7363378299194019,O2,LGBM_REGRESSION,100
2023-09-11,1.7063503677379075,O2,LGBM_REGRESSION,100
2023-09-12,1.7224262838636755,O2,LGBM_REGRESSION,100
2023-09-13,1.7228391371354697,O2,LGBM_REGRESSION,100
2023-09-14,1.7581199476825682,O2,LGBM_REGRESSION,100
2023-09-15,1.7045613930390089,O2,LGBM_REGRESSION,100
2023-09-18,1.6748775460356349,O2,LGBM_REGRESSION,100
2023-09-19,1.7237441687818107,O2,LGBM_REGRESSION,100
2023-09-20,1.7653362077558024,O2,LGBM_REGRESSION,100
2023-09-21,1.8632621505553841,O2,LGBM_REGRESSION,100
2023-09-22,1.9299152643816495,O2,LGBM_REGRESSION,100
2023-09-25,2.0467621732288737,O2,LGBM_REGRESSION,100
2023-09-26,1.9438009770840852,O2,LGBM_REGRESSION,100
2023-09-27,1.8966757582572997,O2,LGBM_REGRESSION,100
2023-09-28,1.8412965613230938,O2,LGBM_REGRESSION,100
2023-09-29,1.8142198106175083,O2,LGBM_REGRESSION,100
2023-10-02,1.8636688692087946,O2,LGBM_REGRESSION,100
2023-10-03,1.90731023865711,O2,LGBM_REGRESSION,100
2023-10-04,1.8697133001301467,O2,LGBM_REGRESSION,100
2023-10-05,1.8801112131364999,O2,LGBM_REGRESSION,100
2023-10-06,1.8646841967317913,O2,LGBM_REGRESSION,100
2023-10-09,1.7969079643817099,O2,LGBM_REGRESSION,100
2023-10-10,1.8413286688551889,O2,LGBM_REGRESSION,100
2023-10-11,1.7910698486531458,O2,LGBM_REGRESSION,100
2023-10-12,1.7607140762363394,O2,LGBM_REGRESSION,100
2023-10-13,1.716676011273116,O2,LGBM_REGRESSION,100
2023-10-16,1.675679372471816,O2,LGBM_REGRESSION,100
2023-10-17,1.7375367694553043,O2,LGBM_REGRESSION,100
2023-10-18,1.733993993491593,O2,LGBM_REGRESSION,100
2023-10-19,1.7504858998574582,O2,LGBM_REGRESSION,100
2023-10-20,1.6879053237662403,O2,LGBM_REGRESSION,100
2023-10-23,1.773911313567322,O2,LGBM_REGRESSION,100
2023-10-24,1.8563452668332836,O2,LGBM_REGRESSION,100
2023-10-25,1.7169361658698776,O2,LGBM_REGRESSION,100
2023-10-26,1.8138603868982495,O2,LGBM_REGRESSION,100
2023-10-27,1.8752535594579989,O2,LGBM_REGRESSION,100
2023-10-30,1.9266677676218311,O2,LGBM_REGRESSION,100
2023-02-02,1.0,O2,LAMBDAMART,0
2023-02-03,1.044883552718635,O2,LAMBDAMART,0
2023-02-06,1.0396512794480017,O2,LAMBDAMART,0
2023-02-07,0.9442010708147752,O2,LAMBDAMART,0
2023-02-08,0.860874770740623,O2,LAMBDAMART,0
2023-02-15,1.0254026629125979,O2,LAMBDAMART,0
2023-02-16,1.019922495182734,O2,LAMBDAMART,0
2023-02-17,1.0251658241080597,O2,LAMBDAMART,0
2023-02-20,1.0749120863240313,O2,LAMBDAMART,0
2023-02-21,1.1016606949653167,O2,LAMBDAMART,0
2023-02-22,1.0806984913919724,O2,LAMBDAMART,0
2023-02-23,1.0917570808738821,O2,LAMBDAMART,0
2023-02-24,1.1116438338621253,O2,LAMBDAMART,0
2023-02-27,1.1142847947335062,O2,LAMBDAMART,0
2023-02-28,1.1118667509270532,O2,LAMBDAMART,0
2023-03-01,1.1173605367155433,O2,LAMBDAMART,0
2023-03-02,1.1164813020911541,O2,LAMBDAMART,0
2023-03-03,1.0942547190724339,O2,LAMBDAMART,0
2023-03-06,1.1263048362463792,O2,LAMBDAMART,0
2023-03-07,1.129400359496598,O2,LAMBDAMART,0
2023-03-08,1.1227590655062971,O2,LAMBDAMART,0
2023-03-09,1.1366082953262697,O2,LAMBDAMART,0
2023-03-10,1.1175972075056977,O2,LAMBDAMART,0
2023-03-13,1.09694729503773,O2,LAMBDAMART,0
2023-03-14,1.0926377648703935,O2,LAMBDAMART,0
2023-03-15,1.0578499062563111,O2,LAMBDAMART,0
2023-03-16,1.0732288317351737,O2,LAMBDAMART,0
2023-03-17,1.0639935840279915,O2,LAMBDAMART,0
2023-03-20,1.0337531260943202,O2,LAMBDAMART,0
2023-03-21,1.0069820377710157,O2,LAMBDAMART,0
2023-03-22,1.0392294554918258,O2,LAMBDAMART,0
2023-03-23,1.0547369662499007,O2,LAMBDAMART,0
2023-03-24,1.0355611141423118,O2,LAMBDAMART,0
2023-03-27,1.0303212972033984,O2,LAMBDAMART,0
2023-03-28,0.9794898607226691,O2,LAMBDAMART,0
2023-03-29,0.9838834526686071,O2,LAMBDAMART,0
2023-03-30,0.9816495261278007,O2,LAMBDAMART,0
2023-03-31,0.9664890738392097,O2,LAMBDAMART,0
2023-04-03,0.9646438981515637,O2,LAMBDAMART,0
2023-04-04,0.9982391275372842,O2,LAMBDAMART,0
2023-04-05,0.9840958837930273,O2,LAMBDAMART,0
2023-04-06,0.9768820055386772,O2,LAMBDAMART,0
2023-04-07,0.9859839902610588,O2,LAMBDAMART,0
2023-04-10,1.0149812934291307,O2,LAMBDAMART,0
2023-04-11,1.0239649960348554,O2,LAMBDAMART,0
2023-04-12,1.0297002666796442,O2,LAMBDAMART,0
2023-04-13,1.0285206983654047,O2,LAMBDAMART,0
2023-04-14,1.0216123906872856,O2,LAMBDAMART,0
2023-04-17,1.010666823491123,O2,LAMBDAMART,0
2023-04-18,1.0008110713886764,O2,LAMBDAMART,0
2023-04-19,1.005560498035892,O2,LAMBDAMART,0
2023-04-20,0.9941044392977687,O2,LAMBDAMART,0
2023-04-24,0.9905100725187891,O2,LAMBDAMART,0
2023-04-25,0.9660022999017723,O2,LAMBDAMART,0
2023-04-26,0.9386591809799364,O2,LAMBDAMART,0
2023-04-27,0.9246960277172327,O2,LAMBDAMART,0
2023-04-28,0.9020525972578941,O2,LAMBDAMART,0
2023-05-02,0.8607318319705544,O2,LAMBDAMART,0
2023-05-03,0.8438845726352522,O2,LAMBDAMART,0
2023-05-04,0.842757381608678,O2,LAMBDAMART,0
2023-05-05,0.8293493147302499,O2,LAMBDAMART,0
2023-05-08,0.8531706371901169,O2,LAMBDAMART,0
2023-05-09,0.848536975194282,O2,LAMBDAMART,0
2023-05-10,0.8338151903705423,O2,LAMBDAMART,0
2023-05-11,0.877479903822887,O2,LAMBDAMART,0
2023-05-12,0.870942426571984,O2,LAMBDAMART,0
2023-05-15,0.831110841598138,O2,LAMBDAMART,0
2023-05-16,0.8329543039462537,O2,LAMBDAMART,0
2023-05-17,0.8492754190075387,O2,LAMBDAMART,0
2023-05-18,0.8249388721698047,O2,LAMBDAMART,0
2023-05-22,0.8125668360381766,O2,LAMBDAMART,0
2023-05-23,0.8108790799316021,O2,LAMBDAMART,0
2023-05-24,0.7980938372065185,O2,LAMBDAMART,0
2023-05-25,0.8044670519772323,O2,LAMBDAMART,0
2023-05-26,0.8331819629648118,O2,LAMBDAMART,0
2023-05-29,0.8777747724139869,O2,LAMBDAMART,0
2023-05-30,0.9126809926248335,O2,LAMBDAMART,0
2023-05-31,0.9098860681492916,O2,LAMBDAMART,0
2023-06-01,0.9197346258739404,O2,LAMBDAMART,0
2023-06-02,0.9441091119920878,O2,LAMBDAMART,0
2023-06-05,0.9829630961037491,O2,LAMBDAMART,0
2023-06-06,0.9761581095102405,O2,LAMBDAMART,0
2023-06-07,1.0038182169901793,O2,LAMBDAMART,0
2023-06-08,0.9996672907840536,O2,LAMBDAMART,0
2023-06-09,1.0158123407450501,O2,LAMBDAMART,0
2023-06-12,1.0273723654438336,O2,LAMBDAMART,0
2023-06-13,1.0037480596247914,O2,LAMBDAMART,0
2023-06-14,0.9861555896786364,O2,LAMBDAMART,0
2023-06-15,1.0013080735698776,O2,LAMBDAMART,0
2023-06-16,1.0040546887854231,O2,LAMBDAMART,0
2023-06-19,0.9655582574459814,O2,LAMBDAMART,0
2023-06-20,0.9639761037272168,O2,LAMBDAMART,0
2023-06-21,0.9483003570517764,O2,LAMBDAMART,0
2023-06-22,0.9872598983646609,O2,LAMBDAMART,0
2023-06-23,1.0159633257217355,O2,LAMBDAMART,0
2023-06-26,1.0522585232740342,O2,LAMBDAMART,0
2023-06-27,1.0709056274559663,O2,LAMBDAMART,0
2023-07-03,1.11531600219734,O2,LAMBDAMART,0
2023-07-04,1.1153543864643112,O2,LAMBDAMART,0
2023-07-05,1.136777267175114,O2,LAMBDAMART,0
2023-07-06,1.13964173615588,O2,LAMBDAMART,0
2023-07-07,1.1445232261852885,O2,LAMBDAMART,0
2023-07-10,1.1753538572736437,O2,LAMBDAMART,0
2023-07-11,1.1825783012931834,O2,LAMBDAMART,0
2023-07-12,1.1861804629545856,O2,LAMBDAMART,0
2023-07-13,1.177822765072378,O2,LAMBDAMART,0
2023-07-14,1.1954380831382987,O2,LAMBDAMART,0
2023-07-17,1.2087708576831817,O2,LAMBDAMART,0
2023-07-18,1.1660123879758424,O2,LAMBDAMART,0
2023-07-19,1.19918487534321,O2,LAMBDAMART,0
2023-07-20,1.2236965645894011,O2,LAMBDAMART,0
2023-07-21,1.22877913959375,O2,LAMBDAMART,0
2023-07-24,1.22702358750106,O2,LAMBDAMART,0
2023-07-25,1.2273319248389205,O2,LAMBDAMART,0
2023-07-26,1.2426821644172599,O2,LAMBDAMART,0
2023-07-27,1.2643870546191103,O2,LAMBDAMART,0
2023-07-28,1.2875983666183872,O2,LAMBDAMART,0
2023-07-31,1.3033995455818084,O2,LAMBDAMART,0
2023-08-01,1.2836111956344978,O2,LAMBDAMART,0
2023-08-02,1.3008764656489764,O2,LAMBDAMART,0
2023-08-03,1.2911176376197446,O2,LAMBDAMART,0
2023-08-04,1.3221346287513351,O2,LAMBDAMART,0
2023-08-07,1.3578429282649678,O2,LAMBDAMART,0
2023-08-08,1.3419224405998575,O2,LAMBDAMART,0
2023-08-09,1.3995160187639586,O2,LAMBDAMART,0
2023-08-10,1.3580354273095128,O2,LAMBDAMART,0
2023-08-11,1.4182910163991673,O2,LAMBDAMART,0
2023-08-14,1.446933662385669,O2,LAMBDAMART,0
2023-08-15,1.4490148686108826,O2,LAMBDAMART,0
2023-08-16,1.4544048526927231,O2,LAMBDAMART,0
2023-08-17,1.4825887477051214,O2,LAMBDAMART,0
2023-08-18,1.412589394113483,O2,LAMBDAMART,0
2023-08-21,1.459990408450135,O2,LAMBDAMART,0
2023-08-22,1.4403116293358555,O2,LAMBDAMART,0
2023-08-23,1.4330473802027857,O2,LAMBDAMART,0
2023-08-24,1.428670581361742,O2,LAMBDAMART,0
2023-08-25,1.4651538435838547,O2,LAMBDAMART,0
2023-08-28,1.5153766014130672,O2,LAMBDAMART,0
2023-08-29,1.5369584096069286,O2,LAMBDAMART,0
2023-08-31,1.511948582350726,O2,LAMBDAMART,0
2023-09-01,1.5364460755152018,O2,LAMBDAMART,0
2023-09-04,1.5750916731677125,O2,LAMBDAMART,0
2023-09-05,1.599259239129161,O2,LAMBDAMART,0
2023-09-06,1.5954339136007825,O2,LAMBDAMART,0
2023-09-07,1.6535936868889094,O2,LAMBDAMART,0
2023-09-08,1.6631243202241688,O2,LAMBDAMART,0
2023-09-11,1.6143543076051017,O2,LAMBDAMART,0
2023-09-12,1.6119847648289334,O2,LAMBDAMART,0
2023-09-13,1.5780856355295425,O2,LAMBDAMART,0
2023-09-14,1.5900175391054687,O2,LAMBDAMART,0
2023-09-15,1.5822264658913983,O2,LAMBDAMART,0
2023-09-18,1.5248828691367475,O2,LAMBDAMART,0
2023-09-19,1.5372337636869062,O2,LAMBDAMART,0
2023-09-20,1.5311439518180616,O2,LAMBDAMART,0
2023-09-21,1.5897627252100042,O2,LAMBDAMART,0
2023-09-22,1.6044117163220701,O2,LAMBDAMART,0
2023-09-25,1.65086154472642,O2,LAMBDAMART,0
2023-09-26,1.6543732762898296,O2,LAMBDAMART,0
2023-09-27,1.6560051960809004,O2,LAMBDAMART,0
2023-09-28,1.6596005550143877,O2,LAMBDAMART,0
2023-09-29,1.678091227459683,O2,LAMBDAMART,0
2023-10-02,1.7283963538691314,O2,LAMBDAMART,0
2023-10-03,1.7422703604895697,O2,LAMBDAMART,0
2023-10-04,1.705282539268213,O2,LAMBDAMART,0
2023-10-05,1.7680195317127578,O2,LAMBDAMART,0
2023-10-06,1.7471849785721063,O2,LAMBDAMART,0
2023-10-09,1.677140257761379,O2,LAMBDAMART,0
2023-10-10,1.7556788866132393,O2,LAMBDAMART,0
2023-10-11,1.7252012063650697,O2,LAMBDAMART,0
2023-10-12,1.6803489827124496,O2,LAMBDAMART,0
2023-10-13,1.6520193304327433,O2,LAMBDAMART,0
2023-10-16,1.6184009079959443,O2,LAMBDAMART,0
2023-10-17,1.6549782152850971,O2,LAMBDAMART,0
2023-10-18,1.5817174738520194,O2,LAMBDAMART,0
2023-10-19,1.5658463508040814,O2,LAMBDAMART,0
2023-10-20,1.497433995922758,O2,LAMBDAMART,0
2023-10-23,1.54189208409662,O2,LAMBDAMART,0
2023-10-24,1.6029580418283558,O2,LAMBDAMART,0
2023-10-25,1.4809290625896898,O2,LAMBDAMART,0
2023-10-26,1.5140326022512132,O2,LAMBDAMART,0
2023-10-27,1.5233838521772203,O2,LAMBDAMART,0
2023-10-30,1.529109608313001,O2,LAMBDAMART,0
2023-02-02,1.0,O2,LAMBDAMART,30
2023-02-03,1.0418835527186352,O2,LAMBDAMART,30
2023-02-06,1.0366512794480016,O2,LAMBDAMART,30
2023-02-07,0.9412010708147752,O2,LAMBDAMART,30
2023-02-08,0.857874770740623,O2,LAMBDAMART,30
2023-02-15,1.022402662912598,O2,LAMBDAMART,30
2023-02-16,1.016922495182734,O2,LAMBDAMART,30
2023-02-17,1.0221658241080598,O2,LAMBDAMART,30
2023-02-20,1.0719120863240312,O2,LAMBDAMART,30
2023-02-21,1.0986606949653166,O2,LAMBDAMART,30
2023-02-22,1.0776984913919723,O2,LAMBDAMART,30
2023-02-23,1.0887570808738822,O2,LAMBDAMART,30
2023-02-24,1.1086438338621254,O2,LAMBDAMART,30
2023-02-27,1.111284794733506,O2,LAMBDAMART,30
2023-02-28,1.1088667509270533,O2,LAMBDAMART,30
2023-03-01,1.1143605367155434,O2,LAMBDAMART,30
2023-03-02,1.1134813020911543,O2,LAMBDAMART,30
2023-03-03,1.091254719072434,O2,LAMBDAMART,30
2023-03-06,1.1233048362463793,O2,LAMBDAMART,30
2023-03-07,1.126400359496598,O2,LAMBDAMART,30
2023-03-08,1.119759065506297,O2,LAMBDAMART,30
2023-03-09,1.1336082953262696,O2,LAMBDAMART,30
2023-03-10,1.1145972075056976,O2,LAMBDAMART,30
2023-03-13,1.09394729503773,O2,LAMBDAMART,30
2023-03-14,1.0896377648703934,O2,LAMBDAMART,30
2023-03-15,1.054849906256311,O2,LAMBDAMART,30
2023-03-16,1.0702288317351736,O2,LAMBDAMART,30
2023-03-17,1.0609935840279916,O2,LAMBDAMART,30
2023-03-20,1.0307531260943201,O2,LAMBDAMART,30
2023-03-21,1.0039820377710158,O2,LAMBDAMART,30
2023-03-22,1.0362294554918257,O2,LAMBDAMART,30
2023-03-23,1.0517369662499005,O2,LAMBDAMART,30
2023-03-24,1.0325611141423119,O2,LAMBDAMART,30
2023-03-27,1.0273212972033985,O2,LAMBDAMART,30
2023-03-28,0.9764898607226691,O2,LAMBDAMART,30
2023-03-29,0.9808834526686071,O2,LAMBDAMART,30
2023-03-30,0.9786495261278005,O2,LAMBDAMART,30
2023-03-31,0.9634890738392097,O2,LAMBDAMART,30
2023-04-03,0.9616438981515638,O2,LAMBDAMART,30
2023-04-04,0.9952391275372842,O2,LAMBDAMART,30
2023-04-05,0.9810958837930273,O2,LAMBDAMART,30
2023-04-06,0.9738820055386772,O2,LAMBDAMART,30
2023-04-07,0.9829839902610588,O2,LAMBDAMART,30
2023-04-10,1.0119812934291308,O2,LAMBDAMART,30
2023-04-11,1.0209649960348552,O2,LAMBDAMART,30
2023-04-12,1.026700266679644,O2,LAMBDAMART,30
2023-04-13,1.0255206983654046,O2,LAMBDAMART,30
2023-04-14,1.0186123906872857,O2,LAMBDAMART,30
2023-04-17,1.0076668234911228,O2,LAMBDAMART,30
2023-04-18,0.9978110713886763,O2,LAMBDAMART,30
2023-04-19,1.002560498035892,O2,LAMBDAMART,30
2023-04-20,0.9911044392977687,O2,LAMBDAMART,30
2023-04-24,0.987510072518789,O2,LAMBDAMART,30
2023-04-25,0.9630022999017723,O2,LAMBDAMART,30
2023-04-26,0.9356591809799364,O2,LAMBDAMART,30
2023-04-27,0.9216960277172327,O2,LAMBDAMART,30
2023-04-28,0.899052597257894,O2,LAMBDAMART,30
2023-05-02,0.8577318319705544,O2,LAMBDAMART,30
2023-05-03,0.8408845726352523,O2,LAMBDAMART,30
2023-05-04,0.8397573816086781,O2,LAMBDAMART,30
2023-05-05,0.82634931473025,O2,LAMBDAMART,30
2023-05-08,0.8451006892482873,O2,LAMBDAMART,30
2023-05-09,0.8404836439231574,O2,LAMBDAMART,30
2023-05-10,0.8258146525597143,O2,LAMBDAMART,30
2023-05-11,0.8693227809686274,O2,LAMBDAMART,30
2023-05-12,0.8628087476173477,O2,LAMBDAMART,30
2023-05-15,0.8231200017914078,O2,LAMBDAMART,30
2023-05-16,0.8249568533408024,O2,LAMBDAMART,30
2023-05-17,0.8412194396197216,O2,LAMBDAMART,30
2023-05-18,0.8169701655233447,O2,LAMBDAMART,30
2023-05-22,0.8046424964712607,O2,LAMBDAMART,30
2023-05-23,0.8029607927887689,O2,LAMBDAMART,30
2023-05-24,0.7902213989340684,O2,LAMBDAMART,30
2023-05-25,0.7965717588631317,O2,LAMBDAMART,30
2023-05-26,0.8251836959564922,O2,LAMBDAMART,30
2023-05-29,0.8696165921381277,O2,LAMBDAMART,30
2023-05-30,0.904397635940483,O2,LAMBDAMART,30
2023-05-31,0.9016127342805238,O2,LAMBDAMART,30
2023-06-01,0.9114259743145905,O2,LAMBDAMART,30
2023-06-02,0.9357130516381832,O2,LAMBDAMART,30
2023-06-05,0.9744277023543266,O2,LAMBDAMART,30
2023-06-06,0.9676471189696578,O2,LAMBDAMART,30
2023-06-07,0.9952080351624304,O2,LAMBDAMART,30
2023-06-08,0.9910719944990891,O2,LAMBDAMART,30
2023-06-09,1.0071591470608021,O2,LAMBDAMART,30
2023-06-12,1.0186777166159142,O2,LAMBDAMART,30
2023-06-13,0.9951381293867874,O2,LAMBDAMART,30
2023-06-14,0.9776087474000572,O2,LAMBDAMART,30
2023-06-15,0.9927068933107963,O2,LAMBDAMART,30
2023-06-16,0.9954436589515062,O2,LAMBDAMART,30
2023-06-19,0.9570852787956556,O2,LAMBDAMART,30
2023-06-20,0.9555087988026337,O2,LAMBDAMART,30
2023-06-21,0.9398892665685565,O2,LAMBDAMART,30
2023-06-22,0.9787090959496262,O2,LAMBDAMART,30
2023-06-23,1.0073095905936704,O2,LAMBDAMART,30
2023-06-26,1.043474630757182,O2,LAMBDAMART,30
2023-06-27,1.0620548649796582,O2,LAMBDAMART,30
2023-07-03,1.1063059806784805,O2,LAMBDAMART,30
2023-07-04,1.1063442272964983,O2,LAMBDAMART,30
2023-07-05,1.127690283898282,O2,LAMBDAMART,30
2023-07-06,1.130544480671485,O2,LAMBDAMART,30
2023-07-07,1.1354084652996705,O2,LAMBDAMART,30
2023-07-10,1.166128535357704,O2,LAMBDAMART,30
2023-07-11,1.1733270719615954,O2,LAMBDAMART,30
2023-07-12,1.1769163159923617,O2,LAMBDAMART,30
2023-07-13,1.1685885894619024,O2,LAMBDAMART,30
2023-07-14,1.1861407376332715,O2,LAMBDAMART,30
2023-07-17,1.1994256998162696,O2,LAMBDAMART,30
2023-07-18,1.1568205652921217,O2,LAMBDAMART,30
2023-07-19,1.189874093551219,O2,LAMBDAMART,30
2023-07-20,1.2142978819818147,O2,LAMBDAMART,30
2023-07-21,1.21936223047865,O2,LAMBDAMART,30
2023-07-24,1.217612973931698,O2,LAMBDAMART,30
2023-07-25,1.2179202055479907,O2,LAMBDAMART,30
2023-07-26,1.233215397978621,O2,LAMBDAMART,30
2023-07-27,1.254842452763582,O2,LAMBDAMART,30
2023-07-28,1.27797052720076,O2,LAMBDAMART,30
2023-07-31,1.2937150419129209,O2,LAMBDAMART,30
2023-08-01,1.2739976545207488,O2,LAMBDAMART,30
2023-08-02,1.2912010099400921,O2,LAMBDAMART,30
2023-08-03,1.2814771778238065,O2,LAMBDAMART,30
2023-08-04,1.3045496972769206,O2,LAMBDAMART,30
2023-08-07,1.3399918476120074,O2,LAMBDAMART,30
2023-08-08,1.32419002212829,O2,LAMBDAMART,30
2023-08-09,1.3813543308024772,O2,LAMBDAMART,30
2023-08-10,1.3401829118791118,O2,LAMBDAMART,30
2023-08-11,1.3999893903766223,O2,LAMBDAMART,30
2023-08-14,1.4284185505123683,O2,LAMBDAMART,30
2023-08-15,1.4304842446203776,O2,LAMBDAMART,30
2023-08-16,1.4358340548531328,O2,LAMBDAMART,30
2023-08-17,1.4638078832813488,O2,LAMBDAMART,30
2023-08-18,1.394330264712407,O2,LAMBDAMART,30
2023-08-21,1.4413779790823897,O2,LAMBDAMART,30
2023-08-22,1.4218458742978148,O2,LAMBDAMART,30
2023-08-23,1.4146357687102473,O2,LAMBDAMART,30
2023-08-24,1.4102915920167736,O2,LAMBDAMART,30
2023-08-25,1.4465029289329108,O2,LAMBDAMART,30
2023-08-28,1.4963513551383099,O2,LAMBDAMART,30
2023-08-29,1.5177723049154843,O2,LAMBDAMART,30
2023-08-31,1.4929488865633878,O2,LAMBDAMART,30
2023-09-01,1.517263789468149,O2,LAMBDAMART,30
2023-09-04,1.5556213450069285,O2,LAMBDAMART,30
2023-09-05,1.5796087797967528,O2,LAMBDAMART,30
2023-09-06,1.5758119660502545,O2,LAMBDAMART,30
2023-09-07,1.6335382497548423,O2,LAMBDAMART,30
2023-09-08,1.642997847216992,O2,LAMBDAMART,30
2023-09-11,1.5945913382923893,O2,LAMBDAMART,30
2023-09-12,1.5922394567286562,O2,LAMBDAMART,30
2023-09-13,1.5585929920909647,O2,LAMBDAMART,30
2023-09-14,1.5704359621030282,O2,LAMBDAMART,30
2023-09-15,1.562702959078918,O2,LAMBDAMART,30
2023-09-18,1.5057867685961708,O2,LAMBDAMART,30
2023-09-19,1.5180456066641217,O2,LAMBDAMART,30
2023-09-20,1.5120011847591925,O2,LAMBDAMART,30
2023-09-21,1.5701830474441527,O2,LAMBDAMART,30
2023-09-22,1.5847228533806677,O2,LAMBDAMART,30
2023-09-25,1.6308264714125889,O2,LAMBDAMART,30
2023-09-26,1.6343120285436221,O2,LAMBDAMART,30
2023-09-27,1.6359317849408104,O2,LAMBDAMART,30
2023-09-28,1.6395003461314834,O2,LAMBDAMART,30
2023-09-29,1.6578531997125618,O2,LAMBDAMART,30
2023-10-02,1.7077833805700544,O2,LAMBDAMART,30
2023-10-03,1.7215539783047307,O2,LAMBDAMART,30
2023-10-04,1.6848418430826608,O2,LAMBDAMART,30
2023-10-05,1.7471112299780478,O2,LAMBDAMART,30
2023-10-06,1.72643196564362,O2,LAMBDAMART,30
2023-10-09,1.656909317996813,O2,LAMBDAMART,30
2023-10-10,1.7348625649672118,O2,LAMBDAMART,30
2023-10-11,1.704612047862416,O2,LAMBDAMART,30
2023-10-12,1.6600941269529597,O2,LAMBDAMART,30
2023-10-13,1.6319756276484845,O2,LAMBDAMART,30
2023-10-16,1.5986077776454737,O2,LAMBDAMART,30
2023-10-17,1.6349124586706754,O2,LAMBDAMART,30
2023-10-18,1.5621977607741897,O2,LAMBDAMART,30
2023-10-19,1.546444931972109,O2,LAMBDAMART,30
2023-10-20,1.4785424835355636,O2,LAMBDAMART,30
2023-10-23,1.5226692066260035,O2,LAMBDAMART,30
2023-10-24,1.5832800137426495,O2,LAMBDAMART,30
2023-10-25,1.462160568506598,O2,LAMBDAMART,30
2023-10-26,1.4950173733751495,O2,LAMBDAMART,30
2023-10-27,1.5042989244490665,O2,LAMBDAMART,30
2023-10-30,1.5099820040835055,O2,LAMBDAMART,30
2023-02-02,1.0,O2,LAMBDAMART,50
2023-02-03,1.0398835527186352,O2,LAMBDAMART,50
2023-02-06,1.0346512794480018,O2,LAMBDAMART,50
2023-02-07,0.9392010708147752,O2,LAMBDAMART,50
2023-02-08,0.855874770740623,O2,LAMBDAMART,50
2023-02-15,1.020402662912598,O2,LAMBDAMART,50
2023-02-16,1.014922495182734,O2,LAMBDAMART,50
2023-02-17,1.0201658241080596,O2,LAMBDAMART,50
2023-02-20,1.0699120863240312,O2,LAMBDAMART,50
2023-02-21,1.0966606949653168,O2,LAMBDAMART,50
2023-02-22,1.075698491391972,O2,LAMBDAMART,50
2023-02-23,1.0867570808738822,O2,LAMBDAMART,50
2023-02-24,1.1066438338621254,O2,LAMBDAMART,50
2023-02-27,1.109284794733506,O2,LAMBDAMART,50
2023-02-28,1.1068667509270533,O2,LAMBDAMART,50
2023-03-01,1.1123605367155434,O2,LAMBDAMART,50
2023-03-02,1.1114813020911543,O2,LAMBDAMART,50
2023-03-03,1.089254719072434,O2,LAMBDAMART,50
2023-03-06,1.121304836246379,O2,LAMBDAMART,50
2023-03-07,1.124400359496598,O2,LAMBDAMART,50
2023-03-08,1.1177590655062972,O2,LAMBDAMART,50
2023-03-09,1.1316082953262696,O2,LAMBDAMART,50
2023-03-10,1.1125972075056976,O2,LAMBDAMART,50
2023-03-13,1.09194729503773,O2,LAMBDAMART,50
2023-03-14,1.0876377648703934,O2,LAMBDAMART,50
2023-03-15,1.052849906256311,O2,LAMBDAMART,50
2023-03-16,1.0682288317351736,O2,LAMBDAMART,50
2023-03-17,1.0589935840279916,O2,LAMBDAMART,50
2023-03-20,1.0287531260943201,O2,LAMBDAMART,50
2023-03-21,1.0019820377710158,O2,LAMBDAMART,50
2023-03-22,1.0342294554918257,O2,LAMBDAMART,50
2023-03-23,1.0497369662499005,O2,LAMBDAMART,50
2023-03-24,1.0305611141423119,O2,LAMBDAMART,50
2023-03-27,1.0253212972033985,O2,LAMBDAMART,50
2023-03-28,0.9744898607226691,O2,LAMBDAMART,50
2023-03-29,0.9788834526686071,O2,LAMBDAMART,50
2023-03-30,0.9766495261278005,O2,LAMBDAMART,50
2023-03-31,0.9614890738392097,O2,LAMBDAMART,50
2023-04-03,0.9596438981515638,O2,LAMBDAMART,50
2023-04-04,0.9932391275372842,O2,LAMBDAMART,50
2023-04-05,0.9790958837930273,O2,LAMBDAMART,50
2023-04-06,0.9718820055386772,O2,LAMBDAMART,50
2023-04-07,0.9809839902610588,O2,LAMBDAMART,50
2023-04-10,1.0099812934291308,O2,LAMBDAMART,50
2023-04-11,1.0189649960348552,O2,LAMBDAMART,50
2023-04-12,1.024700266679644,O2,LAMBDAMART,50
2023-04-13,1.0235206983654046,O2,LAMBDAMART,50
2023-04-14,1.0166123906872857,O2,LAMBDAMART,50
2023-04-17,1.0056668234911228,O2,LAMBDAMART,50
2023-04-18,0.9958110713886763,O2,LAMBDAMART,50
2023-04-19,1.000560498035892,O2,LAMBDAMART,50
2023-04-20,0.9891044392977687,O2,LAMBDAMART,50
2023-04-24,0.985510072518789,O2,LAMBDAMART,50
2023-04-25,0.9610022999017723,O2,LAMBDAMART,50
2023-04-26,0.9336591809799364,O2,LAMBDAMART,50
2023-04-27,0.9196960277172327,O2,LAMBDAMART,50
2023-04-28,0.897052597257894,O2,LAMBDAMART,50
2023-05-02,0.8557318319705544,O2,LAMBDAMART,50
2023-05-03,0.8388845726352523,O2,LAMBDAMART,50
2023-05-04,0.8377573816086781,O2,LAMBDAMART,50
2023-05-05,0.82434931473025,O2,LAMBDAMART,50
2023-05-08,0.8397307239537343,O2,LAMBDAMART,50
2023-05-09,0.8351247564090745,O2,LAMBDAMART,50
2023-05-10,0.8204909606858292,O2,LAMBDAMART,50
2023-05-11,0.8638946990657873,O2,LAMBDAMART,50
2023-05-12,0.8573962949809235,O2,LAMBDAMART,50
2023-05-15,0.8178027752535876,O2,LAMBDAMART,50
2023-05-16,0.819635219603835,O2,LAMBDAMART,50
2023-05-17,0.83585878669451,O2,LAMBDAMART,50
2023-05-18,0.8116676944257047,O2,LAMBDAMART,50
2023-05-22,0.7993696034266502,O2,LAMBDAMART,50
2023-05-23,0.7976919346935467,O2,LAMBDAMART,50
2023-05-24,0.7849831067524351,O2,LAMBDAMART,50
2023-05-25,0.7913182301203978,O2,LAMBDAMART,50
2023-05-26,0.8198615179509459,O2,LAMBDAMART,50
2023-05-29,0.8641878052875547,O2,LAMBDAMART,50
2023-05-30,0.8988853981509161,O2,LAMBDAMART,50
2023-05-31,0.8961071783680117,O2,LAMBDAMART,50
2023-06-01,0.9058968732750239,O2,LAMBDAMART,50
2023-06-02,0.9301256780689138,O2,LAMBDAMART,50
2023-06-05,0.9687474398547118,O2,LAMBDAMART,50
2023-06-06,0.9619831252759361,O2,LAMBDAMART,50
2023-06-07,0.9894779139439311,O2,LAMBDAMART,50
2023-06-08,0.9853517969757796,O2,LAMBDAMART,50
2023-06-09,1.0014003512713034,O2,LAMBDAMART,50
2023-06-12,1.0128912840639681,O2,LAMBDAMART,50
2023-06-13,0.9894081758947845,O2,LAMBDAMART,50
2023-06-14,0.9719208525476712,O2,LAMBDAMART,50
2023-06-15,0.9869827731380754,O2,LAMBDAMART,50
2023-06-16,0.9897129723955617,O2,LAMBDAMART,50
2023-06-19,0.9514466263621053,O2,LAMBDAMART,50
2023-06-20,0.9498739288529119,O2,LAMBDAMART,50
2023-06-21,0.9342918729130767,O2,LAMBDAMART,50
2023-06-22,0.9730185610062697,O2,LAMBDAMART,50
2023-06-23,1.001550433841627,O2,LAMBDAMART,50
2023-06-26,1.0376287024126138,O2,LAMBDAMART,50
2023-06-27,1.0561643566621195,O2,LAMBDAMART,50
2023-07-03,1.1003092996659074,O2,LAMBDAMART,50
2023-07-04,1.1003474545179561,O2,LAMBDAMART,50
2023-07-05,1.1216422950470606,O2,LAMBDAMART,50
2023-07-06,1.1244896436818883,O2,LAMBDAMART,50
2023-07-07,1.129341958042592,O2,LAMBDAMART,50
2023-07-10,1.1599883207470774,O2,LAMBDAMART,50
2023-07-11,1.1671695857405369,O2,LAMBDAMART,50
2023-07-12,1.1707502180175458,O2,LAMBDAMART,50
2023-07-13,1.1624424723882523,O2,LAMBDAMART,50
2023-07-14,1.1799525072965866,O2,LAMBDAMART,50
2023-07-17,1.1932055945716613,O2,LAMBDAMART,50
2023-07-18,1.1507026835029746,O2,LAMBDAMART,50
2023-07-19,1.183676905689892,O2,LAMBDAMART,50
2023-07-20,1.2080420935767566,O2,LAMBDAMART,50
2023-07-21,1.2130942910685838,O2,LAMBDAMART,50
2023-07-24,1.211349231552124,O2,LAMBDAMART,50
2023-07-25,1.2116557260207037,O2,LAMBDAMART,50
2023-07-26,1.226914220352862,O2,LAMBDAMART,50
2023-07-27,1.2484893848598961,O2,LAMBDAMART,50
2023-07-28,1.2715619675890084,O2,LAMBDAMART,50
2023-07-31,1.2872687061336627,O2,LAMBDAMART,50
2023-08-01,1.267598627111582,O2,LAMBDAMART,50
2023-08-02,1.284760706134169,O2,LAMBDAMART,50
2023-08-03,1.2750602046265145,O2,LAMBDAMART,50
2023-08-04,1.2928842394333884,O2,LAMBDAMART,50
2023-08-07,1.328149232601733,O2,LAMBDAMART,50
2023-08-08,1.3124263923546786,O2,LAMBDAMART,50
2023-08-09,1.3693049659121264,O2,LAMBDAMART,50
2023-08-10,1.3283393418363718,O2,LAMBDAMART,50
2023-08-11,1.3878468783627191,O2,LAMBDAMART,50
2023-08-14,1.4161339356797908,O2,LAMBDAMART,50
2023-08-15,1.4181893044403797,O2,LAMBDAMART,50
2023-08-16,1.4235123737103412,O2,LAMBDAMART,50
2023-08-17,1.4513463752900053,O2,LAMBDAMART,50
2023-08-18,1.3822160397708012,O2,LAMBDAMART,50
2023-08-21,1.4290285867003027,O2,LAMBDAMART,50
2023-08-22,1.4095941129090914,O2,LAMBDAMART,50
2023-08-23,1.4024200469485135,O2,LAMBDAMART,50
2023-08-24,1.398097584570553,O2,LAMBDAMART,50
2023-08-25,1.4341279195499752,O2,LAMBDAMART,50
2023-08-28,1.4837271789901074,O2,LAMBDAMART,50
2023-08-29,1.5050410564046977,O2,LAMBDAMART,50
2023-08-31,1.4803417176138733,O2,LAMBDAMART,50
2023-09-01,1.504535082765775,O2,LAMBDAMART,50
2023-09-04,1.5427009085195913,O2,LAMBDAMART,50
2023-09-05,1.5665684424020325,O2,LAMBDAMART,50
2023-09-06,1.5627906069838702,O2,LAMBDAMART,50
2023-09-07,1.6202283465462162,O2,LAMBDAMART,50
2023-09-08,1.629640660323006,O2,LAMBDAMART,50
2023-09-11,1.5814761107572988,O2,LAMBDAMART,50
2023-09-12,1.5791359850455782,O2,LAMBDAMART,50
2023-09-13,1.5456577018610358,O2,LAMBDAMART,50
2023-09-14,1.5574414749284073,O2,LAMBDAMART,50
2023-09-15,1.5497471252279023,O2,LAMBDAMART,50
2023-09-18,1.4931154296460667,O2,LAMBDAMART,50
2023-09-19,1.5053129920577963,O2,LAMBDAMART,50
2023-09-20,1.4992987831238396,O2,LAMBDAMART,50
2023-09-21,1.557189824460445,O2,LAMBDAMART,50
2023-09-22,1.5716569533499882,O2,LAMBDAMART,50
2023-09-25,1.6175301229957402,O2,LAMBDAMART,50
2023-09-26,1.6209982576109272,O2,LAMBDAMART,50
2023-09-27,1.6226099176750366,O2,LAMBDAMART,50
2023-09-28,1.626160641455058,O2,LAMBDAMART,50
2023-09-29,1.644421758515883,O2,LAMBDAMART,50
2023-10-02,1.6941023639584534,O2,LAMBDAMART,50
2023-10-03,1.707804129524202,O2,LAMBDAMART,50
2023-10-04,1.6712754994732208,O2,LAMBDAMART,50
2023-10-05,1.7332336335791227,O2,LAMBDAMART,50
2023-10-06,1.712657734301419,O2,LAMBDAMART,50
2023-10-09,1.6434825947816596,O2,LAMBDAMART,50
2023-10-10,1.7210461933746026,O2,LAMBDAMART,50
2023-10-11,1.6909468831196195,O2,LAMBDAMART,50
2023-10-12,1.646651484508133,O2,LAMBDAMART,50
2023-10-13,1.618673535187864,O2,LAMBDAMART,50
2023-10-16,1.5854724739860662,O2,LAMBDAMART,50
2023-10-17,1.6215956864951342,O2,LAMBDAMART,50
2023-10-18,1.549244452150889,O2,LAMBDAMART,50
2023-10-19,1.5335703636761409,O2,LAMBDAMART,50
2023-10-20,1.466007324820169,O2,LAMBDAMART,50
2023-10-23,1.5099134810102823,O2,LAMBDAMART,50
2023-10-24,1.570221325728733,O2,LAMBDAMART,50
2023-10-25,1.4497072945985556,O2,LAMBDAMART,50
2023-10-26,1.4823998651189176,O2,LAMBDAMART,50
2023-10-27,1.4916350224702286,O2,LAMBDAMART,50
2023-10-30,1.497289695298735,O2,LAMBDAMART,50
2023-02-02,1.0,O2,LAMBDAMART,100
2023-02-03,1.0348835527186353,O2,LAMBDAMART,100
2023-02-06,1.0296512794480015,O2,LAMBDAMART,100
2023-02-07,0.9342010708147752,O2,LAMBDAMART,100
2023-02-08,0.850874770740623,O2,LAMBDAMART,100
2023-02-15,1.015402662912598,O2,LAMBDAMART,100
2023-02-16,1.009922495182734,O2,LAMBDAMART,100
2023-02-17,1.0151658241080597,O2,LAMBDAMART,100
2023-02-20,1.0649120863240313,O2,LAMBDAMART,100
2023-02-21,1.0916606949653167,O2,LAMBDAMART,100
2023-02-22,1.0706984913919722,O2,LAMBDAMART,100
2023-02-23,1.0817570808738821,O2,LAMBDAMART,100
2023-02-24,1.1016438338621253,O2,LAMBDAMART,100
2023-02-27,1.1042847947335062,O2,LAMBDAMART,100
2023-02-28,1.1018667509270532,O2,LAMBDAMART,100
2023-03-01,1.1073605367155432,O2,LAMBDAMART,100
2023-03-02,1.1064813020911541,O2,LAMBDAMART,100
2023-03-03,1.0842547190724339,O2,LAMBDAMART,100
2023-03-06,1.1163048362463792,O2,LAMBDAMART,100
2023-03-07,1.119400359496598,O2,LAMBDAMART,100
2023-03-08,1.1127590655062973,O2,LAMBDAMART,100
2023-03-09,1.1266082953262697,O2,LAMBDAMART,100
2023-03-10,1.1075972075056977,O2,LAMBDAMART,100
2023-03-13,1.08694729503773,O2,LAMBDAMART,100
2023-03-14,1.0826377648703935,O2,LAMBDAMART,100
2023-03-15,1.0478499062563111,O2,LAMBDAMART,100
2023-03-16,1.0632288317351737,O2,LAMBDAMART,100
2023-03-17,1.0539935840279915,O2,LAMBDAMART,100
2023-03-20,1.0237531260943202,O2,LAMBDAMART,100
2023-03-21,0.9969820377710157,O2,LAMBDAMART,100
2023-03-22,1.0292294554918258,O2,LAMBDAMART,100
2023-03-23,1.0447369662499006,O2,LAMBDAMART,100
2023-03-24,1.0255611141423118,O2,LAMBDAMART,100
2023-03-27,1.0203212972033986,O2,LAMBDAMART,100
2023-03-28,0.9694898607226691,O2,LAMBDAMART,100
2023-03-29,0.9738834526686071,O2,LAMBDAMART,100
2023-03-30,0.9716495261278006,O2,LAMBDAMART,100
2023-03-31,0.9564890738392097,O2,LAMBDAMART,100
2023-04-03,0.9546438981515637,O2,LAMBDAMART,100
2023-04-04,0.9882391275372842,O2,LAMBDAMART,100
2023-04-05,0.9740958837930273,O2,LAMBDAMART,100
2023-04-06,0.9668820055386773,O2,LAMBDAMART,100
2023-04-07,0.9759839902610588,O2,LAMBDAMART,100
2023-04-10,1.0049812934291307,O2,LAMBDAMART,100
2023-04-11,1.0139649960348553,O2,LAMBDAMART,100
2023-04-12,1.0197002666796442,O2,LAMBDAMART,100
2023-04-13,1.0185206983654047,O2,LAMBDAMART,100
2023-04-14,1.0116123906872856,O2,LAMBDAMART,100
2023-04-17,1.000666823491123,O2,LAMBDAMART,100
2023-04-18,0.9908110713886763,O2,LAMBDAMART,100
2023-04-19,0.9955604980358922,O2,LAMBDAMART,100
2023-04-20,0.9841044392977687,O2,LAMBDAMART,100
2023-04-24,0.9805100725187891,O2,LAMBDAMART,100
2023-04-25,0.9560022999017723,O2,LAMBDAMART,100
2023-04-26,0.9286591809799364,O2,LAMBDAMART,100
2023-04-27,0.9146960277172327,O2,LAMBDAMART,100
2023-04-28,0.8920525972578941,O2,LAMBDAMART,100
2023-05-02,0.8507318319705544,O2,LAMBDAMART,100
2023-05-03,0.8338845726352522,O2,LAMBDAMART,100
2023-05-04,0.832757381608678,O2,LAMBDAMART,100
2023-05-05,0.8193493147302499,O2,LAMBDAMART,100
2023-05-08,0.8263408107173513,O2,LAMBDAMART,100
2023-05-09,0.8217625376238663,O2,LAMBDAMART,100
2023-05-10,0.807216731001116,O2,LAMBDAMART,100
2023-05-11,0.8503594943086878,O2,LAMBDAMART,100
2023-05-12,0.8439001633898632,O2,LAMBDAMART,100
2023-05-15,0.8045447089090373,O2,LAMBDAMART,100
2023-05-16,0.8063661352614161,O2,LAMBDAMART,100
2023-05-17,0.8224921543814812,O2,LAMBDAMART,100
2023-05-18,0.7984465166816048,O2,LAMBDAMART,100
2023-05-22,0.7862223708151237,O2,LAMBDAMART,100
2023-05-23,0.7845547894554908,O2,LAMBDAMART,100
2023-05-24,0.7719223762983513,O2,LAMBDAMART,100
2023-05-25,0.778219408263563,O2,LAMBDAMART,100
2023-05-26,0.8065910729370798,O2,LAMBDAMART,100
2023-05-29,0.8506508381611224,O2,LAMBDAMART,100
2023-05-30,0.8851398036769984,O2,LAMBDAMART,100
2023-05-31,0.8823782885867313,O2,LAMBDAMART,100
2023-06-01,0.8921091206761071,O2,LAMBDAMART,100
2023-06-02,0.9161922441457393,O2,LAMBDAMART,100
2023-06-05,0.9545817836056744,O2,LAMBDAMART,100
2023-06-06,0.9478581410416312,O2,LAMBDAMART,100
2023-06-07,0.9751876108976827,O2,LAMBDAMART,100
2023-06-08,0.9710863031675055,O2,LAMBDAMART,100
2023-06-09,0.9870383617975568,O2,LAMBDAMART,100
2023-06-12,0.9984602026841025,O2,LAMBDAMART,100
2023-06-13,0.9751182921647772,O2,LAMBDAMART,100
2023-06-14,0.957736115416706,O2,LAMBDAMART,100
2023-06-15,0.972707472706273,O2,LAMBDAMART,100
2023-06-16,0.9754212560057003,O2,LAMBDAMART,100
2023-06-19,0.9373849952782289,O2,LAMBDAMART,100
2023-06-20,0.9358217539786069,O2,LAMBDAMART,100
2023-06-21,0.920333388774377,O2,LAMBDAMART,100
2023-06-22,0.9588272236478786,O2,LAMBDAMART,100
2023-06-23,0.9871875419615181,O2,LAMBDAMART,100
2023-06-26,1.023048881551193,O2,LAMBDAMART,100
2023-06-27,1.0414730858682724,O2,LAMBDAMART,100
2023-07-03,1.0853525971344744,O2,LAMBDAMART,100
2023-07-04,1.0853905225716007,O2,LAMBDAMART,100
2023-07-05,1.1065573229190073,O2,LAMBDAMART,100
2023-07-06,1.1093875512078963,O2,LAMBDAMART,100
2023-07-07,1.1142106898998951,O2,LAMBDAMART,100
2023-07-10,1.1446727842205104,O2,LAMBDAMART,100
2023-07-11,1.1518108701878895,O2,LAMBDAMART,100
2023-07-12,1.1553699730805056,O2,LAMBDAMART,100
2023-07-13,1.1471121797041262,O2,LAMBDAMART,100
2023-07-14,1.1645169314548742,O2,LAMBDAMART,100
2023-07-17,1.1776903314601408,O2,LAMBDAMART,100
2023-07-18,1.1354429790301062,O2,LAMBDAMART,100
2023-07-19,1.168218936036573,O2,LAMBDAMART,100
2023-07-20,1.1924376225641122,O2,LAMBDAMART,100
2023-07-21,1.1974594425434169,O2,LAMBDAMART,100
2023-07-24,1.1957248756031873,O2,LAMBDAMART,100
2023-07-25,1.1960295272024868,O2,LAMBDAMART,100
2023-07-26,1.2111962762884638,O2,LAMBDAMART,100
2023-07-27,1.2326417151006814,O2,LAMBDAMART,100
2023-07-28,1.255575568559629,O2,LAMBDAMART,100
2023-07-31,1.2711878666855165,O2,LAMBDAMART,100
2023-08-01,1.2516360585886657,O2,LAMBDAMART,100
2023-08-02,1.2686949466193616,O2,LAMBDAMART,100
2023-08-03,1.2590527716332838,O2,LAMBDAMART,100
2023-08-04,1.2639226491458273,O2,LAMBDAMART,100
2023-08-07,1.2987457140636618,O2,LAMBDAMART,100
2023-08-08,1.2832199068133319,O2,LAMBDAMART,100
2023-08-09,1.339385698480145,O2,LAMBDAMART,100
2023-08-10,1.2989334409175335,O2,LAMBDAMART,100
2023-08-11,1.357695250331906,O2,LAMBDAMART,100
2023-08-14,1.3856278243886933,O2,LAMBDAMART,100
2023-08-15,1.3876574360049045,O2,LAMBDAMART,100
2023-08-16,1.3929137984793025,O2,LAMBDAMART,100
2023-08-17,1.4203989943307458,O2,LAMBDAMART,100
2023-08-18,1.3521349753903462,O2,LAMBDAMART,100
2023-08-21,1.3983608842658517,O2,LAMBDAMART,100
2023-08-22,1.3791699563321744,O2,LAMBDAMART,100
2023-08-23,1.3720857931940325,O2,LAMBDAMART,100
2023-08-24,1.367817498364821,O2,LAMBDAMART,100
2023-08-25,1.4033963141045618,O2,LAMBDAMART,100
2023-08-28,1.4523740134086593,O2,LAMBDAMART,100
2023-08-29,1.4734207929533465,O2,LAMBDAMART,100
2023-08-31,1.449030977420572,O2,LAMBDAMART,100
2023-09-01,1.472921159994656,O2,LAMBDAMART,100
2023-09-04,1.5106087053040622,O2,LAMBDAMART,100
2023-09-05,1.5341771398093305,O2,LAMBDAMART,100
2023-09-06,1.5304466468701274,O2,LAMBDAMART,100
2023-09-07,1.5871645972739477,O2,LAMBDAMART,100
2023-09-08,1.5964589593091685,O2,LAMBDAMART,100
2023-09-11,1.548897990609749,O2,LAMBDAMART,100
2023-09-12,1.5465871905144213,O2,LAMBDAMART,100
2023-09-13,1.5135284451714772,O2,LAMBDAMART,100
2023-09-14,1.525164548219711,O2,LAMBDAMART,100
2023-09-15,1.5175666213509278,O2,LAMBDAMART,100
2023-09-18,1.4616446138734522,O2,LAMBDAMART,100
2023-09-19,1.4736893208063402,O2,LAMBDAMART,100
2023-09-20,1.467750479782415,O2,LAMBDAMART,100
2023-09-21,1.5249160513451865,O2,LAMBDAMART,100
2023-09-22,1.539201883362516,O2,LAMBDAMART,100
2023-09-25,1.584500186893588,O2,LAMBDAMART,100
2023-09-26,1.5879248600892388,O2,LAMBDAMART,100
2023-09-27,1.5895163234072682,O2,LAMBDAMART,100
2023-09-28,1.5930225507899514,O2,LAMBDAMART,100
2023-09-29,1.6110548260790925,O2,LAMBDAMART,100
2023-10-02,1.6601128519866915,O2,LAMBDAMART,100
2023-10-03,1.6736429119389877,O2,LAMBDAMART,100
2023-10-04,1.6375720455828668,O2,LAMBDAMART,100
2023-10-05,1.6987537425665615,O2,LAMBDAMART,100
2023-10-06,1.6784356930813429,O2,LAMBDAMART,100
2023-10-09,1.6101274316080598,O2,LAMBDAMART,100
2023-10-10,1.6867190309930118,O2,LAMBDAMART,100
2023-10-11,1.6569969145023675,O2,LAMBDAMART,100
2023-10-12,1.613256609944652,O2,LAMBDAMART,100
2023-10-13,1.5856292702540777,O2,LAMBDAMART,100
2023-10-16,1.5528442728473855,O2,LAMBDAMART,100
2023-10-17,1.5885148022088709,O2,LAMBDAMART,100
2023-10-18,1.517070247592688,O2,LAMBDAMART,100
2023-10-19,1.501592581174933,O2,LAMBDAMART,100
2023-10-20,1.4348762180979195,O2,LAMBDAMART,100
2023-10-23,1.4782321580807283,O2,LAMBDAMART,100
2023-10-24,1.5377842465118816,O2,LAMBDAMART,100
2023-10-25,1.4187804540108468,O2,LAMBDAMART,100
2023-10-26,1.4510633329590092,O2,LAMBDAMART,100
2023-10-27,1.4601827586295577,O2,LAMBDAMART,100
2023-10-30,1.465766569125598,O2,LAMBDAMART,100
2024-01-23,1.0,O3,FACTOR_COMPOSITE,0
2024-01-24,1.0109734049637802,O3,FACTOR_COMPOSITE,0
2024-01-25,1.0124413105438121,O3,FACTOR_COMPOSITE,0
2024-01-26,1.0370432086879002,O3,FACTOR_COMPOSITE,0
2024-01-29,1.0473482290426213,O3,FACTOR_COMPOSITE,0
2024-01-30,1.045866023575919,O3,FACTOR_COMPOSITE,0
2024-01-31,1.0435226822371502,O3,FACTOR_COMPOSITE,0
2024-02-01,1.072407283506033,O3,FACTOR_COMPOSITE,0
2024-02-02,1.07515305788983,O3,FACTOR_COMPOSITE,0
2024-02-05,1.0928811326239065,O3,FACTOR_COMPOSITE,0
2024-02-06,1.0991206567654732,O3,FACTOR_COMPOSITE,0
2024-02-07,1.0905741131447937,O3,FACTOR_COMPOSITE,0
2024-02-08,1.1056719156264116,O3,FACTOR_COMPOSITE,0
2024-02-09,1.1146793543200673,O3,FACTOR_COMPOSITE,0
2024-02-12,1.1275203090679735,O3,FACTOR_COMPOSITE,0
2024-02-13,1.107723946859786,O3,FACTOR_COMPOSITE,0
2024-02-14,1.1178481155377558,O3,FACTOR_COMPOSITE,0
2024-02-15,1.1386042444004802,O3,FACTOR_COMPOSITE,0
2024-02-16,1.1305206497024367,O3,FACTOR_COMPOSITE,0
2024-02-19,1.1318664939821947,O3,FACTOR_COMPOSITE,0
2024-02-20,1.1464957052701514,O3,FACTOR_COMPOSITE,0
2024-02-21,1.143624860429416,O3,FACTOR_COMPOSITE,0
2024-02-22,1.1346067902215766,O3,FACTOR_COMPOSITE,0
2024-02-23,1.141900768911937,O3,FACTOR_COMPOSITE,0
2024-02-26,1.1332280779910828,O3,FACTOR_COMPOSITE,0
2024-02-27,1.1178029780786694,O3,FACTOR_COMPOSITE,0
2024-02-28,1.107851182920363,O3,FACTOR_COMPOSITE,0
2024-02-29,1.1247535731686875,O3,FACTOR_COMPOSITE,0
2024-03-01,1.1047639598209922,O3,FACTOR_COMPOSITE,0
2024-03-04,1.0832106084346447,O3,FACTOR_COMPOSITE,0
2024-03-05,1.0843900910761344,O3,FACTOR_COMPOSITE,0
2024-03-06,1.0742459695504303,O3,FACTOR_COMPOSITE,0
2024-03-07,1.1052742898978747,O3,FACTOR_COMPOSITE,0
2024-03-08,1.1200389659916414,O3,FACTOR_COMPOSITE,0
2024-03-11,1.1203878848711093,O3,FACTOR_COMPOSITE,0
2024-03-12,1.126426458695332,O3,FACTOR_COMPOSITE,0
2024-03-13,1.1037733501248483,O3,FACTOR_COMPOSITE,0
2024-03-14,1.0871022521832008,O3,FACTOR_COMPOSITE,0
2024-03-15,1.0807390896527849,O3,FACTOR_COMPOSITE,0
2024-03-18,1.077338842350362,O3,FACTOR_COMPOSITE,0
2024-03-19,1.1074229578250836,O3,FACTOR_COMPOSITE,0
2024-03-20,1.1149109188288284,O3,FACTOR_COMPOSITE,0
2024-03-21,1.1523894846549696,O3,FACTOR_COMPOSITE,0
2024-03-22,1.1474064950737852,O3,FACTOR_COMPOSITE,0
2024-03-25,1.137646408930227,O3,FACTOR_COMPOSITE,0
2024-03-26,1.1165093947056723,O3,FACTOR_COMPOSITE,0
2024-03-27,1.1157173470147876,O3,FACTOR_COMPOSITE,0
2024-03-28,1.1504069051423318,O3,FACTOR_COMPOSITE,0
2024-03-29,1.154016569078006,O3,FACTOR_COMPOSITE,0
2024-04-01,1.180896948661509,O3,FACTOR_COMPOSITE,0
2024-04-02,1.1794211327434978,O3,FACTOR_COMPOSITE,0
2024-04-03,1.1739947545900182,O3,FACTOR_COMPOSITE,0
2024-04-04,1.2132236128894807,O3,FACTOR_COMPOSITE,0
2024-04-05,1.2711553766492618,O3,FACTOR_COMPOSITE,0
2024-04-08,1.2814965897226451,O3,FACTOR_COMPOSITE,0
2024-04-09,1.2814965897226451,O3,FACTOR_COMPOSITE,0
2024-04-15,1.2596053008158397,O3,FACTOR_COMPOSITE,0
2024-04-16,1.2445417803077072,O3,FACTOR_COMPOSITE,0
2024-04-17,1.2588861056774183,O3,FACTOR_COMPOSITE,0
2024-04-18,1.2597811973371205,O3,FACTOR_COMPOSITE,0
2024-04-19,1.2874677942681454,O3,FACTOR_COMPOSITE,0
2024-04-22,1.2825818527720045,O3,FACTOR_COMPOSITE,0
2024-04-24,1.295591445219466,O3,FACTOR_COMPOSITE,0
2024-04-25,1.3112628667313806,O3,FACTOR_COMPOSITE,0
2024-04-26,1.3266057204579655,O3,FACTOR_COMPOSITE,0
2024-04-29,1.3417048202066237,O3,FACTOR_COMPOSITE,0
2024-04-30,1.3457574634076064,O3,FACTOR_COMPOSITE,0
2024-05-02,1.362597467845893,O3,FACTOR_COMPOSITE,0
2024-05-03,1.3700663647792484,O3,FACTOR_COMPOSITE,0
2024-05-06,1.3770677461498884,O3,FACTOR_COMPOSITE,0
2024-05-07,1.388111814417651,O3,FACTOR_COMPOSITE,0
2024-05-08,1.3817232724266368,O3,FACTOR_COMPOSITE,0
2024-05-09,1.3993905889271485,O3,FACTOR_COMPOSITE,0
2024-05-10,1.3981768148156213,O3,FACTOR_COMPOSITE,0
2024-05-13,1.3843498629274138,O3,FACTOR_COMPOSITE,0
2024-05-14,1.3956913869951157,O3,FACTOR_COMPOSITE,0
2024-05-15,1.392372654819046,O3,FACTOR_COMPOSITE,0
2024-05-16,1.4281288910242045,O3,FACTOR_COMPOSITE,0
2024-05-17,1.4712394690439647,O3,FACTOR_COMPOSITE,0
2024-05-20,1.477549373042854,O3,FACTOR_COMPOSITE,0
2024-05-21,1.4993870709328498,O3,FACTOR_COMPOSITE,0
2024-05-22,1.4915968501992585,O3,FACTOR_COMPOSITE,0
2024-05-23,1.4881037383795328,O3,FACTOR_COMPOSITE,0
2024-05-24,1.4800284656893417,O3,FACTOR_COMPOSITE,0
2024-05-27,1.4620085948672001,O3,FACTOR_COMPOSITE,0
2024-05-28,1.4584036345521803,O3,FACTOR_COMPOSITE,0
2024-05-29,1.4485731412494027,O3,FACTOR_COMPOSITE,0
2024-05-30,1.4494924910620093,O3,FACTOR_COMPOSITE,0
2024-05-31,1.4604691551588258,O3,FACTOR_COMPOSITE,0
2024-06-03,1.4938900684029044,O3,FACTOR_COMPOSITE,0
2024-06-04,1.4727547075646839,O3,FACTOR_COMPOSITE,0
2024-06-05,1.461826505479799,O3,FACTOR_COMPOSITE,0
2024-06-06,1.4425616477546044,O3,FACTOR_COMPOSITE,0
2024-06-07,1.4280441952869536,O3,FACTOR_COMPOSITE,0
2024-06-10,1.4106462368183403,O3,FACTOR_COMPOSITE,0
2024-06-11,1.4119246187262338,O3,FACTOR_COMPOSITE,0
2024-06-12,1.4315658598221719,O3,FACTOR_COMPOSITE,0
2024-06-13,1.458694136568329,O3,FACTOR_COMPOSITE,0
2024-06-14,1.4598487695615912,O3,FACTOR_COMPOSITE,0
2024-06-20,1.4907023534248371,O3,FACTOR_COMPOSITE,0
2024-06-21,1.48619430540231,O3,FACTOR_COMPOSITE,0
2024-06-24,1.481321158656943,O3,FACTOR_COMPOSITE,0
2024-06-25,1.4876265479051545,O3,FACTOR_COMPOSITE,0
2024-06-26,1.4590743754893252,O3,FACTOR_COMPOSITE,0
2024-06-27,1.49167876325302,O3,FACTOR_COMPOSITE,0
2024-06-28,1.5079947761429076,O3,FACTOR_COMPOSITE,0
2024-07-01,1.478622555955726,O3,FACTOR_COMPOSITE,0
2024-07-02,1.5030270487722257,O3,FACTOR_COMPOSITE,0
2024-07-03,1.5287154408962411,O3,FACTOR_COMPOSITE,0
2024-07-04,1.552424038057625,O3,FACTOR_COMPOSITE,0
2024-07-05,1.5495001104369386,O3,FACTOR_COMPOSITE,0
2024-07-08,1.548918247931303,O3,FACTOR_COMPOSITE,0
2024-07-09,1.5465722308825836,O3,FACTOR_COMPOSITE,0
2024-07-10,1.564439462504276,O3,FACTOR_COMPOSITE,0
2024-07-11,1.5856445751006158,O3,FACTOR_COMPOSITE,0
2024-07-12,1.602379332844813,O3,FACTOR_COMPOSITE,0
2024-07-16,1.6292821263662174,O3,FACTOR_COMPOSITE,0
2024-07-17,1.6247014107715985,O3,FACTOR_COMPOSITE,0
2024-07-18,1.5915894969555537,O3,FACTOR_COMPOSITE,0
2024-07-19,1.5925421184527029,O3,FACTOR_COMPOSITE,0
2024-07-22,1.5963865208937222,O3,FACTOR_COMPOSITE,0
2024-07-23,1.5660123685683653,O3,FACTOR_COMPOSITE,0
2024-07-24,1.5521751085480877,O3,FACTOR_COMPOSITE,0
2024-07-25,1.5496131348353546,O3,FACTOR_COMPOSITE,0
2024-07-26,1.5295166212300135,O3,FACTOR_COMPOSITE,0
2024-07-29,1.4973321597499698,O3,FACTOR_COMPOSITE,0
2024-07-30,1.4954189503298563,O3,FACTOR_COMPOSITE,0
2024-07-31,1.4881725925543665,O3,FACTOR_COMPOSITE,0
2024-08-01,1.5029269615236895,O3,FACTOR_COMPOSITE,0
2024-08-02,1.4685006469705268,O3,FACTOR_COMPOSITE,0
2024-08-05,1.4136090433491195,O3,FACTOR_COMPOSITE,0
2024-08-06,1.3959855517909268,O3,FACTOR_COMPOSITE,0
2024-08-07,1.3991500495833162,O3,FACTOR_COMPOSITE,0
2024-08-08,1.400386893128453,O3,FACTOR_COMPOSITE,0
2024-08-09,1.4008725541710993,O3,FACTOR_COMPOSITE,0
2024-08-12,1.393679608047559,O3,FACTOR_COMPOSITE,0
2024-08-13,1.38712890300285,O3,FACTOR_COMPOSITE,0
2024-08-14,1.3783958991597054,O3,FACTOR_COMPOSITE,0
2024-08-15,1.3850328391280033,O3,FACTOR_COMPOSITE,0
2024-08-16,1.3607639588483669,O3,FACTOR_COMPOSITE,0
2024-08-19,1.375663899840322,O3,FACTOR_COMPOSITE,0
2024-08-20,1.3465988021684827,O3,FACTOR_COMPOSITE,0
2024-08-21,1.3348588164560142,O3,FACTOR_COMPOSITE,0
2024-08-22,1.321265814618786,O3,FACTOR_COMPOSITE,0
2024-08-23,1.2848548592304445,O3,FACTOR_COMPOSITE,0
2024-08-26,1.2750499915949627,O3,FACTOR_COMPOSITE,0
2024-08-27,1.300560397873412,O3,FACTOR_COMPOSITE,0
2024-08-28,1.3041714465033551,O3,FACTOR_COMPOSITE,0
2024-08-29,1.3138248898893008,O3,FACTOR_COMPOSITE,0
2024-09-02,1.355895732848593,O3,FACTOR_COMPOSITE,0
2024-09-03,1.3450681168836156,O3,FACTOR_COMPOSITE,0
2024-09-04,1.3414045557527803,O3,FACTOR_COMPOSITE,0
2024-09-05,1.3350643555297488,O3,FACTOR_COMPOSITE,0
2024-09-06,1.3150625495930697,O3,FACTOR_COMPOSITE,0
2024-09-09,1.3155074761362815,O3,FACTOR_COMPOSITE,0
2024-09-10,1.3127041936781514,O3,FACTOR_COMPOSITE,0
2024-09-11,1.2923711000018105,O3,FACTOR_COMPOSITE,0
2024-09-12,1.293480559530101,O3,FACTOR_COMPOSITE,0
2024-09-13,1.3022867008647914,O3,FACTOR_COMPOSITE,0
2024-09-16,1.284839551424011,O3,FACTOR_COMPOSITE,0
2024-09-17,1.3124060715421688,O3,FACTOR_COMPOSITE,0
2024-09-18,1.3124320679641976,O3,FACTOR_COMPOSITE,0
2024-09-19,1.3205912820993637,O3,FACTOR_COMPOSITE,0
2024-09-20,1.3053940159243163,O3,FACTOR_COMPOSITE,0
2024-09-23,1.3064714609008485,O3,FACTOR_COMPOSITE,0
2024-09-24,1.309166139148331,O3,FACTOR_COMPOSITE,0
2024-09-25,1.2785862228224272,O3,FACTOR_COMPOSITE,0
2024-09-26,1.2779063820093954,O3,FACTOR_COMPOSITE,0
2024-09-27,1.269867844637595,O3,FACTOR_COMPOSITE,0
2024-09-30,1.2510341374544012,O3,FACTOR_COMPOSITE,0
2024-10-01,1.2174654581256443,O3,FACTOR_COMPOSITE,0
2024-10-02,1.1832443371523642,O3,FACTOR_COMPOSITE,0
2024-10-03,1.176199956773584,O3,FACTOR_COMPOSITE,0
2024-10-04,1.1975985492173684,O3,FACTOR_COMPOSITE,0
2024-10-07,1.183585591256624,O3,FACTOR_COMPOSITE,0
2024-10-08,1.1819840272310191,O3,FACTOR_COMPOSITE,0
2024-10-09,1.203775149972416,O3,FACTOR_COMPOSITE,0
2024-10-10,1.1880853291276707,O3,FACTOR_COMPOSITE,0
2024-10-11,1.1734425515916989,O3,FACTOR_COMPOSITE,0
2024-10-14,1.1388812050392962,O3,FACTOR_COMPOSITE,0
2024-10-15,1.1462233161289108,O3,FACTOR_COMPOSITE,0
2024-10-16,1.1618204999050663,O3,FACTOR_COMPOSITE,0
2024-01-23,1.0,O3,FACTOR_COMPOSITE,30
2024-01-24,1.00797340496378,O3,FACTOR_COMPOSITE,30
2024-01-25,1.0094413105438123,O3,FACTOR_COMPOSITE,30
2024-01-26,1.0340432086879001,O3,FACTOR_COMPOSITE,30
2024-01-29,1.0443482290426211,O3,FACTOR_COMPOSITE,30
2024-01-30,1.042866023575919,O3,FACTOR_COMPOSITE,30
2024-01-31,1.04052268223715,O3,FACTOR_COMPOSITE,30
2024-02-01,1.0694072835060329,O3,FACTOR_COMPOSITE,30
2024-02-02,1.0721530578898302,O3,FACTOR_COMPOSITE,30
2024-02-05,1.0898811326239066,O3,FACTOR_COMPOSITE,30
2024-02-06,1.096120656765473,O3,FACTOR_COMPOSITE,30
2024-02-07,1.0875741131447936,O3,FACTOR_COMPOSITE,30
2024-02-08,1.1026719156264115,O3,FACTOR_COMPOSITE,30
2024-02-09,1.1116793543200671,O3,FACTOR_COMPOSITE,30
2024-02-12,1.1245203090679734,O3,FACTOR_COMPOSITE,30
2024-02-13,1.104723946859786,O3,FACTOR_COMPOSITE,30
2024-02-14,1.1148481155377556,O3,FACTOR_COMPOSITE,30
2024-02-15,1.1356042444004801,O3,FACTOR_COMPOSITE,30
2024-02-16,1.1275206497024368,O3,FACTOR_COMPOSITE,30
2024-02-19,1.1288664939821946,O3,FACTOR_COMPOSITE,30
2024-02-20,1.1434957052701513,O3,FACTOR_COMPOSITE,30
2024-02-21,1.140624860429416,O3,FACTOR_COMPOSITE,30
2024-02-22,1.1316067902215767,O3,FACTOR_COMPOSITE,30
2024-02-23,1.138900768911937,O3,FACTOR_COMPOSITE,30
2024-02-26,1.1302280779910827,O3,FACTOR_COMPOSITE,30
2024-02-27,1.1148029780786692,O3,FACTOR_COMPOSITE,30
2024-02-28,1.1048511829203629,O3,FACTOR_COMPOSITE,30
2024-02-29,1.1217535731686876,O3,FACTOR_COMPOSITE,30
2024-03-01,1.101763959820992,O3,FACTOR_COMPOSITE,30
2024-03-04,1.0802106084346448,O3,FACTOR_COMPOSITE,30
2024-03-05,1.0813900910761343,O3,FACTOR_COMPOSITE,30
2024-03-06,1.0712459695504304,O3,FACTOR_COMPOSITE,30
2024-03-07,1.1022742898978746,O3,FACTOR_COMPOSITE,30
2024-03-08,1.1170389659916415,O3,FACTOR_COMPOSITE,30
2024-03-11,1.1173878848711094,O3,FACTOR_COMPOSITE,30
2024-03-12,1.1234264586953322,O3,FACTOR_COMPOSITE,30
2024-03-13,1.1007733501248482,O3,FACTOR_COMPOSITE,30
2024-03-14,1.0841022521832007,O3,FACTOR_COMPOSITE,30
2024-03-15,1.077739089652785,O3,FACTOR_COMPOSITE,30
2024-03-18,1.0743388423503621,O3,FACTOR_COMPOSITE,30
2024-03-19,1.1044229578250835,O3,FACTOR_COMPOSITE,30
2024-03-20,1.1119109188288283,O3,FACTOR_COMPOSITE,30
2024-03-21,1.1493894846549697,O3,FACTOR_COMPOSITE,30
2024-03-22,1.1444064950737851,O3,FACTOR_COMPOSITE,30
2024-03-25,1.1346464089302268,O3,FACTOR_COMPOSITE,30
2024-03-26,1.1135093947056725,O3,FACTOR_COMPOSITE,30
2024-03-27,1.1127173470147877,O3,FACTOR_COMPOSITE,30
2024-03-28,1.1474069051423317,O3,FACTOR_COMPOSITE,30
2024-03-29,1.151016569078006,O3,FACTOR_COMPOSITE,30
2024-04-01,1.177896948661509,O3,FACTOR_COMPOSITE,30
2024-04-02,1.176421132743498,O3,FACTOR_COMPOSITE,30
2024-04-03,1.1709947545900181,O3,FACTOR_COMPOSITE,30
2024-04-04,1.2102236128894805,O3,FACTOR_COMPOSITE,30
2024-04-05,1.2681553766492617,O3,FACTOR_COMPOSITE,30
2024-04-08,1.2784965897226452,O3,FACTOR_COMPOSITE,30
2024-04-09,1.2784965897226452,O3,FACTOR_COMPOSITE,30
2024-04-15,1.2566053008158398,O3,FACTOR_COMPOSITE,30
2024-04-16,1.2415417803077073,O3,FACTOR_COMPOSITE,30
2024-04-17,1.2558861056774187,O3,FACTOR_COMPOSITE,30
2024-04-18,1.2567811973371203,O3,FACTOR_COMPOSITE,30
2024-04-19,1.2844677942681455,O3,FACTOR_COMPOSITE,30
2024-04-22,1.275664920541985,O3,FACTOR_COMPOSITE,30
2024-04-24,1.2886445372156274,O3,FACTOR_COMPOSITE,30
2024-04-25,1.304279849757291,O3,FACTOR_COMPOSITE,30
2024-04-26,1.3195873515760506,O3,FACTOR_COMPOSITE,30
2024-04-29,1.334651661057391,O3,FACTOR_COMPOSITE,30
2024-04-30,1.338694966447335,O3,FACTOR_COMPOSITE,30
2024-05-02,1.3554961693500482,O3,FACTOR_COMPOSITE,30
2024-05-03,1.362947856984491,O3,FACTOR_COMPOSITE,30
2024-05-06,1.3699331062721907,O3,FACTOR_COMPOSITE,30
2024-05-07,1.3809517275865781,O3,FACTOR_COMPOSITE,30
2024-05-08,1.374577905617773,O3,FACTOR_COMPOSITE,30
2024-05-09,1.3922045143493404,O3,FACTOR_COMPOSITE,30
2024-05-10,1.3909935369294373,O3,FACTOR_COMPOSITE,30
2024-05-13,1.3771984441162994,O3,FACTOR_COMPOSITE,30
2024-05-14,1.3885138358542157,O3,FACTOR_COMPOSITE,30
2024-05-15,1.3852027504638142,O3,FACTOR_COMPOSITE,30
2024-05-16,1.4208765997030908,O3,FACTOR_COMPOSITE,30
2024-05-17,1.4638878454077802,O3,FACTOR_COMPOSITE,30
2024-05-20,1.4701832105765058,O3,FACTOR_COMPOSITE,30
2024-05-21,1.4919705916025938,O3,FACTOR_COMPOSITE,30
2024-05-22,1.4841983205392673,O3,FACTOR_COMPOSITE,30
2024-05-23,1.4807132572983308,O3,FACTOR_COMPOSITE,30
2024-05-24,1.4726565910747655,O3,FACTOR_COMPOSITE,30
2024-05-27,1.454678240352058,O3,FACTOR_COMPOSITE,30
2024-05-28,1.4510815863291426,O3,FACTOR_COMPOSITE,30
2024-05-29,1.441273743746975,O3,FACTOR_COMPOSITE,30
2024-05-30,1.4421909752593995,O3,FACTOR_COMPOSITE,30
2024-05-31,1.4531423477107186,O3,FACTOR_COMPOSITE,30
2024-06-03,1.4864862548733013,O3,FACTOR_COMPOSITE,30
2024-06-04,1.4653995926241128,O3,FACTOR_COMPOSITE,30
2024-06-05,1.454496570522019,O3,FACTOR_COMPOSITE,30
2024-06-06,1.4352761015061681,O3,FACTOR_COMPOSITE,30
2024-06-07,1.420792099115709,O3,FACTOR_COMPOSITE,30
2024-06-10,1.4034342277804992,O3,FACTOR_COMPOSITE,30
2024-06-11,1.4047096641320982,O3,FACTOR_COMPOSITE,30
2024-06-12,1.4243056492830102,O3,FACTOR_COMPOSITE,30
2024-06-13,1.4513714189912925,O3,FACTOR_COMPOSITE,30
2024-06-14,1.4525233915616713,O3,FACTOR_COMPOSITE,30
2024-06-20,1.4833058848004315,O3,FACTOR_COMPOSITE,30
2024-06-21,1.4788082239002096,O3,FACTOR_COMPOSITE,30
2024-06-24,1.4739463055115505,O3,FACTOR_COMPOSITE,30
2024-06-25,1.4802371663321647,O3,FACTOR_COMPOSITE,30
2024-06-26,1.4517507817929223,O3,FACTOR_COMPOSITE,30
2024-06-27,1.4842800448548203,O3,FACTOR_COMPOSITE,30
2024-06-28,1.500558463553038,O3,FACTOR_COMPOSITE,30
2024-07-01,1.4712539207379534,O3,FACTOR_COMPOSITE,30
2024-07-02,1.495602182464986,O3,FACTOR_COMPOSITE,30
2024-07-03,1.5212313852304422,O3,FACTOR_COMPOSITE,30
2024-07-04,1.54488535473543,O3,FACTOR_COMPOSITE,30
2024-07-05,1.5419681642199503,O3,FACTOR_COMPOSITE,30
2024-07-08,1.5413876424003459,O3,FACTOR_COMPOSITE,30
2024-07-09,1.539047030876566,O3,FACTOR_COMPOSITE,30
2024-07-10,1.556873094099169,O3,FACTOR_COMPOSITE,30
2024-07-11,1.5780293473894575,O3,FACTOR_COMPOSITE,30
2024-07-12,1.5947255460999965,O3,FACTOR_COMPOSITE,30
2024-07-16,1.62156635212587,O3,FACTOR_COMPOSITE,30
2024-07-17,1.616996191088986,O3,FACTOR_COMPOSITE,30
2024-07-18,1.5839605713800222,O3,FACTOR_COMPOSITE,30
2024-07-19,1.5849109979147507,O3,FACTOR_COMPOSITE,30
2024-07-22,1.5887465423582185,O3,FACTOR_COMPOSITE,30
2024-07-23,1.5545977460975742,O3,FACTOR_COMPOSITE,30
2024-07-24,1.5408266418720333,O3,FACTOR_COMPOSITE,30
2024-07-25,1.538276916928696,O3,FACTOR_COMPOSITE,30
2024-07-26,1.5182764845437011,O3,FACTOR_COMPOSITE,30
2024-07-29,1.486245896635757,O3,FACTOR_COMPOSITE,30
2024-07-30,1.4843418342497743,O3,FACTOR_COMPOSITE,30
2024-07-31,1.477130121234655,O3,FACTOR_COMPOSITE,30
2024-08-01,1.491813949720994,O3,FACTOR_COMPOSITE,30
2024-08-02,1.4575522270159125,O3,FACTOR_COMPOSITE,30
2024-08-05,1.4029230595745454,O3,FACTOR_COMPOSITE,30
2024-08-06,1.3853838257442814,O3,FACTOR_COMPOSITE,30
2024-08-07,1.3885331941059822,O3,FACTOR_COMPOSITE,30
2024-08-08,1.3897641243151284,O3,FACTOR_COMPOSITE,30
2024-08-09,1.3902474634174333,O3,FACTOR_COMPOSITE,30
2024-08-12,1.3830889066937169,O3,FACTOR_COMPOSITE,30
2024-08-13,1.3765695205009831,O3,FACTOR_COMPOSITE,30
2024-08-14,1.3678782690574345,O3,FACTOR_COMPOSITE,30
2024-08-15,1.3744834778854935,O3,FACTOR_COMPOSITE,30
2024-08-16,1.3503306268674247,O3,FACTOR_COMPOSITE,30
2024-08-19,1.3651593313980857,O3,FACTOR_COMPOSITE,30
2024-08-20,1.3362331936527607,O3,FACTOR_COMPOSITE,30
2024-08-21,1.3245493366886045,O3,FACTOR_COMPOSITE,30
2024-08-22,1.3110213228503065,O3,FACTOR_COMPOSITE,30
2024-08-23,1.2747844478570225,O3,FACTOR_COMPOSITE,30
2024-08-26,1.2650264571906633,O3,FACTOR_COMPOSITE,30
2024-08-27,1.2904148984847925,O3,FACTOR_COMPOSITE,30
2024-08-28,1.2940086827291855,O3,FACTOR_COMPOSITE,30
2024-08-29,1.3036159731037544,O3,FACTOR_COMPOSITE,30
2024-09-02,1.345485675804994,O3,FACTOR_COMPOSITE,30
2024-09-03,1.3347098265581543,O3,FACTOR_COMPOSITE,30
2024-09-04,1.3310637808745838,O3,FACTOR_COMPOSITE,30
2024-09-05,1.3247538930821876,O3,FACTOR_COMPOSITE,30
2024-09-06,1.304847715569486,O3,FACTOR_COMPOSITE,30
2024-09-09,1.3052905149235707,O3,FACTOR_COMPOSITE,30
2024-09-10,1.3025006349294124,O3,FACTOR_COMPOSITE,30
2024-09-11,1.2822647535602514,O3,FACTOR_COMPOSITE,30
2024-09-12,1.2833689087741966,O3,FACTOR_COMPOSITE,30
2024-09-13,1.2921329480397121,O3,FACTOR_COMPOSITE,30
2024-09-16,1.2747692132370505,O3,FACTOR_COMPOSITE,30
2024-09-17,1.302203938112229,O3,FACTOR_COMPOSITE,30
2024-09-18,1.302229810245637,O3,FACTOR_COMPOSITE,30
2024-09-19,1.3103500152637708,O3,FACTOR_COMPOSITE,30
2024-09-20,1.2952254070585933,O3,FACTOR_COMPOSITE,30
2024-09-23,1.296297700782016,O3,FACTOR_COMPOSITE,30
2024-09-24,1.2989794958011163,O3,FACTOR_COMPOSITE,30
2024-09-25,1.2685457817337926,O3,FACTOR_COMPOSITE,30
2024-09-26,1.2678691912325433,O3,FACTOR_COMPOSITE,30
2024-09-27,1.2598690860234378,O3,FACTOR_COMPOSITE,30
2024-09-30,1.2411254225963573,O3,FACTOR_COMPOSITE,30
2024-10-01,1.207717234770687,O3,FACTOR_COMPOSITE,30
2024-10-02,1.1736597246171394,O3,FACTOR_COMPOSITE,30
2024-10-03,1.1666490233469184,O3,FACTOR_COMPOSITE,30
2024-10-04,1.1879453093451138,O3,FACTOR_COMPOSITE,30
2024-10-07,1.1739993471891128,O3,FACTOR_COMPOSITE,30
2024-10-08,1.1724054402242832,O3,FACTOR_COMPOSITE,30
2024-10-09,1.1940923798368637,O3,FACTOR_COMPOSITE,30
2024-10-10,1.1784775718606872,O3,FACTOR_COMPOSITE,30
2024-10-11,1.1639048012902293,O3,FACTOR_COMPOSITE,30
2024-10-14,1.129508692172477,O3,FACTOR_COMPOSITE,30
2024-10-15,1.1368157007061332,O3,FACTOR_COMPOSITE,30
2024-10-16,1.1523383145105706,O3,FACTOR_COMPOSITE,30
2024-01-23,1.0,O3,FACTOR_COMPOSITE,50
2024-01-24,1.00597340496378,O3,FACTOR_COMPOSITE,50
2024-01-25,1.007441310543812,O3,FACTOR_COMPOSITE,50
2024-01-26,1.0320432086879001,O3,FACTOR_COMPOSITE,50
2024-01-29,1.0423482290426214,O3,FACTOR_COMPOSITE,50
2024-01-30,1.040866023575919,O3,FACTOR_COMPOSITE,50
2024-01-31,1.0385226822371503,O3,FACTOR_COMPOSITE,50
2024-02-01,1.0674072835060329,O3,FACTOR_COMPOSITE,50
2024-02-02,1.0701530578898302,O3,FACTOR_COMPOSITE,50
2024-02-05,1.0878811326239066,O3,FACTOR_COMPOSITE,50
2024-02-06,1.094120656765473,O3,FACTOR_COMPOSITE,50
2024-02-07,1.0855741131447938,O3,FACTOR_COMPOSITE,50
2024-02-08,1.1006719156264115,O3,FACTOR_COMPOSITE,50
2024-02-09,1.1096793543200674,O3,FACTOR_COMPOSITE,50
2024-02-12,1.1225203090679734,O3,FACTOR_COMPOSITE,50
2024-02-13,1.102723946859786,O3,FACTOR_COMPOSITE,50
2024-02-14,1.1128481155377556,O3,FACTOR_COMPOSITE,50
2024-02-15,1.1336042444004801,O3,FACTOR_COMPOSITE,50
2024-02-16,1.1255206497024368,O3,FACTOR_COMPOSITE,50
2024-02-19,1.1268664939821946,O3,FACTOR_COMPOSITE,50
2024-02-20,1.1414957052701513,O3,FACTOR_COMPOSITE,50
2024-02-21,1.138624860429416,O3,FACTOR_COMPOSITE,50
2024-02-22,1.1296067902215767,O3,FACTOR_COMPOSITE,50
2024-02-23,1.136900768911937,O3,FACTOR_COMPOSITE,50
2024-02-26,1.1282280779910827,O3,FACTOR_COMPOSITE,50
2024-02-27,1.1128029780786692,O3,FACTOR_COMPOSITE,50
2024-02-28,1.1028511829203629,O3,FACTOR_COMPOSITE,50
2024-02-29,1.1197535731686876,O3,FACTOR_COMPOSITE,50
2024-03-01,1.099763959820992,O3,FACTOR_COMPOSITE,50
2024-03-04,1.0782106084346448,O3,FACTOR_COMPOSITE,50
2024-03-05,1.0793900910761343,O3,FACTOR_COMPOSITE,50
2024-03-06,1.0692459695504304,O3,FACTOR_COMPOSITE,50
2024-03-07,1.1002742898978746,O3,FACTOR_COMPOSITE,50
2024-03-08,1.1150389659916415,O3,FACTOR_COMPOSITE,50
2024-03-11,1.1153878848711094,O3,FACTOR_COMPOSITE,50
2024-03-12,1.1214264586953322,O3,FACTOR_COMPOSITE,50
2024-03-13,1.0987733501248482,O3,FACTOR_COMPOSITE,50
2024-03-14,1.0821022521832007,O3,FACTOR_COMPOSITE,50
2024-03-15,1.075739089652785,O3,FACTOR_COMPOSITE,50
2024-03-18,1.0723388423503621,O3,FACTOR_COMPOSITE,50
2024-03-19,1.1024229578250835,O3,FACTOR_COMPOSITE,50
2024-03-20,1.1099109188288283,O3,FACTOR_COMPOSITE,50
2024-03-21,1.1473894846549697,O3,FACTOR_COMPOSITE,50
2024-03-22,1.142406495073785,O3,FACTOR_COMPOSITE,50
2024-03-25,1.1326464089302268,O3,FACTOR_COMPOSITE,50
2024-03-26,1.1115093947056724,O3,FACTOR_COMPOSITE,50
2024-03-27,1.1107173470147877,O3,FACTOR_COMPOSITE,50
2024-03-28,1.1454069051423317,O3,FACTOR_COMPOSITE,50
2024-03-29,1.149016569078006,O3,FACTOR_COMPOSITE,50
2024-04-01,1.1758969486615092,O3,FACTOR_COMPOSITE,50
2024-04-02,1.174421132743498,O3,FACTOR_COMPOSITE,50
2024-04-03,1.1689947545900183,O3,FACTOR_COMPOSITE,50
2024-04-04,1.2082236128894808,O3,FACTOR_COMPOSITE,50
2024-04-05,1.2661553766492617,O3,FACTOR_COMPOSITE,50
2024-04-08,1.2764965897226452,O3,FACTOR_COMPOSITE,50
2024-04-09,1.2764965897226452,O3,FACTOR_COMPOSITE,50
2024-04-15,1.2546053008158398,O3,FACTOR_COMPOSITE,50
2024-04-16,1.2395417803077073,O3,FACTOR_COMPOSITE,50
2024-04-17,1.2538861056774184,O3,FACTOR_COMPOSITE,50
2024-04-18,1.2547811973371203,O3,FACTOR_COMPOSITE,50
2024-04-19,1.2824677942681455,O3,FACTOR_COMPOSITE,50
2024-04-22,1.2710556323886384,O3,FACTOR_COMPOSITE,50
2024-04-24,1.284015265213068,O3,FACTOR_COMPOSITE,50
2024-04-25,1.2996265051078975,O3,FACTOR_COMPOSITE,50
2024-04-26,1.3149104389881072,O3,FACTOR_COMPOSITE,50
2024-04-29,1.3299515549579028,O3,FACTOR_COMPOSITE,50
2024-04-30,1.333988635140488,O3,FACTOR_COMPOSITE,50
2024-05-02,1.350763970352818,O3,FACTOR_COMPOSITE,50
2024-05-03,1.3582041851213198,O3,FACTOR_COMPOSITE,50
2024-05-06,1.3651786796870589,O3,FACTOR_COMPOSITE,50
2024-05-07,1.3761803363658631,O3,FACTOR_COMPOSITE,50
2024-05-08,1.3698163277451971,O3,FACTOR_COMPOSITE,50
2024-05-09,1.3874157979641353,O3,FACTOR_COMPOSITE,50
2024-05-10,1.386206685005315,O3,FACTOR_COMPOSITE,50
2024-05-13,1.372432831575557,O3,FACTOR_COMPOSITE,50
2024-05-14,1.3837308017602825,O3,FACTOR_COMPOSITE,50
2024-05-15,1.3804248142269933,O3,FACTOR_COMPOSITE,50
2024-05-16,1.4160437388223486,O3,FACTOR_COMPOSITE,50
2024-05-17,1.4589887629836573,O3,FACTOR_COMPOSITE,50
2024-05-20,1.4652744355989409,O3,FACTOR_COMPOSITE,50
2024-05-21,1.48702827204909,O3,FACTOR_COMPOSITE,50
2024-05-22,1.4792679674326064,O3,FACTOR_COMPOSITE,50
2024-05-23,1.475788269910863,O3,FACTOR_COMPOSITE,50
2024-05-24,1.4677440079983817,O3,FACTOR_COMPOSITE,50
2024-05-27,1.4497933373419634,O3,FACTOR_COMPOSITE,50
2024-05-28,1.446202220847118,O3,FACTOR_COMPOSITE,50
2024-05-29,1.4364094787453563,O3,FACTOR_COMPOSITE,50
2024-05-30,1.4373252980576603,O3,FACTOR_COMPOSITE,50
2024-05-31,1.4482598094119803,O3,FACTOR_COMPOSITE,50
2024-06-03,1.4815523791868999,O3,FACTOR_COMPOSITE,50
2024-06-04,1.4604981826637322,O3,FACTOR_COMPOSITE,50
2024-06-05,1.4496119472168323,O3,FACTOR_COMPOSITE,50
2024-06-06,1.4304210706738771,O3,FACTOR_COMPOSITE,50
2024-06-07,1.4159593683348792,O3,FACTOR_COMPOSITE,50
2024-06-10,1.3986282217552717,O3,FACTOR_COMPOSITE,50
2024-06-11,1.3999016944026743,O3,FACTOR_COMPOSITE,50
2024-06-12,1.4194675089235684,O3,FACTOR_COMPOSITE,50
2024-06-13,1.4464916072732685,O3,FACTOR_COMPOSITE,50
2024-06-14,1.4476418062283916,O3,FACTOR_COMPOSITE,50
2024-06-20,1.478376905717495,O3,FACTOR_COMPOSITE,50
2024-06-21,1.4738861695654757,O3,FACTOR_COMPOSITE,50
2024-06-24,1.4690317367479557,O3,FACTOR_COMPOSITE,50
2024-06-25,1.4753129119501716,O3,FACTOR_COMPOSITE,50
2024-06-26,1.4468703859953207,O3,FACTOR_COMPOSITE,50
2024-06-27,1.4793495659226867,O3,FACTOR_COMPOSITE,50
2024-06-28,1.4956029218264584,O3,FACTOR_COMPOSITE,50
2024-07-01,1.4663434972594382,O3,FACTOR_COMPOSITE,50
2024-07-02,1.4906542715934934,O3,FACTOR_COMPOSITE,50
2024-07-03,1.5162440147865763,O3,FACTOR_COMPOSITE,50
2024-07-04,1.5398615658539663,O3,FACTOR_COMPOSITE,50
2024-07-05,1.5369488667419582,O3,FACTOR_COMPOSITE,50
2024-07-08,1.536369238713041,O3,FACTOR_COMPOSITE,50
2024-07-09,1.534032230872554,O3,FACTOR_COMPOSITE,50
2024-07-10,1.551830848495764,O3,FACTOR_COMPOSITE,50
2024-07-11,1.5729545289153517,O3,FACTOR_COMPOSITE,50
2024-07-12,1.5896250216034522,O3,FACTOR_COMPOSITE,50
2024-07-16,1.6164245026323047,O3,FACTOR_COMPOSITE,50
2024-07-17,1.611861377967244,O3,FACTOR_COMPOSITE,50
2024-07-18,1.578876620996334,O3,FACTOR_COMPOSITE,50
2024-07-19,1.5798255842227817,O3,FACTOR_COMPOSITE,50
2024-07-22,1.583655223334549,O3,FACTOR_COMPOSITE,50
2024-07-23,1.5470000342002785,O3,FACTOR_COMPOSITE,50
2024-07-24,1.5332730165357373,O3,FACTOR_COMPOSITE,50
2024-07-25,1.530731454235163,O3,FACTOR_COMPOSITE,50
2024-07-26,1.5107950508683157,O3,FACTOR_COMPOSITE,50
2024-07-29,1.478867005098209,O3,FACTOR_COMPOSITE,50
2024-07-30,1.476969038342696,O3,FACTOR_COMPOSITE,50
2024-07-31,1.4697804127736196,O3,FACTOR_COMPOSITE,50
2024-08-01,1.4844172327202168,O3,FACTOR_COMPOSITE,50
2024-08-02,1.450265194867073,O3,FACTOR_COMPOSITE,50
2024-08-05,1.3958109162424148,O3,FACTOR_COMPOSITE,50
2024-08-06,1.378327832194295,O3,FACTOR_COMPOSITE,50
2024-08-07,1.381467118225769,O3,FACTOR_COMPOSITE,50
2024-08-08,1.3826941077574746,O3,FACTOR_COMPOSITE,50
2024-08-09,1.3831758995068248,O3,FACTOR_COMPOSITE,50
2024-08-12,1.3760402600555723,O3,FACTOR_COMPOSITE,50
2024-08-13,1.3695417449064646,O3,FACTOR_COMPOSITE,50
2024-08-14,1.3608783174762022,O3,FACTOR_COMPOSITE,50
2024-08-15,1.367462380509621,O3,FACTOR_COMPOSITE,50
2024-08-16,1.3433868519867054,O3,FACTOR_COMPOSITE,50
2024-08-19,1.358168084174108,O3,FACTOR_COMPOSITE,50
2024-08-20,1.3293345500366938,O3,FACTOR_COMPOSITE,50
2024-08-21,1.3176880975583598,O3,FACTOR_COMPOSITE,50
2024-08-22,1.3042033920559457,O3,FACTOR_COMPOSITE,50
2024-08-23,1.2680825251309817,O3,FACTOR_COMPOSITE,50
2024-08-26,1.2583557735173305,O3,FACTOR_COMPOSITE,50
2024-08-27,1.2836629367202133,O3,FACTOR_COMPOSITE,50
2024-08-28,1.2872452158895071,O3,FACTOR_COMPOSITE,50
2024-08-29,1.2968217496605237,O3,FACTOR_COMPOSITE,50
2024-09-02,1.3385574114619232,O3,FACTOR_COMPOSITE,50
2024-09-03,1.3278160598216202,O3,FACTOR_COMPOSITE,50
2024-09-04,1.3241816865219636,O3,FACTOR_COMPOSITE,50
2024-09-05,1.317891999088849,O3,FACTOR_COMPOSITE,50
2024-09-06,1.298049548848472,O3,FACTOR_COMPOSITE,50
2024-09-09,1.2984909306328094,O3,FACTOR_COMPOSITE,50
2024-09-10,1.295709982109398,O3,FACTOR_COMPOSITE,50
2024-09-11,1.2755388835204524,O3,FACTOR_COMPOSITE,50
2024-09-12,1.2766395039121061,O3,FACTOR_COMPOSITE,50
2024-09-13,1.2853754861427351,O3,FACTOR_COMPOSITE,50
2024-09-16,1.268067339282843,O3,FACTOR_COMPOSITE,50
2024-09-17,1.2954142351319742,O3,FACTOR_COMPOSITE,50
2024-09-18,1.2954400244388082,O3,FACTOR_COMPOSITE,50
2024-09-19,1.3035342335812299,O3,FACTOR_COMPOSITE,50
2024-09-20,1.2884580450199181,O3,FACTOR_COMPOSITE,50
2024-09-23,1.289526905921842,O3,FACTOR_COMPOSITE,50
2024-09-24,1.292200115491456,O3,FACTOR_COMPOSITE,50
2024-09-25,1.2618638313592856,O3,FACTOR_COMPOSITE,50
2024-09-26,1.2611894068824823,O3,FACTOR_COMPOSITE,50
2024-09-27,1.2532149130637587,O3,FACTOR_COMPOSITE,50
2024-09-30,1.2345312552576875,O3,FACTOR_COMPOSITE,50
2024-10-01,1.2012300197930155,O3,FACTOR_COMPOSITE,50
2024-10-02,1.167281540729081,O3,FACTOR_COMPOSITE,50
2024-10-03,1.1602932833895818,O3,FACTOR_COMPOSITE,50
2024-10-04,1.1815213918475922,O3,FACTOR_COMPOSITE,50
2024-10-07,1.167620076039569,O3,FACTOR_COMPOSITE,50
2024-10-08,1.1660312717793215,O3,FACTOR_COMPOSITE,50
2024-10-09,1.1876487832203864,O3,FACTOR_COMPOSITE,50
2024-10-10,1.17208396420465,O3,FACTOR_COMPOSITE,50
2024-10-11,1.1575578466351544,O3,FACTOR_COMPOSITE,50
2024-10-14,1.1232718525915422,O3,FACTOR_COMPOSITE,50
2024-10-15,1.1305554686018267,O3,FACTOR_COMPOSITE,50
2024-10-16,1.1460283885945581,O3,FACTOR_COMPOSITE,50
2024-01-23,1.0,O3,FACTOR_COMPOSITE,100
2024-01-24,1.0009734049637802,O3,FACTOR_COMPOSITE,100
2024-01-25,1.0024413105438121,O3,FACTOR_COMPOSITE,100
2024-01-26,1.0270432086879002,O3,FACTOR_COMPOSITE,100
2024-01-29,1.0373482290426213,O3,FACTOR_COMPOSITE,100
2024-01-30,1.035866023575919,O3,FACTOR_COMPOSITE,100
2024-01-31,1.0335226822371502,O3,FACTOR_COMPOSITE,100
2024-02-01,1.062407283506033,O3,FACTOR_COMPOSITE,100
2024-02-02,1.0651530578898303,O3,FACTOR_COMPOSITE,100
2024-02-05,1.0828811326239065,O3,FACTOR_COMPOSITE,100
2024-02-06,1.0891206567654732,O3,FACTOR_COMPOSITE,100
2024-02-07,1.0805741131447935,O3,FACTOR_COMPOSITE,100
2024-02-08,1.0956719156264116,O3,FACTOR_COMPOSITE,100
2024-02-09,1.1046793543200673,O3,FACTOR_COMPOSITE,100
2024-02-12,1.1175203090679735,O3,FACTOR_COMPOSITE,100
2024-02-13,1.097723946859786,O3,FACTOR_COMPOSITE,100
2024-02-14,1.1078481155377558,O3,FACTOR_COMPOSITE,100
2024-02-15,1.1286042444004802,O3,FACTOR_COMPOSITE,100
2024-02-16,1.120520649702437,O3,FACTOR_COMPOSITE,100
2024-02-19,1.1218664939821947,O3,FACTOR_COMPOSITE,100
2024-02-20,1.1364957052701514,O3,FACTOR_COMPOSITE,100
2024-02-21,1.133624860429416,O3,FACTOR_COMPOSITE,100
2024-02-22,1.1246067902215766,O3,FACTOR_COMPOSITE,100
2024-02-23,1.1319007689119371,O3,FACTOR_COMPOSITE,100
2024-02-26,1.1232280779910828,O3,FACTOR_COMPOSITE,100
2024-02-27,1.1078029780786693,O3,FACTOR_COMPOSITE,100
2024-02-28,1.097851182920363,O3,FACTOR_COMPOSITE,100
2024-02-29,1.1147535731686875,O3,FACTOR_COMPOSITE,100
2024-03-01,1.0947639598209922,O3,FACTOR_COMPOSITE,100
2024-03-04,1.0732106084346447,O3,FACTOR_COMPOSITE,100
2024-03-05,1.0743900910761344,O3,FACTOR_COMPOSITE,100
2024-03-06,1.0642459695504303,O3,FACTOR_COMPOSITE,100
2024-03-07,1.0952742898978747,O3,FACTOR_COMPOSITE,100
2024-03-08,1.1100389659916414,O3,FACTOR_COMPOSITE,100
2024-03-11,1.1103878848711095,O3,FACTOR_COMPOSITE,100
2024-03-12,1.116426458695332,O3,FACTOR_COMPOSITE,100
2024-03-13,1.0937733501248483,O3,FACTOR_COMPOSITE,100
2024-03-14,1.0771022521832008,O3,FACTOR_COMPOSITE,100
2024-03-15,1.0707390896527849,O3,FACTOR_COMPOSITE,100
2024-03-18,1.067338842350362,O3,FACTOR_COMPOSITE,100
2024-03-19,1.0974229578250836,O3,FACTOR_COMPOSITE,100
2024-03-20,1.1049109188288284,O3,FACTOR_COMPOSITE,100
2024-03-21,1.1423894846549696,O3,FACTOR_COMPOSITE,100
2024-03-22,1.1374064950737852,O3,FACTOR_COMPOSITE,100
2024-03-25,1.127646408930227,O3,FACTOR_COMPOSITE,100
2024-03-26,1.1065093947056723,O3,FACTOR_COMPOSITE,100
2024-03-27,1.1057173470147876,O3,FACTOR_COMPOSITE,100
2024-03-28,1.1404069051423316,O3,FACTOR_COMPOSITE,100
2024-03-29,1.144016569078006,O3,FACTOR_COMPOSITE,100
2024-04-01,1.170896948661509,O3,FACTOR_COMPOSITE,100
2024-04-02,1.1694211327434978,O3,FACTOR_COMPOSITE,100
2024-04-03,1.163994754590018,O3,FACTOR_COMPOSITE,100
2024-04-04,1.2032236128894804,O3,FACTOR_COMPOSITE,100
2024-04-05,1.2611553766492618,O3,FACTOR_COMPOSITE,100
2024-04-08,1.2714965897226451,O3,FACTOR_COMPOSITE,100
2024-04-09,1.2714965897226451,O3,FACTOR_COMPOSITE,100
2024-04-15,1.2496053008158396,O3,FACTOR_COMPOSITE,100
2024-04-16,1.2345417803077072,O3,FACTOR_COMPOSITE,100
2024-04-17,1.2488861056774185,O3,FACTOR_COMPOSITE,100
2024-04-18,1.2497811973371205,O3,FACTOR_COMPOSITE,100
2024-04-19,1.2774677942681454,O3,FACTOR_COMPOSITE,100
2024-04-22,1.259539412005273,O3,FACTOR_COMPOSITE,100
2024-04-24,1.2724490852066703,O3,FACTOR_COMPOSITE,100
2024-04-25,1.2880001434844144,O3,FACTOR_COMPOSITE,100
2024-04-26,1.3032251575182485,O3,FACTOR_COMPOSITE,100
2024-04-29,1.318208289709182,O3,FACTOR_COMPOSITE,100
2024-04-30,1.3222298068733693,O3,FACTOR_COMPOSITE,100
2024-05-02,1.3389404728597427,O3,FACTOR_COMPOSITE,100
2024-05-03,1.3463520054633913,O3,FACTOR_COMPOSITE,100
2024-05-06,1.353299613224229,O3,FACTOR_COMPOSITE,100
2024-05-07,1.364258858314075,O3,FACTOR_COMPOSITE,100
2024-05-08,1.3579193830637575,O3,FACTOR_COMPOSITE,100
2024-05-09,1.3754510070011219,O3,FACTOR_COMPOSITE,100
2024-05-10,1.374246555195009,O3,FACTOR_COMPOSITE,100
2024-05-13,1.3605258002237,O3,FACTOR_COMPOSITE,100
2024-05-14,1.3717802165254493,O3,FACTOR_COMPOSITE,100
2024-05-15,1.3684869736349403,O3,FACTOR_COMPOSITE,100
2024-05-16,1.403968586620492,O3,FACTOR_COMPOSITE,100
2024-05-17,1.4467480569233502,O3,FACTOR_COMPOSITE,100
2024-05-20,1.4530094981550274,O3,FACTOR_COMPOSITE,100
2024-05-21,1.4746794731653297,O3,FACTOR_COMPOSITE,100
2024-05-22,1.4669490846659539,O3,FACTOR_COMPOSITE,100
2024-05-23,1.4634828014421932,O3,FACTOR_COMPOSITE,100
2024-05-24,1.4554695503074213,O3,FACTOR_COMPOSITE,100
2024-05-27,1.4375880798167266,O3,FACTOR_COMPOSITE,100
2024-05-28,1.434010807142055,O3,FACTOR_COMPOSITE,100
2024-05-29,1.42425581624131,O3,FACTOR_COMPOSITE,100
2024-05-30,1.4251681050533112,O3,FACTOR_COMPOSITE,100
2024-05-31,1.4360604636651348,O3,FACTOR_COMPOSITE,100
2024-06-03,1.4692246899708952,O3,FACTOR_COMPOSITE,100
2024-06-04,1.4482516577627806,O3,FACTOR_COMPOSITE,100
2024-06-05,1.437407388953866,O3,FACTOR_COMPOSITE,100
2024-06-06,1.4182904935931497,O3,FACTOR_COMPOSITE,100
2024-06-07,1.4038845413828047,O3,FACTOR_COMPOSITE,100
2024-06-10,1.3866202066922035,O3,FACTOR_COMPOSITE,100
2024-06-11,1.387888770079115,O3,FACTOR_COMPOSITE,100
2024-06-12,1.407379158024965,O3,FACTOR_COMPOSITE,100
2024-06-13,1.4342990779782074,O3,FACTOR_COMPOSITE,100
2024-06-14,1.4354448428951918,O3,FACTOR_COMPOSITE,100
2024-06-20,1.466061458010152,O3,FACTOR_COMPOSITE,100
2024-06-21,1.4615880337286415,O3,FACTOR_COMPOSITE,100
2024-06-24,1.456752314838968,O3,FACTOR_COMPOSITE,100
2024-06-25,1.463009275995188,O3,FACTOR_COMPOSITE,100
2024-06-26,1.4346763965013154,O3,FACTOR_COMPOSITE,100
2024-06-27,1.467030368592354,O3,FACTOR_COMPOSITE,100
2024-06-28,1.4832210675100086,O3,FACTOR_COMPOSITE,100
2024-07-01,1.45407443856315,O3,FACTOR_COMPOSITE,100
2024-07-02,1.4782914944147605,O3,FACTOR_COMPOSITE,100
2024-07-03,1.5037825886769112,O3,FACTOR_COMPOSITE,100
2024-07-04,1.527309093650307,O3,FACTOR_COMPOSITE,100
2024-07-05,1.524407623046978,O3,FACTOR_COMPOSITE,100
2024-07-08,1.523830229494779,O3,FACTOR_COMPOSITE,100
2024-07-09,1.5215022308625248,O3,FACTOR_COMPOSITE,100
2024-07-10,1.5392322344872529,O3,FACTOR_COMPOSITE,100
2024-07-11,1.560274482730088,O3,FACTOR_COMPOSITE,100
2024-07-12,1.5768807103620919,O3,FACTOR_COMPOSITE,100
2024-07-16,1.6035768788983922,O3,FACTOR_COMPOSITE,100
2024-07-17,1.59903134516289,O3,FACTOR_COMPOSITE,100
2024-07-18,1.566173745037115,O3,FACTOR_COMPOSITE,100
2024-07-19,1.567119049992861,O3,FACTOR_COMPOSITE,100
2024-07-22,1.570933925775376,O3,FACTOR_COMPOSITE,100
2024-07-23,1.5280478819150163,O3,FACTOR_COMPOSITE,100
2024-07-24,1.514431020095422,O3,FACTOR_COMPOSITE,100
2024-07-25,1.5119098531895034,O3,FACTOR_COMPOSITE,100
2024-07-26,1.4921334344173982,O3,FACTOR_COMPOSITE,100
2024-07-29,1.4604616031394164,O3,FACTOR_COMPOSITE,100
2024-07-30,1.4585788670870867,O3,FACTOR_COMPOSITE,100
2024-07-31,1.4514479284200688,O3,FACTOR_COMPOSITE,100
2024-08-01,1.4659672915885107,O3,FACTOR_COMPOSITE,100
2024-08-02,1.432089315201471,O3,FACTOR_COMPOSITE,100
2024-08-05,1.3780720183903046,O3,FACTOR_COMPOSITE,100
2024-08-06,1.3607292316698834,O3,FACTOR_COMPOSITE,100
2024-08-07,1.3638433257249367,O3,FACTOR_COMPOSITE,100
2024-08-08,1.365060468975978,O3,FACTOR_COMPOSITE,100
2024-08-09,1.3655383944683936,O3,FACTOR_COMPOSITE,100
2024-08-12,1.3584600167190053,O3,FACTOR_COMPOSITE,100
2024-08-13,1.3520136505103777,O3,FACTOR_COMPOSITE,100
2024-08-14,1.3434197448941052,O3,FACTOR_COMPOSITE,100
2024-08-15,1.3499509724869099,O3,FACTOR_COMPOSITE,100
2024-08-16,1.326068643991254,O3,FACTOR_COMPOSITE,100
2024-08-19,1.3407312605287933,O3,FACTOR_COMPOSITE,100
2024-08-20,1.3121291082103104,O3,FACTOR_COMPOSITE,100
2024-08-21,1.3005761155675168,O3,FACTOR_COMPOSITE,100
2024-08-22,1.2871996214162338,O3,FACTOR_COMPOSITE,100
2024-08-23,1.2513686153127224,O3,FACTOR_COMPOSITE,100
2024-08-26,1.2417199184206997,O3,FACTOR_COMPOSITE,100
2024-08-27,1.266823998039518,O3,FACTOR_COMPOSITE,100
2024-08-28,1.2703775303245017,O3,FACTOR_COMPOSITE,100
2024-08-29,1.2798772148340842,O3,FACTOR_COMPOSITE,100
2024-09-02,1.3212779585052303,O3,FACTOR_COMPOSITE,100
2024-09-03,1.310622803495159,O3,FACTOR_COMPOSITE,100
2024-09-04,1.3070175951220333,O3,FACTOR_COMPOSITE,100
2024-09-05,1.3007783808397937,O3,FACTOR_COMPOSITE,100
2024-09-06,1.2810951612440815,O3,FACTOR_COMPOSITE,100
2024-09-09,1.2815330010512336,O3,FACTOR_COMPOSITE,100
2024-09-10,1.27877436893637,O3,FACTOR_COMPOSITE,100
2024-09-11,1.2587651383119658,O3,FACTOR_COMPOSITE,100
2024-09-12,1.259856926503343,O3,FACTOR_COMPOSITE,100
2024-09-13,1.268522804686059,O3,FACTOR_COMPOSITE,100
2024-09-16,1.2513535513271747,O3,FACTOR_COMPOSITE,100
2024-09-17,1.2784809952536407,O3,FACTOR_COMPOSITE,100
2024-09-18,1.2785065776078097,O3,FACTOR_COMPOSITE,100
2024-09-19,1.286535832769035,O3,FACTOR_COMPOSITE,100
2024-09-20,1.2715806268078875,O3,FACTOR_COMPOSITE,100
2024-09-23,1.2726409103714074,O3,FACTOR_COMPOSITE,100
2024-09-24,1.2752926681103285,O3,FACTOR_COMPOSITE,100
2024-09-25,1.2451998249857243,O3,FACTOR_COMPOSITE,100
2024-09-26,1.2445308125947732,O3,FACTOR_COMPOSITE,100
2024-09-27,1.2366203120720511,O3,FACTOR_COMPOSITE,100
2024-09-30,1.218086585894439,O3,FACTOR_COMPOSITE,100
2024-10-01,1.1850525844218869,O3,FACTOR_COMPOSITE,100
2024-10-02,1.151376533316257,O3,FACTOR_COMPOSITE,100
2024-10-03,1.1444443549744507,O3,FACTOR_COMPOSITE,100
2024-10-04,1.1655021132310575,O3,FACTOR_COMPOSITE,100
2024-10-07,1.1517123519664996,O3,FACTOR_COMPOSITE,100
2024-10-08,1.1501362974586031,O3,FACTOR_COMPOSITE,100
2024-10-09,1.1715803338378128,O3,FACTOR_COMPOSITE,100
2024-10-10,1.1561404185580537,O3,FACTOR_COMPOSITE,100
2024-10-11,1.141730869408136,O3,FACTOR_COMPOSITE,100
2024-10-14,1.107720011795176,O3,FACTOR_COMPOSITE,100
2024-10-15,1.114945178629136,O3,FACTOR_COMPOSITE,100
2024-10-16,1.1302939323523071,O3,FACTOR_COMPOSITE,100
2024-01-23,1.0,O3,RIDGE,0
2024-01-24,1.0077469751564703,O3,RIDGE,0
2024-01-25,1.011699763223796,O3,RIDGE,0
2024-01-26,1.0452903669988955,O3,RIDGE,0
2024-01-29,1.0639708318997267,O3,RIDGE,0
2024-01-30,1.0581903819504603,O3,RIDGE,0
2024-01-31,1.0579460928064188,O3,RIDGE,0
2024-02-01,1.0845209984122282,O3,RIDGE,0
2024-02-02,1.0897028409748362,O3,RIDGE,0
2024-02-05,1.0973298000229164,O3,RIDGE,0
2024-02-06,1.1035640990254902,O3,RIDGE,0
2024-02-07,1.1042301706183946,O3,RIDGE,0
2024-02-08,1.1199223565821432,O3,RIDGE,0
2024-02-09,1.132828623212708,O3,RIDGE,0
2024-02-12,1.1398377788719574,O3,RIDGE,0
2024-02-13,1.1102496214708228,O3,RIDGE,0
2024-02-14,1.1187666756895793,O3,RIDGE,0
2024-02-15,1.1356030215592292,O3,RIDGE,0
2024-02-16,1.125181952709044,O3,RIDGE,0
2024-02-19,1.1147941656672036,O3,RIDGE,0
2024-02-20,1.134414547814384,O3,RIDGE,0
2024-02-21,1.1274676261611585,O3,RIDGE,0
2024-02-22,1.13013736622028,O3,RIDGE,0
2024-02-23,1.1428800868866833,O3,RIDGE,0
2024-02-26,1.1372069437020873,O3,RIDGE,0
2024-02-27,1.1153972126004086,O3,RIDGE,0
2024-02-28,1.1007279175257854,O3,RIDGE,0
2024-02-29,1.1205617216176802,O3,RIDGE,0
2024-03-01,1.0983099398265221,O3,RIDGE,0
2024-03-04,1.0802697151058016,O3,RIDGE,0
2024-03-05,1.0802471153572588,O3,RIDGE,0
2024-03-06,1.069071290650072,O3,RIDGE,0
2024-03-07,1.0985801277220195,O3,RIDGE,0
2024-03-08,1.1009012785493806,O3,RIDGE,0
2024-03-11,1.0987836580676236,O3,RIDGE,0
2024-03-12,1.0883512493924468,O3,RIDGE,0
2024-03-13,1.0680084185142602,O3,RIDGE,0
2024-03-14,1.0650190961411,O3,RIDGE,0
2024-03-15,1.0581045591815101,O3,RIDGE,0
2024-03-18,1.0491030939119053,O3,RIDGE,0
2024-03-19,1.070769157785048,O3,RIDGE,0
2024-03-20,1.0688073896594352,O3,RIDGE,0
2024-03-21,1.0962799392213756,O3,RIDGE,0
2024-03-22,1.0921808654655698,O3,RIDGE,0
2024-03-25,1.0844480553028135,O3,RIDGE,0
2024-03-26,1.0583393540721686,O3,RIDGE,0
2024-03-27,1.0643817850678579,O3,RIDGE,0
2024-03-28,1.0906444387570844,O3,RIDGE,0
2024-03-29,1.0919604135818013,O3,RIDGE,0
2024-04-01,1.1046125014369652,O3,RIDGE,0
2024-04-02,1.1037684159287018,O3,RIDGE,0
2024-04-03,1.1042665366663356,O3,RIDGE,0
2024-04-04,1.1353594739979107,O3,RIDGE,0
2024-04-05,1.197548238625922,O3,RIDGE,0
2024-04-08,1.2061934326771069,O3,RIDGE,0
2024-04-09,1.2061934326771069,O3,RIDGE,0
2024-04-15,1.1758926990432275,O3,RIDGE,0
2024-04-16,1.1707280428634241,O3,RIDGE,0
2024-04-17,1.1749862525424155,O3,RIDGE,0
2024-04-18,1.1626816113432112,O3,RIDGE,0
2024-04-19,1.1915000066098649,O3,RIDGE,0
2024-04-22,1.19875176298642,O3,RIDGE,0
2024-04-24,1.2134878394653692,O3,RIDGE,0
2024-04-25,1.2231747959764592,O3,RIDGE,0
2024-04-26,1.2524785869268482,O3,RIDGE,0
2024-04-29,1.2746836492344393,O3,RIDGE,0
2024-04-30,1.2747853278469146,O3,RIDGE,0
2024-05-02,1.3003891620783699,O3,RIDGE,0
2024-05-03,1.2867208616900276,O3,RIDGE,0
2024-05-06,1.292310116455609,O3,RIDGE,0
2024-05-07,1.3051910192888434,O3,RIDGE,0
2024-05-08,1.293294971769644,O3,RIDGE,0
2024-05-09,1.2933783525572207,O3,RIDGE,0
2024-05-10,1.3028617964325917,O3,RIDGE,0
2024-05-13,1.2914902882904489,O3,RIDGE,0
2024-05-14,1.3047578641161726,O3,RIDGE,0
2024-05-15,1.2903875931654925,O3,RIDGE,0
2024-05-16,1.3092651141843759,O3,RIDGE,0
2024-05-17,1.3453025236078857,O3,RIDGE,0
2024-05-20,1.3554226826595808,O3,RIDGE,0
2024-05-21,1.373563574246345,O3,RIDGE,0
2024-05-22,1.389598218994504,O3,RIDGE,0
2024-05-23,1.3819883018421288,O3,RIDGE,0
2024-05-24,1.3567131813294004,O3,RIDGE,0
2024-05-27,1.3552445167118004,O3,RIDGE,0
2024-05-28,1.362665186294617,O3,RIDGE,0
2024-05-29,1.3502814954235616,O3,RIDGE,0
2024-05-30,1.3481748828521471,O3,RIDGE,0
2024-05-31,1.324269041879837,O3,RIDGE,0
2024-06-03,1.3304431213266688,O3,RIDGE,0
2024-06-04,1.3058803942306227,O3,RIDGE,0
2024-06-05,1.3038302692781978,O3,RIDGE,0
2024-06-06,1.2861120480825976,O3,RIDGE,0
2024-06-07,1.2778063438599432,O3,RIDGE,0
2024-06-10,1.2517040875077998,O3,RIDGE,0
2024-06-11,1.2578641097437082,O3,RIDGE,0
2024-06-12,1.2881530734036943,O3,RIDGE,0
2024-06-13,1.3151330423939802,O3,RIDGE,0
2024-06-14,1.3331663128496445,O3,RIDGE,0
2024-06-20,1.361189826465625,O3,RIDGE,0
2024-06-21,1.3512534988774834,O3,RIDGE,0
2024-06-24,1.3651513525177235,O3,RIDGE,0
2024-06-25,1.3616854287384468,O3,RIDGE,0
2024-06-26,1.3430543191310684,O3,RIDGE,0
2024-06-27,1.3660202332566607,O3,RIDGE,0
2024-06-28,1.3673194726197058,O3,RIDGE,0
2024-07-01,1.3319014975090118,O3,RIDGE,0
2024-07-02,1.3330245214960508,O3,RIDGE,0
2024-07-03,1.3628227802085309,O3,RIDGE,0
2024-07-04,1.3947770566044881,O3,RIDGE,0
2024-07-05,1.3822932418708807,O3,RIDGE,0
2024-07-08,1.3629825805969447,O3,RIDGE,0
2024-07-09,1.3594034335415175,O3,RIDGE,0
2024-07-10,1.3637039649573168,O3,RIDGE,0
2024-07-11,1.383975427741174,O3,RIDGE,0
2024-07-12,1.3866039166485107,O3,RIDGE,0
2024-07-16,1.3990450143823916,O3,RIDGE,0
2024-07-17,1.394839336800923,O3,RIDGE,0
2024-07-18,1.3793531232733531,O3,RIDGE,0
2024-07-19,1.3805369072830365,O3,RIDGE,0
2024-07-22,1.3941722501816494,O3,RIDGE,0
2024-07-23,1.3678449362739846,O3,RIDGE,0
2024-07-24,1.3624505379413738,O3,RIDGE,0
2024-07-25,1.3694570198508933,O3,RIDGE,0
2024-07-26,1.3636854721638245,O3,RIDGE,0
2024-07-29,1.349775913479099,O3,RIDGE,0
2024-07-30,1.3428288318155797,O3,RIDGE,0
2024-07-31,1.3311600879322316,O3,RIDGE,0
2024-08-01,1.3454706779096095,O3,RIDGE,0
2024-08-02,1.3151717227871318,O3,RIDGE,0
2024-08-05,1.24482027663143,O3,RIDGE,0
2024-08-06,1.2446144427497199,O3,RIDGE,0
2024-08-07,1.2635232424210985,O3,RIDGE,0
2024-08-08,1.2779066332512659,O3,RIDGE,0
2024-08-09,1.263807930355173,O3,RIDGE,0
2024-08-12,1.2453444270282525,O3,RIDGE,0
2024-08-13,1.256317192778901,O3,RIDGE,0
2024-08-14,1.2467236073028696,O3,RIDGE,0
2024-08-15,1.2629815486795353,O3,RIDGE,0
2024-08-16,1.2426301221179203,O3,RIDGE,0
2024-08-19,1.275441286027576,O3,RIDGE,0
2024-08-20,1.2648125602243188,O3,RIDGE,0
2024-08-21,1.248520712002181,O3,RIDGE,0
2024-08-22,1.2487624050636463,O3,RIDGE,0
2024-08-23,1.222987292022484,O3,RIDGE,0
2024-08-26,1.205725754918593,O3,RIDGE,0
2024-08-27,1.2334841352794121,O3,RIDGE,0
2024-08-28,1.2444703917382824,O3,RIDGE,0
2024-08-29,1.244405488756258,O3,RIDGE,0
2024-09-02,1.2720289493693788,O3,RIDGE,0
2024-09-03,1.2572762784888818,O3,RIDGE,0
2024-09-04,1.2500102685314165,O3,RIDGE,0
2024-09-05,1.2536826580032705,O3,RIDGE,0
2024-09-06,1.2379328669412837,O3,RIDGE,0
2024-09-09,1.2279726743287682,O3,RIDGE,0
2024-09-10,1.2212795058638346,O3,RIDGE,0
2024-09-11,1.2021555372462345,O3,RIDGE,0
2024-09-12,1.2132335844292248,O3,RIDGE,0
2024-09-13,1.2262538055938346,O3,RIDGE,0
2024-09-16,1.2061824341508627,O3,RIDGE,0
2024-09-17,1.224091129350197,O3,RIDGE,0
2024-09-18,1.218346882309209,O3,RIDGE,0
2024-09-19,1.2400631992882085,O3,RIDGE,0
2024-09-20,1.2313199081984765,O3,RIDGE,0
2024-09-23,1.2178605355116363,O3,RIDGE,0
2024-09-24,1.228368560377714,O3,RIDGE,0
2024-09-25,1.206247236371883,O3,RIDGE,0
2024-09-26,1.1995441467166907,O3,RIDGE,0
2024-09-27,1.2118847119662117,O3,RIDGE,0
2024-09-30,1.207184445490123,O3,RIDGE,0
2024-10-01,1.1684901297512567,O3,RIDGE,0
2024-10-02,1.1428417467047547,O3,RIDGE,0
2024-10-03,1.125611744106713,O3,RIDGE,0
2024-10-04,1.1422066045442778,O3,RIDGE,0
2024-10-07,1.1279000754088677,O3,RIDGE,0
2024-10-08,1.1169633464283348,O3,RIDGE,0
2024-10-09,1.1309459891206357,O3,RIDGE,0
2024-10-10,1.1125071125217973,O3,RIDGE,0
2024-10-11,1.104199701970055,O3,RIDGE,0
2024-10-14,1.0750236864702292,O3,RIDGE,0
2024-10-15,1.0938528324900474,O3,RIDGE,0
2024-10-16,1.1131177006609947,O3,RIDGE,0
2024-01-23,1.0,O3,RIDGE,30
2024-01-24,1.0047469751564702,O3,RIDGE,30
2024-01-25,1.0086997632237962,O3,RIDGE,30
2024-01-26,1.0422903669988954,O3,RIDGE,30
2024-01-29,1.0609708318997266,O3,RIDGE,30
2024-01-30,1.0551903819504604,O3,RIDGE,30
2024-01-31,1.054946092806419,O3,RIDGE,30
2024-02-01,1.081520998412228,O3,RIDGE,30
2024-02-02,1.0867028409748363,O3,RIDGE,30
2024-02-05,1.0943298000229162,O3,RIDGE,30
2024-02-06,1.1005640990254901,O3,RIDGE,30
2024-02-07,1.1012301706183947,O3,RIDGE,30
2024-02-08,1.1169223565821431,O3,RIDGE,30
2024-02-09,1.129828623212708,O3,RIDGE,30
2024-02-12,1.1368377788719572,O3,RIDGE,30
2024-02-13,1.1072496214708232,O3,RIDGE,30
2024-02-14,1.1157666756895792,O3,RIDGE,30
2024-02-15,1.132603021559229,O3,RIDGE,30
2024-02-16,1.1221819527090442,O3,RIDGE,30
2024-02-19,1.1117941656672037,O3,RIDGE,30
2024-02-20,1.1314145478143838,O3,RIDGE,30
2024-02-21,1.1244676261611584,O3,RIDGE,30
2024-02-22,1.1271373662202802,O3,RIDGE,30
2024-02-23,1.1398800868866832,O3,RIDGE,30
2024-02-26,1.1342069437020874,O3,RIDGE,30
2024-02-27,1.1123972126004085,O3,RIDGE,30
2024-02-28,1.0977279175257852,O3,RIDGE,30
2024-02-29,1.11756172161768,O3,RIDGE,30
2024-03-01,1.095309939826522,O3,RIDGE,30
2024-03-04,1.0772697151058017,O3,RIDGE,30
2024-03-05,1.0772471153572587,O3,RIDGE,30
2024-03-06,1.066071290650072,O3,RIDGE,30
2024-03-07,1.0955801277220196,O3,RIDGE,30
2024-03-08,1.0979012785493807,O3,RIDGE,30
2024-03-11,1.0957836580676235,O3,RIDGE,30
2024-03-12,1.0853512493924466,O3,RIDGE,30
2024-03-13,1.0650084185142603,O3,RIDGE,30
2024-03-14,1.0620190961411,O3,RIDGE,30
2024-03-15,1.05510455918151,O3,RIDGE,30
2024-03-18,1.0461030939119051,O3,RIDGE,30
2024-03-19,1.0677691577850479,O3,RIDGE,30
2024-03-20,1.0658073896594353,O3,RIDGE,30
2024-03-21,1.0932799392213757,O3,RIDGE,30
2024-03-22,1.0891808654655697,O3,RIDGE,30
2024-03-25,1.0814480553028134,O3,RIDGE,30
2024-03-26,1.0553393540721685,O3,RIDGE,30
2024-03-27,1.061381785067858,O3,RIDGE,30
2024-03-28,1.0876444387570843,O3,RIDGE,30
2024-03-29,1.0889604135818014,O3,RIDGE,30
2024-04-01,1.1016125014369653,O3,RIDGE,30
2024-04-02,1.1007684159287017,O3,RIDGE,30
2024-04-03,1.1012665366663357,O3,RIDGE,30
2024-04-04,1.1323594739979106,O3,RIDGE,30
2024-04-05,1.1945482386259219,O3,RIDGE,30
2024-04-08,1.203193432677107,O3,RIDGE,30
2024-04-09,1.203193432677107,O3,RIDGE,30
2024-04-15,1.1728926990432273,O3,RIDGE,30
2024-04-16,1.1677280428634242,O3,RIDGE,30
2024-04-17,1.1719862525424156,O3,RIDGE,30
2024-04-18,1.1596816113432113,O3,RIDGE,30
2024-04-19,1.1885000066098648,O3,RIDGE,30
2024-04-22,1.1912232628433954,O3,RIDGE,30
2024-04-24,1.205922640970429,O3,RIDGE,30
2024-04-25,1.2155854733301854,O3,RIDGE,30
2024-04-26,1.2448162868612251,O3,RIDGE,30
2024-04-29,1.2669660502436217,O3,RIDGE,30
2024-04-30,1.2670674756382538,O3,RIDGE,30
2024-05-02,1.2926075467289324,O3,RIDGE,30
2024-05-03,1.2789732855299538,O3,RIDGE,30
2024-05-06,1.2845486209569223,O3,RIDGE,30
2024-05-07,1.2973974455157367,O3,RIDGE,30
2024-05-08,1.2855310236122086,O3,RIDGE,30
2024-05-09,1.285614196750382,O3,RIDGE,30
2024-05-10,1.2950740232971372,O3,RIDGE,30
2024-05-13,1.2837308344710763,O3,RIDGE,30
2024-05-14,1.296965369061745,O3,RIDGE,30
2024-05-15,1.2826308854701511,O3,RIDGE,30
2024-05-16,1.30146139438845,O3,RIDGE,30
2024-05-17,1.337409057159583,O3,RIDGE,30
2024-05-20,1.3475040132233014,O3,RIDGE,30
2024-05-21,1.3655997271927762,O3,RIDGE,30
2024-05-22,1.3815944396674666,O3,RIDGE,30
2024-05-23,1.374003474060172,O3,RIDGE,30
2024-05-24,1.3487912980678947,O3,RIDGE,30
2024-05-27,1.3473262909754884,O3,RIDGE,30
2024-05-28,1.3547284803105817,O3,RIDGE,30
2024-05-29,1.3423756294698594,O3,RIDGE,30
2024-05-30,1.3402742631530775,O3,RIDGE,30
2024-05-31,1.3164279566821049,O3,RIDGE,30
2024-06-03,1.3225866603577385,O3,RIDGE,30
2024-06-04,1.2980851036556083,O3,RIDGE,30
2024-06-05,1.2960400842824795,O3,RIDGE,30
2024-06-06,1.2783659880965232,O3,RIDGE,30
2024-06-07,1.2700809681894607,O3,RIDGE,30
2024-06-10,1.244043716235929,O3,RIDGE,30
2024-06-11,1.2501883977083617,O3,RIDGE,30
2024-06-12,1.2804019304998162,O3,RIDGE,30
2024-06-13,1.3073147092581496,O3,RIDGE,30
2024-06-14,1.3253030701134656,O3,RIDGE,30
2024-06-20,1.3532567946803689,O3,RIDGE,30
2024-06-21,1.3433452122709795,O3,RIDGE,30
2024-06-24,1.3572084550482473,O3,RIDGE,30
2024-06-25,1.353751162717833,O3,RIDGE,30
2024-06-26,1.3351664515542965,O3,RIDGE,30
2024-06-27,1.3580751719485817,O3,RIDGE,30
2024-06-28,1.3593711757187994,O3,RIDGE,30
2024-07-01,1.3240414046369466,O3,RIDGE,30
2024-07-02,1.32516163187347,O3,RIDGE,30
2024-07-03,1.3548856817566006,O3,RIDGE,30
2024-07-04,1.386760380031335,O3,RIDGE,30
2024-07-05,1.3743076546739936,O3,RIDGE,30
2024-07-08,1.3550450841821715,O3,RIDGE,30
2024-07-09,1.3514748505439882,O3,RIDGE,30
2024-07-10,1.3557646720251897,O3,RIDGE,30
2024-07-11,1.3759856512711697,O3,RIDGE,30
2024-07-12,1.3786075942562543,O3,RIDGE,30
2024-07-16,1.3910177089952038,O3,RIDGE,30
2024-07-17,1.3868225051267449,O3,RIDGE,30
2024-07-18,1.3713748580734122,O3,RIDGE,30
2024-07-19,1.3725556940173573,O3,RIDGE,30
2024-07-22,1.386157079803105,O3,RIDGE,30
2024-07-23,1.3549036396066587,O3,RIDGE,30
2024-07-24,1.349540227382795,O3,RIDGE,30
2024-07-25,1.3565064631708756,O3,RIDGE,30
2024-07-26,1.3507680679863183,O3,RIDGE,30
2024-07-29,1.3369384075722535,O3,RIDGE,30
2024-07-30,1.33003123082762,O3,RIDGE,30
2024-07-31,1.318429513690281,O3,RIDGE,30
2024-08-01,1.3326579018223494,O3,RIDGE,30
2024-08-02,1.302532987744019,O3,RIDGE,30
2024-08-05,1.232585649224922,O3,RIDGE,30
2024-08-06,1.2323809976791553,O3,RIDGE,30
2024-08-07,1.2511811828050798,O3,RIDGE,30
2024-08-08,1.2654819536125987,O3,RIDGE,30
2024-08-09,1.2514642354555252,O3,RIDGE,30
2024-08-12,1.2331067888353333,O3,RIDGE,30
2024-08-13,1.2440165256267095,O3,RIDGE,30
2024-08-14,1.2344780469233902,O3,RIDGE,30
2024-08-15,1.2506426006211266,O3,RIDGE,30
2024-08-16,1.23040807523694,O3,RIDGE,30
2024-08-19,1.2630307676562942,O3,RIDGE,30
2024-08-20,1.252463094603182,O3,RIDGE,30
2024-08-21,1.236264828825198,O3,RIDGE,30
2024-08-22,1.2365051335710393,O3,RIDGE,30
2024-08-23,1.2108780760508855,O3,RIDGE,30
2024-08-26,1.1937156914071698,O3,RIDGE,30
2024-08-27,1.2213146241077548,O3,RIDGE,30
2024-08-28,1.2322377741150121,O3,RIDGE,30
2024-08-29,1.232173243943955,O3,RIDGE,30
2024-09-02,1.2596380318929983,O3,RIDGE,30
2024-09-03,1.2449701022266328,O3,RIDGE,30
2024-09-04,1.237745829152656,O3,RIDGE,30
2024-09-05,1.2413971239532382,O3,RIDGE,30
2024-09-06,1.2257378016902722,O3,RIDGE,30
2024-09-09,1.2158348216883956,O3,RIDGE,30
2024-09-10,1.2091800996327051,O3,RIDGE,30
2024-09-11,1.1901659815182986,O3,RIDGE,30
2024-09-12,1.2011803949921052,O3,RIDGE,30
2024-09-13,1.2141258263536556,O3,RIDGE,30
2024-09-16,1.194169747415962,O3,RIDGE,30
2024-09-17,1.2119755727968753,O3,RIDGE,30
2024-09-18,1.2062643214400226,O3,RIDGE,30
2024-09-19,1.227855897137788,O3,RIDGE,30
2024-09-20,1.219162828621883,O3,RIDGE,30
2024-09-23,1.2057807682801884,O3,RIDGE,30
2024-09-24,1.2162284337176255,O3,RIDGE,30
2024-09-25,1.1942341774047995,O3,RIDGE,30
2024-09-26,1.1875695911474267,O3,RIDGE,30
2024-09-27,1.1998392706237355,O3,RIDGE,30
2024-09-30,1.1951660030749018,O3,RIDGE,30
2024-10-01,1.156693952397207,O3,RIDGE,30
2024-10-02,1.131192896918538,O3,RIDGE,30
2024-10-03,1.1140618656424672,O3,RIDGE,30
2024-10-04,1.1305614030952513,O3,RIDGE,30
2024-10-07,1.1163370524791587,O3,RIDGE,30
2024-10-08,1.105463145458117,O3,RIDGE,30
2024-10-09,1.119365470075941,O3,RIDGE,30
2024-10-10,1.1010325087247794,O3,RIDGE,30
2024-10-11,1.092772816993727,O3,RIDGE,30
2024-10-14,1.0637643922303175,O3,RIDGE,30
2024-10-15,1.082485381245367,O3,RIDGE,30
2024-10-16,1.1016395895682018,O3,RIDGE,30
2024-01-23,1.0,O3,RIDGE,50
2024-01-24,1.0027469751564702,O3,RIDGE,50
2024-01-25,1.0066997632237962,O3,RIDGE,50
2024-01-26,1.0402903669988954,O3,RIDGE,50
2024-01-29,1.0589708318997266,O3,RIDGE,50
2024-01-30,1.0531903819504604,O3,RIDGE,50
2024-01-31,1.052946092806419,O3,RIDGE,50
2024-02-01,1.079520998412228,O3,RIDGE,50
2024-02-02,1.0847028409748363,O3,RIDGE,50
2024-02-05,1.0923298000229162,O3,RIDGE,50
2024-02-06,1.0985640990254901,O3,RIDGE,50
2024-02-07,1.0992301706183947,O3,RIDGE,50
2024-02-08,1.1149223565821431,O3,RIDGE,50
2024-02-09,1.127828623212708,O3,RIDGE,50
2024-02-12,1.1348377788719572,O3,RIDGE,50
2024-02-13,1.1052496214708232,O3,RIDGE,50
2024-02-14,1.1137666756895792,O3,RIDGE,50
2024-02-15,1.130603021559229,O3,RIDGE,50
2024-02-16,1.1201819527090442,O3,RIDGE,50
2024-02-19,1.1097941656672037,O3,RIDGE,50
2024-02-20,1.1294145478143838,O3,RIDGE,50
2024-02-21,1.1224676261611584,O3,RIDGE,50
2024-02-22,1.1251373662202802,O3,RIDGE,50
2024-02-23,1.1378800868866832,O3,RIDGE,50
2024-02-26,1.1322069437020874,O3,RIDGE,50
2024-02-27,1.1103972126004085,O3,RIDGE,50
2024-02-28,1.0957279175257852,O3,RIDGE,50
2024-02-29,1.1155617216176799,O3,RIDGE,50
2024-03-01,1.093309939826522,O3,RIDGE,50
2024-03-04,1.0752697151058017,O3,RIDGE,50
2024-03-05,1.0752471153572587,O3,RIDGE,50
2024-03-06,1.064071290650072,O3,RIDGE,50
2024-03-07,1.0935801277220196,O3,RIDGE,50
2024-03-08,1.0959012785493807,O3,RIDGE,50
2024-03-11,1.0937836580676235,O3,RIDGE,50
2024-03-12,1.0833512493924466,O3,RIDGE,50
2024-03-13,1.0630084185142603,O3,RIDGE,50
2024-03-14,1.0600190961411,O3,RIDGE,50
2024-03-15,1.05310455918151,O3,RIDGE,50
2024-03-18,1.0441030939119051,O3,RIDGE,50
2024-03-19,1.065769157785048,O3,RIDGE,50
2024-03-20,1.063807389659435,O3,RIDGE,50
2024-03-21,1.0912799392213757,O3,RIDGE,50
2024-03-22,1.0871808654655697,O3,RIDGE,50
2024-03-25,1.0794480553028136,O3,RIDGE,50
2024-03-26,1.0533393540721685,O3,RIDGE,50
2024-03-27,1.059381785067858,O3,RIDGE,50
2024-03-28,1.0856444387570843,O3,RIDGE,50
2024-03-29,1.0869604135818014,O3,RIDGE,50
2024-04-01,1.099612501436965,O3,RIDGE,50
2024-04-02,1.0987684159287017,O3,RIDGE,50
2024-04-03,1.0992665366663357,O3,RIDGE,50
2024-04-04,1.1303594739979106,O3,RIDGE,50
2024-04-05,1.1925482386259219,O3,RIDGE,50
2024-04-08,1.201193432677107,O3,RIDGE,50
2024-04-09,1.201193432677107,O3,RIDGE,50
2024-04-15,1.1708926990432273,O3,RIDGE,50
2024-04-16,1.1657280428634242,O3,RIDGE,50
2024-04-17,1.1699862525424156,O3,RIDGE,50
2024-04-18,1.1576816113432113,O3,RIDGE,50
2024-04-19,1.1865000066098648,O3,RIDGE,50
2024-04-22,1.1862102627480458,O3,RIDGE,50
2024-04-24,1.2008851753071352,O3,RIDGE,50
2024-04-25,1.2105319248993365,O3,RIDGE,50
2024-04-26,1.2397140868174765,O3,RIDGE,50
2024-04-29,1.2618269842497434,O3,RIDGE,50
2024-04-30,1.26192824083248,O3,RIDGE,50
2024-05-02,1.287425803162641,O3,RIDGE,50
2024-05-03,1.273814234756571,O3,RIDGE,50
2024-05-06,1.2793802906244647,O3,RIDGE,50
2024-05-07,1.2922077296669991,O3,RIDGE,50
2024-05-08,1.2803610581739187,O3,RIDGE,50
2024-05-09,1.2804440928791563,O3,RIDGE,50
2024-05-10,1.2898881745401676,O3,RIDGE,50
2024-05-13,1.278563865258161,O3,RIDGE,50
2024-05-14,1.291776372358794,O3,RIDGE,50
2024-05-15,1.2774657470065907,O3,RIDGE,50
2024-05-16,1.2962649145245002,O3,RIDGE,50
2024-05-17,1.3321527461940483,O3,RIDGE,50
2024-05-20,1.3422309002657822,O3,RIDGE,50
2024-05-21,1.36029649582373,O3,RIDGE,50
2024-05-22,1.376264586782775,O3,RIDGE,50
2024-05-23,1.3686862555388677,O3,RIDGE,50
2024-05-24,1.343516042560224,O3,RIDGE,50
2024-05-27,1.3420534738179473,O3,RIDGE,50
2024-05-28,1.3494433429878918,O3,RIDGE,50
2024-05-29,1.3371110521673915,O3,RIDGE,50
2024-05-30,1.3350131833536982,O3,RIDGE,50
2024-05-31,1.3112065665502841,O3,RIDGE,50
2024-06-03,1.3173550197117856,O3,RIDGE,50
2024-06-04,1.2928942432722652,O3,RIDGE,50
2024-06-05,1.290852627618667,O3,RIDGE,50
2024-06-06,1.2732079481058074,O3,RIDGE,50
2024-06-07,1.2649367177424722,O3,RIDGE,50
2024-06-10,1.2389428020546818,O3,RIDGE,50
2024-06-11,1.245077256351464,O3,RIDGE,50
2024-06-12,1.2752405018972304,O3,RIDGE,50
2024-06-13,1.3021084871675959,O3,RIDGE,50
2024-06-14,1.3200669082893461,O3,RIDGE,50
2024-06-20,1.3479741068235314,O3,RIDGE,50
2024-06-21,1.338079021199977,O3,RIDGE,50
2024-06-24,1.3519191900685965,O3,RIDGE,50
2024-06-25,1.3484676520374241,O3,RIDGE,50
2024-06-26,1.3299138731697817,O3,RIDGE,50
2024-06-27,1.352784464409863,O3,RIDGE,50
2024-06-28,1.3540783111181949,O3,RIDGE,50
2024-07-01,1.3188073427222367,O3,RIDGE,50
2024-07-02,1.3199257054584168,O3,RIDGE,50
2024-07-03,1.3496002827886473,O3,RIDGE,50
2024-07-04,1.3814219289825664,O3,RIDGE,50
2024-07-05,1.3689899298760695,O3,RIDGE,50
2024-07-08,1.3497594199056562,O3,RIDGE,50
2024-07-09,1.346195128545636,O3,RIDGE,50
2024-07-10,1.3504778100704384,O3,RIDGE,50
2024-07-11,1.3706651336245002,O3,RIDGE,50
2024-07-12,1.3732827126614169,O3,RIDGE,50
2024-07-16,1.3856721720704117,O3,RIDGE,50
2024-07-17,1.381483950677293,O3,RIDGE,50
2024-07-18,1.3660620146067846,O3,RIDGE,50
2024-07-19,1.3672408851735713,O3,RIDGE,50
2024-07-22,1.3808196328840756,O3,RIDGE,50
2024-07-23,1.3463021505484096,O3,RIDGE,50
2024-07-24,1.340959372549984,O3,RIDGE,50
2024-07-25,1.3478988076981533,O3,RIDGE,50
2024-07-26,1.342182489380887,O3,RIDGE,50
2024-07-29,1.3284060347095112,O3,RIDGE,50
2024-07-30,1.3215254313916704,O3,RIDGE,50
2024-07-31,1.3099683486096432,O3,RIDGE,50
2024-08-01,1.3241419970058708,O3,RIDGE,50
2024-08-02,1.2941329800919672,O3,RIDGE,50
2024-08-05,1.2244547443551228,O3,RIDGE,50
2024-08-06,1.224250880148825,O3,RIDGE,50
2024-08-07,1.2429787368312182,O3,RIDGE,50
2024-08-08,1.257224489430837,O3,RIDGE,50
2024-08-09,1.2432607005159162,O3,RIDGE,50
2024-08-12,1.224973879026932,O3,RIDGE,50
2024-08-13,1.2358416436634503,O3,RIDGE,50
2024-08-14,1.2263398615837895,O3,RIDGE,50
2024-08-15,1.2424422266912805,O3,RIDGE,50
2024-08-16,1.2222855479727956,O3,RIDGE,50
2024-08-19,1.2547827337255566,O3,RIDGE,50
2024-08-20,1.2442557168329322,O3,RIDGE,50
2024-08-21,1.2281197693429746,O3,RIDGE,50
2024-08-22,1.2283591495836517,O3,RIDGE,50
2024-08-23,1.2028306849853392,O3,RIDGE,50
2024-08-26,1.1857343278067922,O3,RIDGE,50
2024-08-27,1.2132270813483956,O3,RIDGE,50
2024-08-28,1.2241082075972067,O3,RIDGE,50
2024-08-29,1.2240439256878979,O3,RIDGE,50
2024-09-02,1.2514030505622977,O3,RIDGE,50
2024-09-03,1.2367915516446453,O3,RIDGE,50
2024-09-04,1.2295950719367226,O3,RIDGE,50
2024-09-05,1.2332323194038322,O3,RIDGE,50
2024-09-06,1.2176332419947573,O3,RIDGE,50
2024-09-09,1.2077683609331338,O3,RIDGE,50
2024-09-10,1.201139241055571,O3,RIDGE,50
2024-09-11,1.1821982744319142,O3,RIDGE,50
2024-09-12,1.193170313036663,O3,RIDGE,50
2024-09-13,1.2060659404789993,O3,RIDGE,50
2024-09-16,1.186186636962339,O3,RIDGE,50
2024-09-17,1.2039239594201714,O3,RIDGE,50
2024-09-18,1.1982346805023396,O3,RIDGE,50
2024-09-19,1.2197431886636336,O3,RIDGE,50
2024-09-20,1.2110835642926165,O3,RIDGE,50
2024-09-23,1.1977529876777722,O3,RIDGE,50
2024-09-24,1.2081604586503907,O3,RIDGE,50
2024-09-25,1.1862508190748513,O3,RIDGE,50
2024-09-26,1.1796118729453573,O3,RIDGE,50
2024-09-27,1.1918343482684515,O3,RIDGE,50
2024-09-30,1.1871790598068312,O3,RIDGE,50
2024-10-01,1.1488550195623495,O3,RIDGE,50
2024-10-02,1.1234520722479795,O3,RIDGE,50
2024-10-03,1.106386947813782,O3,RIDGE,50
2024-10-04,1.1228230079202022,O3,RIDGE,50
2024-10-07,1.1086533815067392,O3,RIDGE,50
2024-10-08,1.0978213087955548,O3,RIDGE,50
2024-10-09,1.11167014811553,O3,RIDGE,50
2024-10-10,1.0934077176953656,O3,RIDGE,50
2024-10-11,1.0851798028134747,O3,RIDGE,50
2024-10-14,1.0562829798347488,O3,RIDGE,50
2024-10-15,1.0749319450911088,O3,RIDGE,50
2024-10-16,1.0940124629653771,O3,RIDGE,50
2024-01-23,1.0,O3,RIDGE,100
2024-01-24,0.9977469751564702,O3,RIDGE,100
2024-01-25,1.001699763223796,O3,RIDGE,100
2024-01-26,1.0352903669988955,O3,RIDGE,100
2024-01-29,1.0539708318997267,O3,RIDGE,100
2024-01-30,1.0481903819504603,O3,RIDGE,100
2024-01-31,1.0479460928064188,O3,RIDGE,100
2024-02-01,1.0745209984122281,O3,RIDGE,100
2024-02-02,1.0797028409748362,O3,RIDGE,100
2024-02-05,1.0873298000229163,O3,RIDGE,100
2024-02-06,1.0935640990254902,O3,RIDGE,100
2024-02-07,1.0942301706183946,O3,RIDGE,100
2024-02-08,1.1099223565821432,O3,RIDGE,100
2024-02-09,1.122828623212708,O3,RIDGE,100
2024-02-12,1.1298377788719574,O3,RIDGE,100
2024-02-13,1.100249621470823,O3,RIDGE,100
2024-02-14,1.1087666756895793,O3,RIDGE,100
2024-02-15,1.1256030215592292,O3,RIDGE,100
2024-02-16,1.115181952709044,O3,RIDGE,100
2024-02-19,1.1047941656672038,O3,RIDGE,100
2024-02-20,1.1244145478143839,O3,RIDGE,100
2024-02-21,1.1174676261611585,O3,RIDGE,100
2024-02-22,1.12013736622028,O3,RIDGE,100
2024-02-23,1.1328800868866833,O3,RIDGE,100
2024-02-26,1.1272069437020873,O3,RIDGE,100
2024-02-27,1.1053972126004086,O3,RIDGE,100
2024-02-28,1.0907279175257854,O3,RIDGE,100
2024-02-29,1.11056172161768,O3,RIDGE,100
2024-03-01,1.0883099398265221,O3,RIDGE,100
2024-03-04,1.0702697151058016,O3,RIDGE,100
2024-03-05,1.0702471153572588,O3,RIDGE,100
2024-03-06,1.059071290650072,O3,RIDGE,100
2024-03-07,1.0885801277220197,O3,RIDGE,100
2024-03-08,1.0909012785493806,O3,RIDGE,100
2024-03-11,1.0887836580676236,O3,RIDGE,100
2024-03-12,1.0783512493924468,O3,RIDGE,100
2024-03-13,1.0580084185142602,O3,RIDGE,100
2024-03-14,1.0550190961411,O3,RIDGE,100
2024-03-15,1.0481045591815101,O3,RIDGE,100
2024-03-18,1.0391030939119053,O3,RIDGE,100
2024-03-19,1.060769157785048,O3,RIDGE,100
2024-03-20,1.0588073896594352,O3,RIDGE,100
2024-03-21,1.0862799392213756,O3,RIDGE,100
2024-03-22,1.0821808654655698,O3,RIDGE,100
2024-03-25,1.0744480553028137,O3,RIDGE,100
2024-03-26,1.0483393540721684,O3,RIDGE,100
2024-03-27,1.0543817850678578,O3,RIDGE,100
2024-03-28,1.0806444387570844,O3,RIDGE,100
2024-03-29,1.0819604135818013,O3,RIDGE,100
2024-04-01,1.0946125014369652,O3,RIDGE,100
2024-04-02,1.0937684159287018,O3,RIDGE,100
2024-04-03,1.0942665366663356,O3,RIDGE,100
2024-04-04,1.1253594739979107,O3,RIDGE,100
2024-04-05,1.187548238625922,O3,RIDGE,100
2024-04-08,1.1961934326771069,O3,RIDGE,100
2024-04-09,1.1961934326771069,O3,RIDGE,100
2024-04-15,1.1658926990432275,O3,RIDGE,100
2024-04-16,1.1607280428634241,O3,RIDGE,100
2024-04-17,1.1649862525424155,O3,RIDGE,100
2024-04-18,1.1526816113432115,O3,RIDGE,100
2024-04-19,1.1815000066098649,O3,RIDGE,100
2024-04-22,1.1736987625096715,O3,RIDGE,100
2024-04-24,1.1883125111489012,O3,RIDGE,100
2024-04-25,1.1979190538222135,O3,RIDGE,100
2024-04-26,1.2269795867081057,O3,RIDGE,100
2024-04-29,1.2490003192650472,O3,RIDGE,100
2024-04-30,1.249101153818045,O3,RIDGE,100
2024-05-02,1.274492444246912,O3,RIDGE,100
2024-05-03,1.2609376078231151,O3,RIDGE,100
2024-05-06,1.2664804647933203,O3,RIDGE,100
2024-05-07,1.2792544400451549,O3,RIDGE,100
2024-05-08,1.2674571445781928,O3,RIDGE,100
2024-05-09,1.267539833201092,O3,RIDGE,100
2024-05-10,1.2769445526477434,O3,RIDGE,100
2024-05-13,1.2656674422258736,O3,RIDGE,100
2024-05-14,1.2788248806014157,O3,RIDGE,100
2024-05-15,1.2645739008476893,O3,RIDGE,100
2024-05-16,1.2832947148646245,O3,RIDGE,100
2024-05-17,1.3190329687802105,O3,RIDGE,100
2024-05-20,1.3290691178719836,O3,RIDGE,100
2024-05-21,1.3470594174011155,O3,RIDGE,100
2024-05-22,1.3629609545710457,O3,RIDGE,100
2024-05-23,1.3554142092356067,O3,RIDGE,100
2024-05-24,1.3303489037910476,O3,RIDGE,100
2024-05-27,1.3288924309240937,O3,RIDGE,100
2024-05-28,1.336251499681166,O3,RIDGE,100
2024-05-29,1.3239706089112213,O3,RIDGE,100
2024-05-30,1.3218814838552493,O3,RIDGE,100
2024-05-31,1.2981740912207305,O3,RIDGE,100
2024-06-03,1.3042969180969026,O3,RIDGE,100
2024-06-04,1.2799380923139074,O3,RIDGE,100
2024-06-05,1.2779049859591358,O3,RIDGE,100
2024-06-06,1.2603338481290176,O3,RIDGE,100
2024-06-07,1.2520970916250018,O3,RIDGE,100
2024-06-10,1.2262115166015635,O3,RIDGE,100
2024-06-11,1.2323204029592199,O3,RIDGE,100
2024-06-12,1.2623579303907664,O3,RIDGE,100
2024-06-13,1.2891139319412122,O3,RIDGE,100
2024-06-14,1.3069975037290482,O3,RIDGE,100
2024-06-20,1.3347883871814377,O3,RIDGE,100
2024-06-21,1.3249345435224704,O3,RIDGE,100
2024-06-24,1.3387170276194693,O3,RIDGE,100
2024-06-25,1.3352798753364017,O3,RIDGE,100
2024-06-26,1.3168034272084952,O3,RIDGE,100
2024-06-27,1.3395786955630655,O3,RIDGE,100
2024-06-28,1.3408671496166844,O3,RIDGE,100
2024-07-01,1.3057431879354615,O3,RIDGE,100
2024-07-02,1.3068568894207826,O3,RIDGE,100
2024-07-03,1.336407785368764,O3,RIDGE,100
2024-07-04,1.368096801360645,O3,RIDGE,100
2024-07-05,1.3557166178812585,O3,RIDGE,100
2024-07-08,1.3365662592143677,O3,RIDGE,100
2024-07-09,1.3330168235497546,O3,RIDGE,100
2024-07-10,1.33728165518356,O3,RIDGE,100
2024-07-11,1.357384839507826,O3,RIDGE,100
2024-07-12,1.359991508674323,O3,RIDGE,100
2024-07-16,1.3723293297584325,O3,RIDGE,100
2024-07-17,1.368158564553663,O3,RIDGE,100
2024-07-18,1.352800905940216,O3,RIDGE,100
2024-07-19,1.3539748630641057,O3,RIDGE,100
2024-07-22,1.3674970155865014,O3,RIDGE,100
2024-07-23,1.3248894910893405,O3,RIDGE,100
2024-07-24,1.3195982175231342,O3,RIDGE,100
2024-07-25,1.326470756448527,O3,RIDGE,100
2024-07-26,1.320809543495811,O3,RIDGE,100
2024-07-29,1.307165893982362,O3,RIDGE,100
2024-07-30,1.300351619747878,O3,RIDGE,100
2024-07-31,1.2889059473570323,O3,RIDGE,100
2024-08-01,1.3029429616439367,O3,RIDGE,100
2024-08-02,1.2732232319469214,O3,RIDGE,100
2024-08-05,1.2042166950848463,O3,RIDGE,100
2024-08-06,1.2040147961314933,O3,RIDGE,100
2024-08-07,1.2225621160920912,O3,RIDGE,100
2024-08-08,1.2366705394971602,O3,RIDGE,100
2024-08-09,1.2228413616441078,O3,RIDGE,100
2024-08-12,1.2047308252933357,O3,RIDGE,100
2024-08-13,1.215493824572345,O3,RIDGE,100
2024-08-14,1.20608363976497,O3,RIDGE,100
2024-08-15,1.2220307779151558,O3,RIDGE,100
2024-08-16,1.2020684097768848,O3,RIDGE,100
2024-08-19,1.2342523223407875,O3,RIDGE,100
2024-08-20,1.223826785994085,O3,RIDGE,100
2024-08-21,1.2078463891959283,O3,RIDGE,100
2024-08-22,1.2080834618087413,O3,RIDGE,100
2024-08-23,1.1828010918591227,O3,RIDGE,100
2024-08-26,1.1658695437311788,O3,RIDGE,100
2024-08-27,1.1930972668594415,O3,RIDGE,100
2024-08-28,1.2038734989446696,O3,RIDGE,100
2024-08-29,1.203809836713596,O3,RIDGE,100
2024-09-02,1.230905219356315,O3,RIDGE,100
2024-09-03,1.2164345754312995,O3,RIDGE,100
2024-09-04,1.2093074698582267,O3,RIDGE,100
2024-09-05,1.212909654224139,O3,RIDGE,100
2024-09-06,1.1974609520740285,O3,RIDGE,100
2024-09-09,1.1876911685624323,O3,RIDGE,100
2024-09-10,1.1811259534653997,O3,RIDGE,100
2024-09-11,1.1623675779454583,O3,RIDGE,100
2024-09-12,1.173233845990623,O3,RIDGE,100
2024-09-13,1.1860051594581456,O3,RIDGE,100
2024-09-16,1.1663174926220374,O3,RIDGE,100
2024-09-17,1.1838838271176984,O3,RIDGE,100
2024-09-18,1.1782493929043416,O3,RIDGE,100
2024-09-19,1.1995505588363566,O3,RIDGE,100
2024-09-20,1.1909744133290687,O3,RIDGE,100
2024-09-23,1.1777723436033198,O3,RIDGE,100
2024-09-24,1.1880794864538557,O3,RIDGE,100
2024-09-25,1.1663810560183565,O3,RIDGE,100
2024-09-26,1.159806109394557,O3,RIDGE,100
2024-09-27,1.1719107599358582,O3,RIDGE,100
2024-09-30,1.1673003485005913,O3,RIDGE,100
2024-10-01,1.1293457523793227,O3,RIDGE,100
2024-10-02,1.1041876897258,O3,RIDGE,100
2024-10-03,1.0872870732582443,O3,RIDGE,100
2024-10-04,1.1035646895843019,O3,RIDGE,100
2024-10-07,1.0895316585082093,O3,RIDGE,100
2024-10-08,1.0788040070840246,O3,RIDGE,100
2024-10-09,1.092519343457352,O3,RIDGE,100
2024-10-10,1.0744329630452578,O3,RIDGE,100
2024-10-11,1.066284365343393,O3,RIDGE,100
2024-10-14,1.0376661080211302,O3,RIDGE,100
2024-10-15,1.0561352970698141,O3,RIDGE,100
2024-10-16,1.0750318785649446,O3,RIDGE,100
2024-01-23,1.0,O3,LGBM_REGRESSION,0
2024-01-24,1.001599302953159,O3,LGBM_REGRESSION,0
2024-01-25,1.0176847459136076,O3,LGBM_REGRESSION,0
2024-01-26,1.036014250048133,O3,LGBM_REGRESSION,0
2024-01-29,1.0552932796706622,O3,LGBM_REGRESSION,0
2024-01-30,1.06254402618721,O3,LGBM_REGRESSION,0
2024-01-31,1.065402039241268,O3,LGBM_REGRESSION,0
2024-02-01,1.0802379618496896,O3,LGBM_REGRESSION,0
2024-02-02,1.0776843722517593,O3,LGBM_REGRESSION,0
2024-02-05,1.1075080774124821,O3,LGBM_REGRESSION,0
2024-02-06,1.1307021051371686,O3,LGBM_REGRESSION,0
2024-02-07,1.1172311595263356,O3,LGBM_REGRESSION,0
2024-02-08,1.149937258484684,O3,LGBM_REGRESSION,0
2024-02-09,1.162567538255311,O3,LGBM_REGRESSION,0
2024-02-12,1.2052160790084676,O3,LGBM_REGRESSION,0
2024-02-13,1.1911526606349299,O3,LGBM_REGRESSION,0
2024-02-14,1.201063682323237,O3,LGBM_REGRESSION,0
2024-02-15,1.236927547677889,O3,LGBM_REGRESSION,0
2024-02-16,1.2414533647100565,O3,LGBM_REGRESSION,0
2024-02-19,1.2369279159506927,O3,LGBM_REGRESSION,0
2024-02-20,1.2730809479269143,O3,LGBM_REGRESSION,0
2024-02-21,1.2726423187340308,O3,LGBM_REGRESSION,0
2024-02-22,1.2724116210188863,O3,LGBM_REGRESSION,0
2024-02-23,1.2668895699609692,O3,LGBM_REGRESSION,0
2024-02-26,1.282430617748784,O3,LGBM_REGRESSION,0
2024-02-27,1.2547628815315706,O3,LGBM_REGRESSION,0
2024-02-28,1.2130799592785104,O3,LGBM_REGRESSION,0
2024-02-29,1.2693815202955618,O3,LGBM_REGRESSION,0
2024-03-01,1.2800906230438447,O3,LGBM_REGRESSION,0
2024-03-04,1.2523691742535565,O3,LGBM_REGRESSION,0
2024-03-05,1.2300832719517107,O3,LGBM_REGRESSION,0
2024-03-06,1.1754015485130125,O3,LGBM_REGRESSION,0
2024-03-07,1.2271633507821071,O3,LGBM_REGRESSION,0
2024-03-08,1.2336957666905892,O3,LGBM_REGRESSION,0
2024-03-11,1.2231421795171924,O3,LGBM_REGRESSION,0
2024-03-12,1.1820756112555577,O3,LGBM_REGRESSION,0
2024-03-13,1.1624907670257598,O3,LGBM_REGRESSION,0
2024-03-14,1.1627899769059598,O3,LGBM_REGRESSION,0
2024-03-15,1.1472042178911013,O3,LGBM_REGRESSION,0
2024-03-18,1.108327845583868,O3,LGBM_REGRESSION,0
2024-03-19,1.1362123355961222,O3,LGBM_REGRESSION,0
2024-03-20,1.1451806888209135,O3,LGBM_REGRESSION,0
2024-03-21,1.1337175263666488,O3,LGBM_REGRESSION,0
2024-03-22,1.1365899515907414,O3,LGBM_REGRESSION,0
2024-03-25,1.120229367617429,O3,LGBM_REGRESSION,0
2024-03-26,1.0761453881842424,O3,LGBM_REGRESSION,0
2024-03-27,1.0789834954751698,O3,LGBM_REGRESSION,0
2024-03-28,1.090931905999432,O3,LGBM_REGRESSION,0
2024-03-29,1.1223665316093328,O3,LGBM_REGRESSION,0
2024-04-01,1.09709461637982,O3,LGBM_REGRESSION,0
2024-04-02,1.0723420863285218,O3,LGBM_REGRESSION,0
2024-04-03,1.0609261217066586,O3,LGBM_REGRESSION,0
2024-04-04,1.0574623883533814,O3,LGBM_REGRESSION,0
2024-04-05,1.1152260942086996,O3,LGBM_REGRESSION,0
2024-04-08,1.1621271150727817,O3,LGBM_REGRESSION,0
2024-04-09,1.1621271150727817,O3,LGBM_REGRESSION,0
2024-04-15,1.1571584480931405,O3,LGBM_REGRESSION,0
2024-04-16,1.1279056014086626,O3,LGBM_REGRESSION,0
2024-04-17,1.1266013945585902,O3,LGBM_REGRESSION,0
2024-04-18,1.1182308376812347,O3,LGBM_REGRESSION,0
2024-04-19,1.131869564289851,O3,LGBM_REGRESSION,0
2024-04-22,1.1170685072256363,O3,LGBM_REGRESSION,0
2024-04-24,1.1160260336541974,O3,LGBM_REGRESSION,0
2024-04-25,1.1140994274003566,O3,LGBM_REGRESSION,0
2024-04-26,1.1424133391260887,O3,LGBM_REGRESSION,0
2024-04-29,1.1373076954401027,O3,LGBM_REGRESSION,0
2024-04-30,1.1211621155141,O3,LGBM_REGRESSION,0
2024-05-02,1.1298089204584478,O3,LGBM_REGRESSION,0
2024-05-03,1.1448274009529908,O3,LGBM_REGRESSION,0
2024-05-06,1.1484216021778273,O3,LGBM_REGRESSION,0
2024-05-07,1.1568287008067708,O3,LGBM_REGRESSION,0
2024-05-08,1.146266357788862,O3,LGBM_REGRESSION,0
2024-05-09,1.1556403314748271,O3,LGBM_REGRESSION,0
2024-05-10,1.1511900018321195,O3,LGBM_REGRESSION,0
2024-05-13,1.123203800173589,O3,LGBM_REGRESSION,0
2024-05-14,1.1339602716701154,O3,LGBM_REGRESSION,0
2024-05-15,1.1377752273592985,O3,LGBM_REGRESSION,0
2024-05-16,1.1758229620417384,O3,LGBM_REGRESSION,0
2024-05-17,1.199559386134268,O3,LGBM_REGRESSION,0
2024-05-20,1.2056004578100388,O3,LGBM_REGRESSION,0
2024-05-21,1.2144782253937634,O3,LGBM_REGRESSION,0
2024-05-22,1.2179158804496764,O3,LGBM_REGRESSION,0
2024-05-23,1.2102836260064018,O3,LGBM_REGRESSION,0
2024-05-24,1.2071545055518742,O3,LGBM_REGRESSION,0
2024-05-27,1.187339641274215,O3,LGBM_REGRESSION,0
2024-05-28,1.1905369606375173,O3,LGBM_REGRESSION,0
2024-05-29,1.169974460286405,O3,LGBM_REGRESSION,0
2024-05-30,1.1757091118999137,O3,LGBM_REGRESSION,0
2024-05-31,1.1725523263121045,O3,LGBM_REGRESSION,0
2024-06-03,1.1694282927498478,O3,LGBM_REGRESSION,0
2024-06-04,1.1663364019024596,O3,LGBM_REGRESSION,0
2024-06-05,1.170799894964378,O3,LGBM_REGRESSION,0
2024-06-06,1.1656968404810328,O3,LGBM_REGRESSION,0
2024-06-07,1.164698018941733,O3,LGBM_REGRESSION,0
2024-06-10,1.1514932473567103,O3,LGBM_REGRESSION,0
2024-06-11,1.1545345859484608,O3,LGBM_REGRESSION,0
2024-06-12,1.1568940137573067,O3,LGBM_REGRESSION,0
2024-06-13,1.171365892601235,O3,LGBM_REGRESSION,0
2024-06-14,1.18554445847202,O3,LGBM_REGRESSION,0
2024-06-20,1.2162651658922579,O3,LGBM_REGRESSION,0
2024-06-21,1.2349981886569577,O3,LGBM_REGRESSION,0
2024-06-24,1.231079811397434,O3,LGBM_REGRESSION,0
2024-06-25,1.230029668502015,O3,LGBM_REGRESSION,0
2024-06-26,1.2068288728943941,O3,LGBM_REGRESSION,0
2024-06-27,1.2393589436150576,O3,LGBM_REGRESSION,0
2024-06-28,1.2317398633024585,O3,LGBM_REGRESSION,0
2024-07-01,1.205752803629495,O3,LGBM_REGRESSION,0
2024-07-02,1.2274932889207033,O3,LGBM_REGRESSION,0
2024-07-03,1.2376879465942923,O3,LGBM_REGRESSION,0
2024-07-04,1.2552733053975036,O3,LGBM_REGRESSION,0
2024-07-05,1.2433383160523759,O3,LGBM_REGRESSION,0
2024-07-08,1.2455012633451559,O3,LGBM_REGRESSION,0
2024-07-09,1.244450012529599,O3,LGBM_REGRESSION,0
2024-07-10,1.2502797838440043,O3,LGBM_REGRESSION,0
2024-07-11,1.2754726594455765,O3,LGBM_REGRESSION,0
2024-07-12,1.2774080742055163,O3,LGBM_REGRESSION,0
2024-07-16,1.2725234144639508,O3,LGBM_REGRESSION,0
2024-07-17,1.2915784374402854,O3,LGBM_REGRESSION,0
2024-07-18,1.292163257843549,O3,LGBM_REGRESSION,0
2024-07-19,1.2847147834072707,O3,LGBM_REGRESSION,0
2024-07-22,1.2977809925649202,O3,LGBM_REGRESSION,0
2024-07-23,1.324179045822248,O3,LGBM_REGRESSION,0
2024-07-24,1.3183024702348656,O3,LGBM_REGRESSION,0
2024-07-25,1.2924210234379598,O3,LGBM_REGRESSION,0
2024-07-26,1.3208627971689837,O3,LGBM_REGRESSION,0
2024-07-29,1.3104626491553866,O3,LGBM_REGRESSION,0
2024-07-30,1.3036161975534055,O3,LGBM_REGRESSION,0
2024-07-31,1.3236795049539785,O3,LGBM_REGRESSION,0
2024-08-01,1.3399006091691477,O3,LGBM_REGRESSION,0
2024-08-02,1.3169042734056164,O3,LGBM_REGRESSION,0
2024-08-05,1.231695446441359,O3,LGBM_REGRESSION,0
2024-08-06,1.25173695797204,O3,LGBM_REGRESSION,0
2024-08-07,1.268880949716301,O3,LGBM_REGRESSION,0
2024-08-08,1.2684023146625343,O3,LGBM_REGRESSION,0
2024-08-09,1.2463284668910748,O3,LGBM_REGRESSION,0
2024-08-12,1.249217530007103,O3,LGBM_REGRESSION,0
2024-08-13,1.2509467010373523,O3,LGBM_REGRESSION,0
2024-08-14,1.2443812085307282,O3,LGBM_REGRESSION,0
2024-08-15,1.2453461895533056,O3,LGBM_REGRESSION,0
2024-08-16,1.2135027642985492,O3,LGBM_REGRESSION,0
2024-08-19,1.2384444704884983,O3,LGBM_REGRESSION,0
2024-08-20,1.224098710412176,O3,LGBM_REGRESSION,0
2024-08-21,1.2113896506099282,O3,LGBM_REGRESSION,0
2024-08-22,1.2219427339596936,O3,LGBM_REGRESSION,0
2024-08-23,1.2139863004603721,O3,LGBM_REGRESSION,0
2024-08-26,1.1829862573005505,O3,LGBM_REGRESSION,0
2024-08-27,1.2121188273104428,O3,LGBM_REGRESSION,0
2024-08-28,1.211517895684278,O3,LGBM_REGRESSION,0
2024-08-29,1.2206111218219535,O3,LGBM_REGRESSION,0
2024-09-02,1.2486001605183061,O3,LGBM_REGRESSION,0
2024-09-03,1.2563584581397247,O3,LGBM_REGRESSION,0
2024-09-04,1.2633585104092468,O3,LGBM_REGRESSION,0
2024-09-05,1.2695039606855973,O3,LGBM_REGRESSION,0
2024-09-06,1.2667590890730052,O3,LGBM_REGRESSION,0
2024-09-09,1.2480414010132843,O3,LGBM_REGRESSION,0
2024-09-10,1.2209938194067005,O3,LGBM_REGRESSION,0
2024-09-11,1.198713782137835,O3,LGBM_REGRESSION,0
2024-09-12,1.1755219165678021,O3,LGBM_REGRESSION,0
2024-09-13,1.2035287107900017,O3,LGBM_REGRESSION,0
2024-09-16,1.2251680054193765,O3,LGBM_REGRESSION,0
2024-09-17,1.2431475150485138,O3,LGBM_REGRESSION,0
2024-09-18,1.2249278071349674,O3,LGBM_REGRESSION,0
2024-09-19,1.2645975590808676,O3,LGBM_REGRESSION,0
2024-09-20,1.2707861394506734,O3,LGBM_REGRESSION,0
2024-09-23,1.2571979109510858,O3,LGBM_REGRESSION,0
2024-09-24,1.2540974945973224,O3,LGBM_REGRESSION,0
2024-09-25,1.2532342233771523,O3,LGBM_REGRESSION,0
2024-09-26,1.232095767539223,O3,LGBM_REGRESSION,0
2024-09-27,1.2305010748234846,O3,LGBM_REGRESSION,0
2024-09-30,1.2287386420812183,O3,LGBM_REGRESSION,0
2024-10-01,1.1675227144460432,O3,LGBM_REGRESSION,0
2024-10-02,1.1272927206969336,O3,LGBM_REGRESSION,0
2024-10-03,1.1389035057886203,O3,LGBM_REGRESSION,0
2024-10-04,1.1742167547777993,O3,LGBM_REGRESSION,0
2024-10-07,1.1810645537445534,O3,LGBM_REGRESSION,0
2024-10-08,1.1699303283692886,O3,LGBM_REGRESSION,0
2024-10-09,1.1758109997887807,O3,LGBM_REGRESSION,0
2024-10-10,1.1951054802438614,O3,LGBM_REGRESSION,0
2024-10-11,1.197706143432133,O3,LGBM_REGRESSION,0
2024-10-14,1.180638779405555,O3,LGBM_REGRESSION,0
2024-10-15,1.203278989913445,O3,LGBM_REGRESSION,0
2024-10-16,1.2068035822983925,O3,LGBM_REGRESSION,0
2024-01-23,1.0,O3,LGBM_REGRESSION,30
2024-01-24,0.9985993029531588,O3,LGBM_REGRESSION,30
2024-01-25,1.0146847459136075,O3,LGBM_REGRESSION,30
2024-01-26,1.033014250048133,O3,LGBM_REGRESSION,30
2024-01-29,1.052293279670662,O3,LGBM_REGRESSION,30
2024-01-30,1.0595440261872098,O3,LGBM_REGRESSION,30
2024-01-31,1.062402039241268,O3,LGBM_REGRESSION,30
2024-02-01,1.0772379618496897,O3,LGBM_REGRESSION,30
2024-02-02,1.0746843722517592,O3,LGBM_REGRESSION,30
2024-02-05,1.104508077412482,O3,LGBM_REGRESSION,30
2024-02-06,1.1277021051371687,O3,LGBM_REGRESSION,30
2024-02-07,1.1142311595263357,O3,LGBM_REGRESSION,30
2024-02-08,1.146937258484684,O3,LGBM_REGRESSION,30
2024-02-09,1.1595675382553108,O3,LGBM_REGRESSION,30
2024-02-12,1.2022160790084675,O3,LGBM_REGRESSION,30
2024-02-13,1.1881526606349297,O3,LGBM_REGRESSION,30
2024-02-14,1.1980636823232371,O3,LGBM_REGRESSION,30
2024-02-15,1.233927547677889,O3,LGBM_REGRESSION,30
2024-02-16,1.2384533647100564,O3,LGBM_REGRESSION,30
2024-02-19,1.2339279159506926,O3,LGBM_REGRESSION,30
2024-02-20,1.2700809479269142,O3,LGBM_REGRESSION,30
2024-02-21,1.2696423187340307,O3,LGBM_REGRESSION,30
2024-02-22,1.2694116210188864,O3,LGBM_REGRESSION,30
2024-02-23,1.2638895699609694,O3,LGBM_REGRESSION,30
2024-02-26,1.279430617748784,O3,LGBM_REGRESSION,30
2024-02-27,1.2517628815315704,O3,LGBM_REGRESSION,30
2024-02-28,1.2100799592785103,O3,LGBM_REGRESSION,30
2024-02-29,1.2663815202955617,O3,LGBM_REGRESSION,30
2024-03-01,1.2770906230438446,O3,LGBM_REGRESSION,30
2024-03-04,1.2493691742535566,O3,LGBM_REGRESSION,30
2024-03-05,1.2270832719517106,O3,LGBM_REGRESSION,30
2024-03-06,1.1724015485130126,O3,LGBM_REGRESSION,30
2024-03-07,1.224163350782107,O3,LGBM_REGRESSION,30
2024-03-08,1.2306957666905893,O3,LGBM_REGRESSION,30
2024-03-11,1.2201421795171923,O3,LGBM_REGRESSION,30
2024-03-12,1.1790756112555576,O3,LGBM_REGRESSION,30
2024-03-13,1.1594907670257597,O3,LGBM_REGRESSION,30
2024-03-14,1.1597899769059596,O3,LGBM_REGRESSION,30
2024-03-15,1.1442042178911014,O3,LGBM_REGRESSION,30
2024-03-18,1.105327845583868,O3,LGBM_REGRESSION,30
2024-03-19,1.1332123355961221,O3,LGBM_REGRESSION,30
2024-03-20,1.1421806888209136,O3,LGBM_REGRESSION,30
2024-03-21,1.1307175263666487,O3,LGBM_REGRESSION,30
2024-03-22,1.1335899515907415,O3,LGBM_REGRESSION,30
2024-03-25,1.1172293676174292,O3,LGBM_REGRESSION,30
2024-03-26,1.0731453881842423,O3,LGBM_REGRESSION,30
2024-03-27,1.07598349547517,O3,LGBM_REGRESSION,30
2024-03-28,1.087931905999432,O3,LGBM_REGRESSION,30
2024-03-29,1.1193665316093326,O3,LGBM_REGRESSION,30
2024-04-01,1.0940946163798202,O3,LGBM_REGRESSION,30
2024-04-02,1.069342086328522,O3,LGBM_REGRESSION,30
2024-04-03,1.0579261217066587,O3,LGBM_REGRESSION,30
2024-04-04,1.0544623883533812,O3,LGBM_REGRESSION,30
2024-04-05,1.1122260942086994,O3,LGBM_REGRESSION,30
2024-04-08,1.1591271150727818,O3,LGBM_REGRESSION,30
2024-04-09,1.1591271150727818,O3,LGBM_REGRESSION,30
2024-04-15,1.1541584480931404,O3,LGBM_REGRESSION,30
2024-04-16,1.1249056014086625,O3,LGBM_REGRESSION,30
2024-04-17,1.12360139455859,O3,LGBM_REGRESSION,30
2024-04-18,1.1152308376812345,O3,LGBM_REGRESSION,30
2024-04-19,1.128869564289851,O3,LGBM_REGRESSION,30
2024-04-22,1.108655791407465,O3,LGBM_REGRESSION,30
2024-04-24,1.1076160542255251,O3,LGBM_REGRESSION,30
2024-04-25,1.1056945051215878,O3,LGBM_REGRESSION,30
2024-04-26,1.13393409564356,O3,LGBM_REGRESSION,30
2024-04-29,1.1288418537647273,O3,LGBM_REGRESSION,30
2024-04-30,1.112738654381093,O3,LGBM_REGRESSION,30
2024-05-02,1.1213627623219902,O3,LGBM_REGRESSION,30
2024-05-03,1.1363418207981342,O3,LGBM_REGRESSION,30
2024-05-06,1.139926587602034,O3,LGBM_REGRESSION,30
2024-05-07,1.1483116184327766,O3,LGBM_REGRESSION,30
2024-05-08,1.1377770005153494,O3,LGBM_REGRESSION,30
2024-05-09,1.1471263684522004,O3,LGBM_REGRESSION,30
2024-05-10,1.1426877204824242,O3,LGBM_REGRESSION,30
2024-05-13,1.1147749798213027,O3,LGBM_REGRESSION,30
2024-05-14,1.1255032166493888,O3,LGBM_REGRESSION,30
2024-05-15,1.1293081584591096,O3,LGBM_REGRESSION,30
2024-05-16,1.1672560216201104,O3,LGBM_REGRESSION,30
2024-05-17,1.1909301399588956,O3,LGBM_REGRESSION,30
2024-05-20,1.196955354422025,O3,LGBM_REGRESSION,30
2024-05-21,1.2058098187483293,O3,LGBM_REGRESSION,30
2024-05-22,1.2092384503014375,O3,LGBM_REGRESSION,30
2024-05-23,1.201626229767399,O3,LGBM_REGRESSION,30
2024-05-24,1.1985053229430167,O3,LGBM_REGRESSION,30
2024-05-27,1.1787424707144072,O3,LGBM_REGRESSION,30
2024-05-28,1.1819313974322079,O3,LGBM_REGRESSION,30
2024-05-29,1.1614228716005197,O3,LGBM_REGRESSION,30
2024-05-30,1.1671424703235909,O3,LGBM_REGRESSION,30
2024-05-31,1.1639939709841518,O3,LGBM_REGRESSION,30
2024-06-03,1.1608781376994548,O3,LGBM_REGRESSION,30
2024-06-04,1.157794362758194,O3,LGBM_REGRESSION,30
2024-06-05,1.1622461395945147,O3,LGBM_REGRESSION,30
2024-06-06,1.1571564801219234,O3,LGBM_REGRESSION,30
2024-06-07,1.1561602803898774,O3,LGBM_REGRESSION,30
2024-06-10,1.1429901700176566,O3,LGBM_REGRESSION,30
2024-06-11,1.1460235253979254,O3,LGBM_REGRESSION,30
2024-06-12,1.1483767599433097,O3,LGBM_REGRESSION,30
2024-06-13,1.1628106515438374,O3,LGBM_REGRESSION,30
2024-06-14,1.1769520000886193,O3,LGBM_REGRESSION,30
2024-06-20,1.2075920687056447,O3,LGBM_REGRESSION,30
2024-06-21,1.2262759191477268,O3,LGBM_REGRESSION,30
2024-06-24,1.2223678272390064,O3,LGBM_REGRESSION,30
2024-06-25,1.2213204408642993,O3,LGBM_REGRESSION,30
2024-06-26,1.1981805450388938,O3,LGBM_REGRESSION,30
2024-06-27,1.2306252275575387,O3,LGBM_REGRESSION,30
2024-06-28,1.223026146573392,O3,LGBM_REGRESSION,30
2024-07-01,1.1971073003488493,O3,LGBM_REGRESSION,30
2024-07-02,1.2187907190272615,O3,LGBM_REGRESSION,30
2024-07-03,1.2289586167378488,O3,LGBM_REGRESSION,30
2024-07-04,1.246497815722259,O3,LGBM_REGRESSION,30
2024-07-05,1.2345941545377752,O3,LGBM_REGRESSION,30
2024-07-08,1.2367514243089177,O3,LGBM_REGRESSION,30
2024-07-09,1.2357029329222529,O3,LGBM_REGRESSION,30
2024-07-10,1.241517401666461,O3,LGBM_REGRESSION,30
2024-07-11,1.2666441484738549,O3,LGBM_REGRESSION,30
2024-07-12,1.2685744829624384,O3,LGBM_REGRESSION,30
2024-07-16,1.263702644967139,O3,LGBM_REGRESSION,30
2024-07-17,1.2827076504023087,O3,LGBM_REGRESSION,30
2024-07-18,1.2832909357101476,O3,LGBM_REGRESSION,30
2024-07-19,1.275862012778855,O3,LGBM_REGRESSION,30
2024-07-22,1.288893924436301,O3,LGBM_REGRESSION,30
2024-07-23,1.3089041683029552,O3,LGBM_REGRESSION,30
2024-07-24,1.303067687597256,O3,LGBM_REGRESSION,30
2024-07-25,1.277362825536084,O3,LGBM_REGRESSION,30
2024-07-26,1.3056105458535758,O3,LGBM_REGRESSION,30
2024-07-29,1.2952813562915284,O3,LGBM_REGRESSION,30
2024-07-30,1.2884816168713016,O3,LGBM_REGRESSION,30
2024-07-31,1.3084080357175727,O3,LGBM_REGRESSION,30
2024-08-01,1.324518466081175,O3,LGBM_REGRESSION,30
2024-08-02,1.3016790304285806,O3,LGBM_REGRESSION,30
2024-08-05,1.2170515688844916,O3,LGBM_REGRESSION,30
2024-08-06,1.2369563405704058,O3,LGBM_REGRESSION,30
2024-08-07,1.253983361757521,O3,LGBM_REGRESSION,30
2024-08-08,1.2535079923498034,O3,LGBM_REGRESSION,30
2024-08-09,1.2315847507096755,O3,LGBM_REGRESSION,30
2024-08-12,1.2344541022365152,O3,LGBM_REGRESSION,30
2024-08-13,1.236171475425175,O3,LGBM_REGRESSION,30
2024-08-14,1.2296507781638997,O3,LGBM_REGRESSION,30
2024-08-15,1.230609175284109,O3,LGBM_REGRESSION,30
2024-08-16,1.1989830123361158,O3,LGBM_REGRESSION,30
2024-08-19,1.2237545454816112,O3,LGBM_REGRESSION,30
2024-08-20,1.2095066641008605,O3,LGBM_REGRESSION,30
2024-08-21,1.1968843160649296,O3,LGBM_REGRESSION,30
2024-08-22,1.207365397511203,O3,LGBM_REGRESSION,30
2024-08-23,1.1994632494124575,O3,LGBM_REGRESSION,30
2024-08-26,1.1686747143059555,O3,LGBM_REGRESSION,30
2024-08-27,1.1976085177160978,O3,LGBM_REGRESSION,30
2024-08-28,1.1970116861448192,O3,LGBM_REGRESSION,30
2024-08-29,1.206042870737944,O3,LGBM_REGRESSION,30
2024-09-02,1.2338409449553625,O3,LGBM_REGRESSION,30
2024-09-03,1.241546309023801,O3,LGBM_REGRESSION,30
2024-09-04,1.2484986011201835,O3,LGBM_REGRESSION,30
2024-09-05,1.254602122028306,O3,LGBM_REGRESSION,30
2024-09-06,1.2518759782106526,O3,LGBM_REGRESSION,30
2024-09-09,1.2332859977719743,O3,LGBM_REGRESSION,30
2024-09-10,1.2064229572417726,O3,LGBM_REGRESSION,30
2024-09-11,1.1842949329003194,O3,LGBM_REGRESSION,30
2024-09-12,1.161261301508035,O3,LGBM_REGRESSION,30
2024-09-13,1.1890770101083499,O3,LGBM_REGRESSION,30
2024-09-16,1.2105686634890116,O3,LGBM_REGRESSION,30
2024-09-17,1.2284255019637347,O3,LGBM_REGRESSION,30
2024-09-18,1.2103301040368868,O3,LGBM_REGRESSION,30
2024-09-19,1.2497291959722028,O3,LGBM_REGRESSION,30
2024-09-20,1.2558755527044454,O3,LGBM_REGRESSION,30
2024-09-23,1.2423800343905558,O3,LGBM_REGRESSION,30
2024-09-24,1.2393007716533886,O3,LGBM_REGRESSION,30
2024-09-25,1.2384433903868008,O3,LGBM_REGRESSION,30
2024-09-26,1.2174491586591873,O3,LGBM_REGRESSION,30
2024-09-27,1.2158653462622342,O3,LGBM_REGRESSION,30
2024-09-30,1.214114938300595,O3,LGBM_REGRESSION,30
2024-10-01,1.1533166765899323,O3,LGBM_REGRESSION,30
2024-10-02,1.1133611652865103,O3,LGBM_REGRESSION,30
2024-10-03,1.1248927319545454,O3,LGBM_REGRESSION,30
2024-10-04,1.1599650446162624,O3,LGBM_REGRESSION,30
2024-10-07,1.1667661222084196,O3,LGBM_REGRESSION,30
2024-10-08,1.1557078637704332,O3,LGBM_REGRESSION,30
2024-10-09,1.1615484123630722,O3,LGBM_REGRESSION,30
2024-10-10,1.1807112498401149,O3,LGBM_REGRESSION,30
2024-10-11,1.1832941691431451,O3,LGBM_REGRESSION,30
2024-10-14,1.1663432528557514,O3,LGBM_REGRESSION,30
2024-10-15,1.1888289930351135,O3,LGBM_REGRESSION,30
2024-10-16,1.192329537722119,O3,LGBM_REGRESSION,30
2024-01-23,1.0,O3,LGBM_REGRESSION,50
2024-01-24,0.9965993029531588,O3,LGBM_REGRESSION,50
2024-01-25,1.0126847459136075,O3,LGBM_REGRESSION,50
2024-01-26,1.031014250048133,O3,LGBM_REGRESSION,50
2024-01-29,1.050293279670662,O3,LGBM_REGRESSION,50
2024-01-30,1.0575440261872098,O3,LGBM_REGRESSION,50
2024-01-31,1.060402039241268,O3,LGBM_REGRESSION,50
2024-02-01,1.0752379618496897,O3,LGBM_REGRESSION,50
2024-02-02,1.0726843722517592,O3,LGBM_REGRESSION,50
2024-02-05,1.102508077412482,O3,LGBM_REGRESSION,50
2024-02-06,1.1257021051371685,O3,LGBM_REGRESSION,50
2024-02-07,1.1122311595263357,O3,LGBM_REGRESSION,50
2024-02-08,1.144937258484684,O3,LGBM_REGRESSION,50
2024-02-09,1.1575675382553108,O3,LGBM_REGRESSION,50
2024-02-12,1.2002160790084675,O3,LGBM_REGRESSION,50
2024-02-13,1.1861526606349297,O3,LGBM_REGRESSION,50
2024-02-14,1.1960636823232371,O3,LGBM_REGRESSION,50
2024-02-15,1.231927547677889,O3,LGBM_REGRESSION,50
2024-02-16,1.2364533647100562,O3,LGBM_REGRESSION,50
2024-02-19,1.2319279159506926,O3,LGBM_REGRESSION,50
2024-02-20,1.2680809479269142,O3,LGBM_REGRESSION,50
2024-02-21,1.2676423187340307,O3,LGBM_REGRESSION,50
2024-02-22,1.2674116210188864,O3,LGBM_REGRESSION,50
2024-02-23,1.2618895699609693,O3,LGBM_REGRESSION,50
2024-02-26,1.277430617748784,O3,LGBM_REGRESSION,50
2024-02-27,1.2497628815315707,O3,LGBM_REGRESSION,50
2024-02-28,1.2080799592785103,O3,LGBM_REGRESSION,50
2024-02-29,1.2643815202955615,O3,LGBM_REGRESSION,50
2024-03-01,1.2750906230438446,O3,LGBM_REGRESSION,50
2024-03-04,1.2473691742535566,O3,LGBM_REGRESSION,50
2024-03-05,1.2250832719517106,O3,LGBM_REGRESSION,50
2024-03-06,1.1704015485130126,O3,LGBM_REGRESSION,50
2024-03-07,1.222163350782107,O3,LGBM_REGRESSION,50
2024-03-08,1.2286957666905893,O3,LGBM_REGRESSION,50
2024-03-11,1.2181421795171923,O3,LGBM_REGRESSION,50
2024-03-12,1.1770756112555576,O3,LGBM_REGRESSION,50
2024-03-13,1.1574907670257597,O3,LGBM_REGRESSION,50
2024-03-14,1.1577899769059596,O3,LGBM_REGRESSION,50
2024-03-15,1.1422042178911014,O3,LGBM_REGRESSION,50
2024-03-18,1.103327845583868,O3,LGBM_REGRESSION,50
2024-03-19,1.131212335596122,O3,LGBM_REGRESSION,50
2024-03-20,1.1401806888209136,O3,LGBM_REGRESSION,50
2024-03-21,1.1287175263666487,O3,LGBM_REGRESSION,50
2024-03-22,1.1315899515907415,O3,LGBM_REGRESSION,50
2024-03-25,1.1152293676174292,O3,LGBM_REGRESSION,50
2024-03-26,1.0711453881842425,O3,LGBM_REGRESSION,50
2024-03-27,1.07398349547517,O3,LGBM_REGRESSION,50
2024-03-28,1.085931905999432,O3,LGBM_REGRESSION,50
2024-03-29,1.1173665316093326,O3,LGBM_REGRESSION,50
2024-04-01,1.0920946163798202,O3,LGBM_REGRESSION,50
2024-04-02,1.067342086328522,O3,LGBM_REGRESSION,50
2024-04-03,1.0559261217066587,O3,LGBM_REGRESSION,50
2024-04-04,1.0524623883533812,O3,LGBM_REGRESSION,50
2024-04-05,1.1102260942086994,O3,LGBM_REGRESSION,50
2024-04-08,1.1571271150727818,O3,LGBM_REGRESSION,50
2024-04-09,1.1571271150727818,O3,LGBM_REGRESSION,50
2024-04-15,1.1521584480931404,O3,LGBM_REGRESSION,50
2024-04-16,1.1229056014086625,O3,LGBM_REGRESSION,50
2024-04-17,1.12160139455859,O3,LGBM_REGRESSION,50
2024-04-18,1.1132308376812345,O3,LGBM_REGRESSION,50
2024-04-19,1.126869564289851,O3,LGBM_REGRESSION,50
2024-04-22,1.103053314195351,O3,LGBM_REGRESSION,50
2024-04-24,1.1020154012730767,O3,LGBM_REGRESSION,50
2024-04-25,1.100097223602409,O3,LGBM_REGRESSION,50
2024-04-26,1.1282872666552075,O3,LGBM_REGRESSION,50
2024-04-29,1.1232039593144771,O3,LGBM_REGRESSION,50
2024-04-30,1.1071290136257552,O3,LGBM_REGRESSION,50
2024-05-02,1.1157379902310183,O3,LGBM_REGRESSION,50
2024-05-03,1.130690767361563,O3,LGBM_REGRESSION,50
2024-05-06,1.1342692445515048,O3,LGBM_REGRESSION,50
2024-05-07,1.1426395635167808,O3,LGBM_REGRESSION,50
2024-05-08,1.1321234289996742,O3,LGBM_REGRESSION,50
2024-05-09,1.1414563931037824,O3,LGBM_REGRESSION,50
2024-05-10,1.1370255329159602,O3,LGBM_REGRESSION,50
2024-05-13,1.109161766253112,O3,LGBM_REGRESSION,50
2024-05-14,1.1198711799689043,O3,LGBM_REGRESSION,50
2024-05-15,1.123669445858984,O3,LGBM_REGRESSION,50
2024-05-16,1.161550728005692,O3,LGBM_REGRESSION,50
2024-05-17,1.1851833091753143,O3,LGBM_REGRESSION,50
2024-05-20,1.1911979521633493,O3,LGBM_REGRESSION,50
2024-05-21,1.2000368809847066,O3,LGBM_REGRESSION,50
2024-05-22,1.2034594968692784,O3,LGBM_REGRESSION,50
2024-05-23,1.1958606322747305,O3,LGBM_REGRESSION,50
2024-05-24,1.192745201203779,O3,LGBM_REGRESSION,50
2024-05-27,1.1730170236745354,O3,LGBM_REGRESSION,50
2024-05-28,1.1762003552953348,O3,LGBM_REGRESSION,50
2024-05-29,1.1557278124765962,O3,LGBM_REGRESSION,50
2024-05-30,1.1614373759393757,O3,LGBM_REGRESSION,50
2024-05-31,1.1582944007655172,O3,LGBM_REGRESSION,50
2024-06-03,1.155184034332526,O3,LGBM_REGRESSION,50
2024-06-04,1.15210566999535,O3,LGBM_REGRESSION,50
2024-06-05,1.1565496360146055,O3,LGBM_REGRESSION,50
2024-06-06,1.1514689065491839,O3,LGBM_REGRESSION,50
2024-06-07,1.1504744546886405,O3,LGBM_REGRESSION,50
2024-06-10,1.1373274517916208,O3,LGBM_REGRESSION,50
2024-06-11,1.1403554850309017,O3,LGBM_REGRESSION,50
2024-06-12,1.1427045907339786,O3,LGBM_REGRESSION,50
2024-06-13,1.157113157505572,O3,LGBM_REGRESSION,50
2024-06-14,1.1712296944996858,O3,LGBM_REGRESSION,50
2024-06-20,1.2018160039145689,O3,LGBM_REGRESSION,50
2024-06-21,1.2204670728082396,O3,LGBM_REGRESSION,50
2024-06-24,1.2165658378000548,O3,LGBM_REGRESSION,50
2024-06-25,1.2155202891058223,O3,LGBM_REGRESSION,50
2024-06-26,1.1924209931352268,O3,LGBM_REGRESSION,50
2024-06-27,1.2248087501858593,O3,LGBM_REGRESSION,50
2024-06-28,1.2172230020873478,O3,LGBM_REGRESSION,50
2024-07-01,1.1913496314950853,O3,LGBM_REGRESSION,50
2024-07-02,1.2129950057649677,O3,LGBM_REGRESSION,50
2024-07-03,1.2231450635002201,O3,LGBM_REGRESSION,50
2024-07-04,1.2406534892720962,O3,LGBM_REGRESSION,50
2024-07-05,1.2287707135280415,O3,LGBM_REGRESSION,50
2024-07-08,1.2309241982847587,O3,LGBM_REGRESSION,50
2024-07-09,1.2298775465173555,O3,LGBM_REGRESSION,50
2024-07-10,1.235681813548099,O3,LGBM_REGRESSION,50
2024-07-11,1.2607644744927073,O3,LGBM_REGRESSION,50
2024-07-12,1.2626914221337195,O3,LGBM_REGRESSION,50
2024-07-16,1.2578281319692646,O3,LGBM_REGRESSION,50
2024-07-17,1.276799792376991,O3,LGBM_REGRESSION,50
2024-07-18,1.2773820542878795,O3,LGBM_REGRESSION,50
2024-07-19,1.2699661656932446,O3,LGBM_REGRESSION,50
2024-07-22,1.282975212350555,O3,LGBM_REGRESSION,50
2024-07-23,1.2987562220989155,O3,LGBM_REGRESSION,50
2024-07-24,1.292946444306559,O3,LGBM_REGRESSION,50
2024-07-25,1.2673591864556508,O3,LGBM_REGRESSION,50
2024-07-26,1.2954776685445233,O3,LGBM_REGRESSION,50
2024-07-29,1.2851957368194646,O3,LGBM_REGRESSION,50
2024-07-30,1.2784271073885707,O3,LGBM_REGRESSION,50
2024-07-31,1.2982623594063163,O3,LGBM_REGRESSION,50
2024-08-01,1.3142990817517464,O3,LGBM_REGRESSION,50
2024-08-02,1.2915641404857157,O3,LGBM_REGRESSION,50
2024-08-05,1.207323864282587,O3,LGBM_REGRESSION,50
2024-08-06,1.2271375681794958,O3,LGBM_REGRESSION,50
2024-08-07,1.2440866877861598,O3,LGBM_REGRESSION,50
2024-08-08,1.2436134932760803,O3,LGBM_REGRESSION,50
2024-08-09,1.221790554275716,O3,LGBM_REGRESSION,50
2024-08-12,1.224646778020758,O3,LGBM_REGRESSION,50
2024-08-13,1.2263562939286783,O3,LGBM_REGRESSION,50
2024-08-14,1.2198654299903735,O3,LGBM_REGRESSION,50
2024-08-15,1.220819442277232,O3,LGBM_REGRESSION,50
2024-08-16,1.1893379745199117,O3,LGBM_REGRESSION,50
2024-08-19,1.2139961735971028,O3,LGBM_REGRESSION,50
2024-08-20,1.1998134787493013,O3,LGBM_REGRESSION,50
2024-08-21,1.187248880148824,O3,LGBM_REGRESSION,50
2024-08-22,1.1976820088263462,O3,LGBM_REGRESSION,50
2024-08-23,1.189816014428186,O3,LGBM_REGRESSION,50
2024-08-26,1.1591683422194403,O3,LGBM_REGRESSION,50
2024-08-27,1.1879697684516046,O3,LGBM_REGRESSION,50
2024-08-28,1.1873756674884672,O3,LGBM_REGRESSION,50
2024-08-29,1.1963655328428697,O3,LGBM_REGRESSION,50
2024-09-02,1.224036426040705,O3,LGBM_REGRESSION,50
2024-09-03,1.2317065367296895,O3,LGBM_REGRESSION,50
2024-09-04,1.2386270208817396,O3,LGBM_REGRESSION,50
2024-09-05,1.2447026171211937,O3,LGBM_REGRESSION,50
2024-09-06,1.2419889458851854,O3,LGBM_REGRESSION,50
2024-09-09,1.2234840178371056,O3,LGBM_REGRESSION,50
2024-09-10,1.1967438803849015,O3,LGBM_REGRESSION,50
2024-09-11,1.1747170955996526,O3,LGBM_REGRESSION,50
2024-09-12,1.1517888470731834,O3,LGBM_REGRESSION,50
2024-09-13,1.1794772939735496,O3,LGBM_REGRESSION,50
2024-09-16,1.2008706193057248,O3,LGBM_REGRESSION,50
2024-09-17,1.2186457596417213,O3,LGBM_REGRESSION,50
2024-09-18,1.2006331513045438,O3,LGBM_REGRESSION,50
2024-09-19,1.2398519855484893,O3,LGBM_REGRESSION,50
2024-09-20,1.2459702216307251,O3,LGBM_REGRESSION,50
2024-09-23,1.232536447658028,O3,LGBM_REGRESSION,50
2024-09-24,1.2294712730829187,O3,LGBM_REGRESSION,50
2024-09-25,1.2286178144845996,O3,LGBM_REGRESSION,50
2024-09-26,1.2077196350149801,O3,LGBM_REGRESSION,50
2024-09-27,1.2061430688349377,O3,LGBM_REGRESSION,50
2024-09-30,1.2044006692938645,O3,LGBM_REGRESSION,50
2024-10-01,1.143880570194495,O3,LGBM_REGRESSION,50
2024-10-02,1.104107862297733,O3,LGBM_REGRESSION,50
2024-10-03,1.1155866700446009,O3,LGBM_REGRESSION,50
2024-10-04,1.1504985207819212,O3,LGBM_REGRESSION,50
2024-10-07,1.1572684822623769,O3,LGBM_REGRESSION,50
2024-10-08,1.1462608172781656,O3,LGBM_REGRESSION,50
2024-10-09,1.1520746443461718,O3,LGBM_REGRESSION,50
2024-10-10,1.1711498085121295,O3,LGBM_REGRESSION,50
2024-10-11,1.1737209105105546,O3,LGBM_REGRESSION,50
2024-10-14,1.1568475476104723,O3,LGBM_REGRESSION,50
2024-10-15,1.179230411621517,O3,LGBM_REGRESSION,50
2024-10-16,1.1827149407083444,O3,LGBM_REGRESSION,50
2024-01-23,1.0,O3,LGBM_REGRESSION,100
2024-01-24,0.9915993029531589,O3,LGBM_REGRESSION,100
2024-01-25,1.0076847459136076,O3,LGBM_REGRESSION,100
2024-01-26,1.026014250048133,O3,LGBM_REGRESSION,100
2024-01-29,1.0452932796706622,O3,LGBM_REGRESSION,100
2024-01-30,1.0525440261872099,O3,LGBM_REGRESSION,100
2024-01-31,1.055402039241268,O3,LGBM_REGRESSION,100
2024-02-01,1.0702379618496896,O3,LGBM_REGRESSION,100
2024-02-02,1.0676843722517593,O3,LGBM_REGRESSION,100
2024-02-05,1.0975080774124821,O3,LGBM_REGRESSION,100
2024-02-06,1.1207021051371686,O3,LGBM_REGRESSION,100
2024-02-07,1.1072311595263356,O3,LGBM_REGRESSION,100
2024-02-08,1.139937258484684,O3,LGBM_REGRESSION,100
2024-02-09,1.1525675382553109,O3,LGBM_REGRESSION,100
2024-02-12,1.1952160790084676,O3,LGBM_REGRESSION,100
2024-02-13,1.1811526606349299,O3,LGBM_REGRESSION,100
2024-02-14,1.1910636823232368,O3,LGBM_REGRESSION,100
2024-02-15,1.226927547677889,O3,LGBM_REGRESSION,100
2024-02-16,1.2314533647100563,O3,LGBM_REGRESSION,100
2024-02-19,1.2269279159506927,O3,LGBM_REGRESSION,100
2024-02-20,1.2630809479269143,O3,LGBM_REGRESSION,100
2024-02-21,1.2626423187340308,O3,LGBM_REGRESSION,100
2024-02-22,1.2624116210188863,O3,LGBM_REGRESSION,100
2024-02-23,1.2568895699609692,O3,LGBM_REGRESSION,100
2024-02-26,1.2724306177487839,O3,LGBM_REGRESSION,100
2024-02-27,1.2447628815315706,O3,LGBM_REGRESSION,100
2024-02-28,1.2030799592785104,O3,LGBM_REGRESSION,100
2024-02-29,1.2593815202955616,O3,LGBM_REGRESSION,100
2024-03-01,1.2700906230438447,O3,LGBM_REGRESSION,100
2024-03-04,1.2423691742535565,O3,LGBM_REGRESSION,100
2024-03-05,1.2200832719517107,O3,LGBM_REGRESSION,100
2024-03-06,1.1654015485130125,O3,LGBM_REGRESSION,100
2024-03-07,1.2171633507821071,O3,LGBM_REGRESSION,100
2024-03-08,1.2236957666905894,O3,LGBM_REGRESSION,100
2024-03-11,1.2131421795171924,O3,LGBM_REGRESSION,100
2024-03-12,1.1720756112555577,O3,LGBM_REGRESSION,100
2024-03-13,1.1524907670257598,O3,LGBM_REGRESSION,100
2024-03-14,1.1527899769059597,O3,LGBM_REGRESSION,100
2024-03-15,1.1372042178911013,O3,LGBM_REGRESSION,100
2024-03-18,1.098327845583868,O3,LGBM_REGRESSION,100
2024-03-19,1.1262123355961222,O3,LGBM_REGRESSION,100
2024-03-20,1.1351806888209137,O3,LGBM_REGRESSION,100
2024-03-21,1.1237175263666488,O3,LGBM_REGRESSION,100
2024-03-22,1.1265899515907414,O3,LGBM_REGRESSION,100
2024-03-25,1.110229367617429,O3,LGBM_REGRESSION,100
2024-03-26,1.0661453881842422,O3,LGBM_REGRESSION,100
2024-03-27,1.0689834954751698,O3,LGBM_REGRESSION,100
2024-03-28,1.080931905999432,O3,LGBM_REGRESSION,100
2024-03-29,1.1123665316093327,O3,LGBM_REGRESSION,100
2024-04-01,1.08709461637982,O3,LGBM_REGRESSION,100
2024-04-02,1.0623420863285218,O3,LGBM_REGRESSION,100
2024-04-03,1.0509261217066586,O3,LGBM_REGRESSION,100
2024-04-04,1.0474623883533813,O3,LGBM_REGRESSION,100
2024-04-05,1.1052260942086995,O3,LGBM_REGRESSION,100
2024-04-08,1.1521271150727816,O3,LGBM_REGRESSION,100
2024-04-09,1.1521271150727816,O3,LGBM_REGRESSION,100
2024-04-15,1.1471584480931405,O3,LGBM_REGRESSION,100
2024-04-16,1.1179056014086626,O3,LGBM_REGRESSION,100
2024-04-17,1.1166013945585902,O3,LGBM_REGRESSION,100
2024-04-18,1.1082308376812346,O3,LGBM_REGRESSION,100
2024-04-19,1.121869564289851,O3,LGBM_REGRESSION,100
2024-04-22,1.0890681211650657,O3,LGBM_REGRESSION,100
2024-04-24,1.0880347688919563,O3,LGBM_REGRESSION,100
2024-04-25,1.0861250198044612,O3,LGBM_REGRESSION,100
2024-04-26,1.1141911941843259,O3,LGBM_REGRESSION,100
2024-04-29,1.1091302231888518,O3,LGBM_REGRESSION,100
2024-04-30,1.0931259117374106,O3,LGBM_REGRESSION,100
2024-05-02,1.1016970600035891,O3,LGBM_REGRESSION,100
2024-05-03,1.116584133770135,O3,LGBM_REGRESSION,100
2024-05-06,1.1201468869251825,O3,LGBM_REGRESSION,100
2024-05-07,1.1284804262267902,O3,LGBM_REGRESSION,100
2024-05-08,1.1180105002104865,O3,LGBM_REGRESSION,100
2024-05-09,1.1273024547327384,O3,LGBM_REGRESSION,100
2024-05-10,1.1228910639998009,O3,LGBM_REGRESSION,100
2024-05-13,1.0951497323326351,O3,LGBM_REGRESSION,100
2024-05-14,1.1058120882676932,O3,LGBM_REGRESSION,100
2024-05-15,1.1095936643586701,O3,LGBM_REGRESSION,100
2024-05-16,1.1473084939696454,O3,LGBM_REGRESSION,100
2024-05-17,1.1708372322163605,O3,LGBM_REGRESSION,100
2024-05-20,1.1768254465166599,O3,LGBM_REGRESSION,100
2024-05-21,1.1856255365756496,O3,LGBM_REGRESSION,100
2024-05-22,1.1890331132888803,O3,LGBM_REGRESSION,100
2024-05-23,1.1814676385430591,O3,LGBM_REGRESSION,100
2024-05-24,1.1783658968556836,O3,LGBM_REGRESSION,100
2024-05-27,1.1587244060748558,O3,LGBM_REGRESSION,100
2024-05-28,1.161893749953152,O3,LGBM_REGRESSION,100
2024-05-29,1.1415111646667873,O3,LGBM_REGRESSION,100
2024-05-30,1.1471956399788374,O3,LGBM_REGRESSION,100
2024-05-31,1.14406647521893,O3,LGBM_REGRESSION,100
2024-06-03,1.1409697759152038,O3,LGBM_REGRESSION,100
2024-06-04,1.137904938088241,O3,LGBM_REGRESSION,100
2024-06-05,1.1423293770648333,O3,LGBM_REGRESSION,100
2024-06-06,1.137270972617335,O3,LGBM_REGRESSION,100
2024-06-07,1.1362808904355475,O3,LGBM_REGRESSION,100
2024-06-10,1.123191656226531,O3,LGBM_REGRESSION,100
2024-06-11,1.1262063841133423,O3,LGBM_REGRESSION,100
2024-06-12,1.1285451677106502,O3,LGBM_REGRESSION,100
2024-06-13,1.1428904224099092,O3,LGBM_REGRESSION,100
2024-06-14,1.1569449305273516,O3,LGBM_REGRESSION,100
2024-06-20,1.1873968419368799,O3,LGBM_REGRESSION,100
2024-06-21,1.2059659569595214,O3,LGBM_REGRESSION,100
2024-06-24,1.2020818642026756,O3,LGBM_REGRESSION,100
2024-06-25,1.2010409097096295,O3,LGBM_REGRESSION,100
2024-06-26,1.1780431133760594,O3,LGBM_REGRESSION,100
2024-06-27,1.2102885567566612,O3,LGBM_REGRESSION,100
2024-06-28,1.2027361408722375,O3,LGBM_REGRESSION,100
2024-07-01,1.1769764593606755,O3,LGBM_REGRESSION,100
2024-07-02,1.1985267226092322,O3,LGBM_REGRESSION,100
2024-07-03,1.2086321804061477,O3,LGBM_REGRESSION,100
2024-07-04,1.226063673146689,O3,LGBM_REGRESSION,100
2024-07-05,1.2142331110037068,O3,LGBM_REGRESSION,100
2024-07-08,1.2163771332243614,O3,LGBM_REGRESSION,100
2024-07-09,1.2153350805051117,O3,LGBM_REGRESSION,100
2024-07-10,1.2211138432521933,O3,LGBM_REGRESSION,100
2024-07-11,1.2460862895398384,O3,LGBM_REGRESSION,100
2024-07-12,1.2480047700619228,O3,LGBM_REGRESSION,100
2024-07-16,1.2431628494745783,O3,LGBM_REGRESSION,100
2024-07-17,1.2620511473136964,O3,LGBM_REGRESSION,100
2024-07-18,1.2626308507322102,O3,LGBM_REGRESSION,100
2024-07-19,1.2552475479792187,O3,LGBM_REGRESSION,100
2024-07-22,1.2681994321361894,O3,LGBM_REGRESSION,100
2024-07-23,1.2735097997530267,O3,LGBM_REGRESSION,100
2024-07-24,1.2677666847168003,O3,LGBM_REGRESSION,100
2024-07-25,1.242473021077427,O3,LGBM_REGRESSION,100
2024-07-26,1.2702688650928278,O3,LGBM_REGRESSION,100
2024-07-29,1.260104910669419,O3,LGBM_REGRESSION,100
2024-07-30,1.2534139460837581,O3,LGBM_REGRESSION,100
2024-07-31,1.273021603757058,O3,LGBM_REGRESSION,100
2024-08-01,1.2888743169804457,O3,LGBM_REGRESSION,100
2024-08-02,1.2664002417749438,O3,LGBM_REGRESSION,100
2024-08-05,1.1831265583038493,O3,LGBM_REGRESSION,100
2024-08-06,1.202712915104516,O3,LGBM_REGRESSION,100
2024-08-07,1.2194675565284794,O3,LGBM_REGRESSION,100
2024-08-08,1.2189997915634452,O3,LGBM_REGRESSION,100
2024-08-09,1.1974272540952233,O3,LGBM_REGRESSION,100
2024-08-12,1.2002507048575846,O3,LGBM_REGRESSION,100
2024-08-13,1.2019406053781112,O3,LGBM_REGRESSION,100
2024-08-14,1.1955242191384816,O3,LGBM_REGRESSION,100
2024-08-15,1.1964672848640951,O3,LGBM_REGRESSION,100
2024-08-16,1.1653470428683643,O3,LGBM_REGRESSION,100
2024-08-19,1.1897223079727897,O3,LGBM_REGRESSION,100
2024-08-20,1.175702348699685,O3,LGBM_REGRESSION,100
2024-08-21,1.1632819192571866,O3,LGBM_REGRESSION,100
2024-08-22,1.1735953357636835,O3,LGBM_REGRESSION,100
2024-08-23,1.1658195976343555,O3,LGBM_REGRESSION,100
2024-08-26,1.1355235840210696,O3,LGBM_REGRESSION,100
2024-08-27,1.1639945359181176,O3,LGBM_REGRESSION,100
2024-08-28,1.1634072518090899,O3,LGBM_REGRESSION,100
2024-08-29,1.1722939653351134,O3,LGBM_REGRESSION,100
2024-09-02,1.1996473561996301,O3,LGBM_REGRESSION,100
2024-09-03,1.207229458235509,O3,LGBM_REGRESSION,100
2024-09-04,1.2140705351255576,O3,LGBM_REGRESSION,100
2024-09-05,1.2200764185455326,O3,LGBM_REGRESSION,100
2024-09-06,1.2173938846112056,O3,LGBM_REGRESSION,100
2024-09-09,1.1991012864576165,O3,LGBM_REGRESSION,100
2024-09-10,1.1726679716285076,O3,LGBM_REGRESSION,100
2024-09-11,1.1508939273498562,O3,LGBM_REGRESSION,100
2024-09-12,1.1282287629368641,O3,LGBM_REGRESSION,100
2024-09-13,1.155599506088602,O3,LGBM_REGRESSION,100
2024-09-16,1.1767473593768558,O3,LGBM_REGRESSION,100
2024-09-17,1.1943185435741255,O3,LGBM_REGRESSION,100
2024-09-18,1.1765126161393433,O3,LGBM_REGRESSION,100
2024-09-19,1.2152814442597615,O3,LGBM_REGRESSION,100
2024-09-20,1.2213294782629383,O3,LGBM_REGRESSION,100
2024-09-23,1.2080498465707632,O3,LGBM_REGRESSION,100
2024-09-24,1.2050198425292784,O3,LGBM_REGRESSION,100
2024-09-25,1.204176176715544,O3,LGBM_REGRESSION,100
2024-09-26,1.1835177878698224,O3,LGBM_REGRESSION,100
2024-09-27,1.1819593115807432,O3,LGBM_REGRESSION,100
2024-09-30,1.1802369047416006,O3,LGBM_REGRESSION,100
2024-10-01,1.1204112274861289,O3,LGBM_REGRESSION,100
2024-10-02,1.0810948809893892,O3,LGBM_REGRESSION,100
2024-10-03,1.0924419781977757,O3,LGBM_REGRESSION,100
2024-10-04,1.1269532421527926,O3,LGBM_REGRESSION,100
2024-10-07,1.1336455235037652,O3,LGBM_REGRESSION,100
2024-10-08,1.122764163055222,O3,LGBM_REGRESSION,100
2024-10-09,1.128511280904758,O3,LGBM_REGRESSION,100
2024-10-10,1.1473675721529593,O3,LGBM_REGRESSION,100
2024-10-11,1.14990917272265,O3,LGBM_REGRESSION,100
2024-10-14,1.133229418755008,O3,LGBM_REGRESSION,100
2024-10-15,1.1553554565227127,O3,LGBM_REGRESSION,100
2024-10-16,1.1588000033036685,O3,LGBM_REGRESSION,100
2024-01-23,1.0,O3,LAMBDAMART,0
2024-01-24,1.0082232801499549,O3,LAMBDAMART,0
2024-01-25,1.0205245934913452,O3,LAMBDAMART,0
2024-01-26,1.0367533230511996,O3,LAMBDAMART,0
2024-01-29,1.0574028462850606,O3,LAMBDAMART,0
2024-01-30,1.0510143353771786,O3,LAMBDAMART,0
2024-01-31,1.0525476014139907,O3,LAMBDAMART,0
2024-02-01,1.0771407945429479,O3,LAMBDAMART,0
2024-02-02,1.0795816794030824,O3,LAMBDAMART,0
2024-02-05,1.0959867513954433,O3,LAMBDAMART,0
2024-02-06,1.1130173974837065,O3,LAMBDAMART,0
2024-02-07,1.1031413524034355,O3,LAMBDAMART,0
2024-02-08,1.1382973907420515,O3,LAMBDAMART,0
2024-02-09,1.138362676091299,O3,LAMBDAMART,0
2024-02-12,1.1638279864003145,O3,LAMBDAMART,0
2024-02-13,1.1357360320724312,O3,LAMBDAMART,0
2024-02-14,1.1420426197516613,O3,LAMBDAMART,0
2024-02-15,1.159670681056591,O3,LAMBDAMART,0
2024-02-16,1.1559222367489965,O3,LAMBDAMART,0
2024-02-19,1.147137641687607,O3,LAMBDAMART,0
2024-02-20,1.1623813055207315,O3,LAMBDAMART,0
2024-02-21,1.1482968485330596,O3,LAMBDAMART,0
2024-02-22,1.1555431707270247,O3,LAMBDAMART,0
2024-02-23,1.1534346963984266,O3,LAMBDAMART,0
2024-02-26,1.1597053721775172,O3,LAMBDAMART,0
2024-02-27,1.1387035064324984,O3,LAMBDAMART,0
2024-02-28,1.118907991320917,O3,LAMBDAMART,0
2024-02-29,1.147443417128673,O3,LAMBDAMART,0
2024-03-01,1.1403481885314024,O3,LAMBDAMART,0
2024-03-04,1.1253097511310441,O3,LAMBDAMART,0
2024-03-05,1.120437456190656,O3,LAMBDAMART,0
2024-03-06,1.0936278546951412,O3,LAMBDAMART,0
2024-03-07,1.1262983826962014,O3,LAMBDAMART,0
2024-03-08,1.1439843873144022,O3,LAMBDAMART,0
2024-03-11,1.1409084674022056,O3,LAMBDAMART,0
2024-03-12,1.1207463714234858,O3,LAMBDAMART,0
2024-03-13,1.109767389712994,O3,LAMBDAMART,0
2024-03-14,1.101436180718295,O3,LAMBDAMART,0
2024-03-15,1.0849314570286155,O3,LAMBDAMART,0
2024-03-18,1.072669541040287,O3,LAMBDAMART,0
2024-03-19,1.0974119025869082,O3,LAMBDAMART,0
2024-03-20,1.1020895686063097,O3,LAMBDAMART,0
2024-03-21,1.1389342578906942,O3,LAMBDAMART,0
2024-03-22,1.132691540969271,O3,LAMBDAMART,0
2024-03-25,1.106459539724615,O3,LAMBDAMART,0
2024-03-26,1.0824971714975897,O3,LAMBDAMART,0
2024-03-27,1.084103189190674,O3,LAMBDAMART,0
2024-03-28,1.1091075310755871,O3,LAMBDAMART,0
2024-03-29,1.1209874312475332,O3,LAMBDAMART,0
2024-04-01,1.1254338397418084,O3,LAMBDAMART,0
2024-04-02,1.1077574355563187,O3,LAMBDAMART,0
2024-04-03,1.1099565083321705,O3,LAMBDAMART,0
2024-04-04,1.1265318218629927,O3,LAMBDAMART,0
2024-04-05,1.1818933573024744,O3,LAMBDAMART,0
2024-04-08,1.2216209008715406,O3,LAMBDAMART,0
2024-04-09,1.2216209008715406,O3,LAMBDAMART,0
2024-04-15,1.2007043617449475,O3,LAMBDAMART,0
2024-04-16,1.1958466920807624,O3,LAMBDAMART,0
2024-04-17,1.2038276258395253,O3,LAMBDAMART,0
2024-04-18,1.203606634850932,O3,LAMBDAMART,0
2024-04-19,1.218837031910747,O3,LAMBDAMART,0
2024-04-22,1.2012341296821782,O3,LAMBDAMART,0
2024-04-24,1.212619347768204,O3,LAMBDAMART,0
2024-04-25,1.2145276361629354,O3,LAMBDAMART,0
2024-04-26,1.244510025188886,O3,LAMBDAMART,0
2024-04-29,1.2550837230370961,O3,LAMBDAMART,0
2024-04-30,1.2529950716381717,O3,LAMBDAMART,0
2024-05-02,1.269334897547531,O3,LAMBDAMART,0
2024-05-03,1.2811218154283879,O3,LAMBDAMART,0
2024-05-06,1.2830855965864352,O3,LAMBDAMART,0
2024-05-07,1.29305663150808,O3,LAMBDAMART,0
2024-05-08,1.2781332138045258,O3,LAMBDAMART,0
2024-05-09,1.3008158617934,O3,LAMBDAMART,0
2024-05-10,1.2988436823248164,O3,LAMBDAMART,0
2024-05-13,1.2867626723659447,O3,LAMBDAMART,0
2024-05-14,1.3028842226898927,O3,LAMBDAMART,0
2024-05-15,1.3040224682427968,O3,LAMBDAMART,0
2024-05-16,1.348146302532226,O3,LAMBDAMART,0
2024-05-17,1.375589809008451,O3,LAMBDAMART,0
2024-05-20,1.3944964323580158,O3,LAMBDAMART,0
2024-05-21,1.4096958399232067,O3,LAMBDAMART,0
2024-05-22,1.4068863179733797,O3,LAMBDAMART,0
2024-05-23,1.393633418237578,O3,LAMBDAMART,0
2024-05-24,1.3763064188002985,O3,LAMBDAMART,0
2024-05-27,1.3675841579681733,O3,LAMBDAMART,0
2024-05-28,1.3743733133365494,O3,LAMBDAMART,0
2024-05-29,1.3505417287539228,O3,LAMBDAMART,0
2024-05-30,1.34351636466068,O3,LAMBDAMART,0
2024-05-31,1.330648267264331,O3,LAMBDAMART,0
2024-06-03,1.3434343372936708,O3,LAMBDAMART,0
2024-06-04,1.327293253785232,O3,LAMBDAMART,0
2024-06-05,1.3267475966350335,O3,LAMBDAMART,0
2024-06-06,1.3146704394558824,O3,LAMBDAMART,0
2024-06-07,1.2923880879131426,O3,LAMBDAMART,0
2024-06-10,1.2781402160251916,O3,LAMBDAMART,0
2024-06-11,1.2851969885339314,O3,LAMBDAMART,0
2024-06-12,1.2930923370026302,O3,LAMBDAMART,0
2024-06-13,1.3080631944373886,O3,LAMBDAMART,0
2024-06-14,1.307802983465322,O3,LAMBDAMART,0
2024-06-20,1.3318844491987782,O3,LAMBDAMART,0
2024-06-21,1.3526073646627315,O3,LAMBDAMART,0
2024-06-24,1.3428418358940766,O3,LAMBDAMART,0
2024-06-25,1.3426660476530003,O3,LAMBDAMART,0
2024-06-26,1.3199381407980104,O3,LAMBDAMART,0
2024-06-27,1.3605767943794431,O3,LAMBDAMART,0
2024-06-28,1.371168143636416,O3,LAMBDAMART,0
2024-07-01,1.3506479013057597,O3,LAMBDAMART,0
2024-07-02,1.372743060313506,O3,LAMBDAMART,0
2024-07-03,1.40322348598162,O3,LAMBDAMART,0
2024-07-04,1.4350319076685911,O3,LAMBDAMART,0
2024-07-05,1.4341114867624358,O3,LAMBDAMART,0
2024-07-08,1.4412682908062338,O3,LAMBDAMART,0
2024-07-09,1.4334590944690377,O3,LAMBDAMART,0
2024-07-10,1.451896212144916,O3,LAMBDAMART,0
2024-07-11,1.4863603255737614,O3,LAMBDAMART,0
2024-07-12,1.4858010506584332,O3,LAMBDAMART,0
2024-07-16,1.508285537424611,O3,LAMBDAMART,0
2024-07-17,1.508135409854299,O3,LAMBDAMART,0
2024-07-18,1.4864197986099597,O3,LAMBDAMART,0
2024-07-19,1.485443290140377,O3,LAMBDAMART,0
2024-07-22,1.5102062484802206,O3,LAMBDAMART,0
2024-07-23,1.4886726313024323,O3,LAMBDAMART,0
2024-07-24,1.4829669103417922,O3,LAMBDAMART,0
2024-07-25,1.4746061635569887,O3,LAMBDAMART,0
2024-07-26,1.5058684550852757,O3,LAMBDAMART,0
2024-07-29,1.4899491883319254,O3,LAMBDAMART,0
2024-07-30,1.4959922195740687,O3,LAMBDAMART,0
2024-07-31,1.5097822861894636,O3,LAMBDAMART,0
2024-08-01,1.5323915963811008,O3,LAMBDAMART,0
2024-08-02,1.4876120215420525,O3,LAMBDAMART,0
2024-08-05,1.3793861155237894,O3,LAMBDAMART,0
2024-08-06,1.3977368736090148,O3,LAMBDAMART,0
2024-08-07,1.4260201776805936,O3,LAMBDAMART,0
2024-08-08,1.4379019995524036,O3,LAMBDAMART,0
2024-08-09,1.400683312504589,O3,LAMBDAMART,0
2024-08-12,1.3955699600368405,O3,LAMBDAMART,0
2024-08-13,1.4055582419750678,O3,LAMBDAMART,0
2024-08-14,1.3792764133644109,O3,LAMBDAMART,0
2024-08-15,1.4039376259823093,O3,LAMBDAMART,0
2024-08-16,1.3790244802539964,O3,LAMBDAMART,0
2024-08-19,1.408453972295586,O3,LAMBDAMART,0
2024-08-20,1.3945604865083243,O3,LAMBDAMART,0
2024-08-21,1.3700270356897613,O3,LAMBDAMART,0
2024-08-22,1.3725005666327506,O3,LAMBDAMART,0
2024-08-23,1.3385437048851465,O3,LAMBDAMART,0
2024-08-26,1.3079724654060751,O3,LAMBDAMART,0
2024-08-27,1.3366925804636451,O3,LAMBDAMART,0
2024-08-28,1.350697308968738,O3,LAMBDAMART,0
2024-08-29,1.359846020446993,O3,LAMBDAMART,0
2024-09-02,1.3896858240538115,O3,LAMBDAMART,0
2024-09-03,1.368881678556386,O3,LAMBDAMART,0
2024-09-04,1.3685588475004231,O3,LAMBDAMART,0
2024-09-05,1.3723541919022113,O3,LAMBDAMART,0
2024-09-06,1.359970167937793,O3,LAMBDAMART,0
2024-09-09,1.354473115437385,O3,LAMBDAMART,0
2024-09-10,1.3431251331189644,O3,LAMBDAMART,0
2024-09-11,1.3150392357754317,O3,LAMBDAMART,0
2024-09-12,1.3211283689231255,O3,LAMBDAMART,0
2024-09-13,1.3529353996783273,O3,LAMBDAMART,0
2024-09-16,1.3365760792501196,O3,LAMBDAMART,0
2024-09-17,1.3548232320385372,O3,LAMBDAMART,0
2024-09-18,1.3583564611939207,O3,LAMBDAMART,0
2024-09-19,1.3928632145638766,O3,LAMBDAMART,0
2024-09-20,1.3967736144687972,O3,LAMBDAMART,0
2024-09-23,1.3762457743950522,O3,LAMBDAMART,0
2024-09-24,1.3964598663669243,O3,LAMBDAMART,0
2024-09-25,1.3771661936718127,O3,LAMBDAMART,0
2024-09-26,1.3801469635934498,O3,LAMBDAMART,0
2024-09-27,1.3782912939102432,O3,LAMBDAMART,0
2024-09-30,1.3612439062680504,O3,LAMBDAMART,0
2024-10-01,1.3208315235080765,O3,LAMBDAMART,0
2024-10-02,1.3024811068450106,O3,LAMBDAMART,0
2024-10-03,1.3048662083178502,O3,LAMBDAMART,0
2024-10-04,1.3250285795859995,O3,LAMBDAMART,0
2024-10-07,1.317946841061836,O3,LAMBDAMART,0
2024-10-08,1.307854771837817,O3,LAMBDAMART,0
2024-10-09,1.311891827098533,O3,LAMBDAMART,0
2024-10-10,1.3196640891622247,O3,LAMBDAMART,0
2024-10-11,1.3303593329386603,O3,LAMBDAMART,0
2024-10-14,1.3206166671108992,O3,LAMBDAMART,0
2024-10-15,1.348302891773116,O3,LAMBDAMART,0
2024-10-16,1.3688214046408789,O3,LAMBDAMART,0
2024-01-23,1.0,O3,LAMBDAMART,30
2024-01-24,1.0052232801499548,O3,LAMBDAMART,30
2024-01-25,1.0175245934913453,O3,LAMBDAMART,30
2024-01-26,1.0337533230511995,O3,LAMBDAMART,30
2024-01-29,1.0544028462850608,O3,LAMBDAMART,30
2024-01-30,1.0480143353771785,O3,LAMBDAMART,30
2024-01-31,1.0495476014139908,O3,LAMBDAMART,30
2024-02-01,1.0741407945429478,O3,LAMBDAMART,30
2024-02-02,1.0765816794030822,O3,LAMBDAMART,30
2024-02-05,1.0929867513954434,O3,LAMBDAMART,30
2024-02-06,1.1100173974837064,O3,LAMBDAMART,30
2024-02-07,1.1001413524034356,O3,LAMBDAMART,30
2024-02-08,1.1352973907420516,O3,LAMBDAMART,30
2024-02-09,1.1353626760912992,O3,LAMBDAMART,30
2024-02-12,1.1608279864003146,O3,LAMBDAMART,30
2024-02-13,1.1327360320724311,O3,LAMBDAMART,30
2024-02-14,1.1390426197516612,O3,LAMBDAMART,30
2024-02-15,1.1566706810565912,O3,LAMBDAMART,30
2024-02-16,1.1529222367489964,O3,LAMBDAMART,30
2024-02-19,1.1441376416876068,O3,LAMBDAMART,30
2024-02-20,1.1593813055207314,O3,LAMBDAMART,30
2024-02-21,1.1452968485330597,O3,LAMBDAMART,30
2024-02-22,1.1525431707270248,O3,LAMBDAMART,30
2024-02-23,1.1504346963984264,O3,LAMBDAMART,30
2024-02-26,1.1567053721775171,O3,LAMBDAMART,30
2024-02-27,1.1357035064324985,O3,LAMBDAMART,30
2024-02-28,1.1159079913209171,O3,LAMBDAMART,30
2024-02-29,1.1444434171286728,O3,LAMBDAMART,30
2024-03-01,1.1373481885314023,O3,LAMBDAMART,30
2024-03-04,1.122309751131044,O3,LAMBDAMART,30
2024-03-05,1.117437456190656,O3,LAMBDAMART,30
2024-03-06,1.0906278546951411,O3,LAMBDAMART,30
2024-03-07,1.1232983826962013,O3,LAMBDAMART,30
2024-03-08,1.140984387314402,O3,LAMBDAMART,30
2024-03-11,1.1379084674022057,O3,LAMBDAMART,30
2024-03-12,1.1177463714234859,O3,LAMBDAMART,30
2024-03-13,1.1067673897129942,O3,LAMBDAMART,30
2024-03-14,1.098436180718295,O3,LAMBDAMART,30
2024-03-15,1.0819314570286156,O3,LAMBDAMART,30
2024-03-18,1.0696695410402868,O3,LAMBDAMART,30
2024-03-19,1.0944119025869083,O3,LAMBDAMART,30
2024-03-20,1.0990895686063096,O3,LAMBDAMART,30
2024-03-21,1.1359342578906944,O3,LAMBDAMART,30
2024-03-22,1.129691540969271,O3,LAMBDAMART,30
2024-03-25,1.1034595397246152,O3,LAMBDAMART,30
2024-03-26,1.0794971714975896,O3,LAMBDAMART,30
2024-03-27,1.081103189190674,O3,LAMBDAMART,30
2024-03-28,1.1061075310755872,O3,LAMBDAMART,30
2024-03-29,1.1179874312475333,O3,LAMBDAMART,30
2024-04-01,1.1224338397418085,O3,LAMBDAMART,30
2024-04-02,1.1047574355563188,O3,LAMBDAMART,30
2024-04-03,1.1069565083321704,O3,LAMBDAMART,30
2024-04-04,1.1235318218629926,O3,LAMBDAMART,30
2024-04-05,1.1788933573024747,O3,LAMBDAMART,30
2024-04-08,1.2186209008715405,O3,LAMBDAMART,30
2024-04-09,1.2186209008715405,O3,LAMBDAMART,30
2024-04-15,1.1977043617449474,O3,LAMBDAMART,30
2024-04-16,1.1928466920807625,O3,LAMBDAMART,30
2024-04-17,1.2008276258395254,O3,LAMBDAMART,30
2024-04-18,1.2006066348509319,O3,LAMBDAMART,30
2024-04-19,1.2158370319107474,O3,LAMBDAMART,30
2024-04-22,1.19301278960613,O3,LAMBDAMART,30
2024-04-24,1.2043702266991685,O3,LAMBDAMART,30
2024-04-25,1.2062738586924056,O3,LAMBDAMART,30
2024-04-26,1.2361830878954192,O3,LAMBDAMART,30
2024-04-29,1.2467309849356385,O3,LAMBDAMART,30
2024-04-30,1.2446474300407449,O3,LAMBDAMART,30
2024-05-02,1.260947385252365,O3,LAMBDAMART,30
2024-05-03,1.2727055419553055,O3,LAMBDAMART,30
2024-05-06,1.2746645313043448,O3,LAMBDAMART,30
2024-05-07,1.284611235971695,O3,LAMBDAMART,30
2024-05-08,1.2697242327978788,O3,LAMBDAMART,30
2024-05-09,1.2923515330121254,O3,LAMBDAMART,30
2024-05-10,1.29038416584521,O3,LAMBDAMART,30
2024-05-13,1.2783326346763282,O3,LAMBDAMART,30
2024-05-14,1.294414846915304,O3,LAMBDAMART,30
2024-05-15,1.2955503150429988,O3,LAMBDAMART,30
2024-05-16,1.3395664830653695,O3,LAMBDAMART,30
2024-05-17,1.3669430248286478,O3,LAMBDAMART,30
2024-05-20,1.3858035142555498,O3,LAMBDAMART,30
2024-05-21,1.4009658338500237,O3,LAMBDAMART,30
2024-05-22,1.398163167395541,O3,LAMBDAMART,30
2024-05-23,1.3849426059699803,O3,LAMBDAMART,30
2024-05-24,1.367657886025831,O3,LAMBDAMART,30
2024-05-27,1.3589569083228636,O3,LAMBDAMART,30
2024-05-28,1.3657294975195375,O3,LAMBDAMART,30
2024-05-29,1.3419560642238835,O3,LAMBDAMART,30
2024-05-30,1.3349478426736414,O3,LAMBDAMART,30
2024-05-31,1.3221111446339688,O3,LAMBDAMART,30
2024-06-03,1.3348660154610503,O3,LAMBDAMART,30
2024-06-04,1.3187643177003738,O3,LAMBDAMART,30
2024-06-05,1.3182199920044657,O3,LAMBDAMART,30
2024-06-06,1.3061723042141626,O3,LAMBDAMART,30
2024-06-07,1.283944323685423,O3,LAMBDAMART,30
2024-06-10,1.2697312179324738,O3,LAMBDAMART,30
2024-06-11,1.2767707712587528,O3,LAMBDAMART,30
2024-06-12,1.2846468543415115,O3,LAMBDAMART,30
2024-06-13,1.2995811814891671,O3,LAMBDAMART,30
2024-06-14,1.2993216054561183,O3,LAMBDAMART,30
2024-06-20,1.3233443101693105,O3,LAMBDAMART,30
2024-06-21,1.3440166597886016,O3,LAMBDAMART,30
2024-06-24,1.3342749598200796,O3,LAMBDAMART,30
2024-06-25,1.3340996005186911,O3,LAMBDAMART,30
2024-06-26,1.3114271518741798,O3,LAMBDAMART,30
2024-06-27,1.3519666433542255,O3,LAMBDAMART,30
2024-06-28,1.3625321487321247,O3,LAMBDAMART,30
2024-07-01,1.3420619777048006,O3,LAMBDAMART,30
2024-07-02,1.3641032224657748,O3,LAMBDAMART,30
2024-07-03,1.3945092730551383,O3,LAMBDAMART,30
2024-07-04,1.4262400792293328,O3,LAMBDAMART,30
2024-07-05,1.425321904235952,O3,LAMBDAMART,30
2024-07-08,1.4324612450110226,O3,LAMBDAMART,30
2024-07-09,1.4246711038405386,O3,LAMBDAMART,30
2024-07-10,1.443063233231345,O3,LAMBDAMART,30
2024-07-11,1.47744325101211,O3,LAMBDAMART,30
2024-07-12,1.4768853407796876,O3,LAMBDAMART,30
2024-07-16,1.4993149633030856,O3,LAMBDAMART,30
2024-07-17,1.4991652020580337,O3,LAMBDAMART,30
2024-07-18,1.4775025789285583,O3,LAMBDAMART,30
2024-07-19,1.4765284532306309,O3,LAMBDAMART,30
2024-07-22,1.5012309876447505,O3,LAMBDAMART,30
2024-07-23,1.4726014949530435,O3,LAMBDAMART,30
2024-07-24,1.4669296630283177,O3,LAMBDAMART,30
2024-07-25,1.4586185747616953,O3,LAMBDAMART,30
2024-07-26,1.4896951844230153,O3,LAMBDAMART,30
2024-07-29,1.4738704698930305,O3,LAMBDAMART,30
2024-07-30,1.479877608650384,O3,LAMBDAMART,30
2024-07-31,1.493585769391655,O3,LAMBDAMART,30
2024-08-01,1.5160607919568263,O3,LAMBDAMART,30
2024-08-02,1.4715471846669124,O3,LAMBDAMART,30
2024-08-05,1.3639640846395493,O3,LAMBDAMART,30
2024-08-06,1.3822058486985869,O3,LAMBDAMART,30
2024-08-07,1.4103211645502602,O3,LAMBDAMART,30
2024-08-08,1.4221324145362528,O3,LAMBDAMART,30
2024-08-09,1.3851347872687438,O3,LAMBDAMART,30
2024-08-12,1.3800518054739774,O3,LAMBDAMART,30
2024-08-13,1.3899807621757165,O3,LAMBDAMART,30
2024-08-14,1.3638550340543445,O3,LAMBDAMART,30
2024-08-15,1.388369771805024,O3,LAMBDAMART,30
2024-08-16,1.3636045972965005,O3,LAMBDAMART,30
2024-08-19,1.3928592933535653,O3,LAMBDAMART,30
2024-08-20,1.3790483276969008,O3,LAMBDAMART,30
2024-08-21,1.3546605929064477,O3,LAMBDAMART,30
2024-08-22,1.3571194323530353,O3,LAMBDAMART,30
2024-08-23,1.3233642568279507,O3,LAMBDAMART,30
2024-08-26,1.2929745947235525,O3,LAMBDAMART,30
2024-08-27,1.3215241271295413,O3,LAMBDAMART,30
2024-08-28,1.3354456747797423,O3,LAMBDAMART,30
2024-08-29,1.3445400476364642,O3,LAMBDAMART,30
2024-09-02,1.374202618219957,O3,LAMBDAMART,30
2024-09-03,1.353522038602951,O3,LAMBDAMART,30
2024-09-04,1.3532011249967413,O3,LAMBDAMART,30
2024-09-05,1.3569739270128038,O3,LAMBDAMART,30
2024-09-06,1.3446634577552816,O3,LAMBDAMART,30
2024-09-09,1.3391990549078967,O3,LAMBDAMART,30
2024-09-10,1.3279184737440357,O3,LAMBDAMART,30
2024-09-11,1.2999993921263904,O3,LAMBDAMART,30
2024-09-12,1.3060523589677833,O3,LAMBDAMART,30
2024-09-13,1.3376704723863286,O3,LAMBDAMART,30
2024-09-16,1.3214083178730596,O3,LAMBDAMART,30
2024-09-17,1.3395470919972476,O3,LAMBDAMART,30
2024-09-18,1.3430593355961056,O3,LAMBDAMART,30
2024-09-19,1.3773611366712846,O3,LAMBDAMART,30
2024-09-20,1.3812483108202085,O3,LAMBDAMART,30
2024-09-23,1.360842395515358,O3,LAMBDAMART,30
2024-09-24,1.3809364262200328,O3,LAMBDAMART,30
2024-09-25,1.3617573479769445,O3,LAMBDAMART,30
2024-09-26,1.3647204136645987,O3,LAMBDAMART,30
2024-09-27,1.3628757657009913,O3,LAMBDAMART,30
2024-09-30,1.345929630737651,O3,LAMBDAMART,30
2024-10-01,1.3057572766612005,O3,LAMBDAMART,30
2024-10-02,1.2875158519964514,O3,LAMBDAMART,30
2024-10-03,1.2898867871982742,O3,LAMBDAMART,30
2024-10-04,1.3099294043934966,O3,LAMBDAMART,30
2024-10-07,1.302889727738961,O3,LAMBDAMART,30
2024-10-08,1.292857600194309,O3,LAMBDAMART,30
2024-10-09,1.2968706774316234,O3,LAMBDAMART,30
2024-10-10,1.304596776272468,O3,LAMBDAMART,30
2024-10-11,1.3152284958241907,O3,LAMBDAMART,30
2024-10-14,1.3055436964000644,O3,LAMBDAMART,30
2024-10-15,1.333065479185719,O3,LAMBDAMART,30
2024-10-16,1.3534621226833745,O3,LAMBDAMART,30
2024-01-23,1.0,O3,LAMBDAMART,50
2024-01-24,1.0032232801499548,O3,LAMBDAMART,50
2024-01-25,1.0155245934913453,O3,LAMBDAMART,50
2024-01-26,1.0317533230511995,O3,LAMBDAMART,50
2024-01-29,1.0524028462850608,O3,LAMBDAMART,50
2024-01-30,1.0460143353771785,O3,LAMBDAMART,50
2024-01-31,1.0475476014139908,O3,LAMBDAMART,50
2024-02-01,1.0721407945429478,O3,LAMBDAMART,50
2024-02-02,1.0745816794030822,O3,LAMBDAMART,50
2024-02-05,1.0909867513954434,O3,LAMBDAMART,50
2024-02-06,1.1080173974837064,O3,LAMBDAMART,50
2024-02-07,1.0981413524034356,O3,LAMBDAMART,50
2024-02-08,1.1332973907420516,O3,LAMBDAMART,50
2024-02-09,1.133362676091299,O3,LAMBDAMART,50
2024-02-12,1.1588279864003146,O3,LAMBDAMART,50
2024-02-13,1.1307360320724311,O3,LAMBDAMART,50
2024-02-14,1.1370426197516614,O3,LAMBDAMART,50
2024-02-15,1.1546706810565912,O3,LAMBDAMART,50
2024-02-16,1.1509222367489964,O3,LAMBDAMART,50
2024-02-19,1.1421376416876068,O3,LAMBDAMART,50
2024-02-20,1.1573813055207314,O3,LAMBDAMART,50
2024-02-21,1.1432968485330597,O3,LAMBDAMART,50
2024-02-22,1.1505431707270248,O3,LAMBDAMART,50
2024-02-23,1.1484346963984264,O3,LAMBDAMART,50
2024-02-26,1.1547053721775171,O3,LAMBDAMART,50
2024-02-27,1.1337035064324985,O3,LAMBDAMART,50
2024-02-28,1.1139079913209171,O3,LAMBDAMART,50
2024-02-29,1.142443417128673,O3,LAMBDAMART,50
2024-03-01,1.1353481885314023,O3,LAMBDAMART,50
2024-03-04,1.120309751131044,O3,LAMBDAMART,50
2024-03-05,1.115437456190656,O3,LAMBDAMART,50
2024-03-06,1.0886278546951411,O3,LAMBDAMART,50
2024-03-07,1.1212983826962013,O3,LAMBDAMART,50
2024-03-08,1.138984387314402,O3,LAMBDAMART,50
2024-03-11,1.1359084674022057,O3,LAMBDAMART,50
2024-03-12,1.1157463714234859,O3,LAMBDAMART,50
2024-03-13,1.1047673897129942,O3,LAMBDAMART,50
2024-03-14,1.0964361807182947,O3,LAMBDAMART,50
2024-03-15,1.0799314570286156,O3,LAMBDAMART,50
2024-03-18,1.0676695410402868,O3,LAMBDAMART,50
2024-03-19,1.0924119025869083,O3,LAMBDAMART,50
2024-03-20,1.0970895686063096,O3,LAMBDAMART,50
2024-03-21,1.1339342578906944,O3,LAMBDAMART,50
2024-03-22,1.127691540969271,O3,LAMBDAMART,50
2024-03-25,1.1014595397246152,O3,LAMBDAMART,50
2024-03-26,1.0774971714975896,O3,LAMBDAMART,50
2024-03-27,1.079103189190674,O3,LAMBDAMART,50
2024-03-28,1.1041075310755872,O3,LAMBDAMART,50
2024-03-29,1.1159874312475333,O3,LAMBDAMART,50
2024-04-01,1.1204338397418085,O3,LAMBDAMART,50
2024-04-02,1.1027574355563188,O3,LAMBDAMART,50
2024-04-03,1.1049565083321706,O3,LAMBDAMART,50
2024-04-04,1.1215318218629924,O3,LAMBDAMART,50
2024-04-05,1.1768933573024745,O3,LAMBDAMART,50
2024-04-08,1.2166209008715405,O3,LAMBDAMART,50
2024-04-09,1.2166209008715405,O3,LAMBDAMART,50
2024-04-15,1.1957043617449474,O3,LAMBDAMART,50
2024-04-16,1.1908466920807625,O3,LAMBDAMART,50
2024-04-17,1.1988276258395254,O3,LAMBDAMART,50
2024-04-18,1.1986066348509319,O3,LAMBDAMART,50
2024-04-19,1.2138370319107472,O3,LAMBDAMART,50
2024-04-22,1.187537896222098,O3,LAMBDAMART,50
2024-04-24,1.198876812653145,O3,LAMBDAMART,50
2024-04-25,1.2007773403787187,O3,LAMBDAMART,50
2024-04-26,1.230637796366441,O3,LAMBDAMART,50
2024-04-29,1.241168492868,O3,LAMBDAMART,50
2024-04-30,1.2390883356424598,O3,LAMBDAMART,50
2024-05-02,1.2553617103889205,O3,LAMBDAMART,50
2024-05-03,1.2671006929732505,O3,LAMBDAMART,50
2024-05-06,1.2690564877829513,O3,LAMBDAMART,50
2024-05-07,1.2789869722807714,O3,LAMBDAMART,50
2024-05-08,1.2641242454601145,O3,LAMBDAMART,50
2024-05-09,1.2867146471579425,O3,LAMBDAMART,50
2024-05-10,1.2847504881921386,O3,LAMBDAMART,50
2024-05-13,1.2727186095499172,O3,LAMBDAMART,50
2024-05-14,1.2887745963989112,O3,LAMBDAMART,50
2024-05-15,1.2899082129098,O3,LAMBDAMART,50
2024-05-16,1.333852603420799,O3,LAMBDAMART,50
2024-05-17,1.3611845020421132,O3,LAMBDAMART,50
2024-05-20,1.380014235520572,O3,LAMBDAMART,50
2024-05-21,1.395151829801235,O3,LAMBDAMART,50
2024-05-22,1.3923537336769822,O3,LAMBDAMART,50
2024-05-23,1.3791547311249148,O3,LAMBDAMART,50
2024-05-24,1.3618981975095195,O3,LAMBDAMART,50
2024-05-27,1.3532114085593236,O3,LAMBDAMART,50
2024-05-28,1.3599729536415295,O3,LAMBDAMART,50
2024-05-29,1.3362382878705237,O3,LAMBDAMART,50
2024-05-30,1.329241494682282,O3,LAMBDAMART,50
2024-05-31,1.3164257295470605,O3,LAMBDAMART,50
2024-06-03,1.3291598009059704,O3,LAMBDAMART,50
2024-06-04,1.3130843603104687,O3,LAMBDAMART,50
2024-06-05,1.3125409222507534,O3,LAMBDAMART,50
2024-06-06,1.300512880719683,O3,LAMBDAMART,50
2024-06-07,1.2783211475336103,O3,LAMBDAMART,50
2024-06-10,1.2641312192039953,O3,LAMBDAMART,50
2024-06-11,1.2711592930753002,O3,LAMBDAMART,50
2024-06-12,1.2790225325674325,O3,LAMBDAMART,50
2024-06-13,1.2939325061903524,O3,LAMBDAMART,50
2024-06-14,1.2936733534499825,O3,LAMBDAMART,50
2024-06-20,1.3176568841496654,O3,LAMBDAMART,50
2024-06-21,1.3382955232058484,O3,LAMBDAMART,50
2024-06-24,1.3285697091040816,O3,LAMBDAMART,50
2024-06-25,1.3283946357624852,O3,LAMBDAMART,50
2024-06-26,1.3057591592582922,O3,LAMBDAMART,50
2024-06-27,1.3462325426707467,O3,LAMBDAMART,50
2024-06-28,1.356780818795931,O3,LAMBDAMART,50
2024-07-01,1.3363440286374948,O3,LAMBDAMART,50
2024-07-02,1.358349330567287,O3,LAMBDAMART,50
2024-07-03,1.3887057977708175,O3,LAMBDAMART,50
2024-07-04,1.420384860269827,O3,LAMBDAMART,50
2024-07-05,1.419468182551629,O3,LAMBDAMART,50
2024-07-08,1.426595881147549,O3,LAMBDAMART,50
2024-07-09,1.4188184434215394,O3,LAMBDAMART,50
2024-07-10,1.437180580622298,O3,LAMBDAMART,50
2024-07-11,1.4715045346376756,O3,LAMBDAMART,50
2024-07-12,1.4709475341938572,O3,LAMBDAMART,50
2024-07-16,1.493340580555402,O3,LAMBDAMART,50
2024-07-17,1.4931910635271899,O3,LAMBDAMART,50
2024-07-18,1.4715637658076242,O3,LAMBDAMART,50
2024-07-19,1.4705912286241336,O3,LAMBDAMART,50
2024-07-22,1.4952534804211035,O3,LAMBDAMART,50
2024-07-23,1.4619235485880993,O3,LAMBDAMART,50
2024-07-24,1.4562742867085468,O3,LAMBDAMART,50
2024-07-25,1.4479962709377423,O3,LAMBDAMART,50
2024-07-26,1.4789492167646638,O3,LAMBDAMART,50
2024-07-29,1.4631874738682764,O3,LAMBDAMART,50
2024-07-30,1.4691707082866245,O3,LAMBDAMART,50
2024-07-31,1.482824319843209,O3,LAMBDAMART,50
2024-08-01,1.5052099070581637,O3,LAMBDAMART,50
2024-08-02,1.4608734337420126,O3,LAMBDAMART,50
2024-08-05,1.3537184415041053,O3,LAMBDAMART,50
2024-08-06,1.3718876157113442,O3,LAMBDAMART,50
2024-08-07,1.3998910516700223,O3,LAMBDAMART,50
2024-08-08,1.4116553008899009,O3,LAMBDAMART,50
2024-08-09,1.3748048990920114,O3,LAMBDAMART,50
2024-08-12,1.3697421441181805,O3,LAMBDAMART,50
2024-08-13,1.3796315903047545,O3,LAMBDAMART,50
2024-08-14,1.353609824866286,O3,LAMBDAMART,50
2024-08-15,1.3780270105833763,O3,LAMBDAMART,50
2024-08-16,1.3533603846769253,O3,LAMBDAMART,50
2024-08-19,1.3824986668803554,O3,LAMBDAMART,50
2024-08-20,1.3687426595022303,O3,LAMBDAMART,50
2024-08-21,1.344451971359702,O3,LAMBDAMART,50
2024-08-22,1.3469010262925525,O3,LAMBDAMART,50
2024-08-23,1.3132801734777546,O3,LAMBDAMART,50
2024-08-26,1.2830114416222755,O3,LAMBDAMART,50
2024-08-27,1.3114473662478117,O3,LAMBDAMART,50
2024-08-28,1.3253135155781204,O3,LAMBDAMART,50
2024-08-29,1.3343716989974754,O3,LAMBDAMART,50
2024-09-02,1.3639162326632845,O3,LAMBDAMART,50
2024-09-03,1.3433179477303159,O3,LAMBDAMART,50
2024-09-04,1.3429983111426578,O3,LAMBDAMART,50
2024-09-05,1.3467560999649129,O3,LAMBDAMART,50
2024-09-06,1.3344946180277006,O3,LAMBDAMART,50
2024-09-09,1.3290519597984116,O3,LAMBDAMART,50
2024-09-10,1.317816267698582,O3,LAMBDAMART,50
2024-09-11,1.29000828509474,O3,LAMBDAMART,50
2024-09-12,1.296037165232427,O3,LAMBDAMART,50
2024-09-13,1.3275294599987968,O3,LAMBDAMART,50
2024-09-16,1.311332017833644,O3,LAMBDAMART,50
2024-09-17,1.3293986119361398,O3,LAMBDAMART,50
2024-09-18,1.3328968791870142,O3,LAMBDAMART,50
2024-09-19,1.3670621823528661,O3,LAMBDAMART,50
2024-09-20,1.3709338881844457,O3,LAMBDAMART,50
2024-09-23,1.350609174585911,O3,LAMBDAMART,50
2024-09-24,1.3706232446734996,O3,LAMBDAMART,50
2024-09-25,1.3515204861571002,O3,LAMBDAMART,50
2024-09-26,1.354471760852478,O3,LAMBDAMART,50
2024-09-27,1.3526344533369687,O3,LAMBDAMART,50
2024-09-30,1.335755752500151,O3,LAMBDAMART,50
2024-10-01,1.295743257153339,O3,LAMBDAMART,50
2024-10-02,1.2775744209898297,O3,LAMBDAMART,50
2024-10-03,1.2799359214772044,O3,LAMBDAMART,50
2024-10-04,1.2998987826462465,O3,LAMBDAMART,50
2024-10-07,1.2928871191314166,O3,LAMBDAMART,50
2024-10-08,1.2828949126519285,O3,LAMBDAMART,50
2024-10-09,1.2868920205629777,O3,LAMBDAMART,50
2024-10-10,1.2945873747692553,O3,LAMBDAMART,50
2024-10-11,1.3051767872861904,O3,LAMBDAMART,50
2024-10-14,1.2955305267968202,O3,LAMBDAMART,50
2024-10-15,1.322942791548627,O3,LAMBDAMART,50
2024-10-16,1.3432582702354723,O3,LAMBDAMART,50
2024-01-23,1.0,O3,LAMBDAMART,100
2024-01-24,0.9982232801499549,O3,LAMBDAMART,100
2024-01-25,1.0105245934913452,O3,LAMBDAMART,100
2024-01-26,1.0267533230511996,O3,LAMBDAMART,100
2024-01-29,1.0474028462850606,O3,LAMBDAMART,100
2024-01-30,1.0410143353771786,O3,LAMBDAMART,100
2024-01-31,1.0425476014139907,O3,LAMBDAMART,100
2024-02-01,1.0671407945429479,O3,LAMBDAMART,100
2024-02-02,1.0695816794030824,O3,LAMBDAMART,100
2024-02-05,1.0859867513954433,O3,LAMBDAMART,100
2024-02-06,1.1030173974837065,O3,LAMBDAMART,100
2024-02-07,1.0931413524034357,O3,LAMBDAMART,100
2024-02-08,1.1282973907420515,O3,LAMBDAMART,100
2024-02-09,1.128362676091299,O3,LAMBDAMART,100
2024-02-12,1.1538279864003145,O3,LAMBDAMART,100
2024-02-13,1.1257360320724312,O3,LAMBDAMART,100
2024-02-14,1.132042619751661,O3,LAMBDAMART,100
2024-02-15,1.149670681056591,O3,LAMBDAMART,100
2024-02-16,1.1459222367489965,O3,LAMBDAMART,100
2024-02-19,1.137137641687607,O3,LAMBDAMART,100
2024-02-20,1.1523813055207315,O3,LAMBDAMART,100
2024-02-21,1.1382968485330596,O3,LAMBDAMART,100
2024-02-22,1.1455431707270247,O3,LAMBDAMART,100
2024-02-23,1.1434346963984265,O3,LAMBDAMART,100
2024-02-26,1.1497053721775172,O3,LAMBDAMART,100
2024-02-27,1.1287035064324986,O3,LAMBDAMART,100
2024-02-28,1.108907991320917,O3,LAMBDAMART,100
2024-02-29,1.1374434171286731,O3,LAMBDAMART,100
2024-03-01,1.1303481885314024,O3,LAMBDAMART,100
2024-03-04,1.1153097511310441,O3,LAMBDAMART,100
2024-03-05,1.110437456190656,O3,LAMBDAMART,100
2024-03-06,1.0836278546951412,O3,LAMBDAMART,100
2024-03-07,1.1162983826962014,O3,LAMBDAMART,100
2024-03-08,1.1339843873144022,O3,LAMBDAMART,100
2024-03-11,1.1309084674022056,O3,LAMBDAMART,100
2024-03-12,1.1107463714234858,O3,LAMBDAMART,100
2024-03-13,1.099767389712994,O3,LAMBDAMART,100
2024-03-14,1.0914361807182948,O3,LAMBDAMART,100
2024-03-15,1.0749314570286155,O3,LAMBDAMART,100
2024-03-18,1.0626695410402869,O3,LAMBDAMART,100
2024-03-19,1.0874119025869085,O3,LAMBDAMART,100
2024-03-20,1.0920895686063097,O3,LAMBDAMART,100
2024-03-21,1.1289342578906942,O3,LAMBDAMART,100
2024-03-22,1.1226915409692713,O3,LAMBDAMART,100
2024-03-25,1.096459539724615,O3,LAMBDAMART,100
2024-03-26,1.0724971714975897,O3,LAMBDAMART,100
2024-03-27,1.074103189190674,O3,LAMBDAMART,100
2024-03-28,1.0991075310755871,O3,LAMBDAMART,100
2024-03-29,1.1109874312475332,O3,LAMBDAMART,100
2024-04-01,1.1154338397418084,O3,LAMBDAMART,100
2024-04-02,1.0977574355563189,O3,LAMBDAMART,100
2024-04-03,1.0999565083321705,O3,LAMBDAMART,100
2024-04-04,1.1165318218629925,O3,LAMBDAMART,100
2024-04-05,1.1718933573024746,O3,LAMBDAMART,100
2024-04-08,1.2116209008715406,O3,LAMBDAMART,100
2024-04-09,1.2116209008715406,O3,LAMBDAMART,100
2024-04-15,1.1907043617449475,O3,LAMBDAMART,100
2024-04-16,1.1858466920807624,O3,LAMBDAMART,100
2024-04-17,1.1938276258395253,O3,LAMBDAMART,100
2024-04-18,1.193606634850932,O3,LAMBDAMART,100
2024-04-19,1.2088370319107473,O3,LAMBDAMART,100
2024-04-22,1.1738716627620178,O3,LAMBDAMART,100
2024-04-24,1.1851642775380862,O3,LAMBDAMART,100
2024-04-25,1.187057044594502,O3,LAMBDAMART,100
2024-04-26,1.2167955675439963,O3,LAMBDAMART,100
2024-04-29,1.2272832626989039,O3,LAMBDAMART,100
2024-04-30,1.2252115996467483,O3,LAMBDAMART,100
2024-05-02,1.2414185232303105,O3,LAMBDAMART,100
2024-05-03,1.253109570518113,O3,LAMBDAMART,100
2024-05-06,1.2550573789794675,O3,LAMBDAMART,100
2024-05-07,1.2649473130534628,O3,LAMBDAMART,100
2024-05-08,1.250145277115703,O3,LAMBDAMART,100
2024-05-09,1.2726434325224845,O3,LAMBDAMART,100
2024-05-10,1.270687294059461,O3,LAMBDAMART,100
2024-05-13,1.2587045467338893,O3,LAMBDAMART,100
2024-05-14,1.27469497010793,O3,LAMBDAMART,100
2024-05-15,1.2758239575768036,O3,LAMBDAMART,100
2024-05-16,1.3195889043093718,O3,LAMBDAMART,100
2024-05-17,1.346809195075775,O3,LAMBDAMART,100
2024-05-20,1.3655620386831286,O3,LAMBDAMART,100
2024-05-21,1.3806378196792632,O3,LAMBDAMART,100
2024-05-22,1.3778511493805847,O3,LAMBDAMART,100
2024-05-23,1.3647060440122514,O3,LAMBDAMART,100
2024-05-24,1.3475199762187402,O3,LAMBDAMART,100
2024-05-27,1.3388686591504737,O3,LAMBDAMART,100
2024-05-28,1.3456025939465093,O3,LAMBDAMART,100
2024-05-29,1.3219648469871248,O3,LAMBDAMART,100
2024-05-30,1.3149966247038836,O3,LAMBDAMART,100
2024-05-31,1.3022331918297907,O3,LAMBDAMART,100
2024-06-03,1.3149152645182696,O3,LAMBDAMART,100
2024-06-04,1.2989054668357052,O3,LAMBDAMART,100
2024-06-05,1.2983642478664736,O3,LAMBDAMART,100
2024-06-06,1.2863853219834835,O3,LAMBDAMART,100
2024-06-07,1.2642842071540774,O3,LAMBDAMART,100
2024-06-10,1.2501522223827992,O3,LAMBDAMART,100
2024-06-11,1.2571515976166696,O3,LAMBDAMART,100
2024-06-12,1.2649827281322343,O3,LAMBDAMART,100
2024-06-13,1.279831817943317,O3,LAMBDAMART,100
2024-06-14,1.2795737234346434,O3,LAMBDAMART,100
2024-06-20,1.3034593191005526,O3,LAMBDAMART,100
2024-06-21,1.3240136817489656,O3,LAMBDAMART,100
2024-06-24,1.3143275823140865,O3,LAMBDAMART,100
2024-06-25,1.31415322387197,O3,LAMBDAMART,100
2024-06-26,1.291610177718574,O3,LAMBDAMART,100
2024-06-27,1.3319182909620502,O3,LAMBDAMART,100
2024-06-28,1.3424234939554462,O3,LAMBDAMART,100
2024-07-01,1.32207015596923,O3,LAMBDAMART,100
2024-07-02,1.3439856008210684,O3,LAMBDAMART,100
2024-07-03,1.374218109560015,O3,LAMBDAMART,100
2024-07-04,1.4057678128710633,O3,LAMBDAMART,100
2024-07-05,1.404854878340823,O3,LAMBDAMART,100
2024-07-08,1.4119534714888642,O3,LAMBDAMART,100
2024-07-09,1.4042077923740408,O3,LAMBDAMART,100
2024-07-10,1.4224949490996797,O3,LAMBDAMART,100
2024-07-11,1.45667874370159,O3,LAMBDAMART,100
2024-07-12,1.4561240177292811,O3,LAMBDAMART,100
2024-07-16,1.478425623686193,O3,LAMBDAMART,100
2024-07-17,1.4782767172000812,O3,LAMBDAMART,100
2024-07-18,1.4567377330052889,O3,LAMBDAMART,100
2024-07-19,1.4557691671078905,O3,LAMBDAMART,100
2024-07-22,1.480330712361987,O3,LAMBDAMART,100
2024-07-23,1.435355062547008,O3,LAMBDAMART,100
2024-07-24,1.4297621465213592,O3,LAMBDAMART,100
2024-07-25,1.4215666958497104,O3,LAMBDAMART,100
2024-07-26,1.452210916359829,O3,LAMBDAMART,100
2024-07-29,1.4366063814105061,O3,LAMBDAMART,100
2024-07-30,1.442529938925995,O3,LAMBDAMART,100
2024-07-31,1.4560473690807552,O3,LAMBDAMART,100
2024-08-01,1.478209681989497,O3,LAMBDAMART,100
2024-08-02,1.4343154215679437,O3,LAMBDAMART,100
2024-08-05,1.328229195421336,O3,LAMBDAMART,100
2024-08-06,1.3462171499122173,O3,LAMBDAMART,100
2024-08-07,1.3739412790260401,O3,LAMBDAMART,100
2024-08-08,1.3855881913828083,O3,LAMBDAMART,100
2024-08-09,1.349105336248586,O3,LAMBDAMART,100
2024-08-12,1.344093077296747,O3,LAMBDAMART,100
2024-08-13,1.353883885944134,O3,LAMBDAMART,100
2024-08-14,1.328121662128091,O3,LAMBDAMART,100
2024-08-15,1.3522953103338213,O3,LAMBDAMART,100
2024-08-16,1.3278747098602972,O3,LAMBDAMART,100
2024-08-19,1.3567223662391399,O3,LAMBDAMART,100
2024-08-20,1.343103561560865,O3,LAMBDAMART,100
2024-08-21,1.3190551492402922,O3,LAMBDAMART,100
2024-08-22,1.32147977724899,O3,LAMBDAMART,100
2024-08-23,1.2881942595100349,O3,LAMBDAMART,100
2024-08-26,1.258227428607168,O3,LAMBDAMART,100
2024-08-27,1.2863797327370112,O3,LAMBDAMART,100
2024-08-28,1.3001075808093794,O3,LAMBDAMART,100
2024-08-29,1.309075417721444,O3,LAMBDAMART,100
2024-09-02,1.3383252736022444,O3,LAMBDAMART,100
2024-09-03,1.3179324363858547,O3,LAMBDAMART,100
2024-09-04,1.31761598786008,O3,LAMBDAMART,100
2024-09-05,1.3213362964195157,O3,LAMBDAMART,100
2024-09-06,1.3091971107547395,O3,LAMBDAMART,100
2024-09-09,1.3038087377103076,O3,LAMBDAMART,100
2024-09-10,1.2926851106340276,O3,LAMBDAMART,100
2024-09-11,1.2651544854192696,O3,LAMBDAMART,100
2024-09-12,1.2711232333827565,O3,LAMBDAMART,100
2024-09-13,1.3023014233549346,O3,LAMBDAMART,100
2024-09-16,1.2862655348102932,O3,LAMBDAMART,100
2024-09-17,1.3041519323325013,O3,LAMBDAMART,100
2024-09-18,1.307615307794034,O3,LAMBDAMART,100
2024-09-19,1.3414398455250705,O3,LAMBDAMART,100
2024-09-20,1.345272934883242,O3,LAMBDAMART,100
2024-09-23,1.325150940395183,O3,LAMBDAMART,100
2024-09-24,1.3449653897370482,O3,LAMBDAMART,100
2024-09-25,1.326053162526062,O3,LAMBDAMART,100
2024-09-26,1.3289750011470702,O3,LAMBDAMART,100
2024-09-27,1.327156018974421,O3,LAMBDAMART,100
2024-09-30,1.3104456666460846,O3,LAMBDAMART,100
2024-10-01,1.27083225674888,O3,LAMBDAMART,100
2024-10-02,1.2528446369300728,O3,LAMBDAMART,100
2024-10-03,1.2551825837631307,O3,LAMBDAMART,100
2024-10-04,1.2749463349452537,O3,LAMBDAMART,100
2024-10-07,1.2680046059061936,O3,LAMBDAMART,100
2024-10-08,1.2581120618991621,O3,LAMBDAMART,100
2024-10-09,1.2620693025738896,O3,LAMBDAMART,100
2024-10-10,1.2696879031594128,O3,LAMBDAMART,100
2024-10-11,1.2801716966586192,O3,LAMBDAMART,100
2024-10-14,1.270621648169302,O3,LAMBDAMART,100
2024-10-15,1.2977605024300007,O3,LAMBDAMART,100
2024-10-16,1.3178733541155692,O3,LAMBDAMART,100
2025-01-10,1.0,O4,FACTOR_COMPOSITE,0
2025-01-13,0.9824540244494784,O4,FACTOR_COMPOSITE,0
2025-01-14,0.9806983294708225,O4,FACTOR_COMPOSITE,0
2025-01-15,0.9774258162297695,O4,FACTOR_COMPOSITE,0
2025-01-16,0.9917399212886518,O4,FACTOR_COMPOSITE,0
2025-01-17,1.00958300022549,O4,FACTOR_COMPOSITE,0
2025-01-20,1.0177002724807083,O4,FACTOR_COMPOSITE,0
2025-01-21,1.0078361267529201,O4,FACTOR_COMPOSITE,0
2025-01-22,1.0226889837511817,O4,FACTOR_COMPOSITE,0
2025-01-23,1.0326143970026753,O4,FACTOR_COMPOSITE,0
2025-01-24,1.0344954496656227,O4,FACTOR_COMPOSITE,0
2025-01-27,1.0230360381269077,O4,FACTOR_COMPOSITE,0
2025-01-28,1.02513765569702,O4,FACTOR_COMPOSITE,0
2025-01-29,1.0267928306959302,O4,FACTOR_COMPOSITE,0
2025-01-30,1.023482393512019,O4,FACTOR_COMPOSITE,0
2025-01-31,1.01904455891616,O4,FACTOR_COMPOSITE,0
2025-02-03,1.0091194115697542,O4,FACTOR_COMPOSITE,0
2025-02-04,1.0162975952613635,O4,FACTOR_COMPOSITE,0
2025-02-05,1.00665457940973,O4,FACTOR_COMPOSITE,0
2025-02-06,1.015024340377665,O4,FACTOR_COMPOSITE,0
2025-02-07,1.0202094899497265,O4,FACTOR_COMPOSITE,0
2025-02-10,1.0091362536193451,O4,FACTOR_COMPOSITE,0
2025-02-11,1.015856801482268,O4,FACTOR_COMPOSITE,0
2025-02-12,1.003269957090352,O4,FACTOR_COMPOSITE,0
2025-02-13,1.0168973797650611,O4,FACTOR_COMPOSITE,0
2025-02-14,1.0069261420764026,O4,FACTOR_COMPOSITE,0
2025-02-17,0.9987595452137951,O4,FACTOR_COMPOSITE,0
2025-02-18,1.0108427509785185,O4,FACTOR_COMPOSITE,0
2025-02-19,0.9929273480188617,O4,FACTOR_COMPOSITE,0
2025-02-20,0.9889619269386746,O4,FACTOR_COMPOSITE,0
2025-02-21,0.9614382918869926,O4,FACTOR_COMPOSITE,0
2025-02-24,0.9693190839563038,O4,FACTOR_COMPOSITE,0
2025-02-25,0.9470277173326793,O4,FACTOR_COMPOSITE,0
2025-02-26,0.9527933696443167,O4,FACTOR_COMPOSITE,0
2025-02-27,0.9827999122891419,O4,FACTOR_COMPOSITE,0
2025-02-28,0.984510974184643,O4,FACTOR_COMPOSITE,0
2025-03-03,1.0034050281516318,O4,FACTOR_COMPOSITE,0
2025-03-04,1.0092969989597567,O4,FACTOR_COMPOSITE,0
2025-03-05,1.0400359355601783,O4,FACTOR_COMPOSITE,0
2025-03-06,1.0599315746861868,O4,FACTOR_COMPOSITE,0
2025-03-07,1.0567389027003171,O4,FACTOR_COMPOSITE,0
2025-03-10,1.0540210339720077,O4,FACTOR_COMPOSITE,0
2025-03-11,1.0722638161917168,O4,FACTOR_COMPOSITE,0
2025-03-12,1.102979155468819,O4,FACTOR_COMPOSITE,0
2025-03-13,1.1168343652926436,O4,FACTOR_COMPOSITE,0
2025-03-14,1.1345093706671037,O4,FACTOR_COMPOSITE,0
2025-03-17,1.151239076883602,O4,FACTOR_COMPOSITE,0
2025-03-18,1.164226223149251,O4,FACTOR_COMPOSITE,0
2025-03-19,1.0643158696081432,O4,FACTOR_COMPOSITE,0
2025-03-20,1.0897273242466967,O4,FACTOR_COMPOSITE,0
2025-03-21,1.0198776571596246,O4,FACTOR_COMPOSITE,0
2025-03-24,1.0480715531930902,O4,FACTOR_COMPOSITE,0
2025-03-25,1.0904729631607837,O4,FACTOR_COMPOSITE,0
2025-03-26,1.1129322905680268,O4,FACTOR_COMPOSITE,0
2025-03-27,1.1239244464362204,O4,FACTOR_COMPOSITE,0
2025-03-28,1.1459695651533468,O4,FACTOR_COMPOSITE,0
2025-04-02,1.139516021347022,O4,FACTOR_COMPOSITE,0
2025-04-03,1.1496949454819145,O4,FACTOR_COMPOSITE,0
2025-04-04,1.150962102003857,O4,FACTOR_COMPOSITE,0
2025-04-07,1.1668712527287526,O4,FACTOR_COMPOSITE,0
2025-04-08,1.1821664068445987,O4,FACTOR_COMPOSITE,0
2025-04-09,1.1950688097438291,O4,FACTOR_COMPOSITE,0
2025-01-10,1.0,O4,FACTOR_COMPOSITE,30
2025-01-13,0.9794540244494785,O4,FACTOR_COMPOSITE,30
2025-01-14,0.9776983294708224,O4,FACTOR_COMPOSITE,30
2025-01-15,0.9744258162297695,O4,FACTOR_COMPOSITE,30
2025-01-16,0.9887399212886518,O4,FACTOR_COMPOSITE,30
2025-01-17,1.00658300022549,O4,FACTOR_COMPOSITE,30
2025-01-20,1.0147002724807084,O4,FACTOR_COMPOSITE,30
2025-01-21,1.0048361267529202,O4,FACTOR_COMPOSITE,30
2025-01-22,1.0196889837511816,O4,FACTOR_COMPOSITE,30
2025-01-23,1.0296143970026752,O4,FACTOR_COMPOSITE,30
2025-01-24,1.0314954496656226,O4,FACTOR_COMPOSITE,30
2025-01-27,1.0200360381269076,O4,FACTOR_COMPOSITE,30
2025-01-28,1.0221376556970199,O4,FACTOR_COMPOSITE,30
2025-01-29,1.02379283069593,O4,FACTOR_COMPOSITE,30
2025-01-30,1.0204823935120189,O4,FACTOR_COMPOSITE,30
2025-01-31,1.01604455891616,O4,FACTOR_COMPOSITE,30
2025-02-03,1.0061194115697543,O4,FACTOR_COMPOSITE,30
2025-02-04,1.0132975952613634,O4,FACTOR_COMPOSITE,30
2025-02-05,1.00365457940973,O4,FACTOR_COMPOSITE,30
2025-02-06,1.012024340377665,O4,FACTOR_COMPOSITE,30
2025-02-07,1.0172094899497264,O4,FACTOR_COMPOSITE,30
2025-02-10,1.006136253619345,O4,FACTOR_COMPOSITE,30
2025-02-11,1.0128568014822679,O4,FACTOR_COMPOSITE,30
2025-02-12,1.0002699570903522,O4,FACTOR_COMPOSITE,30
2025-02-13,1.0138973797650612,O4,FACTOR_COMPOSITE,30
2025-02-14,1.0039261420764025,O4,FACTOR_COMPOSITE,30
2025-02-17,0.9957595452137952,O4,FACTOR_COMPOSITE,30
2025-02-18,1.0078427509785184,O4,FACTOR_COMPOSITE,30
2025-02-19,0.9899273480188617,O4,FACTOR_COMPOSITE,30
2025-02-20,0.9859619269386746,O4,FACTOR_COMPOSITE,30
2025-02-21,0.9584382918869927,O4,FACTOR_COMPOSITE,30
2025-02-24,0.9663190839563038,O4,FACTOR_COMPOSITE,30
2025-02-25,0.9440277173326792,O4,FACTOR_COMPOSITE,30
2025-02-26,0.9497933696443168,O4,FACTOR_COMPOSITE,30
2025-02-27,0.9797999122891419,O4,FACTOR_COMPOSITE,30
2025-02-28,0.981510974184643,O4,FACTOR_COMPOSITE,30
2025-03-03,1.0004050281516317,O4,FACTOR_COMPOSITE,30
2025-03-04,1.0062969989597568,O4,FACTOR_COMPOSITE,30
2025-03-05,1.0370359355601784,O4,FACTOR_COMPOSITE,30
2025-03-06,1.056931574686187,O4,FACTOR_COMPOSITE,30
2025-03-07,1.0537389027003172,O4,FACTOR_COMPOSITE,30
2025-03-10,1.0510210339720076,O4,FACTOR_COMPOSITE,30
2025-03-11,1.069263816191717,O4,FACTOR_COMPOSITE,30
2025-03-12,1.099979155468819,O4,FACTOR_COMPOSITE,30
2025-03-13,1.1138343652926435,O4,FACTOR_COMPOSITE,30
2025-03-14,1.1315093706671036,O4,FACTOR_COMPOSITE,30
2025-03-17,1.1482390768836022,O4,FACTOR_COMPOSITE,30
2025-03-18,1.1612262231492512,O4,FACTOR_COMPOSITE,30
2025-03-19,1.0613158696081433,O4,FACTOR_COMPOSITE,30
2025-03-20,1.0867273242466968,O4,FACTOR_COMPOSITE,30
2025-03-21,1.0168776571596247,O4,FACTOR_COMPOSITE,30
2025-03-24,1.04507155319309,O4,FACTOR_COMPOSITE,30
2025-03-25,1.0874729631607836,O4,FACTOR_COMPOSITE,30
2025-03-26,1.109932290568027,O4,FACTOR_COMPOSITE,30
2025-03-27,1.1209244464362205,O4,FACTOR_COMPOSITE,30
2025-03-28,1.1429695651533467,O4,FACTOR_COMPOSITE,30
2025-04-02,1.1365160213470218,O4,FACTOR_COMPOSITE,30
2025-04-03,1.1466949454819146,O4,FACTOR_COMPOSITE,30
2025-04-04,1.1479621020038568,O4,FACTOR_COMPOSITE,30
2025-04-07,1.1638712527287527,O4,FACTOR_COMPOSITE,30
2025-04-08,1.1791664068445986,O4,FACTOR_COMPOSITE,30
2025-04-09,1.192068809743829,O4,FACTOR_COMPOSITE,30
2025-01-10,1.0,O4,FACTOR_COMPOSITE,50
2025-01-13,0.9774540244494785,O4,FACTOR_COMPOSITE,50
2025-01-14,0.9756983294708224,O4,FACTOR_COMPOSITE,50
2025-01-15,0.9724258162297695,O4,FACTOR_COMPOSITE,50
2025-01-16,0.9867399212886518,O4,FACTOR_COMPOSITE,50
2025-01-17,1.00458300022549,O4,FACTOR_COMPOSITE,50
2025-01-20,1.0127002724807084,O4,FACTOR_COMPOSITE,50
2025-01-21,1.0028361267529202,O4,FACTOR_COMPOSITE,50
2025-01-22,1.0176889837511816,O4,FACTOR_COMPOSITE,50
2025-01-23,1.0276143970026752,O4,FACTOR_COMPOSITE,50
2025-01-24,1.0294954496656226,O4,FACTOR_COMPOSITE,50
2025-01-27,1.0180360381269078,O4,FACTOR_COMPOSITE,50
2025-01-28,1.0201376556970199,O4,FACTOR_COMPOSITE,50
2025-01-29,1.02179283069593,O4,FACTOR_COMPOSITE,50
2025-01-30,1.0184823935120189,O4,FACTOR_COMPOSITE,50
2025-01-31,1.01404455891616,O4,FACTOR_COMPOSITE,50
2025-02-03,1.0041194115697543,O4,FACTOR_COMPOSITE,50
2025-02-04,1.0112975952613634,O4,FACTOR_COMPOSITE,50
2025-02-05,1.00165457940973,O4,FACTOR_COMPOSITE,50
2025-02-06,1.010024340377665,O4,FACTOR_COMPOSITE,50
2025-02-07,1.0152094899497264,O4,FACTOR_COMPOSITE,50
2025-02-10,1.004136253619345,O4,FACTOR_COMPOSITE,50
2025-02-11,1.0108568014822679,O4,FACTOR_COMPOSITE,50
2025-02-12,0.998269957090352,O4,FACTOR_COMPOSITE,50
2025-02-13,1.0118973797650612,O4,FACTOR_COMPOSITE,50
2025-02-14,1.0019261420764025,O4,FACTOR_COMPOSITE,50
2025-02-17,0.9937595452137952,O4,FACTOR_COMPOSITE,50
2025-02-18,1.0058427509785184,O4,FACTOR_COMPOSITE,50
2025-02-19,0.9879273480188617,O4,FACTOR_COMPOSITE,50
2025-02-20,0.9839619269386746,O4,FACTOR_COMPOSITE,50
2025-02-21,0.9564382918869927,O4,FACTOR_COMPOSITE,50
2025-02-24,0.9643190839563038,O4,FACTOR_COMPOSITE,50
2025-02-25,0.9420277173326792,O4,FACTOR_COMPOSITE,50
2025-02-26,0.9477933696443168,O4,FACTOR_COMPOSITE,50
2025-02-27,0.9777999122891419,O4,FACTOR_COMPOSITE,50
2025-02-28,0.979510974184643,O4,FACTOR_COMPOSITE,50
2025-03-03,0.9984050281516317,O4,FACTOR_COMPOSITE,50
2025-03-04,1.0042969989597568,O4,FACTOR_COMPOSITE,50
2025-03-05,1.0350359355601784,O4,FACTOR_COMPOSITE,50
2025-03-06,1.054931574686187,O4,FACTOR_COMPOSITE,50
2025-03-07,1.0517389027003172,O4,FACTOR_COMPOSITE,50
2025-03-10,1.0490210339720076,O4,FACTOR_COMPOSITE,50
2025-03-11,1.067263816191717,O4,FACTOR_COMPOSITE,50
2025-03-12,1.097979155468819,O4,FACTOR_COMPOSITE,50
2025-03-13,1.1118343652926435,O4,FACTOR_COMPOSITE,50
2025-03-14,1.1295093706671036,O4,FACTOR_COMPOSITE,50
2025-03-17,1.1462390768836022,O4,FACTOR_COMPOSITE,50
2025-03-18,1.1592262231492512,O4,FACTOR_COMPOSITE,50
2025-03-19,1.0593158696081433,O4,FACTOR_COMPOSITE,50
2025-03-20,1.0847273242466968,O4,FACTOR_COMPOSITE,50
2025-03-21,1.0148776571596247,O4,FACTOR_COMPOSITE,50
2025-03-24,1.04307155319309,O4,FACTOR_COMPOSITE,50
2025-03-25,1.0854729631607836,O4,FACTOR_COMPOSITE,50
2025-03-26,1.107932290568027,O4,FACTOR_COMPOSITE,50
2025-03-27,1.1189244464362205,O4,FACTOR_COMPOSITE,50
2025-03-28,1.1409695651533467,O4,FACTOR_COMPOSITE,50
2025-04-02,1.1345160213470218,O4,FACTOR_COMPOSITE,50
2025-04-03,1.1446949454819146,O4,FACTOR_COMPOSITE,50
2025-04-04,1.1459621020038568,O4,FACTOR_COMPOSITE,50
2025-04-07,1.1618712527287527,O4,FACTOR_COMPOSITE,50
2025-04-08,1.1771664068445986,O4,FACTOR_COMPOSITE,50
2025-04-09,1.190068809743829,O4,FACTOR_COMPOSITE,50
2025-01-10,1.0,O4,FACTOR_COMPOSITE,100
2025-01-13,0.9724540244494784,O4,FACTOR_COMPOSITE,100
2025-01-14,0.9706983294708225,O4,FACTOR_COMPOSITE,100
2025-01-15,0.9674258162297695,O4,FACTOR_COMPOSITE,100
2025-01-16,0.981739921288652,O4,FACTOR_COMPOSITE,100
2025-01-17,0.99958300022549,O4,FACTOR_COMPOSITE,100
2025-01-20,1.0077002724807083,O4,FACTOR_COMPOSITE,100
2025-01-21,0.9978361267529202,O4,FACTOR_COMPOSITE,100
2025-01-22,1.0126889837511817,O4,FACTOR_COMPOSITE,100
2025-01-23,1.022614397002675,O4,FACTOR_COMPOSITE,100
2025-01-24,1.0244954496656227,O4,FACTOR_COMPOSITE,100
2025-01-27,1.0130360381269077,O4,FACTOR_COMPOSITE,100
2025-01-28,1.01513765569702,O4,FACTOR_COMPOSITE,100
2025-01-29,1.0167928306959302,O4,FACTOR_COMPOSITE,100
2025-01-30,1.013482393512019,O4,FACTOR_COMPOSITE,100
2025-01-31,1.00904455891616,O4,FACTOR_COMPOSITE,100
2025-02-03,0.9991194115697541,O4,FACTOR_COMPOSITE,100
2025-02-04,1.0062975952613635,O4,FACTOR_COMPOSITE,100
2025-02-05,0.9966545794097301,O4,FACTOR_COMPOSITE,100
2025-02-06,1.005024340377665,O4,FACTOR_COMPOSITE,100
2025-02-07,1.0102094899497265,O4,FACTOR_COMPOSITE,100
2025-02-10,0.999136253619345,O4,FACTOR_COMPOSITE,100
2025-02-11,1.005856801482268,O4,FACTOR_COMPOSITE,100
2025-02-12,0.993269957090352,O4,FACTOR_COMPOSITE,100
2025-02-13,1.006897379765061,O4,FACTOR_COMPOSITE,100
2025-02-14,0.9969261420764026,O4,FACTOR_COMPOSITE,100
2025-02-17,0.9887595452137952,O4,FACTOR_COMPOSITE,100
2025-02-18,1.0008427509785185,O4,FACTOR_COMPOSITE,100
2025-02-19,0.9829273480188618,O4,FACTOR_COMPOSITE,100
2025-02-20,0.9789619269386746,O4,FACTOR_COMPOSITE,100
2025-02-21,0.9514382918869926,O4,FACTOR_COMPOSITE,100
2025-02-24,0.9593190839563038,O4,FACTOR_COMPOSITE,100
2025-02-25,0.9370277173326793,O4,FACTOR_COMPOSITE,100
2025-02-26,0.9427933696443167,O4,FACTOR_COMPOSITE,100
2025-02-27,0.9727999122891419,O4,FACTOR_COMPOSITE,100
2025-02-28,0.9745109741846429,O4,FACTOR_COMPOSITE,100
2025-03-03,0.9934050281516318,O4,FACTOR_COMPOSITE,100
2025-03-04,0.9992969989597567,O4,FACTOR_COMPOSITE,100
2025-03-05,1.0300359355601783,O4,FACTOR_COMPOSITE,100
2025-03-06,1.0499315746861868,O4,FACTOR_COMPOSITE,100
2025-03-07,1.046738902700317,O4,FACTOR_COMPOSITE,100
2025-03-10,1.0440210339720077,O4,FACTOR_COMPOSITE,100
2025-03-11,1.0622638161917168,O4,FACTOR_COMPOSITE,100
2025-03-12,1.0929791554688189,O4,FACTOR_COMPOSITE,100
2025-03-13,1.1068343652926436,O4,FACTOR_COMPOSITE,100
2025-03-14,1.1245093706671037,O4,FACTOR_COMPOSITE,100
2025-03-17,1.141239076883602,O4,FACTOR_COMPOSITE,100
2025-03-18,1.1542262231492513,O4,FACTOR_COMPOSITE,100
2025-03-19,1.0543158696081432,O4,FACTOR_COMPOSITE,100
2025-03-20,1.0797273242466967,O4,FACTOR_COMPOSITE,100
2025-03-21,1.0098776571596246,O4,FACTOR_COMPOSITE,100
2025-03-24,1.0380715531930902,O4,FACTOR_COMPOSITE,100
2025-03-25,1.0804729631607837,O4,FACTOR_COMPOSITE,100
2025-03-26,1.1029322905680268,O4,FACTOR_COMPOSITE,100
2025-03-27,1.1139244464362204,O4,FACTOR_COMPOSITE,100
2025-03-28,1.1359695651533468,O4,FACTOR_COMPOSITE,100
2025-04-02,1.129516021347022,O4,FACTOR_COMPOSITE,100
2025-04-03,1.1396949454819145,O4,FACTOR_COMPOSITE,100
2025-04-04,1.140962102003857,O4,FACTOR_COMPOSITE,100
2025-04-07,1.1568712527287526,O4,FACTOR_COMPOSITE,100
2025-04-08,1.1721664068445987,O4,FACTOR_COMPOSITE,100
2025-04-09,1.185068809743829,O4,FACTOR_COMPOSITE,100
2025-01-10,1.0,O4,RIDGE,0
2025-01-13,0.9704961256347809,O4,RIDGE,0
2025-01-14,0.9640451473408526,O4,RIDGE,0
2025-01-15,0.9641339654771661,O4,RIDGE,0
2025-01-16,0.9738627979246939,O4,RIDGE,0
2025-01-17,0.9767917980014671,O4,RIDGE,0
2025-01-20,0.9747118498598776,O4,RIDGE,0
2025-01-21,0.9623080905610145,O4,RIDGE,0
2025-01-22,0.9694299515732295,O4,RIDGE,0
2025-01-23,0.9660478481805037,O4,RIDGE,0
2025-01-24,0.9679862021406964,O4,RIDGE,0
2025-01-27,0.9498112230544582,O4,RIDGE,0
2025-01-28,0.95433700051835,O4,RIDGE,0
2025-01-29,0.9468938220012821,O4,RIDGE,0
2025-01-30,0.9465632044491922,O4,RIDGE,0
2025-01-31,0.934657332445831,O4,RIDGE,0
2025-02-03,0.9067710063323238,O4,RIDGE,0
2025-02-04,0.9138848179750322,O4,RIDGE,0
2025-02-05,0.9007550400709023,O4,RIDGE,0
2025-02-06,0.9162561555016776,O4,RIDGE,0
2025-02-07,0.9299847134942627,O4,RIDGE,0
2025-02-10,0.9215667988634019,O4,RIDGE,0
2025-02-11,0.9214191549766,O4,RIDGE,0
2025-02-12,0.9103247301232148,O4,RIDGE,0
2025-02-13,0.9153231908282483,O4,RIDGE,0
2025-02-14,0.9129726079297686,O4,RIDGE,0
2025-02-17,0.9096636707463246,O4,RIDGE,0
2025-02-18,0.9028540208377938,O4,RIDGE,0
2025-02-19,0.8850322332287833,O4,RIDGE,0
2025-02-20,0.8962042130931234,O4,RIDGE,0
2025-02-21,0.8794436953196075,O4,RIDGE,0
2025-02-24,0.8850860900351254,O4,RIDGE,0
2025-02-25,0.8648953591485924,O4,RIDGE,0
2025-02-26,0.869366863822848,O4,RIDGE,0
2025-02-27,0.8832067281279596,O4,RIDGE,0
2025-02-28,0.8747123815035235,O4,RIDGE,0
2025-03-03,0.8862115045164994,O4,RIDGE,0
2025-03-04,0.8768717656854891,O4,RIDGE,0
2025-03-05,0.9024032916016146,O4,RIDGE,0
2025-03-06,0.9458257853885768,O4,RIDGE,0
2025-03-07,0.9609330130259927,O4,RIDGE,0
2025-03-10,0.9692823545210467,O4,RIDGE,0
2025-03-11,0.9748153480590216,O4,RIDGE,0
2025-03-12,0.971707895626253,O4,RIDGE,0
2025-03-13,0.9916202621161601,O4,RIDGE,0
2025-03-14,1.0004390546970354,O4,RIDGE,0
2025-03-17,1.0130032257256174,O4,RIDGE,0
2025-03-18,1.0166766539270988,O4,RIDGE,0
2025-03-19,0.9291409080582297,O4,RIDGE,0
2025-03-20,0.949017659950845,O4,RIDGE,0
2025-03-21,0.8878767450434966,O4,RIDGE,0
2025-03-24,0.8887599252606533,O4,RIDGE,0
2025-03-25,0.9365141008225548,O4,RIDGE,0
2025-03-26,0.9319546394399819,O4,RIDGE,0
2025-03-27,0.9349116759630023,O4,RIDGE,0
2025-03-28,0.9522615810662768,O4,RIDGE,0
2025-04-02,0.940276722328692,O4,RIDGE,0
2025-04-03,0.9389754556207981,O4,RIDGE,0
2025-04-04,0.9260618866088233,O4,RIDGE,0
2025-04-07,0.9249168261260676,O4,RIDGE,0
2025-04-08,0.933610307106851,O4,RIDGE,0
2025-04-09,0.9205438609151626,O4,RIDGE,0
2025-01-10,1.0,O4,RIDGE,30
2025-01-13,0.9674961256347809,O4,RIDGE,30
2025-01-14,0.9610451473408524,O4,RIDGE,30
2025-01-15,0.9611339654771661,O4,RIDGE,30
2025-01-16,0.9708627979246938,O4,RIDGE,30
2025-01-17,0.9737917980014671,O4,RIDGE,30
2025-01-20,0.9717118498598777,O4,RIDGE,30
2025-01-21,0.9593080905610145,O4,RIDGE,30
2025-01-22,0.9664299515732295,O4,RIDGE,30
2025-01-23,0.9630478481805038,O4,RIDGE,30
2025-01-24,0.9649862021406964,O4,RIDGE,30
2025-01-27,0.9468112230544582,O4,RIDGE,30
2025-01-28,0.9513370005183499,O4,RIDGE,30
2025-01-29,0.9438938220012822,O4,RIDGE,30
2025-01-30,0.9435632044491922,O4,RIDGE,30
2025-01-31,0.9316573324458312,O4,RIDGE,30
2025-02-03,0.9037710063323238,O4,RIDGE,30
2025-02-04,0.9108848179750322,O4,RIDGE,30
2025-02-05,0.8977550400709025,O4,RIDGE,30
2025-02-06,0.9132561555016776,O4,RIDGE,30
2025-02-07,0.9269847134942627,O4,RIDGE,30
2025-02-10,0.9185667988634019,O4,RIDGE,30
2025-02-11,0.9184191549765999,O4,RIDGE,30
2025-02-12,0.9073247301232148,O4,RIDGE,30
2025-02-13,0.9123231908282483,O4,RIDGE,30
2025-02-14,0.9099726079297688,O4,RIDGE,30
2025-02-17,0.9066636707463246,O4,RIDGE,30
2025-02-18,0.8998540208377939,O4,RIDGE,30
2025-02-19,0.8820322332287833,O4,RIDGE,30
2025-02-20,0.8932042130931234,O4,RIDGE,30
2025-02-21,0.8764436953196076,O4,RIDGE,30
2025-02-24,0.8820860900351253,O4,RIDGE,30
2025-02-25,0.8618953591485924,O4,RIDGE,30
2025-02-26,0.866366863822848,O4,RIDGE,30
2025-02-27,0.8802067281279597,O4,RIDGE,30
2025-02-28,0.8717123815035235,O4,RIDGE,30
2025-03-03,0.8832115045164995,O4,RIDGE,30
2025-03-04,0.8738717656854891,O4,RIDGE,30
2025-03-05,0.8994032916016147,O4,RIDGE,30
2025-03-06,0.9428257853885766,O4,RIDGE,30
2025-03-07,0.9579330130259928,O4,RIDGE,30
2025-03-10,0.9662823545210468,O4,RIDGE,30
2025-03-11,0.9718153480590217,O4,RIDGE,30
2025-03-12,0.9687078956262529,O4,RIDGE,30
2025-03-13,0.98862026211616,O4,RIDGE,30
2025-03-14,0.9974390546970354,O4,RIDGE,30
2025-03-17,1.0100032257256175,O4,RIDGE,30
2025-03-18,1.0136766539270987,O4,RIDGE,30
2025-03-19,0.9261409080582298,O4,RIDGE,30
2025-03-20,0.9460176599508451,O4,RIDGE,30
2025-03-21,0.8848767450434964,O4,RIDGE,30
2025-03-24,0.8857599252606534,O4,RIDGE,30
2025-03-25,0.9335141008225548,O4,RIDGE,30
2025-03-26,0.9289546394399819,O4,RIDGE,30
2025-03-27,0.9319116759630022,O4,RIDGE,30
2025-03-28,0.9492615810662768,O4,RIDGE,30
2025-04-02,0.9372767223286921,O4,RIDGE,30
2025-04-03,0.9359754556207982,O4,RIDGE,30
2025-04-04,0.9230618866088232,O4,RIDGE,30
2025-04-07,0.9219168261260675,O4,RIDGE,30
2025-04-08,0.9306103071068511,O4,RIDGE,30
2025-04-09,0.9175438609151627,O4,RIDGE,30
2025-01-10,1.0,O4,RIDGE,50
2025-01-13,0.9654961256347809,O4,RIDGE,50
2025-01-14,0.9590451473408524,O4,RIDGE,50
2025-01-15,0.9591339654771661,O4,RIDGE,50
2025-01-16,0.9688627979246938,O4,RIDGE,50
2025-01-17,0.9717917980014671,O4,RIDGE,50
2025-01-20,0.9697118498598777,O4,RIDGE,50
2025-01-21,0.9573080905610145,O4,RIDGE,50
2025-01-22,0.9644299515732295,O4,RIDGE,50
2025-01-23,0.9610478481805038,O4,RIDGE,50
2025-01-24,0.9629862021406964,O4,RIDGE,50
2025-01-27,0.9448112230544582,O4,RIDGE,50
2025-01-28,0.9493370005183499,O4,RIDGE,50
2025-01-29,0.9418938220012822,O4,RIDGE,50
2025-01-30,0.9415632044491922,O4,RIDGE,50
2025-01-31,0.9296573324458312,O4,RIDGE,50
2025-02-03,0.9017710063323238,O4,RIDGE,50
2025-02-04,0.9088848179750322,O4,RIDGE,50
2025-02-05,0.8957550400709025,O4,RIDGE,50
2025-02-06,0.9112561555016776,O4,RIDGE,50
2025-02-07,0.9249847134942627,O4,RIDGE,50
2025-02-10,0.9165667988634019,O4,RIDGE,50
2025-02-11,0.9164191549765999,O4,RIDGE,50
2025-02-12,0.9053247301232148,O4,RIDGE,50
2025-02-13,0.9103231908282483,O4,RIDGE,50
2025-02-14,0.9079726079297687,O4,RIDGE,50
2025-02-17,0.9046636707463246,O4,RIDGE,50
2025-02-18,0.8978540208377939,O4,RIDGE,50
2025-02-19,0.8800322332287833,O4,RIDGE,50
2025-02-20,0.8912042130931234,O4,RIDGE,50
2025-02-21,0.8744436953196076,O4,RIDGE,50
2025-02-24,0.8800860900351253,O4,RIDGE,50
2025-02-25,0.8598953591485924,O4,RIDGE,50
2025-02-26,0.864366863822848,O4,RIDGE,50
2025-02-27,0.8782067281279597,O4,RIDGE,50
2025-02-28,0.8697123815035235,O4,RIDGE,50
2025-03-03,0.8812115045164995,O4,RIDGE,50
2025-03-04,0.8718717656854891,O4,RIDGE,50
2025-03-05,0.8974032916016147,O4,RIDGE,50
2025-03-06,0.9408257853885766,O4,RIDGE,50
2025-03-07,0.9559330130259928,O4,RIDGE,50
2025-03-10,0.9642823545210468,O4,RIDGE,50
2025-03-11,0.9698153480590217,O4,RIDGE,50
2025-03-12,0.9667078956262529,O4,RIDGE,50
2025-03-13,0.98662026211616,O4,RIDGE,50
2025-03-14,0.9954390546970354,O4,RIDGE,50
2025-03-17,1.0080032257256175,O4,RIDGE,50
2025-03-18,1.0116766539270987,O4,RIDGE,50
2025-03-19,0.9241409080582298,O4,RIDGE,50
2025-03-20,0.9440176599508451,O4,RIDGE,50
2025-03-21,0.8828767450434964,O4,RIDGE,50
2025-03-24,0.8837599252606534,O4,RIDGE,50
2025-03-25,0.9315141008225548,O4,RIDGE,50
2025-03-26,0.9269546394399819,O4,RIDGE,50
2025-03-27,0.9299116759630022,O4,RIDGE,50
2025-03-28,0.9472615810662768,O4,RIDGE,50
2025-04-02,0.9352767223286921,O4,RIDGE,50
2025-04-03,0.9339754556207982,O4,RIDGE,50
2025-04-04,0.9210618866088232,O4,RIDGE,50
2025-04-07,0.9199168261260675,O4,RIDGE,50
2025-04-08,0.9286103071068511,O4,RIDGE,50
2025-04-09,0.9155438609151627,O4,RIDGE,50
2025-01-10,1.0,O4,RIDGE,100
2025-01-13,0.960496125634781,O4,RIDGE,100
2025-01-14,0.9540451473408526,O4,RIDGE,100
2025-01-15,0.9541339654771661,O4,RIDGE,100
2025-01-16,0.9638627979246939,O4,RIDGE,100
2025-01-17,0.9667917980014671,O4,RIDGE,100
2025-01-20,0.9647118498598778,O4,RIDGE,100
2025-01-21,0.9523080905610145,O4,RIDGE,100
2025-01-22,0.9594299515732295,O4,RIDGE,100
2025-01-23,0.9560478481805039,O4,RIDGE,100
2025-01-24,0.9579862021406965,O4,RIDGE,100
2025-01-27,0.9398112230544582,O4,RIDGE,100
2025-01-28,0.94433700051835,O4,RIDGE,100
2025-01-29,0.9368938220012821,O4,RIDGE,100
2025-01-30,0.9365632044491923,O4,RIDGE,100
2025-01-31,0.924657332445831,O4,RIDGE,100
2025-02-03,0.8967710063323238,O4,RIDGE,100
2025-02-04,0.9038848179750322,O4,RIDGE,100
2025-02-05,0.8907550400709023,O4,RIDGE,100
2025-02-06,0.9062561555016776,O4,RIDGE,100
2025-02-07,0.9199847134942627,O4,RIDGE,100
2025-02-10,0.9115667988634019,O4,RIDGE,100
2025-02-11,0.9114191549766,O4,RIDGE,100
2025-02-12,0.9003247301232148,O4,RIDGE,100
2025-02-13,0.9053231908282484,O4,RIDGE,100
2025-02-14,0.9029726079297686,O4,RIDGE,100
2025-02-17,0.8996636707463246,O4,RIDGE,100
2025-02-18,0.8928540208377937,O4,RIDGE,100
2025-02-19,0.8750322332287833,O4,RIDGE,100
2025-02-20,0.8862042130931234,O4,RIDGE,100
2025-02-21,0.8694436953196075,O4,RIDGE,100
2025-02-24,0.8750860900351254,O4,RIDGE,100
2025-02-25,0.8548953591485924,O4,RIDGE,100
2025-02-26,0.859366863822848,O4,RIDGE,100
2025-02-27,0.8732067281279596,O4,RIDGE,100
2025-02-28,0.8647123815035235,O4,RIDGE,100
2025-03-03,0.8762115045164994,O4,RIDGE,100
2025-03-04,0.8668717656854891,O4,RIDGE,100
2025-03-05,0.8924032916016146,O4,RIDGE,100
2025-03-06,0.9358257853885767,O4,RIDGE,100
2025-03-07,0.9509330130259926,O4,RIDGE,100
2025-03-10,0.9592823545210467,O4,RIDGE,100
2025-03-11,0.9648153480590216,O4,RIDGE,100
2025-03-12,0.961707895626253,O4,RIDGE,100
2025-03-13,0.98162026211616,O4,RIDGE,100
2025-03-14,0.9904390546970354,O4,RIDGE,100
2025-03-17,1.0030032257256176,O4,RIDGE,100
2025-03-18,1.0066766539270988,O4,RIDGE,100
2025-03-19,0.9191409080582297,O4,RIDGE,100
2025-03-20,0.939017659950845,O4,RIDGE,100
2025-03-21,0.8778767450434966,O4,RIDGE,100
2025-03-24,0.8787599252606533,O4,RIDGE,100
2025-03-25,0.9265141008225548,O4,RIDGE,100
2025-03-26,0.921954639439982,O4,RIDGE,100
2025-03-27,0.9249116759630023,O4,RIDGE,100
2025-03-28,0.9422615810662768,O4,RIDGE,100
2025-04-02,0.930276722328692,O4,RIDGE,100
2025-04-03,0.9289754556207983,O4,RIDGE,100
2025-04-04,0.9160618866088233,O4,RIDGE,100
2025-04-07,0.9149168261260676,O4,RIDGE,100
2025-04-08,0.9236103071068512,O4,RIDGE,100
2025-04-09,0.9105438609151626,O4,RIDGE,100
2025-01-10,1.0,O4,LGBM_REGRESSION,0
2025-01-13,0.9913298829424247,O4,LGBM_REGRESSION,0
2025-01-14,1.0000386230802527,O4,LGBM_REGRESSION,0
2025-01-15,1.0073480185468822,O4,LGBM_REGRESSION,0
2025-01-16,1.0318032774307375,O4,LGBM_REGRESSION,0
2025-01-17,1.038188201978076,O4,LGBM_REGRESSION,0
2025-01-20,1.0424613799281643,O4,LGBM_REGRESSION,0
2025-01-21,1.0322578766525317,O4,LGBM_REGRESSION,0
2025-01-22,1.035132276268678,O4,LGBM_REGRESSION,0
2025-01-23,1.0397378072685521,O4,LGBM_REGRESSION,0
2025-01-24,1.0490772719022348,O4,LGBM_REGRESSION,0
2025-01-27,1.0456058134543453,O4,LGBM_REGRESSION,0
2025-01-28,1.0352983925697785,O4,LGBM_REGRESSION,0
2025-01-29,1.0291183877790404,O4,LGBM_REGRESSION,0
2025-01-30,1.0218661753099094,O4,LGBM_REGRESSION,0
2025-01-31,1.0168560123963208,O4,LGBM_REGRESSION,0
2025-02-03,1.0091802482140029,O4,LGBM_REGRESSION,0
2025-02-04,1.0178884986559043,O4,LGBM_REGRESSION,0
2025-02-05,1.0160299417818122,O4,LGBM_REGRESSION,0
2025-02-06,1.0200071402691078,O4,LGBM_REGRESSION,0
2025-02-07,1.0316489668016324,O4,LGBM_REGRESSION,0
2025-02-10,1.0332900179806674,O4,LGBM_REGRESSION,0
2025-02-11,1.0272509194738235,O4,LGBM_REGRESSION,0
2025-02-12,1.0094084778159294,O4,LGBM_REGRESSION,0
2025-02-13,1.026960577162792,O4,LGBM_REGRESSION,0
2025-02-14,1.0209165668348659,O4,LGBM_REGRESSION,0
2025-02-17,1.0058810005225458,O4,LGBM_REGRESSION,0
2025-02-18,1.0228619066354108,O4,LGBM_REGRESSION,0
2025-02-19,1.009757753004935,O4,LGBM_REGRESSION,0
2025-02-20,1.004832001733313,O4,LGBM_REGRESSION,0
2025-02-21,0.9820037825725495,O4,LGBM_REGRESSION,0
2025-02-24,0.9821077585266573,O4,LGBM_REGRESSION,0
2025-02-25,0.9640480878988493,O4,LGBM_REGRESSION,0
2025-02-26,0.9727047318216261,O4,LGBM_REGRESSION,0
2025-02-27,0.9957179253672822,O4,LGBM_REGRESSION,0
2025-02-28,0.9869987485072632,O4,LGBM_REGRESSION,0
2025-03-03,0.9828179992262804,O4,LGBM_REGRESSION,0
2025-03-04,0.9724686208517109,O4,LGBM_REGRESSION,0
2025-03-05,0.9870033974778617,O4,LGBM_REGRESSION,0
2025-03-06,0.998981585175649,O4,LGBM_REGRESSION,0
2025-03-07,1.0084255448100197,O4,LGBM_REGRESSION,0
2025-03-10,0.9926293004918773,O4,LGBM_REGRESSION,0
2025-03-11,1.00100968809088,O4,LGBM_REGRESSION,0
2025-03-12,1.0201363810954582,O4,LGBM_REGRESSION,0
2025-03-13,1.0439626864859428,O4,LGBM_REGRESSION,0
2025-03-14,1.0752633856762919,O4,LGBM_REGRESSION,0
2025-03-17,1.0777516256097928,O4,LGBM_REGRESSION,0
2025-03-18,1.0781112715311492,O4,LGBM_REGRESSION,0
2025-03-19,0.9980038159146365,O4,LGBM_REGRESSION,0
2025-03-20,1.0310869538403429,O4,LGBM_REGRESSION,0
2025-03-21,0.9607097970032231,O4,LGBM_REGRESSION,0
2025-03-24,0.9924436196018369,O4,LGBM_REGRESSION,0
2025-03-25,1.0468259721550903,O4,LGBM_REGRESSION,0
2025-03-26,1.0501659613140235,O4,LGBM_REGRESSION,0
2025-03-27,1.043927128420216,O4,LGBM_REGRESSION,0
2025-03-28,1.0432302473557544,O4,LGBM_REGRESSION,0
2025-04-02,1.0359398965530509,O4,LGBM_REGRESSION,0
2025-04-03,1.0356112973298703,O4,LGBM_REGRESSION,0
2025-04-04,1.0277905582130953,O4,LGBM_REGRESSION,0
2025-04-07,1.031090801124019,O4,LGBM_REGRESSION,0
2025-04-08,1.0432535711815003,O4,LGBM_REGRESSION,0
2025-04-09,1.0285088767240884,O4,LGBM_REGRESSION,0
2025-01-10,1.0,O4,LGBM_REGRESSION,30
2025-01-13,0.9883298829424246,O4,LGBM_REGRESSION,30
2025-01-14,0.9970386230802527,O4,LGBM_REGRESSION,30
2025-01-15,1.004348018546882,O4,LGBM_REGRESSION,30
2025-01-16,1.0288032774307374,O4,LGBM_REGRESSION,30
2025-01-17,1.0351882019780758,O4,LGBM_REGRESSION,30
2025-01-20,1.0394613799281642,O4,LGBM_REGRESSION,30
2025-01-21,1.0292578766525318,O4,LGBM_REGRESSION,30
2025-01-22,1.032132276268678,O4,LGBM_REGRESSION,30
2025-01-23,1.0367378072685522,O4,LGBM_REGRESSION,30
2025-01-24,1.0460772719022349,O4,LGBM_REGRESSION,30
2025-01-27,1.0426058134543454,O4,LGBM_REGRESSION,30
2025-01-28,1.0322983925697784,O4,LGBM_REGRESSION,30
2025-01-29,1.0261183877790403,O4,LGBM_REGRESSION,30
2025-01-30,1.0188661753099093,O4,LGBM_REGRESSION,30
2025-01-31,1.013856012396321,O4,LGBM_REGRESSION,30
2025-02-03,1.006180248214003,O4,LGBM_REGRESSION,30
2025-02-04,1.0148884986559041,O4,LGBM_REGRESSION,30
2025-02-05,1.013029941781812,O4,LGBM_REGRESSION,30
2025-02-06,1.0170071402691077,O4,LGBM_REGRESSION,30
2025-02-07,1.0286489668016323,O4,LGBM_REGRESSION,30
2025-02-10,1.0302900179806673,O4,LGBM_REGRESSION,30
2025-02-11,1.0242509194738234,O4,LGBM_REGRESSION,30
2025-02-12,1.0064084778159292,O4,LGBM_REGRESSION,30
2025-02-13,1.023960577162792,O4,LGBM_REGRESSION,30
2025-02-14,1.0179165668348658,O4,LGBM_REGRESSION,30
2025-02-17,1.002881000522546,O4,LGBM_REGRESSION,30
2025-02-18,1.0198619066354107,O4,LGBM_REGRESSION,30
2025-02-19,1.0067577530049352,O4,LGBM_REGRESSION,30
2025-02-20,1.0018320017333129,O4,LGBM_REGRESSION,30
2025-02-21,0.9790037825725495,O4,LGBM_REGRESSION,30
2025-02-24,0.9791077585266573,O4,LGBM_REGRESSION,30
2025-02-25,0.9610480878988492,O4,LGBM_REGRESSION,30
2025-02-26,0.9697047318216262,O4,LGBM_REGRESSION,30
2025-02-27,0.9927179253672821,O4,LGBM_REGRESSION,30
2025-02-28,0.9839987485072633,O4,LGBM_REGRESSION,30
2025-03-03,0.9798179992262804,O4,LGBM_REGRESSION,30
2025-03-04,0.969468620851711,O4,LGBM_REGRESSION,30
2025-03-05,0.9840033974778618,O4,LGBM_REGRESSION,30
2025-03-06,0.9959815851756488,O4,LGBM_REGRESSION,30
2025-03-07,1.0054255448100196,O4,LGBM_REGRESSION,30
2025-03-10,0.9896293004918773,O4,LGBM_REGRESSION,30
2025-03-11,0.9980096880908802,O4,LGBM_REGRESSION,30
2025-03-12,1.0171363810954583,O4,LGBM_REGRESSION,30
2025-03-13,1.040962686485943,O4,LGBM_REGRESSION,30
2025-03-14,1.072263385676292,O4,LGBM_REGRESSION,30
2025-03-17,1.0747516256097929,O4,LGBM_REGRESSION,30
2025-03-18,1.075111271531149,O4,LGBM_REGRESSION,30
2025-03-19,0.9950038159146364,O4,LGBM_REGRESSION,30
2025-03-20,1.028086953840343,O4,LGBM_REGRESSION,30
2025-03-21,0.9577097970032232,O4,LGBM_REGRESSION,30
2025-03-24,0.9894436196018369,O4,LGBM_REGRESSION,30
2025-03-25,1.0438259721550904,O4,LGBM_REGRESSION,30
2025-03-26,1.0471659613140236,O4,LGBM_REGRESSION,30
2025-03-27,1.040927128420216,O4,LGBM_REGRESSION,30
2025-03-28,1.0402302473557548,O4,LGBM_REGRESSION,30
2025-04-02,1.032939896553051,O4,LGBM_REGRESSION,30
2025-04-03,1.0326112973298702,O4,LGBM_REGRESSION,30
2025-04-04,1.0247905582130952,O4,LGBM_REGRESSION,30
2025-04-07,1.0280908011240188,O4,LGBM_REGRESSION,30
2025-04-08,1.0402535711815002,O4,LGBM_REGRESSION,30
2025-04-09,1.0255088767240883,O4,LGBM_REGRESSION,30
2025-01-10,1.0,O4,LGBM_REGRESSION,50
2025-01-13,0.9863298829424246,O4,LGBM_REGRESSION,50
2025-01-14,0.9950386230802527,O4,LGBM_REGRESSION,50
2025-01-15,1.002348018546882,O4,LGBM_REGRESSION,50
2025-01-16,1.0268032774307376,O4,LGBM_REGRESSION,50
2025-01-17,1.033188201978076,O4,LGBM_REGRESSION,50
2025-01-20,1.037461379928164,O4,LGBM_REGRESSION,50
2025-01-21,1.0272578766525318,O4,LGBM_REGRESSION,50
2025-01-22,1.030132276268678,O4,LGBM_REGRESSION,50
2025-01-23,1.0347378072685522,O4,LGBM_REGRESSION,50
2025-01-24,1.0440772719022349,O4,LGBM_REGRESSION,50
2025-01-27,1.0406058134543454,O4,LGBM_REGRESSION,50
2025-01-28,1.0302983925697784,O4,LGBM_REGRESSION,50
2025-01-29,1.0241183877790403,O4,LGBM_REGRESSION,50
2025-01-30,1.0168661753099093,O4,LGBM_REGRESSION,50
2025-01-31,1.011856012396321,O4,LGBM_REGRESSION,50
2025-02-03,1.004180248214003,O4,LGBM_REGRESSION,50
2025-02-04,1.0128884986559041,O4,LGBM_REGRESSION,50
2025-02-05,1.011029941781812,O4,LGBM_REGRESSION,50
2025-02-06,1.0150071402691077,O4,LGBM_REGRESSION,50
2025-02-07,1.0266489668016323,O4,LGBM_REGRESSION,50
2025-02-10,1.0282900179806673,O4,LGBM_REGRESSION,50
2025-02-11,1.0222509194738234,O4,LGBM_REGRESSION,50
2025-02-12,1.0044084778159292,O4,LGBM_REGRESSION,50
2025-02-13,1.0219605771627922,O4,LGBM_REGRESSION,50
2025-02-14,1.0159165668348658,O4,LGBM_REGRESSION,50
2025-02-17,1.000881000522546,O4,LGBM_REGRESSION,50
2025-02-18,1.0178619066354107,O4,LGBM_REGRESSION,50
2025-02-19,1.0047577530049352,O4,LGBM_REGRESSION,50
2025-02-20,0.9998320017333129,O4,LGBM_REGRESSION,50
2025-02-21,0.9770037825725495,O4,LGBM_REGRESSION,50
2025-02-24,0.9771077585266573,O4,LGBM_REGRESSION,50
2025-02-25,0.9590480878988492,O4,LGBM_REGRESSION,50
2025-02-26,0.9677047318216262,O4,LGBM_REGRESSION,50
2025-02-27,0.9907179253672821,O4,LGBM_REGRESSION,50
2025-02-28,0.9819987485072633,O4,LGBM_REGRESSION,50
2025-03-03,0.9778179992262804,O4,LGBM_REGRESSION,50
2025-03-04,0.967468620851711,O4,LGBM_REGRESSION,50
2025-03-05,0.9820033974778618,O4,LGBM_REGRESSION,50
2025-03-06,0.9939815851756488,O4,LGBM_REGRESSION,50
2025-03-07,1.0034255448100196,O4,LGBM_REGRESSION,50
2025-03-10,0.9876293004918772,O4,LGBM_REGRESSION,50
2025-03-11,0.9960096880908802,O4,LGBM_REGRESSION,50
2025-03-12,1.0151363810954583,O4,LGBM_REGRESSION,50
2025-03-13,1.038962686485943,O4,LGBM_REGRESSION,50
2025-03-14,1.070263385676292,O4,LGBM_REGRESSION,50
2025-03-17,1.0727516256097929,O4,LGBM_REGRESSION,50
2025-03-18,1.073111271531149,O4,LGBM_REGRESSION,50
2025-03-19,0.9930038159146364,O4,LGBM_REGRESSION,50
2025-03-20,1.026086953840343,O4,LGBM_REGRESSION,50
2025-03-21,0.9557097970032232,O4,LGBM_REGRESSION,50
2025-03-24,0.9874436196018369,O4,LGBM_REGRESSION,50
2025-03-25,1.0418259721550904,O4,LGBM_REGRESSION,50
2025-03-26,1.0451659613140236,O4,LGBM_REGRESSION,50
2025-03-27,1.038927128420216,O4,LGBM_REGRESSION,50
2025-03-28,1.0382302473557545,O4,LGBM_REGRESSION,50
2025-04-02,1.030939896553051,O4,LGBM_REGRESSION,50
2025-04-03,1.0306112973298702,O4,LGBM_REGRESSION,50
2025-04-04,1.0227905582130952,O4,LGBM_REGRESSION,50
2025-04-07,1.0260908011240188,O4,LGBM_REGRESSION,50
2025-04-08,1.0382535711815002,O4,LGBM_REGRESSION,50
2025-04-09,1.0235088767240883,O4,LGBM_REGRESSION,50
2025-01-10,1.0,O4,LGBM_REGRESSION,100
2025-01-13,0.9813298829424247,O4,LGBM_REGRESSION,100
2025-01-14,0.9900386230802528,O4,LGBM_REGRESSION,100
2025-01-15,0.997348018546882,O4,LGBM_REGRESSION,100
2025-01-16,1.0218032774307375,O4,LGBM_REGRESSION,100
2025-01-17,1.028188201978076,O4,LGBM_REGRESSION,100
2025-01-20,1.0324613799281641,O4,LGBM_REGRESSION,100
2025-01-21,1.0222578766525316,O4,LGBM_REGRESSION,100
2025-01-22,1.0251322762686779,O4,LGBM_REGRESSION,100
2025-01-23,1.0297378072685521,O4,LGBM_REGRESSION,100
2025-01-24,1.0390772719022348,O4,LGBM_REGRESSION,100
2025-01-27,1.0356058134543453,O4,LGBM_REGRESSION,100
2025-01-28,1.0252983925697785,O4,LGBM_REGRESSION,100
2025-01-29,1.0191183877790404,O4,LGBM_REGRESSION,100
2025-01-30,1.0118661753099094,O4,LGBM_REGRESSION,100
2025-01-31,1.0068560123963208,O4,LGBM_REGRESSION,100
2025-02-03,0.9991802482140029,O4,LGBM_REGRESSION,100
2025-02-04,1.0078884986559042,O4,LGBM_REGRESSION,100
2025-02-05,1.0060299417818122,O4,LGBM_REGRESSION,100
2025-02-06,1.0100071402691078,O4,LGBM_REGRESSION,100
2025-02-07,1.0216489668016324,O4,LGBM_REGRESSION,100
2025-02-10,1.0232900179806674,O4,LGBM_REGRESSION,100
2025-02-11,1.0172509194738235,O4,LGBM_REGRESSION,100
2025-02-12,0.9994084778159295,O4,LGBM_REGRESSION,100
2025-02-13,1.0169605771627923,O4,LGBM_REGRESSION,100
2025-02-14,1.0109165668348659,O4,LGBM_REGRESSION,100
2025-02-17,0.9958810005225458,O4,LGBM_REGRESSION,100
2025-02-18,1.0128619066354108,O4,LGBM_REGRESSION,100
2025-02-19,0.9997577530049351,O4,LGBM_REGRESSION,100
2025-02-20,0.9948320017333129,O4,LGBM_REGRESSION,100
2025-02-21,0.9720037825725496,O4,LGBM_REGRESSION,100
2025-02-24,0.9721077585266573,O4,LGBM_REGRESSION,100
2025-02-25,0.9540480878988493,O4,LGBM_REGRESSION,100
2025-02-26,0.9627047318216261,O4,LGBM_REGRESSION,100
2025-02-27,0.9857179253672822,O4,LGBM_REGRESSION,100
2025-02-28,0.9769987485072632,O4,LGBM_REGRESSION,100
2025-03-03,0.9728179992262804,O4,LGBM_REGRESSION,100
2025-03-04,0.9624686208517109,O4,LGBM_REGRESSION,100
2025-03-05,0.9770033974778619,O4,LGBM_REGRESSION,100
2025-03-06,0.9889815851756489,O4,LGBM_REGRESSION,100
2025-03-07,0.9984255448100197,O4,LGBM_REGRESSION,100
2025-03-10,0.9826293004918772,O4,LGBM_REGRESSION,100
2025-03-11,0.9910096880908801,O4,LGBM_REGRESSION,100
2025-03-12,1.0101363810954584,O4,LGBM_REGRESSION,100
2025-03-13,1.0339626864859428,O4,LGBM_REGRESSION,100
2025-03-14,1.0652633856762919,O4,LGBM_REGRESSION,100
2025-03-17,1.0677516256097928,O4,LGBM_REGRESSION,100
2025-03-18,1.0681112715311492,O4,LGBM_REGRESSION,100
2025-03-19,0.9880038159146365,O4,LGBM_REGRESSION,100
2025-03-20,1.0210869538403429,O4,LGBM_REGRESSION,100
2025-03-21,0.9507097970032231,O4,LGBM_REGRESSION,100
2025-03-24,0.982443619601837,O4,LGBM_REGRESSION,100
2025-03-25,1.0368259721550903,O4,LGBM_REGRESSION,100
2025-03-26,1.0401659613140235,O4,LGBM_REGRESSION,100
2025-03-27,1.033927128420216,O4,LGBM_REGRESSION,100
2025-03-28,1.0332302473557546,O4,LGBM_REGRESSION,100
2025-04-02,1.0259398965530508,O4,LGBM_REGRESSION,100
2025-04-03,1.02561129732987,O4,LGBM_REGRESSION,100
2025-04-04,1.0177905582130953,O4,LGBM_REGRESSION,100
2025-04-07,1.021090801124019,O4,LGBM_REGRESSION,100
2025-04-08,1.0332535711815003,O4,LGBM_REGRESSION,100
2025-04-09,1.0185088767240884,O4,LGBM_REGRESSION,100
2025-01-10,1.0,O4,LAMBDAMART,0
2025-01-13,0.9931375494157328,O4,LAMBDAMART,0
2025-01-14,0.9977581821118459,O4,LAMBDAMART,0
2025-01-15,0.9923137137856081,O4,LAMBDAMART,0
2025-01-16,1.0102116631402862,O4,LAMBDAMART,0
2025-01-17,1.0085107219192968,O4,LAMBDAMART,0
2025-01-20,1.0134592869610657,O4,LAMBDAMART,0
2025-01-21,1.0027712950153727,O4,LAMBDAMART,0
2025-01-22,1.012995299910768,O4,LAMBDAMART,0
2025-01-23,1.019429049381147,O4,LAMBDAMART,0
2025-01-24,1.0306425119440232,O4,LAMBDAMART,0
2025-01-27,1.0239263198473443,O4,LAMBDAMART,0
2025-01-28,1.0237982644013213,O4,LAMBDAMART,0
2025-01-29,1.0160903036789366,O4,LAMBDAMART,0
2025-01-30,1.0165417864104858,O4,LAMBDAMART,0
2025-01-31,1.0102568775968401,O4,LAMBDAMART,0
2025-02-03,0.9996042365955435,O4,LAMBDAMART,0
2025-02-04,1.0145369916734601,O4,LAMBDAMART,0
2025-02-05,1.0064529277647125,O4,LAMBDAMART,0
2025-02-06,1.0093513323547934,O4,LAMBDAMART,0
2025-02-07,1.015943939141601,O4,LAMBDAMART,0
2025-02-10,1.0179000495297066,O4,LAMBDAMART,0
2025-02-11,1.0210481739800081,O4,LAMBDAMART,0
2025-02-12,0.996493784744989,O4,LAMBDAMART,0
2025-02-13,1.007825621610281,O4,LAMBDAMART,0
2025-02-14,1.0068474405250587,O4,LAMBDAMART,0
2025-02-17,1.003477002135965,O4,LAMBDAMART,0
2025-02-18,1.0281718888348976,O4,LAMBDAMART,0
2025-02-19,1.0259379008191143,O4,LAMBDAMART,0
2025-02-20,1.0308708100564328,O4,LAMBDAMART,0
2025-02-21,1.012182894363219,O4,LAMBDAMART,0
2025-02-24,1.0084480068743382,O4,LAMBDAMART,0
2025-02-25,0.9881805873412027,O4,LAMBDAMART,0
2025-02-26,0.9987771542176145,O4,LAMBDAMART,0
2025-02-27,1.0194973853289768,O4,LAMBDAMART,0
2025-02-28,1.0076029132797624,O4,LAMBDAMART,0
2025-03-03,1.018088187279376,O4,LAMBDAMART,0
2025-03-04,1.0126660339041542,O4,LAMBDAMART,0
2025-03-05,1.034158458813757,O4,LAMBDAMART,0
2025-03-06,1.0604626024939663,O4,LAMBDAMART,0
2025-03-07,1.0562048668009474,O4,LAMBDAMART,0
2025-03-10,1.0573517081258572,O4,LAMBDAMART,0
2025-03-11,1.0725706233505976,O4,LAMBDAMART,0
2025-03-12,1.089836014728991,O4,LAMBDAMART,0
2025-03-13,1.1016415093437353,O4,LAMBDAMART,0
2025-03-14,1.1272807590880016,O4,LAMBDAMART,0
2025-03-17,1.1445625679246036,O4,LAMBDAMART,0
2025-03-18,1.1512217212712945,O4,LAMBDAMART,0
2025-03-19,1.064396960283222,O4,LAMBDAMART,0
2025-03-20,1.0939557114281053,O4,LAMBDAMART,0
2025-03-21,1.0287976093803735,O4,LAMBDAMART,0
2025-03-24,1.0592676714285572,O4,LAMBDAMART,0
2025-03-25,1.1089852064853218,O4,LAMBDAMART,0
2025-03-26,1.1252420416357627,O4,LAMBDAMART,0
2025-03-27,1.1282727559589354,O4,LAMBDAMART,0
2025-03-28,1.1523076659537903,O4,LAMBDAMART,0
2025-04-02,1.1450932089392178,O4,LAMBDAMART,0
2025-04-03,1.1463918505363078,O4,LAMBDAMART,0
2025-04-04,1.1418758566967324,O4,LAMBDAMART,0
2025-04-07,1.164840449923108,O4,LAMBDAMART,0
2025-04-08,1.1764226968012372,O4,LAMBDAMART,0
2025-04-09,1.1577978267433229,O4,LAMBDAMART,0
2025-01-10,1.0,O4,LAMBDAMART,30
2025-01-13,0.990137549415733,O4,LAMBDAMART,30
2025-01-14,0.9947581821118457,O4,LAMBDAMART,30
2025-01-15,0.989313713785608,O4,LAMBDAMART,30
2025-01-16,1.007211663140286,O4,LAMBDAMART,30
2025-01-17,1.0055107219192967,O4,LAMBDAMART,30
2025-01-20,1.0104592869610656,O4,LAMBDAMART,30
2025-01-21,0.9997712950153727,O4,LAMBDAMART,30
2025-01-22,1.009995299910768,O4,LAMBDAMART,30
2025-01-23,1.016429049381147,O4,LAMBDAMART,30
2025-01-24,1.0276425119440231,O4,LAMBDAMART,30
2025-01-27,1.0209263198473444,O4,LAMBDAMART,30
2025-01-28,1.0207982644013212,O4,LAMBDAMART,30
2025-01-29,1.0130903036789365,O4,LAMBDAMART,30
2025-01-30,1.0135417864104859,O4,LAMBDAMART,30
2025-01-31,1.00725687759684,O4,LAMBDAMART,30
2025-02-03,0.9966042365955434,O4,LAMBDAMART,30
2025-02-04,1.01153699167346,O4,LAMBDAMART,30
2025-02-05,1.0034529277647124,O4,LAMBDAMART,30
2025-02-06,1.0063513323547932,O4,LAMBDAMART,30
2025-02-07,1.012943939141601,O4,LAMBDAMART,30
2025-02-10,1.0149000495297065,O4,LAMBDAMART,30
2025-02-11,1.0180481739800082,O4,LAMBDAMART,30
2025-02-12,0.9934937847449891,O4,LAMBDAMART,30
2025-02-13,1.004825621610281,O4,LAMBDAMART,30
2025-02-14,1.0038474405250588,O4,LAMBDAMART,30
2025-02-17,1.0004770021359648,O4,LAMBDAMART,30
2025-02-18,1.0251718888348977,O4,LAMBDAMART,30
2025-02-19,1.0229379008191144,O4,LAMBDAMART,30
2025-02-20,1.0278708100564329,O4,LAMBDAMART,30
2025-02-21,1.009182894363219,O4,LAMBDAMART,30
2025-02-24,1.0054480068743383,O4,LAMBDAMART,30
2025-02-25,0.9851805873412027,O4,LAMBDAMART,30
2025-02-26,0.9957771542176146,O4,LAMBDAMART,30
2025-02-27,1.016497385328977,O4,LAMBDAMART,30
2025-02-28,1.0046029132797623,O4,LAMBDAMART,30
2025-03-03,1.0150881872793758,O4,LAMBDAMART,30
2025-03-04,1.009666033904154,O4,LAMBDAMART,30
2025-03-05,1.0311584588137568,O4,LAMBDAMART,30
2025-03-06,1.0574626024939664,O4,LAMBDAMART,30
2025-03-07,1.0532048668009475,O4,LAMBDAMART,30
2025-03-10,1.054351708125857,O4,LAMBDAMART,30
2025-03-11,1.0695706233505977,O4,LAMBDAMART,30
2025-03-12,1.0868360147289908,O4,LAMBDAMART,30
2025-03-13,1.0986415093437354,O4,LAMBDAMART,30
2025-03-14,1.1242807590880015,O4,LAMBDAMART,30
2025-03-17,1.1415625679246038,O4,LAMBDAMART,30
2025-03-18,1.1482217212712944,O4,LAMBDAMART,30
2025-03-19,1.061396960283222,O4,LAMBDAMART,30
2025-03-20,1.0909557114281054,O4,LAMBDAMART,30
2025-03-21,1.0257976093803736,O4,LAMBDAMART,30
2025-03-24,1.0562676714285573,O4,LAMBDAMART,30
2025-03-25,1.1059852064853217,O4,LAMBDAMART,30
2025-03-26,1.1222420416357626,O4,LAMBDAMART,30
2025-03-27,1.1252727559589355,O4,LAMBDAMART,30
2025-03-28,1.1493076659537902,O4,LAMBDAMART,30
2025-04-02,1.142093208939218,O4,LAMBDAMART,30
2025-04-03,1.1433918505363079,O4,LAMBDAMART,30
2025-04-04,1.1388758566967323,O4,LAMBDAMART,30
2025-04-07,1.1618404499231079,O4,LAMBDAMART,30
2025-04-08,1.1734226968012371,O4,LAMBDAMART,30
2025-04-09,1.154797826743323,O4,LAMBDAMART,30
2025-01-10,1.0,O4,LAMBDAMART,50
2025-01-13,0.988137549415733,O4,LAMBDAMART,50
2025-01-14,0.9927581821118457,O4,LAMBDAMART,50
2025-01-15,0.987313713785608,O4,LAMBDAMART,50
2025-01-16,1.005211663140286,O4,LAMBDAMART,50
2025-01-17,1.0035107219192967,O4,LAMBDAMART,50
2025-01-20,1.0084592869610656,O4,LAMBDAMART,50
2025-01-21,0.9977712950153727,O4,LAMBDAMART,50
2025-01-22,1.007995299910768,O4,LAMBDAMART,50
2025-01-23,1.014429049381147,O4,LAMBDAMART,50
2025-01-24,1.0256425119440231,O4,LAMBDAMART,50
2025-01-27,1.0189263198473444,O4,LAMBDAMART,50
2025-01-28,1.0187982644013212,O4,LAMBDAMART,50
2025-01-29,1.0110903036789365,O4,LAMBDAMART,50
2025-01-30,1.0115417864104859,O4,LAMBDAMART,50
2025-01-31,1.00525687759684,O4,LAMBDAMART,50
2025-02-03,0.9946042365955434,O4,LAMBDAMART,50
2025-02-04,1.00953699167346,O4,LAMBDAMART,50
2025-02-05,1.0014529277647124,O4,LAMBDAMART,50
2025-02-06,1.0043513323547932,O4,LAMBDAMART,50
2025-02-07,1.010943939141601,O4,LAMBDAMART,50
2025-02-10,1.0129000495297065,O4,LAMBDAMART,50
2025-02-11,1.0160481739800082,O4,LAMBDAMART,50
2025-02-12,0.9914937847449891,O4,LAMBDAMART,50
2025-02-13,1.002825621610281,O4,LAMBDAMART,50
2025-02-14,1.0018474405250588,O4,LAMBDAMART,50
2025-02-17,0.9984770021359648,O4,LAMBDAMART,50
2025-02-18,1.0231718888348977,O4,LAMBDAMART,50
2025-02-19,1.0209379008191144,O4,LAMBDAMART,50
2025-02-20,1.0258708100564329,O4,LAMBDAMART,50
2025-02-21,1.007182894363219,O4,LAMBDAMART,50
2025-02-24,1.0034480068743383,O4,LAMBDAMART,50
2025-02-25,0.9831805873412027,O4,LAMBDAMART,50
2025-02-26,0.9937771542176146,O4,LAMBDAMART,50
2025-02-27,1.014497385328977,O4,LAMBDAMART,50
2025-02-28,1.0026029132797623,O4,LAMBDAMART,50
2025-03-03,1.0130881872793758,O4,LAMBDAMART,50
2025-03-04,1.007666033904154,O4,LAMBDAMART,50
2025-03-05,1.029158458813757,O4,LAMBDAMART,50
2025-03-06,1.0554626024939664,O4,LAMBDAMART,50
2025-03-07,1.0512048668009475,O4,LAMBDAMART,50
2025-03-10,1.052351708125857,O4,LAMBDAMART,50
2025-03-11,1.0675706233505977,O4,LAMBDAMART,50
2025-03-12,1.0848360147289908,O4,LAMBDAMART,50
2025-03-13,1.0966415093437354,O4,LAMBDAMART,50
2025-03-14,1.1222807590880017,O4,LAMBDAMART,50
2025-03-17,1.1395625679246038,O4,LAMBDAMART,50
2025-03-18,1.1462217212712944,O4,LAMBDAMART,50
2025-03-19,1.059396960283222,O4,LAMBDAMART,50
2025-03-20,1.0889557114281054,O4,LAMBDAMART,50
2025-03-21,1.0237976093803736,O4,LAMBDAMART,50
2025-03-24,1.0542676714285573,O4,LAMBDAMART,50
2025-03-25,1.1039852064853217,O4,LAMBDAMART,50
2025-03-26,1.1202420416357626,O4,LAMBDAMART,50
2025-03-27,1.1232727559589355,O4,LAMBDAMART,50
2025-03-28,1.1473076659537904,O4,LAMBDAMART,50
2025-04-02,1.140093208939218,O4,LAMBDAMART,50
2025-04-03,1.1413918505363079,O4,LAMBDAMART,50
2025-04-04,1.136875856696732,O4,LAMBDAMART,50
2025-04-07,1.1598404499231079,O4,LAMBDAMART,50
2025-04-08,1.1714226968012373,O4,LAMBDAMART,50
2025-04-09,1.152797826743323,O4,LAMBDAMART,50
2025-01-10,1.0,O4,LAMBDAMART,100
2025-01-13,0.9831375494157328,O4,LAMBDAMART,100
2025-01-14,0.9877581821118459,O4,LAMBDAMART,100
2025-01-15,0.9823137137856081,O4,LAMBDAMART,100
2025-01-16,1.0002116631402862,O4,LAMBDAMART,100
2025-01-17,0.9985107219192969,O4,LAMBDAMART,100
2025-01-20,1.0034592869610657,O4,LAMBDAMART,100
2025-01-21,0.9927712950153728,O4,LAMBDAMART,100
2025-01-22,1.002995299910768,O4,LAMBDAMART,100
2025-01-23,1.009429049381147,O4,LAMBDAMART,100
2025-01-24,1.0206425119440232,O4,LAMBDAMART,100
2025-01-27,1.0139263198473443,O4,LAMBDAMART,100
2025-01-28,1.0137982644013213,O4,LAMBDAMART,100
2025-01-29,1.0060903036789366,O4,LAMBDAMART,100
2025-01-30,1.0065417864104858,O4,LAMBDAMART,100
2025-01-31,1.0002568775968401,O4,LAMBDAMART,100
2025-02-03,0.9896042365955435,O4,LAMBDAMART,100
2025-02-04,1.0045369916734601,O4,LAMBDAMART,100
2025-02-05,0.9964529277647124,O4,LAMBDAMART,100
2025-02-06,0.9993513323547932,O4,LAMBDAMART,100
2025-02-07,1.005943939141601,O4,LAMBDAMART,100
2025-02-10,1.0079000495297066,O4,LAMBDAMART,100
2025-02-11,1.0110481739800081,O4,LAMBDAMART,100
2025-02-12,0.9864937847449889,O4,LAMBDAMART,100
2025-02-13,0.997825621610281,O4,LAMBDAMART,100
2025-02-14,0.9968474405250587,O4,LAMBDAMART,100
2025-02-17,0.9934770021359649,O4,LAMBDAMART,100
2025-02-18,1.0181718888348976,O4,LAMBDAMART,100
2025-02-19,1.0159379008191143,O4,LAMBDAMART,100
2025-02-20,1.0208708100564328,O4,LAMBDAMART,100
2025-02-21,1.002182894363219,O4,LAMBDAMART,100
2025-02-24,0.9984480068743383,O4,LAMBDAMART,100
2025-02-25,0.9781805873412027,O4,LAMBDAMART,100
2025-02-26,0.9887771542176145,O4,LAMBDAMART,100
2025-02-27,1.0094973853289768,O4,LAMBDAMART,100
2025-02-28,0.9976029132797622,O4,LAMBDAMART,100
2025-03-03,1.0080881872793759,O4,LAMBDAMART,100
2025-03-04,1.0026660339041542,O4,LAMBDAMART,100
2025-03-05,1.024158458813757,O4,LAMBDAMART,100
2025-03-06,1.0504626024939663,O4,LAMBDAMART,100
2025-03-07,1.0462048668009474,O4,LAMBDAMART,100
2025-03-10,1.0473517081258572,O4,LAMBDAMART,100
2025-03-11,1.0625706233505976,O4,LAMBDAMART,100
2025-03-12,1.079836014728991,O4,LAMBDAMART,100
2025-03-13,1.0916415093437353,O4,LAMBDAMART,100
2025-03-14,1.1172807590880016,O4,LAMBDAMART,100
2025-03-17,1.1345625679246036,O4,LAMBDAMART,100
2025-03-18,1.1412217212712945,O4,LAMBDAMART,100
2025-03-19,1.054396960283222,O4,LAMBDAMART,100
2025-03-20,1.0839557114281053,O4,LAMBDAMART,100
2025-03-21,1.0187976093803737,O4,LAMBDAMART,100
2025-03-24,1.0492676714285571,O4,LAMBDAMART,100
2025-03-25,1.0989852064853218,O4,LAMBDAMART,100
2025-03-26,1.1152420416357627,O4,LAMBDAMART,100
2025-03-27,1.1182727559589354,O4,LAMBDAMART,100
2025-03-28,1.14230766595379,O4,LAMBDAMART,100
2025-04-02,1.1350932089392178,O4,LAMBDAMART,100
2025-04-03,1.1363918505363078,O4,LAMBDAMART,100
2025-04-04,1.1318758566967322,O4,LAMBDAMART,100
2025-04-07,1.154840449923108,O4,LAMBDAMART,100
2025-04-08,1.1664226968012374,O4,LAMBDAMART,100
2025-04-09,1.147797826743323,O4,LAMBDAMART,100
