legacy_observation_id,ticker,kap_ticker,financial_period,period_end,statement_type,accounting_type,legacy_sector,consolidation_basis,preferred_basis,first_publication_timestamp,available_from,legacy_available_date,first_notification_id,correction_notification_ids,latest_notification_id,vintage_count,vintage_status,lineage_confidence,presentation_unit_status,presentation_unit,tfrs29_status,restated_comparative_status,pit_quality,recovery_status,source_url,source_hash,failure_reason
AEFES.IS:2018Q1,AEFES.IS,AEFES,2018Q1,2018-03-31,INTERIM,INDUSTRIAL_OR_HOLDING,XUSIN.IS,CONSOLIDATED,CONSOLIDATED,07.05.2018 21:02:17,2018-05-08T18:10:00,2018-05-15,681646.0,[],681646.0,1,FIRST_ONLY,HIGH,RESOLVED,1.000 TL,PRE_TFRS29,UNKNOWN_NOT_SEPARATELY_PROVEN,EXACT_TIMESTAMP,RECOVERED_EXACT,https://www.kap.org.tr/tr/Bildirim/681646,71a8c6f24c78759a5327616cb223d7eec9d3e39ac26e6bfaa0a2b8d5af0f69a9,
AEFES.IS:2018Q2,AEFES.IS,AEFES,2018Q2,2018-06-30,INTERIM,INDUSTRIAL_OR_HOLDING,XUSIN.IS,CONSOLIDATED,CONSOLIDATED,09.08.2018 22:06:37,2018-08-10T18:10:00,2018-08-15,702260.0,[],702260.0,1,FIRST_ONLY,HIGH,RESOLVED,1.000 TL,PRE_TFRS29,UNKNOWN_NOT_SEPARATELY_PROVEN,EXACT_TIMESTAMP,RECOVERED_EXACT,https://www.kap.org.tr/tr/Bildirim/702260,eeb3bd89ee949d0d5b3fbe7f5fe97e938166587fc955b49aa89d3fbf1dd9cc76,
AEFES.IS:2018Q3,AEFES.IS,AEFES,2018Q3,2018-09-30,INTERIM,INDUSTRIAL_OR_HOLDING,XUSIN.IS,CONSOLIDATED,CONSOLIDATED,06.11.2018 19:54:58,2018-11-07T18:10:00,2018-11-15,718047.0,[],718047.0,1,FIRST_ONLY,HIGH,RESOLVED,1.000 TL,PRE_TFRS29,UNKNOWN_NOT_SEPARATELY_PROVEN,EXACT_TIMESTAMP,RECOVERED_EXACT,https://www.kap.org.tr/tr/Bildirim/718047,6a193083c05532b8ae49171eb68121330e3a1f0314a54b231be5c82352874c89,
AEFES.IS:2018Q4,AEFES.IS,AEFES,2018Q4,2018-12-31,ANNUAL,INDUSTRIAL_OR_HOLDING,XUSIN.IS,CONSOLIDATED,CONSOLIDATED,28.02.2019 22:52:45,2019-03-01T18:10:00,2019-03-15,743546.0,[],743546.0,1,FIRST_ONLY,HIGH,RESOLVED,1.000 TL,PRE_TFRS29,UNKNOWN_NOT_SEPARATELY_PROVEN,EXACT_TIMESTAMP,RECOVERED_EXACT,https://www.kap.org.tr/tr/Bildirim/743546,599e3e2bc103b1e8b856fbba0736ee564910ff21e5eb5a59eed4c8e2a7bfbe01,
AEFES.IS:2019Q1,AEFES.IS,AEFES,2019Q1,2019-03-31,INTERIM,INDUSTRIAL_OR_HOLDING,XUSIN.IS,CONSOLIDATED,CONSOLIDATED,08.05.2019 22:13:30,2019-05-09T18:10:00,2019-05-15,762358.0,[],762358.0,1,FIRST_ONLY,HIGH,RESOLVED,1.000 TL,PRE_TFRS29,UNKNOWN_NOT_SEPARATELY_PROVEN,EXACT_TIMESTAMP,RECOVERED_EXACT,https://www.kap.org.tr/tr/Bildirim/762358,c36e7fb5e34b5ff591a8b272ccb518db713a74dfe167f6dad9916c5b9ed4faf6,
AEFES.IS:2019Q2,AEFES.IS,AEFES,2019Q2,2019-06-30,INTERIM,INDUSTRIAL_OR_HOLDING,XUSIN.IS,CONSOLIDATED,CONSOLIDATED,07.08.2019 23:42:09,2019-08-08T18:10:00,2019-08-15,780765.0,[],780765.0,1,FIRST_ONLY,HIGH,RESOLVED,1.000 TL,PRE_TFRS29,UNKNOWN_NOT_SEPARATELY_PROVEN,EXACT_TIMESTAMP,RECOVERED_EXACT,https://www.kap.org.tr/tr/Bildirim/780765,ad18e7e3184b9e987e2c6da6d6437545d8d836a0f16fd3d671872e6a6ecbb820,
AEFES.IS:2019Q3,AEFES.IS,AEFES,2019Q3,2019-09-30,INTERIM,INDUSTRIAL_OR_HOLDING,XUSIN.IS,CONSOLIDATED,CONSOLIDATED,05.11.2019 19:00:04,2019-11-06T18:10:00,2019-11-15,796754.0,[797024],797024.0,2,FIRST_PLUS_CORRECTION,HIGH,RESOLVED,1.000 TL,PRE_TFRS29,UNKNOWN_NOT_SEPARATELY_PROVEN,EXACT_TIMESTAMP,RECOVERED_EXACT,https://www.kap.org.tr/tr/Bildirim/796754,4b7d99c3186cb4a53bdb4c56ef697d28c84af0c3ed9b3c988fe7a4edab7241a5,
AEFES.IS:2019Q4,AEFES.IS,AEFES,2019Q4,2019-12-31,ANNUAL,INDUSTRIAL_OR_HOLDING,XUSIN.IS,CONSOLIDATED,CONSOLIDATED,27.02.2020 20:52:38,2020-02-28T18:10:00,2020-03-15,822265.0,[],822265.0,1,FIRST_ONLY,HIGH,RESOLVED,1.000 TL,PRE_TFRS29,UNKNOWN_NOT_SEPARATELY_PROVEN,EXACT_TIMESTAMP,RECOVERED_EXACT,https://www.kap.org.tr/tr/Bildirim/822265,2f3643aa5dcac99d1c25115d813c0fb296e69a45af6c1051e7bf652394fd9949,
AEFES.IS:2020Q1,AEFES.IS,AEFES,2020Q1,2020-03-31,INTERIM,INDUSTRIAL_OR_HOLDING,XUSIN.IS,CONSOLIDATED,CONSOLIDATED,06.05.2020 19:29:36,2020-05-07T18:10:00,2020-05-15,843158.0,[],843158.0,1,FIRST_ONLY,HIGH,RESOLVED,1.000 TL,PRE_TFRS29,UNKNOWN_NOT_SEPARATELY_PROVEN,EXACT_TIMESTAMP,RECOVERED_EXACT,https://www.kap.org.tr/tr/Bildirim/843158,8a36d188dc6dc3d22a3247d01ff02c20af3f8167f455086f440f44735220d4c0,
AEFES.IS:2020Q2,AEFES.IS,AEFES,2020Q2,2020-06-30,INTERIM,INDUSTRIAL_OR_HOLDING,XUSIN.IS,CONSOLIDATED,CONSOLIDATED,12.08.2020 21:05:30,2020-08-13T18:10:00,2020-08-15,868468.0,[],868468.0,1,FIRST_ONLY,HIGH,RESOLVED,1.000 TL,PRE_TFRS29,UNKNOWN_NOT_SEPARATELY_PROVEN,EXACT_TIMESTAMP,RECOVERED_EXACT,https://www.kap.org.tr/tr/Bildirim/868468,93eb40b743b936cc9bb879be3da4bc3548b729d1bb0ef0a45adb1586a07e356c,
AEFES.IS:2020Q3,AEFES.IS,AEFES,2020Q3,2020-09-30,INTERIM,INDUSTRIAL_OR_HOLDING,XUSIN.IS,CONSOLIDATED,CONSOLIDATED,05.11.2020 18:56:21,2020-11-06T18:10:00,2020-11-15,886436.0,[],886436.0,1,FIRST_ONLY,HIGH,RESOLVED,1.000 TL,PRE_TFRS29,UNKNOWN_NOT_SEPARATELY_PROVEN,EXACT_TIMESTAMP,RECOVERED_EXACT,https://www.kap.org.tr/tr/Bildirim/886436,c6a325ced584dc1eb7209ee183fe429d978e07c18b432019768fc7f03ba14faf,
AEFES.IS:2020Q4,AEFES.IS,AEFES,2020Q4,2020-12-31,ANNUAL,INDUSTRIAL_OR_HOLDING,XUSIN.IS,CONSOLIDATED,CONSOLIDATED,25.02.2021 23:48:21,2021-02-26T18:10:00,2021-03-15,913168.0,[],913168.0,1,FIRST_ONLY,HIGH,RESOLVED,1.000 TL,PRE_TFRS29,UNKNOWN_NOT_SEPARATELY_PROVEN,EXACT_TIMESTAMP,RECOVERED_EXACT,https://www.kap.org.tr/tr/Bildirim/913168,8bdbab17f1b477fb3c46eaf0ab1c590ef067c5eb3120a0b13ed3836edc4dd9c6,
AEFES.IS:2021Q1,AEFES.IS,AEFES,2021Q1,2021-03-31,INTERIM,INDUSTRIAL_OR_HOLDING,XUSIN.IS,CONSOLIDATED,CONSOLIDATED,05.05.2021 22:31:20,2021-05-06T18:10:00,2021-05-15,934813.0,[],934813.0,1,FIRST_ONLY,HIGH,RESOLVED,1.000 TL,PRE_TFRS29,UNKNOWN_NOT_SEPARATELY_PROVEN,EXACT_TIMESTAMP,RECOVERED_EXACT,https://www.kap.org.tr/tr/Bildirim/934813,eb14aae6a79042321b468697b514cd7a412f113a28bea5f4e9c505bc5de1a8f4,
AEFES.IS:2021Q2,AEFES.IS,AEFES,2021Q2,2021-06-30,INTERIM,INDUSTRIAL_OR_HOLDING,XUSIN.IS,CONSOLIDATED,CONSOLIDATED,12.08.2021 21:05:59,2021-08-13T18:10:00,2021-08-15,957808.0,[],957808.0,1,FIRST_ONLY,HIGH,RESOLVED,1.000 TL,PRE_TFRS29,UNKNOWN_NOT_SEPARATELY_PROVEN,EXACT_TIMESTAMP,RECOVERED_EXACT,https://www.kap.org.tr/tr/Bildirim/957808,e8ac73ccea1233f31394b3710c8636bb3f2d4d94cc22cc031828a970a3d8a184,
AEFES.IS:2021Q3,AEFES.IS,AEFES,2021Q3,2021-09-30,INTERIM,INDUSTRIAL_OR_HOLDING,XUSIN.IS,CONSOLIDATED,CONSOLIDATED,04.11.2021 18:52:36,2021-11-05T18:10:00,2021-11-15,974935.0,[],974935.0,1,FIRST_ONLY,HIGH,RESOLVED,1.000 TL,PRE_TFRS29,UNKNOWN_NOT_SEPARATELY_PROVEN,EXACT_TIMESTAMP,RECOVERED_EXACT,https://www.kap.org.tr/tr/Bildirim/974935,b1f2cf91566f888578c8add13aabc727a106fe76b1e6e77d370119d8d5937fd3,
AEFES.IS:2021Q4,AEFES.IS,AEFES,2021Q4,2021-12-31,ANNUAL,INDUSTRIAL_OR_HOLDING,XUSIN.IS,CONSOLIDATED,CONSOLIDATED,23.02.2022 21:51:41,2022-02-24T18:10:00,2022-03-15,1003922.0,[],1003922.0,1,FIRST_ONLY,HIGH,RESOLVED,1.000 TL,PRE_TFRS29,UNKNOWN_NOT_SEPARATELY_PROVEN,EXACT_TIMESTAMP,RECOVERED_EXACT,https://www.kap.org.tr/tr/Bildirim/1003922,c1f46c90017f0c09bddd2dd78078ff3274f81b2e1be9a52fb31e3ae563a1f6ed,
AEFES.IS:2022Q1,AEFES.IS,AEFES,2022Q1,2022-03-31,INTERIM,INDUSTRIAL_OR_HOLDING,XUSIN.IS,CONSOLIDATED,CONSOLIDATED,09.05.2022 19:22:01,2022-05-10T18:10:00,2022-05-15,1028045.0,[],1028045.0,1,FIRST_ONLY,HIGH,RESOLVED,1.000 TL,PRE_TFRS29,UNKNOWN_NOT_SEPARATELY_PROVEN,EXACT_TIMESTAMP,RECOVERED_EXACT,https://www.kap.org.tr/tr/Bildirim/1028045,1e9562e1c8a961e50a8985bdf43ae21f57670263cec55028b71d32f2cc204772,
AEFES.IS:2022Q2,AEFES.IS,AEFES,2022Q2,2022-06-30,INTERIM,INDUSTRIAL_OR_HOLDING,XUSIN.IS,CONSOLIDATED,CONSOLIDATED,10.08.2022 20:32:02,2022-08-11T18:10:00,2022-08-15,1054378.0,[],1054378.0,1,FIRST_ONLY,HIGH,RESOLVED,1.000 TL,PRE_TFRS29,UNKNOWN_NOT_SEPARATELY_PROVEN,EXACT_TIMESTAMP,RECOVERED_EXACT,https://www.kap.org.tr/tr/Bildirim/1054378,db0b4ad3362300613a59879c9c760d2dfaf477f433970e192666a9002dc9eef3,
AEFES.IS:2022Q3,AEFES.IS,AEFES,2022Q3,2022-09-30,INTERIM,INDUSTRIAL_OR_HOLDING,XUSIN.IS,CONSOLIDATED,CONSOLIDATED,02.11.2022 19:13:38,2022-11-03T18:10:00,2022-11-15,1076388.0,[1076969],1076969.0,2,FIRST_PLUS_CORRECTION,HIGH,RESOLVED,1.000 TL,PRE_TFRS29,UNKNOWN_NOT_SEPARATELY_PROVEN,EXACT_TIMESTAMP,RECOVERED_EXACT,https://www.kap.org.tr/tr/Bildirim/1076388,6981d77b2cc1a6d498cb980650e07e76b191a2931322bb1d1a89294c96a15fd4,
AEFES.IS:2022Q4,AEFES.IS,AEFES,2022Q4,2022-12-31,ANNUAL,INDUSTRIAL_OR_HOLDING,XUSIN.IS,CONSOLIDATED,CONSOLIDATED,28.02.2023 19:11:11,2023-03-01T18:10:00,2023-03-15,1117868.0,[],1117868.0,1,FIRST_ONLY,HIGH,RESOLVED,1.000 TL,PRE_TFRS29,UNKNOWN_NOT_SEPARATELY_PROVEN,EXACT_TIMESTAMP,RECOVERED_EXACT,https://www.kap.org.tr/tr/Bildirim/1117868,0a5e761dcc23bb774b4df5bac8c5366ed51487ebb4e3b61bd808b94f4ba29622,
AEFES.IS:2023Q1,AEFES.IS,AEFES,2023Q1,2023-03-31,INTERIM,INDUSTRIAL_OR_HOLDING,XUSIN.IS,CONSOLIDATED,CONSOLIDATED,03.05.2023 20:00:35,2023-05-04T18:10:00,2023-05-15,1146553.0,[],1146553.0,1,FIRST_ONLY,HIGH,RESOLVED,1.000 TL,PRE_TFRS29,UNKNOWN_NOT_SEPARATELY_PROVEN,EXACT_TIMESTAMP,RECOVERED_EXACT,https://www.kap.org.tr/tr/Bildirim/1146553,2cc63234f76b9bd4958a269fa33408bf3a194ed928b7ec5d7e3eeda9167c40db,
AEFES.IS:2023Q2,AEFES.IS,AEFES,2023Q2,2023-06-30,INTERIM,INDUSTRIAL_OR_HOLDING,XUSIN.IS,CONSOLIDATED,CONSOLIDATED,08.08.2023 18:45:30,2023-08-09T18:10:00,2023-08-15,1182359.0,[],1182359.0,1,FIRST_ONLY,HIGH,RESOLVED,1.000 TL,PRE_TFRS29,UNKNOWN_NOT_SEPARATELY_PROVEN,EXACT_TIMESTAMP,RECOVERED_EXACT,https://www.kap.org.tr/tr/Bildirim/1182359,de21e11f2bf50b3abcbce9629acf38aa52ffe5ca4b7afc21580c1d629083d0a9,
AEFES.IS:2023Q3,AEFES.IS,AEFES,2023Q3,2023-09-30,INTERIM,INDUSTRIAL_OR_HOLDING,XUSIN.IS,CONSOLIDATED,CONSOLIDATED,01.11.2023 19:18:39,2023-11-02T18:10:00,2023-11-15,1213300.0,[],1213300.0,1,FIRST_ONLY,HIGH,RESOLVED,1.000 TL,PRE_TFRS29,UNKNOWN_NOT_SEPARATELY_PROVEN,EXACT_TIMESTAMP,RECOVERED_EXACT,https://www.kap.org.tr/tr/Bildirim/1213300,f5aaf3d87584b8a0772180de9f312bb1a9252479ea6d1080a52f9cde259acc8d,
AEFES.IS:2023Q4,AEFES.IS,AEFES,2023Q4,2023-12-31,ANNUAL,INDUSTRIAL_OR_HOLDING,XUSIN.IS,CONSOLIDATED,CONSOLIDATED,21.03.2024 23:35:12,2024-03-22T18:10:00,2024-03-15,1261306.0,[],1261306.0,1,FIRST_ONLY,HIGH,RESOLVED,1.000 TL,POST_TFRS29_CONFIRMED,UNKNOWN_NOT_SEPARATELY_PROVEN,EXACT_TIMESTAMP,RECOVERED_EXACT,https://www.kap.org.tr/tr/Bildirim/1261306,c795c5edcfff0d7c982c9b5c227dd6834f7b6809b017f1ac4da61365f3892987,
AEFES.IS:2024Q1,AEFES.IS,AEFES,2024Q1,2024-03-31,INTERIM,INDUSTRIAL_OR_HOLDING,XUSIN.IS,CONSOLIDATED,CONSOLIDATED,23.05.2024 18:54:11,2024-05-24T18:10:00,2024-05-15,1290383.0,[],1290383.0,1,FIRST_ONLY,HIGH,RESOLVED,1.000 TL,POST_TFRS29_UNKNOWN_COMPARATIVE,UNKNOWN_NOT_SEPARATELY_PROVEN,EXACT_TIMESTAMP,RECOVERED_EXACT,https://www.kap.org.tr/tr/Bildirim/1290383,bbe0278ac7aaf61872118d1e0fd1a6aed989d7e6ae621454bc68fc6dd5161a26,
AEFES.IS:2024Q2,AEFES.IS,AEFES,2024Q2,2024-06-30,INTERIM,INDUSTRIAL_OR_HOLDING,XUSIN.IS,CONSOLIDATED,CONSOLIDATED,20.08.2024 20:15:49,2024-08-21T18:10:00,2024-08-15,1326514.0,[],1326514.0,1,FIRST_ONLY,HIGH,RESOLVED,1.000 TL,POST_TFRS29_UNKNOWN_COMPARATIVE,UNKNOWN_NOT_SEPARATELY_PROVEN,EXACT_TIMESTAMP,RECOVERED_EXACT,https://www.kap.org.tr/tr/Bildirim/1326514,d49af81999d5e7dd86d4235fae00f9d9097b2bce24f209fdc0ed3bc7cd3f16d7,
AEFES.IS:2024Q3,AEFES.IS,AEFES,2024Q3,2024-09-30,INTERIM,INDUSTRIAL_OR_HOLDING,XUSIN.IS,CONSOLIDATED,CONSOLIDATED,05.11.2024 20:09:45,2024-11-06T18:10:00,2024-11-15,1353869.0,[],1353869.0,1,FIRST_ONLY,HIGH,RESOLVED,1.000 TL,POST_TFRS29_UNKNOWN_COMPARATIVE,UNKNOWN_NOT_SEPARATELY_PROVEN,EXACT_TIMESTAMP,RECOVERED_EXACT,https://www.kap.org.tr/tr/Bildirim/1353869,ddac34d3df16cf66e951aa3328e5e734368f5c51952267a4fb038dd781ac2fdd,
AEFES.IS:2024Q4,AEFES.IS,AEFES,2024Q4,2024-12-31,ANNUAL,INDUSTRIAL_OR_HOLDING,XUSIN.IS,CONSOLIDATED,CONSOLIDATED,05.03.2025 20:41:33,2025-03-06T18:10:00,2025-03-15,1401085.0,[],1401085.0,1,FIRST_ONLY,HIGH,RESOLVED,1.000 TL,POST_TFRS29_UNKNOWN_COMPARATIVE,UNKNOWN_NOT_SEPARATELY_PROVEN,EXACT_TIMESTAMP,RECOVERED_EXACT,https://www.kap.org.tr/tr/Bildirim/1401085,32fee7b50ef97e927931061344670856c833a11e930a53da8da59de51feed011,
AEFES.IS:2025Q1,AEFES.IS,AEFES,2025Q1,2025-03-31,INTERIM,INDUSTRIAL_OR_HOLDING,XUSIN.IS,CONSOLIDATED,CONSOLIDATED,07.05.2025 21:23:32,2025-05-08T18:10:00,2025-05-15,1435136.0,[],1435136.0,1,FIRST_ONLY,HIGH,RESOLVED,1.000 TL,POST_TFRS29_UNKNOWN_COMPARATIVE,UNKNOWN_NOT_SEPARATELY_PROVEN,EXACT_TIMESTAMP,RECOVERED_EXACT,https://www.kap.org.tr/tr/Bildirim/1435136,6b4e0dcedbbd7f22b8a9107428ead16feddc9b477efe219611d954d128623c65,
AEFES.IS:2025Q2,AEFES.IS,AEFES,2025Q2,2025-06-30,INTERIM,INDUSTRIAL_OR_HOLDING,XUSIN.IS,CONSOLIDATED,CONSOLIDATED,12.08.2025 23:43:08,2025-08-13T18:10:00,2025-08-15,1477177.0,[],1477177.0,1,FIRST_ONLY,HIGH,RESOLVED,1.000 TL,POST_TFRS29_UNKNOWN_COMPARATIVE,UNKNOWN_NOT_SEPARATELY_PROVEN,EXACT_TIMESTAMP,RECOVERED_EXACT,https://www.kap.org.tr/tr/Bildirim/1477177,202032e2f37702d8f5489cfb9910640813cc07556247a86dbe0e646a622965f9,
AEFES.IS:2025Q3,AEFES.IS,AEFES,2025Q3,2025-09-30,INTERIM,INDUSTRIAL_OR_HOLDING,XUSIN.IS,CONSOLIDATED,CONSOLIDATED,05.11.2025 19:42:34,2025-11-06T18:10:00,2025-11-15,1511858.0,[],1511858.0,1,FIRST_ONLY,HIGH,RESOLVED,1.000 TL,POST_TFRS29_UNKNOWN_COMPARATIVE,UNKNOWN_NOT_SEPARATELY_PROVEN,EXACT_TIMESTAMP,RECOVERED_EXACT,https://www.kap.org.tr/tr/Bildirim/1511858,b9d309fb6ac37cf7bd48e4f5f3b7b9d11e5a62fc0881af2cfd27082c37e343ad,
AEFES.IS:2025Q4,AEFES.IS,AEFES,2025Q4,2025-12-31,ANNUAL,INDUSTRIAL_OR_HOLDING,XUSIN.IS,CONSOLIDATED,CONSOLIDATED,05.03.2026 23:54:28,2026-03-06T18:10:00,2026-03-15,1566776.0,[],1566776.0,1,FIRST_ONLY,HIGH,RESOLVED,1.000 TL,POST_TFRS29_UNKNOWN_COMPARATIVE,UNKNOWN_NOT_SEPARATELY_PROVEN,EXACT_TIMESTAMP,RECOVERED_EXACT,https://www.kap.org.tr/tr/Bildirim/1566776,d5d4c20babd774b1d2bd1ad1154e14bd77baea9e16eef31986930ec3b7529f84,
AEFES.IS:2026Q1,AEFES.IS,AEFES,2026Q1,2026-03-31,INTERIM,INDUSTRIAL_OR_HOLDING,XUSIN.IS,CONSOLIDATED,CONSOLIDATED,05.05.2026 22:34:28,2026-05-06T18:10:00,2026-05-15,1601482.0,[],1601482.0,1,FIRST_ONLY,HIGH,RESOLVED,1.000 TL,POST_TFRS29_UNKNOWN_COMPARATIVE,UNKNOWN_NOT_SEPARATELY_PROVEN,EXACT_TIMESTAMP,RECOVERED_EXACT,https://www.kap.org.tr/tr/Bildirim/1601482,ade660078185b2cd8b5635563ac2dfdcb8b7ff7c93d5afa55e43eb1fe2d4e6bf,
AEFES.IS:2026Q2,AEFES.IS,AEFES,2026Q2,2026-06-30,INTERIM,INDUSTRIAL_OR_HOLDING,XUSIN.IS,CONSOLIDATED,CONSOLIDATED,11.08.2026 22:11:50,2026-08-12T18:10:00,2026-08-15,1648261.0,[],1648261.0,1,FIRST_ONLY,HIGH,RESOLVED,1.000 TL,POST_TFRS29_UNKNOWN_COMPARATIVE,UNKNOWN_NOT_SEPARATELY_PROVEN,EXACT_TIMESTAMP,RECOVERED_EXACT,https://www.kap.org.tr/tr/Bildirim/1648261,b5533f8727d4f1762ee6b2b07bbc5fcf4016b2e115f06270b89b8871aa8b8805,
AGHOL.IS:2018Q1,AGHOL.IS,AGHOL,2018Q1,2018-03-31,INTERIM,INDUSTRIAL_OR_HOLDING,XUSIN.IS,CONSOLIDATED,CONSOLIDATED,08.05.2018 18:32:40,2018-05-09T18:10:00,2018-05-15,682026.0,[],682026.0,1,FIRST_ONLY,HIGH,RESOLVED,1.000 TL,PRE_TFRS29,UNKNOWN_NOT_SEPARATELY_PROVEN,EXACT_TIMESTAMP,RECOVERED_EXACT,https://www.kap.org.tr/tr/Bildirim/682026,d1a6712d87bdfeee1bf28952ab1aabb2f8ddb2a9eb01fedacff84bb58aa129a5,
AGHOL.IS:2018Q2,AGHOL.IS,AGHOL,2018Q2,2018-06-30,INTERIM,INDUSTRIAL_OR_HOLDING,XUSIN.IS,CONSOLIDATED,CONSOLIDATED,15.08.2018 19:12:16,2018-08-16T18:10:00,2018-08-15,704078.0,[],704078.0,1,FIRST_ONLY,HIGH,RESOLVED,1.000 TL,PRE_TFRS29,UNKNOWN_NOT_SEPARATELY_PROVEN,EXACT_TIMESTAMP,RECOVERED_EXACT,https://www.kap.org.tr/tr/Bildirim/704078,3a9f70543979b113c74086ead1b4bf8e937377ac145d2c024861d5b8dad5e984,
AGHOL.IS:2018Q3,AGHOL.IS,AGHOL,2018Q3,2018-09-30,INTERIM,INDUSTRIAL_OR_HOLDING,XUSIN.IS,CONSOLIDATED,CONSOLIDATED,08.11.2018 18:15:20,2018-11-09T18:10:00,2018-11-15,718614.0,[],718614.0,1,FIRST_ONLY,HIGH,RESOLVED,1.000 TL,PRE_TFRS29,UNKNOWN_NOT_SEPARATELY_PROVEN,EXACT_TIMESTAMP,RECOVERED_EXACT,https://www.kap.org.tr/tr/Bildirim/718614,2d511dea413d67cb5120722378adb0bf9e8a6f3c6acd6c12ad277c06a377dee9,
AGHOL.IS:2018Q4,AGHOL.IS,AGHOL,2018Q4,2018-12-31,ANNUAL,INDUSTRIAL_OR_HOLDING,XUSIN.IS,CONSOLIDATED,CONSOLIDATED,08.03.2019 01:02:17,2019-03-11T18:10:00,2019-03-15,746089.0,[],746089.0,1,FIRST_ONLY,HIGH,RESOLVED,1.000 TL,PRE_TFRS29,UNKNOWN_NOT_SEPARATELY_PROVEN,EXACT_TIMESTAMP,RECOVERED_EXACT,https://www.kap.org.tr/tr/Bildirim/746089,d09642027b22974a0c5a70d97b2b31d4e50c57f603e7b76df02f779c10b04e69,
AGHOL.IS:2019Q1,AGHOL.IS,AGHOL,2019Q1,2019-03-31,INTERIM,INDUSTRIAL_OR_HOLDING,XUSIN.IS,CONSOLIDATED,CONSOLIDATED,10.05.2019 20:41:51,2019-05-13T18:10:00,2019-05-15,763380.0,[],763380.0,1,FIRST_ONLY,HIGH,RESOLVED,1.000 TL,PRE_TFRS29,UNKNOWN_NOT_SEPARATELY_PROVEN,EXACT_TIMESTAMP,RECOVERED_EXACT,https://www.kap.org.tr/tr/Bildirim/763380,b4b6bc63e941e7031c0d8265274e0ce110b5d712c98d07bac83db9578e4278ea,
AGHOL.IS:2019Q2,AGHOL.IS,AGHOL,2019Q2,2019-06-30,INTERIM,INDUSTRIAL_OR_HOLDING,XUSIN.IS,CONSOLIDATED,CONSOLIDATED,19.08.2019 21:25:29,2019-08-20T18:10:00,2019-08-15,783109.0,[],783109.0,1,FIRST_ONLY,HIGH,RESOLVED,1.000 TL,PRE_TFRS29,UNKNOWN_NOT_SEPARATELY_PROVEN,EXACT_TIMESTAMP,RECOVERED_EXACT,https://www.kap.org.tr/tr/Bildirim/783109,7514228846eb9b40f0dfcc8affb21a7e7d763cc0959765f8f32bce873ce97af9,
AGHOL.IS:2019Q3,AGHOL.IS,AGHOL,2019Q3,2019-09-30,INTERIM,INDUSTRIAL_OR_HOLDING,XUSIN.IS,CONSOLIDATED,CONSOLIDATED,07.11.2019 18:29:36,2019-11-08T18:10:00,2019-11-15,797328.0,[],797328.0,1,FIRST_ONLY,HIGH,RESOLVED,1.000 TL,PRE_TFRS29,UNKNOWN_NOT_SEPARATELY_PROVEN,EXACT_TIMESTAMP,RECOVERED_EXACT,https://www.kap.org.tr/tr/Bildirim/797328,ed7d0f195b3e9d31309e3da277ae0965d4b60458e81148048b017577e65e1ab5,
AGHOL.IS:2019Q4,AGHOL.IS,AGHOL,2019Q4,2019-12-31,ANNUAL,INDUSTRIAL_OR_HOLDING,XUSIN.IS,CONSOLIDATED,CONSOLIDATED,04.03.2020 22:50:10,2020-03-05T18:10:00,2020-03-15,824441.0,[],824441.0,1,FIRST_ONLY,HIGH,RESOLVED,1.000 TL,PRE_TFRS29,UNKNOWN_NOT_SEPARATELY_PROVEN,EXACT_TIMESTAMP,RECOVERED_EXACT,https://www.kap.org.tr/tr/Bildirim/824441,802207ebba6b34e1b009ac7bf343a2a2c8e478c85029dbea63e8e9fbf8679472,
AGHOL.IS:2020Q1,AGHOL.IS,AGHOL,2020Q1,2020-03-31,INTERIM,INDUSTRIAL_OR_HOLDING,XUSIN.IS,CONSOLIDATED,CONSOLIDATED,08.05.2020 18:31:59,2020-05-11T18:10:00,2020-05-15,843784.0,[],843784.0,1,FIRST_ONLY,HIGH,RESOLVED,1.000 TL,PRE_TFRS29,UNKNOWN_NOT_SEPARATELY_PROVEN,EXACT_TIMESTAMP,RECOVERED_EXACT,https://www.kap.org.tr/tr/Bildirim/843784,72cc67b678daabb1e91850d8a2dd9b7cf8f5565443220ed9902f39ca7e7aa568,
AGHOL.IS:2020Q2,AGHOL.IS,AGHOL,2020Q2,2020-06-30,INTERIM,INDUSTRIAL_OR_HOLDING,XUSIN.IS,CONSOLIDATED,CONSOLIDATED,13.08.2020 19:15:32,2020-08-14T18:10:00,2020-08-15,868821.0,[],868821.0,1,FIRST_ONLY,HIGH,RESOLVED,1.000 TL,PRE_TFRS29,UNKNOWN_NOT_SEPARATELY_PROVEN,EXACT_TIMESTAMP,RECOVERED_EXACT,https://www.kap.org.tr/tr/Bildirim/868821,ad9820b6c714517d8ba67850bb2e6825d1482ab52b116ff1b74b755a891bf812,
AGHOL.IS:2020Q3,AGHOL.IS,AGHOL,2020Q3,2020-09-30,INTERIM,INDUSTRIAL_OR_HOLDING,XUSIN.IS,CONSOLIDATED,CONSOLIDATED,09.11.2020 18:23:42,2020-11-10T18:10:00,2020-11-15,887346.0,[],887346.0,1,FIRST_ONLY,HIGH,RESOLVED,1.000 TL,PRE_TFRS29,UNKNOWN_NOT_SEPARATELY_PROVEN,EXACT_TIMESTAMP,RECOVERED_EXACT,https://www.kap.org.tr/tr/Bildirim/887346,419a19b0eb86f19211a93b826214bc46e6646f9c94cd1b8e8559629e5d9659df,
AGHOL.IS:2020Q4,AGHOL.IS,AGHOL,2020Q4,2020-12-31,ANNUAL,INDUSTRIAL_OR_HOLDING,XUSIN.IS,CONSOLIDATED,CONSOLIDATED,03.03.2021 22:10:10,2021-03-04T18:10:00,2021-03-15,914993.0,[],914993.0,1,FIRST_ONLY,HIGH,RESOLVED,1.000 TL,PRE_TFRS29,UNKNOWN_NOT_SEPARATELY_PROVEN,EXACT_TIMESTAMP,RECOVERED_EXACT,https://www.kap.org.tr/tr/Bildirim/914993,eaa87630bc86db8e149b630fa79847353c06a1f07a6bfbf4ffe84581bd7df3fa,
AGHOL.IS:2021Q1,AGHOL.IS,AGHOL,2021Q1,2021-03-31,INTERIM,INDUSTRIAL_OR_HOLDING,XUSIN.IS,CONSOLIDATED,CONSOLIDATED,07.05.2021 18:44:17,2021-05-10T18:10:00,2021-05-15,935411.0,[],935411.0,1,FIRST_ONLY,HIGH,RESOLVED,1.000 TL,PRE_TFRS29,UNKNOWN_NOT_SEPARATELY_PROVEN,EXACT_TIMESTAMP,RECOVERED_EXACT,https://www.kap.org.tr/tr/Bildirim/935411,4bee42e281ac0c879cd5c639290987338be27254a96ce958869c9f32b41b601f,
AGHOL.IS:2021Q2,AGHOL.IS,AGHOL,2021Q2,2021-06-30,INTERIM,INDUSTRIAL_OR_HOLDING,XUSIN.IS,CONSOLIDATED,CONSOLIDATED,16.08.2021 19:28:14,2021-08-17T18:10:00,2021-08-15,958428.0,[],958428.0,1,FIRST_ONLY,HIGH,RESOLVED,1.000 TL,PRE_TFRS29,UNKNOWN_NOT_SEPARATELY_PROVEN,EXACT_TIMESTAMP,RECOVERED_EXACT,https://www.kap.org.tr/tr/Bildirim/958428,8d2e43daf458fed8211a47c3be504a979758bfbab1a3c8d500175a6d12cd377c,
AGHOL.IS:2021Q3,AGHOL.IS,AGHOL,2021Q3,2021-09-30,INTERIM,INDUSTRIAL_OR_HOLDING,XUSIN.IS,CONSOLIDATED,CONSOLIDATED,08.11.2021 18:35:07,2021-11-09T18:10:00,2021-11-15,975962.0,[],975962.0,1,FIRST_ONLY,HIGH,RESOLVED,1.000 TL,PRE_TFRS29,UNKNOWN_NOT_SEPARATELY_PROVEN,EXACT_TIMESTAMP,RECOVERED_EXACT,https://www.kap.org.tr/tr/Bildirim/975962,b81c708cfefebe3fea650fb69a88dfad4aa4b72382fe435776c5e7277d000723,
AGHOL.IS:2021Q4,AGHOL.IS,AGHOL,2021Q4,2021-12-31,ANNUAL,INDUSTRIAL_OR_HOLDING,XUSIN.IS,CONSOLIDATED,CONSOLIDATED,02.03.2022 20:32:02,2022-03-03T18:10:00,2022-03-15,1006636.0,[],1006636.0,1,FIRST_ONLY,HIGH,RESOLVED,1.000 TL,PRE_TFRS29,UNKNOWN_NOT_SEPARATELY_PROVEN,EXACT_TIMESTAMP,RECOVERED_EXACT,https://www.kap.org.tr/tr/Bildirim/1006636,de08d7f8366dded61adf14b8cbc5328f47d7363eb0e3426a238d287025944f0d,
AGHOL.IS:2022Q1,AGHOL.IS,AGHOL,2022Q1,2022-03-31,INTERIM,INDUSTRIAL_OR_HOLDING,XUSIN.IS,CONSOLIDATED,CONSOLIDATED,10.05.2022 18:24:14,2022-05-11T18:10:00,2022-05-15,1028610.0,[],1028610.0,1,FIRST_ONLY,HIGH,RESOLVED,1.000 TL,PRE_TFRS29,UNKNOWN_NOT_SEPARATELY_PROVEN,EXACT_TIMESTAMP,RECOVERED_EXACT,https://www.kap.org.tr/tr/Bildirim/1028610,dafb8368a318f31fa0601c5c9e44ffcf3860b9585d8e11e19ab833b0d403896b,
AGHOL.IS:2022Q2,AGHOL.IS,AGHOL,2022Q2,2022-06-30,INTERIM,INDUSTRIAL_OR_HOLDING,XUSIN.IS,CONSOLIDATED,CONSOLIDATED,15.08.2022 19:33:12,2022-08-16T18:10:00,2022-08-15,1055631.0,[],1055631.0,1,FIRST_ONLY,HIGH,RESOLVED,1.000 TL,PRE_TFRS29,UNKNOWN_NOT_SEPARATELY_PROVEN,EXACT_TIMESTAMP,RECOVERED_EXACT,https://www.kap.org.tr/tr/Bildirim/1055631,61cf2465eb3c6f9676278d729966eb3acb54974cbbe6f997c010470f65383f3a,
AGHOL.IS:2022Q3,AGHOL.IS,AGHOL,2022Q3,2022-09-30,INTERIM,INDUSTRIAL_OR_HOLDING,XUSIN.IS,CONSOLIDATED,CONSOLIDATED,07.11.2022 18:12:21,2022-11-08T18:10:00,2022-11-15,1077557.0,[],1077557.0,1,FIRST_ONLY,HIGH,RESOLVED,1.000 TL,PRE_TFRS29,UNKNOWN_NOT_SEPARATELY_PROVEN,EXACT_TIMESTAMP,RECOVERED_EXACT,https://www.kap.org.tr/tr/Bildirim/1077557,441296df9db00cd31505c493b9c4c89c27df94cdbe7ecbed053c2369123da5af,
AGHOL.IS:2022Q4,AGHOL.IS,AGHOL,2022Q4,2022-12-31,ANNUAL,INDUSTRIAL_OR_HOLDING,XUSIN.IS,CONSOLIDATED,CONSOLIDATED,02.03.2023 18:22:46,2023-03-03T18:10:00,2023-03-15,1119336.0,[],1119336.0,1,FIRST_ONLY,HIGH,RESOLVED,1.000 TL,PRE_TFRS29,UNKNOWN_NOT_SEPARATELY_PROVEN,EXACT_TIMESTAMP,RECOVERED_EXACT,https://www.kap.org.tr/tr/Bildirim/1119336,8659c05f296db8d2eb354482cb7dc5edfe12be40786a18b5adc23deb7e329b03,
AGHOL.IS:2023Q1,AGHOL.IS,AGHOL,2023Q1,2023-03-31,INTERIM,INDUSTRIAL_OR_HOLDING,XUSIN.IS,CONSOLIDATED,CONSOLIDATED,05.05.2023 18:19:39,2023-05-08T18:10:00,2023-05-15,1147542.0,[],1147542.0,1,FIRST_ONLY,HIGH,RESOLVED,1.000 TL,PRE_TFRS29,UNKNOWN_NOT_SEPARATELY_PROVEN,EXACT_TIMESTAMP,RECOVERED_EXACT,https://www.kap.org.tr/tr/Bildirim/1147542,2d07c0c292a50b1f9514b024380d28fbee6d323863292363e61c5a5b99dc4405,
AGHOL.IS:2023Q2,AGHOL.IS,AGHOL,2023Q2,2023-06-30,INTERIM,INDUSTRIAL_OR_HOLDING,XUSIN.IS,CONSOLIDATED,CONSOLIDATED,10.08.2023 18:42:10,2023-08-11T18:10:00,2023-08-15,1184024.0,[],1184024.0,1,FIRST_ONLY,HIGH,RESOLVED,1.000 TL,PRE_TFRS29,UNKNOWN_NOT_SEPARATELY_PROVEN,EXACT_TIMESTAMP,RECOVERED_EXACT,https://www.kap.org.tr/tr/Bildirim/1184024,3f74d3edb9ff27b5a7c2665141a2a61a9f298db6a18a6e83c2f0bbaa87c208a7,
AGHOL.IS:2023Q3,AGHOL.IS,AGHOL,2023Q3,2023-09-30,INTERIM,INDUSTRIAL_OR_HOLDING,XUSIN.IS,CONSOLIDATED,CONSOLIDATED,03.11.2023 18:16:08,2023-11-06T18:10:00,2023-11-15,1214052.0,[],1214052.0,1,FIRST_ONLY,HIGH,RESOLVED,1.000 TL,PRE_TFRS29,UNKNOWN_NOT_SEPARATELY_PROVEN,EXACT_TIMESTAMP,RECOVERED_EXACT,https://www.kap.org.tr/tr/Bildirim/1214052,66cb442a63bda9d0a7aa77abc0301e4b784f649580f6f4e677b39183129e51f4,
AGHOL.IS:2023Q4,AGHOL.IS,AGHOL,2023Q4,2023-12-31,ANNUAL,INDUSTRIAL_OR_HOLDING,XUSIN.IS,CONSOLIDATED,CONSOLIDATED,26.03.2024 18:22:15,2024-03-27T18:10:00,2024-03-15,1262803.0,[],1262803.0,1,FIRST_ONLY,HIGH,RESOLVED,1.000 TL,POST_TFRS29_CONFIRMED,UNKNOWN_NOT_SEPARATELY_PROVEN,EXACT_TIMESTAMP,RECOVERED_EXACT,https://www.kap.org.tr/tr/Bildirim/1262803,81d34cbfcd2a7aba385f776d3347e04d90a09b9ac1e6fd596c0322ed0902d7ac,
AGHOL.IS:2024Q1,AGHOL.IS,AGHOL,2024Q1,2024-03-31,INTERIM,INDUSTRIAL_OR_HOLDING,XUSIN.IS,CONSOLIDATED,CONSOLIDATED,24.05.2024 18:42:42,2024-05-27T18:10:00,2024-05-15,1290883.0,[],1290883.0,1,FIRST_ONLY,HIGH,RESOLVED,1.000 TL,POST_TFRS29_UNKNOWN_COMPARATIVE,UNKNOWN_NOT_SEPARATELY_PROVEN,EXACT_TIMESTAMP,RECOVERED_EXACT,https://www.kap.org.tr/tr/Bildirim/1290883,b1dc52b3f7e30fe62870383f5c171015609da77cfc902e47b72cc68a424db59a,
AGHOL.IS:2024Q2,AGHOL.IS,AGHOL,2024Q2,2024-06-30,INTERIM,INDUSTRIAL_OR_HOLDING,XUSIN.IS,CONSOLIDATED,CONSOLIDATED,23.08.2024 18:15:10,2024-08-26T18:10:00,2024-08-15,1327395.0,[],1327395.0,1,FIRST_ONLY,HIGH,RESOLVED,1.000 TL,POST_TFRS29_UNKNOWN_COMPARATIVE,UNKNOWN_NOT_SEPARATELY_PROVEN,EXACT_TIMESTAMP,RECOVERED_EXACT,https://www.kap.org.tr/tr/Bildirim/1327395,d96ffec73e96d1cb95b697b40bc1fa2a27d84767c728c954e40c94d35c48d00b,
AGHOL.IS:2024Q3,AGHOL.IS,AGHOL,2024Q3,2024-09-30,INTERIM,INDUSTRIAL_OR_HOLDING,XUSIN.IS,CONSOLIDATED,CONSOLIDATED,07.11.2024 18:45:48,2024-11-08T18:10:00,2024-11-15,1355187.0,[],1355187.0,1,FIRST_ONLY,HIGH,RESOLVED,1.000 TL,POST_TFRS29_UNKNOWN_COMPARATIVE,UNKNOWN_NOT_SEPARATELY_PROVEN,EXACT_TIMESTAMP,RECOVERED_EXACT,https://www.kap.org.tr/tr/Bildirim/1355187,de0d2c286a094902d27e9dafc344981db67485ec8a8d4e7543e0c133b4c74a30,
AGHOL.IS:2024Q4,AGHOL.IS,AGHOL,2024Q4,2024-12-31,ANNUAL,INDUSTRIAL_OR_HOLDING,XUSIN.IS,CONSOLIDATED,CONSOLIDATED,06.03.2025 21:06:58,2025-03-07T18:10:00,2025-03-15,1401791.0,[],1401791.0,1,FIRST_ONLY,HIGH,RESOLVED,1.000 TL,POST_TFRS29_UNKNOWN_COMPARATIVE,UNKNOWN_NOT_SEPARATELY_PROVEN,EXACT_TIMESTAMP,RECOVERED_EXACT,https://www.kap.org.tr/tr/Bildirim/1401791,a97923100b1ff05d1294a39302ade34903879e03e77c3e4f68b6b9c935821ac5,
AGHOL.IS:2025Q1,AGHOL.IS,AGHOL,2025Q1,2025-03-31,INTERIM,INDUSTRIAL_OR_HOLDING,XUSIN.IS,CONSOLIDATED,CONSOLIDATED,09.05.2025 19:22:50,2025-05-12T18:10:00,2025-05-15,1436890.0,[],1436890.0,1,FIRST_ONLY,HIGH,RESOLVED,1.000 TL,POST_TFRS29_UNKNOWN_COMPARATIVE,UNKNOWN_NOT_SEPARATELY_PROVEN,EXACT_TIMESTAMP,RECOVERED_EXACT,https://www.kap.org.tr/tr/Bildirim/1436890,dad50c5bead5738c44682a9f040f5f7d26538af79c1af4a81ead2cdbad1e0531,
AGHOL.IS:2025Q2,AGHOL.IS,AGHOL,2025Q2,2025-06-30,INTERIM,INDUSTRIAL_OR_HOLDING,XUSIN.IS,CONSOLIDATED,CONSOLIDATED,14.08.2025 21:28:43,2025-08-15T18:10:00,2025-08-15,1478833.0,[],1478833.0,1,FIRST_ONLY,HIGH,RESOLVED,1.000 TL,POST_TFRS29_UNKNOWN_COMPARATIVE,UNKNOWN_NOT_SEPARATELY_PROVEN,EXACT_TIMESTAMP,RECOVERED_EXACT,https://www.kap.org.tr/tr/Bildirim/1478833,64ca472afe6702adde73f2e75d5b65e586463af690edce40f21e96614d705c43,
AGHOL.IS:2025Q3,AGHOL.IS,AGHOL,2025Q3,2025-09-30,INTERIM,INDUSTRIAL_OR_HOLDING,XUSIN.IS,CONSOLIDATED,CONSOLIDATED,07.11.2025 19:52:08,2025-11-10T18:10:00,2025-11-15,1513507.0,[],1513507.0,1,FIRST_ONLY,HIGH,RESOLVED,1.000 TL,POST_TFRS29_UNKNOWN_COMPARATIVE,UNKNOWN_NOT_SEPARATELY_PROVEN,EXACT_TIMESTAMP,RECOVERED_EXACT,https://www.kap.org.tr/tr/Bildirim/1513507,5392fd1acffa0636d40b5850287256dc6985bb7ff643f4c32e4b7a90658adcb6,
AGHOL.IS:2025Q4,AGHOL.IS,AGHOL,2025Q4,2025-12-31,ANNUAL,INDUSTRIAL_OR_HOLDING,XUSIN.IS,CONSOLIDATED,CONSOLIDATED,06.03.2026 19:03:52,2026-03-09T18:10:00,2026-03-15,1567700.0,[],1567700.0,1,FIRST_ONLY,HIGH,RESOLVED,1.000 TL,POST_TFRS29_UNKNOWN_COMPARATIVE,UNKNOWN_NOT_SEPARATELY_PROVEN,EXACT_TIMESTAMP,RECOVERED_EXACT,https://www.kap.org.tr/tr/Bildirim/1567700,9bd8f016c1e2a8f18c394e5920d78b58bec0274be1103b31955c37682c5b34d0,
AGHOL.IS:2026Q1,AGHOL.IS,AGHOL,2026Q1,2026-03-31,INTERIM,INDUSTRIAL_OR_HOLDING,XUSIN.IS,CONSOLIDATED,CONSOLIDATED,07.05.2026 18:55:05,2026-05-08T18:10:00,2026-05-15,1602740.0,[],1602740.0,1,FIRST_ONLY,HIGH,RESOLVED,1.000 TL,POST_TFRS29_UNKNOWN_COMPARATIVE,UNKNOWN_NOT_SEPARATELY_PROVEN,EXACT_TIMESTAMP,RECOVERED_EXACT,https://www.kap.org.tr/tr/Bildirim/1602740,83869135a2e714fa6861c27df090f5e6b5fa2fb1e97f27e26776cfbe5e58d9ac,
AGHOL.IS:2026Q2,AGHOL.IS,AGHOL,2026Q2,2026-06-30,INTERIM,INDUSTRIAL_OR_HOLDING,XUSIN.IS,CONSOLIDATED,CONSOLIDATED,13.08.2026 19:18:13,2026-08-14T18:10:00,2026-08-15,1649531.0,[],1649531.0,1,FIRST_ONLY,HIGH,RESOLVED,1.000 TL,POST_TFRS29_UNKNOWN_COMPARATIVE,UNKNOWN_NOT_SEPARATELY_PROVEN,EXACT_TIMESTAMP,RECOVERED_EXACT,https://www.kap.org.tr/tr/Bildirim/1649531,81737ed90911a09ba6118e54541106cb7dbc797da5fefadfba05833b80c80d53,
AGROT.IS:2020Q4,AGROT.IS,AGROT,2020Q4,2020-12-31,ANNUAL,INDUSTRIAL_OR_HOLDING,XU100.IS,UNKNOWN,CONSOLIDATED,,,2021-03-15,,[],,0,UNKNOWN,NONE,UNKNOWN,,UNKNOWN,UNKNOWN,UNKNOWN,UNRECOVERABLE,,,NO_EXACT_FINANCIAL_REPORT
AGROT.IS:2021Q4,AGROT.IS,AGROT,2021Q4,2021-12-31,ANNUAL,INDUSTRIAL_OR_HOLDING,XU100.IS,UNKNOWN,CONSOLIDATED,,,2022-03-15,,[],,0,UNKNOWN,NONE,UNKNOWN,,UNKNOWN,UNKNOWN,UNKNOWN,UNRECOVERABLE,,,NO_EXACT_FINANCIAL_REPORT
AGROT.IS:2022Q2,AGROT.IS,AGROT,2022Q2,2022-06-30,INTERIM,INDUSTRIAL_OR_HOLDING,XU100.IS,UNKNOWN,CONSOLIDATED,,,2022-08-15,,[],,0,UNKNOWN,NONE,UNKNOWN,,UNKNOWN,UNKNOWN,UNKNOWN,UNRECOVERABLE,,,NO_EXACT_FINANCIAL_REPORT
AGROT.IS:2022Q3,AGROT.IS,AGROT,2022Q3,2022-09-30,INTERIM,INDUSTRIAL_OR_HOLDING,XU100.IS,UNKNOWN,CONSOLIDATED,,,2022-11-15,,[],,0,UNKNOWN,NONE,UNKNOWN,,UNKNOWN,UNKNOWN,UNKNOWN,UNRECOVERABLE,,,NO_EXACT_FINANCIAL_REPORT
AGROT.IS:2022Q4,AGROT.IS,AGROT,2022Q4,2022-12-31,ANNUAL,INDUSTRIAL_OR_HOLDING,XU100.IS,UNKNOWN,CONSOLIDATED,,,2023-03-15,,[],,0,UNKNOWN,NONE,UNKNOWN,,UNKNOWN,UNKNOWN,UNKNOWN,UNRECOVERABLE,,,NO_EXACT_FINANCIAL_REPORT
AGROT.IS:2023Q1,AGROT.IS,AGROT,2023Q1,2023-03-31,INTERIM,INDUSTRIAL_OR_HOLDING,XU100.IS,UNKNOWN,CONSOLIDATED,,,2023-05-15,,[],,0,UNKNOWN,NONE,UNKNOWN,,UNKNOWN,UNKNOWN,UNKNOWN,UNRECOVERABLE,,,NO_EXACT_FINANCIAL_REPORT
AGROT.IS:2023Q2,AGROT.IS,AGROT,2023Q2,2023-06-30,INTERIM,INDUSTRIAL_OR_HOLDING,XU100.IS,UNKNOWN,CONSOLIDATED,,,2023-08-15,,[],,0,UNKNOWN,NONE,UNKNOWN,,UNKNOWN,UNKNOWN,UNKNOWN,UNRECOVERABLE,,,NO_EXACT_FINANCIAL_REPORT
AGROT.IS:2023Q3,AGROT.IS,AGROT,2023Q3,2023-09-30,INTERIM,INDUSTRIAL_OR_HOLDING,XU100.IS,CONSOLIDATED,CONSOLIDATED,15.12.2023 19:22:15,2023-12-18T18:10:00,2023-11-15,1226237.0,[],1226237.0,1,FIRST_ONLY,HIGH,RESOLVED,TL,PRE_TFRS29,UNKNOWN_NOT_SEPARATELY_PROVEN,EXACT_TIMESTAMP,RECOVERED_EXACT,https://www.kap.org.tr/tr/Bildirim/1226237,bdad9b28aa28d23c58029e34e2c862af0bfaa24653ab1e711ba238021b837d6e,
AGROT.IS:2023Q4,AGROT.IS,AGROT,2023Q4,2023-12-31,ANNUAL,INDUSTRIAL_OR_HOLDING,XU100.IS,CONSOLIDATED,CONSOLIDATED,16.04.2024 23:09:28,2024-04-17T18:10:00,2024-03-15,1273265.0,[],1273265.0,1,FIRST_ONLY,HIGH,RESOLVED,TL,POST_TFRS29_CONFIRMED,UNKNOWN_NOT_SEPARATELY_PROVEN,EXACT_TIMESTAMP,RECOVERED_EXACT,https://www.kap.org.tr/tr/Bildirim/1273265,6c674d1953b752eb9b8f148af7ac51943b70a428d68b0a0fde88ce846f6f4613,
AGROT.IS:2024Q1,AGROT.IS,AGROT,2024Q1,2024-03-31,INTERIM,INDUSTRIAL_OR_HOLDING,XU100.IS,CONSOLIDATED,CONSOLIDATED,17.04.2024 07:31:14,2024-04-18T18:10:00,2024-05-15,1273288.0,[],1273288.0,1,FIRST_ONLY,HIGH,RESOLVED,TL,POST_TFRS29_UNKNOWN_COMPARATIVE,UNKNOWN_NOT_SEPARATELY_PROVEN,EXACT_TIMESTAMP,RECOVERED_EXACT,https://www.kap.org.tr/tr/Bildirim/1273288,758561b66a0b6fe66d46856f648a58a808bdfe8c7da53bea23714b9fdcdf96d1,
AGROT.IS:2024Q2,AGROT.IS,AGROT,2024Q2,2024-06-30,INTERIM,INDUSTRIAL_OR_HOLDING,XU100.IS,CONSOLIDATED,CONSOLIDATED,27.09.2024 22:53:29,2024-09-30T18:10:00,2024-08-15,1338687.0,[1339176],1339176.0,2,FIRST_PLUS_CORRECTION,HIGH,RESOLVED,TL,POST_TFRS29_UNKNOWN_COMPARATIVE,UNKNOWN_NOT_SEPARATELY_PROVEN,EXACT_TIMESTAMP,RECOVERED_EXACT,https://www.kap.org.tr/tr/Bildirim/1338687,15153127559a8e2c185d6358fd24c54d10c8c99bf21d8560cc60a1f7912b13bc,
AGROT.IS:2024Q3,AGROT.IS,AGROT,2024Q3,2024-09-30,INTERIM,INDUSTRIAL_OR_HOLDING,XU100.IS,CONSOLIDATED,CONSOLIDATED,11.11.2024 18:28:35,2024-11-12T18:10:00,2024-11-15,1356597.0,[],1356597.0,1,FIRST_ONLY,HIGH,RESOLVED,TL,POST_TFRS29_UNKNOWN_COMPARATIVE,UNKNOWN_NOT_SEPARATELY_PROVEN,EXACT_TIMESTAMP,RECOVERED_EXACT,https://www.kap.org.tr/tr/Bildirim/1356597,77fadad815c5deadbcd94aa912ab78c45ca98ac37867f1895e42eb707a8add9d,
AGROT.IS:2024Q4,AGROT.IS,AGROT,2024Q4,2024-12-31,ANNUAL,INDUSTRIAL_OR_HOLDING,XU100.IS,CONSOLIDATED,CONSOLIDATED,25.03.2025 22:00:43,2025-03-26T18:10:00,2025-03-15,1411771.0,[],1411771.0,1,FIRST_ONLY,HIGH,RESOLVED,TL,POST_TFRS29_CONFIRMED,UNKNOWN_NOT_SEPARATELY_PROVEN,EXACT_TIMESTAMP,RECOVERED_EXACT,https://www.kap.org.tr/tr/Bildirim/1411771,11acfb2e478ac5ec2adcc622ca814ef7f44b4002eeb83b8470956bc8c02f6010,
AGROT.IS:2025Q1,AGROT.IS,AGROT,2025Q1,2025-03-31,INTERIM,INDUSTRIAL_OR_HOLDING,XU100.IS,CONSOLIDATED,CONSOLIDATED,12.05.2025 18:31:42,2025-05-13T18:10:00,2025-05-15,1437707.0,[],1437707.0,1,FIRST_ONLY,HIGH,RESOLVED,TL,POST_TFRS29_UNKNOWN_COMPARATIVE,UNKNOWN_NOT_SEPARATELY_PROVEN,EXACT_TIMESTAMP,RECOVERED_EXACT,https://www.kap.org.tr/tr/Bildirim/1437707,5166c250d0d50f27c2520f8df414cc9b52d1423bd64765c6cacc0e10d6630b58,
AGROT.IS:2025Q2,AGROT.IS,AGROT,2025Q2,2025-06-30,INTERIM,INDUSTRIAL_OR_HOLDING,XU100.IS,CONSOLIDATED,CONSOLIDATED,19.08.2025 20:13:57,2025-08-20T18:10:00,2025-08-15,1481009.0,[],1481009.0,1,FIRST_ONLY,HIGH,RESOLVED,TL,POST_TFRS29_UNKNOWN_COMPARATIVE,UNKNOWN_NOT_SEPARATELY_PROVEN,EXACT_TIMESTAMP,RECOVERED_EXACT,https://www.kap.org.tr/tr/Bildirim/1481009,86133b853de01324400410b35d3a82fda2af59c428feff848c90df3f55a090cd,
AGROT.IS:2025Q3,AGROT.IS,AGROT,2025Q3,2025-09-30,INTERIM,INDUSTRIAL_OR_HOLDING,XU100.IS,CONSOLIDATED,CONSOLIDATED,12.11.2025 18:19:06,2025-11-13T18:10:00,2025-11-15,1516216.0,[],1516216.0,1,FIRST_ONLY,HIGH,RESOLVED,TL,POST_TFRS29_UNKNOWN_COMPARATIVE,UNKNOWN_NOT_SEPARATELY_PROVEN,EXACT_TIMESTAMP,RECOVERED_EXACT,https://www.kap.org.tr/tr/Bildirim/1516216,e101edf947ea94369a12de17e5a16e2ccfdbe64a2d12a183124fa76b9972dfa3,
AGROT.IS:2025Q4,AGROT.IS,AGROT,2025Q4,2025-12-31,ANNUAL,INDUSTRIAL_OR_HOLDING,XU100.IS,CONSOLIDATED,CONSOLIDATED,11.03.2026 21:12:32,2026-03-12T18:10:00,2026-03-15,1571044.0,[],1571044.0,1,FIRST_ONLY,HIGH,RESOLVED,TL,POST_TFRS29_CONFIRMED,UNKNOWN_NOT_SEPARATELY_PROVEN,EXACT_TIMESTAMP,RECOVERED_EXACT,https://www.kap.org.tr/tr/Bildirim/1571044,746f5fb3b0b4b64618967c0bbde4a3c4a52d0a92d3ec0d955ed3b96a526cd218,
AGROT.IS:2026Q1,AGROT.IS,AGROT,2026Q1,2026-03-31,INTERIM,INDUSTRIAL_OR_HOLDING,XU100.IS,CONSOLIDATED,CONSOLIDATED,11.05.2026 20:04:44,2026-05-12T18:10:00,2026-05-15,1605587.0,[],1605587.0,1,FIRST_ONLY,HIGH,RESOLVED,TL,POST_TFRS29_UNKNOWN_COMPARATIVE,UNKNOWN_NOT_SEPARATELY_PROVEN,EXACT_TIMESTAMP,RECOVERED_EXACT,https://www.kap.org.tr/tr/Bildirim/1605587,f8edb8c56b85de347bc4d380debd6c448f351804729020a4a7f5233aa5eaa35c,
AGROT.IS:2026Q2,AGROT.IS,AGROT,2026Q2,2026-06-30,INTERIM,INDUSTRIAL_OR_HOLDING,XU100.IS,CONSOLIDATED,CONSOLIDATED,11.08.2026 22:08:31,2026-08-12T18:10:00,2026-08-15,1648255.0,[1648935],1648935.0,2,FIRST_PLUS_CORRECTION,HIGH,RESOLVED,TL,POST_TFRS29_UNKNOWN_COMPARATIVE,UNKNOWN_NOT_SEPARATELY_PROVEN,EXACT_TIMESTAMP,RECOVERED_EXACT,https://www.kap.org.tr/tr/Bildirim/1648255,064f7d56938f368e9f3bbfc56bbd4c57822453f90fc1b1ab85acedd63b077cf0,
AKBNK.IS:2018Q1,AKBNK.IS,AKBNK,2018Q1,2018-03-31,INTERIM,BANK,XBANK.IS,NON_CONSOLIDATED,NON_CONSOLIDATED,25.04.2018 18:11:15,2018-04-26T18:10:00,2018-05-15,678901.0,[],678901.0,1,FIRST_ONLY,HIGH,RESOLVED,1.000 TL,PRE_TFRS29,UNKNOWN_NOT_SEPARATELY_PROVEN,EXACT_TIMESTAMP,RECOVERED_EXACT,https://www.kap.org.tr/tr/Bildirim/678901,59d0ee722d2c0a698d582108d89b155b2a2356d0a74577c2aa0f1705d145ad3d,
AKBNK.IS:2018Q2,AKBNK.IS,AKBNK,2018Q2,2018-06-30,INTERIM,BANK,XBANK.IS,NON_CONSOLIDATED,NON_CONSOLIDATED,25.07.2018 18:11:38,2018-07-26T18:10:00,2018-08-15,697681.0,[],697681.0,1,FIRST_ONLY,HIGH,RESOLVED,1.000 TL,PRE_TFRS29,UNKNOWN_NOT_SEPARATELY_PROVEN,EXACT_TIMESTAMP,RECOVERED_EXACT,https://www.kap.org.tr/tr/Bildirim/697681,c49fc30eac8c30edeef3cb6f934637f05808f4827102f9139bd8c6866582810b,
AKBNK.IS:2018Q3,AKBNK.IS,AKBNK,2018Q3,2018-09-30,INTERIM,BANK,XBANK.IS,NON_CONSOLIDATED,NON_CONSOLIDATED,24.10.2018 18:11:04,2018-10-25T18:10:00,2018-11-15,715324.0,[],715324.0,1,FIRST_ONLY,HIGH,RESOLVED,1.000 TL,PRE_TFRS29,UNKNOWN_NOT_SEPARATELY_PROVEN,EXACT_TIMESTAMP,RECOVERED_EXACT,https://www.kap.org.tr/tr/Bildirim/715324,5c195ad4277a607c25c7097afcad8acdf1a3b3cf4a5a0a15ec493285a3756b43,
AKBNK.IS:2018Q4,AKBNK.IS,AKBNK,2018Q4,2018-12-31,ANNUAL,BANK,XBANK.IS,NON_CONSOLIDATED,NON_CONSOLIDATED,31.01.2019 18:25:46,2019-02-01T18:10:00,2019-03-15,736768.0,[],736768.0,1,FIRST_ONLY,HIGH,RESOLVED,1.000 TL,PRE_TFRS29,UNKNOWN_NOT_SEPARATELY_PROVEN,EXACT_TIMESTAMP,RECOVERED_EXACT,https://www.kap.org.tr/tr/Bildirim/736768,1b1919476a2cbce49795fc50678e96debc9b51a4d9754e9f6899a481f5b341be,
AKBNK.IS:2019Q1,AKBNK.IS,AKBNK,2019Q1,2019-03-31,INTERIM,BANK,XBANK.IS,NON_CONSOLIDATED,NON_CONSOLIDATED,26.04.2019 18:11:12,2019-04-29T18:10:00,2019-05-15,758393.0,[],758393.0,1,FIRST_ONLY,HIGH,RESOLVED,1.000 TL,PRE_TFRS29,UNKNOWN_NOT_SEPARATELY_PROVEN,EXACT_TIMESTAMP,RECOVERED_EXACT,https://www.kap.org.tr/tr/Bildirim/758393,1b469560e7ee470445ab80df913e2842be2f3e66ef8e0e1f5de4599f92b618d7,
AKBNK.IS:2019Q2,AKBNK.IS,AKBNK,2019Q2,2019-06-30,INTERIM,BANK,XBANK.IS,NON_CONSOLIDATED,NON_CONSOLIDATED,25.07.2019 18:11:17,2019-07-26T18:10:00,2019-08-15,776837.0,[],776837.0,1,FIRST_ONLY,HIGH,RESOLVED,1.000 TL,PRE_TFRS29,UNKNOWN_NOT_SEPARATELY_PROVEN,EXACT_TIMESTAMP,RECOVERED_EXACT,https://www.kap.org.tr/tr/Bildirim/776837,0136b213ec6ed8b96309b6aa973e4aa68a2d974c09fdb7a69a6b6474972313ae,
AKBNK.IS:2019Q3,AKBNK.IS,AKBNK,2019Q3,2019-09-30,INTERIM,BANK,XBANK.IS,NON_CONSOLIDATED,NON_CONSOLIDATED,25.10.2019 18:10:29,2019-10-28T18:10:00,2019-11-15,794877.0,[],794877.0,1,FIRST_ONLY,HIGH,RESOLVED,1.000 TL,PRE_TFRS29,UNKNOWN_NOT_SEPARATELY_PROVEN,EXACT_TIMESTAMP,RECOVERED_EXACT,https://www.kap.org.tr/tr/Bildirim/794877,77839b238b663f7d71414c3cff9a9b972b5a0c8ce1f2544c12623ff14e07cecf,
AKBNK.IS:2019Q4,AKBNK.IS,AKBNK,2019Q4,2019-12-31,ANNUAL,BANK,XBANK.IS,NON_CONSOLIDATED,NON_CONSOLIDATED,31.01.2020 18:13:13,2020-02-03T18:10:00,2020-03-15,816358.0,[],816358.0,1,FIRST_ONLY,HIGH,RESOLVED,1.000 TL,PRE_TFRS29,UNKNOWN_NOT_SEPARATELY_PROVEN,EXACT_TIMESTAMP,RECOVERED_EXACT,https://www.kap.org.tr/tr/Bildirim/816358,c7746cb90e2f9a03b89fad7c1950993e3b7f7e995813dc828ed5cbab6a3a22f0,
AKBNK.IS:2020Q1,AKBNK.IS,AKBNK,2020Q1,2020-03-31,INTERIM,BANK,XBANK.IS,NON_CONSOLIDATED,NON_CONSOLIDATED,28.04.2020 18:10:56,2020-04-29T18:10:00,2020-05-15,840901.0,[],840901.0,1,FIRST_ONLY,HIGH,RESOLVED,1.000 TL,PRE_TFRS29,UNKNOWN_NOT_SEPARATELY_PROVEN,EXACT_TIMESTAMP,RECOVERED_EXACT,https://www.kap.org.tr/tr/Bildirim/840901,4d808cbfe131dc0e7c85b084e5a9f288b85972d768513fe7f42d8a72f2d9f896,
AKBNK.IS:2020Q2,AKBNK.IS,AKBNK,2020Q2,2020-06-30,INTERIM,BANK,XBANK.IS,NON_CONSOLIDATED,NON_CONSOLIDATED,28.07.2020 18:11:38,2020-07-29T18:10:00,2020-08-15,862767.0,[],862767.0,1,FIRST_ONLY,HIGH,RESOLVED,1.000 TL,PRE_TFRS29,UNKNOWN_NOT_SEPARATELY_PROVEN,EXACT_TIMESTAMP,RECOVERED_EXACT,https://www.kap.org.tr/tr/Bildirim/862767,5752b5488a03a08b939d4ee458b86b1119b91e14b51f0804301520d375f9410c,
AKBNK.IS:2020Q3,AKBNK.IS,AKBNK,2020Q3,2020-09-30,INTERIM,BANK,XBANK.IS,NON_CONSOLIDATED,NON_CONSOLIDATED,27.10.2020 18:12:17,2020-10-28T18:10:00,2020-11-15,884402.0,[],884402.0,1,FIRST_ONLY,HIGH,RESOLVED,1.000 TL,PRE_TFRS29,UNKNOWN_NOT_SEPARATELY_PROVEN,EXACT_TIMESTAMP,RECOVERED_EXACT,https://www.kap.org.tr/tr/Bildirim/884402,24e31191f9d2d8b571f0db62183237ba4bd0318d33ad189d931d55602575930b,
AKBNK.IS:2020Q4,AKBNK.IS,AKBNK,2020Q4,2020-12-31,ANNUAL,BANK,XBANK.IS,NON_CONSOLIDATED,NON_CONSOLIDATED,02.02.2021 18:11:16,2021-02-03T18:10:00,2021-03-15,907036.0,[],907036.0,1,FIRST_ONLY,HIGH,RESOLVED,1.000 TL,PRE_TFRS29,UNKNOWN_NOT_SEPARATELY_PROVEN,EXACT_TIMESTAMP,RECOVERED_EXACT,https://www.kap.org.tr/tr/Bildirim/907036,f52eadc81255ed5597891a08574ea9e412ba725a63ae9480705bcd60cbb8cef9,
AKBNK.IS:2021Q1,AKBNK.IS,AKBNK,2021Q1,2021-03-31,INTERIM,BANK,XBANK.IS,NON_CONSOLIDATED,NON_CONSOLIDATED,28.04.2021 18:10:41,2021-04-29T18:10:00,2021-05-15,931903.0,[],931903.0,1,FIRST_ONLY,HIGH,RESOLVED,1.000 TL,PRE_TFRS29,UNKNOWN_NOT_SEPARATELY_PROVEN,EXACT_TIMESTAMP,RECOVERED_EXACT,https://www.kap.org.tr/tr/Bildirim/931903,cc1965af20cee2be103b862a5372e11fda6d49bbe95e18703da8a2b346b8f828,
AKBNK.IS:2021Q2,AKBNK.IS,AKBNK,2021Q2,2021-06-30,INTERIM,BANK,XBANK.IS,NON_CONSOLIDATED,NON_CONSOLIDATED,28.07.2021 18:10:42,2021-07-29T18:10:00,2021-08-15,952364.0,[],952364.0,1,FIRST_ONLY,HIGH,RESOLVED,1.000 TL,PRE_TFRS29,UNKNOWN_NOT_SEPARATELY_PROVEN,EXACT_TIMESTAMP,RECOVERED_EXACT,https://www.kap.org.tr/tr/Bildirim/952364,afbee6c102115845a225bd8ec6b37ff3effb8536621c51e04ebaa248b08fc0da,
AKBNK.IS:2021Q3,AKBNK.IS,AKBNK,2021Q3,2021-09-30,INTERIM,BANK,XBANK.IS,NON_CONSOLIDATED,NON_CONSOLIDATED,26.10.2021 18:10:30,2021-10-27T18:10:00,2021-11-15,972530.0,[],972530.0,1,FIRST_ONLY,HIGH,RESOLVED,1.000 TL,PRE_TFRS29,UNKNOWN_NOT_SEPARATELY_PROVEN,EXACT_TIMESTAMP,RECOVERED_EXACT,https://www.kap.org.tr/tr/Bildirim/972530,67c9c0af21af5b31704c9dc4d2cc15b8b13f9f39d5cb4a7f10fd59cf77d4919b,
AKBNK.IS:2021Q4,AKBNK.IS,AKBNK,2021Q4,2021-12-31,ANNUAL,BANK,XBANK.IS,NON_CONSOLIDATED,NON_CONSOLIDATED,01.02.2022 18:10:43,2022-02-02T18:10:00,2022-03-15,998625.0,[],998625.0,1,FIRST_ONLY,HIGH,RESOLVED,1.000 TL,PRE_TFRS29,UNKNOWN_NOT_SEPARATELY_PROVEN,EXACT_TIMESTAMP,RECOVERED_EXACT,https://www.kap.org.tr/tr/Bildirim/998625,0fa6292f6ea4241785063d188fd3cb31bf8959ef12454880bf9babafc70159f0,
AKBNK.IS:2022Q1,AKBNK.IS,AKBNK,2022Q1,2022-03-31,INTERIM,BANK,XBANK.IS,NON_CONSOLIDATED,NON_CONSOLIDATED,27.04.2022 18:10:50,2022-04-28T18:10:00,2022-05-15,1024365.0,[],1024365.0,1,FIRST_ONLY,HIGH,RESOLVED,1.000 TL,PRE_TFRS29,UNKNOWN_NOT_SEPARATELY_PROVEN,EXACT_TIMESTAMP,RECOVERED_EXACT,https://www.kap.org.tr/tr/Bildirim/1024365,f83dae1d850596d3f03d6bc58649103f39ad041d079cea132a4e2735a7aeaa5a,
AKBNK.IS:2022Q2,AKBNK.IS,AKBNK,2022Q2,2022-06-30,INTERIM,BANK,XBANK.IS,NON_CONSOLIDATED,NON_CONSOLIDATED,27.07.2022 18:10:32,2022-07-28T18:10:00,2022-08-15,1048278.0,[],1048278.0,1,FIRST_ONLY,HIGH,RESOLVED,1.000 TL,PRE_TFRS29,UNKNOWN_NOT_SEPARATELY_PROVEN,EXACT_TIMESTAMP,RECOVERED_EXACT,https://www.kap.org.tr/tr/Bildirim/1048278,a36a08bd05b93c3c28675b831bdcb9d1c4cf417df937cc9c0fc4a161ec014a6a,
AKBNK.IS:2022Q3,AKBNK.IS,AKBNK,2022Q3,2022-09-30,INTERIM,BANK,XBANK.IS,NON_CONSOLIDATED,NON_CONSOLIDATED,26.10.2022 18:11:34,2022-10-27T18:10:00,2022-11-15,1074407.0,[],1074407.0,1,FIRST_ONLY,HIGH,RESOLVED,1.000 TL,PRE_TFRS29,UNKNOWN_NOT_SEPARATELY_PROVEN,EXACT_TIMESTAMP,RECOVERED_EXACT,https://www.kap.org.tr/tr/Bildirim/1074407,4f25e88d686ba39f7ebf0c4be92a092afc924746b89e8f16b8aa04b06577a325,
AKBNK.IS:2022Q4,AKBNK.IS,AKBNK,2022Q4,2022-12-31,ANNUAL,BANK,XBANK.IS,NON_CONSOLIDATED,NON_CONSOLIDATED,31.01.2023 18:16:27,2023-02-01T18:10:00,2023-03-15,1107380.0,[],1107380.0,1,FIRST_ONLY,HIGH,RESOLVED,1.000 TL,PRE_TFRS29,UNKNOWN_NOT_SEPARATELY_PROVEN,EXACT_TIMESTAMP,RECOVERED_EXACT,https://www.kap.org.tr/tr/Bildirim/1107380,1f48d17fe9a6cd83eab0acd0e8833d707d6a9987566bfaec9eea432a69f2d8bc,
AKBNK.IS:2023Q1,AKBNK.IS,AKBNK,2023Q1,2023-03-31,INTERIM,BANK,XBANK.IS,NON_CONSOLIDATED,NON_CONSOLIDATED,26.04.2023 18:17:21,2023-04-27T18:10:00,2023-05-15,1141352.0,[],1141352.0,1,FIRST_ONLY,HIGH,RESOLVED,1.000 TL,PRE_TFRS29,UNKNOWN_NOT_SEPARATELY_PROVEN,EXACT_TIMESTAMP,RECOVERED_EXACT,https://www.kap.org.tr/tr/Bildirim/1141352,92461691f1c44dd3d0aecb8145d3b9341569ca322c87138f4f9b8d74e6e0daed,
AKBNK.IS:2023Q2,AKBNK.IS,AKBNK,2023Q2,2023-06-30,INTERIM,BANK,XBANK.IS,NON_CONSOLIDATED,NON_CONSOLIDATED,26.07.2023 18:15:49,2023-07-27T18:10:00,2023-08-15,1175516.0,[],1175516.0,1,FIRST_ONLY,HIGH,RESOLVED,1.000 TL,PRE_TFRS29,UNKNOWN_NOT_SEPARATELY_PROVEN,EXACT_TIMESTAMP,RECOVERED_EXACT,https://www.kap.org.tr/tr/Bildirim/1175516,1521cd8baa61aa5d34cbfca358178b5a0c3e03f70636cbb04eb67e92acc41c7a,
AKBNK.IS:2023Q3,AKBNK.IS,AKBNK,2023Q3,2023-09-30,INTERIM,BANK,XBANK.IS,NON_CONSOLIDATED,NON_CONSOLIDATED,26.10.2023 18:15:24,2023-10-27T18:10:00,2023-11-15,1210588.0,[],1210588.0,1,FIRST_ONLY,HIGH,RESOLVED,1.000 TL,PRE_TFRS29,UNKNOWN_NOT_SEPARATELY_PROVEN,EXACT_TIMESTAMP,RECOVERED_EXACT,https://www.kap.org.tr/tr/Bildirim/1210588,42cf64c07f2369dd5965823eff114c92a0a55ffc5f53b457be68ab2509ea0370,
AKBNK.IS:2023Q4,AKBNK.IS,AKBNK,2023Q4,2023-12-31,ANNUAL,BANK,XBANK.IS,NON_CONSOLIDATED,NON_CONSOLIDATED,01.02.2024 18:16:07,2024-02-02T18:10:00,2024-03-15,1246216.0,[],1246216.0,1,FIRST_ONLY,HIGH,RESOLVED,1.000 TL,BANK_BDDK_NOT_APPLIED,UNKNOWN_NOT_SEPARATELY_PROVEN,EXACT_TIMESTAMP,RECOVERED_EXACT,https://www.kap.org.tr/tr/Bildirim/1246216,c5af2d0bae830a6177d098a38d4aad57d7157011addf559b1fc5f44f204852c4,
AKBNK.IS:2024Q1,AKBNK.IS,AKBNK,2024Q1,2024-03-31,INTERIM,BANK,XBANK.IS,NON_CONSOLIDATED,NON_CONSOLIDATED,30.04.2024 18:15:35,2024-05-02T18:10:00,2024-05-15,1279561.0,[],1279561.0,1,FIRST_ONLY,HIGH,RESOLVED,1.000 TL,BANK_BDDK_NOT_APPLIED,UNKNOWN_NOT_SEPARATELY_PROVEN,EXACT_TIMESTAMP,RECOVERED_EXACT,https://www.kap.org.tr/tr/Bildirim/1279561,7330b4b95cefcb72260db9622fe115d56a98fe21b529b4487cc5c4b86e212911,
AKBNK.IS:2024Q2,AKBNK.IS,AKBNK,2024Q2,2024-06-30,INTERIM,BANK,XBANK.IS,NON_CONSOLIDATED,NON_CONSOLIDATED,29.07.2024 18:15:26,2024-07-30T18:10:00,2024-08-15,1316532.0,[],1316532.0,1,FIRST_ONLY,HIGH,RESOLVED,1.000 TL,BANK_BDDK_NOT_APPLIED,UNKNOWN_NOT_SEPARATELY_PROVEN,EXACT_TIMESTAMP,RECOVERED_EXACT,https://www.kap.org.tr/tr/Bildirim/1316532,b5de2950c44c61613d07d08070bdb1a3c8473399320ef70470b11f132f131444,
AKBNK.IS:2024Q3,AKBNK.IS,AKBNK,2024Q3,2024-09-30,INTERIM,BANK,XBANK.IS,NON_CONSOLIDATED,NON_CONSOLIDATED,24.10.2024 18:16:18,2024-10-25T18:10:00,2024-11-15,1350569.0,[],1350569.0,1,FIRST_ONLY,HIGH,RESOLVED,1.000 TL,BANK_BDDK_NOT_APPLIED,UNKNOWN_NOT_SEPARATELY_PROVEN,EXACT_TIMESTAMP,RECOVERED_EXACT,https://www.kap.org.tr/tr/Bildirim/1350569,8f0ed1903771256c80b4e54b86338f0c4c14e3d75e4a138d50ad9ec0cf096782,
AKBNK.IS:2024Q4,AKBNK.IS,AKBNK,2024Q4,2024-12-31,ANNUAL,BANK,XBANK.IS,NON_CONSOLIDATED,NON_CONSOLIDATED,30.01.2025 18:15:20,2025-01-31T18:10:00,2025-03-15,1386666.0,[],1386666.0,1,FIRST_ONLY,HIGH,RESOLVED,1.000 TL,BANK_BDDK_NOT_APPLIED,UNKNOWN_NOT_SEPARATELY_PROVEN,EXACT_TIMESTAMP,RECOVERED_EXACT,https://www.kap.org.tr/tr/Bildirim/1386666,1e27b3471677f9f2cc490dc798767c787a8c7c7c35e3b5067aaa5f0ff06a16d8,
AKBNK.IS:2025Q1,AKBNK.IS,AKBNK,2025Q1,2025-03-31,INTERIM,BANK,XBANK.IS,NON_CONSOLIDATED,NON_CONSOLIDATED,25.04.2025 18:15:25,2025-04-28T18:10:00,2025-05-15,1429678.0,[],1429678.0,1,FIRST_ONLY,HIGH,RESOLVED,1.000 TL,BANK_BDDK_NOT_APPLIED,UNKNOWN_NOT_SEPARATELY_PROVEN,EXACT_TIMESTAMP,RECOVERED_EXACT,https://www.kap.org.tr/tr/Bildirim/1429678,6e23f052241719fd703d89f32cbd45759ebf9924dcf190ef0eb5c483bd5bb9fc,
AKBNK.IS:2025Q2,AKBNK.IS,AKBNK,2025Q2,2025-06-30,INTERIM,BANK,XBANK.IS,NON_CONSOLIDATED,NON_CONSOLIDATED,29.07.2025 18:15:23,2025-07-30T18:10:00,2025-08-15,1467850.0,[],1467850.0,1,FIRST_ONLY,HIGH,RESOLVED,1.000 TL,BANK_BDDK_NOT_APPLIED,UNKNOWN_NOT_SEPARATELY_PROVEN,EXACT_TIMESTAMP,RECOVERED_EXACT,https://www.kap.org.tr/tr/Bildirim/1467850,502d4117f3e154ab316a007cf5125d632fe70451400fa12e2f534d5454d6660d,
AKBNK.IS:2025Q3,AKBNK.IS,AKBNK,2025Q3,2025-09-30,INTERIM,BANK,XBANK.IS,NON_CONSOLIDATED,NON_CONSOLIDATED,23.10.2025 18:15:23,2025-10-24T18:10:00,2025-11-15,1507402.0,[],1507402.0,1,FIRST_ONLY,HIGH,RESOLVED,1.000 TL,BANK_BDDK_NOT_APPLIED,UNKNOWN_NOT_SEPARATELY_PROVEN,EXACT_TIMESTAMP,RECOVERED_EXACT,https://www.kap.org.tr/tr/Bildirim/1507402,5f4174c1f982f977f4009f352a8e3998f24478e3db8a163f5bcdb23efa0eb63a,
AKBNK.IS:2025Q4,AKBNK.IS,AKBNK,2025Q4,2025-12-31,ANNUAL,BANK,XBANK.IS,NON_CONSOLIDATED,NON_CONSOLIDATED,02.02.2026 18:27:24,2026-02-03T18:10:00,2026-03-15,1551576.0,[],1551576.0,1,FIRST_ONLY,HIGH,RESOLVED,1.000 TL,BANK_BDDK_NOT_APPLIED,UNKNOWN_NOT_SEPARATELY_PROVEN,EXACT_TIMESTAMP,RECOVERED_EXACT,https://www.kap.org.tr/tr/Bildirim/1551576,c9da65df1707a44dd01458224eea4f802ff8e92203cc79580ff208ff06c30fe3,
AKBNK.IS:2026Q1,AKBNK.IS,AKBNK,2026Q1,2026-03-31,INTERIM,BANK,XBANK.IS,NON_CONSOLIDATED,NON_CONSOLIDATED,28.04.2026 18:15:51,2026-04-29T18:10:00,2026-05-15,1598264.0,[],1598264.0,1,FIRST_ONLY,HIGH,RESOLVED,1.000 TL,BANK_BDDK_NOT_APPLIED,UNKNOWN_NOT_SEPARATELY_PROVEN,EXACT_TIMESTAMP,RECOVERED_EXACT,https://www.kap.org.tr/tr/Bildirim/1598264,38e2d96cce78c624df210946961cbb2524c89986067e49974b31f95968eaa32f,
AKBNK.IS:2026Q2,AKBNK.IS,AKBNK,2026Q2,2026-06-30,INTERIM,BANK,XBANK.IS,NON_CONSOLIDATED,NON_CONSOLIDATED,28.07.2026 18:15:32,2026-07-29T18:10:00,2026-08-15,1637885.0,[],1637885.0,1,FIRST_ONLY,HIGH,RESOLVED,1.000.000 TL,BANK_BDDK_NOT_APPLIED,UNKNOWN_NOT_SEPARATELY_PROVEN,EXACT_TIMESTAMP,RECOVERED_EXACT,https://www.kap.org.tr/tr/Bildirim/1637885,a680607785fe95b2543cfd0d34464cf9e3792815d41e53c23ff22b3f050a7d3b,
ALARK.IS:2018Q1,ALARK.IS,ALARK,2018Q1,2018-03-31,INTERIM,INDUSTRIAL_OR_HOLDING,XUSIN.IS,CONSOLIDATED,CONSOLIDATED,09.05.2018 18:19:16,2018-05-10T18:10:00,2018-05-15,682464.0,[],682464.0,1,FIRST_ONLY,HIGH,RESOLVED,TL,PRE_TFRS29,UNKNOWN_NOT_SEPARATELY_PROVEN,EXACT_TIMESTAMP,RECOVERED_EXACT,https://www.kap.org.tr/tr/Bildirim/682464,9a627e1f95744bf6ffc601afac7df06f1396eba59ad0b188b4201e2ae1406be6,
ALARK.IS:2018Q2,ALARK.IS,ALARK,2018Q2,2018-06-30,INTERIM,INDUSTRIAL_OR_HOLDING,XUSIN.IS,CONSOLIDATED,CONSOLIDATED,17.08.2018 18:45:23,2018-08-20T18:10:00,2018-08-15,704847.0,[],704847.0,1,FIRST_ONLY,HIGH,RESOLVED,TL,PRE_TFRS29,UNKNOWN_NOT_SEPARATELY_PROVEN,EXACT_TIMESTAMP,RECOVERED_EXACT,https://www.kap.org.tr/tr/Bildirim/704847,edadb9b8b9fce4135f10d351ef7b6d6dd99aaf990229b05e87d6aac56768c9ec,
ALARK.IS:2018Q3,ALARK.IS,ALARK,2018Q3,2018-09-30,INTERIM,INDUSTRIAL_OR_HOLDING,XUSIN.IS,CONSOLIDATED,CONSOLIDATED,09.11.2018 18:44:04,2018-11-12T18:10:00,2018-11-15,719167.0,[],719167.0,1,FIRST_ONLY,HIGH,RESOLVED,TL,PRE_TFRS29,UNKNOWN_NOT_SEPARATELY_PROVEN,EXACT_TIMESTAMP,RECOVERED_EXACT,https://www.kap.org.tr/tr/Bildirim/719167,e1da471736f52212b911ff7edf8b481817fbf9497955552ee09927b58c809ae1,
ALARK.IS:2018Q4,ALARK.IS,ALARK,2018Q4,2018-12-31,ANNUAL,INDUSTRIAL_OR_HOLDING,XUSIN.IS,CONSOLIDATED,CONSOLIDATED,12.03.2019 00:14:24,2019-03-13T18:10:00,2019-03-15,747294.0,[],747294.0,1,FIRST_ONLY,HIGH,RESOLVED,TL,PRE_TFRS29,UNKNOWN_NOT_SEPARATELY_PROVEN,EXACT_TIMESTAMP,RECOVERED_EXACT,https://www.kap.org.tr/tr/Bildirim/747294,6e2de1b4888f33f6c7bf2611e85d7adf4dc5ee0ad9df622db4ee5b83e2e07cbb,
ALARK.IS:2019Q1,ALARK.IS,ALARK,2019Q1,2019-03-31,INTERIM,INDUSTRIAL_OR_HOLDING,XUSIN.IS,CONSOLIDATED,CONSOLIDATED,10.05.2019 18:20:33,2019-05-13T18:10:00,2019-05-15,763141.0,[],763141.0,1,FIRST_ONLY,HIGH,RESOLVED,TL,PRE_TFRS29,UNKNOWN_NOT_SEPARATELY_PROVEN,EXACT_TIMESTAMP,RECOVERED_EXACT,https://www.kap.org.tr/tr/Bildirim/763141,338b95671652fc1ffc2f4f58ff74dd19b482011b51096cc1c8fdbfee0612db55,
ALARK.IS:2019Q2,ALARK.IS,ALARK,2019Q2,2019-06-30,INTERIM,INDUSTRIAL_OR_HOLDING,XUSIN.IS,CONSOLIDATED,CONSOLIDATED,09.08.2019 18:33:48,2019-08-15T18:10:00,2019-08-15,782018.0,[],782018.0,1,FIRST_ONLY,HIGH,RESOLVED,TL,PRE_TFRS29,UNKNOWN_NOT_SEPARATELY_PROVEN,EXACT_TIMESTAMP,RECOVERED_EXACT,https://www.kap.org.tr/tr/Bildirim/782018,86bde8930a10f0e88a1d609a3f0149a00dcf15cfd3f94b636ae0ea2c4c87062d,
ALARK.IS:2019Q3,ALARK.IS,ALARK,2019Q3,2019-09-30,INTERIM,INDUSTRIAL_OR_HOLDING,XUSIN.IS,CONSOLIDATED,CONSOLIDATED,07.11.2019 18:24:15,2019-11-08T18:10:00,2019-11-15,797322.0,[],797322.0,1,FIRST_ONLY,HIGH,RESOLVED,TL,PRE_TFRS29,UNKNOWN_NOT_SEPARATELY_PROVEN,EXACT_TIMESTAMP,RECOVERED_EXACT,https://www.kap.org.tr/tr/Bildirim/797322,526f5dc16aad3796c4c8c82c708196ddcb86e627543706a4496a8d7186a3e067,
ALARK.IS:2019Q4,ALARK.IS,ALARK,2019Q4,2019-12-31,ANNUAL,INDUSTRIAL_OR_HOLDING,XUSIN.IS,CONSOLIDATED,CONSOLIDATED,02.03.2020 22:10:24,2020-03-03T18:10:00,2020-03-15,823712.0,[],823712.0,1,FIRST_ONLY,HIGH,RESOLVED,TL,PRE_TFRS29,UNKNOWN_NOT_SEPARATELY_PROVEN,EXACT_TIMESTAMP,RECOVERED_EXACT,https://www.kap.org.tr/tr/Bildirim/823712,f79e9e7e4519897d0f09fd284a929734a157e0930d09608c5810f4f080371ea7,
ALARK.IS:2020Q1,ALARK.IS,ALARK,2020Q1,2020-03-31,INTERIM,INDUSTRIAL_OR_HOLDING,XUSIN.IS,CONSOLIDATED,CONSOLIDATED,29.05.2020 18:43:30,2020-06-01T18:10:00,2020-05-15,847817.0,[],847817.0,1,FIRST_ONLY,HIGH,RESOLVED,TL,PRE_TFRS29,UNKNOWN_NOT_SEPARATELY_PROVEN,EXACT_TIMESTAMP,RECOVERED_EXACT,https://www.kap.org.tr/tr/Bildirim/847817,a60f2354c62d201442322d48247530a3b722de7d6ce099681efda5db49fe08f0,
ALARK.IS:2020Q2,ALARK.IS,ALARK,2020Q2,2020-06-30,INTERIM,INDUSTRIAL_OR_HOLDING,XUSIN.IS,CONSOLIDATED,CONSOLIDATED,17.08.2020 19:48:02,2020-08-18T18:10:00,2020-08-15,869544.0,[],869544.0,1,FIRST_ONLY,HIGH,RESOLVED,TL,PRE_TFRS29,UNKNOWN_NOT_SEPARATELY_PROVEN,EXACT_TIMESTAMP,RECOVERED_EXACT,https://www.kap.org.tr/tr/Bildirim/869544,b5d9773622afb838dfa9cb50b9649c0fb168991e8721a72e8707b48d01b9ce1c,
ALARK.IS:2020Q3,ALARK.IS,ALARK,2020Q3,2020-09-30,INTERIM,INDUSTRIAL_OR_HOLDING,XUSIN.IS,CONSOLIDATED,CONSOLIDATED,06.11.2020 18:38:01,2020-11-09T18:10:00,2020-11-15,886848.0,[],886848.0,1,FIRST_ONLY,HIGH,RESOLVED,TL,PRE_TFRS29,UNKNOWN_NOT_SEPARATELY_PROVEN,EXACT_TIMESTAMP,RECOVERED_EXACT,https://www.kap.org.tr/tr/Bildirim/886848,875ab780bf256f6783a2b6cf1b327bd253e7c05c34129a34afd35732effa68f2,
ALARK.IS:2020Q4,ALARK.IS,ALARK,2020Q4,2020-12-31,ANNUAL,INDUSTRIAL_OR_HOLDING,XUSIN.IS,CONSOLIDATED,CONSOLIDATED,10.03.2021 23:25:15,2021-03-11T18:10:00,2021-03-15,917148.0,[],917148.0,1,FIRST_ONLY,HIGH,RESOLVED,TL,PRE_TFRS29,UNKNOWN_NOT_SEPARATELY_PROVEN,EXACT_TIMESTAMP,RECOVERED_EXACT,https://www.kap.org.tr/tr/Bildirim/917148,d8eea4d8cdd9ea636717987a46ae642df95ea972dbf1aa494785124e359fb65c,
ALARK.IS:2021Q1,ALARK.IS,ALARK,2021Q1,2021-03-31,INTERIM,INDUSTRIAL_OR_HOLDING,XUSIN.IS,CONSOLIDATED,CONSOLIDATED,12.05.2021 18:44:23,2021-05-17T18:10:00,2021-05-15,936440.0,[],936440.0,1,FIRST_ONLY,HIGH,RESOLVED,TL,PRE_TFRS29,UNKNOWN_NOT_SEPARATELY_PROVEN,EXACT_TIMESTAMP,RECOVERED_EXACT,https://www.kap.org.tr/tr/Bildirim/936440,e03b6a26c2be181914796b00513c34d10fc6e3e2be0e044d936f872abb6d6c3e,
ALARK.IS:2021Q2,ALARK.IS,ALARK,2021Q2,2021-06-30,INTERIM,INDUSTRIAL_OR_HOLDING,XUSIN.IS,CONSOLIDATED,CONSOLIDATED,18.08.2021 20:54:49,2021-08-19T18:10:00,2021-08-15,959164.0,[],959164.0,1,FIRST_ONLY,HIGH,RESOLVED,TL,PRE_TFRS29,UNKNOWN_NOT_SEPARATELY_PROVEN,EXACT_TIMESTAMP,RECOVERED_EXACT,https://www.kap.org.tr/tr/Bildirim/959164,b58a906d9cfac77ce60da20b4e9b897b16d3fd54c23e691398e6b764d5180a2e,
ALARK.IS:2021Q3,ALARK.IS,ALARK,2021Q3,2021-09-30,INTERIM,INDUSTRIAL_OR_HOLDING,XUSIN.IS,CONSOLIDATED,CONSOLIDATED,08.11.2021 19:08:48,2021-11-09T18:10:00,2021-11-15,975999.0,[],975999.0,1,FIRST_ONLY,HIGH,RESOLVED,TL,PRE_TFRS29,UNKNOWN_NOT_SEPARATELY_PROVEN,EXACT_TIMESTAMP,RECOVERED_EXACT,https://www.kap.org.tr/tr/Bildirim/975999,adbf0a0ac266e31c43f1bfdc26a2779cc382dc2e6359a1def27aeb927c1bfed6,
ALARK.IS:2021Q4,ALARK.IS,ALARK,2021Q4,2021-12-31,ANNUAL,INDUSTRIAL_OR_HOLDING,XUSIN.IS,CONSOLIDATED,CONSOLIDATED,11.03.2022 00:18:22,2022-03-14T18:10:00,2022-03-15,1009377.0,[],1009377.0,1,FIRST_ONLY,HIGH,RESOLVED,TL,PRE_TFRS29,UNKNOWN_NOT_SEPARATELY_PROVEN,EXACT_TIMESTAMP,RECOVERED_EXACT,https://www.kap.org.tr/tr/Bildirim/1009377,80543b93693bba407d3aa1e9bf651dfeca589342c2345a3fca4d7637364c3de5,
ALARK.IS:2022Q1,ALARK.IS,ALARK,2022Q1,2022-03-31,INTERIM,INDUSTRIAL_OR_HOLDING,XUSIN.IS,CONSOLIDATED,CONSOLIDATED,09.05.2022 20:15:38,2022-05-10T18:10:00,2022-05-15,1028066.0,[],1028066.0,1,FIRST_ONLY,HIGH,RESOLVED,TL,PRE_TFRS29,UNKNOWN_NOT_SEPARATELY_PROVEN,EXACT_TIMESTAMP,RECOVERED_EXACT,https://www.kap.org.tr/tr/Bildirim/1028066,f01f3848cd701f1d577d743e6926e778dd84e1bb36b2dd93f87af9975ccc472d,
ALARK.IS:2022Q2,ALARK.IS,ALARK,2022Q2,2022-06-30,INTERIM,INDUSTRIAL_OR_HOLDING,XUSIN.IS,CONSOLIDATED,CONSOLIDATED,18.08.2022 19:40:38,2022-08-19T18:10:00,2022-08-15,1056898.0,[],1056898.0,1,FIRST_ONLY,HIGH,RESOLVED,TL,PRE_TFRS29,UNKNOWN_NOT_SEPARATELY_PROVEN,EXACT_TIMESTAMP,RECOVERED_EXACT,https://www.kap.org.tr/tr/Bildirim/1056898,e929fc922bcdc1adea87c265e7090fb99cc8b01f144ac8e61c9c46f648dc9071,
ALARK.IS:2022Q3,ALARK.IS,ALARK,2022Q3,2022-09-30,INTERIM,INDUSTRIAL_OR_HOLDING,XUSIN.IS,CONSOLIDATED,CONSOLIDATED,08.11.2022 18:56:50,2022-11-09T18:10:00,2022-11-15,1078290.0,[],1078290.0,1,FIRST_ONLY,HIGH,RESOLVED,TL,PRE_TFRS29,UNKNOWN_NOT_SEPARATELY_PROVEN,EXACT_TIMESTAMP,RECOVERED_EXACT,https://www.kap.org.tr/tr/Bildirim/1078290,1b5ad5a2530445e9bb2f42b34cd70e6d7d4ed6c75aa28d2bf7e19ba9665d1287,
ALARK.IS:2022Q4,ALARK.IS,ALARK,2022Q4,2022-12-31,ANNUAL,INDUSTRIAL_OR_HOLDING,XUSIN.IS,CONSOLIDATED,CONSOLIDATED,10.03.2023 21:46:49,2023-03-13T18:10:00,2023-03-15,1123127.0,[],1123127.0,1,FIRST_ONLY,HIGH,RESOLVED,TL,PRE_TFRS29,UNKNOWN_NOT_SEPARATELY_PROVEN,EXACT_TIMESTAMP,RECOVERED_EXACT,https://www.kap.org.tr/tr/Bildirim/1123127,cb42175704f459a9302ad079919620ccc667d8f0d6c6e1a1172ca8a81b26f0e6,
ALARK.IS:2023Q1,ALARK.IS,ALARK,2023Q1,2023-03-31,INTERIM,INDUSTRIAL_OR_HOLDING,XUSIN.IS,CONSOLIDATED,CONSOLIDATED,09.05.2023 18:20:49,2023-05-10T18:10:00,2023-05-15,1149025.0,[],1149025.0,1,FIRST_ONLY,HIGH,RESOLVED,TL,PRE_TFRS29,UNKNOWN_NOT_SEPARATELY_PROVEN,EXACT_TIMESTAMP,RECOVERED_EXACT,https://www.kap.org.tr/tr/Bildirim/1149025,5892530d94edcb7d5e22a65197aaa298e68d611f434dfb9e90212b5be8011521,
ALARK.IS:2023Q2,ALARK.IS,ALARK,2023Q2,2023-06-30,INTERIM,INDUSTRIAL_OR_HOLDING,XUSIN.IS,CONSOLIDATED,CONSOLIDATED,18.08.2023 18:20:41,2023-08-21T18:10:00,2023-08-15,1187286.0,[],1187286.0,1,FIRST_ONLY,HIGH,RESOLVED,TL,PRE_TFRS29,UNKNOWN_NOT_SEPARATELY_PROVEN,EXACT_TIMESTAMP,RECOVERED_EXACT,https://www.kap.org.tr/tr/Bildirim/1187286,88ebda8d687aed021ef3c54b05bf48753ea92d2e788006b49829125f37f3dcd1,
ALARK.IS:2023Q3,ALARK.IS,ALARK,2023Q3,2023-09-30,INTERIM,INDUSTRIAL_OR_HOLDING,XUSIN.IS,CONSOLIDATED,CONSOLIDATED,08.11.2023 18:56:29,2023-11-09T18:10:00,2023-11-15,1216029.0,[],1216029.0,1,FIRST_ONLY,HIGH,RESOLVED,TL,PRE_TFRS29,UNKNOWN_NOT_SEPARATELY_PROVEN,EXACT_TIMESTAMP,RECOVERED_EXACT,https://www.kap.org.tr/tr/Bildirim/1216029,e6275ec66261c6e41e1a1a866d9d748c23113e9aade69b1a50c10daa310333a8,
ALARK.IS:2023Q4,ALARK.IS,ALARK,2023Q4,2023-12-31,ANNUAL,INDUSTRIAL_OR_HOLDING,XUSIN.IS,CONSOLIDATED,CONSOLIDATED,19.04.2024 02:46:51,2024-04-22T18:10:00,2024-03-15,1274831.0,[],1274831.0,1,FIRST_ONLY,HIGH,RESOLVED,TL,POST_TFRS29_CONFIRMED,UNKNOWN_NOT_SEPARATELY_PROVEN,EXACT_TIMESTAMP,RECOVERED_EXACT,https://www.kap.org.tr/tr/Bildirim/1274831,ba7c096904511abe07c0bd7996fbd2e94953b5c225eeaf2a56fb3376344ddbb8,
ALARK.IS:2024Q1,ALARK.IS,ALARK,2024Q1,2024-03-31,INTERIM,INDUSTRIAL_OR_HOLDING,XUSIN.IS,CONSOLIDATED,CONSOLIDATED,14.06.2024 18:52:33,2024-06-20T18:10:00,2024-05-15,1299720.0,[],1299720.0,1,FIRST_ONLY,HIGH,RESOLVED,TL,POST_TFRS29_UNKNOWN_COMPARATIVE,UNKNOWN_NOT_SEPARATELY_PROVEN,EXACT_TIMESTAMP,RECOVERED_EXACT,https://www.kap.org.tr/tr/Bildirim/1299720,3e59ca8469f550653c4e2a1ca32f4e2b8ec022f286607544e9316142eaec6a63,
ALARK.IS:2024Q2,ALARK.IS,ALARK,2024Q2,2024-06-30,INTERIM,INDUSTRIAL_OR_HOLDING,XUSIN.IS,CONSOLIDATED,CONSOLIDATED,26.09.2024 21:02:01,2024-09-27T18:10:00,2024-08-15,1338197.0,[],1338197.0,1,FIRST_ONLY,HIGH,RESOLVED,TL,POST_TFRS29_UNKNOWN_COMPARATIVE,UNKNOWN_NOT_SEPARATELY_PROVEN,EXACT_TIMESTAMP,RECOVERED_EXACT,https://www.kap.org.tr/tr/Bildirim/1338197,4490663edb22ef01d8f2ea02e97d294f4ed697da702f7b15cb855dec405bb5c8,
ALARK.IS:2024Q3,ALARK.IS,ALARK,2024Q3,2024-09-30,INTERIM,INDUSTRIAL_OR_HOLDING,XUSIN.IS,CONSOLIDATED,CONSOLIDATED,08.11.2024 21:26:05,2024-11-11T18:10:00,2024-11-15,1356071.0,[],1356071.0,1,FIRST_ONLY,HIGH,RESOLVED,TL,POST_TFRS29_UNKNOWN_COMPARATIVE,UNKNOWN_NOT_SEPARATELY_PROVEN,EXACT_TIMESTAMP,RECOVERED_EXACT,https://www.kap.org.tr/tr/Bildirim/1356071,56a023a689e5bec20c549445590df8595fb3ce7e2068424a196d9223a69e3132,
ALARK.IS:2024Q4,ALARK.IS,ALARK,2024Q4,2024-12-31,ANNUAL,INDUSTRIAL_OR_HOLDING,XUSIN.IS,CONSOLIDATED,CONSOLIDATED,11.03.2025 03:13:16,2025-03-12T18:10:00,2025-03-15,1403943.0,[],1403943.0,1,FIRST_ONLY,HIGH,RESOLVED,1.000 TL,POST_TFRS29_UNKNOWN_COMPARATIVE,UNKNOWN_NOT_SEPARATELY_PROVEN,EXACT_TIMESTAMP,RECOVERED_EXACT,https://www.kap.org.tr/tr/Bildirim/1403943,3c616ae2d002ec2e3a6eaca8f9b3089504f2ea05b20a5b0a2ec2453d1a8a178e,
ALARK.IS:2025Q1,ALARK.IS,ALARK,2025Q1,2025-03-31,INTERIM,INDUSTRIAL_OR_HOLDING,XUSIN.IS,CONSOLIDATED,CONSOLIDATED,10.05.2025 01:37:42,2025-05-12T18:10:00,2025-05-15,1437035.0,[],1437035.0,1,FIRST_ONLY,HIGH,RESOLVED,1.000 TL,POST_TFRS29_UNKNOWN_COMPARATIVE,UNKNOWN_NOT_SEPARATELY_PROVEN,EXACT_TIMESTAMP,RECOVERED_EXACT,https://www.kap.org.tr/tr/Bildirim/1437035,1bf5f1c93480d6e4f07d606c3c771c79659b009711a3b07d2ea8370535937a98,
ALARK.IS:2025Q2,ALARK.IS,ALARK,2025Q2,2025-06-30,INTERIM,INDUSTRIAL_OR_HOLDING,XUSIN.IS,CONSOLIDATED,CONSOLIDATED,18.08.2025 20:58:19,2025-08-19T18:10:00,2025-08-15,1480267.0,[],1480267.0,1,FIRST_ONLY,HIGH,RESOLVED,1.000 TL,POST_TFRS29_UNKNOWN_COMPARATIVE,UNKNOWN_NOT_SEPARATELY_PROVEN,EXACT_TIMESTAMP,RECOVERED_EXACT,https://www.kap.org.tr/tr/Bildirim/1480267,458017f739608e17e9366d40a148fcb00d9cb0116c0550573c228739642b946f,
ALARK.IS:2025Q3,ALARK.IS,ALARK,2025Q3,2025-09-30,INTERIM,INDUSTRIAL_OR_HOLDING,XUSIN.IS,CONSOLIDATED,CONSOLIDATED,07.11.2025 23:22:53,2025-11-10T18:10:00,2025-11-15,1513604.0,[],1513604.0,1,FIRST_ONLY,HIGH,RESOLVED,1.000 TL,POST_TFRS29_UNKNOWN_COMPARATIVE,UNKNOWN_NOT_SEPARATELY_PROVEN,EXACT_TIMESTAMP,RECOVERED_EXACT,https://www.kap.org.tr/tr/Bildirim/1513604,64ae4ab60c6671bcb2f7d3b727c972004b3842b3c91ad4abf2e06eb27adf8fad,
ALARK.IS:2025Q4,ALARK.IS,ALARK,2025Q4,2025-12-31,ANNUAL,INDUSTRIAL_OR_HOLDING,XUSIN.IS,CONSOLIDATED,CONSOLIDATED,11.03.2026 04:06:01,2026-03-12T18:10:00,2026-03-15,1570170.0,[],1570170.0,1,FIRST_ONLY,HIGH,RESOLVED,1.000 TL,POST_TFRS29_UNKNOWN_COMPARATIVE,UNKNOWN_NOT_SEPARATELY_PROVEN,EXACT_TIMESTAMP,RECOVERED_EXACT,https://www.kap.org.tr/tr/Bildirim/1570170,ad6769a03701bb5b302854945eff371fcc0bd7fb670d5ac149ec3c538d3d6974,
ALARK.IS:2026Q1,ALARK.IS,ALARK,2026Q1,2026-03-31,INTERIM,INDUSTRIAL_OR_HOLDING,XUSIN.IS,CONSOLIDATED,CONSOLIDATED,11.05.2026 22:10:14,2026-05-12T18:10:00,2026-05-15,1605770.0,[],1605770.0,1,FIRST_ONLY,HIGH,RESOLVED,1.000 TL,POST_TFRS29_UNKNOWN_COMPARATIVE,UNKNOWN_NOT_SEPARATELY_PROVEN,EXACT_TIMESTAMP,RECOVERED_EXACT,https://www.kap.org.tr/tr/Bildirim/1605770,088f114a2904f76c4557e290f6106494daff55628ae778c70b369b80354c69f7,
ALARK.IS:2026Q2,ALARK.IS,ALARK,2026Q2,2026-06-30,INTERIM,INDUSTRIAL_OR_HOLDING,XUSIN.IS,CONSOLIDATED,CONSOLIDATED,19.08.2026 23:29:44,2026-08-20T18:10:00,2026-08-15,1653272.0,[],1653272.0,1,FIRST_ONLY,HIGH,RESOLVED,1.000 TL,POST_TFRS29_UNKNOWN_COMPARATIVE,UNKNOWN_NOT_SEPARATELY_PROVEN,EXACT_TIMESTAMP,RECOVERED_EXACT,https://www.kap.org.tr/tr/Bildirim/1653272,1146fe06e47f70f09e6afeebcee517753404e72a089a57d869a9d3dbde43e53b,
ALFAS.IS:2019Q4,ALFAS.IS,ALFAS,2019Q4,2019-12-31,ANNUAL,INDUSTRIAL_OR_HOLDING,XUSIN.IS,UNKNOWN,CONSOLIDATED,,,2020-03-15,,[],,0,UNKNOWN,NONE,UNKNOWN,,UNKNOWN,UNKNOWN,UNKNOWN,UNRECOVERABLE,,,NO_EXACT_FINANCIAL_REPORT
ALFAS.IS:2020Q4,ALFAS.IS,ALFAS,2020Q4,2020-12-31,ANNUAL,INDUSTRIAL_OR_HOLDING,XUSIN.IS,UNKNOWN,CONSOLIDATED,,,2021-03-15,,[],,0,UNKNOWN,NONE,UNKNOWN,,UNKNOWN,UNKNOWN,UNKNOWN,UNRECOVERABLE,,,NO_EXACT_FINANCIAL_REPORT
ALFAS.IS:2021Q2,ALFAS.IS,ALFAS,2021Q2,2021-06-30,INTERIM,INDUSTRIAL_OR_HOLDING,XUSIN.IS,UNKNOWN,CONSOLIDATED,,,2021-08-15,,[],,0,UNKNOWN,NONE,UNKNOWN,,UNKNOWN,UNKNOWN,UNKNOWN,UNRECOVERABLE,,,NO_EXACT_FINANCIAL_REPORT
ALFAS.IS:2021Q3,ALFAS.IS,ALFAS,2021Q3,2021-09-30,INTERIM,INDUSTRIAL_OR_HOLDING,XUSIN.IS,UNKNOWN,CONSOLIDATED,,,2021-11-15,,[],,0,UNKNOWN,NONE,UNKNOWN,,UNKNOWN,UNKNOWN,UNKNOWN,UNRECOVERABLE,,,NO_EXACT_FINANCIAL_REPORT
ALFAS.IS:2021Q4,ALFAS.IS,ALFAS,2021Q4,2021-12-31,ANNUAL,INDUSTRIAL_OR_HOLDING,XUSIN.IS,UNKNOWN,CONSOLIDATED,,,2022-03-15,,[],,0,UNKNOWN,NONE,UNKNOWN,,UNKNOWN,UNKNOWN,UNKNOWN,UNRECOVERABLE,,,NO_EXACT_FINANCIAL_REPORT
ALFAS.IS:2022Q1,ALFAS.IS,ALFAS,2022Q1,2022-03-31,INTERIM,INDUSTRIAL_OR_HOLDING,XUSIN.IS,UNKNOWN,CONSOLIDATED,,,2022-05-15,,[],,0,UNKNOWN,NONE,UNKNOWN,,UNKNOWN,UNKNOWN,UNKNOWN,UNRECOVERABLE,,,NO_EXACT_FINANCIAL_REPORT
ALFAS.IS:2022Q2,ALFAS.IS,ALFAS,2022Q2,2022-06-30,INTERIM,INDUSTRIAL_OR_HOLDING,XUSIN.IS,UNKNOWN,CONSOLIDATED,,,2022-08-15,,[],,0,UNKNOWN,NONE,UNKNOWN,,UNKNOWN,UNKNOWN,UNKNOWN,UNRECOVERABLE,,,NO_EXACT_FINANCIAL_REPORT
ALFAS.IS:2022Q3,ALFAS.IS,ALFAS,2022Q3,2022-09-30,INTERIM,INDUSTRIAL_OR_HOLDING,XUSIN.IS,UNKNOWN,CONSOLIDATED,,,2022-11-15,,[],,0,UNKNOWN,NONE,UNKNOWN,,UNKNOWN,UNKNOWN,UNKNOWN,AMBIGUOUS,,,NO_PREFERRED_CONSOLIDATION_MATCH
ALFAS.IS:2022Q4,ALFAS.IS,ALFAS,2022Q4,2022-12-31,ANNUAL,INDUSTRIAL_OR_HOLDING,XUSIN.IS,UNKNOWN,CONSOLIDATED,,,2023-03-15,,[],,0,UNKNOWN,NONE,UNKNOWN,,UNKNOWN,UNKNOWN,UNKNOWN,AMBIGUOUS,,,NO_PREFERRED_CONSOLIDATION_MATCH
ALFAS.IS:2023Q1,ALFAS.IS,ALFAS,2023Q1,2023-03-31,INTERIM,INDUSTRIAL_OR_HOLDING,XUSIN.IS,UNKNOWN,CONSOLIDATED,,,2023-05-15,,[],,0,UNKNOWN,NONE,UNKNOWN,,UNKNOWN,UNKNOWN,UNKNOWN,AMBIGUOUS,,,NO_PREFERRED_CONSOLIDATION_MATCH
ALFAS.IS:2023Q2,ALFAS.IS,ALFAS,2023Q2,2023-06-30,INTERIM,INDUSTRIAL_OR_HOLDING,XUSIN.IS,UNKNOWN,CONSOLIDATED,,,2023-08-15,,[],,0,UNKNOWN,NONE,UNKNOWN,,UNKNOWN,UNKNOWN,UNKNOWN,AMBIGUOUS,,,NO_PREFERRED_CONSOLIDATION_MATCH
ALFAS.IS:2023Q3,ALFAS.IS,ALFAS,2023Q3,2023-09-30,INTERIM,INDUSTRIAL_OR_HOLDING,XUSIN.IS,CONSOLIDATED,CONSOLIDATED,08.11.2023 19:10:47,2023-11-09T18:10:00,2023-11-15,1216041.0,[],1216041.0,1,FIRST_ONLY,HIGH,RESOLVED,TL,PRE_TFRS29,UNKNOWN_NOT_SEPARATELY_PROVEN,EXACT_TIMESTAMP,RECOVERED_EXACT,https://www.kap.org.tr/tr/Bildirim/1216041,04efe5aeb2fda5bb38bebddb2a8bf369c372d0612088376cd3cd11ed0e9147cc,
ALFAS.IS:2023Q4,ALFAS.IS,ALFAS,2023Q4,2023-12-31,ANNUAL,INDUSTRIAL_OR_HOLDING,XUSIN.IS,CONSOLIDATED,CONSOLIDATED,15.05.2024 18:56:37,2024-05-16T18:10:00,2024-03-15,1286722.0,[],1286722.0,1,FIRST_ONLY,HIGH,RESOLVED,TL,POST_TFRS29_CONFIRMED,UNKNOWN_NOT_SEPARATELY_PROVEN,EXACT_TIMESTAMP,RECOVERED_EXACT,https://www.kap.org.tr/tr/Bildirim/1286722,abda268d70580436c4bacb333bba6cb8a6ffaa7ced056ae46e4693d8a52aeede,
ALFAS.IS:2024Q1,ALFAS.IS,ALFAS,2024Q1,2024-03-31,INTERIM,INDUSTRIAL_OR_HOLDING,XUSIN.IS,CONSOLIDATED,CONSOLIDATED,14.06.2024 19:29:59,2024-06-20T18:10:00,2024-05-15,1299790.0,[],1299790.0,1,FIRST_ONLY,HIGH,RESOLVED,TL,POST_TFRS29_UNKNOWN_COMPARATIVE,UNKNOWN_NOT_SEPARATELY_PROVEN,EXACT_TIMESTAMP,RECOVERED_EXACT,https://www.kap.org.tr/tr/Bildirim/1299790,7e77e4ba9edc99f6654e1508b1278cc07815106fa2832566a96a6e288c4617ef,
ALFAS.IS:2024Q2,ALFAS.IS,ALFAS,2024Q2,2024-06-30,INTERIM,INDUSTRIAL_OR_HOLDING,XUSIN.IS,CONSOLIDATED,CONSOLIDATED,24.09.2024 19:02:59,2024-09-25T18:10:00,2024-08-15,1337431.0,[],1337431.0,1,FIRST_ONLY,HIGH,RESOLVED,TL,POST_TFRS29_UNKNOWN_COMPARATIVE,UNKNOWN_NOT_SEPARATELY_PROVEN,EXACT_TIMESTAMP,RECOVERED_EXACT,https://www.kap.org.tr/tr/Bildirim/1337431,5649c88ea8bc47c292434f7838e8b2bccc075b94fb773547b0d1df7c2ded5587,
ALFAS.IS:2024Q3,ALFAS.IS,ALFAS,2024Q3,2024-09-30,INTERIM,INDUSTRIAL_OR_HOLDING,XUSIN.IS,CONSOLIDATED,CONSOLIDATED,11.11.2024 18:19:15,2024-11-12T18:10:00,2024-11-15,1356515.0,[],1356515.0,1,FIRST_ONLY,HIGH,RESOLVED,TL,POST_TFRS29_UNKNOWN_COMPARATIVE,UNKNOWN_NOT_SEPARATELY_PROVEN,EXACT_TIMESTAMP,RECOVERED_EXACT,https://www.kap.org.tr/tr/Bildirim/1356515,9460fca58f12cadb56c0a9d829c3a2e0e30b2ea62f8d0faecc77d81e43ba9bdf,
ALFAS.IS:2024Q4,ALFAS.IS,ALFAS,2024Q4,2024-12-31,ANNUAL,INDUSTRIAL_OR_HOLDING,XUSIN.IS,CONSOLIDATED,CONSOLIDATED,11.03.2025 21:56:12,2025-03-12T18:10:00,2025-03-15,1405002.0,[],1405002.0,1,FIRST_ONLY,HIGH,RESOLVED,TL,POST_TFRS29_UNKNOWN_COMPARATIVE,UNKNOWN_NOT_SEPARATELY_PROVEN,EXACT_TIMESTAMP,RECOVERED_EXACT,https://www.kap.org.tr/tr/Bildirim/1405002,32ae83277dda4506182cf05ef4dbbfbfe65176406aa2c254578bf03cb5b8b7e1,
ALFAS.IS:2025Q1,ALFAS.IS,ALFAS,2025Q1,2025-03-31,INTERIM,INDUSTRIAL_OR_HOLDING,XUSIN.IS,CONSOLIDATED,CONSOLIDATED,12.05.2025 18:56:34,2025-05-13T18:10:00,2025-05-15,1437827.0,[],1437827.0,1,FIRST_ONLY,HIGH,RESOLVED,TL,POST_TFRS29_UNKNOWN_COMPARATIVE,UNKNOWN_NOT_SEPARATELY_PROVEN,EXACT_TIMESTAMP,RECOVERED_EXACT,https://www.kap.org.tr/tr/Bildirim/1437827,dcffb1831fb96de30b63c978f9d9c86b5b8bc68260ddde2e9609330ab32ac4b6,
ALFAS.IS:2025Q2,ALFAS.IS,ALFAS,2025Q2,2025-06-30,INTERIM,INDUSTRIAL_OR_HOLDING,XUSIN.IS,CONSOLIDATED,CONSOLIDATED,19.08.2025 18:16:53,2025-08-20T18:10:00,2025-08-15,1480706.0,[],1480706.0,1,FIRST_ONLY,HIGH,RESOLVED,TL,POST_TFRS29_UNKNOWN_COMPARATIVE,UNKNOWN_NOT_SEPARATELY_PROVEN,EXACT_TIMESTAMP,RECOVERED_EXACT,https://www.kap.org.tr/tr/Bildirim/1480706,917ab7437e31db954f72cdff46694a82b6d0c9c16131a69396a38a20aac51a57,
ALFAS.IS:2025Q3,ALFAS.IS,ALFAS,2025Q3,2025-09-30,INTERIM,INDUSTRIAL_OR_HOLDING,XUSIN.IS,CONSOLIDATED,CONSOLIDATED,10.11.2025 19:19:02,2025-11-11T18:10:00,2025-11-15,1514818.0,[],1514818.0,1,FIRST_ONLY,HIGH,RESOLVED,TL,POST_TFRS29_UNKNOWN_COMPARATIVE,UNKNOWN_NOT_SEPARATELY_PROVEN,EXACT_TIMESTAMP,RECOVERED_EXACT,https://www.kap.org.tr/tr/Bildirim/1514818,0942dd336cae7841e9fa80b01441b7557873f0168ea4b6f5ffb043b042c4feb5,
ALFAS.IS:2025Q4,ALFAS.IS,ALFAS,2025Q4,2025-12-31,ANNUAL,INDUSTRIAL_OR_HOLDING,XUSIN.IS,CONSOLIDATED,CONSOLIDATED,28.02.2026 20:18:42,2026-03-02T18:10:00,2026-03-15,1563291.0,[1605555],1605555.0,2,FIRST_PLUS_CORRECTION,HIGH,RESOLVED,TL,POST_TFRS29_UNKNOWN_COMPARATIVE,UNKNOWN_NOT_SEPARATELY_PROVEN,EXACT_TIMESTAMP,RECOVERED_EXACT,https://www.kap.org.tr/tr/Bildirim/1563291,d3c3e8bc3413c7a8563102de6e4c1720fec73b32fbf6359fc11a9029bda58812,
ALFAS.IS:2026Q1,ALFAS.IS,ALFAS,2026Q1,2026-03-31,INTERIM,INDUSTRIAL_OR_HOLDING,XUSIN.IS,CONSOLIDATED,CONSOLIDATED,11.05.2026 19:48:55,2026-05-12T18:10:00,2026-05-15,1605558.0,[],1605558.0,1,FIRST_ONLY,HIGH,RESOLVED,TL,POST_TFRS29_UNKNOWN_COMPARATIVE,UNKNOWN_NOT_SEPARATELY_PROVEN,EXACT_TIMESTAMP,RECOVERED_EXACT,https://www.kap.org.tr/tr/Bildirim/1605558,b5d72c0c08f7023c750d3c5464e1e9da1e22fd0baf063bc27d6ded8b5297c577,
ALFAS.IS:2026Q2,ALFAS.IS,ALFAS,2026Q2,2026-06-30,INTERIM,INDUSTRIAL_OR_HOLDING,XUSIN.IS,CONSOLIDATED,CONSOLIDATED,19.08.2026 18:56:45,2026-08-20T18:10:00,2026-08-15,1653016.0,[],1653016.0,1,FIRST_ONLY,HIGH,RESOLVED,TL,POST_TFRS29_UNKNOWN_COMPARATIVE,UNKNOWN_NOT_SEPARATELY_PROVEN,EXACT_TIMESTAMP,RECOVERED_EXACT,https://www.kap.org.tr/tr/Bildirim/1653016,f6ac31c8057f0d381bfcb50b7c0367efd6239809856b6957c4ca3670dc59b104,
ALVES.IS:2020Q4,ALVES.IS,ALVES,2020Q4,2020-12-31,ANNUAL,INDUSTRIAL_OR_HOLDING,XUSIN.IS,UNKNOWN,CONSOLIDATED,,,2021-03-15,,[],,0,UNKNOWN,NONE,UNKNOWN,,UNKNOWN,UNKNOWN,UNKNOWN,SOURCE_ERROR,,,NOT_PROCESSED_RATE_LIMIT_STOP
ALVES.IS:2021Q4,ALVES.IS,ALVES,2021Q4,2021-12-31,ANNUAL,INDUSTRIAL_OR_HOLDING,XUSIN.IS,UNKNOWN,CONSOLIDATED,,,2022-03-15,,[],,0,UNKNOWN,NONE,UNKNOWN,,UNKNOWN,UNKNOWN,UNKNOWN,SOURCE_ERROR,,,NOT_PROCESSED_RATE_LIMIT_STOP
ALVES.IS:2022Q3,ALVES.IS,ALVES,2022Q3,2022-09-30,INTERIM,INDUSTRIAL_OR_HOLDING,XUSIN.IS,UNKNOWN,CONSOLIDATED,,,2022-11-15,,[],,0,UNKNOWN,NONE,UNKNOWN,,UNKNOWN,UNKNOWN,UNKNOWN,SOURCE_ERROR,,,NOT_PROCESSED_RATE_LIMIT_STOP
ALVES.IS:2022Q4,ALVES.IS,ALVES,2022Q4,2022-12-31,ANNUAL,INDUSTRIAL_OR_HOLDING,XUSIN.IS,UNKNOWN,CONSOLIDATED,,,2023-03-15,,[],,0,UNKNOWN,NONE,UNKNOWN,,UNKNOWN,UNKNOWN,UNKNOWN,SOURCE_ERROR,,,NOT_PROCESSED_RATE_LIMIT_STOP
ALVES.IS:2023Q1,ALVES.IS,ALVES,2023Q1,2023-03-31,INTERIM,INDUSTRIAL_OR_HOLDING,XUSIN.IS,UNKNOWN,CONSOLIDATED,,,2023-05-15,,[],,0,UNKNOWN,NONE,UNKNOWN,,UNKNOWN,UNKNOWN,UNKNOWN,SOURCE_ERROR,,,NOT_PROCESSED_RATE_LIMIT_STOP
ALVES.IS:2023Q2,ALVES.IS,ALVES,2023Q2,2023-06-30,INTERIM,INDUSTRIAL_OR_HOLDING,XUSIN.IS,UNKNOWN,CONSOLIDATED,,,2023-08-15,,[],,0,UNKNOWN,NONE,UNKNOWN,,UNKNOWN,UNKNOWN,UNKNOWN,SOURCE_ERROR,,,NOT_PROCESSED_RATE_LIMIT_STOP
ALVES.IS:2023Q3,ALVES.IS,ALVES,2023Q3,2023-09-30,INTERIM,INDUSTRIAL_OR_HOLDING,XUSIN.IS,UNKNOWN,CONSOLIDATED,,,2023-11-15,,[],,0,UNKNOWN,NONE,UNKNOWN,,UNKNOWN,UNKNOWN,UNKNOWN,SOURCE_ERROR,,,NOT_PROCESSED_RATE_LIMIT_STOP
ALVES.IS:2023Q4,ALVES.IS,ALVES,2023Q4,2023-12-31,ANNUAL,INDUSTRIAL_OR_HOLDING,XUSIN.IS,UNKNOWN,CONSOLIDATED,,,2024-03-15,,[],,0,UNKNOWN,NONE,UNKNOWN,,UNKNOWN,UNKNOWN,UNKNOWN,SOURCE_ERROR,,,NOT_PROCESSED_RATE_LIMIT_STOP
ALVES.IS:2024Q1,ALVES.IS,ALVES,2024Q1,2024-03-31,INTERIM,INDUSTRIAL_OR_HOLDING,XUSIN.IS,UNKNOWN,CONSOLIDATED,,,2024-05-15,,[],,0,UNKNOWN,NONE,UNKNOWN,,UNKNOWN,UNKNOWN,UNKNOWN,SOURCE_ERROR,,,NOT_PROCESSED_RATE_LIMIT_STOP
ALVES.IS:2024Q2,ALVES.IS,ALVES,2024Q2,2024-06-30,INTERIM,INDUSTRIAL_OR_HOLDING,XUSIN.IS,UNKNOWN,CONSOLIDATED,,,2024-08-15,,[],,0,UNKNOWN,NONE,UNKNOWN,,UNKNOWN,UNKNOWN,UNKNOWN,SOURCE_ERROR,,,NOT_PROCESSED_RATE_LIMIT_STOP
ALVES.IS:2024Q3,ALVES.IS,ALVES,2024Q3,2024-09-30,INTERIM,INDUSTRIAL_OR_HOLDING,XUSIN.IS,UNKNOWN,CONSOLIDATED,,,2024-11-15,,[],,0,UNKNOWN,NONE,UNKNOWN,,UNKNOWN,UNKNOWN,UNKNOWN,SOURCE_ERROR,,,NOT_PROCESSED_RATE_LIMIT_STOP
ALVES.IS:2024Q4,ALVES.IS,ALVES,2024Q4,2024-12-31,ANNUAL,INDUSTRIAL_OR_HOLDING,XUSIN.IS,UNKNOWN,CONSOLIDATED,,,2025-03-15,,[],,0,UNKNOWN,NONE,UNKNOWN,,UNKNOWN,UNKNOWN,UNKNOWN,SOURCE_ERROR,,,NOT_PROCESSED_RATE_LIMIT_STOP
ALVES.IS:2025Q1,ALVES.IS,ALVES,2025Q1,2025-03-31,INTERIM,INDUSTRIAL_OR_HOLDING,XUSIN.IS,UNKNOWN,CONSOLIDATED,,,2025-05-15,,[],,0,UNKNOWN,NONE,UNKNOWN,,UNKNOWN,UNKNOWN,UNKNOWN,SOURCE_ERROR,,,NOT_PROCESSED_RATE_LIMIT_STOP
ALVES.IS:2025Q2,ALVES.IS,ALVES,2025Q2,2025-06-30,INTERIM,INDUSTRIAL_OR_HOLDING,XUSIN.IS,UNKNOWN,CONSOLIDATED,,,2025-08-15,,[],,0,UNKNOWN,NONE,UNKNOWN,,UNKNOWN,UNKNOWN,UNKNOWN,SOURCE_ERROR,,,NOT_PROCESSED_RATE_LIMIT_STOP
ALVES.IS:2025Q4,ALVES.IS,ALVES,2025Q4,2025-12-31,ANNUAL,INDUSTRIAL_OR_HOLDING,XUSIN.IS,UNKNOWN,CONSOLIDATED,,,2026-03-15,,[],,0,UNKNOWN,NONE,UNKNOWN,,UNKNOWN,UNKNOWN,UNKNOWN,SOURCE_ERROR,,,NOT_PROCESSED_RATE_LIMIT_STOP
ALVES.IS:2026Q1,ALVES.IS,ALVES,2026Q1,2026-03-31,INTERIM,INDUSTRIAL_OR_HOLDING,XUSIN.IS,UNKNOWN,CONSOLIDATED,,,2026-05-15,,[],,0,UNKNOWN,NONE,UNKNOWN,,UNKNOWN,UNKNOWN,UNKNOWN,SOURCE_ERROR,,,NOT_PROCESSED_RATE_LIMIT_STOP
ALVES.IS:2026Q2,ALVES.IS,ALVES,2026Q2,2026-06-30,INTERIM,INDUSTRIAL_OR_HOLDING,XUSIN.IS,UNKNOWN,CONSOLIDATED,,,2026-08-15,,[],,0,UNKNOWN,NONE,UNKNOWN,,UNKNOWN,UNKNOWN,UNKNOWN,SOURCE_ERROR,,,NOT_PROCESSED_RATE_LIMIT_STOP
ANSGR.IS:2018Q1,ANSGR.IS,ANSGR,2018Q1,2018-03-31,INTERIM,INSURANCE,XU100.IS,UNKNOWN,NON_CONSOLIDATED,,,2018-05-15,,[],,0,UNKNOWN,NONE,UNKNOWN,,UNKNOWN,UNKNOWN,UNKNOWN,SOURCE_ERROR,,,NOT_PROCESSED_RATE_LIMIT_STOP
ANSGR.IS:2018Q2,ANSGR.IS,ANSGR,2018Q2,2018-06-30,INTERIM,INSURANCE,XU100.IS,UNKNOWN,NON_CONSOLIDATED,,,2018-08-15,,[],,0,UNKNOWN,NONE,UNKNOWN,,UNKNOWN,UNKNOWN,UNKNOWN,SOURCE_ERROR,,,NOT_PROCESSED_RATE_LIMIT_STOP
ANSGR.IS:2018Q3,ANSGR.IS,ANSGR,2018Q3,2018-09-30,INTERIM,INSURANCE,XU100.IS,UNKNOWN,NON_CONSOLIDATED,,,2018-11-15,,[],,0,UNKNOWN,NONE,UNKNOWN,,UNKNOWN,UNKNOWN,UNKNOWN,SOURCE_ERROR,,,NOT_PROCESSED_RATE_LIMIT_STOP
ANSGR.IS:2018Q4,ANSGR.IS,ANSGR,2018Q4,2018-12-31,ANNUAL,INSURANCE,XU100.IS,UNKNOWN,NON_CONSOLIDATED,,,2019-03-15,,[],,0,UNKNOWN,NONE,UNKNOWN,,UNKNOWN,UNKNOWN,UNKNOWN,SOURCE_ERROR,,,NOT_PROCESSED_RATE_LIMIT_STOP
ANSGR.IS:2019Q1,ANSGR.IS,ANSGR,2019Q1,2019-03-31,INTERIM,INSURANCE,XU100.IS,UNKNOWN,NON_CONSOLIDATED,,,2019-05-15,,[],,0,UNKNOWN,NONE,UNKNOWN,,UNKNOWN,UNKNOWN,UNKNOWN,SOURCE_ERROR,,,NOT_PROCESSED_RATE_LIMIT_STOP
ANSGR.IS:2019Q2,ANSGR.IS,ANSGR,2019Q2,2019-06-30,INTERIM,INSURANCE,XU100.IS,UNKNOWN,NON_CONSOLIDATED,,,2019-08-15,,[],,0,UNKNOWN,NONE,UNKNOWN,,UNKNOWN,UNKNOWN,UNKNOWN,SOURCE_ERROR,,,NOT_PROCESSED_RATE_LIMIT_STOP
ANSGR.IS:2019Q3,ANSGR.IS,ANSGR,2019Q3,2019-09-30,INTERIM,INSURANCE,XU100.IS,UNKNOWN,NON_CONSOLIDATED,,,2019-11-15,,[],,0,UNKNOWN,NONE,UNKNOWN,,UNKNOWN,UNKNOWN,UNKNOWN,SOURCE_ERROR,,,NOT_PROCESSED_RATE_LIMIT_STOP
ANSGR.IS:2020Q1,ANSGR.IS,ANSGR,2020Q1,2020-03-31,INTERIM,INSURANCE,XU100.IS,UNKNOWN,NON_CONSOLIDATED,,,2020-05-15,,[],,0,UNKNOWN,NONE,UNKNOWN,,UNKNOWN,UNKNOWN,UNKNOWN,SOURCE_ERROR,,,NOT_PROCESSED_RATE_LIMIT_STOP
ANSGR.IS:2020Q2,ANSGR.IS,ANSGR,2020Q2,2020-06-30,INTERIM,INSURANCE,XU100.IS,UNKNOWN,NON_CONSOLIDATED,,,2020-08-15,,[],,0,UNKNOWN,NONE,UNKNOWN,,UNKNOWN,UNKNOWN,UNKNOWN,SOURCE_ERROR,,,NOT_PROCESSED_RATE_LIMIT_STOP
ANSGR.IS:2020Q3,ANSGR.IS,ANSGR,2020Q3,2020-09-30,INTERIM,INSURANCE,XU100.IS,UNKNOWN,NON_CONSOLIDATED,,,2020-11-15,,[],,0,UNKNOWN,NONE,UNKNOWN,,UNKNOWN,UNKNOWN,UNKNOWN,SOURCE_ERROR,,,NOT_PROCESSED_RATE_LIMIT_STOP
ANSGR.IS:2020Q4,ANSGR.IS,ANSGR,2020Q4,2020-12-31,ANNUAL,INSURANCE,XU100.IS,UNKNOWN,NON_CONSOLIDATED,,,2021-03-15,,[],,0,UNKNOWN,NONE,UNKNOWN,,UNKNOWN,UNKNOWN,UNKNOWN,SOURCE_ERROR,,,NOT_PROCESSED_RATE_LIMIT_STOP
ANSGR.IS:2021Q1,ANSGR.IS,ANSGR,2021Q1,2021-03-31,INTERIM,INSURANCE,XU100.IS,UNKNOWN,NON_CONSOLIDATED,,,2021-05-15,,[],,0,UNKNOWN,NONE,UNKNOWN,,UNKNOWN,UNKNOWN,UNKNOWN,SOURCE_ERROR,,,NOT_PROCESSED_RATE_LIMIT_STOP
ANSGR.IS:2021Q2,ANSGR.IS,ANSGR,2021Q2,2021-06-30,INTERIM,INSURANCE,XU100.IS,UNKNOWN,NON_CONSOLIDATED,,,2021-08-15,,[],,0,UNKNOWN,NONE,UNKNOWN,,UNKNOWN,UNKNOWN,UNKNOWN,SOURCE_ERROR,,,NOT_PROCESSED_RATE_LIMIT_STOP
ANSGR.IS:2021Q3,ANSGR.IS,ANSGR,2021Q3,2021-09-30,INTERIM,INSURANCE,XU100.IS,UNKNOWN,NON_CONSOLIDATED,,,2021-11-15,,[],,0,UNKNOWN,NONE,UNKNOWN,,UNKNOWN,UNKNOWN,UNKNOWN,SOURCE_ERROR,,,NOT_PROCESSED_RATE_LIMIT_STOP
ANSGR.IS:2021Q4,ANSGR.IS,ANSGR,2021Q4,2021-12-31,ANNUAL,INSURANCE,XU100.IS,UNKNOWN,NON_CONSOLIDATED,,,2022-03-15,,[],,0,UNKNOWN,NONE,UNKNOWN,,UNKNOWN,UNKNOWN,UNKNOWN,SOURCE_ERROR,,,NOT_PROCESSED_RATE_LIMIT_STOP
ANSGR.IS:2022Q1,ANSGR.IS,ANSGR,2022Q1,2022-03-31,INTERIM,INSURANCE,XU100.IS,UNKNOWN,NON_CONSOLIDATED,,,2022-05-15,,[],,0,UNKNOWN,NONE,UNKNOWN,,UNKNOWN,UNKNOWN,UNKNOWN,SOURCE_ERROR,,,NOT_PROCESSED_RATE_LIMIT_STOP
ANSGR.IS:2022Q2,ANSGR.IS,ANSGR,2022Q2,2022-06-30,INTERIM,INSURANCE,XU100.IS,UNKNOWN,NON_CONSOLIDATED,,,2022-08-15,,[],,0,UNKNOWN,NONE,UNKNOWN,,UNKNOWN,UNKNOWN,UNKNOWN,SOURCE_ERROR,,,NOT_PROCESSED_RATE_LIMIT_STOP
ANSGR.IS:2022Q3,ANSGR.IS,ANSGR,2022Q3,2022-09-30,INTERIM,INSURANCE,XU100.IS,UNKNOWN,NON_CONSOLIDATED,,,2022-11-15,,[],,0,UNKNOWN,NONE,UNKNOWN,,UNKNOWN,UNKNOWN,UNKNOWN,SOURCE_ERROR,,,NOT_PROCESSED_RATE_LIMIT_STOP
ANSGR.IS:2022Q4,ANSGR.IS,ANSGR,2022Q4,2022-12-31,ANNUAL,INSURANCE,XU100.IS,UNKNOWN,NON_CONSOLIDATED,,,2023-03-15,,[],,0,UNKNOWN,NONE,UNKNOWN,,UNKNOWN,UNKNOWN,UNKNOWN,SOURCE_ERROR,,,NOT_PROCESSED_RATE_LIMIT_STOP
ANSGR.IS:2023Q1,ANSGR.IS,ANSGR,2023Q1,2023-03-31,INTERIM,INSURANCE,XU100.IS,UNKNOWN,NON_CONSOLIDATED,,,2023-05-15,,[],,0,UNKNOWN,NONE,UNKNOWN,,UNKNOWN,UNKNOWN,UNKNOWN,SOURCE_ERROR,,,NOT_PROCESSED_RATE_LIMIT_STOP
ANSGR.IS:2023Q2,ANSGR.IS,ANSGR,2023Q2,2023-06-30,INTERIM,INSURANCE,XU100.IS,UNKNOWN,NON_CONSOLIDATED,,,2023-08-15,,[],,0,UNKNOWN,NONE,UNKNOWN,,UNKNOWN,UNKNOWN,UNKNOWN,SOURCE_ERROR,,,NOT_PROCESSED_RATE_LIMIT_STOP
ANSGR.IS:2023Q3,ANSGR.IS,ANSGR,2023Q3,2023-09-30,INTERIM,INSURANCE,XU100.IS,UNKNOWN,NON_CONSOLIDATED,,,2023-11-15,,[],,0,UNKNOWN,NONE,UNKNOWN,,UNKNOWN,UNKNOWN,UNKNOWN,SOURCE_ERROR,,,NOT_PROCESSED_RATE_LIMIT_STOP
ANSGR.IS:2023Q4,ANSGR.IS,ANSGR,2023Q4,2023-12-31,ANNUAL,INSURANCE,XU100.IS,UNKNOWN,NON_CONSOLIDATED,,,2024-03-15,,[],,0,UNKNOWN,NONE,UNKNOWN,,UNKNOWN,UNKNOWN,UNKNOWN,SOURCE_ERROR,,,NOT_PROCESSED_RATE_LIMIT_STOP
ANSGR.IS:2024Q1,ANSGR.IS,ANSGR,2024Q1,2024-03-31,INTERIM,INSURANCE,XU100.IS,UNKNOWN,NON_CONSOLIDATED,,,2024-05-15,,[],,0,UNKNOWN,NONE,UNKNOWN,,UNKNOWN,UNKNOWN,UNKNOWN,SOURCE_ERROR,,,NOT_PROCESSED_RATE_LIMIT_STOP
ANSGR.IS:2024Q2,ANSGR.IS,ANSGR,2024Q2,2024-06-30,INTERIM,INSURANCE,XU100.IS,UNKNOWN,NON_CONSOLIDATED,,,2024-08-15,,[],,0,UNKNOWN,NONE,UNKNOWN,,UNKNOWN,UNKNOWN,UNKNOWN,SOURCE_ERROR,,,NOT_PROCESSED_RATE_LIMIT_STOP
ANSGR.IS:2024Q3,ANSGR.IS,ANSGR,2024Q3,2024-09-30,INTERIM,INSURANCE,XU100.IS,UNKNOWN,NON_CONSOLIDATED,,,2024-11-15,,[],,0,UNKNOWN,NONE,UNKNOWN,,UNKNOWN,UNKNOWN,UNKNOWN,SOURCE_ERROR,,,NOT_PROCESSED_RATE_LIMIT_STOP
ANSGR.IS:2024Q4,ANSGR.IS,ANSGR,2024Q4,2024-12-31,ANNUAL,INSURANCE,XU100.IS,UNKNOWN,NON_CONSOLIDATED,,,2025-03-15,,[],,0,UNKNOWN,NONE,UNKNOWN,,UNKNOWN,UNKNOWN,UNKNOWN,SOURCE_ERROR,,,NOT_PROCESSED_RATE_LIMIT_STOP
ANSGR.IS:2025Q1,ANSGR.IS,ANSGR,2025Q1,2025-03-31,INTERIM,INSURANCE,XU100.IS,UNKNOWN,NON_CONSOLIDATED,,,2025-05-15,,[],,0,UNKNOWN,NONE,UNKNOWN,,UNKNOWN,UNKNOWN,UNKNOWN,SOURCE_ERROR,,,NOT_PROCESSED_RATE_LIMIT_STOP
ANSGR.IS:2025Q2,ANSGR.IS,ANSGR,2025Q2,2025-06-30,INTERIM,INSURANCE,XU100.IS,UNKNOWN,NON_CONSOLIDATED,,,2025-08-15,,[],,0,UNKNOWN,NONE,UNKNOWN,,UNKNOWN,UNKNOWN,UNKNOWN,SOURCE_ERROR,,,NOT_PROCESSED_RATE_LIMIT_STOP
ANSGR.IS:2025Q3,ANSGR.IS,ANSGR,2025Q3,2025-09-30,INTERIM,INSURANCE,XU100.IS,UNKNOWN,NON_CONSOLIDATED,,,2025-11-15,,[],,0,UNKNOWN,NONE,UNKNOWN,,UNKNOWN,UNKNOWN,UNKNOWN,SOURCE_ERROR,,,NOT_PROCESSED_RATE_LIMIT_STOP
ANSGR.IS:2025Q4,ANSGR.IS,ANSGR,2025Q4,2025-12-31,ANNUAL,INSURANCE,XU100.IS,UNKNOWN,NON_CONSOLIDATED,,,2026-03-15,,[],,0,UNKNOWN,NONE,UNKNOWN,,UNKNOWN,UNKNOWN,UNKNOWN,SOURCE_ERROR,,,NOT_PROCESSED_RATE_LIMIT_STOP
ANSGR.IS:2026Q1,ANSGR.IS,ANSGR,2026Q1,2026-03-31,INTERIM,INSURANCE,XU100.IS,UNKNOWN,NON_CONSOLIDATED,,,2026-05-15,,[],,0,UNKNOWN,NONE,UNKNOWN,,UNKNOWN,UNKNOWN,UNKNOWN,SOURCE_ERROR,,,NOT_PROCESSED_RATE_LIMIT_STOP
ANSGR.IS:2026Q2,ANSGR.IS,ANSGR,2026Q2,2026-06-30,INTERIM,INSURANCE,XU100.IS,UNKNOWN,NON_CONSOLIDATED,,,2026-08-15,,[],,0,UNKNOWN,NONE,UNKNOWN,,UNKNOWN,UNKNOWN,UNKNOWN,SOURCE_ERROR,,,NOT_PROCESSED_RATE_LIMIT_STOP
ARCLK.IS:2018Q1,ARCLK.IS,ARCLK,2018Q1,2018-03-31,INTERIM,INDUSTRIAL_OR_HOLDING,XUSIN.IS,UNKNOWN,CONSOLIDATED,,,2018-05-15,,[],,0,UNKNOWN,NONE,UNKNOWN,,UNKNOWN,UNKNOWN,UNKNOWN,SOURCE_ERROR,,,NOT_PROCESSED_RATE_LIMIT_STOP
ARCLK.IS:2018Q2,ARCLK.IS,ARCLK,2018Q2,2018-06-30,INTERIM,INDUSTRIAL_OR_HOLDING,XUSIN.IS,UNKNOWN,CONSOLIDATED,,,2018-08-15,,[],,0,UNKNOWN,NONE,UNKNOWN,,UNKNOWN,UNKNOWN,UNKNOWN,SOURCE_ERROR,,,NOT_PROCESSED_RATE_LIMIT_STOP
ARCLK.IS:2018Q3,ARCLK.IS,ARCLK,2018Q3,2018-09-30,INTERIM,INDUSTRIAL_OR_HOLDING,XUSIN.IS,UNKNOWN,CONSOLIDATED,,,2018-11-15,,[],,0,UNKNOWN,NONE,UNKNOWN,,UNKNOWN,UNKNOWN,UNKNOWN,SOURCE_ERROR,,,NOT_PROCESSED_RATE_LIMIT_STOP
ARCLK.IS:2018Q4,ARCLK.IS,ARCLK,2018Q4,2018-12-31,ANNUAL,INDUSTRIAL_OR_HOLDING,XUSIN.IS,UNKNOWN,CONSOLIDATED,,,2019-03-15,,[],,0,UNKNOWN,NONE,UNKNOWN,,UNKNOWN,UNKNOWN,UNKNOWN,SOURCE_ERROR,,,NOT_PROCESSED_RATE_LIMIT_STOP
ARCLK.IS:2019Q1,ARCLK.IS,ARCLK,2019Q1,2019-03-31,INTERIM,INDUSTRIAL_OR_HOLDING,XUSIN.IS,UNKNOWN,CONSOLIDATED,,,2019-05-15,,[],,0,UNKNOWN,NONE,UNKNOWN,,UNKNOWN,UNKNOWN,UNKNOWN,SOURCE_ERROR,,,NOT_PROCESSED_RATE_LIMIT_STOP
ARCLK.IS:2019Q2,ARCLK.IS,ARCLK,2019Q2,2019-06-30,INTERIM,INDUSTRIAL_OR_HOLDING,XUSIN.IS,UNKNOWN,CONSOLIDATED,,,2019-08-15,,[],,0,UNKNOWN,NONE,UNKNOWN,,UNKNOWN,UNKNOWN,UNKNOWN,SOURCE_ERROR,,,NOT_PROCESSED_RATE_LIMIT_STOP
ARCLK.IS:2019Q3,ARCLK.IS,ARCLK,2019Q3,2019-09-30,INTERIM,INDUSTRIAL_OR_HOLDING,XUSIN.IS,UNKNOWN,CONSOLIDATED,,,2019-11-15,,[],,0,UNKNOWN,NONE,UNKNOWN,,UNKNOWN,UNKNOWN,UNKNOWN,SOURCE_ERROR,,,NOT_PROCESSED_RATE_LIMIT_STOP
ARCLK.IS:2019Q4,ARCLK.IS,ARCLK,2019Q4,2019-12-31,ANNUAL,INDUSTRIAL_OR_HOLDING,XUSIN.IS,UNKNOWN,CONSOLIDATED,,,2020-03-15,,[],,0,UNKNOWN,NONE,UNKNOWN,,UNKNOWN,UNKNOWN,UNKNOWN,SOURCE_ERROR,,,NOT_PROCESSED_RATE_LIMIT_STOP
ARCLK.IS:2020Q1,ARCLK.IS,ARCLK,2020Q1,2020-03-31,INTERIM,INDUSTRIAL_OR_HOLDING,XUSIN.IS,UNKNOWN,CONSOLIDATED,,,2020-05-15,,[],,0,UNKNOWN,NONE,UNKNOWN,,UNKNOWN,UNKNOWN,UNKNOWN,SOURCE_ERROR,,,NOT_PROCESSED_RATE_LIMIT_STOP
ARCLK.IS:2020Q2,ARCLK.IS,ARCLK,2020Q2,2020-06-30,INTERIM,INDUSTRIAL_OR_HOLDING,XUSIN.IS,UNKNOWN,CONSOLIDATED,,,2020-08-15,,[],,0,UNKNOWN,NONE,UNKNOWN,,UNKNOWN,UNKNOWN,UNKNOWN,SOURCE_ERROR,,,NOT_PROCESSED_RATE_LIMIT_STOP
ARCLK.IS:2020Q3,ARCLK.IS,ARCLK,2020Q3,2020-09-30,INTERIM,INDUSTRIAL_OR_HOLDING,XUSIN.IS,UNKNOWN,CONSOLIDATED,,,2020-11-15,,[],,0,UNKNOWN,NONE,UNKNOWN,,UNKNOWN,UNKNOWN,UNKNOWN,SOURCE_ERROR,,,NOT_PROCESSED_RATE_LIMIT_STOP
ARCLK.IS:2020Q4,ARCLK.IS,ARCLK,2020Q4,2020-12-31,ANNUAL,INDUSTRIAL_OR_HOLDING,XUSIN.IS,UNKNOWN,CONSOLIDATED,,,2021-03-15,,[],,0,UNKNOWN,NONE,UNKNOWN,,UNKNOWN,UNKNOWN,UNKNOWN,SOURCE_ERROR,,,NOT_PROCESSED_RATE_LIMIT_STOP
ARCLK.IS:2021Q1,ARCLK.IS,ARCLK,2021Q1,2021-03-31,INTERIM,INDUSTRIAL_OR_HOLDING,XUSIN.IS,UNKNOWN,CONSOLIDATED,,,2021-05-15,,[],,0,UNKNOWN,NONE,UNKNOWN,,UNKNOWN,UNKNOWN,UNKNOWN,SOURCE_ERROR,,,NOT_PROCESSED_RATE_LIMIT_STOP
ARCLK.IS:2021Q2,ARCLK.IS,ARCLK,2021Q2,2021-06-30,INTERIM,INDUSTRIAL_OR_HOLDING,XUSIN.IS,UNKNOWN,CONSOLIDATED,,,2021-08-15,,[],,0,UNKNOWN,NONE,UNKNOWN,,UNKNOWN,UNKNOWN,UNKNOWN,SOURCE_ERROR,,,NOT_PROCESSED_RATE_LIMIT_STOP
ARCLK.IS:2021Q3,ARCLK.IS,ARCLK,2021Q3,2021-09-30,INTERIM,INDUSTRIAL_OR_HOLDING,XUSIN.IS,UNKNOWN,CONSOLIDATED,,,2021-11-15,,[],,0,UNKNOWN,NONE,UNKNOWN,,UNKNOWN,UNKNOWN,UNKNOWN,SOURCE_ERROR,,,NOT_PROCESSED_RATE_LIMIT_STOP
ARCLK.IS:2021Q4,ARCLK.IS,ARCLK,2021Q4,2021-12-31,ANNUAL,INDUSTRIAL_OR_HOLDING,XUSIN.IS,UNKNOWN,CONSOLIDATED,,,2022-03-15,,[],,0,UNKNOWN,NONE,UNKNOWN,,UNKNOWN,UNKNOWN,UNKNOWN,SOURCE_ERROR,,,NOT_PROCESSED_RATE_LIMIT_STOP
ARCLK.IS:2022Q1,ARCLK.IS,ARCLK,2022Q1,2022-03-31,INTERIM,INDUSTRIAL_OR_HOLDING,XUSIN.IS,UNKNOWN,CONSOLIDATED,,,2022-05-15,,[],,0,UNKNOWN,NONE,UNKNOWN,,UNKNOWN,UNKNOWN,UNKNOWN,SOURCE_ERROR,,,NOT_PROCESSED_RATE_LIMIT_STOP
ARCLK.IS:2022Q2,ARCLK.IS,ARCLK,2022Q2,2022-06-30,INTERIM,INDUSTRIAL_OR_HOLDING,XUSIN.IS,UNKNOWN,CONSOLIDATED,,,2022-08-15,,[],,0,UNKNOWN,NONE,UNKNOWN,,UNKNOWN,UNKNOWN,UNKNOWN,SOURCE_ERROR,,,NOT_PROCESSED_RATE_LIMIT_STOP
ARCLK.IS:2022Q3,ARCLK.IS,ARCLK,2022Q3,2022-09-30,INTERIM,INDUSTRIAL_OR_HOLDING,XUSIN.IS,UNKNOWN,CONSOLIDATED,,,2022-11-15,,[],,0,UNKNOWN,NONE,UNKNOWN,,UNKNOWN,UNKNOWN,UNKNOWN,SOURCE_ERROR,,,NOT_PROCESSED_RATE_LIMIT_STOP
ARCLK.IS:2022Q4,ARCLK.IS,ARCLK,2022Q4,2022-12-31,ANNUAL,INDUSTRIAL_OR_HOLDING,XUSIN.IS,UNKNOWN,CONSOLIDATED,,,2023-03-15,,[],,0,UNKNOWN,NONE,UNKNOWN,,UNKNOWN,UNKNOWN,UNKNOWN,SOURCE_ERROR,,,NOT_PROCESSED_RATE_LIMIT_STOP
ARCLK.IS:2023Q1,ARCLK.IS,ARCLK,2023Q1,2023-03-31,INTERIM,INDUSTRIAL_OR_HOLDING,XUSIN.IS,UNKNOWN,CONSOLIDATED,,,2023-05-15,,[],,0,UNKNOWN,NONE,UNKNOWN,,UNKNOWN,UNKNOWN,UNKNOWN,SOURCE_ERROR,,,NOT_PROCESSED_RATE_LIMIT_STOP
ARCLK.IS:2023Q2,ARCLK.IS,ARCLK,2023Q2,2023-06-30,INTERIM,INDUSTRIAL_OR_HOLDING,XUSIN.IS,UNKNOWN,CONSOLIDATED,,,2023-08-15,,[],,0,UNKNOWN,NONE,UNKNOWN,,UNKNOWN,UNKNOWN,UNKNOWN,SOURCE_ERROR,,,NOT_PROCESSED_RATE_LIMIT_STOP
ARCLK.IS:2023Q3,ARCLK.IS,ARCLK,2023Q3,2023-09-30,INTERIM,INDUSTRIAL_OR_HOLDING,XUSIN.IS,UNKNOWN,CONSOLIDATED,,,2023-11-15,,[],,0,UNKNOWN,NONE,UNKNOWN,,UNKNOWN,UNKNOWN,UNKNOWN,SOURCE_ERROR,,,NOT_PROCESSED_RATE_LIMIT_STOP
ARCLK.IS:2023Q4,ARCLK.IS,ARCLK,2023Q4,2023-12-31,ANNUAL,INDUSTRIAL_OR_HOLDING,XUSIN.IS,UNKNOWN,CONSOLIDATED,,,2024-03-15,,[],,0,UNKNOWN,NONE,UNKNOWN,,UNKNOWN,UNKNOWN,UNKNOWN,SOURCE_ERROR,,,NOT_PROCESSED_RATE_LIMIT_STOP
ARCLK.IS:2024Q1,ARCLK.IS,ARCLK,2024Q1,2024-03-31,INTERIM,INDUSTRIAL_OR_HOLDING,XUSIN.IS,UNKNOWN,CONSOLIDATED,,,2024-05-15,,[],,0,UNKNOWN,NONE,UNKNOWN,,UNKNOWN,UNKNOWN,UNKNOWN,SOURCE_ERROR,,,NOT_PROCESSED_RATE_LIMIT_STOP
ARCLK.IS:2024Q2,ARCLK.IS,ARCLK,2024Q2,2024-06-30,INTERIM,INDUSTRIAL_OR_HOLDING,XUSIN.IS,UNKNOWN,CONSOLIDATED,,,2024-08-15,,[],,0,UNKNOWN,NONE,UNKNOWN,,UNKNOWN,UNKNOWN,UNKNOWN,SOURCE_ERROR,,,NOT_PROCESSED_RATE_LIMIT_STOP
ARCLK.IS:2024Q3,ARCLK.IS,ARCLK,2024Q3,2024-09-30,INTERIM,INDUSTRIAL_OR_HOLDING,XUSIN.IS,UNKNOWN,CONSOLIDATED,,,2024-11-15,,[],,0,UNKNOWN,NONE,UNKNOWN,,UNKNOWN,UNKNOWN,UNKNOWN,SOURCE_ERROR,,,NOT_PROCESSED_RATE_LIMIT_STOP
ARCLK.IS:2024Q4,ARCLK.IS,ARCLK,2024Q4,2024-12-31,ANNUAL,INDUSTRIAL_OR_HOLDING,XUSIN.IS,UNKNOWN,CONSOLIDATED,,,2025-03-15,,[],,0,UNKNOWN,NONE,UNKNOWN,,UNKNOWN,UNKNOWN,UNKNOWN,SOURCE_ERROR,,,NOT_PROCESSED_RATE_LIMIT_STOP
ARCLK.IS:2025Q1,ARCLK.IS,ARCLK,2025Q1,2025-03-31,INTERIM,INDUSTRIAL_OR_HOLDING,XUSIN.IS,UNKNOWN,CONSOLIDATED,,,2025-05-15,,[],,0,UNKNOWN,NONE,UNKNOWN,,UNKNOWN,UNKNOWN,UNKNOWN,SOURCE_ERROR,,,NOT_PROCESSED_RATE_LIMIT_STOP
ARCLK.IS:2025Q2,ARCLK.IS,ARCLK,2025Q2,2025-06-30,INTERIM,INDUSTRIAL_OR_HOLDING,XUSIN.IS,UNKNOWN,CONSOLIDATED,,,2025-08-15,,[],,0,UNKNOWN,NONE,UNKNOWN,,UNKNOWN,UNKNOWN,UNKNOWN,SOURCE_ERROR,,,NOT_PROCESSED_RATE_LIMIT_STOP
ARCLK.IS:2025Q3,ARCLK.IS,ARCLK,2025Q3,2025-09-30,INTERIM,INDUSTRIAL_OR_HOLDING,XUSIN.IS,UNKNOWN,CONSOLIDATED,,,2025-11-15,,[],,0,UNKNOWN,NONE,UNKNOWN,,UNKNOWN,UNKNOWN,UNKNOWN,SOURCE_ERROR,,,NOT_PROCESSED_RATE_LIMIT_STOP
ARCLK.IS:2025Q4,ARCLK.IS,ARCLK,2025Q4,2025-12-31,ANNUAL,INDUSTRIAL_OR_HOLDING,XUSIN.IS,UNKNOWN,CONSOLIDATED,,,2026-03-15,,[],,0,UNKNOWN,NONE,UNKNOWN,,UNKNOWN,UNKNOWN,UNKNOWN,SOURCE_ERROR,,,NOT_PROCESSED_RATE_LIMIT_STOP
ARCLK.IS:2026Q1,ARCLK.IS,ARCLK,2026Q1,2026-03-31,INTERIM,INDUSTRIAL_OR_HOLDING,XUSIN.IS,UNKNOWN,CONSOLIDATED,,,2026-05-15,,[],,0,UNKNOWN,NONE,UNKNOWN,,UNKNOWN,UNKNOWN,UNKNOWN,SOURCE_ERROR,,,NOT_PROCESSED_RATE_LIMIT_STOP
ARCLK.IS:2026Q2,ARCLK.IS,ARCLK,2026Q2,2026-06-30,INTERIM,INDUSTRIAL_OR_HOLDING,XUSIN.IS,UNKNOWN,CONSOLIDATED,,,2026-08-15,,[],,0,UNKNOWN,NONE,UNKNOWN,,UNKNOWN,UNKNOWN,UNKNOWN,SOURCE_ERROR,,,NOT_PROCESSED_RATE_LIMIT_STOP
ASELS.IS:2018Q1,ASELS.IS,ASELS,2018Q1,2018-03-31,INTERIM,INDUSTRIAL_OR_HOLDING,XUSIN.IS,UNKNOWN,CONSOLIDATED,,,2018-05-15,,[],,0,UNKNOWN,NONE,UNKNOWN,,UNKNOWN,UNKNOWN,UNKNOWN,SOURCE_ERROR,,,NOT_PROCESSED_RATE_LIMIT_STOP
ASELS.IS:2018Q2,ASELS.IS,ASELS,2018Q2,2018-06-30,INTERIM,INDUSTRIAL_OR_HOLDING,XUSIN.IS,UNKNOWN,CONSOLIDATED,,,2018-08-15,,[],,0,UNKNOWN,NONE,UNKNOWN,,UNKNOWN,UNKNOWN,UNKNOWN,SOURCE_ERROR,,,NOT_PROCESSED_RATE_LIMIT_STOP
ASELS.IS:2018Q3,ASELS.IS,ASELS,2018Q3,2018-09-30,INTERIM,INDUSTRIAL_OR_HOLDING,XUSIN.IS,UNKNOWN,CONSOLIDATED,,,2018-11-15,,[],,0,UNKNOWN,NONE,UNKNOWN,,UNKNOWN,UNKNOWN,UNKNOWN,SOURCE_ERROR,,,NOT_PROCESSED_RATE_LIMIT_STOP
ASELS.IS:2018Q4,ASELS.IS,ASELS,2018Q4,2018-12-31,ANNUAL,INDUSTRIAL_OR_HOLDING,XUSIN.IS,UNKNOWN,CONSOLIDATED,,,2019-03-15,,[],,0,UNKNOWN,NONE,UNKNOWN,,UNKNOWN,UNKNOWN,UNKNOWN,SOURCE_ERROR,,,NOT_PROCESSED_RATE_LIMIT_STOP
ASELS.IS:2019Q1,ASELS.IS,ASELS,2019Q1,2019-03-31,INTERIM,INDUSTRIAL_OR_HOLDING,XUSIN.IS,UNKNOWN,CONSOLIDATED,,,2019-05-15,,[],,0,UNKNOWN,NONE,UNKNOWN,,UNKNOWN,UNKNOWN,UNKNOWN,SOURCE_ERROR,,,NOT_PROCESSED_RATE_LIMIT_STOP
ASELS.IS:2019Q2,ASELS.IS,ASELS,2019Q2,2019-06-30,INTERIM,INDUSTRIAL_OR_HOLDING,XUSIN.IS,UNKNOWN,CONSOLIDATED,,,2019-08-15,,[],,0,UNKNOWN,NONE,UNKNOWN,,UNKNOWN,UNKNOWN,UNKNOWN,SOURCE_ERROR,,,NOT_PROCESSED_RATE_LIMIT_STOP
ASELS.IS:2019Q3,ASELS.IS,ASELS,2019Q3,2019-09-30,INTERIM,INDUSTRIAL_OR_HOLDING,XUSIN.IS,UNKNOWN,CONSOLIDATED,,,2019-11-15,,[],,0,UNKNOWN,NONE,UNKNOWN,,UNKNOWN,UNKNOWN,UNKNOWN,SOURCE_ERROR,,,NOT_PROCESSED_RATE_LIMIT_STOP
ASELS.IS:2019Q4,ASELS.IS,ASELS,2019Q4,2019-12-31,ANNUAL,INDUSTRIAL_OR_HOLDING,XUSIN.IS,UNKNOWN,CONSOLIDATED,,,2020-03-15,,[],,0,UNKNOWN,NONE,UNKNOWN,,UNKNOWN,UNKNOWN,UNKNOWN,SOURCE_ERROR,,,NOT_PROCESSED_RATE_LIMIT_STOP
ASELS.IS:2020Q1,ASELS.IS,ASELS,2020Q1,2020-03-31,INTERIM,INDUSTRIAL_OR_HOLDING,XUSIN.IS,UNKNOWN,CONSOLIDATED,,,2020-05-15,,[],,0,UNKNOWN,NONE,UNKNOWN,,UNKNOWN,UNKNOWN,UNKNOWN,SOURCE_ERROR,,,NOT_PROCESSED_RATE_LIMIT_STOP
ASELS.IS:2020Q2,ASELS.IS,ASELS,2020Q2,2020-06-30,INTERIM,INDUSTRIAL_OR_HOLDING,XUSIN.IS,UNKNOWN,CONSOLIDATED,,,2020-08-15,,[],,0,UNKNOWN,NONE,UNKNOWN,,UNKNOWN,UNKNOWN,UNKNOWN,SOURCE_ERROR,,,NOT_PROCESSED_RATE_LIMIT_STOP
ASELS.IS:2020Q3,ASELS.IS,ASELS,2020Q3,2020-09-30,INTERIM,INDUSTRIAL_OR_HOLDING,XUSIN.IS,UNKNOWN,CONSOLIDATED,,,2020-11-15,,[],,0,UNKNOWN,NONE,UNKNOWN,,UNKNOWN,UNKNOWN,UNKNOWN,SOURCE_ERROR,,,NOT_PROCESSED_RATE_LIMIT_STOP
ASELS.IS:2020Q4,ASELS.IS,ASELS,2020Q4,2020-12-31,ANNUAL,INDUSTRIAL_OR_HOLDING,XUSIN.IS,UNKNOWN,CONSOLIDATED,,,2021-03-15,,[],,0,UNKNOWN,NONE,UNKNOWN,,UNKNOWN,UNKNOWN,UNKNOWN,SOURCE_ERROR,,,NOT_PROCESSED_RATE_LIMIT_STOP
ASELS.IS:2021Q1,ASELS.IS,ASELS,2021Q1,2021-03-31,INTERIM,INDUSTRIAL_OR_HOLDING,XUSIN.IS,UNKNOWN,CONSOLIDATED,,,2021-05-15,,[],,0,UNKNOWN,NONE,UNKNOWN,,UNKNOWN,UNKNOWN,UNKNOWN,SOURCE_ERROR,,,NOT_PROCESSED_RATE_LIMIT_STOP
ASELS.IS:2021Q2,ASELS.IS,ASELS,2021Q2,2021-06-30,INTERIM,INDUSTRIAL_OR_HOLDING,XUSIN.IS,UNKNOWN,CONSOLIDATED,,,2021-08-15,,[],,0,UNKNOWN,NONE,UNKNOWN,,UNKNOWN,UNKNOWN,UNKNOWN,SOURCE_ERROR,,,NOT_PROCESSED_RATE_LIMIT_STOP
ASELS.IS:2021Q3,ASELS.IS,ASELS,2021Q3,2021-09-30,INTERIM,INDUSTRIAL_OR_HOLDING,XUSIN.IS,UNKNOWN,CONSOLIDATED,,,2021-11-15,,[],,0,UNKNOWN,NONE,UNKNOWN,,UNKNOWN,UNKNOWN,UNKNOWN,SOURCE_ERROR,,,NOT_PROCESSED_RATE_LIMIT_STOP
ASELS.IS:2021Q4,ASELS.IS,ASELS,2021Q4,2021-12-31,ANNUAL,INDUSTRIAL_OR_HOLDING,XUSIN.IS,UNKNOWN,CONSOLIDATED,,,2022-03-15,,[],,0,UNKNOWN,NONE,UNKNOWN,,UNKNOWN,UNKNOWN,UNKNOWN,SOURCE_ERROR,,,NOT_PROCESSED_RATE_LIMIT_STOP
ASELS.IS:2022Q1,ASELS.IS,ASELS,2022Q1,2022-03-31,INTERIM,INDUSTRIAL_OR_HOLDING,XUSIN.IS,UNKNOWN,CONSOLIDATED,,,2022-05-15,,[],,0,UNKNOWN,NONE,UNKNOWN,,UNKNOWN,UNKNOWN,UNKNOWN,SOURCE_ERROR,,,NOT_PROCESSED_RATE_LIMIT_STOP
ASELS.IS:2022Q2,ASELS.IS,ASELS,2022Q2,2022-06-30,INTERIM,INDUSTRIAL_OR_HOLDING,XUSIN.IS,UNKNOWN,CONSOLIDATED,,,2022-08-15,,[],,0,UNKNOWN,NONE,UNKNOWN,,UNKNOWN,UNKNOWN,UNKNOWN,SOURCE_ERROR,,,NOT_PROCESSED_RATE_LIMIT_STOP
ASELS.IS:2022Q3,ASELS.IS,ASELS,2022Q3,2022-09-30,INTERIM,INDUSTRIAL_OR_HOLDING,XUSIN.IS,UNKNOWN,CONSOLIDATED,,,2022-11-15,,[],,0,UNKNOWN,NONE,UNKNOWN,,UNKNOWN,UNKNOWN,UNKNOWN,SOURCE_ERROR,,,NOT_PROCESSED_RATE_LIMIT_STOP
ASELS.IS:2022Q4,ASELS.IS,ASELS,2022Q4,2022-12-31,ANNUAL,INDUSTRIAL_OR_HOLDING,XUSIN.IS,UNKNOWN,CONSOLIDATED,,,2023-03-15,,[],,0,UNKNOWN,NONE,UNKNOWN,,UNKNOWN,UNKNOWN,UNKNOWN,SOURCE_ERROR,,,NOT_PROCESSED_RATE_LIMIT_STOP
ASELS.IS:2023Q1,ASELS.IS,ASELS,2023Q1,2023-03-31,INTERIM,INDUSTRIAL_OR_HOLDING,XUSIN.IS,UNKNOWN,CONSOLIDATED,,,2023-05-15,,[],,0,UNKNOWN,NONE,UNKNOWN,,UNKNOWN,UNKNOWN,UNKNOWN,SOURCE_ERROR,,,NOT_PROCESSED_RATE_LIMIT_STOP
ASELS.IS:2023Q2,ASELS.IS,ASELS,2023Q2,2023-06-30,INTERIM,INDUSTRIAL_OR_HOLDING,XUSIN.IS,UNKNOWN,CONSOLIDATED,,,2023-08-15,,[],,0,UNKNOWN,NONE,UNKNOWN,,UNKNOWN,UNKNOWN,UNKNOWN,SOURCE_ERROR,,,NOT_PROCESSED_RATE_LIMIT_STOP
ASELS.IS:2023Q3,ASELS.IS,ASELS,2023Q3,2023-09-30,INTERIM,INDUSTRIAL_OR_HOLDING,XUSIN.IS,UNKNOWN,CONSOLIDATED,,,2023-11-15,,[],,0,UNKNOWN,NONE,UNKNOWN,,UNKNOWN,UNKNOWN,UNKNOWN,SOURCE_ERROR,,,NOT_PROCESSED_RATE_LIMIT_STOP
ASELS.IS:2023Q4,ASELS.IS,ASELS,2023Q4,2023-12-31,ANNUAL,INDUSTRIAL_OR_HOLDING,XUSIN.IS,UNKNOWN,CONSOLIDATED,,,2024-03-15,,[],,0,UNKNOWN,NONE,UNKNOWN,,UNKNOWN,UNKNOWN,UNKNOWN,SOURCE_ERROR,,,NOT_PROCESSED_RATE_LIMIT_STOP
ASELS.IS:2024Q1,ASELS.IS,ASELS,2024Q1,2024-03-31,INTERIM,INDUSTRIAL_OR_HOLDING,XUSIN.IS,UNKNOWN,CONSOLIDATED,,,2024-05-15,,[],,0,UNKNOWN,NONE,UNKNOWN,,UNKNOWN,UNKNOWN,UNKNOWN,SOURCE_ERROR,,,NOT_PROCESSED_RATE_LIMIT_STOP
ASELS.IS:2024Q2,ASELS.IS,ASELS,2024Q2,2024-06-30,INTERIM,INDUSTRIAL_OR_HOLDING,XUSIN.IS,UNKNOWN,CONSOLIDATED,,,2024-08-15,,[],,0,UNKNOWN,NONE,UNKNOWN,,UNKNOWN,UNKNOWN,UNKNOWN,SOURCE_ERROR,,,NOT_PROCESSED_RATE_LIMIT_STOP
ASELS.IS:2024Q3,ASELS.IS,ASELS,2024Q3,2024-09-30,INTERIM,INDUSTRIAL_OR_HOLDING,XUSIN.IS,UNKNOWN,CONSOLIDATED,,,2024-11-15,,[],,0,UNKNOWN,NONE,UNKNOWN,,UNKNOWN,UNKNOWN,UNKNOWN,SOURCE_ERROR,,,NOT_PROCESSED_RATE_LIMIT_STOP
ASELS.IS:2024Q4,ASELS.IS,ASELS,2024Q4,2024-12-31,ANNUAL,INDUSTRIAL_OR_HOLDING,XUSIN.IS,UNKNOWN,CONSOLIDATED,,,2025-03-15,,[],,0,UNKNOWN,NONE,UNKNOWN,,UNKNOWN,UNKNOWN,UNKNOWN,SOURCE_ERROR,,,NOT_PROCESSED_RATE_LIMIT_STOP
ASELS.IS:2025Q1,ASELS.IS,ASELS,2025Q1,2025-03-31,INTERIM,INDUSTRIAL_OR_HOLDING,XUSIN.IS,UNKNOWN,CONSOLIDATED,,,2025-05-15,,[],,0,UNKNOWN,NONE,UNKNOWN,,UNKNOWN,UNKNOWN,UNKNOWN,SOURCE_ERROR,,,NOT_PROCESSED_RATE_LIMIT_STOP
ASELS.IS:2025Q2,ASELS.IS,ASELS,2025Q2,2025-06-30,INTERIM,INDUSTRIAL_OR_HOLDING,XUSIN.IS,UNKNOWN,CONSOLIDATED,,,2025-08-15,,[],,0,UNKNOWN,NONE,UNKNOWN,,UNKNOWN,UNKNOWN,UNKNOWN,SOURCE_ERROR,,,NOT_PROCESSED_RATE_LIMIT_STOP
ASELS.IS:2025Q3,ASELS.IS,ASELS,2025Q3,2025-09-30,INTERIM,INDUSTRIAL_OR_HOLDING,XUSIN.IS,UNKNOWN,CONSOLIDATED,,,2025-11-15,,[],,0,UNKNOWN,NONE,UNKNOWN,,UNKNOWN,UNKNOWN,UNKNOWN,SOURCE_ERROR,,,NOT_PROCESSED_RATE_LIMIT_STOP
ASELS.IS:2025Q4,ASELS.IS,ASELS,2025Q4,2025-12-31,ANNUAL,INDUSTRIAL_OR_HOLDING,XUSIN.IS,UNKNOWN,CONSOLIDATED,,,2026-03-15,,[],,0,UNKNOWN,NONE,UNKNOWN,,UNKNOWN,UNKNOWN,UNKNOWN,SOURCE_ERROR,,,NOT_PROCESSED_RATE_LIMIT_STOP
ASELS.IS:2026Q1,ASELS.IS,ASELS,2026Q1,2026-03-31,INTERIM,INDUSTRIAL_OR_HOLDING,XUSIN.IS,UNKNOWN,CONSOLIDATED,,,2026-05-15,,[],,0,UNKNOWN,NONE,UNKNOWN,,UNKNOWN,UNKNOWN,UNKNOWN,SOURCE_ERROR,,,NOT_PROCESSED_RATE_LIMIT_STOP
ASELS.IS:2026Q2,ASELS.IS,ASELS,2026Q2,2026-06-30,INTERIM,INDUSTRIAL_OR_HOLDING,XUSIN.IS,UNKNOWN,CONSOLIDATED,,,2026-08-15,,[],,0,UNKNOWN,NONE,UNKNOWN,,UNKNOWN,UNKNOWN,UNKNOWN,SOURCE_ERROR,,,NOT_PROCESSED_RATE_LIMIT_STOP
ASTOR.IS:2019Q4,ASTOR.IS,ASTOR,2019Q4,2019-12-31,ANNUAL,INDUSTRIAL_OR_HOLDING,XUSIN.IS,UNKNOWN,CONSOLIDATED,,,2020-03-15,,[],,0,UNKNOWN,NONE,UNKNOWN,,UNKNOWN,UNKNOWN,UNKNOWN,SOURCE_ERROR,,,NOT_PROCESSED_RATE_LIMIT_STOP
ASTOR.IS:2020Q4,ASTOR.IS,ASTOR,2020Q4,2020-12-31,ANNUAL,INDUSTRIAL_OR_HOLDING,XUSIN.IS,UNKNOWN,CONSOLIDATED,,,2021-03-15,,[],,0,UNKNOWN,NONE,UNKNOWN,,UNKNOWN,UNKNOWN,UNKNOWN,SOURCE_ERROR,,,NOT_PROCESSED_RATE_LIMIT_STOP
ASTOR.IS:2021Q3,ASTOR.IS,ASTOR,2021Q3,2021-09-30,INTERIM,INDUSTRIAL_OR_HOLDING,XUSIN.IS,UNKNOWN,CONSOLIDATED,,,2021-11-15,,[],,0,UNKNOWN,NONE,UNKNOWN,,UNKNOWN,UNKNOWN,UNKNOWN,SOURCE_ERROR,,,NOT_PROCESSED_RATE_LIMIT_STOP
ASTOR.IS:2021Q4,ASTOR.IS,ASTOR,2021Q4,2021-12-31,ANNUAL,INDUSTRIAL_OR_HOLDING,XUSIN.IS,UNKNOWN,CONSOLIDATED,,,2022-03-15,,[],,0,UNKNOWN,NONE,UNKNOWN,,UNKNOWN,UNKNOWN,UNKNOWN,SOURCE_ERROR,,,NOT_PROCESSED_RATE_LIMIT_STOP
ASTOR.IS:2022Q1,ASTOR.IS,ASTOR,2022Q1,2022-03-31,INTERIM,INDUSTRIAL_OR_HOLDING,XUSIN.IS,UNKNOWN,CONSOLIDATED,,,2022-05-15,,[],,0,UNKNOWN,NONE,UNKNOWN,,UNKNOWN,UNKNOWN,UNKNOWN,SOURCE_ERROR,,,NOT_PROCESSED_RATE_LIMIT_STOP
ASTOR.IS:2022Q2,ASTOR.IS,ASTOR,2022Q2,2022-06-30,INTERIM,INDUSTRIAL_OR_HOLDING,XUSIN.IS,UNKNOWN,CONSOLIDATED,,,2022-08-15,,[],,0,UNKNOWN,NONE,UNKNOWN,,UNKNOWN,UNKNOWN,UNKNOWN,SOURCE_ERROR,,,NOT_PROCESSED_RATE_LIMIT_STOP
ASTOR.IS:2022Q3,ASTOR.IS,ASTOR,2022Q3,2022-09-30,INTERIM,INDUSTRIAL_OR_HOLDING,XUSIN.IS,UNKNOWN,CONSOLIDATED,,,2022-11-15,,[],,0,UNKNOWN,NONE,UNKNOWN,,UNKNOWN,UNKNOWN,UNKNOWN,SOURCE_ERROR,,,NOT_PROCESSED_RATE_LIMIT_STOP
ASTOR.IS:2022Q4,ASTOR.IS,ASTOR,2022Q4,2022-12-31,ANNUAL,INDUSTRIAL_OR_HOLDING,XUSIN.IS,UNKNOWN,CONSOLIDATED,,,2023-03-15,,[],,0,UNKNOWN,NONE,UNKNOWN,,UNKNOWN,UNKNOWN,UNKNOWN,SOURCE_ERROR,,,NOT_PROCESSED_RATE_LIMIT_STOP
ASTOR.IS:2023Q1,ASTOR.IS,ASTOR,2023Q1,2023-03-31,INTERIM,INDUSTRIAL_OR_HOLDING,XUSIN.IS,UNKNOWN,CONSOLIDATED,,,2023-05-15,,[],,0,UNKNOWN,NONE,UNKNOWN,,UNKNOWN,UNKNOWN,UNKNOWN,SOURCE_ERROR,,,NOT_PROCESSED_RATE_LIMIT_STOP
ASTOR.IS:2023Q2,ASTOR.IS,ASTOR,2023Q2,2023-06-30,INTERIM,INDUSTRIAL_OR_HOLDING,XUSIN.IS,UNKNOWN,CONSOLIDATED,,,2023-08-15,,[],,0,UNKNOWN,NONE,UNKNOWN,,UNKNOWN,UNKNOWN,UNKNOWN,SOURCE_ERROR,,,NOT_PROCESSED_RATE_LIMIT_STOP
ASTOR.IS:2023Q3,ASTOR.IS,ASTOR,2023Q3,2023-09-30,INTERIM,INDUSTRIAL_OR_HOLDING,XUSIN.IS,UNKNOWN,CONSOLIDATED,,,2023-11-15,,[],,0,UNKNOWN,NONE,UNKNOWN,,UNKNOWN,UNKNOWN,UNKNOWN,SOURCE_ERROR,,,NOT_PROCESSED_RATE_LIMIT_STOP
ASTOR.IS:2023Q4,ASTOR.IS,ASTOR,2023Q4,2023-12-31,ANNUAL,INDUSTRIAL_OR_HOLDING,XUSIN.IS,UNKNOWN,CONSOLIDATED,,,2024-03-15,,[],,0,UNKNOWN,NONE,UNKNOWN,,UNKNOWN,UNKNOWN,UNKNOWN,SOURCE_ERROR,,,NOT_PROCESSED_RATE_LIMIT_STOP
ASTOR.IS:2024Q1,ASTOR.IS,ASTOR,2024Q1,2024-03-31,INTERIM,INDUSTRIAL_OR_HOLDING,XUSIN.IS,UNKNOWN,CONSOLIDATED,,,2024-05-15,,[],,0,UNKNOWN,NONE,UNKNOWN,,UNKNOWN,UNKNOWN,UNKNOWN,SOURCE_ERROR,,,NOT_PROCESSED_RATE_LIMIT_STOP
ASTOR.IS:2024Q2,ASTOR.IS,ASTOR,2024Q2,2024-06-30,INTERIM,INDUSTRIAL_OR_HOLDING,XUSIN.IS,UNKNOWN,CONSOLIDATED,,,2024-08-15,,[],,0,UNKNOWN,NONE,UNKNOWN,,UNKNOWN,UNKNOWN,UNKNOWN,SOURCE_ERROR,,,NOT_PROCESSED_RATE_LIMIT_STOP
ASTOR.IS:2024Q3,ASTOR.IS,ASTOR,2024Q3,2024-09-30,INTERIM,INDUSTRIAL_OR_HOLDING,XUSIN.IS,UNKNOWN,CONSOLIDATED,,,2024-11-15,,[],,0,UNKNOWN,NONE,UNKNOWN,,UNKNOWN,UNKNOWN,UNKNOWN,SOURCE_ERROR,,,NOT_PROCESSED_RATE_LIMIT_STOP
ASTOR.IS:2024Q4,ASTOR.IS,ASTOR,2024Q4,2024-12-31,ANNUAL,INDUSTRIAL_OR_HOLDING,XUSIN.IS,UNKNOWN,CONSOLIDATED,,,2025-03-15,,[],,0,UNKNOWN,NONE,UNKNOWN,,UNKNOWN,UNKNOWN,UNKNOWN,SOURCE_ERROR,,,NOT_PROCESSED_RATE_LIMIT_STOP
ASTOR.IS:2025Q1,ASTOR.IS,ASTOR,2025Q1,2025-03-31,INTERIM,INDUSTRIAL_OR_HOLDING,XUSIN.IS,UNKNOWN,CONSOLIDATED,,,2025-05-15,,[],,0,UNKNOWN,NONE,UNKNOWN,,UNKNOWN,UNKNOWN,UNKNOWN,SOURCE_ERROR,,,NOT_PROCESSED_RATE_LIMIT_STOP
ASTOR.IS:2025Q2,ASTOR.IS,ASTOR,2025Q2,2025-06-30,INTERIM,INDUSTRIAL_OR_HOLDING,XUSIN.IS,UNKNOWN,CONSOLIDATED,,,2025-08-15,,[],,0,UNKNOWN,NONE,UNKNOWN,,UNKNOWN,UNKNOWN,UNKNOWN,SOURCE_ERROR,,,NOT_PROCESSED_RATE_LIMIT_STOP
ASTOR.IS:2025Q3,ASTOR.IS,ASTOR,2025Q3,2025-09-30,INTERIM,INDUSTRIAL_OR_HOLDING,XUSIN.IS,UNKNOWN,CONSOLIDATED,,,2025-11-15,,[],,0,UNKNOWN,NONE,UNKNOWN,,UNKNOWN,UNKNOWN,UNKNOWN,SOURCE_ERROR,,,NOT_PROCESSED_RATE_LIMIT_STOP
ASTOR.IS:2025Q4,ASTOR.IS,ASTOR,2025Q4,2025-12-31,ANNUAL,INDUSTRIAL_OR_HOLDING,XUSIN.IS,UNKNOWN,CONSOLIDATED,,,2026-03-15,,[],,0,UNKNOWN,NONE,UNKNOWN,,UNKNOWN,UNKNOWN,UNKNOWN,SOURCE_ERROR,,,NOT_PROCESSED_RATE_LIMIT_STOP
ASTOR.IS:2026Q1,ASTOR.IS,ASTOR,2026Q1,2026-03-31,INTERIM,INDUSTRIAL_OR_HOLDING,XUSIN.IS,UNKNOWN,CONSOLIDATED,,,2026-05-15,,[],,0,UNKNOWN,NONE,UNKNOWN,,UNKNOWN,UNKNOWN,UNKNOWN,SOURCE_ERROR,,,NOT_PROCESSED_RATE_LIMIT_STOP
ASTOR.IS:2026Q2,ASTOR.IS,ASTOR,2026Q2,2026-06-30,INTERIM,INDUSTRIAL_OR_HOLDING,XUSIN.IS,UNKNOWN,CONSOLIDATED,,,2026-08-15,,[],,0,UNKNOWN,NONE,UNKNOWN,,UNKNOWN,UNKNOWN,UNKNOWN,SOURCE_ERROR,,,NOT_PROCESSED_RATE_LIMIT_STOP
BIMAS.IS:2018Q1,BIMAS.IS,BIMAS,2018Q1,2018-03-31,INTERIM,INDUSTRIAL_OR_HOLDING,MINI_PERAKENDE,UNKNOWN,CONSOLIDATED,,,2018-05-15,,[],,0,UNKNOWN,NONE,UNKNOWN,,UNKNOWN,UNKNOWN,UNKNOWN,SOURCE_ERROR,,,NOT_PROCESSED_RATE_LIMIT_STOP
BIMAS.IS:2018Q2,BIMAS.IS,BIMAS,2018Q2,2018-06-30,INTERIM,INDUSTRIAL_OR_HOLDING,MINI_PERAKENDE,UNKNOWN,CONSOLIDATED,,,2018-08-15,,[],,0,UNKNOWN,NONE,UNKNOWN,,UNKNOWN,UNKNOWN,UNKNOWN,SOURCE_ERROR,,,NOT_PROCESSED_RATE_LIMIT_STOP
BIMAS.IS:2018Q3,BIMAS.IS,BIMAS,2018Q3,2018-09-30,INTERIM,INDUSTRIAL_OR_HOLDING,MINI_PERAKENDE,UNKNOWN,CONSOLIDATED,,,2018-11-15,,[],,0,UNKNOWN,NONE,UNKNOWN,,UNKNOWN,UNKNOWN,UNKNOWN,SOURCE_ERROR,,,NOT_PROCESSED_RATE_LIMIT_STOP
BIMAS.IS:2018Q4,BIMAS.IS,BIMAS,2018Q4,2018-12-31,ANNUAL,INDUSTRIAL_OR_HOLDING,MINI_PERAKENDE,UNKNOWN,CONSOLIDATED,,,2019-03-15,,[],,0,UNKNOWN,NONE,UNKNOWN,,UNKNOWN,UNKNOWN,UNKNOWN,SOURCE_ERROR,,,NOT_PROCESSED_RATE_LIMIT_STOP
BIMAS.IS:2019Q1,BIMAS.IS,BIMAS,2019Q1,2019-03-31,INTERIM,INDUSTRIAL_OR_HOLDING,MINI_PERAKENDE,UNKNOWN,CONSOLIDATED,,,2019-05-15,,[],,0,UNKNOWN,NONE,UNKNOWN,,UNKNOWN,UNKNOWN,UNKNOWN,SOURCE_ERROR,,,NOT_PROCESSED_RATE_LIMIT_STOP
BIMAS.IS:2019Q2,BIMAS.IS,BIMAS,2019Q2,2019-06-30,INTERIM,INDUSTRIAL_OR_HOLDING,MINI_PERAKENDE,UNKNOWN,CONSOLIDATED,,,2019-08-15,,[],,0,UNKNOWN,NONE,UNKNOWN,,UNKNOWN,UNKNOWN,UNKNOWN,SOURCE_ERROR,,,NOT_PROCESSED_RATE_LIMIT_STOP
BIMAS.IS:2019Q3,BIMAS.IS,BIMAS,2019Q3,2019-09-30,INTERIM,INDUSTRIAL_OR_HOLDING,MINI_PERAKENDE,UNKNOWN,CONSOLIDATED,,,2019-11-15,,[],,0,UNKNOWN,NONE,UNKNOWN,,UNKNOWN,UNKNOWN,UNKNOWN,SOURCE_ERROR,,,NOT_PROCESSED_RATE_LIMIT_STOP
BIMAS.IS:2019Q4,BIMAS.IS,BIMAS,2019Q4,2019-12-31,ANNUAL,INDUSTRIAL_OR_HOLDING,MINI_PERAKENDE,UNKNOWN,CONSOLIDATED,,,2020-03-15,,[],,0,UNKNOWN,NONE,UNKNOWN,,UNKNOWN,UNKNOWN,UNKNOWN,SOURCE_ERROR,,,NOT_PROCESSED_RATE_LIMIT_STOP
BIMAS.IS:2020Q1,BIMAS.IS,BIMAS,2020Q1,2020-03-31,INTERIM,INDUSTRIAL_OR_HOLDING,MINI_PERAKENDE,UNKNOWN,CONSOLIDATED,,,2020-05-15,,[],,0,UNKNOWN,NONE,UNKNOWN,,UNKNOWN,UNKNOWN,UNKNOWN,SOURCE_ERROR,,,NOT_PROCESSED_RATE_LIMIT_STOP
BIMAS.IS:2020Q2,BIMAS.IS,BIMAS,2020Q2,2020-06-30,INTERIM,INDUSTRIAL_OR_HOLDING,MINI_PERAKENDE,UNKNOWN,CONSOLIDATED,,,2020-08-15,,[],,0,UNKNOWN,NONE,UNKNOWN,,UNKNOWN,UNKNOWN,UNKNOWN,SOURCE_ERROR,,,NOT_PROCESSED_RATE_LIMIT_STOP
BIMAS.IS:2020Q3,BIMAS.IS,BIMAS,2020Q3,2020-09-30,INTERIM,INDUSTRIAL_OR_HOLDING,MINI_PERAKENDE,UNKNOWN,CONSOLIDATED,,,2020-11-15,,[],,0,UNKNOWN,NONE,UNKNOWN,,UNKNOWN,UNKNOWN,UNKNOWN,SOURCE_ERROR,,,NOT_PROCESSED_RATE_LIMIT_STOP
BIMAS.IS:2020Q4,BIMAS.IS,BIMAS,2020Q4,2020-12-31,ANNUAL,INDUSTRIAL_OR_HOLDING,MINI_PERAKENDE,UNKNOWN,CONSOLIDATED,,,2021-03-15,,[],,0,UNKNOWN,NONE,UNKNOWN,,UNKNOWN,UNKNOWN,UNKNOWN,SOURCE_ERROR,,,NOT_PROCESSED_RATE_LIMIT_STOP
BIMAS.IS:2021Q1,BIMAS.IS,BIMAS,2021Q1,2021-03-31,INTERIM,INDUSTRIAL_OR_HOLDING,MINI_PERAKENDE,UNKNOWN,CONSOLIDATED,,,2021-05-15,,[],,0,UNKNOWN,NONE,UNKNOWN,,UNKNOWN,UNKNOWN,UNKNOWN,SOURCE_ERROR,,,NOT_PROCESSED_RATE_LIMIT_STOP
BIMAS.IS:2021Q2,BIMAS.IS,BIMAS,2021Q2,2021-06-30,INTERIM,INDUSTRIAL_OR_HOLDING,MINI_PERAKENDE,UNKNOWN,CONSOLIDATED,,,2021-08-15,,[],,0,UNKNOWN,NONE,UNKNOWN,,UNKNOWN,UNKNOWN,UNKNOWN,SOURCE_ERROR,,,NOT_PROCESSED_RATE_LIMIT_STOP
BIMAS.IS:2021Q3,BIMAS.IS,BIMAS,2021Q3,2021-09-30,INTERIM,INDUSTRIAL_OR_HOLDING,MINI_PERAKENDE,UNKNOWN,CONSOLIDATED,,,2021-11-15,,[],,0,UNKNOWN,NONE,UNKNOWN,,UNKNOWN,UNKNOWN,UNKNOWN,SOURCE_ERROR,,,NOT_PROCESSED_RATE_LIMIT_STOP
BIMAS.IS:2021Q4,BIMAS.IS,BIMAS,2021Q4,2021-12-31,ANNUAL,INDUSTRIAL_OR_HOLDING,MINI_PERAKENDE,UNKNOWN,CONSOLIDATED,,,2022-03-15,,[],,0,UNKNOWN,NONE,UNKNOWN,,UNKNOWN,UNKNOWN,UNKNOWN,SOURCE_ERROR,,,NOT_PROCESSED_RATE_LIMIT_STOP
BIMAS.IS:2022Q1,BIMAS.IS,BIMAS,2022Q1,2022-03-31,INTERIM,INDUSTRIAL_OR_HOLDING,MINI_PERAKENDE,UNKNOWN,CONSOLIDATED,,,2022-05-15,,[],,0,UNKNOWN,NONE,UNKNOWN,,UNKNOWN,UNKNOWN,UNKNOWN,SOURCE_ERROR,,,NOT_PROCESSED_RATE_LIMIT_STOP
BIMAS.IS:2022Q2,BIMAS.IS,BIMAS,2022Q2,2022-06-30,INTERIM,INDUSTRIAL_OR_HOLDING,MINI_PERAKENDE,UNKNOWN,CONSOLIDATED,,,2022-08-15,,[],,0,UNKNOWN,NONE,UNKNOWN,,UNKNOWN,UNKNOWN,UNKNOWN,SOURCE_ERROR,,,NOT_PROCESSED_RATE_LIMIT_STOP
BIMAS.IS:2022Q3,BIMAS.IS,BIMAS,2022Q3,2022-09-30,INTERIM,INDUSTRIAL_OR_HOLDING,MINI_PERAKENDE,UNKNOWN,CONSOLIDATED,,,2022-11-15,,[],,0,UNKNOWN,NONE,UNKNOWN,,UNKNOWN,UNKNOWN,UNKNOWN,SOURCE_ERROR,,,NOT_PROCESSED_RATE_LIMIT_STOP
BIMAS.IS:2022Q4,BIMAS.IS,BIMAS,2022Q4,2022-12-31,ANNUAL,INDUSTRIAL_OR_HOLDING,MINI_PERAKENDE,UNKNOWN,CONSOLIDATED,,,2023-03-15,,[],,0,UNKNOWN,NONE,UNKNOWN,,UNKNOWN,UNKNOWN,UNKNOWN,SOURCE_ERROR,,,NOT_PROCESSED_RATE_LIMIT_STOP
BIMAS.IS:2023Q1,BIMAS.IS,BIMAS,2023Q1,2023-03-31,INTERIM,INDUSTRIAL_OR_HOLDING,MINI_PERAKENDE,UNKNOWN,CONSOLIDATED,,,2023-05-15,,[],,0,UNKNOWN,NONE,UNKNOWN,,UNKNOWN,UNKNOWN,UNKNOWN,SOURCE_ERROR,,,NOT_PROCESSED_RATE_LIMIT_STOP
BIMAS.IS:2023Q2,BIMAS.IS,BIMAS,2023Q2,2023-06-30,INTERIM,INDUSTRIAL_OR_HOLDING,MINI_PERAKENDE,UNKNOWN,CONSOLIDATED,,,2023-08-15,,[],,0,UNKNOWN,NONE,UNKNOWN,,UNKNOWN,UNKNOWN,UNKNOWN,SOURCE_ERROR,,,NOT_PROCESSED_RATE_LIMIT_STOP
BIMAS.IS:2023Q3,BIMAS.IS,BIMAS,2023Q3,2023-09-30,INTERIM,INDUSTRIAL_OR_HOLDING,MINI_PERAKENDE,UNKNOWN,CONSOLIDATED,,,2023-11-15,,[],,0,UNKNOWN,NONE,UNKNOWN,,UNKNOWN,UNKNOWN,UNKNOWN,SOURCE_ERROR,,,NOT_PROCESSED_RATE_LIMIT_STOP
BIMAS.IS:2023Q4,BIMAS.IS,BIMAS,2023Q4,2023-12-31,ANNUAL,INDUSTRIAL_OR_HOLDING,MINI_PERAKENDE,UNKNOWN,CONSOLIDATED,,,2024-03-15,,[],,0,UNKNOWN,NONE,UNKNOWN,,UNKNOWN,UNKNOWN,UNKNOWN,SOURCE_ERROR,,,NOT_PROCESSED_RATE_LIMIT_STOP
BIMAS.IS:2024Q1,BIMAS.IS,BIMAS,2024Q1,2024-03-31,INTERIM,INDUSTRIAL_OR_HOLDING,MINI_PERAKENDE,UNKNOWN,CONSOLIDATED,,,2024-05-15,,[],,0,UNKNOWN,NONE,UNKNOWN,,UNKNOWN,UNKNOWN,UNKNOWN,SOURCE_ERROR,,,NOT_PROCESSED_RATE_LIMIT_STOP
BIMAS.IS:2024Q2,BIMAS.IS,BIMAS,2024Q2,2024-06-30,INTERIM,INDUSTRIAL_OR_HOLDING,MINI_PERAKENDE,UNKNOWN,CONSOLIDATED,,,2024-08-15,,[],,0,UNKNOWN,NONE,UNKNOWN,,UNKNOWN,UNKNOWN,UNKNOWN,SOURCE_ERROR,,,NOT_PROCESSED_RATE_LIMIT_STOP
BIMAS.IS:2024Q3,BIMAS.IS,BIMAS,2024Q3,2024-09-30,INTERIM,INDUSTRIAL_OR_HOLDING,MINI_PERAKENDE,UNKNOWN,CONSOLIDATED,,,2024-11-15,,[],,0,UNKNOWN,NONE,UNKNOWN,,UNKNOWN,UNKNOWN,UNKNOWN,SOURCE_ERROR,,,NOT_PROCESSED_RATE_LIMIT_STOP
BIMAS.IS:2024Q4,BIMAS.IS,BIMAS,2024Q4,2024-12-31,ANNUAL,INDUSTRIAL_OR_HOLDING,MINI_PERAKENDE,UNKNOWN,CONSOLIDATED,,,2025-03-15,,[],,0,UNKNOWN,NONE,UNKNOWN,,UNKNOWN,UNKNOWN,UNKNOWN,SOURCE_ERROR,,,NOT_PROCESSED_RATE_LIMIT_STOP
BIMAS.IS:2025Q1,BIMAS.IS,BIMAS,2025Q1,2025-03-31,INTERIM,INDUSTRIAL_OR_HOLDING,MINI_PERAKENDE,UNKNOWN,CONSOLIDATED,,,2025-05-15,,[],,0,UNKNOWN,NONE,UNKNOWN,,UNKNOWN,UNKNOWN,UNKNOWN,SOURCE_ERROR,,,NOT_PROCESSED_RATE_LIMIT_STOP
BIMAS.IS:2025Q2,BIMAS.IS,BIMAS,2025Q2,2025-06-30,INTERIM,INDUSTRIAL_OR_HOLDING,MINI_PERAKENDE,UNKNOWN,CONSOLIDATED,,,2025-08-15,,[],,0,UNKNOWN,NONE,UNKNOWN,,UNKNOWN,UNKNOWN,UNKNOWN,SOURCE_ERROR,,,NOT_PROCESSED_RATE_LIMIT_STOP
BIMAS.IS:2025Q3,BIMAS.IS,BIMAS,2025Q3,2025-09-30,INTERIM,INDUSTRIAL_OR_HOLDING,MINI_PERAKENDE,UNKNOWN,CONSOLIDATED,,,2025-11-15,,[],,0,UNKNOWN,NONE,UNKNOWN,,UNKNOWN,UNKNOWN,UNKNOWN,SOURCE_ERROR,,,NOT_PROCESSED_RATE_LIMIT_STOP
BIMAS.IS:2025Q4,BIMAS.IS,BIMAS,2025Q4,2025-12-31,ANNUAL,INDUSTRIAL_OR_HOLDING,MINI_PERAKENDE,UNKNOWN,CONSOLIDATED,,,2026-03-15,,[],,0,UNKNOWN,NONE,UNKNOWN,,UNKNOWN,UNKNOWN,UNKNOWN,SOURCE_ERROR,,,NOT_PROCESSED_RATE_LIMIT_STOP
BIMAS.IS:2026Q1,BIMAS.IS,BIMAS,2026Q1,2026-03-31,INTERIM,INDUSTRIAL_OR_HOLDING,MINI_PERAKENDE,UNKNOWN,CONSOLIDATED,,,2026-05-15,,[],,0,UNKNOWN,NONE,UNKNOWN,,UNKNOWN,UNKNOWN,UNKNOWN,SOURCE_ERROR,,,NOT_PROCESSED_RATE_LIMIT_STOP
BIMAS.IS:2026Q2,BIMAS.IS,BIMAS,2026Q2,2026-06-30,INTERIM,INDUSTRIAL_OR_HOLDING,MINI_PERAKENDE,UNKNOWN,CONSOLIDATED,,,2026-08-15,,[],,0,UNKNOWN,NONE,UNKNOWN,,UNKNOWN,UNKNOWN,UNKNOWN,SOURCE_ERROR,,,NOT_PROCESSED_RATE_LIMIT_STOP
BINHO.IS:2022Q2,BINHO.IS,BINHO,2022Q2,2022-06-30,INTERIM,INDUSTRIAL_OR_HOLDING,XU100.IS,UNKNOWN,CONSOLIDATED,,,2022-08-15,,[],,0,UNKNOWN,NONE,UNKNOWN,,UNKNOWN,UNKNOWN,UNKNOWN,SOURCE_ERROR,,,NOT_PROCESSED_RATE_LIMIT_STOP
BINHO.IS:2022Q3,BINHO.IS,BINHO,2022Q3,2022-09-30,INTERIM,INDUSTRIAL_OR_HOLDING,XU100.IS,UNKNOWN,CONSOLIDATED,,,2022-11-15,,[],,0,UNKNOWN,NONE,UNKNOWN,,UNKNOWN,UNKNOWN,UNKNOWN,SOURCE_ERROR,,,NOT_PROCESSED_RATE_LIMIT_STOP
BINHO.IS:2022Q4,BINHO.IS,BINHO,2022Q4,2022-12-31,ANNUAL,INDUSTRIAL_OR_HOLDING,XU100.IS,UNKNOWN,CONSOLIDATED,,,2023-03-15,,[],,0,UNKNOWN,NONE,UNKNOWN,,UNKNOWN,UNKNOWN,UNKNOWN,SOURCE_ERROR,,,NOT_PROCESSED_RATE_LIMIT_STOP
BINHO.IS:2023Q1,BINHO.IS,BINHO,2023Q1,2023-03-31,INTERIM,INDUSTRIAL_OR_HOLDING,XU100.IS,UNKNOWN,CONSOLIDATED,,,2023-05-15,,[],,0,UNKNOWN,NONE,UNKNOWN,,UNKNOWN,UNKNOWN,UNKNOWN,SOURCE_ERROR,,,NOT_PROCESSED_RATE_LIMIT_STOP
BINHO.IS:2023Q2,BINHO.IS,BINHO,2023Q2,2023-06-30,INTERIM,INDUSTRIAL_OR_HOLDING,XU100.IS,UNKNOWN,CONSOLIDATED,,,2023-08-15,,[],,0,UNKNOWN,NONE,UNKNOWN,,UNKNOWN,UNKNOWN,UNKNOWN,SOURCE_ERROR,,,NOT_PROCESSED_RATE_LIMIT_STOP
BINHO.IS:2023Q3,BINHO.IS,BINHO,2023Q3,2023-09-30,INTERIM,INDUSTRIAL_OR_HOLDING,XU100.IS,UNKNOWN,CONSOLIDATED,,,2023-11-15,,[],,0,UNKNOWN,NONE,UNKNOWN,,UNKNOWN,UNKNOWN,UNKNOWN,SOURCE_ERROR,,,NOT_PROCESSED_RATE_LIMIT_STOP
BINHO.IS:2023Q4,BINHO.IS,BINHO,2023Q4,2023-12-31,ANNUAL,INDUSTRIAL_OR_HOLDING,XU100.IS,UNKNOWN,CONSOLIDATED,,,2024-03-15,,[],,0,UNKNOWN,NONE,UNKNOWN,,UNKNOWN,UNKNOWN,UNKNOWN,SOURCE_ERROR,,,NOT_PROCESSED_RATE_LIMIT_STOP
BINHO.IS:2024Q1,BINHO.IS,BINHO,2024Q1,2024-03-31,INTERIM,INDUSTRIAL_OR_HOLDING,XU100.IS,UNKNOWN,CONSOLIDATED,,,2024-05-15,,[],,0,UNKNOWN,NONE,UNKNOWN,,UNKNOWN,UNKNOWN,UNKNOWN,SOURCE_ERROR,,,NOT_PROCESSED_RATE_LIMIT_STOP
BINHO.IS:2024Q2,BINHO.IS,BINHO,2024Q2,2024-06-30,INTERIM,INDUSTRIAL_OR_HOLDING,XU100.IS,UNKNOWN,CONSOLIDATED,,,2024-08-15,,[],,0,UNKNOWN,NONE,UNKNOWN,,UNKNOWN,UNKNOWN,UNKNOWN,SOURCE_ERROR,,,NOT_PROCESSED_RATE_LIMIT_STOP
BINHO.IS:2024Q3,BINHO.IS,BINHO,2024Q3,2024-09-30,INTERIM,INDUSTRIAL_OR_HOLDING,XU100.IS,UNKNOWN,CONSOLIDATED,,,2024-11-15,,[],,0,UNKNOWN,NONE,UNKNOWN,,UNKNOWN,UNKNOWN,UNKNOWN,SOURCE_ERROR,,,NOT_PROCESSED_RATE_LIMIT_STOP
BINHO.IS:2024Q4,BINHO.IS,BINHO,2024Q4,2024-12-31,ANNUAL,INDUSTRIAL_OR_HOLDING,XU100.IS,UNKNOWN,CONSOLIDATED,,,2025-03-15,,[],,0,UNKNOWN,NONE,UNKNOWN,,UNKNOWN,UNKNOWN,UNKNOWN,SOURCE_ERROR,,,NOT_PROCESSED_RATE_LIMIT_STOP
BINHO.IS:2025Q1,BINHO.IS,BINHO,2025Q1,2025-03-31,INTERIM,INDUSTRIAL_OR_HOLDING,XU100.IS,UNKNOWN,CONSOLIDATED,,,2025-05-15,,[],,0,UNKNOWN,NONE,UNKNOWN,,UNKNOWN,UNKNOWN,UNKNOWN,SOURCE_ERROR,,,NOT_PROCESSED_RATE_LIMIT_STOP
BINHO.IS:2025Q2,BINHO.IS,BINHO,2025Q2,2025-06-30,INTERIM,INDUSTRIAL_OR_HOLDING,XU100.IS,UNKNOWN,CONSOLIDATED,,,2025-08-15,,[],,0,UNKNOWN,NONE,UNKNOWN,,UNKNOWN,UNKNOWN,UNKNOWN,SOURCE_ERROR,,,NOT_PROCESSED_RATE_LIMIT_STOP
BINHO.IS:2025Q3,BINHO.IS,BINHO,2025Q3,2025-09-30,INTERIM,INDUSTRIAL_OR_HOLDING,XU100.IS,UNKNOWN,CONSOLIDATED,,,2025-11-15,,[],,0,UNKNOWN,NONE,UNKNOWN,,UNKNOWN,UNKNOWN,UNKNOWN,SOURCE_ERROR,,,NOT_PROCESSED_RATE_LIMIT_STOP
BINHO.IS:2025Q4,BINHO.IS,BINHO,2025Q4,2025-12-31,ANNUAL,INDUSTRIAL_OR_HOLDING,XU100.IS,UNKNOWN,CONSOLIDATED,,,2026-03-15,,[],,0,UNKNOWN,NONE,UNKNOWN,,UNKNOWN,UNKNOWN,UNKNOWN,SOURCE_ERROR,,,NOT_PROCESSED_RATE_LIMIT_STOP
BINHO.IS:2026Q1,BINHO.IS,BINHO,2026Q1,2026-03-31,INTERIM,INDUSTRIAL_OR_HOLDING,XU100.IS,UNKNOWN,CONSOLIDATED,,,2026-05-15,,[],,0,UNKNOWN,NONE,UNKNOWN,,UNKNOWN,UNKNOWN,UNKNOWN,SOURCE_ERROR,,,NOT_PROCESSED_RATE_LIMIT_STOP
BINHO.IS:2026Q2,BINHO.IS,BINHO,2026Q2,2026-06-30,INTERIM,INDUSTRIAL_OR_HOLDING,XU100.IS,UNKNOWN,CONSOLIDATED,,,2026-08-15,,[],,0,UNKNOWN,NONE,UNKNOWN,,UNKNOWN,UNKNOWN,UNKNOWN,SOURCE_ERROR,,,NOT_PROCESSED_RATE_LIMIT_STOP
BIZIM.IS:2018Q1,BIZIM.IS,BIZIM,2018Q1,2018-03-31,INTERIM,INDUSTRIAL_OR_HOLDING,MINI_PERAKENDE,UNKNOWN,CONSOLIDATED,,,2018-05-15,,[],,0,UNKNOWN,NONE,UNKNOWN,,UNKNOWN,UNKNOWN,UNKNOWN,SOURCE_ERROR,,,NOT_PROCESSED_RATE_LIMIT_STOP
BIZIM.IS:2018Q2,BIZIM.IS,BIZIM,2018Q2,2018-06-30,INTERIM,INDUSTRIAL_OR_HOLDING,MINI_PERAKENDE,UNKNOWN,CONSOLIDATED,,,2018-08-15,,[],,0,UNKNOWN,NONE,UNKNOWN,,UNKNOWN,UNKNOWN,UNKNOWN,SOURCE_ERROR,,,NOT_PROCESSED_RATE_LIMIT_STOP
BIZIM.IS:2018Q3,BIZIM.IS,BIZIM,2018Q3,2018-09-30,INTERIM,INDUSTRIAL_OR_HOLDING,MINI_PERAKENDE,UNKNOWN,CONSOLIDATED,,,2018-11-15,,[],,0,UNKNOWN,NONE,UNKNOWN,,UNKNOWN,UNKNOWN,UNKNOWN,SOURCE_ERROR,,,NOT_PROCESSED_RATE_LIMIT_STOP
BIZIM.IS:2018Q4,BIZIM.IS,BIZIM,2018Q4,2018-12-31,ANNUAL,INDUSTRIAL_OR_HOLDING,MINI_PERAKENDE,UNKNOWN,CONSOLIDATED,,,2019-03-15,,[],,0,UNKNOWN,NONE,UNKNOWN,,UNKNOWN,UNKNOWN,UNKNOWN,SOURCE_ERROR,,,NOT_PROCESSED_RATE_LIMIT_STOP
BIZIM.IS:2019Q1,BIZIM.IS,BIZIM,2019Q1,2019-03-31,INTERIM,INDUSTRIAL_OR_HOLDING,MINI_PERAKENDE,UNKNOWN,CONSOLIDATED,,,2019-05-15,,[],,0,UNKNOWN,NONE,UNKNOWN,,UNKNOWN,UNKNOWN,UNKNOWN,SOURCE_ERROR,,,NOT_PROCESSED_RATE_LIMIT_STOP
BIZIM.IS:2019Q2,BIZIM.IS,BIZIM,2019Q2,2019-06-30,INTERIM,INDUSTRIAL_OR_HOLDING,MINI_PERAKENDE,UNKNOWN,CONSOLIDATED,,,2019-08-15,,[],,0,UNKNOWN,NONE,UNKNOWN,,UNKNOWN,UNKNOWN,UNKNOWN,SOURCE_ERROR,,,NOT_PROCESSED_RATE_LIMIT_STOP
BIZIM.IS:2019Q3,BIZIM.IS,BIZIM,2019Q3,2019-09-30,INTERIM,INDUSTRIAL_OR_HOLDING,MINI_PERAKENDE,UNKNOWN,CONSOLIDATED,,,2019-11-15,,[],,0,UNKNOWN,NONE,UNKNOWN,,UNKNOWN,UNKNOWN,UNKNOWN,SOURCE_ERROR,,,NOT_PROCESSED_RATE_LIMIT_STOP
BIZIM.IS:2019Q4,BIZIM.IS,BIZIM,2019Q4,2019-12-31,ANNUAL,INDUSTRIAL_OR_HOLDING,MINI_PERAKENDE,UNKNOWN,CONSOLIDATED,,,2020-03-15,,[],,0,UNKNOWN,NONE,UNKNOWN,,UNKNOWN,UNKNOWN,UNKNOWN,SOURCE_ERROR,,,NOT_PROCESSED_RATE_LIMIT_STOP
BIZIM.IS:2020Q1,BIZIM.IS,BIZIM,2020Q1,2020-03-31,INTERIM,INDUSTRIAL_OR_HOLDING,MINI_PERAKENDE,UNKNOWN,CONSOLIDATED,,,2020-05-15,,[],,0,UNKNOWN,NONE,UNKNOWN,,UNKNOWN,UNKNOWN,UNKNOWN,SOURCE_ERROR,,,NOT_PROCESSED_RATE_LIMIT_STOP
BIZIM.IS:2020Q2,BIZIM.IS,BIZIM,2020Q2,2020-06-30,INTERIM,INDUSTRIAL_OR_HOLDING,MINI_PERAKENDE,UNKNOWN,CONSOLIDATED,,,2020-08-15,,[],,0,UNKNOWN,NONE,UNKNOWN,,UNKNOWN,UNKNOWN,UNKNOWN,SOURCE_ERROR,,,NOT_PROCESSED_RATE_LIMIT_STOP
BIZIM.IS:2020Q3,BIZIM.IS,BIZIM,2020Q3,2020-09-30,INTERIM,INDUSTRIAL_OR_HOLDING,MINI_PERAKENDE,UNKNOWN,CONSOLIDATED,,,2020-11-15,,[],,0,UNKNOWN,NONE,UNKNOWN,,UNKNOWN,UNKNOWN,UNKNOWN,SOURCE_ERROR,,,NOT_PROCESSED_RATE_LIMIT_STOP
BIZIM.IS:2020Q4,BIZIM.IS,BIZIM,2020Q4,2020-12-31,ANNUAL,INDUSTRIAL_OR_HOLDING,MINI_PERAKENDE,UNKNOWN,CONSOLIDATED,,,2021-03-15,,[],,0,UNKNOWN,NONE,UNKNOWN,,UNKNOWN,UNKNOWN,UNKNOWN,SOURCE_ERROR,,,NOT_PROCESSED_RATE_LIMIT_STOP
BIZIM.IS:2021Q1,BIZIM.IS,BIZIM,2021Q1,2021-03-31,INTERIM,INDUSTRIAL_OR_HOLDING,MINI_PERAKENDE,UNKNOWN,CONSOLIDATED,,,2021-05-15,,[],,0,UNKNOWN,NONE,UNKNOWN,,UNKNOWN,UNKNOWN,UNKNOWN,SOURCE_ERROR,,,NOT_PROCESSED_RATE_LIMIT_STOP
BIZIM.IS:2021Q2,BIZIM.IS,BIZIM,2021Q2,2021-06-30,INTERIM,INDUSTRIAL_OR_HOLDING,MINI_PERAKENDE,UNKNOWN,CONSOLIDATED,,,2021-08-15,,[],,0,UNKNOWN,NONE,UNKNOWN,,UNKNOWN,UNKNOWN,UNKNOWN,SOURCE_ERROR,,,NOT_PROCESSED_RATE_LIMIT_STOP
BIZIM.IS:2021Q3,BIZIM.IS,BIZIM,2021Q3,2021-09-30,INTERIM,INDUSTRIAL_OR_HOLDING,MINI_PERAKENDE,UNKNOWN,CONSOLIDATED,,,2021-11-15,,[],,0,UNKNOWN,NONE,UNKNOWN,,UNKNOWN,UNKNOWN,UNKNOWN,SOURCE_ERROR,,,NOT_PROCESSED_RATE_LIMIT_STOP
BIZIM.IS:2021Q4,BIZIM.IS,BIZIM,2021Q4,2021-12-31,ANNUAL,INDUSTRIAL_OR_HOLDING,MINI_PERAKENDE,UNKNOWN,CONSOLIDATED,,,2022-03-15,,[],,0,UNKNOWN,NONE,UNKNOWN,,UNKNOWN,UNKNOWN,UNKNOWN,SOURCE_ERROR,,,NOT_PROCESSED_RATE_LIMIT_STOP
BIZIM.IS:2022Q1,BIZIM.IS,BIZIM,2022Q1,2022-03-31,INTERIM,INDUSTRIAL_OR_HOLDING,MINI_PERAKENDE,UNKNOWN,CONSOLIDATED,,,2022-05-15,,[],,0,UNKNOWN,NONE,UNKNOWN,,UNKNOWN,UNKNOWN,UNKNOWN,SOURCE_ERROR,,,NOT_PROCESSED_RATE_LIMIT_STOP
BIZIM.IS:2022Q2,BIZIM.IS,BIZIM,2022Q2,2022-06-30,INTERIM,INDUSTRIAL_OR_HOLDING,MINI_PERAKENDE,UNKNOWN,CONSOLIDATED,,,2022-08-15,,[],,0,UNKNOWN,NONE,UNKNOWN,,UNKNOWN,UNKNOWN,UNKNOWN,SOURCE_ERROR,,,NOT_PROCESSED_RATE_LIMIT_STOP
BIZIM.IS:2022Q3,BIZIM.IS,BIZIM,2022Q3,2022-09-30,INTERIM,INDUSTRIAL_OR_HOLDING,MINI_PERAKENDE,UNKNOWN,CONSOLIDATED,,,2022-11-15,,[],,0,UNKNOWN,NONE,UNKNOWN,,UNKNOWN,UNKNOWN,UNKNOWN,SOURCE_ERROR,,,NOT_PROCESSED_RATE_LIMIT_STOP
BIZIM.IS:2022Q4,BIZIM.IS,BIZIM,2022Q4,2022-12-31,ANNUAL,INDUSTRIAL_OR_HOLDING,MINI_PERAKENDE,UNKNOWN,CONSOLIDATED,,,2023-03-15,,[],,0,UNKNOWN,NONE,UNKNOWN,,UNKNOWN,UNKNOWN,UNKNOWN,SOURCE_ERROR,,,NOT_PROCESSED_RATE_LIMIT_STOP
BIZIM.IS:2023Q1,BIZIM.IS,BIZIM,2023Q1,2023-03-31,INTERIM,INDUSTRIAL_OR_HOLDING,MINI_PERAKENDE,UNKNOWN,CONSOLIDATED,,,2023-05-15,,[],,0,UNKNOWN,NONE,UNKNOWN,,UNKNOWN,UNKNOWN,UNKNOWN,SOURCE_ERROR,,,NOT_PROCESSED_RATE_LIMIT_STOP
BIZIM.IS:2023Q2,BIZIM.IS,BIZIM,2023Q2,2023-06-30,INTERIM,INDUSTRIAL_OR_HOLDING,MINI_PERAKENDE,UNKNOWN,CONSOLIDATED,,,2023-08-15,,[],,0,UNKNOWN,NONE,UNKNOWN,,UNKNOWN,UNKNOWN,UNKNOWN,SOURCE_ERROR,,,NOT_PROCESSED_RATE_LIMIT_STOP
BIZIM.IS:2023Q3,BIZIM.IS,BIZIM,2023Q3,2023-09-30,INTERIM,INDUSTRIAL_OR_HOLDING,MINI_PERAKENDE,UNKNOWN,CONSOLIDATED,,,2023-11-15,,[],,0,UNKNOWN,NONE,UNKNOWN,,UNKNOWN,UNKNOWN,UNKNOWN,SOURCE_ERROR,,,NOT_PROCESSED_RATE_LIMIT_STOP
BIZIM.IS:2023Q4,BIZIM.IS,BIZIM,2023Q4,2023-12-31,ANNUAL,INDUSTRIAL_OR_HOLDING,MINI_PERAKENDE,UNKNOWN,CONSOLIDATED,,,2024-03-15,,[],,0,UNKNOWN,NONE,UNKNOWN,,UNKNOWN,UNKNOWN,UNKNOWN,SOURCE_ERROR,,,NOT_PROCESSED_RATE_LIMIT_STOP
BIZIM.IS:2024Q1,BIZIM.IS,BIZIM,2024Q1,2024-03-31,INTERIM,INDUSTRIAL_OR_HOLDING,MINI_PERAKENDE,UNKNOWN,CONSOLIDATED,,,2024-05-15,,[],,0,UNKNOWN,NONE,UNKNOWN,,UNKNOWN,UNKNOWN,UNKNOWN,SOURCE_ERROR,,,NOT_PROCESSED_RATE_LIMIT_STOP
BIZIM.IS:2024Q2,BIZIM.IS,BIZIM,2024Q2,2024-06-30,INTERIM,INDUSTRIAL_OR_HOLDING,MINI_PERAKENDE,UNKNOWN,CONSOLIDATED,,,2024-08-15,,[],,0,UNKNOWN,NONE,UNKNOWN,,UNKNOWN,UNKNOWN,UNKNOWN,SOURCE_ERROR,,,NOT_PROCESSED_RATE_LIMIT_STOP
BIZIM.IS:2024Q3,BIZIM.IS,BIZIM,2024Q3,2024-09-30,INTERIM,INDUSTRIAL_OR_HOLDING,MINI_PERAKENDE,UNKNOWN,CONSOLIDATED,,,2024-11-15,,[],,0,UNKNOWN,NONE,UNKNOWN,,UNKNOWN,UNKNOWN,UNKNOWN,SOURCE_ERROR,,,NOT_PROCESSED_RATE_LIMIT_STOP
BIZIM.IS:2024Q4,BIZIM.IS,BIZIM,2024Q4,2024-12-31,ANNUAL,INDUSTRIAL_OR_HOLDING,MINI_PERAKENDE,UNKNOWN,CONSOLIDATED,,,2025-03-15,,[],,0,UNKNOWN,NONE,UNKNOWN,,UNKNOWN,UNKNOWN,UNKNOWN,SOURCE_ERROR,,,NOT_PROCESSED_RATE_LIMIT_STOP
BIZIM.IS:2025Q1,BIZIM.IS,BIZIM,2025Q1,2025-03-31,INTERIM,INDUSTRIAL_OR_HOLDING,MINI_PERAKENDE,UNKNOWN,CONSOLIDATED,,,2025-05-15,,[],,0,UNKNOWN,NONE,UNKNOWN,,UNKNOWN,UNKNOWN,UNKNOWN,SOURCE_ERROR,,,NOT_PROCESSED_RATE_LIMIT_STOP
BIZIM.IS:2025Q2,BIZIM.IS,BIZIM,2025Q2,2025-06-30,INTERIM,INDUSTRIAL_OR_HOLDING,MINI_PERAKENDE,UNKNOWN,CONSOLIDATED,,,2025-08-15,,[],,0,UNKNOWN,NONE,UNKNOWN,,UNKNOWN,UNKNOWN,UNKNOWN,SOURCE_ERROR,,,NOT_PROCESSED_RATE_LIMIT_STOP
BIZIM.IS:2025Q3,BIZIM.IS,BIZIM,2025Q3,2025-09-30,INTERIM,INDUSTRIAL_OR_HOLDING,MINI_PERAKENDE,UNKNOWN,CONSOLIDATED,,,2025-11-15,,[],,0,UNKNOWN,NONE,UNKNOWN,,UNKNOWN,UNKNOWN,UNKNOWN,SOURCE_ERROR,,,NOT_PROCESSED_RATE_LIMIT_STOP
BIZIM.IS:2025Q4,BIZIM.IS,BIZIM,2025Q4,2025-12-31,ANNUAL,INDUSTRIAL_OR_HOLDING,MINI_PERAKENDE,UNKNOWN,CONSOLIDATED,,,2026-03-15,,[],,0,UNKNOWN,NONE,UNKNOWN,,UNKNOWN,UNKNOWN,UNKNOWN,SOURCE_ERROR,,,NOT_PROCESSED_RATE_LIMIT_STOP
BIZIM.IS:2026Q1,BIZIM.IS,BIZIM,2026Q1,2026-03-31,INTERIM,INDUSTRIAL_OR_HOLDING,MINI_PERAKENDE,UNKNOWN,CONSOLIDATED,,,2026-05-15,,[],,0,UNKNOWN,NONE,UNKNOWN,,UNKNOWN,UNKNOWN,UNKNOWN,SOURCE_ERROR,,,NOT_PROCESSED_RATE_LIMIT_STOP
BIZIM.IS:2026Q2,BIZIM.IS,BIZIM,2026Q2,2026-06-30,INTERIM,INDUSTRIAL_OR_HOLDING,MINI_PERAKENDE,UNKNOWN,CONSOLIDATED,,,2026-08-15,,[],,0,UNKNOWN,NONE,UNKNOWN,,UNKNOWN,UNKNOWN,UNKNOWN,SOURCE_ERROR,,,NOT_PROCESSED_RATE_LIMIT_STOP
BRSAN.IS:2018Q1,BRSAN.IS,BRSAN,2018Q1,2018-03-31,INTERIM,INDUSTRIAL_OR_HOLDING,XUSIN.IS,UNKNOWN,CONSOLIDATED,,,2018-05-15,,[],,0,UNKNOWN,NONE,UNKNOWN,,UNKNOWN,UNKNOWN,UNKNOWN,SOURCE_ERROR,,,NOT_PROCESSED_RATE_LIMIT_STOP
BRSAN.IS:2018Q2,BRSAN.IS,BRSAN,2018Q2,2018-06-30,INTERIM,INDUSTRIAL_OR_HOLDING,XUSIN.IS,UNKNOWN,CONSOLIDATED,,,2018-08-15,,[],,0,UNKNOWN,NONE,UNKNOWN,,UNKNOWN,UNKNOWN,UNKNOWN,SOURCE_ERROR,,,NOT_PROCESSED_RATE_LIMIT_STOP
BRSAN.IS:2018Q3,BRSAN.IS,BRSAN,2018Q3,2018-09-30,INTERIM,INDUSTRIAL_OR_HOLDING,XUSIN.IS,UNKNOWN,CONSOLIDATED,,,2018-11-15,,[],,0,UNKNOWN,NONE,UNKNOWN,,UNKNOWN,UNKNOWN,UNKNOWN,SOURCE_ERROR,,,NOT_PROCESSED_RATE_LIMIT_STOP
BRSAN.IS:2018Q4,BRSAN.IS,BRSAN,2018Q4,2018-12-31,ANNUAL,INDUSTRIAL_OR_HOLDING,XUSIN.IS,UNKNOWN,CONSOLIDATED,,,2019-03-15,,[],,0,UNKNOWN,NONE,UNKNOWN,,UNKNOWN,UNKNOWN,UNKNOWN,SOURCE_ERROR,,,NOT_PROCESSED_RATE_LIMIT_STOP
BRSAN.IS:2019Q1,BRSAN.IS,BRSAN,2019Q1,2019-03-31,INTERIM,INDUSTRIAL_OR_HOLDING,XUSIN.IS,UNKNOWN,CONSOLIDATED,,,2019-05-15,,[],,0,UNKNOWN,NONE,UNKNOWN,,UNKNOWN,UNKNOWN,UNKNOWN,SOURCE_ERROR,,,NOT_PROCESSED_RATE_LIMIT_STOP
BRSAN.IS:2019Q2,BRSAN.IS,BRSAN,2019Q2,2019-06-30,INTERIM,INDUSTRIAL_OR_HOLDING,XUSIN.IS,UNKNOWN,CONSOLIDATED,,,2019-08-15,,[],,0,UNKNOWN,NONE,UNKNOWN,,UNKNOWN,UNKNOWN,UNKNOWN,SOURCE_ERROR,,,NOT_PROCESSED_RATE_LIMIT_STOP
BRSAN.IS:2019Q3,BRSAN.IS,BRSAN,2019Q3,2019-09-30,INTERIM,INDUSTRIAL_OR_HOLDING,XUSIN.IS,UNKNOWN,CONSOLIDATED,,,2019-11-15,,[],,0,UNKNOWN,NONE,UNKNOWN,,UNKNOWN,UNKNOWN,UNKNOWN,SOURCE_ERROR,,,NOT_PROCESSED_RATE_LIMIT_STOP
BRSAN.IS:2019Q4,BRSAN.IS,BRSAN,2019Q4,2019-12-31,ANNUAL,INDUSTRIAL_OR_HOLDING,XUSIN.IS,UNKNOWN,CONSOLIDATED,,,2020-03-15,,[],,0,UNKNOWN,NONE,UNKNOWN,,UNKNOWN,UNKNOWN,UNKNOWN,SOURCE_ERROR,,,NOT_PROCESSED_RATE_LIMIT_STOP
BRSAN.IS:2020Q1,BRSAN.IS,BRSAN,2020Q1,2020-03-31,INTERIM,INDUSTRIAL_OR_HOLDING,XUSIN.IS,UNKNOWN,CONSOLIDATED,,,2020-05-15,,[],,0,UNKNOWN,NONE,UNKNOWN,,UNKNOWN,UNKNOWN,UNKNOWN,SOURCE_ERROR,,,NOT_PROCESSED_RATE_LIMIT_STOP
BRSAN.IS:2020Q2,BRSAN.IS,BRSAN,2020Q2,2020-06-30,INTERIM,INDUSTRIAL_OR_HOLDING,XUSIN.IS,UNKNOWN,CONSOLIDATED,,,2020-08-15,,[],,0,UNKNOWN,NONE,UNKNOWN,,UNKNOWN,UNKNOWN,UNKNOWN,SOURCE_ERROR,,,NOT_PROCESSED_RATE_LIMIT_STOP
BRSAN.IS:2020Q3,BRSAN.IS,BRSAN,2020Q3,2020-09-30,INTERIM,INDUSTRIAL_OR_HOLDING,XUSIN.IS,UNKNOWN,CONSOLIDATED,,,2020-11-15,,[],,0,UNKNOWN,NONE,UNKNOWN,,UNKNOWN,UNKNOWN,UNKNOWN,SOURCE_ERROR,,,NOT_PROCESSED_RATE_LIMIT_STOP
BRSAN.IS:2020Q4,BRSAN.IS,BRSAN,2020Q4,2020-12-31,ANNUAL,INDUSTRIAL_OR_HOLDING,XUSIN.IS,UNKNOWN,CONSOLIDATED,,,2021-03-15,,[],,0,UNKNOWN,NONE,UNKNOWN,,UNKNOWN,UNKNOWN,UNKNOWN,SOURCE_ERROR,,,NOT_PROCESSED_RATE_LIMIT_STOP
BRSAN.IS:2021Q1,BRSAN.IS,BRSAN,2021Q1,2021-03-31,INTERIM,INDUSTRIAL_OR_HOLDING,XUSIN.IS,UNKNOWN,CONSOLIDATED,,,2021-05-15,,[],,0,UNKNOWN,NONE,UNKNOWN,,UNKNOWN,UNKNOWN,UNKNOWN,SOURCE_ERROR,,,NOT_PROCESSED_RATE_LIMIT_STOP
BRSAN.IS:2021Q2,BRSAN.IS,BRSAN,2021Q2,2021-06-30,INTERIM,INDUSTRIAL_OR_HOLDING,XUSIN.IS,UNKNOWN,CONSOLIDATED,,,2021-08-15,,[],,0,UNKNOWN,NONE,UNKNOWN,,UNKNOWN,UNKNOWN,UNKNOWN,SOURCE_ERROR,,,NOT_PROCESSED_RATE_LIMIT_STOP
BRSAN.IS:2021Q3,BRSAN.IS,BRSAN,2021Q3,2021-09-30,INTERIM,INDUSTRIAL_OR_HOLDING,XUSIN.IS,UNKNOWN,CONSOLIDATED,,,2021-11-15,,[],,0,UNKNOWN,NONE,UNKNOWN,,UNKNOWN,UNKNOWN,UNKNOWN,SOURCE_ERROR,,,NOT_PROCESSED_RATE_LIMIT_STOP
BRSAN.IS:2021Q4,BRSAN.IS,BRSAN,2021Q4,2021-12-31,ANNUAL,INDUSTRIAL_OR_HOLDING,XUSIN.IS,UNKNOWN,CONSOLIDATED,,,2022-03-15,,[],,0,UNKNOWN,NONE,UNKNOWN,,UNKNOWN,UNKNOWN,UNKNOWN,SOURCE_ERROR,,,NOT_PROCESSED_RATE_LIMIT_STOP
BRSAN.IS:2022Q1,BRSAN.IS,BRSAN,2022Q1,2022-03-31,INTERIM,INDUSTRIAL_OR_HOLDING,XUSIN.IS,UNKNOWN,CONSOLIDATED,,,2022-05-15,,[],,0,UNKNOWN,NONE,UNKNOWN,,UNKNOWN,UNKNOWN,UNKNOWN,SOURCE_ERROR,,,NOT_PROCESSED_RATE_LIMIT_STOP
BRSAN.IS:2022Q2,BRSAN.IS,BRSAN,2022Q2,2022-06-30,INTERIM,INDUSTRIAL_OR_HOLDING,XUSIN.IS,UNKNOWN,CONSOLIDATED,,,2022-08-15,,[],,0,UNKNOWN,NONE,UNKNOWN,,UNKNOWN,UNKNOWN,UNKNOWN,SOURCE_ERROR,,,NOT_PROCESSED_RATE_LIMIT_STOP
BRSAN.IS:2022Q3,BRSAN.IS,BRSAN,2022Q3,2022-09-30,INTERIM,INDUSTRIAL_OR_HOLDING,XUSIN.IS,UNKNOWN,CONSOLIDATED,,,2022-11-15,,[],,0,UNKNOWN,NONE,UNKNOWN,,UNKNOWN,UNKNOWN,UNKNOWN,SOURCE_ERROR,,,NOT_PROCESSED_RATE_LIMIT_STOP
BRSAN.IS:2022Q4,BRSAN.IS,BRSAN,2022Q4,2022-12-31,ANNUAL,INDUSTRIAL_OR_HOLDING,XUSIN.IS,UNKNOWN,CONSOLIDATED,,,2023-03-15,,[],,0,UNKNOWN,NONE,UNKNOWN,,UNKNOWN,UNKNOWN,UNKNOWN,SOURCE_ERROR,,,NOT_PROCESSED_RATE_LIMIT_STOP
BRSAN.IS:2023Q1,BRSAN.IS,BRSAN,2023Q1,2023-03-31,INTERIM,INDUSTRIAL_OR_HOLDING,XUSIN.IS,UNKNOWN,CONSOLIDATED,,,2023-05-15,,[],,0,UNKNOWN,NONE,UNKNOWN,,UNKNOWN,UNKNOWN,UNKNOWN,SOURCE_ERROR,,,NOT_PROCESSED_RATE_LIMIT_STOP
BRSAN.IS:2023Q2,BRSAN.IS,BRSAN,2023Q2,2023-06-30,INTERIM,INDUSTRIAL_OR_HOLDING,XUSIN.IS,UNKNOWN,CONSOLIDATED,,,2023-08-15,,[],,0,UNKNOWN,NONE,UNKNOWN,,UNKNOWN,UNKNOWN,UNKNOWN,SOURCE_ERROR,,,NOT_PROCESSED_RATE_LIMIT_STOP
BRSAN.IS:2023Q3,BRSAN.IS,BRSAN,2023Q3,2023-09-30,INTERIM,INDUSTRIAL_OR_HOLDING,XUSIN.IS,UNKNOWN,CONSOLIDATED,,,2023-11-15,,[],,0,UNKNOWN,NONE,UNKNOWN,,UNKNOWN,UNKNOWN,UNKNOWN,SOURCE_ERROR,,,NOT_PROCESSED_RATE_LIMIT_STOP
BRSAN.IS:2023Q4,BRSAN.IS,BRSAN,2023Q4,2023-12-31,ANNUAL,INDUSTRIAL_OR_HOLDING,XUSIN.IS,UNKNOWN,CONSOLIDATED,,,2024-03-15,,[],,0,UNKNOWN,NONE,UNKNOWN,,UNKNOWN,UNKNOWN,UNKNOWN,SOURCE_ERROR,,,NOT_PROCESSED_RATE_LIMIT_STOP
BRSAN.IS:2024Q1,BRSAN.IS,BRSAN,2024Q1,2024-03-31,INTERIM,INDUSTRIAL_OR_HOLDING,XUSIN.IS,UNKNOWN,CONSOLIDATED,,,2024-05-15,,[],,0,UNKNOWN,NONE,UNKNOWN,,UNKNOWN,UNKNOWN,UNKNOWN,SOURCE_ERROR,,,NOT_PROCESSED_RATE_LIMIT_STOP
BRSAN.IS:2024Q2,BRSAN.IS,BRSAN,2024Q2,2024-06-30,INTERIM,INDUSTRIAL_OR_HOLDING,XUSIN.IS,UNKNOWN,CONSOLIDATED,,,2024-08-15,,[],,0,UNKNOWN,NONE,UNKNOWN,,UNKNOWN,UNKNOWN,UNKNOWN,SOURCE_ERROR,,,NOT_PROCESSED_RATE_LIMIT_STOP
BRSAN.IS:2024Q3,BRSAN.IS,BRSAN,2024Q3,2024-09-30,INTERIM,INDUSTRIAL_OR_HOLDING,XUSIN.IS,UNKNOWN,CONSOLIDATED,,,2024-11-15,,[],,0,UNKNOWN,NONE,UNKNOWN,,UNKNOWN,UNKNOWN,UNKNOWN,SOURCE_ERROR,,,NOT_PROCESSED_RATE_LIMIT_STOP
BRSAN.IS:2024Q4,BRSAN.IS,BRSAN,2024Q4,2024-12-31,ANNUAL,INDUSTRIAL_OR_HOLDING,XUSIN.IS,UNKNOWN,CONSOLIDATED,,,2025-03-15,,[],,0,UNKNOWN,NONE,UNKNOWN,,UNKNOWN,UNKNOWN,UNKNOWN,SOURCE_ERROR,,,NOT_PROCESSED_RATE_LIMIT_STOP
BRSAN.IS:2025Q1,BRSAN.IS,BRSAN,2025Q1,2025-03-31,INTERIM,INDUSTRIAL_OR_HOLDING,XUSIN.IS,UNKNOWN,CONSOLIDATED,,,2025-05-15,,[],,0,UNKNOWN,NONE,UNKNOWN,,UNKNOWN,UNKNOWN,UNKNOWN,SOURCE_ERROR,,,NOT_PROCESSED_RATE_LIMIT_STOP
BRSAN.IS:2025Q2,BRSAN.IS,BRSAN,2025Q2,2025-06-30,INTERIM,INDUSTRIAL_OR_HOLDING,XUSIN.IS,UNKNOWN,CONSOLIDATED,,,2025-08-15,,[],,0,UNKNOWN,NONE,UNKNOWN,,UNKNOWN,UNKNOWN,UNKNOWN,SOURCE_ERROR,,,NOT_PROCESSED_RATE_LIMIT_STOP
BRSAN.IS:2025Q3,BRSAN.IS,BRSAN,2025Q3,2025-09-30,INTERIM,INDUSTRIAL_OR_HOLDING,XUSIN.IS,UNKNOWN,CONSOLIDATED,,,2025-11-15,,[],,0,UNKNOWN,NONE,UNKNOWN,,UNKNOWN,UNKNOWN,UNKNOWN,SOURCE_ERROR,,,NOT_PROCESSED_RATE_LIMIT_STOP
BRSAN.IS:2025Q4,BRSAN.IS,BRSAN,2025Q4,2025-12-31,ANNUAL,INDUSTRIAL_OR_HOLDING,XUSIN.IS,UNKNOWN,CONSOLIDATED,,,2026-03-15,,[],,0,UNKNOWN,NONE,UNKNOWN,,UNKNOWN,UNKNOWN,UNKNOWN,SOURCE_ERROR,,,NOT_PROCESSED_RATE_LIMIT_STOP
BRSAN.IS:2026Q1,BRSAN.IS,BRSAN,2026Q1,2026-03-31,INTERIM,INDUSTRIAL_OR_HOLDING,XUSIN.IS,UNKNOWN,CONSOLIDATED,,,2026-05-15,,[],,0,UNKNOWN,NONE,UNKNOWN,,UNKNOWN,UNKNOWN,UNKNOWN,SOURCE_ERROR,,,NOT_PROCESSED_RATE_LIMIT_STOP
BRSAN.IS:2026Q2,BRSAN.IS,BRSAN,2026Q2,2026-06-30,INTERIM,INDUSTRIAL_OR_HOLDING,XUSIN.IS,UNKNOWN,CONSOLIDATED,,,2026-08-15,,[],,0,UNKNOWN,NONE,UNKNOWN,,UNKNOWN,UNKNOWN,UNKNOWN,SOURCE_ERROR,,,NOT_PROCESSED_RATE_LIMIT_STOP
BSOKE.IS:2018Q1,BSOKE.IS,BSOKE,2018Q1,2018-03-31,INTERIM,INDUSTRIAL_OR_HOLDING,XUSIN.IS,UNKNOWN,CONSOLIDATED,,,2018-05-15,,[],,0,UNKNOWN,NONE,UNKNOWN,,UNKNOWN,UNKNOWN,UNKNOWN,SOURCE_ERROR,,,NOT_PROCESSED_RATE_LIMIT_STOP
BSOKE.IS:2018Q2,BSOKE.IS,BSOKE,2018Q2,2018-06-30,INTERIM,INDUSTRIAL_OR_HOLDING,XUSIN.IS,UNKNOWN,CONSOLIDATED,,,2018-08-15,,[],,0,UNKNOWN,NONE,UNKNOWN,,UNKNOWN,UNKNOWN,UNKNOWN,SOURCE_ERROR,,,NOT_PROCESSED_RATE_LIMIT_STOP
BSOKE.IS:2018Q3,BSOKE.IS,BSOKE,2018Q3,2018-09-30,INTERIM,INDUSTRIAL_OR_HOLDING,XUSIN.IS,UNKNOWN,CONSOLIDATED,,,2018-11-15,,[],,0,UNKNOWN,NONE,UNKNOWN,,UNKNOWN,UNKNOWN,UNKNOWN,SOURCE_ERROR,,,NOT_PROCESSED_RATE_LIMIT_STOP
BSOKE.IS:2018Q4,BSOKE.IS,BSOKE,2018Q4,2018-12-31,ANNUAL,INDUSTRIAL_OR_HOLDING,XUSIN.IS,UNKNOWN,CONSOLIDATED,,,2019-03-15,,[],,0,UNKNOWN,NONE,UNKNOWN,,UNKNOWN,UNKNOWN,UNKNOWN,SOURCE_ERROR,,,NOT_PROCESSED_RATE_LIMIT_STOP
BSOKE.IS:2019Q1,BSOKE.IS,BSOKE,2019Q1,2019-03-31,INTERIM,INDUSTRIAL_OR_HOLDING,XUSIN.IS,UNKNOWN,CONSOLIDATED,,,2019-05-15,,[],,0,UNKNOWN,NONE,UNKNOWN,,UNKNOWN,UNKNOWN,UNKNOWN,SOURCE_ERROR,,,NOT_PROCESSED_RATE_LIMIT_STOP
BSOKE.IS:2019Q2,BSOKE.IS,BSOKE,2019Q2,2019-06-30,INTERIM,INDUSTRIAL_OR_HOLDING,XUSIN.IS,UNKNOWN,CONSOLIDATED,,,2019-08-15,,[],,0,UNKNOWN,NONE,UNKNOWN,,UNKNOWN,UNKNOWN,UNKNOWN,SOURCE_ERROR,,,NOT_PROCESSED_RATE_LIMIT_STOP
BSOKE.IS:2019Q3,BSOKE.IS,BSOKE,2019Q3,2019-09-30,INTERIM,INDUSTRIAL_OR_HOLDING,XUSIN.IS,UNKNOWN,CONSOLIDATED,,,2019-11-15,,[],,0,UNKNOWN,NONE,UNKNOWN,,UNKNOWN,UNKNOWN,UNKNOWN,SOURCE_ERROR,,,NOT_PROCESSED_RATE_LIMIT_STOP
BSOKE.IS:2019Q4,BSOKE.IS,BSOKE,2019Q4,2019-12-31,ANNUAL,INDUSTRIAL_OR_HOLDING,XUSIN.IS,UNKNOWN,CONSOLIDATED,,,2020-03-15,,[],,0,UNKNOWN,NONE,UNKNOWN,,UNKNOWN,UNKNOWN,UNKNOWN,SOURCE_ERROR,,,NOT_PROCESSED_RATE_LIMIT_STOP
BSOKE.IS:2020Q1,BSOKE.IS,BSOKE,2020Q1,2020-03-31,INTERIM,INDUSTRIAL_OR_HOLDING,XUSIN.IS,UNKNOWN,CONSOLIDATED,,,2020-05-15,,[],,0,UNKNOWN,NONE,UNKNOWN,,UNKNOWN,UNKNOWN,UNKNOWN,SOURCE_ERROR,,,NOT_PROCESSED_RATE_LIMIT_STOP
BSOKE.IS:2020Q2,BSOKE.IS,BSOKE,2020Q2,2020-06-30,INTERIM,INDUSTRIAL_OR_HOLDING,XUSIN.IS,UNKNOWN,CONSOLIDATED,,,2020-08-15,,[],,0,UNKNOWN,NONE,UNKNOWN,,UNKNOWN,UNKNOWN,UNKNOWN,SOURCE_ERROR,,,NOT_PROCESSED_RATE_LIMIT_STOP
BSOKE.IS:2020Q3,BSOKE.IS,BSOKE,2020Q3,2020-09-30,INTERIM,INDUSTRIAL_OR_HOLDING,XUSIN.IS,UNKNOWN,CONSOLIDATED,,,2020-11-15,,[],,0,UNKNOWN,NONE,UNKNOWN,,UNKNOWN,UNKNOWN,UNKNOWN,SOURCE_ERROR,,,NOT_PROCESSED_RATE_LIMIT_STOP
BSOKE.IS:2020Q4,BSOKE.IS,BSOKE,2020Q4,2020-12-31,ANNUAL,INDUSTRIAL_OR_HOLDING,XUSIN.IS,UNKNOWN,CONSOLIDATED,,,2021-03-15,,[],,0,UNKNOWN,NONE,UNKNOWN,,UNKNOWN,UNKNOWN,UNKNOWN,SOURCE_ERROR,,,NOT_PROCESSED_RATE_LIMIT_STOP
BSOKE.IS:2021Q1,BSOKE.IS,BSOKE,2021Q1,2021-03-31,INTERIM,INDUSTRIAL_OR_HOLDING,XUSIN.IS,UNKNOWN,CONSOLIDATED,,,2021-05-15,,[],,0,UNKNOWN,NONE,UNKNOWN,,UNKNOWN,UNKNOWN,UNKNOWN,SOURCE_ERROR,,,NOT_PROCESSED_RATE_LIMIT_STOP
BSOKE.IS:2021Q2,BSOKE.IS,BSOKE,2021Q2,2021-06-30,INTERIM,INDUSTRIAL_OR_HOLDING,XUSIN.IS,UNKNOWN,CONSOLIDATED,,,2021-08-15,,[],,0,UNKNOWN,NONE,UNKNOWN,,UNKNOWN,UNKNOWN,UNKNOWN,SOURCE_ERROR,,,NOT_PROCESSED_RATE_LIMIT_STOP
BSOKE.IS:2021Q3,BSOKE.IS,BSOKE,2021Q3,2021-09-30,INTERIM,INDUSTRIAL_OR_HOLDING,XUSIN.IS,UNKNOWN,CONSOLIDATED,,,2021-11-15,,[],,0,UNKNOWN,NONE,UNKNOWN,,UNKNOWN,UNKNOWN,UNKNOWN,SOURCE_ERROR,,,NOT_PROCESSED_RATE_LIMIT_STOP
BSOKE.IS:2021Q4,BSOKE.IS,BSOKE,2021Q4,2021-12-31,ANNUAL,INDUSTRIAL_OR_HOLDING,XUSIN.IS,UNKNOWN,CONSOLIDATED,,,2022-03-15,,[],,0,UNKNOWN,NONE,UNKNOWN,,UNKNOWN,UNKNOWN,UNKNOWN,SOURCE_ERROR,,,NOT_PROCESSED_RATE_LIMIT_STOP
BSOKE.IS:2022Q1,BSOKE.IS,BSOKE,2022Q1,2022-03-31,INTERIM,INDUSTRIAL_OR_HOLDING,XUSIN.IS,UNKNOWN,CONSOLIDATED,,,2022-05-15,,[],,0,UNKNOWN,NONE,UNKNOWN,,UNKNOWN,UNKNOWN,UNKNOWN,SOURCE_ERROR,,,NOT_PROCESSED_RATE_LIMIT_STOP
BSOKE.IS:2022Q2,BSOKE.IS,BSOKE,2022Q2,2022-06-30,INTERIM,INDUSTRIAL_OR_HOLDING,XUSIN.IS,UNKNOWN,CONSOLIDATED,,,2022-08-15,,[],,0,UNKNOWN,NONE,UNKNOWN,,UNKNOWN,UNKNOWN,UNKNOWN,SOURCE_ERROR,,,NOT_PROCESSED_RATE_LIMIT_STOP
BSOKE.IS:2022Q3,BSOKE.IS,BSOKE,2022Q3,2022-09-30,INTERIM,INDUSTRIAL_OR_HOLDING,XUSIN.IS,UNKNOWN,CONSOLIDATED,,,2022-11-15,,[],,0,UNKNOWN,NONE,UNKNOWN,,UNKNOWN,UNKNOWN,UNKNOWN,SOURCE_ERROR,,,NOT_PROCESSED_RATE_LIMIT_STOP
BSOKE.IS:2022Q4,BSOKE.IS,BSOKE,2022Q4,2022-12-31,ANNUAL,INDUSTRIAL_OR_HOLDING,XUSIN.IS,UNKNOWN,CONSOLIDATED,,,2023-03-15,,[],,0,UNKNOWN,NONE,UNKNOWN,,UNKNOWN,UNKNOWN,UNKNOWN,SOURCE_ERROR,,,NOT_PROCESSED_RATE_LIMIT_STOP
BSOKE.IS:2023Q1,BSOKE.IS,BSOKE,2023Q1,2023-03-31,INTERIM,INDUSTRIAL_OR_HOLDING,XUSIN.IS,UNKNOWN,CONSOLIDATED,,,2023-05-15,,[],,0,UNKNOWN,NONE,UNKNOWN,,UNKNOWN,UNKNOWN,UNKNOWN,SOURCE_ERROR,,,NOT_PROCESSED_RATE_LIMIT_STOP
BSOKE.IS:2023Q2,BSOKE.IS,BSOKE,2023Q2,2023-06-30,INTERIM,INDUSTRIAL_OR_HOLDING,XUSIN.IS,UNKNOWN,CONSOLIDATED,,,2023-08-15,,[],,0,UNKNOWN,NONE,UNKNOWN,,UNKNOWN,UNKNOWN,UNKNOWN,SOURCE_ERROR,,,NOT_PROCESSED_RATE_LIMIT_STOP
BSOKE.IS:2023Q3,BSOKE.IS,BSOKE,2023Q3,2023-09-30,INTERIM,INDUSTRIAL_OR_HOLDING,XUSIN.IS,UNKNOWN,CONSOLIDATED,,,2023-11-15,,[],,0,UNKNOWN,NONE,UNKNOWN,,UNKNOWN,UNKNOWN,UNKNOWN,SOURCE_ERROR,,,NOT_PROCESSED_RATE_LIMIT_STOP
BSOKE.IS:2023Q4,BSOKE.IS,BSOKE,2023Q4,2023-12-31,ANNUAL,INDUSTRIAL_OR_HOLDING,XUSIN.IS,UNKNOWN,CONSOLIDATED,,,2024-03-15,,[],,0,UNKNOWN,NONE,UNKNOWN,,UNKNOWN,UNKNOWN,UNKNOWN,SOURCE_ERROR,,,NOT_PROCESSED_RATE_LIMIT_STOP
BSOKE.IS:2024Q1,BSOKE.IS,BSOKE,2024Q1,2024-03-31,INTERIM,INDUSTRIAL_OR_HOLDING,XUSIN.IS,UNKNOWN,CONSOLIDATED,,,2024-05-15,,[],,0,UNKNOWN,NONE,UNKNOWN,,UNKNOWN,UNKNOWN,UNKNOWN,SOURCE_ERROR,,,NOT_PROCESSED_RATE_LIMIT_STOP
BSOKE.IS:2024Q2,BSOKE.IS,BSOKE,2024Q2,2024-06-30,INTERIM,INDUSTRIAL_OR_HOLDING,XUSIN.IS,UNKNOWN,CONSOLIDATED,,,2024-08-15,,[],,0,UNKNOWN,NONE,UNKNOWN,,UNKNOWN,UNKNOWN,UNKNOWN,SOURCE_ERROR,,,NOT_PROCESSED_RATE_LIMIT_STOP
BSOKE.IS:2024Q3,BSOKE.IS,BSOKE,2024Q3,2024-09-30,INTERIM,INDUSTRIAL_OR_HOLDING,XUSIN.IS,UNKNOWN,CONSOLIDATED,,,2024-11-15,,[],,0,UNKNOWN,NONE,UNKNOWN,,UNKNOWN,UNKNOWN,UNKNOWN,SOURCE_ERROR,,,NOT_PROCESSED_RATE_LIMIT_STOP
BSOKE.IS:2024Q4,BSOKE.IS,BSOKE,2024Q4,2024-12-31,ANNUAL,INDUSTRIAL_OR_HOLDING,XUSIN.IS,UNKNOWN,CONSOLIDATED,,,2025-03-15,,[],,0,UNKNOWN,NONE,UNKNOWN,,UNKNOWN,UNKNOWN,UNKNOWN,SOURCE_ERROR,,,NOT_PROCESSED_RATE_LIMIT_STOP
BSOKE.IS:2025Q1,BSOKE.IS,BSOKE,2025Q1,2025-03-31,INTERIM,INDUSTRIAL_OR_HOLDING,XUSIN.IS,UNKNOWN,CONSOLIDATED,,,2025-05-15,,[],,0,UNKNOWN,NONE,UNKNOWN,,UNKNOWN,UNKNOWN,UNKNOWN,SOURCE_ERROR,,,NOT_PROCESSED_RATE_LIMIT_STOP
BSOKE.IS:2025Q2,BSOKE.IS,BSOKE,2025Q2,2025-06-30,INTERIM,INDUSTRIAL_OR_HOLDING,XUSIN.IS,UNKNOWN,CONSOLIDATED,,,2025-08-15,,[],,0,UNKNOWN,NONE,UNKNOWN,,UNKNOWN,UNKNOWN,UNKNOWN,SOURCE_ERROR,,,NOT_PROCESSED_RATE_LIMIT_STOP
BSOKE.IS:2025Q3,BSOKE.IS,BSOKE,2025Q3,2025-09-30,INTERIM,INDUSTRIAL_OR_HOLDING,XUSIN.IS,UNKNOWN,CONSOLIDATED,,,2025-11-15,,[],,0,UNKNOWN,NONE,UNKNOWN,,UNKNOWN,UNKNOWN,UNKNOWN,SOURCE_ERROR,,,NOT_PROCESSED_RATE_LIMIT_STOP
BSOKE.IS:2025Q4,BSOKE.IS,BSOKE,2025Q4,2025-12-31,ANNUAL,INDUSTRIAL_OR_HOLDING,XUSIN.IS,UNKNOWN,CONSOLIDATED,,,2026-03-15,,[],,0,UNKNOWN,NONE,UNKNOWN,,UNKNOWN,UNKNOWN,UNKNOWN,SOURCE_ERROR,,,NOT_PROCESSED_RATE_LIMIT_STOP
BSOKE.IS:2026Q1,BSOKE.IS,BSOKE,2026Q1,2026-03-31,INTERIM,INDUSTRIAL_OR_HOLDING,XUSIN.IS,UNKNOWN,CONSOLIDATED,,,2026-05-15,,[],,0,UNKNOWN,NONE,UNKNOWN,,UNKNOWN,UNKNOWN,UNKNOWN,SOURCE_ERROR,,,NOT_PROCESSED_RATE_LIMIT_STOP
CANTE.IS:2018Q4,CANTE.IS,CANTE,2018Q4,2018-12-31,ANNUAL,INDUSTRIAL_OR_HOLDING,XUSIN.IS,UNKNOWN,CONSOLIDATED,,,2019-03-15,,[],,0,UNKNOWN,NONE,UNKNOWN,,UNKNOWN,UNKNOWN,UNKNOWN,SOURCE_ERROR,,,NOT_PROCESSED_RATE_LIMIT_STOP
CANTE.IS:2019Q4,CANTE.IS,CANTE,2019Q4,2019-12-31,ANNUAL,INDUSTRIAL_OR_HOLDING,XUSIN.IS,UNKNOWN,CONSOLIDATED,,,2020-03-15,,[],,0,UNKNOWN,NONE,UNKNOWN,,UNKNOWN,UNKNOWN,UNKNOWN,SOURCE_ERROR,,,NOT_PROCESSED_RATE_LIMIT_STOP
CANTE.IS:2020Q2,CANTE.IS,CANTE,2020Q2,2020-06-30,INTERIM,INDUSTRIAL_OR_HOLDING,XUSIN.IS,UNKNOWN,CONSOLIDATED,,,2020-08-15,,[],,0,UNKNOWN,NONE,UNKNOWN,,UNKNOWN,UNKNOWN,UNKNOWN,SOURCE_ERROR,,,NOT_PROCESSED_RATE_LIMIT_STOP
CANTE.IS:2020Q3,CANTE.IS,CANTE,2020Q3,2020-09-30,INTERIM,INDUSTRIAL_OR_HOLDING,XUSIN.IS,UNKNOWN,CONSOLIDATED,,,2020-11-15,,[],,0,UNKNOWN,NONE,UNKNOWN,,UNKNOWN,UNKNOWN,UNKNOWN,SOURCE_ERROR,,,NOT_PROCESSED_RATE_LIMIT_STOP
CANTE.IS:2020Q4,CANTE.IS,CANTE,2020Q4,2020-12-31,ANNUAL,INDUSTRIAL_OR_HOLDING,XUSIN.IS,UNKNOWN,CONSOLIDATED,,,2021-03-15,,[],,0,UNKNOWN,NONE,UNKNOWN,,UNKNOWN,UNKNOWN,UNKNOWN,SOURCE_ERROR,,,NOT_PROCESSED_RATE_LIMIT_STOP
CANTE.IS:2021Q1,CANTE.IS,CANTE,2021Q1,2021-03-31,INTERIM,INDUSTRIAL_OR_HOLDING,XUSIN.IS,UNKNOWN,CONSOLIDATED,,,2021-05-15,,[],,0,UNKNOWN,NONE,UNKNOWN,,UNKNOWN,UNKNOWN,UNKNOWN,SOURCE_ERROR,,,NOT_PROCESSED_RATE_LIMIT_STOP
CANTE.IS:2021Q2,CANTE.IS,CANTE,2021Q2,2021-06-30,INTERIM,INDUSTRIAL_OR_HOLDING,XUSIN.IS,UNKNOWN,CONSOLIDATED,,,2021-08-15,,[],,0,UNKNOWN,NONE,UNKNOWN,,UNKNOWN,UNKNOWN,UNKNOWN,SOURCE_ERROR,,,NOT_PROCESSED_RATE_LIMIT_STOP
CANTE.IS:2021Q3,CANTE.IS,CANTE,2021Q3,2021-09-30,INTERIM,INDUSTRIAL_OR_HOLDING,XUSIN.IS,UNKNOWN,CONSOLIDATED,,,2021-11-15,,[],,0,UNKNOWN,NONE,UNKNOWN,,UNKNOWN,UNKNOWN,UNKNOWN,SOURCE_ERROR,,,NOT_PROCESSED_RATE_LIMIT_STOP
CANTE.IS:2021Q4,CANTE.IS,CANTE,2021Q4,2021-12-31,ANNUAL,INDUSTRIAL_OR_HOLDING,XUSIN.IS,UNKNOWN,CONSOLIDATED,,,2022-03-15,,[],,0,UNKNOWN,NONE,UNKNOWN,,UNKNOWN,UNKNOWN,UNKNOWN,SOURCE_ERROR,,,NOT_PROCESSED_RATE_LIMIT_STOP
CANTE.IS:2022Q1,CANTE.IS,CANTE,2022Q1,2022-03-31,INTERIM,INDUSTRIAL_OR_HOLDING,XUSIN.IS,UNKNOWN,CONSOLIDATED,,,2022-05-15,,[],,0,UNKNOWN,NONE,UNKNOWN,,UNKNOWN,UNKNOWN,UNKNOWN,SOURCE_ERROR,,,NOT_PROCESSED_RATE_LIMIT_STOP
CANTE.IS:2022Q2,CANTE.IS,CANTE,2022Q2,2022-06-30,INTERIM,INDUSTRIAL_OR_HOLDING,XUSIN.IS,UNKNOWN,CONSOLIDATED,,,2022-08-15,,[],,0,UNKNOWN,NONE,UNKNOWN,,UNKNOWN,UNKNOWN,UNKNOWN,SOURCE_ERROR,,,NOT_PROCESSED_RATE_LIMIT_STOP
CANTE.IS:2022Q3,CANTE.IS,CANTE,2022Q3,2022-09-30,INTERIM,INDUSTRIAL_OR_HOLDING,XUSIN.IS,UNKNOWN,CONSOLIDATED,,,2022-11-15,,[],,0,UNKNOWN,NONE,UNKNOWN,,UNKNOWN,UNKNOWN,UNKNOWN,SOURCE_ERROR,,,NOT_PROCESSED_RATE_LIMIT_STOP
CANTE.IS:2022Q4,CANTE.IS,CANTE,2022Q4,2022-12-31,ANNUAL,INDUSTRIAL_OR_HOLDING,XUSIN.IS,UNKNOWN,CONSOLIDATED,,,2023-03-15,,[],,0,UNKNOWN,NONE,UNKNOWN,,UNKNOWN,UNKNOWN,UNKNOWN,SOURCE_ERROR,,,NOT_PROCESSED_RATE_LIMIT_STOP
CANTE.IS:2023Q1,CANTE.IS,CANTE,2023Q1,2023-03-31,INTERIM,INDUSTRIAL_OR_HOLDING,XUSIN.IS,UNKNOWN,CONSOLIDATED,,,2023-05-15,,[],,0,UNKNOWN,NONE,UNKNOWN,,UNKNOWN,UNKNOWN,UNKNOWN,SOURCE_ERROR,,,NOT_PROCESSED_RATE_LIMIT_STOP
CANTE.IS:2023Q2,CANTE.IS,CANTE,2023Q2,2023-06-30,INTERIM,INDUSTRIAL_OR_HOLDING,XUSIN.IS,UNKNOWN,CONSOLIDATED,,,2023-08-15,,[],,0,UNKNOWN,NONE,UNKNOWN,,UNKNOWN,UNKNOWN,UNKNOWN,SOURCE_ERROR,,,NOT_PROCESSED_RATE_LIMIT_STOP
CANTE.IS:2023Q3,CANTE.IS,CANTE,2023Q3,2023-09-30,INTERIM,INDUSTRIAL_OR_HOLDING,XUSIN.IS,UNKNOWN,CONSOLIDATED,,,2023-11-15,,[],,0,UNKNOWN,NONE,UNKNOWN,,UNKNOWN,UNKNOWN,UNKNOWN,SOURCE_ERROR,,,NOT_PROCESSED_RATE_LIMIT_STOP
CANTE.IS:2023Q4,CANTE.IS,CANTE,2023Q4,2023-12-31,ANNUAL,INDUSTRIAL_OR_HOLDING,XUSIN.IS,UNKNOWN,CONSOLIDATED,,,2024-03-15,,[],,0,UNKNOWN,NONE,UNKNOWN,,UNKNOWN,UNKNOWN,UNKNOWN,SOURCE_ERROR,,,NOT_PROCESSED_RATE_LIMIT_STOP
CANTE.IS:2024Q1,CANTE.IS,CANTE,2024Q1,2024-03-31,INTERIM,INDUSTRIAL_OR_HOLDING,XUSIN.IS,UNKNOWN,CONSOLIDATED,,,2024-05-15,,[],,0,UNKNOWN,NONE,UNKNOWN,,UNKNOWN,UNKNOWN,UNKNOWN,SOURCE_ERROR,,,NOT_PROCESSED_RATE_LIMIT_STOP
CANTE.IS:2024Q2,CANTE.IS,CANTE,2024Q2,2024-06-30,INTERIM,INDUSTRIAL_OR_HOLDING,XUSIN.IS,UNKNOWN,CONSOLIDATED,,,2024-08-15,,[],,0,UNKNOWN,NONE,UNKNOWN,,UNKNOWN,UNKNOWN,UNKNOWN,SOURCE_ERROR,,,NOT_PROCESSED_RATE_LIMIT_STOP
CANTE.IS:2024Q3,CANTE.IS,CANTE,2024Q3,2024-09-30,INTERIM,INDUSTRIAL_OR_HOLDING,XUSIN.IS,UNKNOWN,CONSOLIDATED,,,2024-11-15,,[],,0,UNKNOWN,NONE,UNKNOWN,,UNKNOWN,UNKNOWN,UNKNOWN,SOURCE_ERROR,,,NOT_PROCESSED_RATE_LIMIT_STOP
CANTE.IS:2024Q4,CANTE.IS,CANTE,2024Q4,2024-12-31,ANNUAL,INDUSTRIAL_OR_HOLDING,XUSIN.IS,UNKNOWN,CONSOLIDATED,,,2025-03-15,,[],,0,UNKNOWN,NONE,UNKNOWN,,UNKNOWN,UNKNOWN,UNKNOWN,SOURCE_ERROR,,,NOT_PROCESSED_RATE_LIMIT_STOP
CANTE.IS:2025Q1,CANTE.IS,CANTE,2025Q1,2025-03-31,INTERIM,INDUSTRIAL_OR_HOLDING,XUSIN.IS,UNKNOWN,CONSOLIDATED,,,2025-05-15,,[],,0,UNKNOWN,NONE,UNKNOWN,,UNKNOWN,UNKNOWN,UNKNOWN,SOURCE_ERROR,,,NOT_PROCESSED_RATE_LIMIT_STOP
CANTE.IS:2025Q2,CANTE.IS,CANTE,2025Q2,2025-06-30,INTERIM,INDUSTRIAL_OR_HOLDING,XUSIN.IS,UNKNOWN,CONSOLIDATED,,,2025-08-15,,[],,0,UNKNOWN,NONE,UNKNOWN,,UNKNOWN,UNKNOWN,UNKNOWN,SOURCE_ERROR,,,NOT_PROCESSED_RATE_LIMIT_STOP
CANTE.IS:2025Q3,CANTE.IS,CANTE,2025Q3,2025-09-30,INTERIM,INDUSTRIAL_OR_HOLDING,XUSIN.IS,UNKNOWN,CONSOLIDATED,,,2025-11-15,,[],,0,UNKNOWN,NONE,UNKNOWN,,UNKNOWN,UNKNOWN,UNKNOWN,SOURCE_ERROR,,,NOT_PROCESSED_RATE_LIMIT_STOP
CANTE.IS:2025Q4,CANTE.IS,CANTE,2025Q4,2025-12-31,ANNUAL,INDUSTRIAL_OR_HOLDING,XUSIN.IS,UNKNOWN,CONSOLIDATED,,,2026-03-15,,[],,0,UNKNOWN,NONE,UNKNOWN,,UNKNOWN,UNKNOWN,UNKNOWN,SOURCE_ERROR,,,NOT_PROCESSED_RATE_LIMIT_STOP
CANTE.IS:2026Q1,CANTE.IS,CANTE,2026Q1,2026-03-31,INTERIM,INDUSTRIAL_OR_HOLDING,XUSIN.IS,UNKNOWN,CONSOLIDATED,,,2026-05-15,,[],,0,UNKNOWN,NONE,UNKNOWN,,UNKNOWN,UNKNOWN,UNKNOWN,SOURCE_ERROR,,,NOT_PROCESSED_RATE_LIMIT_STOP
CANTE.IS:2026Q2,CANTE.IS,CANTE,2026Q2,2026-06-30,INTERIM,INDUSTRIAL_OR_HOLDING,XUSIN.IS,UNKNOWN,CONSOLIDATED,,,2026-08-15,,[],,0,UNKNOWN,NONE,UNKNOWN,,UNKNOWN,UNKNOWN,UNKNOWN,SOURCE_ERROR,,,NOT_PROCESSED_RATE_LIMIT_STOP
CCOLA.IS:2018Q1,CCOLA.IS,CCOLA,2018Q1,2018-03-31,INTERIM,INDUSTRIAL_OR_HOLDING,XUSIN.IS,UNKNOWN,CONSOLIDATED,,,2018-05-15,,[],,0,UNKNOWN,NONE,UNKNOWN,,UNKNOWN,UNKNOWN,UNKNOWN,SOURCE_ERROR,,,NOT_PROCESSED_RATE_LIMIT_STOP
CCOLA.IS:2018Q2,CCOLA.IS,CCOLA,2018Q2,2018-06-30,INTERIM,INDUSTRIAL_OR_HOLDING,XUSIN.IS,UNKNOWN,CONSOLIDATED,,,2018-08-15,,[],,0,UNKNOWN,NONE,UNKNOWN,,UNKNOWN,UNKNOWN,UNKNOWN,SOURCE_ERROR,,,NOT_PROCESSED_RATE_LIMIT_STOP
CCOLA.IS:2018Q3,CCOLA.IS,CCOLA,2018Q3,2018-09-30,INTERIM,INDUSTRIAL_OR_HOLDING,XUSIN.IS,UNKNOWN,CONSOLIDATED,,,2018-11-15,,[],,0,UNKNOWN,NONE,UNKNOWN,,UNKNOWN,UNKNOWN,UNKNOWN,SOURCE_ERROR,,,NOT_PROCESSED_RATE_LIMIT_STOP
CCOLA.IS:2018Q4,CCOLA.IS,CCOLA,2018Q4,2018-12-31,ANNUAL,INDUSTRIAL_OR_HOLDING,XUSIN.IS,UNKNOWN,CONSOLIDATED,,,2019-03-15,,[],,0,UNKNOWN,NONE,UNKNOWN,,UNKNOWN,UNKNOWN,UNKNOWN,SOURCE_ERROR,,,NOT_PROCESSED_RATE_LIMIT_STOP
CCOLA.IS:2019Q1,CCOLA.IS,CCOLA,2019Q1,2019-03-31,INTERIM,INDUSTRIAL_OR_HOLDING,XUSIN.IS,UNKNOWN,CONSOLIDATED,,,2019-05-15,,[],,0,UNKNOWN,NONE,UNKNOWN,,UNKNOWN,UNKNOWN,UNKNOWN,SOURCE_ERROR,,,NOT_PROCESSED_RATE_LIMIT_STOP
CCOLA.IS:2019Q2,CCOLA.IS,CCOLA,2019Q2,2019-06-30,INTERIM,INDUSTRIAL_OR_HOLDING,XUSIN.IS,UNKNOWN,CONSOLIDATED,,,2019-08-15,,[],,0,UNKNOWN,NONE,UNKNOWN,,UNKNOWN,UNKNOWN,UNKNOWN,SOURCE_ERROR,,,NOT_PROCESSED_RATE_LIMIT_STOP
CCOLA.IS:2019Q3,CCOLA.IS,CCOLA,2019Q3,2019-09-30,INTERIM,INDUSTRIAL_OR_HOLDING,XUSIN.IS,UNKNOWN,CONSOLIDATED,,,2019-11-15,,[],,0,UNKNOWN,NONE,UNKNOWN,,UNKNOWN,UNKNOWN,UNKNOWN,SOURCE_ERROR,,,NOT_PROCESSED_RATE_LIMIT_STOP
CCOLA.IS:2019Q4,CCOLA.IS,CCOLA,2019Q4,2019-12-31,ANNUAL,INDUSTRIAL_OR_HOLDING,XUSIN.IS,UNKNOWN,CONSOLIDATED,,,2020-03-15,,[],,0,UNKNOWN,NONE,UNKNOWN,,UNKNOWN,UNKNOWN,UNKNOWN,SOURCE_ERROR,,,NOT_PROCESSED_RATE_LIMIT_STOP
CCOLA.IS:2020Q1,CCOLA.IS,CCOLA,2020Q1,2020-03-31,INTERIM,INDUSTRIAL_OR_HOLDING,XUSIN.IS,UNKNOWN,CONSOLIDATED,,,2020-05-15,,[],,0,UNKNOWN,NONE,UNKNOWN,,UNKNOWN,UNKNOWN,UNKNOWN,SOURCE_ERROR,,,NOT_PROCESSED_RATE_LIMIT_STOP
CCOLA.IS:2020Q2,CCOLA.IS,CCOLA,2020Q2,2020-06-30,INTERIM,INDUSTRIAL_OR_HOLDING,XUSIN.IS,UNKNOWN,CONSOLIDATED,,,2020-08-15,,[],,0,UNKNOWN,NONE,UNKNOWN,,UNKNOWN,UNKNOWN,UNKNOWN,SOURCE_ERROR,,,NOT_PROCESSED_RATE_LIMIT_STOP
CCOLA.IS:2020Q3,CCOLA.IS,CCOLA,2020Q3,2020-09-30,INTERIM,INDUSTRIAL_OR_HOLDING,XUSIN.IS,UNKNOWN,CONSOLIDATED,,,2020-11-15,,[],,0,UNKNOWN,NONE,UNKNOWN,,UNKNOWN,UNKNOWN,UNKNOWN,SOURCE_ERROR,,,NOT_PROCESSED_RATE_LIMIT_STOP
CCOLA.IS:2020Q4,CCOLA.IS,CCOLA,2020Q4,2020-12-31,ANNUAL,INDUSTRIAL_OR_HOLDING,XUSIN.IS,UNKNOWN,CONSOLIDATED,,,2021-03-15,,[],,0,UNKNOWN,NONE,UNKNOWN,,UNKNOWN,UNKNOWN,UNKNOWN,SOURCE_ERROR,,,NOT_PROCESSED_RATE_LIMIT_STOP
CCOLA.IS:2021Q1,CCOLA.IS,CCOLA,2021Q1,2021-03-31,INTERIM,INDUSTRIAL_OR_HOLDING,XUSIN.IS,UNKNOWN,CONSOLIDATED,,,2021-05-15,,[],,0,UNKNOWN,NONE,UNKNOWN,,UNKNOWN,UNKNOWN,UNKNOWN,SOURCE_ERROR,,,NOT_PROCESSED_RATE_LIMIT_STOP
CCOLA.IS:2021Q2,CCOLA.IS,CCOLA,2021Q2,2021-06-30,INTERIM,INDUSTRIAL_OR_HOLDING,XUSIN.IS,UNKNOWN,CONSOLIDATED,,,2021-08-15,,[],,0,UNKNOWN,NONE,UNKNOWN,,UNKNOWN,UNKNOWN,UNKNOWN,SOURCE_ERROR,,,NOT_PROCESSED_RATE_LIMIT_STOP
CCOLA.IS:2021Q3,CCOLA.IS,CCOLA,2021Q3,2021-09-30,INTERIM,INDUSTRIAL_OR_HOLDING,XUSIN.IS,UNKNOWN,CONSOLIDATED,,,2021-11-15,,[],,0,UNKNOWN,NONE,UNKNOWN,,UNKNOWN,UNKNOWN,UNKNOWN,SOURCE_ERROR,,,NOT_PROCESSED_RATE_LIMIT_STOP
CCOLA.IS:2021Q4,CCOLA.IS,CCOLA,2021Q4,2021-12-31,ANNUAL,INDUSTRIAL_OR_HOLDING,XUSIN.IS,UNKNOWN,CONSOLIDATED,,,2022-03-15,,[],,0,UNKNOWN,NONE,UNKNOWN,,UNKNOWN,UNKNOWN,UNKNOWN,SOURCE_ERROR,,,NOT_PROCESSED_RATE_LIMIT_STOP
CCOLA.IS:2022Q1,CCOLA.IS,CCOLA,2022Q1,2022-03-31,INTERIM,INDUSTRIAL_OR_HOLDING,XUSIN.IS,UNKNOWN,CONSOLIDATED,,,2022-05-15,,[],,0,UNKNOWN,NONE,UNKNOWN,,UNKNOWN,UNKNOWN,UNKNOWN,SOURCE_ERROR,,,NOT_PROCESSED_RATE_LIMIT_STOP
CCOLA.IS:2022Q2,CCOLA.IS,CCOLA,2022Q2,2022-06-30,INTERIM,INDUSTRIAL_OR_HOLDING,XUSIN.IS,UNKNOWN,CONSOLIDATED,,,2022-08-15,,[],,0,UNKNOWN,NONE,UNKNOWN,,UNKNOWN,UNKNOWN,UNKNOWN,SOURCE_ERROR,,,NOT_PROCESSED_RATE_LIMIT_STOP
CCOLA.IS:2022Q3,CCOLA.IS,CCOLA,2022Q3,2022-09-30,INTERIM,INDUSTRIAL_OR_HOLDING,XUSIN.IS,UNKNOWN,CONSOLIDATED,,,2022-11-15,,[],,0,UNKNOWN,NONE,UNKNOWN,,UNKNOWN,UNKNOWN,UNKNOWN,SOURCE_ERROR,,,NOT_PROCESSED_RATE_LIMIT_STOP
CCOLA.IS:2022Q4,CCOLA.IS,CCOLA,2022Q4,2022-12-31,ANNUAL,INDUSTRIAL_OR_HOLDING,XUSIN.IS,UNKNOWN,CONSOLIDATED,,,2023-03-15,,[],,0,UNKNOWN,NONE,UNKNOWN,,UNKNOWN,UNKNOWN,UNKNOWN,SOURCE_ERROR,,,NOT_PROCESSED_RATE_LIMIT_STOP
CCOLA.IS:2023Q1,CCOLA.IS,CCOLA,2023Q1,2023-03-31,INTERIM,INDUSTRIAL_OR_HOLDING,XUSIN.IS,UNKNOWN,CONSOLIDATED,,,2023-05-15,,[],,0,UNKNOWN,NONE,UNKNOWN,,UNKNOWN,UNKNOWN,UNKNOWN,SOURCE_ERROR,,,NOT_PROCESSED_RATE_LIMIT_STOP
CCOLA.IS:2023Q2,CCOLA.IS,CCOLA,2023Q2,2023-06-30,INTERIM,INDUSTRIAL_OR_HOLDING,XUSIN.IS,UNKNOWN,CONSOLIDATED,,,2023-08-15,,[],,0,UNKNOWN,NONE,UNKNOWN,,UNKNOWN,UNKNOWN,UNKNOWN,SOURCE_ERROR,,,NOT_PROCESSED_RATE_LIMIT_STOP
CCOLA.IS:2023Q3,CCOLA.IS,CCOLA,2023Q3,2023-09-30,INTERIM,INDUSTRIAL_OR_HOLDING,XUSIN.IS,UNKNOWN,CONSOLIDATED,,,2023-11-15,,[],,0,UNKNOWN,NONE,UNKNOWN,,UNKNOWN,UNKNOWN,UNKNOWN,SOURCE_ERROR,,,NOT_PROCESSED_RATE_LIMIT_STOP
CCOLA.IS:2023Q4,CCOLA.IS,CCOLA,2023Q4,2023-12-31,ANNUAL,INDUSTRIAL_OR_HOLDING,XUSIN.IS,UNKNOWN,CONSOLIDATED,,,2024-03-15,,[],,0,UNKNOWN,NONE,UNKNOWN,,UNKNOWN,UNKNOWN,UNKNOWN,SOURCE_ERROR,,,NOT_PROCESSED_RATE_LIMIT_STOP
CCOLA.IS:2024Q1,CCOLA.IS,CCOLA,2024Q1,2024-03-31,INTERIM,INDUSTRIAL_OR_HOLDING,XUSIN.IS,UNKNOWN,CONSOLIDATED,,,2024-05-15,,[],,0,UNKNOWN,NONE,UNKNOWN,,UNKNOWN,UNKNOWN,UNKNOWN,SOURCE_ERROR,,,NOT_PROCESSED_RATE_LIMIT_STOP
CCOLA.IS:2024Q2,CCOLA.IS,CCOLA,2024Q2,2024-06-30,INTERIM,INDUSTRIAL_OR_HOLDING,XUSIN.IS,UNKNOWN,CONSOLIDATED,,,2024-08-15,,[],,0,UNKNOWN,NONE,UNKNOWN,,UNKNOWN,UNKNOWN,UNKNOWN,SOURCE_ERROR,,,NOT_PROCESSED_RATE_LIMIT_STOP
CCOLA.IS:2024Q3,CCOLA.IS,CCOLA,2024Q3,2024-09-30,INTERIM,INDUSTRIAL_OR_HOLDING,XUSIN.IS,UNKNOWN,CONSOLIDATED,,,2024-11-15,,[],,0,UNKNOWN,NONE,UNKNOWN,,UNKNOWN,UNKNOWN,UNKNOWN,SOURCE_ERROR,,,NOT_PROCESSED_RATE_LIMIT_STOP
CCOLA.IS:2024Q4,CCOLA.IS,CCOLA,2024Q4,2024-12-31,ANNUAL,INDUSTRIAL_OR_HOLDING,XUSIN.IS,UNKNOWN,CONSOLIDATED,,,2025-03-15,,[],,0,UNKNOWN,NONE,UNKNOWN,,UNKNOWN,UNKNOWN,UNKNOWN,SOURCE_ERROR,,,NOT_PROCESSED_RATE_LIMIT_STOP
CCOLA.IS:2025Q1,CCOLA.IS,CCOLA,2025Q1,2025-03-31,INTERIM,INDUSTRIAL_OR_HOLDING,XUSIN.IS,UNKNOWN,CONSOLIDATED,,,2025-05-15,,[],,0,UNKNOWN,NONE,UNKNOWN,,UNKNOWN,UNKNOWN,UNKNOWN,SOURCE_ERROR,,,NOT_PROCESSED_RATE_LIMIT_STOP
CCOLA.IS:2025Q2,CCOLA.IS,CCOLA,2025Q2,2025-06-30,INTERIM,INDUSTRIAL_OR_HOLDING,XUSIN.IS,UNKNOWN,CONSOLIDATED,,,2025-08-15,,[],,0,UNKNOWN,NONE,UNKNOWN,,UNKNOWN,UNKNOWN,UNKNOWN,SOURCE_ERROR,,,NOT_PROCESSED_RATE_LIMIT_STOP
CCOLA.IS:2025Q3,CCOLA.IS,CCOLA,2025Q3,2025-09-30,INTERIM,INDUSTRIAL_OR_HOLDING,XUSIN.IS,UNKNOWN,CONSOLIDATED,,,2025-11-15,,[],,0,UNKNOWN,NONE,UNKNOWN,,UNKNOWN,UNKNOWN,UNKNOWN,SOURCE_ERROR,,,NOT_PROCESSED_RATE_LIMIT_STOP
CCOLA.IS:2025Q4,CCOLA.IS,CCOLA,2025Q4,2025-12-31,ANNUAL,INDUSTRIAL_OR_HOLDING,XUSIN.IS,UNKNOWN,CONSOLIDATED,,,2026-03-15,,[],,0,UNKNOWN,NONE,UNKNOWN,,UNKNOWN,UNKNOWN,UNKNOWN,SOURCE_ERROR,,,NOT_PROCESSED_RATE_LIMIT_STOP
CCOLA.IS:2026Q1,CCOLA.IS,CCOLA,2026Q1,2026-03-31,INTERIM,INDUSTRIAL_OR_HOLDING,XUSIN.IS,UNKNOWN,CONSOLIDATED,,,2026-05-15,,[],,0,UNKNOWN,NONE,UNKNOWN,,UNKNOWN,UNKNOWN,UNKNOWN,SOURCE_ERROR,,,NOT_PROCESSED_RATE_LIMIT_STOP
CCOLA.IS:2026Q2,CCOLA.IS,CCOLA,2026Q2,2026-06-30,INTERIM,INDUSTRIAL_OR_HOLDING,XUSIN.IS,UNKNOWN,CONSOLIDATED,,,2026-08-15,,[],,0,UNKNOWN,NONE,UNKNOWN,,UNKNOWN,UNKNOWN,UNKNOWN,SOURCE_ERROR,,,NOT_PROCESSED_RATE_LIMIT_STOP
CIMSA.IS:2018Q1,CIMSA.IS,CIMSA,2018Q1,2018-03-31,INTERIM,INDUSTRIAL_OR_HOLDING,XUSIN.IS,UNKNOWN,CONSOLIDATED,,,2018-05-15,,[],,0,UNKNOWN,NONE,UNKNOWN,,UNKNOWN,UNKNOWN,UNKNOWN,SOURCE_ERROR,,,NOT_PROCESSED_RATE_LIMIT_STOP
CIMSA.IS:2018Q2,CIMSA.IS,CIMSA,2018Q2,2018-06-30,INTERIM,INDUSTRIAL_OR_HOLDING,XUSIN.IS,UNKNOWN,CONSOLIDATED,,,2018-08-15,,[],,0,UNKNOWN,NONE,UNKNOWN,,UNKNOWN,UNKNOWN,UNKNOWN,SOURCE_ERROR,,,NOT_PROCESSED_RATE_LIMIT_STOP
CIMSA.IS:2018Q3,CIMSA.IS,CIMSA,2018Q3,2018-09-30,INTERIM,INDUSTRIAL_OR_HOLDING,XUSIN.IS,UNKNOWN,CONSOLIDATED,,,2018-11-15,,[],,0,UNKNOWN,NONE,UNKNOWN,,UNKNOWN,UNKNOWN,UNKNOWN,SOURCE_ERROR,,,NOT_PROCESSED_RATE_LIMIT_STOP
CIMSA.IS:2018Q4,CIMSA.IS,CIMSA,2018Q4,2018-12-31,ANNUAL,INDUSTRIAL_OR_HOLDING,XUSIN.IS,UNKNOWN,CONSOLIDATED,,,2019-03-15,,[],,0,UNKNOWN,NONE,UNKNOWN,,UNKNOWN,UNKNOWN,UNKNOWN,SOURCE_ERROR,,,NOT_PROCESSED_RATE_LIMIT_STOP
CIMSA.IS:2019Q1,CIMSA.IS,CIMSA,2019Q1,2019-03-31,INTERIM,INDUSTRIAL_OR_HOLDING,XUSIN.IS,UNKNOWN,CONSOLIDATED,,,2019-05-15,,[],,0,UNKNOWN,NONE,UNKNOWN,,UNKNOWN,UNKNOWN,UNKNOWN,SOURCE_ERROR,,,NOT_PROCESSED_RATE_LIMIT_STOP
CIMSA.IS:2019Q2,CIMSA.IS,CIMSA,2019Q2,2019-06-30,INTERIM,INDUSTRIAL_OR_HOLDING,XUSIN.IS,UNKNOWN,CONSOLIDATED,,,2019-08-15,,[],,0,UNKNOWN,NONE,UNKNOWN,,UNKNOWN,UNKNOWN,UNKNOWN,SOURCE_ERROR,,,NOT_PROCESSED_RATE_LIMIT_STOP
CIMSA.IS:2019Q3,CIMSA.IS,CIMSA,2019Q3,2019-09-30,INTERIM,INDUSTRIAL_OR_HOLDING,XUSIN.IS,UNKNOWN,CONSOLIDATED,,,2019-11-15,,[],,0,UNKNOWN,NONE,UNKNOWN,,UNKNOWN,UNKNOWN,UNKNOWN,SOURCE_ERROR,,,NOT_PROCESSED_RATE_LIMIT_STOP
CIMSA.IS:2019Q4,CIMSA.IS,CIMSA,2019Q4,2019-12-31,ANNUAL,INDUSTRIAL_OR_HOLDING,XUSIN.IS,UNKNOWN,CONSOLIDATED,,,2020-03-15,,[],,0,UNKNOWN,NONE,UNKNOWN,,UNKNOWN,UNKNOWN,UNKNOWN,SOURCE_ERROR,,,NOT_PROCESSED_RATE_LIMIT_STOP
CIMSA.IS:2020Q1,CIMSA.IS,CIMSA,2020Q1,2020-03-31,INTERIM,INDUSTRIAL_OR_HOLDING,XUSIN.IS,UNKNOWN,CONSOLIDATED,,,2020-05-15,,[],,0,UNKNOWN,NONE,UNKNOWN,,UNKNOWN,UNKNOWN,UNKNOWN,SOURCE_ERROR,,,NOT_PROCESSED_RATE_LIMIT_STOP
CIMSA.IS:2020Q2,CIMSA.IS,CIMSA,2020Q2,2020-06-30,INTERIM,INDUSTRIAL_OR_HOLDING,XUSIN.IS,UNKNOWN,CONSOLIDATED,,,2020-08-15,,[],,0,UNKNOWN,NONE,UNKNOWN,,UNKNOWN,UNKNOWN,UNKNOWN,SOURCE_ERROR,,,NOT_PROCESSED_RATE_LIMIT_STOP
CIMSA.IS:2020Q3,CIMSA.IS,CIMSA,2020Q3,2020-09-30,INTERIM,INDUSTRIAL_OR_HOLDING,XUSIN.IS,UNKNOWN,CONSOLIDATED,,,2020-11-15,,[],,0,UNKNOWN,NONE,UNKNOWN,,UNKNOWN,UNKNOWN,UNKNOWN,SOURCE_ERROR,,,NOT_PROCESSED_RATE_LIMIT_STOP
CIMSA.IS:2020Q4,CIMSA.IS,CIMSA,2020Q4,2020-12-31,ANNUAL,INDUSTRIAL_OR_HOLDING,XUSIN.IS,UNKNOWN,CONSOLIDATED,,,2021-03-15,,[],,0,UNKNOWN,NONE,UNKNOWN,,UNKNOWN,UNKNOWN,UNKNOWN,SOURCE_ERROR,,,NOT_PROCESSED_RATE_LIMIT_STOP
CIMSA.IS:2021Q1,CIMSA.IS,CIMSA,2021Q1,2021-03-31,INTERIM,INDUSTRIAL_OR_HOLDING,XUSIN.IS,UNKNOWN,CONSOLIDATED,,,2021-05-15,,[],,0,UNKNOWN,NONE,UNKNOWN,,UNKNOWN,UNKNOWN,UNKNOWN,SOURCE_ERROR,,,NOT_PROCESSED_RATE_LIMIT_STOP
CIMSA.IS:2021Q2,CIMSA.IS,CIMSA,2021Q2,2021-06-30,INTERIM,INDUSTRIAL_OR_HOLDING,XUSIN.IS,UNKNOWN,CONSOLIDATED,,,2021-08-15,,[],,0,UNKNOWN,NONE,UNKNOWN,,UNKNOWN,UNKNOWN,UNKNOWN,SOURCE_ERROR,,,NOT_PROCESSED_RATE_LIMIT_STOP
CIMSA.IS:2021Q3,CIMSA.IS,CIMSA,2021Q3,2021-09-30,INTERIM,INDUSTRIAL_OR_HOLDING,XUSIN.IS,UNKNOWN,CONSOLIDATED,,,2021-11-15,,[],,0,UNKNOWN,NONE,UNKNOWN,,UNKNOWN,UNKNOWN,UNKNOWN,SOURCE_ERROR,,,NOT_PROCESSED_RATE_LIMIT_STOP
CIMSA.IS:2021Q4,CIMSA.IS,CIMSA,2021Q4,2021-12-31,ANNUAL,INDUSTRIAL_OR_HOLDING,XUSIN.IS,UNKNOWN,CONSOLIDATED,,,2022-03-15,,[],,0,UNKNOWN,NONE,UNKNOWN,,UNKNOWN,UNKNOWN,UNKNOWN,SOURCE_ERROR,,,NOT_PROCESSED_RATE_LIMIT_STOP
CIMSA.IS:2022Q1,CIMSA.IS,CIMSA,2022Q1,2022-03-31,INTERIM,INDUSTRIAL_OR_HOLDING,XUSIN.IS,UNKNOWN,CONSOLIDATED,,,2022-05-15,,[],,0,UNKNOWN,NONE,UNKNOWN,,UNKNOWN,UNKNOWN,UNKNOWN,SOURCE_ERROR,,,NOT_PROCESSED_RATE_LIMIT_STOP
CIMSA.IS:2022Q2,CIMSA.IS,CIMSA,2022Q2,2022-06-30,INTERIM,INDUSTRIAL_OR_HOLDING,XUSIN.IS,UNKNOWN,CONSOLIDATED,,,2022-08-15,,[],,0,UNKNOWN,NONE,UNKNOWN,,UNKNOWN,UNKNOWN,UNKNOWN,SOURCE_ERROR,,,NOT_PROCESSED_RATE_LIMIT_STOP
CIMSA.IS:2022Q3,CIMSA.IS,CIMSA,2022Q3,2022-09-30,INTERIM,INDUSTRIAL_OR_HOLDING,XUSIN.IS,UNKNOWN,CONSOLIDATED,,,2022-11-15,,[],,0,UNKNOWN,NONE,UNKNOWN,,UNKNOWN,UNKNOWN,UNKNOWN,SOURCE_ERROR,,,NOT_PROCESSED_RATE_LIMIT_STOP
CIMSA.IS:2022Q4,CIMSA.IS,CIMSA,2022Q4,2022-12-31,ANNUAL,INDUSTRIAL_OR_HOLDING,XUSIN.IS,UNKNOWN,CONSOLIDATED,,,2023-03-15,,[],,0,UNKNOWN,NONE,UNKNOWN,,UNKNOWN,UNKNOWN,UNKNOWN,SOURCE_ERROR,,,NOT_PROCESSED_RATE_LIMIT_STOP
CIMSA.IS:2023Q1,CIMSA.IS,CIMSA,2023Q1,2023-03-31,INTERIM,INDUSTRIAL_OR_HOLDING,XUSIN.IS,UNKNOWN,CONSOLIDATED,,,2023-05-15,,[],,0,UNKNOWN,NONE,UNKNOWN,,UNKNOWN,UNKNOWN,UNKNOWN,SOURCE_ERROR,,,NOT_PROCESSED_RATE_LIMIT_STOP
CIMSA.IS:2023Q2,CIMSA.IS,CIMSA,2023Q2,2023-06-30,INTERIM,INDUSTRIAL_OR_HOLDING,XUSIN.IS,UNKNOWN,CONSOLIDATED,,,2023-08-15,,[],,0,UNKNOWN,NONE,UNKNOWN,,UNKNOWN,UNKNOWN,UNKNOWN,SOURCE_ERROR,,,NOT_PROCESSED_RATE_LIMIT_STOP
CIMSA.IS:2023Q3,CIMSA.IS,CIMSA,2023Q3,2023-09-30,INTERIM,INDUSTRIAL_OR_HOLDING,XUSIN.IS,UNKNOWN,CONSOLIDATED,,,2023-11-15,,[],,0,UNKNOWN,NONE,UNKNOWN,,UNKNOWN,UNKNOWN,UNKNOWN,SOURCE_ERROR,,,NOT_PROCESSED_RATE_LIMIT_STOP
CIMSA.IS:2023Q4,CIMSA.IS,CIMSA,2023Q4,2023-12-31,ANNUAL,INDUSTRIAL_OR_HOLDING,XUSIN.IS,UNKNOWN,CONSOLIDATED,,,2024-03-15,,[],,0,UNKNOWN,NONE,UNKNOWN,,UNKNOWN,UNKNOWN,UNKNOWN,SOURCE_ERROR,,,NOT_PROCESSED_RATE_LIMIT_STOP
CIMSA.IS:2024Q1,CIMSA.IS,CIMSA,2024Q1,2024-03-31,INTERIM,INDUSTRIAL_OR_HOLDING,XUSIN.IS,UNKNOWN,CONSOLIDATED,,,2024-05-15,,[],,0,UNKNOWN,NONE,UNKNOWN,,UNKNOWN,UNKNOWN,UNKNOWN,SOURCE_ERROR,,,NOT_PROCESSED_RATE_LIMIT_STOP
CIMSA.IS:2024Q2,CIMSA.IS,CIMSA,2024Q2,2024-06-30,INTERIM,INDUSTRIAL_OR_HOLDING,XUSIN.IS,UNKNOWN,CONSOLIDATED,,,2024-08-15,,[],,0,UNKNOWN,NONE,UNKNOWN,,UNKNOWN,UNKNOWN,UNKNOWN,SOURCE_ERROR,,,NOT_PROCESSED_RATE_LIMIT_STOP
CIMSA.IS:2024Q3,CIMSA.IS,CIMSA,2024Q3,2024-09-30,INTERIM,INDUSTRIAL_OR_HOLDING,XUSIN.IS,UNKNOWN,CONSOLIDATED,,,2024-11-15,,[],,0,UNKNOWN,NONE,UNKNOWN,,UNKNOWN,UNKNOWN,UNKNOWN,SOURCE_ERROR,,,NOT_PROCESSED_RATE_LIMIT_STOP
CIMSA.IS:2024Q4,CIMSA.IS,CIMSA,2024Q4,2024-12-31,ANNUAL,INDUSTRIAL_OR_HOLDING,XUSIN.IS,UNKNOWN,CONSOLIDATED,,,2025-03-15,,[],,0,UNKNOWN,NONE,UNKNOWN,,UNKNOWN,UNKNOWN,UNKNOWN,SOURCE_ERROR,,,NOT_PROCESSED_RATE_LIMIT_STOP
CIMSA.IS:2025Q1,CIMSA.IS,CIMSA,2025Q1,2025-03-31,INTERIM,INDUSTRIAL_OR_HOLDING,XUSIN.IS,UNKNOWN,CONSOLIDATED,,,2025-05-15,,[],,0,UNKNOWN,NONE,UNKNOWN,,UNKNOWN,UNKNOWN,UNKNOWN,SOURCE_ERROR,,,NOT_PROCESSED_RATE_LIMIT_STOP
CIMSA.IS:2025Q2,CIMSA.IS,CIMSA,2025Q2,2025-06-30,INTERIM,INDUSTRIAL_OR_HOLDING,XUSIN.IS,UNKNOWN,CONSOLIDATED,,,2025-08-15,,[],,0,UNKNOWN,NONE,UNKNOWN,,UNKNOWN,UNKNOWN,UNKNOWN,SOURCE_ERROR,,,NOT_PROCESSED_RATE_LIMIT_STOP
CIMSA.IS:2025Q3,CIMSA.IS,CIMSA,2025Q3,2025-09-30,INTERIM,INDUSTRIAL_OR_HOLDING,XUSIN.IS,UNKNOWN,CONSOLIDATED,,,2025-11-15,,[],,0,UNKNOWN,NONE,UNKNOWN,,UNKNOWN,UNKNOWN,UNKNOWN,SOURCE_ERROR,,,NOT_PROCESSED_RATE_LIMIT_STOP
CIMSA.IS:2025Q4,CIMSA.IS,CIMSA,2025Q4,2025-12-31,ANNUAL,INDUSTRIAL_OR_HOLDING,XUSIN.IS,UNKNOWN,CONSOLIDATED,,,2026-03-15,,[],,0,UNKNOWN,NONE,UNKNOWN,,UNKNOWN,UNKNOWN,UNKNOWN,SOURCE_ERROR,,,NOT_PROCESSED_RATE_LIMIT_STOP
CIMSA.IS:2026Q1,CIMSA.IS,CIMSA,2026Q1,2026-03-31,INTERIM,INDUSTRIAL_OR_HOLDING,XUSIN.IS,UNKNOWN,CONSOLIDATED,,,2026-05-15,,[],,0,UNKNOWN,NONE,UNKNOWN,,UNKNOWN,UNKNOWN,UNKNOWN,SOURCE_ERROR,,,NOT_PROCESSED_RATE_LIMIT_STOP
CIMSA.IS:2026Q2,CIMSA.IS,CIMSA,2026Q2,2026-06-30,INTERIM,INDUSTRIAL_OR_HOLDING,XUSIN.IS,UNKNOWN,CONSOLIDATED,,,2026-08-15,,[],,0,UNKNOWN,NONE,UNKNOWN,,UNKNOWN,UNKNOWN,UNKNOWN,SOURCE_ERROR,,,NOT_PROCESSED_RATE_LIMIT_STOP
CLEBI.IS:2018Q1,CLEBI.IS,CLEBI,2018Q1,2018-03-31,INTERIM,INDUSTRIAL_OR_HOLDING,XUSIN.IS,UNKNOWN,CONSOLIDATED,,,2018-05-15,,[],,0,UNKNOWN,NONE,UNKNOWN,,UNKNOWN,UNKNOWN,UNKNOWN,SOURCE_ERROR,,,NOT_PROCESSED_RATE_LIMIT_STOP
CLEBI.IS:2018Q2,CLEBI.IS,CLEBI,2018Q2,2018-06-30,INTERIM,INDUSTRIAL_OR_HOLDING,XUSIN.IS,UNKNOWN,CONSOLIDATED,,,2018-08-15,,[],,0,UNKNOWN,NONE,UNKNOWN,,UNKNOWN,UNKNOWN,UNKNOWN,SOURCE_ERROR,,,NOT_PROCESSED_RATE_LIMIT_STOP
CLEBI.IS:2018Q3,CLEBI.IS,CLEBI,2018Q3,2018-09-30,INTERIM,INDUSTRIAL_OR_HOLDING,XUSIN.IS,UNKNOWN,CONSOLIDATED,,,2018-11-15,,[],,0,UNKNOWN,NONE,UNKNOWN,,UNKNOWN,UNKNOWN,UNKNOWN,SOURCE_ERROR,,,NOT_PROCESSED_RATE_LIMIT_STOP
CLEBI.IS:2018Q4,CLEBI.IS,CLEBI,2018Q4,2018-12-31,ANNUAL,INDUSTRIAL_OR_HOLDING,XUSIN.IS,UNKNOWN,CONSOLIDATED,,,2019-03-15,,[],,0,UNKNOWN,NONE,UNKNOWN,,UNKNOWN,UNKNOWN,UNKNOWN,SOURCE_ERROR,,,NOT_PROCESSED_RATE_LIMIT_STOP
CLEBI.IS:2019Q1,CLEBI.IS,CLEBI,2019Q1,2019-03-31,INTERIM,INDUSTRIAL_OR_HOLDING,XUSIN.IS,UNKNOWN,CONSOLIDATED,,,2019-05-15,,[],,0,UNKNOWN,NONE,UNKNOWN,,UNKNOWN,UNKNOWN,UNKNOWN,SOURCE_ERROR,,,NOT_PROCESSED_RATE_LIMIT_STOP
CLEBI.IS:2019Q2,CLEBI.IS,CLEBI,2019Q2,2019-06-30,INTERIM,INDUSTRIAL_OR_HOLDING,XUSIN.IS,UNKNOWN,CONSOLIDATED,,,2019-08-15,,[],,0,UNKNOWN,NONE,UNKNOWN,,UNKNOWN,UNKNOWN,UNKNOWN,SOURCE_ERROR,,,NOT_PROCESSED_RATE_LIMIT_STOP
CLEBI.IS:2019Q3,CLEBI.IS,CLEBI,2019Q3,2019-09-30,INTERIM,INDUSTRIAL_OR_HOLDING,XUSIN.IS,UNKNOWN,CONSOLIDATED,,,2019-11-15,,[],,0,UNKNOWN,NONE,UNKNOWN,,UNKNOWN,UNKNOWN,UNKNOWN,SOURCE_ERROR,,,NOT_PROCESSED_RATE_LIMIT_STOP
CLEBI.IS:2019Q4,CLEBI.IS,CLEBI,2019Q4,2019-12-31,ANNUAL,INDUSTRIAL_OR_HOLDING,XUSIN.IS,UNKNOWN,CONSOLIDATED,,,2020-03-15,,[],,0,UNKNOWN,NONE,UNKNOWN,,UNKNOWN,UNKNOWN,UNKNOWN,SOURCE_ERROR,,,NOT_PROCESSED_RATE_LIMIT_STOP
CLEBI.IS:2020Q1,CLEBI.IS,CLEBI,2020Q1,2020-03-31,INTERIM,INDUSTRIAL_OR_HOLDING,XUSIN.IS,UNKNOWN,CONSOLIDATED,,,2020-05-15,,[],,0,UNKNOWN,NONE,UNKNOWN,,UNKNOWN,UNKNOWN,UNKNOWN,SOURCE_ERROR,,,NOT_PROCESSED_RATE_LIMIT_STOP
CLEBI.IS:2020Q2,CLEBI.IS,CLEBI,2020Q2,2020-06-30,INTERIM,INDUSTRIAL_OR_HOLDING,XUSIN.IS,UNKNOWN,CONSOLIDATED,,,2020-08-15,,[],,0,UNKNOWN,NONE,UNKNOWN,,UNKNOWN,UNKNOWN,UNKNOWN,SOURCE_ERROR,,,NOT_PROCESSED_RATE_LIMIT_STOP
CLEBI.IS:2020Q3,CLEBI.IS,CLEBI,2020Q3,2020-09-30,INTERIM,INDUSTRIAL_OR_HOLDING,XUSIN.IS,UNKNOWN,CONSOLIDATED,,,2020-11-15,,[],,0,UNKNOWN,NONE,UNKNOWN,,UNKNOWN,UNKNOWN,UNKNOWN,SOURCE_ERROR,,,NOT_PROCESSED_RATE_LIMIT_STOP
CLEBI.IS:2020Q4,CLEBI.IS,CLEBI,2020Q4,2020-12-31,ANNUAL,INDUSTRIAL_OR_HOLDING,XUSIN.IS,UNKNOWN,CONSOLIDATED,,,2021-03-15,,[],,0,UNKNOWN,NONE,UNKNOWN,,UNKNOWN,UNKNOWN,UNKNOWN,SOURCE_ERROR,,,NOT_PROCESSED_RATE_LIMIT_STOP
CLEBI.IS:2021Q1,CLEBI.IS,CLEBI,2021Q1,2021-03-31,INTERIM,INDUSTRIAL_OR_HOLDING,XUSIN.IS,UNKNOWN,CONSOLIDATED,,,2021-05-15,,[],,0,UNKNOWN,NONE,UNKNOWN,,UNKNOWN,UNKNOWN,UNKNOWN,SOURCE_ERROR,,,NOT_PROCESSED_RATE_LIMIT_STOP
CLEBI.IS:2021Q2,CLEBI.IS,CLEBI,2021Q2,2021-06-30,INTERIM,INDUSTRIAL_OR_HOLDING,XUSIN.IS,UNKNOWN,CONSOLIDATED,,,2021-08-15,,[],,0,UNKNOWN,NONE,UNKNOWN,,UNKNOWN,UNKNOWN,UNKNOWN,SOURCE_ERROR,,,NOT_PROCESSED_RATE_LIMIT_STOP
CLEBI.IS:2021Q3,CLEBI.IS,CLEBI,2021Q3,2021-09-30,INTERIM,INDUSTRIAL_OR_HOLDING,XUSIN.IS,UNKNOWN,CONSOLIDATED,,,2021-11-15,,[],,0,UNKNOWN,NONE,UNKNOWN,,UNKNOWN,UNKNOWN,UNKNOWN,SOURCE_ERROR,,,NOT_PROCESSED_RATE_LIMIT_STOP
CLEBI.IS:2021Q4,CLEBI.IS,CLEBI,2021Q4,2021-12-31,ANNUAL,INDUSTRIAL_OR_HOLDING,XUSIN.IS,UNKNOWN,CONSOLIDATED,,,2022-03-15,,[],,0,UNKNOWN,NONE,UNKNOWN,,UNKNOWN,UNKNOWN,UNKNOWN,SOURCE_ERROR,,,NOT_PROCESSED_RATE_LIMIT_STOP
CLEBI.IS:2022Q1,CLEBI.IS,CLEBI,2022Q1,2022-03-31,INTERIM,INDUSTRIAL_OR_HOLDING,XUSIN.IS,UNKNOWN,CONSOLIDATED,,,2022-05-15,,[],,0,UNKNOWN,NONE,UNKNOWN,,UNKNOWN,UNKNOWN,UNKNOWN,SOURCE_ERROR,,,NOT_PROCESSED_RATE_LIMIT_STOP
CLEBI.IS:2022Q2,CLEBI.IS,CLEBI,2022Q2,2022-06-30,INTERIM,INDUSTRIAL_OR_HOLDING,XUSIN.IS,UNKNOWN,CONSOLIDATED,,,2022-08-15,,[],,0,UNKNOWN,NONE,UNKNOWN,,UNKNOWN,UNKNOWN,UNKNOWN,SOURCE_ERROR,,,NOT_PROCESSED_RATE_LIMIT_STOP
CLEBI.IS:2022Q3,CLEBI.IS,CLEBI,2022Q3,2022-09-30,INTERIM,INDUSTRIAL_OR_HOLDING,XUSIN.IS,UNKNOWN,CONSOLIDATED,,,2022-11-15,,[],,0,UNKNOWN,NONE,UNKNOWN,,UNKNOWN,UNKNOWN,UNKNOWN,SOURCE_ERROR,,,NOT_PROCESSED_RATE_LIMIT_STOP
CLEBI.IS:2022Q4,CLEBI.IS,CLEBI,2022Q4,2022-12-31,ANNUAL,INDUSTRIAL_OR_HOLDING,XUSIN.IS,UNKNOWN,CONSOLIDATED,,,2023-03-15,,[],,0,UNKNOWN,NONE,UNKNOWN,,UNKNOWN,UNKNOWN,UNKNOWN,SOURCE_ERROR,,,NOT_PROCESSED_RATE_LIMIT_STOP
CLEBI.IS:2023Q1,CLEBI.IS,CLEBI,2023Q1,2023-03-31,INTERIM,INDUSTRIAL_OR_HOLDING,XUSIN.IS,UNKNOWN,CONSOLIDATED,,,2023-05-15,,[],,0,UNKNOWN,NONE,UNKNOWN,,UNKNOWN,UNKNOWN,UNKNOWN,SOURCE_ERROR,,,NOT_PROCESSED_RATE_LIMIT_STOP
CLEBI.IS:2023Q2,CLEBI.IS,CLEBI,2023Q2,2023-06-30,INTERIM,INDUSTRIAL_OR_HOLDING,XUSIN.IS,UNKNOWN,CONSOLIDATED,,,2023-08-15,,[],,0,UNKNOWN,NONE,UNKNOWN,,UNKNOWN,UNKNOWN,UNKNOWN,SOURCE_ERROR,,,NOT_PROCESSED_RATE_LIMIT_STOP
CLEBI.IS:2023Q3,CLEBI.IS,CLEBI,2023Q3,2023-09-30,INTERIM,INDUSTRIAL_OR_HOLDING,XUSIN.IS,UNKNOWN,CONSOLIDATED,,,2023-11-15,,[],,0,UNKNOWN,NONE,UNKNOWN,,UNKNOWN,UNKNOWN,UNKNOWN,SOURCE_ERROR,,,NOT_PROCESSED_RATE_LIMIT_STOP
CLEBI.IS:2023Q4,CLEBI.IS,CLEBI,2023Q4,2023-12-31,ANNUAL,INDUSTRIAL_OR_HOLDING,XUSIN.IS,UNKNOWN,CONSOLIDATED,,,2024-03-15,,[],,0,UNKNOWN,NONE,UNKNOWN,,UNKNOWN,UNKNOWN,UNKNOWN,SOURCE_ERROR,,,NOT_PROCESSED_RATE_LIMIT_STOP
CLEBI.IS:2024Q1,CLEBI.IS,CLEBI,2024Q1,2024-03-31,INTERIM,INDUSTRIAL_OR_HOLDING,XUSIN.IS,UNKNOWN,CONSOLIDATED,,,2024-05-15,,[],,0,UNKNOWN,NONE,UNKNOWN,,UNKNOWN,UNKNOWN,UNKNOWN,SOURCE_ERROR,,,NOT_PROCESSED_RATE_LIMIT_STOP
CLEBI.IS:2024Q2,CLEBI.IS,CLEBI,2024Q2,2024-06-30,INTERIM,INDUSTRIAL_OR_HOLDING,XUSIN.IS,UNKNOWN,CONSOLIDATED,,,2024-08-15,,[],,0,UNKNOWN,NONE,UNKNOWN,,UNKNOWN,UNKNOWN,UNKNOWN,SOURCE_ERROR,,,NOT_PROCESSED_RATE_LIMIT_STOP
CLEBI.IS:2024Q3,CLEBI.IS,CLEBI,2024Q3,2024-09-30,INTERIM,INDUSTRIAL_OR_HOLDING,XUSIN.IS,UNKNOWN,CONSOLIDATED,,,2024-11-15,,[],,0,UNKNOWN,NONE,UNKNOWN,,UNKNOWN,UNKNOWN,UNKNOWN,SOURCE_ERROR,,,NOT_PROCESSED_RATE_LIMIT_STOP
CLEBI.IS:2024Q4,CLEBI.IS,CLEBI,2024Q4,2024-12-31,ANNUAL,INDUSTRIAL_OR_HOLDING,XUSIN.IS,UNKNOWN,CONSOLIDATED,,,2025-03-15,,[],,0,UNKNOWN,NONE,UNKNOWN,,UNKNOWN,UNKNOWN,UNKNOWN,SOURCE_ERROR,,,NOT_PROCESSED_RATE_LIMIT_STOP
CLEBI.IS:2025Q1,CLEBI.IS,CLEBI,2025Q1,2025-03-31,INTERIM,INDUSTRIAL_OR_HOLDING,XUSIN.IS,UNKNOWN,CONSOLIDATED,,,2025-05-15,,[],,0,UNKNOWN,NONE,UNKNOWN,,UNKNOWN,UNKNOWN,UNKNOWN,SOURCE_ERROR,,,NOT_PROCESSED_RATE_LIMIT_STOP
CLEBI.IS:2025Q2,CLEBI.IS,CLEBI,2025Q2,2025-06-30,INTERIM,INDUSTRIAL_OR_HOLDING,XUSIN.IS,UNKNOWN,CONSOLIDATED,,,2025-08-15,,[],,0,UNKNOWN,NONE,UNKNOWN,,UNKNOWN,UNKNOWN,UNKNOWN,SOURCE_ERROR,,,NOT_PROCESSED_RATE_LIMIT_STOP
CLEBI.IS:2025Q3,CLEBI.IS,CLEBI,2025Q3,2025-09-30,INTERIM,INDUSTRIAL_OR_HOLDING,XUSIN.IS,UNKNOWN,CONSOLIDATED,,,2025-11-15,,[],,0,UNKNOWN,NONE,UNKNOWN,,UNKNOWN,UNKNOWN,UNKNOWN,SOURCE_ERROR,,,NOT_PROCESSED_RATE_LIMIT_STOP
CLEBI.IS:2025Q4,CLEBI.IS,CLEBI,2025Q4,2025-12-31,ANNUAL,INDUSTRIAL_OR_HOLDING,XUSIN.IS,UNKNOWN,CONSOLIDATED,,,2026-03-15,,[],,0,UNKNOWN,NONE,UNKNOWN,,UNKNOWN,UNKNOWN,UNKNOWN,SOURCE_ERROR,,,NOT_PROCESSED_RATE_LIMIT_STOP
CLEBI.IS:2026Q1,CLEBI.IS,CLEBI,2026Q1,2026-03-31,INTERIM,INDUSTRIAL_OR_HOLDING,XUSIN.IS,UNKNOWN,CONSOLIDATED,,,2026-05-15,,[],,0,UNKNOWN,NONE,UNKNOWN,,UNKNOWN,UNKNOWN,UNKNOWN,SOURCE_ERROR,,,NOT_PROCESSED_RATE_LIMIT_STOP
CLEBI.IS:2026Q2,CLEBI.IS,CLEBI,2026Q2,2026-06-30,INTERIM,INDUSTRIAL_OR_HOLDING,XUSIN.IS,UNKNOWN,CONSOLIDATED,,,2026-08-15,,[],,0,UNKNOWN,NONE,UNKNOWN,,UNKNOWN,UNKNOWN,UNKNOWN,SOURCE_ERROR,,,NOT_PROCESSED_RATE_LIMIT_STOP
CVKMD.IS:2020Q4,CVKMD.IS,CVKMD,2020Q4,2020-12-31,ANNUAL,INDUSTRIAL_OR_HOLDING,XUSIN.IS,UNKNOWN,CONSOLIDATED,,,2021-03-15,,[],,0,UNKNOWN,NONE,UNKNOWN,,UNKNOWN,UNKNOWN,UNKNOWN,SOURCE_ERROR,,,NOT_PROCESSED_RATE_LIMIT_STOP
CVKMD.IS:2021Q4,CVKMD.IS,CVKMD,2021Q4,2021-12-31,ANNUAL,INDUSTRIAL_OR_HOLDING,XUSIN.IS,UNKNOWN,CONSOLIDATED,,,2022-03-15,,[],,0,UNKNOWN,NONE,UNKNOWN,,UNKNOWN,UNKNOWN,UNKNOWN,SOURCE_ERROR,,,NOT_PROCESSED_RATE_LIMIT_STOP
CVKMD.IS:2022Q1,CVKMD.IS,CVKMD,2022Q1,2022-03-31,INTERIM,INDUSTRIAL_OR_HOLDING,XUSIN.IS,UNKNOWN,CONSOLIDATED,,,2022-05-15,,[],,0,UNKNOWN,NONE,UNKNOWN,,UNKNOWN,UNKNOWN,UNKNOWN,SOURCE_ERROR,,,NOT_PROCESSED_RATE_LIMIT_STOP
CVKMD.IS:2022Q2,CVKMD.IS,CVKMD,2022Q2,2022-06-30,INTERIM,INDUSTRIAL_OR_HOLDING,XUSIN.IS,UNKNOWN,CONSOLIDATED,,,2022-08-15,,[],,0,UNKNOWN,NONE,UNKNOWN,,UNKNOWN,UNKNOWN,UNKNOWN,SOURCE_ERROR,,,NOT_PROCESSED_RATE_LIMIT_STOP
CVKMD.IS:2022Q3,CVKMD.IS,CVKMD,2022Q3,2022-09-30,INTERIM,INDUSTRIAL_OR_HOLDING,XUSIN.IS,UNKNOWN,CONSOLIDATED,,,2022-11-15,,[],,0,UNKNOWN,NONE,UNKNOWN,,UNKNOWN,UNKNOWN,UNKNOWN,SOURCE_ERROR,,,NOT_PROCESSED_RATE_LIMIT_STOP
CVKMD.IS:2022Q4,CVKMD.IS,CVKMD,2022Q4,2022-12-31,ANNUAL,INDUSTRIAL_OR_HOLDING,XUSIN.IS,UNKNOWN,CONSOLIDATED,,,2023-03-15,,[],,0,UNKNOWN,NONE,UNKNOWN,,UNKNOWN,UNKNOWN,UNKNOWN,SOURCE_ERROR,,,NOT_PROCESSED_RATE_LIMIT_STOP
CVKMD.IS:2023Q1,CVKMD.IS,CVKMD,2023Q1,2023-03-31,INTERIM,INDUSTRIAL_OR_HOLDING,XUSIN.IS,UNKNOWN,CONSOLIDATED,,,2023-05-15,,[],,0,UNKNOWN,NONE,UNKNOWN,,UNKNOWN,UNKNOWN,UNKNOWN,SOURCE_ERROR,,,NOT_PROCESSED_RATE_LIMIT_STOP
CVKMD.IS:2023Q2,CVKMD.IS,CVKMD,2023Q2,2023-06-30,INTERIM,INDUSTRIAL_OR_HOLDING,XUSIN.IS,UNKNOWN,CONSOLIDATED,,,2023-08-15,,[],,0,UNKNOWN,NONE,UNKNOWN,,UNKNOWN,UNKNOWN,UNKNOWN,SOURCE_ERROR,,,NOT_PROCESSED_RATE_LIMIT_STOP
CVKMD.IS:2023Q3,CVKMD.IS,CVKMD,2023Q3,2023-09-30,INTERIM,INDUSTRIAL_OR_HOLDING,XUSIN.IS,UNKNOWN,CONSOLIDATED,,,2023-11-15,,[],,0,UNKNOWN,NONE,UNKNOWN,,UNKNOWN,UNKNOWN,UNKNOWN,SOURCE_ERROR,,,NOT_PROCESSED_RATE_LIMIT_STOP
CVKMD.IS:2023Q4,CVKMD.IS,CVKMD,2023Q4,2023-12-31,ANNUAL,INDUSTRIAL_OR_HOLDING,XUSIN.IS,UNKNOWN,CONSOLIDATED,,,2024-03-15,,[],,0,UNKNOWN,NONE,UNKNOWN,,UNKNOWN,UNKNOWN,UNKNOWN,SOURCE_ERROR,,,NOT_PROCESSED_RATE_LIMIT_STOP
CVKMD.IS:2024Q1,CVKMD.IS,CVKMD,2024Q1,2024-03-31,INTERIM,INDUSTRIAL_OR_HOLDING,XUSIN.IS,UNKNOWN,CONSOLIDATED,,,2024-05-15,,[],,0,UNKNOWN,NONE,UNKNOWN,,UNKNOWN,UNKNOWN,UNKNOWN,SOURCE_ERROR,,,NOT_PROCESSED_RATE_LIMIT_STOP
CVKMD.IS:2024Q2,CVKMD.IS,CVKMD,2024Q2,2024-06-30,INTERIM,INDUSTRIAL_OR_HOLDING,XUSIN.IS,UNKNOWN,CONSOLIDATED,,,2024-08-15,,[],,0,UNKNOWN,NONE,UNKNOWN,,UNKNOWN,UNKNOWN,UNKNOWN,SOURCE_ERROR,,,NOT_PROCESSED_RATE_LIMIT_STOP
CVKMD.IS:2024Q3,CVKMD.IS,CVKMD,2024Q3,2024-09-30,INTERIM,INDUSTRIAL_OR_HOLDING,XUSIN.IS,UNKNOWN,CONSOLIDATED,,,2024-11-15,,[],,0,UNKNOWN,NONE,UNKNOWN,,UNKNOWN,UNKNOWN,UNKNOWN,SOURCE_ERROR,,,NOT_PROCESSED_RATE_LIMIT_STOP
CVKMD.IS:2024Q4,CVKMD.IS,CVKMD,2024Q4,2024-12-31,ANNUAL,INDUSTRIAL_OR_HOLDING,XUSIN.IS,UNKNOWN,CONSOLIDATED,,,2025-03-15,,[],,0,UNKNOWN,NONE,UNKNOWN,,UNKNOWN,UNKNOWN,UNKNOWN,SOURCE_ERROR,,,NOT_PROCESSED_RATE_LIMIT_STOP
CVKMD.IS:2025Q1,CVKMD.IS,CVKMD,2025Q1,2025-03-31,INTERIM,INDUSTRIAL_OR_HOLDING,XUSIN.IS,UNKNOWN,CONSOLIDATED,,,2025-05-15,,[],,0,UNKNOWN,NONE,UNKNOWN,,UNKNOWN,UNKNOWN,UNKNOWN,SOURCE_ERROR,,,NOT_PROCESSED_RATE_LIMIT_STOP
CVKMD.IS:2025Q2,CVKMD.IS,CVKMD,2025Q2,2025-06-30,INTERIM,INDUSTRIAL_OR_HOLDING,XUSIN.IS,UNKNOWN,CONSOLIDATED,,,2025-08-15,,[],,0,UNKNOWN,NONE,UNKNOWN,,UNKNOWN,UNKNOWN,UNKNOWN,SOURCE_ERROR,,,NOT_PROCESSED_RATE_LIMIT_STOP
CVKMD.IS:2025Q3,CVKMD.IS,CVKMD,2025Q3,2025-09-30,INTERIM,INDUSTRIAL_OR_HOLDING,XUSIN.IS,UNKNOWN,CONSOLIDATED,,,2025-11-15,,[],,0,UNKNOWN,NONE,UNKNOWN,,UNKNOWN,UNKNOWN,UNKNOWN,SOURCE_ERROR,,,NOT_PROCESSED_RATE_LIMIT_STOP
CVKMD.IS:2025Q4,CVKMD.IS,CVKMD,2025Q4,2025-12-31,ANNUAL,INDUSTRIAL_OR_HOLDING,XUSIN.IS,UNKNOWN,CONSOLIDATED,,,2026-03-15,,[],,0,UNKNOWN,NONE,UNKNOWN,,UNKNOWN,UNKNOWN,UNKNOWN,SOURCE_ERROR,,,NOT_PROCESSED_RATE_LIMIT_STOP
CVKMD.IS:2026Q1,CVKMD.IS,CVKMD,2026Q1,2026-03-31,INTERIM,INDUSTRIAL_OR_HOLDING,XUSIN.IS,UNKNOWN,CONSOLIDATED,,,2026-05-15,,[],,0,UNKNOWN,NONE,UNKNOWN,,UNKNOWN,UNKNOWN,UNKNOWN,SOURCE_ERROR,,,NOT_PROCESSED_RATE_LIMIT_STOP
CVKMD.IS:2026Q2,CVKMD.IS,CVKMD,2026Q2,2026-06-30,INTERIM,INDUSTRIAL_OR_HOLDING,XUSIN.IS,UNKNOWN,CONSOLIDATED,,,2026-08-15,,[],,0,UNKNOWN,NONE,UNKNOWN,,UNKNOWN,UNKNOWN,UNKNOWN,SOURCE_ERROR,,,NOT_PROCESSED_RATE_LIMIT_STOP
CWENE.IS:2020Q4,CWENE.IS,CWENE,2020Q4,2020-12-31,ANNUAL,INDUSTRIAL_OR_HOLDING,XUSIN.IS,UNKNOWN,CONSOLIDATED,,,2021-03-15,,[],,0,UNKNOWN,NONE,UNKNOWN,,UNKNOWN,UNKNOWN,UNKNOWN,SOURCE_ERROR,,,NOT_PROCESSED_RATE_LIMIT_STOP
CWENE.IS:2021Q4,CWENE.IS,CWENE,2021Q4,2021-12-31,ANNUAL,INDUSTRIAL_OR_HOLDING,XUSIN.IS,UNKNOWN,CONSOLIDATED,,,2022-03-15,,[],,0,UNKNOWN,NONE,UNKNOWN,,UNKNOWN,UNKNOWN,UNKNOWN,SOURCE_ERROR,,,NOT_PROCESSED_RATE_LIMIT_STOP
CWENE.IS:2022Q1,CWENE.IS,CWENE,2022Q1,2022-03-31,INTERIM,INDUSTRIAL_OR_HOLDING,XUSIN.IS,UNKNOWN,CONSOLIDATED,,,2022-05-15,,[],,0,UNKNOWN,NONE,UNKNOWN,,UNKNOWN,UNKNOWN,UNKNOWN,SOURCE_ERROR,,,NOT_PROCESSED_RATE_LIMIT_STOP
CWENE.IS:2022Q2,CWENE.IS,CWENE,2022Q2,2022-06-30,INTERIM,INDUSTRIAL_OR_HOLDING,XUSIN.IS,UNKNOWN,CONSOLIDATED,,,2022-08-15,,[],,0,UNKNOWN,NONE,UNKNOWN,,UNKNOWN,UNKNOWN,UNKNOWN,SOURCE_ERROR,,,NOT_PROCESSED_RATE_LIMIT_STOP
CWENE.IS:2022Q3,CWENE.IS,CWENE,2022Q3,2022-09-30,INTERIM,INDUSTRIAL_OR_HOLDING,XUSIN.IS,UNKNOWN,CONSOLIDATED,,,2022-11-15,,[],,0,UNKNOWN,NONE,UNKNOWN,,UNKNOWN,UNKNOWN,UNKNOWN,SOURCE_ERROR,,,NOT_PROCESSED_RATE_LIMIT_STOP
CWENE.IS:2022Q4,CWENE.IS,CWENE,2022Q4,2022-12-31,ANNUAL,INDUSTRIAL_OR_HOLDING,XUSIN.IS,UNKNOWN,CONSOLIDATED,,,2023-03-15,,[],,0,UNKNOWN,NONE,UNKNOWN,,UNKNOWN,UNKNOWN,UNKNOWN,SOURCE_ERROR,,,NOT_PROCESSED_RATE_LIMIT_STOP
CWENE.IS:2023Q1,CWENE.IS,CWENE,2023Q1,2023-03-31,INTERIM,INDUSTRIAL_OR_HOLDING,XUSIN.IS,UNKNOWN,CONSOLIDATED,,,2023-05-15,,[],,0,UNKNOWN,NONE,UNKNOWN,,UNKNOWN,UNKNOWN,UNKNOWN,SOURCE_ERROR,,,NOT_PROCESSED_RATE_LIMIT_STOP
CWENE.IS:2023Q2,CWENE.IS,CWENE,2023Q2,2023-06-30,INTERIM,INDUSTRIAL_OR_HOLDING,XUSIN.IS,UNKNOWN,CONSOLIDATED,,,2023-08-15,,[],,0,UNKNOWN,NONE,UNKNOWN,,UNKNOWN,UNKNOWN,UNKNOWN,SOURCE_ERROR,,,NOT_PROCESSED_RATE_LIMIT_STOP
CWENE.IS:2023Q3,CWENE.IS,CWENE,2023Q3,2023-09-30,INTERIM,INDUSTRIAL_OR_HOLDING,XUSIN.IS,UNKNOWN,CONSOLIDATED,,,2023-11-15,,[],,0,UNKNOWN,NONE,UNKNOWN,,UNKNOWN,UNKNOWN,UNKNOWN,SOURCE_ERROR,,,NOT_PROCESSED_RATE_LIMIT_STOP
CWENE.IS:2023Q4,CWENE.IS,CWENE,2023Q4,2023-12-31,ANNUAL,INDUSTRIAL_OR_HOLDING,XUSIN.IS,UNKNOWN,CONSOLIDATED,,,2024-03-15,,[],,0,UNKNOWN,NONE,UNKNOWN,,UNKNOWN,UNKNOWN,UNKNOWN,SOURCE_ERROR,,,NOT_PROCESSED_RATE_LIMIT_STOP
CWENE.IS:2024Q1,CWENE.IS,CWENE,2024Q1,2024-03-31,INTERIM,INDUSTRIAL_OR_HOLDING,XUSIN.IS,UNKNOWN,CONSOLIDATED,,,2024-05-15,,[],,0,UNKNOWN,NONE,UNKNOWN,,UNKNOWN,UNKNOWN,UNKNOWN,SOURCE_ERROR,,,NOT_PROCESSED_RATE_LIMIT_STOP
CWENE.IS:2024Q2,CWENE.IS,CWENE,2024Q2,2024-06-30,INTERIM,INDUSTRIAL_OR_HOLDING,XUSIN.IS,UNKNOWN,CONSOLIDATED,,,2024-08-15,,[],,0,UNKNOWN,NONE,UNKNOWN,,UNKNOWN,UNKNOWN,UNKNOWN,SOURCE_ERROR,,,NOT_PROCESSED_RATE_LIMIT_STOP
CWENE.IS:2024Q3,CWENE.IS,CWENE,2024Q3,2024-09-30,INTERIM,INDUSTRIAL_OR_HOLDING,XUSIN.IS,UNKNOWN,CONSOLIDATED,,,2024-11-15,,[],,0,UNKNOWN,NONE,UNKNOWN,,UNKNOWN,UNKNOWN,UNKNOWN,SOURCE_ERROR,,,NOT_PROCESSED_RATE_LIMIT_STOP
CWENE.IS:2024Q4,CWENE.IS,CWENE,2024Q4,2024-12-31,ANNUAL,INDUSTRIAL_OR_HOLDING,XUSIN.IS,UNKNOWN,CONSOLIDATED,,,2025-03-15,,[],,0,UNKNOWN,NONE,UNKNOWN,,UNKNOWN,UNKNOWN,UNKNOWN,SOURCE_ERROR,,,NOT_PROCESSED_RATE_LIMIT_STOP
CWENE.IS:2025Q1,CWENE.IS,CWENE,2025Q1,2025-03-31,INTERIM,INDUSTRIAL_OR_HOLDING,XUSIN.IS,UNKNOWN,CONSOLIDATED,,,2025-05-15,,[],,0,UNKNOWN,NONE,UNKNOWN,,UNKNOWN,UNKNOWN,UNKNOWN,SOURCE_ERROR,,,NOT_PROCESSED_RATE_LIMIT_STOP
CWENE.IS:2025Q2,CWENE.IS,CWENE,2025Q2,2025-06-30,INTERIM,INDUSTRIAL_OR_HOLDING,XUSIN.IS,UNKNOWN,CONSOLIDATED,,,2025-08-15,,[],,0,UNKNOWN,NONE,UNKNOWN,,UNKNOWN,UNKNOWN,UNKNOWN,SOURCE_ERROR,,,NOT_PROCESSED_RATE_LIMIT_STOP
CWENE.IS:2025Q3,CWENE.IS,CWENE,2025Q3,2025-09-30,INTERIM,INDUSTRIAL_OR_HOLDING,XUSIN.IS,UNKNOWN,CONSOLIDATED,,,2025-11-15,,[],,0,UNKNOWN,NONE,UNKNOWN,,UNKNOWN,UNKNOWN,UNKNOWN,SOURCE_ERROR,,,NOT_PROCESSED_RATE_LIMIT_STOP
CWENE.IS:2025Q4,CWENE.IS,CWENE,2025Q4,2025-12-31,ANNUAL,INDUSTRIAL_OR_HOLDING,XUSIN.IS,UNKNOWN,CONSOLIDATED,,,2026-03-15,,[],,0,UNKNOWN,NONE,UNKNOWN,,UNKNOWN,UNKNOWN,UNKNOWN,SOURCE_ERROR,,,NOT_PROCESSED_RATE_LIMIT_STOP
CWENE.IS:2026Q1,CWENE.IS,CWENE,2026Q1,2026-03-31,INTERIM,INDUSTRIAL_OR_HOLDING,XUSIN.IS,UNKNOWN,CONSOLIDATED,,,2026-05-15,,[],,0,UNKNOWN,NONE,UNKNOWN,,UNKNOWN,UNKNOWN,UNKNOWN,SOURCE_ERROR,,,NOT_PROCESSED_RATE_LIMIT_STOP
CWENE.IS:2026Q2,CWENE.IS,CWENE,2026Q2,2026-06-30,INTERIM,INDUSTRIAL_OR_HOLDING,XUSIN.IS,UNKNOWN,CONSOLIDATED,,,2026-08-15,,[],,0,UNKNOWN,NONE,UNKNOWN,,UNKNOWN,UNKNOWN,UNKNOWN,SOURCE_ERROR,,,NOT_PROCESSED_RATE_LIMIT_STOP
DOAS.IS:2018Q1,DOAS.IS,DOAS,2018Q1,2018-03-31,INTERIM,INDUSTRIAL_OR_HOLDING,XUSIN.IS,UNKNOWN,CONSOLIDATED,,,2018-05-15,,[],,0,UNKNOWN,NONE,UNKNOWN,,UNKNOWN,UNKNOWN,UNKNOWN,SOURCE_ERROR,,,NOT_PROCESSED_RATE_LIMIT_STOP
DOAS.IS:2018Q2,DOAS.IS,DOAS,2018Q2,2018-06-30,INTERIM,INDUSTRIAL_OR_HOLDING,XUSIN.IS,UNKNOWN,CONSOLIDATED,,,2018-08-15,,[],,0,UNKNOWN,NONE,UNKNOWN,,UNKNOWN,UNKNOWN,UNKNOWN,SOURCE_ERROR,,,NOT_PROCESSED_RATE_LIMIT_STOP
DOAS.IS:2018Q3,DOAS.IS,DOAS,2018Q3,2018-09-30,INTERIM,INDUSTRIAL_OR_HOLDING,XUSIN.IS,UNKNOWN,CONSOLIDATED,,,2018-11-15,,[],,0,UNKNOWN,NONE,UNKNOWN,,UNKNOWN,UNKNOWN,UNKNOWN,SOURCE_ERROR,,,NOT_PROCESSED_RATE_LIMIT_STOP
DOAS.IS:2018Q4,DOAS.IS,DOAS,2018Q4,2018-12-31,ANNUAL,INDUSTRIAL_OR_HOLDING,XUSIN.IS,UNKNOWN,CONSOLIDATED,,,2019-03-15,,[],,0,UNKNOWN,NONE,UNKNOWN,,UNKNOWN,UNKNOWN,UNKNOWN,SOURCE_ERROR,,,NOT_PROCESSED_RATE_LIMIT_STOP
DOAS.IS:2019Q1,DOAS.IS,DOAS,2019Q1,2019-03-31,INTERIM,INDUSTRIAL_OR_HOLDING,XUSIN.IS,UNKNOWN,CONSOLIDATED,,,2019-05-15,,[],,0,UNKNOWN,NONE,UNKNOWN,,UNKNOWN,UNKNOWN,UNKNOWN,SOURCE_ERROR,,,NOT_PROCESSED_RATE_LIMIT_STOP
DOAS.IS:2019Q2,DOAS.IS,DOAS,2019Q2,2019-06-30,INTERIM,INDUSTRIAL_OR_HOLDING,XUSIN.IS,UNKNOWN,CONSOLIDATED,,,2019-08-15,,[],,0,UNKNOWN,NONE,UNKNOWN,,UNKNOWN,UNKNOWN,UNKNOWN,SOURCE_ERROR,,,NOT_PROCESSED_RATE_LIMIT_STOP
DOAS.IS:2019Q3,DOAS.IS,DOAS,2019Q3,2019-09-30,INTERIM,INDUSTRIAL_OR_HOLDING,XUSIN.IS,UNKNOWN,CONSOLIDATED,,,2019-11-15,,[],,0,UNKNOWN,NONE,UNKNOWN,,UNKNOWN,UNKNOWN,UNKNOWN,SOURCE_ERROR,,,NOT_PROCESSED_RATE_LIMIT_STOP
DOAS.IS:2019Q4,DOAS.IS,DOAS,2019Q4,2019-12-31,ANNUAL,INDUSTRIAL_OR_HOLDING,XUSIN.IS,UNKNOWN,CONSOLIDATED,,,2020-03-15,,[],,0,UNKNOWN,NONE,UNKNOWN,,UNKNOWN,UNKNOWN,UNKNOWN,SOURCE_ERROR,,,NOT_PROCESSED_RATE_LIMIT_STOP
DOAS.IS:2020Q1,DOAS.IS,DOAS,2020Q1,2020-03-31,INTERIM,INDUSTRIAL_OR_HOLDING,XUSIN.IS,UNKNOWN,CONSOLIDATED,,,2020-05-15,,[],,0,UNKNOWN,NONE,UNKNOWN,,UNKNOWN,UNKNOWN,UNKNOWN,SOURCE_ERROR,,,NOT_PROCESSED_RATE_LIMIT_STOP
DOAS.IS:2020Q2,DOAS.IS,DOAS,2020Q2,2020-06-30,INTERIM,INDUSTRIAL_OR_HOLDING,XUSIN.IS,UNKNOWN,CONSOLIDATED,,,2020-08-15,,[],,0,UNKNOWN,NONE,UNKNOWN,,UNKNOWN,UNKNOWN,UNKNOWN,SOURCE_ERROR,,,NOT_PROCESSED_RATE_LIMIT_STOP
DOAS.IS:2020Q3,DOAS.IS,DOAS,2020Q3,2020-09-30,INTERIM,INDUSTRIAL_OR_HOLDING,XUSIN.IS,UNKNOWN,CONSOLIDATED,,,2020-11-15,,[],,0,UNKNOWN,NONE,UNKNOWN,,UNKNOWN,UNKNOWN,UNKNOWN,SOURCE_ERROR,,,NOT_PROCESSED_RATE_LIMIT_STOP
DOAS.IS:2020Q4,DOAS.IS,DOAS,2020Q4,2020-12-31,ANNUAL,INDUSTRIAL_OR_HOLDING,XUSIN.IS,UNKNOWN,CONSOLIDATED,,,2021-03-15,,[],,0,UNKNOWN,NONE,UNKNOWN,,UNKNOWN,UNKNOWN,UNKNOWN,SOURCE_ERROR,,,NOT_PROCESSED_RATE_LIMIT_STOP
DOAS.IS:2021Q1,DOAS.IS,DOAS,2021Q1,2021-03-31,INTERIM,INDUSTRIAL_OR_HOLDING,XUSIN.IS,UNKNOWN,CONSOLIDATED,,,2021-05-15,,[],,0,UNKNOWN,NONE,UNKNOWN,,UNKNOWN,UNKNOWN,UNKNOWN,SOURCE_ERROR,,,NOT_PROCESSED_RATE_LIMIT_STOP
DOAS.IS:2021Q2,DOAS.IS,DOAS,2021Q2,2021-06-30,INTERIM,INDUSTRIAL_OR_HOLDING,XUSIN.IS,UNKNOWN,CONSOLIDATED,,,2021-08-15,,[],,0,UNKNOWN,NONE,UNKNOWN,,UNKNOWN,UNKNOWN,UNKNOWN,SOURCE_ERROR,,,NOT_PROCESSED_RATE_LIMIT_STOP
DOAS.IS:2021Q3,DOAS.IS,DOAS,2021Q3,2021-09-30,INTERIM,INDUSTRIAL_OR_HOLDING,XUSIN.IS,UNKNOWN,CONSOLIDATED,,,2021-11-15,,[],,0,UNKNOWN,NONE,UNKNOWN,,UNKNOWN,UNKNOWN,UNKNOWN,SOURCE_ERROR,,,NOT_PROCESSED_RATE_LIMIT_STOP
DOAS.IS:2021Q4,DOAS.IS,DOAS,2021Q4,2021-12-31,ANNUAL,INDUSTRIAL_OR_HOLDING,XUSIN.IS,UNKNOWN,CONSOLIDATED,,,2022-03-15,,[],,0,UNKNOWN,NONE,UNKNOWN,,UNKNOWN,UNKNOWN,UNKNOWN,SOURCE_ERROR,,,NOT_PROCESSED_RATE_LIMIT_STOP
DOAS.IS:2022Q1,DOAS.IS,DOAS,2022Q1,2022-03-31,INTERIM,INDUSTRIAL_OR_HOLDING,XUSIN.IS,UNKNOWN,CONSOLIDATED,,,2022-05-15,,[],,0,UNKNOWN,NONE,UNKNOWN,,UNKNOWN,UNKNOWN,UNKNOWN,SOURCE_ERROR,,,NOT_PROCESSED_RATE_LIMIT_STOP
DOAS.IS:2022Q2,DOAS.IS,DOAS,2022Q2,2022-06-30,INTERIM,INDUSTRIAL_OR_HOLDING,XUSIN.IS,UNKNOWN,CONSOLIDATED,,,2022-08-15,,[],,0,UNKNOWN,NONE,UNKNOWN,,UNKNOWN,UNKNOWN,UNKNOWN,SOURCE_ERROR,,,NOT_PROCESSED_RATE_LIMIT_STOP
DOAS.IS:2022Q3,DOAS.IS,DOAS,2022Q3,2022-09-30,INTERIM,INDUSTRIAL_OR_HOLDING,XUSIN.IS,UNKNOWN,CONSOLIDATED,,,2022-11-15,,[],,0,UNKNOWN,NONE,UNKNOWN,,UNKNOWN,UNKNOWN,UNKNOWN,SOURCE_ERROR,,,NOT_PROCESSED_RATE_LIMIT_STOP
DOAS.IS:2022Q4,DOAS.IS,DOAS,2022Q4,2022-12-31,ANNUAL,INDUSTRIAL_OR_HOLDING,XUSIN.IS,UNKNOWN,CONSOLIDATED,,,2023-03-15,,[],,0,UNKNOWN,NONE,UNKNOWN,,UNKNOWN,UNKNOWN,UNKNOWN,SOURCE_ERROR,,,NOT_PROCESSED_RATE_LIMIT_STOP
DOAS.IS:2023Q1,DOAS.IS,DOAS,2023Q1,2023-03-31,INTERIM,INDUSTRIAL_OR_HOLDING,XUSIN.IS,UNKNOWN,CONSOLIDATED,,,2023-05-15,,[],,0,UNKNOWN,NONE,UNKNOWN,,UNKNOWN,UNKNOWN,UNKNOWN,SOURCE_ERROR,,,NOT_PROCESSED_RATE_LIMIT_STOP
DOAS.IS:2023Q2,DOAS.IS,DOAS,2023Q2,2023-06-30,INTERIM,INDUSTRIAL_OR_HOLDING,XUSIN.IS,UNKNOWN,CONSOLIDATED,,,2023-08-15,,[],,0,UNKNOWN,NONE,UNKNOWN,,UNKNOWN,UNKNOWN,UNKNOWN,SOURCE_ERROR,,,NOT_PROCESSED_RATE_LIMIT_STOP
DOAS.IS:2023Q3,DOAS.IS,DOAS,2023Q3,2023-09-30,INTERIM,INDUSTRIAL_OR_HOLDING,XUSIN.IS,UNKNOWN,CONSOLIDATED,,,2023-11-15,,[],,0,UNKNOWN,NONE,UNKNOWN,,UNKNOWN,UNKNOWN,UNKNOWN,SOURCE_ERROR,,,NOT_PROCESSED_RATE_LIMIT_STOP
DOAS.IS:2023Q4,DOAS.IS,DOAS,2023Q4,2023-12-31,ANNUAL,INDUSTRIAL_OR_HOLDING,XUSIN.IS,UNKNOWN,CONSOLIDATED,,,2024-03-15,,[],,0,UNKNOWN,NONE,UNKNOWN,,UNKNOWN,UNKNOWN,UNKNOWN,SOURCE_ERROR,,,NOT_PROCESSED_RATE_LIMIT_STOP
DOAS.IS:2024Q1,DOAS.IS,DOAS,2024Q1,2024-03-31,INTERIM,INDUSTRIAL_OR_HOLDING,XUSIN.IS,UNKNOWN,CONSOLIDATED,,,2024-05-15,,[],,0,UNKNOWN,NONE,UNKNOWN,,UNKNOWN,UNKNOWN,UNKNOWN,SOURCE_ERROR,,,NOT_PROCESSED_RATE_LIMIT_STOP
DOAS.IS:2024Q2,DOAS.IS,DOAS,2024Q2,2024-06-30,INTERIM,INDUSTRIAL_OR_HOLDING,XUSIN.IS,UNKNOWN,CONSOLIDATED,,,2024-08-15,,[],,0,UNKNOWN,NONE,UNKNOWN,,UNKNOWN,UNKNOWN,UNKNOWN,SOURCE_ERROR,,,NOT_PROCESSED_RATE_LIMIT_STOP
DOAS.IS:2024Q3,DOAS.IS,DOAS,2024Q3,2024-09-30,INTERIM,INDUSTRIAL_OR_HOLDING,XUSIN.IS,UNKNOWN,CONSOLIDATED,,,2024-11-15,,[],,0,UNKNOWN,NONE,UNKNOWN,,UNKNOWN,UNKNOWN,UNKNOWN,SOURCE_ERROR,,,NOT_PROCESSED_RATE_LIMIT_STOP
DOAS.IS:2024Q4,DOAS.IS,DOAS,2024Q4,2024-12-31,ANNUAL,INDUSTRIAL_OR_HOLDING,XUSIN.IS,UNKNOWN,CONSOLIDATED,,,2025-03-15,,[],,0,UNKNOWN,NONE,UNKNOWN,,UNKNOWN,UNKNOWN,UNKNOWN,SOURCE_ERROR,,,NOT_PROCESSED_RATE_LIMIT_STOP
DOAS.IS:2025Q1,DOAS.IS,DOAS,2025Q1,2025-03-31,INTERIM,INDUSTRIAL_OR_HOLDING,XUSIN.IS,UNKNOWN,CONSOLIDATED,,,2025-05-15,,[],,0,UNKNOWN,NONE,UNKNOWN,,UNKNOWN,UNKNOWN,UNKNOWN,SOURCE_ERROR,,,NOT_PROCESSED_RATE_LIMIT_STOP
DOAS.IS:2025Q2,DOAS.IS,DOAS,2025Q2,2025-06-30,INTERIM,INDUSTRIAL_OR_HOLDING,XUSIN.IS,UNKNOWN,CONSOLIDATED,,,2025-08-15,,[],,0,UNKNOWN,NONE,UNKNOWN,,UNKNOWN,UNKNOWN,UNKNOWN,SOURCE_ERROR,,,NOT_PROCESSED_RATE_LIMIT_STOP
DOAS.IS:2025Q3,DOAS.IS,DOAS,2025Q3,2025-09-30,INTERIM,INDUSTRIAL_OR_HOLDING,XUSIN.IS,UNKNOWN,CONSOLIDATED,,,2025-11-15,,[],,0,UNKNOWN,NONE,UNKNOWN,,UNKNOWN,UNKNOWN,UNKNOWN,SOURCE_ERROR,,,NOT_PROCESSED_RATE_LIMIT_STOP
DOAS.IS:2025Q4,DOAS.IS,DOAS,2025Q4,2025-12-31,ANNUAL,INDUSTRIAL_OR_HOLDING,XUSIN.IS,UNKNOWN,CONSOLIDATED,,,2026-03-15,,[],,0,UNKNOWN,NONE,UNKNOWN,,UNKNOWN,UNKNOWN,UNKNOWN,SOURCE_ERROR,,,NOT_PROCESSED_RATE_LIMIT_STOP
DOAS.IS:2026Q1,DOAS.IS,DOAS,2026Q1,2026-03-31,INTERIM,INDUSTRIAL_OR_HOLDING,XUSIN.IS,UNKNOWN,CONSOLIDATED,,,2026-05-15,,[],,0,UNKNOWN,NONE,UNKNOWN,,UNKNOWN,UNKNOWN,UNKNOWN,SOURCE_ERROR,,,NOT_PROCESSED_RATE_LIMIT_STOP
DOAS.IS:2026Q2,DOAS.IS,DOAS,2026Q2,2026-06-30,INTERIM,INDUSTRIAL_OR_HOLDING,XUSIN.IS,UNKNOWN,CONSOLIDATED,,,2026-08-15,,[],,0,UNKNOWN,NONE,UNKNOWN,,UNKNOWN,UNKNOWN,UNKNOWN,SOURCE_ERROR,,,NOT_PROCESSED_RATE_LIMIT_STOP
DOHOL.IS:2018Q1,DOHOL.IS,DOHOL,2018Q1,2018-03-31,INTERIM,INDUSTRIAL_OR_HOLDING,XUSIN.IS,UNKNOWN,CONSOLIDATED,,,2018-05-15,,[],,0,UNKNOWN,NONE,UNKNOWN,,UNKNOWN,UNKNOWN,UNKNOWN,SOURCE_ERROR,,,NOT_PROCESSED_RATE_LIMIT_STOP
DOHOL.IS:2018Q2,DOHOL.IS,DOHOL,2018Q2,2018-06-30,INTERIM,INDUSTRIAL_OR_HOLDING,XUSIN.IS,UNKNOWN,CONSOLIDATED,,,2018-08-15,,[],,0,UNKNOWN,NONE,UNKNOWN,,UNKNOWN,UNKNOWN,UNKNOWN,SOURCE_ERROR,,,NOT_PROCESSED_RATE_LIMIT_STOP
DOHOL.IS:2018Q3,DOHOL.IS,DOHOL,2018Q3,2018-09-30,INTERIM,INDUSTRIAL_OR_HOLDING,XUSIN.IS,UNKNOWN,CONSOLIDATED,,,2018-11-15,,[],,0,UNKNOWN,NONE,UNKNOWN,,UNKNOWN,UNKNOWN,UNKNOWN,SOURCE_ERROR,,,NOT_PROCESSED_RATE_LIMIT_STOP
DOHOL.IS:2018Q4,DOHOL.IS,DOHOL,2018Q4,2018-12-31,ANNUAL,INDUSTRIAL_OR_HOLDING,XUSIN.IS,UNKNOWN,CONSOLIDATED,,,2019-03-15,,[],,0,UNKNOWN,NONE,UNKNOWN,,UNKNOWN,UNKNOWN,UNKNOWN,SOURCE_ERROR,,,NOT_PROCESSED_RATE_LIMIT_STOP
DOHOL.IS:2019Q1,DOHOL.IS,DOHOL,2019Q1,2019-03-31,INTERIM,INDUSTRIAL_OR_HOLDING,XUSIN.IS,UNKNOWN,CONSOLIDATED,,,2019-05-15,,[],,0,UNKNOWN,NONE,UNKNOWN,,UNKNOWN,UNKNOWN,UNKNOWN,SOURCE_ERROR,,,NOT_PROCESSED_RATE_LIMIT_STOP
DOHOL.IS:2019Q2,DOHOL.IS,DOHOL,2019Q2,2019-06-30,INTERIM,INDUSTRIAL_OR_HOLDING,XUSIN.IS,UNKNOWN,CONSOLIDATED,,,2019-08-15,,[],,0,UNKNOWN,NONE,UNKNOWN,,UNKNOWN,UNKNOWN,UNKNOWN,SOURCE_ERROR,,,NOT_PROCESSED_RATE_LIMIT_STOP
DOHOL.IS:2019Q3,DOHOL.IS,DOHOL,2019Q3,2019-09-30,INTERIM,INDUSTRIAL_OR_HOLDING,XUSIN.IS,UNKNOWN,CONSOLIDATED,,,2019-11-15,,[],,0,UNKNOWN,NONE,UNKNOWN,,UNKNOWN,UNKNOWN,UNKNOWN,SOURCE_ERROR,,,NOT_PROCESSED_RATE_LIMIT_STOP
DOHOL.IS:2019Q4,DOHOL.IS,DOHOL,2019Q4,2019-12-31,ANNUAL,INDUSTRIAL_OR_HOLDING,XUSIN.IS,UNKNOWN,CONSOLIDATED,,,2020-03-15,,[],,0,UNKNOWN,NONE,UNKNOWN,,UNKNOWN,UNKNOWN,UNKNOWN,SOURCE_ERROR,,,NOT_PROCESSED_RATE_LIMIT_STOP
DOHOL.IS:2020Q1,DOHOL.IS,DOHOL,2020Q1,2020-03-31,INTERIM,INDUSTRIAL_OR_HOLDING,XUSIN.IS,UNKNOWN,CONSOLIDATED,,,2020-05-15,,[],,0,UNKNOWN,NONE,UNKNOWN,,UNKNOWN,UNKNOWN,UNKNOWN,SOURCE_ERROR,,,NOT_PROCESSED_RATE_LIMIT_STOP
DOHOL.IS:2020Q2,DOHOL.IS,DOHOL,2020Q2,2020-06-30,INTERIM,INDUSTRIAL_OR_HOLDING,XUSIN.IS,UNKNOWN,CONSOLIDATED,,,2020-08-15,,[],,0,UNKNOWN,NONE,UNKNOWN,,UNKNOWN,UNKNOWN,UNKNOWN,SOURCE_ERROR,,,NOT_PROCESSED_RATE_LIMIT_STOP
DOHOL.IS:2020Q3,DOHOL.IS,DOHOL,2020Q3,2020-09-30,INTERIM,INDUSTRIAL_OR_HOLDING,XUSIN.IS,UNKNOWN,CONSOLIDATED,,,2020-11-15,,[],,0,UNKNOWN,NONE,UNKNOWN,,UNKNOWN,UNKNOWN,UNKNOWN,SOURCE_ERROR,,,NOT_PROCESSED_RATE_LIMIT_STOP
DOHOL.IS:2020Q4,DOHOL.IS,DOHOL,2020Q4,2020-12-31,ANNUAL,INDUSTRIAL_OR_HOLDING,XUSIN.IS,UNKNOWN,CONSOLIDATED,,,2021-03-15,,[],,0,UNKNOWN,NONE,UNKNOWN,,UNKNOWN,UNKNOWN,UNKNOWN,SOURCE_ERROR,,,NOT_PROCESSED_RATE_LIMIT_STOP
DOHOL.IS:2021Q1,DOHOL.IS,DOHOL,2021Q1,2021-03-31,INTERIM,INDUSTRIAL_OR_HOLDING,XUSIN.IS,UNKNOWN,CONSOLIDATED,,,2021-05-15,,[],,0,UNKNOWN,NONE,UNKNOWN,,UNKNOWN,UNKNOWN,UNKNOWN,SOURCE_ERROR,,,NOT_PROCESSED_RATE_LIMIT_STOP
DOHOL.IS:2021Q2,DOHOL.IS,DOHOL,2021Q2,2021-06-30,INTERIM,INDUSTRIAL_OR_HOLDING,XUSIN.IS,UNKNOWN,CONSOLIDATED,,,2021-08-15,,[],,0,UNKNOWN,NONE,UNKNOWN,,UNKNOWN,UNKNOWN,UNKNOWN,SOURCE_ERROR,,,NOT_PROCESSED_RATE_LIMIT_STOP
DOHOL.IS:2021Q3,DOHOL.IS,DOHOL,2021Q3,2021-09-30,INTERIM,INDUSTRIAL_OR_HOLDING,XUSIN.IS,UNKNOWN,CONSOLIDATED,,,2021-11-15,,[],,0,UNKNOWN,NONE,UNKNOWN,,UNKNOWN,UNKNOWN,UNKNOWN,SOURCE_ERROR,,,NOT_PROCESSED_RATE_LIMIT_STOP
DOHOL.IS:2021Q4,DOHOL.IS,DOHOL,2021Q4,2021-12-31,ANNUAL,INDUSTRIAL_OR_HOLDING,XUSIN.IS,UNKNOWN,CONSOLIDATED,,,2022-03-15,,[],,0,UNKNOWN,NONE,UNKNOWN,,UNKNOWN,UNKNOWN,UNKNOWN,SOURCE_ERROR,,,NOT_PROCESSED_RATE_LIMIT_STOP
DOHOL.IS:2022Q1,DOHOL.IS,DOHOL,2022Q1,2022-03-31,INTERIM,INDUSTRIAL_OR_HOLDING,XUSIN.IS,UNKNOWN,CONSOLIDATED,,,2022-05-15,,[],,0,UNKNOWN,NONE,UNKNOWN,,UNKNOWN,UNKNOWN,UNKNOWN,SOURCE_ERROR,,,NOT_PROCESSED_RATE_LIMIT_STOP
DOHOL.IS:2022Q2,DOHOL.IS,DOHOL,2022Q2,2022-06-30,INTERIM,INDUSTRIAL_OR_HOLDING,XUSIN.IS,UNKNOWN,CONSOLIDATED,,,2022-08-15,,[],,0,UNKNOWN,NONE,UNKNOWN,,UNKNOWN,UNKNOWN,UNKNOWN,SOURCE_ERROR,,,NOT_PROCESSED_RATE_LIMIT_STOP
DOHOL.IS:2022Q3,DOHOL.IS,DOHOL,2022Q3,2022-09-30,INTERIM,INDUSTRIAL_OR_HOLDING,XUSIN.IS,UNKNOWN,CONSOLIDATED,,,2022-11-15,,[],,0,UNKNOWN,NONE,UNKNOWN,,UNKNOWN,UNKNOWN,UNKNOWN,SOURCE_ERROR,,,NOT_PROCESSED_RATE_LIMIT_STOP
DOHOL.IS:2022Q4,DOHOL.IS,DOHOL,2022Q4,2022-12-31,ANNUAL,INDUSTRIAL_OR_HOLDING,XUSIN.IS,UNKNOWN,CONSOLIDATED,,,2023-03-15,,[],,0,UNKNOWN,NONE,UNKNOWN,,UNKNOWN,UNKNOWN,UNKNOWN,SOURCE_ERROR,,,NOT_PROCESSED_RATE_LIMIT_STOP
DOHOL.IS:2023Q1,DOHOL.IS,DOHOL,2023Q1,2023-03-31,INTERIM,INDUSTRIAL_OR_HOLDING,XUSIN.IS,UNKNOWN,CONSOLIDATED,,,2023-05-15,,[],,0,UNKNOWN,NONE,UNKNOWN,,UNKNOWN,UNKNOWN,UNKNOWN,SOURCE_ERROR,,,NOT_PROCESSED_RATE_LIMIT_STOP
DOHOL.IS:2023Q2,DOHOL.IS,DOHOL,2023Q2,2023-06-30,INTERIM,INDUSTRIAL_OR_HOLDING,XUSIN.IS,UNKNOWN,CONSOLIDATED,,,2023-08-15,,[],,0,UNKNOWN,NONE,UNKNOWN,,UNKNOWN,UNKNOWN,UNKNOWN,SOURCE_ERROR,,,NOT_PROCESSED_RATE_LIMIT_STOP
DOHOL.IS:2023Q3,DOHOL.IS,DOHOL,2023Q3,2023-09-30,INTERIM,INDUSTRIAL_OR_HOLDING,XUSIN.IS,UNKNOWN,CONSOLIDATED,,,2023-11-15,,[],,0,UNKNOWN,NONE,UNKNOWN,,UNKNOWN,UNKNOWN,UNKNOWN,SOURCE_ERROR,,,NOT_PROCESSED_RATE_LIMIT_STOP
DOHOL.IS:2023Q4,DOHOL.IS,DOHOL,2023Q4,2023-12-31,ANNUAL,INDUSTRIAL_OR_HOLDING,XUSIN.IS,UNKNOWN,CONSOLIDATED,,,2024-03-15,,[],,0,UNKNOWN,NONE,UNKNOWN,,UNKNOWN,UNKNOWN,UNKNOWN,SOURCE_ERROR,,,NOT_PROCESSED_RATE_LIMIT_STOP
DOHOL.IS:2024Q1,DOHOL.IS,DOHOL,2024Q1,2024-03-31,INTERIM,INDUSTRIAL_OR_HOLDING,XUSIN.IS,UNKNOWN,CONSOLIDATED,,,2024-05-15,,[],,0,UNKNOWN,NONE,UNKNOWN,,UNKNOWN,UNKNOWN,UNKNOWN,SOURCE_ERROR,,,NOT_PROCESSED_RATE_LIMIT_STOP
DOHOL.IS:2024Q2,DOHOL.IS,DOHOL,2024Q2,2024-06-30,INTERIM,INDUSTRIAL_OR_HOLDING,XUSIN.IS,UNKNOWN,CONSOLIDATED,,,2024-08-15,,[],,0,UNKNOWN,NONE,UNKNOWN,,UNKNOWN,UNKNOWN,UNKNOWN,SOURCE_ERROR,,,NOT_PROCESSED_RATE_LIMIT_STOP
DOHOL.IS:2024Q3,DOHOL.IS,DOHOL,2024Q3,2024-09-30,INTERIM,INDUSTRIAL_OR_HOLDING,XUSIN.IS,UNKNOWN,CONSOLIDATED,,,2024-11-15,,[],,0,UNKNOWN,NONE,UNKNOWN,,UNKNOWN,UNKNOWN,UNKNOWN,SOURCE_ERROR,,,NOT_PROCESSED_RATE_LIMIT_STOP
DOHOL.IS:2024Q4,DOHOL.IS,DOHOL,2024Q4,2024-12-31,ANNUAL,INDUSTRIAL_OR_HOLDING,XUSIN.IS,UNKNOWN,CONSOLIDATED,,,2025-03-15,,[],,0,UNKNOWN,NONE,UNKNOWN,,UNKNOWN,UNKNOWN,UNKNOWN,SOURCE_ERROR,,,NOT_PROCESSED_RATE_LIMIT_STOP
DOHOL.IS:2025Q1,DOHOL.IS,DOHOL,2025Q1,2025-03-31,INTERIM,INDUSTRIAL_OR_HOLDING,XUSIN.IS,UNKNOWN,CONSOLIDATED,,,2025-05-15,,[],,0,UNKNOWN,NONE,UNKNOWN,,UNKNOWN,UNKNOWN,UNKNOWN,SOURCE_ERROR,,,NOT_PROCESSED_RATE_LIMIT_STOP
DOHOL.IS:2025Q2,DOHOL.IS,DOHOL,2025Q2,2025-06-30,INTERIM,INDUSTRIAL_OR_HOLDING,XUSIN.IS,UNKNOWN,CONSOLIDATED,,,2025-08-15,,[],,0,UNKNOWN,NONE,UNKNOWN,,UNKNOWN,UNKNOWN,UNKNOWN,SOURCE_ERROR,,,NOT_PROCESSED_RATE_LIMIT_STOP
DOHOL.IS:2025Q3,DOHOL.IS,DOHOL,2025Q3,2025-09-30,INTERIM,INDUSTRIAL_OR_HOLDING,XUSIN.IS,UNKNOWN,CONSOLIDATED,,,2025-11-15,,[],,0,UNKNOWN,NONE,UNKNOWN,,UNKNOWN,UNKNOWN,UNKNOWN,SOURCE_ERROR,,,NOT_PROCESSED_RATE_LIMIT_STOP
DOHOL.IS:2025Q4,DOHOL.IS,DOHOL,2025Q4,2025-12-31,ANNUAL,INDUSTRIAL_OR_HOLDING,XUSIN.IS,UNKNOWN,CONSOLIDATED,,,2026-03-15,,[],,0,UNKNOWN,NONE,UNKNOWN,,UNKNOWN,UNKNOWN,UNKNOWN,SOURCE_ERROR,,,NOT_PROCESSED_RATE_LIMIT_STOP
DOHOL.IS:2026Q1,DOHOL.IS,DOHOL,2026Q1,2026-03-31,INTERIM,INDUSTRIAL_OR_HOLDING,XUSIN.IS,UNKNOWN,CONSOLIDATED,,,2026-05-15,,[],,0,UNKNOWN,NONE,UNKNOWN,,UNKNOWN,UNKNOWN,UNKNOWN,SOURCE_ERROR,,,NOT_PROCESSED_RATE_LIMIT_STOP
DOHOL.IS:2026Q2,DOHOL.IS,DOHOL,2026Q2,2026-06-30,INTERIM,INDUSTRIAL_OR_HOLDING,XUSIN.IS,UNKNOWN,CONSOLIDATED,,,2026-08-15,,[],,0,UNKNOWN,NONE,UNKNOWN,,UNKNOWN,UNKNOWN,UNKNOWN,SOURCE_ERROR,,,NOT_PROCESSED_RATE_LIMIT_STOP
ECILC.IS:2018Q1,ECILC.IS,ECILC,2018Q1,2018-03-31,INTERIM,INDUSTRIAL_OR_HOLDING,XUSIN.IS,UNKNOWN,CONSOLIDATED,,,2018-05-15,,[],,0,UNKNOWN,NONE,UNKNOWN,,UNKNOWN,UNKNOWN,UNKNOWN,SOURCE_ERROR,,,NOT_PROCESSED_RATE_LIMIT_STOP
ECILC.IS:2018Q2,ECILC.IS,ECILC,2018Q2,2018-06-30,INTERIM,INDUSTRIAL_OR_HOLDING,XUSIN.IS,UNKNOWN,CONSOLIDATED,,,2018-08-15,,[],,0,UNKNOWN,NONE,UNKNOWN,,UNKNOWN,UNKNOWN,UNKNOWN,SOURCE_ERROR,,,NOT_PROCESSED_RATE_LIMIT_STOP
ECILC.IS:2018Q3,ECILC.IS,ECILC,2018Q3,2018-09-30,INTERIM,INDUSTRIAL_OR_HOLDING,XUSIN.IS,UNKNOWN,CONSOLIDATED,,,2018-11-15,,[],,0,UNKNOWN,NONE,UNKNOWN,,UNKNOWN,UNKNOWN,UNKNOWN,SOURCE_ERROR,,,NOT_PROCESSED_RATE_LIMIT_STOP
ECILC.IS:2018Q4,ECILC.IS,ECILC,2018Q4,2018-12-31,ANNUAL,INDUSTRIAL_OR_HOLDING,XUSIN.IS,UNKNOWN,CONSOLIDATED,,,2019-03-15,,[],,0,UNKNOWN,NONE,UNKNOWN,,UNKNOWN,UNKNOWN,UNKNOWN,SOURCE_ERROR,,,NOT_PROCESSED_RATE_LIMIT_STOP
ECILC.IS:2019Q1,ECILC.IS,ECILC,2019Q1,2019-03-31,INTERIM,INDUSTRIAL_OR_HOLDING,XUSIN.IS,UNKNOWN,CONSOLIDATED,,,2019-05-15,,[],,0,UNKNOWN,NONE,UNKNOWN,,UNKNOWN,UNKNOWN,UNKNOWN,SOURCE_ERROR,,,NOT_PROCESSED_RATE_LIMIT_STOP
ECILC.IS:2019Q2,ECILC.IS,ECILC,2019Q2,2019-06-30,INTERIM,INDUSTRIAL_OR_HOLDING,XUSIN.IS,UNKNOWN,CONSOLIDATED,,,2019-08-15,,[],,0,UNKNOWN,NONE,UNKNOWN,,UNKNOWN,UNKNOWN,UNKNOWN,SOURCE_ERROR,,,NOT_PROCESSED_RATE_LIMIT_STOP
ECILC.IS:2019Q3,ECILC.IS,ECILC,2019Q3,2019-09-30,INTERIM,INDUSTRIAL_OR_HOLDING,XUSIN.IS,UNKNOWN,CONSOLIDATED,,,2019-11-15,,[],,0,UNKNOWN,NONE,UNKNOWN,,UNKNOWN,UNKNOWN,UNKNOWN,SOURCE_ERROR,,,NOT_PROCESSED_RATE_LIMIT_STOP
ECILC.IS:2019Q4,ECILC.IS,ECILC,2019Q4,2019-12-31,ANNUAL,INDUSTRIAL_OR_HOLDING,XUSIN.IS,UNKNOWN,CONSOLIDATED,,,2020-03-15,,[],,0,UNKNOWN,NONE,UNKNOWN,,UNKNOWN,UNKNOWN,UNKNOWN,SOURCE_ERROR,,,NOT_PROCESSED_RATE_LIMIT_STOP
ECILC.IS:2020Q1,ECILC.IS,ECILC,2020Q1,2020-03-31,INTERIM,INDUSTRIAL_OR_HOLDING,XUSIN.IS,UNKNOWN,CONSOLIDATED,,,2020-05-15,,[],,0,UNKNOWN,NONE,UNKNOWN,,UNKNOWN,UNKNOWN,UNKNOWN,SOURCE_ERROR,,,NOT_PROCESSED_RATE_LIMIT_STOP
ECILC.IS:2020Q2,ECILC.IS,ECILC,2020Q2,2020-06-30,INTERIM,INDUSTRIAL_OR_HOLDING,XUSIN.IS,UNKNOWN,CONSOLIDATED,,,2020-08-15,,[],,0,UNKNOWN,NONE,UNKNOWN,,UNKNOWN,UNKNOWN,UNKNOWN,SOURCE_ERROR,,,NOT_PROCESSED_RATE_LIMIT_STOP
ECILC.IS:2020Q3,ECILC.IS,ECILC,2020Q3,2020-09-30,INTERIM,INDUSTRIAL_OR_HOLDING,XUSIN.IS,UNKNOWN,CONSOLIDATED,,,2020-11-15,,[],,0,UNKNOWN,NONE,UNKNOWN,,UNKNOWN,UNKNOWN,UNKNOWN,SOURCE_ERROR,,,NOT_PROCESSED_RATE_LIMIT_STOP
ECILC.IS:2020Q4,ECILC.IS,ECILC,2020Q4,2020-12-31,ANNUAL,INDUSTRIAL_OR_HOLDING,XUSIN.IS,UNKNOWN,CONSOLIDATED,,,2021-03-15,,[],,0,UNKNOWN,NONE,UNKNOWN,,UNKNOWN,UNKNOWN,UNKNOWN,SOURCE_ERROR,,,NOT_PROCESSED_RATE_LIMIT_STOP
ECILC.IS:2021Q1,ECILC.IS,ECILC,2021Q1,2021-03-31,INTERIM,INDUSTRIAL_OR_HOLDING,XUSIN.IS,UNKNOWN,CONSOLIDATED,,,2021-05-15,,[],,0,UNKNOWN,NONE,UNKNOWN,,UNKNOWN,UNKNOWN,UNKNOWN,SOURCE_ERROR,,,NOT_PROCESSED_RATE_LIMIT_STOP
ECILC.IS:2021Q2,ECILC.IS,ECILC,2021Q2,2021-06-30,INTERIM,INDUSTRIAL_OR_HOLDING,XUSIN.IS,UNKNOWN,CONSOLIDATED,,,2021-08-15,,[],,0,UNKNOWN,NONE,UNKNOWN,,UNKNOWN,UNKNOWN,UNKNOWN,SOURCE_ERROR,,,NOT_PROCESSED_RATE_LIMIT_STOP
ECILC.IS:2021Q3,ECILC.IS,ECILC,2021Q3,2021-09-30,INTERIM,INDUSTRIAL_OR_HOLDING,XUSIN.IS,UNKNOWN,CONSOLIDATED,,,2021-11-15,,[],,0,UNKNOWN,NONE,UNKNOWN,,UNKNOWN,UNKNOWN,UNKNOWN,SOURCE_ERROR,,,NOT_PROCESSED_RATE_LIMIT_STOP
ECILC.IS:2021Q4,ECILC.IS,ECILC,2021Q4,2021-12-31,ANNUAL,INDUSTRIAL_OR_HOLDING,XUSIN.IS,UNKNOWN,CONSOLIDATED,,,2022-03-15,,[],,0,UNKNOWN,NONE,UNKNOWN,,UNKNOWN,UNKNOWN,UNKNOWN,SOURCE_ERROR,,,NOT_PROCESSED_RATE_LIMIT_STOP
ECILC.IS:2022Q1,ECILC.IS,ECILC,2022Q1,2022-03-31,INTERIM,INDUSTRIAL_OR_HOLDING,XUSIN.IS,UNKNOWN,CONSOLIDATED,,,2022-05-15,,[],,0,UNKNOWN,NONE,UNKNOWN,,UNKNOWN,UNKNOWN,UNKNOWN,SOURCE_ERROR,,,NOT_PROCESSED_RATE_LIMIT_STOP
ECILC.IS:2022Q2,ECILC.IS,ECILC,2022Q2,2022-06-30,INTERIM,INDUSTRIAL_OR_HOLDING,XUSIN.IS,UNKNOWN,CONSOLIDATED,,,2022-08-15,,[],,0,UNKNOWN,NONE,UNKNOWN,,UNKNOWN,UNKNOWN,UNKNOWN,SOURCE_ERROR,,,NOT_PROCESSED_RATE_LIMIT_STOP
ECILC.IS:2022Q3,ECILC.IS,ECILC,2022Q3,2022-09-30,INTERIM,INDUSTRIAL_OR_HOLDING,XUSIN.IS,UNKNOWN,CONSOLIDATED,,,2022-11-15,,[],,0,UNKNOWN,NONE,UNKNOWN,,UNKNOWN,UNKNOWN,UNKNOWN,SOURCE_ERROR,,,NOT_PROCESSED_RATE_LIMIT_STOP
ECILC.IS:2022Q4,ECILC.IS,ECILC,2022Q4,2022-12-31,ANNUAL,INDUSTRIAL_OR_HOLDING,XUSIN.IS,UNKNOWN,CONSOLIDATED,,,2023-03-15,,[],,0,UNKNOWN,NONE,UNKNOWN,,UNKNOWN,UNKNOWN,UNKNOWN,SOURCE_ERROR,,,NOT_PROCESSED_RATE_LIMIT_STOP
ECILC.IS:2023Q1,ECILC.IS,ECILC,2023Q1,2023-03-31,INTERIM,INDUSTRIAL_OR_HOLDING,XUSIN.IS,UNKNOWN,CONSOLIDATED,,,2023-05-15,,[],,0,UNKNOWN,NONE,UNKNOWN,,UNKNOWN,UNKNOWN,UNKNOWN,SOURCE_ERROR,,,NOT_PROCESSED_RATE_LIMIT_STOP
ECILC.IS:2023Q2,ECILC.IS,ECILC,2023Q2,2023-06-30,INTERIM,INDUSTRIAL_OR_HOLDING,XUSIN.IS,UNKNOWN,CONSOLIDATED,,,2023-08-15,,[],,0,UNKNOWN,NONE,UNKNOWN,,UNKNOWN,UNKNOWN,UNKNOWN,SOURCE_ERROR,,,NOT_PROCESSED_RATE_LIMIT_STOP
ECILC.IS:2023Q3,ECILC.IS,ECILC,2023Q3,2023-09-30,INTERIM,INDUSTRIAL_OR_HOLDING,XUSIN.IS,UNKNOWN,CONSOLIDATED,,,2023-11-15,,[],,0,UNKNOWN,NONE,UNKNOWN,,UNKNOWN,UNKNOWN,UNKNOWN,SOURCE_ERROR,,,NOT_PROCESSED_RATE_LIMIT_STOP
ECILC.IS:2023Q4,ECILC.IS,ECILC,2023Q4,2023-12-31,ANNUAL,INDUSTRIAL_OR_HOLDING,XUSIN.IS,UNKNOWN,CONSOLIDATED,,,2024-03-15,,[],,0,UNKNOWN,NONE,UNKNOWN,,UNKNOWN,UNKNOWN,UNKNOWN,SOURCE_ERROR,,,NOT_PROCESSED_RATE_LIMIT_STOP
ECILC.IS:2024Q1,ECILC.IS,ECILC,2024Q1,2024-03-31,INTERIM,INDUSTRIAL_OR_HOLDING,XUSIN.IS,UNKNOWN,CONSOLIDATED,,,2024-05-15,,[],,0,UNKNOWN,NONE,UNKNOWN,,UNKNOWN,UNKNOWN,UNKNOWN,SOURCE_ERROR,,,NOT_PROCESSED_RATE_LIMIT_STOP
ECILC.IS:2024Q2,ECILC.IS,ECILC,2024Q2,2024-06-30,INTERIM,INDUSTRIAL_OR_HOLDING,XUSIN.IS,UNKNOWN,CONSOLIDATED,,,2024-08-15,,[],,0,UNKNOWN,NONE,UNKNOWN,,UNKNOWN,UNKNOWN,UNKNOWN,SOURCE_ERROR,,,NOT_PROCESSED_RATE_LIMIT_STOP
ECILC.IS:2024Q3,ECILC.IS,ECILC,2024Q3,2024-09-30,INTERIM,INDUSTRIAL_OR_HOLDING,XUSIN.IS,UNKNOWN,CONSOLIDATED,,,2024-11-15,,[],,0,UNKNOWN,NONE,UNKNOWN,,UNKNOWN,UNKNOWN,UNKNOWN,SOURCE_ERROR,,,NOT_PROCESSED_RATE_LIMIT_STOP
ECILC.IS:2024Q4,ECILC.IS,ECILC,2024Q4,2024-12-31,ANNUAL,INDUSTRIAL_OR_HOLDING,XUSIN.IS,UNKNOWN,CONSOLIDATED,,,2025-03-15,,[],,0,UNKNOWN,NONE,UNKNOWN,,UNKNOWN,UNKNOWN,UNKNOWN,SOURCE_ERROR,,,NOT_PROCESSED_RATE_LIMIT_STOP
ECILC.IS:2025Q1,ECILC.IS,ECILC,2025Q1,2025-03-31,INTERIM,INDUSTRIAL_OR_HOLDING,XUSIN.IS,UNKNOWN,CONSOLIDATED,,,2025-05-15,,[],,0,UNKNOWN,NONE,UNKNOWN,,UNKNOWN,UNKNOWN,UNKNOWN,SOURCE_ERROR,,,NOT_PROCESSED_RATE_LIMIT_STOP
ECILC.IS:2025Q2,ECILC.IS,ECILC,2025Q2,2025-06-30,INTERIM,INDUSTRIAL_OR_HOLDING,XUSIN.IS,UNKNOWN,CONSOLIDATED,,,2025-08-15,,[],,0,UNKNOWN,NONE,UNKNOWN,,UNKNOWN,UNKNOWN,UNKNOWN,SOURCE_ERROR,,,NOT_PROCESSED_RATE_LIMIT_STOP
ECILC.IS:2025Q3,ECILC.IS,ECILC,2025Q3,2025-09-30,INTERIM,INDUSTRIAL_OR_HOLDING,XUSIN.IS,UNKNOWN,CONSOLIDATED,,,2025-11-15,,[],,0,UNKNOWN,NONE,UNKNOWN,,UNKNOWN,UNKNOWN,UNKNOWN,SOURCE_ERROR,,,NOT_PROCESSED_RATE_LIMIT_STOP
ECILC.IS:2025Q4,ECILC.IS,ECILC,2025Q4,2025-12-31,ANNUAL,INDUSTRIAL_OR_HOLDING,XUSIN.IS,UNKNOWN,CONSOLIDATED,,,2026-03-15,,[],,0,UNKNOWN,NONE,UNKNOWN,,UNKNOWN,UNKNOWN,UNKNOWN,SOURCE_ERROR,,,NOT_PROCESSED_RATE_LIMIT_STOP
ECILC.IS:2026Q1,ECILC.IS,ECILC,2026Q1,2026-03-31,INTERIM,INDUSTRIAL_OR_HOLDING,XUSIN.IS,UNKNOWN,CONSOLIDATED,,,2026-05-15,,[],,0,UNKNOWN,NONE,UNKNOWN,,UNKNOWN,UNKNOWN,UNKNOWN,SOURCE_ERROR,,,NOT_PROCESSED_RATE_LIMIT_STOP
ECILC.IS:2026Q2,ECILC.IS,ECILC,2026Q2,2026-06-30,INTERIM,INDUSTRIAL_OR_HOLDING,XUSIN.IS,UNKNOWN,CONSOLIDATED,,,2026-08-15,,[],,0,UNKNOWN,NONE,UNKNOWN,,UNKNOWN,UNKNOWN,UNKNOWN,SOURCE_ERROR,,,NOT_PROCESSED_RATE_LIMIT_STOP
EKGYO.IS:2018Q1,EKGYO.IS,EKGYO,2018Q1,2018-03-31,INTERIM,INDUSTRIAL_OR_HOLDING,XU100.IS,UNKNOWN,CONSOLIDATED,,,2018-05-15,,[],,0,UNKNOWN,NONE,UNKNOWN,,UNKNOWN,UNKNOWN,UNKNOWN,SOURCE_ERROR,,,NOT_PROCESSED_RATE_LIMIT_STOP
EKGYO.IS:2018Q2,EKGYO.IS,EKGYO,2018Q2,2018-06-30,INTERIM,INDUSTRIAL_OR_HOLDING,XU100.IS,UNKNOWN,CONSOLIDATED,,,2018-08-15,,[],,0,UNKNOWN,NONE,UNKNOWN,,UNKNOWN,UNKNOWN,UNKNOWN,SOURCE_ERROR,,,NOT_PROCESSED_RATE_LIMIT_STOP
EKGYO.IS:2018Q3,EKGYO.IS,EKGYO,2018Q3,2018-09-30,INTERIM,INDUSTRIAL_OR_HOLDING,XU100.IS,UNKNOWN,CONSOLIDATED,,,2018-11-15,,[],,0,UNKNOWN,NONE,UNKNOWN,,UNKNOWN,UNKNOWN,UNKNOWN,SOURCE_ERROR,,,NOT_PROCESSED_RATE_LIMIT_STOP
EKGYO.IS:2018Q4,EKGYO.IS,EKGYO,2018Q4,2018-12-31,ANNUAL,INDUSTRIAL_OR_HOLDING,XU100.IS,UNKNOWN,CONSOLIDATED,,,2019-03-15,,[],,0,UNKNOWN,NONE,UNKNOWN,,UNKNOWN,UNKNOWN,UNKNOWN,SOURCE_ERROR,,,NOT_PROCESSED_RATE_LIMIT_STOP
EKGYO.IS:2019Q1,EKGYO.IS,EKGYO,2019Q1,2019-03-31,INTERIM,INDUSTRIAL_OR_HOLDING,XU100.IS,UNKNOWN,CONSOLIDATED,,,2019-05-15,,[],,0,UNKNOWN,NONE,UNKNOWN,,UNKNOWN,UNKNOWN,UNKNOWN,SOURCE_ERROR,,,NOT_PROCESSED_RATE_LIMIT_STOP
EKGYO.IS:2019Q2,EKGYO.IS,EKGYO,2019Q2,2019-06-30,INTERIM,INDUSTRIAL_OR_HOLDING,XU100.IS,UNKNOWN,CONSOLIDATED,,,2019-08-15,,[],,0,UNKNOWN,NONE,UNKNOWN,,UNKNOWN,UNKNOWN,UNKNOWN,SOURCE_ERROR,,,NOT_PROCESSED_RATE_LIMIT_STOP
EKGYO.IS:2019Q3,EKGYO.IS,EKGYO,2019Q3,2019-09-30,INTERIM,INDUSTRIAL_OR_HOLDING,XU100.IS,UNKNOWN,CONSOLIDATED,,,2019-11-15,,[],,0,UNKNOWN,NONE,UNKNOWN,,UNKNOWN,UNKNOWN,UNKNOWN,SOURCE_ERROR,,,NOT_PROCESSED_RATE_LIMIT_STOP
EKGYO.IS:2019Q4,EKGYO.IS,EKGYO,2019Q4,2019-12-31,ANNUAL,INDUSTRIAL_OR_HOLDING,XU100.IS,UNKNOWN,CONSOLIDATED,,,2020-03-15,,[],,0,UNKNOWN,NONE,UNKNOWN,,UNKNOWN,UNKNOWN,UNKNOWN,SOURCE_ERROR,,,NOT_PROCESSED_RATE_LIMIT_STOP
EKGYO.IS:2020Q1,EKGYO.IS,EKGYO,2020Q1,2020-03-31,INTERIM,INDUSTRIAL_OR_HOLDING,XU100.IS,UNKNOWN,CONSOLIDATED,,,2020-05-15,,[],,0,UNKNOWN,NONE,UNKNOWN,,UNKNOWN,UNKNOWN,UNKNOWN,SOURCE_ERROR,,,NOT_PROCESSED_RATE_LIMIT_STOP
EKGYO.IS:2020Q2,EKGYO.IS,EKGYO,2020Q2,2020-06-30,INTERIM,INDUSTRIAL_OR_HOLDING,XU100.IS,UNKNOWN,CONSOLIDATED,,,2020-08-15,,[],,0,UNKNOWN,NONE,UNKNOWN,,UNKNOWN,UNKNOWN,UNKNOWN,SOURCE_ERROR,,,NOT_PROCESSED_RATE_LIMIT_STOP
EKGYO.IS:2020Q3,EKGYO.IS,EKGYO,2020Q3,2020-09-30,INTERIM,INDUSTRIAL_OR_HOLDING,XU100.IS,UNKNOWN,CONSOLIDATED,,,2020-11-15,,[],,0,UNKNOWN,NONE,UNKNOWN,,UNKNOWN,UNKNOWN,UNKNOWN,SOURCE_ERROR,,,NOT_PROCESSED_RATE_LIMIT_STOP
EKGYO.IS:2020Q4,EKGYO.IS,EKGYO,2020Q4,2020-12-31,ANNUAL,INDUSTRIAL_OR_HOLDING,XU100.IS,UNKNOWN,CONSOLIDATED,,,2021-03-15,,[],,0,UNKNOWN,NONE,UNKNOWN,,UNKNOWN,UNKNOWN,UNKNOWN,SOURCE_ERROR,,,NOT_PROCESSED_RATE_LIMIT_STOP
EKGYO.IS:2021Q1,EKGYO.IS,EKGYO,2021Q1,2021-03-31,INTERIM,INDUSTRIAL_OR_HOLDING,XU100.IS,UNKNOWN,CONSOLIDATED,,,2021-05-15,,[],,0,UNKNOWN,NONE,UNKNOWN,,UNKNOWN,UNKNOWN,UNKNOWN,SOURCE_ERROR,,,NOT_PROCESSED_RATE_LIMIT_STOP
EKGYO.IS:2021Q2,EKGYO.IS,EKGYO,2021Q2,2021-06-30,INTERIM,INDUSTRIAL_OR_HOLDING,XU100.IS,UNKNOWN,CONSOLIDATED,,,2021-08-15,,[],,0,UNKNOWN,NONE,UNKNOWN,,UNKNOWN,UNKNOWN,UNKNOWN,SOURCE_ERROR,,,NOT_PROCESSED_RATE_LIMIT_STOP
EKGYO.IS:2021Q3,EKGYO.IS,EKGYO,2021Q3,2021-09-30,INTERIM,INDUSTRIAL_OR_HOLDING,XU100.IS,UNKNOWN,CONSOLIDATED,,,2021-11-15,,[],,0,UNKNOWN,NONE,UNKNOWN,,UNKNOWN,UNKNOWN,UNKNOWN,SOURCE_ERROR,,,NOT_PROCESSED_RATE_LIMIT_STOP
EKGYO.IS:2021Q4,EKGYO.IS,EKGYO,2021Q4,2021-12-31,ANNUAL,INDUSTRIAL_OR_HOLDING,XU100.IS,UNKNOWN,CONSOLIDATED,,,2022-03-15,,[],,0,UNKNOWN,NONE,UNKNOWN,,UNKNOWN,UNKNOWN,UNKNOWN,SOURCE_ERROR,,,NOT_PROCESSED_RATE_LIMIT_STOP
EKGYO.IS:2022Q1,EKGYO.IS,EKGYO,2022Q1,2022-03-31,INTERIM,INDUSTRIAL_OR_HOLDING,XU100.IS,UNKNOWN,CONSOLIDATED,,,2022-05-15,,[],,0,UNKNOWN,NONE,UNKNOWN,,UNKNOWN,UNKNOWN,UNKNOWN,SOURCE_ERROR,,,NOT_PROCESSED_RATE_LIMIT_STOP
EKGYO.IS:2022Q2,EKGYO.IS,EKGYO,2022Q2,2022-06-30,INTERIM,INDUSTRIAL_OR_HOLDING,XU100.IS,UNKNOWN,CONSOLIDATED,,,2022-08-15,,[],,0,UNKNOWN,NONE,UNKNOWN,,UNKNOWN,UNKNOWN,UNKNOWN,SOURCE_ERROR,,,NOT_PROCESSED_RATE_LIMIT_STOP
EKGYO.IS:2022Q3,EKGYO.IS,EKGYO,2022Q3,2022-09-30,INTERIM,INDUSTRIAL_OR_HOLDING,XU100.IS,UNKNOWN,CONSOLIDATED,,,2022-11-15,,[],,0,UNKNOWN,NONE,UNKNOWN,,UNKNOWN,UNKNOWN,UNKNOWN,SOURCE_ERROR,,,NOT_PROCESSED_RATE_LIMIT_STOP
EKGYO.IS:2022Q4,EKGYO.IS,EKGYO,2022Q4,2022-12-31,ANNUAL,INDUSTRIAL_OR_HOLDING,XU100.IS,UNKNOWN,CONSOLIDATED,,,2023-03-15,,[],,0,UNKNOWN,NONE,UNKNOWN,,UNKNOWN,UNKNOWN,UNKNOWN,SOURCE_ERROR,,,NOT_PROCESSED_RATE_LIMIT_STOP
EKGYO.IS:2023Q1,EKGYO.IS,EKGYO,2023Q1,2023-03-31,INTERIM,INDUSTRIAL_OR_HOLDING,XU100.IS,UNKNOWN,CONSOLIDATED,,,2023-05-15,,[],,0,UNKNOWN,NONE,UNKNOWN,,UNKNOWN,UNKNOWN,UNKNOWN,SOURCE_ERROR,,,NOT_PROCESSED_RATE_LIMIT_STOP
EKGYO.IS:2023Q2,EKGYO.IS,EKGYO,2023Q2,2023-06-30,INTERIM,INDUSTRIAL_OR_HOLDING,XU100.IS,UNKNOWN,CONSOLIDATED,,,2023-08-15,,[],,0,UNKNOWN,NONE,UNKNOWN,,UNKNOWN,UNKNOWN,UNKNOWN,SOURCE_ERROR,,,NOT_PROCESSED_RATE_LIMIT_STOP
EKGYO.IS:2023Q3,EKGYO.IS,EKGYO,2023Q3,2023-09-30,INTERIM,INDUSTRIAL_OR_HOLDING,XU100.IS,UNKNOWN,CONSOLIDATED,,,2023-11-15,,[],,0,UNKNOWN,NONE,UNKNOWN,,UNKNOWN,UNKNOWN,UNKNOWN,SOURCE_ERROR,,,NOT_PROCESSED_RATE_LIMIT_STOP
EKGYO.IS:2023Q4,EKGYO.IS,EKGYO,2023Q4,2023-12-31,ANNUAL,INDUSTRIAL_OR_HOLDING,XU100.IS,UNKNOWN,CONSOLIDATED,,,2024-03-15,,[],,0,UNKNOWN,NONE,UNKNOWN,,UNKNOWN,UNKNOWN,UNKNOWN,SOURCE_ERROR,,,NOT_PROCESSED_RATE_LIMIT_STOP
EKGYO.IS:2024Q1,EKGYO.IS,EKGYO,2024Q1,2024-03-31,INTERIM,INDUSTRIAL_OR_HOLDING,XU100.IS,UNKNOWN,CONSOLIDATED,,,2024-05-15,,[],,0,UNKNOWN,NONE,UNKNOWN,,UNKNOWN,UNKNOWN,UNKNOWN,SOURCE_ERROR,,,NOT_PROCESSED_RATE_LIMIT_STOP
EKGYO.IS:2024Q2,EKGYO.IS,EKGYO,2024Q2,2024-06-30,INTERIM,INDUSTRIAL_OR_HOLDING,XU100.IS,UNKNOWN,CONSOLIDATED,,,2024-08-15,,[],,0,UNKNOWN,NONE,UNKNOWN,,UNKNOWN,UNKNOWN,UNKNOWN,SOURCE_ERROR,,,NOT_PROCESSED_RATE_LIMIT_STOP
EKGYO.IS:2024Q3,EKGYO.IS,EKGYO,2024Q3,2024-09-30,INTERIM,INDUSTRIAL_OR_HOLDING,XU100.IS,UNKNOWN,CONSOLIDATED,,,2024-11-15,,[],,0,UNKNOWN,NONE,UNKNOWN,,UNKNOWN,UNKNOWN,UNKNOWN,SOURCE_ERROR,,,NOT_PROCESSED_RATE_LIMIT_STOP
EKGYO.IS:2024Q4,EKGYO.IS,EKGYO,2024Q4,2024-12-31,ANNUAL,INDUSTRIAL_OR_HOLDING,XU100.IS,UNKNOWN,CONSOLIDATED,,,2025-03-15,,[],,0,UNKNOWN,NONE,UNKNOWN,,UNKNOWN,UNKNOWN,UNKNOWN,SOURCE_ERROR,,,NOT_PROCESSED_RATE_LIMIT_STOP
EKGYO.IS:2025Q1,EKGYO.IS,EKGYO,2025Q1,2025-03-31,INTERIM,INDUSTRIAL_OR_HOLDING,XU100.IS,UNKNOWN,CONSOLIDATED,,,2025-05-15,,[],,0,UNKNOWN,NONE,UNKNOWN,,UNKNOWN,UNKNOWN,UNKNOWN,SOURCE_ERROR,,,NOT_PROCESSED_RATE_LIMIT_STOP
EKGYO.IS:2025Q2,EKGYO.IS,EKGYO,2025Q2,2025-06-30,INTERIM,INDUSTRIAL_OR_HOLDING,XU100.IS,UNKNOWN,CONSOLIDATED,,,2025-08-15,,[],,0,UNKNOWN,NONE,UNKNOWN,,UNKNOWN,UNKNOWN,UNKNOWN,SOURCE_ERROR,,,NOT_PROCESSED_RATE_LIMIT_STOP
EKGYO.IS:2025Q3,EKGYO.IS,EKGYO,2025Q3,2025-09-30,INTERIM,INDUSTRIAL_OR_HOLDING,XU100.IS,UNKNOWN,CONSOLIDATED,,,2025-11-15,,[],,0,UNKNOWN,NONE,UNKNOWN,,UNKNOWN,UNKNOWN,UNKNOWN,SOURCE_ERROR,,,NOT_PROCESSED_RATE_LIMIT_STOP
EKGYO.IS:2025Q4,EKGYO.IS,EKGYO,2025Q4,2025-12-31,ANNUAL,INDUSTRIAL_OR_HOLDING,XU100.IS,UNKNOWN,CONSOLIDATED,,,2026-03-15,,[],,0,UNKNOWN,NONE,UNKNOWN,,UNKNOWN,UNKNOWN,UNKNOWN,SOURCE_ERROR,,,NOT_PROCESSED_RATE_LIMIT_STOP
EKGYO.IS:2026Q1,EKGYO.IS,EKGYO,2026Q1,2026-03-31,INTERIM,INDUSTRIAL_OR_HOLDING,XU100.IS,UNKNOWN,CONSOLIDATED,,,2026-05-15,,[],,0,UNKNOWN,NONE,UNKNOWN,,UNKNOWN,UNKNOWN,UNKNOWN,SOURCE_ERROR,,,NOT_PROCESSED_RATE_LIMIT_STOP
EKGYO.IS:2026Q2,EKGYO.IS,EKGYO,2026Q2,2026-06-30,INTERIM,INDUSTRIAL_OR_HOLDING,XU100.IS,UNKNOWN,CONSOLIDATED,,,2026-08-15,,[],,0,UNKNOWN,NONE,UNKNOWN,,UNKNOWN,UNKNOWN,UNKNOWN,SOURCE_ERROR,,,NOT_PROCESSED_RATE_LIMIT_STOP
ENKAI.IS:2018Q1,ENKAI.IS,ENKAI,2018Q1,2018-03-31,INTERIM,INDUSTRIAL_OR_HOLDING,XUSIN.IS,UNKNOWN,CONSOLIDATED,,,2018-05-15,,[],,0,UNKNOWN,NONE,UNKNOWN,,UNKNOWN,UNKNOWN,UNKNOWN,SOURCE_ERROR,,,NOT_PROCESSED_RATE_LIMIT_STOP
ENKAI.IS:2018Q2,ENKAI.IS,ENKAI,2018Q2,2018-06-30,INTERIM,INDUSTRIAL_OR_HOLDING,XUSIN.IS,UNKNOWN,CONSOLIDATED,,,2018-08-15,,[],,0,UNKNOWN,NONE,UNKNOWN,,UNKNOWN,UNKNOWN,UNKNOWN,SOURCE_ERROR,,,NOT_PROCESSED_RATE_LIMIT_STOP
ENKAI.IS:2018Q3,ENKAI.IS,ENKAI,2018Q3,2018-09-30,INTERIM,INDUSTRIAL_OR_HOLDING,XUSIN.IS,UNKNOWN,CONSOLIDATED,,,2018-11-15,,[],,0,UNKNOWN,NONE,UNKNOWN,,UNKNOWN,UNKNOWN,UNKNOWN,SOURCE_ERROR,,,NOT_PROCESSED_RATE_LIMIT_STOP
ENKAI.IS:2018Q4,ENKAI.IS,ENKAI,2018Q4,2018-12-31,ANNUAL,INDUSTRIAL_OR_HOLDING,XUSIN.IS,UNKNOWN,CONSOLIDATED,,,2019-03-15,,[],,0,UNKNOWN,NONE,UNKNOWN,,UNKNOWN,UNKNOWN,UNKNOWN,SOURCE_ERROR,,,NOT_PROCESSED_RATE_LIMIT_STOP
ENKAI.IS:2019Q1,ENKAI.IS,ENKAI,2019Q1,2019-03-31,INTERIM,INDUSTRIAL_OR_HOLDING,XUSIN.IS,UNKNOWN,CONSOLIDATED,,,2019-05-15,,[],,0,UNKNOWN,NONE,UNKNOWN,,UNKNOWN,UNKNOWN,UNKNOWN,SOURCE_ERROR,,,NOT_PROCESSED_RATE_LIMIT_STOP
ENKAI.IS:2019Q2,ENKAI.IS,ENKAI,2019Q2,2019-06-30,INTERIM,INDUSTRIAL_OR_HOLDING,XUSIN.IS,UNKNOWN,CONSOLIDATED,,,2019-08-15,,[],,0,UNKNOWN,NONE,UNKNOWN,,UNKNOWN,UNKNOWN,UNKNOWN,SOURCE_ERROR,,,NOT_PROCESSED_RATE_LIMIT_STOP
ENKAI.IS:2019Q3,ENKAI.IS,ENKAI,2019Q3,2019-09-30,INTERIM,INDUSTRIAL_OR_HOLDING,XUSIN.IS,UNKNOWN,CONSOLIDATED,,,2019-11-15,,[],,0,UNKNOWN,NONE,UNKNOWN,,UNKNOWN,UNKNOWN,UNKNOWN,SOURCE_ERROR,,,NOT_PROCESSED_RATE_LIMIT_STOP
ENKAI.IS:2019Q4,ENKAI.IS,ENKAI,2019Q4,2019-12-31,ANNUAL,INDUSTRIAL_OR_HOLDING,XUSIN.IS,UNKNOWN,CONSOLIDATED,,,2020-03-15,,[],,0,UNKNOWN,NONE,UNKNOWN,,UNKNOWN,UNKNOWN,UNKNOWN,SOURCE_ERROR,,,NOT_PROCESSED_RATE_LIMIT_STOP
ENKAI.IS:2020Q1,ENKAI.IS,ENKAI,2020Q1,2020-03-31,INTERIM,INDUSTRIAL_OR_HOLDING,XUSIN.IS,UNKNOWN,CONSOLIDATED,,,2020-05-15,,[],,0,UNKNOWN,NONE,UNKNOWN,,UNKNOWN,UNKNOWN,UNKNOWN,SOURCE_ERROR,,,NOT_PROCESSED_RATE_LIMIT_STOP
ENKAI.IS:2020Q2,ENKAI.IS,ENKAI,2020Q2,2020-06-30,INTERIM,INDUSTRIAL_OR_HOLDING,XUSIN.IS,UNKNOWN,CONSOLIDATED,,,2020-08-15,,[],,0,UNKNOWN,NONE,UNKNOWN,,UNKNOWN,UNKNOWN,UNKNOWN,SOURCE_ERROR,,,NOT_PROCESSED_RATE_LIMIT_STOP
ENKAI.IS:2020Q3,ENKAI.IS,ENKAI,2020Q3,2020-09-30,INTERIM,INDUSTRIAL_OR_HOLDING,XUSIN.IS,UNKNOWN,CONSOLIDATED,,,2020-11-15,,[],,0,UNKNOWN,NONE,UNKNOWN,,UNKNOWN,UNKNOWN,UNKNOWN,SOURCE_ERROR,,,NOT_PROCESSED_RATE_LIMIT_STOP
ENKAI.IS:2020Q4,ENKAI.IS,ENKAI,2020Q4,2020-12-31,ANNUAL,INDUSTRIAL_OR_HOLDING,XUSIN.IS,UNKNOWN,CONSOLIDATED,,,2021-03-15,,[],,0,UNKNOWN,NONE,UNKNOWN,,UNKNOWN,UNKNOWN,UNKNOWN,SOURCE_ERROR,,,NOT_PROCESSED_RATE_LIMIT_STOP
ENKAI.IS:2021Q1,ENKAI.IS,ENKAI,2021Q1,2021-03-31,INTERIM,INDUSTRIAL_OR_HOLDING,XUSIN.IS,UNKNOWN,CONSOLIDATED,,,2021-05-15,,[],,0,UNKNOWN,NONE,UNKNOWN,,UNKNOWN,UNKNOWN,UNKNOWN,SOURCE_ERROR,,,NOT_PROCESSED_RATE_LIMIT_STOP
ENKAI.IS:2021Q2,ENKAI.IS,ENKAI,2021Q2,2021-06-30,INTERIM,INDUSTRIAL_OR_HOLDING,XUSIN.IS,UNKNOWN,CONSOLIDATED,,,2021-08-15,,[],,0,UNKNOWN,NONE,UNKNOWN,,UNKNOWN,UNKNOWN,UNKNOWN,SOURCE_ERROR,,,NOT_PROCESSED_RATE_LIMIT_STOP
ENKAI.IS:2021Q3,ENKAI.IS,ENKAI,2021Q3,2021-09-30,INTERIM,INDUSTRIAL_OR_HOLDING,XUSIN.IS,UNKNOWN,CONSOLIDATED,,,2021-11-15,,[],,0,UNKNOWN,NONE,UNKNOWN,,UNKNOWN,UNKNOWN,UNKNOWN,SOURCE_ERROR,,,NOT_PROCESSED_RATE_LIMIT_STOP
ENKAI.IS:2021Q4,ENKAI.IS,ENKAI,2021Q4,2021-12-31,ANNUAL,INDUSTRIAL_OR_HOLDING,XUSIN.IS,UNKNOWN,CONSOLIDATED,,,2022-03-15,,[],,0,UNKNOWN,NONE,UNKNOWN,,UNKNOWN,UNKNOWN,UNKNOWN,SOURCE_ERROR,,,NOT_PROCESSED_RATE_LIMIT_STOP
ENKAI.IS:2022Q1,ENKAI.IS,ENKAI,2022Q1,2022-03-31,INTERIM,INDUSTRIAL_OR_HOLDING,XUSIN.IS,UNKNOWN,CONSOLIDATED,,,2022-05-15,,[],,0,UNKNOWN,NONE,UNKNOWN,,UNKNOWN,UNKNOWN,UNKNOWN,SOURCE_ERROR,,,NOT_PROCESSED_RATE_LIMIT_STOP
ENKAI.IS:2022Q2,ENKAI.IS,ENKAI,2022Q2,2022-06-30,INTERIM,INDUSTRIAL_OR_HOLDING,XUSIN.IS,UNKNOWN,CONSOLIDATED,,,2022-08-15,,[],,0,UNKNOWN,NONE,UNKNOWN,,UNKNOWN,UNKNOWN,UNKNOWN,SOURCE_ERROR,,,NOT_PROCESSED_RATE_LIMIT_STOP
ENKAI.IS:2022Q3,ENKAI.IS,ENKAI,2022Q3,2022-09-30,INTERIM,INDUSTRIAL_OR_HOLDING,XUSIN.IS,UNKNOWN,CONSOLIDATED,,,2022-11-15,,[],,0,UNKNOWN,NONE,UNKNOWN,,UNKNOWN,UNKNOWN,UNKNOWN,SOURCE_ERROR,,,NOT_PROCESSED_RATE_LIMIT_STOP
ENKAI.IS:2022Q4,ENKAI.IS,ENKAI,2022Q4,2022-12-31,ANNUAL,INDUSTRIAL_OR_HOLDING,XUSIN.IS,UNKNOWN,CONSOLIDATED,,,2023-03-15,,[],,0,UNKNOWN,NONE,UNKNOWN,,UNKNOWN,UNKNOWN,UNKNOWN,SOURCE_ERROR,,,NOT_PROCESSED_RATE_LIMIT_STOP
ENKAI.IS:2023Q1,ENKAI.IS,ENKAI,2023Q1,2023-03-31,INTERIM,INDUSTRIAL_OR_HOLDING,XUSIN.IS,UNKNOWN,CONSOLIDATED,,,2023-05-15,,[],,0,UNKNOWN,NONE,UNKNOWN,,UNKNOWN,UNKNOWN,UNKNOWN,SOURCE_ERROR,,,NOT_PROCESSED_RATE_LIMIT_STOP
ENKAI.IS:2023Q2,ENKAI.IS,ENKAI,2023Q2,2023-06-30,INTERIM,INDUSTRIAL_OR_HOLDING,XUSIN.IS,UNKNOWN,CONSOLIDATED,,,2023-08-15,,[],,0,UNKNOWN,NONE,UNKNOWN,,UNKNOWN,UNKNOWN,UNKNOWN,SOURCE_ERROR,,,NOT_PROCESSED_RATE_LIMIT_STOP
ENKAI.IS:2023Q3,ENKAI.IS,ENKAI,2023Q3,2023-09-30,INTERIM,INDUSTRIAL_OR_HOLDING,XUSIN.IS,UNKNOWN,CONSOLIDATED,,,2023-11-15,,[],,0,UNKNOWN,NONE,UNKNOWN,,UNKNOWN,UNKNOWN,UNKNOWN,SOURCE_ERROR,,,NOT_PROCESSED_RATE_LIMIT_STOP
ENKAI.IS:2023Q4,ENKAI.IS,ENKAI,2023Q4,2023-12-31,ANNUAL,INDUSTRIAL_OR_HOLDING,XUSIN.IS,UNKNOWN,CONSOLIDATED,,,2024-03-15,,[],,0,UNKNOWN,NONE,UNKNOWN,,UNKNOWN,UNKNOWN,UNKNOWN,SOURCE_ERROR,,,NOT_PROCESSED_RATE_LIMIT_STOP
ENKAI.IS:2024Q1,ENKAI.IS,ENKAI,2024Q1,2024-03-31,INTERIM,INDUSTRIAL_OR_HOLDING,XUSIN.IS,UNKNOWN,CONSOLIDATED,,,2024-05-15,,[],,0,UNKNOWN,NONE,UNKNOWN,,UNKNOWN,UNKNOWN,UNKNOWN,SOURCE_ERROR,,,NOT_PROCESSED_RATE_LIMIT_STOP
ENKAI.IS:2024Q2,ENKAI.IS,ENKAI,2024Q2,2024-06-30,INTERIM,INDUSTRIAL_OR_HOLDING,XUSIN.IS,UNKNOWN,CONSOLIDATED,,,2024-08-15,,[],,0,UNKNOWN,NONE,UNKNOWN,,UNKNOWN,UNKNOWN,UNKNOWN,SOURCE_ERROR,,,NOT_PROCESSED_RATE_LIMIT_STOP
ENKAI.IS:2024Q3,ENKAI.IS,ENKAI,2024Q3,2024-09-30,INTERIM,INDUSTRIAL_OR_HOLDING,XUSIN.IS,UNKNOWN,CONSOLIDATED,,,2024-11-15,,[],,0,UNKNOWN,NONE,UNKNOWN,,UNKNOWN,UNKNOWN,UNKNOWN,SOURCE_ERROR,,,NOT_PROCESSED_RATE_LIMIT_STOP
ENKAI.IS:2024Q4,ENKAI.IS,ENKAI,2024Q4,2024-12-31,ANNUAL,INDUSTRIAL_OR_HOLDING,XUSIN.IS,UNKNOWN,CONSOLIDATED,,,2025-03-15,,[],,0,UNKNOWN,NONE,UNKNOWN,,UNKNOWN,UNKNOWN,UNKNOWN,SOURCE_ERROR,,,NOT_PROCESSED_RATE_LIMIT_STOP
ENKAI.IS:2025Q1,ENKAI.IS,ENKAI,2025Q1,2025-03-31,INTERIM,INDUSTRIAL_OR_HOLDING,XUSIN.IS,UNKNOWN,CONSOLIDATED,,,2025-05-15,,[],,0,UNKNOWN,NONE,UNKNOWN,,UNKNOWN,UNKNOWN,UNKNOWN,SOURCE_ERROR,,,NOT_PROCESSED_RATE_LIMIT_STOP
ENKAI.IS:2025Q2,ENKAI.IS,ENKAI,2025Q2,2025-06-30,INTERIM,INDUSTRIAL_OR_HOLDING,XUSIN.IS,UNKNOWN,CONSOLIDATED,,,2025-08-15,,[],,0,UNKNOWN,NONE,UNKNOWN,,UNKNOWN,UNKNOWN,UNKNOWN,SOURCE_ERROR,,,NOT_PROCESSED_RATE_LIMIT_STOP
ENKAI.IS:2025Q3,ENKAI.IS,ENKAI,2025Q3,2025-09-30,INTERIM,INDUSTRIAL_OR_HOLDING,XUSIN.IS,UNKNOWN,CONSOLIDATED,,,2025-11-15,,[],,0,UNKNOWN,NONE,UNKNOWN,,UNKNOWN,UNKNOWN,UNKNOWN,SOURCE_ERROR,,,NOT_PROCESSED_RATE_LIMIT_STOP
ENKAI.IS:2025Q4,ENKAI.IS,ENKAI,2025Q4,2025-12-31,ANNUAL,INDUSTRIAL_OR_HOLDING,XUSIN.IS,UNKNOWN,CONSOLIDATED,,,2026-03-15,,[],,0,UNKNOWN,NONE,UNKNOWN,,UNKNOWN,UNKNOWN,UNKNOWN,SOURCE_ERROR,,,NOT_PROCESSED_RATE_LIMIT_STOP
ENKAI.IS:2026Q1,ENKAI.IS,ENKAI,2026Q1,2026-03-31,INTERIM,INDUSTRIAL_OR_HOLDING,XUSIN.IS,UNKNOWN,CONSOLIDATED,,,2026-05-15,,[],,0,UNKNOWN,NONE,UNKNOWN,,UNKNOWN,UNKNOWN,UNKNOWN,SOURCE_ERROR,,,NOT_PROCESSED_RATE_LIMIT_STOP
ENKAI.IS:2026Q2,ENKAI.IS,ENKAI,2026Q2,2026-06-30,INTERIM,INDUSTRIAL_OR_HOLDING,XUSIN.IS,UNKNOWN,CONSOLIDATED,,,2026-08-15,,[],,0,UNKNOWN,NONE,UNKNOWN,,UNKNOWN,UNKNOWN,UNKNOWN,SOURCE_ERROR,,,NOT_PROCESSED_RATE_LIMIT_STOP
EREGL.IS:2018Q1,EREGL.IS,EREGL,2018Q1,2018-03-31,INTERIM,INDUSTRIAL_OR_HOLDING,XUSIN.IS,UNKNOWN,CONSOLIDATED,,,2018-05-15,,[],,0,UNKNOWN,NONE,UNKNOWN,,UNKNOWN,UNKNOWN,UNKNOWN,SOURCE_ERROR,,,NOT_PROCESSED_RATE_LIMIT_STOP
EREGL.IS:2018Q2,EREGL.IS,EREGL,2018Q2,2018-06-30,INTERIM,INDUSTRIAL_OR_HOLDING,XUSIN.IS,UNKNOWN,CONSOLIDATED,,,2018-08-15,,[],,0,UNKNOWN,NONE,UNKNOWN,,UNKNOWN,UNKNOWN,UNKNOWN,SOURCE_ERROR,,,NOT_PROCESSED_RATE_LIMIT_STOP
EREGL.IS:2018Q3,EREGL.IS,EREGL,2018Q3,2018-09-30,INTERIM,INDUSTRIAL_OR_HOLDING,XUSIN.IS,UNKNOWN,CONSOLIDATED,,,2018-11-15,,[],,0,UNKNOWN,NONE,UNKNOWN,,UNKNOWN,UNKNOWN,UNKNOWN,SOURCE_ERROR,,,NOT_PROCESSED_RATE_LIMIT_STOP
EREGL.IS:2018Q4,EREGL.IS,EREGL,2018Q4,2018-12-31,ANNUAL,INDUSTRIAL_OR_HOLDING,XUSIN.IS,UNKNOWN,CONSOLIDATED,,,2019-03-15,,[],,0,UNKNOWN,NONE,UNKNOWN,,UNKNOWN,UNKNOWN,UNKNOWN,SOURCE_ERROR,,,NOT_PROCESSED_RATE_LIMIT_STOP
EREGL.IS:2019Q1,EREGL.IS,EREGL,2019Q1,2019-03-31,INTERIM,INDUSTRIAL_OR_HOLDING,XUSIN.IS,UNKNOWN,CONSOLIDATED,,,2019-05-15,,[],,0,UNKNOWN,NONE,UNKNOWN,,UNKNOWN,UNKNOWN,UNKNOWN,SOURCE_ERROR,,,NOT_PROCESSED_RATE_LIMIT_STOP
EREGL.IS:2019Q2,EREGL.IS,EREGL,2019Q2,2019-06-30,INTERIM,INDUSTRIAL_OR_HOLDING,XUSIN.IS,UNKNOWN,CONSOLIDATED,,,2019-08-15,,[],,0,UNKNOWN,NONE,UNKNOWN,,UNKNOWN,UNKNOWN,UNKNOWN,SOURCE_ERROR,,,NOT_PROCESSED_RATE_LIMIT_STOP
EREGL.IS:2019Q3,EREGL.IS,EREGL,2019Q3,2019-09-30,INTERIM,INDUSTRIAL_OR_HOLDING,XUSIN.IS,UNKNOWN,CONSOLIDATED,,,2019-11-15,,[],,0,UNKNOWN,NONE,UNKNOWN,,UNKNOWN,UNKNOWN,UNKNOWN,SOURCE_ERROR,,,NOT_PROCESSED_RATE_LIMIT_STOP
EREGL.IS:2019Q4,EREGL.IS,EREGL,2019Q4,2019-12-31,ANNUAL,INDUSTRIAL_OR_HOLDING,XUSIN.IS,UNKNOWN,CONSOLIDATED,,,2020-03-15,,[],,0,UNKNOWN,NONE,UNKNOWN,,UNKNOWN,UNKNOWN,UNKNOWN,SOURCE_ERROR,,,NOT_PROCESSED_RATE_LIMIT_STOP
EREGL.IS:2020Q1,EREGL.IS,EREGL,2020Q1,2020-03-31,INTERIM,INDUSTRIAL_OR_HOLDING,XUSIN.IS,UNKNOWN,CONSOLIDATED,,,2020-05-15,,[],,0,UNKNOWN,NONE,UNKNOWN,,UNKNOWN,UNKNOWN,UNKNOWN,SOURCE_ERROR,,,NOT_PROCESSED_RATE_LIMIT_STOP
EREGL.IS:2020Q2,EREGL.IS,EREGL,2020Q2,2020-06-30,INTERIM,INDUSTRIAL_OR_HOLDING,XUSIN.IS,UNKNOWN,CONSOLIDATED,,,2020-08-15,,[],,0,UNKNOWN,NONE,UNKNOWN,,UNKNOWN,UNKNOWN,UNKNOWN,SOURCE_ERROR,,,NOT_PROCESSED_RATE_LIMIT_STOP
EREGL.IS:2020Q3,EREGL.IS,EREGL,2020Q3,2020-09-30,INTERIM,INDUSTRIAL_OR_HOLDING,XUSIN.IS,UNKNOWN,CONSOLIDATED,,,2020-11-15,,[],,0,UNKNOWN,NONE,UNKNOWN,,UNKNOWN,UNKNOWN,UNKNOWN,SOURCE_ERROR,,,NOT_PROCESSED_RATE_LIMIT_STOP
EREGL.IS:2020Q4,EREGL.IS,EREGL,2020Q4,2020-12-31,ANNUAL,INDUSTRIAL_OR_HOLDING,XUSIN.IS,UNKNOWN,CONSOLIDATED,,,2021-03-15,,[],,0,UNKNOWN,NONE,UNKNOWN,,UNKNOWN,UNKNOWN,UNKNOWN,SOURCE_ERROR,,,NOT_PROCESSED_RATE_LIMIT_STOP
EREGL.IS:2021Q1,EREGL.IS,EREGL,2021Q1,2021-03-31,INTERIM,INDUSTRIAL_OR_HOLDING,XUSIN.IS,UNKNOWN,CONSOLIDATED,,,2021-05-15,,[],,0,UNKNOWN,NONE,UNKNOWN,,UNKNOWN,UNKNOWN,UNKNOWN,SOURCE_ERROR,,,NOT_PROCESSED_RATE_LIMIT_STOP
EREGL.IS:2021Q2,EREGL.IS,EREGL,2021Q2,2021-06-30,INTERIM,INDUSTRIAL_OR_HOLDING,XUSIN.IS,UNKNOWN,CONSOLIDATED,,,2021-08-15,,[],,0,UNKNOWN,NONE,UNKNOWN,,UNKNOWN,UNKNOWN,UNKNOWN,SOURCE_ERROR,,,NOT_PROCESSED_RATE_LIMIT_STOP
EREGL.IS:2021Q3,EREGL.IS,EREGL,2021Q3,2021-09-30,INTERIM,INDUSTRIAL_OR_HOLDING,XUSIN.IS,UNKNOWN,CONSOLIDATED,,,2021-11-15,,[],,0,UNKNOWN,NONE,UNKNOWN,,UNKNOWN,UNKNOWN,UNKNOWN,SOURCE_ERROR,,,NOT_PROCESSED_RATE_LIMIT_STOP
EREGL.IS:2021Q4,EREGL.IS,EREGL,2021Q4,2021-12-31,ANNUAL,INDUSTRIAL_OR_HOLDING,XUSIN.IS,UNKNOWN,CONSOLIDATED,,,2022-03-15,,[],,0,UNKNOWN,NONE,UNKNOWN,,UNKNOWN,UNKNOWN,UNKNOWN,SOURCE_ERROR,,,NOT_PROCESSED_RATE_LIMIT_STOP
EREGL.IS:2022Q1,EREGL.IS,EREGL,2022Q1,2022-03-31,INTERIM,INDUSTRIAL_OR_HOLDING,XUSIN.IS,UNKNOWN,CONSOLIDATED,,,2022-05-15,,[],,0,UNKNOWN,NONE,UNKNOWN,,UNKNOWN,UNKNOWN,UNKNOWN,SOURCE_ERROR,,,NOT_PROCESSED_RATE_LIMIT_STOP
EREGL.IS:2022Q2,EREGL.IS,EREGL,2022Q2,2022-06-30,INTERIM,INDUSTRIAL_OR_HOLDING,XUSIN.IS,UNKNOWN,CONSOLIDATED,,,2022-08-15,,[],,0,UNKNOWN,NONE,UNKNOWN,,UNKNOWN,UNKNOWN,UNKNOWN,SOURCE_ERROR,,,NOT_PROCESSED_RATE_LIMIT_STOP
EREGL.IS:2022Q3,EREGL.IS,EREGL,2022Q3,2022-09-30,INTERIM,INDUSTRIAL_OR_HOLDING,XUSIN.IS,UNKNOWN,CONSOLIDATED,,,2022-11-15,,[],,0,UNKNOWN,NONE,UNKNOWN,,UNKNOWN,UNKNOWN,UNKNOWN,SOURCE_ERROR,,,NOT_PROCESSED_RATE_LIMIT_STOP
EREGL.IS:2022Q4,EREGL.IS,EREGL,2022Q4,2022-12-31,ANNUAL,INDUSTRIAL_OR_HOLDING,XUSIN.IS,UNKNOWN,CONSOLIDATED,,,2023-03-15,,[],,0,UNKNOWN,NONE,UNKNOWN,,UNKNOWN,UNKNOWN,UNKNOWN,SOURCE_ERROR,,,NOT_PROCESSED_RATE_LIMIT_STOP
EREGL.IS:2023Q1,EREGL.IS,EREGL,2023Q1,2023-03-31,INTERIM,INDUSTRIAL_OR_HOLDING,XUSIN.IS,UNKNOWN,CONSOLIDATED,,,2023-05-15,,[],,0,UNKNOWN,NONE,UNKNOWN,,UNKNOWN,UNKNOWN,UNKNOWN,SOURCE_ERROR,,,NOT_PROCESSED_RATE_LIMIT_STOP
EREGL.IS:2023Q2,EREGL.IS,EREGL,2023Q2,2023-06-30,INTERIM,INDUSTRIAL_OR_HOLDING,XUSIN.IS,UNKNOWN,CONSOLIDATED,,,2023-08-15,,[],,0,UNKNOWN,NONE,UNKNOWN,,UNKNOWN,UNKNOWN,UNKNOWN,SOURCE_ERROR,,,NOT_PROCESSED_RATE_LIMIT_STOP
EREGL.IS:2023Q3,EREGL.IS,EREGL,2023Q3,2023-09-30,INTERIM,INDUSTRIAL_OR_HOLDING,XUSIN.IS,UNKNOWN,CONSOLIDATED,,,2023-11-15,,[],,0,UNKNOWN,NONE,UNKNOWN,,UNKNOWN,UNKNOWN,UNKNOWN,SOURCE_ERROR,,,NOT_PROCESSED_RATE_LIMIT_STOP
EREGL.IS:2023Q4,EREGL.IS,EREGL,2023Q4,2023-12-31,ANNUAL,INDUSTRIAL_OR_HOLDING,XUSIN.IS,UNKNOWN,CONSOLIDATED,,,2024-03-15,,[],,0,UNKNOWN,NONE,UNKNOWN,,UNKNOWN,UNKNOWN,UNKNOWN,SOURCE_ERROR,,,NOT_PROCESSED_RATE_LIMIT_STOP
EREGL.IS:2024Q1,EREGL.IS,EREGL,2024Q1,2024-03-31,INTERIM,INDUSTRIAL_OR_HOLDING,XUSIN.IS,UNKNOWN,CONSOLIDATED,,,2024-05-15,,[],,0,UNKNOWN,NONE,UNKNOWN,,UNKNOWN,UNKNOWN,UNKNOWN,SOURCE_ERROR,,,NOT_PROCESSED_RATE_LIMIT_STOP
EREGL.IS:2024Q2,EREGL.IS,EREGL,2024Q2,2024-06-30,INTERIM,INDUSTRIAL_OR_HOLDING,XUSIN.IS,UNKNOWN,CONSOLIDATED,,,2024-08-15,,[],,0,UNKNOWN,NONE,UNKNOWN,,UNKNOWN,UNKNOWN,UNKNOWN,SOURCE_ERROR,,,NOT_PROCESSED_RATE_LIMIT_STOP
EREGL.IS:2024Q3,EREGL.IS,EREGL,2024Q3,2024-09-30,INTERIM,INDUSTRIAL_OR_HOLDING,XUSIN.IS,UNKNOWN,CONSOLIDATED,,,2024-11-15,,[],,0,UNKNOWN,NONE,UNKNOWN,,UNKNOWN,UNKNOWN,UNKNOWN,SOURCE_ERROR,,,NOT_PROCESSED_RATE_LIMIT_STOP
EREGL.IS:2024Q4,EREGL.IS,EREGL,2024Q4,2024-12-31,ANNUAL,INDUSTRIAL_OR_HOLDING,XUSIN.IS,UNKNOWN,CONSOLIDATED,,,2025-03-15,,[],,0,UNKNOWN,NONE,UNKNOWN,,UNKNOWN,UNKNOWN,UNKNOWN,SOURCE_ERROR,,,NOT_PROCESSED_RATE_LIMIT_STOP
EREGL.IS:2025Q1,EREGL.IS,EREGL,2025Q1,2025-03-31,INTERIM,INDUSTRIAL_OR_HOLDING,XUSIN.IS,UNKNOWN,CONSOLIDATED,,,2025-05-15,,[],,0,UNKNOWN,NONE,UNKNOWN,,UNKNOWN,UNKNOWN,UNKNOWN,SOURCE_ERROR,,,NOT_PROCESSED_RATE_LIMIT_STOP
EREGL.IS:2025Q2,EREGL.IS,EREGL,2025Q2,2025-06-30,INTERIM,INDUSTRIAL_OR_HOLDING,XUSIN.IS,UNKNOWN,CONSOLIDATED,,,2025-08-15,,[],,0,UNKNOWN,NONE,UNKNOWN,,UNKNOWN,UNKNOWN,UNKNOWN,SOURCE_ERROR,,,NOT_PROCESSED_RATE_LIMIT_STOP
EREGL.IS:2025Q3,EREGL.IS,EREGL,2025Q3,2025-09-30,INTERIM,INDUSTRIAL_OR_HOLDING,XUSIN.IS,UNKNOWN,CONSOLIDATED,,,2025-11-15,,[],,0,UNKNOWN,NONE,UNKNOWN,,UNKNOWN,UNKNOWN,UNKNOWN,SOURCE_ERROR,,,NOT_PROCESSED_RATE_LIMIT_STOP
EREGL.IS:2025Q4,EREGL.IS,EREGL,2025Q4,2025-12-31,ANNUAL,INDUSTRIAL_OR_HOLDING,XUSIN.IS,UNKNOWN,CONSOLIDATED,,,2026-03-15,,[],,0,UNKNOWN,NONE,UNKNOWN,,UNKNOWN,UNKNOWN,UNKNOWN,SOURCE_ERROR,,,NOT_PROCESSED_RATE_LIMIT_STOP
EREGL.IS:2026Q1,EREGL.IS,EREGL,2026Q1,2026-03-31,INTERIM,INDUSTRIAL_OR_HOLDING,XUSIN.IS,UNKNOWN,CONSOLIDATED,,,2026-05-15,,[],,0,UNKNOWN,NONE,UNKNOWN,,UNKNOWN,UNKNOWN,UNKNOWN,SOURCE_ERROR,,,NOT_PROCESSED_RATE_LIMIT_STOP
EREGL.IS:2026Q2,EREGL.IS,EREGL,2026Q2,2026-06-30,INTERIM,INDUSTRIAL_OR_HOLDING,XUSIN.IS,UNKNOWN,CONSOLIDATED,,,2026-08-15,,[],,0,UNKNOWN,NONE,UNKNOWN,,UNKNOWN,UNKNOWN,UNKNOWN,SOURCE_ERROR,,,NOT_PROCESSED_RATE_LIMIT_STOP
EUPWR.IS:2020Q4,EUPWR.IS,EUPWR,2020Q4,2020-12-31,ANNUAL,INDUSTRIAL_OR_HOLDING,XUSIN.IS,UNKNOWN,CONSOLIDATED,,,2021-03-15,,[],,0,UNKNOWN,NONE,UNKNOWN,,UNKNOWN,UNKNOWN,UNKNOWN,SOURCE_ERROR,,,NOT_PROCESSED_RATE_LIMIT_STOP
EUPWR.IS:2021Q4,EUPWR.IS,EUPWR,2021Q4,2021-12-31,ANNUAL,INDUSTRIAL_OR_HOLDING,XUSIN.IS,UNKNOWN,CONSOLIDATED,,,2022-03-15,,[],,0,UNKNOWN,NONE,UNKNOWN,,UNKNOWN,UNKNOWN,UNKNOWN,SOURCE_ERROR,,,NOT_PROCESSED_RATE_LIMIT_STOP
EUPWR.IS:2022Q1,EUPWR.IS,EUPWR,2022Q1,2022-03-31,INTERIM,INDUSTRIAL_OR_HOLDING,XUSIN.IS,UNKNOWN,CONSOLIDATED,,,2022-05-15,,[],,0,UNKNOWN,NONE,UNKNOWN,,UNKNOWN,UNKNOWN,UNKNOWN,SOURCE_ERROR,,,NOT_PROCESSED_RATE_LIMIT_STOP
EUPWR.IS:2022Q2,EUPWR.IS,EUPWR,2022Q2,2022-06-30,INTERIM,INDUSTRIAL_OR_HOLDING,XUSIN.IS,UNKNOWN,CONSOLIDATED,,,2022-08-15,,[],,0,UNKNOWN,NONE,UNKNOWN,,UNKNOWN,UNKNOWN,UNKNOWN,SOURCE_ERROR,,,NOT_PROCESSED_RATE_LIMIT_STOP
EUPWR.IS:2022Q3,EUPWR.IS,EUPWR,2022Q3,2022-09-30,INTERIM,INDUSTRIAL_OR_HOLDING,XUSIN.IS,UNKNOWN,CONSOLIDATED,,,2022-11-15,,[],,0,UNKNOWN,NONE,UNKNOWN,,UNKNOWN,UNKNOWN,UNKNOWN,SOURCE_ERROR,,,NOT_PROCESSED_RATE_LIMIT_STOP
EUPWR.IS:2022Q4,EUPWR.IS,EUPWR,2022Q4,2022-12-31,ANNUAL,INDUSTRIAL_OR_HOLDING,XUSIN.IS,UNKNOWN,CONSOLIDATED,,,2023-03-15,,[],,0,UNKNOWN,NONE,UNKNOWN,,UNKNOWN,UNKNOWN,UNKNOWN,SOURCE_ERROR,,,NOT_PROCESSED_RATE_LIMIT_STOP
EUPWR.IS:2023Q1,EUPWR.IS,EUPWR,2023Q1,2023-03-31,INTERIM,INDUSTRIAL_OR_HOLDING,XUSIN.IS,UNKNOWN,CONSOLIDATED,,,2023-05-15,,[],,0,UNKNOWN,NONE,UNKNOWN,,UNKNOWN,UNKNOWN,UNKNOWN,SOURCE_ERROR,,,NOT_PROCESSED_RATE_LIMIT_STOP
EUPWR.IS:2023Q2,EUPWR.IS,EUPWR,2023Q2,2023-06-30,INTERIM,INDUSTRIAL_OR_HOLDING,XUSIN.IS,UNKNOWN,CONSOLIDATED,,,2023-08-15,,[],,0,UNKNOWN,NONE,UNKNOWN,,UNKNOWN,UNKNOWN,UNKNOWN,SOURCE_ERROR,,,NOT_PROCESSED_RATE_LIMIT_STOP
EUPWR.IS:2023Q3,EUPWR.IS,EUPWR,2023Q3,2023-09-30,INTERIM,INDUSTRIAL_OR_HOLDING,XUSIN.IS,UNKNOWN,CONSOLIDATED,,,2023-11-15,,[],,0,UNKNOWN,NONE,UNKNOWN,,UNKNOWN,UNKNOWN,UNKNOWN,SOURCE_ERROR,,,NOT_PROCESSED_RATE_LIMIT_STOP
EUPWR.IS:2023Q4,EUPWR.IS,EUPWR,2023Q4,2023-12-31,ANNUAL,INDUSTRIAL_OR_HOLDING,XUSIN.IS,UNKNOWN,CONSOLIDATED,,,2024-03-15,,[],,0,UNKNOWN,NONE,UNKNOWN,,UNKNOWN,UNKNOWN,UNKNOWN,SOURCE_ERROR,,,NOT_PROCESSED_RATE_LIMIT_STOP
EUPWR.IS:2024Q1,EUPWR.IS,EUPWR,2024Q1,2024-03-31,INTERIM,INDUSTRIAL_OR_HOLDING,XUSIN.IS,UNKNOWN,CONSOLIDATED,,,2024-05-15,,[],,0,UNKNOWN,NONE,UNKNOWN,,UNKNOWN,UNKNOWN,UNKNOWN,SOURCE_ERROR,,,NOT_PROCESSED_RATE_LIMIT_STOP
EUPWR.IS:2024Q2,EUPWR.IS,EUPWR,2024Q2,2024-06-30,INTERIM,INDUSTRIAL_OR_HOLDING,XUSIN.IS,UNKNOWN,CONSOLIDATED,,,2024-08-15,,[],,0,UNKNOWN,NONE,UNKNOWN,,UNKNOWN,UNKNOWN,UNKNOWN,SOURCE_ERROR,,,NOT_PROCESSED_RATE_LIMIT_STOP
EUPWR.IS:2024Q3,EUPWR.IS,EUPWR,2024Q3,2024-09-30,INTERIM,INDUSTRIAL_OR_HOLDING,XUSIN.IS,UNKNOWN,CONSOLIDATED,,,2024-11-15,,[],,0,UNKNOWN,NONE,UNKNOWN,,UNKNOWN,UNKNOWN,UNKNOWN,SOURCE_ERROR,,,NOT_PROCESSED_RATE_LIMIT_STOP
EUPWR.IS:2024Q4,EUPWR.IS,EUPWR,2024Q4,2024-12-31,ANNUAL,INDUSTRIAL_OR_HOLDING,XUSIN.IS,UNKNOWN,CONSOLIDATED,,,2025-03-15,,[],,0,UNKNOWN,NONE,UNKNOWN,,UNKNOWN,UNKNOWN,UNKNOWN,SOURCE_ERROR,,,NOT_PROCESSED_RATE_LIMIT_STOP
EUPWR.IS:2025Q1,EUPWR.IS,EUPWR,2025Q1,2025-03-31,INTERIM,INDUSTRIAL_OR_HOLDING,XUSIN.IS,UNKNOWN,CONSOLIDATED,,,2025-05-15,,[],,0,UNKNOWN,NONE,UNKNOWN,,UNKNOWN,UNKNOWN,UNKNOWN,SOURCE_ERROR,,,NOT_PROCESSED_RATE_LIMIT_STOP
EUPWR.IS:2025Q2,EUPWR.IS,EUPWR,2025Q2,2025-06-30,INTERIM,INDUSTRIAL_OR_HOLDING,XUSIN.IS,UNKNOWN,CONSOLIDATED,,,2025-08-15,,[],,0,UNKNOWN,NONE,UNKNOWN,,UNKNOWN,UNKNOWN,UNKNOWN,SOURCE_ERROR,,,NOT_PROCESSED_RATE_LIMIT_STOP
EUPWR.IS:2025Q3,EUPWR.IS,EUPWR,2025Q3,2025-09-30,INTERIM,INDUSTRIAL_OR_HOLDING,XUSIN.IS,UNKNOWN,CONSOLIDATED,,,2025-11-15,,[],,0,UNKNOWN,NONE,UNKNOWN,,UNKNOWN,UNKNOWN,UNKNOWN,SOURCE_ERROR,,,NOT_PROCESSED_RATE_LIMIT_STOP
EUPWR.IS:2025Q4,EUPWR.IS,EUPWR,2025Q4,2025-12-31,ANNUAL,INDUSTRIAL_OR_HOLDING,XUSIN.IS,UNKNOWN,CONSOLIDATED,,,2026-03-15,,[],,0,UNKNOWN,NONE,UNKNOWN,,UNKNOWN,UNKNOWN,UNKNOWN,SOURCE_ERROR,,,NOT_PROCESSED_RATE_LIMIT_STOP
EUPWR.IS:2026Q1,EUPWR.IS,EUPWR,2026Q1,2026-03-31,INTERIM,INDUSTRIAL_OR_HOLDING,XUSIN.IS,UNKNOWN,CONSOLIDATED,,,2026-05-15,,[],,0,UNKNOWN,NONE,UNKNOWN,,UNKNOWN,UNKNOWN,UNKNOWN,SOURCE_ERROR,,,NOT_PROCESSED_RATE_LIMIT_STOP
EUPWR.IS:2026Q2,EUPWR.IS,EUPWR,2026Q2,2026-06-30,INTERIM,INDUSTRIAL_OR_HOLDING,XUSIN.IS,UNKNOWN,CONSOLIDATED,,,2026-08-15,,[],,0,UNKNOWN,NONE,UNKNOWN,,UNKNOWN,UNKNOWN,UNKNOWN,SOURCE_ERROR,,,NOT_PROCESSED_RATE_LIMIT_STOP
FORTE.IS:2020Q4,FORTE.IS,FORTE,2020Q4,2020-12-31,ANNUAL,INDUSTRIAL_OR_HOLDING,XU100.IS,UNKNOWN,CONSOLIDATED,,,2021-03-15,,[],,0,UNKNOWN,NONE,UNKNOWN,,UNKNOWN,UNKNOWN,UNKNOWN,SOURCE_ERROR,,,NOT_PROCESSED_RATE_LIMIT_STOP
FORTE.IS:2021Q4,FORTE.IS,FORTE,2021Q4,2021-12-31,ANNUAL,INDUSTRIAL_OR_HOLDING,XU100.IS,UNKNOWN,CONSOLIDATED,,,2022-03-15,,[],,0,UNKNOWN,NONE,UNKNOWN,,UNKNOWN,UNKNOWN,UNKNOWN,SOURCE_ERROR,,,NOT_PROCESSED_RATE_LIMIT_STOP
FORTE.IS:2022Q1,FORTE.IS,FORTE,2022Q1,2022-03-31,INTERIM,INDUSTRIAL_OR_HOLDING,XU100.IS,UNKNOWN,CONSOLIDATED,,,2022-05-15,,[],,0,UNKNOWN,NONE,UNKNOWN,,UNKNOWN,UNKNOWN,UNKNOWN,SOURCE_ERROR,,,NOT_PROCESSED_RATE_LIMIT_STOP
FORTE.IS:2022Q2,FORTE.IS,FORTE,2022Q2,2022-06-30,INTERIM,INDUSTRIAL_OR_HOLDING,XU100.IS,UNKNOWN,CONSOLIDATED,,,2022-08-15,,[],,0,UNKNOWN,NONE,UNKNOWN,,UNKNOWN,UNKNOWN,UNKNOWN,SOURCE_ERROR,,,NOT_PROCESSED_RATE_LIMIT_STOP
FORTE.IS:2022Q3,FORTE.IS,FORTE,2022Q3,2022-09-30,INTERIM,INDUSTRIAL_OR_HOLDING,XU100.IS,UNKNOWN,CONSOLIDATED,,,2022-11-15,,[],,0,UNKNOWN,NONE,UNKNOWN,,UNKNOWN,UNKNOWN,UNKNOWN,SOURCE_ERROR,,,NOT_PROCESSED_RATE_LIMIT_STOP
FORTE.IS:2022Q4,FORTE.IS,FORTE,2022Q4,2022-12-31,ANNUAL,INDUSTRIAL_OR_HOLDING,XU100.IS,UNKNOWN,CONSOLIDATED,,,2023-03-15,,[],,0,UNKNOWN,NONE,UNKNOWN,,UNKNOWN,UNKNOWN,UNKNOWN,SOURCE_ERROR,,,NOT_PROCESSED_RATE_LIMIT_STOP
FORTE.IS:2023Q1,FORTE.IS,FORTE,2023Q1,2023-03-31,INTERIM,INDUSTRIAL_OR_HOLDING,XU100.IS,UNKNOWN,CONSOLIDATED,,,2023-05-15,,[],,0,UNKNOWN,NONE,UNKNOWN,,UNKNOWN,UNKNOWN,UNKNOWN,SOURCE_ERROR,,,NOT_PROCESSED_RATE_LIMIT_STOP
FORTE.IS:2023Q2,FORTE.IS,FORTE,2023Q2,2023-06-30,INTERIM,INDUSTRIAL_OR_HOLDING,XU100.IS,UNKNOWN,CONSOLIDATED,,,2023-08-15,,[],,0,UNKNOWN,NONE,UNKNOWN,,UNKNOWN,UNKNOWN,UNKNOWN,SOURCE_ERROR,,,NOT_PROCESSED_RATE_LIMIT_STOP
FORTE.IS:2023Q3,FORTE.IS,FORTE,2023Q3,2023-09-30,INTERIM,INDUSTRIAL_OR_HOLDING,XU100.IS,UNKNOWN,CONSOLIDATED,,,2023-11-15,,[],,0,UNKNOWN,NONE,UNKNOWN,,UNKNOWN,UNKNOWN,UNKNOWN,SOURCE_ERROR,,,NOT_PROCESSED_RATE_LIMIT_STOP
FORTE.IS:2023Q4,FORTE.IS,FORTE,2023Q4,2023-12-31,ANNUAL,INDUSTRIAL_OR_HOLDING,XU100.IS,UNKNOWN,CONSOLIDATED,,,2024-03-15,,[],,0,UNKNOWN,NONE,UNKNOWN,,UNKNOWN,UNKNOWN,UNKNOWN,SOURCE_ERROR,,,NOT_PROCESSED_RATE_LIMIT_STOP
FORTE.IS:2024Q1,FORTE.IS,FORTE,2024Q1,2024-03-31,INTERIM,INDUSTRIAL_OR_HOLDING,XU100.IS,UNKNOWN,CONSOLIDATED,,,2024-05-15,,[],,0,UNKNOWN,NONE,UNKNOWN,,UNKNOWN,UNKNOWN,UNKNOWN,SOURCE_ERROR,,,NOT_PROCESSED_RATE_LIMIT_STOP
FORTE.IS:2024Q2,FORTE.IS,FORTE,2024Q2,2024-06-30,INTERIM,INDUSTRIAL_OR_HOLDING,XU100.IS,UNKNOWN,CONSOLIDATED,,,2024-08-15,,[],,0,UNKNOWN,NONE,UNKNOWN,,UNKNOWN,UNKNOWN,UNKNOWN,SOURCE_ERROR,,,NOT_PROCESSED_RATE_LIMIT_STOP
FORTE.IS:2024Q3,FORTE.IS,FORTE,2024Q3,2024-09-30,INTERIM,INDUSTRIAL_OR_HOLDING,XU100.IS,UNKNOWN,CONSOLIDATED,,,2024-11-15,,[],,0,UNKNOWN,NONE,UNKNOWN,,UNKNOWN,UNKNOWN,UNKNOWN,SOURCE_ERROR,,,NOT_PROCESSED_RATE_LIMIT_STOP
FORTE.IS:2024Q4,FORTE.IS,FORTE,2024Q4,2024-12-31,ANNUAL,INDUSTRIAL_OR_HOLDING,XU100.IS,UNKNOWN,CONSOLIDATED,,,2025-03-15,,[],,0,UNKNOWN,NONE,UNKNOWN,,UNKNOWN,UNKNOWN,UNKNOWN,SOURCE_ERROR,,,NOT_PROCESSED_RATE_LIMIT_STOP
FORTE.IS:2025Q1,FORTE.IS,FORTE,2025Q1,2025-03-31,INTERIM,INDUSTRIAL_OR_HOLDING,XU100.IS,UNKNOWN,CONSOLIDATED,,,2025-05-15,,[],,0,UNKNOWN,NONE,UNKNOWN,,UNKNOWN,UNKNOWN,UNKNOWN,SOURCE_ERROR,,,NOT_PROCESSED_RATE_LIMIT_STOP
FORTE.IS:2025Q2,FORTE.IS,FORTE,2025Q2,2025-06-30,INTERIM,INDUSTRIAL_OR_HOLDING,XU100.IS,UNKNOWN,CONSOLIDATED,,,2025-08-15,,[],,0,UNKNOWN,NONE,UNKNOWN,,UNKNOWN,UNKNOWN,UNKNOWN,SOURCE_ERROR,,,NOT_PROCESSED_RATE_LIMIT_STOP
FORTE.IS:2025Q3,FORTE.IS,FORTE,2025Q3,2025-09-30,INTERIM,INDUSTRIAL_OR_HOLDING,XU100.IS,UNKNOWN,CONSOLIDATED,,,2025-11-15,,[],,0,UNKNOWN,NONE,UNKNOWN,,UNKNOWN,UNKNOWN,UNKNOWN,SOURCE_ERROR,,,NOT_PROCESSED_RATE_LIMIT_STOP
FORTE.IS:2025Q4,FORTE.IS,FORTE,2025Q4,2025-12-31,ANNUAL,INDUSTRIAL_OR_HOLDING,XU100.IS,UNKNOWN,CONSOLIDATED,,,2026-03-15,,[],,0,UNKNOWN,NONE,UNKNOWN,,UNKNOWN,UNKNOWN,UNKNOWN,SOURCE_ERROR,,,NOT_PROCESSED_RATE_LIMIT_STOP
FORTE.IS:2026Q1,FORTE.IS,FORTE,2026Q1,2026-03-31,INTERIM,INDUSTRIAL_OR_HOLDING,XU100.IS,UNKNOWN,CONSOLIDATED,,,2026-05-15,,[],,0,UNKNOWN,NONE,UNKNOWN,,UNKNOWN,UNKNOWN,UNKNOWN,SOURCE_ERROR,,,NOT_PROCESSED_RATE_LIMIT_STOP
FORTE.IS:2026Q2,FORTE.IS,FORTE,2026Q2,2026-06-30,INTERIM,INDUSTRIAL_OR_HOLDING,XU100.IS,UNKNOWN,CONSOLIDATED,,,2026-08-15,,[],,0,UNKNOWN,NONE,UNKNOWN,,UNKNOWN,UNKNOWN,UNKNOWN,SOURCE_ERROR,,,NOT_PROCESSED_RATE_LIMIT_STOP
FROTO.IS:2018Q1,FROTO.IS,FROTO,2018Q1,2018-03-31,INTERIM,INDUSTRIAL_OR_HOLDING,XUSIN.IS,UNKNOWN,CONSOLIDATED,,,2018-05-15,,[],,0,UNKNOWN,NONE,UNKNOWN,,UNKNOWN,UNKNOWN,UNKNOWN,SOURCE_ERROR,,,NOT_PROCESSED_RATE_LIMIT_STOP
FROTO.IS:2018Q2,FROTO.IS,FROTO,2018Q2,2018-06-30,INTERIM,INDUSTRIAL_OR_HOLDING,XUSIN.IS,UNKNOWN,CONSOLIDATED,,,2018-08-15,,[],,0,UNKNOWN,NONE,UNKNOWN,,UNKNOWN,UNKNOWN,UNKNOWN,SOURCE_ERROR,,,NOT_PROCESSED_RATE_LIMIT_STOP
FROTO.IS:2018Q3,FROTO.IS,FROTO,2018Q3,2018-09-30,INTERIM,INDUSTRIAL_OR_HOLDING,XUSIN.IS,UNKNOWN,CONSOLIDATED,,,2018-11-15,,[],,0,UNKNOWN,NONE,UNKNOWN,,UNKNOWN,UNKNOWN,UNKNOWN,SOURCE_ERROR,,,NOT_PROCESSED_RATE_LIMIT_STOP
FROTO.IS:2018Q4,FROTO.IS,FROTO,2018Q4,2018-12-31,ANNUAL,INDUSTRIAL_OR_HOLDING,XUSIN.IS,UNKNOWN,CONSOLIDATED,,,2019-03-15,,[],,0,UNKNOWN,NONE,UNKNOWN,,UNKNOWN,UNKNOWN,UNKNOWN,SOURCE_ERROR,,,NOT_PROCESSED_RATE_LIMIT_STOP
FROTO.IS:2019Q1,FROTO.IS,FROTO,2019Q1,2019-03-31,INTERIM,INDUSTRIAL_OR_HOLDING,XUSIN.IS,UNKNOWN,CONSOLIDATED,,,2019-05-15,,[],,0,UNKNOWN,NONE,UNKNOWN,,UNKNOWN,UNKNOWN,UNKNOWN,SOURCE_ERROR,,,NOT_PROCESSED_RATE_LIMIT_STOP
FROTO.IS:2019Q2,FROTO.IS,FROTO,2019Q2,2019-06-30,INTERIM,INDUSTRIAL_OR_HOLDING,XUSIN.IS,UNKNOWN,CONSOLIDATED,,,2019-08-15,,[],,0,UNKNOWN,NONE,UNKNOWN,,UNKNOWN,UNKNOWN,UNKNOWN,SOURCE_ERROR,,,NOT_PROCESSED_RATE_LIMIT_STOP
FROTO.IS:2019Q3,FROTO.IS,FROTO,2019Q3,2019-09-30,INTERIM,INDUSTRIAL_OR_HOLDING,XUSIN.IS,UNKNOWN,CONSOLIDATED,,,2019-11-15,,[],,0,UNKNOWN,NONE,UNKNOWN,,UNKNOWN,UNKNOWN,UNKNOWN,SOURCE_ERROR,,,NOT_PROCESSED_RATE_LIMIT_STOP
FROTO.IS:2019Q4,FROTO.IS,FROTO,2019Q4,2019-12-31,ANNUAL,INDUSTRIAL_OR_HOLDING,XUSIN.IS,UNKNOWN,CONSOLIDATED,,,2020-03-15,,[],,0,UNKNOWN,NONE,UNKNOWN,,UNKNOWN,UNKNOWN,UNKNOWN,SOURCE_ERROR,,,NOT_PROCESSED_RATE_LIMIT_STOP
FROTO.IS:2020Q1,FROTO.IS,FROTO,2020Q1,2020-03-31,INTERIM,INDUSTRIAL_OR_HOLDING,XUSIN.IS,UNKNOWN,CONSOLIDATED,,,2020-05-15,,[],,0,UNKNOWN,NONE,UNKNOWN,,UNKNOWN,UNKNOWN,UNKNOWN,SOURCE_ERROR,,,NOT_PROCESSED_RATE_LIMIT_STOP
FROTO.IS:2020Q2,FROTO.IS,FROTO,2020Q2,2020-06-30,INTERIM,INDUSTRIAL_OR_HOLDING,XUSIN.IS,UNKNOWN,CONSOLIDATED,,,2020-08-15,,[],,0,UNKNOWN,NONE,UNKNOWN,,UNKNOWN,UNKNOWN,UNKNOWN,SOURCE_ERROR,,,NOT_PROCESSED_RATE_LIMIT_STOP
FROTO.IS:2020Q3,FROTO.IS,FROTO,2020Q3,2020-09-30,INTERIM,INDUSTRIAL_OR_HOLDING,XUSIN.IS,UNKNOWN,CONSOLIDATED,,,2020-11-15,,[],,0,UNKNOWN,NONE,UNKNOWN,,UNKNOWN,UNKNOWN,UNKNOWN,SOURCE_ERROR,,,NOT_PROCESSED_RATE_LIMIT_STOP
FROTO.IS:2020Q4,FROTO.IS,FROTO,2020Q4,2020-12-31,ANNUAL,INDUSTRIAL_OR_HOLDING,XUSIN.IS,UNKNOWN,CONSOLIDATED,,,2021-03-15,,[],,0,UNKNOWN,NONE,UNKNOWN,,UNKNOWN,UNKNOWN,UNKNOWN,SOURCE_ERROR,,,NOT_PROCESSED_RATE_LIMIT_STOP
FROTO.IS:2021Q1,FROTO.IS,FROTO,2021Q1,2021-03-31,INTERIM,INDUSTRIAL_OR_HOLDING,XUSIN.IS,UNKNOWN,CONSOLIDATED,,,2021-05-15,,[],,0,UNKNOWN,NONE,UNKNOWN,,UNKNOWN,UNKNOWN,UNKNOWN,SOURCE_ERROR,,,NOT_PROCESSED_RATE_LIMIT_STOP
FROTO.IS:2021Q2,FROTO.IS,FROTO,2021Q2,2021-06-30,INTERIM,INDUSTRIAL_OR_HOLDING,XUSIN.IS,UNKNOWN,CONSOLIDATED,,,2021-08-15,,[],,0,UNKNOWN,NONE,UNKNOWN,,UNKNOWN,UNKNOWN,UNKNOWN,SOURCE_ERROR,,,NOT_PROCESSED_RATE_LIMIT_STOP
FROTO.IS:2021Q3,FROTO.IS,FROTO,2021Q3,2021-09-30,INTERIM,INDUSTRIAL_OR_HOLDING,XUSIN.IS,UNKNOWN,CONSOLIDATED,,,2021-11-15,,[],,0,UNKNOWN,NONE,UNKNOWN,,UNKNOWN,UNKNOWN,UNKNOWN,SOURCE_ERROR,,,NOT_PROCESSED_RATE_LIMIT_STOP
FROTO.IS:2021Q4,FROTO.IS,FROTO,2021Q4,2021-12-31,ANNUAL,INDUSTRIAL_OR_HOLDING,XUSIN.IS,UNKNOWN,CONSOLIDATED,,,2022-03-15,,[],,0,UNKNOWN,NONE,UNKNOWN,,UNKNOWN,UNKNOWN,UNKNOWN,SOURCE_ERROR,,,NOT_PROCESSED_RATE_LIMIT_STOP
FROTO.IS:2022Q1,FROTO.IS,FROTO,2022Q1,2022-03-31,INTERIM,INDUSTRIAL_OR_HOLDING,XUSIN.IS,UNKNOWN,CONSOLIDATED,,,2022-05-15,,[],,0,UNKNOWN,NONE,UNKNOWN,,UNKNOWN,UNKNOWN,UNKNOWN,SOURCE_ERROR,,,NOT_PROCESSED_RATE_LIMIT_STOP
FROTO.IS:2022Q2,FROTO.IS,FROTO,2022Q2,2022-06-30,INTERIM,INDUSTRIAL_OR_HOLDING,XUSIN.IS,UNKNOWN,CONSOLIDATED,,,2022-08-15,,[],,0,UNKNOWN,NONE,UNKNOWN,,UNKNOWN,UNKNOWN,UNKNOWN,SOURCE_ERROR,,,NOT_PROCESSED_RATE_LIMIT_STOP
FROTO.IS:2022Q3,FROTO.IS,FROTO,2022Q3,2022-09-30,INTERIM,INDUSTRIAL_OR_HOLDING,XUSIN.IS,UNKNOWN,CONSOLIDATED,,,2022-11-15,,[],,0,UNKNOWN,NONE,UNKNOWN,,UNKNOWN,UNKNOWN,UNKNOWN,SOURCE_ERROR,,,NOT_PROCESSED_RATE_LIMIT_STOP
FROTO.IS:2022Q4,FROTO.IS,FROTO,2022Q4,2022-12-31,ANNUAL,INDUSTRIAL_OR_HOLDING,XUSIN.IS,UNKNOWN,CONSOLIDATED,,,2023-03-15,,[],,0,UNKNOWN,NONE,UNKNOWN,,UNKNOWN,UNKNOWN,UNKNOWN,SOURCE_ERROR,,,NOT_PROCESSED_RATE_LIMIT_STOP
FROTO.IS:2023Q1,FROTO.IS,FROTO,2023Q1,2023-03-31,INTERIM,INDUSTRIAL_OR_HOLDING,XUSIN.IS,UNKNOWN,CONSOLIDATED,,,2023-05-15,,[],,0,UNKNOWN,NONE,UNKNOWN,,UNKNOWN,UNKNOWN,UNKNOWN,SOURCE_ERROR,,,NOT_PROCESSED_RATE_LIMIT_STOP
FROTO.IS:2023Q2,FROTO.IS,FROTO,2023Q2,2023-06-30,INTERIM,INDUSTRIAL_OR_HOLDING,XUSIN.IS,UNKNOWN,CONSOLIDATED,,,2023-08-15,,[],,0,UNKNOWN,NONE,UNKNOWN,,UNKNOWN,UNKNOWN,UNKNOWN,SOURCE_ERROR,,,NOT_PROCESSED_RATE_LIMIT_STOP
FROTO.IS:2023Q3,FROTO.IS,FROTO,2023Q3,2023-09-30,INTERIM,INDUSTRIAL_OR_HOLDING,XUSIN.IS,UNKNOWN,CONSOLIDATED,,,2023-11-15,,[],,0,UNKNOWN,NONE,UNKNOWN,,UNKNOWN,UNKNOWN,UNKNOWN,SOURCE_ERROR,,,NOT_PROCESSED_RATE_LIMIT_STOP
FROTO.IS:2023Q4,FROTO.IS,FROTO,2023Q4,2023-12-31,ANNUAL,INDUSTRIAL_OR_HOLDING,XUSIN.IS,UNKNOWN,CONSOLIDATED,,,2024-03-15,,[],,0,UNKNOWN,NONE,UNKNOWN,,UNKNOWN,UNKNOWN,UNKNOWN,SOURCE_ERROR,,,NOT_PROCESSED_RATE_LIMIT_STOP
FROTO.IS:2024Q1,FROTO.IS,FROTO,2024Q1,2024-03-31,INTERIM,INDUSTRIAL_OR_HOLDING,XUSIN.IS,UNKNOWN,CONSOLIDATED,,,2024-05-15,,[],,0,UNKNOWN,NONE,UNKNOWN,,UNKNOWN,UNKNOWN,UNKNOWN,SOURCE_ERROR,,,NOT_PROCESSED_RATE_LIMIT_STOP
FROTO.IS:2024Q2,FROTO.IS,FROTO,2024Q2,2024-06-30,INTERIM,INDUSTRIAL_OR_HOLDING,XUSIN.IS,UNKNOWN,CONSOLIDATED,,,2024-08-15,,[],,0,UNKNOWN,NONE,UNKNOWN,,UNKNOWN,UNKNOWN,UNKNOWN,SOURCE_ERROR,,,NOT_PROCESSED_RATE_LIMIT_STOP
FROTO.IS:2024Q3,FROTO.IS,FROTO,2024Q3,2024-09-30,INTERIM,INDUSTRIAL_OR_HOLDING,XUSIN.IS,UNKNOWN,CONSOLIDATED,,,2024-11-15,,[],,0,UNKNOWN,NONE,UNKNOWN,,UNKNOWN,UNKNOWN,UNKNOWN,SOURCE_ERROR,,,NOT_PROCESSED_RATE_LIMIT_STOP
FROTO.IS:2024Q4,FROTO.IS,FROTO,2024Q4,2024-12-31,ANNUAL,INDUSTRIAL_OR_HOLDING,XUSIN.IS,UNKNOWN,CONSOLIDATED,,,2025-03-15,,[],,0,UNKNOWN,NONE,UNKNOWN,,UNKNOWN,UNKNOWN,UNKNOWN,SOURCE_ERROR,,,NOT_PROCESSED_RATE_LIMIT_STOP
FROTO.IS:2025Q1,FROTO.IS,FROTO,2025Q1,2025-03-31,INTERIM,INDUSTRIAL_OR_HOLDING,XUSIN.IS,UNKNOWN,CONSOLIDATED,,,2025-05-15,,[],,0,UNKNOWN,NONE,UNKNOWN,,UNKNOWN,UNKNOWN,UNKNOWN,SOURCE_ERROR,,,NOT_PROCESSED_RATE_LIMIT_STOP
FROTO.IS:2025Q2,FROTO.IS,FROTO,2025Q2,2025-06-30,INTERIM,INDUSTRIAL_OR_HOLDING,XUSIN.IS,UNKNOWN,CONSOLIDATED,,,2025-08-15,,[],,0,UNKNOWN,NONE,UNKNOWN,,UNKNOWN,UNKNOWN,UNKNOWN,SOURCE_ERROR,,,NOT_PROCESSED_RATE_LIMIT_STOP
FROTO.IS:2025Q3,FROTO.IS,FROTO,2025Q3,2025-09-30,INTERIM,INDUSTRIAL_OR_HOLDING,XUSIN.IS,UNKNOWN,CONSOLIDATED,,,2025-11-15,,[],,0,UNKNOWN,NONE,UNKNOWN,,UNKNOWN,UNKNOWN,UNKNOWN,SOURCE_ERROR,,,NOT_PROCESSED_RATE_LIMIT_STOP
FROTO.IS:2025Q4,FROTO.IS,FROTO,2025Q4,2025-12-31,ANNUAL,INDUSTRIAL_OR_HOLDING,XUSIN.IS,UNKNOWN,CONSOLIDATED,,,2026-03-15,,[],,0,UNKNOWN,NONE,UNKNOWN,,UNKNOWN,UNKNOWN,UNKNOWN,SOURCE_ERROR,,,NOT_PROCESSED_RATE_LIMIT_STOP
FROTO.IS:2026Q1,FROTO.IS,FROTO,2026Q1,2026-03-31,INTERIM,INDUSTRIAL_OR_HOLDING,XUSIN.IS,UNKNOWN,CONSOLIDATED,,,2026-05-15,,[],,0,UNKNOWN,NONE,UNKNOWN,,UNKNOWN,UNKNOWN,UNKNOWN,SOURCE_ERROR,,,NOT_PROCESSED_RATE_LIMIT_STOP
FROTO.IS:2026Q2,FROTO.IS,FROTO,2026Q2,2026-06-30,INTERIM,INDUSTRIAL_OR_HOLDING,XUSIN.IS,UNKNOWN,CONSOLIDATED,,,2026-08-15,,[],,0,UNKNOWN,NONE,UNKNOWN,,UNKNOWN,UNKNOWN,UNKNOWN,SOURCE_ERROR,,,NOT_PROCESSED_RATE_LIMIT_STOP
GARAN.IS:2018Q1,GARAN.IS,GARAN,2018Q1,2018-03-31,INTERIM,BANK,XBANK.IS,UNKNOWN,NON_CONSOLIDATED,,,2018-05-15,,[],,0,UNKNOWN,NONE,UNKNOWN,,UNKNOWN,UNKNOWN,UNKNOWN,SOURCE_ERROR,,,NOT_PROCESSED_RATE_LIMIT_STOP
GARAN.IS:2018Q2,GARAN.IS,GARAN,2018Q2,2018-06-30,INTERIM,BANK,XBANK.IS,UNKNOWN,NON_CONSOLIDATED,,,2018-08-15,,[],,0,UNKNOWN,NONE,UNKNOWN,,UNKNOWN,UNKNOWN,UNKNOWN,SOURCE_ERROR,,,NOT_PROCESSED_RATE_LIMIT_STOP
GARAN.IS:2018Q3,GARAN.IS,GARAN,2018Q3,2018-09-30,INTERIM,BANK,XBANK.IS,UNKNOWN,NON_CONSOLIDATED,,,2018-11-15,,[],,0,UNKNOWN,NONE,UNKNOWN,,UNKNOWN,UNKNOWN,UNKNOWN,SOURCE_ERROR,,,NOT_PROCESSED_RATE_LIMIT_STOP
GARAN.IS:2018Q4,GARAN.IS,GARAN,2018Q4,2018-12-31,ANNUAL,BANK,XBANK.IS,UNKNOWN,NON_CONSOLIDATED,,,2019-03-15,,[],,0,UNKNOWN,NONE,UNKNOWN,,UNKNOWN,UNKNOWN,UNKNOWN,SOURCE_ERROR,,,NOT_PROCESSED_RATE_LIMIT_STOP
GARAN.IS:2019Q1,GARAN.IS,GARAN,2019Q1,2019-03-31,INTERIM,BANK,XBANK.IS,UNKNOWN,NON_CONSOLIDATED,,,2019-05-15,,[],,0,UNKNOWN,NONE,UNKNOWN,,UNKNOWN,UNKNOWN,UNKNOWN,SOURCE_ERROR,,,NOT_PROCESSED_RATE_LIMIT_STOP
GARAN.IS:2019Q2,GARAN.IS,GARAN,2019Q2,2019-06-30,INTERIM,BANK,XBANK.IS,UNKNOWN,NON_CONSOLIDATED,,,2019-08-15,,[],,0,UNKNOWN,NONE,UNKNOWN,,UNKNOWN,UNKNOWN,UNKNOWN,SOURCE_ERROR,,,NOT_PROCESSED_RATE_LIMIT_STOP
GARAN.IS:2019Q3,GARAN.IS,GARAN,2019Q3,2019-09-30,INTERIM,BANK,XBANK.IS,UNKNOWN,NON_CONSOLIDATED,,,2019-11-15,,[],,0,UNKNOWN,NONE,UNKNOWN,,UNKNOWN,UNKNOWN,UNKNOWN,SOURCE_ERROR,,,NOT_PROCESSED_RATE_LIMIT_STOP
GARAN.IS:2019Q4,GARAN.IS,GARAN,2019Q4,2019-12-31,ANNUAL,BANK,XBANK.IS,UNKNOWN,NON_CONSOLIDATED,,,2020-03-15,,[],,0,UNKNOWN,NONE,UNKNOWN,,UNKNOWN,UNKNOWN,UNKNOWN,SOURCE_ERROR,,,NOT_PROCESSED_RATE_LIMIT_STOP
GARAN.IS:2020Q1,GARAN.IS,GARAN,2020Q1,2020-03-31,INTERIM,BANK,XBANK.IS,UNKNOWN,NON_CONSOLIDATED,,,2020-05-15,,[],,0,UNKNOWN,NONE,UNKNOWN,,UNKNOWN,UNKNOWN,UNKNOWN,SOURCE_ERROR,,,NOT_PROCESSED_RATE_LIMIT_STOP
GARAN.IS:2020Q2,GARAN.IS,GARAN,2020Q2,2020-06-30,INTERIM,BANK,XBANK.IS,UNKNOWN,NON_CONSOLIDATED,,,2020-08-15,,[],,0,UNKNOWN,NONE,UNKNOWN,,UNKNOWN,UNKNOWN,UNKNOWN,SOURCE_ERROR,,,NOT_PROCESSED_RATE_LIMIT_STOP
GARAN.IS:2020Q3,GARAN.IS,GARAN,2020Q3,2020-09-30,INTERIM,BANK,XBANK.IS,UNKNOWN,NON_CONSOLIDATED,,,2020-11-15,,[],,0,UNKNOWN,NONE,UNKNOWN,,UNKNOWN,UNKNOWN,UNKNOWN,SOURCE_ERROR,,,NOT_PROCESSED_RATE_LIMIT_STOP
GARAN.IS:2020Q4,GARAN.IS,GARAN,2020Q4,2020-12-31,ANNUAL,BANK,XBANK.IS,UNKNOWN,NON_CONSOLIDATED,,,2021-03-15,,[],,0,UNKNOWN,NONE,UNKNOWN,,UNKNOWN,UNKNOWN,UNKNOWN,SOURCE_ERROR,,,NOT_PROCESSED_RATE_LIMIT_STOP
GARAN.IS:2021Q1,GARAN.IS,GARAN,2021Q1,2021-03-31,INTERIM,BANK,XBANK.IS,UNKNOWN,NON_CONSOLIDATED,,,2021-05-15,,[],,0,UNKNOWN,NONE,UNKNOWN,,UNKNOWN,UNKNOWN,UNKNOWN,SOURCE_ERROR,,,NOT_PROCESSED_RATE_LIMIT_STOP
GARAN.IS:2021Q2,GARAN.IS,GARAN,2021Q2,2021-06-30,INTERIM,BANK,XBANK.IS,UNKNOWN,NON_CONSOLIDATED,,,2021-08-15,,[],,0,UNKNOWN,NONE,UNKNOWN,,UNKNOWN,UNKNOWN,UNKNOWN,SOURCE_ERROR,,,NOT_PROCESSED_RATE_LIMIT_STOP
GARAN.IS:2021Q3,GARAN.IS,GARAN,2021Q3,2021-09-30,INTERIM,BANK,XBANK.IS,UNKNOWN,NON_CONSOLIDATED,,,2021-11-15,,[],,0,UNKNOWN,NONE,UNKNOWN,,UNKNOWN,UNKNOWN,UNKNOWN,SOURCE_ERROR,,,NOT_PROCESSED_RATE_LIMIT_STOP
GARAN.IS:2021Q4,GARAN.IS,GARAN,2021Q4,2021-12-31,ANNUAL,BANK,XBANK.IS,UNKNOWN,NON_CONSOLIDATED,,,2022-03-15,,[],,0,UNKNOWN,NONE,UNKNOWN,,UNKNOWN,UNKNOWN,UNKNOWN,SOURCE_ERROR,,,NOT_PROCESSED_RATE_LIMIT_STOP
GARAN.IS:2022Q1,GARAN.IS,GARAN,2022Q1,2022-03-31,INTERIM,BANK,XBANK.IS,UNKNOWN,NON_CONSOLIDATED,,,2022-05-15,,[],,0,UNKNOWN,NONE,UNKNOWN,,UNKNOWN,UNKNOWN,UNKNOWN,SOURCE_ERROR,,,NOT_PROCESSED_RATE_LIMIT_STOP
GARAN.IS:2022Q2,GARAN.IS,GARAN,2022Q2,2022-06-30,INTERIM,BANK,XBANK.IS,UNKNOWN,NON_CONSOLIDATED,,,2022-08-15,,[],,0,UNKNOWN,NONE,UNKNOWN,,UNKNOWN,UNKNOWN,UNKNOWN,SOURCE_ERROR,,,NOT_PROCESSED_RATE_LIMIT_STOP
GARAN.IS:2022Q3,GARAN.IS,GARAN,2022Q3,2022-09-30,INTERIM,BANK,XBANK.IS,UNKNOWN,NON_CONSOLIDATED,,,2022-11-15,,[],,0,UNKNOWN,NONE,UNKNOWN,,UNKNOWN,UNKNOWN,UNKNOWN,SOURCE_ERROR,,,NOT_PROCESSED_RATE_LIMIT_STOP
GARAN.IS:2022Q4,GARAN.IS,GARAN,2022Q4,2022-12-31,ANNUAL,BANK,XBANK.IS,UNKNOWN,NON_CONSOLIDATED,,,2023-03-15,,[],,0,UNKNOWN,NONE,UNKNOWN,,UNKNOWN,UNKNOWN,UNKNOWN,SOURCE_ERROR,,,NOT_PROCESSED_RATE_LIMIT_STOP
GARAN.IS:2023Q1,GARAN.IS,GARAN,2023Q1,2023-03-31,INTERIM,BANK,XBANK.IS,UNKNOWN,NON_CONSOLIDATED,,,2023-05-15,,[],,0,UNKNOWN,NONE,UNKNOWN,,UNKNOWN,UNKNOWN,UNKNOWN,SOURCE_ERROR,,,NOT_PROCESSED_RATE_LIMIT_STOP
GARAN.IS:2023Q2,GARAN.IS,GARAN,2023Q2,2023-06-30,INTERIM,BANK,XBANK.IS,UNKNOWN,NON_CONSOLIDATED,,,2023-08-15,,[],,0,UNKNOWN,NONE,UNKNOWN,,UNKNOWN,UNKNOWN,UNKNOWN,SOURCE_ERROR,,,NOT_PROCESSED_RATE_LIMIT_STOP
GARAN.IS:2023Q3,GARAN.IS,GARAN,2023Q3,2023-09-30,INTERIM,BANK,XBANK.IS,UNKNOWN,NON_CONSOLIDATED,,,2023-11-15,,[],,0,UNKNOWN,NONE,UNKNOWN,,UNKNOWN,UNKNOWN,UNKNOWN,SOURCE_ERROR,,,NOT_PROCESSED_RATE_LIMIT_STOP
GARAN.IS:2023Q4,GARAN.IS,GARAN,2023Q4,2023-12-31,ANNUAL,BANK,XBANK.IS,UNKNOWN,NON_CONSOLIDATED,,,2024-03-15,,[],,0,UNKNOWN,NONE,UNKNOWN,,UNKNOWN,UNKNOWN,UNKNOWN,SOURCE_ERROR,,,NOT_PROCESSED_RATE_LIMIT_STOP
GARAN.IS:2024Q1,GARAN.IS,GARAN,2024Q1,2024-03-31,INTERIM,BANK,XBANK.IS,UNKNOWN,NON_CONSOLIDATED,,,2024-05-15,,[],,0,UNKNOWN,NONE,UNKNOWN,,UNKNOWN,UNKNOWN,UNKNOWN,SOURCE_ERROR,,,NOT_PROCESSED_RATE_LIMIT_STOP
GARAN.IS:2024Q2,GARAN.IS,GARAN,2024Q2,2024-06-30,INTERIM,BANK,XBANK.IS,UNKNOWN,NON_CONSOLIDATED,,,2024-08-15,,[],,0,UNKNOWN,NONE,UNKNOWN,,UNKNOWN,UNKNOWN,UNKNOWN,SOURCE_ERROR,,,NOT_PROCESSED_RATE_LIMIT_STOP
GARAN.IS:2024Q3,GARAN.IS,GARAN,2024Q3,2024-09-30,INTERIM,BANK,XBANK.IS,UNKNOWN,NON_CONSOLIDATED,,,2024-11-15,,[],,0,UNKNOWN,NONE,UNKNOWN,,UNKNOWN,UNKNOWN,UNKNOWN,SOURCE_ERROR,,,NOT_PROCESSED_RATE_LIMIT_STOP
GARAN.IS:2024Q4,GARAN.IS,GARAN,2024Q4,2024-12-31,ANNUAL,BANK,XBANK.IS,UNKNOWN,NON_CONSOLIDATED,,,2025-03-15,,[],,0,UNKNOWN,NONE,UNKNOWN,,UNKNOWN,UNKNOWN,UNKNOWN,SOURCE_ERROR,,,NOT_PROCESSED_RATE_LIMIT_STOP
GARAN.IS:2025Q1,GARAN.IS,GARAN,2025Q1,2025-03-31,INTERIM,BANK,XBANK.IS,UNKNOWN,NON_CONSOLIDATED,,,2025-05-15,,[],,0,UNKNOWN,NONE,UNKNOWN,,UNKNOWN,UNKNOWN,UNKNOWN,SOURCE_ERROR,,,NOT_PROCESSED_RATE_LIMIT_STOP
GARAN.IS:2025Q2,GARAN.IS,GARAN,2025Q2,2025-06-30,INTERIM,BANK,XBANK.IS,UNKNOWN,NON_CONSOLIDATED,,,2025-08-15,,[],,0,UNKNOWN,NONE,UNKNOWN,,UNKNOWN,UNKNOWN,UNKNOWN,SOURCE_ERROR,,,NOT_PROCESSED_RATE_LIMIT_STOP
GARAN.IS:2025Q3,GARAN.IS,GARAN,2025Q3,2025-09-30,INTERIM,BANK,XBANK.IS,UNKNOWN,NON_CONSOLIDATED,,,2025-11-15,,[],,0,UNKNOWN,NONE,UNKNOWN,,UNKNOWN,UNKNOWN,UNKNOWN,SOURCE_ERROR,,,NOT_PROCESSED_RATE_LIMIT_STOP
GARAN.IS:2025Q4,GARAN.IS,GARAN,2025Q4,2025-12-31,ANNUAL,BANK,XBANK.IS,UNKNOWN,NON_CONSOLIDATED,,,2026-03-15,,[],,0,UNKNOWN,NONE,UNKNOWN,,UNKNOWN,UNKNOWN,UNKNOWN,SOURCE_ERROR,,,NOT_PROCESSED_RATE_LIMIT_STOP
GARAN.IS:2026Q1,GARAN.IS,GARAN,2026Q1,2026-03-31,INTERIM,BANK,XBANK.IS,UNKNOWN,NON_CONSOLIDATED,,,2026-05-15,,[],,0,UNKNOWN,NONE,UNKNOWN,,UNKNOWN,UNKNOWN,UNKNOWN,SOURCE_ERROR,,,NOT_PROCESSED_RATE_LIMIT_STOP
GARAN.IS:2026Q2,GARAN.IS,GARAN,2026Q2,2026-06-30,INTERIM,BANK,XBANK.IS,UNKNOWN,NON_CONSOLIDATED,,,2026-08-15,,[],,0,UNKNOWN,NONE,UNKNOWN,,UNKNOWN,UNKNOWN,UNKNOWN,SOURCE_ERROR,,,NOT_PROCESSED_RATE_LIMIT_STOP
GENTS.IS:2018Q1,GENTS.IS,GENTS,2018Q1,2018-03-31,INTERIM,INDUSTRIAL_OR_HOLDING,XUSIN.IS,UNKNOWN,CONSOLIDATED,,,2018-05-15,,[],,0,UNKNOWN,NONE,UNKNOWN,,UNKNOWN,UNKNOWN,UNKNOWN,SOURCE_ERROR,,,NOT_PROCESSED_RATE_LIMIT_STOP
GENTS.IS:2018Q2,GENTS.IS,GENTS,2018Q2,2018-06-30,INTERIM,INDUSTRIAL_OR_HOLDING,XUSIN.IS,UNKNOWN,CONSOLIDATED,,,2018-08-15,,[],,0,UNKNOWN,NONE,UNKNOWN,,UNKNOWN,UNKNOWN,UNKNOWN,SOURCE_ERROR,,,NOT_PROCESSED_RATE_LIMIT_STOP
GENTS.IS:2018Q3,GENTS.IS,GENTS,2018Q3,2018-09-30,INTERIM,INDUSTRIAL_OR_HOLDING,XUSIN.IS,UNKNOWN,CONSOLIDATED,,,2018-11-15,,[],,0,UNKNOWN,NONE,UNKNOWN,,UNKNOWN,UNKNOWN,UNKNOWN,SOURCE_ERROR,,,NOT_PROCESSED_RATE_LIMIT_STOP
GENTS.IS:2018Q4,GENTS.IS,GENTS,2018Q4,2018-12-31,ANNUAL,INDUSTRIAL_OR_HOLDING,XUSIN.IS,UNKNOWN,CONSOLIDATED,,,2019-03-15,,[],,0,UNKNOWN,NONE,UNKNOWN,,UNKNOWN,UNKNOWN,UNKNOWN,SOURCE_ERROR,,,NOT_PROCESSED_RATE_LIMIT_STOP
GENTS.IS:2019Q1,GENTS.IS,GENTS,2019Q1,2019-03-31,INTERIM,INDUSTRIAL_OR_HOLDING,XUSIN.IS,UNKNOWN,CONSOLIDATED,,,2019-05-15,,[],,0,UNKNOWN,NONE,UNKNOWN,,UNKNOWN,UNKNOWN,UNKNOWN,SOURCE_ERROR,,,NOT_PROCESSED_RATE_LIMIT_STOP
GENTS.IS:2019Q2,GENTS.IS,GENTS,2019Q2,2019-06-30,INTERIM,INDUSTRIAL_OR_HOLDING,XUSIN.IS,UNKNOWN,CONSOLIDATED,,,2019-08-15,,[],,0,UNKNOWN,NONE,UNKNOWN,,UNKNOWN,UNKNOWN,UNKNOWN,SOURCE_ERROR,,,NOT_PROCESSED_RATE_LIMIT_STOP
GENTS.IS:2019Q3,GENTS.IS,GENTS,2019Q3,2019-09-30,INTERIM,INDUSTRIAL_OR_HOLDING,XUSIN.IS,UNKNOWN,CONSOLIDATED,,,2019-11-15,,[],,0,UNKNOWN,NONE,UNKNOWN,,UNKNOWN,UNKNOWN,UNKNOWN,SOURCE_ERROR,,,NOT_PROCESSED_RATE_LIMIT_STOP
GENTS.IS:2019Q4,GENTS.IS,GENTS,2019Q4,2019-12-31,ANNUAL,INDUSTRIAL_OR_HOLDING,XUSIN.IS,UNKNOWN,CONSOLIDATED,,,2020-03-15,,[],,0,UNKNOWN,NONE,UNKNOWN,,UNKNOWN,UNKNOWN,UNKNOWN,SOURCE_ERROR,,,NOT_PROCESSED_RATE_LIMIT_STOP
GENTS.IS:2020Q1,GENTS.IS,GENTS,2020Q1,2020-03-31,INTERIM,INDUSTRIAL_OR_HOLDING,XUSIN.IS,UNKNOWN,CONSOLIDATED,,,2020-05-15,,[],,0,UNKNOWN,NONE,UNKNOWN,,UNKNOWN,UNKNOWN,UNKNOWN,SOURCE_ERROR,,,NOT_PROCESSED_RATE_LIMIT_STOP
GENTS.IS:2020Q2,GENTS.IS,GENTS,2020Q2,2020-06-30,INTERIM,INDUSTRIAL_OR_HOLDING,XUSIN.IS,UNKNOWN,CONSOLIDATED,,,2020-08-15,,[],,0,UNKNOWN,NONE,UNKNOWN,,UNKNOWN,UNKNOWN,UNKNOWN,SOURCE_ERROR,,,NOT_PROCESSED_RATE_LIMIT_STOP
GENTS.IS:2020Q3,GENTS.IS,GENTS,2020Q3,2020-09-30,INTERIM,INDUSTRIAL_OR_HOLDING,XUSIN.IS,UNKNOWN,CONSOLIDATED,,,2020-11-15,,[],,0,UNKNOWN,NONE,UNKNOWN,,UNKNOWN,UNKNOWN,UNKNOWN,SOURCE_ERROR,,,NOT_PROCESSED_RATE_LIMIT_STOP
GENTS.IS:2020Q4,GENTS.IS,GENTS,2020Q4,2020-12-31,ANNUAL,INDUSTRIAL_OR_HOLDING,XUSIN.IS,UNKNOWN,CONSOLIDATED,,,2021-03-15,,[],,0,UNKNOWN,NONE,UNKNOWN,,UNKNOWN,UNKNOWN,UNKNOWN,SOURCE_ERROR,,,NOT_PROCESSED_RATE_LIMIT_STOP
GENTS.IS:2021Q1,GENTS.IS,GENTS,2021Q1,2021-03-31,INTERIM,INDUSTRIAL_OR_HOLDING,XUSIN.IS,UNKNOWN,CONSOLIDATED,,,2021-05-15,,[],,0,UNKNOWN,NONE,UNKNOWN,,UNKNOWN,UNKNOWN,UNKNOWN,SOURCE_ERROR,,,NOT_PROCESSED_RATE_LIMIT_STOP
GENTS.IS:2021Q2,GENTS.IS,GENTS,2021Q2,2021-06-30,INTERIM,INDUSTRIAL_OR_HOLDING,XUSIN.IS,UNKNOWN,CONSOLIDATED,,,2021-08-15,,[],,0,UNKNOWN,NONE,UNKNOWN,,UNKNOWN,UNKNOWN,UNKNOWN,SOURCE_ERROR,,,NOT_PROCESSED_RATE_LIMIT_STOP
GENTS.IS:2021Q3,GENTS.IS,GENTS,2021Q3,2021-09-30,INTERIM,INDUSTRIAL_OR_HOLDING,XUSIN.IS,UNKNOWN,CONSOLIDATED,,,2021-11-15,,[],,0,UNKNOWN,NONE,UNKNOWN,,UNKNOWN,UNKNOWN,UNKNOWN,SOURCE_ERROR,,,NOT_PROCESSED_RATE_LIMIT_STOP
GENTS.IS:2021Q4,GENTS.IS,GENTS,2021Q4,2021-12-31,ANNUAL,INDUSTRIAL_OR_HOLDING,XUSIN.IS,UNKNOWN,CONSOLIDATED,,,2022-03-15,,[],,0,UNKNOWN,NONE,UNKNOWN,,UNKNOWN,UNKNOWN,UNKNOWN,SOURCE_ERROR,,,NOT_PROCESSED_RATE_LIMIT_STOP
GENTS.IS:2022Q1,GENTS.IS,GENTS,2022Q1,2022-03-31,INTERIM,INDUSTRIAL_OR_HOLDING,XUSIN.IS,UNKNOWN,CONSOLIDATED,,,2022-05-15,,[],,0,UNKNOWN,NONE,UNKNOWN,,UNKNOWN,UNKNOWN,UNKNOWN,SOURCE_ERROR,,,NOT_PROCESSED_RATE_LIMIT_STOP
GENTS.IS:2022Q2,GENTS.IS,GENTS,2022Q2,2022-06-30,INTERIM,INDUSTRIAL_OR_HOLDING,XUSIN.IS,UNKNOWN,CONSOLIDATED,,,2022-08-15,,[],,0,UNKNOWN,NONE,UNKNOWN,,UNKNOWN,UNKNOWN,UNKNOWN,SOURCE_ERROR,,,NOT_PROCESSED_RATE_LIMIT_STOP
GENTS.IS:2022Q3,GENTS.IS,GENTS,2022Q3,2022-09-30,INTERIM,INDUSTRIAL_OR_HOLDING,XUSIN.IS,UNKNOWN,CONSOLIDATED,,,2022-11-15,,[],,0,UNKNOWN,NONE,UNKNOWN,,UNKNOWN,UNKNOWN,UNKNOWN,SOURCE_ERROR,,,NOT_PROCESSED_RATE_LIMIT_STOP
GENTS.IS:2022Q4,GENTS.IS,GENTS,2022Q4,2022-12-31,ANNUAL,INDUSTRIAL_OR_HOLDING,XUSIN.IS,UNKNOWN,CONSOLIDATED,,,2023-03-15,,[],,0,UNKNOWN,NONE,UNKNOWN,,UNKNOWN,UNKNOWN,UNKNOWN,SOURCE_ERROR,,,NOT_PROCESSED_RATE_LIMIT_STOP
GENTS.IS:2023Q1,GENTS.IS,GENTS,2023Q1,2023-03-31,INTERIM,INDUSTRIAL_OR_HOLDING,XUSIN.IS,UNKNOWN,CONSOLIDATED,,,2023-05-15,,[],,0,UNKNOWN,NONE,UNKNOWN,,UNKNOWN,UNKNOWN,UNKNOWN,SOURCE_ERROR,,,NOT_PROCESSED_RATE_LIMIT_STOP
GENTS.IS:2023Q2,GENTS.IS,GENTS,2023Q2,2023-06-30,INTERIM,INDUSTRIAL_OR_HOLDING,XUSIN.IS,UNKNOWN,CONSOLIDATED,,,2023-08-15,,[],,0,UNKNOWN,NONE,UNKNOWN,,UNKNOWN,UNKNOWN,UNKNOWN,SOURCE_ERROR,,,NOT_PROCESSED_RATE_LIMIT_STOP
GENTS.IS:2023Q3,GENTS.IS,GENTS,2023Q3,2023-09-30,INTERIM,INDUSTRIAL_OR_HOLDING,XUSIN.IS,UNKNOWN,CONSOLIDATED,,,2023-11-15,,[],,0,UNKNOWN,NONE,UNKNOWN,,UNKNOWN,UNKNOWN,UNKNOWN,SOURCE_ERROR,,,NOT_PROCESSED_RATE_LIMIT_STOP
GENTS.IS:2023Q4,GENTS.IS,GENTS,2023Q4,2023-12-31,ANNUAL,INDUSTRIAL_OR_HOLDING,XUSIN.IS,UNKNOWN,CONSOLIDATED,,,2024-03-15,,[],,0,UNKNOWN,NONE,UNKNOWN,,UNKNOWN,UNKNOWN,UNKNOWN,SOURCE_ERROR,,,NOT_PROCESSED_RATE_LIMIT_STOP
GENTS.IS:2024Q1,GENTS.IS,GENTS,2024Q1,2024-03-31,INTERIM,INDUSTRIAL_OR_HOLDING,XUSIN.IS,UNKNOWN,CONSOLIDATED,,,2024-05-15,,[],,0,UNKNOWN,NONE,UNKNOWN,,UNKNOWN,UNKNOWN,UNKNOWN,SOURCE_ERROR,,,NOT_PROCESSED_RATE_LIMIT_STOP
GENTS.IS:2024Q2,GENTS.IS,GENTS,2024Q2,2024-06-30,INTERIM,INDUSTRIAL_OR_HOLDING,XUSIN.IS,UNKNOWN,CONSOLIDATED,,,2024-08-15,,[],,0,UNKNOWN,NONE,UNKNOWN,,UNKNOWN,UNKNOWN,UNKNOWN,SOURCE_ERROR,,,NOT_PROCESSED_RATE_LIMIT_STOP
GENTS.IS:2024Q3,GENTS.IS,GENTS,2024Q3,2024-09-30,INTERIM,INDUSTRIAL_OR_HOLDING,XUSIN.IS,UNKNOWN,CONSOLIDATED,,,2024-11-15,,[],,0,UNKNOWN,NONE,UNKNOWN,,UNKNOWN,UNKNOWN,UNKNOWN,SOURCE_ERROR,,,NOT_PROCESSED_RATE_LIMIT_STOP
GENTS.IS:2024Q4,GENTS.IS,GENTS,2024Q4,2024-12-31,ANNUAL,INDUSTRIAL_OR_HOLDING,XUSIN.IS,UNKNOWN,CONSOLIDATED,,,2025-03-15,,[],,0,UNKNOWN,NONE,UNKNOWN,,UNKNOWN,UNKNOWN,UNKNOWN,SOURCE_ERROR,,,NOT_PROCESSED_RATE_LIMIT_STOP
GENTS.IS:2025Q1,GENTS.IS,GENTS,2025Q1,2025-03-31,INTERIM,INDUSTRIAL_OR_HOLDING,XUSIN.IS,UNKNOWN,CONSOLIDATED,,,2025-05-15,,[],,0,UNKNOWN,NONE,UNKNOWN,,UNKNOWN,UNKNOWN,UNKNOWN,SOURCE_ERROR,,,NOT_PROCESSED_RATE_LIMIT_STOP
GENTS.IS:2025Q2,GENTS.IS,GENTS,2025Q2,2025-06-30,INTERIM,INDUSTRIAL_OR_HOLDING,XUSIN.IS,UNKNOWN,CONSOLIDATED,,,2025-08-15,,[],,0,UNKNOWN,NONE,UNKNOWN,,UNKNOWN,UNKNOWN,UNKNOWN,SOURCE_ERROR,,,NOT_PROCESSED_RATE_LIMIT_STOP
GENTS.IS:2025Q3,GENTS.IS,GENTS,2025Q3,2025-09-30,INTERIM,INDUSTRIAL_OR_HOLDING,XUSIN.IS,UNKNOWN,CONSOLIDATED,,,2025-11-15,,[],,0,UNKNOWN,NONE,UNKNOWN,,UNKNOWN,UNKNOWN,UNKNOWN,SOURCE_ERROR,,,NOT_PROCESSED_RATE_LIMIT_STOP
GENTS.IS:2025Q4,GENTS.IS,GENTS,2025Q4,2025-12-31,ANNUAL,INDUSTRIAL_OR_HOLDING,XUSIN.IS,UNKNOWN,CONSOLIDATED,,,2026-03-15,,[],,0,UNKNOWN,NONE,UNKNOWN,,UNKNOWN,UNKNOWN,UNKNOWN,SOURCE_ERROR,,,NOT_PROCESSED_RATE_LIMIT_STOP
GENTS.IS:2026Q1,GENTS.IS,GENTS,2026Q1,2026-03-31,INTERIM,INDUSTRIAL_OR_HOLDING,XUSIN.IS,UNKNOWN,CONSOLIDATED,,,2026-05-15,,[],,0,UNKNOWN,NONE,UNKNOWN,,UNKNOWN,UNKNOWN,UNKNOWN,SOURCE_ERROR,,,NOT_PROCESSED_RATE_LIMIT_STOP
GENTS.IS:2026Q2,GENTS.IS,GENTS,2026Q2,2026-06-30,INTERIM,INDUSTRIAL_OR_HOLDING,XUSIN.IS,UNKNOWN,CONSOLIDATED,,,2026-08-15,,[],,0,UNKNOWN,NONE,UNKNOWN,,UNKNOWN,UNKNOWN,UNKNOWN,SOURCE_ERROR,,,NOT_PROCESSED_RATE_LIMIT_STOP
GESAN.IS:2018Q4,GESAN.IS,GESAN,2018Q4,2018-12-31,ANNUAL,INDUSTRIAL_OR_HOLDING,XUSIN.IS,UNKNOWN,CONSOLIDATED,,,2019-03-15,,[],,0,UNKNOWN,NONE,UNKNOWN,,UNKNOWN,UNKNOWN,UNKNOWN,SOURCE_ERROR,,,NOT_PROCESSED_RATE_LIMIT_STOP
GESAN.IS:2019Q4,GESAN.IS,GESAN,2019Q4,2019-12-31,ANNUAL,INDUSTRIAL_OR_HOLDING,XUSIN.IS,UNKNOWN,CONSOLIDATED,,,2020-03-15,,[],,0,UNKNOWN,NONE,UNKNOWN,,UNKNOWN,UNKNOWN,UNKNOWN,SOURCE_ERROR,,,NOT_PROCESSED_RATE_LIMIT_STOP
GESAN.IS:2020Q1,GESAN.IS,GESAN,2020Q1,2020-03-31,INTERIM,INDUSTRIAL_OR_HOLDING,XUSIN.IS,UNKNOWN,CONSOLIDATED,,,2020-05-15,,[],,0,UNKNOWN,NONE,UNKNOWN,,UNKNOWN,UNKNOWN,UNKNOWN,SOURCE_ERROR,,,NOT_PROCESSED_RATE_LIMIT_STOP
GESAN.IS:2020Q2,GESAN.IS,GESAN,2020Q2,2020-06-30,INTERIM,INDUSTRIAL_OR_HOLDING,XUSIN.IS,UNKNOWN,CONSOLIDATED,,,2020-08-15,,[],,0,UNKNOWN,NONE,UNKNOWN,,UNKNOWN,UNKNOWN,UNKNOWN,SOURCE_ERROR,,,NOT_PROCESSED_RATE_LIMIT_STOP
GESAN.IS:2020Q3,GESAN.IS,GESAN,2020Q3,2020-09-30,INTERIM,INDUSTRIAL_OR_HOLDING,XUSIN.IS,UNKNOWN,CONSOLIDATED,,,2020-11-15,,[],,0,UNKNOWN,NONE,UNKNOWN,,UNKNOWN,UNKNOWN,UNKNOWN,SOURCE_ERROR,,,NOT_PROCESSED_RATE_LIMIT_STOP
GESAN.IS:2020Q4,GESAN.IS,GESAN,2020Q4,2020-12-31,ANNUAL,INDUSTRIAL_OR_HOLDING,XUSIN.IS,UNKNOWN,CONSOLIDATED,,,2021-03-15,,[],,0,UNKNOWN,NONE,UNKNOWN,,UNKNOWN,UNKNOWN,UNKNOWN,SOURCE_ERROR,,,NOT_PROCESSED_RATE_LIMIT_STOP
GESAN.IS:2021Q1,GESAN.IS,GESAN,2021Q1,2021-03-31,INTERIM,INDUSTRIAL_OR_HOLDING,XUSIN.IS,UNKNOWN,CONSOLIDATED,,,2021-05-15,,[],,0,UNKNOWN,NONE,UNKNOWN,,UNKNOWN,UNKNOWN,UNKNOWN,SOURCE_ERROR,,,NOT_PROCESSED_RATE_LIMIT_STOP
GESAN.IS:2021Q2,GESAN.IS,GESAN,2021Q2,2021-06-30,INTERIM,INDUSTRIAL_OR_HOLDING,XUSIN.IS,UNKNOWN,CONSOLIDATED,,,2021-08-15,,[],,0,UNKNOWN,NONE,UNKNOWN,,UNKNOWN,UNKNOWN,UNKNOWN,SOURCE_ERROR,,,NOT_PROCESSED_RATE_LIMIT_STOP
GESAN.IS:2021Q3,GESAN.IS,GESAN,2021Q3,2021-09-30,INTERIM,INDUSTRIAL_OR_HOLDING,XUSIN.IS,UNKNOWN,CONSOLIDATED,,,2021-11-15,,[],,0,UNKNOWN,NONE,UNKNOWN,,UNKNOWN,UNKNOWN,UNKNOWN,SOURCE_ERROR,,,NOT_PROCESSED_RATE_LIMIT_STOP
GESAN.IS:2021Q4,GESAN.IS,GESAN,2021Q4,2021-12-31,ANNUAL,INDUSTRIAL_OR_HOLDING,XUSIN.IS,UNKNOWN,CONSOLIDATED,,,2022-03-15,,[],,0,UNKNOWN,NONE,UNKNOWN,,UNKNOWN,UNKNOWN,UNKNOWN,SOURCE_ERROR,,,NOT_PROCESSED_RATE_LIMIT_STOP
GESAN.IS:2022Q1,GESAN.IS,GESAN,2022Q1,2022-03-31,INTERIM,INDUSTRIAL_OR_HOLDING,XUSIN.IS,UNKNOWN,CONSOLIDATED,,,2022-05-15,,[],,0,UNKNOWN,NONE,UNKNOWN,,UNKNOWN,UNKNOWN,UNKNOWN,SOURCE_ERROR,,,NOT_PROCESSED_RATE_LIMIT_STOP
GESAN.IS:2022Q2,GESAN.IS,GESAN,2022Q2,2022-06-30,INTERIM,INDUSTRIAL_OR_HOLDING,XUSIN.IS,UNKNOWN,CONSOLIDATED,,,2022-08-15,,[],,0,UNKNOWN,NONE,UNKNOWN,,UNKNOWN,UNKNOWN,UNKNOWN,SOURCE_ERROR,,,NOT_PROCESSED_RATE_LIMIT_STOP
GESAN.IS:2022Q3,GESAN.IS,GESAN,2022Q3,2022-09-30,INTERIM,INDUSTRIAL_OR_HOLDING,XUSIN.IS,UNKNOWN,CONSOLIDATED,,,2022-11-15,,[],,0,UNKNOWN,NONE,UNKNOWN,,UNKNOWN,UNKNOWN,UNKNOWN,SOURCE_ERROR,,,NOT_PROCESSED_RATE_LIMIT_STOP
GESAN.IS:2022Q4,GESAN.IS,GESAN,2022Q4,2022-12-31,ANNUAL,INDUSTRIAL_OR_HOLDING,XUSIN.IS,UNKNOWN,CONSOLIDATED,,,2023-03-15,,[],,0,UNKNOWN,NONE,UNKNOWN,,UNKNOWN,UNKNOWN,UNKNOWN,SOURCE_ERROR,,,NOT_PROCESSED_RATE_LIMIT_STOP
GESAN.IS:2023Q1,GESAN.IS,GESAN,2023Q1,2023-03-31,INTERIM,INDUSTRIAL_OR_HOLDING,XUSIN.IS,UNKNOWN,CONSOLIDATED,,,2023-05-15,,[],,0,UNKNOWN,NONE,UNKNOWN,,UNKNOWN,UNKNOWN,UNKNOWN,SOURCE_ERROR,,,NOT_PROCESSED_RATE_LIMIT_STOP
GESAN.IS:2023Q2,GESAN.IS,GESAN,2023Q2,2023-06-30,INTERIM,INDUSTRIAL_OR_HOLDING,XUSIN.IS,UNKNOWN,CONSOLIDATED,,,2023-08-15,,[],,0,UNKNOWN,NONE,UNKNOWN,,UNKNOWN,UNKNOWN,UNKNOWN,SOURCE_ERROR,,,NOT_PROCESSED_RATE_LIMIT_STOP
GESAN.IS:2023Q3,GESAN.IS,GESAN,2023Q3,2023-09-30,INTERIM,INDUSTRIAL_OR_HOLDING,XUSIN.IS,UNKNOWN,CONSOLIDATED,,,2023-11-15,,[],,0,UNKNOWN,NONE,UNKNOWN,,UNKNOWN,UNKNOWN,UNKNOWN,SOURCE_ERROR,,,NOT_PROCESSED_RATE_LIMIT_STOP
GESAN.IS:2023Q4,GESAN.IS,GESAN,2023Q4,2023-12-31,ANNUAL,INDUSTRIAL_OR_HOLDING,XUSIN.IS,UNKNOWN,CONSOLIDATED,,,2024-03-15,,[],,0,UNKNOWN,NONE,UNKNOWN,,UNKNOWN,UNKNOWN,UNKNOWN,SOURCE_ERROR,,,NOT_PROCESSED_RATE_LIMIT_STOP
GESAN.IS:2024Q1,GESAN.IS,GESAN,2024Q1,2024-03-31,INTERIM,INDUSTRIAL_OR_HOLDING,XUSIN.IS,UNKNOWN,CONSOLIDATED,,,2024-05-15,,[],,0,UNKNOWN,NONE,UNKNOWN,,UNKNOWN,UNKNOWN,UNKNOWN,SOURCE_ERROR,,,NOT_PROCESSED_RATE_LIMIT_STOP
GESAN.IS:2024Q2,GESAN.IS,GESAN,2024Q2,2024-06-30,INTERIM,INDUSTRIAL_OR_HOLDING,XUSIN.IS,UNKNOWN,CONSOLIDATED,,,2024-08-15,,[],,0,UNKNOWN,NONE,UNKNOWN,,UNKNOWN,UNKNOWN,UNKNOWN,SOURCE_ERROR,,,NOT_PROCESSED_RATE_LIMIT_STOP
GESAN.IS:2024Q3,GESAN.IS,GESAN,2024Q3,2024-09-30,INTERIM,INDUSTRIAL_OR_HOLDING,XUSIN.IS,UNKNOWN,CONSOLIDATED,,,2024-11-15,,[],,0,UNKNOWN,NONE,UNKNOWN,,UNKNOWN,UNKNOWN,UNKNOWN,SOURCE_ERROR,,,NOT_PROCESSED_RATE_LIMIT_STOP
GESAN.IS:2024Q4,GESAN.IS,GESAN,2024Q4,2024-12-31,ANNUAL,INDUSTRIAL_OR_HOLDING,XUSIN.IS,UNKNOWN,CONSOLIDATED,,,2025-03-15,,[],,0,UNKNOWN,NONE,UNKNOWN,,UNKNOWN,UNKNOWN,UNKNOWN,SOURCE_ERROR,,,NOT_PROCESSED_RATE_LIMIT_STOP
GESAN.IS:2025Q1,GESAN.IS,GESAN,2025Q1,2025-03-31,INTERIM,INDUSTRIAL_OR_HOLDING,XUSIN.IS,UNKNOWN,CONSOLIDATED,,,2025-05-15,,[],,0,UNKNOWN,NONE,UNKNOWN,,UNKNOWN,UNKNOWN,UNKNOWN,SOURCE_ERROR,,,NOT_PROCESSED_RATE_LIMIT_STOP
GESAN.IS:2025Q2,GESAN.IS,GESAN,2025Q2,2025-06-30,INTERIM,INDUSTRIAL_OR_HOLDING,XUSIN.IS,UNKNOWN,CONSOLIDATED,,,2025-08-15,,[],,0,UNKNOWN,NONE,UNKNOWN,,UNKNOWN,UNKNOWN,UNKNOWN,SOURCE_ERROR,,,NOT_PROCESSED_RATE_LIMIT_STOP
GESAN.IS:2025Q3,GESAN.IS,GESAN,2025Q3,2025-09-30,INTERIM,INDUSTRIAL_OR_HOLDING,XUSIN.IS,UNKNOWN,CONSOLIDATED,,,2025-11-15,,[],,0,UNKNOWN,NONE,UNKNOWN,,UNKNOWN,UNKNOWN,UNKNOWN,SOURCE_ERROR,,,NOT_PROCESSED_RATE_LIMIT_STOP
GESAN.IS:2025Q4,GESAN.IS,GESAN,2025Q4,2025-12-31,ANNUAL,INDUSTRIAL_OR_HOLDING,XUSIN.IS,UNKNOWN,CONSOLIDATED,,,2026-03-15,,[],,0,UNKNOWN,NONE,UNKNOWN,,UNKNOWN,UNKNOWN,UNKNOWN,SOURCE_ERROR,,,NOT_PROCESSED_RATE_LIMIT_STOP
GESAN.IS:2026Q1,GESAN.IS,GESAN,2026Q1,2026-03-31,INTERIM,INDUSTRIAL_OR_HOLDING,XUSIN.IS,UNKNOWN,CONSOLIDATED,,,2026-05-15,,[],,0,UNKNOWN,NONE,UNKNOWN,,UNKNOWN,UNKNOWN,UNKNOWN,SOURCE_ERROR,,,NOT_PROCESSED_RATE_LIMIT_STOP
GESAN.IS:2026Q2,GESAN.IS,GESAN,2026Q2,2026-06-30,INTERIM,INDUSTRIAL_OR_HOLDING,XUSIN.IS,UNKNOWN,CONSOLIDATED,,,2026-08-15,,[],,0,UNKNOWN,NONE,UNKNOWN,,UNKNOWN,UNKNOWN,UNKNOWN,SOURCE_ERROR,,,NOT_PROCESSED_RATE_LIMIT_STOP
GOKNR.IS:2019Q4,GOKNR.IS,GOKNR,2019Q4,2019-12-31,ANNUAL,INDUSTRIAL_OR_HOLDING,XUSIN.IS,UNKNOWN,CONSOLIDATED,,,2020-03-15,,[],,0,UNKNOWN,NONE,UNKNOWN,,UNKNOWN,UNKNOWN,UNKNOWN,SOURCE_ERROR,,,NOT_PROCESSED_RATE_LIMIT_STOP
GOKNR.IS:2020Q4,GOKNR.IS,GOKNR,2020Q4,2020-12-31,ANNUAL,INDUSTRIAL_OR_HOLDING,XUSIN.IS,UNKNOWN,CONSOLIDATED,,,2021-03-15,,[],,0,UNKNOWN,NONE,UNKNOWN,,UNKNOWN,UNKNOWN,UNKNOWN,SOURCE_ERROR,,,NOT_PROCESSED_RATE_LIMIT_STOP
GOKNR.IS:2021Q3,GOKNR.IS,GOKNR,2021Q3,2021-09-30,INTERIM,INDUSTRIAL_OR_HOLDING,XUSIN.IS,UNKNOWN,CONSOLIDATED,,,2021-11-15,,[],,0,UNKNOWN,NONE,UNKNOWN,,UNKNOWN,UNKNOWN,UNKNOWN,SOURCE_ERROR,,,NOT_PROCESSED_RATE_LIMIT_STOP
GOKNR.IS:2021Q4,GOKNR.IS,GOKNR,2021Q4,2021-12-31,ANNUAL,INDUSTRIAL_OR_HOLDING,XUSIN.IS,UNKNOWN,CONSOLIDATED,,,2022-03-15,,[],,0,UNKNOWN,NONE,UNKNOWN,,UNKNOWN,UNKNOWN,UNKNOWN,SOURCE_ERROR,,,NOT_PROCESSED_RATE_LIMIT_STOP
GOKNR.IS:2022Q1,GOKNR.IS,GOKNR,2022Q1,2022-03-31,INTERIM,INDUSTRIAL_OR_HOLDING,XUSIN.IS,UNKNOWN,CONSOLIDATED,,,2022-05-15,,[],,0,UNKNOWN,NONE,UNKNOWN,,UNKNOWN,UNKNOWN,UNKNOWN,SOURCE_ERROR,,,NOT_PROCESSED_RATE_LIMIT_STOP
GOKNR.IS:2022Q2,GOKNR.IS,GOKNR,2022Q2,2022-06-30,INTERIM,INDUSTRIAL_OR_HOLDING,XUSIN.IS,UNKNOWN,CONSOLIDATED,,,2022-08-15,,[],,0,UNKNOWN,NONE,UNKNOWN,,UNKNOWN,UNKNOWN,UNKNOWN,SOURCE_ERROR,,,NOT_PROCESSED_RATE_LIMIT_STOP
GOKNR.IS:2022Q3,GOKNR.IS,GOKNR,2022Q3,2022-09-30,INTERIM,INDUSTRIAL_OR_HOLDING,XUSIN.IS,UNKNOWN,CONSOLIDATED,,,2022-11-15,,[],,0,UNKNOWN,NONE,UNKNOWN,,UNKNOWN,UNKNOWN,UNKNOWN,SOURCE_ERROR,,,NOT_PROCESSED_RATE_LIMIT_STOP
GOKNR.IS:2022Q4,GOKNR.IS,GOKNR,2022Q4,2022-12-31,ANNUAL,INDUSTRIAL_OR_HOLDING,XUSIN.IS,UNKNOWN,CONSOLIDATED,,,2023-03-15,,[],,0,UNKNOWN,NONE,UNKNOWN,,UNKNOWN,UNKNOWN,UNKNOWN,SOURCE_ERROR,,,NOT_PROCESSED_RATE_LIMIT_STOP
GOKNR.IS:2023Q1,GOKNR.IS,GOKNR,2023Q1,2023-03-31,INTERIM,INDUSTRIAL_OR_HOLDING,XUSIN.IS,UNKNOWN,CONSOLIDATED,,,2023-05-15,,[],,0,UNKNOWN,NONE,UNKNOWN,,UNKNOWN,UNKNOWN,UNKNOWN,SOURCE_ERROR,,,NOT_PROCESSED_RATE_LIMIT_STOP
GOKNR.IS:2023Q2,GOKNR.IS,GOKNR,2023Q2,2023-06-30,INTERIM,INDUSTRIAL_OR_HOLDING,XUSIN.IS,UNKNOWN,CONSOLIDATED,,,2023-08-15,,[],,0,UNKNOWN,NONE,UNKNOWN,,UNKNOWN,UNKNOWN,UNKNOWN,SOURCE_ERROR,,,NOT_PROCESSED_RATE_LIMIT_STOP
GOKNR.IS:2023Q3,GOKNR.IS,GOKNR,2023Q3,2023-09-30,INTERIM,INDUSTRIAL_OR_HOLDING,XUSIN.IS,UNKNOWN,CONSOLIDATED,,,2023-11-15,,[],,0,UNKNOWN,NONE,UNKNOWN,,UNKNOWN,UNKNOWN,UNKNOWN,SOURCE_ERROR,,,NOT_PROCESSED_RATE_LIMIT_STOP
GOKNR.IS:2023Q4,GOKNR.IS,GOKNR,2023Q4,2023-12-31,ANNUAL,INDUSTRIAL_OR_HOLDING,XUSIN.IS,UNKNOWN,CONSOLIDATED,,,2024-03-15,,[],,0,UNKNOWN,NONE,UNKNOWN,,UNKNOWN,UNKNOWN,UNKNOWN,SOURCE_ERROR,,,NOT_PROCESSED_RATE_LIMIT_STOP
GOKNR.IS:2024Q1,GOKNR.IS,GOKNR,2024Q1,2024-03-31,INTERIM,INDUSTRIAL_OR_HOLDING,XUSIN.IS,UNKNOWN,CONSOLIDATED,,,2024-05-15,,[],,0,UNKNOWN,NONE,UNKNOWN,,UNKNOWN,UNKNOWN,UNKNOWN,SOURCE_ERROR,,,NOT_PROCESSED_RATE_LIMIT_STOP
GOKNR.IS:2024Q2,GOKNR.IS,GOKNR,2024Q2,2024-06-30,INTERIM,INDUSTRIAL_OR_HOLDING,XUSIN.IS,UNKNOWN,CONSOLIDATED,,,2024-08-15,,[],,0,UNKNOWN,NONE,UNKNOWN,,UNKNOWN,UNKNOWN,UNKNOWN,SOURCE_ERROR,,,NOT_PROCESSED_RATE_LIMIT_STOP
GOKNR.IS:2024Q3,GOKNR.IS,GOKNR,2024Q3,2024-09-30,INTERIM,INDUSTRIAL_OR_HOLDING,XUSIN.IS,UNKNOWN,CONSOLIDATED,,,2024-11-15,,[],,0,UNKNOWN,NONE,UNKNOWN,,UNKNOWN,UNKNOWN,UNKNOWN,SOURCE_ERROR,,,NOT_PROCESSED_RATE_LIMIT_STOP
GOKNR.IS:2024Q4,GOKNR.IS,GOKNR,2024Q4,2024-12-31,ANNUAL,INDUSTRIAL_OR_HOLDING,XUSIN.IS,UNKNOWN,CONSOLIDATED,,,2025-03-15,,[],,0,UNKNOWN,NONE,UNKNOWN,,UNKNOWN,UNKNOWN,UNKNOWN,SOURCE_ERROR,,,NOT_PROCESSED_RATE_LIMIT_STOP
GOKNR.IS:2025Q1,GOKNR.IS,GOKNR,2025Q1,2025-03-31,INTERIM,INDUSTRIAL_OR_HOLDING,XUSIN.IS,UNKNOWN,CONSOLIDATED,,,2025-05-15,,[],,0,UNKNOWN,NONE,UNKNOWN,,UNKNOWN,UNKNOWN,UNKNOWN,SOURCE_ERROR,,,NOT_PROCESSED_RATE_LIMIT_STOP
GOKNR.IS:2025Q2,GOKNR.IS,GOKNR,2025Q2,2025-06-30,INTERIM,INDUSTRIAL_OR_HOLDING,XUSIN.IS,UNKNOWN,CONSOLIDATED,,,2025-08-15,,[],,0,UNKNOWN,NONE,UNKNOWN,,UNKNOWN,UNKNOWN,UNKNOWN,SOURCE_ERROR,,,NOT_PROCESSED_RATE_LIMIT_STOP
GOKNR.IS:2025Q3,GOKNR.IS,GOKNR,2025Q3,2025-09-30,INTERIM,INDUSTRIAL_OR_HOLDING,XUSIN.IS,UNKNOWN,CONSOLIDATED,,,2025-11-15,,[],,0,UNKNOWN,NONE,UNKNOWN,,UNKNOWN,UNKNOWN,UNKNOWN,SOURCE_ERROR,,,NOT_PROCESSED_RATE_LIMIT_STOP
GOKNR.IS:2025Q4,GOKNR.IS,GOKNR,2025Q4,2025-12-31,ANNUAL,INDUSTRIAL_OR_HOLDING,XUSIN.IS,UNKNOWN,CONSOLIDATED,,,2026-03-15,,[],,0,UNKNOWN,NONE,UNKNOWN,,UNKNOWN,UNKNOWN,UNKNOWN,SOURCE_ERROR,,,NOT_PROCESSED_RATE_LIMIT_STOP
GOKNR.IS:2026Q1,GOKNR.IS,GOKNR,2026Q1,2026-03-31,INTERIM,INDUSTRIAL_OR_HOLDING,XUSIN.IS,UNKNOWN,CONSOLIDATED,,,2026-05-15,,[],,0,UNKNOWN,NONE,UNKNOWN,,UNKNOWN,UNKNOWN,UNKNOWN,SOURCE_ERROR,,,NOT_PROCESSED_RATE_LIMIT_STOP
GUBRF.IS:2018Q1,GUBRF.IS,GUBRF,2018Q1,2018-03-31,INTERIM,INDUSTRIAL_OR_HOLDING,XUSIN.IS,UNKNOWN,CONSOLIDATED,,,2018-05-15,,[],,0,UNKNOWN,NONE,UNKNOWN,,UNKNOWN,UNKNOWN,UNKNOWN,SOURCE_ERROR,,,NOT_PROCESSED_RATE_LIMIT_STOP
GUBRF.IS:2018Q2,GUBRF.IS,GUBRF,2018Q2,2018-06-30,INTERIM,INDUSTRIAL_OR_HOLDING,XUSIN.IS,UNKNOWN,CONSOLIDATED,,,2018-08-15,,[],,0,UNKNOWN,NONE,UNKNOWN,,UNKNOWN,UNKNOWN,UNKNOWN,SOURCE_ERROR,,,NOT_PROCESSED_RATE_LIMIT_STOP
GUBRF.IS:2018Q3,GUBRF.IS,GUBRF,2018Q3,2018-09-30,INTERIM,INDUSTRIAL_OR_HOLDING,XUSIN.IS,UNKNOWN,CONSOLIDATED,,,2018-11-15,,[],,0,UNKNOWN,NONE,UNKNOWN,,UNKNOWN,UNKNOWN,UNKNOWN,SOURCE_ERROR,,,NOT_PROCESSED_RATE_LIMIT_STOP
GUBRF.IS:2018Q4,GUBRF.IS,GUBRF,2018Q4,2018-12-31,ANNUAL,INDUSTRIAL_OR_HOLDING,XUSIN.IS,UNKNOWN,CONSOLIDATED,,,2019-03-15,,[],,0,UNKNOWN,NONE,UNKNOWN,,UNKNOWN,UNKNOWN,UNKNOWN,SOURCE_ERROR,,,NOT_PROCESSED_RATE_LIMIT_STOP
GUBRF.IS:2019Q1,GUBRF.IS,GUBRF,2019Q1,2019-03-31,INTERIM,INDUSTRIAL_OR_HOLDING,XUSIN.IS,UNKNOWN,CONSOLIDATED,,,2019-05-15,,[],,0,UNKNOWN,NONE,UNKNOWN,,UNKNOWN,UNKNOWN,UNKNOWN,SOURCE_ERROR,,,NOT_PROCESSED_RATE_LIMIT_STOP
GUBRF.IS:2019Q2,GUBRF.IS,GUBRF,2019Q2,2019-06-30,INTERIM,INDUSTRIAL_OR_HOLDING,XUSIN.IS,UNKNOWN,CONSOLIDATED,,,2019-08-15,,[],,0,UNKNOWN,NONE,UNKNOWN,,UNKNOWN,UNKNOWN,UNKNOWN,SOURCE_ERROR,,,NOT_PROCESSED_RATE_LIMIT_STOP
GUBRF.IS:2019Q3,GUBRF.IS,GUBRF,2019Q3,2019-09-30,INTERIM,INDUSTRIAL_OR_HOLDING,XUSIN.IS,UNKNOWN,CONSOLIDATED,,,2019-11-15,,[],,0,UNKNOWN,NONE,UNKNOWN,,UNKNOWN,UNKNOWN,UNKNOWN,SOURCE_ERROR,,,NOT_PROCESSED_RATE_LIMIT_STOP
GUBRF.IS:2019Q4,GUBRF.IS,GUBRF,2019Q4,2019-12-31,ANNUAL,INDUSTRIAL_OR_HOLDING,XUSIN.IS,UNKNOWN,CONSOLIDATED,,,2020-03-15,,[],,0,UNKNOWN,NONE,UNKNOWN,,UNKNOWN,UNKNOWN,UNKNOWN,SOURCE_ERROR,,,NOT_PROCESSED_RATE_LIMIT_STOP
GUBRF.IS:2020Q1,GUBRF.IS,GUBRF,2020Q1,2020-03-31,INTERIM,INDUSTRIAL_OR_HOLDING,XUSIN.IS,UNKNOWN,CONSOLIDATED,,,2020-05-15,,[],,0,UNKNOWN,NONE,UNKNOWN,,UNKNOWN,UNKNOWN,UNKNOWN,SOURCE_ERROR,,,NOT_PROCESSED_RATE_LIMIT_STOP
GUBRF.IS:2020Q2,GUBRF.IS,GUBRF,2020Q2,2020-06-30,INTERIM,INDUSTRIAL_OR_HOLDING,XUSIN.IS,UNKNOWN,CONSOLIDATED,,,2020-08-15,,[],,0,UNKNOWN,NONE,UNKNOWN,,UNKNOWN,UNKNOWN,UNKNOWN,SOURCE_ERROR,,,NOT_PROCESSED_RATE_LIMIT_STOP
GUBRF.IS:2020Q3,GUBRF.IS,GUBRF,2020Q3,2020-09-30,INTERIM,INDUSTRIAL_OR_HOLDING,XUSIN.IS,UNKNOWN,CONSOLIDATED,,,2020-11-15,,[],,0,UNKNOWN,NONE,UNKNOWN,,UNKNOWN,UNKNOWN,UNKNOWN,SOURCE_ERROR,,,NOT_PROCESSED_RATE_LIMIT_STOP
GUBRF.IS:2020Q4,GUBRF.IS,GUBRF,2020Q4,2020-12-31,ANNUAL,INDUSTRIAL_OR_HOLDING,XUSIN.IS,UNKNOWN,CONSOLIDATED,,,2021-03-15,,[],,0,UNKNOWN,NONE,UNKNOWN,,UNKNOWN,UNKNOWN,UNKNOWN,SOURCE_ERROR,,,NOT_PROCESSED_RATE_LIMIT_STOP
GUBRF.IS:2021Q1,GUBRF.IS,GUBRF,2021Q1,2021-03-31,INTERIM,INDUSTRIAL_OR_HOLDING,XUSIN.IS,UNKNOWN,CONSOLIDATED,,,2021-05-15,,[],,0,UNKNOWN,NONE,UNKNOWN,,UNKNOWN,UNKNOWN,UNKNOWN,SOURCE_ERROR,,,NOT_PROCESSED_RATE_LIMIT_STOP
GUBRF.IS:2021Q2,GUBRF.IS,GUBRF,2021Q2,2021-06-30,INTERIM,INDUSTRIAL_OR_HOLDING,XUSIN.IS,UNKNOWN,CONSOLIDATED,,,2021-08-15,,[],,0,UNKNOWN,NONE,UNKNOWN,,UNKNOWN,UNKNOWN,UNKNOWN,SOURCE_ERROR,,,NOT_PROCESSED_RATE_LIMIT_STOP
GUBRF.IS:2021Q3,GUBRF.IS,GUBRF,2021Q3,2021-09-30,INTERIM,INDUSTRIAL_OR_HOLDING,XUSIN.IS,UNKNOWN,CONSOLIDATED,,,2021-11-15,,[],,0,UNKNOWN,NONE,UNKNOWN,,UNKNOWN,UNKNOWN,UNKNOWN,SOURCE_ERROR,,,NOT_PROCESSED_RATE_LIMIT_STOP
GUBRF.IS:2021Q4,GUBRF.IS,GUBRF,2021Q4,2021-12-31,ANNUAL,INDUSTRIAL_OR_HOLDING,XUSIN.IS,UNKNOWN,CONSOLIDATED,,,2022-03-15,,[],,0,UNKNOWN,NONE,UNKNOWN,,UNKNOWN,UNKNOWN,UNKNOWN,SOURCE_ERROR,,,NOT_PROCESSED_RATE_LIMIT_STOP
GUBRF.IS:2022Q1,GUBRF.IS,GUBRF,2022Q1,2022-03-31,INTERIM,INDUSTRIAL_OR_HOLDING,XUSIN.IS,UNKNOWN,CONSOLIDATED,,,2022-05-15,,[],,0,UNKNOWN,NONE,UNKNOWN,,UNKNOWN,UNKNOWN,UNKNOWN,SOURCE_ERROR,,,NOT_PROCESSED_RATE_LIMIT_STOP
GUBRF.IS:2022Q2,GUBRF.IS,GUBRF,2022Q2,2022-06-30,INTERIM,INDUSTRIAL_OR_HOLDING,XUSIN.IS,UNKNOWN,CONSOLIDATED,,,2022-08-15,,[],,0,UNKNOWN,NONE,UNKNOWN,,UNKNOWN,UNKNOWN,UNKNOWN,SOURCE_ERROR,,,NOT_PROCESSED_RATE_LIMIT_STOP
GUBRF.IS:2022Q3,GUBRF.IS,GUBRF,2022Q3,2022-09-30,INTERIM,INDUSTRIAL_OR_HOLDING,XUSIN.IS,UNKNOWN,CONSOLIDATED,,,2022-11-15,,[],,0,UNKNOWN,NONE,UNKNOWN,,UNKNOWN,UNKNOWN,UNKNOWN,SOURCE_ERROR,,,NOT_PROCESSED_RATE_LIMIT_STOP
GUBRF.IS:2022Q4,GUBRF.IS,GUBRF,2022Q4,2022-12-31,ANNUAL,INDUSTRIAL_OR_HOLDING,XUSIN.IS,UNKNOWN,CONSOLIDATED,,,2023-03-15,,[],,0,UNKNOWN,NONE,UNKNOWN,,UNKNOWN,UNKNOWN,UNKNOWN,SOURCE_ERROR,,,NOT_PROCESSED_RATE_LIMIT_STOP
GUBRF.IS:2023Q1,GUBRF.IS,GUBRF,2023Q1,2023-03-31,INTERIM,INDUSTRIAL_OR_HOLDING,XUSIN.IS,UNKNOWN,CONSOLIDATED,,,2023-05-15,,[],,0,UNKNOWN,NONE,UNKNOWN,,UNKNOWN,UNKNOWN,UNKNOWN,SOURCE_ERROR,,,NOT_PROCESSED_RATE_LIMIT_STOP
GUBRF.IS:2023Q2,GUBRF.IS,GUBRF,2023Q2,2023-06-30,INTERIM,INDUSTRIAL_OR_HOLDING,XUSIN.IS,UNKNOWN,CONSOLIDATED,,,2023-08-15,,[],,0,UNKNOWN,NONE,UNKNOWN,,UNKNOWN,UNKNOWN,UNKNOWN,SOURCE_ERROR,,,NOT_PROCESSED_RATE_LIMIT_STOP
GUBRF.IS:2023Q3,GUBRF.IS,GUBRF,2023Q3,2023-09-30,INTERIM,INDUSTRIAL_OR_HOLDING,XUSIN.IS,UNKNOWN,CONSOLIDATED,,,2023-11-15,,[],,0,UNKNOWN,NONE,UNKNOWN,,UNKNOWN,UNKNOWN,UNKNOWN,SOURCE_ERROR,,,NOT_PROCESSED_RATE_LIMIT_STOP
GUBRF.IS:2023Q4,GUBRF.IS,GUBRF,2023Q4,2023-12-31,ANNUAL,INDUSTRIAL_OR_HOLDING,XUSIN.IS,UNKNOWN,CONSOLIDATED,,,2024-03-15,,[],,0,UNKNOWN,NONE,UNKNOWN,,UNKNOWN,UNKNOWN,UNKNOWN,SOURCE_ERROR,,,NOT_PROCESSED_RATE_LIMIT_STOP
GUBRF.IS:2024Q1,GUBRF.IS,GUBRF,2024Q1,2024-03-31,INTERIM,INDUSTRIAL_OR_HOLDING,XUSIN.IS,UNKNOWN,CONSOLIDATED,,,2024-05-15,,[],,0,UNKNOWN,NONE,UNKNOWN,,UNKNOWN,UNKNOWN,UNKNOWN,SOURCE_ERROR,,,NOT_PROCESSED_RATE_LIMIT_STOP
GUBRF.IS:2024Q2,GUBRF.IS,GUBRF,2024Q2,2024-06-30,INTERIM,INDUSTRIAL_OR_HOLDING,XUSIN.IS,UNKNOWN,CONSOLIDATED,,,2024-08-15,,[],,0,UNKNOWN,NONE,UNKNOWN,,UNKNOWN,UNKNOWN,UNKNOWN,SOURCE_ERROR,,,NOT_PROCESSED_RATE_LIMIT_STOP
GUBRF.IS:2024Q3,GUBRF.IS,GUBRF,2024Q3,2024-09-30,INTERIM,INDUSTRIAL_OR_HOLDING,XUSIN.IS,UNKNOWN,CONSOLIDATED,,,2024-11-15,,[],,0,UNKNOWN,NONE,UNKNOWN,,UNKNOWN,UNKNOWN,UNKNOWN,SOURCE_ERROR,,,NOT_PROCESSED_RATE_LIMIT_STOP
GUBRF.IS:2024Q4,GUBRF.IS,GUBRF,2024Q4,2024-12-31,ANNUAL,INDUSTRIAL_OR_HOLDING,XUSIN.IS,UNKNOWN,CONSOLIDATED,,,2025-03-15,,[],,0,UNKNOWN,NONE,UNKNOWN,,UNKNOWN,UNKNOWN,UNKNOWN,SOURCE_ERROR,,,NOT_PROCESSED_RATE_LIMIT_STOP
GUBRF.IS:2025Q1,GUBRF.IS,GUBRF,2025Q1,2025-03-31,INTERIM,INDUSTRIAL_OR_HOLDING,XUSIN.IS,UNKNOWN,CONSOLIDATED,,,2025-05-15,,[],,0,UNKNOWN,NONE,UNKNOWN,,UNKNOWN,UNKNOWN,UNKNOWN,SOURCE_ERROR,,,NOT_PROCESSED_RATE_LIMIT_STOP
GUBRF.IS:2025Q2,GUBRF.IS,GUBRF,2025Q2,2025-06-30,INTERIM,INDUSTRIAL_OR_HOLDING,XUSIN.IS,UNKNOWN,CONSOLIDATED,,,2025-08-15,,[],,0,UNKNOWN,NONE,UNKNOWN,,UNKNOWN,UNKNOWN,UNKNOWN,SOURCE_ERROR,,,NOT_PROCESSED_RATE_LIMIT_STOP
GUBRF.IS:2025Q3,GUBRF.IS,GUBRF,2025Q3,2025-09-30,INTERIM,INDUSTRIAL_OR_HOLDING,XUSIN.IS,UNKNOWN,CONSOLIDATED,,,2025-11-15,,[],,0,UNKNOWN,NONE,UNKNOWN,,UNKNOWN,UNKNOWN,UNKNOWN,SOURCE_ERROR,,,NOT_PROCESSED_RATE_LIMIT_STOP
GUBRF.IS:2025Q4,GUBRF.IS,GUBRF,2025Q4,2025-12-31,ANNUAL,INDUSTRIAL_OR_HOLDING,XUSIN.IS,UNKNOWN,CONSOLIDATED,,,2026-03-15,,[],,0,UNKNOWN,NONE,UNKNOWN,,UNKNOWN,UNKNOWN,UNKNOWN,SOURCE_ERROR,,,NOT_PROCESSED_RATE_LIMIT_STOP
GUBRF.IS:2026Q1,GUBRF.IS,GUBRF,2026Q1,2026-03-31,INTERIM,INDUSTRIAL_OR_HOLDING,XUSIN.IS,UNKNOWN,CONSOLIDATED,,,2026-05-15,,[],,0,UNKNOWN,NONE,UNKNOWN,,UNKNOWN,UNKNOWN,UNKNOWN,SOURCE_ERROR,,,NOT_PROCESSED_RATE_LIMIT_STOP
HALKB.IS:2018Q1,HALKB.IS,HALKB,2018Q1,2018-03-31,INTERIM,BANK,XBANK.IS,UNKNOWN,NON_CONSOLIDATED,,,2018-05-15,,[],,0,UNKNOWN,NONE,UNKNOWN,,UNKNOWN,UNKNOWN,UNKNOWN,SOURCE_ERROR,,,NOT_PROCESSED_RATE_LIMIT_STOP
HALKB.IS:2018Q2,HALKB.IS,HALKB,2018Q2,2018-06-30,INTERIM,BANK,XBANK.IS,UNKNOWN,NON_CONSOLIDATED,,,2018-08-15,,[],,0,UNKNOWN,NONE,UNKNOWN,,UNKNOWN,UNKNOWN,UNKNOWN,SOURCE_ERROR,,,NOT_PROCESSED_RATE_LIMIT_STOP
HALKB.IS:2018Q3,HALKB.IS,HALKB,2018Q3,2018-09-30,INTERIM,BANK,XBANK.IS,UNKNOWN,NON_CONSOLIDATED,,,2018-11-15,,[],,0,UNKNOWN,NONE,UNKNOWN,,UNKNOWN,UNKNOWN,UNKNOWN,SOURCE_ERROR,,,NOT_PROCESSED_RATE_LIMIT_STOP
HALKB.IS:2018Q4,HALKB.IS,HALKB,2018Q4,2018-12-31,ANNUAL,BANK,XBANK.IS,UNKNOWN,NON_CONSOLIDATED,,,2019-03-15,,[],,0,UNKNOWN,NONE,UNKNOWN,,UNKNOWN,UNKNOWN,UNKNOWN,SOURCE_ERROR,,,NOT_PROCESSED_RATE_LIMIT_STOP
HALKB.IS:2019Q1,HALKB.IS,HALKB,2019Q1,2019-03-31,INTERIM,BANK,XBANK.IS,UNKNOWN,NON_CONSOLIDATED,,,2019-05-15,,[],,0,UNKNOWN,NONE,UNKNOWN,,UNKNOWN,UNKNOWN,UNKNOWN,SOURCE_ERROR,,,NOT_PROCESSED_RATE_LIMIT_STOP
HALKB.IS:2019Q2,HALKB.IS,HALKB,2019Q2,2019-06-30,INTERIM,BANK,XBANK.IS,UNKNOWN,NON_CONSOLIDATED,,,2019-08-15,,[],,0,UNKNOWN,NONE,UNKNOWN,,UNKNOWN,UNKNOWN,UNKNOWN,SOURCE_ERROR,,,NOT_PROCESSED_RATE_LIMIT_STOP
HALKB.IS:2019Q3,HALKB.IS,HALKB,2019Q3,2019-09-30,INTERIM,BANK,XBANK.IS,UNKNOWN,NON_CONSOLIDATED,,,2019-11-15,,[],,0,UNKNOWN,NONE,UNKNOWN,,UNKNOWN,UNKNOWN,UNKNOWN,SOURCE_ERROR,,,NOT_PROCESSED_RATE_LIMIT_STOP
HALKB.IS:2019Q4,HALKB.IS,HALKB,2019Q4,2019-12-31,ANNUAL,BANK,XBANK.IS,UNKNOWN,NON_CONSOLIDATED,,,2020-03-15,,[],,0,UNKNOWN,NONE,UNKNOWN,,UNKNOWN,UNKNOWN,UNKNOWN,SOURCE_ERROR,,,NOT_PROCESSED_RATE_LIMIT_STOP
HALKB.IS:2020Q1,HALKB.IS,HALKB,2020Q1,2020-03-31,INTERIM,BANK,XBANK.IS,UNKNOWN,NON_CONSOLIDATED,,,2020-05-15,,[],,0,UNKNOWN,NONE,UNKNOWN,,UNKNOWN,UNKNOWN,UNKNOWN,SOURCE_ERROR,,,NOT_PROCESSED_RATE_LIMIT_STOP
HALKB.IS:2020Q2,HALKB.IS,HALKB,2020Q2,2020-06-30,INTERIM,BANK,XBANK.IS,UNKNOWN,NON_CONSOLIDATED,,,2020-08-15,,[],,0,UNKNOWN,NONE,UNKNOWN,,UNKNOWN,UNKNOWN,UNKNOWN,SOURCE_ERROR,,,NOT_PROCESSED_RATE_LIMIT_STOP
HALKB.IS:2020Q3,HALKB.IS,HALKB,2020Q3,2020-09-30,INTERIM,BANK,XBANK.IS,UNKNOWN,NON_CONSOLIDATED,,,2020-11-15,,[],,0,UNKNOWN,NONE,UNKNOWN,,UNKNOWN,UNKNOWN,UNKNOWN,SOURCE_ERROR,,,NOT_PROCESSED_RATE_LIMIT_STOP
HALKB.IS:2020Q4,HALKB.IS,HALKB,2020Q4,2020-12-31,ANNUAL,BANK,XBANK.IS,UNKNOWN,NON_CONSOLIDATED,,,2021-03-15,,[],,0,UNKNOWN,NONE,UNKNOWN,,UNKNOWN,UNKNOWN,UNKNOWN,SOURCE_ERROR,,,NOT_PROCESSED_RATE_LIMIT_STOP
HALKB.IS:2021Q1,HALKB.IS,HALKB,2021Q1,2021-03-31,INTERIM,BANK,XBANK.IS,UNKNOWN,NON_CONSOLIDATED,,,2021-05-15,,[],,0,UNKNOWN,NONE,UNKNOWN,,UNKNOWN,UNKNOWN,UNKNOWN,SOURCE_ERROR,,,NOT_PROCESSED_RATE_LIMIT_STOP
HALKB.IS:2021Q2,HALKB.IS,HALKB,2021Q2,2021-06-30,INTERIM,BANK,XBANK.IS,UNKNOWN,NON_CONSOLIDATED,,,2021-08-15,,[],,0,UNKNOWN,NONE,UNKNOWN,,UNKNOWN,UNKNOWN,UNKNOWN,SOURCE_ERROR,,,NOT_PROCESSED_RATE_LIMIT_STOP
HALKB.IS:2021Q3,HALKB.IS,HALKB,2021Q3,2021-09-30,INTERIM,BANK,XBANK.IS,UNKNOWN,NON_CONSOLIDATED,,,2021-11-15,,[],,0,UNKNOWN,NONE,UNKNOWN,,UNKNOWN,UNKNOWN,UNKNOWN,SOURCE_ERROR,,,NOT_PROCESSED_RATE_LIMIT_STOP
HALKB.IS:2021Q4,HALKB.IS,HALKB,2021Q4,2021-12-31,ANNUAL,BANK,XBANK.IS,UNKNOWN,NON_CONSOLIDATED,,,2022-03-15,,[],,0,UNKNOWN,NONE,UNKNOWN,,UNKNOWN,UNKNOWN,UNKNOWN,SOURCE_ERROR,,,NOT_PROCESSED_RATE_LIMIT_STOP
HALKB.IS:2022Q1,HALKB.IS,HALKB,2022Q1,2022-03-31,INTERIM,BANK,XBANK.IS,UNKNOWN,NON_CONSOLIDATED,,,2022-05-15,,[],,0,UNKNOWN,NONE,UNKNOWN,,UNKNOWN,UNKNOWN,UNKNOWN,SOURCE_ERROR,,,NOT_PROCESSED_RATE_LIMIT_STOP
HALKB.IS:2022Q2,HALKB.IS,HALKB,2022Q2,2022-06-30,INTERIM,BANK,XBANK.IS,UNKNOWN,NON_CONSOLIDATED,,,2022-08-15,,[],,0,UNKNOWN,NONE,UNKNOWN,,UNKNOWN,UNKNOWN,UNKNOWN,SOURCE_ERROR,,,NOT_PROCESSED_RATE_LIMIT_STOP
HALKB.IS:2022Q3,HALKB.IS,HALKB,2022Q3,2022-09-30,INTERIM,BANK,XBANK.IS,UNKNOWN,NON_CONSOLIDATED,,,2022-11-15,,[],,0,UNKNOWN,NONE,UNKNOWN,,UNKNOWN,UNKNOWN,UNKNOWN,SOURCE_ERROR,,,NOT_PROCESSED_RATE_LIMIT_STOP
HALKB.IS:2022Q4,HALKB.IS,HALKB,2022Q4,2022-12-31,ANNUAL,BANK,XBANK.IS,UNKNOWN,NON_CONSOLIDATED,,,2023-03-15,,[],,0,UNKNOWN,NONE,UNKNOWN,,UNKNOWN,UNKNOWN,UNKNOWN,SOURCE_ERROR,,,NOT_PROCESSED_RATE_LIMIT_STOP
HALKB.IS:2023Q1,HALKB.IS,HALKB,2023Q1,2023-03-31,INTERIM,BANK,XBANK.IS,UNKNOWN,NON_CONSOLIDATED,,,2023-05-15,,[],,0,UNKNOWN,NONE,UNKNOWN,,UNKNOWN,UNKNOWN,UNKNOWN,SOURCE_ERROR,,,NOT_PROCESSED_RATE_LIMIT_STOP
HALKB.IS:2023Q2,HALKB.IS,HALKB,2023Q2,2023-06-30,INTERIM,BANK,XBANK.IS,UNKNOWN,NON_CONSOLIDATED,,,2023-08-15,,[],,0,UNKNOWN,NONE,UNKNOWN,,UNKNOWN,UNKNOWN,UNKNOWN,SOURCE_ERROR,,,NOT_PROCESSED_RATE_LIMIT_STOP
HALKB.IS:2023Q3,HALKB.IS,HALKB,2023Q3,2023-09-30,INTERIM,BANK,XBANK.IS,UNKNOWN,NON_CONSOLIDATED,,,2023-11-15,,[],,0,UNKNOWN,NONE,UNKNOWN,,UNKNOWN,UNKNOWN,UNKNOWN,SOURCE_ERROR,,,NOT_PROCESSED_RATE_LIMIT_STOP
HALKB.IS:2023Q4,HALKB.IS,HALKB,2023Q4,2023-12-31,ANNUAL,BANK,XBANK.IS,UNKNOWN,NON_CONSOLIDATED,,,2024-03-15,,[],,0,UNKNOWN,NONE,UNKNOWN,,UNKNOWN,UNKNOWN,UNKNOWN,SOURCE_ERROR,,,NOT_PROCESSED_RATE_LIMIT_STOP
HALKB.IS:2024Q1,HALKB.IS,HALKB,2024Q1,2024-03-31,INTERIM,BANK,XBANK.IS,UNKNOWN,NON_CONSOLIDATED,,,2024-05-15,,[],,0,UNKNOWN,NONE,UNKNOWN,,UNKNOWN,UNKNOWN,UNKNOWN,SOURCE_ERROR,,,NOT_PROCESSED_RATE_LIMIT_STOP
HALKB.IS:2024Q2,HALKB.IS,HALKB,2024Q2,2024-06-30,INTERIM,BANK,XBANK.IS,UNKNOWN,NON_CONSOLIDATED,,,2024-08-15,,[],,0,UNKNOWN,NONE,UNKNOWN,,UNKNOWN,UNKNOWN,UNKNOWN,SOURCE_ERROR,,,NOT_PROCESSED_RATE_LIMIT_STOP
HALKB.IS:2024Q3,HALKB.IS,HALKB,2024Q3,2024-09-30,INTERIM,BANK,XBANK.IS,UNKNOWN,NON_CONSOLIDATED,,,2024-11-15,,[],,0,UNKNOWN,NONE,UNKNOWN,,UNKNOWN,UNKNOWN,UNKNOWN,SOURCE_ERROR,,,NOT_PROCESSED_RATE_LIMIT_STOP
HALKB.IS:2024Q4,HALKB.IS,HALKB,2024Q4,2024-12-31,ANNUAL,BANK,XBANK.IS,UNKNOWN,NON_CONSOLIDATED,,,2025-03-15,,[],,0,UNKNOWN,NONE,UNKNOWN,,UNKNOWN,UNKNOWN,UNKNOWN,SOURCE_ERROR,,,NOT_PROCESSED_RATE_LIMIT_STOP
HALKB.IS:2025Q1,HALKB.IS,HALKB,2025Q1,2025-03-31,INTERIM,BANK,XBANK.IS,UNKNOWN,NON_CONSOLIDATED,,,2025-05-15,,[],,0,UNKNOWN,NONE,UNKNOWN,,UNKNOWN,UNKNOWN,UNKNOWN,SOURCE_ERROR,,,NOT_PROCESSED_RATE_LIMIT_STOP
HALKB.IS:2025Q2,HALKB.IS,HALKB,2025Q2,2025-06-30,INTERIM,BANK,XBANK.IS,UNKNOWN,NON_CONSOLIDATED,,,2025-08-15,,[],,0,UNKNOWN,NONE,UNKNOWN,,UNKNOWN,UNKNOWN,UNKNOWN,SOURCE_ERROR,,,NOT_PROCESSED_RATE_LIMIT_STOP
HALKB.IS:2025Q3,HALKB.IS,HALKB,2025Q3,2025-09-30,INTERIM,BANK,XBANK.IS,UNKNOWN,NON_CONSOLIDATED,,,2025-11-15,,[],,0,UNKNOWN,NONE,UNKNOWN,,UNKNOWN,UNKNOWN,UNKNOWN,SOURCE_ERROR,,,NOT_PROCESSED_RATE_LIMIT_STOP
HALKB.IS:2025Q4,HALKB.IS,HALKB,2025Q4,2025-12-31,ANNUAL,BANK,XBANK.IS,UNKNOWN,NON_CONSOLIDATED,,,2026-03-15,,[],,0,UNKNOWN,NONE,UNKNOWN,,UNKNOWN,UNKNOWN,UNKNOWN,SOURCE_ERROR,,,NOT_PROCESSED_RATE_LIMIT_STOP
HALKB.IS:2026Q1,HALKB.IS,HALKB,2026Q1,2026-03-31,INTERIM,BANK,XBANK.IS,UNKNOWN,NON_CONSOLIDATED,,,2026-05-15,,[],,0,UNKNOWN,NONE,UNKNOWN,,UNKNOWN,UNKNOWN,UNKNOWN,SOURCE_ERROR,,,NOT_PROCESSED_RATE_LIMIT_STOP
HALKB.IS:2026Q2,HALKB.IS,HALKB,2026Q2,2026-06-30,INTERIM,BANK,XBANK.IS,UNKNOWN,NON_CONSOLIDATED,,,2026-08-15,,[],,0,UNKNOWN,NONE,UNKNOWN,,UNKNOWN,UNKNOWN,UNKNOWN,SOURCE_ERROR,,,NOT_PROCESSED_RATE_LIMIT_STOP
HEKTS.IS:2018Q1,HEKTS.IS,HEKTS,2018Q1,2018-03-31,INTERIM,INDUSTRIAL_OR_HOLDING,XUSIN.IS,UNKNOWN,CONSOLIDATED,,,2018-05-15,,[],,0,UNKNOWN,NONE,UNKNOWN,,UNKNOWN,UNKNOWN,UNKNOWN,SOURCE_ERROR,,,NOT_PROCESSED_RATE_LIMIT_STOP
HEKTS.IS:2018Q2,HEKTS.IS,HEKTS,2018Q2,2018-06-30,INTERIM,INDUSTRIAL_OR_HOLDING,XUSIN.IS,UNKNOWN,CONSOLIDATED,,,2018-08-15,,[],,0,UNKNOWN,NONE,UNKNOWN,,UNKNOWN,UNKNOWN,UNKNOWN,SOURCE_ERROR,,,NOT_PROCESSED_RATE_LIMIT_STOP
HEKTS.IS:2018Q3,HEKTS.IS,HEKTS,2018Q3,2018-09-30,INTERIM,INDUSTRIAL_OR_HOLDING,XUSIN.IS,UNKNOWN,CONSOLIDATED,,,2018-11-15,,[],,0,UNKNOWN,NONE,UNKNOWN,,UNKNOWN,UNKNOWN,UNKNOWN,SOURCE_ERROR,,,NOT_PROCESSED_RATE_LIMIT_STOP
HEKTS.IS:2018Q4,HEKTS.IS,HEKTS,2018Q4,2018-12-31,ANNUAL,INDUSTRIAL_OR_HOLDING,XUSIN.IS,UNKNOWN,CONSOLIDATED,,,2019-03-15,,[],,0,UNKNOWN,NONE,UNKNOWN,,UNKNOWN,UNKNOWN,UNKNOWN,SOURCE_ERROR,,,NOT_PROCESSED_RATE_LIMIT_STOP
HEKTS.IS:2019Q1,HEKTS.IS,HEKTS,2019Q1,2019-03-31,INTERIM,INDUSTRIAL_OR_HOLDING,XUSIN.IS,UNKNOWN,CONSOLIDATED,,,2019-05-15,,[],,0,UNKNOWN,NONE,UNKNOWN,,UNKNOWN,UNKNOWN,UNKNOWN,SOURCE_ERROR,,,NOT_PROCESSED_RATE_LIMIT_STOP
HEKTS.IS:2019Q2,HEKTS.IS,HEKTS,2019Q2,2019-06-30,INTERIM,INDUSTRIAL_OR_HOLDING,XUSIN.IS,UNKNOWN,CONSOLIDATED,,,2019-08-15,,[],,0,UNKNOWN,NONE,UNKNOWN,,UNKNOWN,UNKNOWN,UNKNOWN,SOURCE_ERROR,,,NOT_PROCESSED_RATE_LIMIT_STOP
HEKTS.IS:2019Q3,HEKTS.IS,HEKTS,2019Q3,2019-09-30,INTERIM,INDUSTRIAL_OR_HOLDING,XUSIN.IS,UNKNOWN,CONSOLIDATED,,,2019-11-15,,[],,0,UNKNOWN,NONE,UNKNOWN,,UNKNOWN,UNKNOWN,UNKNOWN,SOURCE_ERROR,,,NOT_PROCESSED_RATE_LIMIT_STOP
HEKTS.IS:2019Q4,HEKTS.IS,HEKTS,2019Q4,2019-12-31,ANNUAL,INDUSTRIAL_OR_HOLDING,XUSIN.IS,UNKNOWN,CONSOLIDATED,,,2020-03-15,,[],,0,UNKNOWN,NONE,UNKNOWN,,UNKNOWN,UNKNOWN,UNKNOWN,SOURCE_ERROR,,,NOT_PROCESSED_RATE_LIMIT_STOP
HEKTS.IS:2020Q1,HEKTS.IS,HEKTS,2020Q1,2020-03-31,INTERIM,INDUSTRIAL_OR_HOLDING,XUSIN.IS,UNKNOWN,CONSOLIDATED,,,2020-05-15,,[],,0,UNKNOWN,NONE,UNKNOWN,,UNKNOWN,UNKNOWN,UNKNOWN,SOURCE_ERROR,,,NOT_PROCESSED_RATE_LIMIT_STOP
HEKTS.IS:2020Q2,HEKTS.IS,HEKTS,2020Q2,2020-06-30,INTERIM,INDUSTRIAL_OR_HOLDING,XUSIN.IS,UNKNOWN,CONSOLIDATED,,,2020-08-15,,[],,0,UNKNOWN,NONE,UNKNOWN,,UNKNOWN,UNKNOWN,UNKNOWN,SOURCE_ERROR,,,NOT_PROCESSED_RATE_LIMIT_STOP
HEKTS.IS:2020Q3,HEKTS.IS,HEKTS,2020Q3,2020-09-30,INTERIM,INDUSTRIAL_OR_HOLDING,XUSIN.IS,UNKNOWN,CONSOLIDATED,,,2020-11-15,,[],,0,UNKNOWN,NONE,UNKNOWN,,UNKNOWN,UNKNOWN,UNKNOWN,SOURCE_ERROR,,,NOT_PROCESSED_RATE_LIMIT_STOP
HEKTS.IS:2020Q4,HEKTS.IS,HEKTS,2020Q4,2020-12-31,ANNUAL,INDUSTRIAL_OR_HOLDING,XUSIN.IS,UNKNOWN,CONSOLIDATED,,,2021-03-15,,[],,0,UNKNOWN,NONE,UNKNOWN,,UNKNOWN,UNKNOWN,UNKNOWN,SOURCE_ERROR,,,NOT_PROCESSED_RATE_LIMIT_STOP
HEKTS.IS:2021Q1,HEKTS.IS,HEKTS,2021Q1,2021-03-31,INTERIM,INDUSTRIAL_OR_HOLDING,XUSIN.IS,UNKNOWN,CONSOLIDATED,,,2021-05-15,,[],,0,UNKNOWN,NONE,UNKNOWN,,UNKNOWN,UNKNOWN,UNKNOWN,SOURCE_ERROR,,,NOT_PROCESSED_RATE_LIMIT_STOP
HEKTS.IS:2021Q2,HEKTS.IS,HEKTS,2021Q2,2021-06-30,INTERIM,INDUSTRIAL_OR_HOLDING,XUSIN.IS,UNKNOWN,CONSOLIDATED,,,2021-08-15,,[],,0,UNKNOWN,NONE,UNKNOWN,,UNKNOWN,UNKNOWN,UNKNOWN,SOURCE_ERROR,,,NOT_PROCESSED_RATE_LIMIT_STOP
HEKTS.IS:2021Q3,HEKTS.IS,HEKTS,2021Q3,2021-09-30,INTERIM,INDUSTRIAL_OR_HOLDING,XUSIN.IS,UNKNOWN,CONSOLIDATED,,,2021-11-15,,[],,0,UNKNOWN,NONE,UNKNOWN,,UNKNOWN,UNKNOWN,UNKNOWN,SOURCE_ERROR,,,NOT_PROCESSED_RATE_LIMIT_STOP
HEKTS.IS:2021Q4,HEKTS.IS,HEKTS,2021Q4,2021-12-31,ANNUAL,INDUSTRIAL_OR_HOLDING,XUSIN.IS,UNKNOWN,CONSOLIDATED,,,2022-03-15,,[],,0,UNKNOWN,NONE,UNKNOWN,,UNKNOWN,UNKNOWN,UNKNOWN,SOURCE_ERROR,,,NOT_PROCESSED_RATE_LIMIT_STOP
HEKTS.IS:2022Q1,HEKTS.IS,HEKTS,2022Q1,2022-03-31,INTERIM,INDUSTRIAL_OR_HOLDING,XUSIN.IS,UNKNOWN,CONSOLIDATED,,,2022-05-15,,[],,0,UNKNOWN,NONE,UNKNOWN,,UNKNOWN,UNKNOWN,UNKNOWN,SOURCE_ERROR,,,NOT_PROCESSED_RATE_LIMIT_STOP
HEKTS.IS:2022Q2,HEKTS.IS,HEKTS,2022Q2,2022-06-30,INTERIM,INDUSTRIAL_OR_HOLDING,XUSIN.IS,UNKNOWN,CONSOLIDATED,,,2022-08-15,,[],,0,UNKNOWN,NONE,UNKNOWN,,UNKNOWN,UNKNOWN,UNKNOWN,SOURCE_ERROR,,,NOT_PROCESSED_RATE_LIMIT_STOP
HEKTS.IS:2022Q3,HEKTS.IS,HEKTS,2022Q3,2022-09-30,INTERIM,INDUSTRIAL_OR_HOLDING,XUSIN.IS,UNKNOWN,CONSOLIDATED,,,2022-11-15,,[],,0,UNKNOWN,NONE,UNKNOWN,,UNKNOWN,UNKNOWN,UNKNOWN,SOURCE_ERROR,,,NOT_PROCESSED_RATE_LIMIT_STOP
HEKTS.IS:2022Q4,HEKTS.IS,HEKTS,2022Q4,2022-12-31,ANNUAL,INDUSTRIAL_OR_HOLDING,XUSIN.IS,UNKNOWN,CONSOLIDATED,,,2023-03-15,,[],,0,UNKNOWN,NONE,UNKNOWN,,UNKNOWN,UNKNOWN,UNKNOWN,SOURCE_ERROR,,,NOT_PROCESSED_RATE_LIMIT_STOP
HEKTS.IS:2023Q1,HEKTS.IS,HEKTS,2023Q1,2023-03-31,INTERIM,INDUSTRIAL_OR_HOLDING,XUSIN.IS,UNKNOWN,CONSOLIDATED,,,2023-05-15,,[],,0,UNKNOWN,NONE,UNKNOWN,,UNKNOWN,UNKNOWN,UNKNOWN,SOURCE_ERROR,,,NOT_PROCESSED_RATE_LIMIT_STOP
HEKTS.IS:2023Q2,HEKTS.IS,HEKTS,2023Q2,2023-06-30,INTERIM,INDUSTRIAL_OR_HOLDING,XUSIN.IS,UNKNOWN,CONSOLIDATED,,,2023-08-15,,[],,0,UNKNOWN,NONE,UNKNOWN,,UNKNOWN,UNKNOWN,UNKNOWN,SOURCE_ERROR,,,NOT_PROCESSED_RATE_LIMIT_STOP
HEKTS.IS:2023Q3,HEKTS.IS,HEKTS,2023Q3,2023-09-30,INTERIM,INDUSTRIAL_OR_HOLDING,XUSIN.IS,UNKNOWN,CONSOLIDATED,,,2023-11-15,,[],,0,UNKNOWN,NONE,UNKNOWN,,UNKNOWN,UNKNOWN,UNKNOWN,SOURCE_ERROR,,,NOT_PROCESSED_RATE_LIMIT_STOP
HEKTS.IS:2023Q4,HEKTS.IS,HEKTS,2023Q4,2023-12-31,ANNUAL,INDUSTRIAL_OR_HOLDING,XUSIN.IS,UNKNOWN,CONSOLIDATED,,,2024-03-15,,[],,0,UNKNOWN,NONE,UNKNOWN,,UNKNOWN,UNKNOWN,UNKNOWN,SOURCE_ERROR,,,NOT_PROCESSED_RATE_LIMIT_STOP
HEKTS.IS:2024Q1,HEKTS.IS,HEKTS,2024Q1,2024-03-31,INTERIM,INDUSTRIAL_OR_HOLDING,XUSIN.IS,UNKNOWN,CONSOLIDATED,,,2024-05-15,,[],,0,UNKNOWN,NONE,UNKNOWN,,UNKNOWN,UNKNOWN,UNKNOWN,SOURCE_ERROR,,,NOT_PROCESSED_RATE_LIMIT_STOP
HEKTS.IS:2024Q2,HEKTS.IS,HEKTS,2024Q2,2024-06-30,INTERIM,INDUSTRIAL_OR_HOLDING,XUSIN.IS,UNKNOWN,CONSOLIDATED,,,2024-08-15,,[],,0,UNKNOWN,NONE,UNKNOWN,,UNKNOWN,UNKNOWN,UNKNOWN,SOURCE_ERROR,,,NOT_PROCESSED_RATE_LIMIT_STOP
HEKTS.IS:2024Q3,HEKTS.IS,HEKTS,2024Q3,2024-09-30,INTERIM,INDUSTRIAL_OR_HOLDING,XUSIN.IS,UNKNOWN,CONSOLIDATED,,,2024-11-15,,[],,0,UNKNOWN,NONE,UNKNOWN,,UNKNOWN,UNKNOWN,UNKNOWN,SOURCE_ERROR,,,NOT_PROCESSED_RATE_LIMIT_STOP
HEKTS.IS:2024Q4,HEKTS.IS,HEKTS,2024Q4,2024-12-31,ANNUAL,INDUSTRIAL_OR_HOLDING,XUSIN.IS,UNKNOWN,CONSOLIDATED,,,2025-03-15,,[],,0,UNKNOWN,NONE,UNKNOWN,,UNKNOWN,UNKNOWN,UNKNOWN,SOURCE_ERROR,,,NOT_PROCESSED_RATE_LIMIT_STOP
HEKTS.IS:2025Q1,HEKTS.IS,HEKTS,2025Q1,2025-03-31,INTERIM,INDUSTRIAL_OR_HOLDING,XUSIN.IS,UNKNOWN,CONSOLIDATED,,,2025-05-15,,[],,0,UNKNOWN,NONE,UNKNOWN,,UNKNOWN,UNKNOWN,UNKNOWN,SOURCE_ERROR,,,NOT_PROCESSED_RATE_LIMIT_STOP
HEKTS.IS:2025Q2,HEKTS.IS,HEKTS,2025Q2,2025-06-30,INTERIM,INDUSTRIAL_OR_HOLDING,XUSIN.IS,UNKNOWN,CONSOLIDATED,,,2025-08-15,,[],,0,UNKNOWN,NONE,UNKNOWN,,UNKNOWN,UNKNOWN,UNKNOWN,SOURCE_ERROR,,,NOT_PROCESSED_RATE_LIMIT_STOP
HEKTS.IS:2025Q3,HEKTS.IS,HEKTS,2025Q3,2025-09-30,INTERIM,INDUSTRIAL_OR_HOLDING,XUSIN.IS,UNKNOWN,CONSOLIDATED,,,2025-11-15,,[],,0,UNKNOWN,NONE,UNKNOWN,,UNKNOWN,UNKNOWN,UNKNOWN,SOURCE_ERROR,,,NOT_PROCESSED_RATE_LIMIT_STOP
HEKTS.IS:2025Q4,HEKTS.IS,HEKTS,2025Q4,2025-12-31,ANNUAL,INDUSTRIAL_OR_HOLDING,XUSIN.IS,UNKNOWN,CONSOLIDATED,,,2026-03-15,,[],,0,UNKNOWN,NONE,UNKNOWN,,UNKNOWN,UNKNOWN,UNKNOWN,SOURCE_ERROR,,,NOT_PROCESSED_RATE_LIMIT_STOP
HEKTS.IS:2026Q1,HEKTS.IS,HEKTS,2026Q1,2026-03-31,INTERIM,INDUSTRIAL_OR_HOLDING,XUSIN.IS,UNKNOWN,CONSOLIDATED,,,2026-05-15,,[],,0,UNKNOWN,NONE,UNKNOWN,,UNKNOWN,UNKNOWN,UNKNOWN,SOURCE_ERROR,,,NOT_PROCESSED_RATE_LIMIT_STOP
HEKTS.IS:2026Q2,HEKTS.IS,HEKTS,2026Q2,2026-06-30,INTERIM,INDUSTRIAL_OR_HOLDING,XUSIN.IS,UNKNOWN,CONSOLIDATED,,,2026-08-15,,[],,0,UNKNOWN,NONE,UNKNOWN,,UNKNOWN,UNKNOWN,UNKNOWN,SOURCE_ERROR,,,NOT_PROCESSED_RATE_LIMIT_STOP
INVES.IS:2019Q4,INVES.IS,INVES,2019Q4,2019-12-31,ANNUAL,INDUSTRIAL_OR_HOLDING,XU100.IS,UNKNOWN,CONSOLIDATED,,,2020-03-15,,[],,0,UNKNOWN,NONE,UNKNOWN,,UNKNOWN,UNKNOWN,UNKNOWN,SOURCE_ERROR,,,NOT_PROCESSED_RATE_LIMIT_STOP
INVES.IS:2020Q4,INVES.IS,INVES,2020Q4,2020-12-31,ANNUAL,INDUSTRIAL_OR_HOLDING,XU100.IS,UNKNOWN,CONSOLIDATED,,,2021-03-15,,[],,0,UNKNOWN,NONE,UNKNOWN,,UNKNOWN,UNKNOWN,UNKNOWN,SOURCE_ERROR,,,NOT_PROCESSED_RATE_LIMIT_STOP
INVES.IS:2021Q1,INVES.IS,INVES,2021Q1,2021-03-31,INTERIM,INDUSTRIAL_OR_HOLDING,XU100.IS,UNKNOWN,CONSOLIDATED,,,2021-05-15,,[],,0,UNKNOWN,NONE,UNKNOWN,,UNKNOWN,UNKNOWN,UNKNOWN,SOURCE_ERROR,,,NOT_PROCESSED_RATE_LIMIT_STOP
INVES.IS:2021Q2,INVES.IS,INVES,2021Q2,2021-06-30,INTERIM,INDUSTRIAL_OR_HOLDING,XU100.IS,UNKNOWN,CONSOLIDATED,,,2021-08-15,,[],,0,UNKNOWN,NONE,UNKNOWN,,UNKNOWN,UNKNOWN,UNKNOWN,SOURCE_ERROR,,,NOT_PROCESSED_RATE_LIMIT_STOP
INVES.IS:2021Q3,INVES.IS,INVES,2021Q3,2021-09-30,INTERIM,INDUSTRIAL_OR_HOLDING,XU100.IS,UNKNOWN,CONSOLIDATED,,,2021-11-15,,[],,0,UNKNOWN,NONE,UNKNOWN,,UNKNOWN,UNKNOWN,UNKNOWN,SOURCE_ERROR,,,NOT_PROCESSED_RATE_LIMIT_STOP
INVES.IS:2021Q4,INVES.IS,INVES,2021Q4,2021-12-31,ANNUAL,INDUSTRIAL_OR_HOLDING,XU100.IS,UNKNOWN,CONSOLIDATED,,,2022-03-15,,[],,0,UNKNOWN,NONE,UNKNOWN,,UNKNOWN,UNKNOWN,UNKNOWN,SOURCE_ERROR,,,NOT_PROCESSED_RATE_LIMIT_STOP
INVES.IS:2022Q1,INVES.IS,INVES,2022Q1,2022-03-31,INTERIM,INDUSTRIAL_OR_HOLDING,XU100.IS,UNKNOWN,CONSOLIDATED,,,2022-05-15,,[],,0,UNKNOWN,NONE,UNKNOWN,,UNKNOWN,UNKNOWN,UNKNOWN,SOURCE_ERROR,,,NOT_PROCESSED_RATE_LIMIT_STOP
INVES.IS:2022Q2,INVES.IS,INVES,2022Q2,2022-06-30,INTERIM,INDUSTRIAL_OR_HOLDING,XU100.IS,UNKNOWN,CONSOLIDATED,,,2022-08-15,,[],,0,UNKNOWN,NONE,UNKNOWN,,UNKNOWN,UNKNOWN,UNKNOWN,SOURCE_ERROR,,,NOT_PROCESSED_RATE_LIMIT_STOP
INVES.IS:2022Q3,INVES.IS,INVES,2022Q3,2022-09-30,INTERIM,INDUSTRIAL_OR_HOLDING,XU100.IS,UNKNOWN,CONSOLIDATED,,,2022-11-15,,[],,0,UNKNOWN,NONE,UNKNOWN,,UNKNOWN,UNKNOWN,UNKNOWN,SOURCE_ERROR,,,NOT_PROCESSED_RATE_LIMIT_STOP
INVES.IS:2022Q4,INVES.IS,INVES,2022Q4,2022-12-31,ANNUAL,INDUSTRIAL_OR_HOLDING,XU100.IS,UNKNOWN,CONSOLIDATED,,,2023-03-15,,[],,0,UNKNOWN,NONE,UNKNOWN,,UNKNOWN,UNKNOWN,UNKNOWN,SOURCE_ERROR,,,NOT_PROCESSED_RATE_LIMIT_STOP
INVES.IS:2023Q1,INVES.IS,INVES,2023Q1,2023-03-31,INTERIM,INDUSTRIAL_OR_HOLDING,XU100.IS,UNKNOWN,CONSOLIDATED,,,2023-05-15,,[],,0,UNKNOWN,NONE,UNKNOWN,,UNKNOWN,UNKNOWN,UNKNOWN,SOURCE_ERROR,,,NOT_PROCESSED_RATE_LIMIT_STOP
INVES.IS:2023Q2,INVES.IS,INVES,2023Q2,2023-06-30,INTERIM,INDUSTRIAL_OR_HOLDING,XU100.IS,UNKNOWN,CONSOLIDATED,,,2023-08-15,,[],,0,UNKNOWN,NONE,UNKNOWN,,UNKNOWN,UNKNOWN,UNKNOWN,SOURCE_ERROR,,,NOT_PROCESSED_RATE_LIMIT_STOP
INVES.IS:2023Q3,INVES.IS,INVES,2023Q3,2023-09-30,INTERIM,INDUSTRIAL_OR_HOLDING,XU100.IS,UNKNOWN,CONSOLIDATED,,,2023-11-15,,[],,0,UNKNOWN,NONE,UNKNOWN,,UNKNOWN,UNKNOWN,UNKNOWN,SOURCE_ERROR,,,NOT_PROCESSED_RATE_LIMIT_STOP
INVES.IS:2023Q4,INVES.IS,INVES,2023Q4,2023-12-31,ANNUAL,INDUSTRIAL_OR_HOLDING,XU100.IS,UNKNOWN,CONSOLIDATED,,,2024-03-15,,[],,0,UNKNOWN,NONE,UNKNOWN,,UNKNOWN,UNKNOWN,UNKNOWN,SOURCE_ERROR,,,NOT_PROCESSED_RATE_LIMIT_STOP
INVES.IS:2024Q1,INVES.IS,INVES,2024Q1,2024-03-31,INTERIM,INDUSTRIAL_OR_HOLDING,XU100.IS,UNKNOWN,CONSOLIDATED,,,2024-05-15,,[],,0,UNKNOWN,NONE,UNKNOWN,,UNKNOWN,UNKNOWN,UNKNOWN,SOURCE_ERROR,,,NOT_PROCESSED_RATE_LIMIT_STOP
INVES.IS:2024Q2,INVES.IS,INVES,2024Q2,2024-06-30,INTERIM,INDUSTRIAL_OR_HOLDING,XU100.IS,UNKNOWN,CONSOLIDATED,,,2024-08-15,,[],,0,UNKNOWN,NONE,UNKNOWN,,UNKNOWN,UNKNOWN,UNKNOWN,SOURCE_ERROR,,,NOT_PROCESSED_RATE_LIMIT_STOP
INVES.IS:2024Q3,INVES.IS,INVES,2024Q3,2024-09-30,INTERIM,INDUSTRIAL_OR_HOLDING,XU100.IS,UNKNOWN,CONSOLIDATED,,,2024-11-15,,[],,0,UNKNOWN,NONE,UNKNOWN,,UNKNOWN,UNKNOWN,UNKNOWN,SOURCE_ERROR,,,NOT_PROCESSED_RATE_LIMIT_STOP
INVES.IS:2024Q4,INVES.IS,INVES,2024Q4,2024-12-31,ANNUAL,INDUSTRIAL_OR_HOLDING,XU100.IS,UNKNOWN,CONSOLIDATED,,,2025-03-15,,[],,0,UNKNOWN,NONE,UNKNOWN,,UNKNOWN,UNKNOWN,UNKNOWN,SOURCE_ERROR,,,NOT_PROCESSED_RATE_LIMIT_STOP
INVES.IS:2025Q1,INVES.IS,INVES,2025Q1,2025-03-31,INTERIM,INDUSTRIAL_OR_HOLDING,XU100.IS,UNKNOWN,CONSOLIDATED,,,2025-05-15,,[],,0,UNKNOWN,NONE,UNKNOWN,,UNKNOWN,UNKNOWN,UNKNOWN,SOURCE_ERROR,,,NOT_PROCESSED_RATE_LIMIT_STOP
INVES.IS:2025Q2,INVES.IS,INVES,2025Q2,2025-06-30,INTERIM,INDUSTRIAL_OR_HOLDING,XU100.IS,UNKNOWN,CONSOLIDATED,,,2025-08-15,,[],,0,UNKNOWN,NONE,UNKNOWN,,UNKNOWN,UNKNOWN,UNKNOWN,SOURCE_ERROR,,,NOT_PROCESSED_RATE_LIMIT_STOP
INVES.IS:2025Q3,INVES.IS,INVES,2025Q3,2025-09-30,INTERIM,INDUSTRIAL_OR_HOLDING,XU100.IS,UNKNOWN,CONSOLIDATED,,,2025-11-15,,[],,0,UNKNOWN,NONE,UNKNOWN,,UNKNOWN,UNKNOWN,UNKNOWN,SOURCE_ERROR,,,NOT_PROCESSED_RATE_LIMIT_STOP
INVES.IS:2025Q4,INVES.IS,INVES,2025Q4,2025-12-31,ANNUAL,INDUSTRIAL_OR_HOLDING,XU100.IS,UNKNOWN,CONSOLIDATED,,,2026-03-15,,[],,0,UNKNOWN,NONE,UNKNOWN,,UNKNOWN,UNKNOWN,UNKNOWN,SOURCE_ERROR,,,NOT_PROCESSED_RATE_LIMIT_STOP
INVES.IS:2026Q1,INVES.IS,INVES,2026Q1,2026-03-31,INTERIM,INDUSTRIAL_OR_HOLDING,XU100.IS,UNKNOWN,CONSOLIDATED,,,2026-05-15,,[],,0,UNKNOWN,NONE,UNKNOWN,,UNKNOWN,UNKNOWN,UNKNOWN,SOURCE_ERROR,,,NOT_PROCESSED_RATE_LIMIT_STOP
INVES.IS:2026Q2,INVES.IS,INVES,2026Q2,2026-06-30,INTERIM,INDUSTRIAL_OR_HOLDING,XU100.IS,UNKNOWN,CONSOLIDATED,,,2026-08-15,,[],,0,UNKNOWN,NONE,UNKNOWN,,UNKNOWN,UNKNOWN,UNKNOWN,SOURCE_ERROR,,,NOT_PROCESSED_RATE_LIMIT_STOP
ISCTR.IS:2018Q1,ISCTR.IS,ISCTR,2018Q1,2018-03-31,INTERIM,BANK,XBANK.IS,UNKNOWN,NON_CONSOLIDATED,,,2018-05-15,,[],,0,UNKNOWN,NONE,UNKNOWN,,UNKNOWN,UNKNOWN,UNKNOWN,SOURCE_ERROR,,,NOT_PROCESSED_RATE_LIMIT_STOP
ISCTR.IS:2018Q2,ISCTR.IS,ISCTR,2018Q2,2018-06-30,INTERIM,BANK,XBANK.IS,UNKNOWN,NON_CONSOLIDATED,,,2018-08-15,,[],,0,UNKNOWN,NONE,UNKNOWN,,UNKNOWN,UNKNOWN,UNKNOWN,SOURCE_ERROR,,,NOT_PROCESSED_RATE_LIMIT_STOP
ISCTR.IS:2018Q3,ISCTR.IS,ISCTR,2018Q3,2018-09-30,INTERIM,BANK,XBANK.IS,UNKNOWN,NON_CONSOLIDATED,,,2018-11-15,,[],,0,UNKNOWN,NONE,UNKNOWN,,UNKNOWN,UNKNOWN,UNKNOWN,SOURCE_ERROR,,,NOT_PROCESSED_RATE_LIMIT_STOP
ISCTR.IS:2018Q4,ISCTR.IS,ISCTR,2018Q4,2018-12-31,ANNUAL,BANK,XBANK.IS,UNKNOWN,NON_CONSOLIDATED,,,2019-03-15,,[],,0,UNKNOWN,NONE,UNKNOWN,,UNKNOWN,UNKNOWN,UNKNOWN,SOURCE_ERROR,,,NOT_PROCESSED_RATE_LIMIT_STOP
ISCTR.IS:2019Q1,ISCTR.IS,ISCTR,2019Q1,2019-03-31,INTERIM,BANK,XBANK.IS,UNKNOWN,NON_CONSOLIDATED,,,2019-05-15,,[],,0,UNKNOWN,NONE,UNKNOWN,,UNKNOWN,UNKNOWN,UNKNOWN,SOURCE_ERROR,,,NOT_PROCESSED_RATE_LIMIT_STOP
ISCTR.IS:2019Q2,ISCTR.IS,ISCTR,2019Q2,2019-06-30,INTERIM,BANK,XBANK.IS,UNKNOWN,NON_CONSOLIDATED,,,2019-08-15,,[],,0,UNKNOWN,NONE,UNKNOWN,,UNKNOWN,UNKNOWN,UNKNOWN,SOURCE_ERROR,,,NOT_PROCESSED_RATE_LIMIT_STOP
ISCTR.IS:2019Q3,ISCTR.IS,ISCTR,2019Q3,2019-09-30,INTERIM,BANK,XBANK.IS,UNKNOWN,NON_CONSOLIDATED,,,2019-11-15,,[],,0,UNKNOWN,NONE,UNKNOWN,,UNKNOWN,UNKNOWN,UNKNOWN,SOURCE_ERROR,,,NOT_PROCESSED_RATE_LIMIT_STOP
ISCTR.IS:2019Q4,ISCTR.IS,ISCTR,2019Q4,2019-12-31,ANNUAL,BANK,XBANK.IS,UNKNOWN,NON_CONSOLIDATED,,,2020-03-15,,[],,0,UNKNOWN,NONE,UNKNOWN,,UNKNOWN,UNKNOWN,UNKNOWN,SOURCE_ERROR,,,NOT_PROCESSED_RATE_LIMIT_STOP
ISCTR.IS:2020Q1,ISCTR.IS,ISCTR,2020Q1,2020-03-31,INTERIM,BANK,XBANK.IS,UNKNOWN,NON_CONSOLIDATED,,,2020-05-15,,[],,0,UNKNOWN,NONE,UNKNOWN,,UNKNOWN,UNKNOWN,UNKNOWN,SOURCE_ERROR,,,NOT_PROCESSED_RATE_LIMIT_STOP
ISCTR.IS:2020Q2,ISCTR.IS,ISCTR,2020Q2,2020-06-30,INTERIM,BANK,XBANK.IS,UNKNOWN,NON_CONSOLIDATED,,,2020-08-15,,[],,0,UNKNOWN,NONE,UNKNOWN,,UNKNOWN,UNKNOWN,UNKNOWN,SOURCE_ERROR,,,NOT_PROCESSED_RATE_LIMIT_STOP
ISCTR.IS:2020Q3,ISCTR.IS,ISCTR,2020Q3,2020-09-30,INTERIM,BANK,XBANK.IS,UNKNOWN,NON_CONSOLIDATED,,,2020-11-15,,[],,0,UNKNOWN,NONE,UNKNOWN,,UNKNOWN,UNKNOWN,UNKNOWN,SOURCE_ERROR,,,NOT_PROCESSED_RATE_LIMIT_STOP
ISCTR.IS:2020Q4,ISCTR.IS,ISCTR,2020Q4,2020-12-31,ANNUAL,BANK,XBANK.IS,UNKNOWN,NON_CONSOLIDATED,,,2021-03-15,,[],,0,UNKNOWN,NONE,UNKNOWN,,UNKNOWN,UNKNOWN,UNKNOWN,SOURCE_ERROR,,,NOT_PROCESSED_RATE_LIMIT_STOP
ISCTR.IS:2021Q1,ISCTR.IS,ISCTR,2021Q1,2021-03-31,INTERIM,BANK,XBANK.IS,UNKNOWN,NON_CONSOLIDATED,,,2021-05-15,,[],,0,UNKNOWN,NONE,UNKNOWN,,UNKNOWN,UNKNOWN,UNKNOWN,SOURCE_ERROR,,,NOT_PROCESSED_RATE_LIMIT_STOP
ISCTR.IS:2021Q2,ISCTR.IS,ISCTR,2021Q2,2021-06-30,INTERIM,BANK,XBANK.IS,UNKNOWN,NON_CONSOLIDATED,,,2021-08-15,,[],,0,UNKNOWN,NONE,UNKNOWN,,UNKNOWN,UNKNOWN,UNKNOWN,SOURCE_ERROR,,,NOT_PROCESSED_RATE_LIMIT_STOP
ISCTR.IS:2021Q3,ISCTR.IS,ISCTR,2021Q3,2021-09-30,INTERIM,BANK,XBANK.IS,UNKNOWN,NON_CONSOLIDATED,,,2021-11-15,,[],,0,UNKNOWN,NONE,UNKNOWN,,UNKNOWN,UNKNOWN,UNKNOWN,SOURCE_ERROR,,,NOT_PROCESSED_RATE_LIMIT_STOP
ISCTR.IS:2021Q4,ISCTR.IS,ISCTR,2021Q4,2021-12-31,ANNUAL,BANK,XBANK.IS,UNKNOWN,NON_CONSOLIDATED,,,2022-03-15,,[],,0,UNKNOWN,NONE,UNKNOWN,,UNKNOWN,UNKNOWN,UNKNOWN,SOURCE_ERROR,,,NOT_PROCESSED_RATE_LIMIT_STOP
ISCTR.IS:2022Q1,ISCTR.IS,ISCTR,2022Q1,2022-03-31,INTERIM,BANK,XBANK.IS,UNKNOWN,NON_CONSOLIDATED,,,2022-05-15,,[],,0,UNKNOWN,NONE,UNKNOWN,,UNKNOWN,UNKNOWN,UNKNOWN,SOURCE_ERROR,,,NOT_PROCESSED_RATE_LIMIT_STOP
ISCTR.IS:2022Q2,ISCTR.IS,ISCTR,2022Q2,2022-06-30,INTERIM,BANK,XBANK.IS,UNKNOWN,NON_CONSOLIDATED,,,2022-08-15,,[],,0,UNKNOWN,NONE,UNKNOWN,,UNKNOWN,UNKNOWN,UNKNOWN,SOURCE_ERROR,,,NOT_PROCESSED_RATE_LIMIT_STOP
ISCTR.IS:2022Q3,ISCTR.IS,ISCTR,2022Q3,2022-09-30,INTERIM,BANK,XBANK.IS,UNKNOWN,NON_CONSOLIDATED,,,2022-11-15,,[],,0,UNKNOWN,NONE,UNKNOWN,,UNKNOWN,UNKNOWN,UNKNOWN,SOURCE_ERROR,,,NOT_PROCESSED_RATE_LIMIT_STOP
ISCTR.IS:2022Q4,ISCTR.IS,ISCTR,2022Q4,2022-12-31,ANNUAL,BANK,XBANK.IS,UNKNOWN,NON_CONSOLIDATED,,,2023-03-15,,[],,0,UNKNOWN,NONE,UNKNOWN,,UNKNOWN,UNKNOWN,UNKNOWN,SOURCE_ERROR,,,NOT_PROCESSED_RATE_LIMIT_STOP
ISCTR.IS:2023Q1,ISCTR.IS,ISCTR,2023Q1,2023-03-31,INTERIM,BANK,XBANK.IS,UNKNOWN,NON_CONSOLIDATED,,,2023-05-15,,[],,0,UNKNOWN,NONE,UNKNOWN,,UNKNOWN,UNKNOWN,UNKNOWN,SOURCE_ERROR,,,NOT_PROCESSED_RATE_LIMIT_STOP
ISCTR.IS:2023Q2,ISCTR.IS,ISCTR,2023Q2,2023-06-30,INTERIM,BANK,XBANK.IS,UNKNOWN,NON_CONSOLIDATED,,,2023-08-15,,[],,0,UNKNOWN,NONE,UNKNOWN,,UNKNOWN,UNKNOWN,UNKNOWN,SOURCE_ERROR,,,NOT_PROCESSED_RATE_LIMIT_STOP
ISCTR.IS:2023Q3,ISCTR.IS,ISCTR,2023Q3,2023-09-30,INTERIM,BANK,XBANK.IS,UNKNOWN,NON_CONSOLIDATED,,,2023-11-15,,[],,0,UNKNOWN,NONE,UNKNOWN,,UNKNOWN,UNKNOWN,UNKNOWN,SOURCE_ERROR,,,NOT_PROCESSED_RATE_LIMIT_STOP
ISCTR.IS:2023Q4,ISCTR.IS,ISCTR,2023Q4,2023-12-31,ANNUAL,BANK,XBANK.IS,UNKNOWN,NON_CONSOLIDATED,,,2024-03-15,,[],,0,UNKNOWN,NONE,UNKNOWN,,UNKNOWN,UNKNOWN,UNKNOWN,SOURCE_ERROR,,,NOT_PROCESSED_RATE_LIMIT_STOP
ISCTR.IS:2024Q1,ISCTR.IS,ISCTR,2024Q1,2024-03-31,INTERIM,BANK,XBANK.IS,UNKNOWN,NON_CONSOLIDATED,,,2024-05-15,,[],,0,UNKNOWN,NONE,UNKNOWN,,UNKNOWN,UNKNOWN,UNKNOWN,SOURCE_ERROR,,,NOT_PROCESSED_RATE_LIMIT_STOP
ISCTR.IS:2024Q2,ISCTR.IS,ISCTR,2024Q2,2024-06-30,INTERIM,BANK,XBANK.IS,UNKNOWN,NON_CONSOLIDATED,,,2024-08-15,,[],,0,UNKNOWN,NONE,UNKNOWN,,UNKNOWN,UNKNOWN,UNKNOWN,SOURCE_ERROR,,,NOT_PROCESSED_RATE_LIMIT_STOP
ISCTR.IS:2024Q3,ISCTR.IS,ISCTR,2024Q3,2024-09-30,INTERIM,BANK,XBANK.IS,UNKNOWN,NON_CONSOLIDATED,,,2024-11-15,,[],,0,UNKNOWN,NONE,UNKNOWN,,UNKNOWN,UNKNOWN,UNKNOWN,SOURCE_ERROR,,,NOT_PROCESSED_RATE_LIMIT_STOP
ISCTR.IS:2024Q4,ISCTR.IS,ISCTR,2024Q4,2024-12-31,ANNUAL,BANK,XBANK.IS,UNKNOWN,NON_CONSOLIDATED,,,2025-03-15,,[],,0,UNKNOWN,NONE,UNKNOWN,,UNKNOWN,UNKNOWN,UNKNOWN,SOURCE_ERROR,,,NOT_PROCESSED_RATE_LIMIT_STOP
ISCTR.IS:2025Q1,ISCTR.IS,ISCTR,2025Q1,2025-03-31,INTERIM,BANK,XBANK.IS,UNKNOWN,NON_CONSOLIDATED,,,2025-05-15,,[],,0,UNKNOWN,NONE,UNKNOWN,,UNKNOWN,UNKNOWN,UNKNOWN,SOURCE_ERROR,,,NOT_PROCESSED_RATE_LIMIT_STOP
ISCTR.IS:2025Q2,ISCTR.IS,ISCTR,2025Q2,2025-06-30,INTERIM,BANK,XBANK.IS,UNKNOWN,NON_CONSOLIDATED,,,2025-08-15,,[],,0,UNKNOWN,NONE,UNKNOWN,,UNKNOWN,UNKNOWN,UNKNOWN,SOURCE_ERROR,,,NOT_PROCESSED_RATE_LIMIT_STOP
ISCTR.IS:2025Q3,ISCTR.IS,ISCTR,2025Q3,2025-09-30,INTERIM,BANK,XBANK.IS,UNKNOWN,NON_CONSOLIDATED,,,2025-11-15,,[],,0,UNKNOWN,NONE,UNKNOWN,,UNKNOWN,UNKNOWN,UNKNOWN,SOURCE_ERROR,,,NOT_PROCESSED_RATE_LIMIT_STOP
ISCTR.IS:2025Q4,ISCTR.IS,ISCTR,2025Q4,2025-12-31,ANNUAL,BANK,XBANK.IS,UNKNOWN,NON_CONSOLIDATED,,,2026-03-15,,[],,0,UNKNOWN,NONE,UNKNOWN,,UNKNOWN,UNKNOWN,UNKNOWN,SOURCE_ERROR,,,NOT_PROCESSED_RATE_LIMIT_STOP
ISCTR.IS:2026Q1,ISCTR.IS,ISCTR,2026Q1,2026-03-31,INTERIM,BANK,XBANK.IS,UNKNOWN,NON_CONSOLIDATED,,,2026-05-15,,[],,0,UNKNOWN,NONE,UNKNOWN,,UNKNOWN,UNKNOWN,UNKNOWN,SOURCE_ERROR,,,NOT_PROCESSED_RATE_LIMIT_STOP
ISCTR.IS:2026Q2,ISCTR.IS,ISCTR,2026Q2,2026-06-30,INTERIM,BANK,XBANK.IS,UNKNOWN,NON_CONSOLIDATED,,,2026-08-15,,[],,0,UNKNOWN,NONE,UNKNOWN,,UNKNOWN,UNKNOWN,UNKNOWN,SOURCE_ERROR,,,NOT_PROCESSED_RATE_LIMIT_STOP
ISGYO.IS:2018Q1,ISGYO.IS,ISGYO,2018Q1,2018-03-31,INTERIM,INDUSTRIAL_OR_HOLDING,XU100.IS,UNKNOWN,CONSOLIDATED,,,2018-05-15,,[],,0,UNKNOWN,NONE,UNKNOWN,,UNKNOWN,UNKNOWN,UNKNOWN,SOURCE_ERROR,,,NOT_PROCESSED_RATE_LIMIT_STOP
ISGYO.IS:2018Q2,ISGYO.IS,ISGYO,2018Q2,2018-06-30,INTERIM,INDUSTRIAL_OR_HOLDING,XU100.IS,UNKNOWN,CONSOLIDATED,,,2018-08-15,,[],,0,UNKNOWN,NONE,UNKNOWN,,UNKNOWN,UNKNOWN,UNKNOWN,SOURCE_ERROR,,,NOT_PROCESSED_RATE_LIMIT_STOP
ISGYO.IS:2018Q3,ISGYO.IS,ISGYO,2018Q3,2018-09-30,INTERIM,INDUSTRIAL_OR_HOLDING,XU100.IS,UNKNOWN,CONSOLIDATED,,,2018-11-15,,[],,0,UNKNOWN,NONE,UNKNOWN,,UNKNOWN,UNKNOWN,UNKNOWN,SOURCE_ERROR,,,NOT_PROCESSED_RATE_LIMIT_STOP
ISGYO.IS:2018Q4,ISGYO.IS,ISGYO,2018Q4,2018-12-31,ANNUAL,INDUSTRIAL_OR_HOLDING,XU100.IS,UNKNOWN,CONSOLIDATED,,,2019-03-15,,[],,0,UNKNOWN,NONE,UNKNOWN,,UNKNOWN,UNKNOWN,UNKNOWN,SOURCE_ERROR,,,NOT_PROCESSED_RATE_LIMIT_STOP
ISGYO.IS:2019Q1,ISGYO.IS,ISGYO,2019Q1,2019-03-31,INTERIM,INDUSTRIAL_OR_HOLDING,XU100.IS,UNKNOWN,CONSOLIDATED,,,2019-05-15,,[],,0,UNKNOWN,NONE,UNKNOWN,,UNKNOWN,UNKNOWN,UNKNOWN,SOURCE_ERROR,,,NOT_PROCESSED_RATE_LIMIT_STOP
ISGYO.IS:2019Q2,ISGYO.IS,ISGYO,2019Q2,2019-06-30,INTERIM,INDUSTRIAL_OR_HOLDING,XU100.IS,UNKNOWN,CONSOLIDATED,,,2019-08-15,,[],,0,UNKNOWN,NONE,UNKNOWN,,UNKNOWN,UNKNOWN,UNKNOWN,SOURCE_ERROR,,,NOT_PROCESSED_RATE_LIMIT_STOP
ISGYO.IS:2019Q3,ISGYO.IS,ISGYO,2019Q3,2019-09-30,INTERIM,INDUSTRIAL_OR_HOLDING,XU100.IS,UNKNOWN,CONSOLIDATED,,,2019-11-15,,[],,0,UNKNOWN,NONE,UNKNOWN,,UNKNOWN,UNKNOWN,UNKNOWN,SOURCE_ERROR,,,NOT_PROCESSED_RATE_LIMIT_STOP
ISGYO.IS:2019Q4,ISGYO.IS,ISGYO,2019Q4,2019-12-31,ANNUAL,INDUSTRIAL_OR_HOLDING,XU100.IS,UNKNOWN,CONSOLIDATED,,,2020-03-15,,[],,0,UNKNOWN,NONE,UNKNOWN,,UNKNOWN,UNKNOWN,UNKNOWN,SOURCE_ERROR,,,NOT_PROCESSED_RATE_LIMIT_STOP
ISGYO.IS:2020Q1,ISGYO.IS,ISGYO,2020Q1,2020-03-31,INTERIM,INDUSTRIAL_OR_HOLDING,XU100.IS,UNKNOWN,CONSOLIDATED,,,2020-05-15,,[],,0,UNKNOWN,NONE,UNKNOWN,,UNKNOWN,UNKNOWN,UNKNOWN,SOURCE_ERROR,,,NOT_PROCESSED_RATE_LIMIT_STOP
ISGYO.IS:2020Q2,ISGYO.IS,ISGYO,2020Q2,2020-06-30,INTERIM,INDUSTRIAL_OR_HOLDING,XU100.IS,UNKNOWN,CONSOLIDATED,,,2020-08-15,,[],,0,UNKNOWN,NONE,UNKNOWN,,UNKNOWN,UNKNOWN,UNKNOWN,SOURCE_ERROR,,,NOT_PROCESSED_RATE_LIMIT_STOP
ISGYO.IS:2020Q3,ISGYO.IS,ISGYO,2020Q3,2020-09-30,INTERIM,INDUSTRIAL_OR_HOLDING,XU100.IS,UNKNOWN,CONSOLIDATED,,,2020-11-15,,[],,0,UNKNOWN,NONE,UNKNOWN,,UNKNOWN,UNKNOWN,UNKNOWN,SOURCE_ERROR,,,NOT_PROCESSED_RATE_LIMIT_STOP
ISGYO.IS:2020Q4,ISGYO.IS,ISGYO,2020Q4,2020-12-31,ANNUAL,INDUSTRIAL_OR_HOLDING,XU100.IS,UNKNOWN,CONSOLIDATED,,,2021-03-15,,[],,0,UNKNOWN,NONE,UNKNOWN,,UNKNOWN,UNKNOWN,UNKNOWN,SOURCE_ERROR,,,NOT_PROCESSED_RATE_LIMIT_STOP
ISGYO.IS:2021Q1,ISGYO.IS,ISGYO,2021Q1,2021-03-31,INTERIM,INDUSTRIAL_OR_HOLDING,XU100.IS,UNKNOWN,CONSOLIDATED,,,2021-05-15,,[],,0,UNKNOWN,NONE,UNKNOWN,,UNKNOWN,UNKNOWN,UNKNOWN,SOURCE_ERROR,,,NOT_PROCESSED_RATE_LIMIT_STOP
ISGYO.IS:2021Q2,ISGYO.IS,ISGYO,2021Q2,2021-06-30,INTERIM,INDUSTRIAL_OR_HOLDING,XU100.IS,UNKNOWN,CONSOLIDATED,,,2021-08-15,,[],,0,UNKNOWN,NONE,UNKNOWN,,UNKNOWN,UNKNOWN,UNKNOWN,SOURCE_ERROR,,,NOT_PROCESSED_RATE_LIMIT_STOP
ISGYO.IS:2021Q3,ISGYO.IS,ISGYO,2021Q3,2021-09-30,INTERIM,INDUSTRIAL_OR_HOLDING,XU100.IS,UNKNOWN,CONSOLIDATED,,,2021-11-15,,[],,0,UNKNOWN,NONE,UNKNOWN,,UNKNOWN,UNKNOWN,UNKNOWN,SOURCE_ERROR,,,NOT_PROCESSED_RATE_LIMIT_STOP
ISGYO.IS:2021Q4,ISGYO.IS,ISGYO,2021Q4,2021-12-31,ANNUAL,INDUSTRIAL_OR_HOLDING,XU100.IS,UNKNOWN,CONSOLIDATED,,,2022-03-15,,[],,0,UNKNOWN,NONE,UNKNOWN,,UNKNOWN,UNKNOWN,UNKNOWN,SOURCE_ERROR,,,NOT_PROCESSED_RATE_LIMIT_STOP
ISGYO.IS:2022Q1,ISGYO.IS,ISGYO,2022Q1,2022-03-31,INTERIM,INDUSTRIAL_OR_HOLDING,XU100.IS,UNKNOWN,CONSOLIDATED,,,2022-05-15,,[],,0,UNKNOWN,NONE,UNKNOWN,,UNKNOWN,UNKNOWN,UNKNOWN,SOURCE_ERROR,,,NOT_PROCESSED_RATE_LIMIT_STOP
ISGYO.IS:2022Q2,ISGYO.IS,ISGYO,2022Q2,2022-06-30,INTERIM,INDUSTRIAL_OR_HOLDING,XU100.IS,UNKNOWN,CONSOLIDATED,,,2022-08-15,,[],,0,UNKNOWN,NONE,UNKNOWN,,UNKNOWN,UNKNOWN,UNKNOWN,SOURCE_ERROR,,,NOT_PROCESSED_RATE_LIMIT_STOP
ISGYO.IS:2022Q3,ISGYO.IS,ISGYO,2022Q3,2022-09-30,INTERIM,INDUSTRIAL_OR_HOLDING,XU100.IS,UNKNOWN,CONSOLIDATED,,,2022-11-15,,[],,0,UNKNOWN,NONE,UNKNOWN,,UNKNOWN,UNKNOWN,UNKNOWN,SOURCE_ERROR,,,NOT_PROCESSED_RATE_LIMIT_STOP
ISGYO.IS:2022Q4,ISGYO.IS,ISGYO,2022Q4,2022-12-31,ANNUAL,INDUSTRIAL_OR_HOLDING,XU100.IS,UNKNOWN,CONSOLIDATED,,,2023-03-15,,[],,0,UNKNOWN,NONE,UNKNOWN,,UNKNOWN,UNKNOWN,UNKNOWN,SOURCE_ERROR,,,NOT_PROCESSED_RATE_LIMIT_STOP
ISGYO.IS:2023Q1,ISGYO.IS,ISGYO,2023Q1,2023-03-31,INTERIM,INDUSTRIAL_OR_HOLDING,XU100.IS,UNKNOWN,CONSOLIDATED,,,2023-05-15,,[],,0,UNKNOWN,NONE,UNKNOWN,,UNKNOWN,UNKNOWN,UNKNOWN,SOURCE_ERROR,,,NOT_PROCESSED_RATE_LIMIT_STOP
ISGYO.IS:2023Q2,ISGYO.IS,ISGYO,2023Q2,2023-06-30,INTERIM,INDUSTRIAL_OR_HOLDING,XU100.IS,UNKNOWN,CONSOLIDATED,,,2023-08-15,,[],,0,UNKNOWN,NONE,UNKNOWN,,UNKNOWN,UNKNOWN,UNKNOWN,SOURCE_ERROR,,,NOT_PROCESSED_RATE_LIMIT_STOP
ISGYO.IS:2023Q3,ISGYO.IS,ISGYO,2023Q3,2023-09-30,INTERIM,INDUSTRIAL_OR_HOLDING,XU100.IS,UNKNOWN,CONSOLIDATED,,,2023-11-15,,[],,0,UNKNOWN,NONE,UNKNOWN,,UNKNOWN,UNKNOWN,UNKNOWN,SOURCE_ERROR,,,NOT_PROCESSED_RATE_LIMIT_STOP
ISGYO.IS:2023Q4,ISGYO.IS,ISGYO,2023Q4,2023-12-31,ANNUAL,INDUSTRIAL_OR_HOLDING,XU100.IS,UNKNOWN,CONSOLIDATED,,,2024-03-15,,[],,0,UNKNOWN,NONE,UNKNOWN,,UNKNOWN,UNKNOWN,UNKNOWN,SOURCE_ERROR,,,NOT_PROCESSED_RATE_LIMIT_STOP
ISGYO.IS:2024Q1,ISGYO.IS,ISGYO,2024Q1,2024-03-31,INTERIM,INDUSTRIAL_OR_HOLDING,XU100.IS,UNKNOWN,CONSOLIDATED,,,2024-05-15,,[],,0,UNKNOWN,NONE,UNKNOWN,,UNKNOWN,UNKNOWN,UNKNOWN,SOURCE_ERROR,,,NOT_PROCESSED_RATE_LIMIT_STOP
ISGYO.IS:2024Q2,ISGYO.IS,ISGYO,2024Q2,2024-06-30,INTERIM,INDUSTRIAL_OR_HOLDING,XU100.IS,UNKNOWN,CONSOLIDATED,,,2024-08-15,,[],,0,UNKNOWN,NONE,UNKNOWN,,UNKNOWN,UNKNOWN,UNKNOWN,SOURCE_ERROR,,,NOT_PROCESSED_RATE_LIMIT_STOP
ISGYO.IS:2024Q3,ISGYO.IS,ISGYO,2024Q3,2024-09-30,INTERIM,INDUSTRIAL_OR_HOLDING,XU100.IS,UNKNOWN,CONSOLIDATED,,,2024-11-15,,[],,0,UNKNOWN,NONE,UNKNOWN,,UNKNOWN,UNKNOWN,UNKNOWN,SOURCE_ERROR,,,NOT_PROCESSED_RATE_LIMIT_STOP
ISGYO.IS:2024Q4,ISGYO.IS,ISGYO,2024Q4,2024-12-31,ANNUAL,INDUSTRIAL_OR_HOLDING,XU100.IS,UNKNOWN,CONSOLIDATED,,,2025-03-15,,[],,0,UNKNOWN,NONE,UNKNOWN,,UNKNOWN,UNKNOWN,UNKNOWN,SOURCE_ERROR,,,NOT_PROCESSED_RATE_LIMIT_STOP
ISGYO.IS:2025Q1,ISGYO.IS,ISGYO,2025Q1,2025-03-31,INTERIM,INDUSTRIAL_OR_HOLDING,XU100.IS,UNKNOWN,CONSOLIDATED,,,2025-05-15,,[],,0,UNKNOWN,NONE,UNKNOWN,,UNKNOWN,UNKNOWN,UNKNOWN,SOURCE_ERROR,,,NOT_PROCESSED_RATE_LIMIT_STOP
ISGYO.IS:2025Q2,ISGYO.IS,ISGYO,2025Q2,2025-06-30,INTERIM,INDUSTRIAL_OR_HOLDING,XU100.IS,UNKNOWN,CONSOLIDATED,,,2025-08-15,,[],,0,UNKNOWN,NONE,UNKNOWN,,UNKNOWN,UNKNOWN,UNKNOWN,SOURCE_ERROR,,,NOT_PROCESSED_RATE_LIMIT_STOP
ISGYO.IS:2025Q3,ISGYO.IS,ISGYO,2025Q3,2025-09-30,INTERIM,INDUSTRIAL_OR_HOLDING,XU100.IS,UNKNOWN,CONSOLIDATED,,,2025-11-15,,[],,0,UNKNOWN,NONE,UNKNOWN,,UNKNOWN,UNKNOWN,UNKNOWN,SOURCE_ERROR,,,NOT_PROCESSED_RATE_LIMIT_STOP
ISGYO.IS:2025Q4,ISGYO.IS,ISGYO,2025Q4,2025-12-31,ANNUAL,INDUSTRIAL_OR_HOLDING,XU100.IS,UNKNOWN,CONSOLIDATED,,,2026-03-15,,[],,0,UNKNOWN,NONE,UNKNOWN,,UNKNOWN,UNKNOWN,UNKNOWN,SOURCE_ERROR,,,NOT_PROCESSED_RATE_LIMIT_STOP
ISGYO.IS:2026Q1,ISGYO.IS,ISGYO,2026Q1,2026-03-31,INTERIM,INDUSTRIAL_OR_HOLDING,XU100.IS,UNKNOWN,CONSOLIDATED,,,2026-05-15,,[],,0,UNKNOWN,NONE,UNKNOWN,,UNKNOWN,UNKNOWN,UNKNOWN,SOURCE_ERROR,,,NOT_PROCESSED_RATE_LIMIT_STOP
ISGYO.IS:2026Q2,ISGYO.IS,ISGYO,2026Q2,2026-06-30,INTERIM,INDUSTRIAL_OR_HOLDING,XU100.IS,UNKNOWN,CONSOLIDATED,,,2026-08-15,,[],,0,UNKNOWN,NONE,UNKNOWN,,UNKNOWN,UNKNOWN,UNKNOWN,SOURCE_ERROR,,,NOT_PROCESSED_RATE_LIMIT_STOP
KBORU.IS:2020Q4,KBORU.IS,KBORU,2020Q4,2020-12-31,ANNUAL,INDUSTRIAL_OR_HOLDING,XUSIN.IS,UNKNOWN,CONSOLIDATED,,,2021-03-15,,[],,0,UNKNOWN,NONE,UNKNOWN,,UNKNOWN,UNKNOWN,UNKNOWN,SOURCE_ERROR,,,NOT_PROCESSED_RATE_LIMIT_STOP
KBORU.IS:2021Q4,KBORU.IS,KBORU,2021Q4,2021-12-31,ANNUAL,INDUSTRIAL_OR_HOLDING,XUSIN.IS,UNKNOWN,CONSOLIDATED,,,2022-03-15,,[],,0,UNKNOWN,NONE,UNKNOWN,,UNKNOWN,UNKNOWN,UNKNOWN,SOURCE_ERROR,,,NOT_PROCESSED_RATE_LIMIT_STOP
KBORU.IS:2022Q2,KBORU.IS,KBORU,2022Q2,2022-06-30,INTERIM,INDUSTRIAL_OR_HOLDING,XUSIN.IS,UNKNOWN,CONSOLIDATED,,,2022-08-15,,[],,0,UNKNOWN,NONE,UNKNOWN,,UNKNOWN,UNKNOWN,UNKNOWN,SOURCE_ERROR,,,NOT_PROCESSED_RATE_LIMIT_STOP
KBORU.IS:2022Q3,KBORU.IS,KBORU,2022Q3,2022-09-30,INTERIM,INDUSTRIAL_OR_HOLDING,XUSIN.IS,UNKNOWN,CONSOLIDATED,,,2022-11-15,,[],,0,UNKNOWN,NONE,UNKNOWN,,UNKNOWN,UNKNOWN,UNKNOWN,SOURCE_ERROR,,,NOT_PROCESSED_RATE_LIMIT_STOP
KBORU.IS:2022Q4,KBORU.IS,KBORU,2022Q4,2022-12-31,ANNUAL,INDUSTRIAL_OR_HOLDING,XUSIN.IS,UNKNOWN,CONSOLIDATED,,,2023-03-15,,[],,0,UNKNOWN,NONE,UNKNOWN,,UNKNOWN,UNKNOWN,UNKNOWN,SOURCE_ERROR,,,NOT_PROCESSED_RATE_LIMIT_STOP
KBORU.IS:2023Q1,KBORU.IS,KBORU,2023Q1,2023-03-31,INTERIM,INDUSTRIAL_OR_HOLDING,XUSIN.IS,UNKNOWN,CONSOLIDATED,,,2023-05-15,,[],,0,UNKNOWN,NONE,UNKNOWN,,UNKNOWN,UNKNOWN,UNKNOWN,SOURCE_ERROR,,,NOT_PROCESSED_RATE_LIMIT_STOP
KBORU.IS:2023Q2,KBORU.IS,KBORU,2023Q2,2023-06-30,INTERIM,INDUSTRIAL_OR_HOLDING,XUSIN.IS,UNKNOWN,CONSOLIDATED,,,2023-08-15,,[],,0,UNKNOWN,NONE,UNKNOWN,,UNKNOWN,UNKNOWN,UNKNOWN,SOURCE_ERROR,,,NOT_PROCESSED_RATE_LIMIT_STOP
KBORU.IS:2023Q3,KBORU.IS,KBORU,2023Q3,2023-09-30,INTERIM,INDUSTRIAL_OR_HOLDING,XUSIN.IS,UNKNOWN,CONSOLIDATED,,,2023-11-15,,[],,0,UNKNOWN,NONE,UNKNOWN,,UNKNOWN,UNKNOWN,UNKNOWN,SOURCE_ERROR,,,NOT_PROCESSED_RATE_LIMIT_STOP
KBORU.IS:2023Q4,KBORU.IS,KBORU,2023Q4,2023-12-31,ANNUAL,INDUSTRIAL_OR_HOLDING,XUSIN.IS,UNKNOWN,CONSOLIDATED,,,2024-03-15,,[],,0,UNKNOWN,NONE,UNKNOWN,,UNKNOWN,UNKNOWN,UNKNOWN,SOURCE_ERROR,,,NOT_PROCESSED_RATE_LIMIT_STOP
KBORU.IS:2024Q1,KBORU.IS,KBORU,2024Q1,2024-03-31,INTERIM,INDUSTRIAL_OR_HOLDING,XUSIN.IS,UNKNOWN,CONSOLIDATED,,,2024-05-15,,[],,0,UNKNOWN,NONE,UNKNOWN,,UNKNOWN,UNKNOWN,UNKNOWN,SOURCE_ERROR,,,NOT_PROCESSED_RATE_LIMIT_STOP
KBORU.IS:2024Q2,KBORU.IS,KBORU,2024Q2,2024-06-30,INTERIM,INDUSTRIAL_OR_HOLDING,XUSIN.IS,UNKNOWN,CONSOLIDATED,,,2024-08-15,,[],,0,UNKNOWN,NONE,UNKNOWN,,UNKNOWN,UNKNOWN,UNKNOWN,SOURCE_ERROR,,,NOT_PROCESSED_RATE_LIMIT_STOP
KBORU.IS:2024Q3,KBORU.IS,KBORU,2024Q3,2024-09-30,INTERIM,INDUSTRIAL_OR_HOLDING,XUSIN.IS,UNKNOWN,CONSOLIDATED,,,2024-11-15,,[],,0,UNKNOWN,NONE,UNKNOWN,,UNKNOWN,UNKNOWN,UNKNOWN,SOURCE_ERROR,,,NOT_PROCESSED_RATE_LIMIT_STOP
KBORU.IS:2024Q4,KBORU.IS,KBORU,2024Q4,2024-12-31,ANNUAL,INDUSTRIAL_OR_HOLDING,XUSIN.IS,UNKNOWN,CONSOLIDATED,,,2025-03-15,,[],,0,UNKNOWN,NONE,UNKNOWN,,UNKNOWN,UNKNOWN,UNKNOWN,SOURCE_ERROR,,,NOT_PROCESSED_RATE_LIMIT_STOP
KBORU.IS:2025Q1,KBORU.IS,KBORU,2025Q1,2025-03-31,INTERIM,INDUSTRIAL_OR_HOLDING,XUSIN.IS,UNKNOWN,CONSOLIDATED,,,2025-05-15,,[],,0,UNKNOWN,NONE,UNKNOWN,,UNKNOWN,UNKNOWN,UNKNOWN,SOURCE_ERROR,,,NOT_PROCESSED_RATE_LIMIT_STOP
KBORU.IS:2025Q2,KBORU.IS,KBORU,2025Q2,2025-06-30,INTERIM,INDUSTRIAL_OR_HOLDING,XUSIN.IS,UNKNOWN,CONSOLIDATED,,,2025-08-15,,[],,0,UNKNOWN,NONE,UNKNOWN,,UNKNOWN,UNKNOWN,UNKNOWN,SOURCE_ERROR,,,NOT_PROCESSED_RATE_LIMIT_STOP
KBORU.IS:2025Q3,KBORU.IS,KBORU,2025Q3,2025-09-30,INTERIM,INDUSTRIAL_OR_HOLDING,XUSIN.IS,UNKNOWN,CONSOLIDATED,,,2025-11-15,,[],,0,UNKNOWN,NONE,UNKNOWN,,UNKNOWN,UNKNOWN,UNKNOWN,SOURCE_ERROR,,,NOT_PROCESSED_RATE_LIMIT_STOP
KBORU.IS:2025Q4,KBORU.IS,KBORU,2025Q4,2025-12-31,ANNUAL,INDUSTRIAL_OR_HOLDING,XUSIN.IS,UNKNOWN,CONSOLIDATED,,,2026-03-15,,[],,0,UNKNOWN,NONE,UNKNOWN,,UNKNOWN,UNKNOWN,UNKNOWN,SOURCE_ERROR,,,NOT_PROCESSED_RATE_LIMIT_STOP
KBORU.IS:2026Q1,KBORU.IS,KBORU,2026Q1,2026-03-31,INTERIM,INDUSTRIAL_OR_HOLDING,XUSIN.IS,UNKNOWN,CONSOLIDATED,,,2026-05-15,,[],,0,UNKNOWN,NONE,UNKNOWN,,UNKNOWN,UNKNOWN,UNKNOWN,SOURCE_ERROR,,,NOT_PROCESSED_RATE_LIMIT_STOP
KBORU.IS:2026Q2,KBORU.IS,KBORU,2026Q2,2026-06-30,INTERIM,INDUSTRIAL_OR_HOLDING,XUSIN.IS,UNKNOWN,CONSOLIDATED,,,2026-08-15,,[],,0,UNKNOWN,NONE,UNKNOWN,,UNKNOWN,UNKNOWN,UNKNOWN,SOURCE_ERROR,,,NOT_PROCESSED_RATE_LIMIT_STOP
KCAER.IS:2019Q4,KCAER.IS,KCAER,2019Q4,2019-12-31,ANNUAL,INDUSTRIAL_OR_HOLDING,XUSIN.IS,UNKNOWN,CONSOLIDATED,,,2020-03-15,,[],,0,UNKNOWN,NONE,UNKNOWN,,UNKNOWN,UNKNOWN,UNKNOWN,SOURCE_ERROR,,,NOT_PROCESSED_RATE_LIMIT_STOP
KCAER.IS:2020Q4,KCAER.IS,KCAER,2020Q4,2020-12-31,ANNUAL,INDUSTRIAL_OR_HOLDING,XUSIN.IS,UNKNOWN,CONSOLIDATED,,,2021-03-15,,[],,0,UNKNOWN,NONE,UNKNOWN,,UNKNOWN,UNKNOWN,UNKNOWN,SOURCE_ERROR,,,NOT_PROCESSED_RATE_LIMIT_STOP
KCAER.IS:2021Q1,KCAER.IS,KCAER,2021Q1,2021-03-31,INTERIM,INDUSTRIAL_OR_HOLDING,XUSIN.IS,UNKNOWN,CONSOLIDATED,,,2021-05-15,,[],,0,UNKNOWN,NONE,UNKNOWN,,UNKNOWN,UNKNOWN,UNKNOWN,SOURCE_ERROR,,,NOT_PROCESSED_RATE_LIMIT_STOP
KCAER.IS:2021Q2,KCAER.IS,KCAER,2021Q2,2021-06-30,INTERIM,INDUSTRIAL_OR_HOLDING,XUSIN.IS,UNKNOWN,CONSOLIDATED,,,2021-08-15,,[],,0,UNKNOWN,NONE,UNKNOWN,,UNKNOWN,UNKNOWN,UNKNOWN,SOURCE_ERROR,,,NOT_PROCESSED_RATE_LIMIT_STOP
KCAER.IS:2021Q3,KCAER.IS,KCAER,2021Q3,2021-09-30,INTERIM,INDUSTRIAL_OR_HOLDING,XUSIN.IS,UNKNOWN,CONSOLIDATED,,,2021-11-15,,[],,0,UNKNOWN,NONE,UNKNOWN,,UNKNOWN,UNKNOWN,UNKNOWN,SOURCE_ERROR,,,NOT_PROCESSED_RATE_LIMIT_STOP
KCAER.IS:2021Q4,KCAER.IS,KCAER,2021Q4,2021-12-31,ANNUAL,INDUSTRIAL_OR_HOLDING,XUSIN.IS,UNKNOWN,CONSOLIDATED,,,2022-03-15,,[],,0,UNKNOWN,NONE,UNKNOWN,,UNKNOWN,UNKNOWN,UNKNOWN,SOURCE_ERROR,,,NOT_PROCESSED_RATE_LIMIT_STOP
KCAER.IS:2022Q1,KCAER.IS,KCAER,2022Q1,2022-03-31,INTERIM,INDUSTRIAL_OR_HOLDING,XUSIN.IS,UNKNOWN,CONSOLIDATED,,,2022-05-15,,[],,0,UNKNOWN,NONE,UNKNOWN,,UNKNOWN,UNKNOWN,UNKNOWN,SOURCE_ERROR,,,NOT_PROCESSED_RATE_LIMIT_STOP
KCAER.IS:2022Q2,KCAER.IS,KCAER,2022Q2,2022-06-30,INTERIM,INDUSTRIAL_OR_HOLDING,XUSIN.IS,UNKNOWN,CONSOLIDATED,,,2022-08-15,,[],,0,UNKNOWN,NONE,UNKNOWN,,UNKNOWN,UNKNOWN,UNKNOWN,SOURCE_ERROR,,,NOT_PROCESSED_RATE_LIMIT_STOP
KCAER.IS:2022Q3,KCAER.IS,KCAER,2022Q3,2022-09-30,INTERIM,INDUSTRIAL_OR_HOLDING,XUSIN.IS,UNKNOWN,CONSOLIDATED,,,2022-11-15,,[],,0,UNKNOWN,NONE,UNKNOWN,,UNKNOWN,UNKNOWN,UNKNOWN,SOURCE_ERROR,,,NOT_PROCESSED_RATE_LIMIT_STOP
KCAER.IS:2022Q4,KCAER.IS,KCAER,2022Q4,2022-12-31,ANNUAL,INDUSTRIAL_OR_HOLDING,XUSIN.IS,UNKNOWN,CONSOLIDATED,,,2023-03-15,,[],,0,UNKNOWN,NONE,UNKNOWN,,UNKNOWN,UNKNOWN,UNKNOWN,SOURCE_ERROR,,,NOT_PROCESSED_RATE_LIMIT_STOP
KCAER.IS:2023Q1,KCAER.IS,KCAER,2023Q1,2023-03-31,INTERIM,INDUSTRIAL_OR_HOLDING,XUSIN.IS,UNKNOWN,CONSOLIDATED,,,2023-05-15,,[],,0,UNKNOWN,NONE,UNKNOWN,,UNKNOWN,UNKNOWN,UNKNOWN,SOURCE_ERROR,,,NOT_PROCESSED_RATE_LIMIT_STOP
KCAER.IS:2023Q2,KCAER.IS,KCAER,2023Q2,2023-06-30,INTERIM,INDUSTRIAL_OR_HOLDING,XUSIN.IS,UNKNOWN,CONSOLIDATED,,,2023-08-15,,[],,0,UNKNOWN,NONE,UNKNOWN,,UNKNOWN,UNKNOWN,UNKNOWN,SOURCE_ERROR,,,NOT_PROCESSED_RATE_LIMIT_STOP
KCAER.IS:2023Q3,KCAER.IS,KCAER,2023Q3,2023-09-30,INTERIM,INDUSTRIAL_OR_HOLDING,XUSIN.IS,UNKNOWN,CONSOLIDATED,,,2023-11-15,,[],,0,UNKNOWN,NONE,UNKNOWN,,UNKNOWN,UNKNOWN,UNKNOWN,SOURCE_ERROR,,,NOT_PROCESSED_RATE_LIMIT_STOP
KCAER.IS:2023Q4,KCAER.IS,KCAER,2023Q4,2023-12-31,ANNUAL,INDUSTRIAL_OR_HOLDING,XUSIN.IS,UNKNOWN,CONSOLIDATED,,,2024-03-15,,[],,0,UNKNOWN,NONE,UNKNOWN,,UNKNOWN,UNKNOWN,UNKNOWN,SOURCE_ERROR,,,NOT_PROCESSED_RATE_LIMIT_STOP
KCAER.IS:2024Q1,KCAER.IS,KCAER,2024Q1,2024-03-31,INTERIM,INDUSTRIAL_OR_HOLDING,XUSIN.IS,UNKNOWN,CONSOLIDATED,,,2024-05-15,,[],,0,UNKNOWN,NONE,UNKNOWN,,UNKNOWN,UNKNOWN,UNKNOWN,SOURCE_ERROR,,,NOT_PROCESSED_RATE_LIMIT_STOP
KCAER.IS:2024Q2,KCAER.IS,KCAER,2024Q2,2024-06-30,INTERIM,INDUSTRIAL_OR_HOLDING,XUSIN.IS,UNKNOWN,CONSOLIDATED,,,2024-08-15,,[],,0,UNKNOWN,NONE,UNKNOWN,,UNKNOWN,UNKNOWN,UNKNOWN,SOURCE_ERROR,,,NOT_PROCESSED_RATE_LIMIT_STOP
KCAER.IS:2024Q3,KCAER.IS,KCAER,2024Q3,2024-09-30,INTERIM,INDUSTRIAL_OR_HOLDING,XUSIN.IS,UNKNOWN,CONSOLIDATED,,,2024-11-15,,[],,0,UNKNOWN,NONE,UNKNOWN,,UNKNOWN,UNKNOWN,UNKNOWN,SOURCE_ERROR,,,NOT_PROCESSED_RATE_LIMIT_STOP
KCAER.IS:2024Q4,KCAER.IS,KCAER,2024Q4,2024-12-31,ANNUAL,INDUSTRIAL_OR_HOLDING,XUSIN.IS,UNKNOWN,CONSOLIDATED,,,2025-03-15,,[],,0,UNKNOWN,NONE,UNKNOWN,,UNKNOWN,UNKNOWN,UNKNOWN,SOURCE_ERROR,,,NOT_PROCESSED_RATE_LIMIT_STOP
KCAER.IS:2025Q1,KCAER.IS,KCAER,2025Q1,2025-03-31,INTERIM,INDUSTRIAL_OR_HOLDING,XUSIN.IS,UNKNOWN,CONSOLIDATED,,,2025-05-15,,[],,0,UNKNOWN,NONE,UNKNOWN,,UNKNOWN,UNKNOWN,UNKNOWN,SOURCE_ERROR,,,NOT_PROCESSED_RATE_LIMIT_STOP
KCAER.IS:2025Q2,KCAER.IS,KCAER,2025Q2,2025-06-30,INTERIM,INDUSTRIAL_OR_HOLDING,XUSIN.IS,UNKNOWN,CONSOLIDATED,,,2025-08-15,,[],,0,UNKNOWN,NONE,UNKNOWN,,UNKNOWN,UNKNOWN,UNKNOWN,SOURCE_ERROR,,,NOT_PROCESSED_RATE_LIMIT_STOP
KCAER.IS:2025Q3,KCAER.IS,KCAER,2025Q3,2025-09-30,INTERIM,INDUSTRIAL_OR_HOLDING,XUSIN.IS,UNKNOWN,CONSOLIDATED,,,2025-11-15,,[],,0,UNKNOWN,NONE,UNKNOWN,,UNKNOWN,UNKNOWN,UNKNOWN,SOURCE_ERROR,,,NOT_PROCESSED_RATE_LIMIT_STOP
KCAER.IS:2025Q4,KCAER.IS,KCAER,2025Q4,2025-12-31,ANNUAL,INDUSTRIAL_OR_HOLDING,XUSIN.IS,UNKNOWN,CONSOLIDATED,,,2026-03-15,,[],,0,UNKNOWN,NONE,UNKNOWN,,UNKNOWN,UNKNOWN,UNKNOWN,SOURCE_ERROR,,,NOT_PROCESSED_RATE_LIMIT_STOP
KCAER.IS:2026Q1,KCAER.IS,KCAER,2026Q1,2026-03-31,INTERIM,INDUSTRIAL_OR_HOLDING,XUSIN.IS,UNKNOWN,CONSOLIDATED,,,2026-05-15,,[],,0,UNKNOWN,NONE,UNKNOWN,,UNKNOWN,UNKNOWN,UNKNOWN,SOURCE_ERROR,,,NOT_PROCESSED_RATE_LIMIT_STOP
KCAER.IS:2026Q2,KCAER.IS,KCAER,2026Q2,2026-06-30,INTERIM,INDUSTRIAL_OR_HOLDING,XUSIN.IS,UNKNOWN,CONSOLIDATED,,,2026-08-15,,[],,0,UNKNOWN,NONE,UNKNOWN,,UNKNOWN,UNKNOWN,UNKNOWN,SOURCE_ERROR,,,NOT_PROCESSED_RATE_LIMIT_STOP
KCHOL.IS:2018Q1,KCHOL.IS,KCHOL,2018Q1,2018-03-31,INTERIM,INDUSTRIAL_OR_HOLDING,XUSIN.IS,UNKNOWN,CONSOLIDATED,,,2018-05-15,,[],,0,UNKNOWN,NONE,UNKNOWN,,UNKNOWN,UNKNOWN,UNKNOWN,SOURCE_ERROR,,,NOT_PROCESSED_RATE_LIMIT_STOP
KCHOL.IS:2018Q2,KCHOL.IS,KCHOL,2018Q2,2018-06-30,INTERIM,INDUSTRIAL_OR_HOLDING,XUSIN.IS,UNKNOWN,CONSOLIDATED,,,2018-08-15,,[],,0,UNKNOWN,NONE,UNKNOWN,,UNKNOWN,UNKNOWN,UNKNOWN,SOURCE_ERROR,,,NOT_PROCESSED_RATE_LIMIT_STOP
KCHOL.IS:2018Q3,KCHOL.IS,KCHOL,2018Q3,2018-09-30,INTERIM,INDUSTRIAL_OR_HOLDING,XUSIN.IS,UNKNOWN,CONSOLIDATED,,,2018-11-15,,[],,0,UNKNOWN,NONE,UNKNOWN,,UNKNOWN,UNKNOWN,UNKNOWN,SOURCE_ERROR,,,NOT_PROCESSED_RATE_LIMIT_STOP
KCHOL.IS:2018Q4,KCHOL.IS,KCHOL,2018Q4,2018-12-31,ANNUAL,INDUSTRIAL_OR_HOLDING,XUSIN.IS,UNKNOWN,CONSOLIDATED,,,2019-03-15,,[],,0,UNKNOWN,NONE,UNKNOWN,,UNKNOWN,UNKNOWN,UNKNOWN,SOURCE_ERROR,,,NOT_PROCESSED_RATE_LIMIT_STOP
KCHOL.IS:2019Q1,KCHOL.IS,KCHOL,2019Q1,2019-03-31,INTERIM,INDUSTRIAL_OR_HOLDING,XUSIN.IS,UNKNOWN,CONSOLIDATED,,,2019-05-15,,[],,0,UNKNOWN,NONE,UNKNOWN,,UNKNOWN,UNKNOWN,UNKNOWN,SOURCE_ERROR,,,NOT_PROCESSED_RATE_LIMIT_STOP
KCHOL.IS:2019Q2,KCHOL.IS,KCHOL,2019Q2,2019-06-30,INTERIM,INDUSTRIAL_OR_HOLDING,XUSIN.IS,UNKNOWN,CONSOLIDATED,,,2019-08-15,,[],,0,UNKNOWN,NONE,UNKNOWN,,UNKNOWN,UNKNOWN,UNKNOWN,SOURCE_ERROR,,,NOT_PROCESSED_RATE_LIMIT_STOP
KCHOL.IS:2019Q3,KCHOL.IS,KCHOL,2019Q3,2019-09-30,INTERIM,INDUSTRIAL_OR_HOLDING,XUSIN.IS,UNKNOWN,CONSOLIDATED,,,2019-11-15,,[],,0,UNKNOWN,NONE,UNKNOWN,,UNKNOWN,UNKNOWN,UNKNOWN,SOURCE_ERROR,,,NOT_PROCESSED_RATE_LIMIT_STOP
KCHOL.IS:2019Q4,KCHOL.IS,KCHOL,2019Q4,2019-12-31,ANNUAL,INDUSTRIAL_OR_HOLDING,XUSIN.IS,UNKNOWN,CONSOLIDATED,,,2020-03-15,,[],,0,UNKNOWN,NONE,UNKNOWN,,UNKNOWN,UNKNOWN,UNKNOWN,SOURCE_ERROR,,,NOT_PROCESSED_RATE_LIMIT_STOP
KCHOL.IS:2020Q1,KCHOL.IS,KCHOL,2020Q1,2020-03-31,INTERIM,INDUSTRIAL_OR_HOLDING,XUSIN.IS,UNKNOWN,CONSOLIDATED,,,2020-05-15,,[],,0,UNKNOWN,NONE,UNKNOWN,,UNKNOWN,UNKNOWN,UNKNOWN,SOURCE_ERROR,,,NOT_PROCESSED_RATE_LIMIT_STOP
KCHOL.IS:2020Q2,KCHOL.IS,KCHOL,2020Q2,2020-06-30,INTERIM,INDUSTRIAL_OR_HOLDING,XUSIN.IS,UNKNOWN,CONSOLIDATED,,,2020-08-15,,[],,0,UNKNOWN,NONE,UNKNOWN,,UNKNOWN,UNKNOWN,UNKNOWN,SOURCE_ERROR,,,NOT_PROCESSED_RATE_LIMIT_STOP
KCHOL.IS:2020Q3,KCHOL.IS,KCHOL,2020Q3,2020-09-30,INTERIM,INDUSTRIAL_OR_HOLDING,XUSIN.IS,UNKNOWN,CONSOLIDATED,,,2020-11-15,,[],,0,UNKNOWN,NONE,UNKNOWN,,UNKNOWN,UNKNOWN,UNKNOWN,SOURCE_ERROR,,,NOT_PROCESSED_RATE_LIMIT_STOP
KCHOL.IS:2020Q4,KCHOL.IS,KCHOL,2020Q4,2020-12-31,ANNUAL,INDUSTRIAL_OR_HOLDING,XUSIN.IS,UNKNOWN,CONSOLIDATED,,,2021-03-15,,[],,0,UNKNOWN,NONE,UNKNOWN,,UNKNOWN,UNKNOWN,UNKNOWN,SOURCE_ERROR,,,NOT_PROCESSED_RATE_LIMIT_STOP
KCHOL.IS:2021Q1,KCHOL.IS,KCHOL,2021Q1,2021-03-31,INTERIM,INDUSTRIAL_OR_HOLDING,XUSIN.IS,UNKNOWN,CONSOLIDATED,,,2021-05-15,,[],,0,UNKNOWN,NONE,UNKNOWN,,UNKNOWN,UNKNOWN,UNKNOWN,SOURCE_ERROR,,,NOT_PROCESSED_RATE_LIMIT_STOP
KCHOL.IS:2021Q2,KCHOL.IS,KCHOL,2021Q2,2021-06-30,INTERIM,INDUSTRIAL_OR_HOLDING,XUSIN.IS,UNKNOWN,CONSOLIDATED,,,2021-08-15,,[],,0,UNKNOWN,NONE,UNKNOWN,,UNKNOWN,UNKNOWN,UNKNOWN,SOURCE_ERROR,,,NOT_PROCESSED_RATE_LIMIT_STOP
KCHOL.IS:2021Q3,KCHOL.IS,KCHOL,2021Q3,2021-09-30,INTERIM,INDUSTRIAL_OR_HOLDING,XUSIN.IS,UNKNOWN,CONSOLIDATED,,,2021-11-15,,[],,0,UNKNOWN,NONE,UNKNOWN,,UNKNOWN,UNKNOWN,UNKNOWN,SOURCE_ERROR,,,NOT_PROCESSED_RATE_LIMIT_STOP
KCHOL.IS:2021Q4,KCHOL.IS,KCHOL,2021Q4,2021-12-31,ANNUAL,INDUSTRIAL_OR_HOLDING,XUSIN.IS,UNKNOWN,CONSOLIDATED,,,2022-03-15,,[],,0,UNKNOWN,NONE,UNKNOWN,,UNKNOWN,UNKNOWN,UNKNOWN,SOURCE_ERROR,,,NOT_PROCESSED_RATE_LIMIT_STOP
KCHOL.IS:2022Q1,KCHOL.IS,KCHOL,2022Q1,2022-03-31,INTERIM,INDUSTRIAL_OR_HOLDING,XUSIN.IS,UNKNOWN,CONSOLIDATED,,,2022-05-15,,[],,0,UNKNOWN,NONE,UNKNOWN,,UNKNOWN,UNKNOWN,UNKNOWN,SOURCE_ERROR,,,NOT_PROCESSED_RATE_LIMIT_STOP
KCHOL.IS:2022Q2,KCHOL.IS,KCHOL,2022Q2,2022-06-30,INTERIM,INDUSTRIAL_OR_HOLDING,XUSIN.IS,UNKNOWN,CONSOLIDATED,,,2022-08-15,,[],,0,UNKNOWN,NONE,UNKNOWN,,UNKNOWN,UNKNOWN,UNKNOWN,SOURCE_ERROR,,,NOT_PROCESSED_RATE_LIMIT_STOP
KCHOL.IS:2022Q3,KCHOL.IS,KCHOL,2022Q3,2022-09-30,INTERIM,INDUSTRIAL_OR_HOLDING,XUSIN.IS,UNKNOWN,CONSOLIDATED,,,2022-11-15,,[],,0,UNKNOWN,NONE,UNKNOWN,,UNKNOWN,UNKNOWN,UNKNOWN,SOURCE_ERROR,,,NOT_PROCESSED_RATE_LIMIT_STOP
KCHOL.IS:2022Q4,KCHOL.IS,KCHOL,2022Q4,2022-12-31,ANNUAL,INDUSTRIAL_OR_HOLDING,XUSIN.IS,UNKNOWN,CONSOLIDATED,,,2023-03-15,,[],,0,UNKNOWN,NONE,UNKNOWN,,UNKNOWN,UNKNOWN,UNKNOWN,SOURCE_ERROR,,,NOT_PROCESSED_RATE_LIMIT_STOP
KCHOL.IS:2023Q1,KCHOL.IS,KCHOL,2023Q1,2023-03-31,INTERIM,INDUSTRIAL_OR_HOLDING,XUSIN.IS,UNKNOWN,CONSOLIDATED,,,2023-05-15,,[],,0,UNKNOWN,NONE,UNKNOWN,,UNKNOWN,UNKNOWN,UNKNOWN,SOURCE_ERROR,,,NOT_PROCESSED_RATE_LIMIT_STOP
KCHOL.IS:2023Q2,KCHOL.IS,KCHOL,2023Q2,2023-06-30,INTERIM,INDUSTRIAL_OR_HOLDING,XUSIN.IS,UNKNOWN,CONSOLIDATED,,,2023-08-15,,[],,0,UNKNOWN,NONE,UNKNOWN,,UNKNOWN,UNKNOWN,UNKNOWN,SOURCE_ERROR,,,NOT_PROCESSED_RATE_LIMIT_STOP
KCHOL.IS:2023Q3,KCHOL.IS,KCHOL,2023Q3,2023-09-30,INTERIM,INDUSTRIAL_OR_HOLDING,XUSIN.IS,UNKNOWN,CONSOLIDATED,,,2023-11-15,,[],,0,UNKNOWN,NONE,UNKNOWN,,UNKNOWN,UNKNOWN,UNKNOWN,SOURCE_ERROR,,,NOT_PROCESSED_RATE_LIMIT_STOP
KCHOL.IS:2023Q4,KCHOL.IS,KCHOL,2023Q4,2023-12-31,ANNUAL,INDUSTRIAL_OR_HOLDING,XUSIN.IS,UNKNOWN,CONSOLIDATED,,,2024-03-15,,[],,0,UNKNOWN,NONE,UNKNOWN,,UNKNOWN,UNKNOWN,UNKNOWN,SOURCE_ERROR,,,NOT_PROCESSED_RATE_LIMIT_STOP
KCHOL.IS:2024Q1,KCHOL.IS,KCHOL,2024Q1,2024-03-31,INTERIM,INDUSTRIAL_OR_HOLDING,XUSIN.IS,UNKNOWN,CONSOLIDATED,,,2024-05-15,,[],,0,UNKNOWN,NONE,UNKNOWN,,UNKNOWN,UNKNOWN,UNKNOWN,SOURCE_ERROR,,,NOT_PROCESSED_RATE_LIMIT_STOP
KCHOL.IS:2024Q2,KCHOL.IS,KCHOL,2024Q2,2024-06-30,INTERIM,INDUSTRIAL_OR_HOLDING,XUSIN.IS,UNKNOWN,CONSOLIDATED,,,2024-08-15,,[],,0,UNKNOWN,NONE,UNKNOWN,,UNKNOWN,UNKNOWN,UNKNOWN,SOURCE_ERROR,,,NOT_PROCESSED_RATE_LIMIT_STOP
KCHOL.IS:2024Q3,KCHOL.IS,KCHOL,2024Q3,2024-09-30,INTERIM,INDUSTRIAL_OR_HOLDING,XUSIN.IS,UNKNOWN,CONSOLIDATED,,,2024-11-15,,[],,0,UNKNOWN,NONE,UNKNOWN,,UNKNOWN,UNKNOWN,UNKNOWN,SOURCE_ERROR,,,NOT_PROCESSED_RATE_LIMIT_STOP
KCHOL.IS:2024Q4,KCHOL.IS,KCHOL,2024Q4,2024-12-31,ANNUAL,INDUSTRIAL_OR_HOLDING,XUSIN.IS,UNKNOWN,CONSOLIDATED,,,2025-03-15,,[],,0,UNKNOWN,NONE,UNKNOWN,,UNKNOWN,UNKNOWN,UNKNOWN,SOURCE_ERROR,,,NOT_PROCESSED_RATE_LIMIT_STOP
KCHOL.IS:2025Q1,KCHOL.IS,KCHOL,2025Q1,2025-03-31,INTERIM,INDUSTRIAL_OR_HOLDING,XUSIN.IS,UNKNOWN,CONSOLIDATED,,,2025-05-15,,[],,0,UNKNOWN,NONE,UNKNOWN,,UNKNOWN,UNKNOWN,UNKNOWN,SOURCE_ERROR,,,NOT_PROCESSED_RATE_LIMIT_STOP
KCHOL.IS:2025Q2,KCHOL.IS,KCHOL,2025Q2,2025-06-30,INTERIM,INDUSTRIAL_OR_HOLDING,XUSIN.IS,UNKNOWN,CONSOLIDATED,,,2025-08-15,,[],,0,UNKNOWN,NONE,UNKNOWN,,UNKNOWN,UNKNOWN,UNKNOWN,SOURCE_ERROR,,,NOT_PROCESSED_RATE_LIMIT_STOP
KCHOL.IS:2025Q3,KCHOL.IS,KCHOL,2025Q3,2025-09-30,INTERIM,INDUSTRIAL_OR_HOLDING,XUSIN.IS,UNKNOWN,CONSOLIDATED,,,2025-11-15,,[],,0,UNKNOWN,NONE,UNKNOWN,,UNKNOWN,UNKNOWN,UNKNOWN,SOURCE_ERROR,,,NOT_PROCESSED_RATE_LIMIT_STOP
KCHOL.IS:2025Q4,KCHOL.IS,KCHOL,2025Q4,2025-12-31,ANNUAL,INDUSTRIAL_OR_HOLDING,XUSIN.IS,UNKNOWN,CONSOLIDATED,,,2026-03-15,,[],,0,UNKNOWN,NONE,UNKNOWN,,UNKNOWN,UNKNOWN,UNKNOWN,SOURCE_ERROR,,,NOT_PROCESSED_RATE_LIMIT_STOP
KCHOL.IS:2026Q1,KCHOL.IS,KCHOL,2026Q1,2026-03-31,INTERIM,INDUSTRIAL_OR_HOLDING,XUSIN.IS,UNKNOWN,CONSOLIDATED,,,2026-05-15,,[],,0,UNKNOWN,NONE,UNKNOWN,,UNKNOWN,UNKNOWN,UNKNOWN,SOURCE_ERROR,,,NOT_PROCESSED_RATE_LIMIT_STOP
KCHOL.IS:2026Q2,KCHOL.IS,KCHOL,2026Q2,2026-06-30,INTERIM,INDUSTRIAL_OR_HOLDING,XUSIN.IS,UNKNOWN,CONSOLIDATED,,,2026-08-15,,[],,0,UNKNOWN,NONE,UNKNOWN,,UNKNOWN,UNKNOWN,UNKNOWN,SOURCE_ERROR,,,NOT_PROCESSED_RATE_LIMIT_STOP
KONTR.IS:2018Q4,KONTR.IS,KONTR,2018Q4,2018-12-31,ANNUAL,INDUSTRIAL_OR_HOLDING,XUSIN.IS,UNKNOWN,CONSOLIDATED,,,2019-03-15,,[],,0,UNKNOWN,NONE,UNKNOWN,,UNKNOWN,UNKNOWN,UNKNOWN,SOURCE_ERROR,,,NOT_PROCESSED_RATE_LIMIT_STOP
KONTR.IS:2019Q2,KONTR.IS,KONTR,2019Q2,2019-06-30,INTERIM,INDUSTRIAL_OR_HOLDING,XUSIN.IS,UNKNOWN,CONSOLIDATED,,,2019-08-15,,[],,0,UNKNOWN,NONE,UNKNOWN,,UNKNOWN,UNKNOWN,UNKNOWN,SOURCE_ERROR,,,NOT_PROCESSED_RATE_LIMIT_STOP
KONTR.IS:2019Q3,KONTR.IS,KONTR,2019Q3,2019-09-30,INTERIM,INDUSTRIAL_OR_HOLDING,XUSIN.IS,UNKNOWN,CONSOLIDATED,,,2019-11-15,,[],,0,UNKNOWN,NONE,UNKNOWN,,UNKNOWN,UNKNOWN,UNKNOWN,SOURCE_ERROR,,,NOT_PROCESSED_RATE_LIMIT_STOP
KONTR.IS:2019Q4,KONTR.IS,KONTR,2019Q4,2019-12-31,ANNUAL,INDUSTRIAL_OR_HOLDING,XUSIN.IS,UNKNOWN,CONSOLIDATED,,,2020-03-15,,[],,0,UNKNOWN,NONE,UNKNOWN,,UNKNOWN,UNKNOWN,UNKNOWN,SOURCE_ERROR,,,NOT_PROCESSED_RATE_LIMIT_STOP
KONTR.IS:2020Q1,KONTR.IS,KONTR,2020Q1,2020-03-31,INTERIM,INDUSTRIAL_OR_HOLDING,XUSIN.IS,UNKNOWN,CONSOLIDATED,,,2020-05-15,,[],,0,UNKNOWN,NONE,UNKNOWN,,UNKNOWN,UNKNOWN,UNKNOWN,SOURCE_ERROR,,,NOT_PROCESSED_RATE_LIMIT_STOP
KONTR.IS:2020Q2,KONTR.IS,KONTR,2020Q2,2020-06-30,INTERIM,INDUSTRIAL_OR_HOLDING,XUSIN.IS,UNKNOWN,CONSOLIDATED,,,2020-08-15,,[],,0,UNKNOWN,NONE,UNKNOWN,,UNKNOWN,UNKNOWN,UNKNOWN,SOURCE_ERROR,,,NOT_PROCESSED_RATE_LIMIT_STOP
KONTR.IS:2020Q3,KONTR.IS,KONTR,2020Q3,2020-09-30,INTERIM,INDUSTRIAL_OR_HOLDING,XUSIN.IS,UNKNOWN,CONSOLIDATED,,,2020-11-15,,[],,0,UNKNOWN,NONE,UNKNOWN,,UNKNOWN,UNKNOWN,UNKNOWN,SOURCE_ERROR,,,NOT_PROCESSED_RATE_LIMIT_STOP
KONTR.IS:2020Q4,KONTR.IS,KONTR,2020Q4,2020-12-31,ANNUAL,INDUSTRIAL_OR_HOLDING,XUSIN.IS,UNKNOWN,CONSOLIDATED,,,2021-03-15,,[],,0,UNKNOWN,NONE,UNKNOWN,,UNKNOWN,UNKNOWN,UNKNOWN,SOURCE_ERROR,,,NOT_PROCESSED_RATE_LIMIT_STOP
KONTR.IS:2021Q1,KONTR.IS,KONTR,2021Q1,2021-03-31,INTERIM,INDUSTRIAL_OR_HOLDING,XUSIN.IS,UNKNOWN,CONSOLIDATED,,,2021-05-15,,[],,0,UNKNOWN,NONE,UNKNOWN,,UNKNOWN,UNKNOWN,UNKNOWN,SOURCE_ERROR,,,NOT_PROCESSED_RATE_LIMIT_STOP
KONTR.IS:2021Q2,KONTR.IS,KONTR,2021Q2,2021-06-30,INTERIM,INDUSTRIAL_OR_HOLDING,XUSIN.IS,UNKNOWN,CONSOLIDATED,,,2021-08-15,,[],,0,UNKNOWN,NONE,UNKNOWN,,UNKNOWN,UNKNOWN,UNKNOWN,SOURCE_ERROR,,,NOT_PROCESSED_RATE_LIMIT_STOP
KONTR.IS:2021Q3,KONTR.IS,KONTR,2021Q3,2021-09-30,INTERIM,INDUSTRIAL_OR_HOLDING,XUSIN.IS,UNKNOWN,CONSOLIDATED,,,2021-11-15,,[],,0,UNKNOWN,NONE,UNKNOWN,,UNKNOWN,UNKNOWN,UNKNOWN,SOURCE_ERROR,,,NOT_PROCESSED_RATE_LIMIT_STOP
KONTR.IS:2021Q4,KONTR.IS,KONTR,2021Q4,2021-12-31,ANNUAL,INDUSTRIAL_OR_HOLDING,XUSIN.IS,UNKNOWN,CONSOLIDATED,,,2022-03-15,,[],,0,UNKNOWN,NONE,UNKNOWN,,UNKNOWN,UNKNOWN,UNKNOWN,SOURCE_ERROR,,,NOT_PROCESSED_RATE_LIMIT_STOP
KONTR.IS:2022Q1,KONTR.IS,KONTR,2022Q1,2022-03-31,INTERIM,INDUSTRIAL_OR_HOLDING,XUSIN.IS,UNKNOWN,CONSOLIDATED,,,2022-05-15,,[],,0,UNKNOWN,NONE,UNKNOWN,,UNKNOWN,UNKNOWN,UNKNOWN,SOURCE_ERROR,,,NOT_PROCESSED_RATE_LIMIT_STOP
KONTR.IS:2022Q2,KONTR.IS,KONTR,2022Q2,2022-06-30,INTERIM,INDUSTRIAL_OR_HOLDING,XUSIN.IS,UNKNOWN,CONSOLIDATED,,,2022-08-15,,[],,0,UNKNOWN,NONE,UNKNOWN,,UNKNOWN,UNKNOWN,UNKNOWN,SOURCE_ERROR,,,NOT_PROCESSED_RATE_LIMIT_STOP
KONTR.IS:2022Q3,KONTR.IS,KONTR,2022Q3,2022-09-30,INTERIM,INDUSTRIAL_OR_HOLDING,XUSIN.IS,UNKNOWN,CONSOLIDATED,,,2022-11-15,,[],,0,UNKNOWN,NONE,UNKNOWN,,UNKNOWN,UNKNOWN,UNKNOWN,SOURCE_ERROR,,,NOT_PROCESSED_RATE_LIMIT_STOP
KONTR.IS:2022Q4,KONTR.IS,KONTR,2022Q4,2022-12-31,ANNUAL,INDUSTRIAL_OR_HOLDING,XUSIN.IS,UNKNOWN,CONSOLIDATED,,,2023-03-15,,[],,0,UNKNOWN,NONE,UNKNOWN,,UNKNOWN,UNKNOWN,UNKNOWN,SOURCE_ERROR,,,NOT_PROCESSED_RATE_LIMIT_STOP
KONTR.IS:2023Q1,KONTR.IS,KONTR,2023Q1,2023-03-31,INTERIM,INDUSTRIAL_OR_HOLDING,XUSIN.IS,UNKNOWN,CONSOLIDATED,,,2023-05-15,,[],,0,UNKNOWN,NONE,UNKNOWN,,UNKNOWN,UNKNOWN,UNKNOWN,SOURCE_ERROR,,,NOT_PROCESSED_RATE_LIMIT_STOP
KONTR.IS:2023Q2,KONTR.IS,KONTR,2023Q2,2023-06-30,INTERIM,INDUSTRIAL_OR_HOLDING,XUSIN.IS,UNKNOWN,CONSOLIDATED,,,2023-08-15,,[],,0,UNKNOWN,NONE,UNKNOWN,,UNKNOWN,UNKNOWN,UNKNOWN,SOURCE_ERROR,,,NOT_PROCESSED_RATE_LIMIT_STOP
KONTR.IS:2023Q3,KONTR.IS,KONTR,2023Q3,2023-09-30,INTERIM,INDUSTRIAL_OR_HOLDING,XUSIN.IS,UNKNOWN,CONSOLIDATED,,,2023-11-15,,[],,0,UNKNOWN,NONE,UNKNOWN,,UNKNOWN,UNKNOWN,UNKNOWN,SOURCE_ERROR,,,NOT_PROCESSED_RATE_LIMIT_STOP
KONTR.IS:2023Q4,KONTR.IS,KONTR,2023Q4,2023-12-31,ANNUAL,INDUSTRIAL_OR_HOLDING,XUSIN.IS,UNKNOWN,CONSOLIDATED,,,2024-03-15,,[],,0,UNKNOWN,NONE,UNKNOWN,,UNKNOWN,UNKNOWN,UNKNOWN,SOURCE_ERROR,,,NOT_PROCESSED_RATE_LIMIT_STOP
KONTR.IS:2024Q1,KONTR.IS,KONTR,2024Q1,2024-03-31,INTERIM,INDUSTRIAL_OR_HOLDING,XUSIN.IS,UNKNOWN,CONSOLIDATED,,,2024-05-15,,[],,0,UNKNOWN,NONE,UNKNOWN,,UNKNOWN,UNKNOWN,UNKNOWN,SOURCE_ERROR,,,NOT_PROCESSED_RATE_LIMIT_STOP
KONTR.IS:2024Q2,KONTR.IS,KONTR,2024Q2,2024-06-30,INTERIM,INDUSTRIAL_OR_HOLDING,XUSIN.IS,UNKNOWN,CONSOLIDATED,,,2024-08-15,,[],,0,UNKNOWN,NONE,UNKNOWN,,UNKNOWN,UNKNOWN,UNKNOWN,SOURCE_ERROR,,,NOT_PROCESSED_RATE_LIMIT_STOP
KONTR.IS:2024Q3,KONTR.IS,KONTR,2024Q3,2024-09-30,INTERIM,INDUSTRIAL_OR_HOLDING,XUSIN.IS,UNKNOWN,CONSOLIDATED,,,2024-11-15,,[],,0,UNKNOWN,NONE,UNKNOWN,,UNKNOWN,UNKNOWN,UNKNOWN,SOURCE_ERROR,,,NOT_PROCESSED_RATE_LIMIT_STOP
KONTR.IS:2024Q4,KONTR.IS,KONTR,2024Q4,2024-12-31,ANNUAL,INDUSTRIAL_OR_HOLDING,XUSIN.IS,UNKNOWN,CONSOLIDATED,,,2025-03-15,,[],,0,UNKNOWN,NONE,UNKNOWN,,UNKNOWN,UNKNOWN,UNKNOWN,SOURCE_ERROR,,,NOT_PROCESSED_RATE_LIMIT_STOP
KONTR.IS:2025Q1,KONTR.IS,KONTR,2025Q1,2025-03-31,INTERIM,INDUSTRIAL_OR_HOLDING,XUSIN.IS,UNKNOWN,CONSOLIDATED,,,2025-05-15,,[],,0,UNKNOWN,NONE,UNKNOWN,,UNKNOWN,UNKNOWN,UNKNOWN,SOURCE_ERROR,,,NOT_PROCESSED_RATE_LIMIT_STOP
KONTR.IS:2025Q2,KONTR.IS,KONTR,2025Q2,2025-06-30,INTERIM,INDUSTRIAL_OR_HOLDING,XUSIN.IS,UNKNOWN,CONSOLIDATED,,,2025-08-15,,[],,0,UNKNOWN,NONE,UNKNOWN,,UNKNOWN,UNKNOWN,UNKNOWN,SOURCE_ERROR,,,NOT_PROCESSED_RATE_LIMIT_STOP
KONTR.IS:2025Q3,KONTR.IS,KONTR,2025Q3,2025-09-30,INTERIM,INDUSTRIAL_OR_HOLDING,XUSIN.IS,UNKNOWN,CONSOLIDATED,,,2025-11-15,,[],,0,UNKNOWN,NONE,UNKNOWN,,UNKNOWN,UNKNOWN,UNKNOWN,SOURCE_ERROR,,,NOT_PROCESSED_RATE_LIMIT_STOP
KONTR.IS:2025Q4,KONTR.IS,KONTR,2025Q4,2025-12-31,ANNUAL,INDUSTRIAL_OR_HOLDING,XUSIN.IS,UNKNOWN,CONSOLIDATED,,,2026-03-15,,[],,0,UNKNOWN,NONE,UNKNOWN,,UNKNOWN,UNKNOWN,UNKNOWN,SOURCE_ERROR,,,NOT_PROCESSED_RATE_LIMIT_STOP
KONTR.IS:2026Q1,KONTR.IS,KONTR,2026Q1,2026-03-31,INTERIM,INDUSTRIAL_OR_HOLDING,XUSIN.IS,UNKNOWN,CONSOLIDATED,,,2026-05-15,,[],,0,UNKNOWN,NONE,UNKNOWN,,UNKNOWN,UNKNOWN,UNKNOWN,SOURCE_ERROR,,,NOT_PROCESSED_RATE_LIMIT_STOP
KORDS.IS:2018Q1,KORDS.IS,KORDS,2018Q1,2018-03-31,INTERIM,INDUSTRIAL_OR_HOLDING,XUSIN.IS,UNKNOWN,CONSOLIDATED,,,2018-05-15,,[],,0,UNKNOWN,NONE,UNKNOWN,,UNKNOWN,UNKNOWN,UNKNOWN,SOURCE_ERROR,,,NOT_PROCESSED_RATE_LIMIT_STOP
KORDS.IS:2018Q2,KORDS.IS,KORDS,2018Q2,2018-06-30,INTERIM,INDUSTRIAL_OR_HOLDING,XUSIN.IS,UNKNOWN,CONSOLIDATED,,,2018-08-15,,[],,0,UNKNOWN,NONE,UNKNOWN,,UNKNOWN,UNKNOWN,UNKNOWN,SOURCE_ERROR,,,NOT_PROCESSED_RATE_LIMIT_STOP
KORDS.IS:2018Q3,KORDS.IS,KORDS,2018Q3,2018-09-30,INTERIM,INDUSTRIAL_OR_HOLDING,XUSIN.IS,UNKNOWN,CONSOLIDATED,,,2018-11-15,,[],,0,UNKNOWN,NONE,UNKNOWN,,UNKNOWN,UNKNOWN,UNKNOWN,SOURCE_ERROR,,,NOT_PROCESSED_RATE_LIMIT_STOP
KORDS.IS:2018Q4,KORDS.IS,KORDS,2018Q4,2018-12-31,ANNUAL,INDUSTRIAL_OR_HOLDING,XUSIN.IS,UNKNOWN,CONSOLIDATED,,,2019-03-15,,[],,0,UNKNOWN,NONE,UNKNOWN,,UNKNOWN,UNKNOWN,UNKNOWN,SOURCE_ERROR,,,NOT_PROCESSED_RATE_LIMIT_STOP
KORDS.IS:2019Q1,KORDS.IS,KORDS,2019Q1,2019-03-31,INTERIM,INDUSTRIAL_OR_HOLDING,XUSIN.IS,UNKNOWN,CONSOLIDATED,,,2019-05-15,,[],,0,UNKNOWN,NONE,UNKNOWN,,UNKNOWN,UNKNOWN,UNKNOWN,SOURCE_ERROR,,,NOT_PROCESSED_RATE_LIMIT_STOP
KORDS.IS:2019Q2,KORDS.IS,KORDS,2019Q2,2019-06-30,INTERIM,INDUSTRIAL_OR_HOLDING,XUSIN.IS,UNKNOWN,CONSOLIDATED,,,2019-08-15,,[],,0,UNKNOWN,NONE,UNKNOWN,,UNKNOWN,UNKNOWN,UNKNOWN,SOURCE_ERROR,,,NOT_PROCESSED_RATE_LIMIT_STOP
KORDS.IS:2019Q3,KORDS.IS,KORDS,2019Q3,2019-09-30,INTERIM,INDUSTRIAL_OR_HOLDING,XUSIN.IS,UNKNOWN,CONSOLIDATED,,,2019-11-15,,[],,0,UNKNOWN,NONE,UNKNOWN,,UNKNOWN,UNKNOWN,UNKNOWN,SOURCE_ERROR,,,NOT_PROCESSED_RATE_LIMIT_STOP
KORDS.IS:2019Q4,KORDS.IS,KORDS,2019Q4,2019-12-31,ANNUAL,INDUSTRIAL_OR_HOLDING,XUSIN.IS,UNKNOWN,CONSOLIDATED,,,2020-03-15,,[],,0,UNKNOWN,NONE,UNKNOWN,,UNKNOWN,UNKNOWN,UNKNOWN,SOURCE_ERROR,,,NOT_PROCESSED_RATE_LIMIT_STOP
KORDS.IS:2020Q1,KORDS.IS,KORDS,2020Q1,2020-03-31,INTERIM,INDUSTRIAL_OR_HOLDING,XUSIN.IS,UNKNOWN,CONSOLIDATED,,,2020-05-15,,[],,0,UNKNOWN,NONE,UNKNOWN,,UNKNOWN,UNKNOWN,UNKNOWN,SOURCE_ERROR,,,NOT_PROCESSED_RATE_LIMIT_STOP
KORDS.IS:2020Q2,KORDS.IS,KORDS,2020Q2,2020-06-30,INTERIM,INDUSTRIAL_OR_HOLDING,XUSIN.IS,UNKNOWN,CONSOLIDATED,,,2020-08-15,,[],,0,UNKNOWN,NONE,UNKNOWN,,UNKNOWN,UNKNOWN,UNKNOWN,SOURCE_ERROR,,,NOT_PROCESSED_RATE_LIMIT_STOP
KORDS.IS:2020Q3,KORDS.IS,KORDS,2020Q3,2020-09-30,INTERIM,INDUSTRIAL_OR_HOLDING,XUSIN.IS,UNKNOWN,CONSOLIDATED,,,2020-11-15,,[],,0,UNKNOWN,NONE,UNKNOWN,,UNKNOWN,UNKNOWN,UNKNOWN,SOURCE_ERROR,,,NOT_PROCESSED_RATE_LIMIT_STOP
KORDS.IS:2020Q4,KORDS.IS,KORDS,2020Q4,2020-12-31,ANNUAL,INDUSTRIAL_OR_HOLDING,XUSIN.IS,UNKNOWN,CONSOLIDATED,,,2021-03-15,,[],,0,UNKNOWN,NONE,UNKNOWN,,UNKNOWN,UNKNOWN,UNKNOWN,SOURCE_ERROR,,,NOT_PROCESSED_RATE_LIMIT_STOP
KORDS.IS:2021Q1,KORDS.IS,KORDS,2021Q1,2021-03-31,INTERIM,INDUSTRIAL_OR_HOLDING,XUSIN.IS,UNKNOWN,CONSOLIDATED,,,2021-05-15,,[],,0,UNKNOWN,NONE,UNKNOWN,,UNKNOWN,UNKNOWN,UNKNOWN,SOURCE_ERROR,,,NOT_PROCESSED_RATE_LIMIT_STOP
KORDS.IS:2021Q2,KORDS.IS,KORDS,2021Q2,2021-06-30,INTERIM,INDUSTRIAL_OR_HOLDING,XUSIN.IS,UNKNOWN,CONSOLIDATED,,,2021-08-15,,[],,0,UNKNOWN,NONE,UNKNOWN,,UNKNOWN,UNKNOWN,UNKNOWN,SOURCE_ERROR,,,NOT_PROCESSED_RATE_LIMIT_STOP
KORDS.IS:2021Q3,KORDS.IS,KORDS,2021Q3,2021-09-30,INTERIM,INDUSTRIAL_OR_HOLDING,XUSIN.IS,UNKNOWN,CONSOLIDATED,,,2021-11-15,,[],,0,UNKNOWN,NONE,UNKNOWN,,UNKNOWN,UNKNOWN,UNKNOWN,SOURCE_ERROR,,,NOT_PROCESSED_RATE_LIMIT_STOP
KORDS.IS:2021Q4,KORDS.IS,KORDS,2021Q4,2021-12-31,ANNUAL,INDUSTRIAL_OR_HOLDING,XUSIN.IS,UNKNOWN,CONSOLIDATED,,,2022-03-15,,[],,0,UNKNOWN,NONE,UNKNOWN,,UNKNOWN,UNKNOWN,UNKNOWN,SOURCE_ERROR,,,NOT_PROCESSED_RATE_LIMIT_STOP
KORDS.IS:2022Q1,KORDS.IS,KORDS,2022Q1,2022-03-31,INTERIM,INDUSTRIAL_OR_HOLDING,XUSIN.IS,UNKNOWN,CONSOLIDATED,,,2022-05-15,,[],,0,UNKNOWN,NONE,UNKNOWN,,UNKNOWN,UNKNOWN,UNKNOWN,SOURCE_ERROR,,,NOT_PROCESSED_RATE_LIMIT_STOP
KORDS.IS:2022Q2,KORDS.IS,KORDS,2022Q2,2022-06-30,INTERIM,INDUSTRIAL_OR_HOLDING,XUSIN.IS,UNKNOWN,CONSOLIDATED,,,2022-08-15,,[],,0,UNKNOWN,NONE,UNKNOWN,,UNKNOWN,UNKNOWN,UNKNOWN,SOURCE_ERROR,,,NOT_PROCESSED_RATE_LIMIT_STOP
KORDS.IS:2022Q3,KORDS.IS,KORDS,2022Q3,2022-09-30,INTERIM,INDUSTRIAL_OR_HOLDING,XUSIN.IS,UNKNOWN,CONSOLIDATED,,,2022-11-15,,[],,0,UNKNOWN,NONE,UNKNOWN,,UNKNOWN,UNKNOWN,UNKNOWN,SOURCE_ERROR,,,NOT_PROCESSED_RATE_LIMIT_STOP
KORDS.IS:2022Q4,KORDS.IS,KORDS,2022Q4,2022-12-31,ANNUAL,INDUSTRIAL_OR_HOLDING,XUSIN.IS,UNKNOWN,CONSOLIDATED,,,2023-03-15,,[],,0,UNKNOWN,NONE,UNKNOWN,,UNKNOWN,UNKNOWN,UNKNOWN,SOURCE_ERROR,,,NOT_PROCESSED_RATE_LIMIT_STOP
KORDS.IS:2023Q1,KORDS.IS,KORDS,2023Q1,2023-03-31,INTERIM,INDUSTRIAL_OR_HOLDING,XUSIN.IS,UNKNOWN,CONSOLIDATED,,,2023-05-15,,[],,0,UNKNOWN,NONE,UNKNOWN,,UNKNOWN,UNKNOWN,UNKNOWN,SOURCE_ERROR,,,NOT_PROCESSED_RATE_LIMIT_STOP
KORDS.IS:2023Q2,KORDS.IS,KORDS,2023Q2,2023-06-30,INTERIM,INDUSTRIAL_OR_HOLDING,XUSIN.IS,UNKNOWN,CONSOLIDATED,,,2023-08-15,,[],,0,UNKNOWN,NONE,UNKNOWN,,UNKNOWN,UNKNOWN,UNKNOWN,SOURCE_ERROR,,,NOT_PROCESSED_RATE_LIMIT_STOP
KORDS.IS:2023Q3,KORDS.IS,KORDS,2023Q3,2023-09-30,INTERIM,INDUSTRIAL_OR_HOLDING,XUSIN.IS,UNKNOWN,CONSOLIDATED,,,2023-11-15,,[],,0,UNKNOWN,NONE,UNKNOWN,,UNKNOWN,UNKNOWN,UNKNOWN,SOURCE_ERROR,,,NOT_PROCESSED_RATE_LIMIT_STOP
KORDS.IS:2023Q4,KORDS.IS,KORDS,2023Q4,2023-12-31,ANNUAL,INDUSTRIAL_OR_HOLDING,XUSIN.IS,UNKNOWN,CONSOLIDATED,,,2024-03-15,,[],,0,UNKNOWN,NONE,UNKNOWN,,UNKNOWN,UNKNOWN,UNKNOWN,SOURCE_ERROR,,,NOT_PROCESSED_RATE_LIMIT_STOP
KORDS.IS:2024Q1,KORDS.IS,KORDS,2024Q1,2024-03-31,INTERIM,INDUSTRIAL_OR_HOLDING,XUSIN.IS,UNKNOWN,CONSOLIDATED,,,2024-05-15,,[],,0,UNKNOWN,NONE,UNKNOWN,,UNKNOWN,UNKNOWN,UNKNOWN,SOURCE_ERROR,,,NOT_PROCESSED_RATE_LIMIT_STOP
KORDS.IS:2024Q2,KORDS.IS,KORDS,2024Q2,2024-06-30,INTERIM,INDUSTRIAL_OR_HOLDING,XUSIN.IS,UNKNOWN,CONSOLIDATED,,,2024-08-15,,[],,0,UNKNOWN,NONE,UNKNOWN,,UNKNOWN,UNKNOWN,UNKNOWN,SOURCE_ERROR,,,NOT_PROCESSED_RATE_LIMIT_STOP
KORDS.IS:2024Q3,KORDS.IS,KORDS,2024Q3,2024-09-30,INTERIM,INDUSTRIAL_OR_HOLDING,XUSIN.IS,UNKNOWN,CONSOLIDATED,,,2024-11-15,,[],,0,UNKNOWN,NONE,UNKNOWN,,UNKNOWN,UNKNOWN,UNKNOWN,SOURCE_ERROR,,,NOT_PROCESSED_RATE_LIMIT_STOP
KORDS.IS:2024Q4,KORDS.IS,KORDS,2024Q4,2024-12-31,ANNUAL,INDUSTRIAL_OR_HOLDING,XUSIN.IS,UNKNOWN,CONSOLIDATED,,,2025-03-15,,[],,0,UNKNOWN,NONE,UNKNOWN,,UNKNOWN,UNKNOWN,UNKNOWN,SOURCE_ERROR,,,NOT_PROCESSED_RATE_LIMIT_STOP
KORDS.IS:2025Q1,KORDS.IS,KORDS,2025Q1,2025-03-31,INTERIM,INDUSTRIAL_OR_HOLDING,XUSIN.IS,UNKNOWN,CONSOLIDATED,,,2025-05-15,,[],,0,UNKNOWN,NONE,UNKNOWN,,UNKNOWN,UNKNOWN,UNKNOWN,SOURCE_ERROR,,,NOT_PROCESSED_RATE_LIMIT_STOP
KORDS.IS:2025Q2,KORDS.IS,KORDS,2025Q2,2025-06-30,INTERIM,INDUSTRIAL_OR_HOLDING,XUSIN.IS,UNKNOWN,CONSOLIDATED,,,2025-08-15,,[],,0,UNKNOWN,NONE,UNKNOWN,,UNKNOWN,UNKNOWN,UNKNOWN,SOURCE_ERROR,,,NOT_PROCESSED_RATE_LIMIT_STOP
KORDS.IS:2025Q3,KORDS.IS,KORDS,2025Q3,2025-09-30,INTERIM,INDUSTRIAL_OR_HOLDING,XUSIN.IS,UNKNOWN,CONSOLIDATED,,,2025-11-15,,[],,0,UNKNOWN,NONE,UNKNOWN,,UNKNOWN,UNKNOWN,UNKNOWN,SOURCE_ERROR,,,NOT_PROCESSED_RATE_LIMIT_STOP
KORDS.IS:2025Q4,KORDS.IS,KORDS,2025Q4,2025-12-31,ANNUAL,INDUSTRIAL_OR_HOLDING,XUSIN.IS,UNKNOWN,CONSOLIDATED,,,2026-03-15,,[],,0,UNKNOWN,NONE,UNKNOWN,,UNKNOWN,UNKNOWN,UNKNOWN,SOURCE_ERROR,,,NOT_PROCESSED_RATE_LIMIT_STOP
KORDS.IS:2026Q1,KORDS.IS,KORDS,2026Q1,2026-03-31,INTERIM,INDUSTRIAL_OR_HOLDING,XUSIN.IS,UNKNOWN,CONSOLIDATED,,,2026-05-15,,[],,0,UNKNOWN,NONE,UNKNOWN,,UNKNOWN,UNKNOWN,UNKNOWN,SOURCE_ERROR,,,NOT_PROCESSED_RATE_LIMIT_STOP
KORDS.IS:2026Q2,KORDS.IS,KORDS,2026Q2,2026-06-30,INTERIM,INDUSTRIAL_OR_HOLDING,XUSIN.IS,UNKNOWN,CONSOLIDATED,,,2026-08-15,,[],,0,UNKNOWN,NONE,UNKNOWN,,UNKNOWN,UNKNOWN,UNKNOWN,SOURCE_ERROR,,,NOT_PROCESSED_RATE_LIMIT_STOP
KRDMD.IS:2018Q1,KRDMD.IS,KRDMD,2018Q1,2018-03-31,INTERIM,INDUSTRIAL_OR_HOLDING,XUSIN.IS,UNKNOWN,CONSOLIDATED,,,2018-05-15,,[],,0,UNKNOWN,NONE,UNKNOWN,,UNKNOWN,UNKNOWN,UNKNOWN,SOURCE_ERROR,,,NOT_PROCESSED_RATE_LIMIT_STOP
KRDMD.IS:2018Q2,KRDMD.IS,KRDMD,2018Q2,2018-06-30,INTERIM,INDUSTRIAL_OR_HOLDING,XUSIN.IS,UNKNOWN,CONSOLIDATED,,,2018-08-15,,[],,0,UNKNOWN,NONE,UNKNOWN,,UNKNOWN,UNKNOWN,UNKNOWN,SOURCE_ERROR,,,NOT_PROCESSED_RATE_LIMIT_STOP
KRDMD.IS:2018Q3,KRDMD.IS,KRDMD,2018Q3,2018-09-30,INTERIM,INDUSTRIAL_OR_HOLDING,XUSIN.IS,UNKNOWN,CONSOLIDATED,,,2018-11-15,,[],,0,UNKNOWN,NONE,UNKNOWN,,UNKNOWN,UNKNOWN,UNKNOWN,SOURCE_ERROR,,,NOT_PROCESSED_RATE_LIMIT_STOP
KRDMD.IS:2018Q4,KRDMD.IS,KRDMD,2018Q4,2018-12-31,ANNUAL,INDUSTRIAL_OR_HOLDING,XUSIN.IS,UNKNOWN,CONSOLIDATED,,,2019-03-15,,[],,0,UNKNOWN,NONE,UNKNOWN,,UNKNOWN,UNKNOWN,UNKNOWN,SOURCE_ERROR,,,NOT_PROCESSED_RATE_LIMIT_STOP
KRDMD.IS:2019Q1,KRDMD.IS,KRDMD,2019Q1,2019-03-31,INTERIM,INDUSTRIAL_OR_HOLDING,XUSIN.IS,UNKNOWN,CONSOLIDATED,,,2019-05-15,,[],,0,UNKNOWN,NONE,UNKNOWN,,UNKNOWN,UNKNOWN,UNKNOWN,SOURCE_ERROR,,,NOT_PROCESSED_RATE_LIMIT_STOP
KRDMD.IS:2019Q2,KRDMD.IS,KRDMD,2019Q2,2019-06-30,INTERIM,INDUSTRIAL_OR_HOLDING,XUSIN.IS,UNKNOWN,CONSOLIDATED,,,2019-08-15,,[],,0,UNKNOWN,NONE,UNKNOWN,,UNKNOWN,UNKNOWN,UNKNOWN,SOURCE_ERROR,,,NOT_PROCESSED_RATE_LIMIT_STOP
KRDMD.IS:2019Q3,KRDMD.IS,KRDMD,2019Q3,2019-09-30,INTERIM,INDUSTRIAL_OR_HOLDING,XUSIN.IS,UNKNOWN,CONSOLIDATED,,,2019-11-15,,[],,0,UNKNOWN,NONE,UNKNOWN,,UNKNOWN,UNKNOWN,UNKNOWN,SOURCE_ERROR,,,NOT_PROCESSED_RATE_LIMIT_STOP
KRDMD.IS:2019Q4,KRDMD.IS,KRDMD,2019Q4,2019-12-31,ANNUAL,INDUSTRIAL_OR_HOLDING,XUSIN.IS,UNKNOWN,CONSOLIDATED,,,2020-03-15,,[],,0,UNKNOWN,NONE,UNKNOWN,,UNKNOWN,UNKNOWN,UNKNOWN,SOURCE_ERROR,,,NOT_PROCESSED_RATE_LIMIT_STOP
KRDMD.IS:2020Q1,KRDMD.IS,KRDMD,2020Q1,2020-03-31,INTERIM,INDUSTRIAL_OR_HOLDING,XUSIN.IS,UNKNOWN,CONSOLIDATED,,,2020-05-15,,[],,0,UNKNOWN,NONE,UNKNOWN,,UNKNOWN,UNKNOWN,UNKNOWN,SOURCE_ERROR,,,NOT_PROCESSED_RATE_LIMIT_STOP
KRDMD.IS:2020Q2,KRDMD.IS,KRDMD,2020Q2,2020-06-30,INTERIM,INDUSTRIAL_OR_HOLDING,XUSIN.IS,UNKNOWN,CONSOLIDATED,,,2020-08-15,,[],,0,UNKNOWN,NONE,UNKNOWN,,UNKNOWN,UNKNOWN,UNKNOWN,SOURCE_ERROR,,,NOT_PROCESSED_RATE_LIMIT_STOP
KRDMD.IS:2020Q3,KRDMD.IS,KRDMD,2020Q3,2020-09-30,INTERIM,INDUSTRIAL_OR_HOLDING,XUSIN.IS,UNKNOWN,CONSOLIDATED,,,2020-11-15,,[],,0,UNKNOWN,NONE,UNKNOWN,,UNKNOWN,UNKNOWN,UNKNOWN,SOURCE_ERROR,,,NOT_PROCESSED_RATE_LIMIT_STOP
KRDMD.IS:2020Q4,KRDMD.IS,KRDMD,2020Q4,2020-12-31,ANNUAL,INDUSTRIAL_OR_HOLDING,XUSIN.IS,UNKNOWN,CONSOLIDATED,,,2021-03-15,,[],,0,UNKNOWN,NONE,UNKNOWN,,UNKNOWN,UNKNOWN,UNKNOWN,SOURCE_ERROR,,,NOT_PROCESSED_RATE_LIMIT_STOP
KRDMD.IS:2021Q1,KRDMD.IS,KRDMD,2021Q1,2021-03-31,INTERIM,INDUSTRIAL_OR_HOLDING,XUSIN.IS,UNKNOWN,CONSOLIDATED,,,2021-05-15,,[],,0,UNKNOWN,NONE,UNKNOWN,,UNKNOWN,UNKNOWN,UNKNOWN,SOURCE_ERROR,,,NOT_PROCESSED_RATE_LIMIT_STOP
KRDMD.IS:2021Q2,KRDMD.IS,KRDMD,2021Q2,2021-06-30,INTERIM,INDUSTRIAL_OR_HOLDING,XUSIN.IS,UNKNOWN,CONSOLIDATED,,,2021-08-15,,[],,0,UNKNOWN,NONE,UNKNOWN,,UNKNOWN,UNKNOWN,UNKNOWN,SOURCE_ERROR,,,NOT_PROCESSED_RATE_LIMIT_STOP
KRDMD.IS:2021Q3,KRDMD.IS,KRDMD,2021Q3,2021-09-30,INTERIM,INDUSTRIAL_OR_HOLDING,XUSIN.IS,UNKNOWN,CONSOLIDATED,,,2021-11-15,,[],,0,UNKNOWN,NONE,UNKNOWN,,UNKNOWN,UNKNOWN,UNKNOWN,SOURCE_ERROR,,,NOT_PROCESSED_RATE_LIMIT_STOP
KRDMD.IS:2021Q4,KRDMD.IS,KRDMD,2021Q4,2021-12-31,ANNUAL,INDUSTRIAL_OR_HOLDING,XUSIN.IS,UNKNOWN,CONSOLIDATED,,,2022-03-15,,[],,0,UNKNOWN,NONE,UNKNOWN,,UNKNOWN,UNKNOWN,UNKNOWN,SOURCE_ERROR,,,NOT_PROCESSED_RATE_LIMIT_STOP
KRDMD.IS:2022Q1,KRDMD.IS,KRDMD,2022Q1,2022-03-31,INTERIM,INDUSTRIAL_OR_HOLDING,XUSIN.IS,UNKNOWN,CONSOLIDATED,,,2022-05-15,,[],,0,UNKNOWN,NONE,UNKNOWN,,UNKNOWN,UNKNOWN,UNKNOWN,SOURCE_ERROR,,,NOT_PROCESSED_RATE_LIMIT_STOP
KRDMD.IS:2022Q2,KRDMD.IS,KRDMD,2022Q2,2022-06-30,INTERIM,INDUSTRIAL_OR_HOLDING,XUSIN.IS,UNKNOWN,CONSOLIDATED,,,2022-08-15,,[],,0,UNKNOWN,NONE,UNKNOWN,,UNKNOWN,UNKNOWN,UNKNOWN,SOURCE_ERROR,,,NOT_PROCESSED_RATE_LIMIT_STOP
KRDMD.IS:2022Q3,KRDMD.IS,KRDMD,2022Q3,2022-09-30,INTERIM,INDUSTRIAL_OR_HOLDING,XUSIN.IS,UNKNOWN,CONSOLIDATED,,,2022-11-15,,[],,0,UNKNOWN,NONE,UNKNOWN,,UNKNOWN,UNKNOWN,UNKNOWN,SOURCE_ERROR,,,NOT_PROCESSED_RATE_LIMIT_STOP
KRDMD.IS:2022Q4,KRDMD.IS,KRDMD,2022Q4,2022-12-31,ANNUAL,INDUSTRIAL_OR_HOLDING,XUSIN.IS,UNKNOWN,CONSOLIDATED,,,2023-03-15,,[],,0,UNKNOWN,NONE,UNKNOWN,,UNKNOWN,UNKNOWN,UNKNOWN,SOURCE_ERROR,,,NOT_PROCESSED_RATE_LIMIT_STOP
KRDMD.IS:2023Q1,KRDMD.IS,KRDMD,2023Q1,2023-03-31,INTERIM,INDUSTRIAL_OR_HOLDING,XUSIN.IS,UNKNOWN,CONSOLIDATED,,,2023-05-15,,[],,0,UNKNOWN,NONE,UNKNOWN,,UNKNOWN,UNKNOWN,UNKNOWN,SOURCE_ERROR,,,NOT_PROCESSED_RATE_LIMIT_STOP
KRDMD.IS:2023Q2,KRDMD.IS,KRDMD,2023Q2,2023-06-30,INTERIM,INDUSTRIAL_OR_HOLDING,XUSIN.IS,UNKNOWN,CONSOLIDATED,,,2023-08-15,,[],,0,UNKNOWN,NONE,UNKNOWN,,UNKNOWN,UNKNOWN,UNKNOWN,SOURCE_ERROR,,,NOT_PROCESSED_RATE_LIMIT_STOP
KRDMD.IS:2023Q3,KRDMD.IS,KRDMD,2023Q3,2023-09-30,INTERIM,INDUSTRIAL_OR_HOLDING,XUSIN.IS,UNKNOWN,CONSOLIDATED,,,2023-11-15,,[],,0,UNKNOWN,NONE,UNKNOWN,,UNKNOWN,UNKNOWN,UNKNOWN,SOURCE_ERROR,,,NOT_PROCESSED_RATE_LIMIT_STOP
KRDMD.IS:2023Q4,KRDMD.IS,KRDMD,2023Q4,2023-12-31,ANNUAL,INDUSTRIAL_OR_HOLDING,XUSIN.IS,UNKNOWN,CONSOLIDATED,,,2024-03-15,,[],,0,UNKNOWN,NONE,UNKNOWN,,UNKNOWN,UNKNOWN,UNKNOWN,SOURCE_ERROR,,,NOT_PROCESSED_RATE_LIMIT_STOP
KRDMD.IS:2024Q1,KRDMD.IS,KRDMD,2024Q1,2024-03-31,INTERIM,INDUSTRIAL_OR_HOLDING,XUSIN.IS,UNKNOWN,CONSOLIDATED,,,2024-05-15,,[],,0,UNKNOWN,NONE,UNKNOWN,,UNKNOWN,UNKNOWN,UNKNOWN,SOURCE_ERROR,,,NOT_PROCESSED_RATE_LIMIT_STOP
KRDMD.IS:2024Q2,KRDMD.IS,KRDMD,2024Q2,2024-06-30,INTERIM,INDUSTRIAL_OR_HOLDING,XUSIN.IS,UNKNOWN,CONSOLIDATED,,,2024-08-15,,[],,0,UNKNOWN,NONE,UNKNOWN,,UNKNOWN,UNKNOWN,UNKNOWN,SOURCE_ERROR,,,NOT_PROCESSED_RATE_LIMIT_STOP
KRDMD.IS:2024Q3,KRDMD.IS,KRDMD,2024Q3,2024-09-30,INTERIM,INDUSTRIAL_OR_HOLDING,XUSIN.IS,UNKNOWN,CONSOLIDATED,,,2024-11-15,,[],,0,UNKNOWN,NONE,UNKNOWN,,UNKNOWN,UNKNOWN,UNKNOWN,SOURCE_ERROR,,,NOT_PROCESSED_RATE_LIMIT_STOP
KRDMD.IS:2024Q4,KRDMD.IS,KRDMD,2024Q4,2024-12-31,ANNUAL,INDUSTRIAL_OR_HOLDING,XUSIN.IS,UNKNOWN,CONSOLIDATED,,,2025-03-15,,[],,0,UNKNOWN,NONE,UNKNOWN,,UNKNOWN,UNKNOWN,UNKNOWN,SOURCE_ERROR,,,NOT_PROCESSED_RATE_LIMIT_STOP
KRDMD.IS:2025Q1,KRDMD.IS,KRDMD,2025Q1,2025-03-31,INTERIM,INDUSTRIAL_OR_HOLDING,XUSIN.IS,UNKNOWN,CONSOLIDATED,,,2025-05-15,,[],,0,UNKNOWN,NONE,UNKNOWN,,UNKNOWN,UNKNOWN,UNKNOWN,SOURCE_ERROR,,,NOT_PROCESSED_RATE_LIMIT_STOP
KRDMD.IS:2025Q2,KRDMD.IS,KRDMD,2025Q2,2025-06-30,INTERIM,INDUSTRIAL_OR_HOLDING,XUSIN.IS,UNKNOWN,CONSOLIDATED,,,2025-08-15,,[],,0,UNKNOWN,NONE,UNKNOWN,,UNKNOWN,UNKNOWN,UNKNOWN,SOURCE_ERROR,,,NOT_PROCESSED_RATE_LIMIT_STOP
KRDMD.IS:2025Q3,KRDMD.IS,KRDMD,2025Q3,2025-09-30,INTERIM,INDUSTRIAL_OR_HOLDING,XUSIN.IS,UNKNOWN,CONSOLIDATED,,,2025-11-15,,[],,0,UNKNOWN,NONE,UNKNOWN,,UNKNOWN,UNKNOWN,UNKNOWN,SOURCE_ERROR,,,NOT_PROCESSED_RATE_LIMIT_STOP
KRDMD.IS:2025Q4,KRDMD.IS,KRDMD,2025Q4,2025-12-31,ANNUAL,INDUSTRIAL_OR_HOLDING,XUSIN.IS,UNKNOWN,CONSOLIDATED,,,2026-03-15,,[],,0,UNKNOWN,NONE,UNKNOWN,,UNKNOWN,UNKNOWN,UNKNOWN,SOURCE_ERROR,,,NOT_PROCESSED_RATE_LIMIT_STOP
KRDMD.IS:2026Q1,KRDMD.IS,KRDMD,2026Q1,2026-03-31,INTERIM,INDUSTRIAL_OR_HOLDING,XUSIN.IS,UNKNOWN,CONSOLIDATED,,,2026-05-15,,[],,0,UNKNOWN,NONE,UNKNOWN,,UNKNOWN,UNKNOWN,UNKNOWN,SOURCE_ERROR,,,NOT_PROCESSED_RATE_LIMIT_STOP
KRDMD.IS:2026Q2,KRDMD.IS,KRDMD,2026Q2,2026-06-30,INTERIM,INDUSTRIAL_OR_HOLDING,XUSIN.IS,UNKNOWN,CONSOLIDATED,,,2026-08-15,,[],,0,UNKNOWN,NONE,UNKNOWN,,UNKNOWN,UNKNOWN,UNKNOWN,SOURCE_ERROR,,,NOT_PROCESSED_RATE_LIMIT_STOP
LOGO.IS:2018Q1,LOGO.IS,LOGO,2018Q1,2018-03-31,INTERIM,INDUSTRIAL_OR_HOLDING,XU100.IS,UNKNOWN,CONSOLIDATED,,,2018-05-15,,[],,0,UNKNOWN,NONE,UNKNOWN,,UNKNOWN,UNKNOWN,UNKNOWN,SOURCE_ERROR,,,NOT_PROCESSED_RATE_LIMIT_STOP
LOGO.IS:2018Q2,LOGO.IS,LOGO,2018Q2,2018-06-30,INTERIM,INDUSTRIAL_OR_HOLDING,XU100.IS,UNKNOWN,CONSOLIDATED,,,2018-08-15,,[],,0,UNKNOWN,NONE,UNKNOWN,,UNKNOWN,UNKNOWN,UNKNOWN,SOURCE_ERROR,,,NOT_PROCESSED_RATE_LIMIT_STOP
LOGO.IS:2018Q3,LOGO.IS,LOGO,2018Q3,2018-09-30,INTERIM,INDUSTRIAL_OR_HOLDING,XU100.IS,UNKNOWN,CONSOLIDATED,,,2018-11-15,,[],,0,UNKNOWN,NONE,UNKNOWN,,UNKNOWN,UNKNOWN,UNKNOWN,SOURCE_ERROR,,,NOT_PROCESSED_RATE_LIMIT_STOP
LOGO.IS:2018Q4,LOGO.IS,LOGO,2018Q4,2018-12-31,ANNUAL,INDUSTRIAL_OR_HOLDING,XU100.IS,UNKNOWN,CONSOLIDATED,,,2019-03-15,,[],,0,UNKNOWN,NONE,UNKNOWN,,UNKNOWN,UNKNOWN,UNKNOWN,SOURCE_ERROR,,,NOT_PROCESSED_RATE_LIMIT_STOP
LOGO.IS:2019Q1,LOGO.IS,LOGO,2019Q1,2019-03-31,INTERIM,INDUSTRIAL_OR_HOLDING,XU100.IS,UNKNOWN,CONSOLIDATED,,,2019-05-15,,[],,0,UNKNOWN,NONE,UNKNOWN,,UNKNOWN,UNKNOWN,UNKNOWN,SOURCE_ERROR,,,NOT_PROCESSED_RATE_LIMIT_STOP
LOGO.IS:2019Q2,LOGO.IS,LOGO,2019Q2,2019-06-30,INTERIM,INDUSTRIAL_OR_HOLDING,XU100.IS,UNKNOWN,CONSOLIDATED,,,2019-08-15,,[],,0,UNKNOWN,NONE,UNKNOWN,,UNKNOWN,UNKNOWN,UNKNOWN,SOURCE_ERROR,,,NOT_PROCESSED_RATE_LIMIT_STOP
LOGO.IS:2019Q3,LOGO.IS,LOGO,2019Q3,2019-09-30,INTERIM,INDUSTRIAL_OR_HOLDING,XU100.IS,UNKNOWN,CONSOLIDATED,,,2019-11-15,,[],,0,UNKNOWN,NONE,UNKNOWN,,UNKNOWN,UNKNOWN,UNKNOWN,SOURCE_ERROR,,,NOT_PROCESSED_RATE_LIMIT_STOP
LOGO.IS:2019Q4,LOGO.IS,LOGO,2019Q4,2019-12-31,ANNUAL,INDUSTRIAL_OR_HOLDING,XU100.IS,UNKNOWN,CONSOLIDATED,,,2020-03-15,,[],,0,UNKNOWN,NONE,UNKNOWN,,UNKNOWN,UNKNOWN,UNKNOWN,SOURCE_ERROR,,,NOT_PROCESSED_RATE_LIMIT_STOP
LOGO.IS:2020Q1,LOGO.IS,LOGO,2020Q1,2020-03-31,INTERIM,INDUSTRIAL_OR_HOLDING,XU100.IS,UNKNOWN,CONSOLIDATED,,,2020-05-15,,[],,0,UNKNOWN,NONE,UNKNOWN,,UNKNOWN,UNKNOWN,UNKNOWN,SOURCE_ERROR,,,NOT_PROCESSED_RATE_LIMIT_STOP
LOGO.IS:2020Q2,LOGO.IS,LOGO,2020Q2,2020-06-30,INTERIM,INDUSTRIAL_OR_HOLDING,XU100.IS,UNKNOWN,CONSOLIDATED,,,2020-08-15,,[],,0,UNKNOWN,NONE,UNKNOWN,,UNKNOWN,UNKNOWN,UNKNOWN,SOURCE_ERROR,,,NOT_PROCESSED_RATE_LIMIT_STOP
LOGO.IS:2020Q3,LOGO.IS,LOGO,2020Q3,2020-09-30,INTERIM,INDUSTRIAL_OR_HOLDING,XU100.IS,UNKNOWN,CONSOLIDATED,,,2020-11-15,,[],,0,UNKNOWN,NONE,UNKNOWN,,UNKNOWN,UNKNOWN,UNKNOWN,SOURCE_ERROR,,,NOT_PROCESSED_RATE_LIMIT_STOP
LOGO.IS:2020Q4,LOGO.IS,LOGO,2020Q4,2020-12-31,ANNUAL,INDUSTRIAL_OR_HOLDING,XU100.IS,UNKNOWN,CONSOLIDATED,,,2021-03-15,,[],,0,UNKNOWN,NONE,UNKNOWN,,UNKNOWN,UNKNOWN,UNKNOWN,SOURCE_ERROR,,,NOT_PROCESSED_RATE_LIMIT_STOP
LOGO.IS:2021Q1,LOGO.IS,LOGO,2021Q1,2021-03-31,INTERIM,INDUSTRIAL_OR_HOLDING,XU100.IS,UNKNOWN,CONSOLIDATED,,,2021-05-15,,[],,0,UNKNOWN,NONE,UNKNOWN,,UNKNOWN,UNKNOWN,UNKNOWN,SOURCE_ERROR,,,NOT_PROCESSED_RATE_LIMIT_STOP
LOGO.IS:2021Q2,LOGO.IS,LOGO,2021Q2,2021-06-30,INTERIM,INDUSTRIAL_OR_HOLDING,XU100.IS,UNKNOWN,CONSOLIDATED,,,2021-08-15,,[],,0,UNKNOWN,NONE,UNKNOWN,,UNKNOWN,UNKNOWN,UNKNOWN,SOURCE_ERROR,,,NOT_PROCESSED_RATE_LIMIT_STOP
LOGO.IS:2021Q3,LOGO.IS,LOGO,2021Q3,2021-09-30,INTERIM,INDUSTRIAL_OR_HOLDING,XU100.IS,UNKNOWN,CONSOLIDATED,,,2021-11-15,,[],,0,UNKNOWN,NONE,UNKNOWN,,UNKNOWN,UNKNOWN,UNKNOWN,SOURCE_ERROR,,,NOT_PROCESSED_RATE_LIMIT_STOP
LOGO.IS:2021Q4,LOGO.IS,LOGO,2021Q4,2021-12-31,ANNUAL,INDUSTRIAL_OR_HOLDING,XU100.IS,UNKNOWN,CONSOLIDATED,,,2022-03-15,,[],,0,UNKNOWN,NONE,UNKNOWN,,UNKNOWN,UNKNOWN,UNKNOWN,SOURCE_ERROR,,,NOT_PROCESSED_RATE_LIMIT_STOP
LOGO.IS:2022Q1,LOGO.IS,LOGO,2022Q1,2022-03-31,INTERIM,INDUSTRIAL_OR_HOLDING,XU100.IS,UNKNOWN,CONSOLIDATED,,,2022-05-15,,[],,0,UNKNOWN,NONE,UNKNOWN,,UNKNOWN,UNKNOWN,UNKNOWN,SOURCE_ERROR,,,NOT_PROCESSED_RATE_LIMIT_STOP
LOGO.IS:2022Q2,LOGO.IS,LOGO,2022Q2,2022-06-30,INTERIM,INDUSTRIAL_OR_HOLDING,XU100.IS,UNKNOWN,CONSOLIDATED,,,2022-08-15,,[],,0,UNKNOWN,NONE,UNKNOWN,,UNKNOWN,UNKNOWN,UNKNOWN,SOURCE_ERROR,,,NOT_PROCESSED_RATE_LIMIT_STOP
LOGO.IS:2022Q3,LOGO.IS,LOGO,2022Q3,2022-09-30,INTERIM,INDUSTRIAL_OR_HOLDING,XU100.IS,UNKNOWN,CONSOLIDATED,,,2022-11-15,,[],,0,UNKNOWN,NONE,UNKNOWN,,UNKNOWN,UNKNOWN,UNKNOWN,SOURCE_ERROR,,,NOT_PROCESSED_RATE_LIMIT_STOP
LOGO.IS:2022Q4,LOGO.IS,LOGO,2022Q4,2022-12-31,ANNUAL,INDUSTRIAL_OR_HOLDING,XU100.IS,UNKNOWN,CONSOLIDATED,,,2023-03-15,,[],,0,UNKNOWN,NONE,UNKNOWN,,UNKNOWN,UNKNOWN,UNKNOWN,SOURCE_ERROR,,,NOT_PROCESSED_RATE_LIMIT_STOP
LOGO.IS:2023Q1,LOGO.IS,LOGO,2023Q1,2023-03-31,INTERIM,INDUSTRIAL_OR_HOLDING,XU100.IS,UNKNOWN,CONSOLIDATED,,,2023-05-15,,[],,0,UNKNOWN,NONE,UNKNOWN,,UNKNOWN,UNKNOWN,UNKNOWN,SOURCE_ERROR,,,NOT_PROCESSED_RATE_LIMIT_STOP
LOGO.IS:2023Q2,LOGO.IS,LOGO,2023Q2,2023-06-30,INTERIM,INDUSTRIAL_OR_HOLDING,XU100.IS,UNKNOWN,CONSOLIDATED,,,2023-08-15,,[],,0,UNKNOWN,NONE,UNKNOWN,,UNKNOWN,UNKNOWN,UNKNOWN,SOURCE_ERROR,,,NOT_PROCESSED_RATE_LIMIT_STOP
LOGO.IS:2023Q3,LOGO.IS,LOGO,2023Q3,2023-09-30,INTERIM,INDUSTRIAL_OR_HOLDING,XU100.IS,UNKNOWN,CONSOLIDATED,,,2023-11-15,,[],,0,UNKNOWN,NONE,UNKNOWN,,UNKNOWN,UNKNOWN,UNKNOWN,SOURCE_ERROR,,,NOT_PROCESSED_RATE_LIMIT_STOP
LOGO.IS:2023Q4,LOGO.IS,LOGO,2023Q4,2023-12-31,ANNUAL,INDUSTRIAL_OR_HOLDING,XU100.IS,UNKNOWN,CONSOLIDATED,,,2024-03-15,,[],,0,UNKNOWN,NONE,UNKNOWN,,UNKNOWN,UNKNOWN,UNKNOWN,SOURCE_ERROR,,,NOT_PROCESSED_RATE_LIMIT_STOP
LOGO.IS:2024Q1,LOGO.IS,LOGO,2024Q1,2024-03-31,INTERIM,INDUSTRIAL_OR_HOLDING,XU100.IS,UNKNOWN,CONSOLIDATED,,,2024-05-15,,[],,0,UNKNOWN,NONE,UNKNOWN,,UNKNOWN,UNKNOWN,UNKNOWN,SOURCE_ERROR,,,NOT_PROCESSED_RATE_LIMIT_STOP
LOGO.IS:2024Q2,LOGO.IS,LOGO,2024Q2,2024-06-30,INTERIM,INDUSTRIAL_OR_HOLDING,XU100.IS,UNKNOWN,CONSOLIDATED,,,2024-08-15,,[],,0,UNKNOWN,NONE,UNKNOWN,,UNKNOWN,UNKNOWN,UNKNOWN,SOURCE_ERROR,,,NOT_PROCESSED_RATE_LIMIT_STOP
LOGO.IS:2024Q3,LOGO.IS,LOGO,2024Q3,2024-09-30,INTERIM,INDUSTRIAL_OR_HOLDING,XU100.IS,UNKNOWN,CONSOLIDATED,,,2024-11-15,,[],,0,UNKNOWN,NONE,UNKNOWN,,UNKNOWN,UNKNOWN,UNKNOWN,SOURCE_ERROR,,,NOT_PROCESSED_RATE_LIMIT_STOP
LOGO.IS:2024Q4,LOGO.IS,LOGO,2024Q4,2024-12-31,ANNUAL,INDUSTRIAL_OR_HOLDING,XU100.IS,UNKNOWN,CONSOLIDATED,,,2025-03-15,,[],,0,UNKNOWN,NONE,UNKNOWN,,UNKNOWN,UNKNOWN,UNKNOWN,SOURCE_ERROR,,,NOT_PROCESSED_RATE_LIMIT_STOP
LOGO.IS:2025Q1,LOGO.IS,LOGO,2025Q1,2025-03-31,INTERIM,INDUSTRIAL_OR_HOLDING,XU100.IS,UNKNOWN,CONSOLIDATED,,,2025-05-15,,[],,0,UNKNOWN,NONE,UNKNOWN,,UNKNOWN,UNKNOWN,UNKNOWN,SOURCE_ERROR,,,NOT_PROCESSED_RATE_LIMIT_STOP
LOGO.IS:2025Q2,LOGO.IS,LOGO,2025Q2,2025-06-30,INTERIM,INDUSTRIAL_OR_HOLDING,XU100.IS,UNKNOWN,CONSOLIDATED,,,2025-08-15,,[],,0,UNKNOWN,NONE,UNKNOWN,,UNKNOWN,UNKNOWN,UNKNOWN,SOURCE_ERROR,,,NOT_PROCESSED_RATE_LIMIT_STOP
LOGO.IS:2025Q3,LOGO.IS,LOGO,2025Q3,2025-09-30,INTERIM,INDUSTRIAL_OR_HOLDING,XU100.IS,UNKNOWN,CONSOLIDATED,,,2025-11-15,,[],,0,UNKNOWN,NONE,UNKNOWN,,UNKNOWN,UNKNOWN,UNKNOWN,SOURCE_ERROR,,,NOT_PROCESSED_RATE_LIMIT_STOP
LOGO.IS:2025Q4,LOGO.IS,LOGO,2025Q4,2025-12-31,ANNUAL,INDUSTRIAL_OR_HOLDING,XU100.IS,UNKNOWN,CONSOLIDATED,,,2026-03-15,,[],,0,UNKNOWN,NONE,UNKNOWN,,UNKNOWN,UNKNOWN,UNKNOWN,SOURCE_ERROR,,,NOT_PROCESSED_RATE_LIMIT_STOP
LOGO.IS:2026Q1,LOGO.IS,LOGO,2026Q1,2026-03-31,INTERIM,INDUSTRIAL_OR_HOLDING,XU100.IS,UNKNOWN,CONSOLIDATED,,,2026-05-15,,[],,0,UNKNOWN,NONE,UNKNOWN,,UNKNOWN,UNKNOWN,UNKNOWN,SOURCE_ERROR,,,NOT_PROCESSED_RATE_LIMIT_STOP
LOGO.IS:2026Q2,LOGO.IS,LOGO,2026Q2,2026-06-30,INTERIM,INDUSTRIAL_OR_HOLDING,XU100.IS,UNKNOWN,CONSOLIDATED,,,2026-08-15,,[],,0,UNKNOWN,NONE,UNKNOWN,,UNKNOWN,UNKNOWN,UNKNOWN,SOURCE_ERROR,,,NOT_PROCESSED_RATE_LIMIT_STOP
MAVI.IS:2018Q1,MAVI.IS,MAVI,2018Q1,2018-03-31,INTERIM,INDUSTRIAL_OR_HOLDING,XUSIN.IS,UNKNOWN,CONSOLIDATED,,,2018-05-15,,[],,0,UNKNOWN,NONE,UNKNOWN,,UNKNOWN,UNKNOWN,UNKNOWN,SOURCE_ERROR,,,NOT_PROCESSED_RATE_LIMIT_STOP
MAVI.IS:2018Q2,MAVI.IS,MAVI,2018Q2,2018-06-30,INTERIM,INDUSTRIAL_OR_HOLDING,XUSIN.IS,UNKNOWN,CONSOLIDATED,,,2018-08-15,,[],,0,UNKNOWN,NONE,UNKNOWN,,UNKNOWN,UNKNOWN,UNKNOWN,SOURCE_ERROR,,,NOT_PROCESSED_RATE_LIMIT_STOP
MAVI.IS:2018Q3,MAVI.IS,MAVI,2018Q3,2018-09-30,INTERIM,INDUSTRIAL_OR_HOLDING,XUSIN.IS,UNKNOWN,CONSOLIDATED,,,2018-11-15,,[],,0,UNKNOWN,NONE,UNKNOWN,,UNKNOWN,UNKNOWN,UNKNOWN,SOURCE_ERROR,,,NOT_PROCESSED_RATE_LIMIT_STOP
MAVI.IS:2018Q4,MAVI.IS,MAVI,2018Q4,2018-12-31,ANNUAL,INDUSTRIAL_OR_HOLDING,XUSIN.IS,UNKNOWN,CONSOLIDATED,,,2019-03-15,,[],,0,UNKNOWN,NONE,UNKNOWN,,UNKNOWN,UNKNOWN,UNKNOWN,SOURCE_ERROR,,,NOT_PROCESSED_RATE_LIMIT_STOP
MAVI.IS:2019Q1,MAVI.IS,MAVI,2019Q1,2019-03-31,INTERIM,INDUSTRIAL_OR_HOLDING,XUSIN.IS,UNKNOWN,CONSOLIDATED,,,2019-05-15,,[],,0,UNKNOWN,NONE,UNKNOWN,,UNKNOWN,UNKNOWN,UNKNOWN,SOURCE_ERROR,,,NOT_PROCESSED_RATE_LIMIT_STOP
MAVI.IS:2019Q2,MAVI.IS,MAVI,2019Q2,2019-06-30,INTERIM,INDUSTRIAL_OR_HOLDING,XUSIN.IS,UNKNOWN,CONSOLIDATED,,,2019-08-15,,[],,0,UNKNOWN,NONE,UNKNOWN,,UNKNOWN,UNKNOWN,UNKNOWN,SOURCE_ERROR,,,NOT_PROCESSED_RATE_LIMIT_STOP
MAVI.IS:2019Q3,MAVI.IS,MAVI,2019Q3,2019-09-30,INTERIM,INDUSTRIAL_OR_HOLDING,XUSIN.IS,UNKNOWN,CONSOLIDATED,,,2019-11-15,,[],,0,UNKNOWN,NONE,UNKNOWN,,UNKNOWN,UNKNOWN,UNKNOWN,SOURCE_ERROR,,,NOT_PROCESSED_RATE_LIMIT_STOP
MAVI.IS:2019Q4,MAVI.IS,MAVI,2019Q4,2019-12-31,ANNUAL,INDUSTRIAL_OR_HOLDING,XUSIN.IS,UNKNOWN,CONSOLIDATED,,,2020-03-15,,[],,0,UNKNOWN,NONE,UNKNOWN,,UNKNOWN,UNKNOWN,UNKNOWN,SOURCE_ERROR,,,NOT_PROCESSED_RATE_LIMIT_STOP
MAVI.IS:2020Q1,MAVI.IS,MAVI,2020Q1,2020-03-31,INTERIM,INDUSTRIAL_OR_HOLDING,XUSIN.IS,UNKNOWN,CONSOLIDATED,,,2020-05-15,,[],,0,UNKNOWN,NONE,UNKNOWN,,UNKNOWN,UNKNOWN,UNKNOWN,SOURCE_ERROR,,,NOT_PROCESSED_RATE_LIMIT_STOP
MAVI.IS:2020Q2,MAVI.IS,MAVI,2020Q2,2020-06-30,INTERIM,INDUSTRIAL_OR_HOLDING,XUSIN.IS,UNKNOWN,CONSOLIDATED,,,2020-08-15,,[],,0,UNKNOWN,NONE,UNKNOWN,,UNKNOWN,UNKNOWN,UNKNOWN,SOURCE_ERROR,,,NOT_PROCESSED_RATE_LIMIT_STOP
MAVI.IS:2020Q3,MAVI.IS,MAVI,2020Q3,2020-09-30,INTERIM,INDUSTRIAL_OR_HOLDING,XUSIN.IS,UNKNOWN,CONSOLIDATED,,,2020-11-15,,[],,0,UNKNOWN,NONE,UNKNOWN,,UNKNOWN,UNKNOWN,UNKNOWN,SOURCE_ERROR,,,NOT_PROCESSED_RATE_LIMIT_STOP
MAVI.IS:2020Q4,MAVI.IS,MAVI,2020Q4,2020-12-31,ANNUAL,INDUSTRIAL_OR_HOLDING,XUSIN.IS,UNKNOWN,CONSOLIDATED,,,2021-03-15,,[],,0,UNKNOWN,NONE,UNKNOWN,,UNKNOWN,UNKNOWN,UNKNOWN,SOURCE_ERROR,,,NOT_PROCESSED_RATE_LIMIT_STOP
MAVI.IS:2021Q1,MAVI.IS,MAVI,2021Q1,2021-03-31,INTERIM,INDUSTRIAL_OR_HOLDING,XUSIN.IS,UNKNOWN,CONSOLIDATED,,,2021-05-15,,[],,0,UNKNOWN,NONE,UNKNOWN,,UNKNOWN,UNKNOWN,UNKNOWN,SOURCE_ERROR,,,NOT_PROCESSED_RATE_LIMIT_STOP
MAVI.IS:2021Q2,MAVI.IS,MAVI,2021Q2,2021-06-30,INTERIM,INDUSTRIAL_OR_HOLDING,XUSIN.IS,UNKNOWN,CONSOLIDATED,,,2021-08-15,,[],,0,UNKNOWN,NONE,UNKNOWN,,UNKNOWN,UNKNOWN,UNKNOWN,SOURCE_ERROR,,,NOT_PROCESSED_RATE_LIMIT_STOP
MAVI.IS:2021Q3,MAVI.IS,MAVI,2021Q3,2021-09-30,INTERIM,INDUSTRIAL_OR_HOLDING,XUSIN.IS,UNKNOWN,CONSOLIDATED,,,2021-11-15,,[],,0,UNKNOWN,NONE,UNKNOWN,,UNKNOWN,UNKNOWN,UNKNOWN,SOURCE_ERROR,,,NOT_PROCESSED_RATE_LIMIT_STOP
MAVI.IS:2021Q4,MAVI.IS,MAVI,2021Q4,2021-12-31,ANNUAL,INDUSTRIAL_OR_HOLDING,XUSIN.IS,UNKNOWN,CONSOLIDATED,,,2022-03-15,,[],,0,UNKNOWN,NONE,UNKNOWN,,UNKNOWN,UNKNOWN,UNKNOWN,SOURCE_ERROR,,,NOT_PROCESSED_RATE_LIMIT_STOP
MAVI.IS:2022Q1,MAVI.IS,MAVI,2022Q1,2022-03-31,INTERIM,INDUSTRIAL_OR_HOLDING,XUSIN.IS,UNKNOWN,CONSOLIDATED,,,2022-05-15,,[],,0,UNKNOWN,NONE,UNKNOWN,,UNKNOWN,UNKNOWN,UNKNOWN,SOURCE_ERROR,,,NOT_PROCESSED_RATE_LIMIT_STOP
MAVI.IS:2022Q2,MAVI.IS,MAVI,2022Q2,2022-06-30,INTERIM,INDUSTRIAL_OR_HOLDING,XUSIN.IS,UNKNOWN,CONSOLIDATED,,,2022-08-15,,[],,0,UNKNOWN,NONE,UNKNOWN,,UNKNOWN,UNKNOWN,UNKNOWN,SOURCE_ERROR,,,NOT_PROCESSED_RATE_LIMIT_STOP
MAVI.IS:2022Q3,MAVI.IS,MAVI,2022Q3,2022-09-30,INTERIM,INDUSTRIAL_OR_HOLDING,XUSIN.IS,UNKNOWN,CONSOLIDATED,,,2022-11-15,,[],,0,UNKNOWN,NONE,UNKNOWN,,UNKNOWN,UNKNOWN,UNKNOWN,SOURCE_ERROR,,,NOT_PROCESSED_RATE_LIMIT_STOP
MAVI.IS:2022Q4,MAVI.IS,MAVI,2022Q4,2022-12-31,ANNUAL,INDUSTRIAL_OR_HOLDING,XUSIN.IS,UNKNOWN,CONSOLIDATED,,,2023-03-15,,[],,0,UNKNOWN,NONE,UNKNOWN,,UNKNOWN,UNKNOWN,UNKNOWN,SOURCE_ERROR,,,NOT_PROCESSED_RATE_LIMIT_STOP
MAVI.IS:2023Q1,MAVI.IS,MAVI,2023Q1,2023-03-31,INTERIM,INDUSTRIAL_OR_HOLDING,XUSIN.IS,UNKNOWN,CONSOLIDATED,,,2023-05-15,,[],,0,UNKNOWN,NONE,UNKNOWN,,UNKNOWN,UNKNOWN,UNKNOWN,SOURCE_ERROR,,,NOT_PROCESSED_RATE_LIMIT_STOP
MAVI.IS:2023Q2,MAVI.IS,MAVI,2023Q2,2023-06-30,INTERIM,INDUSTRIAL_OR_HOLDING,XUSIN.IS,UNKNOWN,CONSOLIDATED,,,2023-08-15,,[],,0,UNKNOWN,NONE,UNKNOWN,,UNKNOWN,UNKNOWN,UNKNOWN,SOURCE_ERROR,,,NOT_PROCESSED_RATE_LIMIT_STOP
MAVI.IS:2023Q3,MAVI.IS,MAVI,2023Q3,2023-09-30,INTERIM,INDUSTRIAL_OR_HOLDING,XUSIN.IS,UNKNOWN,CONSOLIDATED,,,2023-11-15,,[],,0,UNKNOWN,NONE,UNKNOWN,,UNKNOWN,UNKNOWN,UNKNOWN,SOURCE_ERROR,,,NOT_PROCESSED_RATE_LIMIT_STOP
MAVI.IS:2023Q4,MAVI.IS,MAVI,2023Q4,2023-12-31,ANNUAL,INDUSTRIAL_OR_HOLDING,XUSIN.IS,UNKNOWN,CONSOLIDATED,,,2024-03-15,,[],,0,UNKNOWN,NONE,UNKNOWN,,UNKNOWN,UNKNOWN,UNKNOWN,SOURCE_ERROR,,,NOT_PROCESSED_RATE_LIMIT_STOP
MAVI.IS:2024Q1,MAVI.IS,MAVI,2024Q1,2024-03-31,INTERIM,INDUSTRIAL_OR_HOLDING,XUSIN.IS,UNKNOWN,CONSOLIDATED,,,2024-05-15,,[],,0,UNKNOWN,NONE,UNKNOWN,,UNKNOWN,UNKNOWN,UNKNOWN,SOURCE_ERROR,,,NOT_PROCESSED_RATE_LIMIT_STOP
MAVI.IS:2024Q2,MAVI.IS,MAVI,2024Q2,2024-06-30,INTERIM,INDUSTRIAL_OR_HOLDING,XUSIN.IS,UNKNOWN,CONSOLIDATED,,,2024-08-15,,[],,0,UNKNOWN,NONE,UNKNOWN,,UNKNOWN,UNKNOWN,UNKNOWN,SOURCE_ERROR,,,NOT_PROCESSED_RATE_LIMIT_STOP
MAVI.IS:2024Q3,MAVI.IS,MAVI,2024Q3,2024-09-30,INTERIM,INDUSTRIAL_OR_HOLDING,XUSIN.IS,UNKNOWN,CONSOLIDATED,,,2024-11-15,,[],,0,UNKNOWN,NONE,UNKNOWN,,UNKNOWN,UNKNOWN,UNKNOWN,SOURCE_ERROR,,,NOT_PROCESSED_RATE_LIMIT_STOP
MAVI.IS:2024Q4,MAVI.IS,MAVI,2024Q4,2024-12-31,ANNUAL,INDUSTRIAL_OR_HOLDING,XUSIN.IS,UNKNOWN,CONSOLIDATED,,,2025-03-15,,[],,0,UNKNOWN,NONE,UNKNOWN,,UNKNOWN,UNKNOWN,UNKNOWN,SOURCE_ERROR,,,NOT_PROCESSED_RATE_LIMIT_STOP
MAVI.IS:2025Q1,MAVI.IS,MAVI,2025Q1,2025-03-31,INTERIM,INDUSTRIAL_OR_HOLDING,XUSIN.IS,UNKNOWN,CONSOLIDATED,,,2025-05-15,,[],,0,UNKNOWN,NONE,UNKNOWN,,UNKNOWN,UNKNOWN,UNKNOWN,SOURCE_ERROR,,,NOT_PROCESSED_RATE_LIMIT_STOP
MAVI.IS:2025Q2,MAVI.IS,MAVI,2025Q2,2025-06-30,INTERIM,INDUSTRIAL_OR_HOLDING,XUSIN.IS,UNKNOWN,CONSOLIDATED,,,2025-08-15,,[],,0,UNKNOWN,NONE,UNKNOWN,,UNKNOWN,UNKNOWN,UNKNOWN,SOURCE_ERROR,,,NOT_PROCESSED_RATE_LIMIT_STOP
MAVI.IS:2025Q3,MAVI.IS,MAVI,2025Q3,2025-09-30,INTERIM,INDUSTRIAL_OR_HOLDING,XUSIN.IS,UNKNOWN,CONSOLIDATED,,,2025-11-15,,[],,0,UNKNOWN,NONE,UNKNOWN,,UNKNOWN,UNKNOWN,UNKNOWN,SOURCE_ERROR,,,NOT_PROCESSED_RATE_LIMIT_STOP
MAVI.IS:2025Q4,MAVI.IS,MAVI,2025Q4,2025-12-31,ANNUAL,INDUSTRIAL_OR_HOLDING,XUSIN.IS,UNKNOWN,CONSOLIDATED,,,2026-03-15,,[],,0,UNKNOWN,NONE,UNKNOWN,,UNKNOWN,UNKNOWN,UNKNOWN,SOURCE_ERROR,,,NOT_PROCESSED_RATE_LIMIT_STOP
MAVI.IS:2026Q1,MAVI.IS,MAVI,2026Q1,2026-03-31,INTERIM,INDUSTRIAL_OR_HOLDING,XUSIN.IS,UNKNOWN,CONSOLIDATED,,,2026-05-15,,[],,0,UNKNOWN,NONE,UNKNOWN,,UNKNOWN,UNKNOWN,UNKNOWN,SOURCE_ERROR,,,NOT_PROCESSED_RATE_LIMIT_STOP
MGROS.IS:2018Q1,MGROS.IS,MGROS,2018Q1,2018-03-31,INTERIM,INDUSTRIAL_OR_HOLDING,MINI_PERAKENDE,UNKNOWN,CONSOLIDATED,,,2018-05-15,,[],,0,UNKNOWN,NONE,UNKNOWN,,UNKNOWN,UNKNOWN,UNKNOWN,SOURCE_ERROR,,,NOT_PROCESSED_RATE_LIMIT_STOP
MGROS.IS:2018Q2,MGROS.IS,MGROS,2018Q2,2018-06-30,INTERIM,INDUSTRIAL_OR_HOLDING,MINI_PERAKENDE,UNKNOWN,CONSOLIDATED,,,2018-08-15,,[],,0,UNKNOWN,NONE,UNKNOWN,,UNKNOWN,UNKNOWN,UNKNOWN,SOURCE_ERROR,,,NOT_PROCESSED_RATE_LIMIT_STOP
MGROS.IS:2018Q3,MGROS.IS,MGROS,2018Q3,2018-09-30,INTERIM,INDUSTRIAL_OR_HOLDING,MINI_PERAKENDE,UNKNOWN,CONSOLIDATED,,,2018-11-15,,[],,0,UNKNOWN,NONE,UNKNOWN,,UNKNOWN,UNKNOWN,UNKNOWN,SOURCE_ERROR,,,NOT_PROCESSED_RATE_LIMIT_STOP
MGROS.IS:2018Q4,MGROS.IS,MGROS,2018Q4,2018-12-31,ANNUAL,INDUSTRIAL_OR_HOLDING,MINI_PERAKENDE,UNKNOWN,CONSOLIDATED,,,2019-03-15,,[],,0,UNKNOWN,NONE,UNKNOWN,,UNKNOWN,UNKNOWN,UNKNOWN,SOURCE_ERROR,,,NOT_PROCESSED_RATE_LIMIT_STOP
MGROS.IS:2019Q1,MGROS.IS,MGROS,2019Q1,2019-03-31,INTERIM,INDUSTRIAL_OR_HOLDING,MINI_PERAKENDE,UNKNOWN,CONSOLIDATED,,,2019-05-15,,[],,0,UNKNOWN,NONE,UNKNOWN,,UNKNOWN,UNKNOWN,UNKNOWN,SOURCE_ERROR,,,NOT_PROCESSED_RATE_LIMIT_STOP
MGROS.IS:2019Q2,MGROS.IS,MGROS,2019Q2,2019-06-30,INTERIM,INDUSTRIAL_OR_HOLDING,MINI_PERAKENDE,UNKNOWN,CONSOLIDATED,,,2019-08-15,,[],,0,UNKNOWN,NONE,UNKNOWN,,UNKNOWN,UNKNOWN,UNKNOWN,SOURCE_ERROR,,,NOT_PROCESSED_RATE_LIMIT_STOP
MGROS.IS:2019Q3,MGROS.IS,MGROS,2019Q3,2019-09-30,INTERIM,INDUSTRIAL_OR_HOLDING,MINI_PERAKENDE,UNKNOWN,CONSOLIDATED,,,2019-11-15,,[],,0,UNKNOWN,NONE,UNKNOWN,,UNKNOWN,UNKNOWN,UNKNOWN,SOURCE_ERROR,,,NOT_PROCESSED_RATE_LIMIT_STOP
MGROS.IS:2019Q4,MGROS.IS,MGROS,2019Q4,2019-12-31,ANNUAL,INDUSTRIAL_OR_HOLDING,MINI_PERAKENDE,UNKNOWN,CONSOLIDATED,,,2020-03-15,,[],,0,UNKNOWN,NONE,UNKNOWN,,UNKNOWN,UNKNOWN,UNKNOWN,SOURCE_ERROR,,,NOT_PROCESSED_RATE_LIMIT_STOP
MGROS.IS:2020Q1,MGROS.IS,MGROS,2020Q1,2020-03-31,INTERIM,INDUSTRIAL_OR_HOLDING,MINI_PERAKENDE,UNKNOWN,CONSOLIDATED,,,2020-05-15,,[],,0,UNKNOWN,NONE,UNKNOWN,,UNKNOWN,UNKNOWN,UNKNOWN,SOURCE_ERROR,,,NOT_PROCESSED_RATE_LIMIT_STOP
MGROS.IS:2020Q2,MGROS.IS,MGROS,2020Q2,2020-06-30,INTERIM,INDUSTRIAL_OR_HOLDING,MINI_PERAKENDE,UNKNOWN,CONSOLIDATED,,,2020-08-15,,[],,0,UNKNOWN,NONE,UNKNOWN,,UNKNOWN,UNKNOWN,UNKNOWN,SOURCE_ERROR,,,NOT_PROCESSED_RATE_LIMIT_STOP
MGROS.IS:2020Q3,MGROS.IS,MGROS,2020Q3,2020-09-30,INTERIM,INDUSTRIAL_OR_HOLDING,MINI_PERAKENDE,UNKNOWN,CONSOLIDATED,,,2020-11-15,,[],,0,UNKNOWN,NONE,UNKNOWN,,UNKNOWN,UNKNOWN,UNKNOWN,SOURCE_ERROR,,,NOT_PROCESSED_RATE_LIMIT_STOP
MGROS.IS:2020Q4,MGROS.IS,MGROS,2020Q4,2020-12-31,ANNUAL,INDUSTRIAL_OR_HOLDING,MINI_PERAKENDE,UNKNOWN,CONSOLIDATED,,,2021-03-15,,[],,0,UNKNOWN,NONE,UNKNOWN,,UNKNOWN,UNKNOWN,UNKNOWN,SOURCE_ERROR,,,NOT_PROCESSED_RATE_LIMIT_STOP
MGROS.IS:2021Q1,MGROS.IS,MGROS,2021Q1,2021-03-31,INTERIM,INDUSTRIAL_OR_HOLDING,MINI_PERAKENDE,UNKNOWN,CONSOLIDATED,,,2021-05-15,,[],,0,UNKNOWN,NONE,UNKNOWN,,UNKNOWN,UNKNOWN,UNKNOWN,SOURCE_ERROR,,,NOT_PROCESSED_RATE_LIMIT_STOP
MGROS.IS:2021Q2,MGROS.IS,MGROS,2021Q2,2021-06-30,INTERIM,INDUSTRIAL_OR_HOLDING,MINI_PERAKENDE,UNKNOWN,CONSOLIDATED,,,2021-08-15,,[],,0,UNKNOWN,NONE,UNKNOWN,,UNKNOWN,UNKNOWN,UNKNOWN,SOURCE_ERROR,,,NOT_PROCESSED_RATE_LIMIT_STOP
MGROS.IS:2021Q3,MGROS.IS,MGROS,2021Q3,2021-09-30,INTERIM,INDUSTRIAL_OR_HOLDING,MINI_PERAKENDE,UNKNOWN,CONSOLIDATED,,,2021-11-15,,[],,0,UNKNOWN,NONE,UNKNOWN,,UNKNOWN,UNKNOWN,UNKNOWN,SOURCE_ERROR,,,NOT_PROCESSED_RATE_LIMIT_STOP
MGROS.IS:2021Q4,MGROS.IS,MGROS,2021Q4,2021-12-31,ANNUAL,INDUSTRIAL_OR_HOLDING,MINI_PERAKENDE,UNKNOWN,CONSOLIDATED,,,2022-03-15,,[],,0,UNKNOWN,NONE,UNKNOWN,,UNKNOWN,UNKNOWN,UNKNOWN,SOURCE_ERROR,,,NOT_PROCESSED_RATE_LIMIT_STOP
MGROS.IS:2022Q1,MGROS.IS,MGROS,2022Q1,2022-03-31,INTERIM,INDUSTRIAL_OR_HOLDING,MINI_PERAKENDE,UNKNOWN,CONSOLIDATED,,,2022-05-15,,[],,0,UNKNOWN,NONE,UNKNOWN,,UNKNOWN,UNKNOWN,UNKNOWN,SOURCE_ERROR,,,NOT_PROCESSED_RATE_LIMIT_STOP
MGROS.IS:2022Q2,MGROS.IS,MGROS,2022Q2,2022-06-30,INTERIM,INDUSTRIAL_OR_HOLDING,MINI_PERAKENDE,UNKNOWN,CONSOLIDATED,,,2022-08-15,,[],,0,UNKNOWN,NONE,UNKNOWN,,UNKNOWN,UNKNOWN,UNKNOWN,SOURCE_ERROR,,,NOT_PROCESSED_RATE_LIMIT_STOP
MGROS.IS:2022Q3,MGROS.IS,MGROS,2022Q3,2022-09-30,INTERIM,INDUSTRIAL_OR_HOLDING,MINI_PERAKENDE,UNKNOWN,CONSOLIDATED,,,2022-11-15,,[],,0,UNKNOWN,NONE,UNKNOWN,,UNKNOWN,UNKNOWN,UNKNOWN,SOURCE_ERROR,,,NOT_PROCESSED_RATE_LIMIT_STOP
MGROS.IS:2022Q4,MGROS.IS,MGROS,2022Q4,2022-12-31,ANNUAL,INDUSTRIAL_OR_HOLDING,MINI_PERAKENDE,UNKNOWN,CONSOLIDATED,,,2023-03-15,,[],,0,UNKNOWN,NONE,UNKNOWN,,UNKNOWN,UNKNOWN,UNKNOWN,SOURCE_ERROR,,,NOT_PROCESSED_RATE_LIMIT_STOP
MGROS.IS:2023Q1,MGROS.IS,MGROS,2023Q1,2023-03-31,INTERIM,INDUSTRIAL_OR_HOLDING,MINI_PERAKENDE,UNKNOWN,CONSOLIDATED,,,2023-05-15,,[],,0,UNKNOWN,NONE,UNKNOWN,,UNKNOWN,UNKNOWN,UNKNOWN,SOURCE_ERROR,,,NOT_PROCESSED_RATE_LIMIT_STOP
MGROS.IS:2023Q2,MGROS.IS,MGROS,2023Q2,2023-06-30,INTERIM,INDUSTRIAL_OR_HOLDING,MINI_PERAKENDE,UNKNOWN,CONSOLIDATED,,,2023-08-15,,[],,0,UNKNOWN,NONE,UNKNOWN,,UNKNOWN,UNKNOWN,UNKNOWN,SOURCE_ERROR,,,NOT_PROCESSED_RATE_LIMIT_STOP
MGROS.IS:2023Q3,MGROS.IS,MGROS,2023Q3,2023-09-30,INTERIM,INDUSTRIAL_OR_HOLDING,MINI_PERAKENDE,UNKNOWN,CONSOLIDATED,,,2023-11-15,,[],,0,UNKNOWN,NONE,UNKNOWN,,UNKNOWN,UNKNOWN,UNKNOWN,SOURCE_ERROR,,,NOT_PROCESSED_RATE_LIMIT_STOP
MGROS.IS:2023Q4,MGROS.IS,MGROS,2023Q4,2023-12-31,ANNUAL,INDUSTRIAL_OR_HOLDING,MINI_PERAKENDE,UNKNOWN,CONSOLIDATED,,,2024-03-15,,[],,0,UNKNOWN,NONE,UNKNOWN,,UNKNOWN,UNKNOWN,UNKNOWN,SOURCE_ERROR,,,NOT_PROCESSED_RATE_LIMIT_STOP
MGROS.IS:2024Q1,MGROS.IS,MGROS,2024Q1,2024-03-31,INTERIM,INDUSTRIAL_OR_HOLDING,MINI_PERAKENDE,UNKNOWN,CONSOLIDATED,,,2024-05-15,,[],,0,UNKNOWN,NONE,UNKNOWN,,UNKNOWN,UNKNOWN,UNKNOWN,SOURCE_ERROR,,,NOT_PROCESSED_RATE_LIMIT_STOP
MGROS.IS:2024Q2,MGROS.IS,MGROS,2024Q2,2024-06-30,INTERIM,INDUSTRIAL_OR_HOLDING,MINI_PERAKENDE,UNKNOWN,CONSOLIDATED,,,2024-08-15,,[],,0,UNKNOWN,NONE,UNKNOWN,,UNKNOWN,UNKNOWN,UNKNOWN,SOURCE_ERROR,,,NOT_PROCESSED_RATE_LIMIT_STOP
MGROS.IS:2024Q3,MGROS.IS,MGROS,2024Q3,2024-09-30,INTERIM,INDUSTRIAL_OR_HOLDING,MINI_PERAKENDE,UNKNOWN,CONSOLIDATED,,,2024-11-15,,[],,0,UNKNOWN,NONE,UNKNOWN,,UNKNOWN,UNKNOWN,UNKNOWN,SOURCE_ERROR,,,NOT_PROCESSED_RATE_LIMIT_STOP
MGROS.IS:2024Q4,MGROS.IS,MGROS,2024Q4,2024-12-31,ANNUAL,INDUSTRIAL_OR_HOLDING,MINI_PERAKENDE,UNKNOWN,CONSOLIDATED,,,2025-03-15,,[],,0,UNKNOWN,NONE,UNKNOWN,,UNKNOWN,UNKNOWN,UNKNOWN,SOURCE_ERROR,,,NOT_PROCESSED_RATE_LIMIT_STOP
MGROS.IS:2025Q1,MGROS.IS,MGROS,2025Q1,2025-03-31,INTERIM,INDUSTRIAL_OR_HOLDING,MINI_PERAKENDE,UNKNOWN,CONSOLIDATED,,,2025-05-15,,[],,0,UNKNOWN,NONE,UNKNOWN,,UNKNOWN,UNKNOWN,UNKNOWN,SOURCE_ERROR,,,NOT_PROCESSED_RATE_LIMIT_STOP
MGROS.IS:2025Q2,MGROS.IS,MGROS,2025Q2,2025-06-30,INTERIM,INDUSTRIAL_OR_HOLDING,MINI_PERAKENDE,UNKNOWN,CONSOLIDATED,,,2025-08-15,,[],,0,UNKNOWN,NONE,UNKNOWN,,UNKNOWN,UNKNOWN,UNKNOWN,SOURCE_ERROR,,,NOT_PROCESSED_RATE_LIMIT_STOP
MGROS.IS:2025Q3,MGROS.IS,MGROS,2025Q3,2025-09-30,INTERIM,INDUSTRIAL_OR_HOLDING,MINI_PERAKENDE,UNKNOWN,CONSOLIDATED,,,2025-11-15,,[],,0,UNKNOWN,NONE,UNKNOWN,,UNKNOWN,UNKNOWN,UNKNOWN,SOURCE_ERROR,,,NOT_PROCESSED_RATE_LIMIT_STOP
MGROS.IS:2025Q4,MGROS.IS,MGROS,2025Q4,2025-12-31,ANNUAL,INDUSTRIAL_OR_HOLDING,MINI_PERAKENDE,UNKNOWN,CONSOLIDATED,,,2026-03-15,,[],,0,UNKNOWN,NONE,UNKNOWN,,UNKNOWN,UNKNOWN,UNKNOWN,SOURCE_ERROR,,,NOT_PROCESSED_RATE_LIMIT_STOP
MGROS.IS:2026Q1,MGROS.IS,MGROS,2026Q1,2026-03-31,INTERIM,INDUSTRIAL_OR_HOLDING,MINI_PERAKENDE,UNKNOWN,CONSOLIDATED,,,2026-05-15,,[],,0,UNKNOWN,NONE,UNKNOWN,,UNKNOWN,UNKNOWN,UNKNOWN,SOURCE_ERROR,,,NOT_PROCESSED_RATE_LIMIT_STOP
MGROS.IS:2026Q2,MGROS.IS,MGROS,2026Q2,2026-06-30,INTERIM,INDUSTRIAL_OR_HOLDING,MINI_PERAKENDE,UNKNOWN,CONSOLIDATED,,,2026-08-15,,[],,0,UNKNOWN,NONE,UNKNOWN,,UNKNOWN,UNKNOWN,UNKNOWN,SOURCE_ERROR,,,NOT_PROCESSED_RATE_LIMIT_STOP
MIATK.IS:2018Q4,MIATK.IS,MIATK,2018Q4,2018-12-31,ANNUAL,INDUSTRIAL_OR_HOLDING,XU100.IS,UNKNOWN,CONSOLIDATED,,,2019-03-15,,[],,0,UNKNOWN,NONE,UNKNOWN,,UNKNOWN,UNKNOWN,UNKNOWN,SOURCE_ERROR,,,NOT_PROCESSED_RATE_LIMIT_STOP
MIATK.IS:2019Q4,MIATK.IS,MIATK,2019Q4,2019-12-31,ANNUAL,INDUSTRIAL_OR_HOLDING,XU100.IS,UNKNOWN,CONSOLIDATED,,,2020-03-15,,[],,0,UNKNOWN,NONE,UNKNOWN,,UNKNOWN,UNKNOWN,UNKNOWN,SOURCE_ERROR,,,NOT_PROCESSED_RATE_LIMIT_STOP
MIATK.IS:2020Q2,MIATK.IS,MIATK,2020Q2,2020-06-30,INTERIM,INDUSTRIAL_OR_HOLDING,XU100.IS,UNKNOWN,CONSOLIDATED,,,2020-08-15,,[],,0,UNKNOWN,NONE,UNKNOWN,,UNKNOWN,UNKNOWN,UNKNOWN,SOURCE_ERROR,,,NOT_PROCESSED_RATE_LIMIT_STOP
MIATK.IS:2020Q3,MIATK.IS,MIATK,2020Q3,2020-09-30,INTERIM,INDUSTRIAL_OR_HOLDING,XU100.IS,UNKNOWN,CONSOLIDATED,,,2020-11-15,,[],,0,UNKNOWN,NONE,UNKNOWN,,UNKNOWN,UNKNOWN,UNKNOWN,SOURCE_ERROR,,,NOT_PROCESSED_RATE_LIMIT_STOP
MIATK.IS:2020Q4,MIATK.IS,MIATK,2020Q4,2020-12-31,ANNUAL,INDUSTRIAL_OR_HOLDING,XU100.IS,UNKNOWN,CONSOLIDATED,,,2021-03-15,,[],,0,UNKNOWN,NONE,UNKNOWN,,UNKNOWN,UNKNOWN,UNKNOWN,SOURCE_ERROR,,,NOT_PROCESSED_RATE_LIMIT_STOP
MIATK.IS:2021Q1,MIATK.IS,MIATK,2021Q1,2021-03-31,INTERIM,INDUSTRIAL_OR_HOLDING,XU100.IS,UNKNOWN,CONSOLIDATED,,,2021-05-15,,[],,0,UNKNOWN,NONE,UNKNOWN,,UNKNOWN,UNKNOWN,UNKNOWN,SOURCE_ERROR,,,NOT_PROCESSED_RATE_LIMIT_STOP
MIATK.IS:2021Q2,MIATK.IS,MIATK,2021Q2,2021-06-30,INTERIM,INDUSTRIAL_OR_HOLDING,XU100.IS,UNKNOWN,CONSOLIDATED,,,2021-08-15,,[],,0,UNKNOWN,NONE,UNKNOWN,,UNKNOWN,UNKNOWN,UNKNOWN,SOURCE_ERROR,,,NOT_PROCESSED_RATE_LIMIT_STOP
MIATK.IS:2021Q3,MIATK.IS,MIATK,2021Q3,2021-09-30,INTERIM,INDUSTRIAL_OR_HOLDING,XU100.IS,UNKNOWN,CONSOLIDATED,,,2021-11-15,,[],,0,UNKNOWN,NONE,UNKNOWN,,UNKNOWN,UNKNOWN,UNKNOWN,SOURCE_ERROR,,,NOT_PROCESSED_RATE_LIMIT_STOP
MIATK.IS:2021Q4,MIATK.IS,MIATK,2021Q4,2021-12-31,ANNUAL,INDUSTRIAL_OR_HOLDING,XU100.IS,UNKNOWN,CONSOLIDATED,,,2022-03-15,,[],,0,UNKNOWN,NONE,UNKNOWN,,UNKNOWN,UNKNOWN,UNKNOWN,SOURCE_ERROR,,,NOT_PROCESSED_RATE_LIMIT_STOP
MIATK.IS:2022Q1,MIATK.IS,MIATK,2022Q1,2022-03-31,INTERIM,INDUSTRIAL_OR_HOLDING,XU100.IS,UNKNOWN,CONSOLIDATED,,,2022-05-15,,[],,0,UNKNOWN,NONE,UNKNOWN,,UNKNOWN,UNKNOWN,UNKNOWN,SOURCE_ERROR,,,NOT_PROCESSED_RATE_LIMIT_STOP
MIATK.IS:2022Q2,MIATK.IS,MIATK,2022Q2,2022-06-30,INTERIM,INDUSTRIAL_OR_HOLDING,XU100.IS,UNKNOWN,CONSOLIDATED,,,2022-08-15,,[],,0,UNKNOWN,NONE,UNKNOWN,,UNKNOWN,UNKNOWN,UNKNOWN,SOURCE_ERROR,,,NOT_PROCESSED_RATE_LIMIT_STOP
MIATK.IS:2022Q3,MIATK.IS,MIATK,2022Q3,2022-09-30,INTERIM,INDUSTRIAL_OR_HOLDING,XU100.IS,UNKNOWN,CONSOLIDATED,,,2022-11-15,,[],,0,UNKNOWN,NONE,UNKNOWN,,UNKNOWN,UNKNOWN,UNKNOWN,SOURCE_ERROR,,,NOT_PROCESSED_RATE_LIMIT_STOP
MIATK.IS:2022Q4,MIATK.IS,MIATK,2022Q4,2022-12-31,ANNUAL,INDUSTRIAL_OR_HOLDING,XU100.IS,UNKNOWN,CONSOLIDATED,,,2023-03-15,,[],,0,UNKNOWN,NONE,UNKNOWN,,UNKNOWN,UNKNOWN,UNKNOWN,SOURCE_ERROR,,,NOT_PROCESSED_RATE_LIMIT_STOP
MIATK.IS:2023Q1,MIATK.IS,MIATK,2023Q1,2023-03-31,INTERIM,INDUSTRIAL_OR_HOLDING,XU100.IS,UNKNOWN,CONSOLIDATED,,,2023-05-15,,[],,0,UNKNOWN,NONE,UNKNOWN,,UNKNOWN,UNKNOWN,UNKNOWN,SOURCE_ERROR,,,NOT_PROCESSED_RATE_LIMIT_STOP
MIATK.IS:2023Q2,MIATK.IS,MIATK,2023Q2,2023-06-30,INTERIM,INDUSTRIAL_OR_HOLDING,XU100.IS,UNKNOWN,CONSOLIDATED,,,2023-08-15,,[],,0,UNKNOWN,NONE,UNKNOWN,,UNKNOWN,UNKNOWN,UNKNOWN,SOURCE_ERROR,,,NOT_PROCESSED_RATE_LIMIT_STOP
MIATK.IS:2023Q3,MIATK.IS,MIATK,2023Q3,2023-09-30,INTERIM,INDUSTRIAL_OR_HOLDING,XU100.IS,UNKNOWN,CONSOLIDATED,,,2023-11-15,,[],,0,UNKNOWN,NONE,UNKNOWN,,UNKNOWN,UNKNOWN,UNKNOWN,SOURCE_ERROR,,,NOT_PROCESSED_RATE_LIMIT_STOP
MIATK.IS:2023Q4,MIATK.IS,MIATK,2023Q4,2023-12-31,ANNUAL,INDUSTRIAL_OR_HOLDING,XU100.IS,UNKNOWN,CONSOLIDATED,,,2024-03-15,,[],,0,UNKNOWN,NONE,UNKNOWN,,UNKNOWN,UNKNOWN,UNKNOWN,SOURCE_ERROR,,,NOT_PROCESSED_RATE_LIMIT_STOP
MIATK.IS:2024Q1,MIATK.IS,MIATK,2024Q1,2024-03-31,INTERIM,INDUSTRIAL_OR_HOLDING,XU100.IS,UNKNOWN,CONSOLIDATED,,,2024-05-15,,[],,0,UNKNOWN,NONE,UNKNOWN,,UNKNOWN,UNKNOWN,UNKNOWN,SOURCE_ERROR,,,NOT_PROCESSED_RATE_LIMIT_STOP
MIATK.IS:2024Q2,MIATK.IS,MIATK,2024Q2,2024-06-30,INTERIM,INDUSTRIAL_OR_HOLDING,XU100.IS,UNKNOWN,CONSOLIDATED,,,2024-08-15,,[],,0,UNKNOWN,NONE,UNKNOWN,,UNKNOWN,UNKNOWN,UNKNOWN,SOURCE_ERROR,,,NOT_PROCESSED_RATE_LIMIT_STOP
MIATK.IS:2024Q3,MIATK.IS,MIATK,2024Q3,2024-09-30,INTERIM,INDUSTRIAL_OR_HOLDING,XU100.IS,UNKNOWN,CONSOLIDATED,,,2024-11-15,,[],,0,UNKNOWN,NONE,UNKNOWN,,UNKNOWN,UNKNOWN,UNKNOWN,SOURCE_ERROR,,,NOT_PROCESSED_RATE_LIMIT_STOP
MIATK.IS:2024Q4,MIATK.IS,MIATK,2024Q4,2024-12-31,ANNUAL,INDUSTRIAL_OR_HOLDING,XU100.IS,UNKNOWN,CONSOLIDATED,,,2025-03-15,,[],,0,UNKNOWN,NONE,UNKNOWN,,UNKNOWN,UNKNOWN,UNKNOWN,SOURCE_ERROR,,,NOT_PROCESSED_RATE_LIMIT_STOP
MIATK.IS:2025Q1,MIATK.IS,MIATK,2025Q1,2025-03-31,INTERIM,INDUSTRIAL_OR_HOLDING,XU100.IS,UNKNOWN,CONSOLIDATED,,,2025-05-15,,[],,0,UNKNOWN,NONE,UNKNOWN,,UNKNOWN,UNKNOWN,UNKNOWN,SOURCE_ERROR,,,NOT_PROCESSED_RATE_LIMIT_STOP
MIATK.IS:2025Q2,MIATK.IS,MIATK,2025Q2,2025-06-30,INTERIM,INDUSTRIAL_OR_HOLDING,XU100.IS,UNKNOWN,CONSOLIDATED,,,2025-08-15,,[],,0,UNKNOWN,NONE,UNKNOWN,,UNKNOWN,UNKNOWN,UNKNOWN,SOURCE_ERROR,,,NOT_PROCESSED_RATE_LIMIT_STOP
MIATK.IS:2025Q3,MIATK.IS,MIATK,2025Q3,2025-09-30,INTERIM,INDUSTRIAL_OR_HOLDING,XU100.IS,UNKNOWN,CONSOLIDATED,,,2025-11-15,,[],,0,UNKNOWN,NONE,UNKNOWN,,UNKNOWN,UNKNOWN,UNKNOWN,SOURCE_ERROR,,,NOT_PROCESSED_RATE_LIMIT_STOP
MIATK.IS:2025Q4,MIATK.IS,MIATK,2025Q4,2025-12-31,ANNUAL,INDUSTRIAL_OR_HOLDING,XU100.IS,UNKNOWN,CONSOLIDATED,,,2026-03-15,,[],,0,UNKNOWN,NONE,UNKNOWN,,UNKNOWN,UNKNOWN,UNKNOWN,SOURCE_ERROR,,,NOT_PROCESSED_RATE_LIMIT_STOP
MIATK.IS:2026Q1,MIATK.IS,MIATK,2026Q1,2026-03-31,INTERIM,INDUSTRIAL_OR_HOLDING,XU100.IS,UNKNOWN,CONSOLIDATED,,,2026-05-15,,[],,0,UNKNOWN,NONE,UNKNOWN,,UNKNOWN,UNKNOWN,UNKNOWN,SOURCE_ERROR,,,NOT_PROCESSED_RATE_LIMIT_STOP
MIATK.IS:2026Q2,MIATK.IS,MIATK,2026Q2,2026-06-30,INTERIM,INDUSTRIAL_OR_HOLDING,XU100.IS,UNKNOWN,CONSOLIDATED,,,2026-08-15,,[],,0,UNKNOWN,NONE,UNKNOWN,,UNKNOWN,UNKNOWN,UNKNOWN,SOURCE_ERROR,,,NOT_PROCESSED_RATE_LIMIT_STOP
MOGAN.IS:2020Q4,MOGAN.IS,MOGAN,2020Q4,2020-12-31,ANNUAL,INDUSTRIAL_OR_HOLDING,XUSIN.IS,UNKNOWN,CONSOLIDATED,,,2021-03-15,,[],,0,UNKNOWN,NONE,UNKNOWN,,UNKNOWN,UNKNOWN,UNKNOWN,SOURCE_ERROR,,,NOT_PROCESSED_RATE_LIMIT_STOP
MOGAN.IS:2021Q4,MOGAN.IS,MOGAN,2021Q4,2021-12-31,ANNUAL,INDUSTRIAL_OR_HOLDING,XUSIN.IS,UNKNOWN,CONSOLIDATED,,,2022-03-15,,[],,0,UNKNOWN,NONE,UNKNOWN,,UNKNOWN,UNKNOWN,UNKNOWN,SOURCE_ERROR,,,NOT_PROCESSED_RATE_LIMIT_STOP
MOGAN.IS:2022Q3,MOGAN.IS,MOGAN,2022Q3,2022-09-30,INTERIM,INDUSTRIAL_OR_HOLDING,XUSIN.IS,UNKNOWN,CONSOLIDATED,,,2022-11-15,,[],,0,UNKNOWN,NONE,UNKNOWN,,UNKNOWN,UNKNOWN,UNKNOWN,SOURCE_ERROR,,,NOT_PROCESSED_RATE_LIMIT_STOP
MOGAN.IS:2022Q4,MOGAN.IS,MOGAN,2022Q4,2022-12-31,ANNUAL,INDUSTRIAL_OR_HOLDING,XUSIN.IS,UNKNOWN,CONSOLIDATED,,,2023-03-15,,[],,0,UNKNOWN,NONE,UNKNOWN,,UNKNOWN,UNKNOWN,UNKNOWN,SOURCE_ERROR,,,NOT_PROCESSED_RATE_LIMIT_STOP
MOGAN.IS:2023Q1,MOGAN.IS,MOGAN,2023Q1,2023-03-31,INTERIM,INDUSTRIAL_OR_HOLDING,XUSIN.IS,UNKNOWN,CONSOLIDATED,,,2023-05-15,,[],,0,UNKNOWN,NONE,UNKNOWN,,UNKNOWN,UNKNOWN,UNKNOWN,SOURCE_ERROR,,,NOT_PROCESSED_RATE_LIMIT_STOP
MOGAN.IS:2023Q2,MOGAN.IS,MOGAN,2023Q2,2023-06-30,INTERIM,INDUSTRIAL_OR_HOLDING,XUSIN.IS,UNKNOWN,CONSOLIDATED,,,2023-08-15,,[],,0,UNKNOWN,NONE,UNKNOWN,,UNKNOWN,UNKNOWN,UNKNOWN,SOURCE_ERROR,,,NOT_PROCESSED_RATE_LIMIT_STOP
MOGAN.IS:2023Q3,MOGAN.IS,MOGAN,2023Q3,2023-09-30,INTERIM,INDUSTRIAL_OR_HOLDING,XUSIN.IS,UNKNOWN,CONSOLIDATED,,,2023-11-15,,[],,0,UNKNOWN,NONE,UNKNOWN,,UNKNOWN,UNKNOWN,UNKNOWN,SOURCE_ERROR,,,NOT_PROCESSED_RATE_LIMIT_STOP
MOGAN.IS:2023Q4,MOGAN.IS,MOGAN,2023Q4,2023-12-31,ANNUAL,INDUSTRIAL_OR_HOLDING,XUSIN.IS,UNKNOWN,CONSOLIDATED,,,2024-03-15,,[],,0,UNKNOWN,NONE,UNKNOWN,,UNKNOWN,UNKNOWN,UNKNOWN,SOURCE_ERROR,,,NOT_PROCESSED_RATE_LIMIT_STOP
MOGAN.IS:2024Q1,MOGAN.IS,MOGAN,2024Q1,2024-03-31,INTERIM,INDUSTRIAL_OR_HOLDING,XUSIN.IS,UNKNOWN,CONSOLIDATED,,,2024-05-15,,[],,0,UNKNOWN,NONE,UNKNOWN,,UNKNOWN,UNKNOWN,UNKNOWN,SOURCE_ERROR,,,NOT_PROCESSED_RATE_LIMIT_STOP
MOGAN.IS:2024Q2,MOGAN.IS,MOGAN,2024Q2,2024-06-30,INTERIM,INDUSTRIAL_OR_HOLDING,XUSIN.IS,UNKNOWN,CONSOLIDATED,,,2024-08-15,,[],,0,UNKNOWN,NONE,UNKNOWN,,UNKNOWN,UNKNOWN,UNKNOWN,SOURCE_ERROR,,,NOT_PROCESSED_RATE_LIMIT_STOP
MOGAN.IS:2024Q3,MOGAN.IS,MOGAN,2024Q3,2024-09-30,INTERIM,INDUSTRIAL_OR_HOLDING,XUSIN.IS,UNKNOWN,CONSOLIDATED,,,2024-11-15,,[],,0,UNKNOWN,NONE,UNKNOWN,,UNKNOWN,UNKNOWN,UNKNOWN,SOURCE_ERROR,,,NOT_PROCESSED_RATE_LIMIT_STOP
MOGAN.IS:2024Q4,MOGAN.IS,MOGAN,2024Q4,2024-12-31,ANNUAL,INDUSTRIAL_OR_HOLDING,XUSIN.IS,UNKNOWN,CONSOLIDATED,,,2025-03-15,,[],,0,UNKNOWN,NONE,UNKNOWN,,UNKNOWN,UNKNOWN,UNKNOWN,SOURCE_ERROR,,,NOT_PROCESSED_RATE_LIMIT_STOP
MOGAN.IS:2025Q1,MOGAN.IS,MOGAN,2025Q1,2025-03-31,INTERIM,INDUSTRIAL_OR_HOLDING,XUSIN.IS,UNKNOWN,CONSOLIDATED,,,2025-05-15,,[],,0,UNKNOWN,NONE,UNKNOWN,,UNKNOWN,UNKNOWN,UNKNOWN,SOURCE_ERROR,,,NOT_PROCESSED_RATE_LIMIT_STOP
MOGAN.IS:2025Q2,MOGAN.IS,MOGAN,2025Q2,2025-06-30,INTERIM,INDUSTRIAL_OR_HOLDING,XUSIN.IS,UNKNOWN,CONSOLIDATED,,,2025-08-15,,[],,0,UNKNOWN,NONE,UNKNOWN,,UNKNOWN,UNKNOWN,UNKNOWN,SOURCE_ERROR,,,NOT_PROCESSED_RATE_LIMIT_STOP
MOGAN.IS:2025Q3,MOGAN.IS,MOGAN,2025Q3,2025-09-30,INTERIM,INDUSTRIAL_OR_HOLDING,XUSIN.IS,UNKNOWN,CONSOLIDATED,,,2025-11-15,,[],,0,UNKNOWN,NONE,UNKNOWN,,UNKNOWN,UNKNOWN,UNKNOWN,SOURCE_ERROR,,,NOT_PROCESSED_RATE_LIMIT_STOP
MOGAN.IS:2025Q4,MOGAN.IS,MOGAN,2025Q4,2025-12-31,ANNUAL,INDUSTRIAL_OR_HOLDING,XUSIN.IS,UNKNOWN,CONSOLIDATED,,,2026-03-15,,[],,0,UNKNOWN,NONE,UNKNOWN,,UNKNOWN,UNKNOWN,UNKNOWN,SOURCE_ERROR,,,NOT_PROCESSED_RATE_LIMIT_STOP
MOGAN.IS:2026Q1,MOGAN.IS,MOGAN,2026Q1,2026-03-31,INTERIM,INDUSTRIAL_OR_HOLDING,XUSIN.IS,UNKNOWN,CONSOLIDATED,,,2026-05-15,,[],,0,UNKNOWN,NONE,UNKNOWN,,UNKNOWN,UNKNOWN,UNKNOWN,SOURCE_ERROR,,,NOT_PROCESSED_RATE_LIMIT_STOP
MOGAN.IS:2026Q2,MOGAN.IS,MOGAN,2026Q2,2026-06-30,INTERIM,INDUSTRIAL_OR_HOLDING,XUSIN.IS,UNKNOWN,CONSOLIDATED,,,2026-08-15,,[],,0,UNKNOWN,NONE,UNKNOWN,,UNKNOWN,UNKNOWN,UNKNOWN,SOURCE_ERROR,,,NOT_PROCESSED_RATE_LIMIT_STOP
MTRKS.IS:2018Q4,MTRKS.IS,MTRKS,2018Q4,2018-12-31,ANNUAL,INDUSTRIAL_OR_HOLDING,XU100.IS,UNKNOWN,CONSOLIDATED,,,2019-03-15,,[],,0,UNKNOWN,NONE,UNKNOWN,,UNKNOWN,UNKNOWN,UNKNOWN,SOURCE_ERROR,,,NOT_PROCESSED_RATE_LIMIT_STOP
MTRKS.IS:2019Q4,MTRKS.IS,MTRKS,2019Q4,2019-12-31,ANNUAL,INDUSTRIAL_OR_HOLDING,XU100.IS,UNKNOWN,CONSOLIDATED,,,2020-03-15,,[],,0,UNKNOWN,NONE,UNKNOWN,,UNKNOWN,UNKNOWN,UNKNOWN,SOURCE_ERROR,,,NOT_PROCESSED_RATE_LIMIT_STOP
MTRKS.IS:2020Q1,MTRKS.IS,MTRKS,2020Q1,2020-03-31,INTERIM,INDUSTRIAL_OR_HOLDING,XU100.IS,UNKNOWN,CONSOLIDATED,,,2020-05-15,,[],,0,UNKNOWN,NONE,UNKNOWN,,UNKNOWN,UNKNOWN,UNKNOWN,SOURCE_ERROR,,,NOT_PROCESSED_RATE_LIMIT_STOP
MTRKS.IS:2020Q2,MTRKS.IS,MTRKS,2020Q2,2020-06-30,INTERIM,INDUSTRIAL_OR_HOLDING,XU100.IS,UNKNOWN,CONSOLIDATED,,,2020-08-15,,[],,0,UNKNOWN,NONE,UNKNOWN,,UNKNOWN,UNKNOWN,UNKNOWN,SOURCE_ERROR,,,NOT_PROCESSED_RATE_LIMIT_STOP
MTRKS.IS:2020Q3,MTRKS.IS,MTRKS,2020Q3,2020-09-30,INTERIM,INDUSTRIAL_OR_HOLDING,XU100.IS,UNKNOWN,CONSOLIDATED,,,2020-11-15,,[],,0,UNKNOWN,NONE,UNKNOWN,,UNKNOWN,UNKNOWN,UNKNOWN,SOURCE_ERROR,,,NOT_PROCESSED_RATE_LIMIT_STOP
MTRKS.IS:2020Q4,MTRKS.IS,MTRKS,2020Q4,2020-12-31,ANNUAL,INDUSTRIAL_OR_HOLDING,XU100.IS,UNKNOWN,CONSOLIDATED,,,2021-03-15,,[],,0,UNKNOWN,NONE,UNKNOWN,,UNKNOWN,UNKNOWN,UNKNOWN,SOURCE_ERROR,,,NOT_PROCESSED_RATE_LIMIT_STOP
MTRKS.IS:2021Q1,MTRKS.IS,MTRKS,2021Q1,2021-03-31,INTERIM,INDUSTRIAL_OR_HOLDING,XU100.IS,UNKNOWN,CONSOLIDATED,,,2021-05-15,,[],,0,UNKNOWN,NONE,UNKNOWN,,UNKNOWN,UNKNOWN,UNKNOWN,SOURCE_ERROR,,,NOT_PROCESSED_RATE_LIMIT_STOP
MTRKS.IS:2021Q2,MTRKS.IS,MTRKS,2021Q2,2021-06-30,INTERIM,INDUSTRIAL_OR_HOLDING,XU100.IS,UNKNOWN,CONSOLIDATED,,,2021-08-15,,[],,0,UNKNOWN,NONE,UNKNOWN,,UNKNOWN,UNKNOWN,UNKNOWN,SOURCE_ERROR,,,NOT_PROCESSED_RATE_LIMIT_STOP
MTRKS.IS:2021Q3,MTRKS.IS,MTRKS,2021Q3,2021-09-30,INTERIM,INDUSTRIAL_OR_HOLDING,XU100.IS,UNKNOWN,CONSOLIDATED,,,2021-11-15,,[],,0,UNKNOWN,NONE,UNKNOWN,,UNKNOWN,UNKNOWN,UNKNOWN,SOURCE_ERROR,,,NOT_PROCESSED_RATE_LIMIT_STOP
MTRKS.IS:2021Q4,MTRKS.IS,MTRKS,2021Q4,2021-12-31,ANNUAL,INDUSTRIAL_OR_HOLDING,XU100.IS,UNKNOWN,CONSOLIDATED,,,2022-03-15,,[],,0,UNKNOWN,NONE,UNKNOWN,,UNKNOWN,UNKNOWN,UNKNOWN,SOURCE_ERROR,,,NOT_PROCESSED_RATE_LIMIT_STOP
MTRKS.IS:2022Q1,MTRKS.IS,MTRKS,2022Q1,2022-03-31,INTERIM,INDUSTRIAL_OR_HOLDING,XU100.IS,UNKNOWN,CONSOLIDATED,,,2022-05-15,,[],,0,UNKNOWN,NONE,UNKNOWN,,UNKNOWN,UNKNOWN,UNKNOWN,SOURCE_ERROR,,,NOT_PROCESSED_RATE_LIMIT_STOP
MTRKS.IS:2022Q2,MTRKS.IS,MTRKS,2022Q2,2022-06-30,INTERIM,INDUSTRIAL_OR_HOLDING,XU100.IS,UNKNOWN,CONSOLIDATED,,,2022-08-15,,[],,0,UNKNOWN,NONE,UNKNOWN,,UNKNOWN,UNKNOWN,UNKNOWN,SOURCE_ERROR,,,NOT_PROCESSED_RATE_LIMIT_STOP
MTRKS.IS:2022Q3,MTRKS.IS,MTRKS,2022Q3,2022-09-30,INTERIM,INDUSTRIAL_OR_HOLDING,XU100.IS,UNKNOWN,CONSOLIDATED,,,2022-11-15,,[],,0,UNKNOWN,NONE,UNKNOWN,,UNKNOWN,UNKNOWN,UNKNOWN,SOURCE_ERROR,,,NOT_PROCESSED_RATE_LIMIT_STOP
MTRKS.IS:2022Q4,MTRKS.IS,MTRKS,2022Q4,2022-12-31,ANNUAL,INDUSTRIAL_OR_HOLDING,XU100.IS,UNKNOWN,CONSOLIDATED,,,2023-03-15,,[],,0,UNKNOWN,NONE,UNKNOWN,,UNKNOWN,UNKNOWN,UNKNOWN,SOURCE_ERROR,,,NOT_PROCESSED_RATE_LIMIT_STOP
MTRKS.IS:2023Q1,MTRKS.IS,MTRKS,2023Q1,2023-03-31,INTERIM,INDUSTRIAL_OR_HOLDING,XU100.IS,UNKNOWN,CONSOLIDATED,,,2023-05-15,,[],,0,UNKNOWN,NONE,UNKNOWN,,UNKNOWN,UNKNOWN,UNKNOWN,SOURCE_ERROR,,,NOT_PROCESSED_RATE_LIMIT_STOP
MTRKS.IS:2023Q2,MTRKS.IS,MTRKS,2023Q2,2023-06-30,INTERIM,INDUSTRIAL_OR_HOLDING,XU100.IS,UNKNOWN,CONSOLIDATED,,,2023-08-15,,[],,0,UNKNOWN,NONE,UNKNOWN,,UNKNOWN,UNKNOWN,UNKNOWN,SOURCE_ERROR,,,NOT_PROCESSED_RATE_LIMIT_STOP
MTRKS.IS:2023Q3,MTRKS.IS,MTRKS,2023Q3,2023-09-30,INTERIM,INDUSTRIAL_OR_HOLDING,XU100.IS,UNKNOWN,CONSOLIDATED,,,2023-11-15,,[],,0,UNKNOWN,NONE,UNKNOWN,,UNKNOWN,UNKNOWN,UNKNOWN,SOURCE_ERROR,,,NOT_PROCESSED_RATE_LIMIT_STOP
MTRKS.IS:2023Q4,MTRKS.IS,MTRKS,2023Q4,2023-12-31,ANNUAL,INDUSTRIAL_OR_HOLDING,XU100.IS,UNKNOWN,CONSOLIDATED,,,2024-03-15,,[],,0,UNKNOWN,NONE,UNKNOWN,,UNKNOWN,UNKNOWN,UNKNOWN,SOURCE_ERROR,,,NOT_PROCESSED_RATE_LIMIT_STOP
MTRKS.IS:2024Q1,MTRKS.IS,MTRKS,2024Q1,2024-03-31,INTERIM,INDUSTRIAL_OR_HOLDING,XU100.IS,UNKNOWN,CONSOLIDATED,,,2024-05-15,,[],,0,UNKNOWN,NONE,UNKNOWN,,UNKNOWN,UNKNOWN,UNKNOWN,SOURCE_ERROR,,,NOT_PROCESSED_RATE_LIMIT_STOP
MTRKS.IS:2024Q2,MTRKS.IS,MTRKS,2024Q2,2024-06-30,INTERIM,INDUSTRIAL_OR_HOLDING,XU100.IS,UNKNOWN,CONSOLIDATED,,,2024-08-15,,[],,0,UNKNOWN,NONE,UNKNOWN,,UNKNOWN,UNKNOWN,UNKNOWN,SOURCE_ERROR,,,NOT_PROCESSED_RATE_LIMIT_STOP
MTRKS.IS:2024Q3,MTRKS.IS,MTRKS,2024Q3,2024-09-30,INTERIM,INDUSTRIAL_OR_HOLDING,XU100.IS,UNKNOWN,CONSOLIDATED,,,2024-11-15,,[],,0,UNKNOWN,NONE,UNKNOWN,,UNKNOWN,UNKNOWN,UNKNOWN,SOURCE_ERROR,,,NOT_PROCESSED_RATE_LIMIT_STOP
MTRKS.IS:2024Q4,MTRKS.IS,MTRKS,2024Q4,2024-12-31,ANNUAL,INDUSTRIAL_OR_HOLDING,XU100.IS,UNKNOWN,CONSOLIDATED,,,2025-03-15,,[],,0,UNKNOWN,NONE,UNKNOWN,,UNKNOWN,UNKNOWN,UNKNOWN,SOURCE_ERROR,,,NOT_PROCESSED_RATE_LIMIT_STOP
MTRKS.IS:2025Q1,MTRKS.IS,MTRKS,2025Q1,2025-03-31,INTERIM,INDUSTRIAL_OR_HOLDING,XU100.IS,UNKNOWN,CONSOLIDATED,,,2025-05-15,,[],,0,UNKNOWN,NONE,UNKNOWN,,UNKNOWN,UNKNOWN,UNKNOWN,SOURCE_ERROR,,,NOT_PROCESSED_RATE_LIMIT_STOP
MTRKS.IS:2025Q2,MTRKS.IS,MTRKS,2025Q2,2025-06-30,INTERIM,INDUSTRIAL_OR_HOLDING,XU100.IS,UNKNOWN,CONSOLIDATED,,,2025-08-15,,[],,0,UNKNOWN,NONE,UNKNOWN,,UNKNOWN,UNKNOWN,UNKNOWN,SOURCE_ERROR,,,NOT_PROCESSED_RATE_LIMIT_STOP
MTRKS.IS:2025Q3,MTRKS.IS,MTRKS,2025Q3,2025-09-30,INTERIM,INDUSTRIAL_OR_HOLDING,XU100.IS,UNKNOWN,CONSOLIDATED,,,2025-11-15,,[],,0,UNKNOWN,NONE,UNKNOWN,,UNKNOWN,UNKNOWN,UNKNOWN,SOURCE_ERROR,,,NOT_PROCESSED_RATE_LIMIT_STOP
MTRKS.IS:2025Q4,MTRKS.IS,MTRKS,2025Q4,2025-12-31,ANNUAL,INDUSTRIAL_OR_HOLDING,XU100.IS,UNKNOWN,CONSOLIDATED,,,2026-03-15,,[],,0,UNKNOWN,NONE,UNKNOWN,,UNKNOWN,UNKNOWN,UNKNOWN,SOURCE_ERROR,,,NOT_PROCESSED_RATE_LIMIT_STOP
MTRKS.IS:2026Q1,MTRKS.IS,MTRKS,2026Q1,2026-03-31,INTERIM,INDUSTRIAL_OR_HOLDING,XU100.IS,UNKNOWN,CONSOLIDATED,,,2026-05-15,,[],,0,UNKNOWN,NONE,UNKNOWN,,UNKNOWN,UNKNOWN,UNKNOWN,SOURCE_ERROR,,,NOT_PROCESSED_RATE_LIMIT_STOP
MTRKS.IS:2026Q2,MTRKS.IS,MTRKS,2026Q2,2026-06-30,INTERIM,INDUSTRIAL_OR_HOLDING,XU100.IS,UNKNOWN,CONSOLIDATED,,,2026-08-15,,[],,0,UNKNOWN,NONE,UNKNOWN,,UNKNOWN,UNKNOWN,UNKNOWN,SOURCE_ERROR,,,NOT_PROCESSED_RATE_LIMIT_STOP
ODAS.IS:2018Q1,ODAS.IS,ODAS,2018Q1,2018-03-31,INTERIM,INDUSTRIAL_OR_HOLDING,XUSIN.IS,UNKNOWN,CONSOLIDATED,,,2018-05-15,,[],,0,UNKNOWN,NONE,UNKNOWN,,UNKNOWN,UNKNOWN,UNKNOWN,SOURCE_ERROR,,,NOT_PROCESSED_RATE_LIMIT_STOP
ODAS.IS:2018Q2,ODAS.IS,ODAS,2018Q2,2018-06-30,INTERIM,INDUSTRIAL_OR_HOLDING,XUSIN.IS,UNKNOWN,CONSOLIDATED,,,2018-08-15,,[],,0,UNKNOWN,NONE,UNKNOWN,,UNKNOWN,UNKNOWN,UNKNOWN,SOURCE_ERROR,,,NOT_PROCESSED_RATE_LIMIT_STOP
ODAS.IS:2018Q3,ODAS.IS,ODAS,2018Q3,2018-09-30,INTERIM,INDUSTRIAL_OR_HOLDING,XUSIN.IS,UNKNOWN,CONSOLIDATED,,,2018-11-15,,[],,0,UNKNOWN,NONE,UNKNOWN,,UNKNOWN,UNKNOWN,UNKNOWN,SOURCE_ERROR,,,NOT_PROCESSED_RATE_LIMIT_STOP
ODAS.IS:2018Q4,ODAS.IS,ODAS,2018Q4,2018-12-31,ANNUAL,INDUSTRIAL_OR_HOLDING,XUSIN.IS,UNKNOWN,CONSOLIDATED,,,2019-03-15,,[],,0,UNKNOWN,NONE,UNKNOWN,,UNKNOWN,UNKNOWN,UNKNOWN,SOURCE_ERROR,,,NOT_PROCESSED_RATE_LIMIT_STOP
ODAS.IS:2019Q1,ODAS.IS,ODAS,2019Q1,2019-03-31,INTERIM,INDUSTRIAL_OR_HOLDING,XUSIN.IS,UNKNOWN,CONSOLIDATED,,,2019-05-15,,[],,0,UNKNOWN,NONE,UNKNOWN,,UNKNOWN,UNKNOWN,UNKNOWN,SOURCE_ERROR,,,NOT_PROCESSED_RATE_LIMIT_STOP
ODAS.IS:2019Q2,ODAS.IS,ODAS,2019Q2,2019-06-30,INTERIM,INDUSTRIAL_OR_HOLDING,XUSIN.IS,UNKNOWN,CONSOLIDATED,,,2019-08-15,,[],,0,UNKNOWN,NONE,UNKNOWN,,UNKNOWN,UNKNOWN,UNKNOWN,SOURCE_ERROR,,,NOT_PROCESSED_RATE_LIMIT_STOP
ODAS.IS:2019Q3,ODAS.IS,ODAS,2019Q3,2019-09-30,INTERIM,INDUSTRIAL_OR_HOLDING,XUSIN.IS,UNKNOWN,CONSOLIDATED,,,2019-11-15,,[],,0,UNKNOWN,NONE,UNKNOWN,,UNKNOWN,UNKNOWN,UNKNOWN,SOURCE_ERROR,,,NOT_PROCESSED_RATE_LIMIT_STOP
ODAS.IS:2019Q4,ODAS.IS,ODAS,2019Q4,2019-12-31,ANNUAL,INDUSTRIAL_OR_HOLDING,XUSIN.IS,UNKNOWN,CONSOLIDATED,,,2020-03-15,,[],,0,UNKNOWN,NONE,UNKNOWN,,UNKNOWN,UNKNOWN,UNKNOWN,SOURCE_ERROR,,,NOT_PROCESSED_RATE_LIMIT_STOP
ODAS.IS:2020Q1,ODAS.IS,ODAS,2020Q1,2020-03-31,INTERIM,INDUSTRIAL_OR_HOLDING,XUSIN.IS,UNKNOWN,CONSOLIDATED,,,2020-05-15,,[],,0,UNKNOWN,NONE,UNKNOWN,,UNKNOWN,UNKNOWN,UNKNOWN,SOURCE_ERROR,,,NOT_PROCESSED_RATE_LIMIT_STOP
ODAS.IS:2020Q2,ODAS.IS,ODAS,2020Q2,2020-06-30,INTERIM,INDUSTRIAL_OR_HOLDING,XUSIN.IS,UNKNOWN,CONSOLIDATED,,,2020-08-15,,[],,0,UNKNOWN,NONE,UNKNOWN,,UNKNOWN,UNKNOWN,UNKNOWN,SOURCE_ERROR,,,NOT_PROCESSED_RATE_LIMIT_STOP
ODAS.IS:2020Q3,ODAS.IS,ODAS,2020Q3,2020-09-30,INTERIM,INDUSTRIAL_OR_HOLDING,XUSIN.IS,UNKNOWN,CONSOLIDATED,,,2020-11-15,,[],,0,UNKNOWN,NONE,UNKNOWN,,UNKNOWN,UNKNOWN,UNKNOWN,SOURCE_ERROR,,,NOT_PROCESSED_RATE_LIMIT_STOP
ODAS.IS:2020Q4,ODAS.IS,ODAS,2020Q4,2020-12-31,ANNUAL,INDUSTRIAL_OR_HOLDING,XUSIN.IS,UNKNOWN,CONSOLIDATED,,,2021-03-15,,[],,0,UNKNOWN,NONE,UNKNOWN,,UNKNOWN,UNKNOWN,UNKNOWN,SOURCE_ERROR,,,NOT_PROCESSED_RATE_LIMIT_STOP
ODAS.IS:2021Q1,ODAS.IS,ODAS,2021Q1,2021-03-31,INTERIM,INDUSTRIAL_OR_HOLDING,XUSIN.IS,UNKNOWN,CONSOLIDATED,,,2021-05-15,,[],,0,UNKNOWN,NONE,UNKNOWN,,UNKNOWN,UNKNOWN,UNKNOWN,SOURCE_ERROR,,,NOT_PROCESSED_RATE_LIMIT_STOP
ODAS.IS:2021Q2,ODAS.IS,ODAS,2021Q2,2021-06-30,INTERIM,INDUSTRIAL_OR_HOLDING,XUSIN.IS,UNKNOWN,CONSOLIDATED,,,2021-08-15,,[],,0,UNKNOWN,NONE,UNKNOWN,,UNKNOWN,UNKNOWN,UNKNOWN,SOURCE_ERROR,,,NOT_PROCESSED_RATE_LIMIT_STOP
ODAS.IS:2021Q3,ODAS.IS,ODAS,2021Q3,2021-09-30,INTERIM,INDUSTRIAL_OR_HOLDING,XUSIN.IS,UNKNOWN,CONSOLIDATED,,,2021-11-15,,[],,0,UNKNOWN,NONE,UNKNOWN,,UNKNOWN,UNKNOWN,UNKNOWN,SOURCE_ERROR,,,NOT_PROCESSED_RATE_LIMIT_STOP
ODAS.IS:2021Q4,ODAS.IS,ODAS,2021Q4,2021-12-31,ANNUAL,INDUSTRIAL_OR_HOLDING,XUSIN.IS,UNKNOWN,CONSOLIDATED,,,2022-03-15,,[],,0,UNKNOWN,NONE,UNKNOWN,,UNKNOWN,UNKNOWN,UNKNOWN,SOURCE_ERROR,,,NOT_PROCESSED_RATE_LIMIT_STOP
ODAS.IS:2022Q1,ODAS.IS,ODAS,2022Q1,2022-03-31,INTERIM,INDUSTRIAL_OR_HOLDING,XUSIN.IS,UNKNOWN,CONSOLIDATED,,,2022-05-15,,[],,0,UNKNOWN,NONE,UNKNOWN,,UNKNOWN,UNKNOWN,UNKNOWN,SOURCE_ERROR,,,NOT_PROCESSED_RATE_LIMIT_STOP
ODAS.IS:2022Q2,ODAS.IS,ODAS,2022Q2,2022-06-30,INTERIM,INDUSTRIAL_OR_HOLDING,XUSIN.IS,UNKNOWN,CONSOLIDATED,,,2022-08-15,,[],,0,UNKNOWN,NONE,UNKNOWN,,UNKNOWN,UNKNOWN,UNKNOWN,SOURCE_ERROR,,,NOT_PROCESSED_RATE_LIMIT_STOP
ODAS.IS:2022Q3,ODAS.IS,ODAS,2022Q3,2022-09-30,INTERIM,INDUSTRIAL_OR_HOLDING,XUSIN.IS,UNKNOWN,CONSOLIDATED,,,2022-11-15,,[],,0,UNKNOWN,NONE,UNKNOWN,,UNKNOWN,UNKNOWN,UNKNOWN,SOURCE_ERROR,,,NOT_PROCESSED_RATE_LIMIT_STOP
ODAS.IS:2022Q4,ODAS.IS,ODAS,2022Q4,2022-12-31,ANNUAL,INDUSTRIAL_OR_HOLDING,XUSIN.IS,UNKNOWN,CONSOLIDATED,,,2023-03-15,,[],,0,UNKNOWN,NONE,UNKNOWN,,UNKNOWN,UNKNOWN,UNKNOWN,SOURCE_ERROR,,,NOT_PROCESSED_RATE_LIMIT_STOP
ODAS.IS:2023Q1,ODAS.IS,ODAS,2023Q1,2023-03-31,INTERIM,INDUSTRIAL_OR_HOLDING,XUSIN.IS,UNKNOWN,CONSOLIDATED,,,2023-05-15,,[],,0,UNKNOWN,NONE,UNKNOWN,,UNKNOWN,UNKNOWN,UNKNOWN,SOURCE_ERROR,,,NOT_PROCESSED_RATE_LIMIT_STOP
ODAS.IS:2023Q2,ODAS.IS,ODAS,2023Q2,2023-06-30,INTERIM,INDUSTRIAL_OR_HOLDING,XUSIN.IS,UNKNOWN,CONSOLIDATED,,,2023-08-15,,[],,0,UNKNOWN,NONE,UNKNOWN,,UNKNOWN,UNKNOWN,UNKNOWN,SOURCE_ERROR,,,NOT_PROCESSED_RATE_LIMIT_STOP
ODAS.IS:2023Q3,ODAS.IS,ODAS,2023Q3,2023-09-30,INTERIM,INDUSTRIAL_OR_HOLDING,XUSIN.IS,UNKNOWN,CONSOLIDATED,,,2023-11-15,,[],,0,UNKNOWN,NONE,UNKNOWN,,UNKNOWN,UNKNOWN,UNKNOWN,SOURCE_ERROR,,,NOT_PROCESSED_RATE_LIMIT_STOP
ODAS.IS:2023Q4,ODAS.IS,ODAS,2023Q4,2023-12-31,ANNUAL,INDUSTRIAL_OR_HOLDING,XUSIN.IS,UNKNOWN,CONSOLIDATED,,,2024-03-15,,[],,0,UNKNOWN,NONE,UNKNOWN,,UNKNOWN,UNKNOWN,UNKNOWN,SOURCE_ERROR,,,NOT_PROCESSED_RATE_LIMIT_STOP
ODAS.IS:2024Q1,ODAS.IS,ODAS,2024Q1,2024-03-31,INTERIM,INDUSTRIAL_OR_HOLDING,XUSIN.IS,UNKNOWN,CONSOLIDATED,,,2024-05-15,,[],,0,UNKNOWN,NONE,UNKNOWN,,UNKNOWN,UNKNOWN,UNKNOWN,SOURCE_ERROR,,,NOT_PROCESSED_RATE_LIMIT_STOP
ODAS.IS:2024Q2,ODAS.IS,ODAS,2024Q2,2024-06-30,INTERIM,INDUSTRIAL_OR_HOLDING,XUSIN.IS,UNKNOWN,CONSOLIDATED,,,2024-08-15,,[],,0,UNKNOWN,NONE,UNKNOWN,,UNKNOWN,UNKNOWN,UNKNOWN,SOURCE_ERROR,,,NOT_PROCESSED_RATE_LIMIT_STOP
ODAS.IS:2024Q3,ODAS.IS,ODAS,2024Q3,2024-09-30,INTERIM,INDUSTRIAL_OR_HOLDING,XUSIN.IS,UNKNOWN,CONSOLIDATED,,,2024-11-15,,[],,0,UNKNOWN,NONE,UNKNOWN,,UNKNOWN,UNKNOWN,UNKNOWN,SOURCE_ERROR,,,NOT_PROCESSED_RATE_LIMIT_STOP
ODAS.IS:2024Q4,ODAS.IS,ODAS,2024Q4,2024-12-31,ANNUAL,INDUSTRIAL_OR_HOLDING,XUSIN.IS,UNKNOWN,CONSOLIDATED,,,2025-03-15,,[],,0,UNKNOWN,NONE,UNKNOWN,,UNKNOWN,UNKNOWN,UNKNOWN,SOURCE_ERROR,,,NOT_PROCESSED_RATE_LIMIT_STOP
ODAS.IS:2025Q1,ODAS.IS,ODAS,2025Q1,2025-03-31,INTERIM,INDUSTRIAL_OR_HOLDING,XUSIN.IS,UNKNOWN,CONSOLIDATED,,,2025-05-15,,[],,0,UNKNOWN,NONE,UNKNOWN,,UNKNOWN,UNKNOWN,UNKNOWN,SOURCE_ERROR,,,NOT_PROCESSED_RATE_LIMIT_STOP
ODAS.IS:2025Q2,ODAS.IS,ODAS,2025Q2,2025-06-30,INTERIM,INDUSTRIAL_OR_HOLDING,XUSIN.IS,UNKNOWN,CONSOLIDATED,,,2025-08-15,,[],,0,UNKNOWN,NONE,UNKNOWN,,UNKNOWN,UNKNOWN,UNKNOWN,SOURCE_ERROR,,,NOT_PROCESSED_RATE_LIMIT_STOP
ODAS.IS:2025Q3,ODAS.IS,ODAS,2025Q3,2025-09-30,INTERIM,INDUSTRIAL_OR_HOLDING,XUSIN.IS,UNKNOWN,CONSOLIDATED,,,2025-11-15,,[],,0,UNKNOWN,NONE,UNKNOWN,,UNKNOWN,UNKNOWN,UNKNOWN,SOURCE_ERROR,,,NOT_PROCESSED_RATE_LIMIT_STOP
ODAS.IS:2025Q4,ODAS.IS,ODAS,2025Q4,2025-12-31,ANNUAL,INDUSTRIAL_OR_HOLDING,XUSIN.IS,UNKNOWN,CONSOLIDATED,,,2026-03-15,,[],,0,UNKNOWN,NONE,UNKNOWN,,UNKNOWN,UNKNOWN,UNKNOWN,SOURCE_ERROR,,,NOT_PROCESSED_RATE_LIMIT_STOP
ODAS.IS:2026Q1,ODAS.IS,ODAS,2026Q1,2026-03-31,INTERIM,INDUSTRIAL_OR_HOLDING,XUSIN.IS,UNKNOWN,CONSOLIDATED,,,2026-05-15,,[],,0,UNKNOWN,NONE,UNKNOWN,,UNKNOWN,UNKNOWN,UNKNOWN,SOURCE_ERROR,,,NOT_PROCESSED_RATE_LIMIT_STOP
ODAS.IS:2026Q2,ODAS.IS,ODAS,2026Q2,2026-06-30,INTERIM,INDUSTRIAL_OR_HOLDING,XUSIN.IS,UNKNOWN,CONSOLIDATED,,,2026-08-15,,[],,0,UNKNOWN,NONE,UNKNOWN,,UNKNOWN,UNKNOWN,UNKNOWN,SOURCE_ERROR,,,NOT_PROCESSED_RATE_LIMIT_STOP
ONCSM.IS:2019Q4,ONCSM.IS,ONCSM,2019Q4,2019-12-31,ANNUAL,INDUSTRIAL_OR_HOLDING,XUSIN.IS,UNKNOWN,CONSOLIDATED,,,2020-03-15,,[],,0,UNKNOWN,NONE,UNKNOWN,,UNKNOWN,UNKNOWN,UNKNOWN,SOURCE_ERROR,,,NOT_PROCESSED_RATE_LIMIT_STOP
ONCSM.IS:2020Q4,ONCSM.IS,ONCSM,2020Q4,2020-12-31,ANNUAL,INDUSTRIAL_OR_HOLDING,XUSIN.IS,UNKNOWN,CONSOLIDATED,,,2021-03-15,,[],,0,UNKNOWN,NONE,UNKNOWN,,UNKNOWN,UNKNOWN,UNKNOWN,SOURCE_ERROR,,,NOT_PROCESSED_RATE_LIMIT_STOP
ONCSM.IS:2021Q3,ONCSM.IS,ONCSM,2021Q3,2021-09-30,INTERIM,INDUSTRIAL_OR_HOLDING,XUSIN.IS,UNKNOWN,CONSOLIDATED,,,2021-11-15,,[],,0,UNKNOWN,NONE,UNKNOWN,,UNKNOWN,UNKNOWN,UNKNOWN,SOURCE_ERROR,,,NOT_PROCESSED_RATE_LIMIT_STOP
ONCSM.IS:2021Q4,ONCSM.IS,ONCSM,2021Q4,2021-12-31,ANNUAL,INDUSTRIAL_OR_HOLDING,XUSIN.IS,UNKNOWN,CONSOLIDATED,,,2022-03-15,,[],,0,UNKNOWN,NONE,UNKNOWN,,UNKNOWN,UNKNOWN,UNKNOWN,SOURCE_ERROR,,,NOT_PROCESSED_RATE_LIMIT_STOP
ONCSM.IS:2022Q1,ONCSM.IS,ONCSM,2022Q1,2022-03-31,INTERIM,INDUSTRIAL_OR_HOLDING,XUSIN.IS,UNKNOWN,CONSOLIDATED,,,2022-05-15,,[],,0,UNKNOWN,NONE,UNKNOWN,,UNKNOWN,UNKNOWN,UNKNOWN,SOURCE_ERROR,,,NOT_PROCESSED_RATE_LIMIT_STOP
ONCSM.IS:2022Q3,ONCSM.IS,ONCSM,2022Q3,2022-09-30,INTERIM,INDUSTRIAL_OR_HOLDING,XUSIN.IS,UNKNOWN,CONSOLIDATED,,,2022-11-15,,[],,0,UNKNOWN,NONE,UNKNOWN,,UNKNOWN,UNKNOWN,UNKNOWN,SOURCE_ERROR,,,NOT_PROCESSED_RATE_LIMIT_STOP
ONCSM.IS:2022Q4,ONCSM.IS,ONCSM,2022Q4,2022-12-31,ANNUAL,INDUSTRIAL_OR_HOLDING,XUSIN.IS,UNKNOWN,CONSOLIDATED,,,2023-03-15,,[],,0,UNKNOWN,NONE,UNKNOWN,,UNKNOWN,UNKNOWN,UNKNOWN,SOURCE_ERROR,,,NOT_PROCESSED_RATE_LIMIT_STOP
ONCSM.IS:2023Q1,ONCSM.IS,ONCSM,2023Q1,2023-03-31,INTERIM,INDUSTRIAL_OR_HOLDING,XUSIN.IS,UNKNOWN,CONSOLIDATED,,,2023-05-15,,[],,0,UNKNOWN,NONE,UNKNOWN,,UNKNOWN,UNKNOWN,UNKNOWN,SOURCE_ERROR,,,NOT_PROCESSED_RATE_LIMIT_STOP
ONCSM.IS:2023Q2,ONCSM.IS,ONCSM,2023Q2,2023-06-30,INTERIM,INDUSTRIAL_OR_HOLDING,XUSIN.IS,UNKNOWN,CONSOLIDATED,,,2023-08-15,,[],,0,UNKNOWN,NONE,UNKNOWN,,UNKNOWN,UNKNOWN,UNKNOWN,SOURCE_ERROR,,,NOT_PROCESSED_RATE_LIMIT_STOP
ONCSM.IS:2023Q3,ONCSM.IS,ONCSM,2023Q3,2023-09-30,INTERIM,INDUSTRIAL_OR_HOLDING,XUSIN.IS,UNKNOWN,CONSOLIDATED,,,2023-11-15,,[],,0,UNKNOWN,NONE,UNKNOWN,,UNKNOWN,UNKNOWN,UNKNOWN,SOURCE_ERROR,,,NOT_PROCESSED_RATE_LIMIT_STOP
ONCSM.IS:2023Q4,ONCSM.IS,ONCSM,2023Q4,2023-12-31,ANNUAL,INDUSTRIAL_OR_HOLDING,XUSIN.IS,UNKNOWN,CONSOLIDATED,,,2024-03-15,,[],,0,UNKNOWN,NONE,UNKNOWN,,UNKNOWN,UNKNOWN,UNKNOWN,SOURCE_ERROR,,,NOT_PROCESSED_RATE_LIMIT_STOP
ONCSM.IS:2024Q1,ONCSM.IS,ONCSM,2024Q1,2024-03-31,INTERIM,INDUSTRIAL_OR_HOLDING,XUSIN.IS,UNKNOWN,CONSOLIDATED,,,2024-05-15,,[],,0,UNKNOWN,NONE,UNKNOWN,,UNKNOWN,UNKNOWN,UNKNOWN,SOURCE_ERROR,,,NOT_PROCESSED_RATE_LIMIT_STOP
ONCSM.IS:2024Q2,ONCSM.IS,ONCSM,2024Q2,2024-06-30,INTERIM,INDUSTRIAL_OR_HOLDING,XUSIN.IS,UNKNOWN,CONSOLIDATED,,,2024-08-15,,[],,0,UNKNOWN,NONE,UNKNOWN,,UNKNOWN,UNKNOWN,UNKNOWN,SOURCE_ERROR,,,NOT_PROCESSED_RATE_LIMIT_STOP
ONCSM.IS:2024Q3,ONCSM.IS,ONCSM,2024Q3,2024-09-30,INTERIM,INDUSTRIAL_OR_HOLDING,XUSIN.IS,UNKNOWN,CONSOLIDATED,,,2024-11-15,,[],,0,UNKNOWN,NONE,UNKNOWN,,UNKNOWN,UNKNOWN,UNKNOWN,SOURCE_ERROR,,,NOT_PROCESSED_RATE_LIMIT_STOP
ONCSM.IS:2024Q4,ONCSM.IS,ONCSM,2024Q4,2024-12-31,ANNUAL,INDUSTRIAL_OR_HOLDING,XUSIN.IS,UNKNOWN,CONSOLIDATED,,,2025-03-15,,[],,0,UNKNOWN,NONE,UNKNOWN,,UNKNOWN,UNKNOWN,UNKNOWN,SOURCE_ERROR,,,NOT_PROCESSED_RATE_LIMIT_STOP
ONCSM.IS:2025Q1,ONCSM.IS,ONCSM,2025Q1,2025-03-31,INTERIM,INDUSTRIAL_OR_HOLDING,XUSIN.IS,UNKNOWN,CONSOLIDATED,,,2025-05-15,,[],,0,UNKNOWN,NONE,UNKNOWN,,UNKNOWN,UNKNOWN,UNKNOWN,SOURCE_ERROR,,,NOT_PROCESSED_RATE_LIMIT_STOP
ONCSM.IS:2025Q2,ONCSM.IS,ONCSM,2025Q2,2025-06-30,INTERIM,INDUSTRIAL_OR_HOLDING,XUSIN.IS,UNKNOWN,CONSOLIDATED,,,2025-08-15,,[],,0,UNKNOWN,NONE,UNKNOWN,,UNKNOWN,UNKNOWN,UNKNOWN,SOURCE_ERROR,,,NOT_PROCESSED_RATE_LIMIT_STOP
ONCSM.IS:2025Q3,ONCSM.IS,ONCSM,2025Q3,2025-09-30,INTERIM,INDUSTRIAL_OR_HOLDING,XUSIN.IS,UNKNOWN,CONSOLIDATED,,,2025-11-15,,[],,0,UNKNOWN,NONE,UNKNOWN,,UNKNOWN,UNKNOWN,UNKNOWN,SOURCE_ERROR,,,NOT_PROCESSED_RATE_LIMIT_STOP
ONCSM.IS:2025Q4,ONCSM.IS,ONCSM,2025Q4,2025-12-31,ANNUAL,INDUSTRIAL_OR_HOLDING,XUSIN.IS,UNKNOWN,CONSOLIDATED,,,2026-03-15,,[],,0,UNKNOWN,NONE,UNKNOWN,,UNKNOWN,UNKNOWN,UNKNOWN,SOURCE_ERROR,,,NOT_PROCESSED_RATE_LIMIT_STOP
ONCSM.IS:2026Q1,ONCSM.IS,ONCSM,2026Q1,2026-03-31,INTERIM,INDUSTRIAL_OR_HOLDING,XUSIN.IS,UNKNOWN,CONSOLIDATED,,,2026-05-15,,[],,0,UNKNOWN,NONE,UNKNOWN,,UNKNOWN,UNKNOWN,UNKNOWN,SOURCE_ERROR,,,NOT_PROCESSED_RATE_LIMIT_STOP
ONCSM.IS:2026Q2,ONCSM.IS,ONCSM,2026Q2,2026-06-30,INTERIM,INDUSTRIAL_OR_HOLDING,XUSIN.IS,UNKNOWN,CONSOLIDATED,,,2026-08-15,,[],,0,UNKNOWN,NONE,UNKNOWN,,UNKNOWN,UNKNOWN,UNKNOWN,SOURCE_ERROR,,,NOT_PROCESSED_RATE_LIMIT_STOP
OTKAR.IS:2018Q1,OTKAR.IS,OTKAR,2018Q1,2018-03-31,INTERIM,INDUSTRIAL_OR_HOLDING,XUSIN.IS,UNKNOWN,CONSOLIDATED,,,2018-05-15,,[],,0,UNKNOWN,NONE,UNKNOWN,,UNKNOWN,UNKNOWN,UNKNOWN,SOURCE_ERROR,,,NOT_PROCESSED_RATE_LIMIT_STOP
OTKAR.IS:2018Q2,OTKAR.IS,OTKAR,2018Q2,2018-06-30,INTERIM,INDUSTRIAL_OR_HOLDING,XUSIN.IS,UNKNOWN,CONSOLIDATED,,,2018-08-15,,[],,0,UNKNOWN,NONE,UNKNOWN,,UNKNOWN,UNKNOWN,UNKNOWN,SOURCE_ERROR,,,NOT_PROCESSED_RATE_LIMIT_STOP
OTKAR.IS:2018Q3,OTKAR.IS,OTKAR,2018Q3,2018-09-30,INTERIM,INDUSTRIAL_OR_HOLDING,XUSIN.IS,UNKNOWN,CONSOLIDATED,,,2018-11-15,,[],,0,UNKNOWN,NONE,UNKNOWN,,UNKNOWN,UNKNOWN,UNKNOWN,SOURCE_ERROR,,,NOT_PROCESSED_RATE_LIMIT_STOP
OTKAR.IS:2018Q4,OTKAR.IS,OTKAR,2018Q4,2018-12-31,ANNUAL,INDUSTRIAL_OR_HOLDING,XUSIN.IS,UNKNOWN,CONSOLIDATED,,,2019-03-15,,[],,0,UNKNOWN,NONE,UNKNOWN,,UNKNOWN,UNKNOWN,UNKNOWN,SOURCE_ERROR,,,NOT_PROCESSED_RATE_LIMIT_STOP
OTKAR.IS:2019Q1,OTKAR.IS,OTKAR,2019Q1,2019-03-31,INTERIM,INDUSTRIAL_OR_HOLDING,XUSIN.IS,UNKNOWN,CONSOLIDATED,,,2019-05-15,,[],,0,UNKNOWN,NONE,UNKNOWN,,UNKNOWN,UNKNOWN,UNKNOWN,SOURCE_ERROR,,,NOT_PROCESSED_RATE_LIMIT_STOP
OTKAR.IS:2019Q2,OTKAR.IS,OTKAR,2019Q2,2019-06-30,INTERIM,INDUSTRIAL_OR_HOLDING,XUSIN.IS,UNKNOWN,CONSOLIDATED,,,2019-08-15,,[],,0,UNKNOWN,NONE,UNKNOWN,,UNKNOWN,UNKNOWN,UNKNOWN,SOURCE_ERROR,,,NOT_PROCESSED_RATE_LIMIT_STOP
OTKAR.IS:2019Q3,OTKAR.IS,OTKAR,2019Q3,2019-09-30,INTERIM,INDUSTRIAL_OR_HOLDING,XUSIN.IS,UNKNOWN,CONSOLIDATED,,,2019-11-15,,[],,0,UNKNOWN,NONE,UNKNOWN,,UNKNOWN,UNKNOWN,UNKNOWN,SOURCE_ERROR,,,NOT_PROCESSED_RATE_LIMIT_STOP
OTKAR.IS:2019Q4,OTKAR.IS,OTKAR,2019Q4,2019-12-31,ANNUAL,INDUSTRIAL_OR_HOLDING,XUSIN.IS,UNKNOWN,CONSOLIDATED,,,2020-03-15,,[],,0,UNKNOWN,NONE,UNKNOWN,,UNKNOWN,UNKNOWN,UNKNOWN,SOURCE_ERROR,,,NOT_PROCESSED_RATE_LIMIT_STOP
OTKAR.IS:2020Q1,OTKAR.IS,OTKAR,2020Q1,2020-03-31,INTERIM,INDUSTRIAL_OR_HOLDING,XUSIN.IS,UNKNOWN,CONSOLIDATED,,,2020-05-15,,[],,0,UNKNOWN,NONE,UNKNOWN,,UNKNOWN,UNKNOWN,UNKNOWN,SOURCE_ERROR,,,NOT_PROCESSED_RATE_LIMIT_STOP
OTKAR.IS:2020Q2,OTKAR.IS,OTKAR,2020Q2,2020-06-30,INTERIM,INDUSTRIAL_OR_HOLDING,XUSIN.IS,UNKNOWN,CONSOLIDATED,,,2020-08-15,,[],,0,UNKNOWN,NONE,UNKNOWN,,UNKNOWN,UNKNOWN,UNKNOWN,SOURCE_ERROR,,,NOT_PROCESSED_RATE_LIMIT_STOP
OTKAR.IS:2020Q3,OTKAR.IS,OTKAR,2020Q3,2020-09-30,INTERIM,INDUSTRIAL_OR_HOLDING,XUSIN.IS,UNKNOWN,CONSOLIDATED,,,2020-11-15,,[],,0,UNKNOWN,NONE,UNKNOWN,,UNKNOWN,UNKNOWN,UNKNOWN,SOURCE_ERROR,,,NOT_PROCESSED_RATE_LIMIT_STOP
OTKAR.IS:2020Q4,OTKAR.IS,OTKAR,2020Q4,2020-12-31,ANNUAL,INDUSTRIAL_OR_HOLDING,XUSIN.IS,UNKNOWN,CONSOLIDATED,,,2021-03-15,,[],,0,UNKNOWN,NONE,UNKNOWN,,UNKNOWN,UNKNOWN,UNKNOWN,SOURCE_ERROR,,,NOT_PROCESSED_RATE_LIMIT_STOP
OTKAR.IS:2021Q1,OTKAR.IS,OTKAR,2021Q1,2021-03-31,INTERIM,INDUSTRIAL_OR_HOLDING,XUSIN.IS,UNKNOWN,CONSOLIDATED,,,2021-05-15,,[],,0,UNKNOWN,NONE,UNKNOWN,,UNKNOWN,UNKNOWN,UNKNOWN,SOURCE_ERROR,,,NOT_PROCESSED_RATE_LIMIT_STOP
OTKAR.IS:2021Q2,OTKAR.IS,OTKAR,2021Q2,2021-06-30,INTERIM,INDUSTRIAL_OR_HOLDING,XUSIN.IS,UNKNOWN,CONSOLIDATED,,,2021-08-15,,[],,0,UNKNOWN,NONE,UNKNOWN,,UNKNOWN,UNKNOWN,UNKNOWN,SOURCE_ERROR,,,NOT_PROCESSED_RATE_LIMIT_STOP
OTKAR.IS:2021Q3,OTKAR.IS,OTKAR,2021Q3,2021-09-30,INTERIM,INDUSTRIAL_OR_HOLDING,XUSIN.IS,UNKNOWN,CONSOLIDATED,,,2021-11-15,,[],,0,UNKNOWN,NONE,UNKNOWN,,UNKNOWN,UNKNOWN,UNKNOWN,SOURCE_ERROR,,,NOT_PROCESSED_RATE_LIMIT_STOP
OTKAR.IS:2021Q4,OTKAR.IS,OTKAR,2021Q4,2021-12-31,ANNUAL,INDUSTRIAL_OR_HOLDING,XUSIN.IS,UNKNOWN,CONSOLIDATED,,,2022-03-15,,[],,0,UNKNOWN,NONE,UNKNOWN,,UNKNOWN,UNKNOWN,UNKNOWN,SOURCE_ERROR,,,NOT_PROCESSED_RATE_LIMIT_STOP
OTKAR.IS:2022Q1,OTKAR.IS,OTKAR,2022Q1,2022-03-31,INTERIM,INDUSTRIAL_OR_HOLDING,XUSIN.IS,UNKNOWN,CONSOLIDATED,,,2022-05-15,,[],,0,UNKNOWN,NONE,UNKNOWN,,UNKNOWN,UNKNOWN,UNKNOWN,SOURCE_ERROR,,,NOT_PROCESSED_RATE_LIMIT_STOP
OTKAR.IS:2022Q2,OTKAR.IS,OTKAR,2022Q2,2022-06-30,INTERIM,INDUSTRIAL_OR_HOLDING,XUSIN.IS,UNKNOWN,CONSOLIDATED,,,2022-08-15,,[],,0,UNKNOWN,NONE,UNKNOWN,,UNKNOWN,UNKNOWN,UNKNOWN,SOURCE_ERROR,,,NOT_PROCESSED_RATE_LIMIT_STOP
OTKAR.IS:2022Q3,OTKAR.IS,OTKAR,2022Q3,2022-09-30,INTERIM,INDUSTRIAL_OR_HOLDING,XUSIN.IS,UNKNOWN,CONSOLIDATED,,,2022-11-15,,[],,0,UNKNOWN,NONE,UNKNOWN,,UNKNOWN,UNKNOWN,UNKNOWN,SOURCE_ERROR,,,NOT_PROCESSED_RATE_LIMIT_STOP
OTKAR.IS:2022Q4,OTKAR.IS,OTKAR,2022Q4,2022-12-31,ANNUAL,INDUSTRIAL_OR_HOLDING,XUSIN.IS,UNKNOWN,CONSOLIDATED,,,2023-03-15,,[],,0,UNKNOWN,NONE,UNKNOWN,,UNKNOWN,UNKNOWN,UNKNOWN,SOURCE_ERROR,,,NOT_PROCESSED_RATE_LIMIT_STOP
OTKAR.IS:2023Q1,OTKAR.IS,OTKAR,2023Q1,2023-03-31,INTERIM,INDUSTRIAL_OR_HOLDING,XUSIN.IS,UNKNOWN,CONSOLIDATED,,,2023-05-15,,[],,0,UNKNOWN,NONE,UNKNOWN,,UNKNOWN,UNKNOWN,UNKNOWN,SOURCE_ERROR,,,NOT_PROCESSED_RATE_LIMIT_STOP
OTKAR.IS:2023Q2,OTKAR.IS,OTKAR,2023Q2,2023-06-30,INTERIM,INDUSTRIAL_OR_HOLDING,XUSIN.IS,UNKNOWN,CONSOLIDATED,,,2023-08-15,,[],,0,UNKNOWN,NONE,UNKNOWN,,UNKNOWN,UNKNOWN,UNKNOWN,SOURCE_ERROR,,,NOT_PROCESSED_RATE_LIMIT_STOP
OTKAR.IS:2023Q3,OTKAR.IS,OTKAR,2023Q3,2023-09-30,INTERIM,INDUSTRIAL_OR_HOLDING,XUSIN.IS,UNKNOWN,CONSOLIDATED,,,2023-11-15,,[],,0,UNKNOWN,NONE,UNKNOWN,,UNKNOWN,UNKNOWN,UNKNOWN,SOURCE_ERROR,,,NOT_PROCESSED_RATE_LIMIT_STOP
OTKAR.IS:2023Q4,OTKAR.IS,OTKAR,2023Q4,2023-12-31,ANNUAL,INDUSTRIAL_OR_HOLDING,XUSIN.IS,UNKNOWN,CONSOLIDATED,,,2024-03-15,,[],,0,UNKNOWN,NONE,UNKNOWN,,UNKNOWN,UNKNOWN,UNKNOWN,SOURCE_ERROR,,,NOT_PROCESSED_RATE_LIMIT_STOP
OTKAR.IS:2024Q1,OTKAR.IS,OTKAR,2024Q1,2024-03-31,INTERIM,INDUSTRIAL_OR_HOLDING,XUSIN.IS,UNKNOWN,CONSOLIDATED,,,2024-05-15,,[],,0,UNKNOWN,NONE,UNKNOWN,,UNKNOWN,UNKNOWN,UNKNOWN,SOURCE_ERROR,,,NOT_PROCESSED_RATE_LIMIT_STOP
OTKAR.IS:2024Q2,OTKAR.IS,OTKAR,2024Q2,2024-06-30,INTERIM,INDUSTRIAL_OR_HOLDING,XUSIN.IS,UNKNOWN,CONSOLIDATED,,,2024-08-15,,[],,0,UNKNOWN,NONE,UNKNOWN,,UNKNOWN,UNKNOWN,UNKNOWN,SOURCE_ERROR,,,NOT_PROCESSED_RATE_LIMIT_STOP
OTKAR.IS:2024Q3,OTKAR.IS,OTKAR,2024Q3,2024-09-30,INTERIM,INDUSTRIAL_OR_HOLDING,XUSIN.IS,UNKNOWN,CONSOLIDATED,,,2024-11-15,,[],,0,UNKNOWN,NONE,UNKNOWN,,UNKNOWN,UNKNOWN,UNKNOWN,SOURCE_ERROR,,,NOT_PROCESSED_RATE_LIMIT_STOP
OTKAR.IS:2024Q4,OTKAR.IS,OTKAR,2024Q4,2024-12-31,ANNUAL,INDUSTRIAL_OR_HOLDING,XUSIN.IS,UNKNOWN,CONSOLIDATED,,,2025-03-15,,[],,0,UNKNOWN,NONE,UNKNOWN,,UNKNOWN,UNKNOWN,UNKNOWN,SOURCE_ERROR,,,NOT_PROCESSED_RATE_LIMIT_STOP
OTKAR.IS:2025Q1,OTKAR.IS,OTKAR,2025Q1,2025-03-31,INTERIM,INDUSTRIAL_OR_HOLDING,XUSIN.IS,UNKNOWN,CONSOLIDATED,,,2025-05-15,,[],,0,UNKNOWN,NONE,UNKNOWN,,UNKNOWN,UNKNOWN,UNKNOWN,SOURCE_ERROR,,,NOT_PROCESSED_RATE_LIMIT_STOP
OTKAR.IS:2025Q2,OTKAR.IS,OTKAR,2025Q2,2025-06-30,INTERIM,INDUSTRIAL_OR_HOLDING,XUSIN.IS,UNKNOWN,CONSOLIDATED,,,2025-08-15,,[],,0,UNKNOWN,NONE,UNKNOWN,,UNKNOWN,UNKNOWN,UNKNOWN,SOURCE_ERROR,,,NOT_PROCESSED_RATE_LIMIT_STOP
OTKAR.IS:2025Q3,OTKAR.IS,OTKAR,2025Q3,2025-09-30,INTERIM,INDUSTRIAL_OR_HOLDING,XUSIN.IS,UNKNOWN,CONSOLIDATED,,,2025-11-15,,[],,0,UNKNOWN,NONE,UNKNOWN,,UNKNOWN,UNKNOWN,UNKNOWN,SOURCE_ERROR,,,NOT_PROCESSED_RATE_LIMIT_STOP
OTKAR.IS:2025Q4,OTKAR.IS,OTKAR,2025Q4,2025-12-31,ANNUAL,INDUSTRIAL_OR_HOLDING,XUSIN.IS,UNKNOWN,CONSOLIDATED,,,2026-03-15,,[],,0,UNKNOWN,NONE,UNKNOWN,,UNKNOWN,UNKNOWN,UNKNOWN,SOURCE_ERROR,,,NOT_PROCESSED_RATE_LIMIT_STOP
OTKAR.IS:2026Q1,OTKAR.IS,OTKAR,2026Q1,2026-03-31,INTERIM,INDUSTRIAL_OR_HOLDING,XUSIN.IS,UNKNOWN,CONSOLIDATED,,,2026-05-15,,[],,0,UNKNOWN,NONE,UNKNOWN,,UNKNOWN,UNKNOWN,UNKNOWN,SOURCE_ERROR,,,NOT_PROCESSED_RATE_LIMIT_STOP
OTKAR.IS:2026Q2,OTKAR.IS,OTKAR,2026Q2,2026-06-30,INTERIM,INDUSTRIAL_OR_HOLDING,XUSIN.IS,UNKNOWN,CONSOLIDATED,,,2026-08-15,,[],,0,UNKNOWN,NONE,UNKNOWN,,UNKNOWN,UNKNOWN,UNKNOWN,SOURCE_ERROR,,,NOT_PROCESSED_RATE_LIMIT_STOP
OYAKC.IS:2018Q1,OYAKC.IS,OYAKC,2018Q1,2018-03-31,INTERIM,INDUSTRIAL_OR_HOLDING,XUSIN.IS,UNKNOWN,CONSOLIDATED,,,2018-05-15,,[],,0,UNKNOWN,NONE,UNKNOWN,,UNKNOWN,UNKNOWN,UNKNOWN,SOURCE_ERROR,,,NOT_PROCESSED_RATE_LIMIT_STOP
OYAKC.IS:2018Q2,OYAKC.IS,OYAKC,2018Q2,2018-06-30,INTERIM,INDUSTRIAL_OR_HOLDING,XUSIN.IS,UNKNOWN,CONSOLIDATED,,,2018-08-15,,[],,0,UNKNOWN,NONE,UNKNOWN,,UNKNOWN,UNKNOWN,UNKNOWN,SOURCE_ERROR,,,NOT_PROCESSED_RATE_LIMIT_STOP
OYAKC.IS:2018Q3,OYAKC.IS,OYAKC,2018Q3,2018-09-30,INTERIM,INDUSTRIAL_OR_HOLDING,XUSIN.IS,UNKNOWN,CONSOLIDATED,,,2018-11-15,,[],,0,UNKNOWN,NONE,UNKNOWN,,UNKNOWN,UNKNOWN,UNKNOWN,SOURCE_ERROR,,,NOT_PROCESSED_RATE_LIMIT_STOP
OYAKC.IS:2018Q4,OYAKC.IS,OYAKC,2018Q4,2018-12-31,ANNUAL,INDUSTRIAL_OR_HOLDING,XUSIN.IS,UNKNOWN,CONSOLIDATED,,,2019-03-15,,[],,0,UNKNOWN,NONE,UNKNOWN,,UNKNOWN,UNKNOWN,UNKNOWN,SOURCE_ERROR,,,NOT_PROCESSED_RATE_LIMIT_STOP
OYAKC.IS:2019Q1,OYAKC.IS,OYAKC,2019Q1,2019-03-31,INTERIM,INDUSTRIAL_OR_HOLDING,XUSIN.IS,UNKNOWN,CONSOLIDATED,,,2019-05-15,,[],,0,UNKNOWN,NONE,UNKNOWN,,UNKNOWN,UNKNOWN,UNKNOWN,SOURCE_ERROR,,,NOT_PROCESSED_RATE_LIMIT_STOP
OYAKC.IS:2019Q2,OYAKC.IS,OYAKC,2019Q2,2019-06-30,INTERIM,INDUSTRIAL_OR_HOLDING,XUSIN.IS,UNKNOWN,CONSOLIDATED,,,2019-08-15,,[],,0,UNKNOWN,NONE,UNKNOWN,,UNKNOWN,UNKNOWN,UNKNOWN,SOURCE_ERROR,,,NOT_PROCESSED_RATE_LIMIT_STOP
OYAKC.IS:2019Q3,OYAKC.IS,OYAKC,2019Q3,2019-09-30,INTERIM,INDUSTRIAL_OR_HOLDING,XUSIN.IS,UNKNOWN,CONSOLIDATED,,,2019-11-15,,[],,0,UNKNOWN,NONE,UNKNOWN,,UNKNOWN,UNKNOWN,UNKNOWN,SOURCE_ERROR,,,NOT_PROCESSED_RATE_LIMIT_STOP
OYAKC.IS:2019Q4,OYAKC.IS,OYAKC,2019Q4,2019-12-31,ANNUAL,INDUSTRIAL_OR_HOLDING,XUSIN.IS,UNKNOWN,CONSOLIDATED,,,2020-03-15,,[],,0,UNKNOWN,NONE,UNKNOWN,,UNKNOWN,UNKNOWN,UNKNOWN,SOURCE_ERROR,,,NOT_PROCESSED_RATE_LIMIT_STOP
OYAKC.IS:2020Q1,OYAKC.IS,OYAKC,2020Q1,2020-03-31,INTERIM,INDUSTRIAL_OR_HOLDING,XUSIN.IS,UNKNOWN,CONSOLIDATED,,,2020-05-15,,[],,0,UNKNOWN,NONE,UNKNOWN,,UNKNOWN,UNKNOWN,UNKNOWN,SOURCE_ERROR,,,NOT_PROCESSED_RATE_LIMIT_STOP
OYAKC.IS:2020Q2,OYAKC.IS,OYAKC,2020Q2,2020-06-30,INTERIM,INDUSTRIAL_OR_HOLDING,XUSIN.IS,UNKNOWN,CONSOLIDATED,,,2020-08-15,,[],,0,UNKNOWN,NONE,UNKNOWN,,UNKNOWN,UNKNOWN,UNKNOWN,SOURCE_ERROR,,,NOT_PROCESSED_RATE_LIMIT_STOP
OYAKC.IS:2020Q3,OYAKC.IS,OYAKC,2020Q3,2020-09-30,INTERIM,INDUSTRIAL_OR_HOLDING,XUSIN.IS,UNKNOWN,CONSOLIDATED,,,2020-11-15,,[],,0,UNKNOWN,NONE,UNKNOWN,,UNKNOWN,UNKNOWN,UNKNOWN,SOURCE_ERROR,,,NOT_PROCESSED_RATE_LIMIT_STOP
OYAKC.IS:2020Q4,OYAKC.IS,OYAKC,2020Q4,2020-12-31,ANNUAL,INDUSTRIAL_OR_HOLDING,XUSIN.IS,UNKNOWN,CONSOLIDATED,,,2021-03-15,,[],,0,UNKNOWN,NONE,UNKNOWN,,UNKNOWN,UNKNOWN,UNKNOWN,SOURCE_ERROR,,,NOT_PROCESSED_RATE_LIMIT_STOP
OYAKC.IS:2021Q1,OYAKC.IS,OYAKC,2021Q1,2021-03-31,INTERIM,INDUSTRIAL_OR_HOLDING,XUSIN.IS,UNKNOWN,CONSOLIDATED,,,2021-05-15,,[],,0,UNKNOWN,NONE,UNKNOWN,,UNKNOWN,UNKNOWN,UNKNOWN,SOURCE_ERROR,,,NOT_PROCESSED_RATE_LIMIT_STOP
OYAKC.IS:2021Q2,OYAKC.IS,OYAKC,2021Q2,2021-06-30,INTERIM,INDUSTRIAL_OR_HOLDING,XUSIN.IS,UNKNOWN,CONSOLIDATED,,,2021-08-15,,[],,0,UNKNOWN,NONE,UNKNOWN,,UNKNOWN,UNKNOWN,UNKNOWN,SOURCE_ERROR,,,NOT_PROCESSED_RATE_LIMIT_STOP
OYAKC.IS:2021Q3,OYAKC.IS,OYAKC,2021Q3,2021-09-30,INTERIM,INDUSTRIAL_OR_HOLDING,XUSIN.IS,UNKNOWN,CONSOLIDATED,,,2021-11-15,,[],,0,UNKNOWN,NONE,UNKNOWN,,UNKNOWN,UNKNOWN,UNKNOWN,SOURCE_ERROR,,,NOT_PROCESSED_RATE_LIMIT_STOP
OYAKC.IS:2021Q4,OYAKC.IS,OYAKC,2021Q4,2021-12-31,ANNUAL,INDUSTRIAL_OR_HOLDING,XUSIN.IS,UNKNOWN,CONSOLIDATED,,,2022-03-15,,[],,0,UNKNOWN,NONE,UNKNOWN,,UNKNOWN,UNKNOWN,UNKNOWN,SOURCE_ERROR,,,NOT_PROCESSED_RATE_LIMIT_STOP
OYAKC.IS:2022Q1,OYAKC.IS,OYAKC,2022Q1,2022-03-31,INTERIM,INDUSTRIAL_OR_HOLDING,XUSIN.IS,UNKNOWN,CONSOLIDATED,,,2022-05-15,,[],,0,UNKNOWN,NONE,UNKNOWN,,UNKNOWN,UNKNOWN,UNKNOWN,SOURCE_ERROR,,,NOT_PROCESSED_RATE_LIMIT_STOP
OYAKC.IS:2022Q2,OYAKC.IS,OYAKC,2022Q2,2022-06-30,INTERIM,INDUSTRIAL_OR_HOLDING,XUSIN.IS,UNKNOWN,CONSOLIDATED,,,2022-08-15,,[],,0,UNKNOWN,NONE,UNKNOWN,,UNKNOWN,UNKNOWN,UNKNOWN,SOURCE_ERROR,,,NOT_PROCESSED_RATE_LIMIT_STOP
OYAKC.IS:2022Q3,OYAKC.IS,OYAKC,2022Q3,2022-09-30,INTERIM,INDUSTRIAL_OR_HOLDING,XUSIN.IS,UNKNOWN,CONSOLIDATED,,,2022-11-15,,[],,0,UNKNOWN,NONE,UNKNOWN,,UNKNOWN,UNKNOWN,UNKNOWN,SOURCE_ERROR,,,NOT_PROCESSED_RATE_LIMIT_STOP
OYAKC.IS:2022Q4,OYAKC.IS,OYAKC,2022Q4,2022-12-31,ANNUAL,INDUSTRIAL_OR_HOLDING,XUSIN.IS,UNKNOWN,CONSOLIDATED,,,2023-03-15,,[],,0,UNKNOWN,NONE,UNKNOWN,,UNKNOWN,UNKNOWN,UNKNOWN,SOURCE_ERROR,,,NOT_PROCESSED_RATE_LIMIT_STOP
OYAKC.IS:2023Q1,OYAKC.IS,OYAKC,2023Q1,2023-03-31,INTERIM,INDUSTRIAL_OR_HOLDING,XUSIN.IS,UNKNOWN,CONSOLIDATED,,,2023-05-15,,[],,0,UNKNOWN,NONE,UNKNOWN,,UNKNOWN,UNKNOWN,UNKNOWN,SOURCE_ERROR,,,NOT_PROCESSED_RATE_LIMIT_STOP
OYAKC.IS:2023Q2,OYAKC.IS,OYAKC,2023Q2,2023-06-30,INTERIM,INDUSTRIAL_OR_HOLDING,XUSIN.IS,UNKNOWN,CONSOLIDATED,,,2023-08-15,,[],,0,UNKNOWN,NONE,UNKNOWN,,UNKNOWN,UNKNOWN,UNKNOWN,SOURCE_ERROR,,,NOT_PROCESSED_RATE_LIMIT_STOP
OYAKC.IS:2023Q3,OYAKC.IS,OYAKC,2023Q3,2023-09-30,INTERIM,INDUSTRIAL_OR_HOLDING,XUSIN.IS,UNKNOWN,CONSOLIDATED,,,2023-11-15,,[],,0,UNKNOWN,NONE,UNKNOWN,,UNKNOWN,UNKNOWN,UNKNOWN,SOURCE_ERROR,,,NOT_PROCESSED_RATE_LIMIT_STOP
OYAKC.IS:2023Q4,OYAKC.IS,OYAKC,2023Q4,2023-12-31,ANNUAL,INDUSTRIAL_OR_HOLDING,XUSIN.IS,UNKNOWN,CONSOLIDATED,,,2024-03-15,,[],,0,UNKNOWN,NONE,UNKNOWN,,UNKNOWN,UNKNOWN,UNKNOWN,SOURCE_ERROR,,,NOT_PROCESSED_RATE_LIMIT_STOP
OYAKC.IS:2024Q1,OYAKC.IS,OYAKC,2024Q1,2024-03-31,INTERIM,INDUSTRIAL_OR_HOLDING,XUSIN.IS,UNKNOWN,CONSOLIDATED,,,2024-05-15,,[],,0,UNKNOWN,NONE,UNKNOWN,,UNKNOWN,UNKNOWN,UNKNOWN,SOURCE_ERROR,,,NOT_PROCESSED_RATE_LIMIT_STOP
OYAKC.IS:2024Q2,OYAKC.IS,OYAKC,2024Q2,2024-06-30,INTERIM,INDUSTRIAL_OR_HOLDING,XUSIN.IS,UNKNOWN,CONSOLIDATED,,,2024-08-15,,[],,0,UNKNOWN,NONE,UNKNOWN,,UNKNOWN,UNKNOWN,UNKNOWN,SOURCE_ERROR,,,NOT_PROCESSED_RATE_LIMIT_STOP
OYAKC.IS:2024Q3,OYAKC.IS,OYAKC,2024Q3,2024-09-30,INTERIM,INDUSTRIAL_OR_HOLDING,XUSIN.IS,UNKNOWN,CONSOLIDATED,,,2024-11-15,,[],,0,UNKNOWN,NONE,UNKNOWN,,UNKNOWN,UNKNOWN,UNKNOWN,SOURCE_ERROR,,,NOT_PROCESSED_RATE_LIMIT_STOP
OYAKC.IS:2024Q4,OYAKC.IS,OYAKC,2024Q4,2024-12-31,ANNUAL,INDUSTRIAL_OR_HOLDING,XUSIN.IS,UNKNOWN,CONSOLIDATED,,,2025-03-15,,[],,0,UNKNOWN,NONE,UNKNOWN,,UNKNOWN,UNKNOWN,UNKNOWN,SOURCE_ERROR,,,NOT_PROCESSED_RATE_LIMIT_STOP
OYAKC.IS:2025Q1,OYAKC.IS,OYAKC,2025Q1,2025-03-31,INTERIM,INDUSTRIAL_OR_HOLDING,XUSIN.IS,UNKNOWN,CONSOLIDATED,,,2025-05-15,,[],,0,UNKNOWN,NONE,UNKNOWN,,UNKNOWN,UNKNOWN,UNKNOWN,SOURCE_ERROR,,,NOT_PROCESSED_RATE_LIMIT_STOP
OYAKC.IS:2025Q2,OYAKC.IS,OYAKC,2025Q2,2025-06-30,INTERIM,INDUSTRIAL_OR_HOLDING,XUSIN.IS,UNKNOWN,CONSOLIDATED,,,2025-08-15,,[],,0,UNKNOWN,NONE,UNKNOWN,,UNKNOWN,UNKNOWN,UNKNOWN,SOURCE_ERROR,,,NOT_PROCESSED_RATE_LIMIT_STOP
OYAKC.IS:2025Q3,OYAKC.IS,OYAKC,2025Q3,2025-09-30,INTERIM,INDUSTRIAL_OR_HOLDING,XUSIN.IS,UNKNOWN,CONSOLIDATED,,,2025-11-15,,[],,0,UNKNOWN,NONE,UNKNOWN,,UNKNOWN,UNKNOWN,UNKNOWN,SOURCE_ERROR,,,NOT_PROCESSED_RATE_LIMIT_STOP
OYAKC.IS:2025Q4,OYAKC.IS,OYAKC,2025Q4,2025-12-31,ANNUAL,INDUSTRIAL_OR_HOLDING,XUSIN.IS,UNKNOWN,CONSOLIDATED,,,2026-03-15,,[],,0,UNKNOWN,NONE,UNKNOWN,,UNKNOWN,UNKNOWN,UNKNOWN,SOURCE_ERROR,,,NOT_PROCESSED_RATE_LIMIT_STOP
OYAKC.IS:2026Q1,OYAKC.IS,OYAKC,2026Q1,2026-03-31,INTERIM,INDUSTRIAL_OR_HOLDING,XUSIN.IS,UNKNOWN,CONSOLIDATED,,,2026-05-15,,[],,0,UNKNOWN,NONE,UNKNOWN,,UNKNOWN,UNKNOWN,UNKNOWN,SOURCE_ERROR,,,NOT_PROCESSED_RATE_LIMIT_STOP
OYAKC.IS:2026Q2,OYAKC.IS,OYAKC,2026Q2,2026-06-30,INTERIM,INDUSTRIAL_OR_HOLDING,XUSIN.IS,UNKNOWN,CONSOLIDATED,,,2026-08-15,,[],,0,UNKNOWN,NONE,UNKNOWN,,UNKNOWN,UNKNOWN,UNKNOWN,SOURCE_ERROR,,,NOT_PROCESSED_RATE_LIMIT_STOP
PASEU.IS:2020Q4,PASEU.IS,PASEU,2020Q4,2020-12-31,ANNUAL,INDUSTRIAL_OR_HOLDING,XU100.IS,UNKNOWN,CONSOLIDATED,,,2021-03-15,,[],,0,UNKNOWN,NONE,UNKNOWN,,UNKNOWN,UNKNOWN,UNKNOWN,SOURCE_ERROR,,,NOT_PROCESSED_RATE_LIMIT_STOP
PASEU.IS:2021Q4,PASEU.IS,PASEU,2021Q4,2021-12-31,ANNUAL,INDUSTRIAL_OR_HOLDING,XU100.IS,UNKNOWN,CONSOLIDATED,,,2022-03-15,,[],,0,UNKNOWN,NONE,UNKNOWN,,UNKNOWN,UNKNOWN,UNKNOWN,SOURCE_ERROR,,,NOT_PROCESSED_RATE_LIMIT_STOP
PASEU.IS:2022Q1,PASEU.IS,PASEU,2022Q1,2022-03-31,INTERIM,INDUSTRIAL_OR_HOLDING,XU100.IS,UNKNOWN,CONSOLIDATED,,,2022-05-15,,[],,0,UNKNOWN,NONE,UNKNOWN,,UNKNOWN,UNKNOWN,UNKNOWN,SOURCE_ERROR,,,NOT_PROCESSED_RATE_LIMIT_STOP
PASEU.IS:2022Q2,PASEU.IS,PASEU,2022Q2,2022-06-30,INTERIM,INDUSTRIAL_OR_HOLDING,XU100.IS,UNKNOWN,CONSOLIDATED,,,2022-08-15,,[],,0,UNKNOWN,NONE,UNKNOWN,,UNKNOWN,UNKNOWN,UNKNOWN,SOURCE_ERROR,,,NOT_PROCESSED_RATE_LIMIT_STOP
PASEU.IS:2022Q3,PASEU.IS,PASEU,2022Q3,2022-09-30,INTERIM,INDUSTRIAL_OR_HOLDING,XU100.IS,UNKNOWN,CONSOLIDATED,,,2022-11-15,,[],,0,UNKNOWN,NONE,UNKNOWN,,UNKNOWN,UNKNOWN,UNKNOWN,SOURCE_ERROR,,,NOT_PROCESSED_RATE_LIMIT_STOP
PASEU.IS:2022Q4,PASEU.IS,PASEU,2022Q4,2022-12-31,ANNUAL,INDUSTRIAL_OR_HOLDING,XU100.IS,UNKNOWN,CONSOLIDATED,,,2023-03-15,,[],,0,UNKNOWN,NONE,UNKNOWN,,UNKNOWN,UNKNOWN,UNKNOWN,SOURCE_ERROR,,,NOT_PROCESSED_RATE_LIMIT_STOP
PASEU.IS:2023Q1,PASEU.IS,PASEU,2023Q1,2023-03-31,INTERIM,INDUSTRIAL_OR_HOLDING,XU100.IS,UNKNOWN,CONSOLIDATED,,,2023-05-15,,[],,0,UNKNOWN,NONE,UNKNOWN,,UNKNOWN,UNKNOWN,UNKNOWN,SOURCE_ERROR,,,NOT_PROCESSED_RATE_LIMIT_STOP
PASEU.IS:2023Q2,PASEU.IS,PASEU,2023Q2,2023-06-30,INTERIM,INDUSTRIAL_OR_HOLDING,XU100.IS,UNKNOWN,CONSOLIDATED,,,2023-08-15,,[],,0,UNKNOWN,NONE,UNKNOWN,,UNKNOWN,UNKNOWN,UNKNOWN,SOURCE_ERROR,,,NOT_PROCESSED_RATE_LIMIT_STOP
PASEU.IS:2023Q3,PASEU.IS,PASEU,2023Q3,2023-09-30,INTERIM,INDUSTRIAL_OR_HOLDING,XU100.IS,UNKNOWN,CONSOLIDATED,,,2023-11-15,,[],,0,UNKNOWN,NONE,UNKNOWN,,UNKNOWN,UNKNOWN,UNKNOWN,SOURCE_ERROR,,,NOT_PROCESSED_RATE_LIMIT_STOP
PASEU.IS:2023Q4,PASEU.IS,PASEU,2023Q4,2023-12-31,ANNUAL,INDUSTRIAL_OR_HOLDING,XU100.IS,UNKNOWN,CONSOLIDATED,,,2024-03-15,,[],,0,UNKNOWN,NONE,UNKNOWN,,UNKNOWN,UNKNOWN,UNKNOWN,SOURCE_ERROR,,,NOT_PROCESSED_RATE_LIMIT_STOP
PASEU.IS:2024Q1,PASEU.IS,PASEU,2024Q1,2024-03-31,INTERIM,INDUSTRIAL_OR_HOLDING,XU100.IS,UNKNOWN,CONSOLIDATED,,,2024-05-15,,[],,0,UNKNOWN,NONE,UNKNOWN,,UNKNOWN,UNKNOWN,UNKNOWN,SOURCE_ERROR,,,NOT_PROCESSED_RATE_LIMIT_STOP
PASEU.IS:2024Q2,PASEU.IS,PASEU,2024Q2,2024-06-30,INTERIM,INDUSTRIAL_OR_HOLDING,XU100.IS,UNKNOWN,CONSOLIDATED,,,2024-08-15,,[],,0,UNKNOWN,NONE,UNKNOWN,,UNKNOWN,UNKNOWN,UNKNOWN,SOURCE_ERROR,,,NOT_PROCESSED_RATE_LIMIT_STOP
PASEU.IS:2024Q3,PASEU.IS,PASEU,2024Q3,2024-09-30,INTERIM,INDUSTRIAL_OR_HOLDING,XU100.IS,UNKNOWN,CONSOLIDATED,,,2024-11-15,,[],,0,UNKNOWN,NONE,UNKNOWN,,UNKNOWN,UNKNOWN,UNKNOWN,SOURCE_ERROR,,,NOT_PROCESSED_RATE_LIMIT_STOP
PASEU.IS:2024Q4,PASEU.IS,PASEU,2024Q4,2024-12-31,ANNUAL,INDUSTRIAL_OR_HOLDING,XU100.IS,UNKNOWN,CONSOLIDATED,,,2025-03-15,,[],,0,UNKNOWN,NONE,UNKNOWN,,UNKNOWN,UNKNOWN,UNKNOWN,SOURCE_ERROR,,,NOT_PROCESSED_RATE_LIMIT_STOP
PASEU.IS:2025Q1,PASEU.IS,PASEU,2025Q1,2025-03-31,INTERIM,INDUSTRIAL_OR_HOLDING,XU100.IS,UNKNOWN,CONSOLIDATED,,,2025-05-15,,[],,0,UNKNOWN,NONE,UNKNOWN,,UNKNOWN,UNKNOWN,UNKNOWN,SOURCE_ERROR,,,NOT_PROCESSED_RATE_LIMIT_STOP
PASEU.IS:2025Q2,PASEU.IS,PASEU,2025Q2,2025-06-30,INTERIM,INDUSTRIAL_OR_HOLDING,XU100.IS,UNKNOWN,CONSOLIDATED,,,2025-08-15,,[],,0,UNKNOWN,NONE,UNKNOWN,,UNKNOWN,UNKNOWN,UNKNOWN,SOURCE_ERROR,,,NOT_PROCESSED_RATE_LIMIT_STOP
PASEU.IS:2025Q3,PASEU.IS,PASEU,2025Q3,2025-09-30,INTERIM,INDUSTRIAL_OR_HOLDING,XU100.IS,UNKNOWN,CONSOLIDATED,,,2025-11-15,,[],,0,UNKNOWN,NONE,UNKNOWN,,UNKNOWN,UNKNOWN,UNKNOWN,SOURCE_ERROR,,,NOT_PROCESSED_RATE_LIMIT_STOP
PASEU.IS:2025Q4,PASEU.IS,PASEU,2025Q4,2025-12-31,ANNUAL,INDUSTRIAL_OR_HOLDING,XU100.IS,UNKNOWN,CONSOLIDATED,,,2026-03-15,,[],,0,UNKNOWN,NONE,UNKNOWN,,UNKNOWN,UNKNOWN,UNKNOWN,SOURCE_ERROR,,,NOT_PROCESSED_RATE_LIMIT_STOP
PASEU.IS:2026Q1,PASEU.IS,PASEU,2026Q1,2026-03-31,INTERIM,INDUSTRIAL_OR_HOLDING,XU100.IS,UNKNOWN,CONSOLIDATED,,,2026-05-15,,[],,0,UNKNOWN,NONE,UNKNOWN,,UNKNOWN,UNKNOWN,UNKNOWN,SOURCE_ERROR,,,NOT_PROCESSED_RATE_LIMIT_STOP
PASEU.IS:2026Q2,PASEU.IS,PASEU,2026Q2,2026-06-30,INTERIM,INDUSTRIAL_OR_HOLDING,XU100.IS,UNKNOWN,CONSOLIDATED,,,2026-08-15,,[],,0,UNKNOWN,NONE,UNKNOWN,,UNKNOWN,UNKNOWN,UNKNOWN,SOURCE_ERROR,,,NOT_PROCESSED_RATE_LIMIT_STOP
PETKM.IS:2018Q1,PETKM.IS,PETKM,2018Q1,2018-03-31,INTERIM,INDUSTRIAL_OR_HOLDING,XUSIN.IS,UNKNOWN,CONSOLIDATED,,,2018-05-15,,[],,0,UNKNOWN,NONE,UNKNOWN,,UNKNOWN,UNKNOWN,UNKNOWN,SOURCE_ERROR,,,NOT_PROCESSED_RATE_LIMIT_STOP
PETKM.IS:2018Q2,PETKM.IS,PETKM,2018Q2,2018-06-30,INTERIM,INDUSTRIAL_OR_HOLDING,XUSIN.IS,UNKNOWN,CONSOLIDATED,,,2018-08-15,,[],,0,UNKNOWN,NONE,UNKNOWN,,UNKNOWN,UNKNOWN,UNKNOWN,SOURCE_ERROR,,,NOT_PROCESSED_RATE_LIMIT_STOP
PETKM.IS:2018Q3,PETKM.IS,PETKM,2018Q3,2018-09-30,INTERIM,INDUSTRIAL_OR_HOLDING,XUSIN.IS,UNKNOWN,CONSOLIDATED,,,2018-11-15,,[],,0,UNKNOWN,NONE,UNKNOWN,,UNKNOWN,UNKNOWN,UNKNOWN,SOURCE_ERROR,,,NOT_PROCESSED_RATE_LIMIT_STOP
PETKM.IS:2018Q4,PETKM.IS,PETKM,2018Q4,2018-12-31,ANNUAL,INDUSTRIAL_OR_HOLDING,XUSIN.IS,UNKNOWN,CONSOLIDATED,,,2019-03-15,,[],,0,UNKNOWN,NONE,UNKNOWN,,UNKNOWN,UNKNOWN,UNKNOWN,SOURCE_ERROR,,,NOT_PROCESSED_RATE_LIMIT_STOP
PETKM.IS:2019Q1,PETKM.IS,PETKM,2019Q1,2019-03-31,INTERIM,INDUSTRIAL_OR_HOLDING,XUSIN.IS,UNKNOWN,CONSOLIDATED,,,2019-05-15,,[],,0,UNKNOWN,NONE,UNKNOWN,,UNKNOWN,UNKNOWN,UNKNOWN,SOURCE_ERROR,,,NOT_PROCESSED_RATE_LIMIT_STOP
PETKM.IS:2019Q2,PETKM.IS,PETKM,2019Q2,2019-06-30,INTERIM,INDUSTRIAL_OR_HOLDING,XUSIN.IS,UNKNOWN,CONSOLIDATED,,,2019-08-15,,[],,0,UNKNOWN,NONE,UNKNOWN,,UNKNOWN,UNKNOWN,UNKNOWN,SOURCE_ERROR,,,NOT_PROCESSED_RATE_LIMIT_STOP
PETKM.IS:2019Q3,PETKM.IS,PETKM,2019Q3,2019-09-30,INTERIM,INDUSTRIAL_OR_HOLDING,XUSIN.IS,UNKNOWN,CONSOLIDATED,,,2019-11-15,,[],,0,UNKNOWN,NONE,UNKNOWN,,UNKNOWN,UNKNOWN,UNKNOWN,SOURCE_ERROR,,,NOT_PROCESSED_RATE_LIMIT_STOP
PETKM.IS:2019Q4,PETKM.IS,PETKM,2019Q4,2019-12-31,ANNUAL,INDUSTRIAL_OR_HOLDING,XUSIN.IS,UNKNOWN,CONSOLIDATED,,,2020-03-15,,[],,0,UNKNOWN,NONE,UNKNOWN,,UNKNOWN,UNKNOWN,UNKNOWN,SOURCE_ERROR,,,NOT_PROCESSED_RATE_LIMIT_STOP
PETKM.IS:2020Q1,PETKM.IS,PETKM,2020Q1,2020-03-31,INTERIM,INDUSTRIAL_OR_HOLDING,XUSIN.IS,UNKNOWN,CONSOLIDATED,,,2020-05-15,,[],,0,UNKNOWN,NONE,UNKNOWN,,UNKNOWN,UNKNOWN,UNKNOWN,SOURCE_ERROR,,,NOT_PROCESSED_RATE_LIMIT_STOP
PETKM.IS:2020Q2,PETKM.IS,PETKM,2020Q2,2020-06-30,INTERIM,INDUSTRIAL_OR_HOLDING,XUSIN.IS,UNKNOWN,CONSOLIDATED,,,2020-08-15,,[],,0,UNKNOWN,NONE,UNKNOWN,,UNKNOWN,UNKNOWN,UNKNOWN,SOURCE_ERROR,,,NOT_PROCESSED_RATE_LIMIT_STOP
PETKM.IS:2020Q3,PETKM.IS,PETKM,2020Q3,2020-09-30,INTERIM,INDUSTRIAL_OR_HOLDING,XUSIN.IS,UNKNOWN,CONSOLIDATED,,,2020-11-15,,[],,0,UNKNOWN,NONE,UNKNOWN,,UNKNOWN,UNKNOWN,UNKNOWN,SOURCE_ERROR,,,NOT_PROCESSED_RATE_LIMIT_STOP
PETKM.IS:2020Q4,PETKM.IS,PETKM,2020Q4,2020-12-31,ANNUAL,INDUSTRIAL_OR_HOLDING,XUSIN.IS,UNKNOWN,CONSOLIDATED,,,2021-03-15,,[],,0,UNKNOWN,NONE,UNKNOWN,,UNKNOWN,UNKNOWN,UNKNOWN,SOURCE_ERROR,,,NOT_PROCESSED_RATE_LIMIT_STOP
PETKM.IS:2021Q1,PETKM.IS,PETKM,2021Q1,2021-03-31,INTERIM,INDUSTRIAL_OR_HOLDING,XUSIN.IS,UNKNOWN,CONSOLIDATED,,,2021-05-15,,[],,0,UNKNOWN,NONE,UNKNOWN,,UNKNOWN,UNKNOWN,UNKNOWN,SOURCE_ERROR,,,NOT_PROCESSED_RATE_LIMIT_STOP
PETKM.IS:2021Q2,PETKM.IS,PETKM,2021Q2,2021-06-30,INTERIM,INDUSTRIAL_OR_HOLDING,XUSIN.IS,UNKNOWN,CONSOLIDATED,,,2021-08-15,,[],,0,UNKNOWN,NONE,UNKNOWN,,UNKNOWN,UNKNOWN,UNKNOWN,SOURCE_ERROR,,,NOT_PROCESSED_RATE_LIMIT_STOP
PETKM.IS:2021Q3,PETKM.IS,PETKM,2021Q3,2021-09-30,INTERIM,INDUSTRIAL_OR_HOLDING,XUSIN.IS,UNKNOWN,CONSOLIDATED,,,2021-11-15,,[],,0,UNKNOWN,NONE,UNKNOWN,,UNKNOWN,UNKNOWN,UNKNOWN,SOURCE_ERROR,,,NOT_PROCESSED_RATE_LIMIT_STOP
PETKM.IS:2021Q4,PETKM.IS,PETKM,2021Q4,2021-12-31,ANNUAL,INDUSTRIAL_OR_HOLDING,XUSIN.IS,UNKNOWN,CONSOLIDATED,,,2022-03-15,,[],,0,UNKNOWN,NONE,UNKNOWN,,UNKNOWN,UNKNOWN,UNKNOWN,SOURCE_ERROR,,,NOT_PROCESSED_RATE_LIMIT_STOP
PETKM.IS:2022Q1,PETKM.IS,PETKM,2022Q1,2022-03-31,INTERIM,INDUSTRIAL_OR_HOLDING,XUSIN.IS,UNKNOWN,CONSOLIDATED,,,2022-05-15,,[],,0,UNKNOWN,NONE,UNKNOWN,,UNKNOWN,UNKNOWN,UNKNOWN,SOURCE_ERROR,,,NOT_PROCESSED_RATE_LIMIT_STOP
PETKM.IS:2022Q2,PETKM.IS,PETKM,2022Q2,2022-06-30,INTERIM,INDUSTRIAL_OR_HOLDING,XUSIN.IS,UNKNOWN,CONSOLIDATED,,,2022-08-15,,[],,0,UNKNOWN,NONE,UNKNOWN,,UNKNOWN,UNKNOWN,UNKNOWN,SOURCE_ERROR,,,NOT_PROCESSED_RATE_LIMIT_STOP
PETKM.IS:2022Q3,PETKM.IS,PETKM,2022Q3,2022-09-30,INTERIM,INDUSTRIAL_OR_HOLDING,XUSIN.IS,UNKNOWN,CONSOLIDATED,,,2022-11-15,,[],,0,UNKNOWN,NONE,UNKNOWN,,UNKNOWN,UNKNOWN,UNKNOWN,SOURCE_ERROR,,,NOT_PROCESSED_RATE_LIMIT_STOP
PETKM.IS:2022Q4,PETKM.IS,PETKM,2022Q4,2022-12-31,ANNUAL,INDUSTRIAL_OR_HOLDING,XUSIN.IS,UNKNOWN,CONSOLIDATED,,,2023-03-15,,[],,0,UNKNOWN,NONE,UNKNOWN,,UNKNOWN,UNKNOWN,UNKNOWN,SOURCE_ERROR,,,NOT_PROCESSED_RATE_LIMIT_STOP
PETKM.IS:2023Q1,PETKM.IS,PETKM,2023Q1,2023-03-31,INTERIM,INDUSTRIAL_OR_HOLDING,XUSIN.IS,UNKNOWN,CONSOLIDATED,,,2023-05-15,,[],,0,UNKNOWN,NONE,UNKNOWN,,UNKNOWN,UNKNOWN,UNKNOWN,SOURCE_ERROR,,,NOT_PROCESSED_RATE_LIMIT_STOP
PETKM.IS:2023Q2,PETKM.IS,PETKM,2023Q2,2023-06-30,INTERIM,INDUSTRIAL_OR_HOLDING,XUSIN.IS,UNKNOWN,CONSOLIDATED,,,2023-08-15,,[],,0,UNKNOWN,NONE,UNKNOWN,,UNKNOWN,UNKNOWN,UNKNOWN,SOURCE_ERROR,,,NOT_PROCESSED_RATE_LIMIT_STOP
PETKM.IS:2023Q3,PETKM.IS,PETKM,2023Q3,2023-09-30,INTERIM,INDUSTRIAL_OR_HOLDING,XUSIN.IS,UNKNOWN,CONSOLIDATED,,,2023-11-15,,[],,0,UNKNOWN,NONE,UNKNOWN,,UNKNOWN,UNKNOWN,UNKNOWN,SOURCE_ERROR,,,NOT_PROCESSED_RATE_LIMIT_STOP
PETKM.IS:2023Q4,PETKM.IS,PETKM,2023Q4,2023-12-31,ANNUAL,INDUSTRIAL_OR_HOLDING,XUSIN.IS,UNKNOWN,CONSOLIDATED,,,2024-03-15,,[],,0,UNKNOWN,NONE,UNKNOWN,,UNKNOWN,UNKNOWN,UNKNOWN,SOURCE_ERROR,,,NOT_PROCESSED_RATE_LIMIT_STOP
PETKM.IS:2024Q1,PETKM.IS,PETKM,2024Q1,2024-03-31,INTERIM,INDUSTRIAL_OR_HOLDING,XUSIN.IS,UNKNOWN,CONSOLIDATED,,,2024-05-15,,[],,0,UNKNOWN,NONE,UNKNOWN,,UNKNOWN,UNKNOWN,UNKNOWN,SOURCE_ERROR,,,NOT_PROCESSED_RATE_LIMIT_STOP
PETKM.IS:2024Q2,PETKM.IS,PETKM,2024Q2,2024-06-30,INTERIM,INDUSTRIAL_OR_HOLDING,XUSIN.IS,UNKNOWN,CONSOLIDATED,,,2024-08-15,,[],,0,UNKNOWN,NONE,UNKNOWN,,UNKNOWN,UNKNOWN,UNKNOWN,SOURCE_ERROR,,,NOT_PROCESSED_RATE_LIMIT_STOP
PETKM.IS:2024Q3,PETKM.IS,PETKM,2024Q3,2024-09-30,INTERIM,INDUSTRIAL_OR_HOLDING,XUSIN.IS,UNKNOWN,CONSOLIDATED,,,2024-11-15,,[],,0,UNKNOWN,NONE,UNKNOWN,,UNKNOWN,UNKNOWN,UNKNOWN,SOURCE_ERROR,,,NOT_PROCESSED_RATE_LIMIT_STOP
PETKM.IS:2024Q4,PETKM.IS,PETKM,2024Q4,2024-12-31,ANNUAL,INDUSTRIAL_OR_HOLDING,XUSIN.IS,UNKNOWN,CONSOLIDATED,,,2025-03-15,,[],,0,UNKNOWN,NONE,UNKNOWN,,UNKNOWN,UNKNOWN,UNKNOWN,SOURCE_ERROR,,,NOT_PROCESSED_RATE_LIMIT_STOP
PETKM.IS:2025Q1,PETKM.IS,PETKM,2025Q1,2025-03-31,INTERIM,INDUSTRIAL_OR_HOLDING,XUSIN.IS,UNKNOWN,CONSOLIDATED,,,2025-05-15,,[],,0,UNKNOWN,NONE,UNKNOWN,,UNKNOWN,UNKNOWN,UNKNOWN,SOURCE_ERROR,,,NOT_PROCESSED_RATE_LIMIT_STOP
PETKM.IS:2025Q2,PETKM.IS,PETKM,2025Q2,2025-06-30,INTERIM,INDUSTRIAL_OR_HOLDING,XUSIN.IS,UNKNOWN,CONSOLIDATED,,,2025-08-15,,[],,0,UNKNOWN,NONE,UNKNOWN,,UNKNOWN,UNKNOWN,UNKNOWN,SOURCE_ERROR,,,NOT_PROCESSED_RATE_LIMIT_STOP
PETKM.IS:2025Q3,PETKM.IS,PETKM,2025Q3,2025-09-30,INTERIM,INDUSTRIAL_OR_HOLDING,XUSIN.IS,UNKNOWN,CONSOLIDATED,,,2025-11-15,,[],,0,UNKNOWN,NONE,UNKNOWN,,UNKNOWN,UNKNOWN,UNKNOWN,SOURCE_ERROR,,,NOT_PROCESSED_RATE_LIMIT_STOP
PETKM.IS:2025Q4,PETKM.IS,PETKM,2025Q4,2025-12-31,ANNUAL,INDUSTRIAL_OR_HOLDING,XUSIN.IS,UNKNOWN,CONSOLIDATED,,,2026-03-15,,[],,0,UNKNOWN,NONE,UNKNOWN,,UNKNOWN,UNKNOWN,UNKNOWN,SOURCE_ERROR,,,NOT_PROCESSED_RATE_LIMIT_STOP
PETKM.IS:2026Q1,PETKM.IS,PETKM,2026Q1,2026-03-31,INTERIM,INDUSTRIAL_OR_HOLDING,XUSIN.IS,UNKNOWN,CONSOLIDATED,,,2026-05-15,,[],,0,UNKNOWN,NONE,UNKNOWN,,UNKNOWN,UNKNOWN,UNKNOWN,SOURCE_ERROR,,,NOT_PROCESSED_RATE_LIMIT_STOP
PETKM.IS:2026Q2,PETKM.IS,PETKM,2026Q2,2026-06-30,INTERIM,INDUSTRIAL_OR_HOLDING,XUSIN.IS,UNKNOWN,CONSOLIDATED,,,2026-08-15,,[],,0,UNKNOWN,NONE,UNKNOWN,,UNKNOWN,UNKNOWN,UNKNOWN,SOURCE_ERROR,,,NOT_PROCESSED_RATE_LIMIT_STOP
PGSUS.IS:2018Q1,PGSUS.IS,PGSUS,2018Q1,2018-03-31,INTERIM,INDUSTRIAL_OR_HOLDING,XUSIN.IS,UNKNOWN,CONSOLIDATED,,,2018-05-15,,[],,0,UNKNOWN,NONE,UNKNOWN,,UNKNOWN,UNKNOWN,UNKNOWN,SOURCE_ERROR,,,NOT_PROCESSED_RATE_LIMIT_STOP
PGSUS.IS:2018Q2,PGSUS.IS,PGSUS,2018Q2,2018-06-30,INTERIM,INDUSTRIAL_OR_HOLDING,XUSIN.IS,UNKNOWN,CONSOLIDATED,,,2018-08-15,,[],,0,UNKNOWN,NONE,UNKNOWN,,UNKNOWN,UNKNOWN,UNKNOWN,SOURCE_ERROR,,,NOT_PROCESSED_RATE_LIMIT_STOP
PGSUS.IS:2018Q3,PGSUS.IS,PGSUS,2018Q3,2018-09-30,INTERIM,INDUSTRIAL_OR_HOLDING,XUSIN.IS,UNKNOWN,CONSOLIDATED,,,2018-11-15,,[],,0,UNKNOWN,NONE,UNKNOWN,,UNKNOWN,UNKNOWN,UNKNOWN,SOURCE_ERROR,,,NOT_PROCESSED_RATE_LIMIT_STOP
PGSUS.IS:2018Q4,PGSUS.IS,PGSUS,2018Q4,2018-12-31,ANNUAL,INDUSTRIAL_OR_HOLDING,XUSIN.IS,UNKNOWN,CONSOLIDATED,,,2019-03-15,,[],,0,UNKNOWN,NONE,UNKNOWN,,UNKNOWN,UNKNOWN,UNKNOWN,SOURCE_ERROR,,,NOT_PROCESSED_RATE_LIMIT_STOP
PGSUS.IS:2019Q1,PGSUS.IS,PGSUS,2019Q1,2019-03-31,INTERIM,INDUSTRIAL_OR_HOLDING,XUSIN.IS,UNKNOWN,CONSOLIDATED,,,2019-05-15,,[],,0,UNKNOWN,NONE,UNKNOWN,,UNKNOWN,UNKNOWN,UNKNOWN,SOURCE_ERROR,,,NOT_PROCESSED_RATE_LIMIT_STOP
PGSUS.IS:2019Q2,PGSUS.IS,PGSUS,2019Q2,2019-06-30,INTERIM,INDUSTRIAL_OR_HOLDING,XUSIN.IS,UNKNOWN,CONSOLIDATED,,,2019-08-15,,[],,0,UNKNOWN,NONE,UNKNOWN,,UNKNOWN,UNKNOWN,UNKNOWN,SOURCE_ERROR,,,NOT_PROCESSED_RATE_LIMIT_STOP
PGSUS.IS:2019Q3,PGSUS.IS,PGSUS,2019Q3,2019-09-30,INTERIM,INDUSTRIAL_OR_HOLDING,XUSIN.IS,UNKNOWN,CONSOLIDATED,,,2019-11-15,,[],,0,UNKNOWN,NONE,UNKNOWN,,UNKNOWN,UNKNOWN,UNKNOWN,SOURCE_ERROR,,,NOT_PROCESSED_RATE_LIMIT_STOP
PGSUS.IS:2019Q4,PGSUS.IS,PGSUS,2019Q4,2019-12-31,ANNUAL,INDUSTRIAL_OR_HOLDING,XUSIN.IS,UNKNOWN,CONSOLIDATED,,,2020-03-15,,[],,0,UNKNOWN,NONE,UNKNOWN,,UNKNOWN,UNKNOWN,UNKNOWN,SOURCE_ERROR,,,NOT_PROCESSED_RATE_LIMIT_STOP
PGSUS.IS:2020Q1,PGSUS.IS,PGSUS,2020Q1,2020-03-31,INTERIM,INDUSTRIAL_OR_HOLDING,XUSIN.IS,UNKNOWN,CONSOLIDATED,,,2020-05-15,,[],,0,UNKNOWN,NONE,UNKNOWN,,UNKNOWN,UNKNOWN,UNKNOWN,SOURCE_ERROR,,,NOT_PROCESSED_RATE_LIMIT_STOP
PGSUS.IS:2020Q2,PGSUS.IS,PGSUS,2020Q2,2020-06-30,INTERIM,INDUSTRIAL_OR_HOLDING,XUSIN.IS,UNKNOWN,CONSOLIDATED,,,2020-08-15,,[],,0,UNKNOWN,NONE,UNKNOWN,,UNKNOWN,UNKNOWN,UNKNOWN,SOURCE_ERROR,,,NOT_PROCESSED_RATE_LIMIT_STOP
PGSUS.IS:2020Q3,PGSUS.IS,PGSUS,2020Q3,2020-09-30,INTERIM,INDUSTRIAL_OR_HOLDING,XUSIN.IS,UNKNOWN,CONSOLIDATED,,,2020-11-15,,[],,0,UNKNOWN,NONE,UNKNOWN,,UNKNOWN,UNKNOWN,UNKNOWN,SOURCE_ERROR,,,NOT_PROCESSED_RATE_LIMIT_STOP
PGSUS.IS:2020Q4,PGSUS.IS,PGSUS,2020Q4,2020-12-31,ANNUAL,INDUSTRIAL_OR_HOLDING,XUSIN.IS,UNKNOWN,CONSOLIDATED,,,2021-03-15,,[],,0,UNKNOWN,NONE,UNKNOWN,,UNKNOWN,UNKNOWN,UNKNOWN,SOURCE_ERROR,,,NOT_PROCESSED_RATE_LIMIT_STOP
PGSUS.IS:2021Q1,PGSUS.IS,PGSUS,2021Q1,2021-03-31,INTERIM,INDUSTRIAL_OR_HOLDING,XUSIN.IS,UNKNOWN,CONSOLIDATED,,,2021-05-15,,[],,0,UNKNOWN,NONE,UNKNOWN,,UNKNOWN,UNKNOWN,UNKNOWN,SOURCE_ERROR,,,NOT_PROCESSED_RATE_LIMIT_STOP
PGSUS.IS:2021Q2,PGSUS.IS,PGSUS,2021Q2,2021-06-30,INTERIM,INDUSTRIAL_OR_HOLDING,XUSIN.IS,UNKNOWN,CONSOLIDATED,,,2021-08-15,,[],,0,UNKNOWN,NONE,UNKNOWN,,UNKNOWN,UNKNOWN,UNKNOWN,SOURCE_ERROR,,,NOT_PROCESSED_RATE_LIMIT_STOP
PGSUS.IS:2021Q3,PGSUS.IS,PGSUS,2021Q3,2021-09-30,INTERIM,INDUSTRIAL_OR_HOLDING,XUSIN.IS,UNKNOWN,CONSOLIDATED,,,2021-11-15,,[],,0,UNKNOWN,NONE,UNKNOWN,,UNKNOWN,UNKNOWN,UNKNOWN,SOURCE_ERROR,,,NOT_PROCESSED_RATE_LIMIT_STOP
PGSUS.IS:2021Q4,PGSUS.IS,PGSUS,2021Q4,2021-12-31,ANNUAL,INDUSTRIAL_OR_HOLDING,XUSIN.IS,UNKNOWN,CONSOLIDATED,,,2022-03-15,,[],,0,UNKNOWN,NONE,UNKNOWN,,UNKNOWN,UNKNOWN,UNKNOWN,SOURCE_ERROR,,,NOT_PROCESSED_RATE_LIMIT_STOP
PGSUS.IS:2022Q1,PGSUS.IS,PGSUS,2022Q1,2022-03-31,INTERIM,INDUSTRIAL_OR_HOLDING,XUSIN.IS,UNKNOWN,CONSOLIDATED,,,2022-05-15,,[],,0,UNKNOWN,NONE,UNKNOWN,,UNKNOWN,UNKNOWN,UNKNOWN,SOURCE_ERROR,,,NOT_PROCESSED_RATE_LIMIT_STOP
PGSUS.IS:2022Q2,PGSUS.IS,PGSUS,2022Q2,2022-06-30,INTERIM,INDUSTRIAL_OR_HOLDING,XUSIN.IS,UNKNOWN,CONSOLIDATED,,,2022-08-15,,[],,0,UNKNOWN,NONE,UNKNOWN,,UNKNOWN,UNKNOWN,UNKNOWN,SOURCE_ERROR,,,NOT_PROCESSED_RATE_LIMIT_STOP
PGSUS.IS:2022Q3,PGSUS.IS,PGSUS,2022Q3,2022-09-30,INTERIM,INDUSTRIAL_OR_HOLDING,XUSIN.IS,UNKNOWN,CONSOLIDATED,,,2022-11-15,,[],,0,UNKNOWN,NONE,UNKNOWN,,UNKNOWN,UNKNOWN,UNKNOWN,SOURCE_ERROR,,,NOT_PROCESSED_RATE_LIMIT_STOP
PGSUS.IS:2022Q4,PGSUS.IS,PGSUS,2022Q4,2022-12-31,ANNUAL,INDUSTRIAL_OR_HOLDING,XUSIN.IS,UNKNOWN,CONSOLIDATED,,,2023-03-15,,[],,0,UNKNOWN,NONE,UNKNOWN,,UNKNOWN,UNKNOWN,UNKNOWN,SOURCE_ERROR,,,NOT_PROCESSED_RATE_LIMIT_STOP
PGSUS.IS:2023Q1,PGSUS.IS,PGSUS,2023Q1,2023-03-31,INTERIM,INDUSTRIAL_OR_HOLDING,XUSIN.IS,UNKNOWN,CONSOLIDATED,,,2023-05-15,,[],,0,UNKNOWN,NONE,UNKNOWN,,UNKNOWN,UNKNOWN,UNKNOWN,SOURCE_ERROR,,,NOT_PROCESSED_RATE_LIMIT_STOP
PGSUS.IS:2023Q2,PGSUS.IS,PGSUS,2023Q2,2023-06-30,INTERIM,INDUSTRIAL_OR_HOLDING,XUSIN.IS,UNKNOWN,CONSOLIDATED,,,2023-08-15,,[],,0,UNKNOWN,NONE,UNKNOWN,,UNKNOWN,UNKNOWN,UNKNOWN,SOURCE_ERROR,,,NOT_PROCESSED_RATE_LIMIT_STOP
PGSUS.IS:2023Q3,PGSUS.IS,PGSUS,2023Q3,2023-09-30,INTERIM,INDUSTRIAL_OR_HOLDING,XUSIN.IS,UNKNOWN,CONSOLIDATED,,,2023-11-15,,[],,0,UNKNOWN,NONE,UNKNOWN,,UNKNOWN,UNKNOWN,UNKNOWN,SOURCE_ERROR,,,NOT_PROCESSED_RATE_LIMIT_STOP
PGSUS.IS:2023Q4,PGSUS.IS,PGSUS,2023Q4,2023-12-31,ANNUAL,INDUSTRIAL_OR_HOLDING,XUSIN.IS,UNKNOWN,CONSOLIDATED,,,2024-03-15,,[],,0,UNKNOWN,NONE,UNKNOWN,,UNKNOWN,UNKNOWN,UNKNOWN,SOURCE_ERROR,,,NOT_PROCESSED_RATE_LIMIT_STOP
PGSUS.IS:2024Q1,PGSUS.IS,PGSUS,2024Q1,2024-03-31,INTERIM,INDUSTRIAL_OR_HOLDING,XUSIN.IS,UNKNOWN,CONSOLIDATED,,,2024-05-15,,[],,0,UNKNOWN,NONE,UNKNOWN,,UNKNOWN,UNKNOWN,UNKNOWN,SOURCE_ERROR,,,NOT_PROCESSED_RATE_LIMIT_STOP
PGSUS.IS:2024Q2,PGSUS.IS,PGSUS,2024Q2,2024-06-30,INTERIM,INDUSTRIAL_OR_HOLDING,XUSIN.IS,UNKNOWN,CONSOLIDATED,,,2024-08-15,,[],,0,UNKNOWN,NONE,UNKNOWN,,UNKNOWN,UNKNOWN,UNKNOWN,SOURCE_ERROR,,,NOT_PROCESSED_RATE_LIMIT_STOP
PGSUS.IS:2024Q3,PGSUS.IS,PGSUS,2024Q3,2024-09-30,INTERIM,INDUSTRIAL_OR_HOLDING,XUSIN.IS,UNKNOWN,CONSOLIDATED,,,2024-11-15,,[],,0,UNKNOWN,NONE,UNKNOWN,,UNKNOWN,UNKNOWN,UNKNOWN,SOURCE_ERROR,,,NOT_PROCESSED_RATE_LIMIT_STOP
PGSUS.IS:2024Q4,PGSUS.IS,PGSUS,2024Q4,2024-12-31,ANNUAL,INDUSTRIAL_OR_HOLDING,XUSIN.IS,UNKNOWN,CONSOLIDATED,,,2025-03-15,,[],,0,UNKNOWN,NONE,UNKNOWN,,UNKNOWN,UNKNOWN,UNKNOWN,SOURCE_ERROR,,,NOT_PROCESSED_RATE_LIMIT_STOP
PGSUS.IS:2025Q1,PGSUS.IS,PGSUS,2025Q1,2025-03-31,INTERIM,INDUSTRIAL_OR_HOLDING,XUSIN.IS,UNKNOWN,CONSOLIDATED,,,2025-05-15,,[],,0,UNKNOWN,NONE,UNKNOWN,,UNKNOWN,UNKNOWN,UNKNOWN,SOURCE_ERROR,,,NOT_PROCESSED_RATE_LIMIT_STOP
PGSUS.IS:2025Q2,PGSUS.IS,PGSUS,2025Q2,2025-06-30,INTERIM,INDUSTRIAL_OR_HOLDING,XUSIN.IS,UNKNOWN,CONSOLIDATED,,,2025-08-15,,[],,0,UNKNOWN,NONE,UNKNOWN,,UNKNOWN,UNKNOWN,UNKNOWN,SOURCE_ERROR,,,NOT_PROCESSED_RATE_LIMIT_STOP
PGSUS.IS:2025Q3,PGSUS.IS,PGSUS,2025Q3,2025-09-30,INTERIM,INDUSTRIAL_OR_HOLDING,XUSIN.IS,UNKNOWN,CONSOLIDATED,,,2025-11-15,,[],,0,UNKNOWN,NONE,UNKNOWN,,UNKNOWN,UNKNOWN,UNKNOWN,SOURCE_ERROR,,,NOT_PROCESSED_RATE_LIMIT_STOP
PGSUS.IS:2025Q4,PGSUS.IS,PGSUS,2025Q4,2025-12-31,ANNUAL,INDUSTRIAL_OR_HOLDING,XUSIN.IS,UNKNOWN,CONSOLIDATED,,,2026-03-15,,[],,0,UNKNOWN,NONE,UNKNOWN,,UNKNOWN,UNKNOWN,UNKNOWN,SOURCE_ERROR,,,NOT_PROCESSED_RATE_LIMIT_STOP
PGSUS.IS:2026Q1,PGSUS.IS,PGSUS,2026Q1,2026-03-31,INTERIM,INDUSTRIAL_OR_HOLDING,XUSIN.IS,UNKNOWN,CONSOLIDATED,,,2026-05-15,,[],,0,UNKNOWN,NONE,UNKNOWN,,UNKNOWN,UNKNOWN,UNKNOWN,SOURCE_ERROR,,,NOT_PROCESSED_RATE_LIMIT_STOP
PGSUS.IS:2026Q2,PGSUS.IS,PGSUS,2026Q2,2026-06-30,INTERIM,INDUSTRIAL_OR_HOLDING,XUSIN.IS,UNKNOWN,CONSOLIDATED,,,2026-08-15,,[],,0,UNKNOWN,NONE,UNKNOWN,,UNKNOWN,UNKNOWN,UNKNOWN,SOURCE_ERROR,,,NOT_PROCESSED_RATE_LIMIT_STOP
PLTUR.IS:2019Q4,PLTUR.IS,PLTUR,2019Q4,2019-12-31,ANNUAL,INDUSTRIAL_OR_HOLDING,XU100.IS,UNKNOWN,CONSOLIDATED,,,2020-03-15,,[],,0,UNKNOWN,NONE,UNKNOWN,,UNKNOWN,UNKNOWN,UNKNOWN,SOURCE_ERROR,,,NOT_PROCESSED_RATE_LIMIT_STOP
PLTUR.IS:2020Q4,PLTUR.IS,PLTUR,2020Q4,2020-12-31,ANNUAL,INDUSTRIAL_OR_HOLDING,XU100.IS,UNKNOWN,CONSOLIDATED,,,2021-03-15,,[],,0,UNKNOWN,NONE,UNKNOWN,,UNKNOWN,UNKNOWN,UNKNOWN,SOURCE_ERROR,,,NOT_PROCESSED_RATE_LIMIT_STOP
PLTUR.IS:2021Q3,PLTUR.IS,PLTUR,2021Q3,2021-09-30,INTERIM,INDUSTRIAL_OR_HOLDING,XU100.IS,UNKNOWN,CONSOLIDATED,,,2021-11-15,,[],,0,UNKNOWN,NONE,UNKNOWN,,UNKNOWN,UNKNOWN,UNKNOWN,SOURCE_ERROR,,,NOT_PROCESSED_RATE_LIMIT_STOP
PLTUR.IS:2021Q4,PLTUR.IS,PLTUR,2021Q4,2021-12-31,ANNUAL,INDUSTRIAL_OR_HOLDING,XU100.IS,UNKNOWN,CONSOLIDATED,,,2022-03-15,,[],,0,UNKNOWN,NONE,UNKNOWN,,UNKNOWN,UNKNOWN,UNKNOWN,SOURCE_ERROR,,,NOT_PROCESSED_RATE_LIMIT_STOP
PLTUR.IS:2022Q1,PLTUR.IS,PLTUR,2022Q1,2022-03-31,INTERIM,INDUSTRIAL_OR_HOLDING,XU100.IS,UNKNOWN,CONSOLIDATED,,,2022-05-15,,[],,0,UNKNOWN,NONE,UNKNOWN,,UNKNOWN,UNKNOWN,UNKNOWN,SOURCE_ERROR,,,NOT_PROCESSED_RATE_LIMIT_STOP
PLTUR.IS:2022Q2,PLTUR.IS,PLTUR,2022Q2,2022-06-30,INTERIM,INDUSTRIAL_OR_HOLDING,XU100.IS,UNKNOWN,CONSOLIDATED,,,2022-08-15,,[],,0,UNKNOWN,NONE,UNKNOWN,,UNKNOWN,UNKNOWN,UNKNOWN,SOURCE_ERROR,,,NOT_PROCESSED_RATE_LIMIT_STOP
PLTUR.IS:2022Q3,PLTUR.IS,PLTUR,2022Q3,2022-09-30,INTERIM,INDUSTRIAL_OR_HOLDING,XU100.IS,UNKNOWN,CONSOLIDATED,,,2022-11-15,,[],,0,UNKNOWN,NONE,UNKNOWN,,UNKNOWN,UNKNOWN,UNKNOWN,SOURCE_ERROR,,,NOT_PROCESSED_RATE_LIMIT_STOP
PLTUR.IS:2022Q4,PLTUR.IS,PLTUR,2022Q4,2022-12-31,ANNUAL,INDUSTRIAL_OR_HOLDING,XU100.IS,UNKNOWN,CONSOLIDATED,,,2023-03-15,,[],,0,UNKNOWN,NONE,UNKNOWN,,UNKNOWN,UNKNOWN,UNKNOWN,SOURCE_ERROR,,,NOT_PROCESSED_RATE_LIMIT_STOP
PLTUR.IS:2023Q1,PLTUR.IS,PLTUR,2023Q1,2023-03-31,INTERIM,INDUSTRIAL_OR_HOLDING,XU100.IS,UNKNOWN,CONSOLIDATED,,,2023-05-15,,[],,0,UNKNOWN,NONE,UNKNOWN,,UNKNOWN,UNKNOWN,UNKNOWN,SOURCE_ERROR,,,NOT_PROCESSED_RATE_LIMIT_STOP
PLTUR.IS:2023Q2,PLTUR.IS,PLTUR,2023Q2,2023-06-30,INTERIM,INDUSTRIAL_OR_HOLDING,XU100.IS,UNKNOWN,CONSOLIDATED,,,2023-08-15,,[],,0,UNKNOWN,NONE,UNKNOWN,,UNKNOWN,UNKNOWN,UNKNOWN,SOURCE_ERROR,,,NOT_PROCESSED_RATE_LIMIT_STOP
PLTUR.IS:2023Q3,PLTUR.IS,PLTUR,2023Q3,2023-09-30,INTERIM,INDUSTRIAL_OR_HOLDING,XU100.IS,UNKNOWN,CONSOLIDATED,,,2023-11-15,,[],,0,UNKNOWN,NONE,UNKNOWN,,UNKNOWN,UNKNOWN,UNKNOWN,SOURCE_ERROR,,,NOT_PROCESSED_RATE_LIMIT_STOP
PLTUR.IS:2023Q4,PLTUR.IS,PLTUR,2023Q4,2023-12-31,ANNUAL,INDUSTRIAL_OR_HOLDING,XU100.IS,UNKNOWN,CONSOLIDATED,,,2024-03-15,,[],,0,UNKNOWN,NONE,UNKNOWN,,UNKNOWN,UNKNOWN,UNKNOWN,SOURCE_ERROR,,,NOT_PROCESSED_RATE_LIMIT_STOP
PLTUR.IS:2024Q1,PLTUR.IS,PLTUR,2024Q1,2024-03-31,INTERIM,INDUSTRIAL_OR_HOLDING,XU100.IS,UNKNOWN,CONSOLIDATED,,,2024-05-15,,[],,0,UNKNOWN,NONE,UNKNOWN,,UNKNOWN,UNKNOWN,UNKNOWN,SOURCE_ERROR,,,NOT_PROCESSED_RATE_LIMIT_STOP
PLTUR.IS:2024Q3,PLTUR.IS,PLTUR,2024Q3,2024-09-30,INTERIM,INDUSTRIAL_OR_HOLDING,XU100.IS,UNKNOWN,CONSOLIDATED,,,2024-11-15,,[],,0,UNKNOWN,NONE,UNKNOWN,,UNKNOWN,UNKNOWN,UNKNOWN,SOURCE_ERROR,,,NOT_PROCESSED_RATE_LIMIT_STOP
PLTUR.IS:2024Q4,PLTUR.IS,PLTUR,2024Q4,2024-12-31,ANNUAL,INDUSTRIAL_OR_HOLDING,XU100.IS,UNKNOWN,CONSOLIDATED,,,2025-03-15,,[],,0,UNKNOWN,NONE,UNKNOWN,,UNKNOWN,UNKNOWN,UNKNOWN,SOURCE_ERROR,,,NOT_PROCESSED_RATE_LIMIT_STOP
PLTUR.IS:2025Q1,PLTUR.IS,PLTUR,2025Q1,2025-03-31,INTERIM,INDUSTRIAL_OR_HOLDING,XU100.IS,UNKNOWN,CONSOLIDATED,,,2025-05-15,,[],,0,UNKNOWN,NONE,UNKNOWN,,UNKNOWN,UNKNOWN,UNKNOWN,SOURCE_ERROR,,,NOT_PROCESSED_RATE_LIMIT_STOP
PLTUR.IS:2025Q2,PLTUR.IS,PLTUR,2025Q2,2025-06-30,INTERIM,INDUSTRIAL_OR_HOLDING,XU100.IS,UNKNOWN,CONSOLIDATED,,,2025-08-15,,[],,0,UNKNOWN,NONE,UNKNOWN,,UNKNOWN,UNKNOWN,UNKNOWN,SOURCE_ERROR,,,NOT_PROCESSED_RATE_LIMIT_STOP
PLTUR.IS:2025Q3,PLTUR.IS,PLTUR,2025Q3,2025-09-30,INTERIM,INDUSTRIAL_OR_HOLDING,XU100.IS,UNKNOWN,CONSOLIDATED,,,2025-11-15,,[],,0,UNKNOWN,NONE,UNKNOWN,,UNKNOWN,UNKNOWN,UNKNOWN,SOURCE_ERROR,,,NOT_PROCESSED_RATE_LIMIT_STOP
PLTUR.IS:2025Q4,PLTUR.IS,PLTUR,2025Q4,2025-12-31,ANNUAL,INDUSTRIAL_OR_HOLDING,XU100.IS,UNKNOWN,CONSOLIDATED,,,2026-03-15,,[],,0,UNKNOWN,NONE,UNKNOWN,,UNKNOWN,UNKNOWN,UNKNOWN,SOURCE_ERROR,,,NOT_PROCESSED_RATE_LIMIT_STOP
PLTUR.IS:2026Q1,PLTUR.IS,PLTUR,2026Q1,2026-03-31,INTERIM,INDUSTRIAL_OR_HOLDING,XU100.IS,UNKNOWN,CONSOLIDATED,,,2026-05-15,,[],,0,UNKNOWN,NONE,UNKNOWN,,UNKNOWN,UNKNOWN,UNKNOWN,SOURCE_ERROR,,,NOT_PROCESSED_RATE_LIMIT_STOP
PLTUR.IS:2026Q2,PLTUR.IS,PLTUR,2026Q2,2026-06-30,INTERIM,INDUSTRIAL_OR_HOLDING,XU100.IS,UNKNOWN,CONSOLIDATED,,,2026-08-15,,[],,0,UNKNOWN,NONE,UNKNOWN,,UNKNOWN,UNKNOWN,UNKNOWN,SOURCE_ERROR,,,NOT_PROCESSED_RATE_LIMIT_STOP
REEDR.IS:2020Q4,REEDR.IS,REEDR,2020Q4,2020-12-31,ANNUAL,INDUSTRIAL_OR_HOLDING,XU100.IS,UNKNOWN,CONSOLIDATED,,,2021-03-15,,[],,0,UNKNOWN,NONE,UNKNOWN,,UNKNOWN,UNKNOWN,UNKNOWN,SOURCE_ERROR,,,NOT_PROCESSED_RATE_LIMIT_STOP
REEDR.IS:2021Q4,REEDR.IS,REEDR,2021Q4,2021-12-31,ANNUAL,INDUSTRIAL_OR_HOLDING,XU100.IS,UNKNOWN,CONSOLIDATED,,,2022-03-15,,[],,0,UNKNOWN,NONE,UNKNOWN,,UNKNOWN,UNKNOWN,UNKNOWN,SOURCE_ERROR,,,NOT_PROCESSED_RATE_LIMIT_STOP
REEDR.IS:2022Q1,REEDR.IS,REEDR,2022Q1,2022-03-31,INTERIM,INDUSTRIAL_OR_HOLDING,XU100.IS,UNKNOWN,CONSOLIDATED,,,2022-05-15,,[],,0,UNKNOWN,NONE,UNKNOWN,,UNKNOWN,UNKNOWN,UNKNOWN,SOURCE_ERROR,,,NOT_PROCESSED_RATE_LIMIT_STOP
REEDR.IS:2022Q2,REEDR.IS,REEDR,2022Q2,2022-06-30,INTERIM,INDUSTRIAL_OR_HOLDING,XU100.IS,UNKNOWN,CONSOLIDATED,,,2022-08-15,,[],,0,UNKNOWN,NONE,UNKNOWN,,UNKNOWN,UNKNOWN,UNKNOWN,SOURCE_ERROR,,,NOT_PROCESSED_RATE_LIMIT_STOP
REEDR.IS:2022Q3,REEDR.IS,REEDR,2022Q3,2022-09-30,INTERIM,INDUSTRIAL_OR_HOLDING,XU100.IS,UNKNOWN,CONSOLIDATED,,,2022-11-15,,[],,0,UNKNOWN,NONE,UNKNOWN,,UNKNOWN,UNKNOWN,UNKNOWN,SOURCE_ERROR,,,NOT_PROCESSED_RATE_LIMIT_STOP
REEDR.IS:2022Q4,REEDR.IS,REEDR,2022Q4,2022-12-31,ANNUAL,INDUSTRIAL_OR_HOLDING,XU100.IS,UNKNOWN,CONSOLIDATED,,,2023-03-15,,[],,0,UNKNOWN,NONE,UNKNOWN,,UNKNOWN,UNKNOWN,UNKNOWN,SOURCE_ERROR,,,NOT_PROCESSED_RATE_LIMIT_STOP
REEDR.IS:2023Q1,REEDR.IS,REEDR,2023Q1,2023-03-31,INTERIM,INDUSTRIAL_OR_HOLDING,XU100.IS,UNKNOWN,CONSOLIDATED,,,2023-05-15,,[],,0,UNKNOWN,NONE,UNKNOWN,,UNKNOWN,UNKNOWN,UNKNOWN,SOURCE_ERROR,,,NOT_PROCESSED_RATE_LIMIT_STOP
REEDR.IS:2023Q2,REEDR.IS,REEDR,2023Q2,2023-06-30,INTERIM,INDUSTRIAL_OR_HOLDING,XU100.IS,UNKNOWN,CONSOLIDATED,,,2023-08-15,,[],,0,UNKNOWN,NONE,UNKNOWN,,UNKNOWN,UNKNOWN,UNKNOWN,SOURCE_ERROR,,,NOT_PROCESSED_RATE_LIMIT_STOP
REEDR.IS:2023Q3,REEDR.IS,REEDR,2023Q3,2023-09-30,INTERIM,INDUSTRIAL_OR_HOLDING,XU100.IS,UNKNOWN,CONSOLIDATED,,,2023-11-15,,[],,0,UNKNOWN,NONE,UNKNOWN,,UNKNOWN,UNKNOWN,UNKNOWN,SOURCE_ERROR,,,NOT_PROCESSED_RATE_LIMIT_STOP
REEDR.IS:2023Q4,REEDR.IS,REEDR,2023Q4,2023-12-31,ANNUAL,INDUSTRIAL_OR_HOLDING,XU100.IS,UNKNOWN,CONSOLIDATED,,,2024-03-15,,[],,0,UNKNOWN,NONE,UNKNOWN,,UNKNOWN,UNKNOWN,UNKNOWN,SOURCE_ERROR,,,NOT_PROCESSED_RATE_LIMIT_STOP
REEDR.IS:2024Q1,REEDR.IS,REEDR,2024Q1,2024-03-31,INTERIM,INDUSTRIAL_OR_HOLDING,XU100.IS,UNKNOWN,CONSOLIDATED,,,2024-05-15,,[],,0,UNKNOWN,NONE,UNKNOWN,,UNKNOWN,UNKNOWN,UNKNOWN,SOURCE_ERROR,,,NOT_PROCESSED_RATE_LIMIT_STOP
REEDR.IS:2024Q2,REEDR.IS,REEDR,2024Q2,2024-06-30,INTERIM,INDUSTRIAL_OR_HOLDING,XU100.IS,UNKNOWN,CONSOLIDATED,,,2024-08-15,,[],,0,UNKNOWN,NONE,UNKNOWN,,UNKNOWN,UNKNOWN,UNKNOWN,SOURCE_ERROR,,,NOT_PROCESSED_RATE_LIMIT_STOP
REEDR.IS:2024Q3,REEDR.IS,REEDR,2024Q3,2024-09-30,INTERIM,INDUSTRIAL_OR_HOLDING,XU100.IS,UNKNOWN,CONSOLIDATED,,,2024-11-15,,[],,0,UNKNOWN,NONE,UNKNOWN,,UNKNOWN,UNKNOWN,UNKNOWN,SOURCE_ERROR,,,NOT_PROCESSED_RATE_LIMIT_STOP
REEDR.IS:2024Q4,REEDR.IS,REEDR,2024Q4,2024-12-31,ANNUAL,INDUSTRIAL_OR_HOLDING,XU100.IS,UNKNOWN,CONSOLIDATED,,,2025-03-15,,[],,0,UNKNOWN,NONE,UNKNOWN,,UNKNOWN,UNKNOWN,UNKNOWN,SOURCE_ERROR,,,NOT_PROCESSED_RATE_LIMIT_STOP
REEDR.IS:2025Q1,REEDR.IS,REEDR,2025Q1,2025-03-31,INTERIM,INDUSTRIAL_OR_HOLDING,XU100.IS,UNKNOWN,CONSOLIDATED,,,2025-05-15,,[],,0,UNKNOWN,NONE,UNKNOWN,,UNKNOWN,UNKNOWN,UNKNOWN,SOURCE_ERROR,,,NOT_PROCESSED_RATE_LIMIT_STOP
REEDR.IS:2025Q2,REEDR.IS,REEDR,2025Q2,2025-06-30,INTERIM,INDUSTRIAL_OR_HOLDING,XU100.IS,UNKNOWN,CONSOLIDATED,,,2025-08-15,,[],,0,UNKNOWN,NONE,UNKNOWN,,UNKNOWN,UNKNOWN,UNKNOWN,SOURCE_ERROR,,,NOT_PROCESSED_RATE_LIMIT_STOP
REEDR.IS:2025Q3,REEDR.IS,REEDR,2025Q3,2025-09-30,INTERIM,INDUSTRIAL_OR_HOLDING,XU100.IS,UNKNOWN,CONSOLIDATED,,,2025-11-15,,[],,0,UNKNOWN,NONE,UNKNOWN,,UNKNOWN,UNKNOWN,UNKNOWN,SOURCE_ERROR,,,NOT_PROCESSED_RATE_LIMIT_STOP
REEDR.IS:2025Q4,REEDR.IS,REEDR,2025Q4,2025-12-31,ANNUAL,INDUSTRIAL_OR_HOLDING,XU100.IS,UNKNOWN,CONSOLIDATED,,,2026-03-15,,[],,0,UNKNOWN,NONE,UNKNOWN,,UNKNOWN,UNKNOWN,UNKNOWN,SOURCE_ERROR,,,NOT_PROCESSED_RATE_LIMIT_STOP
REEDR.IS:2026Q1,REEDR.IS,REEDR,2026Q1,2026-03-31,INTERIM,INDUSTRIAL_OR_HOLDING,XU100.IS,UNKNOWN,CONSOLIDATED,,,2026-05-15,,[],,0,UNKNOWN,NONE,UNKNOWN,,UNKNOWN,UNKNOWN,UNKNOWN,SOURCE_ERROR,,,NOT_PROCESSED_RATE_LIMIT_STOP
SAHOL.IS:2018Q1,SAHOL.IS,SAHOL,2018Q1,2018-03-31,INTERIM,INDUSTRIAL_OR_HOLDING,XBANK.IS,UNKNOWN,CONSOLIDATED,,,2018-05-15,,[],,0,UNKNOWN,NONE,UNKNOWN,,UNKNOWN,UNKNOWN,UNKNOWN,SOURCE_ERROR,,,NOT_PROCESSED_RATE_LIMIT_STOP
SAHOL.IS:2018Q2,SAHOL.IS,SAHOL,2018Q2,2018-06-30,INTERIM,INDUSTRIAL_OR_HOLDING,XBANK.IS,UNKNOWN,CONSOLIDATED,,,2018-08-15,,[],,0,UNKNOWN,NONE,UNKNOWN,,UNKNOWN,UNKNOWN,UNKNOWN,SOURCE_ERROR,,,NOT_PROCESSED_RATE_LIMIT_STOP
SAHOL.IS:2018Q3,SAHOL.IS,SAHOL,2018Q3,2018-09-30,INTERIM,INDUSTRIAL_OR_HOLDING,XBANK.IS,UNKNOWN,CONSOLIDATED,,,2018-11-15,,[],,0,UNKNOWN,NONE,UNKNOWN,,UNKNOWN,UNKNOWN,UNKNOWN,SOURCE_ERROR,,,NOT_PROCESSED_RATE_LIMIT_STOP
SAHOL.IS:2018Q4,SAHOL.IS,SAHOL,2018Q4,2018-12-31,ANNUAL,INDUSTRIAL_OR_HOLDING,XBANK.IS,UNKNOWN,CONSOLIDATED,,,2019-03-15,,[],,0,UNKNOWN,NONE,UNKNOWN,,UNKNOWN,UNKNOWN,UNKNOWN,SOURCE_ERROR,,,NOT_PROCESSED_RATE_LIMIT_STOP
SAHOL.IS:2019Q1,SAHOL.IS,SAHOL,2019Q1,2019-03-31,INTERIM,INDUSTRIAL_OR_HOLDING,XBANK.IS,UNKNOWN,CONSOLIDATED,,,2019-05-15,,[],,0,UNKNOWN,NONE,UNKNOWN,,UNKNOWN,UNKNOWN,UNKNOWN,SOURCE_ERROR,,,NOT_PROCESSED_RATE_LIMIT_STOP
SAHOL.IS:2019Q2,SAHOL.IS,SAHOL,2019Q2,2019-06-30,INTERIM,INDUSTRIAL_OR_HOLDING,XBANK.IS,UNKNOWN,CONSOLIDATED,,,2019-08-15,,[],,0,UNKNOWN,NONE,UNKNOWN,,UNKNOWN,UNKNOWN,UNKNOWN,SOURCE_ERROR,,,NOT_PROCESSED_RATE_LIMIT_STOP
SAHOL.IS:2019Q3,SAHOL.IS,SAHOL,2019Q3,2019-09-30,INTERIM,INDUSTRIAL_OR_HOLDING,XBANK.IS,UNKNOWN,CONSOLIDATED,,,2019-11-15,,[],,0,UNKNOWN,NONE,UNKNOWN,,UNKNOWN,UNKNOWN,UNKNOWN,SOURCE_ERROR,,,NOT_PROCESSED_RATE_LIMIT_STOP
SAHOL.IS:2019Q4,SAHOL.IS,SAHOL,2019Q4,2019-12-31,ANNUAL,INDUSTRIAL_OR_HOLDING,XBANK.IS,UNKNOWN,CONSOLIDATED,,,2020-03-15,,[],,0,UNKNOWN,NONE,UNKNOWN,,UNKNOWN,UNKNOWN,UNKNOWN,SOURCE_ERROR,,,NOT_PROCESSED_RATE_LIMIT_STOP
SAHOL.IS:2020Q1,SAHOL.IS,SAHOL,2020Q1,2020-03-31,INTERIM,INDUSTRIAL_OR_HOLDING,XBANK.IS,UNKNOWN,CONSOLIDATED,,,2020-05-15,,[],,0,UNKNOWN,NONE,UNKNOWN,,UNKNOWN,UNKNOWN,UNKNOWN,SOURCE_ERROR,,,NOT_PROCESSED_RATE_LIMIT_STOP
SAHOL.IS:2020Q2,SAHOL.IS,SAHOL,2020Q2,2020-06-30,INTERIM,INDUSTRIAL_OR_HOLDING,XBANK.IS,UNKNOWN,CONSOLIDATED,,,2020-08-15,,[],,0,UNKNOWN,NONE,UNKNOWN,,UNKNOWN,UNKNOWN,UNKNOWN,SOURCE_ERROR,,,NOT_PROCESSED_RATE_LIMIT_STOP
SAHOL.IS:2020Q3,SAHOL.IS,SAHOL,2020Q3,2020-09-30,INTERIM,INDUSTRIAL_OR_HOLDING,XBANK.IS,UNKNOWN,CONSOLIDATED,,,2020-11-15,,[],,0,UNKNOWN,NONE,UNKNOWN,,UNKNOWN,UNKNOWN,UNKNOWN,SOURCE_ERROR,,,NOT_PROCESSED_RATE_LIMIT_STOP
SAHOL.IS:2020Q4,SAHOL.IS,SAHOL,2020Q4,2020-12-31,ANNUAL,INDUSTRIAL_OR_HOLDING,XBANK.IS,UNKNOWN,CONSOLIDATED,,,2021-03-15,,[],,0,UNKNOWN,NONE,UNKNOWN,,UNKNOWN,UNKNOWN,UNKNOWN,SOURCE_ERROR,,,NOT_PROCESSED_RATE_LIMIT_STOP
SAHOL.IS:2021Q1,SAHOL.IS,SAHOL,2021Q1,2021-03-31,INTERIM,INDUSTRIAL_OR_HOLDING,XBANK.IS,UNKNOWN,CONSOLIDATED,,,2021-05-15,,[],,0,UNKNOWN,NONE,UNKNOWN,,UNKNOWN,UNKNOWN,UNKNOWN,SOURCE_ERROR,,,NOT_PROCESSED_RATE_LIMIT_STOP
SAHOL.IS:2021Q2,SAHOL.IS,SAHOL,2021Q2,2021-06-30,INTERIM,INDUSTRIAL_OR_HOLDING,XBANK.IS,UNKNOWN,CONSOLIDATED,,,2021-08-15,,[],,0,UNKNOWN,NONE,UNKNOWN,,UNKNOWN,UNKNOWN,UNKNOWN,SOURCE_ERROR,,,NOT_PROCESSED_RATE_LIMIT_STOP
SAHOL.IS:2021Q3,SAHOL.IS,SAHOL,2021Q3,2021-09-30,INTERIM,INDUSTRIAL_OR_HOLDING,XBANK.IS,UNKNOWN,CONSOLIDATED,,,2021-11-15,,[],,0,UNKNOWN,NONE,UNKNOWN,,UNKNOWN,UNKNOWN,UNKNOWN,SOURCE_ERROR,,,NOT_PROCESSED_RATE_LIMIT_STOP
SAHOL.IS:2021Q4,SAHOL.IS,SAHOL,2021Q4,2021-12-31,ANNUAL,INDUSTRIAL_OR_HOLDING,XBANK.IS,UNKNOWN,CONSOLIDATED,,,2022-03-15,,[],,0,UNKNOWN,NONE,UNKNOWN,,UNKNOWN,UNKNOWN,UNKNOWN,SOURCE_ERROR,,,NOT_PROCESSED_RATE_LIMIT_STOP
SAHOL.IS:2022Q1,SAHOL.IS,SAHOL,2022Q1,2022-03-31,INTERIM,INDUSTRIAL_OR_HOLDING,XBANK.IS,UNKNOWN,CONSOLIDATED,,,2022-05-15,,[],,0,UNKNOWN,NONE,UNKNOWN,,UNKNOWN,UNKNOWN,UNKNOWN,SOURCE_ERROR,,,NOT_PROCESSED_RATE_LIMIT_STOP
SAHOL.IS:2022Q2,SAHOL.IS,SAHOL,2022Q2,2022-06-30,INTERIM,INDUSTRIAL_OR_HOLDING,XBANK.IS,UNKNOWN,CONSOLIDATED,,,2022-08-15,,[],,0,UNKNOWN,NONE,UNKNOWN,,UNKNOWN,UNKNOWN,UNKNOWN,SOURCE_ERROR,,,NOT_PROCESSED_RATE_LIMIT_STOP
SAHOL.IS:2022Q3,SAHOL.IS,SAHOL,2022Q3,2022-09-30,INTERIM,INDUSTRIAL_OR_HOLDING,XBANK.IS,UNKNOWN,CONSOLIDATED,,,2022-11-15,,[],,0,UNKNOWN,NONE,UNKNOWN,,UNKNOWN,UNKNOWN,UNKNOWN,SOURCE_ERROR,,,NOT_PROCESSED_RATE_LIMIT_STOP
SAHOL.IS:2022Q4,SAHOL.IS,SAHOL,2022Q4,2022-12-31,ANNUAL,INDUSTRIAL_OR_HOLDING,XBANK.IS,UNKNOWN,CONSOLIDATED,,,2023-03-15,,[],,0,UNKNOWN,NONE,UNKNOWN,,UNKNOWN,UNKNOWN,UNKNOWN,SOURCE_ERROR,,,NOT_PROCESSED_RATE_LIMIT_STOP
SAHOL.IS:2023Q1,SAHOL.IS,SAHOL,2023Q1,2023-03-31,INTERIM,INDUSTRIAL_OR_HOLDING,XBANK.IS,UNKNOWN,CONSOLIDATED,,,2023-05-15,,[],,0,UNKNOWN,NONE,UNKNOWN,,UNKNOWN,UNKNOWN,UNKNOWN,SOURCE_ERROR,,,NOT_PROCESSED_RATE_LIMIT_STOP
SAHOL.IS:2023Q2,SAHOL.IS,SAHOL,2023Q2,2023-06-30,INTERIM,INDUSTRIAL_OR_HOLDING,XBANK.IS,UNKNOWN,CONSOLIDATED,,,2023-08-15,,[],,0,UNKNOWN,NONE,UNKNOWN,,UNKNOWN,UNKNOWN,UNKNOWN,SOURCE_ERROR,,,NOT_PROCESSED_RATE_LIMIT_STOP
SAHOL.IS:2023Q3,SAHOL.IS,SAHOL,2023Q3,2023-09-30,INTERIM,INDUSTRIAL_OR_HOLDING,XBANK.IS,UNKNOWN,CONSOLIDATED,,,2023-11-15,,[],,0,UNKNOWN,NONE,UNKNOWN,,UNKNOWN,UNKNOWN,UNKNOWN,SOURCE_ERROR,,,NOT_PROCESSED_RATE_LIMIT_STOP
SAHOL.IS:2023Q4,SAHOL.IS,SAHOL,2023Q4,2023-12-31,ANNUAL,INDUSTRIAL_OR_HOLDING,XBANK.IS,UNKNOWN,CONSOLIDATED,,,2024-03-15,,[],,0,UNKNOWN,NONE,UNKNOWN,,UNKNOWN,UNKNOWN,UNKNOWN,SOURCE_ERROR,,,NOT_PROCESSED_RATE_LIMIT_STOP
SAHOL.IS:2024Q1,SAHOL.IS,SAHOL,2024Q1,2024-03-31,INTERIM,INDUSTRIAL_OR_HOLDING,XBANK.IS,UNKNOWN,CONSOLIDATED,,,2024-05-15,,[],,0,UNKNOWN,NONE,UNKNOWN,,UNKNOWN,UNKNOWN,UNKNOWN,SOURCE_ERROR,,,NOT_PROCESSED_RATE_LIMIT_STOP
SAHOL.IS:2024Q2,SAHOL.IS,SAHOL,2024Q2,2024-06-30,INTERIM,INDUSTRIAL_OR_HOLDING,XBANK.IS,UNKNOWN,CONSOLIDATED,,,2024-08-15,,[],,0,UNKNOWN,NONE,UNKNOWN,,UNKNOWN,UNKNOWN,UNKNOWN,SOURCE_ERROR,,,NOT_PROCESSED_RATE_LIMIT_STOP
SAHOL.IS:2024Q3,SAHOL.IS,SAHOL,2024Q3,2024-09-30,INTERIM,INDUSTRIAL_OR_HOLDING,XBANK.IS,UNKNOWN,CONSOLIDATED,,,2024-11-15,,[],,0,UNKNOWN,NONE,UNKNOWN,,UNKNOWN,UNKNOWN,UNKNOWN,SOURCE_ERROR,,,NOT_PROCESSED_RATE_LIMIT_STOP
SAHOL.IS:2024Q4,SAHOL.IS,SAHOL,2024Q4,2024-12-31,ANNUAL,INDUSTRIAL_OR_HOLDING,XBANK.IS,UNKNOWN,CONSOLIDATED,,,2025-03-15,,[],,0,UNKNOWN,NONE,UNKNOWN,,UNKNOWN,UNKNOWN,UNKNOWN,SOURCE_ERROR,,,NOT_PROCESSED_RATE_LIMIT_STOP
SAHOL.IS:2025Q1,SAHOL.IS,SAHOL,2025Q1,2025-03-31,INTERIM,INDUSTRIAL_OR_HOLDING,XBANK.IS,UNKNOWN,CONSOLIDATED,,,2025-05-15,,[],,0,UNKNOWN,NONE,UNKNOWN,,UNKNOWN,UNKNOWN,UNKNOWN,SOURCE_ERROR,,,NOT_PROCESSED_RATE_LIMIT_STOP
SAHOL.IS:2025Q2,SAHOL.IS,SAHOL,2025Q2,2025-06-30,INTERIM,INDUSTRIAL_OR_HOLDING,XBANK.IS,UNKNOWN,CONSOLIDATED,,,2025-08-15,,[],,0,UNKNOWN,NONE,UNKNOWN,,UNKNOWN,UNKNOWN,UNKNOWN,SOURCE_ERROR,,,NOT_PROCESSED_RATE_LIMIT_STOP
SAHOL.IS:2025Q3,SAHOL.IS,SAHOL,2025Q3,2025-09-30,INTERIM,INDUSTRIAL_OR_HOLDING,XBANK.IS,UNKNOWN,CONSOLIDATED,,,2025-11-15,,[],,0,UNKNOWN,NONE,UNKNOWN,,UNKNOWN,UNKNOWN,UNKNOWN,SOURCE_ERROR,,,NOT_PROCESSED_RATE_LIMIT_STOP
SAHOL.IS:2025Q4,SAHOL.IS,SAHOL,2025Q4,2025-12-31,ANNUAL,INDUSTRIAL_OR_HOLDING,XBANK.IS,UNKNOWN,CONSOLIDATED,,,2026-03-15,,[],,0,UNKNOWN,NONE,UNKNOWN,,UNKNOWN,UNKNOWN,UNKNOWN,SOURCE_ERROR,,,NOT_PROCESSED_RATE_LIMIT_STOP
SAHOL.IS:2026Q1,SAHOL.IS,SAHOL,2026Q1,2026-03-31,INTERIM,INDUSTRIAL_OR_HOLDING,XBANK.IS,UNKNOWN,CONSOLIDATED,,,2026-05-15,,[],,0,UNKNOWN,NONE,UNKNOWN,,UNKNOWN,UNKNOWN,UNKNOWN,SOURCE_ERROR,,,NOT_PROCESSED_RATE_LIMIT_STOP
SAHOL.IS:2026Q2,SAHOL.IS,SAHOL,2026Q2,2026-06-30,INTERIM,INDUSTRIAL_OR_HOLDING,XBANK.IS,UNKNOWN,CONSOLIDATED,,,2026-08-15,,[],,0,UNKNOWN,NONE,UNKNOWN,,UNKNOWN,UNKNOWN,UNKNOWN,SOURCE_ERROR,,,NOT_PROCESSED_RATE_LIMIT_STOP
SASA.IS:2018Q1,SASA.IS,SASA,2018Q1,2018-03-31,INTERIM,INDUSTRIAL_OR_HOLDING,XUSIN.IS,UNKNOWN,CONSOLIDATED,,,2018-05-15,,[],,0,UNKNOWN,NONE,UNKNOWN,,UNKNOWN,UNKNOWN,UNKNOWN,SOURCE_ERROR,,,NOT_PROCESSED_RATE_LIMIT_STOP
SASA.IS:2018Q2,SASA.IS,SASA,2018Q2,2018-06-30,INTERIM,INDUSTRIAL_OR_HOLDING,XUSIN.IS,UNKNOWN,CONSOLIDATED,,,2018-08-15,,[],,0,UNKNOWN,NONE,UNKNOWN,,UNKNOWN,UNKNOWN,UNKNOWN,SOURCE_ERROR,,,NOT_PROCESSED_RATE_LIMIT_STOP
SASA.IS:2018Q3,SASA.IS,SASA,2018Q3,2018-09-30,INTERIM,INDUSTRIAL_OR_HOLDING,XUSIN.IS,UNKNOWN,CONSOLIDATED,,,2018-11-15,,[],,0,UNKNOWN,NONE,UNKNOWN,,UNKNOWN,UNKNOWN,UNKNOWN,SOURCE_ERROR,,,NOT_PROCESSED_RATE_LIMIT_STOP
SASA.IS:2018Q4,SASA.IS,SASA,2018Q4,2018-12-31,ANNUAL,INDUSTRIAL_OR_HOLDING,XUSIN.IS,UNKNOWN,CONSOLIDATED,,,2019-03-15,,[],,0,UNKNOWN,NONE,UNKNOWN,,UNKNOWN,UNKNOWN,UNKNOWN,SOURCE_ERROR,,,NOT_PROCESSED_RATE_LIMIT_STOP
SASA.IS:2019Q1,SASA.IS,SASA,2019Q1,2019-03-31,INTERIM,INDUSTRIAL_OR_HOLDING,XUSIN.IS,UNKNOWN,CONSOLIDATED,,,2019-05-15,,[],,0,UNKNOWN,NONE,UNKNOWN,,UNKNOWN,UNKNOWN,UNKNOWN,SOURCE_ERROR,,,NOT_PROCESSED_RATE_LIMIT_STOP
SASA.IS:2019Q2,SASA.IS,SASA,2019Q2,2019-06-30,INTERIM,INDUSTRIAL_OR_HOLDING,XUSIN.IS,UNKNOWN,CONSOLIDATED,,,2019-08-15,,[],,0,UNKNOWN,NONE,UNKNOWN,,UNKNOWN,UNKNOWN,UNKNOWN,SOURCE_ERROR,,,NOT_PROCESSED_RATE_LIMIT_STOP
SASA.IS:2019Q3,SASA.IS,SASA,2019Q3,2019-09-30,INTERIM,INDUSTRIAL_OR_HOLDING,XUSIN.IS,UNKNOWN,CONSOLIDATED,,,2019-11-15,,[],,0,UNKNOWN,NONE,UNKNOWN,,UNKNOWN,UNKNOWN,UNKNOWN,SOURCE_ERROR,,,NOT_PROCESSED_RATE_LIMIT_STOP
SASA.IS:2019Q4,SASA.IS,SASA,2019Q4,2019-12-31,ANNUAL,INDUSTRIAL_OR_HOLDING,XUSIN.IS,UNKNOWN,CONSOLIDATED,,,2020-03-15,,[],,0,UNKNOWN,NONE,UNKNOWN,,UNKNOWN,UNKNOWN,UNKNOWN,SOURCE_ERROR,,,NOT_PROCESSED_RATE_LIMIT_STOP
SASA.IS:2020Q1,SASA.IS,SASA,2020Q1,2020-03-31,INTERIM,INDUSTRIAL_OR_HOLDING,XUSIN.IS,UNKNOWN,CONSOLIDATED,,,2020-05-15,,[],,0,UNKNOWN,NONE,UNKNOWN,,UNKNOWN,UNKNOWN,UNKNOWN,SOURCE_ERROR,,,NOT_PROCESSED_RATE_LIMIT_STOP
SASA.IS:2020Q2,SASA.IS,SASA,2020Q2,2020-06-30,INTERIM,INDUSTRIAL_OR_HOLDING,XUSIN.IS,UNKNOWN,CONSOLIDATED,,,2020-08-15,,[],,0,UNKNOWN,NONE,UNKNOWN,,UNKNOWN,UNKNOWN,UNKNOWN,SOURCE_ERROR,,,NOT_PROCESSED_RATE_LIMIT_STOP
SASA.IS:2020Q3,SASA.IS,SASA,2020Q3,2020-09-30,INTERIM,INDUSTRIAL_OR_HOLDING,XUSIN.IS,UNKNOWN,CONSOLIDATED,,,2020-11-15,,[],,0,UNKNOWN,NONE,UNKNOWN,,UNKNOWN,UNKNOWN,UNKNOWN,SOURCE_ERROR,,,NOT_PROCESSED_RATE_LIMIT_STOP
SASA.IS:2020Q4,SASA.IS,SASA,2020Q4,2020-12-31,ANNUAL,INDUSTRIAL_OR_HOLDING,XUSIN.IS,UNKNOWN,CONSOLIDATED,,,2021-03-15,,[],,0,UNKNOWN,NONE,UNKNOWN,,UNKNOWN,UNKNOWN,UNKNOWN,SOURCE_ERROR,,,NOT_PROCESSED_RATE_LIMIT_STOP
SASA.IS:2021Q1,SASA.IS,SASA,2021Q1,2021-03-31,INTERIM,INDUSTRIAL_OR_HOLDING,XUSIN.IS,UNKNOWN,CONSOLIDATED,,,2021-05-15,,[],,0,UNKNOWN,NONE,UNKNOWN,,UNKNOWN,UNKNOWN,UNKNOWN,SOURCE_ERROR,,,NOT_PROCESSED_RATE_LIMIT_STOP
SASA.IS:2021Q2,SASA.IS,SASA,2021Q2,2021-06-30,INTERIM,INDUSTRIAL_OR_HOLDING,XUSIN.IS,UNKNOWN,CONSOLIDATED,,,2021-08-15,,[],,0,UNKNOWN,NONE,UNKNOWN,,UNKNOWN,UNKNOWN,UNKNOWN,SOURCE_ERROR,,,NOT_PROCESSED_RATE_LIMIT_STOP
SASA.IS:2021Q3,SASA.IS,SASA,2021Q3,2021-09-30,INTERIM,INDUSTRIAL_OR_HOLDING,XUSIN.IS,UNKNOWN,CONSOLIDATED,,,2021-11-15,,[],,0,UNKNOWN,NONE,UNKNOWN,,UNKNOWN,UNKNOWN,UNKNOWN,SOURCE_ERROR,,,NOT_PROCESSED_RATE_LIMIT_STOP
SASA.IS:2021Q4,SASA.IS,SASA,2021Q4,2021-12-31,ANNUAL,INDUSTRIAL_OR_HOLDING,XUSIN.IS,UNKNOWN,CONSOLIDATED,,,2022-03-15,,[],,0,UNKNOWN,NONE,UNKNOWN,,UNKNOWN,UNKNOWN,UNKNOWN,SOURCE_ERROR,,,NOT_PROCESSED_RATE_LIMIT_STOP
SASA.IS:2022Q1,SASA.IS,SASA,2022Q1,2022-03-31,INTERIM,INDUSTRIAL_OR_HOLDING,XUSIN.IS,UNKNOWN,CONSOLIDATED,,,2022-05-15,,[],,0,UNKNOWN,NONE,UNKNOWN,,UNKNOWN,UNKNOWN,UNKNOWN,SOURCE_ERROR,,,NOT_PROCESSED_RATE_LIMIT_STOP
SASA.IS:2022Q2,SASA.IS,SASA,2022Q2,2022-06-30,INTERIM,INDUSTRIAL_OR_HOLDING,XUSIN.IS,UNKNOWN,CONSOLIDATED,,,2022-08-15,,[],,0,UNKNOWN,NONE,UNKNOWN,,UNKNOWN,UNKNOWN,UNKNOWN,SOURCE_ERROR,,,NOT_PROCESSED_RATE_LIMIT_STOP
SASA.IS:2022Q3,SASA.IS,SASA,2022Q3,2022-09-30,INTERIM,INDUSTRIAL_OR_HOLDING,XUSIN.IS,UNKNOWN,CONSOLIDATED,,,2022-11-15,,[],,0,UNKNOWN,NONE,UNKNOWN,,UNKNOWN,UNKNOWN,UNKNOWN,SOURCE_ERROR,,,NOT_PROCESSED_RATE_LIMIT_STOP
SASA.IS:2022Q4,SASA.IS,SASA,2022Q4,2022-12-31,ANNUAL,INDUSTRIAL_OR_HOLDING,XUSIN.IS,UNKNOWN,CONSOLIDATED,,,2023-03-15,,[],,0,UNKNOWN,NONE,UNKNOWN,,UNKNOWN,UNKNOWN,UNKNOWN,SOURCE_ERROR,,,NOT_PROCESSED_RATE_LIMIT_STOP
SASA.IS:2023Q1,SASA.IS,SASA,2023Q1,2023-03-31,INTERIM,INDUSTRIAL_OR_HOLDING,XUSIN.IS,UNKNOWN,CONSOLIDATED,,,2023-05-15,,[],,0,UNKNOWN,NONE,UNKNOWN,,UNKNOWN,UNKNOWN,UNKNOWN,SOURCE_ERROR,,,NOT_PROCESSED_RATE_LIMIT_STOP
SASA.IS:2023Q2,SASA.IS,SASA,2023Q2,2023-06-30,INTERIM,INDUSTRIAL_OR_HOLDING,XUSIN.IS,UNKNOWN,CONSOLIDATED,,,2023-08-15,,[],,0,UNKNOWN,NONE,UNKNOWN,,UNKNOWN,UNKNOWN,UNKNOWN,SOURCE_ERROR,,,NOT_PROCESSED_RATE_LIMIT_STOP
SASA.IS:2023Q3,SASA.IS,SASA,2023Q3,2023-09-30,INTERIM,INDUSTRIAL_OR_HOLDING,XUSIN.IS,UNKNOWN,CONSOLIDATED,,,2023-11-15,,[],,0,UNKNOWN,NONE,UNKNOWN,,UNKNOWN,UNKNOWN,UNKNOWN,SOURCE_ERROR,,,NOT_PROCESSED_RATE_LIMIT_STOP
SASA.IS:2023Q4,SASA.IS,SASA,2023Q4,2023-12-31,ANNUAL,INDUSTRIAL_OR_HOLDING,XUSIN.IS,UNKNOWN,CONSOLIDATED,,,2024-03-15,,[],,0,UNKNOWN,NONE,UNKNOWN,,UNKNOWN,UNKNOWN,UNKNOWN,SOURCE_ERROR,,,NOT_PROCESSED_RATE_LIMIT_STOP
SASA.IS:2024Q1,SASA.IS,SASA,2024Q1,2024-03-31,INTERIM,INDUSTRIAL_OR_HOLDING,XUSIN.IS,UNKNOWN,CONSOLIDATED,,,2024-05-15,,[],,0,UNKNOWN,NONE,UNKNOWN,,UNKNOWN,UNKNOWN,UNKNOWN,SOURCE_ERROR,,,NOT_PROCESSED_RATE_LIMIT_STOP
SASA.IS:2024Q2,SASA.IS,SASA,2024Q2,2024-06-30,INTERIM,INDUSTRIAL_OR_HOLDING,XUSIN.IS,UNKNOWN,CONSOLIDATED,,,2024-08-15,,[],,0,UNKNOWN,NONE,UNKNOWN,,UNKNOWN,UNKNOWN,UNKNOWN,SOURCE_ERROR,,,NOT_PROCESSED_RATE_LIMIT_STOP
SASA.IS:2024Q3,SASA.IS,SASA,2024Q3,2024-09-30,INTERIM,INDUSTRIAL_OR_HOLDING,XUSIN.IS,UNKNOWN,CONSOLIDATED,,,2024-11-15,,[],,0,UNKNOWN,NONE,UNKNOWN,,UNKNOWN,UNKNOWN,UNKNOWN,SOURCE_ERROR,,,NOT_PROCESSED_RATE_LIMIT_STOP
SASA.IS:2024Q4,SASA.IS,SASA,2024Q4,2024-12-31,ANNUAL,INDUSTRIAL_OR_HOLDING,XUSIN.IS,UNKNOWN,CONSOLIDATED,,,2025-03-15,,[],,0,UNKNOWN,NONE,UNKNOWN,,UNKNOWN,UNKNOWN,UNKNOWN,SOURCE_ERROR,,,NOT_PROCESSED_RATE_LIMIT_STOP
SASA.IS:2025Q1,SASA.IS,SASA,2025Q1,2025-03-31,INTERIM,INDUSTRIAL_OR_HOLDING,XUSIN.IS,UNKNOWN,CONSOLIDATED,,,2025-05-15,,[],,0,UNKNOWN,NONE,UNKNOWN,,UNKNOWN,UNKNOWN,UNKNOWN,SOURCE_ERROR,,,NOT_PROCESSED_RATE_LIMIT_STOP
SASA.IS:2025Q2,SASA.IS,SASA,2025Q2,2025-06-30,INTERIM,INDUSTRIAL_OR_HOLDING,XUSIN.IS,UNKNOWN,CONSOLIDATED,,,2025-08-15,,[],,0,UNKNOWN,NONE,UNKNOWN,,UNKNOWN,UNKNOWN,UNKNOWN,SOURCE_ERROR,,,NOT_PROCESSED_RATE_LIMIT_STOP
SASA.IS:2025Q3,SASA.IS,SASA,2025Q3,2025-09-30,INTERIM,INDUSTRIAL_OR_HOLDING,XUSIN.IS,UNKNOWN,CONSOLIDATED,,,2025-11-15,,[],,0,UNKNOWN,NONE,UNKNOWN,,UNKNOWN,UNKNOWN,UNKNOWN,SOURCE_ERROR,,,NOT_PROCESSED_RATE_LIMIT_STOP
SASA.IS:2025Q4,SASA.IS,SASA,2025Q4,2025-12-31,ANNUAL,INDUSTRIAL_OR_HOLDING,XUSIN.IS,UNKNOWN,CONSOLIDATED,,,2026-03-15,,[],,0,UNKNOWN,NONE,UNKNOWN,,UNKNOWN,UNKNOWN,UNKNOWN,SOURCE_ERROR,,,NOT_PROCESSED_RATE_LIMIT_STOP
SASA.IS:2026Q1,SASA.IS,SASA,2026Q1,2026-03-31,INTERIM,INDUSTRIAL_OR_HOLDING,XUSIN.IS,UNKNOWN,CONSOLIDATED,,,2026-05-15,,[],,0,UNKNOWN,NONE,UNKNOWN,,UNKNOWN,UNKNOWN,UNKNOWN,SOURCE_ERROR,,,NOT_PROCESSED_RATE_LIMIT_STOP
SASA.IS:2026Q2,SASA.IS,SASA,2026Q2,2026-06-30,INTERIM,INDUSTRIAL_OR_HOLDING,XUSIN.IS,UNKNOWN,CONSOLIDATED,,,2026-08-15,,[],,0,UNKNOWN,NONE,UNKNOWN,,UNKNOWN,UNKNOWN,UNKNOWN,SOURCE_ERROR,,,NOT_PROCESSED_RATE_LIMIT_STOP
SDTTR.IS:2019Q4,SDTTR.IS,SDTTR,2019Q4,2019-12-31,ANNUAL,INDUSTRIAL_OR_HOLDING,XUSIN.IS,UNKNOWN,CONSOLIDATED,,,2020-03-15,,[],,0,UNKNOWN,NONE,UNKNOWN,,UNKNOWN,UNKNOWN,UNKNOWN,SOURCE_ERROR,,,NOT_PROCESSED_RATE_LIMIT_STOP
SDTTR.IS:2020Q4,SDTTR.IS,SDTTR,2020Q4,2020-12-31,ANNUAL,INDUSTRIAL_OR_HOLDING,XUSIN.IS,UNKNOWN,CONSOLIDATED,,,2021-03-15,,[],,0,UNKNOWN,NONE,UNKNOWN,,UNKNOWN,UNKNOWN,UNKNOWN,SOURCE_ERROR,,,NOT_PROCESSED_RATE_LIMIT_STOP
SDTTR.IS:2021Q3,SDTTR.IS,SDTTR,2021Q3,2021-09-30,INTERIM,INDUSTRIAL_OR_HOLDING,XUSIN.IS,UNKNOWN,CONSOLIDATED,,,2021-11-15,,[],,0,UNKNOWN,NONE,UNKNOWN,,UNKNOWN,UNKNOWN,UNKNOWN,SOURCE_ERROR,,,NOT_PROCESSED_RATE_LIMIT_STOP
SDTTR.IS:2021Q4,SDTTR.IS,SDTTR,2021Q4,2021-12-31,ANNUAL,INDUSTRIAL_OR_HOLDING,XUSIN.IS,UNKNOWN,CONSOLIDATED,,,2022-03-15,,[],,0,UNKNOWN,NONE,UNKNOWN,,UNKNOWN,UNKNOWN,UNKNOWN,SOURCE_ERROR,,,NOT_PROCESSED_RATE_LIMIT_STOP
SDTTR.IS:2022Q1,SDTTR.IS,SDTTR,2022Q1,2022-03-31,INTERIM,INDUSTRIAL_OR_HOLDING,XUSIN.IS,UNKNOWN,CONSOLIDATED,,,2022-05-15,,[],,0,UNKNOWN,NONE,UNKNOWN,,UNKNOWN,UNKNOWN,UNKNOWN,SOURCE_ERROR,,,NOT_PROCESSED_RATE_LIMIT_STOP
SDTTR.IS:2022Q2,SDTTR.IS,SDTTR,2022Q2,2022-06-30,INTERIM,INDUSTRIAL_OR_HOLDING,XUSIN.IS,UNKNOWN,CONSOLIDATED,,,2022-08-15,,[],,0,UNKNOWN,NONE,UNKNOWN,,UNKNOWN,UNKNOWN,UNKNOWN,SOURCE_ERROR,,,NOT_PROCESSED_RATE_LIMIT_STOP
SDTTR.IS:2022Q3,SDTTR.IS,SDTTR,2022Q3,2022-09-30,INTERIM,INDUSTRIAL_OR_HOLDING,XUSIN.IS,UNKNOWN,CONSOLIDATED,,,2022-11-15,,[],,0,UNKNOWN,NONE,UNKNOWN,,UNKNOWN,UNKNOWN,UNKNOWN,SOURCE_ERROR,,,NOT_PROCESSED_RATE_LIMIT_STOP
SDTTR.IS:2022Q4,SDTTR.IS,SDTTR,2022Q4,2022-12-31,ANNUAL,INDUSTRIAL_OR_HOLDING,XUSIN.IS,UNKNOWN,CONSOLIDATED,,,2023-03-15,,[],,0,UNKNOWN,NONE,UNKNOWN,,UNKNOWN,UNKNOWN,UNKNOWN,SOURCE_ERROR,,,NOT_PROCESSED_RATE_LIMIT_STOP
SDTTR.IS:2023Q1,SDTTR.IS,SDTTR,2023Q1,2023-03-31,INTERIM,INDUSTRIAL_OR_HOLDING,XUSIN.IS,UNKNOWN,CONSOLIDATED,,,2023-05-15,,[],,0,UNKNOWN,NONE,UNKNOWN,,UNKNOWN,UNKNOWN,UNKNOWN,SOURCE_ERROR,,,NOT_PROCESSED_RATE_LIMIT_STOP
SDTTR.IS:2023Q2,SDTTR.IS,SDTTR,2023Q2,2023-06-30,INTERIM,INDUSTRIAL_OR_HOLDING,XUSIN.IS,UNKNOWN,CONSOLIDATED,,,2023-08-15,,[],,0,UNKNOWN,NONE,UNKNOWN,,UNKNOWN,UNKNOWN,UNKNOWN,SOURCE_ERROR,,,NOT_PROCESSED_RATE_LIMIT_STOP
SDTTR.IS:2023Q3,SDTTR.IS,SDTTR,2023Q3,2023-09-30,INTERIM,INDUSTRIAL_OR_HOLDING,XUSIN.IS,UNKNOWN,CONSOLIDATED,,,2023-11-15,,[],,0,UNKNOWN,NONE,UNKNOWN,,UNKNOWN,UNKNOWN,UNKNOWN,SOURCE_ERROR,,,NOT_PROCESSED_RATE_LIMIT_STOP
SDTTR.IS:2023Q4,SDTTR.IS,SDTTR,2023Q4,2023-12-31,ANNUAL,INDUSTRIAL_OR_HOLDING,XUSIN.IS,UNKNOWN,CONSOLIDATED,,,2024-03-15,,[],,0,UNKNOWN,NONE,UNKNOWN,,UNKNOWN,UNKNOWN,UNKNOWN,SOURCE_ERROR,,,NOT_PROCESSED_RATE_LIMIT_STOP
SDTTR.IS:2024Q1,SDTTR.IS,SDTTR,2024Q1,2024-03-31,INTERIM,INDUSTRIAL_OR_HOLDING,XUSIN.IS,UNKNOWN,CONSOLIDATED,,,2024-05-15,,[],,0,UNKNOWN,NONE,UNKNOWN,,UNKNOWN,UNKNOWN,UNKNOWN,SOURCE_ERROR,,,NOT_PROCESSED_RATE_LIMIT_STOP
SDTTR.IS:2024Q2,SDTTR.IS,SDTTR,2024Q2,2024-06-30,INTERIM,INDUSTRIAL_OR_HOLDING,XUSIN.IS,UNKNOWN,CONSOLIDATED,,,2024-08-15,,[],,0,UNKNOWN,NONE,UNKNOWN,,UNKNOWN,UNKNOWN,UNKNOWN,SOURCE_ERROR,,,NOT_PROCESSED_RATE_LIMIT_STOP
SDTTR.IS:2024Q3,SDTTR.IS,SDTTR,2024Q3,2024-09-30,INTERIM,INDUSTRIAL_OR_HOLDING,XUSIN.IS,UNKNOWN,CONSOLIDATED,,,2024-11-15,,[],,0,UNKNOWN,NONE,UNKNOWN,,UNKNOWN,UNKNOWN,UNKNOWN,SOURCE_ERROR,,,NOT_PROCESSED_RATE_LIMIT_STOP
SDTTR.IS:2024Q4,SDTTR.IS,SDTTR,2024Q4,2024-12-31,ANNUAL,INDUSTRIAL_OR_HOLDING,XUSIN.IS,UNKNOWN,CONSOLIDATED,,,2025-03-15,,[],,0,UNKNOWN,NONE,UNKNOWN,,UNKNOWN,UNKNOWN,UNKNOWN,SOURCE_ERROR,,,NOT_PROCESSED_RATE_LIMIT_STOP
SDTTR.IS:2025Q1,SDTTR.IS,SDTTR,2025Q1,2025-03-31,INTERIM,INDUSTRIAL_OR_HOLDING,XUSIN.IS,UNKNOWN,CONSOLIDATED,,,2025-05-15,,[],,0,UNKNOWN,NONE,UNKNOWN,,UNKNOWN,UNKNOWN,UNKNOWN,SOURCE_ERROR,,,NOT_PROCESSED_RATE_LIMIT_STOP
SDTTR.IS:2025Q2,SDTTR.IS,SDTTR,2025Q2,2025-06-30,INTERIM,INDUSTRIAL_OR_HOLDING,XUSIN.IS,UNKNOWN,CONSOLIDATED,,,2025-08-15,,[],,0,UNKNOWN,NONE,UNKNOWN,,UNKNOWN,UNKNOWN,UNKNOWN,SOURCE_ERROR,,,NOT_PROCESSED_RATE_LIMIT_STOP
SDTTR.IS:2025Q3,SDTTR.IS,SDTTR,2025Q3,2025-09-30,INTERIM,INDUSTRIAL_OR_HOLDING,XUSIN.IS,UNKNOWN,CONSOLIDATED,,,2025-11-15,,[],,0,UNKNOWN,NONE,UNKNOWN,,UNKNOWN,UNKNOWN,UNKNOWN,SOURCE_ERROR,,,NOT_PROCESSED_RATE_LIMIT_STOP
SDTTR.IS:2025Q4,SDTTR.IS,SDTTR,2025Q4,2025-12-31,ANNUAL,INDUSTRIAL_OR_HOLDING,XUSIN.IS,UNKNOWN,CONSOLIDATED,,,2026-03-15,,[],,0,UNKNOWN,NONE,UNKNOWN,,UNKNOWN,UNKNOWN,UNKNOWN,SOURCE_ERROR,,,NOT_PROCESSED_RATE_LIMIT_STOP
SDTTR.IS:2026Q1,SDTTR.IS,SDTTR,2026Q1,2026-03-31,INTERIM,INDUSTRIAL_OR_HOLDING,XUSIN.IS,UNKNOWN,CONSOLIDATED,,,2026-05-15,,[],,0,UNKNOWN,NONE,UNKNOWN,,UNKNOWN,UNKNOWN,UNKNOWN,SOURCE_ERROR,,,NOT_PROCESSED_RATE_LIMIT_STOP
SDTTR.IS:2026Q2,SDTTR.IS,SDTTR,2026Q2,2026-06-30,INTERIM,INDUSTRIAL_OR_HOLDING,XUSIN.IS,UNKNOWN,CONSOLIDATED,,,2026-08-15,,[],,0,UNKNOWN,NONE,UNKNOWN,,UNKNOWN,UNKNOWN,UNKNOWN,SOURCE_ERROR,,,NOT_PROCESSED_RATE_LIMIT_STOP
SELEC.IS:2018Q1,SELEC.IS,SELEC,2018Q1,2018-03-31,INTERIM,INDUSTRIAL_OR_HOLDING,XUSIN.IS,UNKNOWN,CONSOLIDATED,,,2018-05-15,,[],,0,UNKNOWN,NONE,UNKNOWN,,UNKNOWN,UNKNOWN,UNKNOWN,SOURCE_ERROR,,,NOT_PROCESSED_RATE_LIMIT_STOP
SELEC.IS:2018Q2,SELEC.IS,SELEC,2018Q2,2018-06-30,INTERIM,INDUSTRIAL_OR_HOLDING,XUSIN.IS,UNKNOWN,CONSOLIDATED,,,2018-08-15,,[],,0,UNKNOWN,NONE,UNKNOWN,,UNKNOWN,UNKNOWN,UNKNOWN,SOURCE_ERROR,,,NOT_PROCESSED_RATE_LIMIT_STOP
SELEC.IS:2018Q3,SELEC.IS,SELEC,2018Q3,2018-09-30,INTERIM,INDUSTRIAL_OR_HOLDING,XUSIN.IS,UNKNOWN,CONSOLIDATED,,,2018-11-15,,[],,0,UNKNOWN,NONE,UNKNOWN,,UNKNOWN,UNKNOWN,UNKNOWN,SOURCE_ERROR,,,NOT_PROCESSED_RATE_LIMIT_STOP
SELEC.IS:2018Q4,SELEC.IS,SELEC,2018Q4,2018-12-31,ANNUAL,INDUSTRIAL_OR_HOLDING,XUSIN.IS,UNKNOWN,CONSOLIDATED,,,2019-03-15,,[],,0,UNKNOWN,NONE,UNKNOWN,,UNKNOWN,UNKNOWN,UNKNOWN,SOURCE_ERROR,,,NOT_PROCESSED_RATE_LIMIT_STOP
SELEC.IS:2019Q1,SELEC.IS,SELEC,2019Q1,2019-03-31,INTERIM,INDUSTRIAL_OR_HOLDING,XUSIN.IS,UNKNOWN,CONSOLIDATED,,,2019-05-15,,[],,0,UNKNOWN,NONE,UNKNOWN,,UNKNOWN,UNKNOWN,UNKNOWN,SOURCE_ERROR,,,NOT_PROCESSED_RATE_LIMIT_STOP
SELEC.IS:2019Q2,SELEC.IS,SELEC,2019Q2,2019-06-30,INTERIM,INDUSTRIAL_OR_HOLDING,XUSIN.IS,UNKNOWN,CONSOLIDATED,,,2019-08-15,,[],,0,UNKNOWN,NONE,UNKNOWN,,UNKNOWN,UNKNOWN,UNKNOWN,SOURCE_ERROR,,,NOT_PROCESSED_RATE_LIMIT_STOP
SELEC.IS:2019Q3,SELEC.IS,SELEC,2019Q3,2019-09-30,INTERIM,INDUSTRIAL_OR_HOLDING,XUSIN.IS,UNKNOWN,CONSOLIDATED,,,2019-11-15,,[],,0,UNKNOWN,NONE,UNKNOWN,,UNKNOWN,UNKNOWN,UNKNOWN,SOURCE_ERROR,,,NOT_PROCESSED_RATE_LIMIT_STOP
SELEC.IS:2019Q4,SELEC.IS,SELEC,2019Q4,2019-12-31,ANNUAL,INDUSTRIAL_OR_HOLDING,XUSIN.IS,UNKNOWN,CONSOLIDATED,,,2020-03-15,,[],,0,UNKNOWN,NONE,UNKNOWN,,UNKNOWN,UNKNOWN,UNKNOWN,SOURCE_ERROR,,,NOT_PROCESSED_RATE_LIMIT_STOP
SELEC.IS:2020Q1,SELEC.IS,SELEC,2020Q1,2020-03-31,INTERIM,INDUSTRIAL_OR_HOLDING,XUSIN.IS,UNKNOWN,CONSOLIDATED,,,2020-05-15,,[],,0,UNKNOWN,NONE,UNKNOWN,,UNKNOWN,UNKNOWN,UNKNOWN,SOURCE_ERROR,,,NOT_PROCESSED_RATE_LIMIT_STOP
SELEC.IS:2020Q2,SELEC.IS,SELEC,2020Q2,2020-06-30,INTERIM,INDUSTRIAL_OR_HOLDING,XUSIN.IS,UNKNOWN,CONSOLIDATED,,,2020-08-15,,[],,0,UNKNOWN,NONE,UNKNOWN,,UNKNOWN,UNKNOWN,UNKNOWN,SOURCE_ERROR,,,NOT_PROCESSED_RATE_LIMIT_STOP
SELEC.IS:2020Q3,SELEC.IS,SELEC,2020Q3,2020-09-30,INTERIM,INDUSTRIAL_OR_HOLDING,XUSIN.IS,UNKNOWN,CONSOLIDATED,,,2020-11-15,,[],,0,UNKNOWN,NONE,UNKNOWN,,UNKNOWN,UNKNOWN,UNKNOWN,SOURCE_ERROR,,,NOT_PROCESSED_RATE_LIMIT_STOP
SELEC.IS:2020Q4,SELEC.IS,SELEC,2020Q4,2020-12-31,ANNUAL,INDUSTRIAL_OR_HOLDING,XUSIN.IS,UNKNOWN,CONSOLIDATED,,,2021-03-15,,[],,0,UNKNOWN,NONE,UNKNOWN,,UNKNOWN,UNKNOWN,UNKNOWN,SOURCE_ERROR,,,NOT_PROCESSED_RATE_LIMIT_STOP
SELEC.IS:2021Q1,SELEC.IS,SELEC,2021Q1,2021-03-31,INTERIM,INDUSTRIAL_OR_HOLDING,XUSIN.IS,UNKNOWN,CONSOLIDATED,,,2021-05-15,,[],,0,UNKNOWN,NONE,UNKNOWN,,UNKNOWN,UNKNOWN,UNKNOWN,SOURCE_ERROR,,,NOT_PROCESSED_RATE_LIMIT_STOP
SELEC.IS:2021Q2,SELEC.IS,SELEC,2021Q2,2021-06-30,INTERIM,INDUSTRIAL_OR_HOLDING,XUSIN.IS,UNKNOWN,CONSOLIDATED,,,2021-08-15,,[],,0,UNKNOWN,NONE,UNKNOWN,,UNKNOWN,UNKNOWN,UNKNOWN,SOURCE_ERROR,,,NOT_PROCESSED_RATE_LIMIT_STOP
SELEC.IS:2021Q3,SELEC.IS,SELEC,2021Q3,2021-09-30,INTERIM,INDUSTRIAL_OR_HOLDING,XUSIN.IS,UNKNOWN,CONSOLIDATED,,,2021-11-15,,[],,0,UNKNOWN,NONE,UNKNOWN,,UNKNOWN,UNKNOWN,UNKNOWN,SOURCE_ERROR,,,NOT_PROCESSED_RATE_LIMIT_STOP
SELEC.IS:2021Q4,SELEC.IS,SELEC,2021Q4,2021-12-31,ANNUAL,INDUSTRIAL_OR_HOLDING,XUSIN.IS,UNKNOWN,CONSOLIDATED,,,2022-03-15,,[],,0,UNKNOWN,NONE,UNKNOWN,,UNKNOWN,UNKNOWN,UNKNOWN,SOURCE_ERROR,,,NOT_PROCESSED_RATE_LIMIT_STOP
SELEC.IS:2022Q1,SELEC.IS,SELEC,2022Q1,2022-03-31,INTERIM,INDUSTRIAL_OR_HOLDING,XUSIN.IS,UNKNOWN,CONSOLIDATED,,,2022-05-15,,[],,0,UNKNOWN,NONE,UNKNOWN,,UNKNOWN,UNKNOWN,UNKNOWN,SOURCE_ERROR,,,NOT_PROCESSED_RATE_LIMIT_STOP
SELEC.IS:2022Q2,SELEC.IS,SELEC,2022Q2,2022-06-30,INTERIM,INDUSTRIAL_OR_HOLDING,XUSIN.IS,UNKNOWN,CONSOLIDATED,,,2022-08-15,,[],,0,UNKNOWN,NONE,UNKNOWN,,UNKNOWN,UNKNOWN,UNKNOWN,SOURCE_ERROR,,,NOT_PROCESSED_RATE_LIMIT_STOP
SELEC.IS:2022Q3,SELEC.IS,SELEC,2022Q3,2022-09-30,INTERIM,INDUSTRIAL_OR_HOLDING,XUSIN.IS,UNKNOWN,CONSOLIDATED,,,2022-11-15,,[],,0,UNKNOWN,NONE,UNKNOWN,,UNKNOWN,UNKNOWN,UNKNOWN,SOURCE_ERROR,,,NOT_PROCESSED_RATE_LIMIT_STOP
SELEC.IS:2022Q4,SELEC.IS,SELEC,2022Q4,2022-12-31,ANNUAL,INDUSTRIAL_OR_HOLDING,XUSIN.IS,UNKNOWN,CONSOLIDATED,,,2023-03-15,,[],,0,UNKNOWN,NONE,UNKNOWN,,UNKNOWN,UNKNOWN,UNKNOWN,SOURCE_ERROR,,,NOT_PROCESSED_RATE_LIMIT_STOP
SELEC.IS:2023Q1,SELEC.IS,SELEC,2023Q1,2023-03-31,INTERIM,INDUSTRIAL_OR_HOLDING,XUSIN.IS,UNKNOWN,CONSOLIDATED,,,2023-05-15,,[],,0,UNKNOWN,NONE,UNKNOWN,,UNKNOWN,UNKNOWN,UNKNOWN,SOURCE_ERROR,,,NOT_PROCESSED_RATE_LIMIT_STOP
SELEC.IS:2023Q2,SELEC.IS,SELEC,2023Q2,2023-06-30,INTERIM,INDUSTRIAL_OR_HOLDING,XUSIN.IS,UNKNOWN,CONSOLIDATED,,,2023-08-15,,[],,0,UNKNOWN,NONE,UNKNOWN,,UNKNOWN,UNKNOWN,UNKNOWN,SOURCE_ERROR,,,NOT_PROCESSED_RATE_LIMIT_STOP
SELEC.IS:2023Q3,SELEC.IS,SELEC,2023Q3,2023-09-30,INTERIM,INDUSTRIAL_OR_HOLDING,XUSIN.IS,UNKNOWN,CONSOLIDATED,,,2023-11-15,,[],,0,UNKNOWN,NONE,UNKNOWN,,UNKNOWN,UNKNOWN,UNKNOWN,SOURCE_ERROR,,,NOT_PROCESSED_RATE_LIMIT_STOP
SELEC.IS:2023Q4,SELEC.IS,SELEC,2023Q4,2023-12-31,ANNUAL,INDUSTRIAL_OR_HOLDING,XUSIN.IS,UNKNOWN,CONSOLIDATED,,,2024-03-15,,[],,0,UNKNOWN,NONE,UNKNOWN,,UNKNOWN,UNKNOWN,UNKNOWN,SOURCE_ERROR,,,NOT_PROCESSED_RATE_LIMIT_STOP
SELEC.IS:2024Q1,SELEC.IS,SELEC,2024Q1,2024-03-31,INTERIM,INDUSTRIAL_OR_HOLDING,XUSIN.IS,UNKNOWN,CONSOLIDATED,,,2024-05-15,,[],,0,UNKNOWN,NONE,UNKNOWN,,UNKNOWN,UNKNOWN,UNKNOWN,SOURCE_ERROR,,,NOT_PROCESSED_RATE_LIMIT_STOP
SELEC.IS:2024Q2,SELEC.IS,SELEC,2024Q2,2024-06-30,INTERIM,INDUSTRIAL_OR_HOLDING,XUSIN.IS,UNKNOWN,CONSOLIDATED,,,2024-08-15,,[],,0,UNKNOWN,NONE,UNKNOWN,,UNKNOWN,UNKNOWN,UNKNOWN,SOURCE_ERROR,,,NOT_PROCESSED_RATE_LIMIT_STOP
SELEC.IS:2024Q3,SELEC.IS,SELEC,2024Q3,2024-09-30,INTERIM,INDUSTRIAL_OR_HOLDING,XUSIN.IS,UNKNOWN,CONSOLIDATED,,,2024-11-15,,[],,0,UNKNOWN,NONE,UNKNOWN,,UNKNOWN,UNKNOWN,UNKNOWN,SOURCE_ERROR,,,NOT_PROCESSED_RATE_LIMIT_STOP
SELEC.IS:2024Q4,SELEC.IS,SELEC,2024Q4,2024-12-31,ANNUAL,INDUSTRIAL_OR_HOLDING,XUSIN.IS,UNKNOWN,CONSOLIDATED,,,2025-03-15,,[],,0,UNKNOWN,NONE,UNKNOWN,,UNKNOWN,UNKNOWN,UNKNOWN,SOURCE_ERROR,,,NOT_PROCESSED_RATE_LIMIT_STOP
SELEC.IS:2025Q1,SELEC.IS,SELEC,2025Q1,2025-03-31,INTERIM,INDUSTRIAL_OR_HOLDING,XUSIN.IS,UNKNOWN,CONSOLIDATED,,,2025-05-15,,[],,0,UNKNOWN,NONE,UNKNOWN,,UNKNOWN,UNKNOWN,UNKNOWN,SOURCE_ERROR,,,NOT_PROCESSED_RATE_LIMIT_STOP
SELEC.IS:2025Q2,SELEC.IS,SELEC,2025Q2,2025-06-30,INTERIM,INDUSTRIAL_OR_HOLDING,XUSIN.IS,UNKNOWN,CONSOLIDATED,,,2025-08-15,,[],,0,UNKNOWN,NONE,UNKNOWN,,UNKNOWN,UNKNOWN,UNKNOWN,SOURCE_ERROR,,,NOT_PROCESSED_RATE_LIMIT_STOP
SELEC.IS:2025Q3,SELEC.IS,SELEC,2025Q3,2025-09-30,INTERIM,INDUSTRIAL_OR_HOLDING,XUSIN.IS,UNKNOWN,CONSOLIDATED,,,2025-11-15,,[],,0,UNKNOWN,NONE,UNKNOWN,,UNKNOWN,UNKNOWN,UNKNOWN,SOURCE_ERROR,,,NOT_PROCESSED_RATE_LIMIT_STOP
SELEC.IS:2025Q4,SELEC.IS,SELEC,2025Q4,2025-12-31,ANNUAL,INDUSTRIAL_OR_HOLDING,XUSIN.IS,UNKNOWN,CONSOLIDATED,,,2026-03-15,,[],,0,UNKNOWN,NONE,UNKNOWN,,UNKNOWN,UNKNOWN,UNKNOWN,SOURCE_ERROR,,,NOT_PROCESSED_RATE_LIMIT_STOP
SELEC.IS:2026Q1,SELEC.IS,SELEC,2026Q1,2026-03-31,INTERIM,INDUSTRIAL_OR_HOLDING,XUSIN.IS,UNKNOWN,CONSOLIDATED,,,2026-05-15,,[],,0,UNKNOWN,NONE,UNKNOWN,,UNKNOWN,UNKNOWN,UNKNOWN,SOURCE_ERROR,,,NOT_PROCESSED_RATE_LIMIT_STOP
SELEC.IS:2026Q2,SELEC.IS,SELEC,2026Q2,2026-06-30,INTERIM,INDUSTRIAL_OR_HOLDING,XUSIN.IS,UNKNOWN,CONSOLIDATED,,,2026-08-15,,[],,0,UNKNOWN,NONE,UNKNOWN,,UNKNOWN,UNKNOWN,UNKNOWN,SOURCE_ERROR,,,NOT_PROCESSED_RATE_LIMIT_STOP
SISE.IS:2018Q1,SISE.IS,SISE,2018Q1,2018-03-31,INTERIM,INDUSTRIAL_OR_HOLDING,XUSIN.IS,UNKNOWN,CONSOLIDATED,,,2018-05-15,,[],,0,UNKNOWN,NONE,UNKNOWN,,UNKNOWN,UNKNOWN,UNKNOWN,SOURCE_ERROR,,,NOT_PROCESSED_RATE_LIMIT_STOP
SISE.IS:2018Q2,SISE.IS,SISE,2018Q2,2018-06-30,INTERIM,INDUSTRIAL_OR_HOLDING,XUSIN.IS,UNKNOWN,CONSOLIDATED,,,2018-08-15,,[],,0,UNKNOWN,NONE,UNKNOWN,,UNKNOWN,UNKNOWN,UNKNOWN,SOURCE_ERROR,,,NOT_PROCESSED_RATE_LIMIT_STOP
SISE.IS:2018Q3,SISE.IS,SISE,2018Q3,2018-09-30,INTERIM,INDUSTRIAL_OR_HOLDING,XUSIN.IS,UNKNOWN,CONSOLIDATED,,,2018-11-15,,[],,0,UNKNOWN,NONE,UNKNOWN,,UNKNOWN,UNKNOWN,UNKNOWN,SOURCE_ERROR,,,NOT_PROCESSED_RATE_LIMIT_STOP
SISE.IS:2018Q4,SISE.IS,SISE,2018Q4,2018-12-31,ANNUAL,INDUSTRIAL_OR_HOLDING,XUSIN.IS,UNKNOWN,CONSOLIDATED,,,2019-03-15,,[],,0,UNKNOWN,NONE,UNKNOWN,,UNKNOWN,UNKNOWN,UNKNOWN,SOURCE_ERROR,,,NOT_PROCESSED_RATE_LIMIT_STOP
SISE.IS:2019Q1,SISE.IS,SISE,2019Q1,2019-03-31,INTERIM,INDUSTRIAL_OR_HOLDING,XUSIN.IS,UNKNOWN,CONSOLIDATED,,,2019-05-15,,[],,0,UNKNOWN,NONE,UNKNOWN,,UNKNOWN,UNKNOWN,UNKNOWN,SOURCE_ERROR,,,NOT_PROCESSED_RATE_LIMIT_STOP
SISE.IS:2019Q2,SISE.IS,SISE,2019Q2,2019-06-30,INTERIM,INDUSTRIAL_OR_HOLDING,XUSIN.IS,UNKNOWN,CONSOLIDATED,,,2019-08-15,,[],,0,UNKNOWN,NONE,UNKNOWN,,UNKNOWN,UNKNOWN,UNKNOWN,SOURCE_ERROR,,,NOT_PROCESSED_RATE_LIMIT_STOP
SISE.IS:2019Q3,SISE.IS,SISE,2019Q3,2019-09-30,INTERIM,INDUSTRIAL_OR_HOLDING,XUSIN.IS,UNKNOWN,CONSOLIDATED,,,2019-11-15,,[],,0,UNKNOWN,NONE,UNKNOWN,,UNKNOWN,UNKNOWN,UNKNOWN,SOURCE_ERROR,,,NOT_PROCESSED_RATE_LIMIT_STOP
SISE.IS:2019Q4,SISE.IS,SISE,2019Q4,2019-12-31,ANNUAL,INDUSTRIAL_OR_HOLDING,XUSIN.IS,UNKNOWN,CONSOLIDATED,,,2020-03-15,,[],,0,UNKNOWN,NONE,UNKNOWN,,UNKNOWN,UNKNOWN,UNKNOWN,SOURCE_ERROR,,,NOT_PROCESSED_RATE_LIMIT_STOP
SISE.IS:2020Q1,SISE.IS,SISE,2020Q1,2020-03-31,INTERIM,INDUSTRIAL_OR_HOLDING,XUSIN.IS,UNKNOWN,CONSOLIDATED,,,2020-05-15,,[],,0,UNKNOWN,NONE,UNKNOWN,,UNKNOWN,UNKNOWN,UNKNOWN,SOURCE_ERROR,,,NOT_PROCESSED_RATE_LIMIT_STOP
SISE.IS:2020Q2,SISE.IS,SISE,2020Q2,2020-06-30,INTERIM,INDUSTRIAL_OR_HOLDING,XUSIN.IS,UNKNOWN,CONSOLIDATED,,,2020-08-15,,[],,0,UNKNOWN,NONE,UNKNOWN,,UNKNOWN,UNKNOWN,UNKNOWN,SOURCE_ERROR,,,NOT_PROCESSED_RATE_LIMIT_STOP
SISE.IS:2020Q3,SISE.IS,SISE,2020Q3,2020-09-30,INTERIM,INDUSTRIAL_OR_HOLDING,XUSIN.IS,UNKNOWN,CONSOLIDATED,,,2020-11-15,,[],,0,UNKNOWN,NONE,UNKNOWN,,UNKNOWN,UNKNOWN,UNKNOWN,SOURCE_ERROR,,,NOT_PROCESSED_RATE_LIMIT_STOP
SISE.IS:2020Q4,SISE.IS,SISE,2020Q4,2020-12-31,ANNUAL,INDUSTRIAL_OR_HOLDING,XUSIN.IS,UNKNOWN,CONSOLIDATED,,,2021-03-15,,[],,0,UNKNOWN,NONE,UNKNOWN,,UNKNOWN,UNKNOWN,UNKNOWN,SOURCE_ERROR,,,NOT_PROCESSED_RATE_LIMIT_STOP
SISE.IS:2021Q1,SISE.IS,SISE,2021Q1,2021-03-31,INTERIM,INDUSTRIAL_OR_HOLDING,XUSIN.IS,UNKNOWN,CONSOLIDATED,,,2021-05-15,,[],,0,UNKNOWN,NONE,UNKNOWN,,UNKNOWN,UNKNOWN,UNKNOWN,SOURCE_ERROR,,,NOT_PROCESSED_RATE_LIMIT_STOP
SISE.IS:2021Q2,SISE.IS,SISE,2021Q2,2021-06-30,INTERIM,INDUSTRIAL_OR_HOLDING,XUSIN.IS,UNKNOWN,CONSOLIDATED,,,2021-08-15,,[],,0,UNKNOWN,NONE,UNKNOWN,,UNKNOWN,UNKNOWN,UNKNOWN,SOURCE_ERROR,,,NOT_PROCESSED_RATE_LIMIT_STOP
SISE.IS:2021Q3,SISE.IS,SISE,2021Q3,2021-09-30,INTERIM,INDUSTRIAL_OR_HOLDING,XUSIN.IS,UNKNOWN,CONSOLIDATED,,,2021-11-15,,[],,0,UNKNOWN,NONE,UNKNOWN,,UNKNOWN,UNKNOWN,UNKNOWN,SOURCE_ERROR,,,NOT_PROCESSED_RATE_LIMIT_STOP
SISE.IS:2021Q4,SISE.IS,SISE,2021Q4,2021-12-31,ANNUAL,INDUSTRIAL_OR_HOLDING,XUSIN.IS,UNKNOWN,CONSOLIDATED,,,2022-03-15,,[],,0,UNKNOWN,NONE,UNKNOWN,,UNKNOWN,UNKNOWN,UNKNOWN,SOURCE_ERROR,,,NOT_PROCESSED_RATE_LIMIT_STOP
SISE.IS:2022Q1,SISE.IS,SISE,2022Q1,2022-03-31,INTERIM,INDUSTRIAL_OR_HOLDING,XUSIN.IS,UNKNOWN,CONSOLIDATED,,,2022-05-15,,[],,0,UNKNOWN,NONE,UNKNOWN,,UNKNOWN,UNKNOWN,UNKNOWN,SOURCE_ERROR,,,NOT_PROCESSED_RATE_LIMIT_STOP
SISE.IS:2022Q2,SISE.IS,SISE,2022Q2,2022-06-30,INTERIM,INDUSTRIAL_OR_HOLDING,XUSIN.IS,UNKNOWN,CONSOLIDATED,,,2022-08-15,,[],,0,UNKNOWN,NONE,UNKNOWN,,UNKNOWN,UNKNOWN,UNKNOWN,SOURCE_ERROR,,,NOT_PROCESSED_RATE_LIMIT_STOP
SISE.IS:2022Q3,SISE.IS,SISE,2022Q3,2022-09-30,INTERIM,INDUSTRIAL_OR_HOLDING,XUSIN.IS,UNKNOWN,CONSOLIDATED,,,2022-11-15,,[],,0,UNKNOWN,NONE,UNKNOWN,,UNKNOWN,UNKNOWN,UNKNOWN,SOURCE_ERROR,,,NOT_PROCESSED_RATE_LIMIT_STOP
SISE.IS:2022Q4,SISE.IS,SISE,2022Q4,2022-12-31,ANNUAL,INDUSTRIAL_OR_HOLDING,XUSIN.IS,UNKNOWN,CONSOLIDATED,,,2023-03-15,,[],,0,UNKNOWN,NONE,UNKNOWN,,UNKNOWN,UNKNOWN,UNKNOWN,SOURCE_ERROR,,,NOT_PROCESSED_RATE_LIMIT_STOP
SISE.IS:2023Q1,SISE.IS,SISE,2023Q1,2023-03-31,INTERIM,INDUSTRIAL_OR_HOLDING,XUSIN.IS,UNKNOWN,CONSOLIDATED,,,2023-05-15,,[],,0,UNKNOWN,NONE,UNKNOWN,,UNKNOWN,UNKNOWN,UNKNOWN,SOURCE_ERROR,,,NOT_PROCESSED_RATE_LIMIT_STOP
SISE.IS:2023Q2,SISE.IS,SISE,2023Q2,2023-06-30,INTERIM,INDUSTRIAL_OR_HOLDING,XUSIN.IS,UNKNOWN,CONSOLIDATED,,,2023-08-15,,[],,0,UNKNOWN,NONE,UNKNOWN,,UNKNOWN,UNKNOWN,UNKNOWN,SOURCE_ERROR,,,NOT_PROCESSED_RATE_LIMIT_STOP
SISE.IS:2023Q3,SISE.IS,SISE,2023Q3,2023-09-30,INTERIM,INDUSTRIAL_OR_HOLDING,XUSIN.IS,UNKNOWN,CONSOLIDATED,,,2023-11-15,,[],,0,UNKNOWN,NONE,UNKNOWN,,UNKNOWN,UNKNOWN,UNKNOWN,SOURCE_ERROR,,,NOT_PROCESSED_RATE_LIMIT_STOP
SISE.IS:2023Q4,SISE.IS,SISE,2023Q4,2023-12-31,ANNUAL,INDUSTRIAL_OR_HOLDING,XUSIN.IS,UNKNOWN,CONSOLIDATED,,,2024-03-15,,[],,0,UNKNOWN,NONE,UNKNOWN,,UNKNOWN,UNKNOWN,UNKNOWN,SOURCE_ERROR,,,NOT_PROCESSED_RATE_LIMIT_STOP
SISE.IS:2024Q1,SISE.IS,SISE,2024Q1,2024-03-31,INTERIM,INDUSTRIAL_OR_HOLDING,XUSIN.IS,UNKNOWN,CONSOLIDATED,,,2024-05-15,,[],,0,UNKNOWN,NONE,UNKNOWN,,UNKNOWN,UNKNOWN,UNKNOWN,SOURCE_ERROR,,,NOT_PROCESSED_RATE_LIMIT_STOP
SISE.IS:2024Q2,SISE.IS,SISE,2024Q2,2024-06-30,INTERIM,INDUSTRIAL_OR_HOLDING,XUSIN.IS,UNKNOWN,CONSOLIDATED,,,2024-08-15,,[],,0,UNKNOWN,NONE,UNKNOWN,,UNKNOWN,UNKNOWN,UNKNOWN,SOURCE_ERROR,,,NOT_PROCESSED_RATE_LIMIT_STOP
SISE.IS:2024Q3,SISE.IS,SISE,2024Q3,2024-09-30,INTERIM,INDUSTRIAL_OR_HOLDING,XUSIN.IS,UNKNOWN,CONSOLIDATED,,,2024-11-15,,[],,0,UNKNOWN,NONE,UNKNOWN,,UNKNOWN,UNKNOWN,UNKNOWN,SOURCE_ERROR,,,NOT_PROCESSED_RATE_LIMIT_STOP
SISE.IS:2024Q4,SISE.IS,SISE,2024Q4,2024-12-31,ANNUAL,INDUSTRIAL_OR_HOLDING,XUSIN.IS,UNKNOWN,CONSOLIDATED,,,2025-03-15,,[],,0,UNKNOWN,NONE,UNKNOWN,,UNKNOWN,UNKNOWN,UNKNOWN,SOURCE_ERROR,,,NOT_PROCESSED_RATE_LIMIT_STOP
SISE.IS:2025Q1,SISE.IS,SISE,2025Q1,2025-03-31,INTERIM,INDUSTRIAL_OR_HOLDING,XUSIN.IS,UNKNOWN,CONSOLIDATED,,,2025-05-15,,[],,0,UNKNOWN,NONE,UNKNOWN,,UNKNOWN,UNKNOWN,UNKNOWN,SOURCE_ERROR,,,NOT_PROCESSED_RATE_LIMIT_STOP
SISE.IS:2025Q2,SISE.IS,SISE,2025Q2,2025-06-30,INTERIM,INDUSTRIAL_OR_HOLDING,XUSIN.IS,UNKNOWN,CONSOLIDATED,,,2025-08-15,,[],,0,UNKNOWN,NONE,UNKNOWN,,UNKNOWN,UNKNOWN,UNKNOWN,SOURCE_ERROR,,,NOT_PROCESSED_RATE_LIMIT_STOP
SISE.IS:2025Q3,SISE.IS,SISE,2025Q3,2025-09-30,INTERIM,INDUSTRIAL_OR_HOLDING,XUSIN.IS,UNKNOWN,CONSOLIDATED,,,2025-11-15,,[],,0,UNKNOWN,NONE,UNKNOWN,,UNKNOWN,UNKNOWN,UNKNOWN,SOURCE_ERROR,,,NOT_PROCESSED_RATE_LIMIT_STOP
SISE.IS:2025Q4,SISE.IS,SISE,2025Q4,2025-12-31,ANNUAL,INDUSTRIAL_OR_HOLDING,XUSIN.IS,UNKNOWN,CONSOLIDATED,,,2026-03-15,,[],,0,UNKNOWN,NONE,UNKNOWN,,UNKNOWN,UNKNOWN,UNKNOWN,SOURCE_ERROR,,,NOT_PROCESSED_RATE_LIMIT_STOP
SISE.IS:2026Q1,SISE.IS,SISE,2026Q1,2026-03-31,INTERIM,INDUSTRIAL_OR_HOLDING,XUSIN.IS,UNKNOWN,CONSOLIDATED,,,2026-05-15,,[],,0,UNKNOWN,NONE,UNKNOWN,,UNKNOWN,UNKNOWN,UNKNOWN,SOURCE_ERROR,,,NOT_PROCESSED_RATE_LIMIT_STOP
SISE.IS:2026Q2,SISE.IS,SISE,2026Q2,2026-06-30,INTERIM,INDUSTRIAL_OR_HOLDING,XUSIN.IS,UNKNOWN,CONSOLIDATED,,,2026-08-15,,[],,0,UNKNOWN,NONE,UNKNOWN,,UNKNOWN,UNKNOWN,UNKNOWN,SOURCE_ERROR,,,NOT_PROCESSED_RATE_LIMIT_STOP
SKBNK.IS:2018Q1,SKBNK.IS,SKBNK,2018Q1,2018-03-31,INTERIM,BANK,XBANK.IS,UNKNOWN,NON_CONSOLIDATED,,,2018-05-15,,[],,0,UNKNOWN,NONE,UNKNOWN,,UNKNOWN,UNKNOWN,UNKNOWN,SOURCE_ERROR,,,NOT_PROCESSED_RATE_LIMIT_STOP
SKBNK.IS:2018Q2,SKBNK.IS,SKBNK,2018Q2,2018-06-30,INTERIM,BANK,XBANK.IS,UNKNOWN,NON_CONSOLIDATED,,,2018-08-15,,[],,0,UNKNOWN,NONE,UNKNOWN,,UNKNOWN,UNKNOWN,UNKNOWN,SOURCE_ERROR,,,NOT_PROCESSED_RATE_LIMIT_STOP
SKBNK.IS:2018Q3,SKBNK.IS,SKBNK,2018Q3,2018-09-30,INTERIM,BANK,XBANK.IS,UNKNOWN,NON_CONSOLIDATED,,,2018-11-15,,[],,0,UNKNOWN,NONE,UNKNOWN,,UNKNOWN,UNKNOWN,UNKNOWN,SOURCE_ERROR,,,NOT_PROCESSED_RATE_LIMIT_STOP
SKBNK.IS:2018Q4,SKBNK.IS,SKBNK,2018Q4,2018-12-31,ANNUAL,BANK,XBANK.IS,UNKNOWN,NON_CONSOLIDATED,,,2019-03-15,,[],,0,UNKNOWN,NONE,UNKNOWN,,UNKNOWN,UNKNOWN,UNKNOWN,SOURCE_ERROR,,,NOT_PROCESSED_RATE_LIMIT_STOP
SKBNK.IS:2019Q1,SKBNK.IS,SKBNK,2019Q1,2019-03-31,INTERIM,BANK,XBANK.IS,UNKNOWN,NON_CONSOLIDATED,,,2019-05-15,,[],,0,UNKNOWN,NONE,UNKNOWN,,UNKNOWN,UNKNOWN,UNKNOWN,SOURCE_ERROR,,,NOT_PROCESSED_RATE_LIMIT_STOP
SKBNK.IS:2019Q2,SKBNK.IS,SKBNK,2019Q2,2019-06-30,INTERIM,BANK,XBANK.IS,UNKNOWN,NON_CONSOLIDATED,,,2019-08-15,,[],,0,UNKNOWN,NONE,UNKNOWN,,UNKNOWN,UNKNOWN,UNKNOWN,SOURCE_ERROR,,,NOT_PROCESSED_RATE_LIMIT_STOP
SKBNK.IS:2019Q3,SKBNK.IS,SKBNK,2019Q3,2019-09-30,INTERIM,BANK,XBANK.IS,UNKNOWN,NON_CONSOLIDATED,,,2019-11-15,,[],,0,UNKNOWN,NONE,UNKNOWN,,UNKNOWN,UNKNOWN,UNKNOWN,SOURCE_ERROR,,,NOT_PROCESSED_RATE_LIMIT_STOP
SKBNK.IS:2019Q4,SKBNK.IS,SKBNK,2019Q4,2019-12-31,ANNUAL,BANK,XBANK.IS,UNKNOWN,NON_CONSOLIDATED,,,2020-03-15,,[],,0,UNKNOWN,NONE,UNKNOWN,,UNKNOWN,UNKNOWN,UNKNOWN,SOURCE_ERROR,,,NOT_PROCESSED_RATE_LIMIT_STOP
SKBNK.IS:2020Q1,SKBNK.IS,SKBNK,2020Q1,2020-03-31,INTERIM,BANK,XBANK.IS,UNKNOWN,NON_CONSOLIDATED,,,2020-05-15,,[],,0,UNKNOWN,NONE,UNKNOWN,,UNKNOWN,UNKNOWN,UNKNOWN,SOURCE_ERROR,,,NOT_PROCESSED_RATE_LIMIT_STOP
SKBNK.IS:2020Q2,SKBNK.IS,SKBNK,2020Q2,2020-06-30,INTERIM,BANK,XBANK.IS,UNKNOWN,NON_CONSOLIDATED,,,2020-08-15,,[],,0,UNKNOWN,NONE,UNKNOWN,,UNKNOWN,UNKNOWN,UNKNOWN,SOURCE_ERROR,,,NOT_PROCESSED_RATE_LIMIT_STOP
SKBNK.IS:2020Q3,SKBNK.IS,SKBNK,2020Q3,2020-09-30,INTERIM,BANK,XBANK.IS,UNKNOWN,NON_CONSOLIDATED,,,2020-11-15,,[],,0,UNKNOWN,NONE,UNKNOWN,,UNKNOWN,UNKNOWN,UNKNOWN,SOURCE_ERROR,,,NOT_PROCESSED_RATE_LIMIT_STOP
SKBNK.IS:2020Q4,SKBNK.IS,SKBNK,2020Q4,2020-12-31,ANNUAL,BANK,XBANK.IS,UNKNOWN,NON_CONSOLIDATED,,,2021-03-15,,[],,0,UNKNOWN,NONE,UNKNOWN,,UNKNOWN,UNKNOWN,UNKNOWN,SOURCE_ERROR,,,NOT_PROCESSED_RATE_LIMIT_STOP
SKBNK.IS:2021Q1,SKBNK.IS,SKBNK,2021Q1,2021-03-31,INTERIM,BANK,XBANK.IS,UNKNOWN,NON_CONSOLIDATED,,,2021-05-15,,[],,0,UNKNOWN,NONE,UNKNOWN,,UNKNOWN,UNKNOWN,UNKNOWN,SOURCE_ERROR,,,NOT_PROCESSED_RATE_LIMIT_STOP
SKBNK.IS:2021Q2,SKBNK.IS,SKBNK,2021Q2,2021-06-30,INTERIM,BANK,XBANK.IS,UNKNOWN,NON_CONSOLIDATED,,,2021-08-15,,[],,0,UNKNOWN,NONE,UNKNOWN,,UNKNOWN,UNKNOWN,UNKNOWN,SOURCE_ERROR,,,NOT_PROCESSED_RATE_LIMIT_STOP
SKBNK.IS:2021Q3,SKBNK.IS,SKBNK,2021Q3,2021-09-30,INTERIM,BANK,XBANK.IS,UNKNOWN,NON_CONSOLIDATED,,,2021-11-15,,[],,0,UNKNOWN,NONE,UNKNOWN,,UNKNOWN,UNKNOWN,UNKNOWN,SOURCE_ERROR,,,NOT_PROCESSED_RATE_LIMIT_STOP
SKBNK.IS:2021Q4,SKBNK.IS,SKBNK,2021Q4,2021-12-31,ANNUAL,BANK,XBANK.IS,UNKNOWN,NON_CONSOLIDATED,,,2022-03-15,,[],,0,UNKNOWN,NONE,UNKNOWN,,UNKNOWN,UNKNOWN,UNKNOWN,SOURCE_ERROR,,,NOT_PROCESSED_RATE_LIMIT_STOP
SKBNK.IS:2022Q1,SKBNK.IS,SKBNK,2022Q1,2022-03-31,INTERIM,BANK,XBANK.IS,UNKNOWN,NON_CONSOLIDATED,,,2022-05-15,,[],,0,UNKNOWN,NONE,UNKNOWN,,UNKNOWN,UNKNOWN,UNKNOWN,SOURCE_ERROR,,,NOT_PROCESSED_RATE_LIMIT_STOP
SKBNK.IS:2022Q2,SKBNK.IS,SKBNK,2022Q2,2022-06-30,INTERIM,BANK,XBANK.IS,UNKNOWN,NON_CONSOLIDATED,,,2022-08-15,,[],,0,UNKNOWN,NONE,UNKNOWN,,UNKNOWN,UNKNOWN,UNKNOWN,SOURCE_ERROR,,,NOT_PROCESSED_RATE_LIMIT_STOP
SKBNK.IS:2022Q3,SKBNK.IS,SKBNK,2022Q3,2022-09-30,INTERIM,BANK,XBANK.IS,UNKNOWN,NON_CONSOLIDATED,,,2022-11-15,,[],,0,UNKNOWN,NONE,UNKNOWN,,UNKNOWN,UNKNOWN,UNKNOWN,SOURCE_ERROR,,,NOT_PROCESSED_RATE_LIMIT_STOP
SKBNK.IS:2022Q4,SKBNK.IS,SKBNK,2022Q4,2022-12-31,ANNUAL,BANK,XBANK.IS,UNKNOWN,NON_CONSOLIDATED,,,2023-03-15,,[],,0,UNKNOWN,NONE,UNKNOWN,,UNKNOWN,UNKNOWN,UNKNOWN,SOURCE_ERROR,,,NOT_PROCESSED_RATE_LIMIT_STOP
SKBNK.IS:2023Q1,SKBNK.IS,SKBNK,2023Q1,2023-03-31,INTERIM,BANK,XBANK.IS,UNKNOWN,NON_CONSOLIDATED,,,2023-05-15,,[],,0,UNKNOWN,NONE,UNKNOWN,,UNKNOWN,UNKNOWN,UNKNOWN,SOURCE_ERROR,,,NOT_PROCESSED_RATE_LIMIT_STOP
SKBNK.IS:2023Q2,SKBNK.IS,SKBNK,2023Q2,2023-06-30,INTERIM,BANK,XBANK.IS,UNKNOWN,NON_CONSOLIDATED,,,2023-08-15,,[],,0,UNKNOWN,NONE,UNKNOWN,,UNKNOWN,UNKNOWN,UNKNOWN,SOURCE_ERROR,,,NOT_PROCESSED_RATE_LIMIT_STOP
SKBNK.IS:2023Q3,SKBNK.IS,SKBNK,2023Q3,2023-09-30,INTERIM,BANK,XBANK.IS,UNKNOWN,NON_CONSOLIDATED,,,2023-11-15,,[],,0,UNKNOWN,NONE,UNKNOWN,,UNKNOWN,UNKNOWN,UNKNOWN,SOURCE_ERROR,,,NOT_PROCESSED_RATE_LIMIT_STOP
SKBNK.IS:2023Q4,SKBNK.IS,SKBNK,2023Q4,2023-12-31,ANNUAL,BANK,XBANK.IS,UNKNOWN,NON_CONSOLIDATED,,,2024-03-15,,[],,0,UNKNOWN,NONE,UNKNOWN,,UNKNOWN,UNKNOWN,UNKNOWN,SOURCE_ERROR,,,NOT_PROCESSED_RATE_LIMIT_STOP
SKBNK.IS:2024Q1,SKBNK.IS,SKBNK,2024Q1,2024-03-31,INTERIM,BANK,XBANK.IS,UNKNOWN,NON_CONSOLIDATED,,,2024-05-15,,[],,0,UNKNOWN,NONE,UNKNOWN,,UNKNOWN,UNKNOWN,UNKNOWN,SOURCE_ERROR,,,NOT_PROCESSED_RATE_LIMIT_STOP
SKBNK.IS:2024Q2,SKBNK.IS,SKBNK,2024Q2,2024-06-30,INTERIM,BANK,XBANK.IS,UNKNOWN,NON_CONSOLIDATED,,,2024-08-15,,[],,0,UNKNOWN,NONE,UNKNOWN,,UNKNOWN,UNKNOWN,UNKNOWN,SOURCE_ERROR,,,NOT_PROCESSED_RATE_LIMIT_STOP
SKBNK.IS:2024Q3,SKBNK.IS,SKBNK,2024Q3,2024-09-30,INTERIM,BANK,XBANK.IS,UNKNOWN,NON_CONSOLIDATED,,,2024-11-15,,[],,0,UNKNOWN,NONE,UNKNOWN,,UNKNOWN,UNKNOWN,UNKNOWN,SOURCE_ERROR,,,NOT_PROCESSED_RATE_LIMIT_STOP
SKBNK.IS:2024Q4,SKBNK.IS,SKBNK,2024Q4,2024-12-31,ANNUAL,BANK,XBANK.IS,UNKNOWN,NON_CONSOLIDATED,,,2025-03-15,,[],,0,UNKNOWN,NONE,UNKNOWN,,UNKNOWN,UNKNOWN,UNKNOWN,SOURCE_ERROR,,,NOT_PROCESSED_RATE_LIMIT_STOP
SKBNK.IS:2025Q1,SKBNK.IS,SKBNK,2025Q1,2025-03-31,INTERIM,BANK,XBANK.IS,UNKNOWN,NON_CONSOLIDATED,,,2025-05-15,,[],,0,UNKNOWN,NONE,UNKNOWN,,UNKNOWN,UNKNOWN,UNKNOWN,SOURCE_ERROR,,,NOT_PROCESSED_RATE_LIMIT_STOP
SKBNK.IS:2025Q2,SKBNK.IS,SKBNK,2025Q2,2025-06-30,INTERIM,BANK,XBANK.IS,UNKNOWN,NON_CONSOLIDATED,,,2025-08-15,,[],,0,UNKNOWN,NONE,UNKNOWN,,UNKNOWN,UNKNOWN,UNKNOWN,SOURCE_ERROR,,,NOT_PROCESSED_RATE_LIMIT_STOP
SKBNK.IS:2025Q3,SKBNK.IS,SKBNK,2025Q3,2025-09-30,INTERIM,BANK,XBANK.IS,UNKNOWN,NON_CONSOLIDATED,,,2025-11-15,,[],,0,UNKNOWN,NONE,UNKNOWN,,UNKNOWN,UNKNOWN,UNKNOWN,SOURCE_ERROR,,,NOT_PROCESSED_RATE_LIMIT_STOP
SKBNK.IS:2025Q4,SKBNK.IS,SKBNK,2025Q4,2025-12-31,ANNUAL,BANK,XBANK.IS,UNKNOWN,NON_CONSOLIDATED,,,2026-03-15,,[],,0,UNKNOWN,NONE,UNKNOWN,,UNKNOWN,UNKNOWN,UNKNOWN,SOURCE_ERROR,,,NOT_PROCESSED_RATE_LIMIT_STOP
SKBNK.IS:2026Q1,SKBNK.IS,SKBNK,2026Q1,2026-03-31,INTERIM,BANK,XBANK.IS,UNKNOWN,NON_CONSOLIDATED,,,2026-05-15,,[],,0,UNKNOWN,NONE,UNKNOWN,,UNKNOWN,UNKNOWN,UNKNOWN,SOURCE_ERROR,,,NOT_PROCESSED_RATE_LIMIT_STOP
SKBNK.IS:2026Q2,SKBNK.IS,SKBNK,2026Q2,2026-06-30,INTERIM,BANK,XBANK.IS,UNKNOWN,NON_CONSOLIDATED,,,2026-08-15,,[],,0,UNKNOWN,NONE,UNKNOWN,,UNKNOWN,UNKNOWN,UNKNOWN,SOURCE_ERROR,,,NOT_PROCESSED_RATE_LIMIT_STOP
SOKM.IS:2018Q1,SOKM.IS,SOKM,2018Q1,2018-03-31,INTERIM,INDUSTRIAL_OR_HOLDING,MINI_PERAKENDE,UNKNOWN,CONSOLIDATED,,,2018-05-15,,[],,0,UNKNOWN,NONE,UNKNOWN,,UNKNOWN,UNKNOWN,UNKNOWN,SOURCE_ERROR,,,NOT_PROCESSED_RATE_LIMIT_STOP
SOKM.IS:2018Q2,SOKM.IS,SOKM,2018Q2,2018-06-30,INTERIM,INDUSTRIAL_OR_HOLDING,MINI_PERAKENDE,UNKNOWN,CONSOLIDATED,,,2018-08-15,,[],,0,UNKNOWN,NONE,UNKNOWN,,UNKNOWN,UNKNOWN,UNKNOWN,SOURCE_ERROR,,,NOT_PROCESSED_RATE_LIMIT_STOP
SOKM.IS:2018Q3,SOKM.IS,SOKM,2018Q3,2018-09-30,INTERIM,INDUSTRIAL_OR_HOLDING,MINI_PERAKENDE,UNKNOWN,CONSOLIDATED,,,2018-11-15,,[],,0,UNKNOWN,NONE,UNKNOWN,,UNKNOWN,UNKNOWN,UNKNOWN,SOURCE_ERROR,,,NOT_PROCESSED_RATE_LIMIT_STOP
SOKM.IS:2018Q4,SOKM.IS,SOKM,2018Q4,2018-12-31,ANNUAL,INDUSTRIAL_OR_HOLDING,MINI_PERAKENDE,UNKNOWN,CONSOLIDATED,,,2019-03-15,,[],,0,UNKNOWN,NONE,UNKNOWN,,UNKNOWN,UNKNOWN,UNKNOWN,SOURCE_ERROR,,,NOT_PROCESSED_RATE_LIMIT_STOP
SOKM.IS:2019Q1,SOKM.IS,SOKM,2019Q1,2019-03-31,INTERIM,INDUSTRIAL_OR_HOLDING,MINI_PERAKENDE,UNKNOWN,CONSOLIDATED,,,2019-05-15,,[],,0,UNKNOWN,NONE,UNKNOWN,,UNKNOWN,UNKNOWN,UNKNOWN,SOURCE_ERROR,,,NOT_PROCESSED_RATE_LIMIT_STOP
SOKM.IS:2019Q2,SOKM.IS,SOKM,2019Q2,2019-06-30,INTERIM,INDUSTRIAL_OR_HOLDING,MINI_PERAKENDE,UNKNOWN,CONSOLIDATED,,,2019-08-15,,[],,0,UNKNOWN,NONE,UNKNOWN,,UNKNOWN,UNKNOWN,UNKNOWN,SOURCE_ERROR,,,NOT_PROCESSED_RATE_LIMIT_STOP
SOKM.IS:2019Q3,SOKM.IS,SOKM,2019Q3,2019-09-30,INTERIM,INDUSTRIAL_OR_HOLDING,MINI_PERAKENDE,UNKNOWN,CONSOLIDATED,,,2019-11-15,,[],,0,UNKNOWN,NONE,UNKNOWN,,UNKNOWN,UNKNOWN,UNKNOWN,SOURCE_ERROR,,,NOT_PROCESSED_RATE_LIMIT_STOP
SOKM.IS:2019Q4,SOKM.IS,SOKM,2019Q4,2019-12-31,ANNUAL,INDUSTRIAL_OR_HOLDING,MINI_PERAKENDE,UNKNOWN,CONSOLIDATED,,,2020-03-15,,[],,0,UNKNOWN,NONE,UNKNOWN,,UNKNOWN,UNKNOWN,UNKNOWN,SOURCE_ERROR,,,NOT_PROCESSED_RATE_LIMIT_STOP
SOKM.IS:2020Q1,SOKM.IS,SOKM,2020Q1,2020-03-31,INTERIM,INDUSTRIAL_OR_HOLDING,MINI_PERAKENDE,UNKNOWN,CONSOLIDATED,,,2020-05-15,,[],,0,UNKNOWN,NONE,UNKNOWN,,UNKNOWN,UNKNOWN,UNKNOWN,SOURCE_ERROR,,,NOT_PROCESSED_RATE_LIMIT_STOP
SOKM.IS:2020Q2,SOKM.IS,SOKM,2020Q2,2020-06-30,INTERIM,INDUSTRIAL_OR_HOLDING,MINI_PERAKENDE,UNKNOWN,CONSOLIDATED,,,2020-08-15,,[],,0,UNKNOWN,NONE,UNKNOWN,,UNKNOWN,UNKNOWN,UNKNOWN,SOURCE_ERROR,,,NOT_PROCESSED_RATE_LIMIT_STOP
SOKM.IS:2020Q3,SOKM.IS,SOKM,2020Q3,2020-09-30,INTERIM,INDUSTRIAL_OR_HOLDING,MINI_PERAKENDE,UNKNOWN,CONSOLIDATED,,,2020-11-15,,[],,0,UNKNOWN,NONE,UNKNOWN,,UNKNOWN,UNKNOWN,UNKNOWN,SOURCE_ERROR,,,NOT_PROCESSED_RATE_LIMIT_STOP
SOKM.IS:2020Q4,SOKM.IS,SOKM,2020Q4,2020-12-31,ANNUAL,INDUSTRIAL_OR_HOLDING,MINI_PERAKENDE,UNKNOWN,CONSOLIDATED,,,2021-03-15,,[],,0,UNKNOWN,NONE,UNKNOWN,,UNKNOWN,UNKNOWN,UNKNOWN,SOURCE_ERROR,,,NOT_PROCESSED_RATE_LIMIT_STOP
SOKM.IS:2021Q1,SOKM.IS,SOKM,2021Q1,2021-03-31,INTERIM,INDUSTRIAL_OR_HOLDING,MINI_PERAKENDE,UNKNOWN,CONSOLIDATED,,,2021-05-15,,[],,0,UNKNOWN,NONE,UNKNOWN,,UNKNOWN,UNKNOWN,UNKNOWN,SOURCE_ERROR,,,NOT_PROCESSED_RATE_LIMIT_STOP
SOKM.IS:2021Q2,SOKM.IS,SOKM,2021Q2,2021-06-30,INTERIM,INDUSTRIAL_OR_HOLDING,MINI_PERAKENDE,UNKNOWN,CONSOLIDATED,,,2021-08-15,,[],,0,UNKNOWN,NONE,UNKNOWN,,UNKNOWN,UNKNOWN,UNKNOWN,SOURCE_ERROR,,,NOT_PROCESSED_RATE_LIMIT_STOP
SOKM.IS:2021Q3,SOKM.IS,SOKM,2021Q3,2021-09-30,INTERIM,INDUSTRIAL_OR_HOLDING,MINI_PERAKENDE,UNKNOWN,CONSOLIDATED,,,2021-11-15,,[],,0,UNKNOWN,NONE,UNKNOWN,,UNKNOWN,UNKNOWN,UNKNOWN,SOURCE_ERROR,,,NOT_PROCESSED_RATE_LIMIT_STOP
SOKM.IS:2021Q4,SOKM.IS,SOKM,2021Q4,2021-12-31,ANNUAL,INDUSTRIAL_OR_HOLDING,MINI_PERAKENDE,UNKNOWN,CONSOLIDATED,,,2022-03-15,,[],,0,UNKNOWN,NONE,UNKNOWN,,UNKNOWN,UNKNOWN,UNKNOWN,SOURCE_ERROR,,,NOT_PROCESSED_RATE_LIMIT_STOP
SOKM.IS:2022Q1,SOKM.IS,SOKM,2022Q1,2022-03-31,INTERIM,INDUSTRIAL_OR_HOLDING,MINI_PERAKENDE,UNKNOWN,CONSOLIDATED,,,2022-05-15,,[],,0,UNKNOWN,NONE,UNKNOWN,,UNKNOWN,UNKNOWN,UNKNOWN,SOURCE_ERROR,,,NOT_PROCESSED_RATE_LIMIT_STOP
SOKM.IS:2022Q2,SOKM.IS,SOKM,2022Q2,2022-06-30,INTERIM,INDUSTRIAL_OR_HOLDING,MINI_PERAKENDE,UNKNOWN,CONSOLIDATED,,,2022-08-15,,[],,0,UNKNOWN,NONE,UNKNOWN,,UNKNOWN,UNKNOWN,UNKNOWN,SOURCE_ERROR,,,NOT_PROCESSED_RATE_LIMIT_STOP
SOKM.IS:2022Q3,SOKM.IS,SOKM,2022Q3,2022-09-30,INTERIM,INDUSTRIAL_OR_HOLDING,MINI_PERAKENDE,UNKNOWN,CONSOLIDATED,,,2022-11-15,,[],,0,UNKNOWN,NONE,UNKNOWN,,UNKNOWN,UNKNOWN,UNKNOWN,SOURCE_ERROR,,,NOT_PROCESSED_RATE_LIMIT_STOP
SOKM.IS:2022Q4,SOKM.IS,SOKM,2022Q4,2022-12-31,ANNUAL,INDUSTRIAL_OR_HOLDING,MINI_PERAKENDE,UNKNOWN,CONSOLIDATED,,,2023-03-15,,[],,0,UNKNOWN,NONE,UNKNOWN,,UNKNOWN,UNKNOWN,UNKNOWN,SOURCE_ERROR,,,NOT_PROCESSED_RATE_LIMIT_STOP
SOKM.IS:2023Q1,SOKM.IS,SOKM,2023Q1,2023-03-31,INTERIM,INDUSTRIAL_OR_HOLDING,MINI_PERAKENDE,UNKNOWN,CONSOLIDATED,,,2023-05-15,,[],,0,UNKNOWN,NONE,UNKNOWN,,UNKNOWN,UNKNOWN,UNKNOWN,SOURCE_ERROR,,,NOT_PROCESSED_RATE_LIMIT_STOP
SOKM.IS:2023Q2,SOKM.IS,SOKM,2023Q2,2023-06-30,INTERIM,INDUSTRIAL_OR_HOLDING,MINI_PERAKENDE,UNKNOWN,CONSOLIDATED,,,2023-08-15,,[],,0,UNKNOWN,NONE,UNKNOWN,,UNKNOWN,UNKNOWN,UNKNOWN,SOURCE_ERROR,,,NOT_PROCESSED_RATE_LIMIT_STOP
SOKM.IS:2023Q3,SOKM.IS,SOKM,2023Q3,2023-09-30,INTERIM,INDUSTRIAL_OR_HOLDING,MINI_PERAKENDE,UNKNOWN,CONSOLIDATED,,,2023-11-15,,[],,0,UNKNOWN,NONE,UNKNOWN,,UNKNOWN,UNKNOWN,UNKNOWN,SOURCE_ERROR,,,NOT_PROCESSED_RATE_LIMIT_STOP
SOKM.IS:2023Q4,SOKM.IS,SOKM,2023Q4,2023-12-31,ANNUAL,INDUSTRIAL_OR_HOLDING,MINI_PERAKENDE,UNKNOWN,CONSOLIDATED,,,2024-03-15,,[],,0,UNKNOWN,NONE,UNKNOWN,,UNKNOWN,UNKNOWN,UNKNOWN,SOURCE_ERROR,,,NOT_PROCESSED_RATE_LIMIT_STOP
SOKM.IS:2024Q1,SOKM.IS,SOKM,2024Q1,2024-03-31,INTERIM,INDUSTRIAL_OR_HOLDING,MINI_PERAKENDE,UNKNOWN,CONSOLIDATED,,,2024-05-15,,[],,0,UNKNOWN,NONE,UNKNOWN,,UNKNOWN,UNKNOWN,UNKNOWN,SOURCE_ERROR,,,NOT_PROCESSED_RATE_LIMIT_STOP
SOKM.IS:2024Q2,SOKM.IS,SOKM,2024Q2,2024-06-30,INTERIM,INDUSTRIAL_OR_HOLDING,MINI_PERAKENDE,UNKNOWN,CONSOLIDATED,,,2024-08-15,,[],,0,UNKNOWN,NONE,UNKNOWN,,UNKNOWN,UNKNOWN,UNKNOWN,SOURCE_ERROR,,,NOT_PROCESSED_RATE_LIMIT_STOP
SOKM.IS:2024Q3,SOKM.IS,SOKM,2024Q3,2024-09-30,INTERIM,INDUSTRIAL_OR_HOLDING,MINI_PERAKENDE,UNKNOWN,CONSOLIDATED,,,2024-11-15,,[],,0,UNKNOWN,NONE,UNKNOWN,,UNKNOWN,UNKNOWN,UNKNOWN,SOURCE_ERROR,,,NOT_PROCESSED_RATE_LIMIT_STOP
SOKM.IS:2024Q4,SOKM.IS,SOKM,2024Q4,2024-12-31,ANNUAL,INDUSTRIAL_OR_HOLDING,MINI_PERAKENDE,UNKNOWN,CONSOLIDATED,,,2025-03-15,,[],,0,UNKNOWN,NONE,UNKNOWN,,UNKNOWN,UNKNOWN,UNKNOWN,SOURCE_ERROR,,,NOT_PROCESSED_RATE_LIMIT_STOP
SOKM.IS:2025Q1,SOKM.IS,SOKM,2025Q1,2025-03-31,INTERIM,INDUSTRIAL_OR_HOLDING,MINI_PERAKENDE,UNKNOWN,CONSOLIDATED,,,2025-05-15,,[],,0,UNKNOWN,NONE,UNKNOWN,,UNKNOWN,UNKNOWN,UNKNOWN,SOURCE_ERROR,,,NOT_PROCESSED_RATE_LIMIT_STOP
SOKM.IS:2025Q2,SOKM.IS,SOKM,2025Q2,2025-06-30,INTERIM,INDUSTRIAL_OR_HOLDING,MINI_PERAKENDE,UNKNOWN,CONSOLIDATED,,,2025-08-15,,[],,0,UNKNOWN,NONE,UNKNOWN,,UNKNOWN,UNKNOWN,UNKNOWN,SOURCE_ERROR,,,NOT_PROCESSED_RATE_LIMIT_STOP
SOKM.IS:2025Q3,SOKM.IS,SOKM,2025Q3,2025-09-30,INTERIM,INDUSTRIAL_OR_HOLDING,MINI_PERAKENDE,UNKNOWN,CONSOLIDATED,,,2025-11-15,,[],,0,UNKNOWN,NONE,UNKNOWN,,UNKNOWN,UNKNOWN,UNKNOWN,SOURCE_ERROR,,,NOT_PROCESSED_RATE_LIMIT_STOP
SOKM.IS:2025Q4,SOKM.IS,SOKM,2025Q4,2025-12-31,ANNUAL,INDUSTRIAL_OR_HOLDING,MINI_PERAKENDE,UNKNOWN,CONSOLIDATED,,,2026-03-15,,[],,0,UNKNOWN,NONE,UNKNOWN,,UNKNOWN,UNKNOWN,UNKNOWN,SOURCE_ERROR,,,NOT_PROCESSED_RATE_LIMIT_STOP
SOKM.IS:2026Q1,SOKM.IS,SOKM,2026Q1,2026-03-31,INTERIM,INDUSTRIAL_OR_HOLDING,MINI_PERAKENDE,UNKNOWN,CONSOLIDATED,,,2026-05-15,,[],,0,UNKNOWN,NONE,UNKNOWN,,UNKNOWN,UNKNOWN,UNKNOWN,SOURCE_ERROR,,,NOT_PROCESSED_RATE_LIMIT_STOP
SOKM.IS:2026Q2,SOKM.IS,SOKM,2026Q2,2026-06-30,INTERIM,INDUSTRIAL_OR_HOLDING,MINI_PERAKENDE,UNKNOWN,CONSOLIDATED,,,2026-08-15,,[],,0,UNKNOWN,NONE,UNKNOWN,,UNKNOWN,UNKNOWN,UNKNOWN,SOURCE_ERROR,,,NOT_PROCESSED_RATE_LIMIT_STOP
SURGY.IS:2022Q2,SURGY.IS,SURGY,2022Q2,2022-06-30,INTERIM,INDUSTRIAL_OR_HOLDING,XU100.IS,UNKNOWN,CONSOLIDATED,,,2022-08-15,,[],,0,UNKNOWN,NONE,UNKNOWN,,UNKNOWN,UNKNOWN,UNKNOWN,SOURCE_ERROR,,,NOT_PROCESSED_RATE_LIMIT_STOP
SURGY.IS:2022Q3,SURGY.IS,SURGY,2022Q3,2022-09-30,INTERIM,INDUSTRIAL_OR_HOLDING,XU100.IS,UNKNOWN,CONSOLIDATED,,,2022-11-15,,[],,0,UNKNOWN,NONE,UNKNOWN,,UNKNOWN,UNKNOWN,UNKNOWN,SOURCE_ERROR,,,NOT_PROCESSED_RATE_LIMIT_STOP
SURGY.IS:2022Q4,SURGY.IS,SURGY,2022Q4,2022-12-31,ANNUAL,INDUSTRIAL_OR_HOLDING,XU100.IS,UNKNOWN,CONSOLIDATED,,,2023-03-15,,[],,0,UNKNOWN,NONE,UNKNOWN,,UNKNOWN,UNKNOWN,UNKNOWN,SOURCE_ERROR,,,NOT_PROCESSED_RATE_LIMIT_STOP
SURGY.IS:2023Q1,SURGY.IS,SURGY,2023Q1,2023-03-31,INTERIM,INDUSTRIAL_OR_HOLDING,XU100.IS,UNKNOWN,CONSOLIDATED,,,2023-05-15,,[],,0,UNKNOWN,NONE,UNKNOWN,,UNKNOWN,UNKNOWN,UNKNOWN,SOURCE_ERROR,,,NOT_PROCESSED_RATE_LIMIT_STOP
SURGY.IS:2023Q2,SURGY.IS,SURGY,2023Q2,2023-06-30,INTERIM,INDUSTRIAL_OR_HOLDING,XU100.IS,UNKNOWN,CONSOLIDATED,,,2023-08-15,,[],,0,UNKNOWN,NONE,UNKNOWN,,UNKNOWN,UNKNOWN,UNKNOWN,SOURCE_ERROR,,,NOT_PROCESSED_RATE_LIMIT_STOP
SURGY.IS:2023Q3,SURGY.IS,SURGY,2023Q3,2023-09-30,INTERIM,INDUSTRIAL_OR_HOLDING,XU100.IS,UNKNOWN,CONSOLIDATED,,,2023-11-15,,[],,0,UNKNOWN,NONE,UNKNOWN,,UNKNOWN,UNKNOWN,UNKNOWN,SOURCE_ERROR,,,NOT_PROCESSED_RATE_LIMIT_STOP
SURGY.IS:2023Q4,SURGY.IS,SURGY,2023Q4,2023-12-31,ANNUAL,INDUSTRIAL_OR_HOLDING,XU100.IS,UNKNOWN,CONSOLIDATED,,,2024-03-15,,[],,0,UNKNOWN,NONE,UNKNOWN,,UNKNOWN,UNKNOWN,UNKNOWN,SOURCE_ERROR,,,NOT_PROCESSED_RATE_LIMIT_STOP
SURGY.IS:2024Q1,SURGY.IS,SURGY,2024Q1,2024-03-31,INTERIM,INDUSTRIAL_OR_HOLDING,XU100.IS,UNKNOWN,CONSOLIDATED,,,2024-05-15,,[],,0,UNKNOWN,NONE,UNKNOWN,,UNKNOWN,UNKNOWN,UNKNOWN,SOURCE_ERROR,,,NOT_PROCESSED_RATE_LIMIT_STOP
SURGY.IS:2024Q2,SURGY.IS,SURGY,2024Q2,2024-06-30,INTERIM,INDUSTRIAL_OR_HOLDING,XU100.IS,UNKNOWN,CONSOLIDATED,,,2024-08-15,,[],,0,UNKNOWN,NONE,UNKNOWN,,UNKNOWN,UNKNOWN,UNKNOWN,SOURCE_ERROR,,,NOT_PROCESSED_RATE_LIMIT_STOP
SURGY.IS:2024Q3,SURGY.IS,SURGY,2024Q3,2024-09-30,INTERIM,INDUSTRIAL_OR_HOLDING,XU100.IS,UNKNOWN,CONSOLIDATED,,,2024-11-15,,[],,0,UNKNOWN,NONE,UNKNOWN,,UNKNOWN,UNKNOWN,UNKNOWN,SOURCE_ERROR,,,NOT_PROCESSED_RATE_LIMIT_STOP
SURGY.IS:2024Q4,SURGY.IS,SURGY,2024Q4,2024-12-31,ANNUAL,INDUSTRIAL_OR_HOLDING,XU100.IS,UNKNOWN,CONSOLIDATED,,,2025-03-15,,[],,0,UNKNOWN,NONE,UNKNOWN,,UNKNOWN,UNKNOWN,UNKNOWN,SOURCE_ERROR,,,NOT_PROCESSED_RATE_LIMIT_STOP
SURGY.IS:2025Q1,SURGY.IS,SURGY,2025Q1,2025-03-31,INTERIM,INDUSTRIAL_OR_HOLDING,XU100.IS,UNKNOWN,CONSOLIDATED,,,2025-05-15,,[],,0,UNKNOWN,NONE,UNKNOWN,,UNKNOWN,UNKNOWN,UNKNOWN,SOURCE_ERROR,,,NOT_PROCESSED_RATE_LIMIT_STOP
SURGY.IS:2025Q2,SURGY.IS,SURGY,2025Q2,2025-06-30,INTERIM,INDUSTRIAL_OR_HOLDING,XU100.IS,UNKNOWN,CONSOLIDATED,,,2025-08-15,,[],,0,UNKNOWN,NONE,UNKNOWN,,UNKNOWN,UNKNOWN,UNKNOWN,SOURCE_ERROR,,,NOT_PROCESSED_RATE_LIMIT_STOP
SURGY.IS:2025Q3,SURGY.IS,SURGY,2025Q3,2025-09-30,INTERIM,INDUSTRIAL_OR_HOLDING,XU100.IS,UNKNOWN,CONSOLIDATED,,,2025-11-15,,[],,0,UNKNOWN,NONE,UNKNOWN,,UNKNOWN,UNKNOWN,UNKNOWN,SOURCE_ERROR,,,NOT_PROCESSED_RATE_LIMIT_STOP
SURGY.IS:2025Q4,SURGY.IS,SURGY,2025Q4,2025-12-31,ANNUAL,INDUSTRIAL_OR_HOLDING,XU100.IS,UNKNOWN,CONSOLIDATED,,,2026-03-15,,[],,0,UNKNOWN,NONE,UNKNOWN,,UNKNOWN,UNKNOWN,UNKNOWN,SOURCE_ERROR,,,NOT_PROCESSED_RATE_LIMIT_STOP
SURGY.IS:2026Q1,SURGY.IS,SURGY,2026Q1,2026-03-31,INTERIM,INDUSTRIAL_OR_HOLDING,XU100.IS,UNKNOWN,CONSOLIDATED,,,2026-05-15,,[],,0,UNKNOWN,NONE,UNKNOWN,,UNKNOWN,UNKNOWN,UNKNOWN,SOURCE_ERROR,,,NOT_PROCESSED_RATE_LIMIT_STOP
SURGY.IS:2026Q2,SURGY.IS,SURGY,2026Q2,2026-06-30,INTERIM,INDUSTRIAL_OR_HOLDING,XU100.IS,UNKNOWN,CONSOLIDATED,,,2026-08-15,,[],,0,UNKNOWN,NONE,UNKNOWN,,UNKNOWN,UNKNOWN,UNKNOWN,SOURCE_ERROR,,,NOT_PROCESSED_RATE_LIMIT_STOP
TABGD.IS:2020Q4,TABGD.IS,TABGD,2020Q4,2020-12-31,ANNUAL,INDUSTRIAL_OR_HOLDING,XUSIN.IS,UNKNOWN,CONSOLIDATED,,,2021-03-15,,[],,0,UNKNOWN,NONE,UNKNOWN,,UNKNOWN,UNKNOWN,UNKNOWN,SOURCE_ERROR,,,NOT_PROCESSED_RATE_LIMIT_STOP
TABGD.IS:2021Q4,TABGD.IS,TABGD,2021Q4,2021-12-31,ANNUAL,INDUSTRIAL_OR_HOLDING,XUSIN.IS,UNKNOWN,CONSOLIDATED,,,2022-03-15,,[],,0,UNKNOWN,NONE,UNKNOWN,,UNKNOWN,UNKNOWN,UNKNOWN,SOURCE_ERROR,,,NOT_PROCESSED_RATE_LIMIT_STOP
TABGD.IS:2022Q2,TABGD.IS,TABGD,2022Q2,2022-06-30,INTERIM,INDUSTRIAL_OR_HOLDING,XUSIN.IS,UNKNOWN,CONSOLIDATED,,,2022-08-15,,[],,0,UNKNOWN,NONE,UNKNOWN,,UNKNOWN,UNKNOWN,UNKNOWN,SOURCE_ERROR,,,NOT_PROCESSED_RATE_LIMIT_STOP
TABGD.IS:2022Q3,TABGD.IS,TABGD,2022Q3,2022-09-30,INTERIM,INDUSTRIAL_OR_HOLDING,XUSIN.IS,UNKNOWN,CONSOLIDATED,,,2022-11-15,,[],,0,UNKNOWN,NONE,UNKNOWN,,UNKNOWN,UNKNOWN,UNKNOWN,SOURCE_ERROR,,,NOT_PROCESSED_RATE_LIMIT_STOP
TABGD.IS:2022Q4,TABGD.IS,TABGD,2022Q4,2022-12-31,ANNUAL,INDUSTRIAL_OR_HOLDING,XUSIN.IS,UNKNOWN,CONSOLIDATED,,,2023-03-15,,[],,0,UNKNOWN,NONE,UNKNOWN,,UNKNOWN,UNKNOWN,UNKNOWN,SOURCE_ERROR,,,NOT_PROCESSED_RATE_LIMIT_STOP
TABGD.IS:2023Q1,TABGD.IS,TABGD,2023Q1,2023-03-31,INTERIM,INDUSTRIAL_OR_HOLDING,XUSIN.IS,UNKNOWN,CONSOLIDATED,,,2023-05-15,,[],,0,UNKNOWN,NONE,UNKNOWN,,UNKNOWN,UNKNOWN,UNKNOWN,SOURCE_ERROR,,,NOT_PROCESSED_RATE_LIMIT_STOP
TABGD.IS:2023Q2,TABGD.IS,TABGD,2023Q2,2023-06-30,INTERIM,INDUSTRIAL_OR_HOLDING,XUSIN.IS,UNKNOWN,CONSOLIDATED,,,2023-08-15,,[],,0,UNKNOWN,NONE,UNKNOWN,,UNKNOWN,UNKNOWN,UNKNOWN,SOURCE_ERROR,,,NOT_PROCESSED_RATE_LIMIT_STOP
TABGD.IS:2023Q3,TABGD.IS,TABGD,2023Q3,2023-09-30,INTERIM,INDUSTRIAL_OR_HOLDING,XUSIN.IS,UNKNOWN,CONSOLIDATED,,,2023-11-15,,[],,0,UNKNOWN,NONE,UNKNOWN,,UNKNOWN,UNKNOWN,UNKNOWN,SOURCE_ERROR,,,NOT_PROCESSED_RATE_LIMIT_STOP
TABGD.IS:2023Q4,TABGD.IS,TABGD,2023Q4,2023-12-31,ANNUAL,INDUSTRIAL_OR_HOLDING,XUSIN.IS,UNKNOWN,CONSOLIDATED,,,2024-03-15,,[],,0,UNKNOWN,NONE,UNKNOWN,,UNKNOWN,UNKNOWN,UNKNOWN,SOURCE_ERROR,,,NOT_PROCESSED_RATE_LIMIT_STOP
TABGD.IS:2024Q1,TABGD.IS,TABGD,2024Q1,2024-03-31,INTERIM,INDUSTRIAL_OR_HOLDING,XUSIN.IS,UNKNOWN,CONSOLIDATED,,,2024-05-15,,[],,0,UNKNOWN,NONE,UNKNOWN,,UNKNOWN,UNKNOWN,UNKNOWN,SOURCE_ERROR,,,NOT_PROCESSED_RATE_LIMIT_STOP
TABGD.IS:2024Q2,TABGD.IS,TABGD,2024Q2,2024-06-30,INTERIM,INDUSTRIAL_OR_HOLDING,XUSIN.IS,UNKNOWN,CONSOLIDATED,,,2024-08-15,,[],,0,UNKNOWN,NONE,UNKNOWN,,UNKNOWN,UNKNOWN,UNKNOWN,SOURCE_ERROR,,,NOT_PROCESSED_RATE_LIMIT_STOP
TABGD.IS:2024Q3,TABGD.IS,TABGD,2024Q3,2024-09-30,INTERIM,INDUSTRIAL_OR_HOLDING,XUSIN.IS,UNKNOWN,CONSOLIDATED,,,2024-11-15,,[],,0,UNKNOWN,NONE,UNKNOWN,,UNKNOWN,UNKNOWN,UNKNOWN,SOURCE_ERROR,,,NOT_PROCESSED_RATE_LIMIT_STOP
TABGD.IS:2024Q4,TABGD.IS,TABGD,2024Q4,2024-12-31,ANNUAL,INDUSTRIAL_OR_HOLDING,XUSIN.IS,UNKNOWN,CONSOLIDATED,,,2025-03-15,,[],,0,UNKNOWN,NONE,UNKNOWN,,UNKNOWN,UNKNOWN,UNKNOWN,SOURCE_ERROR,,,NOT_PROCESSED_RATE_LIMIT_STOP
TABGD.IS:2025Q1,TABGD.IS,TABGD,2025Q1,2025-03-31,INTERIM,INDUSTRIAL_OR_HOLDING,XUSIN.IS,UNKNOWN,CONSOLIDATED,,,2025-05-15,,[],,0,UNKNOWN,NONE,UNKNOWN,,UNKNOWN,UNKNOWN,UNKNOWN,SOURCE_ERROR,,,NOT_PROCESSED_RATE_LIMIT_STOP
TABGD.IS:2025Q2,TABGD.IS,TABGD,2025Q2,2025-06-30,INTERIM,INDUSTRIAL_OR_HOLDING,XUSIN.IS,UNKNOWN,CONSOLIDATED,,,2025-08-15,,[],,0,UNKNOWN,NONE,UNKNOWN,,UNKNOWN,UNKNOWN,UNKNOWN,SOURCE_ERROR,,,NOT_PROCESSED_RATE_LIMIT_STOP
TABGD.IS:2025Q3,TABGD.IS,TABGD,2025Q3,2025-09-30,INTERIM,INDUSTRIAL_OR_HOLDING,XUSIN.IS,UNKNOWN,CONSOLIDATED,,,2025-11-15,,[],,0,UNKNOWN,NONE,UNKNOWN,,UNKNOWN,UNKNOWN,UNKNOWN,SOURCE_ERROR,,,NOT_PROCESSED_RATE_LIMIT_STOP
TABGD.IS:2025Q4,TABGD.IS,TABGD,2025Q4,2025-12-31,ANNUAL,INDUSTRIAL_OR_HOLDING,XUSIN.IS,UNKNOWN,CONSOLIDATED,,,2026-03-15,,[],,0,UNKNOWN,NONE,UNKNOWN,,UNKNOWN,UNKNOWN,UNKNOWN,SOURCE_ERROR,,,NOT_PROCESSED_RATE_LIMIT_STOP
TABGD.IS:2026Q1,TABGD.IS,TABGD,2026Q1,2026-03-31,INTERIM,INDUSTRIAL_OR_HOLDING,XUSIN.IS,UNKNOWN,CONSOLIDATED,,,2026-05-15,,[],,0,UNKNOWN,NONE,UNKNOWN,,UNKNOWN,UNKNOWN,UNKNOWN,SOURCE_ERROR,,,NOT_PROCESSED_RATE_LIMIT_STOP
TABGD.IS:2026Q2,TABGD.IS,TABGD,2026Q2,2026-06-30,INTERIM,INDUSTRIAL_OR_HOLDING,XUSIN.IS,UNKNOWN,CONSOLIDATED,,,2026-08-15,,[],,0,UNKNOWN,NONE,UNKNOWN,,UNKNOWN,UNKNOWN,UNKNOWN,SOURCE_ERROR,,,NOT_PROCESSED_RATE_LIMIT_STOP
TAVHL.IS:2018Q1,TAVHL.IS,TAVHL,2018Q1,2018-03-31,INTERIM,INDUSTRIAL_OR_HOLDING,XUSIN.IS,UNKNOWN,CONSOLIDATED,,,2018-05-15,,[],,0,UNKNOWN,NONE,UNKNOWN,,UNKNOWN,UNKNOWN,UNKNOWN,SOURCE_ERROR,,,NOT_PROCESSED_RATE_LIMIT_STOP
TAVHL.IS:2018Q2,TAVHL.IS,TAVHL,2018Q2,2018-06-30,INTERIM,INDUSTRIAL_OR_HOLDING,XUSIN.IS,UNKNOWN,CONSOLIDATED,,,2018-08-15,,[],,0,UNKNOWN,NONE,UNKNOWN,,UNKNOWN,UNKNOWN,UNKNOWN,SOURCE_ERROR,,,NOT_PROCESSED_RATE_LIMIT_STOP
TAVHL.IS:2018Q3,TAVHL.IS,TAVHL,2018Q3,2018-09-30,INTERIM,INDUSTRIAL_OR_HOLDING,XUSIN.IS,UNKNOWN,CONSOLIDATED,,,2018-11-15,,[],,0,UNKNOWN,NONE,UNKNOWN,,UNKNOWN,UNKNOWN,UNKNOWN,SOURCE_ERROR,,,NOT_PROCESSED_RATE_LIMIT_STOP
TAVHL.IS:2018Q4,TAVHL.IS,TAVHL,2018Q4,2018-12-31,ANNUAL,INDUSTRIAL_OR_HOLDING,XUSIN.IS,UNKNOWN,CONSOLIDATED,,,2019-03-15,,[],,0,UNKNOWN,NONE,UNKNOWN,,UNKNOWN,UNKNOWN,UNKNOWN,SOURCE_ERROR,,,NOT_PROCESSED_RATE_LIMIT_STOP
TAVHL.IS:2019Q1,TAVHL.IS,TAVHL,2019Q1,2019-03-31,INTERIM,INDUSTRIAL_OR_HOLDING,XUSIN.IS,UNKNOWN,CONSOLIDATED,,,2019-05-15,,[],,0,UNKNOWN,NONE,UNKNOWN,,UNKNOWN,UNKNOWN,UNKNOWN,SOURCE_ERROR,,,NOT_PROCESSED_RATE_LIMIT_STOP
TAVHL.IS:2019Q2,TAVHL.IS,TAVHL,2019Q2,2019-06-30,INTERIM,INDUSTRIAL_OR_HOLDING,XUSIN.IS,UNKNOWN,CONSOLIDATED,,,2019-08-15,,[],,0,UNKNOWN,NONE,UNKNOWN,,UNKNOWN,UNKNOWN,UNKNOWN,SOURCE_ERROR,,,NOT_PROCESSED_RATE_LIMIT_STOP
TAVHL.IS:2019Q3,TAVHL.IS,TAVHL,2019Q3,2019-09-30,INTERIM,INDUSTRIAL_OR_HOLDING,XUSIN.IS,UNKNOWN,CONSOLIDATED,,,2019-11-15,,[],,0,UNKNOWN,NONE,UNKNOWN,,UNKNOWN,UNKNOWN,UNKNOWN,SOURCE_ERROR,,,NOT_PROCESSED_RATE_LIMIT_STOP
TAVHL.IS:2019Q4,TAVHL.IS,TAVHL,2019Q4,2019-12-31,ANNUAL,INDUSTRIAL_OR_HOLDING,XUSIN.IS,UNKNOWN,CONSOLIDATED,,,2020-03-15,,[],,0,UNKNOWN,NONE,UNKNOWN,,UNKNOWN,UNKNOWN,UNKNOWN,SOURCE_ERROR,,,NOT_PROCESSED_RATE_LIMIT_STOP
TAVHL.IS:2020Q1,TAVHL.IS,TAVHL,2020Q1,2020-03-31,INTERIM,INDUSTRIAL_OR_HOLDING,XUSIN.IS,UNKNOWN,CONSOLIDATED,,,2020-05-15,,[],,0,UNKNOWN,NONE,UNKNOWN,,UNKNOWN,UNKNOWN,UNKNOWN,SOURCE_ERROR,,,NOT_PROCESSED_RATE_LIMIT_STOP
TAVHL.IS:2020Q2,TAVHL.IS,TAVHL,2020Q2,2020-06-30,INTERIM,INDUSTRIAL_OR_HOLDING,XUSIN.IS,UNKNOWN,CONSOLIDATED,,,2020-08-15,,[],,0,UNKNOWN,NONE,UNKNOWN,,UNKNOWN,UNKNOWN,UNKNOWN,SOURCE_ERROR,,,NOT_PROCESSED_RATE_LIMIT_STOP
TAVHL.IS:2020Q3,TAVHL.IS,TAVHL,2020Q3,2020-09-30,INTERIM,INDUSTRIAL_OR_HOLDING,XUSIN.IS,UNKNOWN,CONSOLIDATED,,,2020-11-15,,[],,0,UNKNOWN,NONE,UNKNOWN,,UNKNOWN,UNKNOWN,UNKNOWN,SOURCE_ERROR,,,NOT_PROCESSED_RATE_LIMIT_STOP
TAVHL.IS:2020Q4,TAVHL.IS,TAVHL,2020Q4,2020-12-31,ANNUAL,INDUSTRIAL_OR_HOLDING,XUSIN.IS,UNKNOWN,CONSOLIDATED,,,2021-03-15,,[],,0,UNKNOWN,NONE,UNKNOWN,,UNKNOWN,UNKNOWN,UNKNOWN,SOURCE_ERROR,,,NOT_PROCESSED_RATE_LIMIT_STOP
TAVHL.IS:2021Q1,TAVHL.IS,TAVHL,2021Q1,2021-03-31,INTERIM,INDUSTRIAL_OR_HOLDING,XUSIN.IS,UNKNOWN,CONSOLIDATED,,,2021-05-15,,[],,0,UNKNOWN,NONE,UNKNOWN,,UNKNOWN,UNKNOWN,UNKNOWN,SOURCE_ERROR,,,NOT_PROCESSED_RATE_LIMIT_STOP
TAVHL.IS:2021Q2,TAVHL.IS,TAVHL,2021Q2,2021-06-30,INTERIM,INDUSTRIAL_OR_HOLDING,XUSIN.IS,UNKNOWN,CONSOLIDATED,,,2021-08-15,,[],,0,UNKNOWN,NONE,UNKNOWN,,UNKNOWN,UNKNOWN,UNKNOWN,SOURCE_ERROR,,,NOT_PROCESSED_RATE_LIMIT_STOP
TAVHL.IS:2021Q3,TAVHL.IS,TAVHL,2021Q3,2021-09-30,INTERIM,INDUSTRIAL_OR_HOLDING,XUSIN.IS,UNKNOWN,CONSOLIDATED,,,2021-11-15,,[],,0,UNKNOWN,NONE,UNKNOWN,,UNKNOWN,UNKNOWN,UNKNOWN,SOURCE_ERROR,,,NOT_PROCESSED_RATE_LIMIT_STOP
TAVHL.IS:2021Q4,TAVHL.IS,TAVHL,2021Q4,2021-12-31,ANNUAL,INDUSTRIAL_OR_HOLDING,XUSIN.IS,UNKNOWN,CONSOLIDATED,,,2022-03-15,,[],,0,UNKNOWN,NONE,UNKNOWN,,UNKNOWN,UNKNOWN,UNKNOWN,SOURCE_ERROR,,,NOT_PROCESSED_RATE_LIMIT_STOP
TAVHL.IS:2022Q1,TAVHL.IS,TAVHL,2022Q1,2022-03-31,INTERIM,INDUSTRIAL_OR_HOLDING,XUSIN.IS,UNKNOWN,CONSOLIDATED,,,2022-05-15,,[],,0,UNKNOWN,NONE,UNKNOWN,,UNKNOWN,UNKNOWN,UNKNOWN,SOURCE_ERROR,,,NOT_PROCESSED_RATE_LIMIT_STOP
TAVHL.IS:2022Q2,TAVHL.IS,TAVHL,2022Q2,2022-06-30,INTERIM,INDUSTRIAL_OR_HOLDING,XUSIN.IS,UNKNOWN,CONSOLIDATED,,,2022-08-15,,[],,0,UNKNOWN,NONE,UNKNOWN,,UNKNOWN,UNKNOWN,UNKNOWN,SOURCE_ERROR,,,NOT_PROCESSED_RATE_LIMIT_STOP
TAVHL.IS:2022Q3,TAVHL.IS,TAVHL,2022Q3,2022-09-30,INTERIM,INDUSTRIAL_OR_HOLDING,XUSIN.IS,UNKNOWN,CONSOLIDATED,,,2022-11-15,,[],,0,UNKNOWN,NONE,UNKNOWN,,UNKNOWN,UNKNOWN,UNKNOWN,SOURCE_ERROR,,,NOT_PROCESSED_RATE_LIMIT_STOP
TAVHL.IS:2022Q4,TAVHL.IS,TAVHL,2022Q4,2022-12-31,ANNUAL,INDUSTRIAL_OR_HOLDING,XUSIN.IS,UNKNOWN,CONSOLIDATED,,,2023-03-15,,[],,0,UNKNOWN,NONE,UNKNOWN,,UNKNOWN,UNKNOWN,UNKNOWN,SOURCE_ERROR,,,NOT_PROCESSED_RATE_LIMIT_STOP
TAVHL.IS:2023Q1,TAVHL.IS,TAVHL,2023Q1,2023-03-31,INTERIM,INDUSTRIAL_OR_HOLDING,XUSIN.IS,UNKNOWN,CONSOLIDATED,,,2023-05-15,,[],,0,UNKNOWN,NONE,UNKNOWN,,UNKNOWN,UNKNOWN,UNKNOWN,SOURCE_ERROR,,,NOT_PROCESSED_RATE_LIMIT_STOP
TAVHL.IS:2023Q2,TAVHL.IS,TAVHL,2023Q2,2023-06-30,INTERIM,INDUSTRIAL_OR_HOLDING,XUSIN.IS,UNKNOWN,CONSOLIDATED,,,2023-08-15,,[],,0,UNKNOWN,NONE,UNKNOWN,,UNKNOWN,UNKNOWN,UNKNOWN,SOURCE_ERROR,,,NOT_PROCESSED_RATE_LIMIT_STOP
TAVHL.IS:2023Q3,TAVHL.IS,TAVHL,2023Q3,2023-09-30,INTERIM,INDUSTRIAL_OR_HOLDING,XUSIN.IS,UNKNOWN,CONSOLIDATED,,,2023-11-15,,[],,0,UNKNOWN,NONE,UNKNOWN,,UNKNOWN,UNKNOWN,UNKNOWN,SOURCE_ERROR,,,NOT_PROCESSED_RATE_LIMIT_STOP
TAVHL.IS:2023Q4,TAVHL.IS,TAVHL,2023Q4,2023-12-31,ANNUAL,INDUSTRIAL_OR_HOLDING,XUSIN.IS,UNKNOWN,CONSOLIDATED,,,2024-03-15,,[],,0,UNKNOWN,NONE,UNKNOWN,,UNKNOWN,UNKNOWN,UNKNOWN,SOURCE_ERROR,,,NOT_PROCESSED_RATE_LIMIT_STOP
TAVHL.IS:2024Q1,TAVHL.IS,TAVHL,2024Q1,2024-03-31,INTERIM,INDUSTRIAL_OR_HOLDING,XUSIN.IS,UNKNOWN,CONSOLIDATED,,,2024-05-15,,[],,0,UNKNOWN,NONE,UNKNOWN,,UNKNOWN,UNKNOWN,UNKNOWN,SOURCE_ERROR,,,NOT_PROCESSED_RATE_LIMIT_STOP
TAVHL.IS:2024Q2,TAVHL.IS,TAVHL,2024Q2,2024-06-30,INTERIM,INDUSTRIAL_OR_HOLDING,XUSIN.IS,UNKNOWN,CONSOLIDATED,,,2024-08-15,,[],,0,UNKNOWN,NONE,UNKNOWN,,UNKNOWN,UNKNOWN,UNKNOWN,SOURCE_ERROR,,,NOT_PROCESSED_RATE_LIMIT_STOP
TAVHL.IS:2024Q3,TAVHL.IS,TAVHL,2024Q3,2024-09-30,INTERIM,INDUSTRIAL_OR_HOLDING,XUSIN.IS,UNKNOWN,CONSOLIDATED,,,2024-11-15,,[],,0,UNKNOWN,NONE,UNKNOWN,,UNKNOWN,UNKNOWN,UNKNOWN,SOURCE_ERROR,,,NOT_PROCESSED_RATE_LIMIT_STOP
TAVHL.IS:2024Q4,TAVHL.IS,TAVHL,2024Q4,2024-12-31,ANNUAL,INDUSTRIAL_OR_HOLDING,XUSIN.IS,UNKNOWN,CONSOLIDATED,,,2025-03-15,,[],,0,UNKNOWN,NONE,UNKNOWN,,UNKNOWN,UNKNOWN,UNKNOWN,SOURCE_ERROR,,,NOT_PROCESSED_RATE_LIMIT_STOP
TAVHL.IS:2025Q1,TAVHL.IS,TAVHL,2025Q1,2025-03-31,INTERIM,INDUSTRIAL_OR_HOLDING,XUSIN.IS,UNKNOWN,CONSOLIDATED,,,2025-05-15,,[],,0,UNKNOWN,NONE,UNKNOWN,,UNKNOWN,UNKNOWN,UNKNOWN,SOURCE_ERROR,,,NOT_PROCESSED_RATE_LIMIT_STOP
TAVHL.IS:2025Q2,TAVHL.IS,TAVHL,2025Q2,2025-06-30,INTERIM,INDUSTRIAL_OR_HOLDING,XUSIN.IS,UNKNOWN,CONSOLIDATED,,,2025-08-15,,[],,0,UNKNOWN,NONE,UNKNOWN,,UNKNOWN,UNKNOWN,UNKNOWN,SOURCE_ERROR,,,NOT_PROCESSED_RATE_LIMIT_STOP
TAVHL.IS:2025Q3,TAVHL.IS,TAVHL,2025Q3,2025-09-30,INTERIM,INDUSTRIAL_OR_HOLDING,XUSIN.IS,UNKNOWN,CONSOLIDATED,,,2025-11-15,,[],,0,UNKNOWN,NONE,UNKNOWN,,UNKNOWN,UNKNOWN,UNKNOWN,SOURCE_ERROR,,,NOT_PROCESSED_RATE_LIMIT_STOP
TAVHL.IS:2025Q4,TAVHL.IS,TAVHL,2025Q4,2025-12-31,ANNUAL,INDUSTRIAL_OR_HOLDING,XUSIN.IS,UNKNOWN,CONSOLIDATED,,,2026-03-15,,[],,0,UNKNOWN,NONE,UNKNOWN,,UNKNOWN,UNKNOWN,UNKNOWN,SOURCE_ERROR,,,NOT_PROCESSED_RATE_LIMIT_STOP
TAVHL.IS:2026Q1,TAVHL.IS,TAVHL,2026Q1,2026-03-31,INTERIM,INDUSTRIAL_OR_HOLDING,XUSIN.IS,UNKNOWN,CONSOLIDATED,,,2026-05-15,,[],,0,UNKNOWN,NONE,UNKNOWN,,UNKNOWN,UNKNOWN,UNKNOWN,SOURCE_ERROR,,,NOT_PROCESSED_RATE_LIMIT_STOP
TAVHL.IS:2026Q2,TAVHL.IS,TAVHL,2026Q2,2026-06-30,INTERIM,INDUSTRIAL_OR_HOLDING,XUSIN.IS,UNKNOWN,CONSOLIDATED,,,2026-08-15,,[],,0,UNKNOWN,NONE,UNKNOWN,,UNKNOWN,UNKNOWN,UNKNOWN,SOURCE_ERROR,,,NOT_PROCESSED_RATE_LIMIT_STOP
TCELL.IS:2018Q1,TCELL.IS,TCELL,2018Q1,2018-03-31,INTERIM,INDUSTRIAL_OR_HOLDING,XU100.IS,UNKNOWN,CONSOLIDATED,,,2018-05-15,,[],,0,UNKNOWN,NONE,UNKNOWN,,UNKNOWN,UNKNOWN,UNKNOWN,SOURCE_ERROR,,,NOT_PROCESSED_RATE_LIMIT_STOP
TCELL.IS:2018Q2,TCELL.IS,TCELL,2018Q2,2018-06-30,INTERIM,INDUSTRIAL_OR_HOLDING,XU100.IS,UNKNOWN,CONSOLIDATED,,,2018-08-15,,[],,0,UNKNOWN,NONE,UNKNOWN,,UNKNOWN,UNKNOWN,UNKNOWN,SOURCE_ERROR,,,NOT_PROCESSED_RATE_LIMIT_STOP
TCELL.IS:2018Q3,TCELL.IS,TCELL,2018Q3,2018-09-30,INTERIM,INDUSTRIAL_OR_HOLDING,XU100.IS,UNKNOWN,CONSOLIDATED,,,2018-11-15,,[],,0,UNKNOWN,NONE,UNKNOWN,,UNKNOWN,UNKNOWN,UNKNOWN,SOURCE_ERROR,,,NOT_PROCESSED_RATE_LIMIT_STOP
TCELL.IS:2018Q4,TCELL.IS,TCELL,2018Q4,2018-12-31,ANNUAL,INDUSTRIAL_OR_HOLDING,XU100.IS,UNKNOWN,CONSOLIDATED,,,2019-03-15,,[],,0,UNKNOWN,NONE,UNKNOWN,,UNKNOWN,UNKNOWN,UNKNOWN,SOURCE_ERROR,,,NOT_PROCESSED_RATE_LIMIT_STOP
TCELL.IS:2019Q1,TCELL.IS,TCELL,2019Q1,2019-03-31,INTERIM,INDUSTRIAL_OR_HOLDING,XU100.IS,UNKNOWN,CONSOLIDATED,,,2019-05-15,,[],,0,UNKNOWN,NONE,UNKNOWN,,UNKNOWN,UNKNOWN,UNKNOWN,SOURCE_ERROR,,,NOT_PROCESSED_RATE_LIMIT_STOP
TCELL.IS:2019Q2,TCELL.IS,TCELL,2019Q2,2019-06-30,INTERIM,INDUSTRIAL_OR_HOLDING,XU100.IS,UNKNOWN,CONSOLIDATED,,,2019-08-15,,[],,0,UNKNOWN,NONE,UNKNOWN,,UNKNOWN,UNKNOWN,UNKNOWN,SOURCE_ERROR,,,NOT_PROCESSED_RATE_LIMIT_STOP
TCELL.IS:2019Q3,TCELL.IS,TCELL,2019Q3,2019-09-30,INTERIM,INDUSTRIAL_OR_HOLDING,XU100.IS,UNKNOWN,CONSOLIDATED,,,2019-11-15,,[],,0,UNKNOWN,NONE,UNKNOWN,,UNKNOWN,UNKNOWN,UNKNOWN,SOURCE_ERROR,,,NOT_PROCESSED_RATE_LIMIT_STOP
TCELL.IS:2019Q4,TCELL.IS,TCELL,2019Q4,2019-12-31,ANNUAL,INDUSTRIAL_OR_HOLDING,XU100.IS,UNKNOWN,CONSOLIDATED,,,2020-03-15,,[],,0,UNKNOWN,NONE,UNKNOWN,,UNKNOWN,UNKNOWN,UNKNOWN,SOURCE_ERROR,,,NOT_PROCESSED_RATE_LIMIT_STOP
TCELL.IS:2020Q1,TCELL.IS,TCELL,2020Q1,2020-03-31,INTERIM,INDUSTRIAL_OR_HOLDING,XU100.IS,UNKNOWN,CONSOLIDATED,,,2020-05-15,,[],,0,UNKNOWN,NONE,UNKNOWN,,UNKNOWN,UNKNOWN,UNKNOWN,SOURCE_ERROR,,,NOT_PROCESSED_RATE_LIMIT_STOP
TCELL.IS:2020Q2,TCELL.IS,TCELL,2020Q2,2020-06-30,INTERIM,INDUSTRIAL_OR_HOLDING,XU100.IS,UNKNOWN,CONSOLIDATED,,,2020-08-15,,[],,0,UNKNOWN,NONE,UNKNOWN,,UNKNOWN,UNKNOWN,UNKNOWN,SOURCE_ERROR,,,NOT_PROCESSED_RATE_LIMIT_STOP
TCELL.IS:2020Q3,TCELL.IS,TCELL,2020Q3,2020-09-30,INTERIM,INDUSTRIAL_OR_HOLDING,XU100.IS,UNKNOWN,CONSOLIDATED,,,2020-11-15,,[],,0,UNKNOWN,NONE,UNKNOWN,,UNKNOWN,UNKNOWN,UNKNOWN,SOURCE_ERROR,,,NOT_PROCESSED_RATE_LIMIT_STOP
TCELL.IS:2020Q4,TCELL.IS,TCELL,2020Q4,2020-12-31,ANNUAL,INDUSTRIAL_OR_HOLDING,XU100.IS,UNKNOWN,CONSOLIDATED,,,2021-03-15,,[],,0,UNKNOWN,NONE,UNKNOWN,,UNKNOWN,UNKNOWN,UNKNOWN,SOURCE_ERROR,,,NOT_PROCESSED_RATE_LIMIT_STOP
TCELL.IS:2021Q1,TCELL.IS,TCELL,2021Q1,2021-03-31,INTERIM,INDUSTRIAL_OR_HOLDING,XU100.IS,UNKNOWN,CONSOLIDATED,,,2021-05-15,,[],,0,UNKNOWN,NONE,UNKNOWN,,UNKNOWN,UNKNOWN,UNKNOWN,SOURCE_ERROR,,,NOT_PROCESSED_RATE_LIMIT_STOP
TCELL.IS:2021Q2,TCELL.IS,TCELL,2021Q2,2021-06-30,INTERIM,INDUSTRIAL_OR_HOLDING,XU100.IS,UNKNOWN,CONSOLIDATED,,,2021-08-15,,[],,0,UNKNOWN,NONE,UNKNOWN,,UNKNOWN,UNKNOWN,UNKNOWN,SOURCE_ERROR,,,NOT_PROCESSED_RATE_LIMIT_STOP
TCELL.IS:2021Q3,TCELL.IS,TCELL,2021Q3,2021-09-30,INTERIM,INDUSTRIAL_OR_HOLDING,XU100.IS,UNKNOWN,CONSOLIDATED,,,2021-11-15,,[],,0,UNKNOWN,NONE,UNKNOWN,,UNKNOWN,UNKNOWN,UNKNOWN,SOURCE_ERROR,,,NOT_PROCESSED_RATE_LIMIT_STOP
TCELL.IS:2021Q4,TCELL.IS,TCELL,2021Q4,2021-12-31,ANNUAL,INDUSTRIAL_OR_HOLDING,XU100.IS,UNKNOWN,CONSOLIDATED,,,2022-03-15,,[],,0,UNKNOWN,NONE,UNKNOWN,,UNKNOWN,UNKNOWN,UNKNOWN,SOURCE_ERROR,,,NOT_PROCESSED_RATE_LIMIT_STOP
TCELL.IS:2022Q1,TCELL.IS,TCELL,2022Q1,2022-03-31,INTERIM,INDUSTRIAL_OR_HOLDING,XU100.IS,UNKNOWN,CONSOLIDATED,,,2022-05-15,,[],,0,UNKNOWN,NONE,UNKNOWN,,UNKNOWN,UNKNOWN,UNKNOWN,SOURCE_ERROR,,,NOT_PROCESSED_RATE_LIMIT_STOP
TCELL.IS:2022Q2,TCELL.IS,TCELL,2022Q2,2022-06-30,INTERIM,INDUSTRIAL_OR_HOLDING,XU100.IS,UNKNOWN,CONSOLIDATED,,,2022-08-15,,[],,0,UNKNOWN,NONE,UNKNOWN,,UNKNOWN,UNKNOWN,UNKNOWN,SOURCE_ERROR,,,NOT_PROCESSED_RATE_LIMIT_STOP
TCELL.IS:2022Q3,TCELL.IS,TCELL,2022Q3,2022-09-30,INTERIM,INDUSTRIAL_OR_HOLDING,XU100.IS,UNKNOWN,CONSOLIDATED,,,2022-11-15,,[],,0,UNKNOWN,NONE,UNKNOWN,,UNKNOWN,UNKNOWN,UNKNOWN,SOURCE_ERROR,,,NOT_PROCESSED_RATE_LIMIT_STOP
TCELL.IS:2022Q4,TCELL.IS,TCELL,2022Q4,2022-12-31,ANNUAL,INDUSTRIAL_OR_HOLDING,XU100.IS,UNKNOWN,CONSOLIDATED,,,2023-03-15,,[],,0,UNKNOWN,NONE,UNKNOWN,,UNKNOWN,UNKNOWN,UNKNOWN,SOURCE_ERROR,,,NOT_PROCESSED_RATE_LIMIT_STOP
TCELL.IS:2023Q1,TCELL.IS,TCELL,2023Q1,2023-03-31,INTERIM,INDUSTRIAL_OR_HOLDING,XU100.IS,UNKNOWN,CONSOLIDATED,,,2023-05-15,,[],,0,UNKNOWN,NONE,UNKNOWN,,UNKNOWN,UNKNOWN,UNKNOWN,SOURCE_ERROR,,,NOT_PROCESSED_RATE_LIMIT_STOP
TCELL.IS:2023Q2,TCELL.IS,TCELL,2023Q2,2023-06-30,INTERIM,INDUSTRIAL_OR_HOLDING,XU100.IS,UNKNOWN,CONSOLIDATED,,,2023-08-15,,[],,0,UNKNOWN,NONE,UNKNOWN,,UNKNOWN,UNKNOWN,UNKNOWN,SOURCE_ERROR,,,NOT_PROCESSED_RATE_LIMIT_STOP
TCELL.IS:2023Q3,TCELL.IS,TCELL,2023Q3,2023-09-30,INTERIM,INDUSTRIAL_OR_HOLDING,XU100.IS,UNKNOWN,CONSOLIDATED,,,2023-11-15,,[],,0,UNKNOWN,NONE,UNKNOWN,,UNKNOWN,UNKNOWN,UNKNOWN,SOURCE_ERROR,,,NOT_PROCESSED_RATE_LIMIT_STOP
TCELL.IS:2023Q4,TCELL.IS,TCELL,2023Q4,2023-12-31,ANNUAL,INDUSTRIAL_OR_HOLDING,XU100.IS,UNKNOWN,CONSOLIDATED,,,2024-03-15,,[],,0,UNKNOWN,NONE,UNKNOWN,,UNKNOWN,UNKNOWN,UNKNOWN,SOURCE_ERROR,,,NOT_PROCESSED_RATE_LIMIT_STOP
TCELL.IS:2024Q1,TCELL.IS,TCELL,2024Q1,2024-03-31,INTERIM,INDUSTRIAL_OR_HOLDING,XU100.IS,UNKNOWN,CONSOLIDATED,,,2024-05-15,,[],,0,UNKNOWN,NONE,UNKNOWN,,UNKNOWN,UNKNOWN,UNKNOWN,SOURCE_ERROR,,,NOT_PROCESSED_RATE_LIMIT_STOP
TCELL.IS:2024Q2,TCELL.IS,TCELL,2024Q2,2024-06-30,INTERIM,INDUSTRIAL_OR_HOLDING,XU100.IS,UNKNOWN,CONSOLIDATED,,,2024-08-15,,[],,0,UNKNOWN,NONE,UNKNOWN,,UNKNOWN,UNKNOWN,UNKNOWN,SOURCE_ERROR,,,NOT_PROCESSED_RATE_LIMIT_STOP
TCELL.IS:2024Q3,TCELL.IS,TCELL,2024Q3,2024-09-30,INTERIM,INDUSTRIAL_OR_HOLDING,XU100.IS,UNKNOWN,CONSOLIDATED,,,2024-11-15,,[],,0,UNKNOWN,NONE,UNKNOWN,,UNKNOWN,UNKNOWN,UNKNOWN,SOURCE_ERROR,,,NOT_PROCESSED_RATE_LIMIT_STOP
TCELL.IS:2024Q4,TCELL.IS,TCELL,2024Q4,2024-12-31,ANNUAL,INDUSTRIAL_OR_HOLDING,XU100.IS,UNKNOWN,CONSOLIDATED,,,2025-03-15,,[],,0,UNKNOWN,NONE,UNKNOWN,,UNKNOWN,UNKNOWN,UNKNOWN,SOURCE_ERROR,,,NOT_PROCESSED_RATE_LIMIT_STOP
TCELL.IS:2025Q1,TCELL.IS,TCELL,2025Q1,2025-03-31,INTERIM,INDUSTRIAL_OR_HOLDING,XU100.IS,UNKNOWN,CONSOLIDATED,,,2025-05-15,,[],,0,UNKNOWN,NONE,UNKNOWN,,UNKNOWN,UNKNOWN,UNKNOWN,SOURCE_ERROR,,,NOT_PROCESSED_RATE_LIMIT_STOP
TCELL.IS:2025Q2,TCELL.IS,TCELL,2025Q2,2025-06-30,INTERIM,INDUSTRIAL_OR_HOLDING,XU100.IS,UNKNOWN,CONSOLIDATED,,,2025-08-15,,[],,0,UNKNOWN,NONE,UNKNOWN,,UNKNOWN,UNKNOWN,UNKNOWN,SOURCE_ERROR,,,NOT_PROCESSED_RATE_LIMIT_STOP
TCELL.IS:2025Q3,TCELL.IS,TCELL,2025Q3,2025-09-30,INTERIM,INDUSTRIAL_OR_HOLDING,XU100.IS,UNKNOWN,CONSOLIDATED,,,2025-11-15,,[],,0,UNKNOWN,NONE,UNKNOWN,,UNKNOWN,UNKNOWN,UNKNOWN,SOURCE_ERROR,,,NOT_PROCESSED_RATE_LIMIT_STOP
TCELL.IS:2025Q4,TCELL.IS,TCELL,2025Q4,2025-12-31,ANNUAL,INDUSTRIAL_OR_HOLDING,XU100.IS,UNKNOWN,CONSOLIDATED,,,2026-03-15,,[],,0,UNKNOWN,NONE,UNKNOWN,,UNKNOWN,UNKNOWN,UNKNOWN,SOURCE_ERROR,,,NOT_PROCESSED_RATE_LIMIT_STOP
TCELL.IS:2026Q1,TCELL.IS,TCELL,2026Q1,2026-03-31,INTERIM,INDUSTRIAL_OR_HOLDING,XU100.IS,UNKNOWN,CONSOLIDATED,,,2026-05-15,,[],,0,UNKNOWN,NONE,UNKNOWN,,UNKNOWN,UNKNOWN,UNKNOWN,SOURCE_ERROR,,,NOT_PROCESSED_RATE_LIMIT_STOP
TCELL.IS:2026Q2,TCELL.IS,TCELL,2026Q2,2026-06-30,INTERIM,INDUSTRIAL_OR_HOLDING,XU100.IS,UNKNOWN,CONSOLIDATED,,,2026-08-15,,[],,0,UNKNOWN,NONE,UNKNOWN,,UNKNOWN,UNKNOWN,UNKNOWN,SOURCE_ERROR,,,NOT_PROCESSED_RATE_LIMIT_STOP
TERA.IS:2019Q4,TERA.IS,TERA,2019Q4,2019-12-31,ANNUAL,INDUSTRIAL_OR_HOLDING,XU100.IS,UNKNOWN,CONSOLIDATED,,,2020-03-15,,[],,0,UNKNOWN,NONE,UNKNOWN,,UNKNOWN,UNKNOWN,UNKNOWN,SOURCE_ERROR,,,NOT_PROCESSED_RATE_LIMIT_STOP
TERA.IS:2020Q4,TERA.IS,TERA,2020Q4,2020-12-31,ANNUAL,INDUSTRIAL_OR_HOLDING,XU100.IS,UNKNOWN,CONSOLIDATED,,,2021-03-15,,[],,0,UNKNOWN,NONE,UNKNOWN,,UNKNOWN,UNKNOWN,UNKNOWN,SOURCE_ERROR,,,NOT_PROCESSED_RATE_LIMIT_STOP
TERA.IS:2021Q3,TERA.IS,TERA,2021Q3,2021-09-30,INTERIM,INDUSTRIAL_OR_HOLDING,XU100.IS,UNKNOWN,CONSOLIDATED,,,2021-11-15,,[],,0,UNKNOWN,NONE,UNKNOWN,,UNKNOWN,UNKNOWN,UNKNOWN,SOURCE_ERROR,,,NOT_PROCESSED_RATE_LIMIT_STOP
TERA.IS:2021Q4,TERA.IS,TERA,2021Q4,2021-12-31,ANNUAL,INDUSTRIAL_OR_HOLDING,XU100.IS,UNKNOWN,CONSOLIDATED,,,2022-03-15,,[],,0,UNKNOWN,NONE,UNKNOWN,,UNKNOWN,UNKNOWN,UNKNOWN,SOURCE_ERROR,,,NOT_PROCESSED_RATE_LIMIT_STOP
TERA.IS:2022Q1,TERA.IS,TERA,2022Q1,2022-03-31,INTERIM,INDUSTRIAL_OR_HOLDING,XU100.IS,UNKNOWN,CONSOLIDATED,,,2022-05-15,,[],,0,UNKNOWN,NONE,UNKNOWN,,UNKNOWN,UNKNOWN,UNKNOWN,SOURCE_ERROR,,,NOT_PROCESSED_RATE_LIMIT_STOP
TERA.IS:2022Q2,TERA.IS,TERA,2022Q2,2022-06-30,INTERIM,INDUSTRIAL_OR_HOLDING,XU100.IS,UNKNOWN,CONSOLIDATED,,,2022-08-15,,[],,0,UNKNOWN,NONE,UNKNOWN,,UNKNOWN,UNKNOWN,UNKNOWN,SOURCE_ERROR,,,NOT_PROCESSED_RATE_LIMIT_STOP
TERA.IS:2022Q3,TERA.IS,TERA,2022Q3,2022-09-30,INTERIM,INDUSTRIAL_OR_HOLDING,XU100.IS,UNKNOWN,CONSOLIDATED,,,2022-11-15,,[],,0,UNKNOWN,NONE,UNKNOWN,,UNKNOWN,UNKNOWN,UNKNOWN,SOURCE_ERROR,,,NOT_PROCESSED_RATE_LIMIT_STOP
TERA.IS:2022Q4,TERA.IS,TERA,2022Q4,2022-12-31,ANNUAL,INDUSTRIAL_OR_HOLDING,XU100.IS,UNKNOWN,CONSOLIDATED,,,2023-03-15,,[],,0,UNKNOWN,NONE,UNKNOWN,,UNKNOWN,UNKNOWN,UNKNOWN,SOURCE_ERROR,,,NOT_PROCESSED_RATE_LIMIT_STOP
TERA.IS:2023Q1,TERA.IS,TERA,2023Q1,2023-03-31,INTERIM,INDUSTRIAL_OR_HOLDING,XU100.IS,UNKNOWN,CONSOLIDATED,,,2023-05-15,,[],,0,UNKNOWN,NONE,UNKNOWN,,UNKNOWN,UNKNOWN,UNKNOWN,SOURCE_ERROR,,,NOT_PROCESSED_RATE_LIMIT_STOP
TERA.IS:2023Q2,TERA.IS,TERA,2023Q2,2023-06-30,INTERIM,INDUSTRIAL_OR_HOLDING,XU100.IS,UNKNOWN,CONSOLIDATED,,,2023-08-15,,[],,0,UNKNOWN,NONE,UNKNOWN,,UNKNOWN,UNKNOWN,UNKNOWN,SOURCE_ERROR,,,NOT_PROCESSED_RATE_LIMIT_STOP
TERA.IS:2023Q3,TERA.IS,TERA,2023Q3,2023-09-30,INTERIM,INDUSTRIAL_OR_HOLDING,XU100.IS,UNKNOWN,CONSOLIDATED,,,2023-11-15,,[],,0,UNKNOWN,NONE,UNKNOWN,,UNKNOWN,UNKNOWN,UNKNOWN,SOURCE_ERROR,,,NOT_PROCESSED_RATE_LIMIT_STOP
TERA.IS:2023Q4,TERA.IS,TERA,2023Q4,2023-12-31,ANNUAL,INDUSTRIAL_OR_HOLDING,XU100.IS,UNKNOWN,CONSOLIDATED,,,2024-03-15,,[],,0,UNKNOWN,NONE,UNKNOWN,,UNKNOWN,UNKNOWN,UNKNOWN,SOURCE_ERROR,,,NOT_PROCESSED_RATE_LIMIT_STOP
TERA.IS:2024Q1,TERA.IS,TERA,2024Q1,2024-03-31,INTERIM,INDUSTRIAL_OR_HOLDING,XU100.IS,UNKNOWN,CONSOLIDATED,,,2024-05-15,,[],,0,UNKNOWN,NONE,UNKNOWN,,UNKNOWN,UNKNOWN,UNKNOWN,SOURCE_ERROR,,,NOT_PROCESSED_RATE_LIMIT_STOP
TERA.IS:2024Q2,TERA.IS,TERA,2024Q2,2024-06-30,INTERIM,INDUSTRIAL_OR_HOLDING,XU100.IS,UNKNOWN,CONSOLIDATED,,,2024-08-15,,[],,0,UNKNOWN,NONE,UNKNOWN,,UNKNOWN,UNKNOWN,UNKNOWN,SOURCE_ERROR,,,NOT_PROCESSED_RATE_LIMIT_STOP
TERA.IS:2024Q3,TERA.IS,TERA,2024Q3,2024-09-30,INTERIM,INDUSTRIAL_OR_HOLDING,XU100.IS,UNKNOWN,CONSOLIDATED,,,2024-11-15,,[],,0,UNKNOWN,NONE,UNKNOWN,,UNKNOWN,UNKNOWN,UNKNOWN,SOURCE_ERROR,,,NOT_PROCESSED_RATE_LIMIT_STOP
TERA.IS:2024Q4,TERA.IS,TERA,2024Q4,2024-12-31,ANNUAL,INDUSTRIAL_OR_HOLDING,XU100.IS,UNKNOWN,CONSOLIDATED,,,2025-03-15,,[],,0,UNKNOWN,NONE,UNKNOWN,,UNKNOWN,UNKNOWN,UNKNOWN,SOURCE_ERROR,,,NOT_PROCESSED_RATE_LIMIT_STOP
TERA.IS:2025Q1,TERA.IS,TERA,2025Q1,2025-03-31,INTERIM,INDUSTRIAL_OR_HOLDING,XU100.IS,UNKNOWN,CONSOLIDATED,,,2025-05-15,,[],,0,UNKNOWN,NONE,UNKNOWN,,UNKNOWN,UNKNOWN,UNKNOWN,SOURCE_ERROR,,,NOT_PROCESSED_RATE_LIMIT_STOP
TERA.IS:2025Q2,TERA.IS,TERA,2025Q2,2025-06-30,INTERIM,INDUSTRIAL_OR_HOLDING,XU100.IS,UNKNOWN,CONSOLIDATED,,,2025-08-15,,[],,0,UNKNOWN,NONE,UNKNOWN,,UNKNOWN,UNKNOWN,UNKNOWN,SOURCE_ERROR,,,NOT_PROCESSED_RATE_LIMIT_STOP
TERA.IS:2025Q3,TERA.IS,TERA,2025Q3,2025-09-30,INTERIM,INDUSTRIAL_OR_HOLDING,XU100.IS,UNKNOWN,CONSOLIDATED,,,2025-11-15,,[],,0,UNKNOWN,NONE,UNKNOWN,,UNKNOWN,UNKNOWN,UNKNOWN,SOURCE_ERROR,,,NOT_PROCESSED_RATE_LIMIT_STOP
TERA.IS:2025Q4,TERA.IS,TERA,2025Q4,2025-12-31,ANNUAL,INDUSTRIAL_OR_HOLDING,XU100.IS,UNKNOWN,CONSOLIDATED,,,2026-03-15,,[],,0,UNKNOWN,NONE,UNKNOWN,,UNKNOWN,UNKNOWN,UNKNOWN,SOURCE_ERROR,,,NOT_PROCESSED_RATE_LIMIT_STOP
TERA.IS:2026Q1,TERA.IS,TERA,2026Q1,2026-03-31,INTERIM,INDUSTRIAL_OR_HOLDING,XU100.IS,UNKNOWN,CONSOLIDATED,,,2026-05-15,,[],,0,UNKNOWN,NONE,UNKNOWN,,UNKNOWN,UNKNOWN,UNKNOWN,SOURCE_ERROR,,,NOT_PROCESSED_RATE_LIMIT_STOP
TERA.IS:2026Q2,TERA.IS,TERA,2026Q2,2026-06-30,INTERIM,INDUSTRIAL_OR_HOLDING,XU100.IS,UNKNOWN,CONSOLIDATED,,,2026-08-15,,[],,0,UNKNOWN,NONE,UNKNOWN,,UNKNOWN,UNKNOWN,UNKNOWN,SOURCE_ERROR,,,NOT_PROCESSED_RATE_LIMIT_STOP
THYAO.IS:2018Q1,THYAO.IS,THYAO,2018Q1,2018-03-31,INTERIM,INDUSTRIAL_OR_HOLDING,XUSIN.IS,UNKNOWN,CONSOLIDATED,,,2018-05-15,,[],,0,UNKNOWN,NONE,UNKNOWN,,UNKNOWN,UNKNOWN,UNKNOWN,SOURCE_ERROR,,,NOT_PROCESSED_RATE_LIMIT_STOP
THYAO.IS:2018Q2,THYAO.IS,THYAO,2018Q2,2018-06-30,INTERIM,INDUSTRIAL_OR_HOLDING,XUSIN.IS,UNKNOWN,CONSOLIDATED,,,2018-08-15,,[],,0,UNKNOWN,NONE,UNKNOWN,,UNKNOWN,UNKNOWN,UNKNOWN,SOURCE_ERROR,,,NOT_PROCESSED_RATE_LIMIT_STOP
THYAO.IS:2018Q3,THYAO.IS,THYAO,2018Q3,2018-09-30,INTERIM,INDUSTRIAL_OR_HOLDING,XUSIN.IS,UNKNOWN,CONSOLIDATED,,,2018-11-15,,[],,0,UNKNOWN,NONE,UNKNOWN,,UNKNOWN,UNKNOWN,UNKNOWN,SOURCE_ERROR,,,NOT_PROCESSED_RATE_LIMIT_STOP
THYAO.IS:2018Q4,THYAO.IS,THYAO,2018Q4,2018-12-31,ANNUAL,INDUSTRIAL_OR_HOLDING,XUSIN.IS,UNKNOWN,CONSOLIDATED,,,2019-03-15,,[],,0,UNKNOWN,NONE,UNKNOWN,,UNKNOWN,UNKNOWN,UNKNOWN,SOURCE_ERROR,,,NOT_PROCESSED_RATE_LIMIT_STOP
THYAO.IS:2019Q1,THYAO.IS,THYAO,2019Q1,2019-03-31,INTERIM,INDUSTRIAL_OR_HOLDING,XUSIN.IS,UNKNOWN,CONSOLIDATED,,,2019-05-15,,[],,0,UNKNOWN,NONE,UNKNOWN,,UNKNOWN,UNKNOWN,UNKNOWN,SOURCE_ERROR,,,NOT_PROCESSED_RATE_LIMIT_STOP
THYAO.IS:2019Q2,THYAO.IS,THYAO,2019Q2,2019-06-30,INTERIM,INDUSTRIAL_OR_HOLDING,XUSIN.IS,UNKNOWN,CONSOLIDATED,,,2019-08-15,,[],,0,UNKNOWN,NONE,UNKNOWN,,UNKNOWN,UNKNOWN,UNKNOWN,SOURCE_ERROR,,,NOT_PROCESSED_RATE_LIMIT_STOP
THYAO.IS:2019Q3,THYAO.IS,THYAO,2019Q3,2019-09-30,INTERIM,INDUSTRIAL_OR_HOLDING,XUSIN.IS,UNKNOWN,CONSOLIDATED,,,2019-11-15,,[],,0,UNKNOWN,NONE,UNKNOWN,,UNKNOWN,UNKNOWN,UNKNOWN,SOURCE_ERROR,,,NOT_PROCESSED_RATE_LIMIT_STOP
THYAO.IS:2019Q4,THYAO.IS,THYAO,2019Q4,2019-12-31,ANNUAL,INDUSTRIAL_OR_HOLDING,XUSIN.IS,UNKNOWN,CONSOLIDATED,,,2020-03-15,,[],,0,UNKNOWN,NONE,UNKNOWN,,UNKNOWN,UNKNOWN,UNKNOWN,SOURCE_ERROR,,,NOT_PROCESSED_RATE_LIMIT_STOP
THYAO.IS:2020Q1,THYAO.IS,THYAO,2020Q1,2020-03-31,INTERIM,INDUSTRIAL_OR_HOLDING,XUSIN.IS,UNKNOWN,CONSOLIDATED,,,2020-05-15,,[],,0,UNKNOWN,NONE,UNKNOWN,,UNKNOWN,UNKNOWN,UNKNOWN,SOURCE_ERROR,,,NOT_PROCESSED_RATE_LIMIT_STOP
THYAO.IS:2020Q2,THYAO.IS,THYAO,2020Q2,2020-06-30,INTERIM,INDUSTRIAL_OR_HOLDING,XUSIN.IS,UNKNOWN,CONSOLIDATED,,,2020-08-15,,[],,0,UNKNOWN,NONE,UNKNOWN,,UNKNOWN,UNKNOWN,UNKNOWN,SOURCE_ERROR,,,NOT_PROCESSED_RATE_LIMIT_STOP
THYAO.IS:2020Q3,THYAO.IS,THYAO,2020Q3,2020-09-30,INTERIM,INDUSTRIAL_OR_HOLDING,XUSIN.IS,UNKNOWN,CONSOLIDATED,,,2020-11-15,,[],,0,UNKNOWN,NONE,UNKNOWN,,UNKNOWN,UNKNOWN,UNKNOWN,SOURCE_ERROR,,,NOT_PROCESSED_RATE_LIMIT_STOP
THYAO.IS:2020Q4,THYAO.IS,THYAO,2020Q4,2020-12-31,ANNUAL,INDUSTRIAL_OR_HOLDING,XUSIN.IS,UNKNOWN,CONSOLIDATED,,,2021-03-15,,[],,0,UNKNOWN,NONE,UNKNOWN,,UNKNOWN,UNKNOWN,UNKNOWN,SOURCE_ERROR,,,NOT_PROCESSED_RATE_LIMIT_STOP
THYAO.IS:2021Q1,THYAO.IS,THYAO,2021Q1,2021-03-31,INTERIM,INDUSTRIAL_OR_HOLDING,XUSIN.IS,UNKNOWN,CONSOLIDATED,,,2021-05-15,,[],,0,UNKNOWN,NONE,UNKNOWN,,UNKNOWN,UNKNOWN,UNKNOWN,SOURCE_ERROR,,,NOT_PROCESSED_RATE_LIMIT_STOP
THYAO.IS:2021Q2,THYAO.IS,THYAO,2021Q2,2021-06-30,INTERIM,INDUSTRIAL_OR_HOLDING,XUSIN.IS,UNKNOWN,CONSOLIDATED,,,2021-08-15,,[],,0,UNKNOWN,NONE,UNKNOWN,,UNKNOWN,UNKNOWN,UNKNOWN,SOURCE_ERROR,,,NOT_PROCESSED_RATE_LIMIT_STOP
THYAO.IS:2021Q3,THYAO.IS,THYAO,2021Q3,2021-09-30,INTERIM,INDUSTRIAL_OR_HOLDING,XUSIN.IS,UNKNOWN,CONSOLIDATED,,,2021-11-15,,[],,0,UNKNOWN,NONE,UNKNOWN,,UNKNOWN,UNKNOWN,UNKNOWN,SOURCE_ERROR,,,NOT_PROCESSED_RATE_LIMIT_STOP
THYAO.IS:2021Q4,THYAO.IS,THYAO,2021Q4,2021-12-31,ANNUAL,INDUSTRIAL_OR_HOLDING,XUSIN.IS,UNKNOWN,CONSOLIDATED,,,2022-03-15,,[],,0,UNKNOWN,NONE,UNKNOWN,,UNKNOWN,UNKNOWN,UNKNOWN,SOURCE_ERROR,,,NOT_PROCESSED_RATE_LIMIT_STOP
THYAO.IS:2022Q1,THYAO.IS,THYAO,2022Q1,2022-03-31,INTERIM,INDUSTRIAL_OR_HOLDING,XUSIN.IS,UNKNOWN,CONSOLIDATED,,,2022-05-15,,[],,0,UNKNOWN,NONE,UNKNOWN,,UNKNOWN,UNKNOWN,UNKNOWN,SOURCE_ERROR,,,NOT_PROCESSED_RATE_LIMIT_STOP
THYAO.IS:2022Q2,THYAO.IS,THYAO,2022Q2,2022-06-30,INTERIM,INDUSTRIAL_OR_HOLDING,XUSIN.IS,UNKNOWN,CONSOLIDATED,,,2022-08-15,,[],,0,UNKNOWN,NONE,UNKNOWN,,UNKNOWN,UNKNOWN,UNKNOWN,SOURCE_ERROR,,,NOT_PROCESSED_RATE_LIMIT_STOP
THYAO.IS:2022Q3,THYAO.IS,THYAO,2022Q3,2022-09-30,INTERIM,INDUSTRIAL_OR_HOLDING,XUSIN.IS,UNKNOWN,CONSOLIDATED,,,2022-11-15,,[],,0,UNKNOWN,NONE,UNKNOWN,,UNKNOWN,UNKNOWN,UNKNOWN,SOURCE_ERROR,,,NOT_PROCESSED_RATE_LIMIT_STOP
THYAO.IS:2022Q4,THYAO.IS,THYAO,2022Q4,2022-12-31,ANNUAL,INDUSTRIAL_OR_HOLDING,XUSIN.IS,UNKNOWN,CONSOLIDATED,,,2023-03-15,,[],,0,UNKNOWN,NONE,UNKNOWN,,UNKNOWN,UNKNOWN,UNKNOWN,SOURCE_ERROR,,,NOT_PROCESSED_RATE_LIMIT_STOP
THYAO.IS:2023Q1,THYAO.IS,THYAO,2023Q1,2023-03-31,INTERIM,INDUSTRIAL_OR_HOLDING,XUSIN.IS,UNKNOWN,CONSOLIDATED,,,2023-05-15,,[],,0,UNKNOWN,NONE,UNKNOWN,,UNKNOWN,UNKNOWN,UNKNOWN,SOURCE_ERROR,,,NOT_PROCESSED_RATE_LIMIT_STOP
THYAO.IS:2023Q2,THYAO.IS,THYAO,2023Q2,2023-06-30,INTERIM,INDUSTRIAL_OR_HOLDING,XUSIN.IS,UNKNOWN,CONSOLIDATED,,,2023-08-15,,[],,0,UNKNOWN,NONE,UNKNOWN,,UNKNOWN,UNKNOWN,UNKNOWN,SOURCE_ERROR,,,NOT_PROCESSED_RATE_LIMIT_STOP
THYAO.IS:2023Q3,THYAO.IS,THYAO,2023Q3,2023-09-30,INTERIM,INDUSTRIAL_OR_HOLDING,XUSIN.IS,UNKNOWN,CONSOLIDATED,,,2023-11-15,,[],,0,UNKNOWN,NONE,UNKNOWN,,UNKNOWN,UNKNOWN,UNKNOWN,SOURCE_ERROR,,,NOT_PROCESSED_RATE_LIMIT_STOP
THYAO.IS:2023Q4,THYAO.IS,THYAO,2023Q4,2023-12-31,ANNUAL,INDUSTRIAL_OR_HOLDING,XUSIN.IS,UNKNOWN,CONSOLIDATED,,,2024-03-15,,[],,0,UNKNOWN,NONE,UNKNOWN,,UNKNOWN,UNKNOWN,UNKNOWN,SOURCE_ERROR,,,NOT_PROCESSED_RATE_LIMIT_STOP
THYAO.IS:2024Q1,THYAO.IS,THYAO,2024Q1,2024-03-31,INTERIM,INDUSTRIAL_OR_HOLDING,XUSIN.IS,UNKNOWN,CONSOLIDATED,,,2024-05-15,,[],,0,UNKNOWN,NONE,UNKNOWN,,UNKNOWN,UNKNOWN,UNKNOWN,SOURCE_ERROR,,,NOT_PROCESSED_RATE_LIMIT_STOP
THYAO.IS:2024Q2,THYAO.IS,THYAO,2024Q2,2024-06-30,INTERIM,INDUSTRIAL_OR_HOLDING,XUSIN.IS,UNKNOWN,CONSOLIDATED,,,2024-08-15,,[],,0,UNKNOWN,NONE,UNKNOWN,,UNKNOWN,UNKNOWN,UNKNOWN,SOURCE_ERROR,,,NOT_PROCESSED_RATE_LIMIT_STOP
THYAO.IS:2024Q3,THYAO.IS,THYAO,2024Q3,2024-09-30,INTERIM,INDUSTRIAL_OR_HOLDING,XUSIN.IS,UNKNOWN,CONSOLIDATED,,,2024-11-15,,[],,0,UNKNOWN,NONE,UNKNOWN,,UNKNOWN,UNKNOWN,UNKNOWN,SOURCE_ERROR,,,NOT_PROCESSED_RATE_LIMIT_STOP
THYAO.IS:2024Q4,THYAO.IS,THYAO,2024Q4,2024-12-31,ANNUAL,INDUSTRIAL_OR_HOLDING,XUSIN.IS,UNKNOWN,CONSOLIDATED,,,2025-03-15,,[],,0,UNKNOWN,NONE,UNKNOWN,,UNKNOWN,UNKNOWN,UNKNOWN,SOURCE_ERROR,,,NOT_PROCESSED_RATE_LIMIT_STOP
THYAO.IS:2025Q1,THYAO.IS,THYAO,2025Q1,2025-03-31,INTERIM,INDUSTRIAL_OR_HOLDING,XUSIN.IS,UNKNOWN,CONSOLIDATED,,,2025-05-15,,[],,0,UNKNOWN,NONE,UNKNOWN,,UNKNOWN,UNKNOWN,UNKNOWN,SOURCE_ERROR,,,NOT_PROCESSED_RATE_LIMIT_STOP
THYAO.IS:2025Q2,THYAO.IS,THYAO,2025Q2,2025-06-30,INTERIM,INDUSTRIAL_OR_HOLDING,XUSIN.IS,UNKNOWN,CONSOLIDATED,,,2025-08-15,,[],,0,UNKNOWN,NONE,UNKNOWN,,UNKNOWN,UNKNOWN,UNKNOWN,SOURCE_ERROR,,,NOT_PROCESSED_RATE_LIMIT_STOP
THYAO.IS:2025Q3,THYAO.IS,THYAO,2025Q3,2025-09-30,INTERIM,INDUSTRIAL_OR_HOLDING,XUSIN.IS,UNKNOWN,CONSOLIDATED,,,2025-11-15,,[],,0,UNKNOWN,NONE,UNKNOWN,,UNKNOWN,UNKNOWN,UNKNOWN,SOURCE_ERROR,,,NOT_PROCESSED_RATE_LIMIT_STOP
THYAO.IS:2025Q4,THYAO.IS,THYAO,2025Q4,2025-12-31,ANNUAL,INDUSTRIAL_OR_HOLDING,XUSIN.IS,UNKNOWN,CONSOLIDATED,,,2026-03-15,,[],,0,UNKNOWN,NONE,UNKNOWN,,UNKNOWN,UNKNOWN,UNKNOWN,SOURCE_ERROR,,,NOT_PROCESSED_RATE_LIMIT_STOP
THYAO.IS:2026Q1,THYAO.IS,THYAO,2026Q1,2026-03-31,INTERIM,INDUSTRIAL_OR_HOLDING,XUSIN.IS,UNKNOWN,CONSOLIDATED,,,2026-05-15,,[],,0,UNKNOWN,NONE,UNKNOWN,,UNKNOWN,UNKNOWN,UNKNOWN,SOURCE_ERROR,,,NOT_PROCESSED_RATE_LIMIT_STOP
THYAO.IS:2026Q2,THYAO.IS,THYAO,2026Q2,2026-06-30,INTERIM,INDUSTRIAL_OR_HOLDING,XUSIN.IS,UNKNOWN,CONSOLIDATED,,,2026-08-15,,[],,0,UNKNOWN,NONE,UNKNOWN,,UNKNOWN,UNKNOWN,UNKNOWN,SOURCE_ERROR,,,NOT_PROCESSED_RATE_LIMIT_STOP
TKFEN.IS:2018Q1,TKFEN.IS,TKFEN,2018Q1,2018-03-31,INTERIM,INDUSTRIAL_OR_HOLDING,XUSIN.IS,UNKNOWN,CONSOLIDATED,,,2018-05-15,,[],,0,UNKNOWN,NONE,UNKNOWN,,UNKNOWN,UNKNOWN,UNKNOWN,SOURCE_ERROR,,,NOT_PROCESSED_RATE_LIMIT_STOP
TKFEN.IS:2018Q2,TKFEN.IS,TKFEN,2018Q2,2018-06-30,INTERIM,INDUSTRIAL_OR_HOLDING,XUSIN.IS,UNKNOWN,CONSOLIDATED,,,2018-08-15,,[],,0,UNKNOWN,NONE,UNKNOWN,,UNKNOWN,UNKNOWN,UNKNOWN,SOURCE_ERROR,,,NOT_PROCESSED_RATE_LIMIT_STOP
TKFEN.IS:2018Q3,TKFEN.IS,TKFEN,2018Q3,2018-09-30,INTERIM,INDUSTRIAL_OR_HOLDING,XUSIN.IS,UNKNOWN,CONSOLIDATED,,,2018-11-15,,[],,0,UNKNOWN,NONE,UNKNOWN,,UNKNOWN,UNKNOWN,UNKNOWN,SOURCE_ERROR,,,NOT_PROCESSED_RATE_LIMIT_STOP
TKFEN.IS:2018Q4,TKFEN.IS,TKFEN,2018Q4,2018-12-31,ANNUAL,INDUSTRIAL_OR_HOLDING,XUSIN.IS,UNKNOWN,CONSOLIDATED,,,2019-03-15,,[],,0,UNKNOWN,NONE,UNKNOWN,,UNKNOWN,UNKNOWN,UNKNOWN,SOURCE_ERROR,,,NOT_PROCESSED_RATE_LIMIT_STOP
TKFEN.IS:2019Q1,TKFEN.IS,TKFEN,2019Q1,2019-03-31,INTERIM,INDUSTRIAL_OR_HOLDING,XUSIN.IS,UNKNOWN,CONSOLIDATED,,,2019-05-15,,[],,0,UNKNOWN,NONE,UNKNOWN,,UNKNOWN,UNKNOWN,UNKNOWN,SOURCE_ERROR,,,NOT_PROCESSED_RATE_LIMIT_STOP
TKFEN.IS:2019Q2,TKFEN.IS,TKFEN,2019Q2,2019-06-30,INTERIM,INDUSTRIAL_OR_HOLDING,XUSIN.IS,UNKNOWN,CONSOLIDATED,,,2019-08-15,,[],,0,UNKNOWN,NONE,UNKNOWN,,UNKNOWN,UNKNOWN,UNKNOWN,SOURCE_ERROR,,,NOT_PROCESSED_RATE_LIMIT_STOP
TKFEN.IS:2019Q3,TKFEN.IS,TKFEN,2019Q3,2019-09-30,INTERIM,INDUSTRIAL_OR_HOLDING,XUSIN.IS,UNKNOWN,CONSOLIDATED,,,2019-11-15,,[],,0,UNKNOWN,NONE,UNKNOWN,,UNKNOWN,UNKNOWN,UNKNOWN,SOURCE_ERROR,,,NOT_PROCESSED_RATE_LIMIT_STOP
TKFEN.IS:2019Q4,TKFEN.IS,TKFEN,2019Q4,2019-12-31,ANNUAL,INDUSTRIAL_OR_HOLDING,XUSIN.IS,UNKNOWN,CONSOLIDATED,,,2020-03-15,,[],,0,UNKNOWN,NONE,UNKNOWN,,UNKNOWN,UNKNOWN,UNKNOWN,SOURCE_ERROR,,,NOT_PROCESSED_RATE_LIMIT_STOP
TKFEN.IS:2020Q1,TKFEN.IS,TKFEN,2020Q1,2020-03-31,INTERIM,INDUSTRIAL_OR_HOLDING,XUSIN.IS,UNKNOWN,CONSOLIDATED,,,2020-05-15,,[],,0,UNKNOWN,NONE,UNKNOWN,,UNKNOWN,UNKNOWN,UNKNOWN,SOURCE_ERROR,,,NOT_PROCESSED_RATE_LIMIT_STOP
TKFEN.IS:2020Q2,TKFEN.IS,TKFEN,2020Q2,2020-06-30,INTERIM,INDUSTRIAL_OR_HOLDING,XUSIN.IS,UNKNOWN,CONSOLIDATED,,,2020-08-15,,[],,0,UNKNOWN,NONE,UNKNOWN,,UNKNOWN,UNKNOWN,UNKNOWN,SOURCE_ERROR,,,NOT_PROCESSED_RATE_LIMIT_STOP
TKFEN.IS:2020Q3,TKFEN.IS,TKFEN,2020Q3,2020-09-30,INTERIM,INDUSTRIAL_OR_HOLDING,XUSIN.IS,UNKNOWN,CONSOLIDATED,,,2020-11-15,,[],,0,UNKNOWN,NONE,UNKNOWN,,UNKNOWN,UNKNOWN,UNKNOWN,SOURCE_ERROR,,,NOT_PROCESSED_RATE_LIMIT_STOP
TKFEN.IS:2020Q4,TKFEN.IS,TKFEN,2020Q4,2020-12-31,ANNUAL,INDUSTRIAL_OR_HOLDING,XUSIN.IS,UNKNOWN,CONSOLIDATED,,,2021-03-15,,[],,0,UNKNOWN,NONE,UNKNOWN,,UNKNOWN,UNKNOWN,UNKNOWN,SOURCE_ERROR,,,NOT_PROCESSED_RATE_LIMIT_STOP
TKFEN.IS:2021Q1,TKFEN.IS,TKFEN,2021Q1,2021-03-31,INTERIM,INDUSTRIAL_OR_HOLDING,XUSIN.IS,UNKNOWN,CONSOLIDATED,,,2021-05-15,,[],,0,UNKNOWN,NONE,UNKNOWN,,UNKNOWN,UNKNOWN,UNKNOWN,SOURCE_ERROR,,,NOT_PROCESSED_RATE_LIMIT_STOP
TKFEN.IS:2021Q2,TKFEN.IS,TKFEN,2021Q2,2021-06-30,INTERIM,INDUSTRIAL_OR_HOLDING,XUSIN.IS,UNKNOWN,CONSOLIDATED,,,2021-08-15,,[],,0,UNKNOWN,NONE,UNKNOWN,,UNKNOWN,UNKNOWN,UNKNOWN,SOURCE_ERROR,,,NOT_PROCESSED_RATE_LIMIT_STOP
TKFEN.IS:2021Q3,TKFEN.IS,TKFEN,2021Q3,2021-09-30,INTERIM,INDUSTRIAL_OR_HOLDING,XUSIN.IS,UNKNOWN,CONSOLIDATED,,,2021-11-15,,[],,0,UNKNOWN,NONE,UNKNOWN,,UNKNOWN,UNKNOWN,UNKNOWN,SOURCE_ERROR,,,NOT_PROCESSED_RATE_LIMIT_STOP
TKFEN.IS:2021Q4,TKFEN.IS,TKFEN,2021Q4,2021-12-31,ANNUAL,INDUSTRIAL_OR_HOLDING,XUSIN.IS,UNKNOWN,CONSOLIDATED,,,2022-03-15,,[],,0,UNKNOWN,NONE,UNKNOWN,,UNKNOWN,UNKNOWN,UNKNOWN,SOURCE_ERROR,,,NOT_PROCESSED_RATE_LIMIT_STOP
TKFEN.IS:2022Q1,TKFEN.IS,TKFEN,2022Q1,2022-03-31,INTERIM,INDUSTRIAL_OR_HOLDING,XUSIN.IS,UNKNOWN,CONSOLIDATED,,,2022-05-15,,[],,0,UNKNOWN,NONE,UNKNOWN,,UNKNOWN,UNKNOWN,UNKNOWN,SOURCE_ERROR,,,NOT_PROCESSED_RATE_LIMIT_STOP
TKFEN.IS:2022Q2,TKFEN.IS,TKFEN,2022Q2,2022-06-30,INTERIM,INDUSTRIAL_OR_HOLDING,XUSIN.IS,UNKNOWN,CONSOLIDATED,,,2022-08-15,,[],,0,UNKNOWN,NONE,UNKNOWN,,UNKNOWN,UNKNOWN,UNKNOWN,SOURCE_ERROR,,,NOT_PROCESSED_RATE_LIMIT_STOP
TKFEN.IS:2022Q3,TKFEN.IS,TKFEN,2022Q3,2022-09-30,INTERIM,INDUSTRIAL_OR_HOLDING,XUSIN.IS,UNKNOWN,CONSOLIDATED,,,2022-11-15,,[],,0,UNKNOWN,NONE,UNKNOWN,,UNKNOWN,UNKNOWN,UNKNOWN,SOURCE_ERROR,,,NOT_PROCESSED_RATE_LIMIT_STOP
TKFEN.IS:2022Q4,TKFEN.IS,TKFEN,2022Q4,2022-12-31,ANNUAL,INDUSTRIAL_OR_HOLDING,XUSIN.IS,UNKNOWN,CONSOLIDATED,,,2023-03-15,,[],,0,UNKNOWN,NONE,UNKNOWN,,UNKNOWN,UNKNOWN,UNKNOWN,SOURCE_ERROR,,,NOT_PROCESSED_RATE_LIMIT_STOP
TKFEN.IS:2023Q1,TKFEN.IS,TKFEN,2023Q1,2023-03-31,INTERIM,INDUSTRIAL_OR_HOLDING,XUSIN.IS,UNKNOWN,CONSOLIDATED,,,2023-05-15,,[],,0,UNKNOWN,NONE,UNKNOWN,,UNKNOWN,UNKNOWN,UNKNOWN,SOURCE_ERROR,,,NOT_PROCESSED_RATE_LIMIT_STOP
TKFEN.IS:2023Q2,TKFEN.IS,TKFEN,2023Q2,2023-06-30,INTERIM,INDUSTRIAL_OR_HOLDING,XUSIN.IS,UNKNOWN,CONSOLIDATED,,,2023-08-15,,[],,0,UNKNOWN,NONE,UNKNOWN,,UNKNOWN,UNKNOWN,UNKNOWN,SOURCE_ERROR,,,NOT_PROCESSED_RATE_LIMIT_STOP
TKFEN.IS:2023Q3,TKFEN.IS,TKFEN,2023Q3,2023-09-30,INTERIM,INDUSTRIAL_OR_HOLDING,XUSIN.IS,UNKNOWN,CONSOLIDATED,,,2023-11-15,,[],,0,UNKNOWN,NONE,UNKNOWN,,UNKNOWN,UNKNOWN,UNKNOWN,SOURCE_ERROR,,,NOT_PROCESSED_RATE_LIMIT_STOP
TKFEN.IS:2023Q4,TKFEN.IS,TKFEN,2023Q4,2023-12-31,ANNUAL,INDUSTRIAL_OR_HOLDING,XUSIN.IS,UNKNOWN,CONSOLIDATED,,,2024-03-15,,[],,0,UNKNOWN,NONE,UNKNOWN,,UNKNOWN,UNKNOWN,UNKNOWN,SOURCE_ERROR,,,NOT_PROCESSED_RATE_LIMIT_STOP
TKFEN.IS:2024Q1,TKFEN.IS,TKFEN,2024Q1,2024-03-31,INTERIM,INDUSTRIAL_OR_HOLDING,XUSIN.IS,UNKNOWN,CONSOLIDATED,,,2024-05-15,,[],,0,UNKNOWN,NONE,UNKNOWN,,UNKNOWN,UNKNOWN,UNKNOWN,SOURCE_ERROR,,,NOT_PROCESSED_RATE_LIMIT_STOP
TKFEN.IS:2024Q2,TKFEN.IS,TKFEN,2024Q2,2024-06-30,INTERIM,INDUSTRIAL_OR_HOLDING,XUSIN.IS,UNKNOWN,CONSOLIDATED,,,2024-08-15,,[],,0,UNKNOWN,NONE,UNKNOWN,,UNKNOWN,UNKNOWN,UNKNOWN,SOURCE_ERROR,,,NOT_PROCESSED_RATE_LIMIT_STOP
TKFEN.IS:2024Q3,TKFEN.IS,TKFEN,2024Q3,2024-09-30,INTERIM,INDUSTRIAL_OR_HOLDING,XUSIN.IS,UNKNOWN,CONSOLIDATED,,,2024-11-15,,[],,0,UNKNOWN,NONE,UNKNOWN,,UNKNOWN,UNKNOWN,UNKNOWN,SOURCE_ERROR,,,NOT_PROCESSED_RATE_LIMIT_STOP
TKFEN.IS:2024Q4,TKFEN.IS,TKFEN,2024Q4,2024-12-31,ANNUAL,INDUSTRIAL_OR_HOLDING,XUSIN.IS,UNKNOWN,CONSOLIDATED,,,2025-03-15,,[],,0,UNKNOWN,NONE,UNKNOWN,,UNKNOWN,UNKNOWN,UNKNOWN,SOURCE_ERROR,,,NOT_PROCESSED_RATE_LIMIT_STOP
TKFEN.IS:2025Q1,TKFEN.IS,TKFEN,2025Q1,2025-03-31,INTERIM,INDUSTRIAL_OR_HOLDING,XUSIN.IS,UNKNOWN,CONSOLIDATED,,,2025-05-15,,[],,0,UNKNOWN,NONE,UNKNOWN,,UNKNOWN,UNKNOWN,UNKNOWN,SOURCE_ERROR,,,NOT_PROCESSED_RATE_LIMIT_STOP
TKFEN.IS:2025Q2,TKFEN.IS,TKFEN,2025Q2,2025-06-30,INTERIM,INDUSTRIAL_OR_HOLDING,XUSIN.IS,UNKNOWN,CONSOLIDATED,,,2025-08-15,,[],,0,UNKNOWN,NONE,UNKNOWN,,UNKNOWN,UNKNOWN,UNKNOWN,SOURCE_ERROR,,,NOT_PROCESSED_RATE_LIMIT_STOP
TKFEN.IS:2025Q3,TKFEN.IS,TKFEN,2025Q3,2025-09-30,INTERIM,INDUSTRIAL_OR_HOLDING,XUSIN.IS,UNKNOWN,CONSOLIDATED,,,2025-11-15,,[],,0,UNKNOWN,NONE,UNKNOWN,,UNKNOWN,UNKNOWN,UNKNOWN,SOURCE_ERROR,,,NOT_PROCESSED_RATE_LIMIT_STOP
TKFEN.IS:2025Q4,TKFEN.IS,TKFEN,2025Q4,2025-12-31,ANNUAL,INDUSTRIAL_OR_HOLDING,XUSIN.IS,UNKNOWN,CONSOLIDATED,,,2026-03-15,,[],,0,UNKNOWN,NONE,UNKNOWN,,UNKNOWN,UNKNOWN,UNKNOWN,SOURCE_ERROR,,,NOT_PROCESSED_RATE_LIMIT_STOP
TKFEN.IS:2026Q1,TKFEN.IS,TKFEN,2026Q1,2026-03-31,INTERIM,INDUSTRIAL_OR_HOLDING,XUSIN.IS,UNKNOWN,CONSOLIDATED,,,2026-05-15,,[],,0,UNKNOWN,NONE,UNKNOWN,,UNKNOWN,UNKNOWN,UNKNOWN,SOURCE_ERROR,,,NOT_PROCESSED_RATE_LIMIT_STOP
TOASO.IS:2018Q1,TOASO.IS,TOASO,2018Q1,2018-03-31,INTERIM,INDUSTRIAL_OR_HOLDING,XUSIN.IS,UNKNOWN,CONSOLIDATED,,,2018-05-15,,[],,0,UNKNOWN,NONE,UNKNOWN,,UNKNOWN,UNKNOWN,UNKNOWN,SOURCE_ERROR,,,NOT_PROCESSED_RATE_LIMIT_STOP
TOASO.IS:2018Q2,TOASO.IS,TOASO,2018Q2,2018-06-30,INTERIM,INDUSTRIAL_OR_HOLDING,XUSIN.IS,UNKNOWN,CONSOLIDATED,,,2018-08-15,,[],,0,UNKNOWN,NONE,UNKNOWN,,UNKNOWN,UNKNOWN,UNKNOWN,SOURCE_ERROR,,,NOT_PROCESSED_RATE_LIMIT_STOP
TOASO.IS:2018Q3,TOASO.IS,TOASO,2018Q3,2018-09-30,INTERIM,INDUSTRIAL_OR_HOLDING,XUSIN.IS,UNKNOWN,CONSOLIDATED,,,2018-11-15,,[],,0,UNKNOWN,NONE,UNKNOWN,,UNKNOWN,UNKNOWN,UNKNOWN,SOURCE_ERROR,,,NOT_PROCESSED_RATE_LIMIT_STOP
TOASO.IS:2018Q4,TOASO.IS,TOASO,2018Q4,2018-12-31,ANNUAL,INDUSTRIAL_OR_HOLDING,XUSIN.IS,UNKNOWN,CONSOLIDATED,,,2019-03-15,,[],,0,UNKNOWN,NONE,UNKNOWN,,UNKNOWN,UNKNOWN,UNKNOWN,SOURCE_ERROR,,,NOT_PROCESSED_RATE_LIMIT_STOP
TOASO.IS:2019Q1,TOASO.IS,TOASO,2019Q1,2019-03-31,INTERIM,INDUSTRIAL_OR_HOLDING,XUSIN.IS,UNKNOWN,CONSOLIDATED,,,2019-05-15,,[],,0,UNKNOWN,NONE,UNKNOWN,,UNKNOWN,UNKNOWN,UNKNOWN,SOURCE_ERROR,,,NOT_PROCESSED_RATE_LIMIT_STOP
TOASO.IS:2019Q2,TOASO.IS,TOASO,2019Q2,2019-06-30,INTERIM,INDUSTRIAL_OR_HOLDING,XUSIN.IS,UNKNOWN,CONSOLIDATED,,,2019-08-15,,[],,0,UNKNOWN,NONE,UNKNOWN,,UNKNOWN,UNKNOWN,UNKNOWN,SOURCE_ERROR,,,NOT_PROCESSED_RATE_LIMIT_STOP
TOASO.IS:2019Q3,TOASO.IS,TOASO,2019Q3,2019-09-30,INTERIM,INDUSTRIAL_OR_HOLDING,XUSIN.IS,UNKNOWN,CONSOLIDATED,,,2019-11-15,,[],,0,UNKNOWN,NONE,UNKNOWN,,UNKNOWN,UNKNOWN,UNKNOWN,SOURCE_ERROR,,,NOT_PROCESSED_RATE_LIMIT_STOP
TOASO.IS:2019Q4,TOASO.IS,TOASO,2019Q4,2019-12-31,ANNUAL,INDUSTRIAL_OR_HOLDING,XUSIN.IS,UNKNOWN,CONSOLIDATED,,,2020-03-15,,[],,0,UNKNOWN,NONE,UNKNOWN,,UNKNOWN,UNKNOWN,UNKNOWN,SOURCE_ERROR,,,NOT_PROCESSED_RATE_LIMIT_STOP
TOASO.IS:2020Q1,TOASO.IS,TOASO,2020Q1,2020-03-31,INTERIM,INDUSTRIAL_OR_HOLDING,XUSIN.IS,UNKNOWN,CONSOLIDATED,,,2020-05-15,,[],,0,UNKNOWN,NONE,UNKNOWN,,UNKNOWN,UNKNOWN,UNKNOWN,SOURCE_ERROR,,,NOT_PROCESSED_RATE_LIMIT_STOP
TOASO.IS:2020Q2,TOASO.IS,TOASO,2020Q2,2020-06-30,INTERIM,INDUSTRIAL_OR_HOLDING,XUSIN.IS,UNKNOWN,CONSOLIDATED,,,2020-08-15,,[],,0,UNKNOWN,NONE,UNKNOWN,,UNKNOWN,UNKNOWN,UNKNOWN,SOURCE_ERROR,,,NOT_PROCESSED_RATE_LIMIT_STOP
TOASO.IS:2020Q3,TOASO.IS,TOASO,2020Q3,2020-09-30,INTERIM,INDUSTRIAL_OR_HOLDING,XUSIN.IS,UNKNOWN,CONSOLIDATED,,,2020-11-15,,[],,0,UNKNOWN,NONE,UNKNOWN,,UNKNOWN,UNKNOWN,UNKNOWN,SOURCE_ERROR,,,NOT_PROCESSED_RATE_LIMIT_STOP
TOASO.IS:2020Q4,TOASO.IS,TOASO,2020Q4,2020-12-31,ANNUAL,INDUSTRIAL_OR_HOLDING,XUSIN.IS,UNKNOWN,CONSOLIDATED,,,2021-03-15,,[],,0,UNKNOWN,NONE,UNKNOWN,,UNKNOWN,UNKNOWN,UNKNOWN,SOURCE_ERROR,,,NOT_PROCESSED_RATE_LIMIT_STOP
TOASO.IS:2021Q1,TOASO.IS,TOASO,2021Q1,2021-03-31,INTERIM,INDUSTRIAL_OR_HOLDING,XUSIN.IS,UNKNOWN,CONSOLIDATED,,,2021-05-15,,[],,0,UNKNOWN,NONE,UNKNOWN,,UNKNOWN,UNKNOWN,UNKNOWN,SOURCE_ERROR,,,NOT_PROCESSED_RATE_LIMIT_STOP
TOASO.IS:2021Q2,TOASO.IS,TOASO,2021Q2,2021-06-30,INTERIM,INDUSTRIAL_OR_HOLDING,XUSIN.IS,UNKNOWN,CONSOLIDATED,,,2021-08-15,,[],,0,UNKNOWN,NONE,UNKNOWN,,UNKNOWN,UNKNOWN,UNKNOWN,SOURCE_ERROR,,,NOT_PROCESSED_RATE_LIMIT_STOP
TOASO.IS:2021Q3,TOASO.IS,TOASO,2021Q3,2021-09-30,INTERIM,INDUSTRIAL_OR_HOLDING,XUSIN.IS,UNKNOWN,CONSOLIDATED,,,2021-11-15,,[],,0,UNKNOWN,NONE,UNKNOWN,,UNKNOWN,UNKNOWN,UNKNOWN,SOURCE_ERROR,,,NOT_PROCESSED_RATE_LIMIT_STOP
TOASO.IS:2021Q4,TOASO.IS,TOASO,2021Q4,2021-12-31,ANNUAL,INDUSTRIAL_OR_HOLDING,XUSIN.IS,UNKNOWN,CONSOLIDATED,,,2022-03-15,,[],,0,UNKNOWN,NONE,UNKNOWN,,UNKNOWN,UNKNOWN,UNKNOWN,SOURCE_ERROR,,,NOT_PROCESSED_RATE_LIMIT_STOP
TOASO.IS:2022Q1,TOASO.IS,TOASO,2022Q1,2022-03-31,INTERIM,INDUSTRIAL_OR_HOLDING,XUSIN.IS,UNKNOWN,CONSOLIDATED,,,2022-05-15,,[],,0,UNKNOWN,NONE,UNKNOWN,,UNKNOWN,UNKNOWN,UNKNOWN,SOURCE_ERROR,,,NOT_PROCESSED_RATE_LIMIT_STOP
TOASO.IS:2022Q2,TOASO.IS,TOASO,2022Q2,2022-06-30,INTERIM,INDUSTRIAL_OR_HOLDING,XUSIN.IS,UNKNOWN,CONSOLIDATED,,,2022-08-15,,[],,0,UNKNOWN,NONE,UNKNOWN,,UNKNOWN,UNKNOWN,UNKNOWN,SOURCE_ERROR,,,NOT_PROCESSED_RATE_LIMIT_STOP
TOASO.IS:2022Q3,TOASO.IS,TOASO,2022Q3,2022-09-30,INTERIM,INDUSTRIAL_OR_HOLDING,XUSIN.IS,UNKNOWN,CONSOLIDATED,,,2022-11-15,,[],,0,UNKNOWN,NONE,UNKNOWN,,UNKNOWN,UNKNOWN,UNKNOWN,SOURCE_ERROR,,,NOT_PROCESSED_RATE_LIMIT_STOP
TOASO.IS:2022Q4,TOASO.IS,TOASO,2022Q4,2022-12-31,ANNUAL,INDUSTRIAL_OR_HOLDING,XUSIN.IS,UNKNOWN,CONSOLIDATED,,,2023-03-15,,[],,0,UNKNOWN,NONE,UNKNOWN,,UNKNOWN,UNKNOWN,UNKNOWN,SOURCE_ERROR,,,NOT_PROCESSED_RATE_LIMIT_STOP
TOASO.IS:2023Q1,TOASO.IS,TOASO,2023Q1,2023-03-31,INTERIM,INDUSTRIAL_OR_HOLDING,XUSIN.IS,UNKNOWN,CONSOLIDATED,,,2023-05-15,,[],,0,UNKNOWN,NONE,UNKNOWN,,UNKNOWN,UNKNOWN,UNKNOWN,SOURCE_ERROR,,,NOT_PROCESSED_RATE_LIMIT_STOP
TOASO.IS:2023Q2,TOASO.IS,TOASO,2023Q2,2023-06-30,INTERIM,INDUSTRIAL_OR_HOLDING,XUSIN.IS,UNKNOWN,CONSOLIDATED,,,2023-08-15,,[],,0,UNKNOWN,NONE,UNKNOWN,,UNKNOWN,UNKNOWN,UNKNOWN,SOURCE_ERROR,,,NOT_PROCESSED_RATE_LIMIT_STOP
TOASO.IS:2023Q3,TOASO.IS,TOASO,2023Q3,2023-09-30,INTERIM,INDUSTRIAL_OR_HOLDING,XUSIN.IS,UNKNOWN,CONSOLIDATED,,,2023-11-15,,[],,0,UNKNOWN,NONE,UNKNOWN,,UNKNOWN,UNKNOWN,UNKNOWN,SOURCE_ERROR,,,NOT_PROCESSED_RATE_LIMIT_STOP
TOASO.IS:2023Q4,TOASO.IS,TOASO,2023Q4,2023-12-31,ANNUAL,INDUSTRIAL_OR_HOLDING,XUSIN.IS,UNKNOWN,CONSOLIDATED,,,2024-03-15,,[],,0,UNKNOWN,NONE,UNKNOWN,,UNKNOWN,UNKNOWN,UNKNOWN,SOURCE_ERROR,,,NOT_PROCESSED_RATE_LIMIT_STOP
TOASO.IS:2024Q1,TOASO.IS,TOASO,2024Q1,2024-03-31,INTERIM,INDUSTRIAL_OR_HOLDING,XUSIN.IS,UNKNOWN,CONSOLIDATED,,,2024-05-15,,[],,0,UNKNOWN,NONE,UNKNOWN,,UNKNOWN,UNKNOWN,UNKNOWN,SOURCE_ERROR,,,NOT_PROCESSED_RATE_LIMIT_STOP
TOASO.IS:2024Q2,TOASO.IS,TOASO,2024Q2,2024-06-30,INTERIM,INDUSTRIAL_OR_HOLDING,XUSIN.IS,UNKNOWN,CONSOLIDATED,,,2024-08-15,,[],,0,UNKNOWN,NONE,UNKNOWN,,UNKNOWN,UNKNOWN,UNKNOWN,SOURCE_ERROR,,,NOT_PROCESSED_RATE_LIMIT_STOP
TOASO.IS:2024Q3,TOASO.IS,TOASO,2024Q3,2024-09-30,INTERIM,INDUSTRIAL_OR_HOLDING,XUSIN.IS,UNKNOWN,CONSOLIDATED,,,2024-11-15,,[],,0,UNKNOWN,NONE,UNKNOWN,,UNKNOWN,UNKNOWN,UNKNOWN,SOURCE_ERROR,,,NOT_PROCESSED_RATE_LIMIT_STOP
TOASO.IS:2024Q4,TOASO.IS,TOASO,2024Q4,2024-12-31,ANNUAL,INDUSTRIAL_OR_HOLDING,XUSIN.IS,UNKNOWN,CONSOLIDATED,,,2025-03-15,,[],,0,UNKNOWN,NONE,UNKNOWN,,UNKNOWN,UNKNOWN,UNKNOWN,SOURCE_ERROR,,,NOT_PROCESSED_RATE_LIMIT_STOP
TOASO.IS:2025Q1,TOASO.IS,TOASO,2025Q1,2025-03-31,INTERIM,INDUSTRIAL_OR_HOLDING,XUSIN.IS,UNKNOWN,CONSOLIDATED,,,2025-05-15,,[],,0,UNKNOWN,NONE,UNKNOWN,,UNKNOWN,UNKNOWN,UNKNOWN,SOURCE_ERROR,,,NOT_PROCESSED_RATE_LIMIT_STOP
TOASO.IS:2025Q2,TOASO.IS,TOASO,2025Q2,2025-06-30,INTERIM,INDUSTRIAL_OR_HOLDING,XUSIN.IS,UNKNOWN,CONSOLIDATED,,,2025-08-15,,[],,0,UNKNOWN,NONE,UNKNOWN,,UNKNOWN,UNKNOWN,UNKNOWN,SOURCE_ERROR,,,NOT_PROCESSED_RATE_LIMIT_STOP
TOASO.IS:2025Q3,TOASO.IS,TOASO,2025Q3,2025-09-30,INTERIM,INDUSTRIAL_OR_HOLDING,XUSIN.IS,UNKNOWN,CONSOLIDATED,,,2025-11-15,,[],,0,UNKNOWN,NONE,UNKNOWN,,UNKNOWN,UNKNOWN,UNKNOWN,SOURCE_ERROR,,,NOT_PROCESSED_RATE_LIMIT_STOP
TOASO.IS:2025Q4,TOASO.IS,TOASO,2025Q4,2025-12-31,ANNUAL,INDUSTRIAL_OR_HOLDING,XUSIN.IS,UNKNOWN,CONSOLIDATED,,,2026-03-15,,[],,0,UNKNOWN,NONE,UNKNOWN,,UNKNOWN,UNKNOWN,UNKNOWN,SOURCE_ERROR,,,NOT_PROCESSED_RATE_LIMIT_STOP
TOASO.IS:2026Q1,TOASO.IS,TOASO,2026Q1,2026-03-31,INTERIM,INDUSTRIAL_OR_HOLDING,XUSIN.IS,UNKNOWN,CONSOLIDATED,,,2026-05-15,,[],,0,UNKNOWN,NONE,UNKNOWN,,UNKNOWN,UNKNOWN,UNKNOWN,SOURCE_ERROR,,,NOT_PROCESSED_RATE_LIMIT_STOP
TOASO.IS:2026Q2,TOASO.IS,TOASO,2026Q2,2026-06-30,INTERIM,INDUSTRIAL_OR_HOLDING,XUSIN.IS,UNKNOWN,CONSOLIDATED,,,2026-08-15,,[],,0,UNKNOWN,NONE,UNKNOWN,,UNKNOWN,UNKNOWN,UNKNOWN,SOURCE_ERROR,,,NOT_PROCESSED_RATE_LIMIT_STOP
TRGYO.IS:2018Q1,TRGYO.IS,TRGYO,2018Q1,2018-03-31,INTERIM,INDUSTRIAL_OR_HOLDING,XU100.IS,UNKNOWN,CONSOLIDATED,,,2018-05-15,,[],,0,UNKNOWN,NONE,UNKNOWN,,UNKNOWN,UNKNOWN,UNKNOWN,SOURCE_ERROR,,,NOT_PROCESSED_RATE_LIMIT_STOP
TRGYO.IS:2018Q2,TRGYO.IS,TRGYO,2018Q2,2018-06-30,INTERIM,INDUSTRIAL_OR_HOLDING,XU100.IS,UNKNOWN,CONSOLIDATED,,,2018-08-15,,[],,0,UNKNOWN,NONE,UNKNOWN,,UNKNOWN,UNKNOWN,UNKNOWN,SOURCE_ERROR,,,NOT_PROCESSED_RATE_LIMIT_STOP
TRGYO.IS:2018Q3,TRGYO.IS,TRGYO,2018Q3,2018-09-30,INTERIM,INDUSTRIAL_OR_HOLDING,XU100.IS,UNKNOWN,CONSOLIDATED,,,2018-11-15,,[],,0,UNKNOWN,NONE,UNKNOWN,,UNKNOWN,UNKNOWN,UNKNOWN,SOURCE_ERROR,,,NOT_PROCESSED_RATE_LIMIT_STOP
TRGYO.IS:2018Q4,TRGYO.IS,TRGYO,2018Q4,2018-12-31,ANNUAL,INDUSTRIAL_OR_HOLDING,XU100.IS,UNKNOWN,CONSOLIDATED,,,2019-03-15,,[],,0,UNKNOWN,NONE,UNKNOWN,,UNKNOWN,UNKNOWN,UNKNOWN,SOURCE_ERROR,,,NOT_PROCESSED_RATE_LIMIT_STOP
TRGYO.IS:2019Q1,TRGYO.IS,TRGYO,2019Q1,2019-03-31,INTERIM,INDUSTRIAL_OR_HOLDING,XU100.IS,UNKNOWN,CONSOLIDATED,,,2019-05-15,,[],,0,UNKNOWN,NONE,UNKNOWN,,UNKNOWN,UNKNOWN,UNKNOWN,SOURCE_ERROR,,,NOT_PROCESSED_RATE_LIMIT_STOP
TRGYO.IS:2019Q2,TRGYO.IS,TRGYO,2019Q2,2019-06-30,INTERIM,INDUSTRIAL_OR_HOLDING,XU100.IS,UNKNOWN,CONSOLIDATED,,,2019-08-15,,[],,0,UNKNOWN,NONE,UNKNOWN,,UNKNOWN,UNKNOWN,UNKNOWN,SOURCE_ERROR,,,NOT_PROCESSED_RATE_LIMIT_STOP
TRGYO.IS:2019Q3,TRGYO.IS,TRGYO,2019Q3,2019-09-30,INTERIM,INDUSTRIAL_OR_HOLDING,XU100.IS,UNKNOWN,CONSOLIDATED,,,2019-11-15,,[],,0,UNKNOWN,NONE,UNKNOWN,,UNKNOWN,UNKNOWN,UNKNOWN,SOURCE_ERROR,,,NOT_PROCESSED_RATE_LIMIT_STOP
TRGYO.IS:2019Q4,TRGYO.IS,TRGYO,2019Q4,2019-12-31,ANNUAL,INDUSTRIAL_OR_HOLDING,XU100.IS,UNKNOWN,CONSOLIDATED,,,2020-03-15,,[],,0,UNKNOWN,NONE,UNKNOWN,,UNKNOWN,UNKNOWN,UNKNOWN,SOURCE_ERROR,,,NOT_PROCESSED_RATE_LIMIT_STOP
TRGYO.IS:2020Q1,TRGYO.IS,TRGYO,2020Q1,2020-03-31,INTERIM,INDUSTRIAL_OR_HOLDING,XU100.IS,UNKNOWN,CONSOLIDATED,,,2020-05-15,,[],,0,UNKNOWN,NONE,UNKNOWN,,UNKNOWN,UNKNOWN,UNKNOWN,SOURCE_ERROR,,,NOT_PROCESSED_RATE_LIMIT_STOP
TRGYO.IS:2020Q2,TRGYO.IS,TRGYO,2020Q2,2020-06-30,INTERIM,INDUSTRIAL_OR_HOLDING,XU100.IS,UNKNOWN,CONSOLIDATED,,,2020-08-15,,[],,0,UNKNOWN,NONE,UNKNOWN,,UNKNOWN,UNKNOWN,UNKNOWN,SOURCE_ERROR,,,NOT_PROCESSED_RATE_LIMIT_STOP
TRGYO.IS:2020Q3,TRGYO.IS,TRGYO,2020Q3,2020-09-30,INTERIM,INDUSTRIAL_OR_HOLDING,XU100.IS,UNKNOWN,CONSOLIDATED,,,2020-11-15,,[],,0,UNKNOWN,NONE,UNKNOWN,,UNKNOWN,UNKNOWN,UNKNOWN,SOURCE_ERROR,,,NOT_PROCESSED_RATE_LIMIT_STOP
TRGYO.IS:2020Q4,TRGYO.IS,TRGYO,2020Q4,2020-12-31,ANNUAL,INDUSTRIAL_OR_HOLDING,XU100.IS,UNKNOWN,CONSOLIDATED,,,2021-03-15,,[],,0,UNKNOWN,NONE,UNKNOWN,,UNKNOWN,UNKNOWN,UNKNOWN,SOURCE_ERROR,,,NOT_PROCESSED_RATE_LIMIT_STOP
TRGYO.IS:2021Q1,TRGYO.IS,TRGYO,2021Q1,2021-03-31,INTERIM,INDUSTRIAL_OR_HOLDING,XU100.IS,UNKNOWN,CONSOLIDATED,,,2021-05-15,,[],,0,UNKNOWN,NONE,UNKNOWN,,UNKNOWN,UNKNOWN,UNKNOWN,SOURCE_ERROR,,,NOT_PROCESSED_RATE_LIMIT_STOP
TRGYO.IS:2021Q2,TRGYO.IS,TRGYO,2021Q2,2021-06-30,INTERIM,INDUSTRIAL_OR_HOLDING,XU100.IS,UNKNOWN,CONSOLIDATED,,,2021-08-15,,[],,0,UNKNOWN,NONE,UNKNOWN,,UNKNOWN,UNKNOWN,UNKNOWN,SOURCE_ERROR,,,NOT_PROCESSED_RATE_LIMIT_STOP
TRGYO.IS:2021Q3,TRGYO.IS,TRGYO,2021Q3,2021-09-30,INTERIM,INDUSTRIAL_OR_HOLDING,XU100.IS,UNKNOWN,CONSOLIDATED,,,2021-11-15,,[],,0,UNKNOWN,NONE,UNKNOWN,,UNKNOWN,UNKNOWN,UNKNOWN,SOURCE_ERROR,,,NOT_PROCESSED_RATE_LIMIT_STOP
TRGYO.IS:2021Q4,TRGYO.IS,TRGYO,2021Q4,2021-12-31,ANNUAL,INDUSTRIAL_OR_HOLDING,XU100.IS,UNKNOWN,CONSOLIDATED,,,2022-03-15,,[],,0,UNKNOWN,NONE,UNKNOWN,,UNKNOWN,UNKNOWN,UNKNOWN,SOURCE_ERROR,,,NOT_PROCESSED_RATE_LIMIT_STOP
TRGYO.IS:2022Q1,TRGYO.IS,TRGYO,2022Q1,2022-03-31,INTERIM,INDUSTRIAL_OR_HOLDING,XU100.IS,UNKNOWN,CONSOLIDATED,,,2022-05-15,,[],,0,UNKNOWN,NONE,UNKNOWN,,UNKNOWN,UNKNOWN,UNKNOWN,SOURCE_ERROR,,,NOT_PROCESSED_RATE_LIMIT_STOP
TRGYO.IS:2022Q2,TRGYO.IS,TRGYO,2022Q2,2022-06-30,INTERIM,INDUSTRIAL_OR_HOLDING,XU100.IS,UNKNOWN,CONSOLIDATED,,,2022-08-15,,[],,0,UNKNOWN,NONE,UNKNOWN,,UNKNOWN,UNKNOWN,UNKNOWN,SOURCE_ERROR,,,NOT_PROCESSED_RATE_LIMIT_STOP
TRGYO.IS:2022Q3,TRGYO.IS,TRGYO,2022Q3,2022-09-30,INTERIM,INDUSTRIAL_OR_HOLDING,XU100.IS,UNKNOWN,CONSOLIDATED,,,2022-11-15,,[],,0,UNKNOWN,NONE,UNKNOWN,,UNKNOWN,UNKNOWN,UNKNOWN,SOURCE_ERROR,,,NOT_PROCESSED_RATE_LIMIT_STOP
TRGYO.IS:2022Q4,TRGYO.IS,TRGYO,2022Q4,2022-12-31,ANNUAL,INDUSTRIAL_OR_HOLDING,XU100.IS,UNKNOWN,CONSOLIDATED,,,2023-03-15,,[],,0,UNKNOWN,NONE,UNKNOWN,,UNKNOWN,UNKNOWN,UNKNOWN,SOURCE_ERROR,,,NOT_PROCESSED_RATE_LIMIT_STOP
TRGYO.IS:2023Q1,TRGYO.IS,TRGYO,2023Q1,2023-03-31,INTERIM,INDUSTRIAL_OR_HOLDING,XU100.IS,UNKNOWN,CONSOLIDATED,,,2023-05-15,,[],,0,UNKNOWN,NONE,UNKNOWN,,UNKNOWN,UNKNOWN,UNKNOWN,SOURCE_ERROR,,,NOT_PROCESSED_RATE_LIMIT_STOP
TRGYO.IS:2023Q2,TRGYO.IS,TRGYO,2023Q2,2023-06-30,INTERIM,INDUSTRIAL_OR_HOLDING,XU100.IS,UNKNOWN,CONSOLIDATED,,,2023-08-15,,[],,0,UNKNOWN,NONE,UNKNOWN,,UNKNOWN,UNKNOWN,UNKNOWN,SOURCE_ERROR,,,NOT_PROCESSED_RATE_LIMIT_STOP
TRGYO.IS:2023Q3,TRGYO.IS,TRGYO,2023Q3,2023-09-30,INTERIM,INDUSTRIAL_OR_HOLDING,XU100.IS,UNKNOWN,CONSOLIDATED,,,2023-11-15,,[],,0,UNKNOWN,NONE,UNKNOWN,,UNKNOWN,UNKNOWN,UNKNOWN,SOURCE_ERROR,,,NOT_PROCESSED_RATE_LIMIT_STOP
TRGYO.IS:2023Q4,TRGYO.IS,TRGYO,2023Q4,2023-12-31,ANNUAL,INDUSTRIAL_OR_HOLDING,XU100.IS,UNKNOWN,CONSOLIDATED,,,2024-03-15,,[],,0,UNKNOWN,NONE,UNKNOWN,,UNKNOWN,UNKNOWN,UNKNOWN,SOURCE_ERROR,,,NOT_PROCESSED_RATE_LIMIT_STOP
TRGYO.IS:2024Q1,TRGYO.IS,TRGYO,2024Q1,2024-03-31,INTERIM,INDUSTRIAL_OR_HOLDING,XU100.IS,UNKNOWN,CONSOLIDATED,,,2024-05-15,,[],,0,UNKNOWN,NONE,UNKNOWN,,UNKNOWN,UNKNOWN,UNKNOWN,SOURCE_ERROR,,,NOT_PROCESSED_RATE_LIMIT_STOP
TRGYO.IS:2024Q2,TRGYO.IS,TRGYO,2024Q2,2024-06-30,INTERIM,INDUSTRIAL_OR_HOLDING,XU100.IS,UNKNOWN,CONSOLIDATED,,,2024-08-15,,[],,0,UNKNOWN,NONE,UNKNOWN,,UNKNOWN,UNKNOWN,UNKNOWN,SOURCE_ERROR,,,NOT_PROCESSED_RATE_LIMIT_STOP
TRGYO.IS:2024Q3,TRGYO.IS,TRGYO,2024Q3,2024-09-30,INTERIM,INDUSTRIAL_OR_HOLDING,XU100.IS,UNKNOWN,CONSOLIDATED,,,2024-11-15,,[],,0,UNKNOWN,NONE,UNKNOWN,,UNKNOWN,UNKNOWN,UNKNOWN,SOURCE_ERROR,,,NOT_PROCESSED_RATE_LIMIT_STOP
TRGYO.IS:2024Q4,TRGYO.IS,TRGYO,2024Q4,2024-12-31,ANNUAL,INDUSTRIAL_OR_HOLDING,XU100.IS,UNKNOWN,CONSOLIDATED,,,2025-03-15,,[],,0,UNKNOWN,NONE,UNKNOWN,,UNKNOWN,UNKNOWN,UNKNOWN,SOURCE_ERROR,,,NOT_PROCESSED_RATE_LIMIT_STOP
TRGYO.IS:2025Q1,TRGYO.IS,TRGYO,2025Q1,2025-03-31,INTERIM,INDUSTRIAL_OR_HOLDING,XU100.IS,UNKNOWN,CONSOLIDATED,,,2025-05-15,,[],,0,UNKNOWN,NONE,UNKNOWN,,UNKNOWN,UNKNOWN,UNKNOWN,SOURCE_ERROR,,,NOT_PROCESSED_RATE_LIMIT_STOP
TRGYO.IS:2025Q2,TRGYO.IS,TRGYO,2025Q2,2025-06-30,INTERIM,INDUSTRIAL_OR_HOLDING,XU100.IS,UNKNOWN,CONSOLIDATED,,,2025-08-15,,[],,0,UNKNOWN,NONE,UNKNOWN,,UNKNOWN,UNKNOWN,UNKNOWN,SOURCE_ERROR,,,NOT_PROCESSED_RATE_LIMIT_STOP
TRGYO.IS:2025Q3,TRGYO.IS,TRGYO,2025Q3,2025-09-30,INTERIM,INDUSTRIAL_OR_HOLDING,XU100.IS,UNKNOWN,CONSOLIDATED,,,2025-11-15,,[],,0,UNKNOWN,NONE,UNKNOWN,,UNKNOWN,UNKNOWN,UNKNOWN,SOURCE_ERROR,,,NOT_PROCESSED_RATE_LIMIT_STOP
TRGYO.IS:2025Q4,TRGYO.IS,TRGYO,2025Q4,2025-12-31,ANNUAL,INDUSTRIAL_OR_HOLDING,XU100.IS,UNKNOWN,CONSOLIDATED,,,2026-03-15,,[],,0,UNKNOWN,NONE,UNKNOWN,,UNKNOWN,UNKNOWN,UNKNOWN,SOURCE_ERROR,,,NOT_PROCESSED_RATE_LIMIT_STOP
TRGYO.IS:2026Q1,TRGYO.IS,TRGYO,2026Q1,2026-03-31,INTERIM,INDUSTRIAL_OR_HOLDING,XU100.IS,UNKNOWN,CONSOLIDATED,,,2026-05-15,,[],,0,UNKNOWN,NONE,UNKNOWN,,UNKNOWN,UNKNOWN,UNKNOWN,SOURCE_ERROR,,,NOT_PROCESSED_RATE_LIMIT_STOP
TRGYO.IS:2026Q2,TRGYO.IS,TRGYO,2026Q2,2026-06-30,INTERIM,INDUSTRIAL_OR_HOLDING,XU100.IS,UNKNOWN,CONSOLIDATED,,,2026-08-15,,[],,0,UNKNOWN,NONE,UNKNOWN,,UNKNOWN,UNKNOWN,UNKNOWN,SOURCE_ERROR,,,NOT_PROCESSED_RATE_LIMIT_STOP
TSKB.IS:2018Q1,TSKB.IS,TSKB,2018Q1,2018-03-31,INTERIM,BANK,XBANK.IS,UNKNOWN,NON_CONSOLIDATED,,,2018-05-15,,[],,0,UNKNOWN,NONE,UNKNOWN,,UNKNOWN,UNKNOWN,UNKNOWN,SOURCE_ERROR,,,NOT_PROCESSED_RATE_LIMIT_STOP
TSKB.IS:2018Q2,TSKB.IS,TSKB,2018Q2,2018-06-30,INTERIM,BANK,XBANK.IS,UNKNOWN,NON_CONSOLIDATED,,,2018-08-15,,[],,0,UNKNOWN,NONE,UNKNOWN,,UNKNOWN,UNKNOWN,UNKNOWN,SOURCE_ERROR,,,NOT_PROCESSED_RATE_LIMIT_STOP
TSKB.IS:2018Q3,TSKB.IS,TSKB,2018Q3,2018-09-30,INTERIM,BANK,XBANK.IS,UNKNOWN,NON_CONSOLIDATED,,,2018-11-15,,[],,0,UNKNOWN,NONE,UNKNOWN,,UNKNOWN,UNKNOWN,UNKNOWN,SOURCE_ERROR,,,NOT_PROCESSED_RATE_LIMIT_STOP
TSKB.IS:2018Q4,TSKB.IS,TSKB,2018Q4,2018-12-31,ANNUAL,BANK,XBANK.IS,UNKNOWN,NON_CONSOLIDATED,,,2019-03-15,,[],,0,UNKNOWN,NONE,UNKNOWN,,UNKNOWN,UNKNOWN,UNKNOWN,SOURCE_ERROR,,,NOT_PROCESSED_RATE_LIMIT_STOP
TSKB.IS:2019Q1,TSKB.IS,TSKB,2019Q1,2019-03-31,INTERIM,BANK,XBANK.IS,UNKNOWN,NON_CONSOLIDATED,,,2019-05-15,,[],,0,UNKNOWN,NONE,UNKNOWN,,UNKNOWN,UNKNOWN,UNKNOWN,SOURCE_ERROR,,,NOT_PROCESSED_RATE_LIMIT_STOP
TSKB.IS:2019Q2,TSKB.IS,TSKB,2019Q2,2019-06-30,INTERIM,BANK,XBANK.IS,UNKNOWN,NON_CONSOLIDATED,,,2019-08-15,,[],,0,UNKNOWN,NONE,UNKNOWN,,UNKNOWN,UNKNOWN,UNKNOWN,SOURCE_ERROR,,,NOT_PROCESSED_RATE_LIMIT_STOP
TSKB.IS:2019Q3,TSKB.IS,TSKB,2019Q3,2019-09-30,INTERIM,BANK,XBANK.IS,UNKNOWN,NON_CONSOLIDATED,,,2019-11-15,,[],,0,UNKNOWN,NONE,UNKNOWN,,UNKNOWN,UNKNOWN,UNKNOWN,SOURCE_ERROR,,,NOT_PROCESSED_RATE_LIMIT_STOP
TSKB.IS:2019Q4,TSKB.IS,TSKB,2019Q4,2019-12-31,ANNUAL,BANK,XBANK.IS,UNKNOWN,NON_CONSOLIDATED,,,2020-03-15,,[],,0,UNKNOWN,NONE,UNKNOWN,,UNKNOWN,UNKNOWN,UNKNOWN,SOURCE_ERROR,,,NOT_PROCESSED_RATE_LIMIT_STOP
TSKB.IS:2020Q1,TSKB.IS,TSKB,2020Q1,2020-03-31,INTERIM,BANK,XBANK.IS,UNKNOWN,NON_CONSOLIDATED,,,2020-05-15,,[],,0,UNKNOWN,NONE,UNKNOWN,,UNKNOWN,UNKNOWN,UNKNOWN,SOURCE_ERROR,,,NOT_PROCESSED_RATE_LIMIT_STOP
TSKB.IS:2020Q2,TSKB.IS,TSKB,2020Q2,2020-06-30,INTERIM,BANK,XBANK.IS,UNKNOWN,NON_CONSOLIDATED,,,2020-08-15,,[],,0,UNKNOWN,NONE,UNKNOWN,,UNKNOWN,UNKNOWN,UNKNOWN,SOURCE_ERROR,,,NOT_PROCESSED_RATE_LIMIT_STOP
TSKB.IS:2020Q3,TSKB.IS,TSKB,2020Q3,2020-09-30,INTERIM,BANK,XBANK.IS,UNKNOWN,NON_CONSOLIDATED,,,2020-11-15,,[],,0,UNKNOWN,NONE,UNKNOWN,,UNKNOWN,UNKNOWN,UNKNOWN,SOURCE_ERROR,,,NOT_PROCESSED_RATE_LIMIT_STOP
TSKB.IS:2020Q4,TSKB.IS,TSKB,2020Q4,2020-12-31,ANNUAL,BANK,XBANK.IS,UNKNOWN,NON_CONSOLIDATED,,,2021-03-15,,[],,0,UNKNOWN,NONE,UNKNOWN,,UNKNOWN,UNKNOWN,UNKNOWN,SOURCE_ERROR,,,NOT_PROCESSED_RATE_LIMIT_STOP
TSKB.IS:2021Q1,TSKB.IS,TSKB,2021Q1,2021-03-31,INTERIM,BANK,XBANK.IS,UNKNOWN,NON_CONSOLIDATED,,,2021-05-15,,[],,0,UNKNOWN,NONE,UNKNOWN,,UNKNOWN,UNKNOWN,UNKNOWN,SOURCE_ERROR,,,NOT_PROCESSED_RATE_LIMIT_STOP
TSKB.IS:2021Q2,TSKB.IS,TSKB,2021Q2,2021-06-30,INTERIM,BANK,XBANK.IS,UNKNOWN,NON_CONSOLIDATED,,,2021-08-15,,[],,0,UNKNOWN,NONE,UNKNOWN,,UNKNOWN,UNKNOWN,UNKNOWN,SOURCE_ERROR,,,NOT_PROCESSED_RATE_LIMIT_STOP
TSKB.IS:2021Q3,TSKB.IS,TSKB,2021Q3,2021-09-30,INTERIM,BANK,XBANK.IS,UNKNOWN,NON_CONSOLIDATED,,,2021-11-15,,[],,0,UNKNOWN,NONE,UNKNOWN,,UNKNOWN,UNKNOWN,UNKNOWN,SOURCE_ERROR,,,NOT_PROCESSED_RATE_LIMIT_STOP
TSKB.IS:2021Q4,TSKB.IS,TSKB,2021Q4,2021-12-31,ANNUAL,BANK,XBANK.IS,UNKNOWN,NON_CONSOLIDATED,,,2022-03-15,,[],,0,UNKNOWN,NONE,UNKNOWN,,UNKNOWN,UNKNOWN,UNKNOWN,SOURCE_ERROR,,,NOT_PROCESSED_RATE_LIMIT_STOP
TSKB.IS:2022Q1,TSKB.IS,TSKB,2022Q1,2022-03-31,INTERIM,BANK,XBANK.IS,UNKNOWN,NON_CONSOLIDATED,,,2022-05-15,,[],,0,UNKNOWN,NONE,UNKNOWN,,UNKNOWN,UNKNOWN,UNKNOWN,SOURCE_ERROR,,,NOT_PROCESSED_RATE_LIMIT_STOP
TSKB.IS:2022Q2,TSKB.IS,TSKB,2022Q2,2022-06-30,INTERIM,BANK,XBANK.IS,UNKNOWN,NON_CONSOLIDATED,,,2022-08-15,,[],,0,UNKNOWN,NONE,UNKNOWN,,UNKNOWN,UNKNOWN,UNKNOWN,SOURCE_ERROR,,,NOT_PROCESSED_RATE_LIMIT_STOP
TSKB.IS:2022Q3,TSKB.IS,TSKB,2022Q3,2022-09-30,INTERIM,BANK,XBANK.IS,UNKNOWN,NON_CONSOLIDATED,,,2022-11-15,,[],,0,UNKNOWN,NONE,UNKNOWN,,UNKNOWN,UNKNOWN,UNKNOWN,SOURCE_ERROR,,,NOT_PROCESSED_RATE_LIMIT_STOP
TSKB.IS:2022Q4,TSKB.IS,TSKB,2022Q4,2022-12-31,ANNUAL,BANK,XBANK.IS,UNKNOWN,NON_CONSOLIDATED,,,2023-03-15,,[],,0,UNKNOWN,NONE,UNKNOWN,,UNKNOWN,UNKNOWN,UNKNOWN,SOURCE_ERROR,,,NOT_PROCESSED_RATE_LIMIT_STOP
TSKB.IS:2023Q1,TSKB.IS,TSKB,2023Q1,2023-03-31,INTERIM,BANK,XBANK.IS,UNKNOWN,NON_CONSOLIDATED,,,2023-05-15,,[],,0,UNKNOWN,NONE,UNKNOWN,,UNKNOWN,UNKNOWN,UNKNOWN,SOURCE_ERROR,,,NOT_PROCESSED_RATE_LIMIT_STOP
TSKB.IS:2023Q2,TSKB.IS,TSKB,2023Q2,2023-06-30,INTERIM,BANK,XBANK.IS,UNKNOWN,NON_CONSOLIDATED,,,2023-08-15,,[],,0,UNKNOWN,NONE,UNKNOWN,,UNKNOWN,UNKNOWN,UNKNOWN,SOURCE_ERROR,,,NOT_PROCESSED_RATE_LIMIT_STOP
TSKB.IS:2023Q3,TSKB.IS,TSKB,2023Q3,2023-09-30,INTERIM,BANK,XBANK.IS,UNKNOWN,NON_CONSOLIDATED,,,2023-11-15,,[],,0,UNKNOWN,NONE,UNKNOWN,,UNKNOWN,UNKNOWN,UNKNOWN,SOURCE_ERROR,,,NOT_PROCESSED_RATE_LIMIT_STOP
TSKB.IS:2023Q4,TSKB.IS,TSKB,2023Q4,2023-12-31,ANNUAL,BANK,XBANK.IS,UNKNOWN,NON_CONSOLIDATED,,,2024-03-15,,[],,0,UNKNOWN,NONE,UNKNOWN,,UNKNOWN,UNKNOWN,UNKNOWN,SOURCE_ERROR,,,NOT_PROCESSED_RATE_LIMIT_STOP
TSKB.IS:2024Q1,TSKB.IS,TSKB,2024Q1,2024-03-31,INTERIM,BANK,XBANK.IS,UNKNOWN,NON_CONSOLIDATED,,,2024-05-15,,[],,0,UNKNOWN,NONE,UNKNOWN,,UNKNOWN,UNKNOWN,UNKNOWN,SOURCE_ERROR,,,NOT_PROCESSED_RATE_LIMIT_STOP
TSKB.IS:2024Q2,TSKB.IS,TSKB,2024Q2,2024-06-30,INTERIM,BANK,XBANK.IS,UNKNOWN,NON_CONSOLIDATED,,,2024-08-15,,[],,0,UNKNOWN,NONE,UNKNOWN,,UNKNOWN,UNKNOWN,UNKNOWN,SOURCE_ERROR,,,NOT_PROCESSED_RATE_LIMIT_STOP
TSKB.IS:2024Q3,TSKB.IS,TSKB,2024Q3,2024-09-30,INTERIM,BANK,XBANK.IS,UNKNOWN,NON_CONSOLIDATED,,,2024-11-15,,[],,0,UNKNOWN,NONE,UNKNOWN,,UNKNOWN,UNKNOWN,UNKNOWN,SOURCE_ERROR,,,NOT_PROCESSED_RATE_LIMIT_STOP
TSKB.IS:2024Q4,TSKB.IS,TSKB,2024Q4,2024-12-31,ANNUAL,BANK,XBANK.IS,UNKNOWN,NON_CONSOLIDATED,,,2025-03-15,,[],,0,UNKNOWN,NONE,UNKNOWN,,UNKNOWN,UNKNOWN,UNKNOWN,SOURCE_ERROR,,,NOT_PROCESSED_RATE_LIMIT_STOP
TSKB.IS:2025Q1,TSKB.IS,TSKB,2025Q1,2025-03-31,INTERIM,BANK,XBANK.IS,UNKNOWN,NON_CONSOLIDATED,,,2025-05-15,,[],,0,UNKNOWN,NONE,UNKNOWN,,UNKNOWN,UNKNOWN,UNKNOWN,SOURCE_ERROR,,,NOT_PROCESSED_RATE_LIMIT_STOP
TSKB.IS:2025Q2,TSKB.IS,TSKB,2025Q2,2025-06-30,INTERIM,BANK,XBANK.IS,UNKNOWN,NON_CONSOLIDATED,,,2025-08-15,,[],,0,UNKNOWN,NONE,UNKNOWN,,UNKNOWN,UNKNOWN,UNKNOWN,SOURCE_ERROR,,,NOT_PROCESSED_RATE_LIMIT_STOP
TSKB.IS:2025Q3,TSKB.IS,TSKB,2025Q3,2025-09-30,INTERIM,BANK,XBANK.IS,UNKNOWN,NON_CONSOLIDATED,,,2025-11-15,,[],,0,UNKNOWN,NONE,UNKNOWN,,UNKNOWN,UNKNOWN,UNKNOWN,SOURCE_ERROR,,,NOT_PROCESSED_RATE_LIMIT_STOP
TSKB.IS:2025Q4,TSKB.IS,TSKB,2025Q4,2025-12-31,ANNUAL,BANK,XBANK.IS,UNKNOWN,NON_CONSOLIDATED,,,2026-03-15,,[],,0,UNKNOWN,NONE,UNKNOWN,,UNKNOWN,UNKNOWN,UNKNOWN,SOURCE_ERROR,,,NOT_PROCESSED_RATE_LIMIT_STOP
TSKB.IS:2026Q1,TSKB.IS,TSKB,2026Q1,2026-03-31,INTERIM,BANK,XBANK.IS,UNKNOWN,NON_CONSOLIDATED,,,2026-05-15,,[],,0,UNKNOWN,NONE,UNKNOWN,,UNKNOWN,UNKNOWN,UNKNOWN,SOURCE_ERROR,,,NOT_PROCESSED_RATE_LIMIT_STOP
TSKB.IS:2026Q2,TSKB.IS,TSKB,2026Q2,2026-06-30,INTERIM,BANK,XBANK.IS,UNKNOWN,NON_CONSOLIDATED,,,2026-08-15,,[],,0,UNKNOWN,NONE,UNKNOWN,,UNKNOWN,UNKNOWN,UNKNOWN,SOURCE_ERROR,,,NOT_PROCESSED_RATE_LIMIT_STOP
TTKOM.IS:2018Q1,TTKOM.IS,TTKOM,2018Q1,2018-03-31,INTERIM,INDUSTRIAL_OR_HOLDING,XU100.IS,UNKNOWN,CONSOLIDATED,,,2018-05-15,,[],,0,UNKNOWN,NONE,UNKNOWN,,UNKNOWN,UNKNOWN,UNKNOWN,SOURCE_ERROR,,,NOT_PROCESSED_RATE_LIMIT_STOP
TTKOM.IS:2018Q2,TTKOM.IS,TTKOM,2018Q2,2018-06-30,INTERIM,INDUSTRIAL_OR_HOLDING,XU100.IS,UNKNOWN,CONSOLIDATED,,,2018-08-15,,[],,0,UNKNOWN,NONE,UNKNOWN,,UNKNOWN,UNKNOWN,UNKNOWN,SOURCE_ERROR,,,NOT_PROCESSED_RATE_LIMIT_STOP
TTKOM.IS:2018Q3,TTKOM.IS,TTKOM,2018Q3,2018-09-30,INTERIM,INDUSTRIAL_OR_HOLDING,XU100.IS,UNKNOWN,CONSOLIDATED,,,2018-11-15,,[],,0,UNKNOWN,NONE,UNKNOWN,,UNKNOWN,UNKNOWN,UNKNOWN,SOURCE_ERROR,,,NOT_PROCESSED_RATE_LIMIT_STOP
TTKOM.IS:2018Q4,TTKOM.IS,TTKOM,2018Q4,2018-12-31,ANNUAL,INDUSTRIAL_OR_HOLDING,XU100.IS,UNKNOWN,CONSOLIDATED,,,2019-03-15,,[],,0,UNKNOWN,NONE,UNKNOWN,,UNKNOWN,UNKNOWN,UNKNOWN,SOURCE_ERROR,,,NOT_PROCESSED_RATE_LIMIT_STOP
TTKOM.IS:2019Q1,TTKOM.IS,TTKOM,2019Q1,2019-03-31,INTERIM,INDUSTRIAL_OR_HOLDING,XU100.IS,UNKNOWN,CONSOLIDATED,,,2019-05-15,,[],,0,UNKNOWN,NONE,UNKNOWN,,UNKNOWN,UNKNOWN,UNKNOWN,SOURCE_ERROR,,,NOT_PROCESSED_RATE_LIMIT_STOP
TTKOM.IS:2019Q2,TTKOM.IS,TTKOM,2019Q2,2019-06-30,INTERIM,INDUSTRIAL_OR_HOLDING,XU100.IS,UNKNOWN,CONSOLIDATED,,,2019-08-15,,[],,0,UNKNOWN,NONE,UNKNOWN,,UNKNOWN,UNKNOWN,UNKNOWN,SOURCE_ERROR,,,NOT_PROCESSED_RATE_LIMIT_STOP
TTKOM.IS:2019Q3,TTKOM.IS,TTKOM,2019Q3,2019-09-30,INTERIM,INDUSTRIAL_OR_HOLDING,XU100.IS,UNKNOWN,CONSOLIDATED,,,2019-11-15,,[],,0,UNKNOWN,NONE,UNKNOWN,,UNKNOWN,UNKNOWN,UNKNOWN,SOURCE_ERROR,,,NOT_PROCESSED_RATE_LIMIT_STOP
TTKOM.IS:2019Q4,TTKOM.IS,TTKOM,2019Q4,2019-12-31,ANNUAL,INDUSTRIAL_OR_HOLDING,XU100.IS,UNKNOWN,CONSOLIDATED,,,2020-03-15,,[],,0,UNKNOWN,NONE,UNKNOWN,,UNKNOWN,UNKNOWN,UNKNOWN,SOURCE_ERROR,,,NOT_PROCESSED_RATE_LIMIT_STOP
TTKOM.IS:2020Q1,TTKOM.IS,TTKOM,2020Q1,2020-03-31,INTERIM,INDUSTRIAL_OR_HOLDING,XU100.IS,UNKNOWN,CONSOLIDATED,,,2020-05-15,,[],,0,UNKNOWN,NONE,UNKNOWN,,UNKNOWN,UNKNOWN,UNKNOWN,SOURCE_ERROR,,,NOT_PROCESSED_RATE_LIMIT_STOP
TTKOM.IS:2020Q2,TTKOM.IS,TTKOM,2020Q2,2020-06-30,INTERIM,INDUSTRIAL_OR_HOLDING,XU100.IS,UNKNOWN,CONSOLIDATED,,,2020-08-15,,[],,0,UNKNOWN,NONE,UNKNOWN,,UNKNOWN,UNKNOWN,UNKNOWN,SOURCE_ERROR,,,NOT_PROCESSED_RATE_LIMIT_STOP
TTKOM.IS:2020Q3,TTKOM.IS,TTKOM,2020Q3,2020-09-30,INTERIM,INDUSTRIAL_OR_HOLDING,XU100.IS,UNKNOWN,CONSOLIDATED,,,2020-11-15,,[],,0,UNKNOWN,NONE,UNKNOWN,,UNKNOWN,UNKNOWN,UNKNOWN,SOURCE_ERROR,,,NOT_PROCESSED_RATE_LIMIT_STOP
TTKOM.IS:2020Q4,TTKOM.IS,TTKOM,2020Q4,2020-12-31,ANNUAL,INDUSTRIAL_OR_HOLDING,XU100.IS,UNKNOWN,CONSOLIDATED,,,2021-03-15,,[],,0,UNKNOWN,NONE,UNKNOWN,,UNKNOWN,UNKNOWN,UNKNOWN,SOURCE_ERROR,,,NOT_PROCESSED_RATE_LIMIT_STOP
TTKOM.IS:2021Q1,TTKOM.IS,TTKOM,2021Q1,2021-03-31,INTERIM,INDUSTRIAL_OR_HOLDING,XU100.IS,UNKNOWN,CONSOLIDATED,,,2021-05-15,,[],,0,UNKNOWN,NONE,UNKNOWN,,UNKNOWN,UNKNOWN,UNKNOWN,SOURCE_ERROR,,,NOT_PROCESSED_RATE_LIMIT_STOP
TTKOM.IS:2021Q2,TTKOM.IS,TTKOM,2021Q2,2021-06-30,INTERIM,INDUSTRIAL_OR_HOLDING,XU100.IS,UNKNOWN,CONSOLIDATED,,,2021-08-15,,[],,0,UNKNOWN,NONE,UNKNOWN,,UNKNOWN,UNKNOWN,UNKNOWN,SOURCE_ERROR,,,NOT_PROCESSED_RATE_LIMIT_STOP
TTKOM.IS:2021Q3,TTKOM.IS,TTKOM,2021Q3,2021-09-30,INTERIM,INDUSTRIAL_OR_HOLDING,XU100.IS,UNKNOWN,CONSOLIDATED,,,2021-11-15,,[],,0,UNKNOWN,NONE,UNKNOWN,,UNKNOWN,UNKNOWN,UNKNOWN,SOURCE_ERROR,,,NOT_PROCESSED_RATE_LIMIT_STOP
TTKOM.IS:2021Q4,TTKOM.IS,TTKOM,2021Q4,2021-12-31,ANNUAL,INDUSTRIAL_OR_HOLDING,XU100.IS,UNKNOWN,CONSOLIDATED,,,2022-03-15,,[],,0,UNKNOWN,NONE,UNKNOWN,,UNKNOWN,UNKNOWN,UNKNOWN,SOURCE_ERROR,,,NOT_PROCESSED_RATE_LIMIT_STOP
TTKOM.IS:2022Q1,TTKOM.IS,TTKOM,2022Q1,2022-03-31,INTERIM,INDUSTRIAL_OR_HOLDING,XU100.IS,UNKNOWN,CONSOLIDATED,,,2022-05-15,,[],,0,UNKNOWN,NONE,UNKNOWN,,UNKNOWN,UNKNOWN,UNKNOWN,SOURCE_ERROR,,,NOT_PROCESSED_RATE_LIMIT_STOP
TTKOM.IS:2022Q2,TTKOM.IS,TTKOM,2022Q2,2022-06-30,INTERIM,INDUSTRIAL_OR_HOLDING,XU100.IS,UNKNOWN,CONSOLIDATED,,,2022-08-15,,[],,0,UNKNOWN,NONE,UNKNOWN,,UNKNOWN,UNKNOWN,UNKNOWN,SOURCE_ERROR,,,NOT_PROCESSED_RATE_LIMIT_STOP
TTKOM.IS:2022Q3,TTKOM.IS,TTKOM,2022Q3,2022-09-30,INTERIM,INDUSTRIAL_OR_HOLDING,XU100.IS,UNKNOWN,CONSOLIDATED,,,2022-11-15,,[],,0,UNKNOWN,NONE,UNKNOWN,,UNKNOWN,UNKNOWN,UNKNOWN,SOURCE_ERROR,,,NOT_PROCESSED_RATE_LIMIT_STOP
TTKOM.IS:2022Q4,TTKOM.IS,TTKOM,2022Q4,2022-12-31,ANNUAL,INDUSTRIAL_OR_HOLDING,XU100.IS,UNKNOWN,CONSOLIDATED,,,2023-03-15,,[],,0,UNKNOWN,NONE,UNKNOWN,,UNKNOWN,UNKNOWN,UNKNOWN,SOURCE_ERROR,,,NOT_PROCESSED_RATE_LIMIT_STOP
TTKOM.IS:2023Q1,TTKOM.IS,TTKOM,2023Q1,2023-03-31,INTERIM,INDUSTRIAL_OR_HOLDING,XU100.IS,UNKNOWN,CONSOLIDATED,,,2023-05-15,,[],,0,UNKNOWN,NONE,UNKNOWN,,UNKNOWN,UNKNOWN,UNKNOWN,SOURCE_ERROR,,,NOT_PROCESSED_RATE_LIMIT_STOP
TTKOM.IS:2023Q2,TTKOM.IS,TTKOM,2023Q2,2023-06-30,INTERIM,INDUSTRIAL_OR_HOLDING,XU100.IS,UNKNOWN,CONSOLIDATED,,,2023-08-15,,[],,0,UNKNOWN,NONE,UNKNOWN,,UNKNOWN,UNKNOWN,UNKNOWN,SOURCE_ERROR,,,NOT_PROCESSED_RATE_LIMIT_STOP
TTKOM.IS:2023Q3,TTKOM.IS,TTKOM,2023Q3,2023-09-30,INTERIM,INDUSTRIAL_OR_HOLDING,XU100.IS,UNKNOWN,CONSOLIDATED,,,2023-11-15,,[],,0,UNKNOWN,NONE,UNKNOWN,,UNKNOWN,UNKNOWN,UNKNOWN,SOURCE_ERROR,,,NOT_PROCESSED_RATE_LIMIT_STOP
TTKOM.IS:2023Q4,TTKOM.IS,TTKOM,2023Q4,2023-12-31,ANNUAL,INDUSTRIAL_OR_HOLDING,XU100.IS,UNKNOWN,CONSOLIDATED,,,2024-03-15,,[],,0,UNKNOWN,NONE,UNKNOWN,,UNKNOWN,UNKNOWN,UNKNOWN,SOURCE_ERROR,,,NOT_PROCESSED_RATE_LIMIT_STOP
TTKOM.IS:2024Q1,TTKOM.IS,TTKOM,2024Q1,2024-03-31,INTERIM,INDUSTRIAL_OR_HOLDING,XU100.IS,UNKNOWN,CONSOLIDATED,,,2024-05-15,,[],,0,UNKNOWN,NONE,UNKNOWN,,UNKNOWN,UNKNOWN,UNKNOWN,SOURCE_ERROR,,,NOT_PROCESSED_RATE_LIMIT_STOP
TTKOM.IS:2024Q2,TTKOM.IS,TTKOM,2024Q2,2024-06-30,INTERIM,INDUSTRIAL_OR_HOLDING,XU100.IS,UNKNOWN,CONSOLIDATED,,,2024-08-15,,[],,0,UNKNOWN,NONE,UNKNOWN,,UNKNOWN,UNKNOWN,UNKNOWN,SOURCE_ERROR,,,NOT_PROCESSED_RATE_LIMIT_STOP
TTKOM.IS:2024Q3,TTKOM.IS,TTKOM,2024Q3,2024-09-30,INTERIM,INDUSTRIAL_OR_HOLDING,XU100.IS,UNKNOWN,CONSOLIDATED,,,2024-11-15,,[],,0,UNKNOWN,NONE,UNKNOWN,,UNKNOWN,UNKNOWN,UNKNOWN,SOURCE_ERROR,,,NOT_PROCESSED_RATE_LIMIT_STOP
TTKOM.IS:2024Q4,TTKOM.IS,TTKOM,2024Q4,2024-12-31,ANNUAL,INDUSTRIAL_OR_HOLDING,XU100.IS,UNKNOWN,CONSOLIDATED,,,2025-03-15,,[],,0,UNKNOWN,NONE,UNKNOWN,,UNKNOWN,UNKNOWN,UNKNOWN,SOURCE_ERROR,,,NOT_PROCESSED_RATE_LIMIT_STOP
TTKOM.IS:2025Q1,TTKOM.IS,TTKOM,2025Q1,2025-03-31,INTERIM,INDUSTRIAL_OR_HOLDING,XU100.IS,UNKNOWN,CONSOLIDATED,,,2025-05-15,,[],,0,UNKNOWN,NONE,UNKNOWN,,UNKNOWN,UNKNOWN,UNKNOWN,SOURCE_ERROR,,,NOT_PROCESSED_RATE_LIMIT_STOP
TTKOM.IS:2025Q2,TTKOM.IS,TTKOM,2025Q2,2025-06-30,INTERIM,INDUSTRIAL_OR_HOLDING,XU100.IS,UNKNOWN,CONSOLIDATED,,,2025-08-15,,[],,0,UNKNOWN,NONE,UNKNOWN,,UNKNOWN,UNKNOWN,UNKNOWN,SOURCE_ERROR,,,NOT_PROCESSED_RATE_LIMIT_STOP
TTKOM.IS:2025Q3,TTKOM.IS,TTKOM,2025Q3,2025-09-30,INTERIM,INDUSTRIAL_OR_HOLDING,XU100.IS,UNKNOWN,CONSOLIDATED,,,2025-11-15,,[],,0,UNKNOWN,NONE,UNKNOWN,,UNKNOWN,UNKNOWN,UNKNOWN,SOURCE_ERROR,,,NOT_PROCESSED_RATE_LIMIT_STOP
TTKOM.IS:2025Q4,TTKOM.IS,TTKOM,2025Q4,2025-12-31,ANNUAL,INDUSTRIAL_OR_HOLDING,XU100.IS,UNKNOWN,CONSOLIDATED,,,2026-03-15,,[],,0,UNKNOWN,NONE,UNKNOWN,,UNKNOWN,UNKNOWN,UNKNOWN,SOURCE_ERROR,,,NOT_PROCESSED_RATE_LIMIT_STOP
TTKOM.IS:2026Q1,TTKOM.IS,TTKOM,2026Q1,2026-03-31,INTERIM,INDUSTRIAL_OR_HOLDING,XU100.IS,UNKNOWN,CONSOLIDATED,,,2026-05-15,,[],,0,UNKNOWN,NONE,UNKNOWN,,UNKNOWN,UNKNOWN,UNKNOWN,SOURCE_ERROR,,,NOT_PROCESSED_RATE_LIMIT_STOP
TTKOM.IS:2026Q2,TTKOM.IS,TTKOM,2026Q2,2026-06-30,INTERIM,INDUSTRIAL_OR_HOLDING,XU100.IS,UNKNOWN,CONSOLIDATED,,,2026-08-15,,[],,0,UNKNOWN,NONE,UNKNOWN,,UNKNOWN,UNKNOWN,UNKNOWN,SOURCE_ERROR,,,NOT_PROCESSED_RATE_LIMIT_STOP
TTRAK.IS:2018Q1,TTRAK.IS,TTRAK,2018Q1,2018-03-31,INTERIM,INDUSTRIAL_OR_HOLDING,XUSIN.IS,UNKNOWN,CONSOLIDATED,,,2018-05-15,,[],,0,UNKNOWN,NONE,UNKNOWN,,UNKNOWN,UNKNOWN,UNKNOWN,SOURCE_ERROR,,,NOT_PROCESSED_RATE_LIMIT_STOP
TTRAK.IS:2018Q2,TTRAK.IS,TTRAK,2018Q2,2018-06-30,INTERIM,INDUSTRIAL_OR_HOLDING,XUSIN.IS,UNKNOWN,CONSOLIDATED,,,2018-08-15,,[],,0,UNKNOWN,NONE,UNKNOWN,,UNKNOWN,UNKNOWN,UNKNOWN,SOURCE_ERROR,,,NOT_PROCESSED_RATE_LIMIT_STOP
TTRAK.IS:2018Q3,TTRAK.IS,TTRAK,2018Q3,2018-09-30,INTERIM,INDUSTRIAL_OR_HOLDING,XUSIN.IS,UNKNOWN,CONSOLIDATED,,,2018-11-15,,[],,0,UNKNOWN,NONE,UNKNOWN,,UNKNOWN,UNKNOWN,UNKNOWN,SOURCE_ERROR,,,NOT_PROCESSED_RATE_LIMIT_STOP
TTRAK.IS:2018Q4,TTRAK.IS,TTRAK,2018Q4,2018-12-31,ANNUAL,INDUSTRIAL_OR_HOLDING,XUSIN.IS,UNKNOWN,CONSOLIDATED,,,2019-03-15,,[],,0,UNKNOWN,NONE,UNKNOWN,,UNKNOWN,UNKNOWN,UNKNOWN,SOURCE_ERROR,,,NOT_PROCESSED_RATE_LIMIT_STOP
TTRAK.IS:2019Q1,TTRAK.IS,TTRAK,2019Q1,2019-03-31,INTERIM,INDUSTRIAL_OR_HOLDING,XUSIN.IS,UNKNOWN,CONSOLIDATED,,,2019-05-15,,[],,0,UNKNOWN,NONE,UNKNOWN,,UNKNOWN,UNKNOWN,UNKNOWN,SOURCE_ERROR,,,NOT_PROCESSED_RATE_LIMIT_STOP
TTRAK.IS:2019Q2,TTRAK.IS,TTRAK,2019Q2,2019-06-30,INTERIM,INDUSTRIAL_OR_HOLDING,XUSIN.IS,UNKNOWN,CONSOLIDATED,,,2019-08-15,,[],,0,UNKNOWN,NONE,UNKNOWN,,UNKNOWN,UNKNOWN,UNKNOWN,SOURCE_ERROR,,,NOT_PROCESSED_RATE_LIMIT_STOP
TTRAK.IS:2019Q3,TTRAK.IS,TTRAK,2019Q3,2019-09-30,INTERIM,INDUSTRIAL_OR_HOLDING,XUSIN.IS,UNKNOWN,CONSOLIDATED,,,2019-11-15,,[],,0,UNKNOWN,NONE,UNKNOWN,,UNKNOWN,UNKNOWN,UNKNOWN,SOURCE_ERROR,,,NOT_PROCESSED_RATE_LIMIT_STOP
TTRAK.IS:2019Q4,TTRAK.IS,TTRAK,2019Q4,2019-12-31,ANNUAL,INDUSTRIAL_OR_HOLDING,XUSIN.IS,UNKNOWN,CONSOLIDATED,,,2020-03-15,,[],,0,UNKNOWN,NONE,UNKNOWN,,UNKNOWN,UNKNOWN,UNKNOWN,SOURCE_ERROR,,,NOT_PROCESSED_RATE_LIMIT_STOP
TTRAK.IS:2020Q1,TTRAK.IS,TTRAK,2020Q1,2020-03-31,INTERIM,INDUSTRIAL_OR_HOLDING,XUSIN.IS,UNKNOWN,CONSOLIDATED,,,2020-05-15,,[],,0,UNKNOWN,NONE,UNKNOWN,,UNKNOWN,UNKNOWN,UNKNOWN,SOURCE_ERROR,,,NOT_PROCESSED_RATE_LIMIT_STOP
TTRAK.IS:2020Q2,TTRAK.IS,TTRAK,2020Q2,2020-06-30,INTERIM,INDUSTRIAL_OR_HOLDING,XUSIN.IS,UNKNOWN,CONSOLIDATED,,,2020-08-15,,[],,0,UNKNOWN,NONE,UNKNOWN,,UNKNOWN,UNKNOWN,UNKNOWN,SOURCE_ERROR,,,NOT_PROCESSED_RATE_LIMIT_STOP
TTRAK.IS:2020Q3,TTRAK.IS,TTRAK,2020Q3,2020-09-30,INTERIM,INDUSTRIAL_OR_HOLDING,XUSIN.IS,UNKNOWN,CONSOLIDATED,,,2020-11-15,,[],,0,UNKNOWN,NONE,UNKNOWN,,UNKNOWN,UNKNOWN,UNKNOWN,SOURCE_ERROR,,,NOT_PROCESSED_RATE_LIMIT_STOP
TTRAK.IS:2020Q4,TTRAK.IS,TTRAK,2020Q4,2020-12-31,ANNUAL,INDUSTRIAL_OR_HOLDING,XUSIN.IS,UNKNOWN,CONSOLIDATED,,,2021-03-15,,[],,0,UNKNOWN,NONE,UNKNOWN,,UNKNOWN,UNKNOWN,UNKNOWN,SOURCE_ERROR,,,NOT_PROCESSED_RATE_LIMIT_STOP
TTRAK.IS:2021Q1,TTRAK.IS,TTRAK,2021Q1,2021-03-31,INTERIM,INDUSTRIAL_OR_HOLDING,XUSIN.IS,UNKNOWN,CONSOLIDATED,,,2021-05-15,,[],,0,UNKNOWN,NONE,UNKNOWN,,UNKNOWN,UNKNOWN,UNKNOWN,SOURCE_ERROR,,,NOT_PROCESSED_RATE_LIMIT_STOP
TTRAK.IS:2021Q2,TTRAK.IS,TTRAK,2021Q2,2021-06-30,INTERIM,INDUSTRIAL_OR_HOLDING,XUSIN.IS,UNKNOWN,CONSOLIDATED,,,2021-08-15,,[],,0,UNKNOWN,NONE,UNKNOWN,,UNKNOWN,UNKNOWN,UNKNOWN,SOURCE_ERROR,,,NOT_PROCESSED_RATE_LIMIT_STOP
TTRAK.IS:2021Q3,TTRAK.IS,TTRAK,2021Q3,2021-09-30,INTERIM,INDUSTRIAL_OR_HOLDING,XUSIN.IS,UNKNOWN,CONSOLIDATED,,,2021-11-15,,[],,0,UNKNOWN,NONE,UNKNOWN,,UNKNOWN,UNKNOWN,UNKNOWN,SOURCE_ERROR,,,NOT_PROCESSED_RATE_LIMIT_STOP
TTRAK.IS:2021Q4,TTRAK.IS,TTRAK,2021Q4,2021-12-31,ANNUAL,INDUSTRIAL_OR_HOLDING,XUSIN.IS,UNKNOWN,CONSOLIDATED,,,2022-03-15,,[],,0,UNKNOWN,NONE,UNKNOWN,,UNKNOWN,UNKNOWN,UNKNOWN,SOURCE_ERROR,,,NOT_PROCESSED_RATE_LIMIT_STOP
TTRAK.IS:2022Q1,TTRAK.IS,TTRAK,2022Q1,2022-03-31,INTERIM,INDUSTRIAL_OR_HOLDING,XUSIN.IS,UNKNOWN,CONSOLIDATED,,,2022-05-15,,[],,0,UNKNOWN,NONE,UNKNOWN,,UNKNOWN,UNKNOWN,UNKNOWN,SOURCE_ERROR,,,NOT_PROCESSED_RATE_LIMIT_STOP
TTRAK.IS:2022Q2,TTRAK.IS,TTRAK,2022Q2,2022-06-30,INTERIM,INDUSTRIAL_OR_HOLDING,XUSIN.IS,UNKNOWN,CONSOLIDATED,,,2022-08-15,,[],,0,UNKNOWN,NONE,UNKNOWN,,UNKNOWN,UNKNOWN,UNKNOWN,SOURCE_ERROR,,,NOT_PROCESSED_RATE_LIMIT_STOP
TTRAK.IS:2022Q3,TTRAK.IS,TTRAK,2022Q3,2022-09-30,INTERIM,INDUSTRIAL_OR_HOLDING,XUSIN.IS,UNKNOWN,CONSOLIDATED,,,2022-11-15,,[],,0,UNKNOWN,NONE,UNKNOWN,,UNKNOWN,UNKNOWN,UNKNOWN,SOURCE_ERROR,,,NOT_PROCESSED_RATE_LIMIT_STOP
TTRAK.IS:2022Q4,TTRAK.IS,TTRAK,2022Q4,2022-12-31,ANNUAL,INDUSTRIAL_OR_HOLDING,XUSIN.IS,UNKNOWN,CONSOLIDATED,,,2023-03-15,,[],,0,UNKNOWN,NONE,UNKNOWN,,UNKNOWN,UNKNOWN,UNKNOWN,SOURCE_ERROR,,,NOT_PROCESSED_RATE_LIMIT_STOP
TTRAK.IS:2023Q1,TTRAK.IS,TTRAK,2023Q1,2023-03-31,INTERIM,INDUSTRIAL_OR_HOLDING,XUSIN.IS,UNKNOWN,CONSOLIDATED,,,2023-05-15,,[],,0,UNKNOWN,NONE,UNKNOWN,,UNKNOWN,UNKNOWN,UNKNOWN,SOURCE_ERROR,,,NOT_PROCESSED_RATE_LIMIT_STOP
TTRAK.IS:2023Q2,TTRAK.IS,TTRAK,2023Q2,2023-06-30,INTERIM,INDUSTRIAL_OR_HOLDING,XUSIN.IS,UNKNOWN,CONSOLIDATED,,,2023-08-15,,[],,0,UNKNOWN,NONE,UNKNOWN,,UNKNOWN,UNKNOWN,UNKNOWN,SOURCE_ERROR,,,NOT_PROCESSED_RATE_LIMIT_STOP
TTRAK.IS:2023Q3,TTRAK.IS,TTRAK,2023Q3,2023-09-30,INTERIM,INDUSTRIAL_OR_HOLDING,XUSIN.IS,UNKNOWN,CONSOLIDATED,,,2023-11-15,,[],,0,UNKNOWN,NONE,UNKNOWN,,UNKNOWN,UNKNOWN,UNKNOWN,SOURCE_ERROR,,,NOT_PROCESSED_RATE_LIMIT_STOP
TTRAK.IS:2023Q4,TTRAK.IS,TTRAK,2023Q4,2023-12-31,ANNUAL,INDUSTRIAL_OR_HOLDING,XUSIN.IS,UNKNOWN,CONSOLIDATED,,,2024-03-15,,[],,0,UNKNOWN,NONE,UNKNOWN,,UNKNOWN,UNKNOWN,UNKNOWN,SOURCE_ERROR,,,NOT_PROCESSED_RATE_LIMIT_STOP
TTRAK.IS:2024Q1,TTRAK.IS,TTRAK,2024Q1,2024-03-31,INTERIM,INDUSTRIAL_OR_HOLDING,XUSIN.IS,UNKNOWN,CONSOLIDATED,,,2024-05-15,,[],,0,UNKNOWN,NONE,UNKNOWN,,UNKNOWN,UNKNOWN,UNKNOWN,SOURCE_ERROR,,,NOT_PROCESSED_RATE_LIMIT_STOP
TTRAK.IS:2024Q2,TTRAK.IS,TTRAK,2024Q2,2024-06-30,INTERIM,INDUSTRIAL_OR_HOLDING,XUSIN.IS,UNKNOWN,CONSOLIDATED,,,2024-08-15,,[],,0,UNKNOWN,NONE,UNKNOWN,,UNKNOWN,UNKNOWN,UNKNOWN,SOURCE_ERROR,,,NOT_PROCESSED_RATE_LIMIT_STOP
TTRAK.IS:2024Q3,TTRAK.IS,TTRAK,2024Q3,2024-09-30,INTERIM,INDUSTRIAL_OR_HOLDING,XUSIN.IS,UNKNOWN,CONSOLIDATED,,,2024-11-15,,[],,0,UNKNOWN,NONE,UNKNOWN,,UNKNOWN,UNKNOWN,UNKNOWN,SOURCE_ERROR,,,NOT_PROCESSED_RATE_LIMIT_STOP
TTRAK.IS:2024Q4,TTRAK.IS,TTRAK,2024Q4,2024-12-31,ANNUAL,INDUSTRIAL_OR_HOLDING,XUSIN.IS,UNKNOWN,CONSOLIDATED,,,2025-03-15,,[],,0,UNKNOWN,NONE,UNKNOWN,,UNKNOWN,UNKNOWN,UNKNOWN,SOURCE_ERROR,,,NOT_PROCESSED_RATE_LIMIT_STOP
TTRAK.IS:2025Q1,TTRAK.IS,TTRAK,2025Q1,2025-03-31,INTERIM,INDUSTRIAL_OR_HOLDING,XUSIN.IS,UNKNOWN,CONSOLIDATED,,,2025-05-15,,[],,0,UNKNOWN,NONE,UNKNOWN,,UNKNOWN,UNKNOWN,UNKNOWN,SOURCE_ERROR,,,NOT_PROCESSED_RATE_LIMIT_STOP
TTRAK.IS:2025Q2,TTRAK.IS,TTRAK,2025Q2,2025-06-30,INTERIM,INDUSTRIAL_OR_HOLDING,XUSIN.IS,UNKNOWN,CONSOLIDATED,,,2025-08-15,,[],,0,UNKNOWN,NONE,UNKNOWN,,UNKNOWN,UNKNOWN,UNKNOWN,SOURCE_ERROR,,,NOT_PROCESSED_RATE_LIMIT_STOP
TTRAK.IS:2025Q3,TTRAK.IS,TTRAK,2025Q3,2025-09-30,INTERIM,INDUSTRIAL_OR_HOLDING,XUSIN.IS,UNKNOWN,CONSOLIDATED,,,2025-11-15,,[],,0,UNKNOWN,NONE,UNKNOWN,,UNKNOWN,UNKNOWN,UNKNOWN,SOURCE_ERROR,,,NOT_PROCESSED_RATE_LIMIT_STOP
TTRAK.IS:2025Q4,TTRAK.IS,TTRAK,2025Q4,2025-12-31,ANNUAL,INDUSTRIAL_OR_HOLDING,XUSIN.IS,UNKNOWN,CONSOLIDATED,,,2026-03-15,,[],,0,UNKNOWN,NONE,UNKNOWN,,UNKNOWN,UNKNOWN,UNKNOWN,SOURCE_ERROR,,,NOT_PROCESSED_RATE_LIMIT_STOP
TTRAK.IS:2026Q1,TTRAK.IS,TTRAK,2026Q1,2026-03-31,INTERIM,INDUSTRIAL_OR_HOLDING,XUSIN.IS,UNKNOWN,CONSOLIDATED,,,2026-05-15,,[],,0,UNKNOWN,NONE,UNKNOWN,,UNKNOWN,UNKNOWN,UNKNOWN,SOURCE_ERROR,,,NOT_PROCESSED_RATE_LIMIT_STOP
TTRAK.IS:2026Q2,TTRAK.IS,TTRAK,2026Q2,2026-06-30,INTERIM,INDUSTRIAL_OR_HOLDING,XUSIN.IS,UNKNOWN,CONSOLIDATED,,,2026-08-15,,[],,0,UNKNOWN,NONE,UNKNOWN,,UNKNOWN,UNKNOWN,UNKNOWN,SOURCE_ERROR,,,NOT_PROCESSED_RATE_LIMIT_STOP
TUPRS.IS:2018Q1,TUPRS.IS,TUPRS,2018Q1,2018-03-31,INTERIM,INDUSTRIAL_OR_HOLDING,XUSIN.IS,UNKNOWN,CONSOLIDATED,,,2018-05-15,,[],,0,UNKNOWN,NONE,UNKNOWN,,UNKNOWN,UNKNOWN,UNKNOWN,SOURCE_ERROR,,,NOT_PROCESSED_RATE_LIMIT_STOP
TUPRS.IS:2018Q2,TUPRS.IS,TUPRS,2018Q2,2018-06-30,INTERIM,INDUSTRIAL_OR_HOLDING,XUSIN.IS,UNKNOWN,CONSOLIDATED,,,2018-08-15,,[],,0,UNKNOWN,NONE,UNKNOWN,,UNKNOWN,UNKNOWN,UNKNOWN,SOURCE_ERROR,,,NOT_PROCESSED_RATE_LIMIT_STOP
TUPRS.IS:2018Q3,TUPRS.IS,TUPRS,2018Q3,2018-09-30,INTERIM,INDUSTRIAL_OR_HOLDING,XUSIN.IS,UNKNOWN,CONSOLIDATED,,,2018-11-15,,[],,0,UNKNOWN,NONE,UNKNOWN,,UNKNOWN,UNKNOWN,UNKNOWN,SOURCE_ERROR,,,NOT_PROCESSED_RATE_LIMIT_STOP
TUPRS.IS:2018Q4,TUPRS.IS,TUPRS,2018Q4,2018-12-31,ANNUAL,INDUSTRIAL_OR_HOLDING,XUSIN.IS,UNKNOWN,CONSOLIDATED,,,2019-03-15,,[],,0,UNKNOWN,NONE,UNKNOWN,,UNKNOWN,UNKNOWN,UNKNOWN,SOURCE_ERROR,,,NOT_PROCESSED_RATE_LIMIT_STOP
TUPRS.IS:2019Q1,TUPRS.IS,TUPRS,2019Q1,2019-03-31,INTERIM,INDUSTRIAL_OR_HOLDING,XUSIN.IS,UNKNOWN,CONSOLIDATED,,,2019-05-15,,[],,0,UNKNOWN,NONE,UNKNOWN,,UNKNOWN,UNKNOWN,UNKNOWN,SOURCE_ERROR,,,NOT_PROCESSED_RATE_LIMIT_STOP
TUPRS.IS:2019Q2,TUPRS.IS,TUPRS,2019Q2,2019-06-30,INTERIM,INDUSTRIAL_OR_HOLDING,XUSIN.IS,UNKNOWN,CONSOLIDATED,,,2019-08-15,,[],,0,UNKNOWN,NONE,UNKNOWN,,UNKNOWN,UNKNOWN,UNKNOWN,SOURCE_ERROR,,,NOT_PROCESSED_RATE_LIMIT_STOP
TUPRS.IS:2019Q3,TUPRS.IS,TUPRS,2019Q3,2019-09-30,INTERIM,INDUSTRIAL_OR_HOLDING,XUSIN.IS,UNKNOWN,CONSOLIDATED,,,2019-11-15,,[],,0,UNKNOWN,NONE,UNKNOWN,,UNKNOWN,UNKNOWN,UNKNOWN,SOURCE_ERROR,,,NOT_PROCESSED_RATE_LIMIT_STOP
TUPRS.IS:2019Q4,TUPRS.IS,TUPRS,2019Q4,2019-12-31,ANNUAL,INDUSTRIAL_OR_HOLDING,XUSIN.IS,UNKNOWN,CONSOLIDATED,,,2020-03-15,,[],,0,UNKNOWN,NONE,UNKNOWN,,UNKNOWN,UNKNOWN,UNKNOWN,SOURCE_ERROR,,,NOT_PROCESSED_RATE_LIMIT_STOP
TUPRS.IS:2020Q1,TUPRS.IS,TUPRS,2020Q1,2020-03-31,INTERIM,INDUSTRIAL_OR_HOLDING,XUSIN.IS,UNKNOWN,CONSOLIDATED,,,2020-05-15,,[],,0,UNKNOWN,NONE,UNKNOWN,,UNKNOWN,UNKNOWN,UNKNOWN,SOURCE_ERROR,,,NOT_PROCESSED_RATE_LIMIT_STOP
TUPRS.IS:2020Q2,TUPRS.IS,TUPRS,2020Q2,2020-06-30,INTERIM,INDUSTRIAL_OR_HOLDING,XUSIN.IS,UNKNOWN,CONSOLIDATED,,,2020-08-15,,[],,0,UNKNOWN,NONE,UNKNOWN,,UNKNOWN,UNKNOWN,UNKNOWN,SOURCE_ERROR,,,NOT_PROCESSED_RATE_LIMIT_STOP
TUPRS.IS:2020Q3,TUPRS.IS,TUPRS,2020Q3,2020-09-30,INTERIM,INDUSTRIAL_OR_HOLDING,XUSIN.IS,UNKNOWN,CONSOLIDATED,,,2020-11-15,,[],,0,UNKNOWN,NONE,UNKNOWN,,UNKNOWN,UNKNOWN,UNKNOWN,SOURCE_ERROR,,,NOT_PROCESSED_RATE_LIMIT_STOP
TUPRS.IS:2020Q4,TUPRS.IS,TUPRS,2020Q4,2020-12-31,ANNUAL,INDUSTRIAL_OR_HOLDING,XUSIN.IS,UNKNOWN,CONSOLIDATED,,,2021-03-15,,[],,0,UNKNOWN,NONE,UNKNOWN,,UNKNOWN,UNKNOWN,UNKNOWN,SOURCE_ERROR,,,NOT_PROCESSED_RATE_LIMIT_STOP
TUPRS.IS:2021Q1,TUPRS.IS,TUPRS,2021Q1,2021-03-31,INTERIM,INDUSTRIAL_OR_HOLDING,XUSIN.IS,UNKNOWN,CONSOLIDATED,,,2021-05-15,,[],,0,UNKNOWN,NONE,UNKNOWN,,UNKNOWN,UNKNOWN,UNKNOWN,SOURCE_ERROR,,,NOT_PROCESSED_RATE_LIMIT_STOP
TUPRS.IS:2021Q2,TUPRS.IS,TUPRS,2021Q2,2021-06-30,INTERIM,INDUSTRIAL_OR_HOLDING,XUSIN.IS,UNKNOWN,CONSOLIDATED,,,2021-08-15,,[],,0,UNKNOWN,NONE,UNKNOWN,,UNKNOWN,UNKNOWN,UNKNOWN,SOURCE_ERROR,,,NOT_PROCESSED_RATE_LIMIT_STOP
TUPRS.IS:2021Q3,TUPRS.IS,TUPRS,2021Q3,2021-09-30,INTERIM,INDUSTRIAL_OR_HOLDING,XUSIN.IS,UNKNOWN,CONSOLIDATED,,,2021-11-15,,[],,0,UNKNOWN,NONE,UNKNOWN,,UNKNOWN,UNKNOWN,UNKNOWN,SOURCE_ERROR,,,NOT_PROCESSED_RATE_LIMIT_STOP
TUPRS.IS:2021Q4,TUPRS.IS,TUPRS,2021Q4,2021-12-31,ANNUAL,INDUSTRIAL_OR_HOLDING,XUSIN.IS,UNKNOWN,CONSOLIDATED,,,2022-03-15,,[],,0,UNKNOWN,NONE,UNKNOWN,,UNKNOWN,UNKNOWN,UNKNOWN,SOURCE_ERROR,,,NOT_PROCESSED_RATE_LIMIT_STOP
TUPRS.IS:2022Q1,TUPRS.IS,TUPRS,2022Q1,2022-03-31,INTERIM,INDUSTRIAL_OR_HOLDING,XUSIN.IS,UNKNOWN,CONSOLIDATED,,,2022-05-15,,[],,0,UNKNOWN,NONE,UNKNOWN,,UNKNOWN,UNKNOWN,UNKNOWN,SOURCE_ERROR,,,NOT_PROCESSED_RATE_LIMIT_STOP
TUPRS.IS:2022Q2,TUPRS.IS,TUPRS,2022Q2,2022-06-30,INTERIM,INDUSTRIAL_OR_HOLDING,XUSIN.IS,UNKNOWN,CONSOLIDATED,,,2022-08-15,,[],,0,UNKNOWN,NONE,UNKNOWN,,UNKNOWN,UNKNOWN,UNKNOWN,SOURCE_ERROR,,,NOT_PROCESSED_RATE_LIMIT_STOP
TUPRS.IS:2022Q3,TUPRS.IS,TUPRS,2022Q3,2022-09-30,INTERIM,INDUSTRIAL_OR_HOLDING,XUSIN.IS,UNKNOWN,CONSOLIDATED,,,2022-11-15,,[],,0,UNKNOWN,NONE,UNKNOWN,,UNKNOWN,UNKNOWN,UNKNOWN,SOURCE_ERROR,,,NOT_PROCESSED_RATE_LIMIT_STOP
TUPRS.IS:2022Q4,TUPRS.IS,TUPRS,2022Q4,2022-12-31,ANNUAL,INDUSTRIAL_OR_HOLDING,XUSIN.IS,UNKNOWN,CONSOLIDATED,,,2023-03-15,,[],,0,UNKNOWN,NONE,UNKNOWN,,UNKNOWN,UNKNOWN,UNKNOWN,SOURCE_ERROR,,,NOT_PROCESSED_RATE_LIMIT_STOP
TUPRS.IS:2023Q1,TUPRS.IS,TUPRS,2023Q1,2023-03-31,INTERIM,INDUSTRIAL_OR_HOLDING,XUSIN.IS,UNKNOWN,CONSOLIDATED,,,2023-05-15,,[],,0,UNKNOWN,NONE,UNKNOWN,,UNKNOWN,UNKNOWN,UNKNOWN,SOURCE_ERROR,,,NOT_PROCESSED_RATE_LIMIT_STOP
TUPRS.IS:2023Q2,TUPRS.IS,TUPRS,2023Q2,2023-06-30,INTERIM,INDUSTRIAL_OR_HOLDING,XUSIN.IS,UNKNOWN,CONSOLIDATED,,,2023-08-15,,[],,0,UNKNOWN,NONE,UNKNOWN,,UNKNOWN,UNKNOWN,UNKNOWN,SOURCE_ERROR,,,NOT_PROCESSED_RATE_LIMIT_STOP
TUPRS.IS:2023Q3,TUPRS.IS,TUPRS,2023Q3,2023-09-30,INTERIM,INDUSTRIAL_OR_HOLDING,XUSIN.IS,UNKNOWN,CONSOLIDATED,,,2023-11-15,,[],,0,UNKNOWN,NONE,UNKNOWN,,UNKNOWN,UNKNOWN,UNKNOWN,SOURCE_ERROR,,,NOT_PROCESSED_RATE_LIMIT_STOP
TUPRS.IS:2023Q4,TUPRS.IS,TUPRS,2023Q4,2023-12-31,ANNUAL,INDUSTRIAL_OR_HOLDING,XUSIN.IS,UNKNOWN,CONSOLIDATED,,,2024-03-15,,[],,0,UNKNOWN,NONE,UNKNOWN,,UNKNOWN,UNKNOWN,UNKNOWN,SOURCE_ERROR,,,NOT_PROCESSED_RATE_LIMIT_STOP
TUPRS.IS:2024Q1,TUPRS.IS,TUPRS,2024Q1,2024-03-31,INTERIM,INDUSTRIAL_OR_HOLDING,XUSIN.IS,UNKNOWN,CONSOLIDATED,,,2024-05-15,,[],,0,UNKNOWN,NONE,UNKNOWN,,UNKNOWN,UNKNOWN,UNKNOWN,SOURCE_ERROR,,,NOT_PROCESSED_RATE_LIMIT_STOP
TUPRS.IS:2024Q2,TUPRS.IS,TUPRS,2024Q2,2024-06-30,INTERIM,INDUSTRIAL_OR_HOLDING,XUSIN.IS,UNKNOWN,CONSOLIDATED,,,2024-08-15,,[],,0,UNKNOWN,NONE,UNKNOWN,,UNKNOWN,UNKNOWN,UNKNOWN,SOURCE_ERROR,,,NOT_PROCESSED_RATE_LIMIT_STOP
TUPRS.IS:2024Q3,TUPRS.IS,TUPRS,2024Q3,2024-09-30,INTERIM,INDUSTRIAL_OR_HOLDING,XUSIN.IS,UNKNOWN,CONSOLIDATED,,,2024-11-15,,[],,0,UNKNOWN,NONE,UNKNOWN,,UNKNOWN,UNKNOWN,UNKNOWN,SOURCE_ERROR,,,NOT_PROCESSED_RATE_LIMIT_STOP
TUPRS.IS:2024Q4,TUPRS.IS,TUPRS,2024Q4,2024-12-31,ANNUAL,INDUSTRIAL_OR_HOLDING,XUSIN.IS,UNKNOWN,CONSOLIDATED,,,2025-03-15,,[],,0,UNKNOWN,NONE,UNKNOWN,,UNKNOWN,UNKNOWN,UNKNOWN,SOURCE_ERROR,,,NOT_PROCESSED_RATE_LIMIT_STOP
TUPRS.IS:2025Q1,TUPRS.IS,TUPRS,2025Q1,2025-03-31,INTERIM,INDUSTRIAL_OR_HOLDING,XUSIN.IS,UNKNOWN,CONSOLIDATED,,,2025-05-15,,[],,0,UNKNOWN,NONE,UNKNOWN,,UNKNOWN,UNKNOWN,UNKNOWN,SOURCE_ERROR,,,NOT_PROCESSED_RATE_LIMIT_STOP
TUPRS.IS:2025Q2,TUPRS.IS,TUPRS,2025Q2,2025-06-30,INTERIM,INDUSTRIAL_OR_HOLDING,XUSIN.IS,UNKNOWN,CONSOLIDATED,,,2025-08-15,,[],,0,UNKNOWN,NONE,UNKNOWN,,UNKNOWN,UNKNOWN,UNKNOWN,SOURCE_ERROR,,,NOT_PROCESSED_RATE_LIMIT_STOP
TUPRS.IS:2025Q3,TUPRS.IS,TUPRS,2025Q3,2025-09-30,INTERIM,INDUSTRIAL_OR_HOLDING,XUSIN.IS,UNKNOWN,CONSOLIDATED,,,2025-11-15,,[],,0,UNKNOWN,NONE,UNKNOWN,,UNKNOWN,UNKNOWN,UNKNOWN,SOURCE_ERROR,,,NOT_PROCESSED_RATE_LIMIT_STOP
TUPRS.IS:2025Q4,TUPRS.IS,TUPRS,2025Q4,2025-12-31,ANNUAL,INDUSTRIAL_OR_HOLDING,XUSIN.IS,UNKNOWN,CONSOLIDATED,,,2026-03-15,,[],,0,UNKNOWN,NONE,UNKNOWN,,UNKNOWN,UNKNOWN,UNKNOWN,SOURCE_ERROR,,,NOT_PROCESSED_RATE_LIMIT_STOP
TUPRS.IS:2026Q1,TUPRS.IS,TUPRS,2026Q1,2026-03-31,INTERIM,INDUSTRIAL_OR_HOLDING,XUSIN.IS,UNKNOWN,CONSOLIDATED,,,2026-05-15,,[],,0,UNKNOWN,NONE,UNKNOWN,,UNKNOWN,UNKNOWN,UNKNOWN,SOURCE_ERROR,,,NOT_PROCESSED_RATE_LIMIT_STOP
TUPRS.IS:2026Q2,TUPRS.IS,TUPRS,2026Q2,2026-06-30,INTERIM,INDUSTRIAL_OR_HOLDING,XUSIN.IS,UNKNOWN,CONSOLIDATED,,,2026-08-15,,[],,0,UNKNOWN,NONE,UNKNOWN,,UNKNOWN,UNKNOWN,UNKNOWN,SOURCE_ERROR,,,NOT_PROCESSED_RATE_LIMIT_STOP
TUREX.IS:2018Q4,TUREX.IS,TUREX,2018Q4,2018-12-31,ANNUAL,INDUSTRIAL_OR_HOLDING,XU100.IS,UNKNOWN,CONSOLIDATED,,,2019-03-15,,[],,0,UNKNOWN,NONE,UNKNOWN,,UNKNOWN,UNKNOWN,UNKNOWN,SOURCE_ERROR,,,NOT_PROCESSED_RATE_LIMIT_STOP
TUREX.IS:2019Q4,TUREX.IS,TUREX,2019Q4,2019-12-31,ANNUAL,INDUSTRIAL_OR_HOLDING,XU100.IS,UNKNOWN,CONSOLIDATED,,,2020-03-15,,[],,0,UNKNOWN,NONE,UNKNOWN,,UNKNOWN,UNKNOWN,UNKNOWN,SOURCE_ERROR,,,NOT_PROCESSED_RATE_LIMIT_STOP
TUREX.IS:2020Q1,TUREX.IS,TUREX,2020Q1,2020-03-31,INTERIM,INDUSTRIAL_OR_HOLDING,XU100.IS,UNKNOWN,CONSOLIDATED,,,2020-05-15,,[],,0,UNKNOWN,NONE,UNKNOWN,,UNKNOWN,UNKNOWN,UNKNOWN,SOURCE_ERROR,,,NOT_PROCESSED_RATE_LIMIT_STOP
TUREX.IS:2020Q2,TUREX.IS,TUREX,2020Q2,2020-06-30,INTERIM,INDUSTRIAL_OR_HOLDING,XU100.IS,UNKNOWN,CONSOLIDATED,,,2020-08-15,,[],,0,UNKNOWN,NONE,UNKNOWN,,UNKNOWN,UNKNOWN,UNKNOWN,SOURCE_ERROR,,,NOT_PROCESSED_RATE_LIMIT_STOP
TUREX.IS:2020Q3,TUREX.IS,TUREX,2020Q3,2020-09-30,INTERIM,INDUSTRIAL_OR_HOLDING,XU100.IS,UNKNOWN,CONSOLIDATED,,,2020-11-15,,[],,0,UNKNOWN,NONE,UNKNOWN,,UNKNOWN,UNKNOWN,UNKNOWN,SOURCE_ERROR,,,NOT_PROCESSED_RATE_LIMIT_STOP
TUREX.IS:2020Q4,TUREX.IS,TUREX,2020Q4,2020-12-31,ANNUAL,INDUSTRIAL_OR_HOLDING,XU100.IS,UNKNOWN,CONSOLIDATED,,,2021-03-15,,[],,0,UNKNOWN,NONE,UNKNOWN,,UNKNOWN,UNKNOWN,UNKNOWN,SOURCE_ERROR,,,NOT_PROCESSED_RATE_LIMIT_STOP
TUREX.IS:2021Q1,TUREX.IS,TUREX,2021Q1,2021-03-31,INTERIM,INDUSTRIAL_OR_HOLDING,XU100.IS,UNKNOWN,CONSOLIDATED,,,2021-05-15,,[],,0,UNKNOWN,NONE,UNKNOWN,,UNKNOWN,UNKNOWN,UNKNOWN,SOURCE_ERROR,,,NOT_PROCESSED_RATE_LIMIT_STOP
TUREX.IS:2021Q2,TUREX.IS,TUREX,2021Q2,2021-06-30,INTERIM,INDUSTRIAL_OR_HOLDING,XU100.IS,UNKNOWN,CONSOLIDATED,,,2021-08-15,,[],,0,UNKNOWN,NONE,UNKNOWN,,UNKNOWN,UNKNOWN,UNKNOWN,SOURCE_ERROR,,,NOT_PROCESSED_RATE_LIMIT_STOP
TUREX.IS:2021Q3,TUREX.IS,TUREX,2021Q3,2021-09-30,INTERIM,INDUSTRIAL_OR_HOLDING,XU100.IS,UNKNOWN,CONSOLIDATED,,,2021-11-15,,[],,0,UNKNOWN,NONE,UNKNOWN,,UNKNOWN,UNKNOWN,UNKNOWN,SOURCE_ERROR,,,NOT_PROCESSED_RATE_LIMIT_STOP
TUREX.IS:2021Q4,TUREX.IS,TUREX,2021Q4,2021-12-31,ANNUAL,INDUSTRIAL_OR_HOLDING,XU100.IS,UNKNOWN,CONSOLIDATED,,,2022-03-15,,[],,0,UNKNOWN,NONE,UNKNOWN,,UNKNOWN,UNKNOWN,UNKNOWN,SOURCE_ERROR,,,NOT_PROCESSED_RATE_LIMIT_STOP
TUREX.IS:2022Q1,TUREX.IS,TUREX,2022Q1,2022-03-31,INTERIM,INDUSTRIAL_OR_HOLDING,XU100.IS,UNKNOWN,CONSOLIDATED,,,2022-05-15,,[],,0,UNKNOWN,NONE,UNKNOWN,,UNKNOWN,UNKNOWN,UNKNOWN,SOURCE_ERROR,,,NOT_PROCESSED_RATE_LIMIT_STOP
TUREX.IS:2022Q2,TUREX.IS,TUREX,2022Q2,2022-06-30,INTERIM,INDUSTRIAL_OR_HOLDING,XU100.IS,UNKNOWN,CONSOLIDATED,,,2022-08-15,,[],,0,UNKNOWN,NONE,UNKNOWN,,UNKNOWN,UNKNOWN,UNKNOWN,SOURCE_ERROR,,,NOT_PROCESSED_RATE_LIMIT_STOP
TUREX.IS:2022Q3,TUREX.IS,TUREX,2022Q3,2022-09-30,INTERIM,INDUSTRIAL_OR_HOLDING,XU100.IS,UNKNOWN,CONSOLIDATED,,,2022-11-15,,[],,0,UNKNOWN,NONE,UNKNOWN,,UNKNOWN,UNKNOWN,UNKNOWN,SOURCE_ERROR,,,NOT_PROCESSED_RATE_LIMIT_STOP
TUREX.IS:2022Q4,TUREX.IS,TUREX,2022Q4,2022-12-31,ANNUAL,INDUSTRIAL_OR_HOLDING,XU100.IS,UNKNOWN,CONSOLIDATED,,,2023-03-15,,[],,0,UNKNOWN,NONE,UNKNOWN,,UNKNOWN,UNKNOWN,UNKNOWN,SOURCE_ERROR,,,NOT_PROCESSED_RATE_LIMIT_STOP
TUREX.IS:2023Q1,TUREX.IS,TUREX,2023Q1,2023-03-31,INTERIM,INDUSTRIAL_OR_HOLDING,XU100.IS,UNKNOWN,CONSOLIDATED,,,2023-05-15,,[],,0,UNKNOWN,NONE,UNKNOWN,,UNKNOWN,UNKNOWN,UNKNOWN,SOURCE_ERROR,,,NOT_PROCESSED_RATE_LIMIT_STOP
TUREX.IS:2023Q2,TUREX.IS,TUREX,2023Q2,2023-06-30,INTERIM,INDUSTRIAL_OR_HOLDING,XU100.IS,UNKNOWN,CONSOLIDATED,,,2023-08-15,,[],,0,UNKNOWN,NONE,UNKNOWN,,UNKNOWN,UNKNOWN,UNKNOWN,SOURCE_ERROR,,,NOT_PROCESSED_RATE_LIMIT_STOP
TUREX.IS:2023Q3,TUREX.IS,TUREX,2023Q3,2023-09-30,INTERIM,INDUSTRIAL_OR_HOLDING,XU100.IS,UNKNOWN,CONSOLIDATED,,,2023-11-15,,[],,0,UNKNOWN,NONE,UNKNOWN,,UNKNOWN,UNKNOWN,UNKNOWN,SOURCE_ERROR,,,NOT_PROCESSED_RATE_LIMIT_STOP
TUREX.IS:2023Q4,TUREX.IS,TUREX,2023Q4,2023-12-31,ANNUAL,INDUSTRIAL_OR_HOLDING,XU100.IS,UNKNOWN,CONSOLIDATED,,,2024-03-15,,[],,0,UNKNOWN,NONE,UNKNOWN,,UNKNOWN,UNKNOWN,UNKNOWN,SOURCE_ERROR,,,NOT_PROCESSED_RATE_LIMIT_STOP
TUREX.IS:2024Q1,TUREX.IS,TUREX,2024Q1,2024-03-31,INTERIM,INDUSTRIAL_OR_HOLDING,XU100.IS,UNKNOWN,CONSOLIDATED,,,2024-05-15,,[],,0,UNKNOWN,NONE,UNKNOWN,,UNKNOWN,UNKNOWN,UNKNOWN,SOURCE_ERROR,,,NOT_PROCESSED_RATE_LIMIT_STOP
TUREX.IS:2024Q2,TUREX.IS,TUREX,2024Q2,2024-06-30,INTERIM,INDUSTRIAL_OR_HOLDING,XU100.IS,UNKNOWN,CONSOLIDATED,,,2024-08-15,,[],,0,UNKNOWN,NONE,UNKNOWN,,UNKNOWN,UNKNOWN,UNKNOWN,SOURCE_ERROR,,,NOT_PROCESSED_RATE_LIMIT_STOP
TUREX.IS:2024Q3,TUREX.IS,TUREX,2024Q3,2024-09-30,INTERIM,INDUSTRIAL_OR_HOLDING,XU100.IS,UNKNOWN,CONSOLIDATED,,,2024-11-15,,[],,0,UNKNOWN,NONE,UNKNOWN,,UNKNOWN,UNKNOWN,UNKNOWN,SOURCE_ERROR,,,NOT_PROCESSED_RATE_LIMIT_STOP
TUREX.IS:2024Q4,TUREX.IS,TUREX,2024Q4,2024-12-31,ANNUAL,INDUSTRIAL_OR_HOLDING,XU100.IS,UNKNOWN,CONSOLIDATED,,,2025-03-15,,[],,0,UNKNOWN,NONE,UNKNOWN,,UNKNOWN,UNKNOWN,UNKNOWN,SOURCE_ERROR,,,NOT_PROCESSED_RATE_LIMIT_STOP
TUREX.IS:2025Q1,TUREX.IS,TUREX,2025Q1,2025-03-31,INTERIM,INDUSTRIAL_OR_HOLDING,XU100.IS,UNKNOWN,CONSOLIDATED,,,2025-05-15,,[],,0,UNKNOWN,NONE,UNKNOWN,,UNKNOWN,UNKNOWN,UNKNOWN,SOURCE_ERROR,,,NOT_PROCESSED_RATE_LIMIT_STOP
TUREX.IS:2025Q2,TUREX.IS,TUREX,2025Q2,2025-06-30,INTERIM,INDUSTRIAL_OR_HOLDING,XU100.IS,UNKNOWN,CONSOLIDATED,,,2025-08-15,,[],,0,UNKNOWN,NONE,UNKNOWN,,UNKNOWN,UNKNOWN,UNKNOWN,SOURCE_ERROR,,,NOT_PROCESSED_RATE_LIMIT_STOP
TUREX.IS:2025Q4,TUREX.IS,TUREX,2025Q4,2025-12-31,ANNUAL,INDUSTRIAL_OR_HOLDING,XU100.IS,UNKNOWN,CONSOLIDATED,,,2026-03-15,,[],,0,UNKNOWN,NONE,UNKNOWN,,UNKNOWN,UNKNOWN,UNKNOWN,SOURCE_ERROR,,,NOT_PROCESSED_RATE_LIMIT_STOP
TUREX.IS:2026Q1,TUREX.IS,TUREX,2026Q1,2026-03-31,INTERIM,INDUSTRIAL_OR_HOLDING,XU100.IS,UNKNOWN,CONSOLIDATED,,,2026-05-15,,[],,0,UNKNOWN,NONE,UNKNOWN,,UNKNOWN,UNKNOWN,UNKNOWN,SOURCE_ERROR,,,NOT_PROCESSED_RATE_LIMIT_STOP
TUREX.IS:2026Q2,TUREX.IS,TUREX,2026Q2,2026-06-30,INTERIM,INDUSTRIAL_OR_HOLDING,XU100.IS,UNKNOWN,CONSOLIDATED,,,2026-08-15,,[],,0,UNKNOWN,NONE,UNKNOWN,,UNKNOWN,UNKNOWN,UNKNOWN,SOURCE_ERROR,,,NOT_PROCESSED_RATE_LIMIT_STOP
TURSG.IS:2018Q1,TURSG.IS,TURSG,2018Q1,2018-03-31,INTERIM,INSURANCE,XU100.IS,UNKNOWN,NON_CONSOLIDATED,,,2018-05-15,,[],,0,UNKNOWN,NONE,UNKNOWN,,UNKNOWN,UNKNOWN,UNKNOWN,SOURCE_ERROR,,,NOT_PROCESSED_RATE_LIMIT_STOP
TURSG.IS:2018Q2,TURSG.IS,TURSG,2018Q2,2018-06-30,INTERIM,INSURANCE,XU100.IS,UNKNOWN,NON_CONSOLIDATED,,,2018-08-15,,[],,0,UNKNOWN,NONE,UNKNOWN,,UNKNOWN,UNKNOWN,UNKNOWN,SOURCE_ERROR,,,NOT_PROCESSED_RATE_LIMIT_STOP
TURSG.IS:2018Q3,TURSG.IS,TURSG,2018Q3,2018-09-30,INTERIM,INSURANCE,XU100.IS,UNKNOWN,NON_CONSOLIDATED,,,2018-11-15,,[],,0,UNKNOWN,NONE,UNKNOWN,,UNKNOWN,UNKNOWN,UNKNOWN,SOURCE_ERROR,,,NOT_PROCESSED_RATE_LIMIT_STOP
TURSG.IS:2018Q4,TURSG.IS,TURSG,2018Q4,2018-12-31,ANNUAL,INSURANCE,XU100.IS,UNKNOWN,NON_CONSOLIDATED,,,2019-03-15,,[],,0,UNKNOWN,NONE,UNKNOWN,,UNKNOWN,UNKNOWN,UNKNOWN,SOURCE_ERROR,,,NOT_PROCESSED_RATE_LIMIT_STOP
TURSG.IS:2019Q1,TURSG.IS,TURSG,2019Q1,2019-03-31,INTERIM,INSURANCE,XU100.IS,UNKNOWN,NON_CONSOLIDATED,,,2019-05-15,,[],,0,UNKNOWN,NONE,UNKNOWN,,UNKNOWN,UNKNOWN,UNKNOWN,SOURCE_ERROR,,,NOT_PROCESSED_RATE_LIMIT_STOP
TURSG.IS:2019Q2,TURSG.IS,TURSG,2019Q2,2019-06-30,INTERIM,INSURANCE,XU100.IS,UNKNOWN,NON_CONSOLIDATED,,,2019-08-15,,[],,0,UNKNOWN,NONE,UNKNOWN,,UNKNOWN,UNKNOWN,UNKNOWN,SOURCE_ERROR,,,NOT_PROCESSED_RATE_LIMIT_STOP
TURSG.IS:2019Q3,TURSG.IS,TURSG,2019Q3,2019-09-30,INTERIM,INSURANCE,XU100.IS,UNKNOWN,NON_CONSOLIDATED,,,2019-11-15,,[],,0,UNKNOWN,NONE,UNKNOWN,,UNKNOWN,UNKNOWN,UNKNOWN,SOURCE_ERROR,,,NOT_PROCESSED_RATE_LIMIT_STOP
TURSG.IS:2019Q4,TURSG.IS,TURSG,2019Q4,2019-12-31,ANNUAL,INSURANCE,XU100.IS,UNKNOWN,NON_CONSOLIDATED,,,2020-03-15,,[],,0,UNKNOWN,NONE,UNKNOWN,,UNKNOWN,UNKNOWN,UNKNOWN,SOURCE_ERROR,,,NOT_PROCESSED_RATE_LIMIT_STOP
TURSG.IS:2020Q1,TURSG.IS,TURSG,2020Q1,2020-03-31,INTERIM,INSURANCE,XU100.IS,UNKNOWN,NON_CONSOLIDATED,,,2020-05-15,,[],,0,UNKNOWN,NONE,UNKNOWN,,UNKNOWN,UNKNOWN,UNKNOWN,SOURCE_ERROR,,,NOT_PROCESSED_RATE_LIMIT_STOP
TURSG.IS:2020Q2,TURSG.IS,TURSG,2020Q2,2020-06-30,INTERIM,INSURANCE,XU100.IS,UNKNOWN,NON_CONSOLIDATED,,,2020-08-15,,[],,0,UNKNOWN,NONE,UNKNOWN,,UNKNOWN,UNKNOWN,UNKNOWN,SOURCE_ERROR,,,NOT_PROCESSED_RATE_LIMIT_STOP
TURSG.IS:2020Q3,TURSG.IS,TURSG,2020Q3,2020-09-30,INTERIM,INSURANCE,XU100.IS,UNKNOWN,NON_CONSOLIDATED,,,2020-11-15,,[],,0,UNKNOWN,NONE,UNKNOWN,,UNKNOWN,UNKNOWN,UNKNOWN,SOURCE_ERROR,,,NOT_PROCESSED_RATE_LIMIT_STOP
TURSG.IS:2020Q4,TURSG.IS,TURSG,2020Q4,2020-12-31,ANNUAL,INSURANCE,XU100.IS,UNKNOWN,NON_CONSOLIDATED,,,2021-03-15,,[],,0,UNKNOWN,NONE,UNKNOWN,,UNKNOWN,UNKNOWN,UNKNOWN,SOURCE_ERROR,,,NOT_PROCESSED_RATE_LIMIT_STOP
TURSG.IS:2021Q1,TURSG.IS,TURSG,2021Q1,2021-03-31,INTERIM,INSURANCE,XU100.IS,UNKNOWN,NON_CONSOLIDATED,,,2021-05-15,,[],,0,UNKNOWN,NONE,UNKNOWN,,UNKNOWN,UNKNOWN,UNKNOWN,SOURCE_ERROR,,,NOT_PROCESSED_RATE_LIMIT_STOP
TURSG.IS:2021Q2,TURSG.IS,TURSG,2021Q2,2021-06-30,INTERIM,INSURANCE,XU100.IS,UNKNOWN,NON_CONSOLIDATED,,,2021-08-15,,[],,0,UNKNOWN,NONE,UNKNOWN,,UNKNOWN,UNKNOWN,UNKNOWN,SOURCE_ERROR,,,NOT_PROCESSED_RATE_LIMIT_STOP
TURSG.IS:2021Q3,TURSG.IS,TURSG,2021Q3,2021-09-30,INTERIM,INSURANCE,XU100.IS,UNKNOWN,NON_CONSOLIDATED,,,2021-11-15,,[],,0,UNKNOWN,NONE,UNKNOWN,,UNKNOWN,UNKNOWN,UNKNOWN,SOURCE_ERROR,,,NOT_PROCESSED_RATE_LIMIT_STOP
TURSG.IS:2021Q4,TURSG.IS,TURSG,2021Q4,2021-12-31,ANNUAL,INSURANCE,XU100.IS,UNKNOWN,NON_CONSOLIDATED,,,2022-03-15,,[],,0,UNKNOWN,NONE,UNKNOWN,,UNKNOWN,UNKNOWN,UNKNOWN,SOURCE_ERROR,,,NOT_PROCESSED_RATE_LIMIT_STOP
TURSG.IS:2022Q1,TURSG.IS,TURSG,2022Q1,2022-03-31,INTERIM,INSURANCE,XU100.IS,UNKNOWN,NON_CONSOLIDATED,,,2022-05-15,,[],,0,UNKNOWN,NONE,UNKNOWN,,UNKNOWN,UNKNOWN,UNKNOWN,SOURCE_ERROR,,,NOT_PROCESSED_RATE_LIMIT_STOP
TURSG.IS:2022Q2,TURSG.IS,TURSG,2022Q2,2022-06-30,INTERIM,INSURANCE,XU100.IS,UNKNOWN,NON_CONSOLIDATED,,,2022-08-15,,[],,0,UNKNOWN,NONE,UNKNOWN,,UNKNOWN,UNKNOWN,UNKNOWN,SOURCE_ERROR,,,NOT_PROCESSED_RATE_LIMIT_STOP
TURSG.IS:2022Q3,TURSG.IS,TURSG,2022Q3,2022-09-30,INTERIM,INSURANCE,XU100.IS,UNKNOWN,NON_CONSOLIDATED,,,2022-11-15,,[],,0,UNKNOWN,NONE,UNKNOWN,,UNKNOWN,UNKNOWN,UNKNOWN,SOURCE_ERROR,,,NOT_PROCESSED_RATE_LIMIT_STOP
TURSG.IS:2022Q4,TURSG.IS,TURSG,2022Q4,2022-12-31,ANNUAL,INSURANCE,XU100.IS,UNKNOWN,NON_CONSOLIDATED,,,2023-03-15,,[],,0,UNKNOWN,NONE,UNKNOWN,,UNKNOWN,UNKNOWN,UNKNOWN,SOURCE_ERROR,,,NOT_PROCESSED_RATE_LIMIT_STOP
TURSG.IS:2023Q1,TURSG.IS,TURSG,2023Q1,2023-03-31,INTERIM,INSURANCE,XU100.IS,UNKNOWN,NON_CONSOLIDATED,,,2023-05-15,,[],,0,UNKNOWN,NONE,UNKNOWN,,UNKNOWN,UNKNOWN,UNKNOWN,SOURCE_ERROR,,,NOT_PROCESSED_RATE_LIMIT_STOP
TURSG.IS:2023Q2,TURSG.IS,TURSG,2023Q2,2023-06-30,INTERIM,INSURANCE,XU100.IS,UNKNOWN,NON_CONSOLIDATED,,,2023-08-15,,[],,0,UNKNOWN,NONE,UNKNOWN,,UNKNOWN,UNKNOWN,UNKNOWN,SOURCE_ERROR,,,NOT_PROCESSED_RATE_LIMIT_STOP
TURSG.IS:2023Q3,TURSG.IS,TURSG,2023Q3,2023-09-30,INTERIM,INSURANCE,XU100.IS,UNKNOWN,NON_CONSOLIDATED,,,2023-11-15,,[],,0,UNKNOWN,NONE,UNKNOWN,,UNKNOWN,UNKNOWN,UNKNOWN,SOURCE_ERROR,,,NOT_PROCESSED_RATE_LIMIT_STOP
TURSG.IS:2023Q4,TURSG.IS,TURSG,2023Q4,2023-12-31,ANNUAL,INSURANCE,XU100.IS,UNKNOWN,NON_CONSOLIDATED,,,2024-03-15,,[],,0,UNKNOWN,NONE,UNKNOWN,,UNKNOWN,UNKNOWN,UNKNOWN,SOURCE_ERROR,,,NOT_PROCESSED_RATE_LIMIT_STOP
TURSG.IS:2024Q1,TURSG.IS,TURSG,2024Q1,2024-03-31,INTERIM,INSURANCE,XU100.IS,UNKNOWN,NON_CONSOLIDATED,,,2024-05-15,,[],,0,UNKNOWN,NONE,UNKNOWN,,UNKNOWN,UNKNOWN,UNKNOWN,SOURCE_ERROR,,,NOT_PROCESSED_RATE_LIMIT_STOP
TURSG.IS:2024Q2,TURSG.IS,TURSG,2024Q2,2024-06-30,INTERIM,INSURANCE,XU100.IS,UNKNOWN,NON_CONSOLIDATED,,,2024-08-15,,[],,0,UNKNOWN,NONE,UNKNOWN,,UNKNOWN,UNKNOWN,UNKNOWN,SOURCE_ERROR,,,NOT_PROCESSED_RATE_LIMIT_STOP
TURSG.IS:2024Q3,TURSG.IS,TURSG,2024Q3,2024-09-30,INTERIM,INSURANCE,XU100.IS,UNKNOWN,NON_CONSOLIDATED,,,2024-11-15,,[],,0,UNKNOWN,NONE,UNKNOWN,,UNKNOWN,UNKNOWN,UNKNOWN,SOURCE_ERROR,,,NOT_PROCESSED_RATE_LIMIT_STOP
TURSG.IS:2024Q4,TURSG.IS,TURSG,2024Q4,2024-12-31,ANNUAL,INSURANCE,XU100.IS,UNKNOWN,NON_CONSOLIDATED,,,2025-03-15,,[],,0,UNKNOWN,NONE,UNKNOWN,,UNKNOWN,UNKNOWN,UNKNOWN,SOURCE_ERROR,,,NOT_PROCESSED_RATE_LIMIT_STOP
TURSG.IS:2025Q1,TURSG.IS,TURSG,2025Q1,2025-03-31,INTERIM,INSURANCE,XU100.IS,UNKNOWN,NON_CONSOLIDATED,,,2025-05-15,,[],,0,UNKNOWN,NONE,UNKNOWN,,UNKNOWN,UNKNOWN,UNKNOWN,SOURCE_ERROR,,,NOT_PROCESSED_RATE_LIMIT_STOP
TURSG.IS:2025Q2,TURSG.IS,TURSG,2025Q2,2025-06-30,INTERIM,INSURANCE,XU100.IS,UNKNOWN,NON_CONSOLIDATED,,,2025-08-15,,[],,0,UNKNOWN,NONE,UNKNOWN,,UNKNOWN,UNKNOWN,UNKNOWN,SOURCE_ERROR,,,NOT_PROCESSED_RATE_LIMIT_STOP
TURSG.IS:2025Q3,TURSG.IS,TURSG,2025Q3,2025-09-30,INTERIM,INSURANCE,XU100.IS,UNKNOWN,NON_CONSOLIDATED,,,2025-11-15,,[],,0,UNKNOWN,NONE,UNKNOWN,,UNKNOWN,UNKNOWN,UNKNOWN,SOURCE_ERROR,,,NOT_PROCESSED_RATE_LIMIT_STOP
TURSG.IS:2025Q4,TURSG.IS,TURSG,2025Q4,2025-12-31,ANNUAL,INSURANCE,XU100.IS,UNKNOWN,NON_CONSOLIDATED,,,2026-03-15,,[],,0,UNKNOWN,NONE,UNKNOWN,,UNKNOWN,UNKNOWN,UNKNOWN,SOURCE_ERROR,,,NOT_PROCESSED_RATE_LIMIT_STOP
TURSG.IS:2026Q1,TURSG.IS,TURSG,2026Q1,2026-03-31,INTERIM,INSURANCE,XU100.IS,UNKNOWN,NON_CONSOLIDATED,,,2026-05-15,,[],,0,UNKNOWN,NONE,UNKNOWN,,UNKNOWN,UNKNOWN,UNKNOWN,SOURCE_ERROR,,,NOT_PROCESSED_RATE_LIMIT_STOP
TURSG.IS:2026Q2,TURSG.IS,TURSG,2026Q2,2026-06-30,INTERIM,INSURANCE,XU100.IS,UNKNOWN,NON_CONSOLIDATED,,,2026-08-15,,[],,0,UNKNOWN,NONE,UNKNOWN,,UNKNOWN,UNKNOWN,UNKNOWN,SOURCE_ERROR,,,NOT_PROCESSED_RATE_LIMIT_STOP
ULKER.IS:2018Q1,ULKER.IS,ULKER,2018Q1,2018-03-31,INTERIM,INDUSTRIAL_OR_HOLDING,XUSIN.IS,UNKNOWN,CONSOLIDATED,,,2018-05-15,,[],,0,UNKNOWN,NONE,UNKNOWN,,UNKNOWN,UNKNOWN,UNKNOWN,SOURCE_ERROR,,,NOT_PROCESSED_RATE_LIMIT_STOP
ULKER.IS:2018Q2,ULKER.IS,ULKER,2018Q2,2018-06-30,INTERIM,INDUSTRIAL_OR_HOLDING,XUSIN.IS,UNKNOWN,CONSOLIDATED,,,2018-08-15,,[],,0,UNKNOWN,NONE,UNKNOWN,,UNKNOWN,UNKNOWN,UNKNOWN,SOURCE_ERROR,,,NOT_PROCESSED_RATE_LIMIT_STOP
ULKER.IS:2018Q3,ULKER.IS,ULKER,2018Q3,2018-09-30,INTERIM,INDUSTRIAL_OR_HOLDING,XUSIN.IS,UNKNOWN,CONSOLIDATED,,,2018-11-15,,[],,0,UNKNOWN,NONE,UNKNOWN,,UNKNOWN,UNKNOWN,UNKNOWN,SOURCE_ERROR,,,NOT_PROCESSED_RATE_LIMIT_STOP
ULKER.IS:2018Q4,ULKER.IS,ULKER,2018Q4,2018-12-31,ANNUAL,INDUSTRIAL_OR_HOLDING,XUSIN.IS,UNKNOWN,CONSOLIDATED,,,2019-03-15,,[],,0,UNKNOWN,NONE,UNKNOWN,,UNKNOWN,UNKNOWN,UNKNOWN,SOURCE_ERROR,,,NOT_PROCESSED_RATE_LIMIT_STOP
ULKER.IS:2019Q1,ULKER.IS,ULKER,2019Q1,2019-03-31,INTERIM,INDUSTRIAL_OR_HOLDING,XUSIN.IS,UNKNOWN,CONSOLIDATED,,,2019-05-15,,[],,0,UNKNOWN,NONE,UNKNOWN,,UNKNOWN,UNKNOWN,UNKNOWN,SOURCE_ERROR,,,NOT_PROCESSED_RATE_LIMIT_STOP
ULKER.IS:2019Q2,ULKER.IS,ULKER,2019Q2,2019-06-30,INTERIM,INDUSTRIAL_OR_HOLDING,XUSIN.IS,UNKNOWN,CONSOLIDATED,,,2019-08-15,,[],,0,UNKNOWN,NONE,UNKNOWN,,UNKNOWN,UNKNOWN,UNKNOWN,SOURCE_ERROR,,,NOT_PROCESSED_RATE_LIMIT_STOP
ULKER.IS:2019Q3,ULKER.IS,ULKER,2019Q3,2019-09-30,INTERIM,INDUSTRIAL_OR_HOLDING,XUSIN.IS,UNKNOWN,CONSOLIDATED,,,2019-11-15,,[],,0,UNKNOWN,NONE,UNKNOWN,,UNKNOWN,UNKNOWN,UNKNOWN,SOURCE_ERROR,,,NOT_PROCESSED_RATE_LIMIT_STOP
ULKER.IS:2019Q4,ULKER.IS,ULKER,2019Q4,2019-12-31,ANNUAL,INDUSTRIAL_OR_HOLDING,XUSIN.IS,UNKNOWN,CONSOLIDATED,,,2020-03-15,,[],,0,UNKNOWN,NONE,UNKNOWN,,UNKNOWN,UNKNOWN,UNKNOWN,SOURCE_ERROR,,,NOT_PROCESSED_RATE_LIMIT_STOP
ULKER.IS:2020Q1,ULKER.IS,ULKER,2020Q1,2020-03-31,INTERIM,INDUSTRIAL_OR_HOLDING,XUSIN.IS,UNKNOWN,CONSOLIDATED,,,2020-05-15,,[],,0,UNKNOWN,NONE,UNKNOWN,,UNKNOWN,UNKNOWN,UNKNOWN,SOURCE_ERROR,,,NOT_PROCESSED_RATE_LIMIT_STOP
ULKER.IS:2020Q2,ULKER.IS,ULKER,2020Q2,2020-06-30,INTERIM,INDUSTRIAL_OR_HOLDING,XUSIN.IS,UNKNOWN,CONSOLIDATED,,,2020-08-15,,[],,0,UNKNOWN,NONE,UNKNOWN,,UNKNOWN,UNKNOWN,UNKNOWN,SOURCE_ERROR,,,NOT_PROCESSED_RATE_LIMIT_STOP
ULKER.IS:2020Q3,ULKER.IS,ULKER,2020Q3,2020-09-30,INTERIM,INDUSTRIAL_OR_HOLDING,XUSIN.IS,UNKNOWN,CONSOLIDATED,,,2020-11-15,,[],,0,UNKNOWN,NONE,UNKNOWN,,UNKNOWN,UNKNOWN,UNKNOWN,SOURCE_ERROR,,,NOT_PROCESSED_RATE_LIMIT_STOP
ULKER.IS:2020Q4,ULKER.IS,ULKER,2020Q4,2020-12-31,ANNUAL,INDUSTRIAL_OR_HOLDING,XUSIN.IS,UNKNOWN,CONSOLIDATED,,,2021-03-15,,[],,0,UNKNOWN,NONE,UNKNOWN,,UNKNOWN,UNKNOWN,UNKNOWN,SOURCE_ERROR,,,NOT_PROCESSED_RATE_LIMIT_STOP
ULKER.IS:2021Q1,ULKER.IS,ULKER,2021Q1,2021-03-31,INTERIM,INDUSTRIAL_OR_HOLDING,XUSIN.IS,UNKNOWN,CONSOLIDATED,,,2021-05-15,,[],,0,UNKNOWN,NONE,UNKNOWN,,UNKNOWN,UNKNOWN,UNKNOWN,SOURCE_ERROR,,,NOT_PROCESSED_RATE_LIMIT_STOP
ULKER.IS:2021Q2,ULKER.IS,ULKER,2021Q2,2021-06-30,INTERIM,INDUSTRIAL_OR_HOLDING,XUSIN.IS,UNKNOWN,CONSOLIDATED,,,2021-08-15,,[],,0,UNKNOWN,NONE,UNKNOWN,,UNKNOWN,UNKNOWN,UNKNOWN,SOURCE_ERROR,,,NOT_PROCESSED_RATE_LIMIT_STOP
ULKER.IS:2021Q3,ULKER.IS,ULKER,2021Q3,2021-09-30,INTERIM,INDUSTRIAL_OR_HOLDING,XUSIN.IS,UNKNOWN,CONSOLIDATED,,,2021-11-15,,[],,0,UNKNOWN,NONE,UNKNOWN,,UNKNOWN,UNKNOWN,UNKNOWN,SOURCE_ERROR,,,NOT_PROCESSED_RATE_LIMIT_STOP
ULKER.IS:2021Q4,ULKER.IS,ULKER,2021Q4,2021-12-31,ANNUAL,INDUSTRIAL_OR_HOLDING,XUSIN.IS,UNKNOWN,CONSOLIDATED,,,2022-03-15,,[],,0,UNKNOWN,NONE,UNKNOWN,,UNKNOWN,UNKNOWN,UNKNOWN,SOURCE_ERROR,,,NOT_PROCESSED_RATE_LIMIT_STOP
ULKER.IS:2022Q1,ULKER.IS,ULKER,2022Q1,2022-03-31,INTERIM,INDUSTRIAL_OR_HOLDING,XUSIN.IS,UNKNOWN,CONSOLIDATED,,,2022-05-15,,[],,0,UNKNOWN,NONE,UNKNOWN,,UNKNOWN,UNKNOWN,UNKNOWN,SOURCE_ERROR,,,NOT_PROCESSED_RATE_LIMIT_STOP
ULKER.IS:2022Q2,ULKER.IS,ULKER,2022Q2,2022-06-30,INTERIM,INDUSTRIAL_OR_HOLDING,XUSIN.IS,UNKNOWN,CONSOLIDATED,,,2022-08-15,,[],,0,UNKNOWN,NONE,UNKNOWN,,UNKNOWN,UNKNOWN,UNKNOWN,SOURCE_ERROR,,,NOT_PROCESSED_RATE_LIMIT_STOP
ULKER.IS:2022Q3,ULKER.IS,ULKER,2022Q3,2022-09-30,INTERIM,INDUSTRIAL_OR_HOLDING,XUSIN.IS,UNKNOWN,CONSOLIDATED,,,2022-11-15,,[],,0,UNKNOWN,NONE,UNKNOWN,,UNKNOWN,UNKNOWN,UNKNOWN,SOURCE_ERROR,,,NOT_PROCESSED_RATE_LIMIT_STOP
ULKER.IS:2022Q4,ULKER.IS,ULKER,2022Q4,2022-12-31,ANNUAL,INDUSTRIAL_OR_HOLDING,XUSIN.IS,UNKNOWN,CONSOLIDATED,,,2023-03-15,,[],,0,UNKNOWN,NONE,UNKNOWN,,UNKNOWN,UNKNOWN,UNKNOWN,SOURCE_ERROR,,,NOT_PROCESSED_RATE_LIMIT_STOP
ULKER.IS:2023Q1,ULKER.IS,ULKER,2023Q1,2023-03-31,INTERIM,INDUSTRIAL_OR_HOLDING,XUSIN.IS,UNKNOWN,CONSOLIDATED,,,2023-05-15,,[],,0,UNKNOWN,NONE,UNKNOWN,,UNKNOWN,UNKNOWN,UNKNOWN,SOURCE_ERROR,,,NOT_PROCESSED_RATE_LIMIT_STOP
ULKER.IS:2023Q2,ULKER.IS,ULKER,2023Q2,2023-06-30,INTERIM,INDUSTRIAL_OR_HOLDING,XUSIN.IS,UNKNOWN,CONSOLIDATED,,,2023-08-15,,[],,0,UNKNOWN,NONE,UNKNOWN,,UNKNOWN,UNKNOWN,UNKNOWN,SOURCE_ERROR,,,NOT_PROCESSED_RATE_LIMIT_STOP
ULKER.IS:2023Q3,ULKER.IS,ULKER,2023Q3,2023-09-30,INTERIM,INDUSTRIAL_OR_HOLDING,XUSIN.IS,UNKNOWN,CONSOLIDATED,,,2023-11-15,,[],,0,UNKNOWN,NONE,UNKNOWN,,UNKNOWN,UNKNOWN,UNKNOWN,SOURCE_ERROR,,,NOT_PROCESSED_RATE_LIMIT_STOP
ULKER.IS:2023Q4,ULKER.IS,ULKER,2023Q4,2023-12-31,ANNUAL,INDUSTRIAL_OR_HOLDING,XUSIN.IS,UNKNOWN,CONSOLIDATED,,,2024-03-15,,[],,0,UNKNOWN,NONE,UNKNOWN,,UNKNOWN,UNKNOWN,UNKNOWN,SOURCE_ERROR,,,NOT_PROCESSED_RATE_LIMIT_STOP
ULKER.IS:2024Q1,ULKER.IS,ULKER,2024Q1,2024-03-31,INTERIM,INDUSTRIAL_OR_HOLDING,XUSIN.IS,UNKNOWN,CONSOLIDATED,,,2024-05-15,,[],,0,UNKNOWN,NONE,UNKNOWN,,UNKNOWN,UNKNOWN,UNKNOWN,SOURCE_ERROR,,,NOT_PROCESSED_RATE_LIMIT_STOP
ULKER.IS:2024Q2,ULKER.IS,ULKER,2024Q2,2024-06-30,INTERIM,INDUSTRIAL_OR_HOLDING,XUSIN.IS,UNKNOWN,CONSOLIDATED,,,2024-08-15,,[],,0,UNKNOWN,NONE,UNKNOWN,,UNKNOWN,UNKNOWN,UNKNOWN,SOURCE_ERROR,,,NOT_PROCESSED_RATE_LIMIT_STOP
ULKER.IS:2024Q3,ULKER.IS,ULKER,2024Q3,2024-09-30,INTERIM,INDUSTRIAL_OR_HOLDING,XUSIN.IS,UNKNOWN,CONSOLIDATED,,,2024-11-15,,[],,0,UNKNOWN,NONE,UNKNOWN,,UNKNOWN,UNKNOWN,UNKNOWN,SOURCE_ERROR,,,NOT_PROCESSED_RATE_LIMIT_STOP
ULKER.IS:2024Q4,ULKER.IS,ULKER,2024Q4,2024-12-31,ANNUAL,INDUSTRIAL_OR_HOLDING,XUSIN.IS,UNKNOWN,CONSOLIDATED,,,2025-03-15,,[],,0,UNKNOWN,NONE,UNKNOWN,,UNKNOWN,UNKNOWN,UNKNOWN,SOURCE_ERROR,,,NOT_PROCESSED_RATE_LIMIT_STOP
ULKER.IS:2025Q1,ULKER.IS,ULKER,2025Q1,2025-03-31,INTERIM,INDUSTRIAL_OR_HOLDING,XUSIN.IS,UNKNOWN,CONSOLIDATED,,,2025-05-15,,[],,0,UNKNOWN,NONE,UNKNOWN,,UNKNOWN,UNKNOWN,UNKNOWN,SOURCE_ERROR,,,NOT_PROCESSED_RATE_LIMIT_STOP
ULKER.IS:2025Q2,ULKER.IS,ULKER,2025Q2,2025-06-30,INTERIM,INDUSTRIAL_OR_HOLDING,XUSIN.IS,UNKNOWN,CONSOLIDATED,,,2025-08-15,,[],,0,UNKNOWN,NONE,UNKNOWN,,UNKNOWN,UNKNOWN,UNKNOWN,SOURCE_ERROR,,,NOT_PROCESSED_RATE_LIMIT_STOP
ULKER.IS:2025Q3,ULKER.IS,ULKER,2025Q3,2025-09-30,INTERIM,INDUSTRIAL_OR_HOLDING,XUSIN.IS,UNKNOWN,CONSOLIDATED,,,2025-11-15,,[],,0,UNKNOWN,NONE,UNKNOWN,,UNKNOWN,UNKNOWN,UNKNOWN,SOURCE_ERROR,,,NOT_PROCESSED_RATE_LIMIT_STOP
ULKER.IS:2025Q4,ULKER.IS,ULKER,2025Q4,2025-12-31,ANNUAL,INDUSTRIAL_OR_HOLDING,XUSIN.IS,UNKNOWN,CONSOLIDATED,,,2026-03-15,,[],,0,UNKNOWN,NONE,UNKNOWN,,UNKNOWN,UNKNOWN,UNKNOWN,SOURCE_ERROR,,,NOT_PROCESSED_RATE_LIMIT_STOP
ULKER.IS:2026Q1,ULKER.IS,ULKER,2026Q1,2026-03-31,INTERIM,INDUSTRIAL_OR_HOLDING,XUSIN.IS,UNKNOWN,CONSOLIDATED,,,2026-05-15,,[],,0,UNKNOWN,NONE,UNKNOWN,,UNKNOWN,UNKNOWN,UNKNOWN,SOURCE_ERROR,,,NOT_PROCESSED_RATE_LIMIT_STOP
ULKER.IS:2026Q2,ULKER.IS,ULKER,2026Q2,2026-06-30,INTERIM,INDUSTRIAL_OR_HOLDING,XUSIN.IS,UNKNOWN,CONSOLIDATED,,,2026-08-15,,[],,0,UNKNOWN,NONE,UNKNOWN,,UNKNOWN,UNKNOWN,UNKNOWN,SOURCE_ERROR,,,NOT_PROCESSED_RATE_LIMIT_STOP
VAKBN.IS:2018Q1,VAKBN.IS,VAKBN,2018Q1,2018-03-31,INTERIM,BANK,XBANK.IS,UNKNOWN,NON_CONSOLIDATED,,,2018-05-15,,[],,0,UNKNOWN,NONE,UNKNOWN,,UNKNOWN,UNKNOWN,UNKNOWN,SOURCE_ERROR,,,NOT_PROCESSED_RATE_LIMIT_STOP
VAKBN.IS:2018Q2,VAKBN.IS,VAKBN,2018Q2,2018-06-30,INTERIM,BANK,XBANK.IS,UNKNOWN,NON_CONSOLIDATED,,,2018-08-15,,[],,0,UNKNOWN,NONE,UNKNOWN,,UNKNOWN,UNKNOWN,UNKNOWN,SOURCE_ERROR,,,NOT_PROCESSED_RATE_LIMIT_STOP
VAKBN.IS:2018Q3,VAKBN.IS,VAKBN,2018Q3,2018-09-30,INTERIM,BANK,XBANK.IS,UNKNOWN,NON_CONSOLIDATED,,,2018-11-15,,[],,0,UNKNOWN,NONE,UNKNOWN,,UNKNOWN,UNKNOWN,UNKNOWN,SOURCE_ERROR,,,NOT_PROCESSED_RATE_LIMIT_STOP
VAKBN.IS:2018Q4,VAKBN.IS,VAKBN,2018Q4,2018-12-31,ANNUAL,BANK,XBANK.IS,UNKNOWN,NON_CONSOLIDATED,,,2019-03-15,,[],,0,UNKNOWN,NONE,UNKNOWN,,UNKNOWN,UNKNOWN,UNKNOWN,SOURCE_ERROR,,,NOT_PROCESSED_RATE_LIMIT_STOP
VAKBN.IS:2019Q1,VAKBN.IS,VAKBN,2019Q1,2019-03-31,INTERIM,BANK,XBANK.IS,UNKNOWN,NON_CONSOLIDATED,,,2019-05-15,,[],,0,UNKNOWN,NONE,UNKNOWN,,UNKNOWN,UNKNOWN,UNKNOWN,SOURCE_ERROR,,,NOT_PROCESSED_RATE_LIMIT_STOP
VAKBN.IS:2019Q2,VAKBN.IS,VAKBN,2019Q2,2019-06-30,INTERIM,BANK,XBANK.IS,UNKNOWN,NON_CONSOLIDATED,,,2019-08-15,,[],,0,UNKNOWN,NONE,UNKNOWN,,UNKNOWN,UNKNOWN,UNKNOWN,SOURCE_ERROR,,,NOT_PROCESSED_RATE_LIMIT_STOP
VAKBN.IS:2019Q3,VAKBN.IS,VAKBN,2019Q3,2019-09-30,INTERIM,BANK,XBANK.IS,UNKNOWN,NON_CONSOLIDATED,,,2019-11-15,,[],,0,UNKNOWN,NONE,UNKNOWN,,UNKNOWN,UNKNOWN,UNKNOWN,SOURCE_ERROR,,,NOT_PROCESSED_RATE_LIMIT_STOP
VAKBN.IS:2019Q4,VAKBN.IS,VAKBN,2019Q4,2019-12-31,ANNUAL,BANK,XBANK.IS,UNKNOWN,NON_CONSOLIDATED,,,2020-03-15,,[],,0,UNKNOWN,NONE,UNKNOWN,,UNKNOWN,UNKNOWN,UNKNOWN,SOURCE_ERROR,,,NOT_PROCESSED_RATE_LIMIT_STOP
VAKBN.IS:2020Q1,VAKBN.IS,VAKBN,2020Q1,2020-03-31,INTERIM,BANK,XBANK.IS,UNKNOWN,NON_CONSOLIDATED,,,2020-05-15,,[],,0,UNKNOWN,NONE,UNKNOWN,,UNKNOWN,UNKNOWN,UNKNOWN,SOURCE_ERROR,,,NOT_PROCESSED_RATE_LIMIT_STOP
VAKBN.IS:2020Q2,VAKBN.IS,VAKBN,2020Q2,2020-06-30,INTERIM,BANK,XBANK.IS,UNKNOWN,NON_CONSOLIDATED,,,2020-08-15,,[],,0,UNKNOWN,NONE,UNKNOWN,,UNKNOWN,UNKNOWN,UNKNOWN,SOURCE_ERROR,,,NOT_PROCESSED_RATE_LIMIT_STOP
VAKBN.IS:2020Q3,VAKBN.IS,VAKBN,2020Q3,2020-09-30,INTERIM,BANK,XBANK.IS,UNKNOWN,NON_CONSOLIDATED,,,2020-11-15,,[],,0,UNKNOWN,NONE,UNKNOWN,,UNKNOWN,UNKNOWN,UNKNOWN,SOURCE_ERROR,,,NOT_PROCESSED_RATE_LIMIT_STOP
VAKBN.IS:2020Q4,VAKBN.IS,VAKBN,2020Q4,2020-12-31,ANNUAL,BANK,XBANK.IS,UNKNOWN,NON_CONSOLIDATED,,,2021-03-15,,[],,0,UNKNOWN,NONE,UNKNOWN,,UNKNOWN,UNKNOWN,UNKNOWN,SOURCE_ERROR,,,NOT_PROCESSED_RATE_LIMIT_STOP
VAKBN.IS:2021Q1,VAKBN.IS,VAKBN,2021Q1,2021-03-31,INTERIM,BANK,XBANK.IS,UNKNOWN,NON_CONSOLIDATED,,,2021-05-15,,[],,0,UNKNOWN,NONE,UNKNOWN,,UNKNOWN,UNKNOWN,UNKNOWN,SOURCE_ERROR,,,NOT_PROCESSED_RATE_LIMIT_STOP
VAKBN.IS:2021Q2,VAKBN.IS,VAKBN,2021Q2,2021-06-30,INTERIM,BANK,XBANK.IS,UNKNOWN,NON_CONSOLIDATED,,,2021-08-15,,[],,0,UNKNOWN,NONE,UNKNOWN,,UNKNOWN,UNKNOWN,UNKNOWN,SOURCE_ERROR,,,NOT_PROCESSED_RATE_LIMIT_STOP
VAKBN.IS:2021Q3,VAKBN.IS,VAKBN,2021Q3,2021-09-30,INTERIM,BANK,XBANK.IS,UNKNOWN,NON_CONSOLIDATED,,,2021-11-15,,[],,0,UNKNOWN,NONE,UNKNOWN,,UNKNOWN,UNKNOWN,UNKNOWN,SOURCE_ERROR,,,NOT_PROCESSED_RATE_LIMIT_STOP
VAKBN.IS:2021Q4,VAKBN.IS,VAKBN,2021Q4,2021-12-31,ANNUAL,BANK,XBANK.IS,UNKNOWN,NON_CONSOLIDATED,,,2022-03-15,,[],,0,UNKNOWN,NONE,UNKNOWN,,UNKNOWN,UNKNOWN,UNKNOWN,SOURCE_ERROR,,,NOT_PROCESSED_RATE_LIMIT_STOP
VAKBN.IS:2022Q1,VAKBN.IS,VAKBN,2022Q1,2022-03-31,INTERIM,BANK,XBANK.IS,UNKNOWN,NON_CONSOLIDATED,,,2022-05-15,,[],,0,UNKNOWN,NONE,UNKNOWN,,UNKNOWN,UNKNOWN,UNKNOWN,SOURCE_ERROR,,,NOT_PROCESSED_RATE_LIMIT_STOP
VAKBN.IS:2022Q2,VAKBN.IS,VAKBN,2022Q2,2022-06-30,INTERIM,BANK,XBANK.IS,UNKNOWN,NON_CONSOLIDATED,,,2022-08-15,,[],,0,UNKNOWN,NONE,UNKNOWN,,UNKNOWN,UNKNOWN,UNKNOWN,SOURCE_ERROR,,,NOT_PROCESSED_RATE_LIMIT_STOP
VAKBN.IS:2022Q3,VAKBN.IS,VAKBN,2022Q3,2022-09-30,INTERIM,BANK,XBANK.IS,UNKNOWN,NON_CONSOLIDATED,,,2022-11-15,,[],,0,UNKNOWN,NONE,UNKNOWN,,UNKNOWN,UNKNOWN,UNKNOWN,SOURCE_ERROR,,,NOT_PROCESSED_RATE_LIMIT_STOP
VAKBN.IS:2022Q4,VAKBN.IS,VAKBN,2022Q4,2022-12-31,ANNUAL,BANK,XBANK.IS,UNKNOWN,NON_CONSOLIDATED,,,2023-03-15,,[],,0,UNKNOWN,NONE,UNKNOWN,,UNKNOWN,UNKNOWN,UNKNOWN,SOURCE_ERROR,,,NOT_PROCESSED_RATE_LIMIT_STOP
VAKBN.IS:2023Q1,VAKBN.IS,VAKBN,2023Q1,2023-03-31,INTERIM,BANK,XBANK.IS,UNKNOWN,NON_CONSOLIDATED,,,2023-05-15,,[],,0,UNKNOWN,NONE,UNKNOWN,,UNKNOWN,UNKNOWN,UNKNOWN,SOURCE_ERROR,,,NOT_PROCESSED_RATE_LIMIT_STOP
VAKBN.IS:2023Q2,VAKBN.IS,VAKBN,2023Q2,2023-06-30,INTERIM,BANK,XBANK.IS,UNKNOWN,NON_CONSOLIDATED,,,2023-08-15,,[],,0,UNKNOWN,NONE,UNKNOWN,,UNKNOWN,UNKNOWN,UNKNOWN,SOURCE_ERROR,,,NOT_PROCESSED_RATE_LIMIT_STOP
VAKBN.IS:2023Q3,VAKBN.IS,VAKBN,2023Q3,2023-09-30,INTERIM,BANK,XBANK.IS,UNKNOWN,NON_CONSOLIDATED,,,2023-11-15,,[],,0,UNKNOWN,NONE,UNKNOWN,,UNKNOWN,UNKNOWN,UNKNOWN,SOURCE_ERROR,,,NOT_PROCESSED_RATE_LIMIT_STOP
VAKBN.IS:2023Q4,VAKBN.IS,VAKBN,2023Q4,2023-12-31,ANNUAL,BANK,XBANK.IS,UNKNOWN,NON_CONSOLIDATED,,,2024-03-15,,[],,0,UNKNOWN,NONE,UNKNOWN,,UNKNOWN,UNKNOWN,UNKNOWN,SOURCE_ERROR,,,NOT_PROCESSED_RATE_LIMIT_STOP
VAKBN.IS:2024Q1,VAKBN.IS,VAKBN,2024Q1,2024-03-31,INTERIM,BANK,XBANK.IS,UNKNOWN,NON_CONSOLIDATED,,,2024-05-15,,[],,0,UNKNOWN,NONE,UNKNOWN,,UNKNOWN,UNKNOWN,UNKNOWN,SOURCE_ERROR,,,NOT_PROCESSED_RATE_LIMIT_STOP
VAKBN.IS:2024Q2,VAKBN.IS,VAKBN,2024Q2,2024-06-30,INTERIM,BANK,XBANK.IS,UNKNOWN,NON_CONSOLIDATED,,,2024-08-15,,[],,0,UNKNOWN,NONE,UNKNOWN,,UNKNOWN,UNKNOWN,UNKNOWN,SOURCE_ERROR,,,NOT_PROCESSED_RATE_LIMIT_STOP
VAKBN.IS:2024Q3,VAKBN.IS,VAKBN,2024Q3,2024-09-30,INTERIM,BANK,XBANK.IS,UNKNOWN,NON_CONSOLIDATED,,,2024-11-15,,[],,0,UNKNOWN,NONE,UNKNOWN,,UNKNOWN,UNKNOWN,UNKNOWN,SOURCE_ERROR,,,NOT_PROCESSED_RATE_LIMIT_STOP
VAKBN.IS:2024Q4,VAKBN.IS,VAKBN,2024Q4,2024-12-31,ANNUAL,BANK,XBANK.IS,UNKNOWN,NON_CONSOLIDATED,,,2025-03-15,,[],,0,UNKNOWN,NONE,UNKNOWN,,UNKNOWN,UNKNOWN,UNKNOWN,SOURCE_ERROR,,,NOT_PROCESSED_RATE_LIMIT_STOP
VAKBN.IS:2025Q1,VAKBN.IS,VAKBN,2025Q1,2025-03-31,INTERIM,BANK,XBANK.IS,UNKNOWN,NON_CONSOLIDATED,,,2025-05-15,,[],,0,UNKNOWN,NONE,UNKNOWN,,UNKNOWN,UNKNOWN,UNKNOWN,SOURCE_ERROR,,,NOT_PROCESSED_RATE_LIMIT_STOP
VAKBN.IS:2025Q2,VAKBN.IS,VAKBN,2025Q2,2025-06-30,INTERIM,BANK,XBANK.IS,UNKNOWN,NON_CONSOLIDATED,,,2025-08-15,,[],,0,UNKNOWN,NONE,UNKNOWN,,UNKNOWN,UNKNOWN,UNKNOWN,SOURCE_ERROR,,,NOT_PROCESSED_RATE_LIMIT_STOP
VAKBN.IS:2025Q3,VAKBN.IS,VAKBN,2025Q3,2025-09-30,INTERIM,BANK,XBANK.IS,UNKNOWN,NON_CONSOLIDATED,,,2025-11-15,,[],,0,UNKNOWN,NONE,UNKNOWN,,UNKNOWN,UNKNOWN,UNKNOWN,SOURCE_ERROR,,,NOT_PROCESSED_RATE_LIMIT_STOP
VAKBN.IS:2025Q4,VAKBN.IS,VAKBN,2025Q4,2025-12-31,ANNUAL,BANK,XBANK.IS,UNKNOWN,NON_CONSOLIDATED,,,2026-03-15,,[],,0,UNKNOWN,NONE,UNKNOWN,,UNKNOWN,UNKNOWN,UNKNOWN,SOURCE_ERROR,,,NOT_PROCESSED_RATE_LIMIT_STOP
VAKBN.IS:2026Q1,VAKBN.IS,VAKBN,2026Q1,2026-03-31,INTERIM,BANK,XBANK.IS,UNKNOWN,NON_CONSOLIDATED,,,2026-05-15,,[],,0,UNKNOWN,NONE,UNKNOWN,,UNKNOWN,UNKNOWN,UNKNOWN,SOURCE_ERROR,,,NOT_PROCESSED_RATE_LIMIT_STOP
VAKBN.IS:2026Q2,VAKBN.IS,VAKBN,2026Q2,2026-06-30,INTERIM,BANK,XBANK.IS,UNKNOWN,NON_CONSOLIDATED,,,2026-08-15,,[],,0,UNKNOWN,NONE,UNKNOWN,,UNKNOWN,UNKNOWN,UNKNOWN,SOURCE_ERROR,,,NOT_PROCESSED_RATE_LIMIT_STOP
VESTL.IS:2018Q1,VESTL.IS,VESTL,2018Q1,2018-03-31,INTERIM,INDUSTRIAL_OR_HOLDING,XUSIN.IS,UNKNOWN,CONSOLIDATED,,,2018-05-15,,[],,0,UNKNOWN,NONE,UNKNOWN,,UNKNOWN,UNKNOWN,UNKNOWN,SOURCE_ERROR,,,NOT_PROCESSED_RATE_LIMIT_STOP
VESTL.IS:2018Q2,VESTL.IS,VESTL,2018Q2,2018-06-30,INTERIM,INDUSTRIAL_OR_HOLDING,XUSIN.IS,UNKNOWN,CONSOLIDATED,,,2018-08-15,,[],,0,UNKNOWN,NONE,UNKNOWN,,UNKNOWN,UNKNOWN,UNKNOWN,SOURCE_ERROR,,,NOT_PROCESSED_RATE_LIMIT_STOP
VESTL.IS:2018Q3,VESTL.IS,VESTL,2018Q3,2018-09-30,INTERIM,INDUSTRIAL_OR_HOLDING,XUSIN.IS,UNKNOWN,CONSOLIDATED,,,2018-11-15,,[],,0,UNKNOWN,NONE,UNKNOWN,,UNKNOWN,UNKNOWN,UNKNOWN,SOURCE_ERROR,,,NOT_PROCESSED_RATE_LIMIT_STOP
VESTL.IS:2018Q4,VESTL.IS,VESTL,2018Q4,2018-12-31,ANNUAL,INDUSTRIAL_OR_HOLDING,XUSIN.IS,UNKNOWN,CONSOLIDATED,,,2019-03-15,,[],,0,UNKNOWN,NONE,UNKNOWN,,UNKNOWN,UNKNOWN,UNKNOWN,SOURCE_ERROR,,,NOT_PROCESSED_RATE_LIMIT_STOP
VESTL.IS:2019Q1,VESTL.IS,VESTL,2019Q1,2019-03-31,INTERIM,INDUSTRIAL_OR_HOLDING,XUSIN.IS,UNKNOWN,CONSOLIDATED,,,2019-05-15,,[],,0,UNKNOWN,NONE,UNKNOWN,,UNKNOWN,UNKNOWN,UNKNOWN,SOURCE_ERROR,,,NOT_PROCESSED_RATE_LIMIT_STOP
VESTL.IS:2019Q2,VESTL.IS,VESTL,2019Q2,2019-06-30,INTERIM,INDUSTRIAL_OR_HOLDING,XUSIN.IS,UNKNOWN,CONSOLIDATED,,,2019-08-15,,[],,0,UNKNOWN,NONE,UNKNOWN,,UNKNOWN,UNKNOWN,UNKNOWN,SOURCE_ERROR,,,NOT_PROCESSED_RATE_LIMIT_STOP
VESTL.IS:2019Q3,VESTL.IS,VESTL,2019Q3,2019-09-30,INTERIM,INDUSTRIAL_OR_HOLDING,XUSIN.IS,UNKNOWN,CONSOLIDATED,,,2019-11-15,,[],,0,UNKNOWN,NONE,UNKNOWN,,UNKNOWN,UNKNOWN,UNKNOWN,SOURCE_ERROR,,,NOT_PROCESSED_RATE_LIMIT_STOP
VESTL.IS:2019Q4,VESTL.IS,VESTL,2019Q4,2019-12-31,ANNUAL,INDUSTRIAL_OR_HOLDING,XUSIN.IS,UNKNOWN,CONSOLIDATED,,,2020-03-15,,[],,0,UNKNOWN,NONE,UNKNOWN,,UNKNOWN,UNKNOWN,UNKNOWN,SOURCE_ERROR,,,NOT_PROCESSED_RATE_LIMIT_STOP
VESTL.IS:2020Q1,VESTL.IS,VESTL,2020Q1,2020-03-31,INTERIM,INDUSTRIAL_OR_HOLDING,XUSIN.IS,UNKNOWN,CONSOLIDATED,,,2020-05-15,,[],,0,UNKNOWN,NONE,UNKNOWN,,UNKNOWN,UNKNOWN,UNKNOWN,SOURCE_ERROR,,,NOT_PROCESSED_RATE_LIMIT_STOP
VESTL.IS:2020Q2,VESTL.IS,VESTL,2020Q2,2020-06-30,INTERIM,INDUSTRIAL_OR_HOLDING,XUSIN.IS,UNKNOWN,CONSOLIDATED,,,2020-08-15,,[],,0,UNKNOWN,NONE,UNKNOWN,,UNKNOWN,UNKNOWN,UNKNOWN,SOURCE_ERROR,,,NOT_PROCESSED_RATE_LIMIT_STOP
VESTL.IS:2020Q3,VESTL.IS,VESTL,2020Q3,2020-09-30,INTERIM,INDUSTRIAL_OR_HOLDING,XUSIN.IS,UNKNOWN,CONSOLIDATED,,,2020-11-15,,[],,0,UNKNOWN,NONE,UNKNOWN,,UNKNOWN,UNKNOWN,UNKNOWN,SOURCE_ERROR,,,NOT_PROCESSED_RATE_LIMIT_STOP
VESTL.IS:2020Q4,VESTL.IS,VESTL,2020Q4,2020-12-31,ANNUAL,INDUSTRIAL_OR_HOLDING,XUSIN.IS,UNKNOWN,CONSOLIDATED,,,2021-03-15,,[],,0,UNKNOWN,NONE,UNKNOWN,,UNKNOWN,UNKNOWN,UNKNOWN,SOURCE_ERROR,,,NOT_PROCESSED_RATE_LIMIT_STOP
VESTL.IS:2021Q1,VESTL.IS,VESTL,2021Q1,2021-03-31,INTERIM,INDUSTRIAL_OR_HOLDING,XUSIN.IS,UNKNOWN,CONSOLIDATED,,,2021-05-15,,[],,0,UNKNOWN,NONE,UNKNOWN,,UNKNOWN,UNKNOWN,UNKNOWN,SOURCE_ERROR,,,NOT_PROCESSED_RATE_LIMIT_STOP
VESTL.IS:2021Q2,VESTL.IS,VESTL,2021Q2,2021-06-30,INTERIM,INDUSTRIAL_OR_HOLDING,XUSIN.IS,UNKNOWN,CONSOLIDATED,,,2021-08-15,,[],,0,UNKNOWN,NONE,UNKNOWN,,UNKNOWN,UNKNOWN,UNKNOWN,SOURCE_ERROR,,,NOT_PROCESSED_RATE_LIMIT_STOP
VESTL.IS:2021Q3,VESTL.IS,VESTL,2021Q3,2021-09-30,INTERIM,INDUSTRIAL_OR_HOLDING,XUSIN.IS,UNKNOWN,CONSOLIDATED,,,2021-11-15,,[],,0,UNKNOWN,NONE,UNKNOWN,,UNKNOWN,UNKNOWN,UNKNOWN,SOURCE_ERROR,,,NOT_PROCESSED_RATE_LIMIT_STOP
VESTL.IS:2021Q4,VESTL.IS,VESTL,2021Q4,2021-12-31,ANNUAL,INDUSTRIAL_OR_HOLDING,XUSIN.IS,UNKNOWN,CONSOLIDATED,,,2022-03-15,,[],,0,UNKNOWN,NONE,UNKNOWN,,UNKNOWN,UNKNOWN,UNKNOWN,SOURCE_ERROR,,,NOT_PROCESSED_RATE_LIMIT_STOP
VESTL.IS:2022Q1,VESTL.IS,VESTL,2022Q1,2022-03-31,INTERIM,INDUSTRIAL_OR_HOLDING,XUSIN.IS,UNKNOWN,CONSOLIDATED,,,2022-05-15,,[],,0,UNKNOWN,NONE,UNKNOWN,,UNKNOWN,UNKNOWN,UNKNOWN,SOURCE_ERROR,,,NOT_PROCESSED_RATE_LIMIT_STOP
VESTL.IS:2022Q2,VESTL.IS,VESTL,2022Q2,2022-06-30,INTERIM,INDUSTRIAL_OR_HOLDING,XUSIN.IS,UNKNOWN,CONSOLIDATED,,,2022-08-15,,[],,0,UNKNOWN,NONE,UNKNOWN,,UNKNOWN,UNKNOWN,UNKNOWN,SOURCE_ERROR,,,NOT_PROCESSED_RATE_LIMIT_STOP
VESTL.IS:2022Q3,VESTL.IS,VESTL,2022Q3,2022-09-30,INTERIM,INDUSTRIAL_OR_HOLDING,XUSIN.IS,UNKNOWN,CONSOLIDATED,,,2022-11-15,,[],,0,UNKNOWN,NONE,UNKNOWN,,UNKNOWN,UNKNOWN,UNKNOWN,SOURCE_ERROR,,,NOT_PROCESSED_RATE_LIMIT_STOP
VESTL.IS:2022Q4,VESTL.IS,VESTL,2022Q4,2022-12-31,ANNUAL,INDUSTRIAL_OR_HOLDING,XUSIN.IS,UNKNOWN,CONSOLIDATED,,,2023-03-15,,[],,0,UNKNOWN,NONE,UNKNOWN,,UNKNOWN,UNKNOWN,UNKNOWN,SOURCE_ERROR,,,NOT_PROCESSED_RATE_LIMIT_STOP
VESTL.IS:2023Q1,VESTL.IS,VESTL,2023Q1,2023-03-31,INTERIM,INDUSTRIAL_OR_HOLDING,XUSIN.IS,UNKNOWN,CONSOLIDATED,,,2023-05-15,,[],,0,UNKNOWN,NONE,UNKNOWN,,UNKNOWN,UNKNOWN,UNKNOWN,SOURCE_ERROR,,,NOT_PROCESSED_RATE_LIMIT_STOP
VESTL.IS:2023Q2,VESTL.IS,VESTL,2023Q2,2023-06-30,INTERIM,INDUSTRIAL_OR_HOLDING,XUSIN.IS,UNKNOWN,CONSOLIDATED,,,2023-08-15,,[],,0,UNKNOWN,NONE,UNKNOWN,,UNKNOWN,UNKNOWN,UNKNOWN,SOURCE_ERROR,,,NOT_PROCESSED_RATE_LIMIT_STOP
VESTL.IS:2023Q3,VESTL.IS,VESTL,2023Q3,2023-09-30,INTERIM,INDUSTRIAL_OR_HOLDING,XUSIN.IS,UNKNOWN,CONSOLIDATED,,,2023-11-15,,[],,0,UNKNOWN,NONE,UNKNOWN,,UNKNOWN,UNKNOWN,UNKNOWN,SOURCE_ERROR,,,NOT_PROCESSED_RATE_LIMIT_STOP
VESTL.IS:2023Q4,VESTL.IS,VESTL,2023Q4,2023-12-31,ANNUAL,INDUSTRIAL_OR_HOLDING,XUSIN.IS,UNKNOWN,CONSOLIDATED,,,2024-03-15,,[],,0,UNKNOWN,NONE,UNKNOWN,,UNKNOWN,UNKNOWN,UNKNOWN,SOURCE_ERROR,,,NOT_PROCESSED_RATE_LIMIT_STOP
VESTL.IS:2024Q1,VESTL.IS,VESTL,2024Q1,2024-03-31,INTERIM,INDUSTRIAL_OR_HOLDING,XUSIN.IS,UNKNOWN,CONSOLIDATED,,,2024-05-15,,[],,0,UNKNOWN,NONE,UNKNOWN,,UNKNOWN,UNKNOWN,UNKNOWN,SOURCE_ERROR,,,NOT_PROCESSED_RATE_LIMIT_STOP
VESTL.IS:2024Q2,VESTL.IS,VESTL,2024Q2,2024-06-30,INTERIM,INDUSTRIAL_OR_HOLDING,XUSIN.IS,UNKNOWN,CONSOLIDATED,,,2024-08-15,,[],,0,UNKNOWN,NONE,UNKNOWN,,UNKNOWN,UNKNOWN,UNKNOWN,SOURCE_ERROR,,,NOT_PROCESSED_RATE_LIMIT_STOP
VESTL.IS:2024Q3,VESTL.IS,VESTL,2024Q3,2024-09-30,INTERIM,INDUSTRIAL_OR_HOLDING,XUSIN.IS,UNKNOWN,CONSOLIDATED,,,2024-11-15,,[],,0,UNKNOWN,NONE,UNKNOWN,,UNKNOWN,UNKNOWN,UNKNOWN,SOURCE_ERROR,,,NOT_PROCESSED_RATE_LIMIT_STOP
VESTL.IS:2024Q4,VESTL.IS,VESTL,2024Q4,2024-12-31,ANNUAL,INDUSTRIAL_OR_HOLDING,XUSIN.IS,UNKNOWN,CONSOLIDATED,,,2025-03-15,,[],,0,UNKNOWN,NONE,UNKNOWN,,UNKNOWN,UNKNOWN,UNKNOWN,SOURCE_ERROR,,,NOT_PROCESSED_RATE_LIMIT_STOP
VESTL.IS:2025Q1,VESTL.IS,VESTL,2025Q1,2025-03-31,INTERIM,INDUSTRIAL_OR_HOLDING,XUSIN.IS,UNKNOWN,CONSOLIDATED,,,2025-05-15,,[],,0,UNKNOWN,NONE,UNKNOWN,,UNKNOWN,UNKNOWN,UNKNOWN,SOURCE_ERROR,,,NOT_PROCESSED_RATE_LIMIT_STOP
VESTL.IS:2025Q2,VESTL.IS,VESTL,2025Q2,2025-06-30,INTERIM,INDUSTRIAL_OR_HOLDING,XUSIN.IS,UNKNOWN,CONSOLIDATED,,,2025-08-15,,[],,0,UNKNOWN,NONE,UNKNOWN,,UNKNOWN,UNKNOWN,UNKNOWN,SOURCE_ERROR,,,NOT_PROCESSED_RATE_LIMIT_STOP
VESTL.IS:2025Q3,VESTL.IS,VESTL,2025Q3,2025-09-30,INTERIM,INDUSTRIAL_OR_HOLDING,XUSIN.IS,UNKNOWN,CONSOLIDATED,,,2025-11-15,,[],,0,UNKNOWN,NONE,UNKNOWN,,UNKNOWN,UNKNOWN,UNKNOWN,SOURCE_ERROR,,,NOT_PROCESSED_RATE_LIMIT_STOP
VESTL.IS:2025Q4,VESTL.IS,VESTL,2025Q4,2025-12-31,ANNUAL,INDUSTRIAL_OR_HOLDING,XUSIN.IS,UNKNOWN,CONSOLIDATED,,,2026-03-15,,[],,0,UNKNOWN,NONE,UNKNOWN,,UNKNOWN,UNKNOWN,UNKNOWN,SOURCE_ERROR,,,NOT_PROCESSED_RATE_LIMIT_STOP
VESTL.IS:2026Q1,VESTL.IS,VESTL,2026Q1,2026-03-31,INTERIM,INDUSTRIAL_OR_HOLDING,XUSIN.IS,UNKNOWN,CONSOLIDATED,,,2026-05-15,,[],,0,UNKNOWN,NONE,UNKNOWN,,UNKNOWN,UNKNOWN,UNKNOWN,SOURCE_ERROR,,,NOT_PROCESSED_RATE_LIMIT_STOP
VESTL.IS:2026Q2,VESTL.IS,VESTL,2026Q2,2026-06-30,INTERIM,INDUSTRIAL_OR_HOLDING,XUSIN.IS,UNKNOWN,CONSOLIDATED,,,2026-08-15,,[],,0,UNKNOWN,NONE,UNKNOWN,,UNKNOWN,UNKNOWN,UNKNOWN,SOURCE_ERROR,,,NOT_PROCESSED_RATE_LIMIT_STOP
YKBNK.IS:2018Q1,YKBNK.IS,YKBNK,2018Q1,2018-03-31,INTERIM,BANK,XBANK.IS,UNKNOWN,NON_CONSOLIDATED,,,2018-05-15,,[],,0,UNKNOWN,NONE,UNKNOWN,,UNKNOWN,UNKNOWN,UNKNOWN,SOURCE_ERROR,,,NOT_PROCESSED_RATE_LIMIT_STOP
YKBNK.IS:2018Q2,YKBNK.IS,YKBNK,2018Q2,2018-06-30,INTERIM,BANK,XBANK.IS,UNKNOWN,NON_CONSOLIDATED,,,2018-08-15,,[],,0,UNKNOWN,NONE,UNKNOWN,,UNKNOWN,UNKNOWN,UNKNOWN,SOURCE_ERROR,,,NOT_PROCESSED_RATE_LIMIT_STOP
YKBNK.IS:2018Q3,YKBNK.IS,YKBNK,2018Q3,2018-09-30,INTERIM,BANK,XBANK.IS,UNKNOWN,NON_CONSOLIDATED,,,2018-11-15,,[],,0,UNKNOWN,NONE,UNKNOWN,,UNKNOWN,UNKNOWN,UNKNOWN,SOURCE_ERROR,,,NOT_PROCESSED_RATE_LIMIT_STOP
YKBNK.IS:2018Q4,YKBNK.IS,YKBNK,2018Q4,2018-12-31,ANNUAL,BANK,XBANK.IS,UNKNOWN,NON_CONSOLIDATED,,,2019-03-15,,[],,0,UNKNOWN,NONE,UNKNOWN,,UNKNOWN,UNKNOWN,UNKNOWN,SOURCE_ERROR,,,NOT_PROCESSED_RATE_LIMIT_STOP
YKBNK.IS:2019Q1,YKBNK.IS,YKBNK,2019Q1,2019-03-31,INTERIM,BANK,XBANK.IS,UNKNOWN,NON_CONSOLIDATED,,,2019-05-15,,[],,0,UNKNOWN,NONE,UNKNOWN,,UNKNOWN,UNKNOWN,UNKNOWN,SOURCE_ERROR,,,NOT_PROCESSED_RATE_LIMIT_STOP
YKBNK.IS:2019Q2,YKBNK.IS,YKBNK,2019Q2,2019-06-30,INTERIM,BANK,XBANK.IS,UNKNOWN,NON_CONSOLIDATED,,,2019-08-15,,[],,0,UNKNOWN,NONE,UNKNOWN,,UNKNOWN,UNKNOWN,UNKNOWN,SOURCE_ERROR,,,NOT_PROCESSED_RATE_LIMIT_STOP
YKBNK.IS:2019Q3,YKBNK.IS,YKBNK,2019Q3,2019-09-30,INTERIM,BANK,XBANK.IS,UNKNOWN,NON_CONSOLIDATED,,,2019-11-15,,[],,0,UNKNOWN,NONE,UNKNOWN,,UNKNOWN,UNKNOWN,UNKNOWN,SOURCE_ERROR,,,NOT_PROCESSED_RATE_LIMIT_STOP
YKBNK.IS:2019Q4,YKBNK.IS,YKBNK,2019Q4,2019-12-31,ANNUAL,BANK,XBANK.IS,UNKNOWN,NON_CONSOLIDATED,,,2020-03-15,,[],,0,UNKNOWN,NONE,UNKNOWN,,UNKNOWN,UNKNOWN,UNKNOWN,SOURCE_ERROR,,,NOT_PROCESSED_RATE_LIMIT_STOP
YKBNK.IS:2020Q1,YKBNK.IS,YKBNK,2020Q1,2020-03-31,INTERIM,BANK,XBANK.IS,UNKNOWN,NON_CONSOLIDATED,,,2020-05-15,,[],,0,UNKNOWN,NONE,UNKNOWN,,UNKNOWN,UNKNOWN,UNKNOWN,SOURCE_ERROR,,,NOT_PROCESSED_RATE_LIMIT_STOP
YKBNK.IS:2020Q2,YKBNK.IS,YKBNK,2020Q2,2020-06-30,INTERIM,BANK,XBANK.IS,UNKNOWN,NON_CONSOLIDATED,,,2020-08-15,,[],,0,UNKNOWN,NONE,UNKNOWN,,UNKNOWN,UNKNOWN,UNKNOWN,SOURCE_ERROR,,,NOT_PROCESSED_RATE_LIMIT_STOP
YKBNK.IS:2020Q3,YKBNK.IS,YKBNK,2020Q3,2020-09-30,INTERIM,BANK,XBANK.IS,UNKNOWN,NON_CONSOLIDATED,,,2020-11-15,,[],,0,UNKNOWN,NONE,UNKNOWN,,UNKNOWN,UNKNOWN,UNKNOWN,SOURCE_ERROR,,,NOT_PROCESSED_RATE_LIMIT_STOP
YKBNK.IS:2020Q4,YKBNK.IS,YKBNK,2020Q4,2020-12-31,ANNUAL,BANK,XBANK.IS,UNKNOWN,NON_CONSOLIDATED,,,2021-03-15,,[],,0,UNKNOWN,NONE,UNKNOWN,,UNKNOWN,UNKNOWN,UNKNOWN,SOURCE_ERROR,,,NOT_PROCESSED_RATE_LIMIT_STOP
YKBNK.IS:2021Q1,YKBNK.IS,YKBNK,2021Q1,2021-03-31,INTERIM,BANK,XBANK.IS,UNKNOWN,NON_CONSOLIDATED,,,2021-05-15,,[],,0,UNKNOWN,NONE,UNKNOWN,,UNKNOWN,UNKNOWN,UNKNOWN,SOURCE_ERROR,,,NOT_PROCESSED_RATE_LIMIT_STOP
YKBNK.IS:2021Q2,YKBNK.IS,YKBNK,2021Q2,2021-06-30,INTERIM,BANK,XBANK.IS,UNKNOWN,NON_CONSOLIDATED,,,2021-08-15,,[],,0,UNKNOWN,NONE,UNKNOWN,,UNKNOWN,UNKNOWN,UNKNOWN,SOURCE_ERROR,,,NOT_PROCESSED_RATE_LIMIT_STOP
YKBNK.IS:2021Q3,YKBNK.IS,YKBNK,2021Q3,2021-09-30,INTERIM,BANK,XBANK.IS,UNKNOWN,NON_CONSOLIDATED,,,2021-11-15,,[],,0,UNKNOWN,NONE,UNKNOWN,,UNKNOWN,UNKNOWN,UNKNOWN,SOURCE_ERROR,,,NOT_PROCESSED_RATE_LIMIT_STOP
YKBNK.IS:2021Q4,YKBNK.IS,YKBNK,2021Q4,2021-12-31,ANNUAL,BANK,XBANK.IS,UNKNOWN,NON_CONSOLIDATED,,,2022-03-15,,[],,0,UNKNOWN,NONE,UNKNOWN,,UNKNOWN,UNKNOWN,UNKNOWN,SOURCE_ERROR,,,NOT_PROCESSED_RATE_LIMIT_STOP
YKBNK.IS:2022Q1,YKBNK.IS,YKBNK,2022Q1,2022-03-31,INTERIM,BANK,XBANK.IS,UNKNOWN,NON_CONSOLIDATED,,,2022-05-15,,[],,0,UNKNOWN,NONE,UNKNOWN,,UNKNOWN,UNKNOWN,UNKNOWN,SOURCE_ERROR,,,NOT_PROCESSED_RATE_LIMIT_STOP
YKBNK.IS:2022Q2,YKBNK.IS,YKBNK,2022Q2,2022-06-30,INTERIM,BANK,XBANK.IS,UNKNOWN,NON_CONSOLIDATED,,,2022-08-15,,[],,0,UNKNOWN,NONE,UNKNOWN,,UNKNOWN,UNKNOWN,UNKNOWN,SOURCE_ERROR,,,NOT_PROCESSED_RATE_LIMIT_STOP
YKBNK.IS:2022Q3,YKBNK.IS,YKBNK,2022Q3,2022-09-30,INTERIM,BANK,XBANK.IS,UNKNOWN,NON_CONSOLIDATED,,,2022-11-15,,[],,0,UNKNOWN,NONE,UNKNOWN,,UNKNOWN,UNKNOWN,UNKNOWN,SOURCE_ERROR,,,NOT_PROCESSED_RATE_LIMIT_STOP
YKBNK.IS:2022Q4,YKBNK.IS,YKBNK,2022Q4,2022-12-31,ANNUAL,BANK,XBANK.IS,UNKNOWN,NON_CONSOLIDATED,,,2023-03-15,,[],,0,UNKNOWN,NONE,UNKNOWN,,UNKNOWN,UNKNOWN,UNKNOWN,SOURCE_ERROR,,,NOT_PROCESSED_RATE_LIMIT_STOP
YKBNK.IS:2023Q1,YKBNK.IS,YKBNK,2023Q1,2023-03-31,INTERIM,BANK,XBANK.IS,UNKNOWN,NON_CONSOLIDATED,,,2023-05-15,,[],,0,UNKNOWN,NONE,UNKNOWN,,UNKNOWN,UNKNOWN,UNKNOWN,SOURCE_ERROR,,,NOT_PROCESSED_RATE_LIMIT_STOP
YKBNK.IS:2023Q2,YKBNK.IS,YKBNK,2023Q2,2023-06-30,INTERIM,BANK,XBANK.IS,UNKNOWN,NON_CONSOLIDATED,,,2023-08-15,,[],,0,UNKNOWN,NONE,UNKNOWN,,UNKNOWN,UNKNOWN,UNKNOWN,SOURCE_ERROR,,,NOT_PROCESSED_RATE_LIMIT_STOP
YKBNK.IS:2023Q3,YKBNK.IS,YKBNK,2023Q3,2023-09-30,INTERIM,BANK,XBANK.IS,UNKNOWN,NON_CONSOLIDATED,,,2023-11-15,,[],,0,UNKNOWN,NONE,UNKNOWN,,UNKNOWN,UNKNOWN,UNKNOWN,SOURCE_ERROR,,,NOT_PROCESSED_RATE_LIMIT_STOP
YKBNK.IS:2023Q4,YKBNK.IS,YKBNK,2023Q4,2023-12-31,ANNUAL,BANK,XBANK.IS,UNKNOWN,NON_CONSOLIDATED,,,2024-03-15,,[],,0,UNKNOWN,NONE,UNKNOWN,,UNKNOWN,UNKNOWN,UNKNOWN,SOURCE_ERROR,,,NOT_PROCESSED_RATE_LIMIT_STOP
YKBNK.IS:2024Q1,YKBNK.IS,YKBNK,2024Q1,2024-03-31,INTERIM,BANK,XBANK.IS,UNKNOWN,NON_CONSOLIDATED,,,2024-05-15,,[],,0,UNKNOWN,NONE,UNKNOWN,,UNKNOWN,UNKNOWN,UNKNOWN,SOURCE_ERROR,,,NOT_PROCESSED_RATE_LIMIT_STOP
YKBNK.IS:2024Q2,YKBNK.IS,YKBNK,2024Q2,2024-06-30,INTERIM,BANK,XBANK.IS,UNKNOWN,NON_CONSOLIDATED,,,2024-08-15,,[],,0,UNKNOWN,NONE,UNKNOWN,,UNKNOWN,UNKNOWN,UNKNOWN,SOURCE_ERROR,,,NOT_PROCESSED_RATE_LIMIT_STOP
YKBNK.IS:2024Q3,YKBNK.IS,YKBNK,2024Q3,2024-09-30,INTERIM,BANK,XBANK.IS,UNKNOWN,NON_CONSOLIDATED,,,2024-11-15,,[],,0,UNKNOWN,NONE,UNKNOWN,,UNKNOWN,UNKNOWN,UNKNOWN,SOURCE_ERROR,,,NOT_PROCESSED_RATE_LIMIT_STOP
YKBNK.IS:2024Q4,YKBNK.IS,YKBNK,2024Q4,2024-12-31,ANNUAL,BANK,XBANK.IS,UNKNOWN,NON_CONSOLIDATED,,,2025-03-15,,[],,0,UNKNOWN,NONE,UNKNOWN,,UNKNOWN,UNKNOWN,UNKNOWN,SOURCE_ERROR,,,NOT_PROCESSED_RATE_LIMIT_STOP
YKBNK.IS:2025Q1,YKBNK.IS,YKBNK,2025Q1,2025-03-31,INTERIM,BANK,XBANK.IS,UNKNOWN,NON_CONSOLIDATED,,,2025-05-15,,[],,0,UNKNOWN,NONE,UNKNOWN,,UNKNOWN,UNKNOWN,UNKNOWN,SOURCE_ERROR,,,NOT_PROCESSED_RATE_LIMIT_STOP
YKBNK.IS:2025Q2,YKBNK.IS,YKBNK,2025Q2,2025-06-30,INTERIM,BANK,XBANK.IS,UNKNOWN,NON_CONSOLIDATED,,,2025-08-15,,[],,0,UNKNOWN,NONE,UNKNOWN,,UNKNOWN,UNKNOWN,UNKNOWN,SOURCE_ERROR,,,NOT_PROCESSED_RATE_LIMIT_STOP
YKBNK.IS:2025Q3,YKBNK.IS,YKBNK,2025Q3,2025-09-30,INTERIM,BANK,XBANK.IS,UNKNOWN,NON_CONSOLIDATED,,,2025-11-15,,[],,0,UNKNOWN,NONE,UNKNOWN,,UNKNOWN,UNKNOWN,UNKNOWN,SOURCE_ERROR,,,NOT_PROCESSED_RATE_LIMIT_STOP
YKBNK.IS:2025Q4,YKBNK.IS,YKBNK,2025Q4,2025-12-31,ANNUAL,BANK,XBANK.IS,UNKNOWN,NON_CONSOLIDATED,,,2026-03-15,,[],,0,UNKNOWN,NONE,UNKNOWN,,UNKNOWN,UNKNOWN,UNKNOWN,SOURCE_ERROR,,,NOT_PROCESSED_RATE_LIMIT_STOP
YKBNK.IS:2026Q1,YKBNK.IS,YKBNK,2026Q1,2026-03-31,INTERIM,BANK,XBANK.IS,UNKNOWN,NON_CONSOLIDATED,,,2026-05-15,,[],,0,UNKNOWN,NONE,UNKNOWN,,UNKNOWN,UNKNOWN,UNKNOWN,SOURCE_ERROR,,,NOT_PROCESSED_RATE_LIMIT_STOP
YKBNK.IS:2026Q2,YKBNK.IS,YKBNK,2026Q2,2026-06-30,INTERIM,BANK,XBANK.IS,UNKNOWN,NON_CONSOLIDATED,,,2026-08-15,,[],,0,UNKNOWN,NONE,UNKNOWN,,UNKNOWN,UNKNOWN,UNKNOWN,SOURCE_ERROR,,,NOT_PROCESSED_RATE_LIMIT_STOP
