trading_status,raw_close,raw_high,raw_low,volume,symbol,date,changed_ohlc
UNRESOLVED_NO_TRADE_OR_STALE,2.4200000762939453,2.4200000762939453,2.4200000762939453,0,AEFES.IS,2018-01-01,False
UNRESOLVED_NO_TRADE_OR_STALE,2.6500000953674316,2.6500000953674316,2.6500000953674316,0,AEFES.IS,2018-04-23,False
UNRESOLVED_NO_TRADE_OR_STALE,2.677999973297119,2.677999973297119,2.677999973297119,0,AEFES.IS,2018-05-01,False
UNRESOLVED_NO_TRADE_OR_STALE,2.3580000400543213,2.3580000400543213,2.3580000400543213,0,AEFES.IS,2018-06-15,False
UNRESOLVED_NO_TRADE_OR_STALE,2.140000104904175,2.140000104904175,2.140000104904175,0,AEFES.IS,2018-08-21,False
UNRESOLVED_NO_TRADE_OR_STALE,2.140000104904175,2.140000104904175,2.140000104904175,0,AEFES.IS,2018-08-22,False
UNRESOLVED_NO_TRADE_OR_STALE,2.140000104904175,2.140000104904175,2.140000104904175,0,AEFES.IS,2018-08-23,False
UNRESOLVED_NO_TRADE_OR_STALE,2.140000104904175,2.140000104904175,2.140000104904175,0,AEFES.IS,2018-08-24,False
UNRESOLVED_NO_TRADE_OR_STALE,2.1600000858306885,2.1600000858306885,2.1600000858306885,0,AEFES.IS,2018-08-30,False
UNRESOLVED_NO_TRADE_OR_STALE,1.8559999465942383,1.8559999465942383,1.8559999465942383,0,AEFES.IS,2018-10-29,False
UNRESOLVED_NO_TRADE_OR_STALE,2.063999891281128,2.063999891281128,2.063999891281128,0,AEFES.IS,2019-01-01,False
UNRESOLVED_NO_TRADE_OR_STALE,1.940000057220459,1.940000057220459,1.940000057220459,0,AEFES.IS,2019-04-23,False
UNRESOLVED_NO_TRADE_OR_STALE,1.9789999723434448,1.9789999723434448,1.9789999723434448,0,AEFES.IS,2019-05-01,False
UNRESOLVED_NO_TRADE_OR_STALE,1.8890000581741333,1.8890000581741333,1.8890000581741333,0,AEFES.IS,2019-06-04,False
UNRESOLVED_NO_TRADE_OR_STALE,1.8890000581741333,1.8890000581741333,1.8890000581741333,0,AEFES.IS,2019-06-05,False
UNRESOLVED_NO_TRADE_OR_STALE,1.8890000581741333,1.8890000581741333,1.8890000581741333,0,AEFES.IS,2019-06-06,False
UNRESOLVED_NO_TRADE_OR_STALE,1.99399995803833,1.99399995803833,1.99399995803833,0,AEFES.IS,2019-07-15,False
UNRESOLVED_NO_TRADE_OR_STALE,2.375999927520752,2.375999927520752,2.375999927520752,0,AEFES.IS,2019-08-12,False
UNRESOLVED_NO_TRADE_OR_STALE,2.375999927520752,2.375999927520752,2.375999927520752,0,AEFES.IS,2019-08-13,False
UNRESOLVED_NO_TRADE_OR_STALE,2.375999927520752,2.375999927520752,2.375999927520752,0,AEFES.IS,2019-08-14,False
UNRESOLVED_NO_TRADE_OR_STALE,2.562000036239624,2.562000036239624,2.562000036239624,0,AEFES.IS,2019-08-30,False
UNRESOLVED_NO_TRADE_OR_STALE,2.0799999237060547,2.0799999237060547,2.0799999237060547,0,AEFES.IS,2020-03-11,False
UNRESOLVED_NO_TRADE_OR_STALE,16.770000457763672,16.770000457763672,16.770000457763672,0,AEFES.IS,2024-04-09,False
UNRESOLVED_NO_TRADE_OR_STALE,19.299999237060547,19.299999237060547,19.299999237060547,0,AEFES.IS,2026-05-27,False
UNRESOLVED_NO_TRADE_OR_STALE,19.299999237060547,19.299999237060547,19.299999237060547,0,AEFES.IS,2026-05-28,False
UNRESOLVED_NO_TRADE_OR_STALE,19.299999237060547,19.299999237060547,19.299999237060547,0,AEFES.IS,2026-05-29,False
UNRESOLVED_NO_TRADE_OR_STALE,2.369999885559082,2.369999885559082,2.369999885559082,0,AGHOL.IS,2018-01-01,False
UNRESOLVED_NO_TRADE_OR_STALE,2.1659998893737793,2.1659998893737793,2.1659998893737793,0,AGHOL.IS,2018-04-23,False
UNRESOLVED_NO_TRADE_OR_STALE,2.138000011444092,2.138000011444092,2.138000011444092,0,AGHOL.IS,2018-05-01,False
UNRESOLVED_NO_TRADE_OR_STALE,2.2639999389648438,2.2639999389648438,2.2639999389648438,0,AGHOL.IS,2018-06-15,False
UNRESOLVED_NO_TRADE_OR_STALE,1.843000054359436,1.843000054359436,1.843000054359436,0,AGHOL.IS,2018-08-21,False
UNRESOLVED_NO_TRADE_OR_STALE,1.843000054359436,1.843000054359436,1.843000054359436,0,AGHOL.IS,2018-08-22,False
UNRESOLVED_NO_TRADE_OR_STALE,1.843000054359436,1.843000054359436,1.843000054359436,0,AGHOL.IS,2018-08-23,False
UNRESOLVED_NO_TRADE_OR_STALE,1.843000054359436,1.843000054359436,1.843000054359436,0,AGHOL.IS,2018-08-24,False
UNRESOLVED_NO_TRADE_OR_STALE,1.8209999799728394,1.8209999799728394,1.8209999799728394,0,AGHOL.IS,2018-08-30,False
UNRESOLVED_NO_TRADE_OR_STALE,1.2070000171661377,1.2070000171661377,1.2070000171661377,0,AGHOL.IS,2018-10-29,False
UNRESOLVED_NO_TRADE_OR_STALE,1.024999976158142,1.024999976158142,1.024999976158142,0,AGHOL.IS,2019-01-01,False
UNRESOLVED_NO_TRADE_OR_STALE,1.315000057220459,1.315000057220459,1.315000057220459,0,AGHOL.IS,2019-04-23,False
UNRESOLVED_NO_TRADE_OR_STALE,1.2690000534057617,1.2690000534057617,1.2690000534057617,0,AGHOL.IS,2019-05-01,False
UNRESOLVED_NO_TRADE_OR_STALE,0.9959999918937683,0.9959999918937683,0.9959999918937683,0,AGHOL.IS,2019-06-04,False
UNRESOLVED_NO_TRADE_OR_STALE,0.9959999918937683,0.9959999918937683,0.9959999918937683,0,AGHOL.IS,2019-06-05,False
UNRESOLVED_NO_TRADE_OR_STALE,0.9959999918937683,0.9959999918937683,0.9959999918937683,0,AGHOL.IS,2019-06-06,False
UNRESOLVED_NO_TRADE_OR_STALE,1.0520000457763672,1.0520000457763672,1.0520000457763672,0,AGHOL.IS,2019-07-15,False
UNRESOLVED_NO_TRADE_OR_STALE,1.2999999523162842,1.2999999523162842,1.2999999523162842,0,AGHOL.IS,2019-08-12,False
UNRESOLVED_NO_TRADE_OR_STALE,1.2999999523162842,1.2999999523162842,1.2999999523162842,0,AGHOL.IS,2019-08-13,False
UNRESOLVED_NO_TRADE_OR_STALE,1.2999999523162842,1.2999999523162842,1.2999999523162842,0,AGHOL.IS,2019-08-14,False
UNRESOLVED_NO_TRADE_OR_STALE,1.2790000438690186,1.2790000438690186,1.2790000438690186,0,AGHOL.IS,2019-08-30,False
UNRESOLVED_NO_TRADE_OR_STALE,29.924999237060547,29.924999237060547,29.924999237060547,0,AGHOL.IS,2024-04-09,False
UNRESOLVED_NO_TRADE_OR_STALE,33.599998474121094,33.599998474121094,33.599998474121094,0,AGHOL.IS,2026-05-27,False
UNRESOLVED_NO_TRADE_OR_STALE,33.599998474121094,33.599998474121094,33.599998474121094,0,AGHOL.IS,2026-05-28,False
UNRESOLVED_NO_TRADE_OR_STALE,33.599998474121094,33.599998474121094,33.599998474121094,0,AGHOL.IS,2026-05-29,False
UNRESOLVED_NO_TRADE_OR_STALE,18.020000457763672,18.020000457763672,18.020000457763672,0,AGROT.IS,2024-04-09,False
UNRESOLVED_NO_TRADE_OR_STALE,2.9100000858306885,2.9100000858306885,2.9100000858306885,0,AGROT.IS,2026-05-27,False
UNRESOLVED_NO_TRADE_OR_STALE,2.9100000858306885,2.9100000858306885,2.9100000858306885,0,AGROT.IS,2026-05-28,False
UNRESOLVED_NO_TRADE_OR_STALE,2.9100000858306885,2.9100000858306885,2.9100000858306885,0,AGROT.IS,2026-05-29,False
UNRESOLVED_NO_TRADE_OR_STALE,8.445837020874023,8.445837020874023,8.445837020874023,0,AKBNK.IS,2018-01-01,False
UNRESOLVED_NO_TRADE_OR_STALE,7.8884968757629395,7.8884968757629395,7.8884968757629395,0,AKBNK.IS,2018-04-23,False
UNRESOLVED_NO_TRADE_OR_STALE,7.245412826538086,7.245412826538086,7.245412826538086,0,AKBNK.IS,2018-05-01,False
UNRESOLVED_NO_TRADE_OR_STALE,6.2164788246154785,6.2164788246154785,6.2164788246154785,0,AKBNK.IS,2018-06-15,False
UNRESOLVED_NO_TRADE_OR_STALE,5.093225002288818,5.093225002288818,5.093225002288818,0,AKBNK.IS,2018-08-21,False
UNRESOLVED_NO_TRADE_OR_STALE,5.093225002288818,5.093225002288818,5.093225002288818,0,AKBNK.IS,2018-08-22,False
UNRESOLVED_NO_TRADE_OR_STALE,5.093225002288818,5.093225002288818,5.093225002288818,0,AKBNK.IS,2018-08-23,False
UNRESOLVED_NO_TRADE_OR_STALE,5.093225002288818,5.093225002288818,5.093225002288818,0,AKBNK.IS,2018-08-24,False
UNRESOLVED_NO_TRADE_OR_STALE,5.127522945404053,5.127522945404053,5.127522945404053,0,AKBNK.IS,2018-08-30,False
UNRESOLVED_NO_TRADE_OR_STALE,5.487649917602539,5.487649917602539,5.487649917602539,0,AKBNK.IS,2018-10-29,False
UNRESOLVED_NO_TRADE_OR_STALE,5.89064884185791,5.89064884185791,5.89064884185791,0,AKBNK.IS,2019-01-01,False
UNRESOLVED_NO_TRADE_OR_STALE,6.119999885559082,6.119999885559082,6.119999885559082,0,AKBNK.IS,2019-04-23,False
UNRESOLVED_NO_TRADE_OR_STALE,6.130000114440918,6.130000114440918,6.130000114440918,0,AKBNK.IS,2019-05-01,False
UNRESOLVED_NO_TRADE_OR_STALE,5.940000057220459,5.940000057220459,5.940000057220459,0,AKBNK.IS,2019-06-04,False
UNRESOLVED_NO_TRADE_OR_STALE,5.940000057220459,5.940000057220459,5.940000057220459,0,AKBNK.IS,2019-06-05,False
UNRESOLVED_NO_TRADE_OR_STALE,5.940000057220459,5.940000057220459,5.940000057220459,0,AKBNK.IS,2019-06-06,False
UNRESOLVED_NO_TRADE_OR_STALE,7.289999961853027,7.289999961853027,7.289999961853027,0,AKBNK.IS,2019-07-15,False
UNRESOLVED_NO_TRADE_OR_STALE,7.610000133514404,7.610000133514404,7.610000133514404,0,AKBNK.IS,2019-08-12,False
UNRESOLVED_NO_TRADE_OR_STALE,7.610000133514404,7.610000133514404,7.610000133514404,0,AKBNK.IS,2019-08-13,False
UNRESOLVED_NO_TRADE_OR_STALE,7.610000133514404,7.610000133514404,7.610000133514404,0,AKBNK.IS,2019-08-14,False
UNRESOLVED_NO_TRADE_OR_STALE,6.900000095367432,6.900000095367432,6.900000095367432,0,AKBNK.IS,2019-08-30,False
UNRESOLVED_NO_TRADE_OR_STALE,6.869999885559082,6.869999885559082,6.869999885559082,0,AKBNK.IS,2020-03-11,False
UNRESOLVED_NO_TRADE_OR_STALE,64.0,64.0,64.0,0,AKBNK.IS,2026-05-27,False
UNRESOLVED_NO_TRADE_OR_STALE,64.0,64.0,64.0,0,AKBNK.IS,2026-05-28,False
UNRESOLVED_NO_TRADE_OR_STALE,64.0,64.0,64.0,0,AKBNK.IS,2026-05-29,False
UNRESOLVED_NO_TRADE_OR_STALE,3.7295870780944824,3.7295870780944824,3.7295870780944824,0,ALARK.IS,2018-01-01,False
UNRESOLVED_NO_TRADE_OR_STALE,3.215869903564453,3.215869903564453,3.215869903564453,0,ALARK.IS,2018-04-23,False
UNRESOLVED_NO_TRADE_OR_STALE,3.000108003616333,3.000108003616333,3.000108003616333,0,ALARK.IS,2018-05-01,False
UNRESOLVED_NO_TRADE_OR_STALE,2.3065900802612305,2.3065900802612305,2.3065900802612305,0,ALARK.IS,2018-06-15,False
UNRESOLVED_NO_TRADE_OR_STALE,2.286041021347046,2.286041021347046,2.286041021347046,0,ALARK.IS,2018-08-21,False
UNRESOLVED_NO_TRADE_OR_STALE,2.286041021347046,2.286041021347046,2.286041021347046,0,ALARK.IS,2018-08-22,False
UNRESOLVED_NO_TRADE_OR_STALE,2.286041021347046,2.286041021347046,2.286041021347046,0,ALARK.IS,2018-08-23,False
UNRESOLVED_NO_TRADE_OR_STALE,2.286041021347046,2.286041021347046,2.286041021347046,0,ALARK.IS,2018-08-24,False
UNRESOLVED_NO_TRADE_OR_STALE,2.501802921295166,2.501802921295166,2.501802921295166,0,ALARK.IS,2018-08-30,False
UNRESOLVED_NO_TRADE_OR_STALE,1.9600000381469727,1.9600000381469727,1.9600000381469727,0,ALARK.IS,2018-10-29,False
UNRESOLVED_NO_TRADE_OR_STALE,2.069999933242798,2.069999933242798,2.069999933242798,0,ALARK.IS,2019-01-01,False
UNRESOLVED_NO_TRADE_OR_STALE,2.9700000286102295,2.9700000286102295,2.9700000286102295,0,ALARK.IS,2019-04-23,False
UNRESOLVED_NO_TRADE_OR_STALE,2.680000066757202,2.680000066757202,2.680000066757202,0,ALARK.IS,2019-05-01,False
UNRESOLVED_NO_TRADE_OR_STALE,2.8399999141693115,2.8399999141693115,2.8399999141693115,0,ALARK.IS,2019-06-04,False
UNRESOLVED_NO_TRADE_OR_STALE,2.8399999141693115,2.8399999141693115,2.8399999141693115,0,ALARK.IS,2019-06-05,False
UNRESOLVED_NO_TRADE_OR_STALE,2.8399999141693115,2.8399999141693115,2.8399999141693115,0,ALARK.IS,2019-06-06,False
UNRESOLVED_NO_TRADE_OR_STALE,3.0299999713897705,3.0299999713897705,3.0299999713897705,0,ALARK.IS,2019-07-15,False
UNRESOLVED_NO_TRADE_OR_STALE,3.5799999237060547,3.5799999237060547,3.5799999237060547,0,ALARK.IS,2019-08-12,False
UNRESOLVED_NO_TRADE_OR_STALE,3.5799999237060547,3.5799999237060547,3.5799999237060547,0,ALARK.IS,2019-08-13,False
UNRESOLVED_NO_TRADE_OR_STALE,3.5799999237060547,3.5799999237060547,3.5799999237060547,0,ALARK.IS,2019-08-14,False
UNRESOLVED_NO_TRADE_OR_STALE,4.179999828338623,4.179999828338623,4.179999828338623,0,ALARK.IS,2019-08-30,False
UNRESOLVED_NO_TRADE_OR_STALE,4.46999979019165,4.46999979019165,4.46999979019165,0,ALARK.IS,2020-03-11,False
UNRESOLVED_NO_TRADE_OR_STALE,96.05000305175781,96.05000305175781,96.05000305175781,0,ALARK.IS,2026-05-27,False
UNRESOLVED_NO_TRADE_OR_STALE,96.05000305175781,96.05000305175781,96.05000305175781,0,ALARK.IS,2026-05-28,False
UNRESOLVED_NO_TRADE_OR_STALE,96.05000305175781,96.05000305175781,96.05000305175781,0,ALARK.IS,2026-05-29,False
UNRESOLVED_NO_TRADE_OR_STALE,23.649999618530273,23.649999618530273,23.649999618530273,0,ALFAS.IS,2023-02-08,False
UNRESOLVED_NO_TRADE_OR_STALE,53.75,53.75,53.75,0,ALFAS.IS,2026-05-27,False
UNRESOLVED_NO_TRADE_OR_STALE,53.75,53.75,53.75,0,ALFAS.IS,2026-05-28,False
UNRESOLVED_NO_TRADE_OR_STALE,53.75,53.75,53.75,0,ALFAS.IS,2026-05-29,False
UNRESOLVED_NO_TRADE_OR_STALE,2.630000114440918,2.630000114440918,2.630000114440918,0,ALVES.IS,2026-05-27,False
UNRESOLVED_NO_TRADE_OR_STALE,2.630000114440918,2.630000114440918,2.630000114440918,0,ALVES.IS,2026-05-28,False
UNRESOLVED_NO_TRADE_OR_STALE,2.630000114440918,2.630000114440918,2.630000114440918,0,ALVES.IS,2026-05-29,False
UNRESOLVED_NO_TRADE_OR_STALE,1.3300000429153442,1.3300000429153442,1.3300000429153442,0,ALVES.IS,2026-09-09,False
UNRESOLVED_NO_TRADE_OR_STALE,0.7749999761581421,0.7749999761581421,0.7749999761581421,0,ANSGR.IS,2018-01-01,False
UNRESOLVED_NO_TRADE_OR_STALE,1.0625,1.0625,1.0625,0,ANSGR.IS,2018-04-23,False
UNRESOLVED_NO_TRADE_OR_STALE,1.0700000524520874,1.0700000524520874,1.0700000524520874,0,ANSGR.IS,2018-05-01,False
UNRESOLVED_NO_TRADE_OR_STALE,1.0499999523162842,1.0499999523162842,1.0499999523162842,0,ANSGR.IS,2018-06-15,False
UNRESOLVED_NO_TRADE_OR_STALE,1.0674999952316284,1.0674999952316284,1.0674999952316284,0,ANSGR.IS,2018-08-21,False
UNRESOLVED_NO_TRADE_OR_STALE,1.0674999952316284,1.0674999952316284,1.0674999952316284,0,ANSGR.IS,2018-08-22,False
UNRESOLVED_NO_TRADE_OR_STALE,1.0674999952316284,1.0674999952316284,1.0674999952316284,0,ANSGR.IS,2018-08-23,False
UNRESOLVED_NO_TRADE_OR_STALE,1.0674999952316284,1.0674999952316284,1.0674999952316284,0,ANSGR.IS,2018-08-24,False
UNRESOLVED_NO_TRADE_OR_STALE,1.0674999952316284,1.0674999952316284,1.0674999952316284,0,ANSGR.IS,2018-08-30,False
UNRESOLVED_NO_TRADE_OR_STALE,1.1449999809265137,1.1449999809265137,1.1449999809265137,0,ANSGR.IS,2018-10-29,False
UNRESOLVED_NO_TRADE_OR_STALE,1.0325000286102295,1.0325000286102295,1.0325000286102295,0,ANSGR.IS,2019-01-01,False
UNRESOLVED_NO_TRADE_OR_STALE,1.037500023841858,1.037500023841858,1.037500023841858,0,ANSGR.IS,2019-04-23,False
UNRESOLVED_NO_TRADE_OR_STALE,1.0325000286102295,1.0325000286102295,1.0325000286102295,0,ANSGR.IS,2019-05-01,False
UNRESOLVED_NO_TRADE_OR_STALE,0.9975000023841858,0.9975000023841858,0.9975000023841858,0,ANSGR.IS,2019-06-04,False
UNRESOLVED_NO_TRADE_OR_STALE,0.9975000023841858,0.9975000023841858,0.9975000023841858,0,ANSGR.IS,2019-06-05,False
UNRESOLVED_NO_TRADE_OR_STALE,0.9975000023841858,0.9975000023841858,0.9975000023841858,0,ANSGR.IS,2019-06-06,False
UNRESOLVED_NO_TRADE_OR_STALE,1.0449999570846558,1.0449999570846558,1.0449999570846558,0,ANSGR.IS,2019-07-15,False
UNRESOLVED_NO_TRADE_OR_STALE,1.002500057220459,1.002500057220459,1.002500057220459,0,ANSGR.IS,2019-08-12,False
UNRESOLVED_NO_TRADE_OR_STALE,1.002500057220459,1.002500057220459,1.002500057220459,0,ANSGR.IS,2019-08-13,False
UNRESOLVED_NO_TRADE_OR_STALE,1.002500057220459,1.002500057220459,1.002500057220459,0,ANSGR.IS,2019-08-14,False
UNRESOLVED_NO_TRADE_OR_STALE,0.9900000095367432,0.9900000095367432,0.9900000095367432,0,ANSGR.IS,2019-08-30,False
UNRESOLVED_NO_TRADE_OR_STALE,1.225000023841858,1.225000023841858,1.225000023841858,0,ANSGR.IS,2020-03-11,False
UNRESOLVED_NO_TRADE_OR_STALE,20.712499618530273,20.712499618530273,20.712499618530273,0,ANSGR.IS,2024-04-09,False
UNRESOLVED_NO_TRADE_OR_STALE,27.420000076293945,27.420000076293945,27.420000076293945,0,ANSGR.IS,2026-05-27,False
UNRESOLVED_NO_TRADE_OR_STALE,27.420000076293945,27.420000076293945,27.420000076293945,0,ANSGR.IS,2026-05-28,False
UNRESOLVED_NO_TRADE_OR_STALE,27.420000076293945,27.420000076293945,27.420000076293945,0,ANSGR.IS,2026-05-29,False
UNRESOLVED_NO_TRADE_OR_STALE,21.520000457763672,21.520000457763672,21.520000457763672,0,ARCLK.IS,2018-01-01,False
UNRESOLVED_NO_TRADE_OR_STALE,17.1299991607666,17.1299991607666,17.1299991607666,0,ARCLK.IS,2018-04-23,False
UNRESOLVED_NO_TRADE_OR_STALE,18.040000915527344,18.040000915527344,18.040000915527344,0,ARCLK.IS,2018-05-01,False
UNRESOLVED_NO_TRADE_OR_STALE,15.5600004196167,15.5600004196167,15.5600004196167,0,ARCLK.IS,2018-06-15,False
UNRESOLVED_NO_TRADE_OR_STALE,12.930000305175781,12.930000305175781,12.930000305175781,0,ARCLK.IS,2018-08-21,False
UNRESOLVED_NO_TRADE_OR_STALE,12.930000305175781,12.930000305175781,12.930000305175781,0,ARCLK.IS,2018-08-22,False
UNRESOLVED_NO_TRADE_OR_STALE,12.930000305175781,12.930000305175781,12.930000305175781,0,ARCLK.IS,2018-08-23,False
UNRESOLVED_NO_TRADE_OR_STALE,12.930000305175781,12.930000305175781,12.930000305175781,0,ARCLK.IS,2018-08-24,False
UNRESOLVED_NO_TRADE_OR_STALE,13.550000190734863,13.550000190734863,13.550000190734863,0,ARCLK.IS,2018-08-30,False
UNRESOLVED_NO_TRADE_OR_STALE,14.460000038146973,14.460000038146973,14.460000038146973,0,ARCLK.IS,2018-10-29,False
UNRESOLVED_NO_TRADE_OR_STALE,15.850000381469727,15.850000381469727,15.850000381469727,0,ARCLK.IS,2019-01-01,False
UNRESOLVED_NO_TRADE_OR_STALE,18.799999237060547,18.799999237060547,18.799999237060547,0,ARCLK.IS,2019-04-23,False
UNRESOLVED_NO_TRADE_OR_STALE,18.209999084472656,18.209999084472656,18.209999084472656,0,ARCLK.IS,2019-05-01,False
UNRESOLVED_NO_TRADE_OR_STALE,17.110000610351562,17.110000610351562,17.110000610351562,0,ARCLK.IS,2019-06-04,False
UNRESOLVED_NO_TRADE_OR_STALE,17.110000610351562,17.110000610351562,17.110000610351562,0,ARCLK.IS,2019-06-05,False
UNRESOLVED_NO_TRADE_OR_STALE,17.110000610351562,17.110000610351562,17.110000610351562,0,ARCLK.IS,2019-06-06,False
UNRESOLVED_NO_TRADE_OR_STALE,19.729999542236328,19.729999542236328,19.729999542236328,0,ARCLK.IS,2019-07-15,False
UNRESOLVED_NO_TRADE_OR_STALE,16.81999969482422,16.81999969482422,16.81999969482422,0,ARCLK.IS,2019-08-12,False
UNRESOLVED_NO_TRADE_OR_STALE,16.81999969482422,16.81999969482422,16.81999969482422,0,ARCLK.IS,2019-08-13,False
UNRESOLVED_NO_TRADE_OR_STALE,16.81999969482422,16.81999969482422,16.81999969482422,0,ARCLK.IS,2019-08-14,False
UNRESOLVED_NO_TRADE_OR_STALE,17.139999389648438,17.139999389648438,17.139999389648438,0,ARCLK.IS,2019-08-30,False
UNRESOLVED_NO_TRADE_OR_STALE,17.020000457763672,17.020000457763672,17.020000457763672,0,ARCLK.IS,2020-03-11,False
UNRESOLVED_NO_TRADE_OR_STALE,103.69999694824219,103.69999694824219,103.69999694824219,0,ARCLK.IS,2026-05-27,False
UNRESOLVED_NO_TRADE_OR_STALE,103.69999694824219,103.69999694824219,103.69999694824219,0,ARCLK.IS,2026-05-28,False
UNRESOLVED_NO_TRADE_OR_STALE,103.69999694824219,103.69999694824219,103.69999694824219,0,ARCLK.IS,2026-05-29,False
UNRESOLVED_NO_TRADE_OR_STALE,7.949999809265137,7.949999809265137,7.949999809265137,0,ASELS.IS,2018-01-01,False
UNRESOLVED_NO_TRADE_OR_STALE,6.65500020980835,6.65500020980835,6.65500020980835,0,ASELS.IS,2018-04-23,False
UNRESOLVED_NO_TRADE_OR_STALE,6.295000076293945,6.295000076293945,6.295000076293945,0,ASELS.IS,2018-05-01,False
UNRESOLVED_NO_TRADE_OR_STALE,5.920000076293945,5.920000076293945,5.920000076293945,0,ASELS.IS,2018-05-23,False
UNRESOLVED_NO_TRADE_OR_STALE,5.920000076293945,5.920000076293945,5.920000076293945,0,ASELS.IS,2018-05-24,False
UNRESOLVED_NO_TRADE_OR_STALE,5.920000076293945,5.920000076293945,5.920000076293945,0,ASELS.IS,2018-05-25,False
UNRESOLVED_NO_TRADE_OR_STALE,5.920000076293945,5.920000076293945,5.920000076293945,0,ASELS.IS,2018-05-28,False
UNRESOLVED_NO_TRADE_OR_STALE,5.920000076293945,5.920000076293945,5.920000076293945,0,ASELS.IS,2018-05-29,False
UNRESOLVED_NO_TRADE_OR_STALE,5.920000076293945,5.920000076293945,5.920000076293945,0,ASELS.IS,2018-05-30,False
UNRESOLVED_NO_TRADE_OR_STALE,5.920000076293945,5.920000076293945,5.920000076293945,0,ASELS.IS,2018-05-31,False
UNRESOLVED_NO_TRADE_OR_STALE,5.920000076293945,5.920000076293945,5.920000076293945,0,ASELS.IS,2018-06-01,False
UNRESOLVED_NO_TRADE_OR_STALE,5.920000076293945,5.920000076293945,5.920000076293945,0,ASELS.IS,2018-06-04,False
UNRESOLVED_NO_TRADE_OR_STALE,5.920000076293945,5.920000076293945,5.920000076293945,0,ASELS.IS,2018-06-05,False
UNRESOLVED_NO_TRADE_OR_STALE,5.920000076293945,5.920000076293945,5.920000076293945,0,ASELS.IS,2018-06-06,False
UNRESOLVED_NO_TRADE_OR_STALE,5.125,5.125,5.125,0,ASELS.IS,2018-06-15,False
UNRESOLVED_NO_TRADE_OR_STALE,6.295000076293945,6.295000076293945,6.295000076293945,0,ASELS.IS,2018-08-21,False
UNRESOLVED_NO_TRADE_OR_STALE,6.295000076293945,6.295000076293945,6.295000076293945,0,ASELS.IS,2018-08-22,False
UNRESOLVED_NO_TRADE_OR_STALE,6.295000076293945,6.295000076293945,6.295000076293945,0,ASELS.IS,2018-08-23,False
UNRESOLVED_NO_TRADE_OR_STALE,6.295000076293945,6.295000076293945,6.295000076293945,0,ASELS.IS,2018-08-24,False
UNRESOLVED_NO_TRADE_OR_STALE,6.525000095367432,6.525000095367432,6.525000095367432,0,ASELS.IS,2018-08-30,False
UNRESOLVED_NO_TRADE_OR_STALE,6.21999979019165,6.21999979019165,6.21999979019165,0,ASELS.IS,2018-10-29,False
UNRESOLVED_NO_TRADE_OR_STALE,6.039999961853027,6.039999961853027,6.039999961853027,0,ASELS.IS,2019-01-01,False
UNRESOLVED_NO_TRADE_OR_STALE,5.264999866485596,5.264999866485596,5.264999866485596,0,ASELS.IS,2019-04-23,False
UNRESOLVED_NO_TRADE_OR_STALE,5.125,5.125,5.125,0,ASELS.IS,2019-05-01,False
UNRESOLVED_NO_TRADE_OR_STALE,4.534999847412109,4.534999847412109,4.534999847412109,0,ASELS.IS,2019-06-04,False
UNRESOLVED_NO_TRADE_OR_STALE,4.534999847412109,4.534999847412109,4.534999847412109,0,ASELS.IS,2019-06-05,False
UNRESOLVED_NO_TRADE_OR_STALE,4.534999847412109,4.534999847412109,4.534999847412109,0,ASELS.IS,2019-06-06,False
UNRESOLVED_NO_TRADE_OR_STALE,4.175000190734863,4.175000190734863,4.175000190734863,0,ASELS.IS,2019-07-15,False
UNRESOLVED_NO_TRADE_OR_STALE,4.307499885559082,4.307499885559082,4.307499885559082,0,ASELS.IS,2019-08-12,False
UNRESOLVED_NO_TRADE_OR_STALE,4.307499885559082,4.307499885559082,4.307499885559082,0,ASELS.IS,2019-08-13,False
UNRESOLVED_NO_TRADE_OR_STALE,4.307499885559082,4.307499885559082,4.307499885559082,0,ASELS.IS,2019-08-14,False
UNRESOLVED_NO_TRADE_OR_STALE,4.559999942779541,4.559999942779541,4.559999942779541,0,ASELS.IS,2019-08-30,False
UNRESOLVED_NO_TRADE_OR_STALE,6.514999866485596,6.514999866485596,6.514999866485596,0,ASELS.IS,2020-03-11,False
UNRESOLVED_NO_TRADE_OR_STALE,380.25,380.25,380.25,0,ASELS.IS,2026-05-27,False
UNRESOLVED_NO_TRADE_OR_STALE,380.25,380.25,380.25,0,ASELS.IS,2026-05-28,False
UNRESOLVED_NO_TRADE_OR_STALE,380.25,380.25,380.25,0,ASELS.IS,2026-05-29,False
UNRESOLVED_NO_TRADE_OR_STALE,24.520000457763672,24.520000457763672,24.520000457763672,0,ASTOR.IS,2023-02-08,False
UNRESOLVED_NO_TRADE_OR_STALE,312.75,312.75,312.75,0,ASTOR.IS,2026-05-27,False
UNRESOLVED_NO_TRADE_OR_STALE,312.75,312.75,312.75,0,ASTOR.IS,2026-05-28,False
UNRESOLVED_NO_TRADE_OR_STALE,312.75,312.75,312.75,0,ASTOR.IS,2026-05-29,False
UNRESOLVED_NO_TRADE_OR_STALE,19.524999618530273,19.524999618530273,19.524999618530273,0,BIMAS.IS,2018-01-01,False
UNRESOLVED_NO_TRADE_OR_STALE,17.587499618530273,17.587499618530273,17.587499618530273,0,BIMAS.IS,2018-04-23,False
UNRESOLVED_NO_TRADE_OR_STALE,17.25,17.25,17.25,0,BIMAS.IS,2018-05-01,False
UNRESOLVED_NO_TRADE_OR_STALE,17.225000381469727,17.225000381469727,17.225000381469727,0,BIMAS.IS,2018-06-15,False
UNRESOLVED_NO_TRADE_OR_STALE,16.424999237060547,16.424999237060547,16.424999237060547,0,BIMAS.IS,2018-08-21,False
UNRESOLVED_NO_TRADE_OR_STALE,16.424999237060547,16.424999237060547,16.424999237060547,0,BIMAS.IS,2018-08-22,False
UNRESOLVED_NO_TRADE_OR_STALE,16.424999237060547,16.424999237060547,16.424999237060547,0,BIMAS.IS,2018-08-23,False
UNRESOLVED_NO_TRADE_OR_STALE,16.424999237060547,16.424999237060547,16.424999237060547,0,BIMAS.IS,2018-08-24,False
UNRESOLVED_NO_TRADE_OR_STALE,17.975000381469727,17.975000381469727,17.975000381469727,0,BIMAS.IS,2018-08-30,False
UNRESOLVED_NO_TRADE_OR_STALE,19.975000381469727,19.975000381469727,19.975000381469727,0,BIMAS.IS,2018-10-29,False
UNRESOLVED_NO_TRADE_OR_STALE,21.587499618530273,21.587499618530273,21.587499618530273,0,BIMAS.IS,2019-01-01,False
UNRESOLVED_NO_TRADE_OR_STALE,20.424999237060547,20.424999237060547,20.424999237060547,0,BIMAS.IS,2019-04-23,False
UNRESOLVED_NO_TRADE_OR_STALE,20.875,20.875,20.875,0,BIMAS.IS,2019-05-01,False
UNRESOLVED_NO_TRADE_OR_STALE,20.0,20.0,20.0,0,BIMAS.IS,2019-06-04,False
UNRESOLVED_NO_TRADE_OR_STALE,20.0,20.0,20.0,0,BIMAS.IS,2019-06-05,False
UNRESOLVED_NO_TRADE_OR_STALE,20.0,20.0,20.0,0,BIMAS.IS,2019-06-06,False
UNRESOLVED_NO_TRADE_OR_STALE,21.875,21.875,21.875,0,BIMAS.IS,2019-07-15,False
UNRESOLVED_NO_TRADE_OR_STALE,24.010000228881836,24.010000228881836,24.010000228881836,0,BIMAS.IS,2019-08-12,False
UNRESOLVED_NO_TRADE_OR_STALE,24.010000228881836,24.010000228881836,24.010000228881836,0,BIMAS.IS,2019-08-13,False
UNRESOLVED_NO_TRADE_OR_STALE,24.010000228881836,24.010000228881836,24.010000228881836,0,BIMAS.IS,2019-08-14,False
UNRESOLVED_NO_TRADE_OR_STALE,23.459999084472656,23.459999084472656,23.459999084472656,0,BIMAS.IS,2019-08-30,False
UNRESOLVED_NO_TRADE_OR_STALE,25.725000381469727,25.725000381469727,25.725000381469727,0,BIMAS.IS,2020-03-11,False
UNRESOLVED_NO_TRADE_OR_STALE,201.125,201.125,201.125,0,BIMAS.IS,2024-04-09,False
UNRESOLVED_NO_TRADE_OR_STALE,381.5,381.5,381.5,0,BIMAS.IS,2026-04-23,False
UNRESOLVED_NO_TRADE_OR_STALE,370.75,370.75,370.75,0,BIMAS.IS,2026-05-01,False
UNRESOLVED_NO_TRADE_OR_STALE,373.0,373.0,373.0,0,BIMAS.IS,2026-05-27,False
UNRESOLVED_NO_TRADE_OR_STALE,373.0,373.0,373.0,0,BIMAS.IS,2026-05-28,False
UNRESOLVED_NO_TRADE_OR_STALE,373.0,373.0,373.0,0,BIMAS.IS,2026-05-29,False
UNRESOLVED_NO_TRADE_OR_STALE,17.486337661743164,17.486337661743164,17.486337661743164,0,BINHO.IS,2024-04-09,False
UNRESOLVED_NO_TRADE_OR_STALE,9.0600004196167,9.0600004196167,9.0600004196167,0,BINHO.IS,2026-05-27,False
UNRESOLVED_NO_TRADE_OR_STALE,9.0600004196167,9.0600004196167,9.0600004196167,0,BINHO.IS,2026-05-28,False
UNRESOLVED_NO_TRADE_OR_STALE,9.0600004196167,9.0600004196167,9.0600004196167,0,BINHO.IS,2026-05-29,False
UNRESOLVED_NO_TRADE_OR_STALE,7.699999809265137,7.699999809265137,7.699999809265137,0,BIZIM.IS,2018-01-01,False
UNRESOLVED_NO_TRADE_OR_STALE,7.800000190734863,7.800000190734863,7.800000190734863,0,BIZIM.IS,2018-04-23,False
UNRESOLVED_NO_TRADE_OR_STALE,8.0,8.0,8.0,0,BIZIM.IS,2018-05-01,False
UNRESOLVED_NO_TRADE_OR_STALE,5.559999942779541,5.559999942779541,5.559999942779541,0,BIZIM.IS,2018-06-15,False
UNRESOLVED_NO_TRADE_OR_STALE,5.150000095367432,5.150000095367432,5.150000095367432,0,BIZIM.IS,2018-08-21,False
UNRESOLVED_NO_TRADE_OR_STALE,5.150000095367432,5.150000095367432,5.150000095367432,0,BIZIM.IS,2018-08-22,False
UNRESOLVED_NO_TRADE_OR_STALE,5.150000095367432,5.150000095367432,5.150000095367432,0,BIZIM.IS,2018-08-23,False
UNRESOLVED_NO_TRADE_OR_STALE,5.150000095367432,5.150000095367432,5.150000095367432,0,BIZIM.IS,2018-08-24,False
UNRESOLVED_NO_TRADE_OR_STALE,5.349999904632568,5.349999904632568,5.349999904632568,0,BIZIM.IS,2018-08-30,False
UNRESOLVED_NO_TRADE_OR_STALE,6.860000133514404,6.860000133514404,6.860000133514404,0,BIZIM.IS,2018-10-29,False
UNRESOLVED_NO_TRADE_OR_STALE,6.800000190734863,6.800000190734863,6.800000190734863,0,BIZIM.IS,2019-01-01,False
UNRESOLVED_NO_TRADE_OR_STALE,8.0,8.0,8.0,0,BIZIM.IS,2019-04-23,False
UNRESOLVED_NO_TRADE_OR_STALE,8.029999732971191,8.029999732971191,8.029999732971191,0,BIZIM.IS,2019-05-01,False
UNRESOLVED_NO_TRADE_OR_STALE,6.880000114440918,6.880000114440918,6.880000114440918,0,BIZIM.IS,2019-06-04,False
UNRESOLVED_NO_TRADE_OR_STALE,6.880000114440918,6.880000114440918,6.880000114440918,0,BIZIM.IS,2019-06-05,False
UNRESOLVED_NO_TRADE_OR_STALE,6.880000114440918,6.880000114440918,6.880000114440918,0,BIZIM.IS,2019-06-06,False
UNRESOLVED_NO_TRADE_OR_STALE,6.380000114440918,6.380000114440918,6.380000114440918,0,BIZIM.IS,2019-07-15,False
UNRESOLVED_NO_TRADE_OR_STALE,8.670000076293945,8.670000076293945,8.670000076293945,0,BIZIM.IS,2019-08-12,False
UNRESOLVED_NO_TRADE_OR_STALE,8.670000076293945,8.670000076293945,8.670000076293945,0,BIZIM.IS,2019-08-13,False
UNRESOLVED_NO_TRADE_OR_STALE,8.670000076293945,8.670000076293945,8.670000076293945,0,BIZIM.IS,2019-08-14,False
UNRESOLVED_NO_TRADE_OR_STALE,8.039999961853027,8.039999961853027,8.039999961853027,0,BIZIM.IS,2019-08-30,False
UNRESOLVED_NO_TRADE_OR_STALE,7.880000114440918,7.880000114440918,7.880000114440918,0,BIZIM.IS,2020-03-11,False
UNRESOLVED_NO_TRADE_OR_STALE,27.559999465942383,27.559999465942383,27.559999465942383,0,BIZIM.IS,2026-05-27,False
UNRESOLVED_NO_TRADE_OR_STALE,27.559999465942383,27.559999465942383,27.559999465942383,0,BIZIM.IS,2026-05-28,False
UNRESOLVED_NO_TRADE_OR_STALE,27.559999465942383,27.559999465942383,27.559999465942383,0,BIZIM.IS,2026-05-29,False
UNRESOLVED_NO_TRADE_OR_STALE,11.739999771118164,11.739999771118164,11.739999771118164,0,BRSAN.IS,2018-01-01,False
UNRESOLVED_NO_TRADE_OR_STALE,13.0,13.0,13.0,0,BRSAN.IS,2018-04-23,False
UNRESOLVED_NO_TRADE_OR_STALE,12.40999984741211,12.40999984741211,12.40999984741211,0,BRSAN.IS,2018-05-01,False
UNRESOLVED_NO_TRADE_OR_STALE,8.25,8.25,8.25,0,BRSAN.IS,2018-06-15,False
UNRESOLVED_NO_TRADE_OR_STALE,7.449999809265137,7.449999809265137,7.449999809265137,0,BRSAN.IS,2018-08-21,False
UNRESOLVED_NO_TRADE_OR_STALE,7.449999809265137,7.449999809265137,7.449999809265137,0,BRSAN.IS,2018-08-22,False
UNRESOLVED_NO_TRADE_OR_STALE,7.449999809265137,7.449999809265137,7.449999809265137,0,BRSAN.IS,2018-08-23,False
UNRESOLVED_NO_TRADE_OR_STALE,7.449999809265137,7.449999809265137,7.449999809265137,0,BRSAN.IS,2018-08-24,False
UNRESOLVED_NO_TRADE_OR_STALE,7.789999961853027,7.789999961853027,7.789999961853027,0,BRSAN.IS,2018-08-30,False
UNRESOLVED_NO_TRADE_OR_STALE,8.210000038146973,8.210000038146973,8.210000038146973,0,BRSAN.IS,2018-10-29,False
UNRESOLVED_NO_TRADE_OR_STALE,7.840000152587891,7.840000152587891,7.840000152587891,0,BRSAN.IS,2019-01-01,False
UNRESOLVED_NO_TRADE_OR_STALE,9.199999809265137,9.199999809265137,9.199999809265137,0,BRSAN.IS,2019-04-23,False
UNRESOLVED_NO_TRADE_OR_STALE,9.199999809265137,9.199999809265137,9.199999809265137,0,BRSAN.IS,2019-05-01,False
UNRESOLVED_NO_TRADE_OR_STALE,7.599999904632568,7.599999904632568,7.599999904632568,0,BRSAN.IS,2019-06-04,False
UNRESOLVED_NO_TRADE_OR_STALE,7.599999904632568,7.599999904632568,7.599999904632568,0,BRSAN.IS,2019-06-05,False
UNRESOLVED_NO_TRADE_OR_STALE,7.599999904632568,7.599999904632568,7.599999904632568,0,BRSAN.IS,2019-06-06,False
UNRESOLVED_NO_TRADE_OR_STALE,7.739999771118164,7.739999771118164,7.739999771118164,0,BRSAN.IS,2019-07-15,False
UNRESOLVED_NO_TRADE_OR_STALE,8.180000305175781,8.180000305175781,8.180000305175781,0,BRSAN.IS,2019-08-12,False
UNRESOLVED_NO_TRADE_OR_STALE,8.180000305175781,8.180000305175781,8.180000305175781,0,BRSAN.IS,2019-08-13,False
UNRESOLVED_NO_TRADE_OR_STALE,8.180000305175781,8.180000305175781,8.180000305175781,0,BRSAN.IS,2019-08-14,False
UNRESOLVED_NO_TRADE_OR_STALE,8.140000343322754,8.140000343322754,8.140000343322754,0,BRSAN.IS,2019-08-30,False
UNRESOLVED_NO_TRADE_OR_STALE,8.220000267028809,8.220000267028809,8.220000267028809,0,BRSAN.IS,2020-03-11,False
UNRESOLVED_NO_TRADE_OR_STALE,489.0,489.0,489.0,0,BRSAN.IS,2026-05-27,False
UNRESOLVED_NO_TRADE_OR_STALE,489.0,489.0,489.0,0,BRSAN.IS,2026-05-28,False
UNRESOLVED_NO_TRADE_OR_STALE,489.0,489.0,489.0,0,BRSAN.IS,2026-05-29,False
UNRESOLVED_NO_TRADE_OR_STALE,1.6594189405441284,1.6594189405441284,1.6594189405441284,0,BSOKE.IS,2018-01-01,False
UNRESOLVED_NO_TRADE_OR_STALE,1.41703200340271,1.41703200340271,1.41703200340271,0,BSOKE.IS,2018-04-23,False
UNRESOLVED_NO_TRADE_OR_STALE,1.342452049255371,1.342452049255371,1.342452049255371,0,BSOKE.IS,2018-05-01,False
UNRESOLVED_NO_TRADE_OR_STALE,1.174644947052002,1.174644947052002,1.174644947052002,0,BSOKE.IS,2018-06-15,False
UNRESOLVED_NO_TRADE_OR_STALE,1.159999966621399,1.159999966621399,1.159999966621399,0,BSOKE.IS,2018-08-21,False
UNRESOLVED_NO_TRADE_OR_STALE,1.159999966621399,1.159999966621399,1.159999966621399,0,BSOKE.IS,2018-08-22,False
UNRESOLVED_NO_TRADE_OR_STALE,1.159999966621399,1.159999966621399,1.159999966621399,0,BSOKE.IS,2018-08-23,False
UNRESOLVED_NO_TRADE_OR_STALE,1.159999966621399,1.159999966621399,1.159999966621399,0,BSOKE.IS,2018-08-24,False
UNRESOLVED_NO_TRADE_OR_STALE,1.1799999475479126,1.1799999475479126,1.1799999475479126,0,BSOKE.IS,2018-08-30,False
UNRESOLVED_NO_TRADE_OR_STALE,0.9900000095367432,0.9900000095367432,0.9900000095367432,0,BSOKE.IS,2018-10-29,False
UNRESOLVED_NO_TRADE_OR_STALE,1.100000023841858,1.100000023841858,1.100000023841858,0,BSOKE.IS,2019-01-01,False
UNRESOLVED_NO_TRADE_OR_STALE,0.9399999976158142,0.9399999976158142,0.9399999976158142,0,BSOKE.IS,2019-04-23,False
UNRESOLVED_NO_TRADE_OR_STALE,0.9200000166893005,0.9200000166893005,0.9200000166893005,0,BSOKE.IS,2019-05-01,False
UNRESOLVED_NO_TRADE_OR_STALE,0.8199999928474426,0.8199999928474426,0.8199999928474426,0,BSOKE.IS,2019-06-04,False
UNRESOLVED_NO_TRADE_OR_STALE,0.8199999928474426,0.8199999928474426,0.8199999928474426,0,BSOKE.IS,2019-06-05,False
UNRESOLVED_NO_TRADE_OR_STALE,0.8199999928474426,0.8199999928474426,0.8199999928474426,0,BSOKE.IS,2019-06-06,False
UNRESOLVED_NO_TRADE_OR_STALE,0.8999999761581421,0.8999999761581421,0.8999999761581421,0,BSOKE.IS,2019-07-15,False
UNRESOLVED_NO_TRADE_OR_STALE,1.0399999618530273,1.0399999618530273,1.0399999618530273,0,BSOKE.IS,2019-08-12,False
UNRESOLVED_NO_TRADE_OR_STALE,1.0399999618530273,1.0399999618530273,1.0399999618530273,0,BSOKE.IS,2019-08-13,False
UNRESOLVED_NO_TRADE_OR_STALE,1.0399999618530273,1.0399999618530273,1.0399999618530273,0,BSOKE.IS,2019-08-14,False
UNRESOLVED_NO_TRADE_OR_STALE,0.9700000286102295,0.9700000286102295,0.9700000286102295,0,BSOKE.IS,2019-08-30,False
UNRESOLVED_NO_TRADE_OR_STALE,1.0,1.0,1.0,0,BSOKE.IS,2020-03-11,False
TRADED_PROVIDER,15.467761039733887,15.703709602355957,14.943429946899414,10220683,BSOKE.IS,2024-12-02,True
TRADED_PROVIDER,15.598843574523926,15.91344165802002,15.415328025817871,13670195,BSOKE.IS,2024-12-03,True
TRADED_PROVIDER,15.69060230255127,15.99209213256836,15.087620735168457,11413674,BSOKE.IS,2024-12-04,True
TRADED_PROVIDER,16.149391174316406,16.175607681274414,15.69060230255127,7485090,BSOKE.IS,2024-12-05,True
TRADED_PROVIDER,15.664384841918945,16.385339736938477,15.258028984069824,15295325,BSOKE.IS,2024-12-06,True
TRADED_PROVIDER,16.162500381469727,16.660614013671875,15.349786758422852,38621221,BSOKE.IS,2024-12-09,True
UNRESOLVED_NO_TRADE_OR_STALE,38.459999084472656,38.459999084472656,38.459999084472656,0,BSOKE.IS,2026-05-27,False
UNRESOLVED_NO_TRADE_OR_STALE,38.459999084472656,38.459999084472656,38.459999084472656,0,BSOKE.IS,2026-05-28,False
UNRESOLVED_NO_TRADE_OR_STALE,38.459999084472656,38.459999084472656,38.459999084472656,0,BSOKE.IS,2026-05-29,False
UNRESOLVED_NO_TRADE_OR_STALE,2.465907096862793,2.465907096862793,2.465907096862793,0,CANTE.IS,2024-04-09,False
UNRESOLVED_MISSING_VOLUME,1.899999976158142,2.2899999618530273,1.8899999856948853,0,CANTE.IS,2025-07-30,True
UNRESOLVED_MISSING_VOLUME,2.0999999046325684,2.319999933242798,2.0999999046325684,0,CANTE.IS,2025-08-14,True
UNRESOLVED_NO_TRADE_OR_STALE,1.5199999809265137,1.5199999809265137,1.5199999809265137,0,CANTE.IS,2026-05-27,False
UNRESOLVED_NO_TRADE_OR_STALE,1.5199999809265137,1.5199999809265137,1.5199999809265137,0,CANTE.IS,2026-05-28,False
UNRESOLVED_NO_TRADE_OR_STALE,1.5199999809265137,1.5199999809265137,1.5199999809265137,0,CANTE.IS,2026-05-29,False
UNRESOLVED_NO_TRADE_OR_STALE,34.220001220703125,34.220001220703125,34.220001220703125,0,CCOLA.IS,2018-01-01,False
UNRESOLVED_NO_TRADE_OR_STALE,35.13999938964844,35.13999938964844,35.13999938964844,0,CCOLA.IS,2018-04-23,False
UNRESOLVED_NO_TRADE_OR_STALE,35.380001068115234,35.380001068115234,35.380001068115234,0,CCOLA.IS,2018-05-01,False
UNRESOLVED_NO_TRADE_OR_STALE,34.7599983215332,34.7599983215332,34.7599983215332,0,CCOLA.IS,2018-06-15,False
UNRESOLVED_NO_TRADE_OR_STALE,28.200000762939453,28.200000762939453,28.200000762939453,0,CCOLA.IS,2018-08-21,False
UNRESOLVED_NO_TRADE_OR_STALE,28.200000762939453,28.200000762939453,28.200000762939453,0,CCOLA.IS,2018-08-22,False
UNRESOLVED_NO_TRADE_OR_STALE,28.200000762939453,28.200000762939453,28.200000762939453,0,CCOLA.IS,2018-08-23,False
UNRESOLVED_NO_TRADE_OR_STALE,28.200000762939453,28.200000762939453,28.200000762939453,0,CCOLA.IS,2018-08-24,False
UNRESOLVED_NO_TRADE_OR_STALE,29.31999969482422,29.31999969482422,29.31999969482422,0,CCOLA.IS,2018-08-30,False
UNRESOLVED_NO_TRADE_OR_STALE,28.079999923706055,28.079999923706055,28.079999923706055,0,CCOLA.IS,2018-10-29,False
UNRESOLVED_NO_TRADE_OR_STALE,30.579999923706055,30.579999923706055,30.579999923706055,0,CCOLA.IS,2019-01-01,False
UNRESOLVED_NO_TRADE_OR_STALE,31.420000076293945,31.420000076293945,31.420000076293945,0,CCOLA.IS,2019-04-23,False
UNRESOLVED_NO_TRADE_OR_STALE,31.65999984741211,31.65999984741211,31.65999984741211,0,CCOLA.IS,2019-05-01,False
UNRESOLVED_NO_TRADE_OR_STALE,27.700000762939453,27.700000762939453,27.700000762939453,0,CCOLA.IS,2019-06-04,False
UNRESOLVED_NO_TRADE_OR_STALE,27.700000762939453,27.700000762939453,27.700000762939453,0,CCOLA.IS,2019-06-05,False
UNRESOLVED_NO_TRADE_OR_STALE,27.700000762939453,27.700000762939453,27.700000762939453,0,CCOLA.IS,2019-06-06,False
UNRESOLVED_NO_TRADE_OR_STALE,32.29999923706055,32.29999923706055,32.29999923706055,0,CCOLA.IS,2019-07-15,False
UNRESOLVED_NO_TRADE_OR_STALE,35.439998626708984,35.439998626708984,35.439998626708984,0,CCOLA.IS,2019-08-12,False
UNRESOLVED_NO_TRADE_OR_STALE,35.439998626708984,35.439998626708984,35.439998626708984,0,CCOLA.IS,2019-08-13,False
UNRESOLVED_NO_TRADE_OR_STALE,35.439998626708984,35.439998626708984,35.439998626708984,0,CCOLA.IS,2019-08-14,False
UNRESOLVED_NO_TRADE_OR_STALE,34.36000061035156,34.36000061035156,34.36000061035156,0,CCOLA.IS,2019-08-30,False
UNRESOLVED_NO_TRADE_OR_STALE,42.36000061035156,42.36000061035156,42.36000061035156,0,CCOLA.IS,2020-03-11,False
UNRESOLVED_NO_TRADE_OR_STALE,685.0,685.0,685.0,0,CCOLA.IS,2024-04-09,False
TRADED_PROVIDER,78.2727279663086,78.59091186523438,76.40908813476562,3966028,CCOLA.IS,2024-08-01,True
TRADED_PROVIDER,77.63636016845703,78.18181610107422,76.81818389892578,3001603,CCOLA.IS,2024-08-02,True
TRADED_PROVIDER,72.45454406738281,76.36363220214844,70.45454406738281,7311106,CCOLA.IS,2024-08-05,True
TRADED_PROVIDER,71.86363220214844,75.7272720336914,71.63636016845703,6547046,CCOLA.IS,2024-08-06,True
TRADED_PROVIDER,69.04545593261719,72.04545593261719,69.04545593261719,6533010,CCOLA.IS,2024-08-07,True
TRADED_PROVIDER,68.86363220214844,70.36363220214844,68.59091186523438,7342192,CCOLA.IS,2024-08-08,True
TRADED_PROVIDER,68.86363220214844,69.7272720336914,68.45454406738281,7338199,CCOLA.IS,2024-08-09,True
TRADED_PROVIDER,69.13636016845703,70.7727279663086,67.40908813476562,11702141,CCOLA.IS,2024-08-12,True
UNRESOLVED_NO_TRADE_OR_STALE,80.05000305175781,80.05000305175781,80.05000305175781,0,CCOLA.IS,2026-05-27,False
UNRESOLVED_NO_TRADE_OR_STALE,80.05000305175781,80.05000305175781,80.05000305175781,0,CCOLA.IS,2026-05-28,False
UNRESOLVED_NO_TRADE_OR_STALE,80.05000305175781,80.05000305175781,80.05000305175781,0,CCOLA.IS,2026-05-29,False
UNRESOLVED_NO_TRADE_OR_STALE,1.9557139873504639,1.9557139873504639,1.9557139873504639,0,CIMSA.IS,2018-01-01,False
UNRESOLVED_NO_TRADE_OR_STALE,1.8799999952316284,1.8799999952316284,1.8799999952316284,0,CIMSA.IS,2018-04-23,False
UNRESOLVED_NO_TRADE_OR_STALE,1.7942850589752197,1.7942850589752197,1.7942850589752197,0,CIMSA.IS,2018-05-01,False
UNRESOLVED_NO_TRADE_OR_STALE,1.5314279794692993,1.5314279794692993,1.5314279794692993,0,CIMSA.IS,2018-06-15,False
UNRESOLVED_NO_TRADE_OR_STALE,1.3028570413589478,1.3028570413589478,1.3028570413589478,0,CIMSA.IS,2018-08-21,False
UNRESOLVED_NO_TRADE_OR_STALE,1.3028570413589478,1.3028570413589478,1.3028570413589478,0,CIMSA.IS,2018-08-22,False
UNRESOLVED_NO_TRADE_OR_STALE,1.3028570413589478,1.3028570413589478,1.3028570413589478,0,CIMSA.IS,2018-08-23,False
UNRESOLVED_NO_TRADE_OR_STALE,1.3028570413589478,1.3028570413589478,1.3028570413589478,0,CIMSA.IS,2018-08-24,False
UNRESOLVED_NO_TRADE_OR_STALE,1.38857102394104,1.38857102394104,1.38857102394104,0,CIMSA.IS,2018-08-30,False
UNRESOLVED_NO_TRADE_OR_STALE,1.1071419715881348,1.1071419715881348,1.1071419715881348,0,CIMSA.IS,2018-10-29,False
UNRESOLVED_NO_TRADE_OR_STALE,1.0771420001983643,1.0771420001983643,1.0771420001983643,0,CIMSA.IS,2019-01-01,False
UNRESOLVED_NO_TRADE_OR_STALE,0.9585710167884827,0.9585710167884827,0.9585710167884827,0,CIMSA.IS,2019-04-23,False
UNRESOLVED_NO_TRADE_OR_STALE,0.9328569769859314,0.9328569769859314,0.9328569769859314,0,CIMSA.IS,2019-05-01,False
UNRESOLVED_NO_TRADE_OR_STALE,0.8285710215568542,0.8285710215568542,0.8285710215568542,0,CIMSA.IS,2019-06-04,False
UNRESOLVED_NO_TRADE_OR_STALE,0.8285710215568542,0.8285710215568542,0.8285710215568542,0,CIMSA.IS,2019-06-05,False
UNRESOLVED_NO_TRADE_OR_STALE,0.8285710215568542,0.8285710215568542,0.8285710215568542,0,CIMSA.IS,2019-06-06,False
UNRESOLVED_NO_TRADE_OR_STALE,0.8857139945030212,0.8857139945030212,0.8857139945030212,0,CIMSA.IS,2019-07-15,False
UNRESOLVED_NO_TRADE_OR_STALE,0.8828570246696472,0.8828570246696472,0.8828570246696472,0,CIMSA.IS,2019-08-12,False
UNRESOLVED_NO_TRADE_OR_STALE,0.8828570246696472,0.8828570246696472,0.8828570246696472,0,CIMSA.IS,2019-08-13,False
UNRESOLVED_NO_TRADE_OR_STALE,0.8828570246696472,0.8828570246696472,0.8828570246696472,0,CIMSA.IS,2019-08-14,False
UNRESOLVED_NO_TRADE_OR_STALE,0.9128569960594177,0.9128569960594177,0.9128569960594177,0,CIMSA.IS,2019-08-30,False
UNRESOLVED_NO_TRADE_OR_STALE,1.1457140445709229,1.1457140445709229,1.1457140445709229,0,CIMSA.IS,2020-03-11,False
UNRESOLVED_NO_TRADE_OR_STALE,50.650001525878906,50.650001525878906,50.650001525878906,0,CIMSA.IS,2026-05-27,False
UNRESOLVED_NO_TRADE_OR_STALE,50.650001525878906,50.650001525878906,50.650001525878906,0,CIMSA.IS,2026-05-28,False
UNRESOLVED_NO_TRADE_OR_STALE,50.650001525878906,50.650001525878906,50.650001525878906,0,CIMSA.IS,2026-05-29,False
UNRESOLVED_NO_TRADE_OR_STALE,36.97999954223633,36.97999954223633,36.97999954223633,0,CLEBI.IS,2018-01-01,False
UNRESOLVED_NO_TRADE_OR_STALE,39.900001525878906,39.900001525878906,39.900001525878906,0,CLEBI.IS,2018-04-23,False
UNRESOLVED_NO_TRADE_OR_STALE,34.0,34.0,34.0,0,CLEBI.IS,2018-05-01,False
UNRESOLVED_NO_TRADE_OR_STALE,32.52000045776367,32.52000045776367,32.52000045776367,0,CLEBI.IS,2018-06-15,False
UNRESOLVED_NO_TRADE_OR_STALE,41.02000045776367,41.02000045776367,41.02000045776367,0,CLEBI.IS,2018-08-21,False
UNRESOLVED_NO_TRADE_OR_STALE,41.02000045776367,41.02000045776367,41.02000045776367,0,CLEBI.IS,2018-08-22,False
UNRESOLVED_NO_TRADE_OR_STALE,41.02000045776367,41.02000045776367,41.02000045776367,0,CLEBI.IS,2018-08-23,False
UNRESOLVED_NO_TRADE_OR_STALE,41.02000045776367,41.02000045776367,41.02000045776367,0,CLEBI.IS,2018-08-24,False
UNRESOLVED_NO_TRADE_OR_STALE,46.70000076293945,46.70000076293945,46.70000076293945,0,CLEBI.IS,2018-08-30,False
UNRESOLVED_NO_TRADE_OR_STALE,56.79999923706055,56.79999923706055,56.79999923706055,0,CLEBI.IS,2018-10-29,False
UNRESOLVED_NO_TRADE_OR_STALE,63.54999923706055,63.54999923706055,63.54999923706055,0,CLEBI.IS,2019-01-01,False
UNRESOLVED_NO_TRADE_OR_STALE,63.25,63.25,63.25,0,CLEBI.IS,2019-04-23,False
UNRESOLVED_NO_TRADE_OR_STALE,74.6500015258789,74.6500015258789,74.6500015258789,0,CLEBI.IS,2019-05-01,False
UNRESOLVED_NO_TRADE_OR_STALE,83.3499984741211,83.3499984741211,83.3499984741211,0,CLEBI.IS,2019-06-04,False
UNRESOLVED_NO_TRADE_OR_STALE,83.3499984741211,83.3499984741211,83.3499984741211,0,CLEBI.IS,2019-06-05,False
UNRESOLVED_NO_TRADE_OR_STALE,83.3499984741211,83.3499984741211,83.3499984741211,0,CLEBI.IS,2019-06-06,False
UNRESOLVED_NO_TRADE_OR_STALE,92.94999694824219,92.94999694824219,92.94999694824219,0,CLEBI.IS,2019-07-15,False
UNRESOLVED_NO_TRADE_OR_STALE,95.0,95.0,95.0,0,CLEBI.IS,2019-08-12,False
UNRESOLVED_NO_TRADE_OR_STALE,95.0,95.0,95.0,0,CLEBI.IS,2019-08-13,False
UNRESOLVED_NO_TRADE_OR_STALE,95.0,95.0,95.0,0,CLEBI.IS,2019-08-14,False
UNRESOLVED_NO_TRADE_OR_STALE,94.80000305175781,94.80000305175781,94.80000305175781,0,CLEBI.IS,2019-08-30,False
UNRESOLVED_NO_TRADE_OR_STALE,73.9000015258789,73.9000015258789,73.9000015258789,0,CLEBI.IS,2020-03-11,False
UNRESOLVED_NO_TRADE_OR_STALE,1657.0,1657.0,1657.0,0,CLEBI.IS,2026-05-27,False
UNRESOLVED_NO_TRADE_OR_STALE,1657.0,1657.0,1657.0,0,CLEBI.IS,2026-05-28,False
UNRESOLVED_NO_TRADE_OR_STALE,1657.0,1657.0,1657.0,0,CLEBI.IS,2026-05-29,False
UNRESOLVED_NO_TRADE_OR_STALE,12.420012474060059,12.420012474060059,12.420012474060059,0,CVKMD.IS,2024-04-09,False
UNRESOLVED_NO_TRADE_OR_STALE,47.2400016784668,47.2400016784668,47.2400016784668,0,CVKMD.IS,2026-05-27,False
UNRESOLVED_NO_TRADE_OR_STALE,47.2400016784668,47.2400016784668,47.2400016784668,0,CVKMD.IS,2026-05-28,False
UNRESOLVED_NO_TRADE_OR_STALE,47.2400016784668,47.2400016784668,47.2400016784668,0,CVKMD.IS,2026-05-29,False
TRADED_PROVIDER,14.417084693908691,14.74966812133789,14.401616096496582,17609960,CVKMD.IS,2026-08-03,True
TRADED_PROVIDER,14.888888359069824,15.074516296386719,14.324271202087402,29325306,CVKMD.IS,2026-08-04,True
UNRESOLVED_NO_TRADE_OR_STALE,33.1957893371582,33.1957893371582,33.1957893371582,0,CWENE.IS,2024-04-09,False
UNRESOLVED_NO_TRADE_OR_STALE,39.41999816894531,39.41999816894531,39.41999816894531,0,CWENE.IS,2026-05-27,False
UNRESOLVED_NO_TRADE_OR_STALE,39.41999816894531,39.41999816894531,39.41999816894531,0,CWENE.IS,2026-05-28,False
UNRESOLVED_NO_TRADE_OR_STALE,39.41999816894531,39.41999816894531,39.41999816894531,0,CWENE.IS,2026-05-29,False
UNRESOLVED_NO_TRADE_OR_STALE,8.239999771118164,8.239999771118164,8.239999771118164,0,DOAS.IS,2018-01-01,False
UNRESOLVED_NO_TRADE_OR_STALE,7.699999809265137,7.699999809265137,7.699999809265137,0,DOAS.IS,2018-04-23,False
UNRESOLVED_NO_TRADE_OR_STALE,7.480000019073486,7.480000019073486,7.480000019073486,0,DOAS.IS,2018-05-01,False
UNRESOLVED_NO_TRADE_OR_STALE,6.75,6.75,6.75,0,DOAS.IS,2018-06-15,False
UNRESOLVED_NO_TRADE_OR_STALE,5.300000190734863,5.300000190734863,5.300000190734863,0,DOAS.IS,2018-08-21,False
UNRESOLVED_NO_TRADE_OR_STALE,5.300000190734863,5.300000190734863,5.300000190734863,0,DOAS.IS,2018-08-22,False
UNRESOLVED_NO_TRADE_OR_STALE,5.300000190734863,5.300000190734863,5.300000190734863,0,DOAS.IS,2018-08-23,False
UNRESOLVED_NO_TRADE_OR_STALE,5.300000190734863,5.300000190734863,5.300000190734863,0,DOAS.IS,2018-08-24,False
UNRESOLVED_NO_TRADE_OR_STALE,5.710000038146973,5.710000038146973,5.710000038146973,0,DOAS.IS,2018-08-30,False
UNRESOLVED_NO_TRADE_OR_STALE,4.320000171661377,4.320000171661377,4.320000171661377,0,DOAS.IS,2018-10-29,False
UNRESOLVED_NO_TRADE_OR_STALE,4.340000152587891,4.340000152587891,4.340000152587891,0,DOAS.IS,2019-01-01,False
UNRESOLVED_NO_TRADE_OR_STALE,4.699999809265137,4.699999809265137,4.699999809265137,0,DOAS.IS,2019-04-23,False
UNRESOLVED_NO_TRADE_OR_STALE,4.610000133514404,4.610000133514404,4.610000133514404,0,DOAS.IS,2019-05-01,False
UNRESOLVED_NO_TRADE_OR_STALE,4.0,4.0,4.0,0,DOAS.IS,2019-06-04,False
UNRESOLVED_NO_TRADE_OR_STALE,4.0,4.0,4.0,0,DOAS.IS,2019-06-05,False
UNRESOLVED_NO_TRADE_OR_STALE,4.0,4.0,4.0,0,DOAS.IS,2019-06-06,False
UNRESOLVED_NO_TRADE_OR_STALE,5.639999866485596,5.639999866485596,5.639999866485596,0,DOAS.IS,2019-07-15,False
UNRESOLVED_NO_TRADE_OR_STALE,4.929999828338623,4.929999828338623,4.929999828338623,0,DOAS.IS,2019-08-12,False
UNRESOLVED_NO_TRADE_OR_STALE,4.929999828338623,4.929999828338623,4.929999828338623,0,DOAS.IS,2019-08-13,False
UNRESOLVED_NO_TRADE_OR_STALE,4.929999828338623,4.929999828338623,4.929999828338623,0,DOAS.IS,2019-08-14,False
UNRESOLVED_NO_TRADE_OR_STALE,5.260000228881836,5.260000228881836,5.260000228881836,0,DOAS.IS,2019-08-30,False
UNRESOLVED_NO_TRADE_OR_STALE,8.75,8.75,8.75,0,DOAS.IS,2020-03-11,False
UNRESOLVED_NO_TRADE_OR_STALE,184.8000030517578,184.8000030517578,184.8000030517578,0,DOAS.IS,2026-05-27,False
UNRESOLVED_NO_TRADE_OR_STALE,184.8000030517578,184.8000030517578,184.8000030517578,0,DOAS.IS,2026-05-28,False
UNRESOLVED_NO_TRADE_OR_STALE,184.8000030517578,184.8000030517578,184.8000030517578,0,DOAS.IS,2026-05-29,False
UNRESOLVED_NO_TRADE_OR_STALE,0.8700000047683716,0.8700000047683716,0.8700000047683716,0,DOHOL.IS,2018-01-01,False
UNRESOLVED_NO_TRADE_OR_STALE,1.0700000524520874,1.0700000524520874,1.0700000524520874,0,DOHOL.IS,2018-04-23,False
UNRESOLVED_NO_TRADE_OR_STALE,1.0299999713897705,1.0299999713897705,1.0299999713897705,0,DOHOL.IS,2018-05-01,False
UNRESOLVED_NO_TRADE_OR_STALE,0.9399999976158142,0.9399999976158142,0.9399999976158142,0,DOHOL.IS,2018-06-15,False
UNRESOLVED_NO_TRADE_OR_STALE,1.2899999618530273,1.2899999618530273,1.2899999618530273,0,DOHOL.IS,2018-08-21,False
UNRESOLVED_NO_TRADE_OR_STALE,1.2899999618530273,1.2899999618530273,1.2899999618530273,0,DOHOL.IS,2018-08-22,False
UNRESOLVED_NO_TRADE_OR_STALE,1.2899999618530273,1.2899999618530273,1.2899999618530273,0,DOHOL.IS,2018-08-23,False
UNRESOLVED_NO_TRADE_OR_STALE,1.2899999618530273,1.2899999618530273,1.2899999618530273,0,DOHOL.IS,2018-08-24,False
UNRESOLVED_NO_TRADE_OR_STALE,1.2999999523162842,1.2999999523162842,1.2999999523162842,0,DOHOL.IS,2018-08-30,False
UNRESOLVED_NO_TRADE_OR_STALE,1.149999976158142,1.149999976158142,1.149999976158142,0,DOHOL.IS,2018-10-29,False
UNRESOLVED_NO_TRADE_OR_STALE,1.0299999713897705,1.0299999713897705,1.0299999713897705,0,DOHOL.IS,2019-01-01,False
UNRESOLVED_NO_TRADE_OR_STALE,1.090000033378601,1.090000033378601,1.090000033378601,0,DOHOL.IS,2019-04-23,False
UNRESOLVED_NO_TRADE_OR_STALE,1.059999942779541,1.059999942779541,1.059999942779541,0,DOHOL.IS,2019-05-01,False
UNRESOLVED_NO_TRADE_OR_STALE,1.059999942779541,1.059999942779541,1.059999942779541,0,DOHOL.IS,2019-06-04,False
UNRESOLVED_NO_TRADE_OR_STALE,1.059999942779541,1.059999942779541,1.059999942779541,0,DOHOL.IS,2019-06-05,False
UNRESOLVED_NO_TRADE_OR_STALE,1.059999942779541,1.059999942779541,1.059999942779541,0,DOHOL.IS,2019-06-06,False
UNRESOLVED_NO_TRADE_OR_STALE,1.190000057220459,1.190000057220459,1.190000057220459,0,DOHOL.IS,2019-07-15,False
UNRESOLVED_NO_TRADE_OR_STALE,1.2899999618530273,1.2899999618530273,1.2899999618530273,0,DOHOL.IS,2019-08-12,False
UNRESOLVED_NO_TRADE_OR_STALE,1.2899999618530273,1.2899999618530273,1.2899999618530273,0,DOHOL.IS,2019-08-13,False
UNRESOLVED_NO_TRADE_OR_STALE,1.2899999618530273,1.2899999618530273,1.2899999618530273,0,DOHOL.IS,2019-08-14,False
UNRESOLVED_NO_TRADE_OR_STALE,1.3300000429153442,1.3300000429153442,1.3300000429153442,0,DOHOL.IS,2019-08-30,False
UNRESOLVED_NO_TRADE_OR_STALE,1.5499999523162842,1.5499999523162842,1.5499999523162842,0,DOHOL.IS,2020-03-11,False
UNRESOLVED_NO_TRADE_OR_STALE,23.520000457763672,23.520000457763672,23.520000457763672,0,DOHOL.IS,2026-05-27,False
UNRESOLVED_NO_TRADE_OR_STALE,23.520000457763672,23.520000457763672,23.520000457763672,0,DOHOL.IS,2026-05-28,False
UNRESOLVED_NO_TRADE_OR_STALE,23.520000457763672,23.520000457763672,23.520000457763672,0,DOHOL.IS,2026-05-29,False
UNRESOLVED_NO_TRADE_OR_STALE,4.409999847412109,4.409999847412109,4.409999847412109,0,ECILC.IS,2018-01-01,False
UNRESOLVED_NO_TRADE_OR_STALE,4.110000133514404,4.110000133514404,4.110000133514404,0,ECILC.IS,2018-04-23,False
UNRESOLVED_NO_TRADE_OR_STALE,4.059999942779541,4.059999942779541,4.059999942779541,0,ECILC.IS,2018-05-01,False
UNRESOLVED_NO_TRADE_OR_STALE,3.319999933242798,3.319999933242798,3.319999933242798,0,ECILC.IS,2018-06-15,False
UNRESOLVED_NO_TRADE_OR_STALE,3.450000047683716,3.450000047683716,3.450000047683716,0,ECILC.IS,2018-08-21,False
UNRESOLVED_NO_TRADE_OR_STALE,3.450000047683716,3.450000047683716,3.450000047683716,0,ECILC.IS,2018-08-22,False
UNRESOLVED_NO_TRADE_OR_STALE,3.450000047683716,3.450000047683716,3.450000047683716,0,ECILC.IS,2018-08-23,False
UNRESOLVED_NO_TRADE_OR_STALE,3.450000047683716,3.450000047683716,3.450000047683716,0,ECILC.IS,2018-08-24,False
UNRESOLVED_NO_TRADE_OR_STALE,3.569999933242798,3.569999933242798,3.569999933242798,0,ECILC.IS,2018-08-30,False
UNRESOLVED_NO_TRADE_OR_STALE,3.0299999713897705,3.0299999713897705,3.0299999713897705,0,ECILC.IS,2018-10-29,False
UNRESOLVED_NO_TRADE_OR_STALE,2.740000009536743,2.740000009536743,2.740000009536743,0,ECILC.IS,2019-01-01,False
UNRESOLVED_NO_TRADE_OR_STALE,2.799999952316284,2.799999952316284,2.799999952316284,0,ECILC.IS,2019-04-23,False
UNRESOLVED_NO_TRADE_OR_STALE,2.809999942779541,2.809999942779541,2.809999942779541,0,ECILC.IS,2019-05-01,False
UNRESOLVED_NO_TRADE_OR_STALE,2.309999942779541,2.309999942779541,2.309999942779541,0,ECILC.IS,2019-06-04,False
UNRESOLVED_NO_TRADE_OR_STALE,2.309999942779541,2.309999942779541,2.309999942779541,0,ECILC.IS,2019-06-05,False
UNRESOLVED_NO_TRADE_OR_STALE,2.309999942779541,2.309999942779541,2.309999942779541,0,ECILC.IS,2019-06-06,False
UNRESOLVED_NO_TRADE_OR_STALE,2.2899999618530273,2.2899999618530273,2.2899999618530273,0,ECILC.IS,2019-07-15,False
UNRESOLVED_NO_TRADE_OR_STALE,2.359999895095825,2.359999895095825,2.359999895095825,0,ECILC.IS,2019-08-12,False
UNRESOLVED_NO_TRADE_OR_STALE,2.359999895095825,2.359999895095825,2.359999895095825,0,ECILC.IS,2019-08-13,False
UNRESOLVED_NO_TRADE_OR_STALE,2.359999895095825,2.359999895095825,2.359999895095825,0,ECILC.IS,2019-08-14,False
UNRESOLVED_NO_TRADE_OR_STALE,2.5999999046325684,2.5999999046325684,2.5999999046325684,0,ECILC.IS,2019-08-30,False
UNRESOLVED_NO_TRADE_OR_STALE,3.4200000762939453,3.4200000762939453,3.4200000762939453,0,ECILC.IS,2020-03-11,False
UNRESOLVED_NO_TRADE_OR_STALE,88.9000015258789,88.9000015258789,88.9000015258789,0,ECILC.IS,2026-05-27,False
UNRESOLVED_NO_TRADE_OR_STALE,88.9000015258789,88.9000015258789,88.9000015258789,0,ECILC.IS,2026-05-28,False
UNRESOLVED_NO_TRADE_OR_STALE,88.9000015258789,88.9000015258789,88.9000015258789,0,ECILC.IS,2026-05-29,False
UNRESOLVED_NO_TRADE_OR_STALE,2.809999942779541,2.809999942779541,2.809999942779541,0,EKGYO.IS,2018-01-01,False
UNRESOLVED_NO_TRADE_OR_STALE,2.4800000190734863,2.4800000190734863,2.4800000190734863,0,EKGYO.IS,2018-04-23,False
UNRESOLVED_NO_TRADE_OR_STALE,2.4100000858306885,2.4100000858306885,2.4100000858306885,0,EKGYO.IS,2018-05-01,False
UNRESOLVED_NO_TRADE_OR_STALE,1.909999966621399,1.909999966621399,1.909999966621399,0,EKGYO.IS,2018-06-15,False
UNRESOLVED_NO_TRADE_OR_STALE,1.7200000286102295,1.7200000286102295,1.7200000286102295,0,EKGYO.IS,2018-08-21,False
UNRESOLVED_NO_TRADE_OR_STALE,1.7200000286102295,1.7200000286102295,1.7200000286102295,0,EKGYO.IS,2018-08-22,False
UNRESOLVED_NO_TRADE_OR_STALE,1.7200000286102295,1.7200000286102295,1.7200000286102295,0,EKGYO.IS,2018-08-23,False
UNRESOLVED_NO_TRADE_OR_STALE,1.7200000286102295,1.7200000286102295,1.7200000286102295,0,EKGYO.IS,2018-08-24,False
UNRESOLVED_NO_TRADE_OR_STALE,1.7999999523162842,1.7999999523162842,1.7999999523162842,0,EKGYO.IS,2018-08-30,False
UNRESOLVED_NO_TRADE_OR_STALE,1.7599999904632568,1.7599999904632568,1.7599999904632568,0,EKGYO.IS,2018-10-29,False
UNRESOLVED_NO_TRADE_OR_STALE,1.5099999904632568,1.5099999904632568,1.5099999904632568,0,EKGYO.IS,2019-01-01,False
UNRESOLVED_NO_TRADE_OR_STALE,1.4700000286102295,1.4700000286102295,1.4700000286102295,0,EKGYO.IS,2019-04-23,False
UNRESOLVED_NO_TRADE_OR_STALE,1.5,1.5,1.5,0,EKGYO.IS,2019-05-01,False
UNRESOLVED_NO_TRADE_OR_STALE,1.1100000143051147,1.1100000143051147,1.1100000143051147,0,EKGYO.IS,2019-06-04,False
UNRESOLVED_NO_TRADE_OR_STALE,1.1100000143051147,1.1100000143051147,1.1100000143051147,0,EKGYO.IS,2019-06-05,False
UNRESOLVED_NO_TRADE_OR_STALE,1.1100000143051147,1.1100000143051147,1.1100000143051147,0,EKGYO.IS,2019-06-06,False
UNRESOLVED_NO_TRADE_OR_STALE,1.159999966621399,1.159999966621399,1.159999966621399,0,EKGYO.IS,2019-07-15,False
UNRESOLVED_NO_TRADE_OR_STALE,1.2000000476837158,1.2000000476837158,1.2000000476837158,0,EKGYO.IS,2019-08-12,False
UNRESOLVED_NO_TRADE_OR_STALE,1.2000000476837158,1.2000000476837158,1.2000000476837158,0,EKGYO.IS,2019-08-13,False
UNRESOLVED_NO_TRADE_OR_STALE,1.2000000476837158,1.2000000476837158,1.2000000476837158,0,EKGYO.IS,2019-08-14,False
UNRESOLVED_NO_TRADE_OR_STALE,1.1799999475479126,1.1799999475479126,1.1799999475479126,0,EKGYO.IS,2019-08-30,False
UNRESOLVED_NO_TRADE_OR_STALE,1.2899999618530273,1.2899999618530273,1.2899999618530273,0,EKGYO.IS,2020-03-11,False
UNRESOLVED_NO_TRADE_OR_STALE,19.100000381469727,19.100000381469727,19.100000381469727,0,EKGYO.IS,2026-05-27,False
UNRESOLVED_NO_TRADE_OR_STALE,19.100000381469727,19.100000381469727,19.100000381469727,0,EKGYO.IS,2026-05-28,False
UNRESOLVED_NO_TRADE_OR_STALE,19.100000381469727,19.100000381469727,19.100000381469727,0,EKGYO.IS,2026-05-29,False
UNRESOLVED_NO_TRADE_OR_STALE,4.622998237609863,4.622998237609863,4.622998237609863,0,ENKAI.IS,2018-01-01,False
UNRESOLVED_NO_TRADE_OR_STALE,3.8639979362487793,3.8639979362487793,3.8639979362487793,0,ENKAI.IS,2018-04-23,False
UNRESOLVED_NO_TRADE_OR_STALE,3.7259979248046875,3.7259979248046875,3.7259979248046875,0,ENKAI.IS,2018-05-01,False
UNRESOLVED_NO_TRADE_OR_STALE,3.4583330154418945,3.4583330154418945,3.4583330154418945,0,ENKAI.IS,2018-06-15,False
UNRESOLVED_NO_TRADE_OR_STALE,4.283332824707031,4.283332824707031,4.283332824707031,0,ENKAI.IS,2018-08-21,False
UNRESOLVED_NO_TRADE_OR_STALE,4.283332824707031,4.283332824707031,4.283332824707031,0,ENKAI.IS,2018-08-22,False
UNRESOLVED_NO_TRADE_OR_STALE,4.283332824707031,4.283332824707031,4.283332824707031,0,ENKAI.IS,2018-08-23,False
UNRESOLVED_NO_TRADE_OR_STALE,4.283332824707031,4.283332824707031,4.283332824707031,0,ENKAI.IS,2018-08-24,False
UNRESOLVED_NO_TRADE_OR_STALE,4.241665840148926,4.241665840148926,4.241665840148926,0,ENKAI.IS,2018-08-30,False
UNRESOLVED_NO_TRADE_OR_STALE,3.8416659832000732,3.8416659832000732,3.8416659832000732,0,ENKAI.IS,2018-10-29,False
UNRESOLVED_NO_TRADE_OR_STALE,3.808332920074463,3.808332920074463,3.808332920074463,0,ENKAI.IS,2019-01-01,False
UNRESOLVED_NO_TRADE_OR_STALE,4.2083330154418945,4.2083330154418945,4.2083330154418945,0,ENKAI.IS,2019-04-23,False
UNRESOLVED_NO_TRADE_OR_STALE,4.449999809265137,4.449999809265137,4.449999809265137,0,ENKAI.IS,2019-05-01,False
UNRESOLVED_NO_TRADE_OR_STALE,4.408332824707031,4.408332824707031,4.408332824707031,0,ENKAI.IS,2019-06-04,False
UNRESOLVED_NO_TRADE_OR_STALE,4.408332824707031,4.408332824707031,4.408332824707031,0,ENKAI.IS,2019-06-05,False
UNRESOLVED_NO_TRADE_OR_STALE,4.408332824707031,4.408332824707031,4.408332824707031,0,ENKAI.IS,2019-06-06,False
UNRESOLVED_NO_TRADE_OR_STALE,4.875,4.875,4.875,0,ENKAI.IS,2019-07-15,False
UNRESOLVED_NO_TRADE_OR_STALE,4.608333110809326,4.608333110809326,4.608333110809326,0,ENKAI.IS,2019-08-12,False
UNRESOLVED_NO_TRADE_OR_STALE,4.608333110809326,4.608333110809326,4.608333110809326,0,ENKAI.IS,2019-08-13,False
UNRESOLVED_NO_TRADE_OR_STALE,4.608333110809326,4.608333110809326,4.608333110809326,0,ENKAI.IS,2019-08-14,False
UNRESOLVED_NO_TRADE_OR_STALE,4.808332920074463,4.808332920074463,4.808332920074463,0,ENKAI.IS,2019-08-30,False
UNRESOLVED_NO_TRADE_OR_STALE,4.916666030883789,4.916666030883789,4.916666030883789,0,ENKAI.IS,2020-03-11,False
UNRESOLVED_NO_TRADE_OR_STALE,100.5,100.5,100.5,0,ENKAI.IS,2026-05-27,False
UNRESOLVED_NO_TRADE_OR_STALE,100.5,100.5,100.5,0,ENKAI.IS,2026-05-28,False
UNRESOLVED_NO_TRADE_OR_STALE,100.5,100.5,100.5,0,ENKAI.IS,2026-05-29,False
UNRESOLVED_NO_TRADE_OR_STALE,5.010000228881836,5.010000228881836,5.010000228881836,0,EREGL.IS,2018-01-01,False
UNRESOLVED_NO_TRADE_OR_STALE,5.684999942779541,5.684999942779541,5.684999942779541,0,EREGL.IS,2018-04-23,False
UNRESOLVED_NO_TRADE_OR_STALE,5.079999923706055,5.079999923706055,5.079999923706055,0,EREGL.IS,2018-05-01,False
UNRESOLVED_NO_TRADE_OR_STALE,5.289999961853027,5.289999961853027,5.289999961853027,0,EREGL.IS,2018-06-15,False
UNRESOLVED_NO_TRADE_OR_STALE,5.59499979019165,5.59499979019165,5.59499979019165,0,EREGL.IS,2018-08-21,False
UNRESOLVED_NO_TRADE_OR_STALE,5.59499979019165,5.59499979019165,5.59499979019165,0,EREGL.IS,2018-08-22,False
UNRESOLVED_NO_TRADE_OR_STALE,5.59499979019165,5.59499979019165,5.59499979019165,0,EREGL.IS,2018-08-23,False
UNRESOLVED_NO_TRADE_OR_STALE,5.59499979019165,5.59499979019165,5.59499979019165,0,EREGL.IS,2018-08-24,False
UNRESOLVED_NO_TRADE_OR_STALE,5.795000076293945,5.795000076293945,5.795000076293945,0,EREGL.IS,2018-08-30,False
UNRESOLVED_NO_TRADE_OR_STALE,4.519999980926514,4.519999980926514,4.519999980926514,0,EREGL.IS,2018-10-29,False
UNRESOLVED_NO_TRADE_OR_STALE,3.615000009536743,3.615000009536743,3.615000009536743,0,EREGL.IS,2019-01-01,False
UNRESOLVED_NO_TRADE_OR_STALE,4.625,4.625,4.625,0,EREGL.IS,2019-04-23,False
UNRESOLVED_NO_TRADE_OR_STALE,4.590000152587891,4.590000152587891,4.590000152587891,0,EREGL.IS,2019-05-01,False
UNRESOLVED_NO_TRADE_OR_STALE,3.6449999809265137,3.6449999809265137,3.6449999809265137,0,EREGL.IS,2019-06-04,False
UNRESOLVED_NO_TRADE_OR_STALE,3.6449999809265137,3.6449999809265137,3.6449999809265137,0,EREGL.IS,2019-06-05,False
UNRESOLVED_NO_TRADE_OR_STALE,3.6449999809265137,3.6449999809265137,3.6449999809265137,0,EREGL.IS,2019-06-06,False
UNRESOLVED_NO_TRADE_OR_STALE,3.615000009536743,3.615000009536743,3.615000009536743,0,EREGL.IS,2019-07-15,False
UNRESOLVED_NO_TRADE_OR_STALE,3.369999885559082,3.369999885559082,3.369999885559082,0,EREGL.IS,2019-08-12,False
UNRESOLVED_NO_TRADE_OR_STALE,3.369999885559082,3.369999885559082,3.369999885559082,0,EREGL.IS,2019-08-13,False
UNRESOLVED_NO_TRADE_OR_STALE,3.369999885559082,3.369999885559082,3.369999885559082,0,EREGL.IS,2019-08-14,False
UNRESOLVED_NO_TRADE_OR_STALE,3.200000047683716,3.200000047683716,3.200000047683716,0,EREGL.IS,2019-08-30,False
UNRESOLVED_NO_TRADE_OR_STALE,4.289999961853027,4.289999961853027,4.289999961853027,0,EREGL.IS,2020-03-11,False
UNRESOLVED_NO_TRADE_OR_STALE,20.969999313354492,20.969999313354492,20.969999313354492,0,EREGL.IS,2024-04-09,False
UNRESOLVED_NO_TRADE_OR_STALE,39.18000030517578,39.18000030517578,39.18000030517578,0,EREGL.IS,2026-05-27,False
UNRESOLVED_NO_TRADE_OR_STALE,39.18000030517578,39.18000030517578,39.18000030517578,0,EREGL.IS,2026-05-28,False
UNRESOLVED_NO_TRADE_OR_STALE,39.18000030517578,39.18000030517578,39.18000030517578,0,EREGL.IS,2026-05-29,False
UNRESOLVED_NO_TRADE_OR_STALE,53.29999923706055,53.29999923706055,53.29999923706055,0,EUPWR.IS,2024-04-09,False
UNRESOLVED_NO_TRADE_OR_STALE,76.0999984741211,76.0999984741211,76.0999984741211,0,EUPWR.IS,2026-05-27,False
UNRESOLVED_NO_TRADE_OR_STALE,76.0999984741211,76.0999984741211,76.0999984741211,0,EUPWR.IS,2026-05-28,False
UNRESOLVED_NO_TRADE_OR_STALE,76.0999984741211,76.0999984741211,76.0999984741211,0,EUPWR.IS,2026-05-29,False
UNRESOLVED_NO_TRADE_OR_STALE,92.5999984741211,92.5999984741211,92.5999984741211,0,FORTE.IS,2026-05-27,False
UNRESOLVED_NO_TRADE_OR_STALE,92.5999984741211,92.5999984741211,92.5999984741211,0,FORTE.IS,2026-05-28,False
UNRESOLVED_NO_TRADE_OR_STALE,92.5999984741211,92.5999984741211,92.5999984741211,0,FORTE.IS,2026-05-29,False
UNRESOLVED_NO_TRADE_OR_STALE,6.025000095367432,6.025000095367432,6.025000095367432,0,FROTO.IS,2018-01-01,False
UNRESOLVED_NO_TRADE_OR_STALE,6.014999866485596,6.014999866485596,6.014999866485596,0,FROTO.IS,2018-04-23,False
UNRESOLVED_NO_TRADE_OR_STALE,5.574999809265137,5.574999809265137,5.574999809265137,0,FROTO.IS,2018-05-01,False
UNRESOLVED_NO_TRADE_OR_STALE,6.239999771118164,6.239999771118164,6.239999771118164,0,FROTO.IS,2018-06-15,False
UNRESOLVED_NO_TRADE_OR_STALE,5.465000152587891,5.465000152587891,5.465000152587891,0,FROTO.IS,2018-08-21,False
UNRESOLVED_NO_TRADE_OR_STALE,5.465000152587891,5.465000152587891,5.465000152587891,0,FROTO.IS,2018-08-22,False
UNRESOLVED_NO_TRADE_OR_STALE,5.465000152587891,5.465000152587891,5.465000152587891,0,FROTO.IS,2018-08-23,False
UNRESOLVED_NO_TRADE_OR_STALE,5.465000152587891,5.465000152587891,5.465000152587891,0,FROTO.IS,2018-08-24,False
UNRESOLVED_NO_TRADE_OR_STALE,6.179999828338623,6.179999828338623,6.179999828338623,0,FROTO.IS,2018-08-30,False
UNRESOLVED_NO_TRADE_OR_STALE,5.684999942779541,5.684999942779541,5.684999942779541,0,FROTO.IS,2018-10-29,False
UNRESOLVED_NO_TRADE_OR_STALE,5.150000095367432,5.150000095367432,5.150000095367432,0,FROTO.IS,2019-01-01,False
UNRESOLVED_NO_TRADE_OR_STALE,5.230000019073486,5.230000019073486,5.230000019073486,0,FROTO.IS,2019-04-23,False
UNRESOLVED_NO_TRADE_OR_STALE,5.275000095367432,5.275000095367432,5.275000095367432,0,FROTO.IS,2019-05-01,False
UNRESOLVED_NO_TRADE_OR_STALE,5.429999828338623,5.429999828338623,5.429999828338623,0,FROTO.IS,2019-06-04,False
UNRESOLVED_NO_TRADE_OR_STALE,5.429999828338623,5.429999828338623,5.429999828338623,0,FROTO.IS,2019-06-05,False
UNRESOLVED_NO_TRADE_OR_STALE,5.429999828338623,5.429999828338623,5.429999828338623,0,FROTO.IS,2019-06-06,False
UNRESOLVED_NO_TRADE_OR_STALE,5.974999904632568,5.974999904632568,5.974999904632568,0,FROTO.IS,2019-07-15,False
UNRESOLVED_NO_TRADE_OR_STALE,5.755000114440918,5.755000114440918,5.755000114440918,0,FROTO.IS,2019-08-12,False
UNRESOLVED_NO_TRADE_OR_STALE,5.755000114440918,5.755000114440918,5.755000114440918,0,FROTO.IS,2019-08-13,False
UNRESOLVED_NO_TRADE_OR_STALE,5.755000114440918,5.755000114440918,5.755000114440918,0,FROTO.IS,2019-08-14,False
UNRESOLVED_NO_TRADE_OR_STALE,5.864999771118164,5.864999771118164,5.864999771118164,0,FROTO.IS,2019-08-30,False
UNRESOLVED_NO_TRADE_OR_STALE,116.69999694824219,116.69999694824219,116.69999694824219,0,FROTO.IS,2024-04-09,False
UNRESOLVED_NO_TRADE_OR_STALE,84.1500015258789,84.1500015258789,84.1500015258789,0,FROTO.IS,2026-05-27,False
UNRESOLVED_NO_TRADE_OR_STALE,84.1500015258789,84.1500015258789,84.1500015258789,0,FROTO.IS,2026-05-28,False
UNRESOLVED_NO_TRADE_OR_STALE,84.1500015258789,84.1500015258789,84.1500015258789,0,FROTO.IS,2026-05-29,False
UNRESOLVED_NO_TRADE_OR_STALE,10.720000267028809,10.720000267028809,10.720000267028809,0,GARAN.IS,2018-01-01,False
UNRESOLVED_NO_TRADE_OR_STALE,10.039999961853027,10.039999961853027,10.039999961853027,0,GARAN.IS,2018-04-23,False
UNRESOLVED_NO_TRADE_OR_STALE,9.210000038146973,9.210000038146973,9.210000038146973,0,GARAN.IS,2018-05-01,False
UNRESOLVED_NO_TRADE_OR_STALE,8.3100004196167,8.3100004196167,8.3100004196167,0,GARAN.IS,2018-06-15,False
UNRESOLVED_NO_TRADE_OR_STALE,6.03000020980835,6.03000020980835,6.03000020980835,0,GARAN.IS,2018-08-21,False
UNRESOLVED_NO_TRADE_OR_STALE,6.03000020980835,6.03000020980835,6.03000020980835,0,GARAN.IS,2018-08-22,False
UNRESOLVED_NO_TRADE_OR_STALE,6.03000020980835,6.03000020980835,6.03000020980835,0,GARAN.IS,2018-08-23,False
UNRESOLVED_NO_TRADE_OR_STALE,6.03000020980835,6.03000020980835,6.03000020980835,0,GARAN.IS,2018-08-24,False
UNRESOLVED_NO_TRADE_OR_STALE,6.179999828338623,6.179999828338623,6.179999828338623,0,GARAN.IS,2018-08-30,False
UNRESOLVED_NO_TRADE_OR_STALE,6.909999847412109,6.909999847412109,6.909999847412109,0,GARAN.IS,2018-10-29,False
UNRESOLVED_NO_TRADE_OR_STALE,7.949999809265137,7.949999809265137,7.949999809265137,0,GARAN.IS,2019-01-01,False
UNRESOLVED_NO_TRADE_OR_STALE,8.300000190734863,8.300000190734863,8.300000190734863,0,GARAN.IS,2019-04-23,False
UNRESOLVED_NO_TRADE_OR_STALE,8.210000038146973,8.210000038146973,8.210000038146973,0,GARAN.IS,2019-05-01,False
UNRESOLVED_NO_TRADE_OR_STALE,7.909999847412109,7.909999847412109,7.909999847412109,0,GARAN.IS,2019-06-04,False
UNRESOLVED_NO_TRADE_OR_STALE,7.909999847412109,7.909999847412109,7.909999847412109,0,GARAN.IS,2019-06-05,False
UNRESOLVED_NO_TRADE_OR_STALE,7.909999847412109,7.909999847412109,7.909999847412109,0,GARAN.IS,2019-06-06,False
UNRESOLVED_NO_TRADE_OR_STALE,9.270000457763672,9.270000457763672,9.270000457763672,0,GARAN.IS,2019-07-15,False
UNRESOLVED_NO_TRADE_OR_STALE,9.770000457763672,9.770000457763672,9.770000457763672,0,GARAN.IS,2019-08-12,False
UNRESOLVED_NO_TRADE_OR_STALE,9.770000457763672,9.770000457763672,9.770000457763672,0,GARAN.IS,2019-08-13,False
UNRESOLVED_NO_TRADE_OR_STALE,9.770000457763672,9.770000457763672,9.770000457763672,0,GARAN.IS,2019-08-14,False
UNRESOLVED_NO_TRADE_OR_STALE,8.90999984741211,8.90999984741211,8.90999984741211,0,GARAN.IS,2019-08-30,False
UNRESOLVED_NO_TRADE_OR_STALE,9.34000015258789,9.34000015258789,9.34000015258789,0,GARAN.IS,2020-03-11,False
UNRESOLVED_NO_TRADE_OR_STALE,122.9000015258789,122.9000015258789,122.9000015258789,0,GARAN.IS,2026-05-27,False
UNRESOLVED_NO_TRADE_OR_STALE,122.9000015258789,122.9000015258789,122.9000015258789,0,GARAN.IS,2026-05-28,False
UNRESOLVED_NO_TRADE_OR_STALE,122.9000015258789,122.9000015258789,122.9000015258789,0,GARAN.IS,2026-05-29,False
UNRESOLVED_NO_TRADE_OR_STALE,0.2758359909057617,0.2758359909057617,0.2758359909057617,0,GENTS.IS,2018-01-01,False
UNRESOLVED_NO_TRADE_OR_STALE,0.2659839987754822,0.2659839987754822,0.2659839987754822,0,GENTS.IS,2018-04-23,False
UNRESOLVED_NO_TRADE_OR_STALE,0.2643420100212097,0.2643420100212097,0.2643420100212097,0,GENTS.IS,2018-05-01,False
UNRESOLVED_NO_TRADE_OR_STALE,0.3497200012207031,0.3497200012207031,0.3497200012207031,0,GENTS.IS,2018-06-15,False
UNRESOLVED_NO_TRADE_OR_STALE,0.42025598883628845,0.42025598883628845,0.42025598883628845,0,GENTS.IS,2018-08-21,False
UNRESOLVED_NO_TRADE_OR_STALE,0.42025598883628845,0.42025598883628845,0.42025598883628845,0,GENTS.IS,2018-08-22,False
UNRESOLVED_NO_TRADE_OR_STALE,0.42025598883628845,0.42025598883628845,0.42025598883628845,0,GENTS.IS,2018-08-23,False
UNRESOLVED_NO_TRADE_OR_STALE,0.42025598883628845,0.42025598883628845,0.42025598883628845,0,GENTS.IS,2018-08-24,False
UNRESOLVED_NO_TRADE_OR_STALE,0.4167090058326721,0.4167090058326721,0.4167090058326721,0,GENTS.IS,2018-08-30,False
UNRESOLVED_NO_TRADE_OR_STALE,0.3918839991092682,0.3918839991092682,0.3918839991092682,0,GENTS.IS,2018-10-29,False
UNRESOLVED_NO_TRADE_OR_STALE,0.31563499569892883,0.31563499569892883,0.31563499569892883,0,GENTS.IS,2019-01-01,False
UNRESOLVED_NO_TRADE_OR_STALE,0.338687002658844,0.338687002658844,0.338687002658844,0,GENTS.IS,2019-04-23,False
UNRESOLVED_NO_TRADE_OR_STALE,0.31563499569892883,0.31563499569892883,0.31563499569892883,0,GENTS.IS,2019-05-01,False
UNRESOLVED_NO_TRADE_OR_STALE,0.2659839987754822,0.2659839987754822,0.2659839987754822,0,GENTS.IS,2019-06-04,False
UNRESOLVED_NO_TRADE_OR_STALE,0.2659839987754822,0.2659839987754822,0.2659839987754822,0,GENTS.IS,2019-06-05,False
UNRESOLVED_NO_TRADE_OR_STALE,0.2659839987754822,0.2659839987754822,0.2659839987754822,0,GENTS.IS,2019-06-06,False
UNRESOLVED_NO_TRADE_OR_STALE,0.2791939973831177,0.2791939973831177,0.2791939973831177,0,GENTS.IS,2019-07-15,False
UNRESOLVED_NO_TRADE_OR_STALE,0.29867300391197205,0.29867300391197205,0.29867300391197205,0,GENTS.IS,2019-08-12,False
UNRESOLVED_NO_TRADE_OR_STALE,0.29867300391197205,0.29867300391197205,0.29867300391197205,0,GENTS.IS,2019-08-13,False
UNRESOLVED_NO_TRADE_OR_STALE,0.29867300391197205,0.29867300391197205,0.29867300391197205,0,GENTS.IS,2019-08-14,False
UNRESOLVED_NO_TRADE_OR_STALE,0.2943440079689026,0.2943440079689026,0.2943440079689026,0,GENTS.IS,2019-08-30,False
UNRESOLVED_NO_TRADE_OR_STALE,0.48913100361824036,0.48913100361824036,0.48913100361824036,0,GENTS.IS,2020-03-11,False
UNRESOLVED_NO_TRADE_OR_STALE,3.9079999923706055,3.9079999923706055,3.9079999923706055,0,GENTS.IS,2024-04-09,False
UNRESOLVED_NO_TRADE_OR_STALE,7.28000020980835,7.28000020980835,7.28000020980835,0,GENTS.IS,2026-05-27,False
UNRESOLVED_NO_TRADE_OR_STALE,7.28000020980835,7.28000020980835,7.28000020980835,0,GENTS.IS,2026-05-28,False
UNRESOLVED_NO_TRADE_OR_STALE,7.28000020980835,7.28000020980835,7.28000020980835,0,GENTS.IS,2026-05-29,False
UNRESOLVED_NO_TRADE_OR_STALE,75.5,75.5,75.5,0,GESAN.IS,2026-05-27,False
UNRESOLVED_NO_TRADE_OR_STALE,75.5,75.5,75.5,0,GESAN.IS,2026-05-28,False
UNRESOLVED_NO_TRADE_OR_STALE,75.5,75.5,75.5,0,GESAN.IS,2026-05-29,False
UNRESOLVED_NO_TRADE_OR_STALE,24.559999465942383,24.559999465942383,24.559999465942383,0,GOKNR.IS,2026-05-27,False
UNRESOLVED_NO_TRADE_OR_STALE,24.559999465942383,24.559999465942383,24.559999465942383,0,GOKNR.IS,2026-05-28,False
UNRESOLVED_NO_TRADE_OR_STALE,24.559999465942383,24.559999465942383,24.559999465942383,0,GOKNR.IS,2026-05-29,False
UNRESOLVED_NO_TRADE_OR_STALE,4.230000019073486,4.230000019073486,4.230000019073486,0,GUBRF.IS,2018-01-01,False
UNRESOLVED_NO_TRADE_OR_STALE,3.930000066757202,3.930000066757202,3.930000066757202,0,GUBRF.IS,2018-04-23,False
UNRESOLVED_NO_TRADE_OR_STALE,3.759999990463257,3.759999990463257,3.759999990463257,0,GUBRF.IS,2018-05-01,False
UNRESOLVED_NO_TRADE_OR_STALE,3.319999933242798,3.319999933242798,3.319999933242798,0,GUBRF.IS,2018-06-15,False
UNRESOLVED_NO_TRADE_OR_STALE,2.9800000190734863,2.9800000190734863,2.9800000190734863,0,GUBRF.IS,2018-08-21,False
UNRESOLVED_NO_TRADE_OR_STALE,2.9800000190734863,2.9800000190734863,2.9800000190734863,0,GUBRF.IS,2018-08-22,False
UNRESOLVED_NO_TRADE_OR_STALE,2.9800000190734863,2.9800000190734863,2.9800000190734863,0,GUBRF.IS,2018-08-23,False
UNRESOLVED_NO_TRADE_OR_STALE,2.9800000190734863,2.9800000190734863,2.9800000190734863,0,GUBRF.IS,2018-08-24,False
UNRESOLVED_NO_TRADE_OR_STALE,3.059999942779541,3.059999942779541,3.059999942779541,0,GUBRF.IS,2018-08-30,False
UNRESOLVED_NO_TRADE_OR_STALE,3.0,3.0,3.0,0,GUBRF.IS,2018-10-29,False
UNRESOLVED_NO_TRADE_OR_STALE,2.9700000286102295,2.9700000286102295,2.9700000286102295,0,GUBRF.IS,2019-01-01,False
UNRESOLVED_NO_TRADE_OR_STALE,2.7799999713897705,2.7799999713897705,2.7799999713897705,0,GUBRF.IS,2019-04-23,False
UNRESOLVED_NO_TRADE_OR_STALE,2.6700000762939453,2.6700000762939453,2.6700000762939453,0,GUBRF.IS,2019-05-01,False
UNRESOLVED_NO_TRADE_OR_STALE,2.4600000381469727,2.4600000381469727,2.4600000381469727,0,GUBRF.IS,2019-06-04,False
UNRESOLVED_NO_TRADE_OR_STALE,2.4600000381469727,2.4600000381469727,2.4600000381469727,0,GUBRF.IS,2019-06-05,False
UNRESOLVED_NO_TRADE_OR_STALE,2.4600000381469727,2.4600000381469727,2.4600000381469727,0,GUBRF.IS,2019-06-06,False
UNRESOLVED_NO_TRADE_OR_STALE,2.5199999809265137,2.5199999809265137,2.5199999809265137,0,GUBRF.IS,2019-07-15,False
UNRESOLVED_NO_TRADE_OR_STALE,3.869999885559082,3.869999885559082,3.869999885559082,0,GUBRF.IS,2019-08-12,False
UNRESOLVED_NO_TRADE_OR_STALE,3.869999885559082,3.869999885559082,3.869999885559082,0,GUBRF.IS,2019-08-13,False
UNRESOLVED_NO_TRADE_OR_STALE,3.869999885559082,3.869999885559082,3.869999885559082,0,GUBRF.IS,2019-08-14,False
UNRESOLVED_NO_TRADE_OR_STALE,4.150000095367432,4.150000095367432,4.150000095367432,0,GUBRF.IS,2019-08-30,False
UNRESOLVED_NO_TRADE_OR_STALE,15.640000343322754,15.640000343322754,15.640000343322754,0,GUBRF.IS,2020-03-11,False
UNRESOLVED_NO_TRADE_OR_STALE,550.0,550.0,550.0,0,GUBRF.IS,2026-05-27,False
UNRESOLVED_NO_TRADE_OR_STALE,550.0,550.0,550.0,0,GUBRF.IS,2026-05-28,False
UNRESOLVED_NO_TRADE_OR_STALE,550.0,550.0,550.0,0,GUBRF.IS,2026-05-29,False
UNRESOLVED_NO_TRADE_OR_STALE,10.779999732971191,10.779999732971191,10.779999732971191,0,HALKB.IS,2018-01-01,False
UNRESOLVED_NO_TRADE_OR_STALE,9.210000038146973,9.210000038146973,9.210000038146973,0,HALKB.IS,2018-04-23,False
UNRESOLVED_NO_TRADE_OR_STALE,8.220000267028809,8.220000267028809,8.220000267028809,0,HALKB.IS,2018-05-01,False
UNRESOLVED_NO_TRADE_OR_STALE,7.21999979019165,7.21999979019165,7.21999979019165,0,HALKB.IS,2018-06-15,False
UNRESOLVED_NO_TRADE_OR_STALE,5.809999942779541,5.809999942779541,5.809999942779541,0,HALKB.IS,2018-08-21,False
UNRESOLVED_NO_TRADE_OR_STALE,5.809999942779541,5.809999942779541,5.809999942779541,0,HALKB.IS,2018-08-22,False
UNRESOLVED_NO_TRADE_OR_STALE,5.809999942779541,5.809999942779541,5.809999942779541,0,HALKB.IS,2018-08-23,False
UNRESOLVED_NO_TRADE_OR_STALE,5.809999942779541,5.809999942779541,5.809999942779541,0,HALKB.IS,2018-08-24,False
UNRESOLVED_NO_TRADE_OR_STALE,6.090000152587891,6.090000152587891,6.090000152587891,0,HALKB.IS,2018-08-30,False
UNRESOLVED_NO_TRADE_OR_STALE,6.329999923706055,6.329999923706055,6.329999923706055,0,HALKB.IS,2018-10-29,False
UNRESOLVED_NO_TRADE_OR_STALE,7.03000020980835,7.03000020980835,7.03000020980835,0,HALKB.IS,2019-01-01,False
UNRESOLVED_NO_TRADE_OR_STALE,6.170000076293945,6.170000076293945,6.170000076293945,0,HALKB.IS,2019-04-23,False
UNRESOLVED_NO_TRADE_OR_STALE,5.849999904632568,5.849999904632568,5.849999904632568,0,HALKB.IS,2019-05-01,False
UNRESOLVED_NO_TRADE_OR_STALE,5.230000019073486,5.230000019073486,5.230000019073486,0,HALKB.IS,2019-06-04,False
UNRESOLVED_NO_TRADE_OR_STALE,5.230000019073486,5.230000019073486,5.230000019073486,0,HALKB.IS,2019-06-05,False
UNRESOLVED_NO_TRADE_OR_STALE,5.230000019073486,5.230000019073486,5.230000019073486,0,HALKB.IS,2019-06-06,False
UNRESOLVED_NO_TRADE_OR_STALE,5.869999885559082,5.869999885559082,5.869999885559082,0,HALKB.IS,2019-07-15,False
UNRESOLVED_NO_TRADE_OR_STALE,5.650000095367432,5.650000095367432,5.650000095367432,0,HALKB.IS,2019-08-12,False
UNRESOLVED_NO_TRADE_OR_STALE,5.650000095367432,5.650000095367432,5.650000095367432,0,HALKB.IS,2019-08-13,False
UNRESOLVED_NO_TRADE_OR_STALE,5.650000095367432,5.650000095367432,5.650000095367432,0,HALKB.IS,2019-08-14,False
UNRESOLVED_NO_TRADE_OR_STALE,5.670000076293945,5.670000076293945,5.670000076293945,0,HALKB.IS,2019-08-30,False
UNRESOLVED_NO_TRADE_OR_STALE,5.550000190734863,5.550000190734863,5.550000190734863,0,HALKB.IS,2020-03-11,False
UNRESOLVED_NO_TRADE_OR_STALE,42.099998474121094,42.099998474121094,42.099998474121094,0,HALKB.IS,2026-05-27,False
UNRESOLVED_NO_TRADE_OR_STALE,42.099998474121094,42.099998474121094,42.099998474121094,0,HALKB.IS,2026-05-28,False
UNRESOLVED_NO_TRADE_OR_STALE,42.099998474121094,42.099998474121094,42.099998474121094,0,HALKB.IS,2026-05-29,False
UNRESOLVED_NO_TRADE_OR_STALE,0.14096899330615997,0.14096899330615997,0.14096899330615997,0,HEKTS.IS,2018-01-01,False
UNRESOLVED_NO_TRADE_OR_STALE,0.24166099727153778,0.24166099727153778,0.24166099727153778,0,HEKTS.IS,2018-04-23,False
UNRESOLVED_NO_TRADE_OR_STALE,0.2275640070438385,0.2275640070438385,0.2275640070438385,0,HEKTS.IS,2018-05-01,False
UNRESOLVED_NO_TRADE_OR_STALE,0.17540599405765533,0.17540599405765533,0.17540599405765533,0,HEKTS.IS,2018-06-15,False
UNRESOLVED_NO_TRADE_OR_STALE,0.19937099516391754,0.19937099516391754,0.19937099516391754,0,HEKTS.IS,2018-08-21,False
UNRESOLVED_NO_TRADE_OR_STALE,0.19937099516391754,0.19937099516391754,0.19937099516391754,0,HEKTS.IS,2018-08-22,False
UNRESOLVED_NO_TRADE_OR_STALE,0.19937099516391754,0.19937099516391754,0.19937099516391754,0,HEKTS.IS,2018-08-23,False
UNRESOLVED_NO_TRADE_OR_STALE,0.19937099516391754,0.19937099516391754,0.19937099516391754,0,HEKTS.IS,2018-08-24,False
UNRESOLVED_NO_TRADE_OR_STALE,0.1949400007724762,0.1949400007724762,0.1949400007724762,0,HEKTS.IS,2018-08-30,False
UNRESOLVED_NO_TRADE_OR_STALE,0.17983600497245789,0.17983600497245789,0.17983600497245789,0,HEKTS.IS,2018-10-29,False
UNRESOLVED_NO_TRADE_OR_STALE,0.18809300661087036,0.18809300661087036,0.18809300661087036,0,HEKTS.IS,2019-01-01,False
UNRESOLVED_NO_TRADE_OR_STALE,0.2545500099658966,0.2545500099658966,0.2545500099658966,0,HEKTS.IS,2019-04-23,False
UNRESOLVED_NO_TRADE_OR_STALE,0.2426680028438568,0.2426680028438568,0.2426680028438568,0,HEKTS.IS,2019-05-01,False
UNRESOLVED_NO_TRADE_OR_STALE,0.23118899762630463,0.23118899762630463,0.23118899762630463,0,HEKTS.IS,2019-06-04,False
UNRESOLVED_NO_TRADE_OR_STALE,0.23118899762630463,0.23118899762630463,0.23118899762630463,0,HEKTS.IS,2019-06-05,False
UNRESOLVED_NO_TRADE_OR_STALE,0.23118899762630463,0.23118899762630463,0.23118899762630463,0,HEKTS.IS,2019-06-06,False
UNRESOLVED_NO_TRADE_OR_STALE,0.26139700412750244,0.26139700412750244,0.26139700412750244,0,HEKTS.IS,2019-07-15,False
UNRESOLVED_NO_TRADE_OR_STALE,0.2777090072631836,0.2777090072631836,0.2777090072631836,0,HEKTS.IS,2019-08-12,False
UNRESOLVED_NO_TRADE_OR_STALE,0.2777090072631836,0.2777090072631836,0.2777090072631836,0,HEKTS.IS,2019-08-13,False
UNRESOLVED_NO_TRADE_OR_STALE,0.2777090072631836,0.2777090072631836,0.2777090072631836,0,HEKTS.IS,2019-08-14,False
UNRESOLVED_NO_TRADE_OR_STALE,0.3052990138530731,0.3052990138530731,0.3052990138530731,0,HEKTS.IS,2019-08-30,False
UNRESOLVED_NO_TRADE_OR_STALE,0.4718230068683624,0.4718230068683624,0.4718230068683624,0,HEKTS.IS,2020-03-11,False
TRADED_PROVIDER,4.134029865264893,4.267037868499756,4.134029865264893,49948771,HEKTS.IS,2024-09-09,True
TRADED_PROVIDER,4.029780864715576,4.166382789611816,4.011806011199951,72715930,HEKTS.IS,2024-09-10,True
TRADED_PROVIDER,3.8931779861450195,4.065729141235352,3.8859879970550537,72416145,HEKTS.IS,2024-09-11,True
TRADED_PROVIDER,3.9147469997406006,3.950695037841797,3.7673590183258057,82636262,HEKTS.IS,2024-09-12,True
TRADED_PROVIDER,4.302986145019531,4.302986145019531,4.1412200927734375,198942454,HEKTS.IS,2024-09-13,True
TRADED_PROVIDER,4.32096004486084,4.64089822769165,4.2850117683410645,328030910,HEKTS.IS,2024-09-16,True
TRADED_PROVIDER,4.238278865814209,4.374882221221924,4.2203049659729,152466072,HEKTS.IS,2024-09-17,True
UNRESOLVED_NO_TRADE_OR_STALE,4.0,4.0,4.0,0,HEKTS.IS,2026-05-27,False
UNRESOLVED_NO_TRADE_OR_STALE,4.0,4.0,4.0,0,HEKTS.IS,2026-05-28,False
UNRESOLVED_NO_TRADE_OR_STALE,4.0,4.0,4.0,0,HEKTS.IS,2026-05-29,False
UNRESOLVED_NO_TRADE_OR_STALE,615.0,615.0,615.0,0,INVES.IS,2026-05-27,False
UNRESOLVED_NO_TRADE_OR_STALE,615.0,615.0,615.0,0,INVES.IS,2026-05-28,False
UNRESOLVED_NO_TRADE_OR_STALE,615.0,615.0,615.0,0,INVES.IS,2026-05-29,False
UNRESOLVED_NO_TRADE_OR_STALE,1.2546249628067017,1.2546249628067017,1.2546249628067017,0,ISCTR.IS,2018-01-01,False
UNRESOLVED_NO_TRADE_OR_STALE,1.1538230180740356,1.1538230180740356,1.1538230180740356,0,ISCTR.IS,2018-04-23,False
UNRESOLVED_NO_TRADE_OR_STALE,1.1070220470428467,1.1070220470428467,1.1070220470428467,0,ISCTR.IS,2018-05-01,False
UNRESOLVED_NO_TRADE_OR_STALE,1.049420952796936,1.049420952796936,1.049420952796936,0,ISCTR.IS,2018-06-15,False
UNRESOLVED_NO_TRADE_OR_STALE,0.7110139727592468,0.7110139727592468,0.7110139727592468,0,ISCTR.IS,2018-08-21,False
UNRESOLVED_NO_TRADE_OR_STALE,0.7110139727592468,0.7110139727592468,0.7110139727592468,0,ISCTR.IS,2018-08-22,False
UNRESOLVED_NO_TRADE_OR_STALE,0.7110139727592468,0.7110139727592468,0.7110139727592468,0,ISCTR.IS,2018-08-23,False
UNRESOLVED_NO_TRADE_OR_STALE,0.7110139727592468,0.7110139727592468,0.7110139727592468,0,ISCTR.IS,2018-08-24,False
UNRESOLVED_NO_TRADE_OR_STALE,0.7398149967193604,0.7398149967193604,0.7398149967193604,0,ISCTR.IS,2018-08-30,False
UNRESOLVED_NO_TRADE_OR_STALE,0.7092139720916748,0.7092139720916748,0.7092139720916748,0,ISCTR.IS,2018-10-29,False
UNRESOLVED_NO_TRADE_OR_STALE,0.8172159790992737,0.8172159790992737,0.8172159790992737,0,ISCTR.IS,2019-01-01,False
UNRESOLVED_NO_TRADE_OR_STALE,1.045820951461792,1.045820951461792,1.045820951461792,0,ISCTR.IS,2019-04-23,False
UNRESOLVED_NO_TRADE_OR_STALE,0.9612190127372742,0.9612190127372742,0.9612190127372742,0,ISCTR.IS,2019-05-01,False
UNRESOLVED_NO_TRADE_OR_STALE,0.8874179720878601,0.8874179720878601,0.8874179720878601,0,ISCTR.IS,2019-06-04,False
UNRESOLVED_NO_TRADE_OR_STALE,0.8874179720878601,0.8874179720878601,0.8874179720878601,0,ISCTR.IS,2019-06-05,False
UNRESOLVED_NO_TRADE_OR_STALE,0.8874179720878601,0.8874179720878601,0.8874179720878601,0,ISCTR.IS,2019-06-06,False
UNRESOLVED_NO_TRADE_OR_STALE,1.0998220443725586,1.0998220443725586,1.0998220443725586,0,ISCTR.IS,2019-07-15,False
UNRESOLVED_NO_TRADE_OR_STALE,1.038620948791504,1.038620948791504,1.038620948791504,0,ISCTR.IS,2019-08-12,False
UNRESOLVED_NO_TRADE_OR_STALE,1.038620948791504,1.038620948791504,1.038620948791504,0,ISCTR.IS,2019-08-13,False
UNRESOLVED_NO_TRADE_OR_STALE,1.038620948791504,1.038620948791504,1.038620948791504,0,ISCTR.IS,2019-08-14,False
UNRESOLVED_NO_TRADE_OR_STALE,0.9900199770927429,0.9900199770927429,0.9900199770927429,0,ISCTR.IS,2019-08-30,False
UNRESOLVED_NO_TRADE_OR_STALE,1.0170199871063232,1.0170199871063232,1.0170199871063232,0,ISCTR.IS,2020-03-11,False
UNRESOLVED_NO_TRADE_OR_STALE,13.140000343322754,13.140000343322754,13.140000343322754,0,ISCTR.IS,2026-05-27,False
UNRESOLVED_NO_TRADE_OR_STALE,13.140000343322754,13.140000343322754,13.140000343322754,0,ISCTR.IS,2026-05-28,False
UNRESOLVED_NO_TRADE_OR_STALE,13.140000343322754,13.140000343322754,13.140000343322754,0,ISCTR.IS,2026-05-29,False
UNRESOLVED_NO_TRADE_OR_STALE,1.296165943145752,1.296165943145752,1.296165943145752,0,ISGYO.IS,2018-01-01,False
UNRESOLVED_NO_TRADE_OR_STALE,1.191329002380371,1.191329002380371,1.191329002380371,0,ISGYO.IS,2018-04-23,False
UNRESOLVED_NO_TRADE_OR_STALE,1.1627370119094849,1.1627370119094849,1.1627370119094849,0,ISGYO.IS,2018-05-01,False
UNRESOLVED_NO_TRADE_OR_STALE,0.9200000166893005,0.9200000166893005,0.9200000166893005,0,ISGYO.IS,2018-06-15,False
UNRESOLVED_NO_TRADE_OR_STALE,0.8999999761581421,0.8999999761581421,0.8999999761581421,0,ISGYO.IS,2018-08-21,False
UNRESOLVED_NO_TRADE_OR_STALE,0.8999999761581421,0.8999999761581421,0.8999999761581421,0,ISGYO.IS,2018-08-22,False
UNRESOLVED_NO_TRADE_OR_STALE,0.8999999761581421,0.8999999761581421,0.8999999761581421,0,ISGYO.IS,2018-08-23,False
UNRESOLVED_NO_TRADE_OR_STALE,0.8999999761581421,0.8999999761581421,0.8999999761581421,0,ISGYO.IS,2018-08-24,False
UNRESOLVED_NO_TRADE_OR_STALE,0.9399999976158142,0.9399999976158142,0.9399999976158142,0,ISGYO.IS,2018-08-30,False
UNRESOLVED_NO_TRADE_OR_STALE,0.8899999856948853,0.8899999856948853,0.8899999856948853,0,ISGYO.IS,2018-10-29,False
UNRESOLVED_NO_TRADE_OR_STALE,1.0800000429153442,1.0800000429153442,1.0800000429153442,0,ISGYO.IS,2019-01-01,False
UNRESOLVED_NO_TRADE_OR_STALE,1.0399999618530273,1.0399999618530273,1.0399999618530273,0,ISGYO.IS,2019-04-23,False
UNRESOLVED_NO_TRADE_OR_STALE,0.9900000095367432,0.9900000095367432,0.9900000095367432,0,ISGYO.IS,2019-05-01,False
UNRESOLVED_NO_TRADE_OR_STALE,0.949999988079071,0.949999988079071,0.949999988079071,0,ISGYO.IS,2019-06-04,False
UNRESOLVED_NO_TRADE_OR_STALE,0.949999988079071,0.949999988079071,0.949999988079071,0,ISGYO.IS,2019-06-05,False
UNRESOLVED_NO_TRADE_OR_STALE,0.949999988079071,0.949999988079071,0.949999988079071,0,ISGYO.IS,2019-06-06,False
UNRESOLVED_NO_TRADE_OR_STALE,0.9900000095367432,0.9900000095367432,0.9900000095367432,0,ISGYO.IS,2019-07-15,False
UNRESOLVED_NO_TRADE_OR_STALE,0.9200000166893005,0.9200000166893005,0.9200000166893005,0,ISGYO.IS,2019-08-12,False
UNRESOLVED_NO_TRADE_OR_STALE,0.9200000166893005,0.9200000166893005,0.9200000166893005,0,ISGYO.IS,2019-08-13,False
UNRESOLVED_NO_TRADE_OR_STALE,0.9200000166893005,0.9200000166893005,0.9200000166893005,0,ISGYO.IS,2019-08-14,False
UNRESOLVED_NO_TRADE_OR_STALE,0.8899999856948853,0.8899999856948853,0.8899999856948853,0,ISGYO.IS,2019-08-30,False
UNRESOLVED_NO_TRADE_OR_STALE,1.4700000286102295,1.4700000286102295,1.4700000286102295,0,ISGYO.IS,2020-03-11,False
UNRESOLVED_NO_TRADE_OR_STALE,20.459999084472656,20.459999084472656,20.459999084472656,0,ISGYO.IS,2026-05-27,False
UNRESOLVED_NO_TRADE_OR_STALE,20.459999084472656,20.459999084472656,20.459999084472656,0,ISGYO.IS,2026-05-28,False
UNRESOLVED_NO_TRADE_OR_STALE,20.459999084472656,20.459999084472656,20.459999084472656,0,ISGYO.IS,2026-05-29,False
UNRESOLVED_NO_TRADE_OR_STALE,115.0,115.0,115.0,0,KBORU.IS,2024-04-09,False
TRADED_PROVIDER,13.166666030883789,13.533332824707031,12.975000381469727,7241616,KBORU.IS,2025-01-02,True
TRADED_PROVIDER,13.324999809265137,13.5,13.083333015441895,6355410,KBORU.IS,2025-01-03,True
TRADED_PROVIDER,13.441665649414062,13.583333015441895,13.333333015441895,6297456,KBORU.IS,2025-01-06,True
TRADED_PROVIDER,13.333333015441895,13.483332633972168,13.300000190734863,3581676,KBORU.IS,2025-01-07,True
TRADED_PROVIDER,13.166666030883789,13.550000190734863,13.066665649414062,4362624,KBORU.IS,2025-01-08,True
TRADED_PROVIDER,13.441665649414062,13.541666030883789,13.149999618530273,6150684,KBORU.IS,2025-01-09,True
TRADED_PROVIDER,13.324999809265137,13.491665840148926,13.208333015441895,3789582,KBORU.IS,2025-01-10,True
TRADED_PROVIDER,12.916666030883789,13.433333396911621,12.916666030883789,4158960,KBORU.IS,2025-01-13,True
TRADED_PROVIDER,13.141666412353516,13.533332824707031,12.975000381469727,7745844,KBORU.IS,2025-01-14,True
TRADED_PROVIDER,13.041666030883789,13.225000381469727,12.958333015441895,3497910,KBORU.IS,2025-01-15,True
TRADED_PROVIDER,13.191665649414062,13.324999809265137,13.074999809265137,4644240,KBORU.IS,2025-01-16,True
TRADED_PROVIDER,13.066665649414062,13.233332633972168,12.899999618530273,5437494,KBORU.IS,2025-01-17,True
TRADED_PROVIDER,13.341666221618652,13.449999809265137,13.066665649414062,6707862,KBORU.IS,2025-01-20,True
TRADED_PROVIDER,13.083333015441895,13.358332633972168,13.058333396911621,4137834,KBORU.IS,2025-01-21,True
TRADED_PROVIDER,13.116665840148926,13.183333396911621,12.958333015441895,3824886,KBORU.IS,2025-01-22,True
TRADED_PROVIDER,13.208333015441895,13.550000190734863,13.149999618530273,9429702,KBORU.IS,2025-01-23,True
TRADED_PROVIDER,13.583333015441895,13.583333015441895,13.074999809265137,8794326,KBORU.IS,2025-01-24,True
TRADED_PROVIDER,13.541666030883789,14.208333015441895,13.541666030883789,18321240,KBORU.IS,2025-01-27,True
TRADED_PROVIDER,13.358332633972168,13.608332633972168,13.274999618530273,8682090,KBORU.IS,2025-01-28,True
TRADED_PROVIDER,13.100000381469727,13.5,13.083333015441895,6245634,KBORU.IS,2025-01-29,True
TRADED_PROVIDER,12.983332633972168,13.25,12.966666221618652,4890018,KBORU.IS,2025-01-30,True
TRADED_PROVIDER,13.100000381469727,13.108332633972168,12.908332824707031,3736386,KBORU.IS,2025-01-31,True
TRADED_PROVIDER,12.633333206176758,13.058333396911621,12.5,4094802,KBORU.IS,2025-02-03,True
TRADED_PROVIDER,12.691665649414062,12.783332824707031,12.600000381469727,2994468,KBORU.IS,2025-02-04,True
TRADED_PROVIDER,12.416666030883789,12.741665840148926,12.175000190734863,4761072,KBORU.IS,2025-02-05,True
TRADED_PROVIDER,12.533332824707031,12.583333015441895,12.383333206176758,2852664,KBORU.IS,2025-02-06,True
TRADED_PROVIDER,12.949999809265137,13.783332824707031,12.949999809265137,22474488,KBORU.IS,2025-02-07,True
TRADED_PROVIDER,12.899999618530273,12.966666221618652,12.75,5318862,KBORU.IS,2025-02-10,True
TRADED_PROVIDER,12.891666412353516,13.166666030883789,12.683333396911621,5027742,KBORU.IS,2025-02-11,True
TRADED_PROVIDER,12.600000381469727,13.024999618530273,12.591666221618652,4231992,KBORU.IS,2025-02-12,True
TRADED_PROVIDER,12.574999809265137,12.716666221618652,12.550000190734863,3306342,KBORU.IS,2025-02-13,True
TRADED_PROVIDER,12.441665649414062,12.608332633972168,12.416666030883789,3121572,KBORU.IS,2025-02-14,True
TRADED_PROVIDER,12.449999809265137,12.591666221618652,12.433333396911621,2472858,KBORU.IS,2025-02-17,True
TRADED_PROVIDER,12.316665649414062,12.491665840148926,12.233332633972168,3296682,KBORU.IS,2025-02-18,True
TRADED_PROVIDER,12.316665649414062,12.758333206176758,12.291666030883789,5353620,KBORU.IS,2025-02-19,True
TRADED_PROVIDER,12.441665649414062,12.683333396911621,12.375,3441822,KBORU.IS,2025-02-20,True
TRADED_PROVIDER,12.158332824707031,12.466666221618652,11.991665840148926,3694236,KBORU.IS,2025-02-21,True
TRADED_PROVIDER,12.199999809265137,12.358332633972168,12.175000190734863,1866600,KBORU.IS,2025-02-24,True
TRADED_PROVIDER,11.783332824707031,12.199999809265137,11.783332824707031,3515034,KBORU.IS,2025-02-25,True
TRADED_PROVIDER,11.675000190734863,11.841666221618652,11.433333396911621,3301872,KBORU.IS,2025-02-26,True
TRADED_PROVIDER,11.75,11.850000381469727,11.600000381469727,2648484,KBORU.IS,2025-02-27,True
TRADED_PROVIDER,11.725000381469727,11.949999809265137,11.708333015441895,2590662,KBORU.IS,2025-02-28,True
TRADED_PROVIDER,12.241665840148926,12.625,11.725000381469727,8505630,KBORU.IS,2025-03-03,True
TRADED_PROVIDER,11.625,12.100000381469727,11.591666221618652,8817828,KBORU.IS,2025-03-04,True
TRADED_PROVIDER,11.683333396911621,11.816665649414062,11.416666030883789,5914560,KBORU.IS,2025-03-05,True
TRADED_PROVIDER,12.033332824707031,12.074999809265137,11.708333015441895,7207548,KBORU.IS,2025-03-06,True
TRADED_PROVIDER,12.324999809265137,12.416666030883789,11.991665840148926,7087884,KBORU.IS,2025-03-07,True
TRADED_PROVIDER,12.475000381469727,12.550000190734863,12.199999809265137,6352548,KBORU.IS,2025-03-10,True
TRADED_PROVIDER,12.341666221618652,12.483332633972168,12.25,3859236,KBORU.IS,2025-03-11,True
TRADED_PROVIDER,12.308333396911621,12.449999809265137,12.274999618530273,4457700,KBORU.IS,2025-03-12,True
TRADED_PROVIDER,12.425000190734863,12.583333015441895,12.324999809265137,5260392,KBORU.IS,2025-03-13,True
TRADED_PROVIDER,12.425000190734863,12.574999809265137,12.383333206176758,4785216,KBORU.IS,2025-03-14,True
TRADED_PROVIDER,12.708333015441895,12.908332824707031,12.475000381469727,8226834,KBORU.IS,2025-03-17,True
TRADED_PROVIDER,12.358332633972168,12.649999618530273,12.233332633972168,5602620,KBORU.IS,2025-03-18,True
TRADED_PROVIDER,11.125,11.816665649414062,11.125,7762248,KBORU.IS,2025-03-19,True
TRADED_PROVIDER,10.958333015441895,11.441665649414062,10.774999618530273,10018944,KBORU.IS,2025-03-20,True
TRADED_PROVIDER,10.066665649414062,10.966666221618652,9.933333396911621,6048006,KBORU.IS,2025-03-21,True
TRADED_PROVIDER,10.216666221618652,10.466666221618652,9.658332824707031,7251186,KBORU.IS,2025-03-24,True
TRADED_PROVIDER,10.608332633972168,10.666666030883789,10.266666412353516,5097282,KBORU.IS,2025-03-25,True
TRADED_PROVIDER,10.758333206176758,10.949999809265137,10.333333015441895,5743632,KBORU.IS,2025-03-26,True
TRADED_PROVIDER,10.691665649414062,11.083333015441895,10.649999618530273,4335714,KBORU.IS,2025-03-27,True
TRADED_PROVIDER,10.824999809265137,10.824999809265137,10.5,2426394,KBORU.IS,2025-03-28,True
TRADED_PROVIDER,10.816665649414062,11.0,10.608332633972168,4032942,KBORU.IS,2025-04-02,True
TRADED_PROVIDER,10.858332633972168,11.091666221618652,10.766666412353516,4258140,KBORU.IS,2025-04-03,True
TRADED_PROVIDER,10.699999809265137,10.908332824707031,10.616665840148926,3169584,KBORU.IS,2025-04-04,True
TRADED_PROVIDER,10.466666221618652,10.591666221618652,10.175000190734863,5332854,KBORU.IS,2025-04-07,True
TRADED_PROVIDER,10.699999809265137,10.816665649414062,10.550000190734863,3986922,KBORU.IS,2025-04-08,True
TRADED_PROVIDER,10.616665840148926,10.808333396911621,10.566665649414062,4561014,KBORU.IS,2025-04-09,True
TRADED_PROVIDER,10.675000190734863,10.975000381469727,10.675000190734863,3770388,KBORU.IS,2025-04-10,True
TRADED_PROVIDER,10.716666221618652,10.800000190734863,10.516666412353516,3462336,KBORU.IS,2025-04-11,True
TRADED_PROVIDER,10.858332633972168,11.083333015441895,10.75,4730826,KBORU.IS,2025-04-14,True
TRADED_PROVIDER,11.441665649414062,11.725000381469727,10.808333396911621,15343020,KBORU.IS,2025-04-15,True
TRADED_PROVIDER,10.925000190734863,11.408332824707031,10.841666221618652,6307740,KBORU.IS,2025-04-16,True
TRADED_PROVIDER,10.883333206176758,11.175000190734863,10.766666412353516,7170936,KBORU.IS,2025-04-17,True
TRADED_PROVIDER,10.800000190734863,11.083333015441895,10.783332824707031,2893404,KBORU.IS,2025-04-18,True
TRADED_PROVIDER,10.808333396911621,10.875,10.708333015441895,2911248,KBORU.IS,2025-04-21,True
TRADED_PROVIDER,10.608332633972168,10.891666412353516,10.566665649414062,2606736,KBORU.IS,2025-04-22,True
TRADED_PROVIDER,10.675000190734863,10.774999618530273,10.5,3425160,KBORU.IS,2025-04-24,True
TRADED_PROVIDER,10.75,10.850000381469727,10.649999618530273,3294720,KBORU.IS,2025-04-25,True
TRADED_PROVIDER,10.833333015441895,11.350000381469727,10.683333396911621,8109396,KBORU.IS,2025-04-28,True
TRADED_PROVIDER,10.766666412353516,10.908332824707031,10.675000190734863,3141150,KBORU.IS,2025-04-29,True
TRADED_PROVIDER,10.541666030883789,10.791666030883789,10.541666030883789,2567316,KBORU.IS,2025-04-30,True
TRADED_PROVIDER,10.716666221618652,10.949999809265137,10.649999618530273,5495232,KBORU.IS,2025-05-02,True
TRADED_PROVIDER,10.866665840148926,11.149999618530273,10.566665649414062,6258138,KBORU.IS,2025-05-05,True
TRADED_PROVIDER,11.149999618530273,11.550000190734863,10.833333015441895,9914304,KBORU.IS,2025-05-06,True
TRADED_PROVIDER,11.291666030883789,11.666666030883789,10.916666030883789,9584880,KBORU.IS,2025-05-07,True
TRADED_PROVIDER,11.550000190734863,11.866665840148926,11.358332633972168,6867588,KBORU.IS,2025-05-08,True
TRADED_PROVIDER,11.183333396911621,11.333333015441895,11.141666412353516,4558980,KBORU.IS,2025-05-09,True
TRADED_PROVIDER,11.350000381469727,11.399999618530273,11.25,4706658,KBORU.IS,2025-05-12,True
TRADED_PROVIDER,11.283332824707031,11.483332633972168,11.166666030883789,5204826,KBORU.IS,2025-05-13,True
TRADED_PROVIDER,11.291666030883789,11.416666030883789,11.233332633972168,4820604,KBORU.IS,2025-05-14,True
TRADED_PROVIDER,11.416666030883789,11.566665649414062,11.333333015441895,5975280,KBORU.IS,2025-05-15,True
TRADED_PROVIDER,11.433333396911621,11.5,11.241665840148926,4718388,KBORU.IS,2025-05-16,True
TRADED_PROVIDER,11.300000190734863,11.600000381469727,11.283332824707031,4847484,KBORU.IS,2025-05-20,True
TRADED_PROVIDER,11.141666412353516,11.391666412353516,11.125,3103122,KBORU.IS,2025-05-21,True
TRADED_PROVIDER,11.116665840148926,11.383333206176758,11.008333206176758,3730158,KBORU.IS,2025-05-22,True
TRADED_PROVIDER,11.091666221618652,11.25,10.983332633972168,3145596,KBORU.IS,2025-05-23,True
TRADED_PROVIDER,11.033332824707031,11.25,11.008333206176758,2882748,KBORU.IS,2025-05-26,True
TRADED_PROVIDER,11.058333396911621,11.133333206176758,11.033332824707031,3215424,KBORU.IS,2025-05-27,True
TRADED_PROVIDER,10.850000381469727,11.091666221618652,10.841666221618652,3583794,KBORU.IS,2025-05-28,True
TRADED_PROVIDER,10.524999618530273,11.024999618530273,10.491665840148926,5432526,KBORU.IS,2025-05-29,True
TRADED_PROVIDER,10.633333206176758,10.766666412353516,10.366665840148926,4383996,KBORU.IS,2025-05-30,True
TRADED_PROVIDER,11.166666030883789,11.691665649414062,10.833333015441895,24397212,KBORU.IS,2025-06-02,True
TRADED_PROVIDER,11.5,11.725000381469727,11.050000190734863,13427082,KBORU.IS,2025-06-03,True
UNRESOLVED_NO_TRADE_OR_STALE,24.8799991607666,24.8799991607666,24.8799991607666,0,KBORU.IS,2026-05-27,False
UNRESOLVED_NO_TRADE_OR_STALE,24.8799991607666,24.8799991607666,24.8799991607666,0,KBORU.IS,2026-05-28,False
UNRESOLVED_NO_TRADE_OR_STALE,24.8799991607666,24.8799991607666,24.8799991607666,0,KBORU.IS,2026-05-29,False
UNRESOLVED_NO_TRADE_OR_STALE,6.426140785217285,6.426140785217285,6.426140785217285,0,KCAER.IS,2023-02-08,False
UNRESOLVED_NO_TRADE_OR_STALE,20.434175491333008,20.434175491333008,20.434175491333008,0,KCAER.IS,2024-04-09,False
UNRESOLVED_NO_TRADE_OR_STALE,13.010000228881836,13.010000228881836,13.010000228881836,0,KCAER.IS,2026-05-27,False
UNRESOLVED_NO_TRADE_OR_STALE,13.010000228881836,13.010000228881836,13.010000228881836,0,KCAER.IS,2026-05-28,False
UNRESOLVED_NO_TRADE_OR_STALE,13.010000228881836,13.010000228881836,13.010000228881836,0,KCAER.IS,2026-05-29,False
UNRESOLVED_NO_TRADE_OR_STALE,18.479999542236328,18.479999542236328,18.479999542236328,0,KCHOL.IS,2018-01-01,False
UNRESOLVED_NO_TRADE_OR_STALE,14.800000190734863,14.800000190734863,14.800000190734863,0,KCHOL.IS,2018-04-23,False
UNRESOLVED_NO_TRADE_OR_STALE,13.649999618530273,13.649999618530273,13.649999618530273,0,KCHOL.IS,2018-05-01,False
UNRESOLVED_NO_TRADE_OR_STALE,13.949999809265137,13.949999809265137,13.949999809265137,0,KCHOL.IS,2018-06-15,False
UNRESOLVED_NO_TRADE_OR_STALE,14.949999809265137,14.949999809265137,14.949999809265137,0,KCHOL.IS,2018-08-21,False
UNRESOLVED_NO_TRADE_OR_STALE,14.949999809265137,14.949999809265137,14.949999809265137,0,KCHOL.IS,2018-08-22,False
UNRESOLVED_NO_TRADE_OR_STALE,14.949999809265137,14.949999809265137,14.949999809265137,0,KCHOL.IS,2018-08-23,False
UNRESOLVED_NO_TRADE_OR_STALE,14.949999809265137,14.949999809265137,14.949999809265137,0,KCHOL.IS,2018-08-24,False
UNRESOLVED_NO_TRADE_OR_STALE,15.119999885559082,15.119999885559082,15.119999885559082,0,KCHOL.IS,2018-08-30,False
UNRESOLVED_NO_TRADE_OR_STALE,15.5600004196167,15.5600004196167,15.5600004196167,0,KCHOL.IS,2018-10-29,False
UNRESOLVED_NO_TRADE_OR_STALE,14.210000038146973,14.210000038146973,14.210000038146973,0,KCHOL.IS,2019-01-01,False
UNRESOLVED_NO_TRADE_OR_STALE,17.0,17.0,17.0,0,KCHOL.IS,2019-04-23,False
UNRESOLVED_NO_TRADE_OR_STALE,16.1200008392334,16.1200008392334,16.1200008392334,0,KCHOL.IS,2019-05-01,False
UNRESOLVED_NO_TRADE_OR_STALE,15.949999809265137,15.949999809265137,15.949999809265137,0,KCHOL.IS,2019-06-04,False
UNRESOLVED_NO_TRADE_OR_STALE,15.949999809265137,15.949999809265137,15.949999809265137,0,KCHOL.IS,2019-06-05,False
UNRESOLVED_NO_TRADE_OR_STALE,15.949999809265137,15.949999809265137,15.949999809265137,0,KCHOL.IS,2019-06-06,False
UNRESOLVED_NO_TRADE_OR_STALE,17.959999084472656,17.959999084472656,17.959999084472656,0,KCHOL.IS,2019-07-15,False
UNRESOLVED_NO_TRADE_OR_STALE,18.040000915527344,18.040000915527344,18.040000915527344,0,KCHOL.IS,2019-08-12,False
UNRESOLVED_NO_TRADE_OR_STALE,18.040000915527344,18.040000915527344,18.040000915527344,0,KCHOL.IS,2019-08-13,False
UNRESOLVED_NO_TRADE_OR_STALE,18.040000915527344,18.040000915527344,18.040000915527344,0,KCHOL.IS,2019-08-14,False
UNRESOLVED_NO_TRADE_OR_STALE,17.389999389648438,17.389999389648438,17.389999389648438,0,KCHOL.IS,2019-08-30,False
UNRESOLVED_NO_TRADE_OR_STALE,16.860000610351562,16.860000610351562,16.860000610351562,0,KCHOL.IS,2020-03-11,False
UNRESOLVED_NO_TRADE_OR_STALE,189.10000610351562,189.10000610351562,189.10000610351562,0,KCHOL.IS,2026-05-27,False
UNRESOLVED_NO_TRADE_OR_STALE,189.10000610351562,189.10000610351562,189.10000610351562,0,KCHOL.IS,2026-05-28,False
UNRESOLVED_NO_TRADE_OR_STALE,189.10000610351562,189.10000610351562,189.10000610351562,0,KCHOL.IS,2026-05-29,False
UNRESOLVED_NO_TRADE_OR_STALE,7.70177698135376,7.70177698135376,7.70177698135376,0,KONTR.IS,2022-03-14,False
UNRESOLVED_NO_TRADE_OR_STALE,72.21868133544922,72.21868133544922,72.21868133544922,0,KONTR.IS,2024-04-09,False
TRADED_PROVIDER,17.181392669677734,17.708301544189453,17.109071731567383,109853972,KONTR.IS,2025-12-01,True
TRADED_PROVIDER,16.664813995361328,17.35702896118164,16.530502319335938,69777513,KONTR.IS,2025-12-02,True
TRADED_PROVIDER,15.869282722473145,16.92310333251953,15.796961784362793,97431192,KONTR.IS,2025-12-03,True
TRADED_PROVIDER,15.68331527709961,16.179229736328125,15.65231990814209,82179313,KONTR.IS,2025-12-04,True
TRADED_PROVIDER,16.034587860107422,16.726802825927734,15.456021308898926,166820631,KONTR.IS,2025-12-05,True
TRADED_PROVIDER,15.579999923706055,16.199893951416016,15.404362678527832,72926066,KONTR.IS,2025-12-08,True
UNRESOLVED_NO_TRADE_OR_STALE,7.849999904632568,7.849999904632568,7.849999904632568,0,KONTR.IS,2026-05-27,False
UNRESOLVED_NO_TRADE_OR_STALE,7.849999904632568,7.849999904632568,7.849999904632568,0,KONTR.IS,2026-05-28,False
UNRESOLVED_NO_TRADE_OR_STALE,7.849999904632568,7.849999904632568,7.849999904632568,0,KONTR.IS,2026-05-29,False
UNRESOLVED_NO_TRADE_OR_STALE,6.829999923706055,6.829999923706055,6.829999923706055,0,KONTR.IS,2026-06-17,False
UNRESOLVED_NO_TRADE_OR_STALE,0.40370500087738037,0.40370500087738037,0.40370500087738037,0,KORDS.IS,2018-01-01,False
UNRESOLVED_NO_TRADE_OR_STALE,0.3831770122051239,0.3831770122051239,0.3831770122051239,0,KORDS.IS,2018-04-23,False
UNRESOLVED_NO_TRADE_OR_STALE,0.3710710108280182,0.3710710108280182,0.3710710108280182,0,KORDS.IS,2018-05-01,False
UNRESOLVED_NO_TRADE_OR_STALE,0.3179109990596771,0.3179109990596771,0.3179109990596771,0,KORDS.IS,2018-06-15,False
UNRESOLVED_NO_TRADE_OR_STALE,0.42949599027633667,0.42949599027633667,0.42949599027633667,0,KORDS.IS,2018-08-21,False
UNRESOLVED_NO_TRADE_OR_STALE,0.42949599027633667,0.42949599027633667,0.42949599027633667,0,KORDS.IS,2018-08-22,False
UNRESOLVED_NO_TRADE_OR_STALE,0.42949599027633667,0.42949599027633667,0.42949599027633667,0,KORDS.IS,2018-08-23,False
UNRESOLVED_NO_TRADE_OR_STALE,0.42949599027633667,0.42949599027633667,0.42949599027633667,0,KORDS.IS,2018-08-24,False
UNRESOLVED_NO_TRADE_OR_STALE,0.45265498757362366,0.45265498757362366,0.45265498757362366,0,KORDS.IS,2018-08-30,False
UNRESOLVED_NO_TRADE_OR_STALE,0.5468699932098389,0.5468699932098389,0.5468699932098389,0,KORDS.IS,2018-10-29,False
UNRESOLVED_NO_TRADE_OR_STALE,0.5110790133476257,0.5110790133476257,0.5110790133476257,0,KORDS.IS,2019-01-01,False
UNRESOLVED_NO_TRADE_OR_STALE,0.6342430114746094,0.6342430114746094,0.6342430114746094,0,KORDS.IS,2019-04-23,False
UNRESOLVED_NO_TRADE_OR_STALE,0.6289799809455872,0.6289799809455872,0.6289799809455872,0,KORDS.IS,2019-05-01,False
UNRESOLVED_NO_TRADE_OR_STALE,0.6342430114746094,0.6342430114746094,0.6342430114746094,0,KORDS.IS,2019-06-04,False
UNRESOLVED_NO_TRADE_OR_STALE,0.6342430114746094,0.6342430114746094,0.6342430114746094,0,KORDS.IS,2019-06-05,False
UNRESOLVED_NO_TRADE_OR_STALE,0.6342430114746094,0.6342430114746094,0.6342430114746094,0,KORDS.IS,2019-06-06,False
UNRESOLVED_NO_TRADE_OR_STALE,0.62950599193573,0.62950599193573,0.62950599193573,0,KORDS.IS,2019-07-15,False
UNRESOLVED_NO_TRADE_OR_STALE,0.5889769792556763,0.5889769792556763,0.5889769792556763,0,KORDS.IS,2019-08-12,False
UNRESOLVED_NO_TRADE_OR_STALE,0.5889769792556763,0.5889769792556763,0.5889769792556763,0,KORDS.IS,2019-08-13,False
UNRESOLVED_NO_TRADE_OR_STALE,0.5889769792556763,0.5889769792556763,0.5889769792556763,0,KORDS.IS,2019-08-14,False
UNRESOLVED_NO_TRADE_OR_STALE,0.6152949929237366,0.6152949929237366,0.6152949929237366,0,KORDS.IS,2019-08-30,False
UNRESOLVED_NO_TRADE_OR_STALE,0.5947669744491577,0.5947669744491577,0.5947669744491577,0,KORDS.IS,2020-03-11,False
UNRESOLVED_NO_TRADE_OR_STALE,4.994996070861816,4.994996070861816,4.994996070861816,0,KORDS.IS,2024-04-09,False
UNRESOLVED_NO_TRADE_OR_STALE,3.4080710411071777,3.4080710411071777,3.4080710411071777,0,KORDS.IS,2026-04-23,False
UNRESOLVED_NO_TRADE_OR_STALE,3.4528110027313232,3.4528110027313232,3.4528110027313232,0,KORDS.IS,2026-05-01,False
UNRESOLVED_NO_TRADE_OR_STALE,4.592343807220459,4.592343807220459,4.592343807220459,0,KORDS.IS,2026-05-19,False
UNRESOLVED_NO_TRADE_OR_STALE,4.479179859161377,4.479179859161377,4.479179859161377,0,KORDS.IS,2026-05-27,False
UNRESOLVED_NO_TRADE_OR_STALE,4.479179859161377,4.479179859161377,4.479179859161377,0,KORDS.IS,2026-05-28,False
UNRESOLVED_NO_TRADE_OR_STALE,4.479179859161377,4.479179859161377,4.479179859161377,0,KORDS.IS,2026-05-29,False
UNRESOLVED_NO_TRADE_OR_STALE,4.142320156097412,4.142320156097412,4.142320156097412,0,KORDS.IS,2026-07-15,False
UNRESOLVED_NO_TRADE_OR_STALE,3.2100000381469727,3.2100000381469727,3.2100000381469727,0,KRDMD.IS,2018-01-01,False
UNRESOLVED_NO_TRADE_OR_STALE,4.340000152587891,4.340000152587891,4.340000152587891,0,KRDMD.IS,2018-04-23,False
UNRESOLVED_NO_TRADE_OR_STALE,4.070000171661377,4.070000171661377,4.070000171661377,0,KRDMD.IS,2018-05-01,False
UNRESOLVED_NO_TRADE_OR_STALE,4.170000076293945,4.170000076293945,4.170000076293945,0,KRDMD.IS,2018-06-15,False
UNRESOLVED_NO_TRADE_OR_STALE,3.9700000286102295,3.9700000286102295,3.9700000286102295,0,KRDMD.IS,2018-08-21,False
UNRESOLVED_NO_TRADE_OR_STALE,3.9700000286102295,3.9700000286102295,3.9700000286102295,0,KRDMD.IS,2018-08-22,False
UNRESOLVED_NO_TRADE_OR_STALE,3.9700000286102295,3.9700000286102295,3.9700000286102295,0,KRDMD.IS,2018-08-23,False
UNRESOLVED_NO_TRADE_OR_STALE,3.9700000286102295,3.9700000286102295,3.9700000286102295,0,KRDMD.IS,2018-08-24,False
UNRESOLVED_NO_TRADE_OR_STALE,4.210000038146973,4.210000038146973,4.210000038146973,0,KRDMD.IS,2018-08-30,False
UNRESOLVED_NO_TRADE_OR_STALE,2.950000047683716,2.950000047683716,2.950000047683716,0,KRDMD.IS,2018-10-29,False
UNRESOLVED_NO_TRADE_OR_STALE,2.1600000858306885,2.1600000858306885,2.1600000858306885,0,KRDMD.IS,2019-01-01,False
UNRESOLVED_NO_TRADE_OR_STALE,2.4100000858306885,2.4100000858306885,2.4100000858306885,0,KRDMD.IS,2019-04-23,False
UNRESOLVED_NO_TRADE_OR_STALE,2.2699999809265137,2.2699999809265137,2.2699999809265137,0,KRDMD.IS,2019-05-01,False
UNRESOLVED_NO_TRADE_OR_STALE,2.1700000762939453,2.1700000762939453,2.1700000762939453,0,KRDMD.IS,2019-06-04,False
UNRESOLVED_NO_TRADE_OR_STALE,2.1700000762939453,2.1700000762939453,2.1700000762939453,0,KRDMD.IS,2019-06-05,False
UNRESOLVED_NO_TRADE_OR_STALE,2.1700000762939453,2.1700000762939453,2.1700000762939453,0,KRDMD.IS,2019-06-06,False
UNRESOLVED_NO_TRADE_OR_STALE,2.109999895095825,2.109999895095825,2.109999895095825,0,KRDMD.IS,2019-07-15,False
UNRESOLVED_NO_TRADE_OR_STALE,2.049999952316284,2.049999952316284,2.049999952316284,0,KRDMD.IS,2019-08-12,False
UNRESOLVED_NO_TRADE_OR_STALE,2.049999952316284,2.049999952316284,2.049999952316284,0,KRDMD.IS,2019-08-13,False
UNRESOLVED_NO_TRADE_OR_STALE,2.049999952316284,2.049999952316284,2.049999952316284,0,KRDMD.IS,2019-08-14,False
UNRESOLVED_NO_TRADE_OR_STALE,2.0399999618530273,2.0399999618530273,2.0399999618530273,0,KRDMD.IS,2019-08-30,False
UNRESOLVED_NO_TRADE_OR_STALE,2.25,2.25,2.25,0,KRDMD.IS,2020-03-11,False
UNRESOLVED_NO_TRADE_OR_STALE,39.7400016784668,39.7400016784668,39.7400016784668,0,KRDMD.IS,2026-05-27,False
UNRESOLVED_NO_TRADE_OR_STALE,39.7400016784668,39.7400016784668,39.7400016784668,0,KRDMD.IS,2026-05-28,False
UNRESOLVED_NO_TRADE_OR_STALE,39.7400016784668,39.7400016784668,39.7400016784668,0,KRDMD.IS,2026-05-29,False
UNRESOLVED_NO_TRADE_OR_STALE,14.6875,14.6875,14.6875,0,LOGO.IS,2018-01-01,False
UNRESOLVED_NO_TRADE_OR_STALE,12.050000190734863,12.050000190734863,12.050000190734863,0,LOGO.IS,2018-04-23,False
UNRESOLVED_NO_TRADE_OR_STALE,11.949999809265137,11.949999809265137,11.949999809265137,0,LOGO.IS,2018-05-01,False
UNRESOLVED_NO_TRADE_OR_STALE,10.725000381469727,10.725000381469727,10.725000381469727,0,LOGO.IS,2018-06-15,False
UNRESOLVED_NO_TRADE_OR_STALE,7.5,7.5,7.5,0,LOGO.IS,2018-08-21,False
UNRESOLVED_NO_TRADE_OR_STALE,7.5,7.5,7.5,0,LOGO.IS,2018-08-22,False
UNRESOLVED_NO_TRADE_OR_STALE,7.5,7.5,7.5,0,LOGO.IS,2018-08-23,False
UNRESOLVED_NO_TRADE_OR_STALE,7.5,7.5,7.5,0,LOGO.IS,2018-08-24,False
UNRESOLVED_NO_TRADE_OR_STALE,7.90500020980835,7.90500020980835,7.90500020980835,0,LOGO.IS,2018-08-30,False
UNRESOLVED_NO_TRADE_OR_STALE,7.590000152587891,7.590000152587891,7.590000152587891,0,LOGO.IS,2018-10-29,False
UNRESOLVED_NO_TRADE_OR_STALE,6.824999809265137,6.824999809265137,6.824999809265137,0,LOGO.IS,2019-01-01,False
UNRESOLVED_NO_TRADE_OR_STALE,9.845000267028809,9.845000267028809,9.845000267028809,0,LOGO.IS,2019-04-23,False
UNRESOLVED_NO_TRADE_OR_STALE,9.524999618530273,9.524999618530273,9.524999618530273,0,LOGO.IS,2019-05-01,False
UNRESOLVED_NO_TRADE_OR_STALE,8.734999656677246,8.734999656677246,8.734999656677246,0,LOGO.IS,2019-06-04,False
UNRESOLVED_NO_TRADE_OR_STALE,8.734999656677246,8.734999656677246,8.734999656677246,0,LOGO.IS,2019-06-05,False
UNRESOLVED_NO_TRADE_OR_STALE,8.734999656677246,8.734999656677246,8.734999656677246,0,LOGO.IS,2019-06-06,False
UNRESOLVED_NO_TRADE_OR_STALE,10.475000381469727,10.475000381469727,10.475000381469727,0,LOGO.IS,2019-07-15,False
UNRESOLVED_NO_TRADE_OR_STALE,10.359999656677246,10.359999656677246,10.359999656677246,0,LOGO.IS,2019-08-12,False
UNRESOLVED_NO_TRADE_OR_STALE,10.359999656677246,10.359999656677246,10.359999656677246,0,LOGO.IS,2019-08-13,False
UNRESOLVED_NO_TRADE_OR_STALE,10.359999656677246,10.359999656677246,10.359999656677246,0,LOGO.IS,2019-08-14,False
UNRESOLVED_NO_TRADE_OR_STALE,9.305000305175781,9.305000305175781,9.305000305175781,0,LOGO.IS,2019-08-30,False
UNRESOLVED_NO_TRADE_OR_STALE,18.087499618530273,18.087499618530273,18.087499618530273,0,LOGO.IS,2020-03-11,False
UNRESOLVED_NO_TRADE_OR_STALE,158.1999969482422,158.1999969482422,158.1999969482422,0,LOGO.IS,2026-05-27,False
UNRESOLVED_NO_TRADE_OR_STALE,158.1999969482422,158.1999969482422,158.1999969482422,0,LOGO.IS,2026-05-28,False
UNRESOLVED_NO_TRADE_OR_STALE,158.1999969482422,158.1999969482422,158.1999969482422,0,LOGO.IS,2026-05-29,False
UNRESOLVED_NO_TRADE_OR_STALE,3.625,3.625,3.625,0,MAVI.IS,2018-01-01,False
UNRESOLVED_NO_TRADE_OR_STALE,3.122499942779541,3.122499942779541,3.122499942779541,0,MAVI.IS,2018-04-23,False
UNRESOLVED_NO_TRADE_OR_STALE,3.0625,3.0625,3.0625,0,MAVI.IS,2018-05-01,False
UNRESOLVED_NO_TRADE_OR_STALE,2.458750009536743,2.458750009536743,2.458750009536743,0,MAVI.IS,2018-06-15,False
UNRESOLVED_NO_TRADE_OR_STALE,1.4562499523162842,1.4562499523162842,1.4562499523162842,0,MAVI.IS,2018-08-21,False
UNRESOLVED_NO_TRADE_OR_STALE,1.4562499523162842,1.4562499523162842,1.4562499523162842,0,MAVI.IS,2018-08-22,False
UNRESOLVED_NO_TRADE_OR_STALE,1.4562499523162842,1.4562499523162842,1.4562499523162842,0,MAVI.IS,2018-08-23,False
UNRESOLVED_NO_TRADE_OR_STALE,1.4562499523162842,1.4562499523162842,1.4562499523162842,0,MAVI.IS,2018-08-24,False
UNRESOLVED_NO_TRADE_OR_STALE,1.6112500429153442,1.6112500429153442,1.6112500429153442,0,MAVI.IS,2018-08-30,False
UNRESOLVED_NO_TRADE_OR_STALE,2.21875,2.21875,2.21875,0,MAVI.IS,2018-10-29,False
UNRESOLVED_NO_TRADE_OR_STALE,2.0225000381469727,2.0225000381469727,2.0225000381469727,0,MAVI.IS,2019-01-01,False
UNRESOLVED_NO_TRADE_OR_STALE,2.351249933242798,2.351249933242798,2.351249933242798,0,MAVI.IS,2019-04-23,False
UNRESOLVED_NO_TRADE_OR_STALE,2.3687500953674316,2.3687500953674316,2.3687500953674316,0,MAVI.IS,2019-05-01,False
UNRESOLVED_NO_TRADE_OR_STALE,2.158750057220459,2.158750057220459,2.158750057220459,0,MAVI.IS,2019-06-04,False
UNRESOLVED_NO_TRADE_OR_STALE,2.158750057220459,2.158750057220459,2.158750057220459,0,MAVI.IS,2019-06-05,False
UNRESOLVED_NO_TRADE_OR_STALE,2.158750057220459,2.158750057220459,2.158750057220459,0,MAVI.IS,2019-06-06,False
UNRESOLVED_NO_TRADE_OR_STALE,2.559999942779541,2.559999942779541,2.559999942779541,0,MAVI.IS,2019-07-15,False
UNRESOLVED_NO_TRADE_OR_STALE,2.377500057220459,2.377500057220459,2.377500057220459,0,MAVI.IS,2019-08-12,False
UNRESOLVED_NO_TRADE_OR_STALE,2.377500057220459,2.377500057220459,2.377500057220459,0,MAVI.IS,2019-08-13,False
UNRESOLVED_NO_TRADE_OR_STALE,2.377500057220459,2.377500057220459,2.377500057220459,0,MAVI.IS,2019-08-14,False
UNRESOLVED_NO_TRADE_OR_STALE,2.3137500286102295,2.3137500286102295,2.3137500286102295,0,MAVI.IS,2019-08-30,False
UNRESOLVED_NO_TRADE_OR_STALE,41.79999923706055,41.79999923706055,41.79999923706055,0,MAVI.IS,2024-04-09,False
UNRESOLVED_NO_TRADE_OR_STALE,41.220001220703125,41.220001220703125,41.220001220703125,0,MAVI.IS,2026-05-27,False
UNRESOLVED_NO_TRADE_OR_STALE,41.220001220703125,41.220001220703125,41.220001220703125,0,MAVI.IS,2026-05-28,False
UNRESOLVED_NO_TRADE_OR_STALE,41.220001220703125,41.220001220703125,41.220001220703125,0,MAVI.IS,2026-05-29,False
UNRESOLVED_NO_TRADE_OR_STALE,27.559999465942383,27.559999465942383,27.559999465942383,0,MGROS.IS,2018-01-01,False
UNRESOLVED_NO_TRADE_OR_STALE,23.860000610351562,23.860000610351562,23.860000610351562,0,MGROS.IS,2018-04-23,False
UNRESOLVED_NO_TRADE_OR_STALE,22.760000228881836,22.760000228881836,22.760000228881836,0,MGROS.IS,2018-05-01,False
UNRESOLVED_NO_TRADE_OR_STALE,18.700000762939453,18.700000762939453,18.700000762939453,0,MGROS.IS,2018-06-15,False
UNRESOLVED_NO_TRADE_OR_STALE,14.010000228881836,14.010000228881836,14.010000228881836,0,MGROS.IS,2018-08-21,False
UNRESOLVED_NO_TRADE_OR_STALE,14.010000228881836,14.010000228881836,14.010000228881836,0,MGROS.IS,2018-08-22,False
UNRESOLVED_NO_TRADE_OR_STALE,14.010000228881836,14.010000228881836,14.010000228881836,0,MGROS.IS,2018-08-23,False
UNRESOLVED_NO_TRADE_OR_STALE,14.010000228881836,14.010000228881836,14.010000228881836,0,MGROS.IS,2018-08-24,False
UNRESOLVED_NO_TRADE_OR_STALE,13.819999694824219,13.819999694824219,13.819999694824219,0,MGROS.IS,2018-08-30,False
UNRESOLVED_NO_TRADE_OR_STALE,14.5600004196167,14.5600004196167,14.5600004196167,0,MGROS.IS,2018-10-29,False
UNRESOLVED_NO_TRADE_OR_STALE,14.920000076293945,14.920000076293945,14.920000076293945,0,MGROS.IS,2019-01-01,False
UNRESOLVED_NO_TRADE_OR_STALE,13.6899995803833,13.6899995803833,13.6899995803833,0,MGROS.IS,2019-04-23,False
UNRESOLVED_NO_TRADE_OR_STALE,13.739999771118164,13.739999771118164,13.739999771118164,0,MGROS.IS,2019-05-01,False
UNRESOLVED_NO_TRADE_OR_STALE,12.989999771118164,12.989999771118164,12.989999771118164,0,MGROS.IS,2019-06-04,False
UNRESOLVED_NO_TRADE_OR_STALE,12.989999771118164,12.989999771118164,12.989999771118164,0,MGROS.IS,2019-06-05,False
UNRESOLVED_NO_TRADE_OR_STALE,12.989999771118164,12.989999771118164,12.989999771118164,0,MGROS.IS,2019-06-06,False
UNRESOLVED_NO_TRADE_OR_STALE,13.6899995803833,13.6899995803833,13.6899995803833,0,MGROS.IS,2019-07-15,False
UNRESOLVED_NO_TRADE_OR_STALE,18.239999771118164,18.239999771118164,18.239999771118164,0,MGROS.IS,2019-08-12,False
UNRESOLVED_NO_TRADE_OR_STALE,18.239999771118164,18.239999771118164,18.239999771118164,0,MGROS.IS,2019-08-13,False
UNRESOLVED_NO_TRADE_OR_STALE,18.239999771118164,18.239999771118164,18.239999771118164,0,MGROS.IS,2019-08-14,False
UNRESOLVED_NO_TRADE_OR_STALE,18.450000762939453,18.450000762939453,18.450000762939453,0,MGROS.IS,2019-08-30,False
UNRESOLVED_NO_TRADE_OR_STALE,20.700000762939453,20.700000762939453,20.700000762939453,0,MGROS.IS,2020-03-11,False
UNRESOLVED_NO_TRADE_OR_STALE,659.0,659.0,659.0,0,MGROS.IS,2026-05-27,False
UNRESOLVED_NO_TRADE_OR_STALE,659.0,659.0,659.0,0,MGROS.IS,2026-05-28,False
UNRESOLVED_NO_TRADE_OR_STALE,659.0,659.0,659.0,0,MGROS.IS,2026-05-29,False
UNRESOLVED_BAD_OHLC,2.504615068435669,2.506153106689453,2.506153106689453,71201,MIATK.IS,2022-06-27,False
UNRESOLVED_NO_TRADE_OR_STALE,6.915383815765381,6.915383815765381,6.915383815765381,0,MIATK.IS,2023-02-08,False
UNRESOLVED_NO_TRADE_OR_STALE,49.959999084472656,49.959999084472656,49.959999084472656,0,MIATK.IS,2026-05-27,False
UNRESOLVED_NO_TRADE_OR_STALE,49.959999084472656,49.959999084472656,49.959999084472656,0,MIATK.IS,2026-05-28,False
UNRESOLVED_NO_TRADE_OR_STALE,49.959999084472656,49.959999084472656,49.959999084472656,0,MIATK.IS,2026-05-29,False
UNRESOLVED_NO_TRADE_OR_STALE,12.470000267028809,12.470000267028809,12.470000267028809,0,MOGAN.IS,2026-05-27,False
UNRESOLVED_NO_TRADE_OR_STALE,12.470000267028809,12.470000267028809,12.470000267028809,0,MOGAN.IS,2026-05-28,False
UNRESOLVED_NO_TRADE_OR_STALE,12.470000267028809,12.470000267028809,12.470000267028809,0,MOGAN.IS,2026-05-29,False
UNRESOLVED_BAD_OHLC,15.013333320617676,14.920000076293945,14.920000076293945,1965,MTRKS.IS,2022-06-27,False
UNRESOLVED_NO_TRADE_OR_STALE,8.549332618713379,8.549332618713379,8.549332618713379,0,MTRKS.IS,2023-02-08,False
UNRESOLVED_NO_TRADE_OR_STALE,24.31999969482422,24.31999969482422,24.31999969482422,0,MTRKS.IS,2024-04-09,False
UNRESOLVED_NO_TRADE_OR_STALE,25.5,25.5,25.5,0,MTRKS.IS,2026-05-27,False
UNRESOLVED_NO_TRADE_OR_STALE,25.5,25.5,25.5,0,MTRKS.IS,2026-05-28,False
UNRESOLVED_NO_TRADE_OR_STALE,25.5,25.5,25.5,0,MTRKS.IS,2026-05-29,False
UNRESOLVED_NO_TRADE_OR_STALE,2.2916150093078613,2.2916150093078613,2.2916150093078613,0,ODAS.IS,2018-01-01,False
UNRESOLVED_NO_TRADE_OR_STALE,2.45202898979187,2.45202898979187,2.45202898979187,0,ODAS.IS,2018-04-23,False
UNRESOLVED_NO_TRADE_OR_STALE,2.3107120990753174,2.3107120990753174,2.3107120990753174,0,ODAS.IS,2018-05-01,False
UNRESOLVED_NO_TRADE_OR_STALE,1.4819109439849854,1.4819109439849854,1.4819109439849854,0,ODAS.IS,2018-06-15,False
UNRESOLVED_NO_TRADE_OR_STALE,1.420801043510437,1.420801043510437,1.420801043510437,0,ODAS.IS,2018-08-21,False
UNRESOLVED_NO_TRADE_OR_STALE,1.420801043510437,1.420801043510437,1.420801043510437,0,ODAS.IS,2018-08-22,False
UNRESOLVED_NO_TRADE_OR_STALE,1.420801043510437,1.420801043510437,1.420801043510437,0,ODAS.IS,2018-08-23,False
UNRESOLVED_NO_TRADE_OR_STALE,1.420801043510437,1.420801043510437,1.420801043510437,0,ODAS.IS,2018-08-24,False
UNRESOLVED_NO_TRADE_OR_STALE,1.5048270225524902,1.5048270225524902,1.5048270225524902,0,ODAS.IS,2018-08-30,False
UNRESOLVED_NO_TRADE_OR_STALE,1.1381690502166748,1.1381690502166748,1.1381690502166748,0,ODAS.IS,2018-10-29,False
UNRESOLVED_NO_TRADE_OR_STALE,0.7333170175552368,0.7333170175552368,0.7333170175552368,0,ODAS.IS,2019-01-01,False
UNRESOLVED_NO_TRADE_OR_STALE,0.8009080290794373,0.8009080290794373,0.8009080290794373,0,ODAS.IS,2019-04-23,False
UNRESOLVED_NO_TRADE_OR_STALE,0.8009080290794373,0.8009080290794373,0.8009080290794373,0,ODAS.IS,2019-05-01,False
UNRESOLVED_NO_TRADE_OR_STALE,0.6916930079460144,0.6916930079460144,0.6916930079460144,0,ODAS.IS,2019-06-04,False
UNRESOLVED_NO_TRADE_OR_STALE,0.6916930079460144,0.6916930079460144,0.6916930079460144,0,ODAS.IS,2019-06-05,False
UNRESOLVED_NO_TRADE_OR_STALE,0.6916930079460144,0.6916930079460144,0.6916930079460144,0,ODAS.IS,2019-06-06,False
UNRESOLVED_NO_TRADE_OR_STALE,0.7020949721336365,0.7020949721336365,0.7020949721336365,0,ODAS.IS,2019-07-15,False
UNRESOLVED_NO_TRADE_OR_STALE,0.816510021686554,0.816510021686554,0.816510021686554,0,ODAS.IS,2019-08-12,False
UNRESOLVED_NO_TRADE_OR_STALE,0.816510021686554,0.816510021686554,0.816510021686554,0,ODAS.IS,2019-08-13,False
UNRESOLVED_NO_TRADE_OR_STALE,0.816510021686554,0.816510021686554,0.816510021686554,0,ODAS.IS,2019-08-14,False
UNRESOLVED_NO_TRADE_OR_STALE,0.8009080290794373,0.8009080290794373,0.8009080290794373,0,ODAS.IS,2019-08-30,False
UNRESOLVED_NO_TRADE_OR_STALE,1.289309024810791,1.289309024810791,1.289309024810791,0,ODAS.IS,2020-03-11,False
UNRESOLVED_NO_TRADE_OR_STALE,7.440000057220459,7.440000057220459,7.440000057220459,0,ODAS.IS,2026-05-27,False
UNRESOLVED_NO_TRADE_OR_STALE,7.440000057220459,7.440000057220459,7.440000057220459,0,ODAS.IS,2026-05-28,False
UNRESOLVED_NO_TRADE_OR_STALE,7.440000057220459,7.440000057220459,7.440000057220459,0,ODAS.IS,2026-05-29,False
UNRESOLVED_NO_TRADE_OR_STALE,85.44999694824219,85.44999694824219,85.44999694824219,0,ONCSM.IS,2023-02-08,False
UNRESOLVED_NO_TRADE_OR_STALE,294.25,294.25,294.25,0,ONCSM.IS,2026-05-27,False
UNRESOLVED_NO_TRADE_OR_STALE,294.25,294.25,294.25,0,ONCSM.IS,2026-05-28,False
UNRESOLVED_NO_TRADE_OR_STALE,294.25,294.25,294.25,0,ONCSM.IS,2026-05-29,False
UNRESOLVED_NO_TRADE_OR_STALE,24.760000228881836,24.760000228881836,24.760000228881836,0,OTKAR.IS,2018-01-01,False
UNRESOLVED_NO_TRADE_OR_STALE,19.610000610351562,19.610000610351562,19.610000610351562,0,OTKAR.IS,2018-04-23,False
UNRESOLVED_NO_TRADE_OR_STALE,16.079999923706055,16.079999923706055,16.079999923706055,0,OTKAR.IS,2018-05-01,False
UNRESOLVED_NO_TRADE_OR_STALE,14.050000190734863,14.050000190734863,14.050000190734863,0,OTKAR.IS,2018-06-15,False
UNRESOLVED_NO_TRADE_OR_STALE,12.5600004196167,12.5600004196167,12.5600004196167,0,OTKAR.IS,2018-08-21,False
UNRESOLVED_NO_TRADE_OR_STALE,12.5600004196167,12.5600004196167,12.5600004196167,0,OTKAR.IS,2018-08-22,False
UNRESOLVED_NO_TRADE_OR_STALE,12.5600004196167,12.5600004196167,12.5600004196167,0,OTKAR.IS,2018-08-23,False
UNRESOLVED_NO_TRADE_OR_STALE,12.5600004196167,12.5600004196167,12.5600004196167,0,OTKAR.IS,2018-08-24,False
UNRESOLVED_NO_TRADE_OR_STALE,13.880000114440918,13.880000114440918,13.880000114440918,0,OTKAR.IS,2018-08-30,False
UNRESOLVED_NO_TRADE_OR_STALE,14.1899995803833,14.1899995803833,14.1899995803833,0,OTKAR.IS,2018-10-29,False
UNRESOLVED_NO_TRADE_OR_STALE,17.579999923706055,17.579999923706055,17.579999923706055,0,OTKAR.IS,2019-01-01,False
UNRESOLVED_NO_TRADE_OR_STALE,22.040000915527344,22.040000915527344,22.040000915527344,0,OTKAR.IS,2019-04-23,False
UNRESOLVED_NO_TRADE_OR_STALE,22.399999618530273,22.399999618530273,22.399999618530273,0,OTKAR.IS,2019-05-01,False
UNRESOLVED_NO_TRADE_OR_STALE,20.360000610351562,20.360000610351562,20.360000610351562,0,OTKAR.IS,2019-06-04,False
UNRESOLVED_NO_TRADE_OR_STALE,20.360000610351562,20.360000610351562,20.360000610351562,0,OTKAR.IS,2019-06-05,False
UNRESOLVED_NO_TRADE_OR_STALE,20.360000610351562,20.360000610351562,20.360000610351562,0,OTKAR.IS,2019-06-06,False
UNRESOLVED_NO_TRADE_OR_STALE,22.920000076293945,22.920000076293945,22.920000076293945,0,OTKAR.IS,2019-07-15,False
UNRESOLVED_NO_TRADE_OR_STALE,25.3799991607666,25.3799991607666,25.3799991607666,0,OTKAR.IS,2019-08-12,False
UNRESOLVED_NO_TRADE_OR_STALE,25.3799991607666,25.3799991607666,25.3799991607666,0,OTKAR.IS,2019-08-13,False
UNRESOLVED_NO_TRADE_OR_STALE,25.3799991607666,25.3799991607666,25.3799991607666,0,OTKAR.IS,2019-08-14,False
UNRESOLVED_NO_TRADE_OR_STALE,26.15999984741211,26.15999984741211,26.15999984741211,0,OTKAR.IS,2019-08-30,False
UNRESOLVED_NO_TRADE_OR_STALE,26.940000534057617,26.940000534057617,26.940000534057617,0,OTKAR.IS,2020-03-11,False
UNRESOLVED_NO_TRADE_OR_STALE,369.0,369.0,369.0,0,OTKAR.IS,2026-05-27,False
UNRESOLVED_NO_TRADE_OR_STALE,369.0,369.0,369.0,0,OTKAR.IS,2026-05-28,False
UNRESOLVED_NO_TRADE_OR_STALE,369.0,369.0,369.0,0,OTKAR.IS,2026-05-29,False
UNRESOLVED_NO_TRADE_OR_STALE,1.100000023841858,1.100000023841858,1.100000023841858,0,OYAKC.IS,2018-01-01,False
UNRESOLVED_NO_TRADE_OR_STALE,1.166666030883789,1.166666030883789,1.166666030883789,0,OYAKC.IS,2018-04-23,False
UNRESOLVED_NO_TRADE_OR_STALE,1.1333329677581787,1.1333329677581787,1.1333329677581787,0,OYAKC.IS,2018-05-01,False
UNRESOLVED_NO_TRADE_OR_STALE,1.064102053642273,1.064102053642273,1.064102053642273,0,OYAKC.IS,2018-06-15,False
UNRESOLVED_NO_TRADE_OR_STALE,0.8641020059585571,0.8641020059585571,0.8641020059585571,0,OYAKC.IS,2018-08-21,False
UNRESOLVED_NO_TRADE_OR_STALE,0.8641020059585571,0.8641020059585571,0.8641020059585571,0,OYAKC.IS,2018-08-22,False
UNRESOLVED_NO_TRADE_OR_STALE,0.8641020059585571,0.8641020059585571,0.8641020059585571,0,OYAKC.IS,2018-08-23,False
UNRESOLVED_NO_TRADE_OR_STALE,0.8641020059585571,0.8641020059585571,0.8641020059585571,0,OYAKC.IS,2018-08-24,False
UNRESOLVED_NO_TRADE_OR_STALE,0.8948709964752197,0.8948709964752197,0.8948709964752197,0,OYAKC.IS,2018-08-30,False
UNRESOLVED_NO_TRADE_OR_STALE,0.8333330154418945,0.8333330154418945,0.8333330154418945,0,OYAKC.IS,2018-10-29,False
UNRESOLVED_NO_TRADE_OR_STALE,0.8461530208587646,0.8461530208587646,0.8461530208587646,0,OYAKC.IS,2019-01-01,False
UNRESOLVED_NO_TRADE_OR_STALE,0.8435890078544617,0.8435890078544617,0.8435890078544617,0,OYAKC.IS,2019-04-23,False
UNRESOLVED_NO_TRADE_OR_STALE,0.7743579745292664,0.7743579745292664,0.7743579745292664,0,OYAKC.IS,2019-05-01,False
UNRESOLVED_NO_TRADE_OR_STALE,0.699999988079071,0.699999988079071,0.699999988079071,0,OYAKC.IS,2019-06-04,False
UNRESOLVED_NO_TRADE_OR_STALE,0.699999988079071,0.699999988079071,0.699999988079071,0,OYAKC.IS,2019-06-05,False
UNRESOLVED_NO_TRADE_OR_STALE,0.699999988079071,0.699999988079071,0.699999988079071,0,OYAKC.IS,2019-06-06,False
UNRESOLVED_NO_TRADE_OR_STALE,0.699999988079071,0.699999988079071,0.699999988079071,0,OYAKC.IS,2019-07-15,False
UNRESOLVED_NO_TRADE_OR_STALE,0.7230759859085083,0.7230759859085083,0.7230759859085083,0,OYAKC.IS,2019-08-12,False
UNRESOLVED_NO_TRADE_OR_STALE,0.7230759859085083,0.7230759859085083,0.7230759859085083,0,OYAKC.IS,2019-08-13,False
UNRESOLVED_NO_TRADE_OR_STALE,0.7230759859085083,0.7230759859085083,0.7230759859085083,0,OYAKC.IS,2019-08-14,False
UNRESOLVED_NO_TRADE_OR_STALE,0.6820510029792786,0.6820510029792786,0.6820510029792786,0,OYAKC.IS,2019-08-30,False
UNRESOLVED_NO_TRADE_OR_STALE,1.3333330154418945,1.3333330154418945,1.3333330154418945,0,OYAKC.IS,2020-03-11,False
UNRESOLVED_NO_TRADE_OR_STALE,1.5692299604415894,1.5692299604415894,1.5692299604415894,0,OYAKC.IS,2020-06-01,False
UNRESOLVED_NO_TRADE_OR_STALE,1.5692299604415894,1.5692299604415894,1.5692299604415894,0,OYAKC.IS,2020-06-02,False
UNRESOLVED_NO_TRADE_OR_STALE,1.5692299604415894,1.5692299604415894,1.5692299604415894,0,OYAKC.IS,2020-06-03,False
UNRESOLVED_NO_TRADE_OR_STALE,1.5692299604415894,1.5692299604415894,1.5692299604415894,0,OYAKC.IS,2020-06-04,False
UNRESOLVED_NO_TRADE_OR_STALE,1.5692299604415894,1.5692299604415894,1.5692299604415894,0,OYAKC.IS,2020-06-05,False
UNRESOLVED_NO_TRADE_OR_STALE,15.076923370361328,15.076923370361328,15.076923370361328,0,OYAKC.IS,2024-04-09,False
UNRESOLVED_NO_TRADE_OR_STALE,20.81999969482422,20.81999969482422,20.81999969482422,0,OYAKC.IS,2026-05-27,False
UNRESOLVED_NO_TRADE_OR_STALE,20.81999969482422,20.81999969482422,20.81999969482422,0,OYAKC.IS,2026-05-28,False
UNRESOLVED_NO_TRADE_OR_STALE,20.81999969482422,20.81999969482422,20.81999969482422,0,OYAKC.IS,2026-05-29,False
UNRESOLVED_NO_TRADE_OR_STALE,15.324999809265137,15.324999809265137,15.324999809265137,0,PASEU.IS,2024-04-09,False
UNRESOLVED_NO_TRADE_OR_STALE,115.80000305175781,115.80000305175781,115.80000305175781,0,PASEU.IS,2026-05-27,False
UNRESOLVED_NO_TRADE_OR_STALE,115.80000305175781,115.80000305175781,115.80000305175781,0,PASEU.IS,2026-05-28,False
UNRESOLVED_NO_TRADE_OR_STALE,115.80000305175781,115.80000305175781,115.80000305175781,0,PASEU.IS,2026-05-29,False
UNRESOLVED_NO_TRADE_OR_STALE,4.598721027374268,4.598721027374268,4.598721027374268,0,PETKM.IS,2018-01-01,False
UNRESOLVED_NO_TRADE_OR_STALE,4.539535045623779,4.539535045623779,4.539535045623779,0,PETKM.IS,2018-04-23,False
UNRESOLVED_NO_TRADE_OR_STALE,4.249526023864746,4.249526023864746,4.249526023864746,0,PETKM.IS,2018-05-01,False
UNRESOLVED_NO_TRADE_OR_STALE,2.5331430435180664,2.5331430435180664,2.5331430435180664,0,PETKM.IS,2018-06-15,False
UNRESOLVED_NO_TRADE_OR_STALE,3.398437023162842,3.398437023162842,3.398437023162842,0,PETKM.IS,2018-08-21,False
UNRESOLVED_NO_TRADE_OR_STALE,3.398437023162842,3.398437023162842,3.398437023162842,0,PETKM.IS,2018-08-22,False
UNRESOLVED_NO_TRADE_OR_STALE,3.398437023162842,3.398437023162842,3.398437023162842,0,PETKM.IS,2018-08-23,False
UNRESOLVED_NO_TRADE_OR_STALE,3.398437023162842,3.398437023162842,3.398437023162842,0,PETKM.IS,2018-08-24,False
UNRESOLVED_NO_TRADE_OR_STALE,3.710937023162842,3.710937023162842,3.710937023162842,0,PETKM.IS,2018-08-30,False
UNRESOLVED_NO_TRADE_OR_STALE,3.3528640270233154,3.3528640270233154,3.3528640270233154,0,PETKM.IS,2018-10-29,False
UNRESOLVED_NO_TRADE_OR_STALE,3.2942700386047363,3.2942700386047363,3.2942700386047363,0,PETKM.IS,2019-01-01,False
UNRESOLVED_NO_TRADE_OR_STALE,3.0013020038604736,3.0013020038604736,3.0013020038604736,0,PETKM.IS,2019-04-23,False
UNRESOLVED_NO_TRADE_OR_STALE,2.910156011581421,2.910156011581421,2.910156011581421,0,PETKM.IS,2019-05-01,False
UNRESOLVED_NO_TRADE_OR_STALE,3.125,3.125,3.125,0,PETKM.IS,2019-06-04,False
UNRESOLVED_NO_TRADE_OR_STALE,3.125,3.125,3.125,0,PETKM.IS,2019-06-05,False
UNRESOLVED_NO_TRADE_OR_STALE,3.125,3.125,3.125,0,PETKM.IS,2019-06-06,False
UNRESOLVED_NO_TRADE_OR_STALE,3.233333110809326,3.233333110809326,3.233333110809326,0,PETKM.IS,2019-07-15,False
UNRESOLVED_NO_TRADE_OR_STALE,2.950000047683716,2.950000047683716,2.950000047683716,0,PETKM.IS,2019-08-12,False
UNRESOLVED_NO_TRADE_OR_STALE,2.950000047683716,2.950000047683716,2.950000047683716,0,PETKM.IS,2019-08-13,False
UNRESOLVED_NO_TRADE_OR_STALE,2.950000047683716,2.950000047683716,2.950000047683716,0,PETKM.IS,2019-08-14,False
UNRESOLVED_NO_TRADE_OR_STALE,2.8499999046325684,2.8499999046325684,2.8499999046325684,0,PETKM.IS,2019-08-30,False
UNRESOLVED_NO_TRADE_OR_STALE,2.7833330631256104,2.7833330631256104,2.7833330631256104,0,PETKM.IS,2020-03-11,False
UNRESOLVED_NO_TRADE_OR_STALE,22.100000381469727,22.100000381469727,22.100000381469727,0,PETKM.IS,2026-05-27,False
UNRESOLVED_NO_TRADE_OR_STALE,22.100000381469727,22.100000381469727,22.100000381469727,0,PETKM.IS,2026-05-28,False
UNRESOLVED_NO_TRADE_OR_STALE,22.100000381469727,22.100000381469727,22.100000381469727,0,PETKM.IS,2026-05-29,False
UNRESOLVED_NO_TRADE_OR_STALE,6.915460109710693,6.915460109710693,6.915460109710693,0,PGSUS.IS,2018-01-01,False
UNRESOLVED_NO_TRADE_OR_STALE,6.436697006225586,6.436697006225586,6.436697006225586,0,PGSUS.IS,2018-04-23,False
UNRESOLVED_NO_TRADE_OR_STALE,5.765611171722412,5.765611171722412,5.765611171722412,0,PGSUS.IS,2018-05-01,False
UNRESOLVED_NO_TRADE_OR_STALE,4.988132953643799,4.988132953643799,4.988132953643799,0,PGSUS.IS,2018-06-15,False
UNRESOLVED_NO_TRADE_OR_STALE,4.795810222625732,4.795810222625732,4.795810222625732,0,PGSUS.IS,2018-08-21,False
UNRESOLVED_NO_TRADE_OR_STALE,4.795810222625732,4.795810222625732,4.795810222625732,0,PGSUS.IS,2018-08-22,False
UNRESOLVED_NO_TRADE_OR_STALE,4.795810222625732,4.795810222625732,4.795810222625732,0,PGSUS.IS,2018-08-23,False
UNRESOLVED_NO_TRADE_OR_STALE,4.795810222625732,4.795810222625732,4.795810222625732,0,PGSUS.IS,2018-08-24,False
UNRESOLVED_NO_TRADE_OR_STALE,4.939029216766357,4.939029216766357,4.939029216766357,0,PGSUS.IS,2018-08-30,False
UNRESOLVED_NO_TRADE_OR_STALE,4.411162853240967,4.411162853240967,4.411162853240967,0,PGSUS.IS,2018-10-29,False
UNRESOLVED_NO_TRADE_OR_STALE,4.726245880126953,4.726245880126953,4.726245880126953,0,PGSUS.IS,2019-01-01,False
UNRESOLVED_NO_TRADE_OR_STALE,6.0847859382629395,6.0847859382629395,6.0847859382629395,0,PGSUS.IS,2019-04-23,False
UNRESOLVED_NO_TRADE_OR_STALE,6.3221211433410645,6.3221211433410645,6.3221211433410645,0,PGSUS.IS,2019-05-01,False
UNRESOLVED_NO_TRADE_OR_STALE,7.279646873474121,7.279646873474121,7.279646873474121,0,PGSUS.IS,2019-06-04,False
UNRESOLVED_NO_TRADE_OR_STALE,7.279646873474121,7.279646873474121,7.279646873474121,0,PGSUS.IS,2019-06-05,False
UNRESOLVED_NO_TRADE_OR_STALE,7.279646873474121,7.279646873474121,7.279646873474121,0,PGSUS.IS,2019-06-06,False
UNRESOLVED_NO_TRADE_OR_STALE,9.403388977050781,9.403388977050781,9.403388977050781,0,PGSUS.IS,2019-07-15,False
UNRESOLVED_NO_TRADE_OR_STALE,11.171128273010254,11.171128273010254,11.171128273010254,0,PGSUS.IS,2019-08-12,False
UNRESOLVED_NO_TRADE_OR_STALE,11.171128273010254,11.171128273010254,11.171128273010254,0,PGSUS.IS,2019-08-13,False
UNRESOLVED_NO_TRADE_OR_STALE,11.171128273010254,11.171128273010254,11.171128273010254,0,PGSUS.IS,2019-08-14,False
UNRESOLVED_NO_TRADE_OR_STALE,14.495867729187012,14.495867729187012,14.495867729187012,0,PGSUS.IS,2019-08-30,False
UNRESOLVED_NO_TRADE_OR_STALE,8.527703285217285,8.527703285217285,8.527703285217285,0,PGSUS.IS,2020-03-11,False
UNRESOLVED_NO_TRADE_OR_STALE,179.0244903564453,179.0244903564453,179.0244903564453,0,PGSUS.IS,2024-04-09,False
UNRESOLVED_NO_TRADE_OR_STALE,170.10000610351562,170.10000610351562,170.10000610351562,0,PGSUS.IS,2026-05-27,False
UNRESOLVED_NO_TRADE_OR_STALE,170.10000610351562,170.10000610351562,170.10000610351562,0,PGSUS.IS,2026-05-28,False
UNRESOLVED_NO_TRADE_OR_STALE,170.10000610351562,170.10000610351562,170.10000610351562,0,PGSUS.IS,2026-05-29,False
UNRESOLVED_NO_TRADE_OR_STALE,11.25,11.25,11.25,0,PLTUR.IS,2023-02-08,False
UNRESOLVED_NO_TRADE_OR_STALE,23.84000015258789,23.84000015258789,23.84000015258789,0,PLTUR.IS,2026-05-27,False
UNRESOLVED_NO_TRADE_OR_STALE,23.84000015258789,23.84000015258789,23.84000015258789,0,PLTUR.IS,2026-05-28,False
UNRESOLVED_NO_TRADE_OR_STALE,23.84000015258789,23.84000015258789,23.84000015258789,0,PLTUR.IS,2026-05-29,False
UNRESOLVED_NO_TRADE_OR_STALE,7.090000152587891,7.090000152587891,7.090000152587891,0,REEDR.IS,2026-05-27,False
UNRESOLVED_NO_TRADE_OR_STALE,7.090000152587891,7.090000152587891,7.090000152587891,0,REEDR.IS,2026-05-28,False
UNRESOLVED_NO_TRADE_OR_STALE,7.090000152587891,7.090000152587891,7.090000152587891,0,REEDR.IS,2026-05-29,False
UNRESOLVED_NO_TRADE_OR_STALE,11.119999885559082,11.119999885559082,11.119999885559082,0,SAHOL.IS,2018-01-01,False
UNRESOLVED_NO_TRADE_OR_STALE,10.119999885559082,10.119999885559082,10.119999885559082,0,SAHOL.IS,2018-04-23,False
UNRESOLVED_NO_TRADE_OR_STALE,9.600000381469727,9.600000381469727,9.600000381469727,0,SAHOL.IS,2018-05-01,False
UNRESOLVED_NO_TRADE_OR_STALE,8.930000305175781,8.930000305175781,8.930000305175781,0,SAHOL.IS,2018-06-15,False
UNRESOLVED_NO_TRADE_OR_STALE,7.369999885559082,7.369999885559082,7.369999885559082,0,SAHOL.IS,2018-08-21,False
UNRESOLVED_NO_TRADE_OR_STALE,7.369999885559082,7.369999885559082,7.369999885559082,0,SAHOL.IS,2018-08-22,False
UNRESOLVED_NO_TRADE_OR_STALE,7.369999885559082,7.369999885559082,7.369999885559082,0,SAHOL.IS,2018-08-23,False
UNRESOLVED_NO_TRADE_OR_STALE,7.369999885559082,7.369999885559082,7.369999885559082,0,SAHOL.IS,2018-08-24,False
UNRESOLVED_NO_TRADE_OR_STALE,7.269999980926514,7.269999980926514,7.269999980926514,0,SAHOL.IS,2018-08-30,False
UNRESOLVED_NO_TRADE_OR_STALE,7.179999828338623,7.179999828338623,7.179999828338623,0,SAHOL.IS,2018-10-29,False
UNRESOLVED_NO_TRADE_OR_STALE,7.519999980926514,7.519999980926514,7.519999980926514,0,SAHOL.IS,2019-01-01,False
UNRESOLVED_NO_TRADE_OR_STALE,7.760000228881836,7.760000228881836,7.760000228881836,0,SAHOL.IS,2019-04-23,False
UNRESOLVED_NO_TRADE_OR_STALE,7.670000076293945,7.670000076293945,7.670000076293945,0,SAHOL.IS,2019-05-01,False
UNRESOLVED_NO_TRADE_OR_STALE,7.71999979019165,7.71999979019165,7.71999979019165,0,SAHOL.IS,2019-06-04,False
UNRESOLVED_NO_TRADE_OR_STALE,7.71999979019165,7.71999979019165,7.71999979019165,0,SAHOL.IS,2019-06-05,False
UNRESOLVED_NO_TRADE_OR_STALE,7.71999979019165,7.71999979019165,7.71999979019165,0,SAHOL.IS,2019-06-06,False
UNRESOLVED_NO_TRADE_OR_STALE,8.9399995803833,8.9399995803833,8.9399995803833,0,SAHOL.IS,2019-07-15,False
UNRESOLVED_NO_TRADE_OR_STALE,9.09000015258789,9.09000015258789,9.09000015258789,0,SAHOL.IS,2019-08-12,False
UNRESOLVED_NO_TRADE_OR_STALE,9.09000015258789,9.09000015258789,9.09000015258789,0,SAHOL.IS,2019-08-13,False
UNRESOLVED_NO_TRADE_OR_STALE,9.09000015258789,9.09000015258789,9.09000015258789,0,SAHOL.IS,2019-08-14,False
UNRESOLVED_NO_TRADE_OR_STALE,8.75,8.75,8.75,0,SAHOL.IS,2019-08-30,False
UNRESOLVED_NO_TRADE_OR_STALE,9.130000114440918,9.130000114440918,9.130000114440918,0,SAHOL.IS,2020-03-11,False
UNRESOLVED_NO_TRADE_OR_STALE,92.0,92.0,92.0,0,SAHOL.IS,2026-05-27,False
UNRESOLVED_NO_TRADE_OR_STALE,92.0,92.0,92.0,0,SAHOL.IS,2026-05-28,False
UNRESOLVED_NO_TRADE_OR_STALE,92.0,92.0,92.0,0,SAHOL.IS,2026-05-29,False
UNRESOLVED_NO_TRADE_OR_STALE,0.11355400085449219,0.11355400085449219,0.11355400085449219,0,SASA.IS,2018-01-01,False
UNRESOLVED_NO_TRADE_OR_STALE,0.1414240002632141,0.1414240002632141,0.1414240002632141,0,SASA.IS,2018-04-23,False
UNRESOLVED_NO_TRADE_OR_STALE,0.13144199550151825,0.13144199550151825,0.13144199550151825,0,SASA.IS,2018-05-01,False
UNRESOLVED_NO_TRADE_OR_STALE,0.1232059970498085,0.1232059970498085,0.1232059970498085,0,SASA.IS,2018-06-15,False
UNRESOLVED_NO_TRADE_OR_STALE,0.13291800022125244,0.13291800022125244,0.13291800022125244,0,SASA.IS,2018-08-21,False
UNRESOLVED_NO_TRADE_OR_STALE,0.13291800022125244,0.13291800022125244,0.13291800022125244,0,SASA.IS,2018-08-22,False
UNRESOLVED_NO_TRADE_OR_STALE,0.13291800022125244,0.13291800022125244,0.13291800022125244,0,SASA.IS,2018-08-23,False
UNRESOLVED_NO_TRADE_OR_STALE,0.13291800022125244,0.13291800022125244,0.13291800022125244,0,SASA.IS,2018-08-24,False
UNRESOLVED_NO_TRADE_OR_STALE,0.13857099413871765,0.13857099413871765,0.13857099413871765,0,SASA.IS,2018-08-30,False
UNRESOLVED_NO_TRADE_OR_STALE,0.12740999460220337,0.12740999460220337,0.12740999460220337,0,SASA.IS,2018-10-29,False
UNRESOLVED_NO_TRADE_OR_STALE,0.11813300102949142,0.11813300102949142,0.11813300102949142,0,SASA.IS,2019-01-01,False
UNRESOLVED_NO_TRADE_OR_STALE,0.11914800107479095,0.11914800107479095,0.11914800107479095,0,SASA.IS,2019-04-23,False
UNRESOLVED_NO_TRADE_OR_STALE,0.12110300362110138,0.12110300362110138,0.12110300362110138,0,SASA.IS,2019-05-01,False
UNRESOLVED_NO_TRADE_OR_STALE,0.12189800292253494,0.12189800292253494,0.12189800292253494,0,SASA.IS,2019-06-04,False
UNRESOLVED_NO_TRADE_OR_STALE,0.12189800292253494,0.12189800292253494,0.12189800292253494,0,SASA.IS,2019-06-05,False
UNRESOLVED_NO_TRADE_OR_STALE,0.12189800292253494,0.12189800292253494,0.12189800292253494,0,SASA.IS,2019-06-06,False
UNRESOLVED_NO_TRADE_OR_STALE,0.12329000234603882,0.12329000234603882,0.12329000234603882,0,SASA.IS,2019-07-15,False
UNRESOLVED_NO_TRADE_OR_STALE,0.1226930022239685,0.1226930022239685,0.1226930022239685,0,SASA.IS,2019-08-12,False
UNRESOLVED_NO_TRADE_OR_STALE,0.1226930022239685,0.1226930022239685,0.1226930022239685,0,SASA.IS,2019-08-13,False
UNRESOLVED_NO_TRADE_OR_STALE,0.1226930022239685,0.1226930022239685,0.1226930022239685,0,SASA.IS,2019-08-14,False
UNRESOLVED_NO_TRADE_OR_STALE,0.11553499847650528,0.11553499847650528,0.11553499847650528,0,SASA.IS,2019-08-30,False
UNRESOLVED_NO_TRADE_OR_STALE,0.14158500730991364,0.14158500730991364,0.14158500730991364,0,SASA.IS,2020-03-11,False
UNRESOLVED_NO_TRADE_OR_STALE,5.047500133514404,5.047500133514404,5.047500133514404,0,SASA.IS,2024-04-09,False
UNRESOLVED_MISSING_VOLUME,4.269999980926514,4.550000190734863,4.150000095367432,0,SASA.IS,2025-08-19,True
UNRESOLVED_MISSING_VOLUME,4.349999904632568,4.349999904632568,3.9800000190734863,0,SASA.IS,2025-08-21,True
UNRESOLVED_MISSING_VOLUME,4.78000020980835,4.78000020980835,4.460000038146973,0,SASA.IS,2025-08-22,True
UNRESOLVED_MISSING_VOLUME,5.25,5.25,4.929999828338623,0,SASA.IS,2025-08-25,True
UNRESOLVED_MISSING_VOLUME,5.159999847412109,5.659999847412109,5.159999847412109,0,SASA.IS,2025-08-26,True
UNRESOLVED_MISSING_VOLUME,4.889999866485596,5.210000038146973,4.880000114440918,0,SASA.IS,2025-08-27,True
UNRESOLVED_MISSING_VOLUME,4.690000057220459,4.909999847412109,4.590000152587891,0,SASA.IS,2025-08-29,True
UNRESOLVED_MISSING_VOLUME,4.579999923706055,4.800000190734863,4.550000190734863,0,SASA.IS,2025-09-01,True
UNRESOLVED_MISSING_VOLUME,4.619999885559082,4.760000228881836,4.400000095367432,0,SASA.IS,2025-09-02,True
UNRESOLVED_MISSING_VOLUME,4.429999828338623,4.579999923706055,4.389999866485596,0,SASA.IS,2025-09-05,True
UNRESOLVED_MISSING_VOLUME,3.990000009536743,4.420000076293945,3.990000009536743,0,SASA.IS,2025-09-08,True
UNRESOLVED_MISSING_VOLUME,3.9100000858306885,4.050000190734863,3.869999885559082,0,SASA.IS,2025-09-09,True
UNRESOLVED_MISSING_VOLUME,3.9600000381469727,3.9600000381469727,3.5299999713897705,0,SASA.IS,2025-09-15,True
UNRESOLVED_MISSING_VOLUME,4.03000020980835,4.210000038146973,4.0,0,SASA.IS,2025-09-16,True
UNRESOLVED_MISSING_VOLUME,4.210000038146973,4.239999771118164,4.010000228881836,0,SASA.IS,2025-09-17,True
UNRESOLVED_MISSING_VOLUME,4.070000171661377,4.110000133514404,3.9700000286102295,0,SASA.IS,2025-09-19,True
UNRESOLVED_MISSING_VOLUME,4.190000057220459,4.320000171661377,4.139999866485596,0,SASA.IS,2025-09-22,True
UNRESOLVED_MISSING_VOLUME,3.990000009536743,4.070000171661377,3.880000114440918,0,SASA.IS,2025-09-24,True
UNRESOLVED_MISSING_VOLUME,3.5199999809265137,3.5399999618530273,3.4100000858306885,0,SASA.IS,2025-10-01,True
UNRESOLVED_MISSING_VOLUME,3.380000114440918,3.5399999618530273,3.369999885559082,0,SASA.IS,2025-10-02,True
UNRESOLVED_MISSING_VOLUME,3.130000114440918,3.299999952316284,3.009999990463257,0,SASA.IS,2025-10-23,True
UNRESOLVED_MISSING_VOLUME,3.1600000858306885,3.25,3.119999885559082,0,SASA.IS,2025-10-24,True
UNRESOLVED_MISSING_VOLUME,3.0199999809265137,3.130000114440918,2.940000057220459,0,SASA.IS,2025-11-20,True
UNRESOLVED_MISSING_VOLUME,3.119999885559082,3.1600000858306885,3.0,0,SASA.IS,2025-11-21,True
UNRESOLVED_MISSING_VOLUME,2.8299999237060547,2.9100000858306885,2.6600000858306885,0,SASA.IS,2025-12-24,True
UNRESOLVED_MISSING_VOLUME,2.359999895095825,2.4000000953674316,2.2899999618530273,0,SASA.IS,2026-01-09,True
UNRESOLVED_MISSING_VOLUME,2.3399999141693115,2.380000114440918,2.309999942779541,0,SASA.IS,2026-01-12,True
UNRESOLVED_MISSING_VOLUME,2.369999885559082,2.380000114440918,2.3299999237060547,0,SASA.IS,2026-01-13,True
UNRESOLVED_MISSING_VOLUME,2.390000104904175,2.4200000762939453,2.319999933242798,0,SASA.IS,2026-01-16,True
UNRESOLVED_MISSING_VOLUME,2.5,2.5199999809265137,2.369999885559082,0,SASA.IS,2026-01-26,True
UNRESOLVED_MISSING_VOLUME,2.569999933242798,2.619999885559082,2.4700000286102295,0,SASA.IS,2026-01-28,True
UNRESOLVED_MISSING_VOLUME,2.5999999046325684,2.6600000858306885,2.549999952316284,0,SASA.IS,2026-01-29,True
UNRESOLVED_MISSING_VOLUME,2.549999952316284,2.6600000858306885,2.5399999618530273,0,SASA.IS,2026-01-30,True
UNRESOLVED_MISSING_VOLUME,2.5399999618530273,2.569999933242798,2.450000047683716,0,SASA.IS,2026-02-02,True
UNRESOLVED_MISSING_VOLUME,2.559999942779541,2.619999885559082,2.5299999713897705,0,SASA.IS,2026-02-03,True
UNRESOLVED_MISSING_VOLUME,2.490000009536743,2.559999942779541,2.490000009536743,0,SASA.IS,2026-02-05,True
UNRESOLVED_MISSING_VOLUME,2.4200000762939453,2.5,2.359999895095825,0,SASA.IS,2026-02-06,True
UNRESOLVED_MISSING_VOLUME,2.5299999713897705,2.549999952316284,2.430000066757202,0,SASA.IS,2026-02-09,True
UNRESOLVED_MISSING_VOLUME,2.5399999618530273,2.6700000762939453,2.5,0,SASA.IS,2026-02-11,True
UNRESOLVED_MISSING_VOLUME,2.7100000381469727,2.7300000190734863,2.5399999618530273,0,SASA.IS,2026-02-12,True
UNRESOLVED_MISSING_VOLUME,2.700000047683716,2.75,2.680000066757202,0,SASA.IS,2026-02-13,True
UNRESOLVED_MISSING_VOLUME,2.7699999809265137,2.7899999618530273,2.7100000381469727,0,SASA.IS,2026-02-16,True
UNRESOLVED_MISSING_VOLUME,2.640000104904175,2.7799999713897705,2.619999885559082,0,SASA.IS,2026-02-17,True
UNRESOLVED_MISSING_VOLUME,2.5999999046325684,2.6700000762939453,2.569999933242798,0,SASA.IS,2026-02-18,True
UNRESOLVED_MISSING_VOLUME,2.5199999809265137,2.630000114440918,2.4800000190734863,0,SASA.IS,2026-02-19,True
UNRESOLVED_MISSING_VOLUME,2.4200000762939453,2.5299999713897705,2.390000104904175,0,SASA.IS,2026-02-20,True
UNRESOLVED_MISSING_VOLUME,2.430000066757202,2.509999990463257,2.380000114440918,0,SASA.IS,2026-02-26,True
UNRESOLVED_MISSING_VOLUME,2.4700000286102295,2.4700000286102295,2.4000000953674316,0,SASA.IS,2026-02-27,True
UNRESOLVED_MISSING_VOLUME,2.4200000762939453,2.4200000762939453,2.190000057220459,0,SASA.IS,2026-03-12,True
UNRESOLVED_MISSING_VOLUME,2.4600000381469727,2.619999885559082,2.4000000953674316,0,SASA.IS,2026-03-13,True
UNRESOLVED_MISSING_VOLUME,2.4800000190734863,2.559999942779541,2.450000047683716,0,SASA.IS,2026-03-16,True
UNRESOLVED_MISSING_VOLUME,2.4600000381469727,2.5,2.430000066757202,0,SASA.IS,2026-03-23,True
UNRESOLVED_MISSING_VOLUME,2.390000104904175,2.450000047683716,2.369999885559082,0,SASA.IS,2026-03-26,True
UNRESOLVED_MISSING_VOLUME,2.440000057220459,2.5199999809265137,2.369999885559082,0,SASA.IS,2026-04-02,True
UNRESOLVED_MISSING_VOLUME,2.4800000190734863,2.5299999713897705,2.4600000381469727,0,SASA.IS,2026-04-08,True
UNRESOLVED_MISSING_VOLUME,2.619999885559082,2.640000104904175,2.450000047683716,0,SASA.IS,2026-04-10,True
UNRESOLVED_MISSING_VOLUME,2.5999999046325684,2.6700000762939453,2.569999933242798,0,SASA.IS,2026-04-13,True
UNRESOLVED_MISSING_VOLUME,2.7200000286102295,2.740000009536743,2.5899999141693115,0,SASA.IS,2026-04-14,True
UNRESOLVED_MISSING_VOLUME,2.990000009536743,2.990000009536743,2.700000047683716,0,SASA.IS,2026-04-15,True
UNRESOLVED_MISSING_VOLUME,3.059999942779541,3.190000057220459,3.0,0,SASA.IS,2026-04-16,True
UNRESOLVED_MISSING_VOLUME,3.140000104904175,3.319999933242798,3.0299999713897705,0,SASA.IS,2026-04-17,True
UNRESOLVED_MISSING_VOLUME,3.0799999237060547,3.2300000190734863,3.049999952316284,0,SASA.IS,2026-04-20,True
UNRESOLVED_MISSING_VOLUME,3.0299999713897705,3.119999885559082,2.940000057220459,0,SASA.IS,2026-04-21,True
UNRESOLVED_MISSING_VOLUME,2.9700000286102295,3.0999999046325684,2.9600000381469727,0,SASA.IS,2026-04-22,True
UNRESOLVED_MISSING_VOLUME,3.1600000858306885,3.200000047683716,2.9800000190734863,0,SASA.IS,2026-04-24,True
UNRESOLVED_MISSING_VOLUME,3.3299999237060547,3.4100000858306885,3.180000066757202,0,SASA.IS,2026-04-27,True
UNRESOLVED_MISSING_VOLUME,3.1600000858306885,3.4700000286102295,3.1600000858306885,0,SASA.IS,2026-04-28,True
UNRESOLVED_MISSING_VOLUME,3.200000047683716,3.2899999618530273,3.1600000858306885,0,SASA.IS,2026-04-29,True
UNRESOLVED_MISSING_VOLUME,3.140000104904175,3.2200000286102295,3.0799999237060547,0,SASA.IS,2026-04-30,True
UNRESOLVED_MISSING_VOLUME,3.119999885559082,3.2699999809265137,3.119999885559082,0,SASA.IS,2026-05-04,True
UNRESOLVED_MISSING_VOLUME,2.990000009536743,3.200000047683716,2.990000009536743,0,SASA.IS,2026-05-05,True
UNRESOLVED_MISSING_VOLUME,3.0799999237060547,3.1600000858306885,2.9600000381469727,0,SASA.IS,2026-05-06,True
UNRESOLVED_MISSING_VOLUME,3.3299999237060547,3.369999885559082,3.109999895095825,0,SASA.IS,2026-05-07,True
UNRESOLVED_MISSING_VOLUME,3.5199999809265137,3.5799999237060547,3.3399999141693115,0,SASA.IS,2026-05-08,True
UNRESOLVED_MISSING_VOLUME,3.5399999618530273,3.690000057220459,3.5199999809265137,0,SASA.IS,2026-05-11,True
UNRESOLVED_MISSING_VOLUME,3.2300000190734863,3.640000104904175,3.2300000190734863,0,SASA.IS,2026-05-12,True
UNRESOLVED_MISSING_VOLUME,2.9100000858306885,3.25,2.9100000858306885,0,SASA.IS,2026-05-13,True
UNRESOLVED_MISSING_VOLUME,3.009999990463257,3.0199999809265137,2.869999885559082,0,SASA.IS,2026-05-14,True
UNRESOLVED_MISSING_VOLUME,2.8299999237060547,3.0199999809265137,2.8299999237060547,0,SASA.IS,2026-05-15,True
UNRESOLVED_MISSING_VOLUME,2.7100000381469727,2.819999933242798,2.680000066757202,0,SASA.IS,2026-05-18,True
UNRESOLVED_MISSING_VOLUME,2.809999942779541,2.859999895095825,2.740000009536743,0,SASA.IS,2026-05-20,True
UNRESOLVED_MISSING_VOLUME,2.5299999713897705,2.8499999046325684,2.5299999713897705,0,SASA.IS,2026-05-21,True
UNRESOLVED_MISSING_VOLUME,2.6500000953674316,2.6700000762939453,2.440000057220459,0,SASA.IS,2026-05-22,True
UNRESOLVED_MISSING_VOLUME,2.700000047683716,2.7300000190734863,2.619999885559082,0,SASA.IS,2026-05-25,True
UNRESOLVED_NO_TRADE_OR_STALE,2.640000104904175,2.640000104904175,2.640000104904175,0,SASA.IS,2026-05-27,False
UNRESOLVED_NO_TRADE_OR_STALE,2.640000104904175,2.640000104904175,2.640000104904175,0,SASA.IS,2026-05-28,False
UNRESOLVED_NO_TRADE_OR_STALE,2.640000104904175,2.640000104904175,2.640000104904175,0,SASA.IS,2026-05-29,False
UNRESOLVED_MISSING_VOLUME,2.690000057220459,2.75,2.6600000858306885,0,SASA.IS,2026-06-01,True
UNRESOLVED_MISSING_VOLUME,2.75,2.7899999618530273,2.7300000190734863,0,SASA.IS,2026-06-02,True
UNRESOLVED_MISSING_VOLUME,2.630000114440918,2.759999990463257,2.619999885559082,0,SASA.IS,2026-06-03,True
UNRESOLVED_MISSING_VOLUME,2.5899999141693115,2.6700000762939453,2.559999942779541,0,SASA.IS,2026-06-04,True
UNRESOLVED_MISSING_VOLUME,2.490000009536743,2.619999885559082,2.490000009536743,0,SASA.IS,2026-06-05,True
UNRESOLVED_MISSING_VOLUME,2.5899999141693115,2.619999885559082,2.5,0,SASA.IS,2026-06-08,True
UNRESOLVED_MISSING_VOLUME,2.5,2.5999999046325684,2.4800000190734863,0,SASA.IS,2026-06-09,True
UNRESOLVED_MISSING_VOLUME,2.5,2.549999952316284,2.4700000286102295,0,SASA.IS,2026-06-10,True
UNRESOLVED_MISSING_VOLUME,2.630000114440918,2.700000047683716,2.490000009536743,0,SASA.IS,2026-06-11,True
UNRESOLVED_MISSING_VOLUME,2.5999999046325684,2.680000066757202,2.5799999237060547,0,SASA.IS,2026-06-12,True
UNRESOLVED_MISSING_VOLUME,2.690000057220459,2.7100000381469727,2.6500000953674316,0,SASA.IS,2026-06-15,True
UNRESOLVED_MISSING_VOLUME,2.7100000381469727,2.740000009536743,2.6700000762939453,0,SASA.IS,2026-06-16,True
UNRESOLVED_MISSING_VOLUME,2.740000009536743,2.7699999809265137,2.690000057220459,0,SASA.IS,2026-06-17,True
UNRESOLVED_MISSING_VOLUME,2.7799999713897705,2.809999942779541,2.740000009536743,0,SASA.IS,2026-06-18,True
UNRESOLVED_MISSING_VOLUME,2.740000009536743,2.7699999809265137,2.7100000381469727,0,SASA.IS,2026-06-22,True
UNRESOLVED_MISSING_VOLUME,2.640000104904175,2.75,2.640000104904175,0,SASA.IS,2026-06-23,True
UNRESOLVED_MISSING_VOLUME,2.450000047683716,2.4700000286102295,2.4200000762939453,0,SASA.IS,2026-06-30,True
UNRESOLVED_MISSING_VOLUME,2.430000066757202,2.4600000381469727,2.4100000858306885,0,SASA.IS,2026-07-01,True
UNRESOLVED_MISSING_VOLUME,2.309999942779541,2.3499999046325684,2.2899999618530273,0,SASA.IS,2026-07-07,True
UNRESOLVED_MISSING_VOLUME,2.2300000190734863,2.319999933242798,2.2300000190734863,0,SASA.IS,2026-07-08,True
UNRESOLVED_MISSING_VOLUME,2.2799999713897705,2.3399999141693115,2.2100000381469727,0,SASA.IS,2026-07-09,True
UNRESOLVED_MISSING_VOLUME,2.4200000762939453,2.450000047683716,2.259999990463257,0,SASA.IS,2026-07-10,True
UNRESOLVED_MISSING_VOLUME,2.549999952316284,2.569999933242798,2.4700000286102295,0,SASA.IS,2026-07-13,True
UNRESOLVED_MISSING_VOLUME,2.5199999809265137,2.5999999046325684,2.5,0,SASA.IS,2026-07-14,True
UNRESOLVED_MISSING_VOLUME,2.5399999618530273,2.619999885559082,2.5199999809265137,0,SASA.IS,2026-07-16,True
UNRESOLVED_MISSING_VOLUME,2.5399999618530273,2.609999895095825,2.4100000858306885,0,SASA.IS,2026-07-20,True
UNRESOLVED_MISSING_VOLUME,2.509999990463257,2.569999933242798,2.450000047683716,0,SASA.IS,2026-07-21,True
UNRESOLVED_MISSING_VOLUME,2.640000104904175,2.700000047683716,2.4700000286102295,0,SASA.IS,2026-07-22,True
UNRESOLVED_MISSING_VOLUME,2.6500000953674316,2.7200000286102295,2.630000114440918,0,SASA.IS,2026-07-23,True
UNRESOLVED_MISSING_VOLUME,2.690000057220459,2.7200000286102295,2.5899999141693115,0,SASA.IS,2026-07-24,True
UNRESOLVED_MISSING_VOLUME,2.569999933242798,2.75,2.5299999713897705,0,SASA.IS,2026-07-27,True
UNRESOLVED_MISSING_VOLUME,2.549999952316284,2.5899999141693115,2.5,0,SASA.IS,2026-07-28,True
UNRESOLVED_MISSING_VOLUME,2.4800000190734863,2.5,2.4000000953674316,0,SASA.IS,2026-07-30,True
UNRESOLVED_MISSING_VOLUME,2.5199999809265137,2.559999942779541,2.4700000286102295,0,SASA.IS,2026-08-03,True
UNRESOLVED_MISSING_VOLUME,2.559999942779541,2.5899999141693115,2.509999990463257,0,SASA.IS,2026-08-05,True
UNRESOLVED_MISSING_VOLUME,2.3299999237060547,2.619999885559082,2.3299999237060547,0,SASA.IS,2026-08-10,True
UNRESOLVED_MISSING_VOLUME,2.359999895095825,2.390000104904175,2.2899999618530273,0,SASA.IS,2026-08-11,True
UNRESOLVED_MISSING_VOLUME,2.490000009536743,2.5199999809265137,2.319999933242798,0,SASA.IS,2026-08-12,True
UNRESOLVED_MISSING_VOLUME,2.450000047683716,2.5299999713897705,2.430000066757202,0,SASA.IS,2026-08-13,True
UNRESOLVED_MISSING_VOLUME,2.390000104904175,2.4800000190734863,2.390000104904175,0,SASA.IS,2026-08-14,True
UNRESOLVED_MISSING_VOLUME,2.3399999141693115,2.4200000762939453,2.3299999237060547,0,SASA.IS,2026-08-17,True
UNRESOLVED_MISSING_VOLUME,2.25,2.3499999046325684,2.2200000286102295,0,SASA.IS,2026-08-18,True
UNRESOLVED_MISSING_VOLUME,2.2699999809265137,2.299999952316284,2.240000009536743,0,SASA.IS,2026-08-19,True
UNRESOLVED_MISSING_VOLUME,2.319999933242798,2.359999895095825,2.2699999809265137,0,SASA.IS,2026-08-21,True
UNRESOLVED_MISSING_VOLUME,2.3299999237060547,2.390000104904175,2.319999933242798,0,SASA.IS,2026-08-24,True
UNRESOLVED_MISSING_VOLUME,2.380000114440918,2.4200000762939453,2.3299999237060547,0,SASA.IS,2026-08-27,True
UNRESOLVED_MISSING_VOLUME,2.359999895095825,2.390000104904175,2.3299999237060547,0,SASA.IS,2026-09-01,True
UNRESOLVED_MISSING_VOLUME,2.759999990463257,2.759999990463257,2.5799999237060547,0,SASA.IS,2026-09-08,True
UNRESOLVED_MISSING_VOLUME,2.7300000190734863,2.930000066757202,2.7100000381469727,0,SASA.IS,2026-09-09,True
UNRESOLVED_MISSING_VOLUME,2.7699999809265137,2.9100000858306885,2.619999885559082,0,SASA.IS,2026-09-10,True
UNRESOLVED_MISSING_VOLUME,2.819999933242798,2.9000000953674316,2.680000066757202,0,SASA.IS,2026-09-11,True
UNRESOLVED_MISSING_VOLUME,2.940000057220459,2.9600000381469727,2.7699999809265137,0,SASA.IS,2026-09-14,True
UNRESOLVED_MISSING_VOLUME,2.799999952316284,3.059999942779541,2.799999952316284,0,SASA.IS,2026-09-15,True
UNRESOLVED_NO_TRADE_OR_STALE,7.440908908843994,7.440908908843994,7.440908908843994,0,SDTTR.IS,2023-02-08,False
UNRESOLVED_NO_TRADE_OR_STALE,30.909090042114258,30.909090042114258,30.909090042114258,0,SDTTR.IS,2024-04-09,False
UNRESOLVED_NO_TRADE_OR_STALE,19.863636016845703,19.863636016845703,19.863636016845703,0,SDTTR.IS,2026-04-23,False
UNRESOLVED_NO_TRADE_OR_STALE,19.9818172454834,19.9818172454834,19.9818172454834,0,SDTTR.IS,2026-05-01,False
UNRESOLVED_NO_TRADE_OR_STALE,23.0,23.0,23.0,0,SDTTR.IS,2026-05-19,False
UNRESOLVED_NO_TRADE_OR_STALE,22.818180084228516,22.818180084228516,22.818180084228516,0,SDTTR.IS,2026-05-27,False
UNRESOLVED_NO_TRADE_OR_STALE,22.818180084228516,22.818180084228516,22.818180084228516,0,SDTTR.IS,2026-05-28,False
UNRESOLVED_NO_TRADE_OR_STALE,22.818180084228516,22.818180084228516,22.818180084228516,0,SDTTR.IS,2026-05-29,False
UNRESOLVED_NO_TRADE_OR_STALE,22.51818084716797,22.51818084716797,22.51818084716797,0,SDTTR.IS,2026-07-15,False
UNRESOLVED_NO_TRADE_OR_STALE,3.5999999046325684,3.5999999046325684,3.5999999046325684,0,SELEC.IS,2018-01-01,False
UNRESOLVED_NO_TRADE_OR_STALE,3.619999885559082,3.619999885559082,3.619999885559082,0,SELEC.IS,2018-04-23,False
UNRESOLVED_NO_TRADE_OR_STALE,3.390000104904175,3.390000104904175,3.390000104904175,0,SELEC.IS,2018-05-01,False
UNRESOLVED_NO_TRADE_OR_STALE,3.7699999809265137,3.7699999809265137,3.7699999809265137,0,SELEC.IS,2018-06-15,False
UNRESOLVED_NO_TRADE_OR_STALE,3.369999885559082,3.369999885559082,3.369999885559082,0,SELEC.IS,2018-08-21,False
UNRESOLVED_NO_TRADE_OR_STALE,3.369999885559082,3.369999885559082,3.369999885559082,0,SELEC.IS,2018-08-22,False
UNRESOLVED_NO_TRADE_OR_STALE,3.369999885559082,3.369999885559082,3.369999885559082,0,SELEC.IS,2018-08-23,False
UNRESOLVED_NO_TRADE_OR_STALE,3.369999885559082,3.369999885559082,3.369999885559082,0,SELEC.IS,2018-08-24,False
UNRESOLVED_NO_TRADE_OR_STALE,3.180000066757202,3.180000066757202,3.180000066757202,0,SELEC.IS,2018-08-30,False
UNRESOLVED_NO_TRADE_OR_STALE,3.0,3.0,3.0,0,SELEC.IS,2018-10-29,False
UNRESOLVED_NO_TRADE_OR_STALE,2.7899999618530273,2.7899999618530273,2.7899999618530273,0,SELEC.IS,2019-01-01,False
UNRESOLVED_NO_TRADE_OR_STALE,3.940000057220459,3.940000057220459,3.940000057220459,0,SELEC.IS,2019-04-23,False
UNRESOLVED_NO_TRADE_OR_STALE,4.0,4.0,4.0,0,SELEC.IS,2019-05-01,False
UNRESOLVED_NO_TRADE_OR_STALE,4.489999771118164,4.489999771118164,4.489999771118164,0,SELEC.IS,2019-06-04,False
UNRESOLVED_NO_TRADE_OR_STALE,4.489999771118164,4.489999771118164,4.489999771118164,0,SELEC.IS,2019-06-05,False
UNRESOLVED_NO_TRADE_OR_STALE,4.489999771118164,4.489999771118164,4.489999771118164,0,SELEC.IS,2019-06-06,False
UNRESOLVED_NO_TRADE_OR_STALE,4.460000038146973,4.460000038146973,4.460000038146973,0,SELEC.IS,2019-07-15,False
UNRESOLVED_NO_TRADE_OR_STALE,4.519999980926514,4.519999980926514,4.519999980926514,0,SELEC.IS,2019-08-12,False
UNRESOLVED_NO_TRADE_OR_STALE,4.519999980926514,4.519999980926514,4.519999980926514,0,SELEC.IS,2019-08-13,False
UNRESOLVED_NO_TRADE_OR_STALE,4.519999980926514,4.519999980926514,4.519999980926514,0,SELEC.IS,2019-08-14,False
UNRESOLVED_NO_TRADE_OR_STALE,4.920000076293945,4.920000076293945,4.920000076293945,0,SELEC.IS,2019-08-30,False
UNRESOLVED_NO_TRADE_OR_STALE,6.130000114440918,6.130000114440918,6.130000114440918,0,SELEC.IS,2020-03-11,False
UNRESOLVED_NO_TRADE_OR_STALE,103.4000015258789,103.4000015258789,103.4000015258789,0,SELEC.IS,2026-05-27,False
UNRESOLVED_NO_TRADE_OR_STALE,103.4000015258789,103.4000015258789,103.4000015258789,0,SELEC.IS,2026-05-28,False
UNRESOLVED_NO_TRADE_OR_STALE,103.4000015258789,103.4000015258789,103.4000015258789,0,SELEC.IS,2026-05-29,False
UNRESOLVED_NO_TRADE_OR_STALE,4.699999809265137,4.699999809265137,4.699999809265137,0,SISE.IS,2018-01-01,False
UNRESOLVED_NO_TRADE_OR_STALE,4.900000095367432,4.900000095367432,4.900000095367432,0,SISE.IS,2018-04-23,False
UNRESOLVED_NO_TRADE_OR_STALE,4.5,4.5,4.5,0,SISE.IS,2018-05-01,False
UNRESOLVED_NO_TRADE_OR_STALE,4.130000114440918,4.130000114440918,4.130000114440918,0,SISE.IS,2018-06-15,False
UNRESOLVED_NO_TRADE_OR_STALE,5.400000095367432,5.400000095367432,5.400000095367432,0,SISE.IS,2018-08-21,False
UNRESOLVED_NO_TRADE_OR_STALE,5.400000095367432,5.400000095367432,5.400000095367432,0,SISE.IS,2018-08-22,False
UNRESOLVED_NO_TRADE_OR_STALE,5.400000095367432,5.400000095367432,5.400000095367432,0,SISE.IS,2018-08-23,False
UNRESOLVED_NO_TRADE_OR_STALE,5.400000095367432,5.400000095367432,5.400000095367432,0,SISE.IS,2018-08-24,False
UNRESOLVED_NO_TRADE_OR_STALE,5.820000171661377,5.820000171661377,5.820000171661377,0,SISE.IS,2018-08-30,False
UNRESOLVED_NO_TRADE_OR_STALE,4.75,4.75,4.75,0,SISE.IS,2018-10-29,False
UNRESOLVED_NO_TRADE_OR_STALE,5.75,5.75,5.75,0,SISE.IS,2019-01-01,False
UNRESOLVED_NO_TRADE_OR_STALE,5.920000076293945,5.920000076293945,5.920000076293945,0,SISE.IS,2019-04-23,False
UNRESOLVED_NO_TRADE_OR_STALE,6.059999942779541,6.059999942779541,6.059999942779541,0,SISE.IS,2019-05-01,False
UNRESOLVED_NO_TRADE_OR_STALE,5.090000152587891,5.090000152587891,5.090000152587891,0,SISE.IS,2019-06-04,False
UNRESOLVED_NO_TRADE_OR_STALE,5.090000152587891,5.090000152587891,5.090000152587891,0,SISE.IS,2019-06-05,False
UNRESOLVED_NO_TRADE_OR_STALE,5.090000152587891,5.090000152587891,5.090000152587891,0,SISE.IS,2019-06-06,False
UNRESOLVED_NO_TRADE_OR_STALE,4.71999979019165,4.71999979019165,4.71999979019165,0,SISE.IS,2019-07-15,False
UNRESOLVED_NO_TRADE_OR_STALE,4.320000171661377,4.320000171661377,4.320000171661377,0,SISE.IS,2019-08-12,False
UNRESOLVED_NO_TRADE_OR_STALE,4.320000171661377,4.320000171661377,4.320000171661377,0,SISE.IS,2019-08-13,False
UNRESOLVED_NO_TRADE_OR_STALE,4.320000171661377,4.320000171661377,4.320000171661377,0,SISE.IS,2019-08-14,False
UNRESOLVED_NO_TRADE_OR_STALE,4.329999923706055,4.329999923706055,4.329999923706055,0,SISE.IS,2019-08-30,False
UNRESOLVED_NO_TRADE_OR_STALE,4.329999923706055,4.329999923706055,4.329999923706055,0,SISE.IS,2020-03-11,False
UNRESOLVED_NO_TRADE_OR_STALE,45.79999923706055,45.79999923706055,45.79999923706055,0,SISE.IS,2026-05-27,False
UNRESOLVED_NO_TRADE_OR_STALE,45.79999923706055,45.79999923706055,45.79999923706055,0,SISE.IS,2026-05-28,False
UNRESOLVED_NO_TRADE_OR_STALE,45.79999923706055,45.79999923706055,45.79999923706055,0,SISE.IS,2026-05-29,False
UNRESOLVED_NO_TRADE_OR_STALE,1.5251749753952026,1.5251749753952026,1.5251749753952026,0,SKBNK.IS,2018-01-01,False
UNRESOLVED_NO_TRADE_OR_STALE,1.3334859609603882,1.3334859609603882,1.3334859609603882,0,SKBNK.IS,2018-04-23,False
UNRESOLVED_NO_TRADE_OR_STALE,1.2418090105056763,1.2418090105056763,1.2418090105056763,0,SKBNK.IS,2018-05-01,False
UNRESOLVED_NO_TRADE_OR_STALE,0.9501090049743652,0.9501090049743652,0.9501090049743652,0,SKBNK.IS,2018-06-15,False
UNRESOLVED_NO_TRADE_OR_STALE,0.8417630195617676,0.8417630195617676,0.8417630195617676,0,SKBNK.IS,2018-08-21,False
UNRESOLVED_NO_TRADE_OR_STALE,0.8417630195617676,0.8417630195617676,0.8417630195617676,0,SKBNK.IS,2018-08-22,False
UNRESOLVED_NO_TRADE_OR_STALE,0.8417630195617676,0.8417630195617676,0.8417630195617676,0,SKBNK.IS,2018-08-23,False
UNRESOLVED_NO_TRADE_OR_STALE,0.8417630195617676,0.8417630195617676,0.8417630195617676,0,SKBNK.IS,2018-08-24,False
UNRESOLVED_NO_TRADE_OR_STALE,0.883433997631073,0.883433997631073,0.883433997631073,0,SKBNK.IS,2018-08-30,False
UNRESOLVED_NO_TRADE_OR_STALE,0.7750890254974365,0.7750890254974365,0.7750890254974365,0,SKBNK.IS,2018-10-29,False
UNRESOLVED_NO_TRADE_OR_STALE,0.9251059889793396,0.9251059889793396,0.9251059889793396,0,SKBNK.IS,2019-01-01,False
UNRESOLVED_NO_TRADE_OR_STALE,0.8500970005989075,0.8500970005989075,0.8500970005989075,0,SKBNK.IS,2019-04-23,False
UNRESOLVED_NO_TRADE_OR_STALE,0.8500970005989075,0.8500970005989075,0.8500970005989075,0,SKBNK.IS,2019-05-01,False
UNRESOLVED_NO_TRADE_OR_STALE,0.7584199905395508,0.7584199905395508,0.7584199905395508,0,SKBNK.IS,2019-06-04,False
UNRESOLVED_NO_TRADE_OR_STALE,0.7584199905395508,0.7584199905395508,0.7584199905395508,0,SKBNK.IS,2019-06-05,False
UNRESOLVED_NO_TRADE_OR_STALE,0.7584199905395508,0.7584199905395508,0.7584199905395508,0,SKBNK.IS,2019-06-06,False
UNRESOLVED_NO_TRADE_OR_STALE,0.7917569875717163,0.7917569875717163,0.7917569875717163,0,SKBNK.IS,2019-07-15,False
UNRESOLVED_NO_TRADE_OR_STALE,0.7917569875717163,0.7917569875717163,0.7917569875717163,0,SKBNK.IS,2019-08-12,False
UNRESOLVED_NO_TRADE_OR_STALE,0.7917569875717163,0.7917569875717163,0.7917569875717163,0,SKBNK.IS,2019-08-13,False
UNRESOLVED_NO_TRADE_OR_STALE,0.7917569875717163,0.7917569875717163,0.7917569875717163,0,SKBNK.IS,2019-08-14,False
UNRESOLVED_NO_TRADE_OR_STALE,0.7584199905395508,0.7584199905395508,0.7584199905395508,0,SKBNK.IS,2019-08-30,False
UNRESOLVED_NO_TRADE_OR_STALE,0.8417630195617676,0.8417630195617676,0.8417630195617676,0,SKBNK.IS,2020-03-11,False
UNRESOLVED_NO_TRADE_OR_STALE,13.170000076293945,13.170000076293945,13.170000076293945,0,SKBNK.IS,2026-05-27,False
UNRESOLVED_NO_TRADE_OR_STALE,13.170000076293945,13.170000076293945,13.170000076293945,0,SKBNK.IS,2026-05-28,False
UNRESOLVED_NO_TRADE_OR_STALE,13.170000076293945,13.170000076293945,13.170000076293945,0,SKBNK.IS,2026-05-29,False
UNRESOLVED_NO_TRADE_OR_STALE,9.050000190734863,9.050000190734863,9.050000190734863,0,SOKM.IS,2018-06-15,False
UNRESOLVED_NO_TRADE_OR_STALE,7.389999866485596,7.389999866485596,7.389999866485596,0,SOKM.IS,2018-08-21,False
UNRESOLVED_NO_TRADE_OR_STALE,7.389999866485596,7.389999866485596,7.389999866485596,0,SOKM.IS,2018-08-22,False
UNRESOLVED_NO_TRADE_OR_STALE,7.389999866485596,7.389999866485596,7.389999866485596,0,SOKM.IS,2018-08-23,False
UNRESOLVED_NO_TRADE_OR_STALE,7.389999866485596,7.389999866485596,7.389999866485596,0,SOKM.IS,2018-08-24,False
UNRESOLVED_NO_TRADE_OR_STALE,7.420000076293945,7.420000076293945,7.420000076293945,0,SOKM.IS,2018-08-30,False
UNRESOLVED_NO_TRADE_OR_STALE,9.8100004196167,9.8100004196167,9.8100004196167,0,SOKM.IS,2018-10-29,False
UNRESOLVED_NO_TRADE_OR_STALE,10.4399995803833,10.4399995803833,10.4399995803833,0,SOKM.IS,2019-01-01,False
UNRESOLVED_NO_TRADE_OR_STALE,8.979999542236328,8.979999542236328,8.979999542236328,0,SOKM.IS,2019-04-23,False
UNRESOLVED_NO_TRADE_OR_STALE,9.25,9.25,9.25,0,SOKM.IS,2019-05-01,False
UNRESOLVED_NO_TRADE_OR_STALE,8.800000190734863,8.800000190734863,8.800000190734863,0,SOKM.IS,2019-06-04,False
UNRESOLVED_NO_TRADE_OR_STALE,8.800000190734863,8.800000190734863,8.800000190734863,0,SOKM.IS,2019-06-05,False
UNRESOLVED_NO_TRADE_OR_STALE,8.800000190734863,8.800000190734863,8.800000190734863,0,SOKM.IS,2019-06-06,False
UNRESOLVED_NO_TRADE_OR_STALE,9.729999542236328,9.729999542236328,9.729999542236328,0,SOKM.IS,2019-07-15,False
UNRESOLVED_NO_TRADE_OR_STALE,10.960000038146973,10.960000038146973,10.960000038146973,0,SOKM.IS,2019-08-12,False
UNRESOLVED_NO_TRADE_OR_STALE,10.960000038146973,10.960000038146973,10.960000038146973,0,SOKM.IS,2019-08-13,False
UNRESOLVED_NO_TRADE_OR_STALE,10.960000038146973,10.960000038146973,10.960000038146973,0,SOKM.IS,2019-08-14,False
UNRESOLVED_NO_TRADE_OR_STALE,10.550000190734863,10.550000190734863,10.550000190734863,0,SOKM.IS,2019-08-30,False
UNRESOLVED_NO_TRADE_OR_STALE,8.140000343322754,8.140000343322754,8.140000343322754,0,SOKM.IS,2020-03-11,False
UNRESOLVED_NO_TRADE_OR_STALE,47.84000015258789,47.84000015258789,47.84000015258789,0,SOKM.IS,2026-05-27,False
UNRESOLVED_NO_TRADE_OR_STALE,47.84000015258789,47.84000015258789,47.84000015258789,0,SOKM.IS,2026-05-28,False
UNRESOLVED_NO_TRADE_OR_STALE,47.84000015258789,47.84000015258789,47.84000015258789,0,SOKM.IS,2026-05-29,False
UNRESOLVED_NO_TRADE_OR_STALE,69.30000305175781,69.30000305175781,69.30000305175781,0,SURGY.IS,2026-05-27,False
UNRESOLVED_NO_TRADE_OR_STALE,69.30000305175781,69.30000305175781,69.30000305175781,0,SURGY.IS,2026-05-28,False
UNRESOLVED_NO_TRADE_OR_STALE,69.30000305175781,69.30000305175781,69.30000305175781,0,SURGY.IS,2026-05-29,False
UNRESOLVED_NO_TRADE_OR_STALE,267.0,267.0,267.0,0,TABGD.IS,2026-05-27,False
UNRESOLVED_NO_TRADE_OR_STALE,267.0,267.0,267.0,0,TABGD.IS,2026-05-28,False
UNRESOLVED_NO_TRADE_OR_STALE,267.0,267.0,267.0,0,TABGD.IS,2026-05-29,False
UNRESOLVED_NO_TRADE_OR_STALE,22.459999084472656,22.459999084472656,22.459999084472656,0,TAVHL.IS,2018-01-01,False
UNRESOLVED_NO_TRADE_OR_STALE,25.920000076293945,25.920000076293945,25.920000076293945,0,TAVHL.IS,2018-04-23,False
UNRESOLVED_NO_TRADE_OR_STALE,21.6200008392334,21.6200008392334,21.6200008392334,0,TAVHL.IS,2018-05-01,False
UNRESOLVED_NO_TRADE_OR_STALE,22.6200008392334,22.6200008392334,22.6200008392334,0,TAVHL.IS,2018-06-15,False
UNRESOLVED_NO_TRADE_OR_STALE,27.15999984741211,27.15999984741211,27.15999984741211,0,TAVHL.IS,2018-08-21,False
UNRESOLVED_NO_TRADE_OR_STALE,27.15999984741211,27.15999984741211,27.15999984741211,0,TAVHL.IS,2018-08-22,False
UNRESOLVED_NO_TRADE_OR_STALE,27.15999984741211,27.15999984741211,27.15999984741211,0,TAVHL.IS,2018-08-23,False
UNRESOLVED_NO_TRADE_OR_STALE,27.15999984741211,27.15999984741211,27.15999984741211,0,TAVHL.IS,2018-08-24,False
UNRESOLVED_NO_TRADE_OR_STALE,31.020000457763672,31.020000457763672,31.020000457763672,0,TAVHL.IS,2018-08-30,False
UNRESOLVED_NO_TRADE_OR_STALE,27.200000762939453,27.200000762939453,27.200000762939453,0,TAVHL.IS,2018-10-29,False
UNRESOLVED_NO_TRADE_OR_STALE,23.739999771118164,23.739999771118164,23.739999771118164,0,TAVHL.IS,2019-01-01,False
UNRESOLVED_NO_TRADE_OR_STALE,24.059999465942383,24.059999465942383,24.059999465942383,0,TAVHL.IS,2019-04-23,False
UNRESOLVED_NO_TRADE_OR_STALE,25.260000228881836,25.260000228881836,25.260000228881836,0,TAVHL.IS,2019-05-01,False
UNRESOLVED_NO_TRADE_OR_STALE,25.579999923706055,25.579999923706055,25.579999923706055,0,TAVHL.IS,2019-06-04,False
UNRESOLVED_NO_TRADE_OR_STALE,25.579999923706055,25.579999923706055,25.579999923706055,0,TAVHL.IS,2019-06-05,False
UNRESOLVED_NO_TRADE_OR_STALE,25.579999923706055,25.579999923706055,25.579999923706055,0,TAVHL.IS,2019-06-06,False
UNRESOLVED_NO_TRADE_OR_STALE,24.200000762939453,24.200000762939453,24.200000762939453,0,TAVHL.IS,2019-07-15,False
UNRESOLVED_NO_TRADE_OR_STALE,24.700000762939453,24.700000762939453,24.700000762939453,0,TAVHL.IS,2019-08-12,False
UNRESOLVED_NO_TRADE_OR_STALE,24.700000762939453,24.700000762939453,24.700000762939453,0,TAVHL.IS,2019-08-13,False
UNRESOLVED_NO_TRADE_OR_STALE,24.700000762939453,24.700000762939453,24.700000762939453,0,TAVHL.IS,2019-08-14,False
UNRESOLVED_NO_TRADE_OR_STALE,23.600000381469727,23.600000381469727,23.600000381469727,0,TAVHL.IS,2019-08-30,False
UNRESOLVED_NO_TRADE_OR_STALE,17.940000534057617,17.940000534057617,17.940000534057617,0,TAVHL.IS,2020-03-11,False
UNRESOLVED_NO_TRADE_OR_STALE,251.75,251.75,251.75,0,TAVHL.IS,2026-05-27,False
UNRESOLVED_NO_TRADE_OR_STALE,251.75,251.75,251.75,0,TAVHL.IS,2026-05-28,False
UNRESOLVED_NO_TRADE_OR_STALE,251.75,251.75,251.75,0,TAVHL.IS,2026-05-29,False
UNRESOLVED_NO_TRADE_OR_STALE,15.479999542236328,15.479999542236328,15.479999542236328,0,TCELL.IS,2018-01-01,False
UNRESOLVED_NO_TRADE_OR_STALE,14.380000114440918,14.380000114440918,14.380000114440918,0,TCELL.IS,2018-04-23,False
UNRESOLVED_NO_TRADE_OR_STALE,13.890000343322754,13.890000343322754,13.890000343322754,0,TCELL.IS,2018-05-01,False
UNRESOLVED_MISSING_VOLUME,11.609999656677246,11.729999542236328,11.300000190734863,0,TCELL.IS,2018-06-14,True
UNRESOLVED_NO_TRADE_OR_STALE,11.609999656677246,11.609999656677246,11.609999656677246,0,TCELL.IS,2018-06-15,False
UNRESOLVED_NO_TRADE_OR_STALE,11.050000190734863,11.050000190734863,11.050000190734863,0,TCELL.IS,2018-08-21,False
UNRESOLVED_NO_TRADE_OR_STALE,11.050000190734863,11.050000190734863,11.050000190734863,0,TCELL.IS,2018-08-22,False
UNRESOLVED_NO_TRADE_OR_STALE,11.050000190734863,11.050000190734863,11.050000190734863,0,TCELL.IS,2018-08-23,False
UNRESOLVED_NO_TRADE_OR_STALE,11.050000190734863,11.050000190734863,11.050000190734863,0,TCELL.IS,2018-08-24,False
UNRESOLVED_NO_TRADE_OR_STALE,11.0600004196167,11.0600004196167,11.0600004196167,0,TCELL.IS,2018-08-30,False
UNRESOLVED_NO_TRADE_OR_STALE,11.720000267028809,11.720000267028809,11.720000267028809,0,TCELL.IS,2018-10-29,False
UNRESOLVED_NO_TRADE_OR_STALE,12.229999542236328,12.229999542236328,12.229999542236328,0,TCELL.IS,2019-01-01,False
UNRESOLVED_NO_TRADE_OR_STALE,12.770000457763672,12.770000457763672,12.770000457763672,0,TCELL.IS,2019-04-23,False
UNRESOLVED_NO_TRADE_OR_STALE,12.479999542236328,12.479999542236328,12.479999542236328,0,TCELL.IS,2019-05-01,False
UNRESOLVED_NO_TRADE_OR_STALE,12.050000190734863,12.050000190734863,12.050000190734863,0,TCELL.IS,2019-06-04,False
UNRESOLVED_NO_TRADE_OR_STALE,12.050000190734863,12.050000190734863,12.050000190734863,0,TCELL.IS,2019-06-05,False
UNRESOLVED_NO_TRADE_OR_STALE,12.050000190734863,12.050000190734863,12.050000190734863,0,TCELL.IS,2019-06-06,False
UNRESOLVED_NO_TRADE_OR_STALE,13.300000190734863,13.300000190734863,13.300000190734863,0,TCELL.IS,2019-07-15,False
UNRESOLVED_NO_TRADE_OR_STALE,12.329999923706055,12.329999923706055,12.329999923706055,0,TCELL.IS,2019-08-12,False
UNRESOLVED_NO_TRADE_OR_STALE,12.329999923706055,12.329999923706055,12.329999923706055,0,TCELL.IS,2019-08-13,False
UNRESOLVED_NO_TRADE_OR_STALE,12.329999923706055,12.329999923706055,12.329999923706055,0,TCELL.IS,2019-08-14,False
UNRESOLVED_NO_TRADE_OR_STALE,12.880000114440918,12.880000114440918,12.880000114440918,0,TCELL.IS,2019-08-30,False
UNRESOLVED_NO_TRADE_OR_STALE,13.369999885559082,13.369999885559082,13.369999885559082,0,TCELL.IS,2020-03-11,False
UNRESOLVED_NO_TRADE_OR_STALE,101.0,101.0,101.0,0,TCELL.IS,2026-05-27,False
UNRESOLVED_NO_TRADE_OR_STALE,101.0,101.0,101.0,0,TCELL.IS,2026-05-28,False
UNRESOLVED_NO_TRADE_OR_STALE,101.0,101.0,101.0,0,TCELL.IS,2026-05-29,False
UNRESOLVED_NO_TRADE_OR_STALE,2.98799991607666,2.98799991607666,2.98799991607666,0,TERA.IS,2024-04-09,False
UNRESOLVED_NO_TRADE_OR_STALE,210.10000610351562,210.10000610351562,210.10000610351562,0,TERA.IS,2026-05-27,False
UNRESOLVED_NO_TRADE_OR_STALE,210.10000610351562,210.10000610351562,210.10000610351562,0,TERA.IS,2026-05-28,False
UNRESOLVED_NO_TRADE_OR_STALE,210.10000610351562,210.10000610351562,210.10000610351562,0,TERA.IS,2026-05-29,False
UNRESOLVED_NO_TRADE_OR_STALE,15.6899995803833,15.6899995803833,15.6899995803833,0,THYAO.IS,2018-01-01,False
UNRESOLVED_NO_TRADE_OR_STALE,18.239999771118164,18.239999771118164,18.239999771118164,0,THYAO.IS,2018-04-23,False
UNRESOLVED_NO_TRADE_OR_STALE,16.700000762939453,16.700000762939453,16.700000762939453,0,THYAO.IS,2018-05-01,False
UNRESOLVED_NO_TRADE_OR_STALE,12.859999656677246,12.859999656677246,12.859999656677246,0,THYAO.IS,2018-06-15,False
UNRESOLVED_NO_TRADE_OR_STALE,16.0,16.0,16.0,0,THYAO.IS,2018-08-21,False
UNRESOLVED_NO_TRADE_OR_STALE,16.0,16.0,16.0,0,THYAO.IS,2018-08-22,False
UNRESOLVED_NO_TRADE_OR_STALE,16.0,16.0,16.0,0,THYAO.IS,2018-08-23,False
UNRESOLVED_NO_TRADE_OR_STALE,16.0,16.0,16.0,0,THYAO.IS,2018-08-24,False
UNRESOLVED_NO_TRADE_OR_STALE,16.59000015258789,16.59000015258789,16.59000015258789,0,THYAO.IS,2018-08-30,False
UNRESOLVED_NO_TRADE_OR_STALE,15.510000228881836,15.510000228881836,15.510000228881836,0,THYAO.IS,2018-10-29,False
UNRESOLVED_NO_TRADE_OR_STALE,16.100000381469727,16.100000381469727,16.100000381469727,0,THYAO.IS,2019-01-01,False
UNRESOLVED_NO_TRADE_OR_STALE,13.949999809265137,13.949999809265137,13.949999809265137,0,THYAO.IS,2019-04-23,False
UNRESOLVED_NO_TRADE_OR_STALE,14.3100004196167,14.3100004196167,14.3100004196167,0,THYAO.IS,2019-05-01,False
UNRESOLVED_NO_TRADE_OR_STALE,12.4399995803833,12.4399995803833,12.4399995803833,0,THYAO.IS,2019-06-04,False
UNRESOLVED_NO_TRADE_OR_STALE,12.4399995803833,12.4399995803833,12.4399995803833,0,THYAO.IS,2019-06-05,False
UNRESOLVED_NO_TRADE_OR_STALE,12.4399995803833,12.4399995803833,12.4399995803833,0,THYAO.IS,2019-06-06,False
UNRESOLVED_NO_TRADE_OR_STALE,11.9399995803833,11.9399995803833,11.9399995803833,0,THYAO.IS,2019-07-15,False
UNRESOLVED_NO_TRADE_OR_STALE,12.149999618530273,12.149999618530273,12.149999618530273,0,THYAO.IS,2019-08-12,False
UNRESOLVED_NO_TRADE_OR_STALE,12.149999618530273,12.149999618530273,12.149999618530273,0,THYAO.IS,2019-08-13,False
UNRESOLVED_NO_TRADE_OR_STALE,12.149999618530273,12.149999618530273,12.149999618530273,0,THYAO.IS,2019-08-14,False
UNRESOLVED_NO_TRADE_OR_STALE,11.300000190734863,11.300000190734863,11.300000190734863,0,THYAO.IS,2019-08-30,False
UNRESOLVED_NO_TRADE_OR_STALE,9.970000267028809,9.970000267028809,9.970000267028809,0,THYAO.IS,2020-03-11,False
UNRESOLVED_NO_TRADE_OR_STALE,296.75,296.75,296.75,0,THYAO.IS,2026-05-27,False
UNRESOLVED_NO_TRADE_OR_STALE,296.75,296.75,296.75,0,THYAO.IS,2026-05-28,False
UNRESOLVED_NO_TRADE_OR_STALE,296.75,296.75,296.75,0,THYAO.IS,2026-05-29,False
UNRESOLVED_NO_TRADE_OR_STALE,17.0,17.0,17.0,0,TKFEN.IS,2018-01-01,False
UNRESOLVED_NO_TRADE_OR_STALE,17.0,17.0,17.0,0,TKFEN.IS,2018-04-23,False
UNRESOLVED_NO_TRADE_OR_STALE,15.380000114440918,15.380000114440918,15.380000114440918,0,TKFEN.IS,2018-05-01,False
UNRESOLVED_NO_TRADE_OR_STALE,13.609999656677246,13.609999656677246,13.609999656677246,0,TKFEN.IS,2018-06-15,False
UNRESOLVED_NO_TRADE_OR_STALE,19.760000228881836,19.760000228881836,19.760000228881836,0,TKFEN.IS,2018-08-21,False
UNRESOLVED_NO_TRADE_OR_STALE,19.760000228881836,19.760000228881836,19.760000228881836,0,TKFEN.IS,2018-08-22,False
UNRESOLVED_NO_TRADE_OR_STALE,19.760000228881836,19.760000228881836,19.760000228881836,0,TKFEN.IS,2018-08-23,False
UNRESOLVED_NO_TRADE_OR_STALE,19.760000228881836,19.760000228881836,19.760000228881836,0,TKFEN.IS,2018-08-24,False
UNRESOLVED_NO_TRADE_OR_STALE,20.780000686645508,20.780000686645508,20.780000686645508,0,TKFEN.IS,2018-08-30,False
UNRESOLVED_NO_TRADE_OR_STALE,21.479999542236328,21.479999542236328,21.479999542236328,0,TKFEN.IS,2018-10-29,False
UNRESOLVED_NO_TRADE_OR_STALE,20.1200008392334,20.1200008392334,20.1200008392334,0,TKFEN.IS,2019-01-01,False
UNRESOLVED_NO_TRADE_OR_STALE,24.700000762939453,24.700000762939453,24.700000762939453,0,TKFEN.IS,2019-04-23,False
UNRESOLVED_NO_TRADE_OR_STALE,26.540000915527344,26.540000915527344,26.540000915527344,0,TKFEN.IS,2019-05-01,False
UNRESOLVED_NO_TRADE_OR_STALE,25.860000610351562,25.860000610351562,25.860000610351562,0,TKFEN.IS,2019-06-04,False
UNRESOLVED_NO_TRADE_OR_STALE,25.860000610351562,25.860000610351562,25.860000610351562,0,TKFEN.IS,2019-06-05,False
UNRESOLVED_NO_TRADE_OR_STALE,25.860000610351562,25.860000610351562,25.860000610351562,0,TKFEN.IS,2019-06-06,False
UNRESOLVED_NO_TRADE_OR_STALE,23.84000015258789,23.84000015258789,23.84000015258789,0,TKFEN.IS,2019-07-15,False
UNRESOLVED_NO_TRADE_OR_STALE,21.8799991607666,21.8799991607666,21.8799991607666,0,TKFEN.IS,2019-08-12,False
UNRESOLVED_NO_TRADE_OR_STALE,21.8799991607666,21.8799991607666,21.8799991607666,0,TKFEN.IS,2019-08-13,False
UNRESOLVED_NO_TRADE_OR_STALE,21.8799991607666,21.8799991607666,21.8799991607666,0,TKFEN.IS,2019-08-14,False
UNRESOLVED_NO_TRADE_OR_STALE,20.799999237060547,20.799999237060547,20.799999237060547,0,TKFEN.IS,2019-08-30,False
UNRESOLVED_NO_TRADE_OR_STALE,42.68000030517578,42.68000030517578,42.68000030517578,0,TKFEN.IS,2024-04-09,False
UNRESOLVED_NO_TRADE_OR_STALE,140.8000030517578,140.8000030517578,140.8000030517578,0,TKFEN.IS,2026-05-27,False
UNRESOLVED_NO_TRADE_OR_STALE,140.8000030517578,140.8000030517578,140.8000030517578,0,TKFEN.IS,2026-05-28,False
UNRESOLVED_NO_TRADE_OR_STALE,140.8000030517578,140.8000030517578,140.8000030517578,0,TKFEN.IS,2026-05-29,False
UNRESOLVED_NO_TRADE_OR_STALE,33.02000045776367,33.02000045776367,33.02000045776367,0,TOASO.IS,2018-01-01,False
UNRESOLVED_NO_TRADE_OR_STALE,26.540000915527344,26.540000915527344,26.540000915527344,0,TOASO.IS,2018-04-23,False
UNRESOLVED_NO_TRADE_OR_STALE,24.959999084472656,24.959999084472656,24.959999084472656,0,TOASO.IS,2018-05-01,False
UNRESOLVED_NO_TRADE_OR_STALE,23.6200008392334,23.6200008392334,23.6200008392334,0,TOASO.IS,2018-06-15,False
UNRESOLVED_NO_TRADE_OR_STALE,20.940000534057617,20.940000534057617,20.940000534057617,0,TOASO.IS,2018-08-21,False
UNRESOLVED_NO_TRADE_OR_STALE,20.940000534057617,20.940000534057617,20.940000534057617,0,TOASO.IS,2018-08-22,False
UNRESOLVED_NO_TRADE_OR_STALE,20.940000534057617,20.940000534057617,20.940000534057617,0,TOASO.IS,2018-08-23,False
UNRESOLVED_NO_TRADE_OR_STALE,20.940000534057617,20.940000534057617,20.940000534057617,0,TOASO.IS,2018-08-24,False
UNRESOLVED_NO_TRADE_OR_STALE,22.440000534057617,22.440000534057617,22.440000534057617,0,TOASO.IS,2018-08-30,False
UNRESOLVED_NO_TRADE_OR_STALE,18.649999618530273,18.649999618530273,18.649999618530273,0,TOASO.IS,2018-10-29,False
UNRESOLVED_NO_TRADE_OR_STALE,16.889999389648438,16.889999389648438,16.889999389648438,0,TOASO.IS,2019-01-01,False
UNRESOLVED_NO_TRADE_OR_STALE,18.25,18.25,18.25,0,TOASO.IS,2019-04-23,False
UNRESOLVED_NO_TRADE_OR_STALE,17.979999542236328,17.979999542236328,17.979999542236328,0,TOASO.IS,2019-05-01,False
UNRESOLVED_NO_TRADE_OR_STALE,16.6200008392334,16.6200008392334,16.6200008392334,0,TOASO.IS,2019-06-04,False
UNRESOLVED_NO_TRADE_OR_STALE,16.6200008392334,16.6200008392334,16.6200008392334,0,TOASO.IS,2019-06-05,False
UNRESOLVED_NO_TRADE_OR_STALE,16.6200008392334,16.6200008392334,16.6200008392334,0,TOASO.IS,2019-06-06,False
UNRESOLVED_NO_TRADE_OR_STALE,18.31999969482422,18.31999969482422,18.31999969482422,0,TOASO.IS,2019-07-15,False
UNRESOLVED_NO_TRADE_OR_STALE,18.81999969482422,18.81999969482422,18.81999969482422,0,TOASO.IS,2019-08-12,False
UNRESOLVED_NO_TRADE_OR_STALE,18.81999969482422,18.81999969482422,18.81999969482422,0,TOASO.IS,2019-08-13,False
UNRESOLVED_NO_TRADE_OR_STALE,18.81999969482422,18.81999969482422,18.81999969482422,0,TOASO.IS,2019-08-14,False
UNRESOLVED_NO_TRADE_OR_STALE,17.559999465942383,17.559999465942383,17.559999465942383,0,TOASO.IS,2019-08-30,False
UNRESOLVED_NO_TRADE_OR_STALE,23.979999542236328,23.979999542236328,23.979999542236328,0,TOASO.IS,2020-03-11,False
UNRESOLVED_NO_TRADE_OR_STALE,296.0,296.0,296.0,0,TOASO.IS,2026-05-27,False
UNRESOLVED_NO_TRADE_OR_STALE,296.0,296.0,296.0,0,TOASO.IS,2026-05-28,False
UNRESOLVED_NO_TRADE_OR_STALE,296.0,296.0,296.0,0,TOASO.IS,2026-05-29,False
UNRESOLVED_NO_TRADE_OR_STALE,3.3299999237060547,3.3299999237060547,3.3299999237060547,0,TRGYO.IS,2018-01-01,False
UNRESOLVED_NO_TRADE_OR_STALE,2.819999933242798,2.819999933242798,2.819999933242798,0,TRGYO.IS,2018-04-23,False
UNRESOLVED_NO_TRADE_OR_STALE,2.799999952316284,2.799999952316284,2.799999952316284,0,TRGYO.IS,2018-05-01,False
UNRESOLVED_NO_TRADE_OR_STALE,2.5899999141693115,2.5899999141693115,2.5899999141693115,0,TRGYO.IS,2018-06-15,False
UNRESOLVED_NO_TRADE_OR_STALE,1.840000033378601,1.840000033378601,1.840000033378601,0,TRGYO.IS,2018-08-21,False
UNRESOLVED_NO_TRADE_OR_STALE,1.840000033378601,1.840000033378601,1.840000033378601,0,TRGYO.IS,2018-08-22,False
UNRESOLVED_NO_TRADE_OR_STALE,1.840000033378601,1.840000033378601,1.840000033378601,0,TRGYO.IS,2018-08-23,False
UNRESOLVED_NO_TRADE_OR_STALE,1.840000033378601,1.840000033378601,1.840000033378601,0,TRGYO.IS,2018-08-24,False
UNRESOLVED_NO_TRADE_OR_STALE,1.8899999856948853,1.8899999856948853,1.8899999856948853,0,TRGYO.IS,2018-08-30,False
UNRESOLVED_NO_TRADE_OR_STALE,1.5299999713897705,1.5299999713897705,1.5299999713897705,0,TRGYO.IS,2018-10-29,False
UNRESOLVED_NO_TRADE_OR_STALE,1.5,1.5,1.5,0,TRGYO.IS,2019-01-01,False
UNRESOLVED_NO_TRADE_OR_STALE,2.3299999237060547,2.3299999237060547,2.3299999237060547,0,TRGYO.IS,2019-04-23,False
UNRESOLVED_NO_TRADE_OR_STALE,2.259999990463257,2.259999990463257,2.259999990463257,0,TRGYO.IS,2019-05-01,False
UNRESOLVED_NO_TRADE_OR_STALE,1.9500000476837158,1.9500000476837158,1.9500000476837158,0,TRGYO.IS,2019-06-04,False
UNRESOLVED_NO_TRADE_OR_STALE,1.9500000476837158,1.9500000476837158,1.9500000476837158,0,TRGYO.IS,2019-06-05,False
UNRESOLVED_NO_TRADE_OR_STALE,1.9500000476837158,1.9500000476837158,1.9500000476837158,0,TRGYO.IS,2019-06-06,False
UNRESOLVED_NO_TRADE_OR_STALE,1.8600000143051147,1.8600000143051147,1.8600000143051147,0,TRGYO.IS,2019-07-15,False
UNRESOLVED_NO_TRADE_OR_STALE,1.899999976158142,1.899999976158142,1.899999976158142,0,TRGYO.IS,2019-08-12,False
UNRESOLVED_NO_TRADE_OR_STALE,1.899999976158142,1.899999976158142,1.899999976158142,0,TRGYO.IS,2019-08-13,False
UNRESOLVED_NO_TRADE_OR_STALE,1.899999976158142,1.899999976158142,1.899999976158142,0,TRGYO.IS,2019-08-14,False
UNRESOLVED_NO_TRADE_OR_STALE,1.7999999523162842,1.7999999523162842,1.7999999523162842,0,TRGYO.IS,2019-08-30,False
UNRESOLVED_NO_TRADE_OR_STALE,89.8499984741211,89.8499984741211,89.8499984741211,0,TRGYO.IS,2026-05-27,False
UNRESOLVED_NO_TRADE_OR_STALE,89.8499984741211,89.8499984741211,89.8499984741211,0,TRGYO.IS,2026-05-28,False
UNRESOLVED_NO_TRADE_OR_STALE,89.8499984741211,89.8499984741211,89.8499984741211,0,TRGYO.IS,2026-05-29,False
UNRESOLVED_NO_TRADE_OR_STALE,1.2342849969863892,1.2342849969863892,1.2342849969863892,0,TSKB.IS,2018-01-01,False
UNRESOLVED_NO_TRADE_OR_STALE,1.2342849969863892,1.2342849969863892,1.2342849969863892,0,TSKB.IS,2018-04-23,False
UNRESOLVED_NO_TRADE_OR_STALE,1.1914279460906982,1.1914279460906982,1.1914279460906982,0,TSKB.IS,2018-05-01,False
UNRESOLVED_NO_TRADE_OR_STALE,0.9700000286102295,0.9700000286102295,0.9700000286102295,0,TSKB.IS,2018-06-15,False
UNRESOLVED_NO_TRADE_OR_STALE,0.7200000286102295,0.7200000286102295,0.7200000286102295,0,TSKB.IS,2018-08-21,False
UNRESOLVED_NO_TRADE_OR_STALE,0.7200000286102295,0.7200000286102295,0.7200000286102295,0,TSKB.IS,2018-08-22,False
UNRESOLVED_NO_TRADE_OR_STALE,0.7200000286102295,0.7200000286102295,0.7200000286102295,0,TSKB.IS,2018-08-23,False
UNRESOLVED_NO_TRADE_OR_STALE,0.7200000286102295,0.7200000286102295,0.7200000286102295,0,TSKB.IS,2018-08-24,False
UNRESOLVED_NO_TRADE_OR_STALE,0.75,0.75,0.75,0,TSKB.IS,2018-08-30,False
UNRESOLVED_NO_TRADE_OR_STALE,0.7099999785423279,0.7099999785423279,0.7099999785423279,0,TSKB.IS,2018-10-29,False
UNRESOLVED_NO_TRADE_OR_STALE,0.7900000214576721,0.7900000214576721,0.7900000214576721,0,TSKB.IS,2019-01-01,False
UNRESOLVED_NO_TRADE_OR_STALE,0.7599999904632568,0.7599999904632568,0.7599999904632568,0,TSKB.IS,2019-04-23,False
UNRESOLVED_NO_TRADE_OR_STALE,0.75,0.75,0.75,0,TSKB.IS,2019-05-01,False
UNRESOLVED_NO_TRADE_OR_STALE,0.6800000071525574,0.6800000071525574,0.6800000071525574,0,TSKB.IS,2019-06-04,False
UNRESOLVED_NO_TRADE_OR_STALE,0.6800000071525574,0.6800000071525574,0.6800000071525574,0,TSKB.IS,2019-06-05,False
UNRESOLVED_NO_TRADE_OR_STALE,0.6800000071525574,0.6800000071525574,0.6800000071525574,0,TSKB.IS,2019-06-06,False
UNRESOLVED_NO_TRADE_OR_STALE,0.7900000214576721,0.7900000214576721,0.7900000214576721,0,TSKB.IS,2019-07-15,False
UNRESOLVED_NO_TRADE_OR_STALE,0.8399999737739563,0.8399999737739563,0.8399999737739563,0,TSKB.IS,2019-08-12,False
UNRESOLVED_NO_TRADE_OR_STALE,0.8399999737739563,0.8399999737739563,0.8399999737739563,0,TSKB.IS,2019-08-13,False
UNRESOLVED_NO_TRADE_OR_STALE,0.8399999737739563,0.8399999737739563,0.8399999737739563,0,TSKB.IS,2019-08-14,False
UNRESOLVED_NO_TRADE_OR_STALE,0.8399999737739563,0.8399999737739563,0.8399999737739563,0,TSKB.IS,2019-08-30,False
UNRESOLVED_NO_TRADE_OR_STALE,1.0,1.0,1.0,0,TSKB.IS,2020-03-11,False
UNRESOLVED_MISSING_VOLUME,2.549999952316284,2.549999952316284,2.0899999141693115,0,TSKB.IS,2020-10-30,True
UNRESOLVED_NO_TRADE_OR_STALE,11.079999923706055,11.079999923706055,11.079999923706055,0,TSKB.IS,2026-05-27,False
UNRESOLVED_NO_TRADE_OR_STALE,11.079999923706055,11.079999923706055,11.079999923706055,0,TSKB.IS,2026-05-28,False
UNRESOLVED_NO_TRADE_OR_STALE,11.079999923706055,11.079999923706055,11.079999923706055,0,TSKB.IS,2026-05-29,False
UNRESOLVED_NO_TRADE_OR_STALE,6.440000057220459,6.440000057220459,6.440000057220459,0,TTKOM.IS,2018-01-01,False
UNRESOLVED_NO_TRADE_OR_STALE,6.340000152587891,6.340000152587891,6.340000152587891,0,TTKOM.IS,2018-04-23,False
UNRESOLVED_NO_TRADE_OR_STALE,6.289999961853027,6.289999961853027,6.289999961853027,0,TTKOM.IS,2018-05-01,False
UNRESOLVED_NO_TRADE_OR_STALE,5.159999847412109,5.159999847412109,5.159999847412109,0,TTKOM.IS,2018-06-15,False
UNRESOLVED_NO_TRADE_OR_STALE,3.6500000953674316,3.6500000953674316,3.6500000953674316,0,TTKOM.IS,2018-08-21,False
UNRESOLVED_NO_TRADE_OR_STALE,3.6500000953674316,3.6500000953674316,3.6500000953674316,0,TTKOM.IS,2018-08-22,False
UNRESOLVED_NO_TRADE_OR_STALE,3.6500000953674316,3.6500000953674316,3.6500000953674316,0,TTKOM.IS,2018-08-23,False
UNRESOLVED_NO_TRADE_OR_STALE,3.6500000953674316,3.6500000953674316,3.6500000953674316,0,TTKOM.IS,2018-08-24,False
UNRESOLVED_NO_TRADE_OR_STALE,3.759999990463257,3.759999990463257,3.759999990463257,0,TTKOM.IS,2018-08-30,False
UNRESOLVED_NO_TRADE_OR_STALE,3.299999952316284,3.299999952316284,3.299999952316284,0,TTKOM.IS,2018-10-29,False
UNRESOLVED_NO_TRADE_OR_STALE,3.9000000953674316,3.9000000953674316,3.9000000953674316,0,TTKOM.IS,2019-01-01,False
UNRESOLVED_NO_TRADE_OR_STALE,4.420000076293945,4.420000076293945,4.420000076293945,0,TTKOM.IS,2019-04-23,False
UNRESOLVED_NO_TRADE_OR_STALE,4.230000019073486,4.230000019073486,4.230000019073486,0,TTKOM.IS,2019-05-01,False
UNRESOLVED_NO_TRADE_OR_STALE,4.619999885559082,4.619999885559082,4.619999885559082,0,TTKOM.IS,2019-06-04,False
UNRESOLVED_NO_TRADE_OR_STALE,4.619999885559082,4.619999885559082,4.619999885559082,0,TTKOM.IS,2019-06-05,False
UNRESOLVED_NO_TRADE_OR_STALE,4.619999885559082,4.619999885559082,4.619999885559082,0,TTKOM.IS,2019-06-06,False
UNRESOLVED_NO_TRADE_OR_STALE,5.28000020980835,5.28000020980835,5.28000020980835,0,TTKOM.IS,2019-07-15,False
UNRESOLVED_NO_TRADE_OR_STALE,5.639999866485596,5.639999866485596,5.639999866485596,0,TTKOM.IS,2019-08-12,False
UNRESOLVED_NO_TRADE_OR_STALE,5.639999866485596,5.639999866485596,5.639999866485596,0,TTKOM.IS,2019-08-13,False
UNRESOLVED_NO_TRADE_OR_STALE,5.639999866485596,5.639999866485596,5.639999866485596,0,TTKOM.IS,2019-08-14,False
UNRESOLVED_NO_TRADE_OR_STALE,5.28000020980835,5.28000020980835,5.28000020980835,0,TTKOM.IS,2019-08-30,False
UNRESOLVED_NO_TRADE_OR_STALE,61.25,61.25,61.25,0,TTKOM.IS,2026-05-27,False
UNRESOLVED_NO_TRADE_OR_STALE,61.25,61.25,61.25,0,TTKOM.IS,2026-05-28,False
UNRESOLVED_NO_TRADE_OR_STALE,61.25,61.25,61.25,0,TTKOM.IS,2026-05-29,False
UNRESOLVED_NO_TRADE_OR_STALE,40.53333282470703,40.53333282470703,40.53333282470703,0,TTRAK.IS,2018-01-01,False
UNRESOLVED_NO_TRADE_OR_STALE,37.54666519165039,37.54666519165039,37.54666519165039,0,TTRAK.IS,2018-04-23,False
UNRESOLVED_NO_TRADE_OR_STALE,32.106666564941406,32.106666564941406,32.106666564941406,0,TTRAK.IS,2018-05-01,False
UNRESOLVED_NO_TRADE_OR_STALE,26.399999618530273,26.399999618530273,26.399999618530273,0,TTRAK.IS,2018-06-15,False
UNRESOLVED_NO_TRADE_OR_STALE,23.957332611083984,23.957332611083984,23.957332611083984,0,TTRAK.IS,2018-08-21,False
UNRESOLVED_NO_TRADE_OR_STALE,23.957332611083984,23.957332611083984,23.957332611083984,0,TTRAK.IS,2018-08-22,False
UNRESOLVED_NO_TRADE_OR_STALE,23.957332611083984,23.957332611083984,23.957332611083984,0,TTRAK.IS,2018-08-23,False
UNRESOLVED_NO_TRADE_OR_STALE,23.957332611083984,23.957332611083984,23.957332611083984,0,TTRAK.IS,2018-08-24,False
UNRESOLVED_NO_TRADE_OR_STALE,24.757333755493164,24.757333755493164,24.757333755493164,0,TTRAK.IS,2018-08-30,False
UNRESOLVED_NO_TRADE_OR_STALE,19.498666763305664,19.498666763305664,19.498666763305664,0,TTRAK.IS,2018-10-29,False
UNRESOLVED_NO_TRADE_OR_STALE,18.50666618347168,18.50666618347168,18.50666618347168,0,TTRAK.IS,2019-01-01,False
UNRESOLVED_NO_TRADE_OR_STALE,16.256000518798828,16.256000518798828,16.256000518798828,0,TTRAK.IS,2019-04-23,False
UNRESOLVED_NO_TRADE_OR_STALE,14.805333137512207,14.805333137512207,14.805333137512207,0,TTRAK.IS,2019-05-01,False
UNRESOLVED_NO_TRADE_OR_STALE,14.687999725341797,14.687999725341797,14.687999725341797,0,TTRAK.IS,2019-06-04,False
UNRESOLVED_NO_TRADE_OR_STALE,14.687999725341797,14.687999725341797,14.687999725341797,0,TTRAK.IS,2019-06-05,False
UNRESOLVED_NO_TRADE_OR_STALE,14.687999725341797,14.687999725341797,14.687999725341797,0,TTRAK.IS,2019-06-06,False
UNRESOLVED_NO_TRADE_OR_STALE,16.170665740966797,16.170665740966797,16.170665740966797,0,TTRAK.IS,2019-07-15,False
UNRESOLVED_NO_TRADE_OR_STALE,19.84000015258789,19.84000015258789,19.84000015258789,0,TTRAK.IS,2019-08-12,False
UNRESOLVED_NO_TRADE_OR_STALE,19.84000015258789,19.84000015258789,19.84000015258789,0,TTRAK.IS,2019-08-13,False
UNRESOLVED_NO_TRADE_OR_STALE,19.84000015258789,19.84000015258789,19.84000015258789,0,TTRAK.IS,2019-08-14,False
UNRESOLVED_NO_TRADE_OR_STALE,18.442665100097656,18.442665100097656,18.442665100097656,0,TTRAK.IS,2019-08-30,False
UNRESOLVED_NO_TRADE_OR_STALE,27.466665267944336,27.466665267944336,27.466665267944336,0,TTRAK.IS,2020-03-11,False
UNRESOLVED_NO_TRADE_OR_STALE,449.25,449.25,449.25,0,TTRAK.IS,2026-05-27,False
UNRESOLVED_NO_TRADE_OR_STALE,449.25,449.25,449.25,0,TTRAK.IS,2026-05-28,False
UNRESOLVED_NO_TRADE_OR_STALE,449.25,449.25,449.25,0,TTRAK.IS,2026-05-29,False
UNRESOLVED_NO_TRADE_OR_STALE,17.357141494750977,17.357141494750977,17.357141494750977,0,TUPRS.IS,2018-01-01,False
UNRESOLVED_NO_TRADE_OR_STALE,15.300000190734863,15.300000190734863,15.300000190734863,0,TUPRS.IS,2018-04-23,False
UNRESOLVED_NO_TRADE_OR_STALE,14.714284896850586,14.714284896850586,14.714284896850586,0,TUPRS.IS,2018-05-01,False
UNRESOLVED_NO_TRADE_OR_STALE,16.0,16.0,16.0,0,TUPRS.IS,2018-06-15,False
UNRESOLVED_NO_TRADE_OR_STALE,17.64285659790039,17.64285659790039,17.64285659790039,0,TUPRS.IS,2018-08-21,False
UNRESOLVED_NO_TRADE_OR_STALE,17.64285659790039,17.64285659790039,17.64285659790039,0,TUPRS.IS,2018-08-22,False
UNRESOLVED_NO_TRADE_OR_STALE,17.64285659790039,17.64285659790039,17.64285659790039,0,TUPRS.IS,2018-08-23,False
UNRESOLVED_NO_TRADE_OR_STALE,17.64285659790039,17.64285659790039,17.64285659790039,0,TUPRS.IS,2018-08-24,False
UNRESOLVED_NO_TRADE_OR_STALE,17.542856216430664,17.542856216430664,17.542856216430664,0,TUPRS.IS,2018-08-30,False
UNRESOLVED_NO_TRADE_OR_STALE,17.94285774230957,17.94285774230957,17.94285774230957,0,TUPRS.IS,2018-10-29,False
UNRESOLVED_NO_TRADE_OR_STALE,16.64285659790039,16.64285659790039,16.64285659790039,0,TUPRS.IS,2019-01-01,False
UNRESOLVED_NO_TRADE_OR_STALE,17.94285774230957,17.94285774230957,17.94285774230957,0,TUPRS.IS,2019-04-23,False
UNRESOLVED_NO_TRADE_OR_STALE,17.600000381469727,17.600000381469727,17.600000381469727,0,TUPRS.IS,2019-05-01,False
UNRESOLVED_NO_TRADE_OR_STALE,18.357141494750977,18.357141494750977,18.357141494750977,0,TUPRS.IS,2019-06-04,False
UNRESOLVED_NO_TRADE_OR_STALE,18.357141494750977,18.357141494750977,18.357141494750977,0,TUPRS.IS,2019-06-05,False
UNRESOLVED_NO_TRADE_OR_STALE,18.357141494750977,18.357141494750977,18.357141494750977,0,TUPRS.IS,2019-06-06,False
UNRESOLVED_NO_TRADE_OR_STALE,17.700000762939453,17.700000762939453,17.700000762939453,0,TUPRS.IS,2019-07-15,False
UNRESOLVED_NO_TRADE_OR_STALE,19.371427536010742,19.371427536010742,19.371427536010742,0,TUPRS.IS,2019-08-12,False
UNRESOLVED_NO_TRADE_OR_STALE,19.371427536010742,19.371427536010742,19.371427536010742,0,TUPRS.IS,2019-08-13,False
UNRESOLVED_NO_TRADE_OR_STALE,19.371427536010742,19.371427536010742,19.371427536010742,0,TUPRS.IS,2019-08-14,False
UNRESOLVED_NO_TRADE_OR_STALE,18.0285701751709,18.0285701751709,18.0285701751709,0,TUPRS.IS,2019-08-30,False
UNRESOLVED_NO_TRADE_OR_STALE,13.221427917480469,13.221427917480469,13.221427917480469,0,TUPRS.IS,2020-03-11,False
UNRESOLVED_NO_TRADE_OR_STALE,236.1999969482422,236.1999969482422,236.1999969482422,0,TUPRS.IS,2026-05-27,False
UNRESOLVED_NO_TRADE_OR_STALE,236.1999969482422,236.1999969482422,236.1999969482422,0,TUPRS.IS,2026-05-28,False
UNRESOLVED_NO_TRADE_OR_STALE,236.1999969482422,236.1999969482422,236.1999969482422,0,TUPRS.IS,2026-05-29,False
UNRESOLVED_NO_TRADE_OR_STALE,2.2760000228881836,2.2760000228881836,2.2760000228881836,0,TUREX.IS,2023-02-08,False
UNRESOLVED_NO_TRADE_OR_STALE,4.869999885559082,4.869999885559082,4.869999885559082,0,TUREX.IS,2024-04-09,False
UNRESOLVED_NO_TRADE_OR_STALE,8.279999732971191,8.279999732971191,8.279999732971191,0,TUREX.IS,2026-05-27,False
UNRESOLVED_NO_TRADE_OR_STALE,8.279999732971191,8.279999732971191,8.279999732971191,0,TUREX.IS,2026-05-28,False
UNRESOLVED_NO_TRADE_OR_STALE,8.279999732971191,8.279999732971191,8.279999732971191,0,TUREX.IS,2026-05-29,False
UNRESOLVED_NO_TRADE_OR_STALE,0.08957599848508835,0.08957599848508835,0.08957599848508835,0,TURSG.IS,2018-01-01,False
UNRESOLVED_NO_TRADE_OR_STALE,0.09500499814748764,0.09500499814748764,0.09500499814748764,0,TURSG.IS,2018-04-23,False
UNRESOLVED_NO_TRADE_OR_STALE,0.08794700354337692,0.08794700354337692,0.08794700354337692,0,TURSG.IS,2018-05-01,False
UNRESOLVED_NO_TRADE_OR_STALE,0.07817500084638596,0.07817500084638596,0.07817500084638596,0,TURSG.IS,2018-06-15,False
UNRESOLVED_NO_TRADE_OR_STALE,0.0749180018901825,0.0749180018901825,0.0749180018901825,0,TURSG.IS,2018-08-21,False
UNRESOLVED_NO_TRADE_OR_STALE,0.0749180018901825,0.0749180018901825,0.0749180018901825,0,TURSG.IS,2018-08-22,False
UNRESOLVED_NO_TRADE_OR_STALE,0.0749180018901825,0.0749180018901825,0.0749180018901825,0,TURSG.IS,2018-08-23,False
UNRESOLVED_NO_TRADE_OR_STALE,0.0749180018901825,0.0749180018901825,0.0749180018901825,0,TURSG.IS,2018-08-24,False
UNRESOLVED_NO_TRADE_OR_STALE,0.07763200253248215,0.07763200253248215,0.07763200253248215,0,TURSG.IS,2018-08-30,False
UNRESOLVED_NO_TRADE_OR_STALE,0.07708899676799774,0.07708899676799774,0.07708899676799774,0,TURSG.IS,2018-10-29,False
UNRESOLVED_NO_TRADE_OR_STALE,0.08143199980258942,0.08143199980258942,0.08143199980258942,0,TURSG.IS,2019-01-01,False
UNRESOLVED_NO_TRADE_OR_STALE,0.08251799643039703,0.08251799643039703,0.08251799643039703,0,TURSG.IS,2019-04-23,False
UNRESOLVED_NO_TRADE_OR_STALE,0.07708899676799774,0.07708899676799774,0.07708899676799774,0,TURSG.IS,2019-05-01,False
UNRESOLVED_NO_TRADE_OR_STALE,0.05265900120139122,0.05265900120139122,0.05265900120139122,0,TURSG.IS,2019-06-04,False
UNRESOLVED_NO_TRADE_OR_STALE,0.05265900120139122,0.05265900120139122,0.05265900120139122,0,TURSG.IS,2019-06-05,False
UNRESOLVED_NO_TRADE_OR_STALE,0.05265900120139122,0.05265900120139122,0.05265900120139122,0,TURSG.IS,2019-06-06,False
UNRESOLVED_NO_TRADE_OR_STALE,0.06134599819779396,0.06134599819779396,0.06134599819779396,0,TURSG.IS,2019-07-15,False
UNRESOLVED_NO_TRADE_OR_STALE,0.07085199654102325,0.07085199654102325,0.07085199654102325,0,TURSG.IS,2019-08-12,False
UNRESOLVED_NO_TRADE_OR_STALE,0.07085199654102325,0.07085199654102325,0.07085199654102325,0,TURSG.IS,2019-08-13,False
UNRESOLVED_NO_TRADE_OR_STALE,0.07085199654102325,0.07085199654102325,0.07085199654102325,0,TURSG.IS,2019-08-14,False
UNRESOLVED_NO_TRADE_OR_STALE,0.08072499930858612,0.08072499930858612,0.08072499930858612,0,TURSG.IS,2019-08-30,False
UNRESOLVED_NO_TRADE_OR_STALE,0.12428300082683563,0.12428300082683563,0.12428300082683563,0,TURSG.IS,2020-03-11,False
UNRESOLVED_NO_TRADE_OR_STALE,0.35774898529052734,0.35774898529052734,0.35774898529052734,0,TURSG.IS,2020-09-01,False
UNRESOLVED_NO_TRADE_OR_STALE,3.472954034805298,3.472954034805298,3.472954034805298,0,TURSG.IS,2024-04-09,False
UNRESOLVED_NO_TRADE_OR_STALE,7.03000020980835,7.03000020980835,7.03000020980835,0,TURSG.IS,2026-04-23,False
UNRESOLVED_NO_TRADE_OR_STALE,7.03000020980835,7.03000020980835,7.03000020980835,0,TURSG.IS,2026-05-01,False
UNRESOLVED_NO_TRADE_OR_STALE,6.849999904632568,6.849999904632568,6.849999904632568,0,TURSG.IS,2026-05-19,False
UNRESOLVED_NO_TRADE_OR_STALE,6.309999942779541,6.309999942779541,6.309999942779541,0,TURSG.IS,2026-05-27,False
UNRESOLVED_NO_TRADE_OR_STALE,6.309999942779541,6.309999942779541,6.309999942779541,0,TURSG.IS,2026-05-28,False
UNRESOLVED_NO_TRADE_OR_STALE,6.309999942779541,6.309999942779541,6.309999942779541,0,TURSG.IS,2026-05-29,False
UNRESOLVED_NO_TRADE_OR_STALE,19.670000076293945,19.670000076293945,19.670000076293945,0,ULKER.IS,2018-01-01,False
UNRESOLVED_NO_TRADE_OR_STALE,21.18000030517578,21.18000030517578,21.18000030517578,0,ULKER.IS,2018-04-23,False
UNRESOLVED_NO_TRADE_OR_STALE,21.299999237060547,21.299999237060547,21.299999237060547,0,ULKER.IS,2018-05-01,False
UNRESOLVED_NO_TRADE_OR_STALE,17.8799991607666,17.8799991607666,17.8799991607666,0,ULKER.IS,2018-06-15,False
UNRESOLVED_NO_TRADE_OR_STALE,14.09000015258789,14.09000015258789,14.09000015258789,0,ULKER.IS,2018-08-21,False
UNRESOLVED_NO_TRADE_OR_STALE,14.09000015258789,14.09000015258789,14.09000015258789,0,ULKER.IS,2018-08-22,False
UNRESOLVED_NO_TRADE_OR_STALE,14.09000015258789,14.09000015258789,14.09000015258789,0,ULKER.IS,2018-08-23,False
UNRESOLVED_NO_TRADE_OR_STALE,14.09000015258789,14.09000015258789,14.09000015258789,0,ULKER.IS,2018-08-24,False
UNRESOLVED_NO_TRADE_OR_STALE,14.979999542236328,14.979999542236328,14.979999542236328,0,ULKER.IS,2018-08-30,False
UNRESOLVED_NO_TRADE_OR_STALE,14.15999984741211,14.15999984741211,14.15999984741211,0,ULKER.IS,2018-10-29,False
UNRESOLVED_NO_TRADE_OR_STALE,14.5,14.5,14.5,0,ULKER.IS,2019-01-01,False
UNRESOLVED_NO_TRADE_OR_STALE,19.200000762939453,19.200000762939453,19.200000762939453,0,ULKER.IS,2019-04-23,False
UNRESOLVED_NO_TRADE_OR_STALE,19.139999389648438,19.139999389648438,19.139999389648438,0,ULKER.IS,2019-05-01,False
UNRESOLVED_NO_TRADE_OR_STALE,19.18000030517578,19.18000030517578,19.18000030517578,0,ULKER.IS,2019-06-04,False
UNRESOLVED_NO_TRADE_OR_STALE,19.18000030517578,19.18000030517578,19.18000030517578,0,ULKER.IS,2019-06-05,False
UNRESOLVED_NO_TRADE_OR_STALE,19.18000030517578,19.18000030517578,19.18000030517578,0,ULKER.IS,2019-06-06,False
UNRESOLVED_NO_TRADE_OR_STALE,17.649999618530273,17.649999618530273,17.649999618530273,0,ULKER.IS,2019-07-15,False
UNRESOLVED_NO_TRADE_OR_STALE,18.229999542236328,18.229999542236328,18.229999542236328,0,ULKER.IS,2019-08-12,False
UNRESOLVED_NO_TRADE_OR_STALE,18.229999542236328,18.229999542236328,18.229999542236328,0,ULKER.IS,2019-08-13,False
UNRESOLVED_NO_TRADE_OR_STALE,18.229999542236328,18.229999542236328,18.229999542236328,0,ULKER.IS,2019-08-14,False
UNRESOLVED_NO_TRADE_OR_STALE,17.979999542236328,17.979999542236328,17.979999542236328,0,ULKER.IS,2019-08-30,False
UNRESOLVED_NO_TRADE_OR_STALE,20.34000015258789,20.34000015258789,20.34000015258789,0,ULKER.IS,2020-03-11,False
UNRESOLVED_NO_TRADE_OR_STALE,115.80000305175781,115.80000305175781,115.80000305175781,0,ULKER.IS,2026-05-27,False
UNRESOLVED_NO_TRADE_OR_STALE,115.80000305175781,115.80000305175781,115.80000305175781,0,ULKER.IS,2026-05-28,False
UNRESOLVED_NO_TRADE_OR_STALE,115.80000305175781,115.80000305175781,115.80000305175781,0,ULKER.IS,2026-05-29,False
UNRESOLVED_NO_TRADE_OR_STALE,6.769999980926514,6.769999980926514,6.769999980926514,0,VAKBN.IS,2018-01-01,False
UNRESOLVED_NO_TRADE_OR_STALE,6.320000171661377,6.320000171661377,6.320000171661377,0,VAKBN.IS,2018-04-23,False
UNRESOLVED_NO_TRADE_OR_STALE,5.980000019073486,5.980000019073486,5.980000019073486,0,VAKBN.IS,2018-05-01,False
UNRESOLVED_NO_TRADE_OR_STALE,4.889999866485596,4.889999866485596,4.889999866485596,0,VAKBN.IS,2018-06-15,False
UNRESOLVED_NO_TRADE_OR_STALE,3.440000057220459,3.440000057220459,3.440000057220459,0,VAKBN.IS,2018-08-21,False
UNRESOLVED_NO_TRADE_OR_STALE,3.440000057220459,3.440000057220459,3.440000057220459,0,VAKBN.IS,2018-08-22,False
UNRESOLVED_NO_TRADE_OR_STALE,3.440000057220459,3.440000057220459,3.440000057220459,0,VAKBN.IS,2018-08-23,False
UNRESOLVED_NO_TRADE_OR_STALE,3.440000057220459,3.440000057220459,3.440000057220459,0,VAKBN.IS,2018-08-24,False
UNRESOLVED_NO_TRADE_OR_STALE,3.549999952316284,3.549999952316284,3.549999952316284,0,VAKBN.IS,2018-08-30,False
UNRESOLVED_NO_TRADE_OR_STALE,3.359999895095825,3.359999895095825,3.359999895095825,0,VAKBN.IS,2018-10-29,False
UNRESOLVED_NO_TRADE_OR_STALE,3.9000000953674316,3.9000000953674316,3.9000000953674316,0,VAKBN.IS,2019-01-01,False
UNRESOLVED_NO_TRADE_OR_STALE,4.199999809265137,4.199999809265137,4.199999809265137,0,VAKBN.IS,2019-04-23,False
UNRESOLVED_NO_TRADE_OR_STALE,4.03000020980835,4.03000020980835,4.03000020980835,0,VAKBN.IS,2019-05-01,False
UNRESOLVED_NO_TRADE_OR_STALE,3.630000114440918,3.630000114440918,3.630000114440918,0,VAKBN.IS,2019-06-04,False
UNRESOLVED_NO_TRADE_OR_STALE,3.630000114440918,3.630000114440918,3.630000114440918,0,VAKBN.IS,2019-06-05,False
UNRESOLVED_NO_TRADE_OR_STALE,3.630000114440918,3.630000114440918,3.630000114440918,0,VAKBN.IS,2019-06-06,False
UNRESOLVED_NO_TRADE_OR_STALE,4.71999979019165,4.71999979019165,4.71999979019165,0,VAKBN.IS,2019-07-15,False
UNRESOLVED_NO_TRADE_OR_STALE,4.75,4.75,4.75,0,VAKBN.IS,2019-08-12,False
UNRESOLVED_NO_TRADE_OR_STALE,4.75,4.75,4.75,0,VAKBN.IS,2019-08-13,False
UNRESOLVED_NO_TRADE_OR_STALE,4.75,4.75,4.75,0,VAKBN.IS,2019-08-14,False
UNRESOLVED_NO_TRADE_OR_STALE,4.630000114440918,4.630000114440918,4.630000114440918,0,VAKBN.IS,2019-08-30,False
UNRESOLVED_NO_TRADE_OR_STALE,5.03000020980835,5.03000020980835,5.03000020980835,0,VAKBN.IS,2020-03-11,False
UNRESOLVED_NO_TRADE_OR_STALE,30.84000015258789,30.84000015258789,30.84000015258789,0,VAKBN.IS,2026-05-27,False
UNRESOLVED_NO_TRADE_OR_STALE,30.84000015258789,30.84000015258789,30.84000015258789,0,VAKBN.IS,2026-05-28,False
UNRESOLVED_NO_TRADE_OR_STALE,30.84000015258789,30.84000015258789,30.84000015258789,0,VAKBN.IS,2026-05-29,False
UNRESOLVED_NO_TRADE_OR_STALE,7.570000171661377,7.570000171661377,7.570000171661377,0,VESTL.IS,2018-01-01,False
UNRESOLVED_NO_TRADE_OR_STALE,10.319999694824219,10.319999694824219,10.319999694824219,0,VESTL.IS,2018-04-23,False
UNRESOLVED_NO_TRADE_OR_STALE,9.90999984741211,9.90999984741211,9.90999984741211,0,VESTL.IS,2018-05-01,False
UNRESOLVED_NO_TRADE_OR_STALE,8.539999961853027,8.539999961853027,8.539999961853027,0,VESTL.IS,2018-06-15,False
UNRESOLVED_NO_TRADE_OR_STALE,8.430000305175781,8.430000305175781,8.430000305175781,0,VESTL.IS,2018-08-21,False
UNRESOLVED_NO_TRADE_OR_STALE,8.430000305175781,8.430000305175781,8.430000305175781,0,VESTL.IS,2018-08-22,False
UNRESOLVED_NO_TRADE_OR_STALE,8.430000305175781,8.430000305175781,8.430000305175781,0,VESTL.IS,2018-08-23,False
UNRESOLVED_NO_TRADE_OR_STALE,8.430000305175781,8.430000305175781,8.430000305175781,0,VESTL.IS,2018-08-24,False
UNRESOLVED_NO_TRADE_OR_STALE,8.75,8.75,8.75,0,VESTL.IS,2018-08-30,False
UNRESOLVED_NO_TRADE_OR_STALE,6.96999979019165,6.96999979019165,6.96999979019165,0,VESTL.IS,2018-10-29,False
UNRESOLVED_NO_TRADE_OR_STALE,5.539999961853027,5.539999961853027,5.539999961853027,0,VESTL.IS,2019-01-01,False
UNRESOLVED_NO_TRADE_OR_STALE,12.40999984741211,12.40999984741211,12.40999984741211,0,VESTL.IS,2019-04-23,False
UNRESOLVED_NO_TRADE_OR_STALE,12.0,12.0,12.0,0,VESTL.IS,2019-05-01,False
UNRESOLVED_NO_TRADE_OR_STALE,9.239999771118164,9.239999771118164,9.239999771118164,0,VESTL.IS,2019-06-04,False
UNRESOLVED_NO_TRADE_OR_STALE,9.239999771118164,9.239999771118164,9.239999771118164,0,VESTL.IS,2019-06-05,False
UNRESOLVED_NO_TRADE_OR_STALE,9.239999771118164,9.239999771118164,9.239999771118164,0,VESTL.IS,2019-06-06,False
UNRESOLVED_NO_TRADE_OR_STALE,9.75,9.75,9.75,0,VESTL.IS,2019-07-15,False
UNRESOLVED_NO_TRADE_OR_STALE,10.069999694824219,10.069999694824219,10.069999694824219,0,VESTL.IS,2019-08-12,False
UNRESOLVED_NO_TRADE_OR_STALE,10.069999694824219,10.069999694824219,10.069999694824219,0,VESTL.IS,2019-08-13,False
UNRESOLVED_NO_TRADE_OR_STALE,10.069999694824219,10.069999694824219,10.069999694824219,0,VESTL.IS,2019-08-14,False
UNRESOLVED_NO_TRADE_OR_STALE,10.989999771118164,10.989999771118164,10.989999771118164,0,VESTL.IS,2019-08-30,False
UNRESOLVED_NO_TRADE_OR_STALE,11.399999618530273,11.399999618530273,11.399999618530273,0,VESTL.IS,2020-03-11,False
UNRESOLVED_NO_TRADE_OR_STALE,26.360000610351562,26.360000610351562,26.360000610351562,0,VESTL.IS,2026-05-27,False
UNRESOLVED_NO_TRADE_OR_STALE,26.360000610351562,26.360000610351562,26.360000610351562,0,VESTL.IS,2026-05-28,False
UNRESOLVED_NO_TRADE_OR_STALE,26.360000610351562,26.360000610351562,26.360000610351562,0,VESTL.IS,2026-05-29,False
UNRESOLVED_MISSING_VOLUME,968.614013671875,972.9310302734375,967.375,0,XU100.IS,2019-04-19,True
UNRESOLVED_MISSING_VOLUME,4505.2998046875,4505.2998046875,4186.0,0,XU100.IS,2023-02-08,True
UNRESOLVED_NO_TRADE_OR_STALE,2.795207977294922,2.795207977294922,2.795207977294922,0,YKBNK.IS,2018-01-01,False
UNRESOLVED_NO_TRADE_OR_STALE,2.7565650939941406,2.7565650939941406,2.7565650939941406,0,YKBNK.IS,2018-04-23,False
UNRESOLVED_NO_TRADE_OR_STALE,2.563347101211548,2.563347101211548,2.563347101211548,0,YKBNK.IS,2018-05-01,False
UNRESOLVED_NO_TRADE_OR_STALE,2.3299999237060547,2.3299999237060547,2.3299999237060547,0,YKBNK.IS,2018-06-15,False
UNRESOLVED_NO_TRADE_OR_STALE,1.7100000381469727,1.7100000381469727,1.7100000381469727,0,YKBNK.IS,2018-08-21,False
UNRESOLVED_NO_TRADE_OR_STALE,1.7100000381469727,1.7100000381469727,1.7100000381469727,0,YKBNK.IS,2018-08-22,False
UNRESOLVED_NO_TRADE_OR_STALE,1.7100000381469727,1.7100000381469727,1.7100000381469727,0,YKBNK.IS,2018-08-23,False
UNRESOLVED_NO_TRADE_OR_STALE,1.7100000381469727,1.7100000381469727,1.7100000381469727,0,YKBNK.IS,2018-08-24,False
UNRESOLVED_NO_TRADE_OR_STALE,1.7400000095367432,1.7400000095367432,1.7400000095367432,0,YKBNK.IS,2018-08-30,False
UNRESOLVED_NO_TRADE_OR_STALE,1.6100000143051147,1.6100000143051147,1.6100000143051147,0,YKBNK.IS,2018-10-29,False
UNRESOLVED_NO_TRADE_OR_STALE,1.6100000143051147,1.6100000143051147,1.6100000143051147,0,YKBNK.IS,2019-01-01,False
UNRESOLVED_NO_TRADE_OR_STALE,2.200000047683716,2.200000047683716,2.200000047683716,0,YKBNK.IS,2019-04-23,False
UNRESOLVED_NO_TRADE_OR_STALE,2.0799999237060547,2.0799999237060547,2.0799999237060547,0,YKBNK.IS,2019-05-01,False
UNRESOLVED_NO_TRADE_OR_STALE,2.0,2.0,2.0,0,YKBNK.IS,2019-06-04,False
UNRESOLVED_NO_TRADE_OR_STALE,2.0,2.0,2.0,0,YKBNK.IS,2019-06-05,False
UNRESOLVED_NO_TRADE_OR_STALE,2.0,2.0,2.0,0,YKBNK.IS,2019-06-06,False
UNRESOLVED_NO_TRADE_OR_STALE,2.4600000381469727,2.4600000381469727,2.4600000381469727,0,YKBNK.IS,2019-07-15,False
UNRESOLVED_NO_TRADE_OR_STALE,2.6700000762939453,2.6700000762939453,2.6700000762939453,0,YKBNK.IS,2019-08-12,False
UNRESOLVED_NO_TRADE_OR_STALE,2.6700000762939453,2.6700000762939453,2.6700000762939453,0,YKBNK.IS,2019-08-13,False
UNRESOLVED_NO_TRADE_OR_STALE,2.6700000762939453,2.6700000762939453,2.6700000762939453,0,YKBNK.IS,2019-08-14,False
UNRESOLVED_NO_TRADE_OR_STALE,2.299999952316284,2.299999952316284,2.299999952316284,0,YKBNK.IS,2019-08-30,False
UNRESOLVED_NO_TRADE_OR_STALE,2.259999990463257,2.259999990463257,2.259999990463257,0,YKBNK.IS,2020-03-11,False
UNRESOLVED_MISSING_VOLUME,8.279999732971191,8.600000381469727,7.840000152587891,0,YKBNK.IS,2022-09-06,True
UNRESOLVED_NO_TRADE_OR_STALE,33.15999984741211,33.15999984741211,33.15999984741211,0,YKBNK.IS,2026-05-27,False
UNRESOLVED_NO_TRADE_OR_STALE,33.15999984741211,33.15999984741211,33.15999984741211,0,YKBNK.IS,2026-05-28,False
UNRESOLVED_NO_TRADE_OR_STALE,33.15999984741211,33.15999984741211,33.15999984741211,0,YKBNK.IS,2026-05-29,False
