legacy_observation_id,ticker,financial_period,field,xbrl_code,raw_field_label,raw_value,raw_unit,normalized_value,normalized_unit,semantic_class,semantic_confidence,first_notification_id,missing_official,derivation_predecessor_period
AEFES.IS:2018Q1,AEFES.IS,2018Q1,revenue,ifrs-full_Revenue,ifrs-full_Revenue|,2764121.0,1.000 TL,2764121000.0,TRY,FLOW_YTD,HIGH,681646.0,False,
AEFES.IS:2018Q1,AEFES.IS,2018Q1,operating_profit,ifrs-full_ProfitLossFromOperatingActivities,ifrs-full_ProfitLossFromOperatingActivities|http://www.mkk.com.tr/2015/role/standartCapitalsLabel,65042.0,1.000 TL,65042000.0,TRY,FLOW_YTD,PARTIAL,681646.0,False,
AEFES.IS:2018Q1,AEFES.IS,2018Q1,ebitda,,,,1.000 TL,,,FLOW_YTD,PARTIAL,681646.0,True,
AEFES.IS:2018Q1,AEFES.IS,2018Q1,net_income,ifrs-full_ProfitLoss,ifrs-full_ProfitLoss|http://www.mkk.com.tr/2015/role/standartCapitalsLabel,-147642.0,1.000 TL,-147642000.0,TRY,FLOW_YTD,HIGH,681646.0,False,
AEFES.IS:2018Q1,AEFES.IS,2018Q1,equity,ifrs-full_Equity,ifrs-full_Equity|http://www.xbrl.org/2003/role/totalLabel,20369622.0,1.000 TL,20369622000.0,TRY,BALANCE_SHEET_POINT_IN_TIME,HIGH,681646.0,False,
AEFES.IS:2018Q1,AEFES.IS,2018Q1,cfo,ifrs-full_CashFlowsFromUsedInOperatingActivities,ifrs-full_CashFlowsFromUsedInOperatingActivities|http://www.mkk.com.tr/2015/role/alternativeTotalLabel,107612.0,1.000 TL,107612000.0,TRY,FLOW_YTD,PARTIAL,681646.0,False,
AEFES.IS:2018Q1,AEFES.IS,2018Q1,investing_cash_flow,ifrs-full_CashFlowsFromUsedInInvestingActivities,ifrs-full_CashFlowsFromUsedInInvestingActivities|http://www.mkk.com.tr/2015/role/alternativeTotalLabel,-269756.0,1.000 TL,-269756000.0,TRY,FLOW_YTD,PARTIAL,681646.0,False,
AEFES.IS:2018Q1,AEFES.IS,2018Q1,fcf,DERIVED,DERIVED_CFO_PLUS_INVESTING_CASH_FLOW,,1.000 TL,-162144000.0,TRY,FLOW_YTD,PARTIAL,681646.0,False,
AEFES.IS:2018Q2,AEFES.IS,2018Q2,revenue,ifrs-full_Revenue,ifrs-full_Revenue|,8213697.0,1.000 TL,8213697000.0,TRY,FLOW_YTD,HIGH,702260.0,False,
AEFES.IS:2018Q2,AEFES.IS,2018Q2,operating_profit,ifrs-full_ProfitLossFromOperatingActivities,ifrs-full_ProfitLossFromOperatingActivities|http://www.mkk.com.tr/2015/role/standartCapitalsLabel,682925.0,1.000 TL,682925000.0,TRY,FLOW_YTD,PARTIAL,702260.0,False,
AEFES.IS:2018Q2,AEFES.IS,2018Q2,ebitda,,,,1.000 TL,,,FLOW_YTD,PARTIAL,702260.0,True,
AEFES.IS:2018Q2,AEFES.IS,2018Q2,net_income,ifrs-full_ProfitLoss,ifrs-full_ProfitLoss|http://www.mkk.com.tr/2015/role/standartCapitalsLabel,86626.0,1.000 TL,86626000.0,TRY,FLOW_YTD,HIGH,702260.0,False,
AEFES.IS:2018Q2,AEFES.IS,2018Q2,equity,ifrs-full_Equity,ifrs-full_Equity|http://www.xbrl.org/2003/role/totalLabel,21695410.0,1.000 TL,21695410000.0,TRY,BALANCE_SHEET_POINT_IN_TIME,HIGH,702260.0,False,
AEFES.IS:2018Q2,AEFES.IS,2018Q2,cfo,ifrs-full_CashFlowsFromUsedInOperatingActivities,ifrs-full_CashFlowsFromUsedInOperatingActivities|http://www.mkk.com.tr/2015/role/alternativeTotalLabel,823754.0,1.000 TL,823754000.0,TRY,FLOW_YTD,PARTIAL,702260.0,False,
AEFES.IS:2018Q2,AEFES.IS,2018Q2,investing_cash_flow,ifrs-full_CashFlowsFromUsedInInvestingActivities,ifrs-full_CashFlowsFromUsedInInvestingActivities|http://www.mkk.com.tr/2015/role/alternativeTotalLabel,-533738.0,1.000 TL,-533738000.0,TRY,FLOW_YTD,PARTIAL,702260.0,False,
AEFES.IS:2018Q2,AEFES.IS,2018Q2,fcf,DERIVED,DERIVED_CFO_PLUS_INVESTING_CASH_FLOW,,1.000 TL,290016000.0,TRY,FLOW_YTD,PARTIAL,702260.0,False,
AEFES.IS:2018Q3,AEFES.IS,2018Q3,revenue,ifrs-full_Revenue,ifrs-full_Revenue|,14643726.0,1.000 TL,14643726000.0,TRY,FLOW_YTD,HIGH,718047.0,False,
AEFES.IS:2018Q3,AEFES.IS,2018Q3,operating_profit,ifrs-full_ProfitLossFromOperatingActivities,ifrs-full_ProfitLossFromOperatingActivities|http://www.mkk.com.tr/2015/role/standartCapitalsLabel,1438172.0,1.000 TL,1438172000.0,TRY,FLOW_YTD,PARTIAL,718047.0,False,
AEFES.IS:2018Q3,AEFES.IS,2018Q3,ebitda,,,,1.000 TL,,,FLOW_YTD,PARTIAL,718047.0,True,
AEFES.IS:2018Q3,AEFES.IS,2018Q3,net_income,ifrs-full_ProfitLoss,ifrs-full_ProfitLoss|http://www.mkk.com.tr/2015/role/standartCapitalsLabel,92869.0,1.000 TL,92869000.0,TRY,FLOW_YTD,HIGH,718047.0,False,
AEFES.IS:2018Q3,AEFES.IS,2018Q3,equity,ifrs-full_Equity,ifrs-full_Equity|http://www.xbrl.org/2003/role/totalLabel,25990458.0,1.000 TL,25990458000.0,TRY,BALANCE_SHEET_POINT_IN_TIME,HIGH,718047.0,False,
AEFES.IS:2018Q3,AEFES.IS,2018Q3,cfo,ifrs-full_CashFlowsFromUsedInOperatingActivities,ifrs-full_CashFlowsFromUsedInOperatingActivities|http://www.mkk.com.tr/2015/role/alternativeTotalLabel,2580762.0,1.000 TL,2580762000.0,TRY,FLOW_YTD,PARTIAL,718047.0,False,
AEFES.IS:2018Q3,AEFES.IS,2018Q3,investing_cash_flow,ifrs-full_CashFlowsFromUsedInInvestingActivities,ifrs-full_CashFlowsFromUsedInInvestingActivities|http://www.mkk.com.tr/2015/role/alternativeTotalLabel,-830878.0,1.000 TL,-830878000.0,TRY,FLOW_YTD,PARTIAL,718047.0,False,
AEFES.IS:2018Q3,AEFES.IS,2018Q3,fcf,DERIVED,DERIVED_CFO_PLUS_INVESTING_CASH_FLOW,,1.000 TL,1749884000.0,TRY,FLOW_YTD,PARTIAL,718047.0,False,
AEFES.IS:2018Q4,AEFES.IS,2018Q4,revenue,ifrs-full_Revenue,ifrs-full_Revenue|,18689686.0,1.000 TL,18689686000.0,TRY,FLOW_ANNUAL,HIGH,743546.0,False,
AEFES.IS:2018Q4,AEFES.IS,2018Q4,operating_profit,ifrs-full_ProfitLossFromOperatingActivities,ifrs-full_ProfitLossFromOperatingActivities|http://www.mkk.com.tr/2015/role/standartCapitalsLabel,1605960.0,1.000 TL,1605960000.0,TRY,FLOW_ANNUAL,PARTIAL,743546.0,False,
AEFES.IS:2018Q4,AEFES.IS,2018Q4,ebitda,,,,1.000 TL,,,FLOW_ANNUAL,PARTIAL,743546.0,True,
AEFES.IS:2018Q4,AEFES.IS,2018Q4,net_income,ifrs-full_ProfitLoss,ifrs-full_ProfitLoss|http://www.mkk.com.tr/2015/role/standartCapitalsLabel,315110.0,1.000 TL,315110000.0,TRY,FLOW_ANNUAL,HIGH,743546.0,False,
AEFES.IS:2018Q4,AEFES.IS,2018Q4,equity,ifrs-full_Equity,ifrs-full_Equity|http://www.xbrl.org/2003/role/totalLabel,21334006.0,1.000 TL,21334006000.0,TRY,BALANCE_SHEET_POINT_IN_TIME,HIGH,743546.0,False,
AEFES.IS:2018Q4,AEFES.IS,2018Q4,cfo,ifrs-full_CashFlowsFromUsedInOperatingActivities,ifrs-full_CashFlowsFromUsedInOperatingActivities|http://www.mkk.com.tr/2015/role/alternativeTotalLabel,2818246.0,1.000 TL,2818246000.0,TRY,FLOW_ANNUAL,PARTIAL,743546.0,False,
AEFES.IS:2018Q4,AEFES.IS,2018Q4,investing_cash_flow,ifrs-full_CashFlowsFromUsedInInvestingActivities,ifrs-full_CashFlowsFromUsedInInvestingActivities|http://www.mkk.com.tr/2015/role/alternativeTotalLabel,-1372787.0,1.000 TL,-1372787000.0,TRY,FLOW_ANNUAL,PARTIAL,743546.0,False,
AEFES.IS:2018Q4,AEFES.IS,2018Q4,fcf,DERIVED,DERIVED_CFO_PLUS_INVESTING_CASH_FLOW,,1.000 TL,1445459000.0,TRY,FLOW_ANNUAL,PARTIAL,743546.0,False,
AEFES.IS:2019Q1,AEFES.IS,2019Q1,revenue,ifrs-full_Revenue,ifrs-full_Revenue|,3968649.0,1.000 TL,3968649000.0,TRY,FLOW_YTD,HIGH,762358.0,False,
AEFES.IS:2019Q1,AEFES.IS,2019Q1,operating_profit,ifrs-full_ProfitLossFromOperatingActivities,ifrs-full_ProfitLossFromOperatingActivities|http://www.mkk.com.tr/2015/role/standartCapitalsLabel,-47033.0,1.000 TL,-47033000.0,TRY,FLOW_YTD,PARTIAL,762358.0,False,
AEFES.IS:2019Q1,AEFES.IS,2019Q1,ebitda,,,,1.000 TL,,,FLOW_YTD,PARTIAL,762358.0,True,
AEFES.IS:2019Q1,AEFES.IS,2019Q1,net_income,ifrs-full_ProfitLoss,ifrs-full_ProfitLoss|http://www.mkk.com.tr/2015/role/standartCapitalsLabel,-336387.0,1.000 TL,-336387000.0,TRY,FLOW_YTD,HIGH,762358.0,False,
AEFES.IS:2019Q1,AEFES.IS,2019Q1,equity,ifrs-full_Equity,ifrs-full_Equity|http://www.xbrl.org/2003/role/totalLabel,22453053.0,1.000 TL,22453053000.0,TRY,BALANCE_SHEET_POINT_IN_TIME,HIGH,762358.0,False,
AEFES.IS:2019Q1,AEFES.IS,2019Q1,cfo,ifrs-full_CashFlowsFromUsedInOperatingActivities,ifrs-full_CashFlowsFromUsedInOperatingActivities|http://www.mkk.com.tr/2015/role/alternativeTotalLabel,227252.0,1.000 TL,227252000.0,TRY,FLOW_YTD,PARTIAL,762358.0,False,
AEFES.IS:2019Q1,AEFES.IS,2019Q1,investing_cash_flow,ifrs-full_CashFlowsFromUsedInInvestingActivities,ifrs-full_CashFlowsFromUsedInInvestingActivities|http://www.mkk.com.tr/2015/role/alternativeTotalLabel,-304601.0,1.000 TL,-304601000.0,TRY,FLOW_YTD,PARTIAL,762358.0,False,
AEFES.IS:2019Q1,AEFES.IS,2019Q1,fcf,DERIVED,DERIVED_CFO_PLUS_INVESTING_CASH_FLOW,,1.000 TL,-77349000.0,TRY,FLOW_YTD,PARTIAL,762358.0,False,
AEFES.IS:2019Q2,AEFES.IS,2019Q2,revenue,ifrs-full_Revenue,ifrs-full_Revenue|,11133367.0,1.000 TL,11133367000.0,TRY,FLOW_YTD,HIGH,780765.0,False,
AEFES.IS:2019Q2,AEFES.IS,2019Q2,operating_profit,ifrs-full_ProfitLossFromOperatingActivities,ifrs-full_ProfitLossFromOperatingActivities|http://www.mkk.com.tr/2015/role/standartCapitalsLabel,836452.0,1.000 TL,836452000.0,TRY,FLOW_YTD,PARTIAL,780765.0,False,
AEFES.IS:2019Q2,AEFES.IS,2019Q2,ebitda,,,,1.000 TL,,,FLOW_YTD,PARTIAL,780765.0,True,
AEFES.IS:2019Q2,AEFES.IS,2019Q2,net_income,ifrs-full_ProfitLoss,ifrs-full_ProfitLoss|http://www.mkk.com.tr/2015/role/standartCapitalsLabel,280638.0,1.000 TL,280638000.0,TRY,FLOW_YTD,HIGH,780765.0,False,
AEFES.IS:2019Q2,AEFES.IS,2019Q2,equity,ifrs-full_Equity,ifrs-full_Equity|http://www.xbrl.org/2003/role/totalLabel,22703567.0,1.000 TL,22703567000.0,TRY,BALANCE_SHEET_POINT_IN_TIME,HIGH,780765.0,False,
AEFES.IS:2019Q2,AEFES.IS,2019Q2,cfo,ifrs-full_CashFlowsFromUsedInOperatingActivities,ifrs-full_CashFlowsFromUsedInOperatingActivities|http://www.mkk.com.tr/2015/role/alternativeTotalLabel,1733809.0,1.000 TL,1733809000.0,TRY,FLOW_YTD,PARTIAL,780765.0,False,
AEFES.IS:2019Q2,AEFES.IS,2019Q2,investing_cash_flow,ifrs-full_CashFlowsFromUsedInInvestingActivities,ifrs-full_CashFlowsFromUsedInInvestingActivities|http://www.mkk.com.tr/2015/role/alternativeTotalLabel,-887908.0,1.000 TL,-887908000.0,TRY,FLOW_YTD,PARTIAL,780765.0,False,
AEFES.IS:2019Q2,AEFES.IS,2019Q2,fcf,DERIVED,DERIVED_CFO_PLUS_INVESTING_CASH_FLOW,,1.000 TL,845901000.0,TRY,FLOW_YTD,PARTIAL,780765.0,False,
AEFES.IS:2019Q3,AEFES.IS,2019Q3,revenue,ifrs-full_Revenue,ifrs-full_Revenue|,18231396.0,1.000 TL,18231396000.0,TRY,FLOW_YTD,HIGH,796754.0,False,
AEFES.IS:2019Q3,AEFES.IS,2019Q3,operating_profit,ifrs-full_ProfitLossFromOperatingActivities,ifrs-full_ProfitLossFromOperatingActivities|http://www.mkk.com.tr/2015/role/standartCapitalsLabel,1826391.0,1.000 TL,1826391000.0,TRY,FLOW_YTD,PARTIAL,796754.0,False,
AEFES.IS:2019Q3,AEFES.IS,2019Q3,ebitda,,,,1.000 TL,,,FLOW_YTD,PARTIAL,796754.0,True,
AEFES.IS:2019Q3,AEFES.IS,2019Q3,net_income,ifrs-full_ProfitLoss,ifrs-full_ProfitLoss|http://www.mkk.com.tr/2015/role/standartCapitalsLabel,1169882.0,1.000 TL,1169882000.0,TRY,FLOW_YTD,HIGH,796754.0,False,
AEFES.IS:2019Q3,AEFES.IS,2019Q3,equity,ifrs-full_Equity,ifrs-full_Equity|http://www.xbrl.org/2003/role/totalLabel,22821899.0,1.000 TL,22821899000.0,TRY,BALANCE_SHEET_POINT_IN_TIME,HIGH,796754.0,False,
AEFES.IS:2019Q3,AEFES.IS,2019Q3,cfo,ifrs-full_CashFlowsFromUsedInOperatingActivities,ifrs-full_CashFlowsFromUsedInOperatingActivities|http://www.mkk.com.tr/2015/role/alternativeTotalLabel,3048060.0,1.000 TL,3048060000.0,TRY,FLOW_YTD,PARTIAL,796754.0,False,
AEFES.IS:2019Q3,AEFES.IS,2019Q3,investing_cash_flow,ifrs-full_CashFlowsFromUsedInInvestingActivities,ifrs-full_CashFlowsFromUsedInInvestingActivities|http://www.mkk.com.tr/2015/role/alternativeTotalLabel,-1277405.0,1.000 TL,-1277405000.0,TRY,FLOW_YTD,PARTIAL,796754.0,False,
AEFES.IS:2019Q3,AEFES.IS,2019Q3,fcf,DERIVED,DERIVED_CFO_PLUS_INVESTING_CASH_FLOW,,1.000 TL,1770655000.0,TRY,FLOW_YTD,PARTIAL,796754.0,False,
AEFES.IS:2019Q4,AEFES.IS,2019Q4,revenue,ifrs-full_Revenue,ifrs-full_Revenue|,23313811.0,1.000 TL,23313811000.0,TRY,FLOW_ANNUAL,HIGH,822265.0,False,
AEFES.IS:2019Q4,AEFES.IS,2019Q4,operating_profit,ifrs-full_ProfitLossFromOperatingActivities,ifrs-full_ProfitLossFromOperatingActivities|http://www.mkk.com.tr/2015/role/standartCapitalsLabel,2233745.0,1.000 TL,2233745000.0,TRY,FLOW_ANNUAL,PARTIAL,822265.0,False,
AEFES.IS:2019Q4,AEFES.IS,2019Q4,ebitda,,,,1.000 TL,,,FLOW_ANNUAL,PARTIAL,822265.0,True,
AEFES.IS:2019Q4,AEFES.IS,2019Q4,net_income,ifrs-full_ProfitLoss,ifrs-full_ProfitLoss|http://www.mkk.com.tr/2015/role/standartCapitalsLabel,1295937.0,1.000 TL,1295937000.0,TRY,FLOW_ANNUAL,HIGH,822265.0,False,
AEFES.IS:2019Q4,AEFES.IS,2019Q4,equity,ifrs-full_Equity,ifrs-full_Equity|http://www.xbrl.org/2003/role/totalLabel,24173412.0,1.000 TL,24173412000.0,TRY,BALANCE_SHEET_POINT_IN_TIME,HIGH,822265.0,False,
AEFES.IS:2019Q4,AEFES.IS,2019Q4,cfo,ifrs-full_CashFlowsFromUsedInOperatingActivities,ifrs-full_CashFlowsFromUsedInOperatingActivities|http://www.mkk.com.tr/2015/role/alternativeTotalLabel,4157114.0,1.000 TL,4157114000.0,TRY,FLOW_ANNUAL,PARTIAL,822265.0,False,
AEFES.IS:2019Q4,AEFES.IS,2019Q4,investing_cash_flow,ifrs-full_CashFlowsFromUsedInInvestingActivities,ifrs-full_CashFlowsFromUsedInInvestingActivities|http://www.mkk.com.tr/2015/role/alternativeTotalLabel,-1526174.0,1.000 TL,-1526174000.0,TRY,FLOW_ANNUAL,PARTIAL,822265.0,False,
AEFES.IS:2019Q4,AEFES.IS,2019Q4,fcf,DERIVED,DERIVED_CFO_PLUS_INVESTING_CASH_FLOW,,1.000 TL,2630940000.0,TRY,FLOW_ANNUAL,PARTIAL,822265.0,False,
AEFES.IS:2020Q1,AEFES.IS,2020Q1,revenue,ifrs-full_Revenue,ifrs-full_Revenue|,4513520.0,1.000 TL,4513520000.0,TRY,FLOW_YTD,HIGH,843158.0,False,
AEFES.IS:2020Q1,AEFES.IS,2020Q1,operating_profit,ifrs-full_ProfitLossFromOperatingActivities,ifrs-full_ProfitLossFromOperatingActivities|http://www.mkk.com.tr/2015/role/standartCapitalsLabel,-294459.0,1.000 TL,-294459000.0,TRY,FLOW_YTD,PARTIAL,843158.0,False,
AEFES.IS:2020Q1,AEFES.IS,2020Q1,ebitda,,,,1.000 TL,,,FLOW_YTD,PARTIAL,843158.0,True,
AEFES.IS:2020Q1,AEFES.IS,2020Q1,net_income,ifrs-full_ProfitLoss,ifrs-full_ProfitLoss|http://www.mkk.com.tr/2015/role/standartCapitalsLabel,-263870.0,1.000 TL,-263870000.0,TRY,FLOW_YTD,HIGH,843158.0,False,
AEFES.IS:2020Q1,AEFES.IS,2020Q1,equity,ifrs-full_Equity,ifrs-full_Equity|http://www.xbrl.org/2003/role/totalLabel,22161771.0,1.000 TL,22161771000.0,TRY,BALANCE_SHEET_POINT_IN_TIME,HIGH,843158.0,False,
AEFES.IS:2020Q1,AEFES.IS,2020Q1,cfo,ifrs-full_CashFlowsFromUsedInOperatingActivities,ifrs-full_CashFlowsFromUsedInOperatingActivities|http://www.mkk.com.tr/2015/role/alternativeTotalLabel,-563605.0,1.000 TL,-563605000.0,TRY,FLOW_YTD,PARTIAL,843158.0,False,
AEFES.IS:2020Q1,AEFES.IS,2020Q1,investing_cash_flow,ifrs-full_CashFlowsFromUsedInInvestingActivities,ifrs-full_CashFlowsFromUsedInInvestingActivities|http://www.mkk.com.tr/2015/role/alternativeTotalLabel,-448568.0,1.000 TL,-448568000.0,TRY,FLOW_YTD,PARTIAL,843158.0,False,
AEFES.IS:2020Q1,AEFES.IS,2020Q1,fcf,DERIVED,DERIVED_CFO_PLUS_INVESTING_CASH_FLOW,,1.000 TL,-1012173000.0,TRY,FLOW_YTD,PARTIAL,843158.0,False,
AEFES.IS:2020Q2,AEFES.IS,2020Q2,revenue,ifrs-full_Revenue,ifrs-full_Revenue|,11583735.0,1.000 TL,11583735000.0,TRY,FLOW_YTD,HIGH,868468.0,False,
AEFES.IS:2020Q2,AEFES.IS,2020Q2,operating_profit,ifrs-full_ProfitLossFromOperatingActivities,ifrs-full_ProfitLossFromOperatingActivities|http://www.mkk.com.tr/2015/role/standartCapitalsLabel,733881.0,1.000 TL,733881000.0,TRY,FLOW_YTD,PARTIAL,868468.0,False,
AEFES.IS:2020Q2,AEFES.IS,2020Q2,ebitda,,,,1.000 TL,,,FLOW_YTD,PARTIAL,868468.0,True,
AEFES.IS:2020Q2,AEFES.IS,2020Q2,net_income,ifrs-full_ProfitLoss,ifrs-full_ProfitLoss|http://www.mkk.com.tr/2015/role/standartCapitalsLabel,382267.0,1.000 TL,382267000.0,TRY,FLOW_YTD,HIGH,868468.0,False,
AEFES.IS:2020Q2,AEFES.IS,2020Q2,equity,ifrs-full_Equity,ifrs-full_Equity|http://www.xbrl.org/2003/role/totalLabel,24780277.0,1.000 TL,24780277000.0,TRY,BALANCE_SHEET_POINT_IN_TIME,HIGH,868468.0,False,
AEFES.IS:2020Q2,AEFES.IS,2020Q2,cfo,ifrs-full_CashFlowsFromUsedInOperatingActivities,ifrs-full_CashFlowsFromUsedInOperatingActivities|http://www.mkk.com.tr/2015/role/alternativeTotalLabel,2046233.0,1.000 TL,2046233000.0,TRY,FLOW_YTD,PARTIAL,868468.0,False,
AEFES.IS:2020Q2,AEFES.IS,2020Q2,investing_cash_flow,ifrs-full_CashFlowsFromUsedInInvestingActivities,ifrs-full_CashFlowsFromUsedInInvestingActivities|http://www.mkk.com.tr/2015/role/alternativeTotalLabel,-880967.0,1.000 TL,-880967000.0,TRY,FLOW_YTD,PARTIAL,868468.0,False,
AEFES.IS:2020Q2,AEFES.IS,2020Q2,fcf,DERIVED,DERIVED_CFO_PLUS_INVESTING_CASH_FLOW,,1.000 TL,1165266000.0,TRY,FLOW_YTD,PARTIAL,868468.0,False,
AEFES.IS:2020Q3,AEFES.IS,2020Q3,revenue,ifrs-full_Revenue,ifrs-full_Revenue|,20323648.0,1.000 TL,20323648000.0,TRY,FLOW_YTD,HIGH,886436.0,False,
AEFES.IS:2020Q3,AEFES.IS,2020Q3,operating_profit,ifrs-full_ProfitLossFromOperatingActivities,ifrs-full_ProfitLossFromOperatingActivities|http://www.mkk.com.tr/2015/role/standartCapitalsLabel,2210282.0,1.000 TL,2210282000.0,TRY,FLOW_YTD,PARTIAL,886436.0,False,
AEFES.IS:2020Q3,AEFES.IS,2020Q3,ebitda,,,,1.000 TL,,,FLOW_YTD,PARTIAL,886436.0,True,
AEFES.IS:2020Q3,AEFES.IS,2020Q3,net_income,ifrs-full_ProfitLoss,ifrs-full_ProfitLoss|http://www.mkk.com.tr/2015/role/standartCapitalsLabel,1349891.0,1.000 TL,1349891000.0,TRY,FLOW_YTD,HIGH,886436.0,False,
AEFES.IS:2020Q3,AEFES.IS,2020Q3,equity,ifrs-full_Equity,ifrs-full_Equity|http://www.xbrl.org/2003/role/totalLabel,25692897.0,1.000 TL,25692897000.0,TRY,BALANCE_SHEET_POINT_IN_TIME,HIGH,886436.0,False,
AEFES.IS:2020Q3,AEFES.IS,2020Q3,cfo,ifrs-full_CashFlowsFromUsedInOperatingActivities,ifrs-full_CashFlowsFromUsedInOperatingActivities|http://www.mkk.com.tr/2015/role/alternativeTotalLabel,4402418.0,1.000 TL,4402418000.0,TRY,FLOW_YTD,PARTIAL,886436.0,False,
AEFES.IS:2020Q3,AEFES.IS,2020Q3,investing_cash_flow,ifrs-full_CashFlowsFromUsedInInvestingActivities,ifrs-full_CashFlowsFromUsedInInvestingActivities|http://www.mkk.com.tr/2015/role/alternativeTotalLabel,-1189482.0,1.000 TL,-1189482000.0,TRY,FLOW_YTD,PARTIAL,886436.0,False,
AEFES.IS:2020Q3,AEFES.IS,2020Q3,fcf,DERIVED,DERIVED_CFO_PLUS_INVESTING_CASH_FLOW,,1.000 TL,3212936000.0,TRY,FLOW_YTD,PARTIAL,886436.0,False,
AEFES.IS:2020Q4,AEFES.IS,2020Q4,revenue,ifrs-full_Revenue,ifrs-full_Revenue|,26742693.0,1.000 TL,26742693000.0,TRY,FLOW_ANNUAL,HIGH,913168.0,False,
AEFES.IS:2020Q4,AEFES.IS,2020Q4,operating_profit,ifrs-full_ProfitLossFromOperatingActivities,ifrs-full_ProfitLossFromOperatingActivities|http://www.mkk.com.tr/2015/role/standartCapitalsLabel,2717199.0,1.000 TL,2717199000.0,TRY,FLOW_ANNUAL,PARTIAL,913168.0,False,
AEFES.IS:2020Q4,AEFES.IS,2020Q4,ebitda,,,,1.000 TL,,,FLOW_ANNUAL,PARTIAL,913168.0,True,
AEFES.IS:2020Q4,AEFES.IS,2020Q4,net_income,ifrs-full_ProfitLoss,ifrs-full_ProfitLoss|http://www.mkk.com.tr/2015/role/standartCapitalsLabel,1452910.0,1.000 TL,1452910000.0,TRY,FLOW_ANNUAL,HIGH,913168.0,False,
AEFES.IS:2020Q4,AEFES.IS,2020Q4,equity,ifrs-full_Equity,ifrs-full_Equity|http://www.xbrl.org/2003/role/totalLabel,25014728.0,1.000 TL,25014728000.0,TRY,BALANCE_SHEET_POINT_IN_TIME,HIGH,913168.0,False,
AEFES.IS:2020Q4,AEFES.IS,2020Q4,cfo,ifrs-full_CashFlowsFromUsedInOperatingActivities,ifrs-full_CashFlowsFromUsedInOperatingActivities|http://www.mkk.com.tr/2015/role/alternativeTotalLabel,4956927.0,1.000 TL,4956927000.0,TRY,FLOW_ANNUAL,PARTIAL,913168.0,False,
AEFES.IS:2020Q4,AEFES.IS,2020Q4,investing_cash_flow,ifrs-full_CashFlowsFromUsedInInvestingActivities,ifrs-full_CashFlowsFromUsedInInvestingActivities|http://www.mkk.com.tr/2015/role/alternativeTotalLabel,-1515021.0,1.000 TL,-1515021000.0,TRY,FLOW_ANNUAL,PARTIAL,913168.0,False,
AEFES.IS:2020Q4,AEFES.IS,2020Q4,fcf,DERIVED,DERIVED_CFO_PLUS_INVESTING_CASH_FLOW,,1.000 TL,3441906000.0,TRY,FLOW_ANNUAL,PARTIAL,913168.0,False,
AEFES.IS:2021Q1,AEFES.IS,2021Q1,revenue,ifrs-full_Revenue,ifrs-full_Revenue|,6159333.0,1.000 TL,6159333000.0,TRY,FLOW_YTD,HIGH,934813.0,False,
AEFES.IS:2021Q1,AEFES.IS,2021Q1,operating_profit,ifrs-full_ProfitLossFromOperatingActivities,ifrs-full_ProfitLossFromOperatingActivities|http://www.mkk.com.tr/2015/role/standartCapitalsLabel,105975.0,1.000 TL,105975000.0,TRY,FLOW_YTD,PARTIAL,934813.0,False,
AEFES.IS:2021Q1,AEFES.IS,2021Q1,ebitda,,,,1.000 TL,,,FLOW_YTD,PARTIAL,934813.0,True,
AEFES.IS:2021Q1,AEFES.IS,2021Q1,net_income,ifrs-full_ProfitLoss,ifrs-full_ProfitLoss|http://www.mkk.com.tr/2015/role/standartCapitalsLabel,416618.0,1.000 TL,416618000.0,TRY,FLOW_YTD,HIGH,934813.0,False,
AEFES.IS:2021Q1,AEFES.IS,2021Q1,equity,ifrs-full_Equity,ifrs-full_Equity|http://www.xbrl.org/2003/role/totalLabel,27124148.0,1.000 TL,27124148000.0,TRY,BALANCE_SHEET_POINT_IN_TIME,HIGH,934813.0,False,
AEFES.IS:2021Q1,AEFES.IS,2021Q1,cfo,ifrs-full_CashFlowsFromUsedInOperatingActivities,ifrs-full_CashFlowsFromUsedInOperatingActivities|http://www.mkk.com.tr/2015/role/alternativeTotalLabel,352790.0,1.000 TL,352790000.0,TRY,FLOW_YTD,PARTIAL,934813.0,False,
AEFES.IS:2021Q1,AEFES.IS,2021Q1,investing_cash_flow,ifrs-full_CashFlowsFromUsedInInvestingActivities,ifrs-full_CashFlowsFromUsedInInvestingActivities|http://www.mkk.com.tr/2015/role/alternativeTotalLabel,-434566.0,1.000 TL,-434566000.0,TRY,FLOW_YTD,PARTIAL,934813.0,False,
AEFES.IS:2021Q1,AEFES.IS,2021Q1,fcf,DERIVED,DERIVED_CFO_PLUS_INVESTING_CASH_FLOW,,1.000 TL,-81776000.0,TRY,FLOW_YTD,PARTIAL,934813.0,False,
AEFES.IS:2021Q2,AEFES.IS,2021Q2,revenue,ifrs-full_Revenue,ifrs-full_Revenue|,16546562.0,1.000 TL,16546562000.0,TRY,FLOW_YTD,HIGH,957808.0,False,
AEFES.IS:2021Q2,AEFES.IS,2021Q2,operating_profit,ifrs-full_ProfitLossFromOperatingActivities,ifrs-full_ProfitLossFromOperatingActivities|http://www.mkk.com.tr/2015/role/standartCapitalsLabel,1596589.0,1.000 TL,1596589000.0,TRY,FLOW_YTD,PARTIAL,957808.0,False,
AEFES.IS:2021Q2,AEFES.IS,2021Q2,ebitda,,,,1.000 TL,,,FLOW_YTD,PARTIAL,957808.0,True,
AEFES.IS:2021Q2,AEFES.IS,2021Q2,net_income,ifrs-full_ProfitLoss,ifrs-full_ProfitLoss|http://www.mkk.com.tr/2015/role/standartCapitalsLabel,1336207.0,1.000 TL,1336207000.0,TRY,FLOW_YTD,HIGH,957808.0,False,
AEFES.IS:2021Q2,AEFES.IS,2021Q2,equity,ifrs-full_Equity,ifrs-full_Equity|http://www.xbrl.org/2003/role/totalLabel,27704083.0,1.000 TL,27704083000.0,TRY,BALANCE_SHEET_POINT_IN_TIME,HIGH,957808.0,False,
AEFES.IS:2021Q2,AEFES.IS,2021Q2,cfo,ifrs-full_CashFlowsFromUsedInOperatingActivities,ifrs-full_CashFlowsFromUsedInOperatingActivities|http://www.mkk.com.tr/2015/role/alternativeTotalLabel,3380859.0,1.000 TL,3380859000.0,TRY,FLOW_YTD,PARTIAL,957808.0,False,
AEFES.IS:2021Q2,AEFES.IS,2021Q2,investing_cash_flow,ifrs-full_CashFlowsFromUsedInInvestingActivities,ifrs-full_CashFlowsFromUsedInInvestingActivities|http://www.mkk.com.tr/2015/role/alternativeTotalLabel,-1112527.0,1.000 TL,-1112527000.0,TRY,FLOW_YTD,PARTIAL,957808.0,False,
AEFES.IS:2021Q2,AEFES.IS,2021Q2,fcf,DERIVED,DERIVED_CFO_PLUS_INVESTING_CASH_FLOW,,1.000 TL,2268332000.0,TRY,FLOW_YTD,PARTIAL,957808.0,False,
AEFES.IS:2021Q3,AEFES.IS,2021Q3,revenue,ifrs-full_Revenue,ifrs-full_Revenue|,28333587.0,1.000 TL,28333587000.0,TRY,FLOW_YTD,HIGH,974935.0,False,
AEFES.IS:2021Q3,AEFES.IS,2021Q3,operating_profit,ifrs-full_ProfitLossFromOperatingActivities,ifrs-full_ProfitLossFromOperatingActivities|http://www.mkk.com.tr/2015/role/standartCapitalsLabel,3373888.0,1.000 TL,3373888000.0,TRY,FLOW_YTD,PARTIAL,974935.0,False,
AEFES.IS:2021Q3,AEFES.IS,2021Q3,ebitda,,,,1.000 TL,,,FLOW_YTD,PARTIAL,974935.0,True,
AEFES.IS:2021Q3,AEFES.IS,2021Q3,net_income,ifrs-full_ProfitLoss,ifrs-full_ProfitLoss|http://www.mkk.com.tr/2015/role/standartCapitalsLabel,2425557.0,1.000 TL,2425557000.0,TRY,FLOW_YTD,HIGH,974935.0,False,
AEFES.IS:2021Q3,AEFES.IS,2021Q3,equity,ifrs-full_Equity,ifrs-full_Equity|http://www.xbrl.org/2003/role/totalLabel,29333268.0,1.000 TL,29333268000.0,TRY,BALANCE_SHEET_POINT_IN_TIME,HIGH,974935.0,False,
AEFES.IS:2021Q3,AEFES.IS,2021Q3,cfo,ifrs-full_CashFlowsFromUsedInOperatingActivities,ifrs-full_CashFlowsFromUsedInOperatingActivities|http://www.mkk.com.tr/2015/role/alternativeTotalLabel,6448420.0,1.000 TL,6448420000.0,TRY,FLOW_YTD,PARTIAL,974935.0,False,
AEFES.IS:2021Q3,AEFES.IS,2021Q3,investing_cash_flow,ifrs-full_CashFlowsFromUsedInInvestingActivities,ifrs-full_CashFlowsFromUsedInInvestingActivities|http://www.mkk.com.tr/2015/role/alternativeTotalLabel,-3544505.0,1.000 TL,-3544505000.0,TRY,FLOW_YTD,PARTIAL,974935.0,False,
AEFES.IS:2021Q3,AEFES.IS,2021Q3,fcf,DERIVED,DERIVED_CFO_PLUS_INVESTING_CASH_FLOW,,1.000 TL,2903915000.0,TRY,FLOW_YTD,PARTIAL,974935.0,False,
AEFES.IS:2021Q4,AEFES.IS,2021Q4,revenue,ifrs-full_Revenue,ifrs-full_Revenue|,39296008.0,1.000 TL,39296008000.0,TRY,FLOW_ANNUAL,HIGH,1003922.0,False,
AEFES.IS:2021Q4,AEFES.IS,2021Q4,operating_profit,ifrs-full_ProfitLossFromOperatingActivities,ifrs-full_ProfitLossFromOperatingActivities|http://www.mkk.com.tr/2015/role/standartCapitalsLabel,4385568.0,1.000 TL,4385568000.0,TRY,FLOW_ANNUAL,PARTIAL,1003922.0,False,
AEFES.IS:2021Q4,AEFES.IS,2021Q4,ebitda,,,,1.000 TL,,,FLOW_ANNUAL,PARTIAL,1003922.0,True,
AEFES.IS:2021Q4,AEFES.IS,2021Q4,net_income,ifrs-full_ProfitLoss,ifrs-full_ProfitLoss|http://www.mkk.com.tr/2015/role/standartCapitalsLabel,2367266.0,1.000 TL,2367266000.0,TRY,FLOW_ANNUAL,HIGH,1003922.0,False,
AEFES.IS:2021Q4,AEFES.IS,2021Q4,equity,ifrs-full_Equity,ifrs-full_Equity|http://www.xbrl.org/2003/role/totalLabel,39332493.0,1.000 TL,39332493000.0,TRY,BALANCE_SHEET_POINT_IN_TIME,HIGH,1003922.0,False,
AEFES.IS:2021Q4,AEFES.IS,2021Q4,cfo,ifrs-full_CashFlowsFromUsedInOperatingActivities,ifrs-full_CashFlowsFromUsedInOperatingActivities|http://www.mkk.com.tr/2015/role/alternativeTotalLabel,8072534.0,1.000 TL,8072534000.0,TRY,FLOW_ANNUAL,PARTIAL,1003922.0,False,
AEFES.IS:2021Q4,AEFES.IS,2021Q4,investing_cash_flow,ifrs-full_CashFlowsFromUsedInInvestingActivities,ifrs-full_CashFlowsFromUsedInInvestingActivities|http://www.mkk.com.tr/2015/role/alternativeTotalLabel,-5789734.0,1.000 TL,-5789734000.0,TRY,FLOW_ANNUAL,PARTIAL,1003922.0,False,
AEFES.IS:2021Q4,AEFES.IS,2021Q4,fcf,DERIVED,DERIVED_CFO_PLUS_INVESTING_CASH_FLOW,,1.000 TL,2282800000.0,TRY,FLOW_ANNUAL,PARTIAL,1003922.0,False,
AEFES.IS:2022Q1,AEFES.IS,2022Q1,revenue,ifrs-full_Revenue,ifrs-full_Revenue|,13768962.0,1.000 TL,13768962000.0,TRY,FLOW_YTD,HIGH,1028045.0,False,
AEFES.IS:2022Q1,AEFES.IS,2022Q1,operating_profit,ifrs-full_ProfitLossFromOperatingActivities,ifrs-full_ProfitLossFromOperatingActivities|http://www.mkk.com.tr/2015/role/standartCapitalsLabel,671557.0,1.000 TL,671557000.0,TRY,FLOW_YTD,PARTIAL,1028045.0,False,
AEFES.IS:2022Q1,AEFES.IS,2022Q1,ebitda,,,,1.000 TL,,,FLOW_YTD,PARTIAL,1028045.0,True,
AEFES.IS:2022Q1,AEFES.IS,2022Q1,net_income,ifrs-full_ProfitLoss,ifrs-full_ProfitLoss|http://www.mkk.com.tr/2015/role/standartCapitalsLabel,-209790.0,1.000 TL,-209790000.0,TRY,FLOW_YTD,HIGH,1028045.0,False,
AEFES.IS:2022Q1,AEFES.IS,2022Q1,equity,ifrs-full_Equity,ifrs-full_Equity|http://www.xbrl.org/2003/role/totalLabel,40220641.0,1.000 TL,40220641000.0,TRY,BALANCE_SHEET_POINT_IN_TIME,HIGH,1028045.0,False,
AEFES.IS:2022Q1,AEFES.IS,2022Q1,cfo,ifrs-full_CashFlowsFromUsedInOperatingActivities,ifrs-full_CashFlowsFromUsedInOperatingActivities|http://www.mkk.com.tr/2015/role/alternativeTotalLabel,774412.0,1.000 TL,774412000.0,TRY,FLOW_YTD,PARTIAL,1028045.0,False,
AEFES.IS:2022Q1,AEFES.IS,2022Q1,investing_cash_flow,ifrs-full_CashFlowsFromUsedInInvestingActivities,ifrs-full_CashFlowsFromUsedInInvestingActivities|http://www.mkk.com.tr/2015/role/alternativeTotalLabel,-1522503.0,1.000 TL,-1522503000.0,TRY,FLOW_YTD,PARTIAL,1028045.0,False,
AEFES.IS:2022Q1,AEFES.IS,2022Q1,fcf,DERIVED,DERIVED_CFO_PLUS_INVESTING_CASH_FLOW,,1.000 TL,-748091000.0,TRY,FLOW_YTD,PARTIAL,1028045.0,False,
AEFES.IS:2022Q2,AEFES.IS,2022Q2,revenue,ifrs-full_Revenue,ifrs-full_Revenue|,38304686.0,1.000 TL,38304686000.0,TRY,FLOW_YTD,HIGH,1054378.0,False,
AEFES.IS:2022Q2,AEFES.IS,2022Q2,operating_profit,ifrs-full_ProfitLossFromOperatingActivities,ifrs-full_ProfitLossFromOperatingActivities|http://www.mkk.com.tr/2015/role/standartCapitalsLabel,5325274.0,1.000 TL,5325274000.0,TRY,FLOW_YTD,PARTIAL,1054378.0,False,
AEFES.IS:2022Q2,AEFES.IS,2022Q2,ebitda,,,,1.000 TL,,,FLOW_YTD,PARTIAL,1054378.0,True,
AEFES.IS:2022Q2,AEFES.IS,2022Q2,net_income,ifrs-full_ProfitLoss,ifrs-full_ProfitLoss|http://www.mkk.com.tr/2015/role/standartCapitalsLabel,2258929.0,1.000 TL,2258929000.0,TRY,FLOW_YTD,HIGH,1054378.0,False,
AEFES.IS:2022Q2,AEFES.IS,2022Q2,equity,ifrs-full_Equity,ifrs-full_Equity|http://www.xbrl.org/2003/role/totalLabel,56268766.0,1.000 TL,56268766000.0,TRY,BALANCE_SHEET_POINT_IN_TIME,HIGH,1054378.0,False,
AEFES.IS:2022Q2,AEFES.IS,2022Q2,cfo,ifrs-full_CashFlowsFromUsedInOperatingActivities,ifrs-full_CashFlowsFromUsedInOperatingActivities|http://www.mkk.com.tr/2015/role/alternativeTotalLabel,7778679.0,1.000 TL,7778679000.0,TRY,FLOW_YTD,PARTIAL,1054378.0,False,
AEFES.IS:2022Q2,AEFES.IS,2022Q2,investing_cash_flow,ifrs-full_CashFlowsFromUsedInInvestingActivities,ifrs-full_CashFlowsFromUsedInInvestingActivities|http://www.mkk.com.tr/2015/role/alternativeTotalLabel,-2591244.0,1.000 TL,-2591244000.0,TRY,FLOW_YTD,PARTIAL,1054378.0,False,
AEFES.IS:2022Q2,AEFES.IS,2022Q2,fcf,DERIVED,DERIVED_CFO_PLUS_INVESTING_CASH_FLOW,,1.000 TL,5187435000.0,TRY,FLOW_YTD,PARTIAL,1054378.0,False,
AEFES.IS:2022Q3,AEFES.IS,2022Q3,revenue,ifrs-full_Revenue,ifrs-full_Revenue|,68071927.0,1.000 TL,68071927000.0,TRY,FLOW_YTD,HIGH,1076388.0,False,
AEFES.IS:2022Q3,AEFES.IS,2022Q3,operating_profit,ifrs-full_ProfitLossFromOperatingActivities,ifrs-full_ProfitLossFromOperatingActivities|http://www.mkk.com.tr/2015/role/standartCapitalsLabel,10778914.0,1.000 TL,10778914000.0,TRY,FLOW_YTD,PARTIAL,1076388.0,False,
AEFES.IS:2022Q3,AEFES.IS,2022Q3,ebitda,,,,1.000 TL,,,FLOW_YTD,PARTIAL,1076388.0,True,
AEFES.IS:2022Q3,AEFES.IS,2022Q3,net_income,ifrs-full_ProfitLoss,ifrs-full_ProfitLoss|http://www.mkk.com.tr/2015/role/standartCapitalsLabel,5427065.0,1.000 TL,5427065000.0,TRY,FLOW_YTD,HIGH,1076388.0,False,
AEFES.IS:2022Q3,AEFES.IS,2022Q3,equity,ifrs-full_Equity,ifrs-full_Equity|http://www.xbrl.org/2003/role/totalLabel,61376976.0,1.000 TL,61376976000.0,TRY,BALANCE_SHEET_POINT_IN_TIME,HIGH,1076388.0,False,
AEFES.IS:2022Q3,AEFES.IS,2022Q3,cfo,ifrs-full_CashFlowsFromUsedInOperatingActivities,ifrs-full_CashFlowsFromUsedInOperatingActivities|http://www.mkk.com.tr/2015/role/alternativeTotalLabel,11451803.0,1.000 TL,11451803000.0,TRY,FLOW_YTD,PARTIAL,1076388.0,False,
AEFES.IS:2022Q3,AEFES.IS,2022Q3,investing_cash_flow,ifrs-full_CashFlowsFromUsedInInvestingActivities,ifrs-full_CashFlowsFromUsedInInvestingActivities|http://www.mkk.com.tr/2015/role/alternativeTotalLabel,-3863290.0,1.000 TL,-3863290000.0,TRY,FLOW_YTD,PARTIAL,1076388.0,False,
AEFES.IS:2022Q3,AEFES.IS,2022Q3,fcf,DERIVED,DERIVED_CFO_PLUS_INVESTING_CASH_FLOW,,1.000 TL,7588513000.0,TRY,FLOW_YTD,PARTIAL,1076388.0,False,
AEFES.IS:2022Q4,AEFES.IS,2022Q4,revenue,ifrs-full_Revenue,ifrs-full_Revenue|,90504179.0,1.000 TL,90504179000.0,TRY,FLOW_ANNUAL,HIGH,1117868.0,False,
AEFES.IS:2022Q4,AEFES.IS,2022Q4,operating_profit,ifrs-full_ProfitLossFromOperatingActivities,ifrs-full_ProfitLossFromOperatingActivities|http://www.mkk.com.tr/2015/role/standartCapitalsLabel,12634392.0,1.000 TL,12634392000.0,TRY,FLOW_ANNUAL,PARTIAL,1117868.0,False,
AEFES.IS:2022Q4,AEFES.IS,2022Q4,ebitda,,,,1.000 TL,,,FLOW_ANNUAL,PARTIAL,1117868.0,True,
AEFES.IS:2022Q4,AEFES.IS,2022Q4,net_income,ifrs-full_ProfitLoss,ifrs-full_ProfitLoss|http://www.mkk.com.tr/2015/role/standartCapitalsLabel,6041289.0,1.000 TL,6041289000.0,TRY,FLOW_ANNUAL,HIGH,1117868.0,False,
AEFES.IS:2022Q4,AEFES.IS,2022Q4,equity,ifrs-full_Equity,ifrs-full_Equity|http://www.xbrl.org/2003/role/totalLabel,56581845.0,1.000 TL,56581845000.0,TRY,BALANCE_SHEET_POINT_IN_TIME,HIGH,1117868.0,False,
AEFES.IS:2022Q4,AEFES.IS,2022Q4,cfo,ifrs-full_CashFlowsFromUsedInOperatingActivities,ifrs-full_CashFlowsFromUsedInOperatingActivities|http://www.mkk.com.tr/2015/role/alternativeTotalLabel,12770288.0,1.000 TL,12770288000.0,TRY,FLOW_ANNUAL,PARTIAL,1117868.0,False,
AEFES.IS:2022Q4,AEFES.IS,2022Q4,investing_cash_flow,ifrs-full_CashFlowsFromUsedInInvestingActivities,ifrs-full_CashFlowsFromUsedInInvestingActivities|http://www.mkk.com.tr/2015/role/alternativeTotalLabel,-5669553.0,1.000 TL,-5669553000.0,TRY,FLOW_ANNUAL,PARTIAL,1117868.0,False,
AEFES.IS:2022Q4,AEFES.IS,2022Q4,fcf,DERIVED,DERIVED_CFO_PLUS_INVESTING_CASH_FLOW,,1.000 TL,7100735000.0,TRY,FLOW_ANNUAL,PARTIAL,1117868.0,False,
AEFES.IS:2023Q1,AEFES.IS,2023Q1,revenue,ifrs-full_Revenue,ifrs-full_Revenue|,24566127.0,1.000 TL,24566127000.0,TRY,FLOW_YTD,HIGH,1146553.0,False,
AEFES.IS:2023Q1,AEFES.IS,2023Q1,operating_profit,ifrs-full_ProfitLossFromOperatingActivities,ifrs-full_ProfitLossFromOperatingActivities|http://www.mkk.com.tr/2015/role/standartCapitalsLabel,2799379.0,1.000 TL,2799379000.0,TRY,FLOW_YTD,PARTIAL,1146553.0,False,
AEFES.IS:2023Q1,AEFES.IS,2023Q1,ebitda,,,,1.000 TL,,,FLOW_YTD,PARTIAL,1146553.0,True,
AEFES.IS:2023Q1,AEFES.IS,2023Q1,net_income,ifrs-full_ProfitLoss,ifrs-full_ProfitLoss|http://www.mkk.com.tr/2015/role/standartCapitalsLabel,1272781.0,1.000 TL,1272781000.0,TRY,FLOW_YTD,HIGH,1146553.0,False,
AEFES.IS:2023Q1,AEFES.IS,2023Q1,equity,ifrs-full_Equity,ifrs-full_Equity|http://www.xbrl.org/2003/role/totalLabel,56254565.0,1.000 TL,56254565000.0,TRY,BALANCE_SHEET_POINT_IN_TIME,HIGH,1146553.0,False,
AEFES.IS:2023Q1,AEFES.IS,2023Q1,cfo,ifrs-full_CashFlowsFromUsedInOperatingActivities,ifrs-full_CashFlowsFromUsedInOperatingActivities|http://www.mkk.com.tr/2015/role/alternativeTotalLabel,366289.0,1.000 TL,366289000.0,TRY,FLOW_YTD,PARTIAL,1146553.0,False,
AEFES.IS:2023Q1,AEFES.IS,2023Q1,investing_cash_flow,ifrs-full_CashFlowsFromUsedInInvestingActivities,ifrs-full_CashFlowsFromUsedInInvestingActivities|http://www.mkk.com.tr/2015/role/alternativeTotalLabel,-2416261.0,1.000 TL,-2416261000.0,TRY,FLOW_YTD,PARTIAL,1146553.0,False,
AEFES.IS:2023Q1,AEFES.IS,2023Q1,fcf,DERIVED,DERIVED_CFO_PLUS_INVESTING_CASH_FLOW,,1.000 TL,-2049972000.0,TRY,FLOW_YTD,PARTIAL,1146553.0,False,
AEFES.IS:2023Q2,AEFES.IS,2023Q2,revenue,ifrs-full_Revenue,ifrs-full_Revenue|,62568114.0,1.000 TL,62568114000.0,TRY,FLOW_YTD,HIGH,1182359.0,False,
AEFES.IS:2023Q2,AEFES.IS,2023Q2,operating_profit,ifrs-full_ProfitLossFromOperatingActivities,ifrs-full_ProfitLossFromOperatingActivities|http://www.mkk.com.tr/2015/role/standartCapitalsLabel,9708593.0,1.000 TL,9708593000.0,TRY,FLOW_YTD,PARTIAL,1182359.0,False,
AEFES.IS:2023Q2,AEFES.IS,2023Q2,ebitda,,,,1.000 TL,,,FLOW_YTD,PARTIAL,1182359.0,True,
AEFES.IS:2023Q2,AEFES.IS,2023Q2,net_income,ifrs-full_ProfitLoss,ifrs-full_ProfitLoss|http://www.mkk.com.tr/2015/role/standartCapitalsLabel,6046997.0,1.000 TL,6046997000.0,TRY,FLOW_YTD,HIGH,1182359.0,False,
AEFES.IS:2023Q2,AEFES.IS,2023Q2,equity,ifrs-full_Equity,ifrs-full_Equity|http://www.xbrl.org/2003/role/totalLabel,73822378.0,1.000 TL,73822378000.0,TRY,BALANCE_SHEET_POINT_IN_TIME,HIGH,1182359.0,False,
AEFES.IS:2023Q2,AEFES.IS,2023Q2,cfo,ifrs-full_CashFlowsFromUsedInOperatingActivities,ifrs-full_CashFlowsFromUsedInOperatingActivities|http://www.mkk.com.tr/2015/role/alternativeTotalLabel,9113352.0,1.000 TL,9113352000.0,TRY,FLOW_YTD,PARTIAL,1182359.0,False,
AEFES.IS:2023Q2,AEFES.IS,2023Q2,investing_cash_flow,ifrs-full_CashFlowsFromUsedInInvestingActivities,ifrs-full_CashFlowsFromUsedInInvestingActivities|http://www.mkk.com.tr/2015/role/alternativeTotalLabel,-4305310.0,1.000 TL,-4305310000.0,TRY,FLOW_YTD,PARTIAL,1182359.0,False,
AEFES.IS:2023Q2,AEFES.IS,2023Q2,fcf,DERIVED,DERIVED_CFO_PLUS_INVESTING_CASH_FLOW,,1.000 TL,4808042000.0,TRY,FLOW_YTD,PARTIAL,1182359.0,False,
AEFES.IS:2023Q3,AEFES.IS,2023Q3,revenue,ifrs-full_Revenue,ifrs-full_Revenue|,112358548.0,1.000 TL,112358548000.0,TRY,FLOW_YTD,HIGH,1213300.0,False,
AEFES.IS:2023Q3,AEFES.IS,2023Q3,operating_profit,ifrs-full_ProfitLossFromOperatingActivities,ifrs-full_ProfitLossFromOperatingActivities|http://www.mkk.com.tr/2015/role/standartCapitalsLabel,20146006.0,1.000 TL,20146006000.0,TRY,FLOW_YTD,PARTIAL,1213300.0,False,
AEFES.IS:2023Q3,AEFES.IS,2023Q3,ebitda,,,,1.000 TL,,,FLOW_YTD,PARTIAL,1213300.0,True,
AEFES.IS:2023Q3,AEFES.IS,2023Q3,net_income,ifrs-full_ProfitLoss,ifrs-full_ProfitLoss|http://www.mkk.com.tr/2015/role/standartCapitalsLabel,13605156.0,1.000 TL,13605156000.0,TRY,FLOW_YTD,HIGH,1213300.0,False,
AEFES.IS:2023Q3,AEFES.IS,2023Q3,equity,ifrs-full_Equity,ifrs-full_Equity|http://www.xbrl.org/2003/role/totalLabel,81201685.0,1.000 TL,81201685000.0,TRY,BALANCE_SHEET_POINT_IN_TIME,HIGH,1213300.0,False,
AEFES.IS:2023Q3,AEFES.IS,2023Q3,cfo,ifrs-full_CashFlowsFromUsedInOperatingActivities,ifrs-full_CashFlowsFromUsedInOperatingActivities|http://www.mkk.com.tr/2015/role/alternativeTotalLabel,18885626.0,1.000 TL,18885626000.0,TRY,FLOW_YTD,PARTIAL,1213300.0,False,
AEFES.IS:2023Q3,AEFES.IS,2023Q3,investing_cash_flow,ifrs-full_CashFlowsFromUsedInInvestingActivities,ifrs-full_CashFlowsFromUsedInInvestingActivities|http://www.mkk.com.tr/2015/role/alternativeTotalLabel,-6987044.0,1.000 TL,-6987044000.0,TRY,FLOW_YTD,PARTIAL,1213300.0,False,
AEFES.IS:2023Q3,AEFES.IS,2023Q3,fcf,DERIVED,DERIVED_CFO_PLUS_INVESTING_CASH_FLOW,,1.000 TL,11898582000.0,TRY,FLOW_YTD,PARTIAL,1213300.0,False,
AEFES.IS:2023Q4,AEFES.IS,2023Q4,revenue,ifrs-full_Revenue,ifrs-full_Revenue|,159877208.0,1.000 TL,159877208000.0,TRY,FLOW_ANNUAL,HIGH,1261306.0,False,
AEFES.IS:2023Q4,AEFES.IS,2023Q4,operating_profit,ifrs-full_ProfitLossFromOperatingActivities,ifrs-full_ProfitLossFromOperatingActivities|http://www.mkk.com.tr/2015/role/standartCapitalsLabel,19564617.0,1.000 TL,19564617000.0,TRY,FLOW_ANNUAL,PARTIAL,1261306.0,False,
AEFES.IS:2023Q4,AEFES.IS,2023Q4,ebitda,,,,1.000 TL,,,FLOW_ANNUAL,PARTIAL,1261306.0,True,
AEFES.IS:2023Q4,AEFES.IS,2023Q4,net_income,ifrs-full_ProfitLoss,ifrs-full_ProfitLoss|http://www.mkk.com.tr/2015/role/standartCapitalsLabel,33541789.0,1.000 TL,33541789000.0,TRY,FLOW_ANNUAL,HIGH,1261306.0,False,
AEFES.IS:2023Q4,AEFES.IS,2023Q4,equity,ifrs-full_Equity,ifrs-full_Equity|http://www.xbrl.org/2003/role/totalLabel,129877895.0,1.000 TL,129877895000.0,TRY,BALANCE_SHEET_POINT_IN_TIME,HIGH,1261306.0,False,
AEFES.IS:2023Q4,AEFES.IS,2023Q4,cfo,ifrs-full_CashFlowsFromUsedInOperatingActivities,ifrs-full_CashFlowsFromUsedInOperatingActivities|http://www.mkk.com.tr/2015/role/alternativeTotalLabel,22332110.0,1.000 TL,22332110000.0,TRY,FLOW_ANNUAL,PARTIAL,1261306.0,False,
AEFES.IS:2023Q4,AEFES.IS,2023Q4,investing_cash_flow,ifrs-full_CashFlowsFromUsedInInvestingActivities,ifrs-full_CashFlowsFromUsedInInvestingActivities|http://www.mkk.com.tr/2015/role/alternativeTotalLabel,-10898199.0,1.000 TL,-10898199000.0,TRY,FLOW_ANNUAL,PARTIAL,1261306.0,False,
AEFES.IS:2023Q4,AEFES.IS,2023Q4,fcf,DERIVED,DERIVED_CFO_PLUS_INVESTING_CASH_FLOW,,1.000 TL,11433911000.0,TRY,FLOW_ANNUAL,PARTIAL,1261306.0,False,
AEFES.IS:2024Q1,AEFES.IS,2024Q1,revenue,ifrs-full_Revenue,ifrs-full_Revenue|,43561632.0,1.000 TL,43561632000.0,TRY,FLOW_YTD,HIGH,1290383.0,False,
AEFES.IS:2024Q1,AEFES.IS,2024Q1,operating_profit,ifrs-full_ProfitLossFromOperatingActivities,ifrs-full_ProfitLossFromOperatingActivities|http://www.mkk.com.tr/2015/role/standartCapitalsLabel,2714168.0,1.000 TL,2714168000.0,TRY,FLOW_YTD,PARTIAL,1290383.0,False,
AEFES.IS:2024Q1,AEFES.IS,2024Q1,ebitda,,,,1.000 TL,,,FLOW_YTD,PARTIAL,1290383.0,True,
AEFES.IS:2024Q1,AEFES.IS,2024Q1,net_income,ifrs-full_ProfitLoss,ifrs-full_ProfitLoss|http://www.mkk.com.tr/2015/role/standartCapitalsLabel,5144782.0,1.000 TL,5144782000.0,TRY,FLOW_YTD,HIGH,1290383.0,False,
AEFES.IS:2024Q1,AEFES.IS,2024Q1,equity,ifrs-full_Equity,ifrs-full_Equity|http://www.xbrl.org/2003/role/totalLabel,146610492.0,1.000 TL,146610492000.0,TRY,BALANCE_SHEET_POINT_IN_TIME,HIGH,1290383.0,False,
AEFES.IS:2024Q1,AEFES.IS,2024Q1,cfo,ifrs-full_CashFlowsFromUsedInOperatingActivities,ifrs-full_CashFlowsFromUsedInOperatingActivities|http://www.mkk.com.tr/2015/role/alternativeTotalLabel,-3596251.0,1.000 TL,-3596251000.0,TRY,FLOW_YTD,PARTIAL,1290383.0,False,
AEFES.IS:2024Q1,AEFES.IS,2024Q1,investing_cash_flow,ifrs-full_CashFlowsFromUsedInInvestingActivities,ifrs-full_CashFlowsFromUsedInInvestingActivities|http://www.mkk.com.tr/2015/role/alternativeTotalLabel,-3283122.0,1.000 TL,-3283122000.0,TRY,FLOW_YTD,PARTIAL,1290383.0,False,
AEFES.IS:2024Q1,AEFES.IS,2024Q1,fcf,DERIVED,DERIVED_CFO_PLUS_INVESTING_CASH_FLOW,,1.000 TL,-6879373000.0,TRY,FLOW_YTD,PARTIAL,1290383.0,False,
AEFES.IS:2024Q2,AEFES.IS,2024Q2,revenue,ifrs-full_Revenue,ifrs-full_Revenue|,107731216.0,1.000 TL,107731216000.0,TRY,FLOW_YTD,HIGH,1326514.0,False,
AEFES.IS:2024Q2,AEFES.IS,2024Q2,operating_profit,ifrs-full_ProfitLossFromOperatingActivities,ifrs-full_ProfitLossFromOperatingActivities|http://www.mkk.com.tr/2015/role/standartCapitalsLabel,13027613.0,1.000 TL,13027613000.0,TRY,FLOW_YTD,PARTIAL,1326514.0,False,
AEFES.IS:2024Q2,AEFES.IS,2024Q2,ebitda,,,,1.000 TL,,,FLOW_YTD,PARTIAL,1326514.0,True,
AEFES.IS:2024Q2,AEFES.IS,2024Q2,net_income,ifrs-full_ProfitLoss,ifrs-full_ProfitLoss|http://www.mkk.com.tr/2015/role/standartCapitalsLabel,12423558.0,1.000 TL,12423558000.0,TRY,FLOW_YTD,HIGH,1326514.0,False,
AEFES.IS:2024Q2,AEFES.IS,2024Q2,equity,ifrs-full_Equity,ifrs-full_Equity|http://www.xbrl.org/2003/role/totalLabel,158074887.0,1.000 TL,158074887000.0,TRY,BALANCE_SHEET_POINT_IN_TIME,HIGH,1326514.0,False,
AEFES.IS:2024Q2,AEFES.IS,2024Q2,cfo,ifrs-full_CashFlowsFromUsedInOperatingActivities,ifrs-full_CashFlowsFromUsedInOperatingActivities|http://www.mkk.com.tr/2015/role/alternativeTotalLabel,10340504.0,1.000 TL,10340504000.0,TRY,FLOW_YTD,PARTIAL,1326514.0,False,
AEFES.IS:2024Q2,AEFES.IS,2024Q2,investing_cash_flow,ifrs-full_CashFlowsFromUsedInInvestingActivities,ifrs-full_CashFlowsFromUsedInInvestingActivities|http://www.mkk.com.tr/2015/role/alternativeTotalLabel,-7861039.0,1.000 TL,-7861039000.0,TRY,FLOW_YTD,PARTIAL,1326514.0,False,
AEFES.IS:2024Q2,AEFES.IS,2024Q2,fcf,DERIVED,DERIVED_CFO_PLUS_INVESTING_CASH_FLOW,,1.000 TL,2479465000.0,TRY,FLOW_YTD,PARTIAL,1326514.0,False,
AEFES.IS:2024Q3,AEFES.IS,2024Q3,revenue,ifrs-full_Revenue,ifrs-full_Revenue|,179536031.0,1.000 TL,179536031000.0,TRY,FLOW_YTD,HIGH,1353869.0,False,
AEFES.IS:2024Q3,AEFES.IS,2024Q3,operating_profit,ifrs-full_ProfitLossFromOperatingActivities,ifrs-full_ProfitLossFromOperatingActivities|http://www.mkk.com.tr/2015/role/standartCapitalsLabel,24164843.0,1.000 TL,24164843000.0,TRY,FLOW_YTD,PARTIAL,1353869.0,False,
AEFES.IS:2024Q3,AEFES.IS,2024Q3,ebitda,,,,1.000 TL,,,FLOW_YTD,PARTIAL,1353869.0,True,
AEFES.IS:2024Q3,AEFES.IS,2024Q3,net_income,ifrs-full_ProfitLoss,ifrs-full_ProfitLoss|http://www.mkk.com.tr/2015/role/standartCapitalsLabel,22996872.0,1.000 TL,22996872000.0,TRY,FLOW_YTD,HIGH,1353869.0,False,
AEFES.IS:2024Q3,AEFES.IS,2024Q3,equity,ifrs-full_Equity,ifrs-full_Equity|http://www.xbrl.org/2003/role/totalLabel,171577305.0,1.000 TL,171577305000.0,TRY,BALANCE_SHEET_POINT_IN_TIME,HIGH,1353869.0,False,
AEFES.IS:2024Q3,AEFES.IS,2024Q3,cfo,ifrs-full_CashFlowsFromUsedInOperatingActivities,ifrs-full_CashFlowsFromUsedInOperatingActivities|http://www.mkk.com.tr/2015/role/alternativeTotalLabel,23478898.0,1.000 TL,23478898000.0,TRY,FLOW_YTD,PARTIAL,1353869.0,False,
AEFES.IS:2024Q3,AEFES.IS,2024Q3,investing_cash_flow,ifrs-full_CashFlowsFromUsedInInvestingActivities,ifrs-full_CashFlowsFromUsedInInvestingActivities|http://www.mkk.com.tr/2015/role/alternativeTotalLabel,-12685094.0,1.000 TL,-12685094000.0,TRY,FLOW_YTD,PARTIAL,1353869.0,False,
AEFES.IS:2024Q3,AEFES.IS,2024Q3,fcf,DERIVED,DERIVED_CFO_PLUS_INVESTING_CASH_FLOW,,1.000 TL,10793804000.0,TRY,FLOW_YTD,PARTIAL,1353869.0,False,
AEFES.IS:2024Q4,AEFES.IS,2024Q4,revenue,ifrs-full_Revenue,ifrs-full_Revenue|,231354487.0,1.000 TL,231354487000.0,TRY,FLOW_ANNUAL,HIGH,1401085.0,False,
AEFES.IS:2024Q4,AEFES.IS,2024Q4,operating_profit,ifrs-full_ProfitLossFromOperatingActivities,ifrs-full_ProfitLossFromOperatingActivities|http://www.mkk.com.tr/2015/role/standartCapitalsLabel,26050243.0,1.000 TL,26050243000.0,TRY,FLOW_ANNUAL,PARTIAL,1401085.0,False,
AEFES.IS:2024Q4,AEFES.IS,2024Q4,ebitda,,,,1.000 TL,,,FLOW_ANNUAL,PARTIAL,1401085.0,True,
AEFES.IS:2024Q4,AEFES.IS,2024Q4,net_income,ifrs-full_ProfitLoss,ifrs-full_ProfitLoss|http://www.mkk.com.tr/2015/role/standartCapitalsLabel,23344801.0,1.000 TL,23344801000.0,TRY,FLOW_ANNUAL,HIGH,1401085.0,False,
AEFES.IS:2024Q4,AEFES.IS,2024Q4,equity,ifrs-full_Equity,ifrs-full_Equity|http://www.xbrl.org/2003/role/totalLabel,169767170.0,1.000 TL,169767170000.0,TRY,BALANCE_SHEET_POINT_IN_TIME,HIGH,1401085.0,False,
AEFES.IS:2024Q4,AEFES.IS,2024Q4,cfo,ifrs-full_CashFlowsFromUsedInOperatingActivities,ifrs-full_CashFlowsFromUsedInOperatingActivities|http://www.mkk.com.tr/2015/role/alternativeTotalLabel,32413330.0,1.000 TL,32413330000.0,TRY,FLOW_ANNUAL,PARTIAL,1401085.0,False,
AEFES.IS:2024Q4,AEFES.IS,2024Q4,investing_cash_flow,ifrs-full_CashFlowsFromUsedInInvestingActivities,ifrs-full_CashFlowsFromUsedInInvestingActivities|http://www.mkk.com.tr/2015/role/alternativeTotalLabel,-18659749.0,1.000 TL,-18659749000.0,TRY,FLOW_ANNUAL,PARTIAL,1401085.0,False,
AEFES.IS:2024Q4,AEFES.IS,2024Q4,fcf,DERIVED,DERIVED_CFO_PLUS_INVESTING_CASH_FLOW,,1.000 TL,13753581000.0,TRY,FLOW_ANNUAL,PARTIAL,1401085.0,False,
AEFES.IS:2025Q1,AEFES.IS,2025Q1,revenue,ifrs-full_Revenue,ifrs-full_Revenue|,44345847.0,1.000 TL,44345847000.0,TRY,FLOW_YTD,HIGH,1435136.0,False,
AEFES.IS:2025Q1,AEFES.IS,2025Q1,operating_profit,ifrs-full_ProfitLossFromOperatingActivities,ifrs-full_ProfitLossFromOperatingActivities|http://www.mkk.com.tr/2015/role/standartCapitalsLabel,878552.0,1.000 TL,878552000.0,TRY,FLOW_YTD,PARTIAL,1435136.0,False,
AEFES.IS:2025Q1,AEFES.IS,2025Q1,ebitda,,,,1.000 TL,,,FLOW_YTD,PARTIAL,1435136.0,True,
AEFES.IS:2025Q1,AEFES.IS,2025Q1,net_income,ifrs-full_ProfitLoss,ifrs-full_ProfitLoss|http://www.mkk.com.tr/2015/role/standartCapitalsLabel,3710293.0,1.000 TL,3710293000.0,TRY,FLOW_YTD,HIGH,1435136.0,False,
AEFES.IS:2025Q1,AEFES.IS,2025Q1,equity,ifrs-full_Equity,ifrs-full_Equity|http://www.xbrl.org/2003/role/totalLabel,181918905.0,1.000 TL,181918905000.0,TRY,BALANCE_SHEET_POINT_IN_TIME,HIGH,1435136.0,False,
AEFES.IS:2025Q1,AEFES.IS,2025Q1,cfo,ifrs-full_CashFlowsFromUsedInOperatingActivities,ifrs-full_CashFlowsFromUsedInOperatingActivities|http://www.mkk.com.tr/2015/role/alternativeTotalLabel,-8855151.0,1.000 TL,-8855151000.0,TRY,FLOW_YTD,PARTIAL,1435136.0,False,
AEFES.IS:2025Q1,AEFES.IS,2025Q1,investing_cash_flow,ifrs-full_CashFlowsFromUsedInInvestingActivities,ifrs-full_CashFlowsFromUsedInInvestingActivities|http://www.mkk.com.tr/2015/role/alternativeTotalLabel,-30489350.0,1.000 TL,-30489350000.0,TRY,FLOW_YTD,PARTIAL,1435136.0,False,
AEFES.IS:2025Q1,AEFES.IS,2025Q1,fcf,DERIVED,DERIVED_CFO_PLUS_INVESTING_CASH_FLOW,,1.000 TL,-39344501000.0,TRY,FLOW_YTD,PARTIAL,1435136.0,False,
AEFES.IS:2025Q2,AEFES.IS,2025Q2,revenue,ifrs-full_Revenue,ifrs-full_Revenue|,111402529.0,1.000 TL,111402529000.0,TRY,FLOW_YTD,HIGH,1477177.0,False,
AEFES.IS:2025Q2,AEFES.IS,2025Q2,operating_profit,ifrs-full_ProfitLossFromOperatingActivities,ifrs-full_ProfitLossFromOperatingActivities|http://www.mkk.com.tr/2015/role/standartCapitalsLabel,9823265.0,1.000 TL,9823265000.0,TRY,FLOW_YTD,PARTIAL,1477177.0,False,
AEFES.IS:2025Q2,AEFES.IS,2025Q2,ebitda,,,,1.000 TL,,,FLOW_YTD,PARTIAL,1477177.0,True,
AEFES.IS:2025Q2,AEFES.IS,2025Q2,net_income,ifrs-full_ProfitLoss,ifrs-full_ProfitLoss|http://www.mkk.com.tr/2015/role/standartCapitalsLabel,10535792.0,1.000 TL,10535792000.0,TRY,FLOW_YTD,HIGH,1477177.0,False,
AEFES.IS:2025Q2,AEFES.IS,2025Q2,equity,ifrs-full_Equity,ifrs-full_Equity|http://www.xbrl.org/2003/role/totalLabel,193920109.0,1.000 TL,193920109000.0,TRY,BALANCE_SHEET_POINT_IN_TIME,HIGH,1477177.0,False,
AEFES.IS:2025Q2,AEFES.IS,2025Q2,cfo,ifrs-full_CashFlowsFromUsedInOperatingActivities,ifrs-full_CashFlowsFromUsedInOperatingActivities|http://www.mkk.com.tr/2015/role/alternativeTotalLabel,7222094.0,1.000 TL,7222094000.0,TRY,FLOW_YTD,PARTIAL,1477177.0,False,
AEFES.IS:2025Q2,AEFES.IS,2025Q2,investing_cash_flow,ifrs-full_CashFlowsFromUsedInInvestingActivities,ifrs-full_CashFlowsFromUsedInInvestingActivities|http://www.mkk.com.tr/2015/role/alternativeTotalLabel,-36121431.0,1.000 TL,-36121431000.0,TRY,FLOW_YTD,PARTIAL,1477177.0,False,
AEFES.IS:2025Q2,AEFES.IS,2025Q2,fcf,DERIVED,DERIVED_CFO_PLUS_INVESTING_CASH_FLOW,,1.000 TL,-28899337000.0,TRY,FLOW_YTD,PARTIAL,1477177.0,False,
AEFES.IS:2025Q3,AEFES.IS,2025Q3,revenue,ifrs-full_Revenue,ifrs-full_Revenue|,188622454.0,1.000 TL,188622454000.0,TRY,FLOW_YTD,HIGH,1511858.0,False,
AEFES.IS:2025Q3,AEFES.IS,2025Q3,operating_profit,ifrs-full_ProfitLossFromOperatingActivities,ifrs-full_ProfitLossFromOperatingActivities|http://www.mkk.com.tr/2015/role/standartCapitalsLabel,22533072.0,1.000 TL,22533072000.0,TRY,FLOW_YTD,PARTIAL,1511858.0,False,
AEFES.IS:2025Q3,AEFES.IS,2025Q3,ebitda,,,,1.000 TL,,,FLOW_YTD,PARTIAL,1511858.0,True,
AEFES.IS:2025Q3,AEFES.IS,2025Q3,net_income,ifrs-full_ProfitLoss,ifrs-full_ProfitLoss|http://www.mkk.com.tr/2015/role/standartCapitalsLabel,20106097.0,1.000 TL,20106097000.0,TRY,FLOW_YTD,HIGH,1511858.0,False,
AEFES.IS:2025Q3,AEFES.IS,2025Q3,equity,ifrs-full_Equity,ifrs-full_Equity|http://www.xbrl.org/2003/role/totalLabel,212651768.0,1.000 TL,212651768000.0,TRY,BALANCE_SHEET_POINT_IN_TIME,HIGH,1511858.0,False,
AEFES.IS:2025Q3,AEFES.IS,2025Q3,cfo,ifrs-full_CashFlowsFromUsedInOperatingActivities,ifrs-full_CashFlowsFromUsedInOperatingActivities|http://www.mkk.com.tr/2015/role/alternativeTotalLabel,25714597.0,1.000 TL,25714597000.0,TRY,FLOW_YTD,PARTIAL,1511858.0,False,
AEFES.IS:2025Q3,AEFES.IS,2025Q3,investing_cash_flow,ifrs-full_CashFlowsFromUsedInInvestingActivities,ifrs-full_CashFlowsFromUsedInInvestingActivities|http://www.mkk.com.tr/2015/role/alternativeTotalLabel,-42565657.0,1.000 TL,-42565657000.0,TRY,FLOW_YTD,PARTIAL,1511858.0,False,
AEFES.IS:2025Q3,AEFES.IS,2025Q3,fcf,DERIVED,DERIVED_CFO_PLUS_INVESTING_CASH_FLOW,,1.000 TL,-16851060000.0,TRY,FLOW_YTD,PARTIAL,1511858.0,False,
AEFES.IS:2025Q4,AEFES.IS,2025Q4,revenue,ifrs-full_Revenue,ifrs-full_Revenue|,243847131.0,1.000 TL,243847131000.0,TRY,FLOW_ANNUAL,HIGH,1566776.0,False,
AEFES.IS:2025Q4,AEFES.IS,2025Q4,operating_profit,ifrs-full_ProfitLossFromOperatingActivities,ifrs-full_ProfitLossFromOperatingActivities|http://www.mkk.com.tr/2015/role/standartCapitalsLabel,25729479.0,1.000 TL,25729479000.0,TRY,FLOW_ANNUAL,PARTIAL,1566776.0,False,
AEFES.IS:2025Q4,AEFES.IS,2025Q4,ebitda,,,,1.000 TL,,,FLOW_ANNUAL,PARTIAL,1566776.0,True,
AEFES.IS:2025Q4,AEFES.IS,2025Q4,net_income,ifrs-full_ProfitLoss,ifrs-full_ProfitLoss|http://www.mkk.com.tr/2015/role/standartCapitalsLabel,17336527.0,1.000 TL,17336527000.0,TRY,FLOW_ANNUAL,HIGH,1566776.0,False,
AEFES.IS:2025Q4,AEFES.IS,2025Q4,equity,ifrs-full_Equity,ifrs-full_Equity|http://www.xbrl.org/2003/role/totalLabel,219004233.0,1.000 TL,219004233000.0,TRY,BALANCE_SHEET_POINT_IN_TIME,HIGH,1566776.0,False,
AEFES.IS:2025Q4,AEFES.IS,2025Q4,cfo,ifrs-full_CashFlowsFromUsedInOperatingActivities,ifrs-full_CashFlowsFromUsedInOperatingActivities|http://www.mkk.com.tr/2015/role/alternativeTotalLabel,34153496.0,1.000 TL,34153496000.0,TRY,FLOW_ANNUAL,PARTIAL,1566776.0,False,
AEFES.IS:2025Q4,AEFES.IS,2025Q4,investing_cash_flow,ifrs-full_CashFlowsFromUsedInInvestingActivities,ifrs-full_CashFlowsFromUsedInInvestingActivities|http://www.mkk.com.tr/2015/role/alternativeTotalLabel,-47097819.0,1.000 TL,-47097819000.0,TRY,FLOW_ANNUAL,PARTIAL,1566776.0,False,
AEFES.IS:2025Q4,AEFES.IS,2025Q4,fcf,DERIVED,DERIVED_CFO_PLUS_INVESTING_CASH_FLOW,,1.000 TL,-12944323000.0,TRY,FLOW_ANNUAL,PARTIAL,1566776.0,False,
AEFES.IS:2026Q1,AEFES.IS,2026Q1,revenue,ifrs-full_Revenue,ifrs-full_Revenue|,62424703.0,1.000 TL,62424703000.0,TRY,FLOW_YTD,HIGH,1601482.0,False,
AEFES.IS:2026Q1,AEFES.IS,2026Q1,operating_profit,ifrs-full_ProfitLossFromOperatingActivities,ifrs-full_ProfitLossFromOperatingActivities|http://www.mkk.com.tr/2015/role/standartCapitalsLabel,4293125.0,1.000 TL,4293125000.0,TRY,FLOW_YTD,PARTIAL,1601482.0,False,
AEFES.IS:2026Q1,AEFES.IS,2026Q1,ebitda,,,,1.000 TL,,,FLOW_YTD,PARTIAL,1601482.0,True,
AEFES.IS:2026Q1,AEFES.IS,2026Q1,net_income,ifrs-full_ProfitLoss,ifrs-full_ProfitLoss|http://www.mkk.com.tr/2015/role/standartCapitalsLabel,4524638.0,1.000 TL,4524638000.0,TRY,FLOW_YTD,HIGH,1601482.0,False,
AEFES.IS:2026Q1,AEFES.IS,2026Q1,equity,ifrs-full_Equity,ifrs-full_Equity|http://www.xbrl.org/2003/role/totalLabel,235846893.0,1.000 TL,235846893000.0,TRY,BALANCE_SHEET_POINT_IN_TIME,HIGH,1601482.0,False,
AEFES.IS:2026Q1,AEFES.IS,2026Q1,cfo,ifrs-full_CashFlowsFromUsedInOperatingActivities,ifrs-full_CashFlowsFromUsedInOperatingActivities|http://www.mkk.com.tr/2015/role/alternativeTotalLabel,-184762.0,1.000 TL,-184762000.0,TRY,FLOW_YTD,PARTIAL,1601482.0,False,
AEFES.IS:2026Q1,AEFES.IS,2026Q1,investing_cash_flow,ifrs-full_CashFlowsFromUsedInInvestingActivities,ifrs-full_CashFlowsFromUsedInInvestingActivities|http://www.mkk.com.tr/2015/role/alternativeTotalLabel,-3348780.0,1.000 TL,-3348780000.0,TRY,FLOW_YTD,PARTIAL,1601482.0,False,
AEFES.IS:2026Q1,AEFES.IS,2026Q1,fcf,DERIVED,DERIVED_CFO_PLUS_INVESTING_CASH_FLOW,,1.000 TL,-3533542000.0,TRY,FLOW_YTD,PARTIAL,1601482.0,False,
AEFES.IS:2026Q2,AEFES.IS,2026Q2,revenue,ifrs-full_Revenue,ifrs-full_Revenue|,154294387.0,1.000 TL,154294387000.0,TRY,FLOW_YTD,HIGH,1648261.0,False,
AEFES.IS:2026Q2,AEFES.IS,2026Q2,operating_profit,ifrs-full_ProfitLossFromOperatingActivities,ifrs-full_ProfitLossFromOperatingActivities|http://www.mkk.com.tr/2015/role/standartCapitalsLabel,17462772.0,1.000 TL,17462772000.0,TRY,FLOW_YTD,PARTIAL,1648261.0,False,
AEFES.IS:2026Q2,AEFES.IS,2026Q2,ebitda,,,,1.000 TL,,,FLOW_YTD,PARTIAL,1648261.0,True,
AEFES.IS:2026Q2,AEFES.IS,2026Q2,net_income,ifrs-full_ProfitLoss,ifrs-full_ProfitLoss|http://www.mkk.com.tr/2015/role/standartCapitalsLabel,14068480.0,1.000 TL,14068480000.0,TRY,FLOW_YTD,HIGH,1648261.0,False,
AEFES.IS:2026Q2,AEFES.IS,2026Q2,equity,ifrs-full_Equity,ifrs-full_Equity|http://www.xbrl.org/2003/role/totalLabel,252419350.0,1.000 TL,252419350000.0,TRY,BALANCE_SHEET_POINT_IN_TIME,HIGH,1648261.0,False,
AEFES.IS:2026Q2,AEFES.IS,2026Q2,cfo,ifrs-full_CashFlowsFromUsedInOperatingActivities,ifrs-full_CashFlowsFromUsedInOperatingActivities|http://www.mkk.com.tr/2015/role/alternativeTotalLabel,12143061.0,1.000 TL,12143061000.0,TRY,FLOW_YTD,PARTIAL,1648261.0,False,
AEFES.IS:2026Q2,AEFES.IS,2026Q2,investing_cash_flow,ifrs-full_CashFlowsFromUsedInInvestingActivities,ifrs-full_CashFlowsFromUsedInInvestingActivities|http://www.mkk.com.tr/2015/role/alternativeTotalLabel,-9697648.0,1.000 TL,-9697648000.0,TRY,FLOW_YTD,PARTIAL,1648261.0,False,
AEFES.IS:2026Q2,AEFES.IS,2026Q2,fcf,DERIVED,DERIVED_CFO_PLUS_INVESTING_CASH_FLOW,,1.000 TL,2445413000.0,TRY,FLOW_YTD,PARTIAL,1648261.0,False,
AGHOL.IS:2018Q1,AGHOL.IS,2018Q1,revenue,ifrs-full_Revenue,ifrs-full_Revenue|,3923654.0,1.000 TL,3923654000.0,TRY,FLOW_YTD,HIGH,682026.0,False,
AGHOL.IS:2018Q1,AGHOL.IS,2018Q1,operating_profit,ifrs-full_ProfitLossFromOperatingActivities,ifrs-full_ProfitLossFromOperatingActivities|http://www.mkk.com.tr/2015/role/standartCapitalsLabel,-19352.0,1.000 TL,-19352000.0,TRY,FLOW_YTD,PARTIAL,682026.0,False,
AGHOL.IS:2018Q1,AGHOL.IS,2018Q1,ebitda,,,,1.000 TL,,,FLOW_YTD,PARTIAL,682026.0,True,
AGHOL.IS:2018Q1,AGHOL.IS,2018Q1,net_income,ifrs-full_ProfitLoss,ifrs-full_ProfitLoss|http://www.mkk.com.tr/2015/role/standartCapitalsLabel,-454284.0,1.000 TL,-454284000.0,TRY,FLOW_YTD,HIGH,682026.0,False,
AGHOL.IS:2018Q1,AGHOL.IS,2018Q1,equity,ifrs-full_Equity,ifrs-full_Equity|http://www.xbrl.org/2003/role/totalLabel,21666432.0,1.000 TL,21666432000.0,TRY,BALANCE_SHEET_POINT_IN_TIME,HIGH,682026.0,False,
AGHOL.IS:2018Q1,AGHOL.IS,2018Q1,cfo,ifrs-full_CashFlowsFromUsedInOperatingActivities,ifrs-full_CashFlowsFromUsedInOperatingActivities|http://www.mkk.com.tr/2015/role/alternativeTotalLabel,304680.0,1.000 TL,304680000.0,TRY,FLOW_YTD,PARTIAL,682026.0,False,
AGHOL.IS:2018Q1,AGHOL.IS,2018Q1,investing_cash_flow,ifrs-full_CashFlowsFromUsedInInvestingActivities,ifrs-full_CashFlowsFromUsedInInvestingActivities|http://www.mkk.com.tr/2015/role/alternativeTotalLabel,-241392.0,1.000 TL,-241392000.0,TRY,FLOW_YTD,PARTIAL,682026.0,False,
AGHOL.IS:2018Q1,AGHOL.IS,2018Q1,fcf,DERIVED,DERIVED_CFO_PLUS_INVESTING_CASH_FLOW,,1.000 TL,63288000.0,TRY,FLOW_YTD,PARTIAL,682026.0,False,
AGHOL.IS:2018Q2,AGHOL.IS,2018Q2,revenue,ifrs-full_Revenue,ifrs-full_Revenue|,10607496.0,1.000 TL,10607496000.0,TRY,FLOW_YTD,HIGH,704078.0,False,
AGHOL.IS:2018Q2,AGHOL.IS,2018Q2,operating_profit,ifrs-full_ProfitLossFromOperatingActivities,ifrs-full_ProfitLossFromOperatingActivities|http://www.mkk.com.tr/2015/role/standartCapitalsLabel,505808.0,1.000 TL,505808000.0,TRY,FLOW_YTD,PARTIAL,704078.0,False,
AGHOL.IS:2018Q2,AGHOL.IS,2018Q2,ebitda,,,,1.000 TL,,,FLOW_YTD,PARTIAL,704078.0,True,
AGHOL.IS:2018Q2,AGHOL.IS,2018Q2,net_income,ifrs-full_ProfitLoss,ifrs-full_ProfitLoss|http://www.mkk.com.tr/2015/role/standartCapitalsLabel,-537273.0,1.000 TL,-537273000.0,TRY,FLOW_YTD,HIGH,704078.0,False,
AGHOL.IS:2018Q2,AGHOL.IS,2018Q2,equity,ifrs-full_Equity,ifrs-full_Equity|http://www.xbrl.org/2003/role/totalLabel,22955689.0,1.000 TL,22955689000.0,TRY,BALANCE_SHEET_POINT_IN_TIME,HIGH,704078.0,False,
AGHOL.IS:2018Q2,AGHOL.IS,2018Q2,cfo,ifrs-full_CashFlowsFromUsedInOperatingActivities,ifrs-full_CashFlowsFromUsedInOperatingActivities|http://www.mkk.com.tr/2015/role/alternativeTotalLabel,744580.0,1.000 TL,744580000.0,TRY,FLOW_YTD,PARTIAL,704078.0,False,
AGHOL.IS:2018Q2,AGHOL.IS,2018Q2,investing_cash_flow,ifrs-full_CashFlowsFromUsedInInvestingActivities,ifrs-full_CashFlowsFromUsedInInvestingActivities|http://www.mkk.com.tr/2015/role/alternativeTotalLabel,-539933.0,1.000 TL,-539933000.0,TRY,FLOW_YTD,PARTIAL,704078.0,False,
AGHOL.IS:2018Q2,AGHOL.IS,2018Q2,fcf,DERIVED,DERIVED_CFO_PLUS_INVESTING_CASH_FLOW,,1.000 TL,204647000.0,TRY,FLOW_YTD,PARTIAL,704078.0,False,
AGHOL.IS:2018Q3,AGHOL.IS,2018Q3,revenue,ifrs-full_Revenue,ifrs-full_Revenue|,18417889.0,1.000 TL,18417889000.0,TRY,FLOW_YTD,HIGH,718614.0,False,
AGHOL.IS:2018Q3,AGHOL.IS,2018Q3,operating_profit,ifrs-full_ProfitLossFromOperatingActivities,ifrs-full_ProfitLossFromOperatingActivities|http://www.mkk.com.tr/2015/role/standartCapitalsLabel,960761.0,1.000 TL,960761000.0,TRY,FLOW_YTD,PARTIAL,718614.0,False,
AGHOL.IS:2018Q3,AGHOL.IS,2018Q3,ebitda,,,,1.000 TL,,,FLOW_YTD,PARTIAL,718614.0,True,
AGHOL.IS:2018Q3,AGHOL.IS,2018Q3,net_income,ifrs-full_ProfitLoss,ifrs-full_ProfitLoss|http://www.mkk.com.tr/2015/role/standartCapitalsLabel,-1308450.0,1.000 TL,-1308450000.0,TRY,FLOW_YTD,HIGH,718614.0,False,
AGHOL.IS:2018Q3,AGHOL.IS,2018Q3,equity,ifrs-full_Equity,ifrs-full_Equity|http://www.xbrl.org/2003/role/totalLabel,26032927.0,1.000 TL,26032927000.0,TRY,BALANCE_SHEET_POINT_IN_TIME,HIGH,718614.0,False,
AGHOL.IS:2018Q3,AGHOL.IS,2018Q3,cfo,ifrs-full_CashFlowsFromUsedInOperatingActivities,ifrs-full_CashFlowsFromUsedInOperatingActivities|http://www.mkk.com.tr/2015/role/alternativeTotalLabel,3083787.0,1.000 TL,3083787000.0,TRY,FLOW_YTD,PARTIAL,718614.0,False,
AGHOL.IS:2018Q3,AGHOL.IS,2018Q3,investing_cash_flow,ifrs-full_CashFlowsFromUsedInInvestingActivities,ifrs-full_CashFlowsFromUsedInInvestingActivities|http://www.mkk.com.tr/2015/role/alternativeTotalLabel,-904152.0,1.000 TL,-904152000.0,TRY,FLOW_YTD,PARTIAL,718614.0,False,
AGHOL.IS:2018Q3,AGHOL.IS,2018Q3,fcf,DERIVED,DERIVED_CFO_PLUS_INVESTING_CASH_FLOW,,1.000 TL,2179635000.0,TRY,FLOW_YTD,PARTIAL,718614.0,False,
AGHOL.IS:2018Q4,AGHOL.IS,2018Q4,revenue,ifrs-full_Revenue,ifrs-full_Revenue|,23981255.0,1.000 TL,23981255000.0,TRY,FLOW_ANNUAL,HIGH,746089.0,False,
AGHOL.IS:2018Q4,AGHOL.IS,2018Q4,operating_profit,ifrs-full_ProfitLossFromOperatingActivities,ifrs-full_ProfitLossFromOperatingActivities|http://www.mkk.com.tr/2015/role/standartCapitalsLabel,1455401.0,1.000 TL,1455401000.0,TRY,FLOW_ANNUAL,PARTIAL,746089.0,False,
AGHOL.IS:2018Q4,AGHOL.IS,2018Q4,ebitda,,,,1.000 TL,,,FLOW_ANNUAL,PARTIAL,746089.0,True,
AGHOL.IS:2018Q4,AGHOL.IS,2018Q4,net_income,ifrs-full_ProfitLoss,ifrs-full_ProfitLoss|http://www.mkk.com.tr/2015/role/standartCapitalsLabel,-873971.0,1.000 TL,-873971000.0,TRY,FLOW_ANNUAL,HIGH,746089.0,False,
AGHOL.IS:2018Q4,AGHOL.IS,2018Q4,equity,ifrs-full_Equity,ifrs-full_Equity|http://www.xbrl.org/2003/role/totalLabel,21678779.0,1.000 TL,21678779000.0,TRY,BALANCE_SHEET_POINT_IN_TIME,HIGH,746089.0,False,
AGHOL.IS:2018Q4,AGHOL.IS,2018Q4,cfo,ifrs-full_CashFlowsFromUsedInOperatingActivities,ifrs-full_CashFlowsFromUsedInOperatingActivities|http://www.mkk.com.tr/2015/role/alternativeTotalLabel,3969396.0,1.000 TL,3969396000.0,TRY,FLOW_ANNUAL,PARTIAL,746089.0,False,
AGHOL.IS:2018Q4,AGHOL.IS,2018Q4,investing_cash_flow,ifrs-full_CashFlowsFromUsedInInvestingActivities,ifrs-full_CashFlowsFromUsedInInvestingActivities|http://www.mkk.com.tr/2015/role/alternativeTotalLabel,-1396136.0,1.000 TL,-1396136000.0,TRY,FLOW_ANNUAL,PARTIAL,746089.0,False,
AGHOL.IS:2018Q4,AGHOL.IS,2018Q4,fcf,DERIVED,DERIVED_CFO_PLUS_INVESTING_CASH_FLOW,,1.000 TL,2573260000.0,TRY,FLOW_ANNUAL,PARTIAL,746089.0,False,
AGHOL.IS:2019Q1,AGHOL.IS,2019Q1,revenue,ifrs-full_Revenue,ifrs-full_Revenue|,5347123.0,1.000 TL,5347123000.0,TRY,FLOW_YTD,HIGH,763380.0,False,
AGHOL.IS:2019Q1,AGHOL.IS,2019Q1,operating_profit,ifrs-full_ProfitLossFromOperatingActivities,ifrs-full_ProfitLossFromOperatingActivities|http://www.mkk.com.tr/2015/role/standartCapitalsLabel,-109421.0,1.000 TL,-109421000.0,TRY,FLOW_YTD,PARTIAL,763380.0,False,
AGHOL.IS:2019Q1,AGHOL.IS,2019Q1,ebitda,,,,1.000 TL,,,FLOW_YTD,PARTIAL,763380.0,True,
AGHOL.IS:2019Q1,AGHOL.IS,2019Q1,net_income,ifrs-full_ProfitLoss,ifrs-full_ProfitLoss|http://www.mkk.com.tr/2015/role/standartCapitalsLabel,-667533.0,1.000 TL,-667533000.0,TRY,FLOW_YTD,HIGH,763380.0,False,
AGHOL.IS:2019Q1,AGHOL.IS,2019Q1,equity,ifrs-full_Equity,ifrs-full_Equity|http://www.xbrl.org/2003/role/totalLabel,22428642.0,1.000 TL,22428642000.0,TRY,BALANCE_SHEET_POINT_IN_TIME,HIGH,763380.0,False,
AGHOL.IS:2019Q1,AGHOL.IS,2019Q1,cfo,ifrs-full_CashFlowsFromUsedInOperatingActivities,ifrs-full_CashFlowsFromUsedInOperatingActivities|http://www.mkk.com.tr/2015/role/alternativeTotalLabel,618706.0,1.000 TL,618706000.0,TRY,FLOW_YTD,PARTIAL,763380.0,False,
AGHOL.IS:2019Q1,AGHOL.IS,2019Q1,investing_cash_flow,ifrs-full_CashFlowsFromUsedInInvestingActivities,ifrs-full_CashFlowsFromUsedInInvestingActivities|http://www.mkk.com.tr/2015/role/alternativeTotalLabel,-376287.0,1.000 TL,-376287000.0,TRY,FLOW_YTD,PARTIAL,763380.0,False,
AGHOL.IS:2019Q1,AGHOL.IS,2019Q1,fcf,DERIVED,DERIVED_CFO_PLUS_INVESTING_CASH_FLOW,,1.000 TL,242419000.0,TRY,FLOW_YTD,PARTIAL,763380.0,False,
AGHOL.IS:2019Q2,AGHOL.IS,2019Q2,revenue,ifrs-full_Revenue,ifrs-full_Revenue|,17706337.0,1.000 TL,17706337000.0,TRY,FLOW_YTD,HIGH,783109.0,False,
AGHOL.IS:2019Q2,AGHOL.IS,2019Q2,operating_profit,ifrs-full_ProfitLossFromOperatingActivities,ifrs-full_ProfitLossFromOperatingActivities|http://www.mkk.com.tr/2015/role/standartCapitalsLabel,916576.0,1.000 TL,916576000.0,TRY,FLOW_YTD,PARTIAL,783109.0,False,
AGHOL.IS:2019Q2,AGHOL.IS,2019Q2,ebitda,,,,1.000 TL,,,FLOW_YTD,PARTIAL,783109.0,True,
AGHOL.IS:2019Q2,AGHOL.IS,2019Q2,net_income,ifrs-full_ProfitLoss,ifrs-full_ProfitLoss|http://www.mkk.com.tr/2015/role/standartCapitalsLabel,-301415.0,1.000 TL,-301415000.0,TRY,FLOW_YTD,HIGH,783109.0,False,
AGHOL.IS:2019Q2,AGHOL.IS,2019Q2,equity,ifrs-full_Equity,ifrs-full_Equity|http://www.xbrl.org/2003/role/totalLabel,21425460.0,1.000 TL,21425460000.0,TRY,BALANCE_SHEET_POINT_IN_TIME,HIGH,783109.0,False,
AGHOL.IS:2019Q2,AGHOL.IS,2019Q2,cfo,ifrs-full_CashFlowsFromUsedInOperatingActivities,ifrs-full_CashFlowsFromUsedInOperatingActivities|http://www.mkk.com.tr/2015/role/alternativeTotalLabel,3039881.0,1.000 TL,3039881000.0,TRY,FLOW_YTD,PARTIAL,783109.0,False,
AGHOL.IS:2019Q2,AGHOL.IS,2019Q2,investing_cash_flow,ifrs-full_CashFlowsFromUsedInInvestingActivities,ifrs-full_CashFlowsFromUsedInInvestingActivities|http://www.mkk.com.tr/2015/role/alternativeTotalLabel,869780.0,1.000 TL,869780000.0,TRY,FLOW_YTD,PARTIAL,783109.0,False,
AGHOL.IS:2019Q2,AGHOL.IS,2019Q2,fcf,DERIVED,DERIVED_CFO_PLUS_INVESTING_CASH_FLOW,,1.000 TL,3909661000.0,TRY,FLOW_YTD,PARTIAL,783109.0,False,
AGHOL.IS:2019Q3,AGHOL.IS,2019Q3,revenue,ifrs-full_Revenue,ifrs-full_Revenue|,32446726.0,1.000 TL,32446726000.0,TRY,FLOW_YTD,HIGH,797328.0,False,
AGHOL.IS:2019Q3,AGHOL.IS,2019Q3,operating_profit,ifrs-full_ProfitLossFromOperatingActivities,ifrs-full_ProfitLossFromOperatingActivities|http://www.mkk.com.tr/2015/role/standartCapitalsLabel,2353518.0,1.000 TL,2353518000.0,TRY,FLOW_YTD,PARTIAL,797328.0,False,
AGHOL.IS:2019Q3,AGHOL.IS,2019Q3,ebitda,,,,1.000 TL,,,FLOW_YTD,PARTIAL,797328.0,True,
AGHOL.IS:2019Q3,AGHOL.IS,2019Q3,net_income,ifrs-full_ProfitLoss,ifrs-full_ProfitLoss|http://www.mkk.com.tr/2015/role/standartCapitalsLabel,669421.0,1.000 TL,669421000.0,TRY,FLOW_YTD,HIGH,797328.0,False,
AGHOL.IS:2019Q3,AGHOL.IS,2019Q3,equity,ifrs-full_Equity,ifrs-full_Equity|http://www.xbrl.org/2003/role/totalLabel,21587927.0,1.000 TL,21587927000.0,TRY,BALANCE_SHEET_POINT_IN_TIME,HIGH,797328.0,False,
AGHOL.IS:2019Q3,AGHOL.IS,2019Q3,cfo,ifrs-full_CashFlowsFromUsedInOperatingActivities,ifrs-full_CashFlowsFromUsedInOperatingActivities|http://www.mkk.com.tr/2015/role/alternativeTotalLabel,5408454.0,1.000 TL,5408454000.0,TRY,FLOW_YTD,PARTIAL,797328.0,False,
AGHOL.IS:2019Q3,AGHOL.IS,2019Q3,investing_cash_flow,ifrs-full_CashFlowsFromUsedInInvestingActivities,ifrs-full_CashFlowsFromUsedInInvestingActivities|http://www.mkk.com.tr/2015/role/alternativeTotalLabel,470607.0,1.000 TL,470607000.0,TRY,FLOW_YTD,PARTIAL,797328.0,False,
AGHOL.IS:2019Q3,AGHOL.IS,2019Q3,fcf,DERIVED,DERIVED_CFO_PLUS_INVESTING_CASH_FLOW,,1.000 TL,5879061000.0,TRY,FLOW_YTD,PARTIAL,797328.0,False,
AGHOL.IS:2019Q4,AGHOL.IS,2019Q4,revenue,ifrs-full_Revenue,ifrs-full_Revenue|,45240423.0,1.000 TL,45240423000.0,TRY,FLOW_ANNUAL,HIGH,824441.0,False,
AGHOL.IS:2019Q4,AGHOL.IS,2019Q4,operating_profit,ifrs-full_ProfitLossFromOperatingActivities,ifrs-full_ProfitLossFromOperatingActivities|http://www.mkk.com.tr/2015/role/standartCapitalsLabel,2548364.0,1.000 TL,2548364000.0,TRY,FLOW_ANNUAL,PARTIAL,824441.0,False,
AGHOL.IS:2019Q4,AGHOL.IS,2019Q4,ebitda,,,,1.000 TL,,,FLOW_ANNUAL,PARTIAL,824441.0,True,
AGHOL.IS:2019Q4,AGHOL.IS,2019Q4,net_income,ifrs-full_ProfitLoss,ifrs-full_ProfitLoss|http://www.mkk.com.tr/2015/role/standartCapitalsLabel,1216897.0,1.000 TL,1216897000.0,TRY,FLOW_ANNUAL,HIGH,824441.0,False,
AGHOL.IS:2019Q4,AGHOL.IS,2019Q4,equity,ifrs-full_Equity,ifrs-full_Equity|http://www.xbrl.org/2003/role/totalLabel,23733393.0,1.000 TL,23733393000.0,TRY,BALANCE_SHEET_POINT_IN_TIME,HIGH,824441.0,False,
AGHOL.IS:2019Q4,AGHOL.IS,2019Q4,cfo,ifrs-full_CashFlowsFromUsedInOperatingActivities,ifrs-full_CashFlowsFromUsedInOperatingActivities|http://www.mkk.com.tr/2015/role/alternativeTotalLabel,7156962.0,1.000 TL,7156962000.0,TRY,FLOW_ANNUAL,PARTIAL,824441.0,False,
AGHOL.IS:2019Q4,AGHOL.IS,2019Q4,investing_cash_flow,ifrs-full_CashFlowsFromUsedInInvestingActivities,ifrs-full_CashFlowsFromUsedInInvestingActivities|http://www.mkk.com.tr/2015/role/alternativeTotalLabel,154075.0,1.000 TL,154075000.0,TRY,FLOW_ANNUAL,PARTIAL,824441.0,False,
AGHOL.IS:2019Q4,AGHOL.IS,2019Q4,fcf,DERIVED,DERIVED_CFO_PLUS_INVESTING_CASH_FLOW,,1.000 TL,7311037000.0,TRY,FLOW_ANNUAL,PARTIAL,824441.0,False,
AGHOL.IS:2020Q1,AGHOL.IS,2020Q1,revenue,ifrs-full_Revenue,ifrs-full_Revenue|,12442875.0,1.000 TL,12442875000.0,TRY,FLOW_YTD,HIGH,843784.0,False,
AGHOL.IS:2020Q1,AGHOL.IS,2020Q1,operating_profit,ifrs-full_ProfitLossFromOperatingActivities,ifrs-full_ProfitLossFromOperatingActivities|http://www.mkk.com.tr/2015/role/standartCapitalsLabel,-31679.0,1.000 TL,-31679000.0,TRY,FLOW_YTD,PARTIAL,843784.0,False,
AGHOL.IS:2020Q1,AGHOL.IS,2020Q1,ebitda,,,,1.000 TL,,,FLOW_YTD,PARTIAL,843784.0,True,
AGHOL.IS:2020Q1,AGHOL.IS,2020Q1,net_income,ifrs-full_ProfitLoss,ifrs-full_ProfitLoss|http://www.mkk.com.tr/2015/role/standartCapitalsLabel,-715288.0,1.000 TL,-715288000.0,TRY,FLOW_YTD,HIGH,843784.0,False,
AGHOL.IS:2020Q1,AGHOL.IS,2020Q1,equity,ifrs-full_Equity,ifrs-full_Equity|http://www.xbrl.org/2003/role/totalLabel,21248013.0,1.000 TL,21248013000.0,TRY,BALANCE_SHEET_POINT_IN_TIME,HIGH,843784.0,False,
AGHOL.IS:2020Q1,AGHOL.IS,2020Q1,cfo,ifrs-full_CashFlowsFromUsedInOperatingActivities,ifrs-full_CashFlowsFromUsedInOperatingActivities|http://www.mkk.com.tr/2015/role/alternativeTotalLabel,17743.0,1.000 TL,17743000.0,TRY,FLOW_YTD,PARTIAL,843784.0,False,
AGHOL.IS:2020Q1,AGHOL.IS,2020Q1,investing_cash_flow,ifrs-full_CashFlowsFromUsedInInvestingActivities,ifrs-full_CashFlowsFromUsedInInvestingActivities|http://www.mkk.com.tr/2015/role/alternativeTotalLabel,-524841.0,1.000 TL,-524841000.0,TRY,FLOW_YTD,PARTIAL,843784.0,False,
AGHOL.IS:2020Q1,AGHOL.IS,2020Q1,fcf,DERIVED,DERIVED_CFO_PLUS_INVESTING_CASH_FLOW,,1.000 TL,-507098000.0,TRY,FLOW_YTD,PARTIAL,843784.0,False,
AGHOL.IS:2020Q2,AGHOL.IS,2020Q2,revenue,ifrs-full_Revenue,ifrs-full_Revenue|,27595540.0,1.000 TL,27595540000.0,TRY,FLOW_YTD,HIGH,868821.0,False,
AGHOL.IS:2020Q2,AGHOL.IS,2020Q2,operating_profit,ifrs-full_ProfitLossFromOperatingActivities,ifrs-full_ProfitLossFromOperatingActivities|http://www.mkk.com.tr/2015/role/standartCapitalsLabel,1269314.0,1.000 TL,1269314000.0,TRY,FLOW_YTD,PARTIAL,868821.0,False,
AGHOL.IS:2020Q2,AGHOL.IS,2020Q2,ebitda,,,,1.000 TL,,,FLOW_YTD,PARTIAL,868821.0,True,
AGHOL.IS:2020Q2,AGHOL.IS,2020Q2,net_income,ifrs-full_ProfitLoss,ifrs-full_ProfitLoss|http://www.mkk.com.tr/2015/role/standartCapitalsLabel,-379390.0,1.000 TL,-379390000.0,TRY,FLOW_YTD,HIGH,868821.0,False,
AGHOL.IS:2020Q2,AGHOL.IS,2020Q2,equity,ifrs-full_Equity,ifrs-full_Equity|http://www.xbrl.org/2003/role/totalLabel,23639263.0,1.000 TL,23639263000.0,TRY,BALANCE_SHEET_POINT_IN_TIME,HIGH,868821.0,False,
AGHOL.IS:2020Q2,AGHOL.IS,2020Q2,cfo,ifrs-full_CashFlowsFromUsedInOperatingActivities,ifrs-full_CashFlowsFromUsedInOperatingActivities|http://www.mkk.com.tr/2015/role/alternativeTotalLabel,3986011.0,1.000 TL,3986011000.0,TRY,FLOW_YTD,PARTIAL,868821.0,False,
AGHOL.IS:2020Q2,AGHOL.IS,2020Q2,investing_cash_flow,ifrs-full_CashFlowsFromUsedInInvestingActivities,ifrs-full_CashFlowsFromUsedInInvestingActivities|http://www.mkk.com.tr/2015/role/alternativeTotalLabel,-431169.0,1.000 TL,-431169000.0,TRY,FLOW_YTD,PARTIAL,868821.0,False,
AGHOL.IS:2020Q2,AGHOL.IS,2020Q2,fcf,DERIVED,DERIVED_CFO_PLUS_INVESTING_CASH_FLOW,,1.000 TL,3554842000.0,TRY,FLOW_YTD,PARTIAL,868821.0,False,
AGHOL.IS:2020Q3,AGHOL.IS,2020Q3,revenue,ifrs-full_Revenue,ifrs-full_Revenue|,46050815.0,1.000 TL,46050815000.0,TRY,FLOW_YTD,HIGH,887346.0,False,
AGHOL.IS:2020Q3,AGHOL.IS,2020Q3,operating_profit,ifrs-full_ProfitLossFromOperatingActivities,ifrs-full_ProfitLossFromOperatingActivities|http://www.mkk.com.tr/2015/role/standartCapitalsLabel,3149609.0,1.000 TL,3149609000.0,TRY,FLOW_YTD,PARTIAL,887346.0,False,
AGHOL.IS:2020Q3,AGHOL.IS,2020Q3,ebitda,,,,1.000 TL,,,FLOW_YTD,PARTIAL,887346.0,True,
AGHOL.IS:2020Q3,AGHOL.IS,2020Q3,net_income,ifrs-full_ProfitLoss,ifrs-full_ProfitLoss|http://www.mkk.com.tr/2015/role/standartCapitalsLabel,650086.0,1.000 TL,650086000.0,TRY,FLOW_YTD,HIGH,887346.0,False,
AGHOL.IS:2020Q3,AGHOL.IS,2020Q3,equity,ifrs-full_Equity,ifrs-full_Equity|http://www.xbrl.org/2003/role/totalLabel,24989512.0,1.000 TL,24989512000.0,TRY,BALANCE_SHEET_POINT_IN_TIME,HIGH,887346.0,False,
AGHOL.IS:2020Q3,AGHOL.IS,2020Q3,cfo,ifrs-full_CashFlowsFromUsedInOperatingActivities,ifrs-full_CashFlowsFromUsedInOperatingActivities|http://www.mkk.com.tr/2015/role/alternativeTotalLabel,7724081.0,1.000 TL,7724081000.0,TRY,FLOW_YTD,PARTIAL,887346.0,False,
AGHOL.IS:2020Q3,AGHOL.IS,2020Q3,investing_cash_flow,ifrs-full_CashFlowsFromUsedInInvestingActivities,ifrs-full_CashFlowsFromUsedInInvestingActivities|http://www.mkk.com.tr/2015/role/alternativeTotalLabel,-481230.0,1.000 TL,-481230000.0,TRY,FLOW_YTD,PARTIAL,887346.0,False,
AGHOL.IS:2020Q3,AGHOL.IS,2020Q3,fcf,DERIVED,DERIVED_CFO_PLUS_INVESTING_CASH_FLOW,,1.000 TL,7242851000.0,TRY,FLOW_YTD,PARTIAL,887346.0,False,
AGHOL.IS:2020Q4,AGHOL.IS,2020Q4,revenue,ifrs-full_Revenue,ifrs-full_Revenue|,62111312.0,1.000 TL,62111312000.0,TRY,FLOW_ANNUAL,HIGH,914993.0,False,
AGHOL.IS:2020Q4,AGHOL.IS,2020Q4,operating_profit,ifrs-full_ProfitLossFromOperatingActivities,ifrs-full_ProfitLossFromOperatingActivities|http://www.mkk.com.tr/2015/role/standartCapitalsLabel,4186302.0,1.000 TL,4186302000.0,TRY,FLOW_ANNUAL,PARTIAL,914993.0,False,
AGHOL.IS:2020Q4,AGHOL.IS,2020Q4,ebitda,,,,1.000 TL,,,FLOW_ANNUAL,PARTIAL,914993.0,True,
AGHOL.IS:2020Q4,AGHOL.IS,2020Q4,net_income,ifrs-full_ProfitLoss,ifrs-full_ProfitLoss|http://www.mkk.com.tr/2015/role/standartCapitalsLabel,613445.0,1.000 TL,613445000.0,TRY,FLOW_ANNUAL,HIGH,914993.0,False,
AGHOL.IS:2020Q4,AGHOL.IS,2020Q4,equity,ifrs-full_Equity,ifrs-full_Equity|http://www.xbrl.org/2003/role/totalLabel,24265558.0,1.000 TL,24265558000.0,TRY,BALANCE_SHEET_POINT_IN_TIME,HIGH,914993.0,False,
AGHOL.IS:2020Q4,AGHOL.IS,2020Q4,cfo,ifrs-full_CashFlowsFromUsedInOperatingActivities,ifrs-full_CashFlowsFromUsedInOperatingActivities|http://www.mkk.com.tr/2015/role/alternativeTotalLabel,9527469.0,1.000 TL,9527469000.0,TRY,FLOW_ANNUAL,PARTIAL,914993.0,False,
AGHOL.IS:2020Q4,AGHOL.IS,2020Q4,investing_cash_flow,ifrs-full_CashFlowsFromUsedInInvestingActivities,ifrs-full_CashFlowsFromUsedInInvestingActivities|http://www.mkk.com.tr/2015/role/alternativeTotalLabel,-1061197.0,1.000 TL,-1061197000.0,TRY,FLOW_ANNUAL,PARTIAL,914993.0,False,
AGHOL.IS:2020Q4,AGHOL.IS,2020Q4,fcf,DERIVED,DERIVED_CFO_PLUS_INVESTING_CASH_FLOW,,1.000 TL,8466272000.0,TRY,FLOW_ANNUAL,PARTIAL,914993.0,False,
AGHOL.IS:2021Q1,AGHOL.IS,2021Q1,revenue,ifrs-full_Revenue,ifrs-full_Revenue|,15348174.0,1.000 TL,15348174000.0,TRY,FLOW_YTD,HIGH,935411.0,False,
AGHOL.IS:2021Q1,AGHOL.IS,2021Q1,operating_profit,ifrs-full_ProfitLossFromOperatingActivities,ifrs-full_ProfitLossFromOperatingActivities|http://www.mkk.com.tr/2015/role/standartCapitalsLabel,382396.0,1.000 TL,382396000.0,TRY,FLOW_YTD,PARTIAL,935411.0,False,
AGHOL.IS:2021Q1,AGHOL.IS,2021Q1,ebitda,,,,1.000 TL,,,FLOW_YTD,PARTIAL,935411.0,True,
AGHOL.IS:2021Q1,AGHOL.IS,2021Q1,net_income,ifrs-full_ProfitLoss,ifrs-full_ProfitLoss|http://www.mkk.com.tr/2015/role/standartCapitalsLabel,1086167.0,1.000 TL,1086167000.0,TRY,FLOW_YTD,HIGH,935411.0,False,
AGHOL.IS:2021Q1,AGHOL.IS,2021Q1,equity,ifrs-full_Equity,ifrs-full_Equity|http://www.xbrl.org/2003/role/totalLabel,26510148.0,1.000 TL,26510148000.0,TRY,BALANCE_SHEET_POINT_IN_TIME,HIGH,935411.0,False,
AGHOL.IS:2021Q1,AGHOL.IS,2021Q1,cfo,ifrs-full_CashFlowsFromUsedInOperatingActivities,ifrs-full_CashFlowsFromUsedInOperatingActivities|http://www.mkk.com.tr/2015/role/alternativeTotalLabel,660448.0,1.000 TL,660448000.0,TRY,FLOW_YTD,PARTIAL,935411.0,False,
AGHOL.IS:2021Q1,AGHOL.IS,2021Q1,investing_cash_flow,ifrs-full_CashFlowsFromUsedInInvestingActivities,ifrs-full_CashFlowsFromUsedInInvestingActivities|http://www.mkk.com.tr/2015/role/alternativeTotalLabel,-84015.0,1.000 TL,-84015000.0,TRY,FLOW_YTD,PARTIAL,935411.0,False,
AGHOL.IS:2021Q1,AGHOL.IS,2021Q1,fcf,DERIVED,DERIVED_CFO_PLUS_INVESTING_CASH_FLOW,,1.000 TL,576433000.0,TRY,FLOW_YTD,PARTIAL,935411.0,False,
AGHOL.IS:2021Q2,AGHOL.IS,2021Q2,revenue,ifrs-full_Revenue,ifrs-full_Revenue|,35950729.0,1.000 TL,35950729000.0,TRY,FLOW_YTD,HIGH,958428.0,False,
AGHOL.IS:2021Q2,AGHOL.IS,2021Q2,operating_profit,ifrs-full_ProfitLossFromOperatingActivities,ifrs-full_ProfitLossFromOperatingActivities|http://www.mkk.com.tr/2015/role/standartCapitalsLabel,2238830.0,1.000 TL,2238830000.0,TRY,FLOW_YTD,PARTIAL,958428.0,False,
AGHOL.IS:2021Q2,AGHOL.IS,2021Q2,ebitda,,,,1.000 TL,,,FLOW_YTD,PARTIAL,958428.0,True,
AGHOL.IS:2021Q2,AGHOL.IS,2021Q2,net_income,ifrs-full_ProfitLoss,ifrs-full_ProfitLoss|http://www.mkk.com.tr/2015/role/standartCapitalsLabel,2083885.0,1.000 TL,2083885000.0,TRY,FLOW_YTD,HIGH,958428.0,False,
AGHOL.IS:2021Q2,AGHOL.IS,2021Q2,equity,ifrs-full_Equity,ifrs-full_Equity|http://www.xbrl.org/2003/role/totalLabel,27572931.0,1.000 TL,27572931000.0,TRY,BALANCE_SHEET_POINT_IN_TIME,HIGH,958428.0,False,
AGHOL.IS:2021Q2,AGHOL.IS,2021Q2,cfo,ifrs-full_CashFlowsFromUsedInOperatingActivities,ifrs-full_CashFlowsFromUsedInOperatingActivities|http://www.mkk.com.tr/2015/role/alternativeTotalLabel,5027379.0,1.000 TL,5027379000.0,TRY,FLOW_YTD,PARTIAL,958428.0,False,
AGHOL.IS:2021Q2,AGHOL.IS,2021Q2,investing_cash_flow,ifrs-full_CashFlowsFromUsedInInvestingActivities,ifrs-full_CashFlowsFromUsedInInvestingActivities|http://www.mkk.com.tr/2015/role/alternativeTotalLabel,-902663.0,1.000 TL,-902663000.0,TRY,FLOW_YTD,PARTIAL,958428.0,False,
AGHOL.IS:2021Q2,AGHOL.IS,2021Q2,fcf,DERIVED,DERIVED_CFO_PLUS_INVESTING_CASH_FLOW,,1.000 TL,4124716000.0,TRY,FLOW_YTD,PARTIAL,958428.0,False,
AGHOL.IS:2021Q3,AGHOL.IS,2021Q3,revenue,ifrs-full_Revenue,ifrs-full_Revenue|,59311761.0,1.000 TL,59311761000.0,TRY,FLOW_YTD,HIGH,975962.0,False,
AGHOL.IS:2021Q3,AGHOL.IS,2021Q3,operating_profit,ifrs-full_ProfitLossFromOperatingActivities,ifrs-full_ProfitLossFromOperatingActivities|http://www.mkk.com.tr/2015/role/standartCapitalsLabel,4744134.0,1.000 TL,4744134000.0,TRY,FLOW_YTD,PARTIAL,975962.0,False,
AGHOL.IS:2021Q3,AGHOL.IS,2021Q3,ebitda,,,,1.000 TL,,,FLOW_YTD,PARTIAL,975962.0,True,
AGHOL.IS:2021Q3,AGHOL.IS,2021Q3,net_income,ifrs-full_ProfitLoss,ifrs-full_ProfitLoss|http://www.mkk.com.tr/2015/role/standartCapitalsLabel,3330898.0,1.000 TL,3330898000.0,TRY,FLOW_YTD,HIGH,975962.0,False,
AGHOL.IS:2021Q3,AGHOL.IS,2021Q3,equity,ifrs-full_Equity,ifrs-full_Equity|http://www.xbrl.org/2003/role/totalLabel,29389025.0,1.000 TL,29389025000.0,TRY,BALANCE_SHEET_POINT_IN_TIME,HIGH,975962.0,False,
AGHOL.IS:2021Q3,AGHOL.IS,2021Q3,cfo,ifrs-full_CashFlowsFromUsedInOperatingActivities,ifrs-full_CashFlowsFromUsedInOperatingActivities|http://www.mkk.com.tr/2015/role/alternativeTotalLabel,10102285.0,1.000 TL,10102285000.0,TRY,FLOW_YTD,PARTIAL,975962.0,False,
AGHOL.IS:2021Q3,AGHOL.IS,2021Q3,investing_cash_flow,ifrs-full_CashFlowsFromUsedInInvestingActivities,ifrs-full_CashFlowsFromUsedInInvestingActivities|http://www.mkk.com.tr/2015/role/alternativeTotalLabel,-3802532.0,1.000 TL,-3802532000.0,TRY,FLOW_YTD,PARTIAL,975962.0,False,
AGHOL.IS:2021Q3,AGHOL.IS,2021Q3,fcf,DERIVED,DERIVED_CFO_PLUS_INVESTING_CASH_FLOW,,1.000 TL,6299753000.0,TRY,FLOW_YTD,PARTIAL,975962.0,False,
AGHOL.IS:2021Q4,AGHOL.IS,2021Q4,revenue,ifrs-full_Revenue,ifrs-full_Revenue|,82740872.0,1.000 TL,82740872000.0,TRY,FLOW_ANNUAL,HIGH,1006636.0,False,
AGHOL.IS:2021Q4,AGHOL.IS,2021Q4,operating_profit,ifrs-full_ProfitLossFromOperatingActivities,ifrs-full_ProfitLossFromOperatingActivities|http://www.mkk.com.tr/2015/role/standartCapitalsLabel,5480165.0,1.000 TL,5480165000.0,TRY,FLOW_ANNUAL,PARTIAL,1006636.0,False,
AGHOL.IS:2021Q4,AGHOL.IS,2021Q4,ebitda,,,,1.000 TL,,,FLOW_ANNUAL,PARTIAL,1006636.0,True,
AGHOL.IS:2021Q4,AGHOL.IS,2021Q4,net_income,ifrs-full_ProfitLoss,ifrs-full_ProfitLoss|http://www.mkk.com.tr/2015/role/standartCapitalsLabel,3541929.0,1.000 TL,3541929000.0,TRY,FLOW_ANNUAL,HIGH,1006636.0,False,
AGHOL.IS:2021Q4,AGHOL.IS,2021Q4,equity,ifrs-full_Equity,ifrs-full_Equity|http://www.xbrl.org/2003/role/totalLabel,39322902.0,1.000 TL,39322902000.0,TRY,BALANCE_SHEET_POINT_IN_TIME,HIGH,1006636.0,False,
AGHOL.IS:2021Q4,AGHOL.IS,2021Q4,cfo,ifrs-full_CashFlowsFromUsedInOperatingActivities,ifrs-full_CashFlowsFromUsedInOperatingActivities|http://www.mkk.com.tr/2015/role/alternativeTotalLabel,13535423.0,1.000 TL,13535423000.0,TRY,FLOW_ANNUAL,PARTIAL,1006636.0,False,
AGHOL.IS:2021Q4,AGHOL.IS,2021Q4,investing_cash_flow,ifrs-full_CashFlowsFromUsedInInvestingActivities,ifrs-full_CashFlowsFromUsedInInvestingActivities|http://www.mkk.com.tr/2015/role/alternativeTotalLabel,-6513657.0,1.000 TL,-6513657000.0,TRY,FLOW_ANNUAL,PARTIAL,1006636.0,False,
AGHOL.IS:2021Q4,AGHOL.IS,2021Q4,fcf,DERIVED,DERIVED_CFO_PLUS_INVESTING_CASH_FLOW,,1.000 TL,7021766000.0,TRY,FLOW_ANNUAL,PARTIAL,1006636.0,False,
AGHOL.IS:2022Q1,AGHOL.IS,2022Q1,revenue,ifrs-full_Revenue,ifrs-full_Revenue|,28213975.0,1.000 TL,28213975000.0,TRY,FLOW_YTD,HIGH,1028610.0,False,
AGHOL.IS:2022Q1,AGHOL.IS,2022Q1,operating_profit,ifrs-full_ProfitLossFromOperatingActivities,ifrs-full_ProfitLossFromOperatingActivities|http://www.mkk.com.tr/2015/role/standartCapitalsLabel,1148107.0,1.000 TL,1148107000.0,TRY,FLOW_YTD,PARTIAL,1028610.0,False,
AGHOL.IS:2022Q1,AGHOL.IS,2022Q1,ebitda,,,,1.000 TL,,,FLOW_YTD,PARTIAL,1028610.0,True,
AGHOL.IS:2022Q1,AGHOL.IS,2022Q1,net_income,ifrs-full_ProfitLoss,ifrs-full_ProfitLoss|http://www.mkk.com.tr/2015/role/standartCapitalsLabel,-139515.0,1.000 TL,-139515000.0,TRY,FLOW_YTD,HIGH,1028610.0,False,
AGHOL.IS:2022Q1,AGHOL.IS,2022Q1,equity,ifrs-full_Equity,ifrs-full_Equity|http://www.xbrl.org/2003/role/totalLabel,40352593.0,1.000 TL,40352593000.0,TRY,BALANCE_SHEET_POINT_IN_TIME,HIGH,1028610.0,False,
AGHOL.IS:2022Q1,AGHOL.IS,2022Q1,cfo,ifrs-full_CashFlowsFromUsedInOperatingActivities,ifrs-full_CashFlowsFromUsedInOperatingActivities|http://www.mkk.com.tr/2015/role/alternativeTotalLabel,1103603.0,1.000 TL,1103603000.0,TRY,FLOW_YTD,PARTIAL,1028610.0,False,
AGHOL.IS:2022Q1,AGHOL.IS,2022Q1,investing_cash_flow,ifrs-full_CashFlowsFromUsedInInvestingActivities,ifrs-full_CashFlowsFromUsedInInvestingActivities|http://www.mkk.com.tr/2015/role/alternativeTotalLabel,-1481501.0,1.000 TL,-1481501000.0,TRY,FLOW_YTD,PARTIAL,1028610.0,False,
AGHOL.IS:2022Q1,AGHOL.IS,2022Q1,fcf,DERIVED,DERIVED_CFO_PLUS_INVESTING_CASH_FLOW,,1.000 TL,-377898000.0,TRY,FLOW_YTD,PARTIAL,1028610.0,False,
AGHOL.IS:2022Q2,AGHOL.IS,2022Q2,revenue,ifrs-full_Revenue,ifrs-full_Revenue|,71306664.0,1.000 TL,71306664000.0,TRY,FLOW_YTD,HIGH,1055631.0,False,
AGHOL.IS:2022Q2,AGHOL.IS,2022Q2,operating_profit,ifrs-full_ProfitLossFromOperatingActivities,ifrs-full_ProfitLossFromOperatingActivities|http://www.mkk.com.tr/2015/role/standartCapitalsLabel,7041742.0,1.000 TL,7041742000.0,TRY,FLOW_YTD,PARTIAL,1055631.0,False,
AGHOL.IS:2022Q2,AGHOL.IS,2022Q2,ebitda,,,,1.000 TL,,,FLOW_YTD,PARTIAL,1055631.0,True,
AGHOL.IS:2022Q2,AGHOL.IS,2022Q2,net_income,ifrs-full_ProfitLoss,ifrs-full_ProfitLoss|http://www.mkk.com.tr/2015/role/standartCapitalsLabel,3696596.0,1.000 TL,3696596000.0,TRY,FLOW_YTD,HIGH,1055631.0,False,
AGHOL.IS:2022Q2,AGHOL.IS,2022Q2,equity,ifrs-full_Equity,ifrs-full_Equity|http://www.xbrl.org/2003/role/totalLabel,58504066.0,1.000 TL,58504066000.0,TRY,BALANCE_SHEET_POINT_IN_TIME,HIGH,1055631.0,False,
AGHOL.IS:2022Q2,AGHOL.IS,2022Q2,cfo,ifrs-full_CashFlowsFromUsedInOperatingActivities,ifrs-full_CashFlowsFromUsedInOperatingActivities|http://www.mkk.com.tr/2015/role/alternativeTotalLabel,10443421.0,1.000 TL,10443421000.0,TRY,FLOW_YTD,PARTIAL,1055631.0,False,
AGHOL.IS:2022Q2,AGHOL.IS,2022Q2,investing_cash_flow,ifrs-full_CashFlowsFromUsedInInvestingActivities,ifrs-full_CashFlowsFromUsedInInvestingActivities|http://www.mkk.com.tr/2015/role/alternativeTotalLabel,-2762996.0,1.000 TL,-2762996000.0,TRY,FLOW_YTD,PARTIAL,1055631.0,False,
AGHOL.IS:2022Q2,AGHOL.IS,2022Q2,fcf,DERIVED,DERIVED_CFO_PLUS_INVESTING_CASH_FLOW,,1.000 TL,7680425000.0,TRY,FLOW_YTD,PARTIAL,1055631.0,False,
AGHOL.IS:2022Q3,AGHOL.IS,2022Q3,revenue,ifrs-full_Revenue,ifrs-full_Revenue|,126629850.0,1.000 TL,126629850000.0,TRY,FLOW_YTD,HIGH,1077557.0,False,
AGHOL.IS:2022Q3,AGHOL.IS,2022Q3,operating_profit,ifrs-full_ProfitLossFromOperatingActivities,ifrs-full_ProfitLossFromOperatingActivities|http://www.mkk.com.tr/2015/role/standartCapitalsLabel,14499072.0,1.000 TL,14499072000.0,TRY,FLOW_YTD,PARTIAL,1077557.0,False,
AGHOL.IS:2022Q3,AGHOL.IS,2022Q3,ebitda,,,,1.000 TL,,,FLOW_YTD,PARTIAL,1077557.0,True,
AGHOL.IS:2022Q3,AGHOL.IS,2022Q3,net_income,ifrs-full_ProfitLoss,ifrs-full_ProfitLoss|http://www.mkk.com.tr/2015/role/standartCapitalsLabel,8309556.0,1.000 TL,8309556000.0,TRY,FLOW_YTD,HIGH,1077557.0,False,
AGHOL.IS:2022Q3,AGHOL.IS,2022Q3,equity,ifrs-full_Equity,ifrs-full_Equity|http://www.xbrl.org/2003/role/totalLabel,64826882.0,1.000 TL,64826882000.0,TRY,BALANCE_SHEET_POINT_IN_TIME,HIGH,1077557.0,False,
AGHOL.IS:2022Q3,AGHOL.IS,2022Q3,cfo,ifrs-full_CashFlowsFromUsedInOperatingActivities,ifrs-full_CashFlowsFromUsedInOperatingActivities|http://www.mkk.com.tr/2015/role/alternativeTotalLabel,17775655.0,1.000 TL,17775655000.0,TRY,FLOW_YTD,PARTIAL,1077557.0,False,
AGHOL.IS:2022Q3,AGHOL.IS,2022Q3,investing_cash_flow,ifrs-full_CashFlowsFromUsedInInvestingActivities,ifrs-full_CashFlowsFromUsedInInvestingActivities|http://www.mkk.com.tr/2015/role/alternativeTotalLabel,-4577340.0,1.000 TL,-4577340000.0,TRY,FLOW_YTD,PARTIAL,1077557.0,False,
AGHOL.IS:2022Q3,AGHOL.IS,2022Q3,fcf,DERIVED,DERIVED_CFO_PLUS_INVESTING_CASH_FLOW,,1.000 TL,13198315000.0,TRY,FLOW_YTD,PARTIAL,1077557.0,False,
AGHOL.IS:2022Q4,AGHOL.IS,2022Q4,revenue,ifrs-full_Revenue,ifrs-full_Revenue|,177978005.0,1.000 TL,177978005000.0,TRY,FLOW_ANNUAL,HIGH,1119336.0,False,
AGHOL.IS:2022Q4,AGHOL.IS,2022Q4,operating_profit,ifrs-full_ProfitLossFromOperatingActivities,ifrs-full_ProfitLossFromOperatingActivities|http://www.mkk.com.tr/2015/role/standartCapitalsLabel,16765937.0,1.000 TL,16765937000.0,TRY,FLOW_ANNUAL,PARTIAL,1119336.0,False,
AGHOL.IS:2022Q4,AGHOL.IS,2022Q4,ebitda,,,,1.000 TL,,,FLOW_ANNUAL,PARTIAL,1119336.0,True,
AGHOL.IS:2022Q4,AGHOL.IS,2022Q4,net_income,ifrs-full_ProfitLoss,ifrs-full_ProfitLoss|http://www.mkk.com.tr/2015/role/standartCapitalsLabel,10068143.0,1.000 TL,10068143000.0,TRY,FLOW_ANNUAL,HIGH,1119336.0,False,
AGHOL.IS:2022Q4,AGHOL.IS,2022Q4,equity,ifrs-full_Equity,ifrs-full_Equity|http://www.xbrl.org/2003/role/totalLabel,60692147.0,1.000 TL,60692147000.0,TRY,BALANCE_SHEET_POINT_IN_TIME,HIGH,1119336.0,False,
AGHOL.IS:2022Q4,AGHOL.IS,2022Q4,cfo,ifrs-full_CashFlowsFromUsedInOperatingActivities,ifrs-full_CashFlowsFromUsedInOperatingActivities|http://www.mkk.com.tr/2015/role/alternativeTotalLabel,23872223.0,1.000 TL,23872223000.0,TRY,FLOW_ANNUAL,PARTIAL,1119336.0,False,
AGHOL.IS:2022Q4,AGHOL.IS,2022Q4,investing_cash_flow,ifrs-full_CashFlowsFromUsedInInvestingActivities,ifrs-full_CashFlowsFromUsedInInvestingActivities|http://www.mkk.com.tr/2015/role/alternativeTotalLabel,-7850606.0,1.000 TL,-7850606000.0,TRY,FLOW_ANNUAL,PARTIAL,1119336.0,False,
AGHOL.IS:2022Q4,AGHOL.IS,2022Q4,fcf,DERIVED,DERIVED_CFO_PLUS_INVESTING_CASH_FLOW,,1.000 TL,16021617000.0,TRY,FLOW_ANNUAL,PARTIAL,1119336.0,False,
AGHOL.IS:2023Q1,AGHOL.IS,2023Q1,revenue,ifrs-full_Revenue,ifrs-full_Revenue|,56358089.0,1.000 TL,56358089000.0,TRY,FLOW_YTD,HIGH,1147542.0,False,
AGHOL.IS:2023Q1,AGHOL.IS,2023Q1,operating_profit,ifrs-full_ProfitLossFromOperatingActivities,ifrs-full_ProfitLossFromOperatingActivities|http://www.mkk.com.tr/2015/role/standartCapitalsLabel,4478408.0,1.000 TL,4478408000.0,TRY,FLOW_YTD,PARTIAL,1147542.0,False,
AGHOL.IS:2023Q1,AGHOL.IS,2023Q1,ebitda,,,,1.000 TL,,,FLOW_YTD,PARTIAL,1147542.0,True,
AGHOL.IS:2023Q1,AGHOL.IS,2023Q1,net_income,ifrs-full_ProfitLoss,ifrs-full_ProfitLoss|http://www.mkk.com.tr/2015/role/standartCapitalsLabel,2208820.0,1.000 TL,2208820000.0,TRY,FLOW_YTD,HIGH,1147542.0,False,
AGHOL.IS:2023Q1,AGHOL.IS,2023Q1,equity,ifrs-full_Equity,ifrs-full_Equity|http://www.xbrl.org/2003/role/totalLabel,61436425.0,1.000 TL,61436425000.0,TRY,BALANCE_SHEET_POINT_IN_TIME,HIGH,1147542.0,False,
AGHOL.IS:2023Q1,AGHOL.IS,2023Q1,cfo,ifrs-full_CashFlowsFromUsedInOperatingActivities,ifrs-full_CashFlowsFromUsedInOperatingActivities|http://www.mkk.com.tr/2015/role/alternativeTotalLabel,2189359.0,1.000 TL,2189359000.0,TRY,FLOW_YTD,PARTIAL,1147542.0,False,
AGHOL.IS:2023Q1,AGHOL.IS,2023Q1,investing_cash_flow,ifrs-full_CashFlowsFromUsedInInvestingActivities,ifrs-full_CashFlowsFromUsedInInvestingActivities|http://www.mkk.com.tr/2015/role/alternativeTotalLabel,-3009854.0,1.000 TL,-3009854000.0,TRY,FLOW_YTD,PARTIAL,1147542.0,False,
AGHOL.IS:2023Q1,AGHOL.IS,2023Q1,fcf,DERIVED,DERIVED_CFO_PLUS_INVESTING_CASH_FLOW,,1.000 TL,-820495000.0,TRY,FLOW_YTD,PARTIAL,1147542.0,False,
AGHOL.IS:2023Q2,AGHOL.IS,2023Q2,revenue,ifrs-full_Revenue,ifrs-full_Revenue|,133741885.0,1.000 TL,133741885000.0,TRY,FLOW_YTD,HIGH,1184024.0,False,
AGHOL.IS:2023Q2,AGHOL.IS,2023Q2,operating_profit,ifrs-full_ProfitLossFromOperatingActivities,ifrs-full_ProfitLossFromOperatingActivities|http://www.mkk.com.tr/2015/role/standartCapitalsLabel,13948708.0,1.000 TL,13948708000.0,TRY,FLOW_YTD,PARTIAL,1184024.0,False,
AGHOL.IS:2023Q2,AGHOL.IS,2023Q2,ebitda,,,,1.000 TL,,,FLOW_YTD,PARTIAL,1184024.0,True,
AGHOL.IS:2023Q2,AGHOL.IS,2023Q2,net_income,ifrs-full_ProfitLoss,ifrs-full_ProfitLoss|http://www.mkk.com.tr/2015/role/standartCapitalsLabel,9857495.0,1.000 TL,9857495000.0,TRY,FLOW_YTD,HIGH,1184024.0,False,
AGHOL.IS:2023Q2,AGHOL.IS,2023Q2,equity,ifrs-full_Equity,ifrs-full_Equity|http://www.xbrl.org/2003/role/totalLabel,82190680.0,1.000 TL,82190680000.0,TRY,BALANCE_SHEET_POINT_IN_TIME,HIGH,1184024.0,False,
AGHOL.IS:2023Q2,AGHOL.IS,2023Q2,cfo,ifrs-full_CashFlowsFromUsedInOperatingActivities,ifrs-full_CashFlowsFromUsedInOperatingActivities|http://www.mkk.com.tr/2015/role/alternativeTotalLabel,16545895.0,1.000 TL,16545895000.0,TRY,FLOW_YTD,PARTIAL,1184024.0,False,
AGHOL.IS:2023Q2,AGHOL.IS,2023Q2,investing_cash_flow,ifrs-full_CashFlowsFromUsedInInvestingActivities,ifrs-full_CashFlowsFromUsedInInvestingActivities|http://www.mkk.com.tr/2015/role/alternativeTotalLabel,-5474995.0,1.000 TL,-5474995000.0,TRY,FLOW_YTD,PARTIAL,1184024.0,False,
AGHOL.IS:2023Q2,AGHOL.IS,2023Q2,fcf,DERIVED,DERIVED_CFO_PLUS_INVESTING_CASH_FLOW,,1.000 TL,11070900000.0,TRY,FLOW_YTD,PARTIAL,1184024.0,False,
AGHOL.IS:2023Q3,AGHOL.IS,2023Q3,revenue,ifrs-full_Revenue,ifrs-full_Revenue|,232989177.0,1.000 TL,232989177000.0,TRY,FLOW_YTD,HIGH,1214052.0,False,
AGHOL.IS:2023Q3,AGHOL.IS,2023Q3,operating_profit,ifrs-full_ProfitLossFromOperatingActivities,ifrs-full_ProfitLossFromOperatingActivities|http://www.mkk.com.tr/2015/role/standartCapitalsLabel,28073764.0,1.000 TL,28073764000.0,TRY,FLOW_YTD,PARTIAL,1214052.0,False,
AGHOL.IS:2023Q3,AGHOL.IS,2023Q3,ebitda,,,,1.000 TL,,,FLOW_YTD,PARTIAL,1214052.0,True,
AGHOL.IS:2023Q3,AGHOL.IS,2023Q3,net_income,ifrs-full_ProfitLoss,ifrs-full_ProfitLoss|http://www.mkk.com.tr/2015/role/standartCapitalsLabel,20678976.0,1.000 TL,20678976000.0,TRY,FLOW_YTD,HIGH,1214052.0,False,
AGHOL.IS:2023Q3,AGHOL.IS,2023Q3,equity,ifrs-full_Equity,ifrs-full_Equity|http://www.xbrl.org/2003/role/totalLabel,92527886.0,1.000 TL,92527886000.0,TRY,BALANCE_SHEET_POINT_IN_TIME,HIGH,1214052.0,False,
AGHOL.IS:2023Q3,AGHOL.IS,2023Q3,cfo,ifrs-full_CashFlowsFromUsedInOperatingActivities,ifrs-full_CashFlowsFromUsedInOperatingActivities|http://www.mkk.com.tr/2015/role/alternativeTotalLabel,30647317.0,1.000 TL,30647317000.0,TRY,FLOW_YTD,PARTIAL,1214052.0,False,
AGHOL.IS:2023Q3,AGHOL.IS,2023Q3,investing_cash_flow,ifrs-full_CashFlowsFromUsedInInvestingActivities,ifrs-full_CashFlowsFromUsedInInvestingActivities|http://www.mkk.com.tr/2015/role/alternativeTotalLabel,-10087807.0,1.000 TL,-10087807000.0,TRY,FLOW_YTD,PARTIAL,1214052.0,False,
AGHOL.IS:2023Q3,AGHOL.IS,2023Q3,fcf,DERIVED,DERIVED_CFO_PLUS_INVESTING_CASH_FLOW,,1.000 TL,20559510000.0,TRY,FLOW_YTD,PARTIAL,1214052.0,False,
AGHOL.IS:2023Q4,AGHOL.IS,2023Q4,revenue,ifrs-full_Revenue,ifrs-full_Revenue|,375583477.0,1.000 TL,375583477000.0,TRY,FLOW_ANNUAL,HIGH,1262803.0,False,
AGHOL.IS:2023Q4,AGHOL.IS,2023Q4,operating_profit,ifrs-full_ProfitLossFromOperatingActivities,ifrs-full_ProfitLossFromOperatingActivities|http://www.mkk.com.tr/2015/role/standartCapitalsLabel,17636339.0,1.000 TL,17636339000.0,TRY,FLOW_ANNUAL,PARTIAL,1262803.0,False,
AGHOL.IS:2023Q4,AGHOL.IS,2023Q4,ebitda,,,,1.000 TL,,,FLOW_ANNUAL,PARTIAL,1262803.0,True,
AGHOL.IS:2023Q4,AGHOL.IS,2023Q4,net_income,ifrs-full_ProfitLoss,ifrs-full_ProfitLoss|http://www.mkk.com.tr/2015/role/standartCapitalsLabel,49262597.0,1.000 TL,49262597000.0,TRY,FLOW_ANNUAL,HIGH,1262803.0,False,
AGHOL.IS:2023Q4,AGHOL.IS,2023Q4,equity,ifrs-full_Equity,ifrs-full_Equity|http://www.xbrl.org/2003/role/totalLabel,179581358.0,1.000 TL,179581358000.0,TRY,BALANCE_SHEET_POINT_IN_TIME,HIGH,1262803.0,False,
AGHOL.IS:2023Q4,AGHOL.IS,2023Q4,cfo,ifrs-full_CashFlowsFromUsedInOperatingActivities,ifrs-full_CashFlowsFromUsedInOperatingActivities|http://www.mkk.com.tr/2015/role/alternativeTotalLabel,41822372.0,1.000 TL,41822372000.0,TRY,FLOW_ANNUAL,PARTIAL,1262803.0,False,
AGHOL.IS:2023Q4,AGHOL.IS,2023Q4,investing_cash_flow,ifrs-full_CashFlowsFromUsedInInvestingActivities,ifrs-full_CashFlowsFromUsedInInvestingActivities|http://www.mkk.com.tr/2015/role/alternativeTotalLabel,-20898419.0,1.000 TL,-20898419000.0,TRY,FLOW_ANNUAL,PARTIAL,1262803.0,False,
AGHOL.IS:2023Q4,AGHOL.IS,2023Q4,fcf,DERIVED,DERIVED_CFO_PLUS_INVESTING_CASH_FLOW,,1.000 TL,20923953000.0,TRY,FLOW_ANNUAL,PARTIAL,1262803.0,False,
AGHOL.IS:2024Q1,AGHOL.IS,2024Q1,revenue,ifrs-full_Revenue,ifrs-full_Revenue|,105581877.0,1.000 TL,105581877000.0,TRY,FLOW_YTD,HIGH,1290883.0,False,
AGHOL.IS:2024Q1,AGHOL.IS,2024Q1,operating_profit,ifrs-full_ProfitLossFromOperatingActivities,ifrs-full_ProfitLossFromOperatingActivities|http://www.mkk.com.tr/2015/role/standartCapitalsLabel,-413241.0,1.000 TL,-413241000.0,TRY,FLOW_YTD,PARTIAL,1290883.0,False,
AGHOL.IS:2024Q1,AGHOL.IS,2024Q1,ebitda,,,,1.000 TL,,,FLOW_YTD,PARTIAL,1290883.0,True,
AGHOL.IS:2024Q1,AGHOL.IS,2024Q1,net_income,ifrs-full_ProfitLoss,ifrs-full_ProfitLoss|http://www.mkk.com.tr/2015/role/standartCapitalsLabel,6526184.0,1.000 TL,6526184000.0,TRY,FLOW_YTD,HIGH,1290883.0,False,
AGHOL.IS:2024Q1,AGHOL.IS,2024Q1,equity,ifrs-full_Equity,ifrs-full_Equity|http://www.xbrl.org/2003/role/totalLabel,205251899.0,1.000 TL,205251899000.0,TRY,BALANCE_SHEET_POINT_IN_TIME,HIGH,1290883.0,False,
AGHOL.IS:2024Q1,AGHOL.IS,2024Q1,cfo,ifrs-full_CashFlowsFromUsedInOperatingActivities,ifrs-full_CashFlowsFromUsedInOperatingActivities|http://www.mkk.com.tr/2015/role/alternativeTotalLabel,-1212900.0,1.000 TL,-1212900000.0,TRY,FLOW_YTD,PARTIAL,1290883.0,False,
AGHOL.IS:2024Q1,AGHOL.IS,2024Q1,investing_cash_flow,ifrs-full_CashFlowsFromUsedInInvestingActivities,ifrs-full_CashFlowsFromUsedInInvestingActivities|http://www.mkk.com.tr/2015/role/alternativeTotalLabel,-5177981.0,1.000 TL,-5177981000.0,TRY,FLOW_YTD,PARTIAL,1290883.0,False,
AGHOL.IS:2024Q1,AGHOL.IS,2024Q1,fcf,DERIVED,DERIVED_CFO_PLUS_INVESTING_CASH_FLOW,,1.000 TL,-6390881000.0,TRY,FLOW_YTD,PARTIAL,1290883.0,False,
AGHOL.IS:2024Q2,AGHOL.IS,2024Q2,revenue,ifrs-full_Revenue,ifrs-full_Revenue|,247822966.0,1.000 TL,247822966000.0,TRY,FLOW_YTD,HIGH,1327395.0,False,
AGHOL.IS:2024Q2,AGHOL.IS,2024Q2,operating_profit,ifrs-full_ProfitLossFromOperatingActivities,ifrs-full_ProfitLossFromOperatingActivities|http://www.mkk.com.tr/2015/role/standartCapitalsLabel,7500574.0,1.000 TL,7500574000.0,TRY,FLOW_YTD,PARTIAL,1327395.0,False,
AGHOL.IS:2024Q2,AGHOL.IS,2024Q2,ebitda,,,,1.000 TL,,,FLOW_YTD,PARTIAL,1327395.0,True,
AGHOL.IS:2024Q2,AGHOL.IS,2024Q2,net_income,ifrs-full_ProfitLoss,ifrs-full_ProfitLoss|http://www.mkk.com.tr/2015/role/standartCapitalsLabel,14571037.0,1.000 TL,14571037000.0,TRY,FLOW_YTD,HIGH,1327395.0,False,
AGHOL.IS:2024Q2,AGHOL.IS,2024Q2,equity,ifrs-full_Equity,ifrs-full_Equity|http://www.xbrl.org/2003/role/totalLabel,220952751.0,1.000 TL,220952751000.0,TRY,BALANCE_SHEET_POINT_IN_TIME,HIGH,1327395.0,False,
AGHOL.IS:2024Q2,AGHOL.IS,2024Q2,cfo,ifrs-full_CashFlowsFromUsedInOperatingActivities,ifrs-full_CashFlowsFromUsedInOperatingActivities|http://www.mkk.com.tr/2015/role/alternativeTotalLabel,18232256.0,1.000 TL,18232256000.0,TRY,FLOW_YTD,PARTIAL,1327395.0,False,
AGHOL.IS:2024Q2,AGHOL.IS,2024Q2,investing_cash_flow,ifrs-full_CashFlowsFromUsedInInvestingActivities,ifrs-full_CashFlowsFromUsedInInvestingActivities|http://www.mkk.com.tr/2015/role/alternativeTotalLabel,-12551511.0,1.000 TL,-12551511000.0,TRY,FLOW_YTD,PARTIAL,1327395.0,False,
AGHOL.IS:2024Q2,AGHOL.IS,2024Q2,fcf,DERIVED,DERIVED_CFO_PLUS_INVESTING_CASH_FLOW,,1.000 TL,5680745000.0,TRY,FLOW_YTD,PARTIAL,1327395.0,False,
AGHOL.IS:2024Q3,AGHOL.IS,2024Q3,revenue,ifrs-full_Revenue,ifrs-full_Revenue|,412552456.0,1.000 TL,412552456000.0,TRY,FLOW_YTD,HIGH,1355187.0,False,
AGHOL.IS:2024Q3,AGHOL.IS,2024Q3,operating_profit,ifrs-full_ProfitLossFromOperatingActivities,ifrs-full_ProfitLossFromOperatingActivities|http://www.mkk.com.tr/2015/role/standartCapitalsLabel,16736370.0,1.000 TL,16736370000.0,TRY,FLOW_YTD,PARTIAL,1355187.0,False,
AGHOL.IS:2024Q3,AGHOL.IS,2024Q3,ebitda,,,,1.000 TL,,,FLOW_YTD,PARTIAL,1355187.0,True,
AGHOL.IS:2024Q3,AGHOL.IS,2024Q3,net_income,ifrs-full_ProfitLoss,ifrs-full_ProfitLoss|http://www.mkk.com.tr/2015/role/standartCapitalsLabel,28013913.0,1.000 TL,28013913000.0,TRY,FLOW_YTD,HIGH,1355187.0,False,
AGHOL.IS:2024Q3,AGHOL.IS,2024Q3,equity,ifrs-full_Equity,ifrs-full_Equity|http://www.xbrl.org/2003/role/totalLabel,245190802.0,1.000 TL,245190802000.0,TRY,BALANCE_SHEET_POINT_IN_TIME,HIGH,1355187.0,False,
AGHOL.IS:2024Q3,AGHOL.IS,2024Q3,cfo,ifrs-full_CashFlowsFromUsedInOperatingActivities,ifrs-full_CashFlowsFromUsedInOperatingActivities|http://www.mkk.com.tr/2015/role/alternativeTotalLabel,43679453.0,1.000 TL,43679453000.0,TRY,FLOW_YTD,PARTIAL,1355187.0,False,
AGHOL.IS:2024Q3,AGHOL.IS,2024Q3,investing_cash_flow,ifrs-full_CashFlowsFromUsedInInvestingActivities,ifrs-full_CashFlowsFromUsedInInvestingActivities|http://www.mkk.com.tr/2015/role/alternativeTotalLabel,-21766133.0,1.000 TL,-21766133000.0,TRY,FLOW_YTD,PARTIAL,1355187.0,False,
AGHOL.IS:2024Q3,AGHOL.IS,2024Q3,fcf,DERIVED,DERIVED_CFO_PLUS_INVESTING_CASH_FLOW,,1.000 TL,21913320000.0,TRY,FLOW_YTD,PARTIAL,1355187.0,False,
AGHOL.IS:2024Q4,AGHOL.IS,2024Q4,revenue,ifrs-full_Revenue,ifrs-full_Revenue|,563782783.0,1.000 TL,563782783000.0,TRY,FLOW_ANNUAL,HIGH,1401791.0,False,
AGHOL.IS:2024Q4,AGHOL.IS,2024Q4,operating_profit,ifrs-full_ProfitLossFromOperatingActivities,ifrs-full_ProfitLossFromOperatingActivities|http://www.mkk.com.tr/2015/role/standartCapitalsLabel,14191844.0,1.000 TL,14191844000.0,TRY,FLOW_ANNUAL,PARTIAL,1401791.0,False,
AGHOL.IS:2024Q4,AGHOL.IS,2024Q4,ebitda,,,,1.000 TL,,,FLOW_ANNUAL,PARTIAL,1401791.0,True,
AGHOL.IS:2024Q4,AGHOL.IS,2024Q4,net_income,ifrs-full_ProfitLoss,ifrs-full_ProfitLoss|http://www.mkk.com.tr/2015/role/standartCapitalsLabel,26699043.0,1.000 TL,26699043000.0,TRY,FLOW_ANNUAL,HIGH,1401791.0,False,
AGHOL.IS:2024Q4,AGHOL.IS,2024Q4,equity,ifrs-full_Equity,ifrs-full_Equity|http://www.xbrl.org/2003/role/totalLabel,245204246.0,1.000 TL,245204246000.0,TRY,BALANCE_SHEET_POINT_IN_TIME,HIGH,1401791.0,False,
AGHOL.IS:2024Q4,AGHOL.IS,2024Q4,cfo,ifrs-full_CashFlowsFromUsedInOperatingActivities,ifrs-full_CashFlowsFromUsedInOperatingActivities|http://www.mkk.com.tr/2015/role/alternativeTotalLabel,56895163.0,1.000 TL,56895163000.0,TRY,FLOW_ANNUAL,PARTIAL,1401791.0,False,
AGHOL.IS:2024Q4,AGHOL.IS,2024Q4,investing_cash_flow,ifrs-full_CashFlowsFromUsedInInvestingActivities,ifrs-full_CashFlowsFromUsedInInvestingActivities|http://www.mkk.com.tr/2015/role/alternativeTotalLabel,-32663481.0,1.000 TL,-32663481000.0,TRY,FLOW_ANNUAL,PARTIAL,1401791.0,False,
AGHOL.IS:2024Q4,AGHOL.IS,2024Q4,fcf,DERIVED,DERIVED_CFO_PLUS_INVESTING_CASH_FLOW,,1.000 TL,24231682000.0,TRY,FLOW_ANNUAL,PARTIAL,1401791.0,False,
AGHOL.IS:2025Q1,AGHOL.IS,2025Q1,revenue,ifrs-full_Revenue,ifrs-full_Revenue|,134595982.0,1.000 TL,134595982000.0,TRY,FLOW_YTD,HIGH,1436890.0,False,
AGHOL.IS:2025Q1,AGHOL.IS,2025Q1,operating_profit,ifrs-full_ProfitLossFromOperatingActivities,ifrs-full_ProfitLossFromOperatingActivities|http://www.mkk.com.tr/2015/role/standartCapitalsLabel,-3375926.0,1.000 TL,-3375926000.0,TRY,FLOW_YTD,PARTIAL,1436890.0,False,
AGHOL.IS:2025Q1,AGHOL.IS,2025Q1,ebitda,,,,1.000 TL,,,FLOW_YTD,PARTIAL,1436890.0,True,
AGHOL.IS:2025Q1,AGHOL.IS,2025Q1,net_income,ifrs-full_ProfitLoss,ifrs-full_ProfitLoss|http://www.mkk.com.tr/2015/role/standartCapitalsLabel,4103123.0,1.000 TL,4103123000.0,TRY,FLOW_YTD,HIGH,1436890.0,False,
AGHOL.IS:2025Q1,AGHOL.IS,2025Q1,equity,ifrs-full_Equity,ifrs-full_Equity|http://www.xbrl.org/2003/role/totalLabel,265580891.0,1.000 TL,265580891000.0,TRY,BALANCE_SHEET_POINT_IN_TIME,HIGH,1436890.0,False,
AGHOL.IS:2025Q1,AGHOL.IS,2025Q1,cfo,ifrs-full_CashFlowsFromUsedInOperatingActivities,ifrs-full_CashFlowsFromUsedInOperatingActivities|http://www.mkk.com.tr/2015/role/alternativeTotalLabel,-12533445.0,1.000 TL,-12533445000.0,TRY,FLOW_YTD,PARTIAL,1436890.0,False,
AGHOL.IS:2025Q1,AGHOL.IS,2025Q1,investing_cash_flow,ifrs-full_CashFlowsFromUsedInInvestingActivities,ifrs-full_CashFlowsFromUsedInInvestingActivities|http://www.mkk.com.tr/2015/role/alternativeTotalLabel,-32467140.0,1.000 TL,-32467140000.0,TRY,FLOW_YTD,PARTIAL,1436890.0,False,
AGHOL.IS:2025Q1,AGHOL.IS,2025Q1,fcf,DERIVED,DERIVED_CFO_PLUS_INVESTING_CASH_FLOW,,1.000 TL,-45000585000.0,TRY,FLOW_YTD,PARTIAL,1436890.0,False,
AGHOL.IS:2025Q2,AGHOL.IS,2025Q2,revenue,ifrs-full_Revenue,ifrs-full_Revenue|,312114771.0,1.000 TL,312114771000.0,TRY,FLOW_YTD,HIGH,1478833.0,False,
AGHOL.IS:2025Q2,AGHOL.IS,2025Q2,operating_profit,ifrs-full_ProfitLossFromOperatingActivities,ifrs-full_ProfitLossFromOperatingActivities|http://www.mkk.com.tr/2015/role/standartCapitalsLabel,1555940.0,1.000 TL,1555940000.0,TRY,FLOW_YTD,PARTIAL,1478833.0,False,
AGHOL.IS:2025Q2,AGHOL.IS,2025Q2,ebitda,,,,1.000 TL,,,FLOW_YTD,PARTIAL,1478833.0,True,
AGHOL.IS:2025Q2,AGHOL.IS,2025Q2,net_income,ifrs-full_ProfitLoss,ifrs-full_ProfitLoss|http://www.mkk.com.tr/2015/role/standartCapitalsLabel,9977206.0,1.000 TL,9977206000.0,TRY,FLOW_YTD,HIGH,1478833.0,False,
AGHOL.IS:2025Q2,AGHOL.IS,2025Q2,equity,ifrs-full_Equity,ifrs-full_Equity|http://www.xbrl.org/2003/role/totalLabel,280035517.0,1.000 TL,280035517000.0,TRY,BALANCE_SHEET_POINT_IN_TIME,HIGH,1478833.0,False,
AGHOL.IS:2025Q2,AGHOL.IS,2025Q2,cfo,ifrs-full_CashFlowsFromUsedInOperatingActivities,ifrs-full_CashFlowsFromUsedInOperatingActivities|http://www.mkk.com.tr/2015/role/alternativeTotalLabel,9942664.0,1.000 TL,9942664000.0,TRY,FLOW_YTD,PARTIAL,1478833.0,False,
AGHOL.IS:2025Q2,AGHOL.IS,2025Q2,investing_cash_flow,ifrs-full_CashFlowsFromUsedInInvestingActivities,ifrs-full_CashFlowsFromUsedInInvestingActivities|http://www.mkk.com.tr/2015/role/alternativeTotalLabel,-41428459.0,1.000 TL,-41428459000.0,TRY,FLOW_YTD,PARTIAL,1478833.0,False,
AGHOL.IS:2025Q2,AGHOL.IS,2025Q2,fcf,DERIVED,DERIVED_CFO_PLUS_INVESTING_CASH_FLOW,,1.000 TL,-31485795000.0,TRY,FLOW_YTD,PARTIAL,1478833.0,False,
AGHOL.IS:2025Q3,AGHOL.IS,2025Q3,revenue,ifrs-full_Revenue,ifrs-full_Revenue|,522296913.0,1.000 TL,522296913000.0,TRY,FLOW_YTD,HIGH,1513507.0,False,
AGHOL.IS:2025Q3,AGHOL.IS,2025Q3,operating_profit,ifrs-full_ProfitLossFromOperatingActivities,ifrs-full_ProfitLossFromOperatingActivities|http://www.mkk.com.tr/2015/role/standartCapitalsLabel,14468040.0,1.000 TL,14468040000.0,TRY,FLOW_YTD,PARTIAL,1513507.0,False,
AGHOL.IS:2025Q3,AGHOL.IS,2025Q3,ebitda,,,,1.000 TL,,,FLOW_YTD,PARTIAL,1513507.0,True,
AGHOL.IS:2025Q3,AGHOL.IS,2025Q3,net_income,ifrs-full_ProfitLoss,ifrs-full_ProfitLoss|http://www.mkk.com.tr/2015/role/standartCapitalsLabel,22741927.0,1.000 TL,22741927000.0,TRY,FLOW_YTD,HIGH,1513507.0,False,
AGHOL.IS:2025Q3,AGHOL.IS,2025Q3,equity,ifrs-full_Equity,ifrs-full_Equity|http://www.xbrl.org/2003/role/totalLabel,307590836.0,1.000 TL,307590836000.0,TRY,BALANCE_SHEET_POINT_IN_TIME,HIGH,1513507.0,False,
AGHOL.IS:2025Q3,AGHOL.IS,2025Q3,cfo,ifrs-full_CashFlowsFromUsedInOperatingActivities,ifrs-full_CashFlowsFromUsedInOperatingActivities|http://www.mkk.com.tr/2015/role/alternativeTotalLabel,45115884.0,1.000 TL,45115884000.0,TRY,FLOW_YTD,PARTIAL,1513507.0,False,
AGHOL.IS:2025Q3,AGHOL.IS,2025Q3,investing_cash_flow,ifrs-full_CashFlowsFromUsedInInvestingActivities,ifrs-full_CashFlowsFromUsedInInvestingActivities|http://www.mkk.com.tr/2015/role/alternativeTotalLabel,-52231042.0,1.000 TL,-52231042000.0,TRY,FLOW_YTD,PARTIAL,1513507.0,False,
AGHOL.IS:2025Q3,AGHOL.IS,2025Q3,fcf,DERIVED,DERIVED_CFO_PLUS_INVESTING_CASH_FLOW,,1.000 TL,-7115158000.0,TRY,FLOW_YTD,PARTIAL,1513507.0,False,
AGHOL.IS:2025Q4,AGHOL.IS,2025Q4,revenue,ifrs-full_Revenue,ifrs-full_Revenue|,707202498.0,1.000 TL,707202498000.0,TRY,FLOW_ANNUAL,HIGH,1567700.0,False,
AGHOL.IS:2025Q4,AGHOL.IS,2025Q4,operating_profit,ifrs-full_ProfitLossFromOperatingActivities,ifrs-full_ProfitLossFromOperatingActivities|http://www.mkk.com.tr/2015/role/standartCapitalsLabel,14293905.0,1.000 TL,14293905000.0,TRY,FLOW_ANNUAL,PARTIAL,1567700.0,False,
AGHOL.IS:2025Q4,AGHOL.IS,2025Q4,ebitda,,,,1.000 TL,,,FLOW_ANNUAL,PARTIAL,1567700.0,True,
AGHOL.IS:2025Q4,AGHOL.IS,2025Q4,net_income,ifrs-full_ProfitLoss,ifrs-full_ProfitLoss|http://www.mkk.com.tr/2015/role/standartCapitalsLabel,19622092.0,1.000 TL,19622092000.0,TRY,FLOW_ANNUAL,HIGH,1567700.0,False,
AGHOL.IS:2025Q4,AGHOL.IS,2025Q4,equity,ifrs-full_Equity,ifrs-full_Equity|http://www.xbrl.org/2003/role/totalLabel,318126217.0,1.000 TL,318126217000.0,TRY,BALANCE_SHEET_POINT_IN_TIME,HIGH,1567700.0,False,
AGHOL.IS:2025Q4,AGHOL.IS,2025Q4,cfo,ifrs-full_CashFlowsFromUsedInOperatingActivities,ifrs-full_CashFlowsFromUsedInOperatingActivities|http://www.mkk.com.tr/2015/role/alternativeTotalLabel,62526717.0,1.000 TL,62526717000.0,TRY,FLOW_ANNUAL,PARTIAL,1567700.0,False,
AGHOL.IS:2025Q4,AGHOL.IS,2025Q4,investing_cash_flow,ifrs-full_CashFlowsFromUsedInInvestingActivities,ifrs-full_CashFlowsFromUsedInInvestingActivities|http://www.mkk.com.tr/2015/role/alternativeTotalLabel,-64942526.0,1.000 TL,-64942526000.0,TRY,FLOW_ANNUAL,PARTIAL,1567700.0,False,
AGHOL.IS:2025Q4,AGHOL.IS,2025Q4,fcf,DERIVED,DERIVED_CFO_PLUS_INVESTING_CASH_FLOW,,1.000 TL,-2415809000.0,TRY,FLOW_ANNUAL,PARTIAL,1567700.0,False,
AGHOL.IS:2026Q1,AGHOL.IS,2026Q1,revenue,ifrs-full_Revenue,ifrs-full_Revenue|,184912739.0,1.000 TL,184912739000.0,TRY,FLOW_YTD,HIGH,1602740.0,False,
AGHOL.IS:2026Q1,AGHOL.IS,2026Q1,operating_profit,ifrs-full_ProfitLossFromOperatingActivities,ifrs-full_ProfitLossFromOperatingActivities|http://www.mkk.com.tr/2015/role/standartCapitalsLabel,-173483.0,1.000 TL,-173483000.0,TRY,FLOW_YTD,PARTIAL,1602740.0,False,
AGHOL.IS:2026Q1,AGHOL.IS,2026Q1,ebitda,,,,1.000 TL,,,FLOW_YTD,PARTIAL,1602740.0,True,
AGHOL.IS:2026Q1,AGHOL.IS,2026Q1,net_income,ifrs-full_ProfitLoss,ifrs-full_ProfitLoss|http://www.mkk.com.tr/2015/role/standartCapitalsLabel,6206650.0,1.000 TL,6206650000.0,TRY,FLOW_YTD,HIGH,1602740.0,False,
AGHOL.IS:2026Q1,AGHOL.IS,2026Q1,equity,ifrs-full_Equity,ifrs-full_Equity|http://www.xbrl.org/2003/role/totalLabel,346395468.0,1.000 TL,346395468000.0,TRY,BALANCE_SHEET_POINT_IN_TIME,HIGH,1602740.0,False,
AGHOL.IS:2026Q1,AGHOL.IS,2026Q1,cfo,ifrs-full_CashFlowsFromUsedInOperatingActivities,ifrs-full_CashFlowsFromUsedInOperatingActivities|http://www.mkk.com.tr/2015/role/alternativeTotalLabel,1819142.0,1.000 TL,1819142000.0,TRY,FLOW_YTD,PARTIAL,1602740.0,False,
AGHOL.IS:2026Q1,AGHOL.IS,2026Q1,investing_cash_flow,ifrs-full_CashFlowsFromUsedInInvestingActivities,ifrs-full_CashFlowsFromUsedInInvestingActivities|http://www.mkk.com.tr/2015/role/alternativeTotalLabel,-6445362.0,1.000 TL,-6445362000.0,TRY,FLOW_YTD,PARTIAL,1602740.0,False,
AGHOL.IS:2026Q1,AGHOL.IS,2026Q1,fcf,DERIVED,DERIVED_CFO_PLUS_INVESTING_CASH_FLOW,,1.000 TL,-4626220000.0,TRY,FLOW_YTD,PARTIAL,1602740.0,False,
AGHOL.IS:2026Q2,AGHOL.IS,2026Q2,revenue,ifrs-full_Revenue,ifrs-full_Revenue|,424932435.0,1.000 TL,424932435000.0,TRY,FLOW_YTD,HIGH,1649531.0,False,
AGHOL.IS:2026Q2,AGHOL.IS,2026Q2,operating_profit,ifrs-full_ProfitLossFromOperatingActivities,ifrs-full_ProfitLossFromOperatingActivities|http://www.mkk.com.tr/2015/role/standartCapitalsLabel,6438826.0,1.000 TL,6438826000.0,TRY,FLOW_YTD,PARTIAL,1649531.0,False,
AGHOL.IS:2026Q2,AGHOL.IS,2026Q2,ebitda,,,,1.000 TL,,,FLOW_YTD,PARTIAL,1649531.0,True,
AGHOL.IS:2026Q2,AGHOL.IS,2026Q2,net_income,ifrs-full_ProfitLoss,ifrs-full_ProfitLoss|http://www.mkk.com.tr/2015/role/standartCapitalsLabel,14495024.0,1.000 TL,14495024000.0,TRY,FLOW_YTD,HIGH,1649531.0,False,
AGHOL.IS:2026Q2,AGHOL.IS,2026Q2,equity,ifrs-full_Equity,ifrs-full_Equity|http://www.xbrl.org/2003/role/totalLabel,367994286.0,1.000 TL,367994286000.0,TRY,BALANCE_SHEET_POINT_IN_TIME,HIGH,1649531.0,False,
AGHOL.IS:2026Q2,AGHOL.IS,2026Q2,cfo,ifrs-full_CashFlowsFromUsedInOperatingActivities,ifrs-full_CashFlowsFromUsedInOperatingActivities|http://www.mkk.com.tr/2015/role/alternativeTotalLabel,22603419.0,1.000 TL,22603419000.0,TRY,FLOW_YTD,PARTIAL,1649531.0,False,
AGHOL.IS:2026Q2,AGHOL.IS,2026Q2,investing_cash_flow,ifrs-full_CashFlowsFromUsedInInvestingActivities,ifrs-full_CashFlowsFromUsedInInvestingActivities|http://www.mkk.com.tr/2015/role/alternativeTotalLabel,-16599672.0,1.000 TL,-16599672000.0,TRY,FLOW_YTD,PARTIAL,1649531.0,False,
AGHOL.IS:2026Q2,AGHOL.IS,2026Q2,fcf,DERIVED,DERIVED_CFO_PLUS_INVESTING_CASH_FLOW,,1.000 TL,6003747000.0,TRY,FLOW_YTD,PARTIAL,1649531.0,False,
AGROT.IS:2023Q3,AGROT.IS,2023Q3,revenue,ifrs-full_Revenue,ifrs-full_Revenue|,286561882.0,TL,286561882.0,TRY,FLOW_YTD,HIGH,1226237.0,False,
AGROT.IS:2023Q3,AGROT.IS,2023Q3,operating_profit,ifrs-full_ProfitLossFromOperatingActivities,ifrs-full_ProfitLossFromOperatingActivities|http://www.mkk.com.tr/2015/role/standartCapitalsLabel,103033515.0,TL,103033515.0,TRY,FLOW_YTD,PARTIAL,1226237.0,False,
AGROT.IS:2023Q3,AGROT.IS,2023Q3,ebitda,,,,TL,,,FLOW_YTD,PARTIAL,1226237.0,True,
AGROT.IS:2023Q3,AGROT.IS,2023Q3,net_income,ifrs-full_ProfitLoss,ifrs-full_ProfitLoss|http://www.mkk.com.tr/2015/role/standartCapitalsLabel,212140975.0,TL,212140975.0,TRY,FLOW_YTD,HIGH,1226237.0,False,
AGROT.IS:2023Q3,AGROT.IS,2023Q3,equity,ifrs-full_Equity,ifrs-full_Equity|http://www.xbrl.org/2003/role/totalLabel,2935303006.0,TL,2935303006.0,TRY,BALANCE_SHEET_POINT_IN_TIME,HIGH,1226237.0,False,
AGROT.IS:2023Q3,AGROT.IS,2023Q3,cfo,ifrs-full_CashFlowsFromUsedInOperatingActivities,ifrs-full_CashFlowsFromUsedInOperatingActivities|http://www.mkk.com.tr/2015/role/alternativeTotalLabel,953218440.0,TL,953218440.0,TRY,FLOW_YTD,PARTIAL,1226237.0,False,
AGROT.IS:2023Q3,AGROT.IS,2023Q3,investing_cash_flow,ifrs-full_CashFlowsFromUsedInInvestingActivities,ifrs-full_CashFlowsFromUsedInInvestingActivities|http://www.mkk.com.tr/2015/role/alternativeTotalLabel,-952951283.0,TL,-952951283.0,TRY,FLOW_YTD,PARTIAL,1226237.0,False,
AGROT.IS:2023Q3,AGROT.IS,2023Q3,fcf,DERIVED,DERIVED_CFO_PLUS_INVESTING_CASH_FLOW,,TL,267157.0,TRY,FLOW_YTD,PARTIAL,1226237.0,False,
AGROT.IS:2023Q4,AGROT.IS,2023Q4,revenue,ifrs-full_Revenue,ifrs-full_Revenue|,582584465.0,TL,582584465.0,TRY,FLOW_ANNUAL,HIGH,1273265.0,False,
AGROT.IS:2023Q4,AGROT.IS,2023Q4,operating_profit,ifrs-full_ProfitLossFromOperatingActivities,ifrs-full_ProfitLossFromOperatingActivities|http://www.mkk.com.tr/2015/role/standartCapitalsLabel,149676065.0,TL,149676065.0,TRY,FLOW_ANNUAL,PARTIAL,1273265.0,False,
AGROT.IS:2023Q4,AGROT.IS,2023Q4,ebitda,,,,TL,,,FLOW_ANNUAL,PARTIAL,1273265.0,True,
AGROT.IS:2023Q4,AGROT.IS,2023Q4,net_income,ifrs-full_ProfitLoss,ifrs-full_ProfitLoss|http://www.mkk.com.tr/2015/role/standartCapitalsLabel,266250040.0,TL,266250040.0,TRY,FLOW_ANNUAL,HIGH,1273265.0,False,
AGROT.IS:2023Q4,AGROT.IS,2023Q4,equity,ifrs-full_Equity,ifrs-full_Equity|http://www.xbrl.org/2003/role/totalLabel,4977432102.0,TL,4977432102.0,TRY,BALANCE_SHEET_POINT_IN_TIME,HIGH,1273265.0,False,
AGROT.IS:2023Q4,AGROT.IS,2023Q4,cfo,ifrs-full_CashFlowsFromUsedInOperatingActivities,ifrs-full_CashFlowsFromUsedInOperatingActivities|http://www.mkk.com.tr/2015/role/alternativeTotalLabel,-300846692.0,TL,-300846692.0,TRY,FLOW_ANNUAL,PARTIAL,1273265.0,False,
AGROT.IS:2023Q4,AGROT.IS,2023Q4,investing_cash_flow,ifrs-full_CashFlowsFromUsedInInvestingActivities,ifrs-full_CashFlowsFromUsedInInvestingActivities|http://www.mkk.com.tr/2015/role/alternativeTotalLabel,-667343266.0,TL,-667343266.0,TRY,FLOW_ANNUAL,PARTIAL,1273265.0,False,
AGROT.IS:2023Q4,AGROT.IS,2023Q4,fcf,DERIVED,DERIVED_CFO_PLUS_INVESTING_CASH_FLOW,,TL,-968189958.0,TRY,FLOW_ANNUAL,PARTIAL,1273265.0,False,
AGROT.IS:2024Q1,AGROT.IS,2024Q1,revenue,ifrs-full_Revenue,ifrs-full_Revenue|,1120814754.0,TL,1120814754.0,TRY,FLOW_YTD,HIGH,1273288.0,False,
AGROT.IS:2024Q1,AGROT.IS,2024Q1,operating_profit,ifrs-full_ProfitLossFromOperatingActivities,ifrs-full_ProfitLossFromOperatingActivities|http://www.mkk.com.tr/2015/role/standartCapitalsLabel,46949999.0,TL,46949999.0,TRY,FLOW_YTD,PARTIAL,1273288.0,False,
AGROT.IS:2024Q1,AGROT.IS,2024Q1,ebitda,,,,TL,,,FLOW_YTD,PARTIAL,1273288.0,True,
AGROT.IS:2024Q1,AGROT.IS,2024Q1,net_income,ifrs-full_ProfitLoss,ifrs-full_ProfitLoss|http://www.mkk.com.tr/2015/role/standartCapitalsLabel,1227498938.0,TL,1227498938.0,TRY,FLOW_YTD,HIGH,1273288.0,False,
AGROT.IS:2024Q1,AGROT.IS,2024Q1,equity,ifrs-full_Equity,ifrs-full_Equity|http://www.xbrl.org/2003/role/totalLabel,6729947081.0,TL,6729947081.0,TRY,BALANCE_SHEET_POINT_IN_TIME,HIGH,1273288.0,False,
AGROT.IS:2024Q1,AGROT.IS,2024Q1,cfo,ifrs-full_CashFlowsFromUsedInOperatingActivities,ifrs-full_CashFlowsFromUsedInOperatingActivities|http://www.mkk.com.tr/2015/role/alternativeTotalLabel,726695004.0,TL,726695004.0,TRY,FLOW_YTD,PARTIAL,1273288.0,False,
AGROT.IS:2024Q1,AGROT.IS,2024Q1,investing_cash_flow,ifrs-full_CashFlowsFromUsedInInvestingActivities,ifrs-full_CashFlowsFromUsedInInvestingActivities|http://www.mkk.com.tr/2015/role/alternativeTotalLabel,-127797146.0,TL,-127797146.0,TRY,FLOW_YTD,PARTIAL,1273288.0,False,
AGROT.IS:2024Q1,AGROT.IS,2024Q1,fcf,DERIVED,DERIVED_CFO_PLUS_INVESTING_CASH_FLOW,,TL,598897858.0,TRY,FLOW_YTD,PARTIAL,1273288.0,False,
AGROT.IS:2024Q2,AGROT.IS,2024Q2,revenue,ifrs-full_Revenue,ifrs-full_Revenue|,1786372302.0,TL,1786372302.0,TRY,FLOW_YTD,HIGH,1338687.0,False,
AGROT.IS:2024Q2,AGROT.IS,2024Q2,operating_profit,ifrs-full_ProfitLossFromOperatingActivities,ifrs-full_ProfitLossFromOperatingActivities|http://www.mkk.com.tr/2015/role/standartCapitalsLabel,34640448.0,TL,34640448.0,TRY,FLOW_YTD,PARTIAL,1338687.0,False,
AGROT.IS:2024Q2,AGROT.IS,2024Q2,ebitda,,,,TL,,,FLOW_YTD,PARTIAL,1338687.0,True,
AGROT.IS:2024Q2,AGROT.IS,2024Q2,net_income,ifrs-full_ProfitLoss,ifrs-full_ProfitLoss|http://www.mkk.com.tr/2015/role/standartCapitalsLabel,-46047315.0,TL,-46047315.0,TRY,FLOW_YTD,HIGH,1338687.0,False,
AGROT.IS:2024Q2,AGROT.IS,2024Q2,equity,ifrs-full_Equity,ifrs-full_Equity|http://www.xbrl.org/2003/role/totalLabel,5806786322.0,TL,5806786322.0,TRY,BALANCE_SHEET_POINT_IN_TIME,HIGH,1338687.0,False,
AGROT.IS:2024Q2,AGROT.IS,2024Q2,cfo,ifrs-full_CashFlowsFromUsedInOperatingActivities,ifrs-full_CashFlowsFromUsedInOperatingActivities|http://www.mkk.com.tr/2015/role/alternativeTotalLabel,385227334.0,TL,385227334.0,TRY,FLOW_YTD,PARTIAL,1338687.0,False,
AGROT.IS:2024Q2,AGROT.IS,2024Q2,investing_cash_flow,ifrs-full_CashFlowsFromUsedInInvestingActivities,ifrs-full_CashFlowsFromUsedInInvestingActivities|http://www.mkk.com.tr/2015/role/alternativeTotalLabel,-49101582.0,TL,-49101582.0,TRY,FLOW_YTD,PARTIAL,1338687.0,False,
AGROT.IS:2024Q2,AGROT.IS,2024Q2,fcf,DERIVED,DERIVED_CFO_PLUS_INVESTING_CASH_FLOW,,TL,336125752.0,TRY,FLOW_YTD,PARTIAL,1338687.0,False,
AGROT.IS:2024Q3,AGROT.IS,2024Q3,revenue,ifrs-full_Revenue,ifrs-full_Revenue|,2146577575.0,TL,2146577575.0,TRY,FLOW_YTD,HIGH,1356597.0,False,
AGROT.IS:2024Q3,AGROT.IS,2024Q3,operating_profit,ifrs-full_ProfitLossFromOperatingActivities,ifrs-full_ProfitLossFromOperatingActivities|http://www.mkk.com.tr/2015/role/standartCapitalsLabel,-40446594.0,TL,-40446594.0,TRY,FLOW_YTD,PARTIAL,1356597.0,False,
AGROT.IS:2024Q3,AGROT.IS,2024Q3,ebitda,,,,TL,,,FLOW_YTD,PARTIAL,1356597.0,True,
AGROT.IS:2024Q3,AGROT.IS,2024Q3,net_income,ifrs-full_ProfitLoss,ifrs-full_ProfitLoss|http://www.mkk.com.tr/2015/role/standartCapitalsLabel,29364843.0,TL,29364843.0,TRY,FLOW_YTD,HIGH,1356597.0,False,
AGROT.IS:2024Q3,AGROT.IS,2024Q3,equity,ifrs-full_Equity,ifrs-full_Equity|http://www.xbrl.org/2003/role/totalLabel,6405447186.0,TL,6405447186.0,TRY,BALANCE_SHEET_POINT_IN_TIME,HIGH,1356597.0,False,
AGROT.IS:2024Q3,AGROT.IS,2024Q3,cfo,ifrs-full_CashFlowsFromUsedInOperatingActivities,ifrs-full_CashFlowsFromUsedInOperatingActivities|http://www.mkk.com.tr/2015/role/alternativeTotalLabel,396755976.0,TL,396755976.0,TRY,FLOW_YTD,PARTIAL,1356597.0,False,
AGROT.IS:2024Q3,AGROT.IS,2024Q3,investing_cash_flow,ifrs-full_CashFlowsFromUsedInInvestingActivities,ifrs-full_CashFlowsFromUsedInInvestingActivities|http://www.mkk.com.tr/2015/role/alternativeTotalLabel,-110009347.0,TL,-110009347.0,TRY,FLOW_YTD,PARTIAL,1356597.0,False,
AGROT.IS:2024Q3,AGROT.IS,2024Q3,fcf,DERIVED,DERIVED_CFO_PLUS_INVESTING_CASH_FLOW,,TL,286746629.0,TRY,FLOW_YTD,PARTIAL,1356597.0,False,
AGROT.IS:2024Q4,AGROT.IS,2024Q4,revenue,ifrs-full_Revenue,ifrs-full_Revenue|,2121664932.0,TL,2121664932.0,TRY,FLOW_ANNUAL,HIGH,1411771.0,False,
AGROT.IS:2024Q4,AGROT.IS,2024Q4,operating_profit,ifrs-full_ProfitLossFromOperatingActivities,ifrs-full_ProfitLossFromOperatingActivities|http://www.mkk.com.tr/2015/role/standartCapitalsLabel,-377723432.0,TL,-377723432.0,TRY,FLOW_ANNUAL,PARTIAL,1411771.0,False,
AGROT.IS:2024Q4,AGROT.IS,2024Q4,ebitda,,,,TL,,,FLOW_ANNUAL,PARTIAL,1411771.0,True,
AGROT.IS:2024Q4,AGROT.IS,2024Q4,net_income,ifrs-full_ProfitLoss,ifrs-full_ProfitLoss|http://www.mkk.com.tr/2015/role/standartCapitalsLabel,-317716032.0,TL,-317716032.0,TRY,FLOW_ANNUAL,HIGH,1411771.0,False,
AGROT.IS:2024Q4,AGROT.IS,2024Q4,equity,ifrs-full_Equity,ifrs-full_Equity|http://www.xbrl.org/2003/role/totalLabel,6423574785.0,TL,6423574785.0,TRY,BALANCE_SHEET_POINT_IN_TIME,HIGH,1411771.0,False,
AGROT.IS:2024Q4,AGROT.IS,2024Q4,cfo,ifrs-full_CashFlowsFromUsedInOperatingActivities,ifrs-full_CashFlowsFromUsedInOperatingActivities|http://www.mkk.com.tr/2015/role/alternativeTotalLabel,901480189.0,TL,901480189.0,TRY,FLOW_ANNUAL,PARTIAL,1411771.0,False,
AGROT.IS:2024Q4,AGROT.IS,2024Q4,investing_cash_flow,ifrs-full_CashFlowsFromUsedInInvestingActivities,ifrs-full_CashFlowsFromUsedInInvestingActivities|http://www.mkk.com.tr/2015/role/alternativeTotalLabel,-405157580.0,TL,-405157580.0,TRY,FLOW_ANNUAL,PARTIAL,1411771.0,False,
AGROT.IS:2024Q4,AGROT.IS,2024Q4,fcf,DERIVED,DERIVED_CFO_PLUS_INVESTING_CASH_FLOW,,TL,496322609.0,TRY,FLOW_ANNUAL,PARTIAL,1411771.0,False,
AGROT.IS:2025Q1,AGROT.IS,2025Q1,revenue,ifrs-full_Revenue,ifrs-full_Revenue|,547536777.0,TL,547536777.0,TRY,FLOW_YTD,HIGH,1437707.0,False,
AGROT.IS:2025Q1,AGROT.IS,2025Q1,operating_profit,ifrs-full_ProfitLossFromOperatingActivities,ifrs-full_ProfitLossFromOperatingActivities|http://www.mkk.com.tr/2015/role/standartCapitalsLabel,-41103021.0,TL,-41103021.0,TRY,FLOW_YTD,PARTIAL,1437707.0,False,
AGROT.IS:2025Q1,AGROT.IS,2025Q1,ebitda,,,,TL,,,FLOW_YTD,PARTIAL,1437707.0,True,
AGROT.IS:2025Q1,AGROT.IS,2025Q1,net_income,ifrs-full_ProfitLoss,ifrs-full_ProfitLoss|http://www.mkk.com.tr/2015/role/standartCapitalsLabel,-69628418.0,TL,-69628418.0,TRY,FLOW_YTD,HIGH,1437707.0,False,
AGROT.IS:2025Q1,AGROT.IS,2025Q1,equity,ifrs-full_Equity,ifrs-full_Equity|http://www.xbrl.org/2003/role/totalLabel,6978663551.0,TL,6978663551.0,TRY,BALANCE_SHEET_POINT_IN_TIME,HIGH,1437707.0,False,
AGROT.IS:2025Q1,AGROT.IS,2025Q1,cfo,ifrs-full_CashFlowsFromUsedInOperatingActivities,ifrs-full_CashFlowsFromUsedInOperatingActivities|http://www.mkk.com.tr/2015/role/alternativeTotalLabel,629863096.0,TL,629863096.0,TRY,FLOW_YTD,PARTIAL,1437707.0,False,
AGROT.IS:2025Q1,AGROT.IS,2025Q1,investing_cash_flow,ifrs-full_CashFlowsFromUsedInInvestingActivities,ifrs-full_CashFlowsFromUsedInInvestingActivities|http://www.mkk.com.tr/2015/role/alternativeTotalLabel,-36247025.0,TL,-36247025.0,TRY,FLOW_YTD,PARTIAL,1437707.0,False,
AGROT.IS:2025Q1,AGROT.IS,2025Q1,fcf,DERIVED,DERIVED_CFO_PLUS_INVESTING_CASH_FLOW,,TL,593616071.0,TRY,FLOW_YTD,PARTIAL,1437707.0,False,
AGROT.IS:2025Q2,AGROT.IS,2025Q2,revenue,ifrs-full_Revenue,ifrs-full_Revenue|,1295737352.0,TL,1295737352.0,TRY,FLOW_YTD,HIGH,1481009.0,False,
AGROT.IS:2025Q2,AGROT.IS,2025Q2,operating_profit,ifrs-full_ProfitLossFromOperatingActivities,ifrs-full_ProfitLossFromOperatingActivities|http://www.mkk.com.tr/2015/role/standartCapitalsLabel,-221058531.0,TL,-221058531.0,TRY,FLOW_YTD,PARTIAL,1481009.0,False,
AGROT.IS:2025Q2,AGROT.IS,2025Q2,ebitda,,,,TL,,,FLOW_YTD,PARTIAL,1481009.0,True,
AGROT.IS:2025Q2,AGROT.IS,2025Q2,net_income,ifrs-full_ProfitLoss,ifrs-full_ProfitLoss|http://www.mkk.com.tr/2015/role/standartCapitalsLabel,-188682055.0,TL,-188682055.0,TRY,FLOW_YTD,HIGH,1481009.0,False,
AGROT.IS:2025Q2,AGROT.IS,2025Q2,equity,ifrs-full_Equity,ifrs-full_Equity|http://www.xbrl.org/2003/role/totalLabel,7292407074.0,TL,7292407074.0,TRY,BALANCE_SHEET_POINT_IN_TIME,HIGH,1481009.0,False,
AGROT.IS:2025Q2,AGROT.IS,2025Q2,cfo,ifrs-full_CashFlowsFromUsedInOperatingActivities,ifrs-full_CashFlowsFromUsedInOperatingActivities|http://www.mkk.com.tr/2015/role/alternativeTotalLabel,615173555.0,TL,615173555.0,TRY,FLOW_YTD,PARTIAL,1481009.0,False,
AGROT.IS:2025Q2,AGROT.IS,2025Q2,investing_cash_flow,ifrs-full_CashFlowsFromUsedInInvestingActivities,ifrs-full_CashFlowsFromUsedInInvestingActivities|http://www.mkk.com.tr/2015/role/alternativeTotalLabel,-88300172.0,TL,-88300172.0,TRY,FLOW_YTD,PARTIAL,1481009.0,False,
AGROT.IS:2025Q2,AGROT.IS,2025Q2,fcf,DERIVED,DERIVED_CFO_PLUS_INVESTING_CASH_FLOW,,TL,526873383.0,TRY,FLOW_YTD,PARTIAL,1481009.0,False,
AGROT.IS:2025Q3,AGROT.IS,2025Q3,revenue,ifrs-full_Revenue,ifrs-full_Revenue|,1856234429.0,TL,1856234429.0,TRY,FLOW_YTD,HIGH,1516216.0,False,
AGROT.IS:2025Q3,AGROT.IS,2025Q3,operating_profit,ifrs-full_ProfitLossFromOperatingActivities,ifrs-full_ProfitLossFromOperatingActivities|http://www.mkk.com.tr/2015/role/standartCapitalsLabel,-300220610.0,TL,-300220610.0,TRY,FLOW_YTD,PARTIAL,1516216.0,False,
AGROT.IS:2025Q3,AGROT.IS,2025Q3,ebitda,,,,TL,,,FLOW_YTD,PARTIAL,1516216.0,True,
AGROT.IS:2025Q3,AGROT.IS,2025Q3,net_income,ifrs-full_ProfitLoss,ifrs-full_ProfitLoss|http://www.mkk.com.tr/2015/role/standartCapitalsLabel,-370577695.0,TL,-370577695.0,TRY,FLOW_YTD,HIGH,1516216.0,False,
AGROT.IS:2025Q3,AGROT.IS,2025Q3,equity,ifrs-full_Equity,ifrs-full_Equity|http://www.xbrl.org/2003/role/totalLabel,7651560133.0,TL,7651560133.0,TRY,BALANCE_SHEET_POINT_IN_TIME,HIGH,1516216.0,False,
AGROT.IS:2025Q3,AGROT.IS,2025Q3,cfo,ifrs-full_CashFlowsFromUsedInOperatingActivities,ifrs-full_CashFlowsFromUsedInOperatingActivities|http://www.mkk.com.tr/2015/role/alternativeTotalLabel,470741703.0,TL,470741703.0,TRY,FLOW_YTD,PARTIAL,1516216.0,False,
AGROT.IS:2025Q3,AGROT.IS,2025Q3,investing_cash_flow,ifrs-full_CashFlowsFromUsedInInvestingActivities,ifrs-full_CashFlowsFromUsedInInvestingActivities|http://www.mkk.com.tr/2015/role/alternativeTotalLabel,-144622896.0,TL,-144622896.0,TRY,FLOW_YTD,PARTIAL,1516216.0,False,
AGROT.IS:2025Q3,AGROT.IS,2025Q3,fcf,DERIVED,DERIVED_CFO_PLUS_INVESTING_CASH_FLOW,,TL,326118807.0,TRY,FLOW_YTD,PARTIAL,1516216.0,False,
AGROT.IS:2025Q4,AGROT.IS,2025Q4,revenue,ifrs-full_Revenue,ifrs-full_Revenue|,2258802022.0,TL,2258802022.0,TRY,FLOW_ANNUAL,HIGH,1571044.0,False,
AGROT.IS:2025Q4,AGROT.IS,2025Q4,operating_profit,ifrs-full_ProfitLossFromOperatingActivities,ifrs-full_ProfitLossFromOperatingActivities|http://www.mkk.com.tr/2015/role/standartCapitalsLabel,-627786405.0,TL,-627786405.0,TRY,FLOW_ANNUAL,PARTIAL,1571044.0,False,
AGROT.IS:2025Q4,AGROT.IS,2025Q4,ebitda,,,,TL,,,FLOW_ANNUAL,PARTIAL,1571044.0,True,
AGROT.IS:2025Q4,AGROT.IS,2025Q4,net_income,ifrs-full_ProfitLoss,ifrs-full_ProfitLoss|http://www.mkk.com.tr/2015/role/standartCapitalsLabel,-640478110.0,TL,-640478110.0,TRY,FLOW_ANNUAL,HIGH,1571044.0,False,
AGROT.IS:2025Q4,AGROT.IS,2025Q4,equity,ifrs-full_Equity,ifrs-full_Equity|http://www.xbrl.org/2003/role/totalLabel,7366768059.0,TL,7366768059.0,TRY,BALANCE_SHEET_POINT_IN_TIME,HIGH,1571044.0,False,
AGROT.IS:2025Q4,AGROT.IS,2025Q4,cfo,ifrs-full_CashFlowsFromUsedInOperatingActivities,ifrs-full_CashFlowsFromUsedInOperatingActivities|http://www.mkk.com.tr/2015/role/alternativeTotalLabel,-165390218.0,TL,-165390218.0,TRY,FLOW_ANNUAL,PARTIAL,1571044.0,False,
AGROT.IS:2025Q4,AGROT.IS,2025Q4,investing_cash_flow,ifrs-full_CashFlowsFromUsedInInvestingActivities,ifrs-full_CashFlowsFromUsedInInvestingActivities|http://www.mkk.com.tr/2015/role/alternativeTotalLabel,167267266.0,TL,167267266.0,TRY,FLOW_ANNUAL,PARTIAL,1571044.0,False,
AGROT.IS:2025Q4,AGROT.IS,2025Q4,fcf,DERIVED,DERIVED_CFO_PLUS_INVESTING_CASH_FLOW,,TL,1877048.0,TRY,FLOW_ANNUAL,PARTIAL,1571044.0,False,
AGROT.IS:2026Q1,AGROT.IS,2026Q1,revenue,ifrs-full_Revenue,ifrs-full_Revenue|,687823413.0,TL,687823413.0,TRY,FLOW_YTD,HIGH,1605587.0,False,
AGROT.IS:2026Q1,AGROT.IS,2026Q1,operating_profit,ifrs-full_ProfitLossFromOperatingActivities,ifrs-full_ProfitLossFromOperatingActivities|http://www.mkk.com.tr/2015/role/standartCapitalsLabel,-83294969.0,TL,-83294969.0,TRY,FLOW_YTD,PARTIAL,1605587.0,False,
AGROT.IS:2026Q1,AGROT.IS,2026Q1,ebitda,,,,TL,,,FLOW_YTD,PARTIAL,1605587.0,True,
AGROT.IS:2026Q1,AGROT.IS,2026Q1,net_income,ifrs-full_ProfitLoss,ifrs-full_ProfitLoss|http://www.mkk.com.tr/2015/role/standartCapitalsLabel,-166416272.0,TL,-166416272.0,TRY,FLOW_YTD,HIGH,1605587.0,False,
AGROT.IS:2026Q1,AGROT.IS,2026Q1,equity,ifrs-full_Equity,ifrs-full_Equity|http://www.xbrl.org/2003/role/totalLabel,7938621214.0,TL,7938621214.0,TRY,BALANCE_SHEET_POINT_IN_TIME,HIGH,1605587.0,False,
AGROT.IS:2026Q1,AGROT.IS,2026Q1,cfo,ifrs-full_CashFlowsFromUsedInOperatingActivities,ifrs-full_CashFlowsFromUsedInOperatingActivities|http://www.mkk.com.tr/2015/role/alternativeTotalLabel,-145406365.0,TL,-145406365.0,TRY,FLOW_YTD,PARTIAL,1605587.0,False,
AGROT.IS:2026Q1,AGROT.IS,2026Q1,investing_cash_flow,ifrs-full_CashFlowsFromUsedInInvestingActivities,ifrs-full_CashFlowsFromUsedInInvestingActivities|http://www.mkk.com.tr/2015/role/alternativeTotalLabel,-77006738.0,TL,-77006738.0,TRY,FLOW_YTD,PARTIAL,1605587.0,False,
AGROT.IS:2026Q1,AGROT.IS,2026Q1,fcf,DERIVED,DERIVED_CFO_PLUS_INVESTING_CASH_FLOW,,TL,-222413103.0,TRY,FLOW_YTD,PARTIAL,1605587.0,False,
AGROT.IS:2026Q2,AGROT.IS,2026Q2,revenue,ifrs-full_Revenue,ifrs-full_Revenue|,1051811193.0,TL,1051811193.0,TRY,FLOW_YTD,HIGH,1648255.0,False,
AGROT.IS:2026Q2,AGROT.IS,2026Q2,operating_profit,ifrs-full_ProfitLossFromOperatingActivities,ifrs-full_ProfitLossFromOperatingActivities|http://www.mkk.com.tr/2015/role/standartCapitalsLabel,-104788049.0,TL,-104788049.0,TRY,FLOW_YTD,PARTIAL,1648255.0,False,
AGROT.IS:2026Q2,AGROT.IS,2026Q2,ebitda,,,,TL,,,FLOW_YTD,PARTIAL,1648255.0,True,
AGROT.IS:2026Q2,AGROT.IS,2026Q2,net_income,ifrs-full_ProfitLoss,ifrs-full_ProfitLoss|http://www.mkk.com.tr/2015/role/standartCapitalsLabel,-126781517.0,TL,-126781517.0,TRY,FLOW_YTD,HIGH,1648255.0,False,
AGROT.IS:2026Q2,AGROT.IS,2026Q2,equity,ifrs-full_Equity,ifrs-full_Equity|http://www.xbrl.org/2003/role/totalLabel,8586165208.0,TL,8586165208.0,TRY,BALANCE_SHEET_POINT_IN_TIME,HIGH,1648255.0,False,
AGROT.IS:2026Q2,AGROT.IS,2026Q2,cfo,ifrs-full_CashFlowsFromUsedInOperatingActivities,ifrs-full_CashFlowsFromUsedInOperatingActivities|http://www.mkk.com.tr/2015/role/alternativeTotalLabel,-8161910.0,TL,-8161910.0,TRY,FLOW_YTD,PARTIAL,1648255.0,False,
AGROT.IS:2026Q2,AGROT.IS,2026Q2,investing_cash_flow,ifrs-full_CashFlowsFromUsedInInvestingActivities,ifrs-full_CashFlowsFromUsedInInvestingActivities|http://www.mkk.com.tr/2015/role/alternativeTotalLabel,-202507093.0,TL,-202507093.0,TRY,FLOW_YTD,PARTIAL,1648255.0,False,
AGROT.IS:2026Q2,AGROT.IS,2026Q2,fcf,DERIVED,DERIVED_CFO_PLUS_INVESTING_CASH_FLOW,,TL,-210669003.0,TRY,FLOW_YTD,PARTIAL,1648255.0,False,
AKBNK.IS:2018Q1,AKBNK.IS,2018Q1,revenue,,,,1.000 TL,,,FLOW_YTD,HIGH,678901.0,True,
AKBNK.IS:2018Q1,AKBNK.IS,2018Q1,operating_profit,ifrs-full_ProfitLossFromOperatingActivities,ifrs-full_ProfitLossFromOperatingActivities|http://www.xbrl.org/2009/role/netLabel,1996358.0,1.000 TL,1996358000.0,TRY,FLOW_YTD,PARTIAL,678901.0,False,
AKBNK.IS:2018Q1,AKBNK.IS,2018Q1,ebitda,,,,1.000 TL,,,FLOW_YTD,PARTIAL,678901.0,True,
AKBNK.IS:2018Q1,AKBNK.IS,2018Q1,net_income,ifrs-full_ProfitLoss,ifrs-full_ProfitLoss|http://www.mkk.com.tr/2015/role/alternativeNetlLabel,1709214.0,1.000 TL,1709214000.0,TRY,FLOW_YTD,HIGH,678901.0,False,
AKBNK.IS:2018Q1,AKBNK.IS,2018Q1,equity,ifrs-full_Equity,ifrs-full_Equity|http://www.mkk.com.tr/2015/role/standartCapitalsLabel,39768565.0,1.000 TL,39768565000.0,TRY,BALANCE_SHEET_POINT_IN_TIME,HIGH,678901.0,False,
AKBNK.IS:2018Q1,AKBNK.IS,2018Q1,cfo,,,,1.000 TL,,,FLOW_YTD,PARTIAL,678901.0,True,
AKBNK.IS:2018Q1,AKBNK.IS,2018Q1,investing_cash_flow,ifrs-full_CashFlowsFromUsedInInvestingActivities,ifrs-full_CashFlowsFromUsedInInvestingActivities|http://www.mkk.com.tr/2015/role/alternativeNetlLabel,2416671.0,1.000 TL,2416671000.0,TRY,FLOW_YTD,PARTIAL,678901.0,False,
AKBNK.IS:2018Q1,AKBNK.IS,2018Q1,fcf,DERIVED,,,1.000 TL,,,FLOW_YTD,PARTIAL,678901.0,True,
AKBNK.IS:2018Q2,AKBNK.IS,2018Q2,revenue,,,,1.000 TL,,,FLOW_YTD,HIGH,697681.0,True,
AKBNK.IS:2018Q2,AKBNK.IS,2018Q2,operating_profit,ifrs-full_ProfitLossFromOperatingActivities,ifrs-full_ProfitLossFromOperatingActivities|http://www.xbrl.org/2009/role/netLabel,3813403.0,1.000 TL,3813403000.0,TRY,FLOW_YTD,PARTIAL,697681.0,False,
AKBNK.IS:2018Q2,AKBNK.IS,2018Q2,ebitda,,,,1.000 TL,,,FLOW_YTD,PARTIAL,697681.0,True,
AKBNK.IS:2018Q2,AKBNK.IS,2018Q2,net_income,ifrs-full_ProfitLoss,ifrs-full_ProfitLoss|http://www.mkk.com.tr/2015/role/alternativeNetlLabel,3311609.0,1.000 TL,3311609000.0,TRY,FLOW_YTD,HIGH,697681.0,False,
AKBNK.IS:2018Q2,AKBNK.IS,2018Q2,equity,ifrs-full_Equity,ifrs-full_Equity|http://www.mkk.com.tr/2015/role/standartCapitalsLabel,41104203.0,1.000 TL,41104203000.0,TRY,BALANCE_SHEET_POINT_IN_TIME,HIGH,697681.0,False,
AKBNK.IS:2018Q2,AKBNK.IS,2018Q2,cfo,,,,1.000 TL,,,FLOW_YTD,PARTIAL,697681.0,True,
AKBNK.IS:2018Q2,AKBNK.IS,2018Q2,investing_cash_flow,ifrs-full_CashFlowsFromUsedInInvestingActivities,ifrs-full_CashFlowsFromUsedInInvestingActivities|http://www.mkk.com.tr/2015/role/alternativeNetlLabel,-1486554.0,1.000 TL,-1486554000.0,TRY,FLOW_YTD,PARTIAL,697681.0,False,
AKBNK.IS:2018Q2,AKBNK.IS,2018Q2,fcf,DERIVED,,,1.000 TL,,,FLOW_YTD,PARTIAL,697681.0,True,
AKBNK.IS:2018Q3,AKBNK.IS,2018Q3,revenue,,,,1.000 TL,,,FLOW_YTD,HIGH,715324.0,True,
AKBNK.IS:2018Q3,AKBNK.IS,2018Q3,operating_profit,ifrs-full_ProfitLossFromOperatingActivities,ifrs-full_ProfitLossFromOperatingActivities|http://www.xbrl.org/2009/role/netLabel,5517296.0,1.000 TL,5517296000.0,TRY,FLOW_YTD,PARTIAL,715324.0,False,
AKBNK.IS:2018Q3,AKBNK.IS,2018Q3,ebitda,,,,1.000 TL,,,FLOW_YTD,PARTIAL,715324.0,True,
AKBNK.IS:2018Q3,AKBNK.IS,2018Q3,net_income,ifrs-full_ProfitLoss,ifrs-full_ProfitLoss|http://www.mkk.com.tr/2015/role/alternativeNetlLabel,4638843.0,1.000 TL,4638843000.0,TRY,FLOW_YTD,HIGH,715324.0,False,
AKBNK.IS:2018Q3,AKBNK.IS,2018Q3,equity,ifrs-full_Equity,ifrs-full_Equity|http://www.mkk.com.tr/2015/role/standartCapitalsLabel,42163132.0,1.000 TL,42163132000.0,TRY,BALANCE_SHEET_POINT_IN_TIME,HIGH,715324.0,False,
AKBNK.IS:2018Q3,AKBNK.IS,2018Q3,cfo,,,,1.000 TL,,,FLOW_YTD,PARTIAL,715324.0,True,
AKBNK.IS:2018Q3,AKBNK.IS,2018Q3,investing_cash_flow,ifrs-full_CashFlowsFromUsedInInvestingActivities,ifrs-full_CashFlowsFromUsedInInvestingActivities|http://www.mkk.com.tr/2015/role/alternativeNetlLabel,-1652522.0,1.000 TL,-1652522000.0,TRY,FLOW_YTD,PARTIAL,715324.0,False,
AKBNK.IS:2018Q3,AKBNK.IS,2018Q3,fcf,DERIVED,,,1.000 TL,,,FLOW_YTD,PARTIAL,715324.0,True,
AKBNK.IS:2018Q4,AKBNK.IS,2018Q4,revenue,,,,1.000 TL,,,FLOW_ANNUAL,HIGH,736768.0,True,
AKBNK.IS:2018Q4,AKBNK.IS,2018Q4,operating_profit,ifrs-full_ProfitLossFromOperatingActivities,ifrs-full_ProfitLossFromOperatingActivities|http://www.xbrl.org/2009/role/netLabel,6670897.0,1.000 TL,6670897000.0,TRY,FLOW_ANNUAL,PARTIAL,736768.0,False,
AKBNK.IS:2018Q4,AKBNK.IS,2018Q4,ebitda,,,,1.000 TL,,,FLOW_ANNUAL,PARTIAL,736768.0,True,
AKBNK.IS:2018Q4,AKBNK.IS,2018Q4,net_income,ifrs-full_ProfitLoss,ifrs-full_ProfitLoss|http://www.mkk.com.tr/2015/role/alternativeNetlLabel,5689644.0,1.000 TL,5689644000.0,TRY,FLOW_ANNUAL,HIGH,736768.0,False,
AKBNK.IS:2018Q4,AKBNK.IS,2018Q4,equity,ifrs-full_Equity,ifrs-full_Equity|http://www.mkk.com.tr/2015/role/standartCapitalsLabel,42910657.0,1.000 TL,42910657000.0,TRY,BALANCE_SHEET_POINT_IN_TIME,HIGH,736768.0,False,
AKBNK.IS:2018Q4,AKBNK.IS,2018Q4,cfo,,,,1.000 TL,,,FLOW_ANNUAL,PARTIAL,736768.0,True,
AKBNK.IS:2018Q4,AKBNK.IS,2018Q4,investing_cash_flow,ifrs-full_CashFlowsFromUsedInInvestingActivities,ifrs-full_CashFlowsFromUsedInInvestingActivities|http://www.mkk.com.tr/2015/role/alternativeNetlLabel,3933041.0,1.000 TL,3933041000.0,TRY,FLOW_ANNUAL,PARTIAL,736768.0,False,
AKBNK.IS:2018Q4,AKBNK.IS,2018Q4,fcf,DERIVED,,,1.000 TL,,,FLOW_ANNUAL,PARTIAL,736768.0,True,
AKBNK.IS:2019Q1,AKBNK.IS,2019Q1,revenue,,,,1.000 TL,,,FLOW_YTD,HIGH,758393.0,True,
AKBNK.IS:2019Q1,AKBNK.IS,2019Q1,operating_profit,ifrs-full_ProfitLossFromOperatingActivities,ifrs-full_ProfitLossFromOperatingActivities|http://www.xbrl.org/2009/role/netLabel,1645353.0,1.000 TL,1645353000.0,TRY,FLOW_YTD,PARTIAL,758393.0,False,
AKBNK.IS:2019Q1,AKBNK.IS,2019Q1,ebitda,,,,1.000 TL,,,FLOW_YTD,PARTIAL,758393.0,True,
AKBNK.IS:2019Q1,AKBNK.IS,2019Q1,net_income,ifrs-full_ProfitLoss,ifrs-full_ProfitLoss|http://www.mkk.com.tr/2015/role/alternativeNetlLabel,1412532.0,1.000 TL,1412532000.0,TRY,FLOW_YTD,HIGH,758393.0,False,
AKBNK.IS:2019Q1,AKBNK.IS,2019Q1,equity,ifrs-full_Equity,ifrs-full_Equity|http://www.mkk.com.tr/2015/role/standartCapitalsLabel,48547438.0,1.000 TL,48547438000.0,TRY,BALANCE_SHEET_POINT_IN_TIME,HIGH,758393.0,False,
AKBNK.IS:2019Q1,AKBNK.IS,2019Q1,cfo,,,,1.000 TL,,,FLOW_YTD,PARTIAL,758393.0,True,
AKBNK.IS:2019Q1,AKBNK.IS,2019Q1,investing_cash_flow,ifrs-full_CashFlowsFromUsedInInvestingActivities,ifrs-full_CashFlowsFromUsedInInvestingActivities|http://www.mkk.com.tr/2015/role/alternativeNetlLabel,-3332282.0,1.000 TL,-3332282000.0,TRY,FLOW_YTD,PARTIAL,758393.0,False,
AKBNK.IS:2019Q1,AKBNK.IS,2019Q1,fcf,DERIVED,,,1.000 TL,,,FLOW_YTD,PARTIAL,758393.0,True,
AKBNK.IS:2019Q2,AKBNK.IS,2019Q2,revenue,,,,1.000 TL,,,FLOW_YTD,HIGH,776837.0,True,
AKBNK.IS:2019Q2,AKBNK.IS,2019Q2,operating_profit,ifrs-full_ProfitLossFromOperatingActivities,ifrs-full_ProfitLossFromOperatingActivities|http://www.xbrl.org/2009/role/netLabel,3060105.0,1.000 TL,3060105000.0,TRY,FLOW_YTD,PARTIAL,776837.0,False,
AKBNK.IS:2019Q2,AKBNK.IS,2019Q2,ebitda,,,,1.000 TL,,,FLOW_YTD,PARTIAL,776837.0,True,
AKBNK.IS:2019Q2,AKBNK.IS,2019Q2,net_income,ifrs-full_ProfitLoss,ifrs-full_ProfitLoss|http://www.mkk.com.tr/2015/role/alternativeNetlLabel,2690654.0,1.000 TL,2690654000.0,TRY,FLOW_YTD,HIGH,776837.0,False,
AKBNK.IS:2019Q2,AKBNK.IS,2019Q2,equity,ifrs-full_Equity,ifrs-full_Equity|http://www.mkk.com.tr/2015/role/standartCapitalsLabel,50196803.0,1.000 TL,50196803000.0,TRY,BALANCE_SHEET_POINT_IN_TIME,HIGH,776837.0,False,
AKBNK.IS:2019Q2,AKBNK.IS,2019Q2,cfo,,,,1.000 TL,,,FLOW_YTD,PARTIAL,776837.0,True,
AKBNK.IS:2019Q2,AKBNK.IS,2019Q2,investing_cash_flow,ifrs-full_CashFlowsFromUsedInInvestingActivities,ifrs-full_CashFlowsFromUsedInInvestingActivities|http://www.mkk.com.tr/2015/role/alternativeNetlLabel,-6970770.0,1.000 TL,-6970770000.0,TRY,FLOW_YTD,PARTIAL,776837.0,False,
AKBNK.IS:2019Q2,AKBNK.IS,2019Q2,fcf,DERIVED,,,1.000 TL,,,FLOW_YTD,PARTIAL,776837.0,True,
AKBNK.IS:2019Q3,AKBNK.IS,2019Q3,revenue,,,,1.000 TL,,,FLOW_YTD,HIGH,794877.0,True,
AKBNK.IS:2019Q3,AKBNK.IS,2019Q3,operating_profit,ifrs-full_ProfitLossFromOperatingActivities,ifrs-full_ProfitLossFromOperatingActivities|http://www.xbrl.org/2009/role/netLabel,4635633.0,1.000 TL,4635633000.0,TRY,FLOW_YTD,PARTIAL,794877.0,False,
AKBNK.IS:2019Q3,AKBNK.IS,2019Q3,ebitda,,,,1.000 TL,,,FLOW_YTD,PARTIAL,794877.0,True,
AKBNK.IS:2019Q3,AKBNK.IS,2019Q3,net_income,ifrs-full_ProfitLoss,ifrs-full_ProfitLoss|http://www.mkk.com.tr/2015/role/alternativeNetlLabel,4087953.0,1.000 TL,4087953000.0,TRY,FLOW_YTD,HIGH,794877.0,False,
AKBNK.IS:2019Q3,AKBNK.IS,2019Q3,equity,ifrs-full_Equity,ifrs-full_Equity|http://www.mkk.com.tr/2015/role/standartCapitalsLabel,51902235.0,1.000 TL,51902235000.0,TRY,BALANCE_SHEET_POINT_IN_TIME,HIGH,794877.0,False,
AKBNK.IS:2019Q3,AKBNK.IS,2019Q3,cfo,,,,1.000 TL,,,FLOW_YTD,PARTIAL,794877.0,True,
AKBNK.IS:2019Q3,AKBNK.IS,2019Q3,investing_cash_flow,ifrs-full_CashFlowsFromUsedInInvestingActivities,ifrs-full_CashFlowsFromUsedInInvestingActivities|http://www.mkk.com.tr/2015/role/alternativeNetlLabel,-18728832.0,1.000 TL,-18728832000.0,TRY,FLOW_YTD,PARTIAL,794877.0,False,
AKBNK.IS:2019Q3,AKBNK.IS,2019Q3,fcf,DERIVED,,,1.000 TL,,,FLOW_YTD,PARTIAL,794877.0,True,
AKBNK.IS:2019Q4,AKBNK.IS,2019Q4,revenue,,,,1.000 TL,,,FLOW_ANNUAL,HIGH,816358.0,True,
AKBNK.IS:2019Q4,AKBNK.IS,2019Q4,operating_profit,ifrs-full_ProfitLossFromOperatingActivities,ifrs-full_ProfitLossFromOperatingActivities|http://www.xbrl.org/2009/role/netLabel,6160964.0,1.000 TL,6160964000.0,TRY,FLOW_ANNUAL,PARTIAL,816358.0,False,
AKBNK.IS:2019Q4,AKBNK.IS,2019Q4,ebitda,,,,1.000 TL,,,FLOW_ANNUAL,PARTIAL,816358.0,True,
AKBNK.IS:2019Q4,AKBNK.IS,2019Q4,net_income,ifrs-full_ProfitLoss,ifrs-full_ProfitLoss|http://www.mkk.com.tr/2015/role/alternativeNetlLabel,5417468.0,1.000 TL,5417468000.0,TRY,FLOW_ANNUAL,HIGH,816358.0,False,
AKBNK.IS:2019Q4,AKBNK.IS,2019Q4,equity,ifrs-full_Equity,ifrs-full_Equity|http://www.mkk.com.tr/2015/role/standartCapitalsLabel,54116424.0,1.000 TL,54116424000.0,TRY,BALANCE_SHEET_POINT_IN_TIME,HIGH,816358.0,False,
AKBNK.IS:2019Q4,AKBNK.IS,2019Q4,cfo,,,,1.000 TL,,,FLOW_ANNUAL,PARTIAL,816358.0,True,
AKBNK.IS:2019Q4,AKBNK.IS,2019Q4,investing_cash_flow,ifrs-full_CashFlowsFromUsedInInvestingActivities,ifrs-full_CashFlowsFromUsedInInvestingActivities|http://www.mkk.com.tr/2015/role/alternativeNetlLabel,-23616873.0,1.000 TL,-23616873000.0,TRY,FLOW_ANNUAL,PARTIAL,816358.0,False,
AKBNK.IS:2019Q4,AKBNK.IS,2019Q4,fcf,DERIVED,,,1.000 TL,,,FLOW_ANNUAL,PARTIAL,816358.0,True,
AKBNK.IS:2020Q1,AKBNK.IS,2020Q1,revenue,,,,1.000 TL,,,FLOW_YTD,HIGH,840901.0,True,
AKBNK.IS:2020Q1,AKBNK.IS,2020Q1,operating_profit,ifrs-full_ProfitLossFromOperatingActivities,ifrs-full_ProfitLossFromOperatingActivities|http://www.xbrl.org/2009/role/netLabel,1538372.0,1.000 TL,1538372000.0,TRY,FLOW_YTD,PARTIAL,840901.0,False,
AKBNK.IS:2020Q1,AKBNK.IS,2020Q1,ebitda,,,,1.000 TL,,,FLOW_YTD,PARTIAL,840901.0,True,
AKBNK.IS:2020Q1,AKBNK.IS,2020Q1,net_income,ifrs-full_ProfitLoss,ifrs-full_ProfitLoss|http://www.mkk.com.tr/2015/role/alternativeNetlLabel,1310047.0,1.000 TL,1310047000.0,TRY,FLOW_YTD,HIGH,840901.0,False,
AKBNK.IS:2020Q1,AKBNK.IS,2020Q1,equity,ifrs-full_Equity,ifrs-full_Equity|http://www.mkk.com.tr/2015/role/standartCapitalsLabel,55903518.0,1.000 TL,55903518000.0,TRY,BALANCE_SHEET_POINT_IN_TIME,HIGH,840901.0,False,
AKBNK.IS:2020Q1,AKBNK.IS,2020Q1,cfo,,,,1.000 TL,,,FLOW_YTD,PARTIAL,840901.0,True,
AKBNK.IS:2020Q1,AKBNK.IS,2020Q1,investing_cash_flow,ifrs-full_CashFlowsFromUsedInInvestingActivities,ifrs-full_CashFlowsFromUsedInInvestingActivities|http://www.mkk.com.tr/2015/role/alternativeNetlLabel,-5786034.0,1.000 TL,-5786034000.0,TRY,FLOW_YTD,PARTIAL,840901.0,False,
AKBNK.IS:2020Q1,AKBNK.IS,2020Q1,fcf,DERIVED,,,1.000 TL,,,FLOW_YTD,PARTIAL,840901.0,True,
AKBNK.IS:2020Q2,AKBNK.IS,2020Q2,revenue,,,,1.000 TL,,,FLOW_YTD,HIGH,862767.0,True,
AKBNK.IS:2020Q2,AKBNK.IS,2020Q2,operating_profit,ifrs-full_ProfitLossFromOperatingActivities,ifrs-full_ProfitLossFromOperatingActivities|http://www.xbrl.org/2009/role/netLabel,3334144.0,1.000 TL,3334144000.0,TRY,FLOW_YTD,PARTIAL,862767.0,False,
AKBNK.IS:2020Q2,AKBNK.IS,2020Q2,ebitda,,,,1.000 TL,,,FLOW_YTD,PARTIAL,862767.0,True,
AKBNK.IS:2020Q2,AKBNK.IS,2020Q2,net_income,ifrs-full_ProfitLoss,ifrs-full_ProfitLoss|http://www.mkk.com.tr/2015/role/alternativeNetlLabel,2896295.0,1.000 TL,2896295000.0,TRY,FLOW_YTD,HIGH,862767.0,False,
AKBNK.IS:2020Q2,AKBNK.IS,2020Q2,equity,ifrs-full_Equity,ifrs-full_Equity|http://www.mkk.com.tr/2015/role/standartCapitalsLabel,58445389.0,1.000 TL,58445389000.0,TRY,BALANCE_SHEET_POINT_IN_TIME,HIGH,862767.0,False,
AKBNK.IS:2020Q2,AKBNK.IS,2020Q2,cfo,,,,1.000 TL,,,FLOW_YTD,PARTIAL,862767.0,True,
AKBNK.IS:2020Q2,AKBNK.IS,2020Q2,investing_cash_flow,ifrs-full_CashFlowsFromUsedInInvestingActivities,ifrs-full_CashFlowsFromUsedInInvestingActivities|http://www.mkk.com.tr/2015/role/alternativeNetlLabel,-10735773.0,1.000 TL,-10735773000.0,TRY,FLOW_YTD,PARTIAL,862767.0,False,
AKBNK.IS:2020Q2,AKBNK.IS,2020Q2,fcf,DERIVED,,,1.000 TL,,,FLOW_YTD,PARTIAL,862767.0,True,
AKBNK.IS:2020Q3,AKBNK.IS,2020Q3,revenue,,,,1.000 TL,,,FLOW_YTD,HIGH,884402.0,True,
AKBNK.IS:2020Q3,AKBNK.IS,2020Q3,operating_profit,ifrs-full_ProfitLossFromOperatingActivities,ifrs-full_ProfitLossFromOperatingActivities|http://www.xbrl.org/2009/role/netLabel,5032093.0,1.000 TL,5032093000.0,TRY,FLOW_YTD,PARTIAL,884402.0,False,
AKBNK.IS:2020Q3,AKBNK.IS,2020Q3,ebitda,,,,1.000 TL,,,FLOW_YTD,PARTIAL,884402.0,True,
AKBNK.IS:2020Q3,AKBNK.IS,2020Q3,net_income,ifrs-full_ProfitLoss,ifrs-full_ProfitLoss|http://www.mkk.com.tr/2015/role/alternativeNetlLabel,4419094.0,1.000 TL,4419094000.0,TRY,FLOW_YTD,HIGH,884402.0,False,
AKBNK.IS:2020Q3,AKBNK.IS,2020Q3,equity,ifrs-full_Equity,ifrs-full_Equity|http://www.mkk.com.tr/2015/role/standartCapitalsLabel,61426744.0,1.000 TL,61426744000.0,TRY,BALANCE_SHEET_POINT_IN_TIME,HIGH,884402.0,False,
AKBNK.IS:2020Q3,AKBNK.IS,2020Q3,cfo,,,,1.000 TL,,,FLOW_YTD,PARTIAL,884402.0,True,
AKBNK.IS:2020Q3,AKBNK.IS,2020Q3,investing_cash_flow,ifrs-full_CashFlowsFromUsedInInvestingActivities,ifrs-full_CashFlowsFromUsedInInvestingActivities|http://www.mkk.com.tr/2015/role/alternativeNetlLabel,-10885960.0,1.000 TL,-10885960000.0,TRY,FLOW_YTD,PARTIAL,884402.0,False,
AKBNK.IS:2020Q3,AKBNK.IS,2020Q3,fcf,DERIVED,,,1.000 TL,,,FLOW_YTD,PARTIAL,884402.0,True,
AKBNK.IS:2020Q4,AKBNK.IS,2020Q4,revenue,,,,1.000 TL,,,FLOW_ANNUAL,HIGH,907036.0,True,
AKBNK.IS:2020Q4,AKBNK.IS,2020Q4,operating_profit,ifrs-full_ProfitLossFromOperatingActivities,ifrs-full_ProfitLossFromOperatingActivities|http://www.xbrl.org/2009/role/netLabel,6989086.0,1.000 TL,6989086000.0,TRY,FLOW_ANNUAL,PARTIAL,907036.0,False,
AKBNK.IS:2020Q4,AKBNK.IS,2020Q4,ebitda,,,,1.000 TL,,,FLOW_ANNUAL,PARTIAL,907036.0,True,
AKBNK.IS:2020Q4,AKBNK.IS,2020Q4,net_income,ifrs-full_ProfitLoss,ifrs-full_ProfitLoss|http://www.mkk.com.tr/2015/role/alternativeNetlLabel,6267167.0,1.000 TL,6267167000.0,TRY,FLOW_ANNUAL,HIGH,907036.0,False,
AKBNK.IS:2020Q4,AKBNK.IS,2020Q4,equity,ifrs-full_Equity,ifrs-full_Equity|http://www.mkk.com.tr/2015/role/standartCapitalsLabel,63786711.0,1.000 TL,63786711000.0,TRY,BALANCE_SHEET_POINT_IN_TIME,HIGH,907036.0,False,
AKBNK.IS:2020Q4,AKBNK.IS,2020Q4,cfo,,,,1.000 TL,,,FLOW_ANNUAL,PARTIAL,907036.0,True,
AKBNK.IS:2020Q4,AKBNK.IS,2020Q4,investing_cash_flow,ifrs-full_CashFlowsFromUsedInInvestingActivities,ifrs-full_CashFlowsFromUsedInInvestingActivities|http://www.mkk.com.tr/2015/role/alternativeNetlLabel,-11068205.0,1.000 TL,-11068205000.0,TRY,FLOW_ANNUAL,PARTIAL,907036.0,False,
AKBNK.IS:2020Q4,AKBNK.IS,2020Q4,fcf,DERIVED,,,1.000 TL,,,FLOW_ANNUAL,PARTIAL,907036.0,True,
AKBNK.IS:2021Q1,AKBNK.IS,2021Q1,revenue,,,,1.000 TL,,,FLOW_YTD,HIGH,931903.0,True,
AKBNK.IS:2021Q1,AKBNK.IS,2021Q1,operating_profit,ifrs-full_ProfitLossFromOperatingActivities,ifrs-full_ProfitLossFromOperatingActivities|http://www.xbrl.org/2009/role/netLabel,2105419.0,1.000 TL,2105419000.0,TRY,FLOW_YTD,PARTIAL,931903.0,False,
AKBNK.IS:2021Q1,AKBNK.IS,2021Q1,ebitda,,,,1.000 TL,,,FLOW_YTD,PARTIAL,931903.0,True,
AKBNK.IS:2021Q1,AKBNK.IS,2021Q1,net_income,ifrs-full_ProfitLoss,ifrs-full_ProfitLoss|http://www.mkk.com.tr/2015/role/alternativeNetlLabel,2027296.0,1.000 TL,2027296000.0,TRY,FLOW_YTD,HIGH,931903.0,False,
AKBNK.IS:2021Q1,AKBNK.IS,2021Q1,equity,ifrs-full_Equity,ifrs-full_Equity|http://www.mkk.com.tr/2015/role/standartCapitalsLabel,65762769.0,1.000 TL,65762769000.0,TRY,BALANCE_SHEET_POINT_IN_TIME,HIGH,931903.0,False,
AKBNK.IS:2021Q1,AKBNK.IS,2021Q1,cfo,,,,1.000 TL,,,FLOW_YTD,PARTIAL,931903.0,True,
AKBNK.IS:2021Q1,AKBNK.IS,2021Q1,investing_cash_flow,ifrs-full_CashFlowsFromUsedInInvestingActivities,ifrs-full_CashFlowsFromUsedInInvestingActivities|http://www.mkk.com.tr/2015/role/alternativeNetlLabel,-6415725.0,1.000 TL,-6415725000.0,TRY,FLOW_YTD,PARTIAL,931903.0,False,
AKBNK.IS:2021Q1,AKBNK.IS,2021Q1,fcf,DERIVED,,,1.000 TL,,,FLOW_YTD,PARTIAL,931903.0,True,
AKBNK.IS:2021Q2,AKBNK.IS,2021Q2,revenue,,,,1.000 TL,,,FLOW_YTD,HIGH,952364.0,True,
AKBNK.IS:2021Q2,AKBNK.IS,2021Q2,operating_profit,ifrs-full_ProfitLossFromOperatingActivities,ifrs-full_ProfitLossFromOperatingActivities|http://www.xbrl.org/2009/role/netLabel,4673412.0,1.000 TL,4673412000.0,TRY,FLOW_YTD,PARTIAL,952364.0,False,
AKBNK.IS:2021Q2,AKBNK.IS,2021Q2,ebitda,,,,1.000 TL,,,FLOW_YTD,PARTIAL,952364.0,True,
AKBNK.IS:2021Q2,AKBNK.IS,2021Q2,net_income,ifrs-full_ProfitLoss,ifrs-full_ProfitLoss|http://www.mkk.com.tr/2015/role/alternativeNetlLabel,4132166.0,1.000 TL,4132166000.0,TRY,FLOW_YTD,HIGH,952364.0,False,
AKBNK.IS:2021Q2,AKBNK.IS,2021Q2,equity,ifrs-full_Equity,ifrs-full_Equity|http://www.mkk.com.tr/2015/role/standartCapitalsLabel,69063313.0,1.000 TL,69063313000.0,TRY,BALANCE_SHEET_POINT_IN_TIME,HIGH,952364.0,False,
AKBNK.IS:2021Q2,AKBNK.IS,2021Q2,cfo,,,,1.000 TL,,,FLOW_YTD,PARTIAL,952364.0,True,
AKBNK.IS:2021Q2,AKBNK.IS,2021Q2,investing_cash_flow,ifrs-full_CashFlowsFromUsedInInvestingActivities,ifrs-full_CashFlowsFromUsedInInvestingActivities|http://www.mkk.com.tr/2015/role/alternativeNetlLabel,-12717039.0,1.000 TL,-12717039000.0,TRY,FLOW_YTD,PARTIAL,952364.0,False,
AKBNK.IS:2021Q2,AKBNK.IS,2021Q2,fcf,DERIVED,,,1.000 TL,,,FLOW_YTD,PARTIAL,952364.0,True,
AKBNK.IS:2021Q3,AKBNK.IS,2021Q3,revenue,,,,1.000 TL,,,FLOW_YTD,HIGH,972530.0,True,
AKBNK.IS:2021Q3,AKBNK.IS,2021Q3,operating_profit,ifrs-full_ProfitLossFromOperatingActivities,ifrs-full_ProfitLossFromOperatingActivities|http://www.xbrl.org/2009/role/netLabel,8524848.0,1.000 TL,8524848000.0,TRY,FLOW_YTD,PARTIAL,972530.0,False,
AKBNK.IS:2021Q3,AKBNK.IS,2021Q3,ebitda,,,,1.000 TL,,,FLOW_YTD,PARTIAL,972530.0,True,
AKBNK.IS:2021Q3,AKBNK.IS,2021Q3,net_income,ifrs-full_ProfitLoss,ifrs-full_ProfitLoss|http://www.mkk.com.tr/2015/role/alternativeNetlLabel,7342714.0,1.000 TL,7342714000.0,TRY,FLOW_YTD,HIGH,972530.0,False,
AKBNK.IS:2021Q3,AKBNK.IS,2021Q3,equity,ifrs-full_Equity,ifrs-full_Equity|http://www.mkk.com.tr/2015/role/standartCapitalsLabel,72310689.0,1.000 TL,72310689000.0,TRY,BALANCE_SHEET_POINT_IN_TIME,HIGH,972530.0,False,
AKBNK.IS:2021Q3,AKBNK.IS,2021Q3,cfo,,,,1.000 TL,,,FLOW_YTD,PARTIAL,972530.0,True,
AKBNK.IS:2021Q3,AKBNK.IS,2021Q3,investing_cash_flow,ifrs-full_CashFlowsFromUsedInInvestingActivities,ifrs-full_CashFlowsFromUsedInInvestingActivities|http://www.mkk.com.tr/2015/role/alternativeNetlLabel,-21915100.0,1.000 TL,-21915100000.0,TRY,FLOW_YTD,PARTIAL,972530.0,False,
AKBNK.IS:2021Q3,AKBNK.IS,2021Q3,fcf,DERIVED,,,1.000 TL,,,FLOW_YTD,PARTIAL,972530.0,True,
AKBNK.IS:2021Q4,AKBNK.IS,2021Q4,revenue,,,,1.000 TL,,,FLOW_ANNUAL,HIGH,998625.0,True,
AKBNK.IS:2021Q4,AKBNK.IS,2021Q4,operating_profit,ifrs-full_ProfitLossFromOperatingActivities,ifrs-full_ProfitLossFromOperatingActivities|http://www.xbrl.org/2009/role/netLabel,14508623.0,1.000 TL,14508623000.0,TRY,FLOW_ANNUAL,PARTIAL,998625.0,False,
AKBNK.IS:2021Q4,AKBNK.IS,2021Q4,ebitda,,,,1.000 TL,,,FLOW_ANNUAL,PARTIAL,998625.0,True,
AKBNK.IS:2021Q4,AKBNK.IS,2021Q4,net_income,ifrs-full_ProfitLoss,ifrs-full_ProfitLoss|http://www.mkk.com.tr/2015/role/alternativeNetlLabel,12125908.0,1.000 TL,12125908000.0,TRY,FLOW_ANNUAL,HIGH,998625.0,False,
AKBNK.IS:2021Q4,AKBNK.IS,2021Q4,equity,ifrs-full_Equity,ifrs-full_Equity|http://www.mkk.com.tr/2015/role/standartCapitalsLabel,83571770.0,1.000 TL,83571770000.0,TRY,BALANCE_SHEET_POINT_IN_TIME,HIGH,998625.0,False,
AKBNK.IS:2021Q4,AKBNK.IS,2021Q4,cfo,,,,1.000 TL,,,FLOW_ANNUAL,PARTIAL,998625.0,True,
AKBNK.IS:2021Q4,AKBNK.IS,2021Q4,investing_cash_flow,ifrs-full_CashFlowsFromUsedInInvestingActivities,ifrs-full_CashFlowsFromUsedInInvestingActivities|http://www.mkk.com.tr/2015/role/alternativeNetlLabel,-47247206.0,1.000 TL,-47247206000.0,TRY,FLOW_ANNUAL,PARTIAL,998625.0,False,
AKBNK.IS:2021Q4,AKBNK.IS,2021Q4,fcf,DERIVED,,,1.000 TL,,,FLOW_ANNUAL,PARTIAL,998625.0,True,
AKBNK.IS:2022Q1,AKBNK.IS,2022Q1,revenue,,,,1.000 TL,,,FLOW_YTD,HIGH,1024365.0,True,
AKBNK.IS:2022Q1,AKBNK.IS,2022Q1,operating_profit,ifrs-full_ProfitLossFromOperatingActivities,ifrs-full_ProfitLossFromOperatingActivities|http://www.xbrl.org/2009/role/netLabel,9734874.0,1.000 TL,9734874000.0,TRY,FLOW_YTD,PARTIAL,1024365.0,False,
AKBNK.IS:2022Q1,AKBNK.IS,2022Q1,ebitda,,,,1.000 TL,,,FLOW_YTD,PARTIAL,1024365.0,True,
AKBNK.IS:2022Q1,AKBNK.IS,2022Q1,net_income,ifrs-full_ProfitLoss,ifrs-full_ProfitLoss|http://www.mkk.com.tr/2015/role/alternativeNetlLabel,8046809.0,1.000 TL,8046809000.0,TRY,FLOW_YTD,HIGH,1024365.0,False,
AKBNK.IS:2022Q1,AKBNK.IS,2022Q1,equity,ifrs-full_Equity,ifrs-full_Equity|http://www.mkk.com.tr/2015/role/standartCapitalsLabel,98343375.0,1.000 TL,98343375000.0,TRY,BALANCE_SHEET_POINT_IN_TIME,HIGH,1024365.0,False,
AKBNK.IS:2022Q1,AKBNK.IS,2022Q1,cfo,,,,1.000 TL,,,FLOW_YTD,PARTIAL,1024365.0,True,
AKBNK.IS:2022Q1,AKBNK.IS,2022Q1,investing_cash_flow,ifrs-full_CashFlowsFromUsedInInvestingActivities,ifrs-full_CashFlowsFromUsedInInvestingActivities|http://www.mkk.com.tr/2015/role/alternativeNetlLabel,-10340617.0,1.000 TL,-10340617000.0,TRY,FLOW_YTD,PARTIAL,1024365.0,False,
AKBNK.IS:2022Q1,AKBNK.IS,2022Q1,fcf,DERIVED,,,1.000 TL,,,FLOW_YTD,PARTIAL,1024365.0,True,
AKBNK.IS:2022Q2,AKBNK.IS,2022Q2,revenue,,,,1.000 TL,,,FLOW_YTD,HIGH,1048278.0,True,
AKBNK.IS:2022Q2,AKBNK.IS,2022Q2,operating_profit,ifrs-full_ProfitLossFromOperatingActivities,ifrs-full_ProfitLossFromOperatingActivities|http://www.xbrl.org/2009/role/netLabel,26706795.0,1.000 TL,26706795000.0,TRY,FLOW_YTD,PARTIAL,1048278.0,False,
AKBNK.IS:2022Q2,AKBNK.IS,2022Q2,ebitda,,,,1.000 TL,,,FLOW_YTD,PARTIAL,1048278.0,True,
AKBNK.IS:2022Q2,AKBNK.IS,2022Q2,net_income,ifrs-full_ProfitLoss,ifrs-full_ProfitLoss|http://www.mkk.com.tr/2015/role/alternativeNetlLabel,21156862.0,1.000 TL,21156862000.0,TRY,FLOW_YTD,HIGH,1048278.0,False,
AKBNK.IS:2022Q2,AKBNK.IS,2022Q2,equity,ifrs-full_Equity,ifrs-full_Equity|http://www.mkk.com.tr/2015/role/standartCapitalsLabel,113968656.0,1.000 TL,113968656000.0,TRY,BALANCE_SHEET_POINT_IN_TIME,HIGH,1048278.0,False,
AKBNK.IS:2022Q2,AKBNK.IS,2022Q2,cfo,,,,1.000 TL,,,FLOW_YTD,PARTIAL,1048278.0,True,
AKBNK.IS:2022Q2,AKBNK.IS,2022Q2,investing_cash_flow,ifrs-full_CashFlowsFromUsedInInvestingActivities,ifrs-full_CashFlowsFromUsedInInvestingActivities|http://www.mkk.com.tr/2015/role/alternativeNetlLabel,-32402797.0,1.000 TL,-32402797000.0,TRY,FLOW_YTD,PARTIAL,1048278.0,False,
AKBNK.IS:2022Q2,AKBNK.IS,2022Q2,fcf,DERIVED,,,1.000 TL,,,FLOW_YTD,PARTIAL,1048278.0,True,
AKBNK.IS:2022Q3,AKBNK.IS,2022Q3,revenue,,,,1.000 TL,,,FLOW_YTD,HIGH,1074407.0,True,
AKBNK.IS:2022Q3,AKBNK.IS,2022Q3,operating_profit,ifrs-full_ProfitLossFromOperatingActivities,ifrs-full_ProfitLossFromOperatingActivities|http://www.xbrl.org/2009/role/netLabel,48403696.0,1.000 TL,48403696000.0,TRY,FLOW_YTD,PARTIAL,1074407.0,False,
AKBNK.IS:2022Q3,AKBNK.IS,2022Q3,ebitda,,,,1.000 TL,,,FLOW_YTD,PARTIAL,1074407.0,True,
AKBNK.IS:2022Q3,AKBNK.IS,2022Q3,net_income,ifrs-full_ProfitLoss,ifrs-full_ProfitLoss|http://www.mkk.com.tr/2015/role/alternativeNetlLabel,38223316.0,1.000 TL,38223316000.0,TRY,FLOW_YTD,HIGH,1074407.0,False,
AKBNK.IS:2022Q3,AKBNK.IS,2022Q3,equity,ifrs-full_Equity,ifrs-full_Equity|http://www.mkk.com.tr/2015/role/standartCapitalsLabel,138004482.0,1.000 TL,138004482000.0,TRY,BALANCE_SHEET_POINT_IN_TIME,HIGH,1074407.0,False,
AKBNK.IS:2022Q3,AKBNK.IS,2022Q3,cfo,,,,1.000 TL,,,FLOW_YTD,PARTIAL,1074407.0,True,
AKBNK.IS:2022Q3,AKBNK.IS,2022Q3,investing_cash_flow,ifrs-full_CashFlowsFromUsedInInvestingActivities,ifrs-full_CashFlowsFromUsedInInvestingActivities|http://www.mkk.com.tr/2015/role/alternativeNetlLabel,-40122728.0,1.000 TL,-40122728000.0,TRY,FLOW_YTD,PARTIAL,1074407.0,False,
AKBNK.IS:2022Q3,AKBNK.IS,2022Q3,fcf,DERIVED,,,1.000 TL,,,FLOW_YTD,PARTIAL,1074407.0,True,
AKBNK.IS:2022Q4,AKBNK.IS,2022Q4,revenue,,,,1.000 TL,,,FLOW_ANNUAL,HIGH,1107380.0,True,
AKBNK.IS:2022Q4,AKBNK.IS,2022Q4,operating_profit,ifrs-full_ProfitLossFromOperatingActivities,ifrs-full_ProfitLossFromOperatingActivities|http://www.xbrl.org/2009/role/netLabel,76186667.0,1.000 TL,76186667000.0,TRY,FLOW_ANNUAL,PARTIAL,1107380.0,False,
AKBNK.IS:2022Q4,AKBNK.IS,2022Q4,ebitda,,,,1.000 TL,,,FLOW_ANNUAL,PARTIAL,1107380.0,True,
AKBNK.IS:2022Q4,AKBNK.IS,2022Q4,net_income,ifrs-full_ProfitLoss,ifrs-full_ProfitLoss|http://www.mkk.com.tr/2015/role/alternativeNetlLabel,60024084.0,1.000 TL,60024084000.0,TRY,FLOW_ANNUAL,HIGH,1107380.0,False,
AKBNK.IS:2022Q4,AKBNK.IS,2022Q4,equity,ifrs-full_Equity,ifrs-full_Equity|http://www.mkk.com.tr/2015/role/standartCapitalsLabel,161430206.0,1.000 TL,161430206000.0,TRY,BALANCE_SHEET_POINT_IN_TIME,HIGH,1107380.0,False,
AKBNK.IS:2022Q4,AKBNK.IS,2022Q4,cfo,,,,1.000 TL,,,FLOW_ANNUAL,PARTIAL,1107380.0,True,
AKBNK.IS:2022Q4,AKBNK.IS,2022Q4,investing_cash_flow,ifrs-full_CashFlowsFromUsedInInvestingActivities,ifrs-full_CashFlowsFromUsedInInvestingActivities|http://www.mkk.com.tr/2015/role/alternativeNetlLabel,-52054063.0,1.000 TL,-52054063000.0,TRY,FLOW_ANNUAL,PARTIAL,1107380.0,False,
AKBNK.IS:2022Q4,AKBNK.IS,2022Q4,fcf,DERIVED,,,1.000 TL,,,FLOW_ANNUAL,PARTIAL,1107380.0,True,
AKBNK.IS:2023Q1,AKBNK.IS,2023Q1,revenue,,,,1.000 TL,,,FLOW_YTD,HIGH,1141352.0,True,
AKBNK.IS:2023Q1,AKBNK.IS,2023Q1,operating_profit,ifrs-full_ProfitLossFromOperatingActivities,ifrs-full_ProfitLossFromOperatingActivities|http://www.xbrl.org/2009/role/netLabel,11321282.0,1.000 TL,11321282000.0,TRY,FLOW_YTD,PARTIAL,1141352.0,False,
AKBNK.IS:2023Q1,AKBNK.IS,2023Q1,ebitda,,,,1.000 TL,,,FLOW_YTD,PARTIAL,1141352.0,True,
AKBNK.IS:2023Q1,AKBNK.IS,2023Q1,net_income,ifrs-full_ProfitLoss,ifrs-full_ProfitLoss|http://www.mkk.com.tr/2015/role/alternativeNetlLabel,10711300.0,1.000 TL,10711300000.0,TRY,FLOW_YTD,HIGH,1141352.0,False,
AKBNK.IS:2023Q1,AKBNK.IS,2023Q1,equity,ifrs-full_Equity,ifrs-full_Equity|http://www.mkk.com.tr/2015/role/standartCapitalsLabel,162543704.0,1.000 TL,162543704000.0,TRY,BALANCE_SHEET_POINT_IN_TIME,HIGH,1141352.0,False,
AKBNK.IS:2023Q1,AKBNK.IS,2023Q1,cfo,,,,1.000 TL,,,FLOW_YTD,PARTIAL,1141352.0,True,
AKBNK.IS:2023Q1,AKBNK.IS,2023Q1,investing_cash_flow,ifrs-full_CashFlowsFromUsedInInvestingActivities,ifrs-full_CashFlowsFromUsedInInvestingActivities|http://www.mkk.com.tr/2015/role/alternativeNetlLabel,-45284949.0,1.000 TL,-45284949000.0,TRY,FLOW_YTD,PARTIAL,1141352.0,False,
AKBNK.IS:2023Q1,AKBNK.IS,2023Q1,fcf,DERIVED,,,1.000 TL,,,FLOW_YTD,PARTIAL,1141352.0,True,
AKBNK.IS:2023Q2,AKBNK.IS,2023Q2,revenue,,,,1.000 TL,,,FLOW_YTD,HIGH,1175516.0,True,
AKBNK.IS:2023Q2,AKBNK.IS,2023Q2,operating_profit,ifrs-full_ProfitLossFromOperatingActivities,ifrs-full_ProfitLossFromOperatingActivities|http://www.xbrl.org/2009/role/netLabel,34555103.0,1.000 TL,34555103000.0,TRY,FLOW_YTD,PARTIAL,1175516.0,False,
AKBNK.IS:2023Q2,AKBNK.IS,2023Q2,ebitda,,,,1.000 TL,,,FLOW_YTD,PARTIAL,1175516.0,True,
AKBNK.IS:2023Q2,AKBNK.IS,2023Q2,net_income,ifrs-full_ProfitLoss,ifrs-full_ProfitLoss|http://www.mkk.com.tr/2015/role/alternativeNetlLabel,31012976.0,1.000 TL,31012976000.0,TRY,FLOW_YTD,HIGH,1175516.0,False,
AKBNK.IS:2023Q2,AKBNK.IS,2023Q2,equity,ifrs-full_Equity,ifrs-full_Equity|http://www.mkk.com.tr/2015/role/standartCapitalsLabel,184185490.0,1.000 TL,184185490000.0,TRY,BALANCE_SHEET_POINT_IN_TIME,HIGH,1175516.0,False,
AKBNK.IS:2023Q2,AKBNK.IS,2023Q2,cfo,,,,1.000 TL,,,FLOW_YTD,PARTIAL,1175516.0,True,
AKBNK.IS:2023Q2,AKBNK.IS,2023Q2,investing_cash_flow,ifrs-full_CashFlowsFromUsedInInvestingActivities,ifrs-full_CashFlowsFromUsedInInvestingActivities|http://www.mkk.com.tr/2015/role/alternativeNetlLabel,-95235894.0,1.000 TL,-95235894000.0,TRY,FLOW_YTD,PARTIAL,1175516.0,False,
AKBNK.IS:2023Q2,AKBNK.IS,2023Q2,fcf,DERIVED,,,1.000 TL,,,FLOW_YTD,PARTIAL,1175516.0,True,
AKBNK.IS:2023Q3,AKBNK.IS,2023Q3,revenue,,,,1.000 TL,,,FLOW_YTD,HIGH,1210588.0,True,
AKBNK.IS:2023Q3,AKBNK.IS,2023Q3,operating_profit,ifrs-full_ProfitLossFromOperatingActivities,ifrs-full_ProfitLossFromOperatingActivities|http://www.xbrl.org/2009/role/netLabel,62341994.0,1.000 TL,62341994000.0,TRY,FLOW_YTD,PARTIAL,1210588.0,False,
AKBNK.IS:2023Q3,AKBNK.IS,2023Q3,ebitda,,,,1.000 TL,,,FLOW_YTD,PARTIAL,1210588.0,True,
AKBNK.IS:2023Q3,AKBNK.IS,2023Q3,net_income,ifrs-full_ProfitLoss,ifrs-full_ProfitLoss|http://www.mkk.com.tr/2015/role/alternativeNetlLabel,51460469.0,1.000 TL,51460469000.0,TRY,FLOW_YTD,HIGH,1210588.0,False,
AKBNK.IS:2023Q3,AKBNK.IS,2023Q3,equity,ifrs-full_Equity,ifrs-full_Equity|http://www.mkk.com.tr/2015/role/standartCapitalsLabel,202300230.0,1.000 TL,202300230000.0,TRY,BALANCE_SHEET_POINT_IN_TIME,HIGH,1210588.0,False,
AKBNK.IS:2023Q3,AKBNK.IS,2023Q3,cfo,,,,1.000 TL,,,FLOW_YTD,PARTIAL,1210588.0,True,
AKBNK.IS:2023Q3,AKBNK.IS,2023Q3,investing_cash_flow,ifrs-full_CashFlowsFromUsedInInvestingActivities,ifrs-full_CashFlowsFromUsedInInvestingActivities|http://www.mkk.com.tr/2015/role/alternativeNetlLabel,-148954883.0,1.000 TL,-148954883000.0,TRY,FLOW_YTD,PARTIAL,1210588.0,False,
AKBNK.IS:2023Q3,AKBNK.IS,2023Q3,fcf,DERIVED,,,1.000 TL,,,FLOW_YTD,PARTIAL,1210588.0,True,
AKBNK.IS:2023Q4,AKBNK.IS,2023Q4,revenue,,,,1.000 TL,,,FLOW_ANNUAL,HIGH,1246216.0,True,
AKBNK.IS:2023Q4,AKBNK.IS,2023Q4,operating_profit,ifrs-full_ProfitLossFromOperatingActivities,ifrs-full_ProfitLossFromOperatingActivities|http://www.xbrl.org/2009/role/netLabel,77146484.0,1.000 TL,77146484000.0,TRY,FLOW_ANNUAL,PARTIAL,1246216.0,False,
AKBNK.IS:2023Q4,AKBNK.IS,2023Q4,ebitda,,,,1.000 TL,,,FLOW_ANNUAL,PARTIAL,1246216.0,True,
AKBNK.IS:2023Q4,AKBNK.IS,2023Q4,net_income,ifrs-full_ProfitLoss,ifrs-full_ProfitLoss|http://www.mkk.com.tr/2015/role/alternativeNetlLabel,66478940.0,1.000 TL,66478940000.0,TRY,FLOW_ANNUAL,HIGH,1246216.0,False,
AKBNK.IS:2023Q4,AKBNK.IS,2023Q4,equity,ifrs-full_Equity,ifrs-full_Equity|http://www.mkk.com.tr/2015/role/standartCapitalsLabel,223315430.0,1.000 TL,223315430000.0,TRY,BALANCE_SHEET_POINT_IN_TIME,HIGH,1246216.0,False,
AKBNK.IS:2023Q4,AKBNK.IS,2023Q4,cfo,,,,1.000 TL,,,FLOW_ANNUAL,PARTIAL,1246216.0,True,
AKBNK.IS:2023Q4,AKBNK.IS,2023Q4,investing_cash_flow,ifrs-full_CashFlowsFromUsedInInvestingActivities,ifrs-full_CashFlowsFromUsedInInvestingActivities|http://www.mkk.com.tr/2015/role/alternativeNetlLabel,-168640152.0,1.000 TL,-168640152000.0,TRY,FLOW_ANNUAL,PARTIAL,1246216.0,False,
AKBNK.IS:2023Q4,AKBNK.IS,2023Q4,fcf,DERIVED,,,1.000 TL,,,FLOW_ANNUAL,PARTIAL,1246216.0,True,
AKBNK.IS:2024Q1,AKBNK.IS,2024Q1,revenue,,,,1.000 TL,,,FLOW_YTD,HIGH,1279561.0,True,
AKBNK.IS:2024Q1,AKBNK.IS,2024Q1,operating_profit,ifrs-full_ProfitLossFromOperatingActivities,ifrs-full_ProfitLossFromOperatingActivities|http://www.xbrl.org/2009/role/netLabel,13816733.0,1.000 TL,13816733000.0,TRY,FLOW_YTD,PARTIAL,1279561.0,False,
AKBNK.IS:2024Q1,AKBNK.IS,2024Q1,ebitda,,,,1.000 TL,,,FLOW_YTD,PARTIAL,1279561.0,True,
AKBNK.IS:2024Q1,AKBNK.IS,2024Q1,net_income,ifrs-full_ProfitLoss,ifrs-full_ProfitLoss|http://www.mkk.com.tr/2015/role/alternativeNetlLabel,13184293.0,1.000 TL,13184293000.0,TRY,FLOW_YTD,HIGH,1279561.0,False,
AKBNK.IS:2024Q1,AKBNK.IS,2024Q1,equity,ifrs-full_Equity,ifrs-full_Equity|http://www.mkk.com.tr/2015/role/standartCapitalsLabel,226681595.0,1.000 TL,226681595000.0,TRY,BALANCE_SHEET_POINT_IN_TIME,HIGH,1279561.0,False,
AKBNK.IS:2024Q1,AKBNK.IS,2024Q1,cfo,,,,1.000 TL,,,FLOW_YTD,PARTIAL,1279561.0,True,
AKBNK.IS:2024Q1,AKBNK.IS,2024Q1,investing_cash_flow,ifrs-full_CashFlowsFromUsedInInvestingActivities,ifrs-full_CashFlowsFromUsedInInvestingActivities|http://www.mkk.com.tr/2015/role/alternativeNetlLabel,-63935395.0,1.000 TL,-63935395000.0,TRY,FLOW_YTD,PARTIAL,1279561.0,False,
AKBNK.IS:2024Q1,AKBNK.IS,2024Q1,fcf,DERIVED,,,1.000 TL,,,FLOW_YTD,PARTIAL,1279561.0,True,
AKBNK.IS:2024Q2,AKBNK.IS,2024Q2,revenue,,,,1.000 TL,,,FLOW_YTD,HIGH,1316532.0,True,
AKBNK.IS:2024Q2,AKBNK.IS,2024Q2,operating_profit,ifrs-full_ProfitLossFromOperatingActivities,ifrs-full_ProfitLossFromOperatingActivities|http://www.xbrl.org/2009/role/netLabel,23228216.0,1.000 TL,23228216000.0,TRY,FLOW_YTD,PARTIAL,1316532.0,False,
AKBNK.IS:2024Q2,AKBNK.IS,2024Q2,ebitda,,,,1.000 TL,,,FLOW_YTD,PARTIAL,1316532.0,True,
AKBNK.IS:2024Q2,AKBNK.IS,2024Q2,net_income,ifrs-full_ProfitLoss,ifrs-full_ProfitLoss|http://www.mkk.com.tr/2015/role/alternativeNetlLabel,24108123.0,1.000 TL,24108123000.0,TRY,FLOW_YTD,HIGH,1316532.0,False,
AKBNK.IS:2024Q2,AKBNK.IS,2024Q2,equity,ifrs-full_Equity,ifrs-full_Equity|http://www.mkk.com.tr/2015/role/standartCapitalsLabel,235111715.0,1.000 TL,235111715000.0,TRY,BALANCE_SHEET_POINT_IN_TIME,HIGH,1316532.0,False,
AKBNK.IS:2024Q2,AKBNK.IS,2024Q2,cfo,,,,1.000 TL,,,FLOW_YTD,PARTIAL,1316532.0,True,
AKBNK.IS:2024Q2,AKBNK.IS,2024Q2,investing_cash_flow,ifrs-full_CashFlowsFromUsedInInvestingActivities,ifrs-full_CashFlowsFromUsedInInvestingActivities|http://www.mkk.com.tr/2015/role/alternativeNetlLabel,-90313231.0,1.000 TL,-90313231000.0,TRY,FLOW_YTD,PARTIAL,1316532.0,False,
AKBNK.IS:2024Q2,AKBNK.IS,2024Q2,fcf,DERIVED,,,1.000 TL,,,FLOW_YTD,PARTIAL,1316532.0,True,
AKBNK.IS:2024Q3,AKBNK.IS,2024Q3,revenue,,,,1.000 TL,,,FLOW_YTD,HIGH,1350569.0,True,
AKBNK.IS:2024Q3,AKBNK.IS,2024Q3,operating_profit,ifrs-full_ProfitLossFromOperatingActivities,ifrs-full_ProfitLossFromOperatingActivities|http://www.xbrl.org/2009/role/netLabel,31339621.0,1.000 TL,31339621000.0,TRY,FLOW_YTD,PARTIAL,1350569.0,False,
AKBNK.IS:2024Q3,AKBNK.IS,2024Q3,ebitda,,,,1.000 TL,,,FLOW_YTD,PARTIAL,1350569.0,True,
AKBNK.IS:2024Q3,AKBNK.IS,2024Q3,net_income,ifrs-full_ProfitLoss,ifrs-full_ProfitLoss|http://www.mkk.com.tr/2015/role/alternativeNetlLabel,33138650.0,1.000 TL,33138650000.0,TRY,FLOW_YTD,HIGH,1350569.0,False,
AKBNK.IS:2024Q3,AKBNK.IS,2024Q3,equity,ifrs-full_Equity,ifrs-full_Equity|http://www.mkk.com.tr/2015/role/standartCapitalsLabel,245386169.0,1.000 TL,245386169000.0,TRY,BALANCE_SHEET_POINT_IN_TIME,HIGH,1350569.0,False,
AKBNK.IS:2024Q3,AKBNK.IS,2024Q3,cfo,,,,1.000 TL,,,FLOW_YTD,PARTIAL,1350569.0,True,
AKBNK.IS:2024Q3,AKBNK.IS,2024Q3,investing_cash_flow,ifrs-full_CashFlowsFromUsedInInvestingActivities,ifrs-full_CashFlowsFromUsedInInvestingActivities|http://www.mkk.com.tr/2015/role/alternativeNetlLabel,-108343290.0,1.000 TL,-108343290000.0,TRY,FLOW_YTD,PARTIAL,1350569.0,False,
AKBNK.IS:2024Q3,AKBNK.IS,2024Q3,fcf,DERIVED,,,1.000 TL,,,FLOW_YTD,PARTIAL,1350569.0,True,
AKBNK.IS:2024Q4,AKBNK.IS,2024Q4,revenue,,,,1.000 TL,,,FLOW_ANNUAL,HIGH,1386666.0,True,
AKBNK.IS:2024Q4,AKBNK.IS,2024Q4,operating_profit,ifrs-full_ProfitLossFromOperatingActivities,ifrs-full_ProfitLossFromOperatingActivities|http://www.xbrl.org/2009/role/netLabel,40251338.0,1.000 TL,40251338000.0,TRY,FLOW_ANNUAL,PARTIAL,1386666.0,False,
AKBNK.IS:2024Q4,AKBNK.IS,2024Q4,ebitda,,,,1.000 TL,,,FLOW_ANNUAL,PARTIAL,1386666.0,True,
AKBNK.IS:2024Q4,AKBNK.IS,2024Q4,net_income,ifrs-full_ProfitLoss,ifrs-full_ProfitLoss|http://www.mkk.com.tr/2015/role/alternativeNetlLabel,42366070.0,1.000 TL,42366070000.0,TRY,FLOW_ANNUAL,HIGH,1386666.0,False,
AKBNK.IS:2024Q4,AKBNK.IS,2024Q4,equity,ifrs-full_Equity,ifrs-full_Equity|http://www.mkk.com.tr/2015/role/standartCapitalsLabel,256882575.0,1.000 TL,256882575000.0,TRY,BALANCE_SHEET_POINT_IN_TIME,HIGH,1386666.0,False,
AKBNK.IS:2024Q4,AKBNK.IS,2024Q4,cfo,,,,1.000 TL,,,FLOW_ANNUAL,PARTIAL,1386666.0,True,
AKBNK.IS:2024Q4,AKBNK.IS,2024Q4,investing_cash_flow,ifrs-full_CashFlowsFromUsedInInvestingActivities,ifrs-full_CashFlowsFromUsedInInvestingActivities|http://www.mkk.com.tr/2015/role/alternativeNetlLabel,-129202208.0,1.000 TL,-129202208000.0,TRY,FLOW_ANNUAL,PARTIAL,1386666.0,False,
AKBNK.IS:2024Q4,AKBNK.IS,2024Q4,fcf,DERIVED,,,1.000 TL,,,FLOW_ANNUAL,PARTIAL,1386666.0,True,
AKBNK.IS:2025Q1,AKBNK.IS,2025Q1,revenue,,,,1.000 TL,,,FLOW_YTD,HIGH,1429678.0,True,
AKBNK.IS:2025Q1,AKBNK.IS,2025Q1,operating_profit,ifrs-full_ProfitLossFromOperatingActivities,ifrs-full_ProfitLossFromOperatingActivities|http://www.xbrl.org/2009/role/netLabel,15026515.0,1.000 TL,15026515000.0,TRY,FLOW_YTD,PARTIAL,1429678.0,False,
AKBNK.IS:2025Q1,AKBNK.IS,2025Q1,ebitda,,,,1.000 TL,,,FLOW_YTD,PARTIAL,1429678.0,True,
AKBNK.IS:2025Q1,AKBNK.IS,2025Q1,net_income,ifrs-full_ProfitLoss,ifrs-full_ProfitLoss|http://www.mkk.com.tr/2015/role/alternativeNetlLabel,13727079.0,1.000 TL,13727079000.0,TRY,FLOW_YTD,HIGH,1429678.0,False,
AKBNK.IS:2025Q1,AKBNK.IS,2025Q1,equity,ifrs-full_Equity,ifrs-full_Equity|http://www.mkk.com.tr/2015/role/standartCapitalsLabel,263396911.0,1.000 TL,263396911000.0,TRY,BALANCE_SHEET_POINT_IN_TIME,HIGH,1429678.0,False,
AKBNK.IS:2025Q1,AKBNK.IS,2025Q1,cfo,,,,1.000 TL,,,FLOW_YTD,PARTIAL,1429678.0,True,
AKBNK.IS:2025Q1,AKBNK.IS,2025Q1,investing_cash_flow,ifrs-full_CashFlowsFromUsedInInvestingActivities,ifrs-full_CashFlowsFromUsedInInvestingActivities|http://www.mkk.com.tr/2015/role/alternativeNetlLabel,-52442156.0,1.000 TL,-52442156000.0,TRY,FLOW_YTD,PARTIAL,1429678.0,False,
AKBNK.IS:2025Q1,AKBNK.IS,2025Q1,fcf,DERIVED,,,1.000 TL,,,FLOW_YTD,PARTIAL,1429678.0,True,
AKBNK.IS:2025Q2,AKBNK.IS,2025Q2,revenue,,,,1.000 TL,,,FLOW_YTD,HIGH,1467850.0,True,
AKBNK.IS:2025Q2,AKBNK.IS,2025Q2,operating_profit,ifrs-full_ProfitLossFromOperatingActivities,ifrs-full_ProfitLossFromOperatingActivities|http://www.xbrl.org/2009/role/netLabel,24140549.0,1.000 TL,24140549000.0,TRY,FLOW_YTD,PARTIAL,1467850.0,False,
AKBNK.IS:2025Q2,AKBNK.IS,2025Q2,ebitda,,,,1.000 TL,,,FLOW_YTD,PARTIAL,1467850.0,True,
AKBNK.IS:2025Q2,AKBNK.IS,2025Q2,net_income,ifrs-full_ProfitLoss,ifrs-full_ProfitLoss|http://www.mkk.com.tr/2015/role/alternativeNetlLabel,24851880.0,1.000 TL,24851880000.0,TRY,FLOW_YTD,HIGH,1467850.0,False,
AKBNK.IS:2025Q2,AKBNK.IS,2025Q2,equity,ifrs-full_Equity,ifrs-full_Equity|http://www.mkk.com.tr/2015/role/standartCapitalsLabel,284181724.0,1.000 TL,284181724000.0,TRY,BALANCE_SHEET_POINT_IN_TIME,HIGH,1467850.0,False,
AKBNK.IS:2025Q2,AKBNK.IS,2025Q2,cfo,,,,1.000 TL,,,FLOW_YTD,PARTIAL,1467850.0,True,
AKBNK.IS:2025Q2,AKBNK.IS,2025Q2,investing_cash_flow,ifrs-full_CashFlowsFromUsedInInvestingActivities,ifrs-full_CashFlowsFromUsedInInvestingActivities|http://www.mkk.com.tr/2015/role/alternativeNetlLabel,-92020393.0,1.000 TL,-92020393000.0,TRY,FLOW_YTD,PARTIAL,1467850.0,False,
AKBNK.IS:2025Q2,AKBNK.IS,2025Q2,fcf,DERIVED,,,1.000 TL,,,FLOW_YTD,PARTIAL,1467850.0,True,
AKBNK.IS:2025Q3,AKBNK.IS,2025Q3,revenue,,,,1.000 TL,,,FLOW_YTD,HIGH,1507402.0,True,
AKBNK.IS:2025Q3,AKBNK.IS,2025Q3,operating_profit,ifrs-full_ProfitLossFromOperatingActivities,ifrs-full_ProfitLossFromOperatingActivities|http://www.xbrl.org/2009/role/netLabel,38639761.0,1.000 TL,38639761000.0,TRY,FLOW_YTD,PARTIAL,1507402.0,False,
AKBNK.IS:2025Q3,AKBNK.IS,2025Q3,ebitda,,,,1.000 TL,,,FLOW_YTD,PARTIAL,1507402.0,True,
AKBNK.IS:2025Q3,AKBNK.IS,2025Q3,net_income,ifrs-full_ProfitLoss,ifrs-full_ProfitLoss|http://www.mkk.com.tr/2015/role/alternativeNetlLabel,38915968.0,1.000 TL,38915968000.0,TRY,FLOW_YTD,HIGH,1507402.0,False,
AKBNK.IS:2025Q3,AKBNK.IS,2025Q3,equity,ifrs-full_Equity,ifrs-full_Equity|http://www.mkk.com.tr/2015/role/standartCapitalsLabel,302212639.0,1.000 TL,302212639000.0,TRY,BALANCE_SHEET_POINT_IN_TIME,HIGH,1507402.0,False,
AKBNK.IS:2025Q3,AKBNK.IS,2025Q3,cfo,,,,1.000 TL,,,FLOW_YTD,PARTIAL,1507402.0,True,
AKBNK.IS:2025Q3,AKBNK.IS,2025Q3,investing_cash_flow,ifrs-full_CashFlowsFromUsedInInvestingActivities,ifrs-full_CashFlowsFromUsedInInvestingActivities|http://www.mkk.com.tr/2015/role/alternativeNetlLabel,-117982849.0,1.000 TL,-117982849000.0,TRY,FLOW_YTD,PARTIAL,1507402.0,False,
AKBNK.IS:2025Q3,AKBNK.IS,2025Q3,fcf,DERIVED,,,1.000 TL,,,FLOW_YTD,PARTIAL,1507402.0,True,
AKBNK.IS:2025Q4,AKBNK.IS,2025Q4,revenue,,,,1.000 TL,,,FLOW_ANNUAL,HIGH,1551576.0,True,
AKBNK.IS:2025Q4,AKBNK.IS,2025Q4,operating_profit,ifrs-full_ProfitLossFromOperatingActivities,ifrs-full_ProfitLossFromOperatingActivities|http://www.xbrl.org/2009/role/netLabel,62692296.0,1.000 TL,62692296000.0,TRY,FLOW_ANNUAL,PARTIAL,1551576.0,False,
AKBNK.IS:2025Q4,AKBNK.IS,2025Q4,ebitda,,,,1.000 TL,,,FLOW_ANNUAL,PARTIAL,1551576.0,True,
AKBNK.IS:2025Q4,AKBNK.IS,2025Q4,net_income,ifrs-full_ProfitLoss,ifrs-full_ProfitLoss|http://www.mkk.com.tr/2015/role/alternativeNetlLabel,57247061.0,1.000 TL,57247061000.0,TRY,FLOW_ANNUAL,HIGH,1551576.0,False,
AKBNK.IS:2025Q4,AKBNK.IS,2025Q4,equity,ifrs-full_Equity,ifrs-full_Equity|http://www.mkk.com.tr/2015/role/standartCapitalsLabel,335210830.0,1.000 TL,335210830000.0,TRY,BALANCE_SHEET_POINT_IN_TIME,HIGH,1551576.0,False,
AKBNK.IS:2025Q4,AKBNK.IS,2025Q4,cfo,,,,1.000 TL,,,FLOW_ANNUAL,PARTIAL,1551576.0,True,
AKBNK.IS:2025Q4,AKBNK.IS,2025Q4,investing_cash_flow,ifrs-full_CashFlowsFromUsedInInvestingActivities,ifrs-full_CashFlowsFromUsedInInvestingActivities|http://www.mkk.com.tr/2015/role/alternativeNetlLabel,-117973036.0,1.000 TL,-117973036000.0,TRY,FLOW_ANNUAL,PARTIAL,1551576.0,False,
AKBNK.IS:2025Q4,AKBNK.IS,2025Q4,fcf,DERIVED,,,1.000 TL,,,FLOW_ANNUAL,PARTIAL,1551576.0,True,
AKBNK.IS:2026Q1,AKBNK.IS,2026Q1,revenue,,,,1.000 TL,,,FLOW_YTD,HIGH,1598264.0,True,
AKBNK.IS:2026Q1,AKBNK.IS,2026Q1,operating_profit,ifrs-full_ProfitLossFromOperatingActivities,ifrs-full_ProfitLossFromOperatingActivities|http://www.xbrl.org/2009/role/netLabel,22802941.0,1.000 TL,22802941000.0,TRY,FLOW_YTD,PARTIAL,1598264.0,False,
AKBNK.IS:2026Q1,AKBNK.IS,2026Q1,ebitda,,,,1.000 TL,,,FLOW_YTD,PARTIAL,1598264.0,True,
AKBNK.IS:2026Q1,AKBNK.IS,2026Q1,net_income,ifrs-full_ProfitLoss,ifrs-full_ProfitLoss|http://www.mkk.com.tr/2015/role/alternativeNetlLabel,19178575.0,1.000 TL,19178575000.0,TRY,FLOW_YTD,HIGH,1598264.0,False,
AKBNK.IS:2026Q1,AKBNK.IS,2026Q1,equity,ifrs-full_Equity,ifrs-full_Equity|http://www.mkk.com.tr/2015/role/standartCapitalsLabel,335364368.0,1.000 TL,335364368000.0,TRY,BALANCE_SHEET_POINT_IN_TIME,HIGH,1598264.0,False,
AKBNK.IS:2026Q1,AKBNK.IS,2026Q1,cfo,,,,1.000 TL,,,FLOW_YTD,PARTIAL,1598264.0,True,
AKBNK.IS:2026Q1,AKBNK.IS,2026Q1,investing_cash_flow,ifrs-full_CashFlowsFromUsedInInvestingActivities,ifrs-full_CashFlowsFromUsedInInvestingActivities|http://www.mkk.com.tr/2015/role/alternativeNetlLabel,-34391312.0,1.000 TL,-34391312000.0,TRY,FLOW_YTD,PARTIAL,1598264.0,False,
AKBNK.IS:2026Q1,AKBNK.IS,2026Q1,fcf,DERIVED,,,1.000 TL,,,FLOW_YTD,PARTIAL,1598264.0,True,
AKBNK.IS:2026Q2,AKBNK.IS,2026Q2,revenue,,,,1.000.000 TL,,,FLOW_YTD,HIGH,1637885.0,True,
AKBNK.IS:2026Q2,AKBNK.IS,2026Q2,operating_profit,ifrs-full_ProfitLossFromOperatingActivities,ifrs-full_ProfitLossFromOperatingActivities|http://www.xbrl.org/2009/role/netLabel,37931.0,1.000.000 TL,37931000000.0,TRY,FLOW_YTD,PARTIAL,1637885.0,False,
AKBNK.IS:2026Q2,AKBNK.IS,2026Q2,ebitda,,,,1.000.000 TL,,,FLOW_YTD,PARTIAL,1637885.0,True,
AKBNK.IS:2026Q2,AKBNK.IS,2026Q2,net_income,ifrs-full_ProfitLoss,ifrs-full_ProfitLoss|http://www.mkk.com.tr/2015/role/alternativeNetlLabel,34378.0,1.000.000 TL,34378000000.0,TRY,FLOW_YTD,HIGH,1637885.0,False,
AKBNK.IS:2026Q2,AKBNK.IS,2026Q2,equity,ifrs-full_Equity,ifrs-full_Equity|http://www.mkk.com.tr/2015/role/standartCapitalsLabel,356075.0,1.000.000 TL,356075000000.0,TRY,BALANCE_SHEET_POINT_IN_TIME,HIGH,1637885.0,False,
AKBNK.IS:2026Q2,AKBNK.IS,2026Q2,cfo,,,,1.000.000 TL,,,FLOW_YTD,PARTIAL,1637885.0,True,
AKBNK.IS:2026Q2,AKBNK.IS,2026Q2,investing_cash_flow,ifrs-full_CashFlowsFromUsedInInvestingActivities,ifrs-full_CashFlowsFromUsedInInvestingActivities|http://www.mkk.com.tr/2015/role/alternativeNetlLabel,-68819.0,1.000.000 TL,-68819000000.0,TRY,FLOW_YTD,PARTIAL,1637885.0,False,
AKBNK.IS:2026Q2,AKBNK.IS,2026Q2,fcf,DERIVED,,,1.000.000 TL,,,FLOW_YTD,PARTIAL,1637885.0,True,
ALARK.IS:2018Q1,ALARK.IS,2018Q1,revenue,ifrs-full_Revenue,ifrs-full_Revenue|,159882653.0,TL,159882653.0,TRY,FLOW_YTD,HIGH,682464.0,False,
ALARK.IS:2018Q1,ALARK.IS,2018Q1,operating_profit,ifrs-full_ProfitLossFromOperatingActivities,ifrs-full_ProfitLossFromOperatingActivities|http://www.mkk.com.tr/2015/role/standartCapitalsLabel,35520906.0,TL,35520906.0,TRY,FLOW_YTD,PARTIAL,682464.0,False,
ALARK.IS:2018Q1,ALARK.IS,2018Q1,ebitda,,,,TL,,,FLOW_YTD,PARTIAL,682464.0,True,
ALARK.IS:2018Q1,ALARK.IS,2018Q1,net_income,ifrs-full_ProfitLoss,ifrs-full_ProfitLoss|http://www.mkk.com.tr/2015/role/standartCapitalsLabel,-5500982.0,TL,-5500982.0,TRY,FLOW_YTD,HIGH,682464.0,False,
ALARK.IS:2018Q1,ALARK.IS,2018Q1,equity,ifrs-full_Equity,ifrs-full_Equity|http://www.xbrl.org/2003/role/totalLabel,1495337296.0,TL,1495337296.0,TRY,BALANCE_SHEET_POINT_IN_TIME,HIGH,682464.0,False,
ALARK.IS:2018Q1,ALARK.IS,2018Q1,cfo,ifrs-full_CashFlowsFromUsedInOperatingActivities,ifrs-full_CashFlowsFromUsedInOperatingActivities|http://www.mkk.com.tr/2015/role/alternativeTotalLabel,31017564.0,TL,31017564.0,TRY,FLOW_YTD,PARTIAL,682464.0,False,
ALARK.IS:2018Q1,ALARK.IS,2018Q1,investing_cash_flow,ifrs-full_CashFlowsFromUsedInInvestingActivities,ifrs-full_CashFlowsFromUsedInInvestingActivities|http://www.mkk.com.tr/2015/role/alternativeTotalLabel,-26703474.0,TL,-26703474.0,TRY,FLOW_YTD,PARTIAL,682464.0,False,
ALARK.IS:2018Q1,ALARK.IS,2018Q1,fcf,DERIVED,DERIVED_CFO_PLUS_INVESTING_CASH_FLOW,,TL,4314090.0,TRY,FLOW_YTD,PARTIAL,682464.0,False,
ALARK.IS:2018Q2,ALARK.IS,2018Q2,revenue,ifrs-full_Revenue,ifrs-full_Revenue|,421504623.0,TL,421504623.0,TRY,FLOW_YTD,HIGH,704847.0,False,
ALARK.IS:2018Q2,ALARK.IS,2018Q2,operating_profit,ifrs-full_ProfitLossFromOperatingActivities,ifrs-full_ProfitLossFromOperatingActivities|http://www.mkk.com.tr/2015/role/standartCapitalsLabel,151636472.0,TL,151636472.0,TRY,FLOW_YTD,PARTIAL,704847.0,False,
ALARK.IS:2018Q2,ALARK.IS,2018Q2,ebitda,,,,TL,,,FLOW_YTD,PARTIAL,704847.0,True,
ALARK.IS:2018Q2,ALARK.IS,2018Q2,net_income,ifrs-full_ProfitLoss,ifrs-full_ProfitLoss|http://www.mkk.com.tr/2015/role/standartCapitalsLabel,-111428475.0,TL,-111428475.0,TRY,FLOW_YTD,HIGH,704847.0,False,
ALARK.IS:2018Q2,ALARK.IS,2018Q2,equity,ifrs-full_Equity,ifrs-full_Equity|http://www.xbrl.org/2003/role/totalLabel,1593186461.0,TL,1593186461.0,TRY,BALANCE_SHEET_POINT_IN_TIME,HIGH,704847.0,False,
ALARK.IS:2018Q2,ALARK.IS,2018Q2,cfo,ifrs-full_CashFlowsFromUsedInOperatingActivities,ifrs-full_CashFlowsFromUsedInOperatingActivities|http://www.mkk.com.tr/2015/role/alternativeTotalLabel,157705983.0,TL,157705983.0,TRY,FLOW_YTD,PARTIAL,704847.0,False,
ALARK.IS:2018Q2,ALARK.IS,2018Q2,investing_cash_flow,ifrs-full_CashFlowsFromUsedInInvestingActivities,ifrs-full_CashFlowsFromUsedInInvestingActivities|http://www.mkk.com.tr/2015/role/alternativeTotalLabel,-10345551.0,TL,-10345551.0,TRY,FLOW_YTD,PARTIAL,704847.0,False,
ALARK.IS:2018Q2,ALARK.IS,2018Q2,fcf,DERIVED,DERIVED_CFO_PLUS_INVESTING_CASH_FLOW,,TL,147360432.0,TRY,FLOW_YTD,PARTIAL,704847.0,False,
ALARK.IS:2018Q3,ALARK.IS,2018Q3,revenue,ifrs-full_Revenue,ifrs-full_Revenue|,835208203.0,TL,835208203.0,TRY,FLOW_YTD,HIGH,719167.0,False,
ALARK.IS:2018Q3,ALARK.IS,2018Q3,operating_profit,ifrs-full_ProfitLossFromOperatingActivities,ifrs-full_ProfitLossFromOperatingActivities|http://www.mkk.com.tr/2015/role/standartCapitalsLabel,400328861.0,TL,400328861.0,TRY,FLOW_YTD,PARTIAL,719167.0,False,
ALARK.IS:2018Q3,ALARK.IS,2018Q3,ebitda,,,,TL,,,FLOW_YTD,PARTIAL,719167.0,True,
ALARK.IS:2018Q3,ALARK.IS,2018Q3,net_income,ifrs-full_ProfitLoss,ifrs-full_ProfitLoss|http://www.mkk.com.tr/2015/role/standartCapitalsLabel,-419408263.0,TL,-419408263.0,TRY,FLOW_YTD,HIGH,719167.0,False,
ALARK.IS:2018Q3,ALARK.IS,2018Q3,equity,ifrs-full_Equity,ifrs-full_Equity|http://www.xbrl.org/2003/role/totalLabel,1364830659.0,TL,1364830659.0,TRY,BALANCE_SHEET_POINT_IN_TIME,HIGH,719167.0,False,
ALARK.IS:2018Q3,ALARK.IS,2018Q3,cfo,ifrs-full_CashFlowsFromUsedInOperatingActivities,ifrs-full_CashFlowsFromUsedInOperatingActivities|http://www.mkk.com.tr/2015/role/alternativeTotalLabel,314141201.0,TL,314141201.0,TRY,FLOW_YTD,PARTIAL,719167.0,False,
ALARK.IS:2018Q3,ALARK.IS,2018Q3,investing_cash_flow,ifrs-full_CashFlowsFromUsedInInvestingActivities,ifrs-full_CashFlowsFromUsedInInvestingActivities|http://www.mkk.com.tr/2015/role/alternativeTotalLabel,-54916874.0,TL,-54916874.0,TRY,FLOW_YTD,PARTIAL,719167.0,False,
ALARK.IS:2018Q3,ALARK.IS,2018Q3,fcf,DERIVED,DERIVED_CFO_PLUS_INVESTING_CASH_FLOW,,TL,259224327.0,TRY,FLOW_YTD,PARTIAL,719167.0,False,
ALARK.IS:2018Q4,ALARK.IS,2018Q4,revenue,ifrs-full_Revenue,ifrs-full_Revenue|,1137249772.0,TL,1137249772.0,TRY,FLOW_ANNUAL,HIGH,747294.0,False,
ALARK.IS:2018Q4,ALARK.IS,2018Q4,operating_profit,ifrs-full_ProfitLossFromOperatingActivities,ifrs-full_ProfitLossFromOperatingActivities|http://www.mkk.com.tr/2015/role/standartCapitalsLabel,295636517.0,TL,295636517.0,TRY,FLOW_ANNUAL,PARTIAL,747294.0,False,
ALARK.IS:2018Q4,ALARK.IS,2018Q4,ebitda,,,,TL,,,FLOW_ANNUAL,PARTIAL,747294.0,True,
ALARK.IS:2018Q4,ALARK.IS,2018Q4,net_income,ifrs-full_ProfitLoss,ifrs-full_ProfitLoss|http://www.mkk.com.tr/2015/role/standartCapitalsLabel,-87608675.0,TL,-87608675.0,TRY,FLOW_ANNUAL,HIGH,747294.0,False,
ALARK.IS:2018Q4,ALARK.IS,2018Q4,equity,ifrs-full_Equity,ifrs-full_Equity|http://www.xbrl.org/2003/role/totalLabel,1619622124.0,TL,1619622124.0,TRY,BALANCE_SHEET_POINT_IN_TIME,HIGH,747294.0,False,
ALARK.IS:2018Q4,ALARK.IS,2018Q4,cfo,ifrs-full_CashFlowsFromUsedInOperatingActivities,ifrs-full_CashFlowsFromUsedInOperatingActivities|http://www.mkk.com.tr/2015/role/alternativeTotalLabel,459079746.0,TL,459079746.0,TRY,FLOW_ANNUAL,PARTIAL,747294.0,False,
ALARK.IS:2018Q4,ALARK.IS,2018Q4,investing_cash_flow,ifrs-full_CashFlowsFromUsedInInvestingActivities,ifrs-full_CashFlowsFromUsedInInvestingActivities|http://www.mkk.com.tr/2015/role/alternativeTotalLabel,-199854788.0,TL,-199854788.0,TRY,FLOW_ANNUAL,PARTIAL,747294.0,False,
ALARK.IS:2018Q4,ALARK.IS,2018Q4,fcf,DERIVED,DERIVED_CFO_PLUS_INVESTING_CASH_FLOW,,TL,259224958.0,TRY,FLOW_ANNUAL,PARTIAL,747294.0,False,
ALARK.IS:2019Q1,ALARK.IS,2019Q1,revenue,ifrs-full_Revenue,ifrs-full_Revenue|,364837718.0,TL,364837718.0,TRY,FLOW_YTD,HIGH,763141.0,False,
ALARK.IS:2019Q1,ALARK.IS,2019Q1,operating_profit,ifrs-full_ProfitLossFromOperatingActivities,ifrs-full_ProfitLossFromOperatingActivities|http://www.mkk.com.tr/2015/role/standartCapitalsLabel,102346663.0,TL,102346663.0,TRY,FLOW_YTD,PARTIAL,763141.0,False,
ALARK.IS:2019Q1,ALARK.IS,2019Q1,ebitda,,,,TL,,,FLOW_YTD,PARTIAL,763141.0,True,
ALARK.IS:2019Q1,ALARK.IS,2019Q1,net_income,ifrs-full_ProfitLoss,ifrs-full_ProfitLoss|http://www.mkk.com.tr/2015/role/standartCapitalsLabel,-58943964.0,TL,-58943964.0,TRY,FLOW_YTD,HIGH,763141.0,False,
ALARK.IS:2019Q1,ALARK.IS,2019Q1,equity,ifrs-full_Equity,ifrs-full_Equity|http://www.xbrl.org/2003/role/totalLabel,1573334555.0,TL,1573334555.0,TRY,BALANCE_SHEET_POINT_IN_TIME,HIGH,763141.0,False,
ALARK.IS:2019Q1,ALARK.IS,2019Q1,cfo,ifrs-full_CashFlowsFromUsedInOperatingActivities,ifrs-full_CashFlowsFromUsedInOperatingActivities|http://www.mkk.com.tr/2015/role/alternativeTotalLabel,74075709.0,TL,74075709.0,TRY,FLOW_YTD,PARTIAL,763141.0,False,
ALARK.IS:2019Q1,ALARK.IS,2019Q1,investing_cash_flow,ifrs-full_CashFlowsFromUsedInInvestingActivities,ifrs-full_CashFlowsFromUsedInInvestingActivities|http://www.mkk.com.tr/2015/role/alternativeTotalLabel,-72651035.0,TL,-72651035.0,TRY,FLOW_YTD,PARTIAL,763141.0,False,
ALARK.IS:2019Q1,ALARK.IS,2019Q1,fcf,DERIVED,DERIVED_CFO_PLUS_INVESTING_CASH_FLOW,,TL,1424674.0,TRY,FLOW_YTD,PARTIAL,763141.0,False,
ALARK.IS:2019Q2,ALARK.IS,2019Q2,revenue,ifrs-full_Revenue,ifrs-full_Revenue|,782868086.0,TL,782868086.0,TRY,FLOW_YTD,HIGH,782018.0,False,
ALARK.IS:2019Q2,ALARK.IS,2019Q2,operating_profit,ifrs-full_ProfitLossFromOperatingActivities,ifrs-full_ProfitLossFromOperatingActivities|http://www.mkk.com.tr/2015/role/standartCapitalsLabel,233572720.0,TL,233572720.0,TRY,FLOW_YTD,PARTIAL,782018.0,False,
ALARK.IS:2019Q2,ALARK.IS,2019Q2,ebitda,,,,TL,,,FLOW_YTD,PARTIAL,782018.0,True,
ALARK.IS:2019Q2,ALARK.IS,2019Q2,net_income,ifrs-full_ProfitLoss,ifrs-full_ProfitLoss|http://www.mkk.com.tr/2015/role/standartCapitalsLabel,120043172.0,TL,120043172.0,TRY,FLOW_YTD,HIGH,782018.0,False,
ALARK.IS:2019Q2,ALARK.IS,2019Q2,equity,ifrs-full_Equity,ifrs-full_Equity|http://www.xbrl.org/2003/role/totalLabel,1671346474.0,TL,1671346474.0,TRY,BALANCE_SHEET_POINT_IN_TIME,HIGH,782018.0,False,
ALARK.IS:2019Q2,ALARK.IS,2019Q2,cfo,ifrs-full_CashFlowsFromUsedInOperatingActivities,ifrs-full_CashFlowsFromUsedInOperatingActivities|http://www.mkk.com.tr/2015/role/alternativeTotalLabel,110155415.0,TL,110155415.0,TRY,FLOW_YTD,PARTIAL,782018.0,False,
ALARK.IS:2019Q2,ALARK.IS,2019Q2,investing_cash_flow,ifrs-full_CashFlowsFromUsedInInvestingActivities,ifrs-full_CashFlowsFromUsedInInvestingActivities|http://www.mkk.com.tr/2015/role/alternativeTotalLabel,11974925.0,TL,11974925.0,TRY,FLOW_YTD,PARTIAL,782018.0,False,
ALARK.IS:2019Q2,ALARK.IS,2019Q2,fcf,DERIVED,DERIVED_CFO_PLUS_INVESTING_CASH_FLOW,,TL,122130340.0,TRY,FLOW_YTD,PARTIAL,782018.0,False,
ALARK.IS:2019Q3,ALARK.IS,2019Q3,revenue,ifrs-full_Revenue,ifrs-full_Revenue|,1103704617.0,TL,1103704617.0,TRY,FLOW_YTD,HIGH,797322.0,False,
ALARK.IS:2019Q3,ALARK.IS,2019Q3,operating_profit,ifrs-full_ProfitLossFromOperatingActivities,ifrs-full_ProfitLossFromOperatingActivities|http://www.mkk.com.tr/2015/role/standartCapitalsLabel,268377786.0,TL,268377786.0,TRY,FLOW_YTD,PARTIAL,797322.0,False,
ALARK.IS:2019Q3,ALARK.IS,2019Q3,ebitda,,,,TL,,,FLOW_YTD,PARTIAL,797322.0,True,
ALARK.IS:2019Q3,ALARK.IS,2019Q3,net_income,ifrs-full_ProfitLoss,ifrs-full_ProfitLoss|http://www.mkk.com.tr/2015/role/standartCapitalsLabel,380970666.0,TL,380970666.0,TRY,FLOW_YTD,HIGH,797322.0,False,
ALARK.IS:2019Q3,ALARK.IS,2019Q3,equity,ifrs-full_Equity,ifrs-full_Equity|http://www.xbrl.org/2003/role/totalLabel,1924568848.0,TL,1924568848.0,TRY,BALANCE_SHEET_POINT_IN_TIME,HIGH,797322.0,False,
ALARK.IS:2019Q3,ALARK.IS,2019Q3,cfo,ifrs-full_CashFlowsFromUsedInOperatingActivities,ifrs-full_CashFlowsFromUsedInOperatingActivities|http://www.mkk.com.tr/2015/role/alternativeTotalLabel,113398996.0,TL,113398996.0,TRY,FLOW_YTD,PARTIAL,797322.0,False,
ALARK.IS:2019Q3,ALARK.IS,2019Q3,investing_cash_flow,ifrs-full_CashFlowsFromUsedInInvestingActivities,ifrs-full_CashFlowsFromUsedInInvestingActivities|http://www.mkk.com.tr/2015/role/alternativeTotalLabel,36377896.0,TL,36377896.0,TRY,FLOW_YTD,PARTIAL,797322.0,False,
ALARK.IS:2019Q3,ALARK.IS,2019Q3,fcf,DERIVED,DERIVED_CFO_PLUS_INVESTING_CASH_FLOW,,TL,149776892.0,TRY,FLOW_YTD,PARTIAL,797322.0,False,
ALARK.IS:2019Q4,ALARK.IS,2019Q4,revenue,ifrs-full_Revenue,ifrs-full_Revenue|,1385761969.0,TL,1385761969.0,TRY,FLOW_ANNUAL,HIGH,823712.0,False,
ALARK.IS:2019Q4,ALARK.IS,2019Q4,operating_profit,ifrs-full_ProfitLossFromOperatingActivities,ifrs-full_ProfitLossFromOperatingActivities|http://www.mkk.com.tr/2015/role/standartCapitalsLabel,373746586.0,TL,373746586.0,TRY,FLOW_ANNUAL,PARTIAL,823712.0,False,
ALARK.IS:2019Q4,ALARK.IS,2019Q4,ebitda,,,,TL,,,FLOW_ANNUAL,PARTIAL,823712.0,True,
ALARK.IS:2019Q4,ALARK.IS,2019Q4,net_income,ifrs-full_ProfitLoss,ifrs-full_ProfitLoss|http://www.mkk.com.tr/2015/role/standartCapitalsLabel,455710264.0,TL,455710264.0,TRY,FLOW_ANNUAL,HIGH,823712.0,False,
ALARK.IS:2019Q4,ALARK.IS,2019Q4,equity,ifrs-full_Equity,ifrs-full_Equity|http://www.xbrl.org/2003/role/totalLabel,2005015558.0,TL,2005015558.0,TRY,BALANCE_SHEET_POINT_IN_TIME,HIGH,823712.0,False,
ALARK.IS:2019Q4,ALARK.IS,2019Q4,cfo,ifrs-full_CashFlowsFromUsedInOperatingActivities,ifrs-full_CashFlowsFromUsedInOperatingActivities|http://www.mkk.com.tr/2015/role/alternativeTotalLabel,79816873.0,TL,79816873.0,TRY,FLOW_ANNUAL,PARTIAL,823712.0,False,
ALARK.IS:2019Q4,ALARK.IS,2019Q4,investing_cash_flow,ifrs-full_CashFlowsFromUsedInInvestingActivities,ifrs-full_CashFlowsFromUsedInInvestingActivities|http://www.mkk.com.tr/2015/role/alternativeTotalLabel,50623266.0,TL,50623266.0,TRY,FLOW_ANNUAL,PARTIAL,823712.0,False,
ALARK.IS:2019Q4,ALARK.IS,2019Q4,fcf,DERIVED,DERIVED_CFO_PLUS_INVESTING_CASH_FLOW,,TL,130440139.0,TRY,FLOW_ANNUAL,PARTIAL,823712.0,False,
ALARK.IS:2020Q1,ALARK.IS,2020Q1,revenue,ifrs-full_Revenue,ifrs-full_Revenue|,231158720.0,TL,231158720.0,TRY,FLOW_YTD,HIGH,847817.0,False,
ALARK.IS:2020Q1,ALARK.IS,2020Q1,operating_profit,ifrs-full_ProfitLossFromOperatingActivities,ifrs-full_ProfitLossFromOperatingActivities|http://www.mkk.com.tr/2015/role/standartCapitalsLabel,104728010.0,TL,104728010.0,TRY,FLOW_YTD,PARTIAL,847817.0,False,
ALARK.IS:2020Q1,ALARK.IS,2020Q1,ebitda,,,,TL,,,FLOW_YTD,PARTIAL,847817.0,True,
ALARK.IS:2020Q1,ALARK.IS,2020Q1,net_income,ifrs-full_ProfitLoss,ifrs-full_ProfitLoss|http://www.mkk.com.tr/2015/role/standartCapitalsLabel,50100219.0,TL,50100219.0,TRY,FLOW_YTD,HIGH,847817.0,False,
ALARK.IS:2020Q1,ALARK.IS,2020Q1,equity,ifrs-full_Equity,ifrs-full_Equity|http://www.xbrl.org/2003/role/totalLabel,2047955436.0,TL,2047955436.0,TRY,BALANCE_SHEET_POINT_IN_TIME,HIGH,847817.0,False,
ALARK.IS:2020Q1,ALARK.IS,2020Q1,cfo,ifrs-full_CashFlowsFromUsedInOperatingActivities,ifrs-full_CashFlowsFromUsedInOperatingActivities|http://www.mkk.com.tr/2015/role/alternativeTotalLabel,96446746.0,TL,96446746.0,TRY,FLOW_YTD,PARTIAL,847817.0,False,
ALARK.IS:2020Q1,ALARK.IS,2020Q1,investing_cash_flow,ifrs-full_CashFlowsFromUsedInInvestingActivities,ifrs-full_CashFlowsFromUsedInInvestingActivities|http://www.mkk.com.tr/2015/role/alternativeTotalLabel,20791890.0,TL,20791890.0,TRY,FLOW_YTD,PARTIAL,847817.0,False,
ALARK.IS:2020Q1,ALARK.IS,2020Q1,fcf,DERIVED,DERIVED_CFO_PLUS_INVESTING_CASH_FLOW,,TL,117238636.0,TRY,FLOW_YTD,PARTIAL,847817.0,False,
ALARK.IS:2020Q2,ALARK.IS,2020Q2,revenue,ifrs-full_Revenue,ifrs-full_Revenue|,491581669.0,TL,491581669.0,TRY,FLOW_YTD,HIGH,869544.0,False,
ALARK.IS:2020Q2,ALARK.IS,2020Q2,operating_profit,ifrs-full_ProfitLossFromOperatingActivities,ifrs-full_ProfitLossFromOperatingActivities|http://www.mkk.com.tr/2015/role/standartCapitalsLabel,228781106.0,TL,228781106.0,TRY,FLOW_YTD,PARTIAL,869544.0,False,
ALARK.IS:2020Q2,ALARK.IS,2020Q2,ebitda,,,,TL,,,FLOW_YTD,PARTIAL,869544.0,True,
ALARK.IS:2020Q2,ALARK.IS,2020Q2,net_income,ifrs-full_ProfitLoss,ifrs-full_ProfitLoss|http://www.mkk.com.tr/2015/role/standartCapitalsLabel,163229279.0,TL,163229279.0,TRY,FLOW_YTD,HIGH,869544.0,False,
ALARK.IS:2020Q2,ALARK.IS,2020Q2,equity,ifrs-full_Equity,ifrs-full_Equity|http://www.xbrl.org/2003/role/totalLabel,2188534317.0,TL,2188534317.0,TRY,BALANCE_SHEET_POINT_IN_TIME,HIGH,869544.0,False,
ALARK.IS:2020Q2,ALARK.IS,2020Q2,cfo,ifrs-full_CashFlowsFromUsedInOperatingActivities,ifrs-full_CashFlowsFromUsedInOperatingActivities|http://www.mkk.com.tr/2015/role/alternativeTotalLabel,188250763.0,TL,188250763.0,TRY,FLOW_YTD,PARTIAL,869544.0,False,
ALARK.IS:2020Q2,ALARK.IS,2020Q2,investing_cash_flow,ifrs-full_CashFlowsFromUsedInInvestingActivities,ifrs-full_CashFlowsFromUsedInInvestingActivities|http://www.mkk.com.tr/2015/role/alternativeTotalLabel,-126890316.0,TL,-126890316.0,TRY,FLOW_YTD,PARTIAL,869544.0,False,
ALARK.IS:2020Q2,ALARK.IS,2020Q2,fcf,DERIVED,DERIVED_CFO_PLUS_INVESTING_CASH_FLOW,,TL,61360447.0,TRY,FLOW_YTD,PARTIAL,869544.0,False,
ALARK.IS:2020Q3,ALARK.IS,2020Q3,revenue,ifrs-full_Revenue,ifrs-full_Revenue|,796570697.0,TL,796570697.0,TRY,FLOW_YTD,HIGH,886848.0,False,
ALARK.IS:2020Q3,ALARK.IS,2020Q3,operating_profit,ifrs-full_ProfitLossFromOperatingActivities,ifrs-full_ProfitLossFromOperatingActivities|http://www.mkk.com.tr/2015/role/standartCapitalsLabel,444475676.0,TL,444475676.0,TRY,FLOW_YTD,PARTIAL,886848.0,False,
ALARK.IS:2020Q3,ALARK.IS,2020Q3,ebitda,,,,TL,,,FLOW_YTD,PARTIAL,886848.0,True,
ALARK.IS:2020Q3,ALARK.IS,2020Q3,net_income,ifrs-full_ProfitLoss,ifrs-full_ProfitLoss|http://www.mkk.com.tr/2015/role/standartCapitalsLabel,366968613.0,TL,366968613.0,TRY,FLOW_YTD,HIGH,886848.0,False,
ALARK.IS:2020Q3,ALARK.IS,2020Q3,equity,ifrs-full_Equity,ifrs-full_Equity|http://www.xbrl.org/2003/role/totalLabel,2380916066.0,TL,2380916066.0,TRY,BALANCE_SHEET_POINT_IN_TIME,HIGH,886848.0,False,
ALARK.IS:2020Q3,ALARK.IS,2020Q3,cfo,ifrs-full_CashFlowsFromUsedInOperatingActivities,ifrs-full_CashFlowsFromUsedInOperatingActivities|http://www.mkk.com.tr/2015/role/alternativeTotalLabel,570438797.0,TL,570438797.0,TRY,FLOW_YTD,PARTIAL,886848.0,False,
ALARK.IS:2020Q3,ALARK.IS,2020Q3,investing_cash_flow,ifrs-full_CashFlowsFromUsedInInvestingActivities,ifrs-full_CashFlowsFromUsedInInvestingActivities|http://www.mkk.com.tr/2015/role/alternativeTotalLabel,-169694123.0,TL,-169694123.0,TRY,FLOW_YTD,PARTIAL,886848.0,False,
ALARK.IS:2020Q3,ALARK.IS,2020Q3,fcf,DERIVED,DERIVED_CFO_PLUS_INVESTING_CASH_FLOW,,TL,400744674.0,TRY,FLOW_YTD,PARTIAL,886848.0,False,
ALARK.IS:2020Q4,ALARK.IS,2020Q4,revenue,ifrs-full_Revenue,ifrs-full_Revenue|,1032136230.0,TL,1032136230.0,TRY,FLOW_ANNUAL,HIGH,917148.0,False,
ALARK.IS:2020Q4,ALARK.IS,2020Q4,operating_profit,ifrs-full_ProfitLossFromOperatingActivities,ifrs-full_ProfitLossFromOperatingActivities|http://www.mkk.com.tr/2015/role/standartCapitalsLabel,421615143.0,TL,421615143.0,TRY,FLOW_ANNUAL,PARTIAL,917148.0,False,
ALARK.IS:2020Q4,ALARK.IS,2020Q4,ebitda,,,,TL,,,FLOW_ANNUAL,PARTIAL,917148.0,True,
ALARK.IS:2020Q4,ALARK.IS,2020Q4,net_income,ifrs-full_ProfitLoss,ifrs-full_ProfitLoss|http://www.mkk.com.tr/2015/role/standartCapitalsLabel,905982938.0,TL,905982938.0,TRY,FLOW_ANNUAL,HIGH,917148.0,False,
ALARK.IS:2020Q4,ALARK.IS,2020Q4,equity,ifrs-full_Equity,ifrs-full_Equity|http://www.xbrl.org/2003/role/totalLabel,2885806673.0,TL,2885806673.0,TRY,BALANCE_SHEET_POINT_IN_TIME,HIGH,917148.0,False,
ALARK.IS:2020Q4,ALARK.IS,2020Q4,cfo,ifrs-full_CashFlowsFromUsedInOperatingActivities,ifrs-full_CashFlowsFromUsedInOperatingActivities|http://www.mkk.com.tr/2015/role/alternativeTotalLabel,420864893.0,TL,420864893.0,TRY,FLOW_ANNUAL,PARTIAL,917148.0,False,
ALARK.IS:2020Q4,ALARK.IS,2020Q4,investing_cash_flow,ifrs-full_CashFlowsFromUsedInInvestingActivities,ifrs-full_CashFlowsFromUsedInInvestingActivities|http://www.mkk.com.tr/2015/role/alternativeTotalLabel,-148943467.0,TL,-148943467.0,TRY,FLOW_ANNUAL,PARTIAL,917148.0,False,
ALARK.IS:2020Q4,ALARK.IS,2020Q4,fcf,DERIVED,DERIVED_CFO_PLUS_INVESTING_CASH_FLOW,,TL,271921426.0,TRY,FLOW_ANNUAL,PARTIAL,917148.0,False,
ALARK.IS:2021Q1,ALARK.IS,2021Q1,revenue,ifrs-full_Revenue,ifrs-full_Revenue|,241148581.0,TL,241148581.0,TRY,FLOW_YTD,HIGH,936440.0,False,
ALARK.IS:2021Q1,ALARK.IS,2021Q1,operating_profit,ifrs-full_ProfitLossFromOperatingActivities,ifrs-full_ProfitLossFromOperatingActivities|http://www.mkk.com.tr/2015/role/standartCapitalsLabel,154700878.0,TL,154700878.0,TRY,FLOW_YTD,PARTIAL,936440.0,False,
ALARK.IS:2021Q1,ALARK.IS,2021Q1,ebitda,,,,TL,,,FLOW_YTD,PARTIAL,936440.0,True,
ALARK.IS:2021Q1,ALARK.IS,2021Q1,net_income,ifrs-full_ProfitLoss,ifrs-full_ProfitLoss|http://www.mkk.com.tr/2015/role/standartCapitalsLabel,94409222.0,TL,94409222.0,TRY,FLOW_YTD,HIGH,936440.0,False,
ALARK.IS:2021Q1,ALARK.IS,2021Q1,equity,ifrs-full_Equity,ifrs-full_Equity|http://www.xbrl.org/2003/role/totalLabel,3010139162.0,TL,3010139162.0,TRY,BALANCE_SHEET_POINT_IN_TIME,HIGH,936440.0,False,
ALARK.IS:2021Q1,ALARK.IS,2021Q1,cfo,ifrs-full_CashFlowsFromUsedInOperatingActivities,ifrs-full_CashFlowsFromUsedInOperatingActivities|http://www.mkk.com.tr/2015/role/alternativeTotalLabel,330158854.0,TL,330158854.0,TRY,FLOW_YTD,PARTIAL,936440.0,False,
ALARK.IS:2021Q1,ALARK.IS,2021Q1,investing_cash_flow,ifrs-full_CashFlowsFromUsedInInvestingActivities,ifrs-full_CashFlowsFromUsedInInvestingActivities|http://www.mkk.com.tr/2015/role/alternativeTotalLabel,35195187.0,TL,35195187.0,TRY,FLOW_YTD,PARTIAL,936440.0,False,
ALARK.IS:2021Q1,ALARK.IS,2021Q1,fcf,DERIVED,DERIVED_CFO_PLUS_INVESTING_CASH_FLOW,,TL,365354041.0,TRY,FLOW_YTD,PARTIAL,936440.0,False,
ALARK.IS:2021Q2,ALARK.IS,2021Q2,revenue,ifrs-full_Revenue,ifrs-full_Revenue|,676531991.0,TL,676531991.0,TRY,FLOW_YTD,HIGH,959164.0,False,
ALARK.IS:2021Q2,ALARK.IS,2021Q2,operating_profit,ifrs-full_ProfitLossFromOperatingActivities,ifrs-full_ProfitLossFromOperatingActivities|http://www.mkk.com.tr/2015/role/standartCapitalsLabel,242826328.0,TL,242826328.0,TRY,FLOW_YTD,PARTIAL,959164.0,False,
ALARK.IS:2021Q2,ALARK.IS,2021Q2,ebitda,,,,TL,,,FLOW_YTD,PARTIAL,959164.0,True,
ALARK.IS:2021Q2,ALARK.IS,2021Q2,net_income,ifrs-full_ProfitLoss,ifrs-full_ProfitLoss|http://www.mkk.com.tr/2015/role/standartCapitalsLabel,223168799.0,TL,223168799.0,TRY,FLOW_YTD,HIGH,959164.0,False,
ALARK.IS:2021Q2,ALARK.IS,2021Q2,equity,ifrs-full_Equity,ifrs-full_Equity|http://www.xbrl.org/2003/role/totalLabel,3014494731.0,TL,3014494731.0,TRY,BALANCE_SHEET_POINT_IN_TIME,HIGH,959164.0,False,
ALARK.IS:2021Q2,ALARK.IS,2021Q2,cfo,ifrs-full_CashFlowsFromUsedInOperatingActivities,ifrs-full_CashFlowsFromUsedInOperatingActivities|http://www.mkk.com.tr/2015/role/alternativeTotalLabel,243712644.0,TL,243712644.0,TRY,FLOW_YTD,PARTIAL,959164.0,False,
ALARK.IS:2021Q2,ALARK.IS,2021Q2,investing_cash_flow,ifrs-full_CashFlowsFromUsedInInvestingActivities,ifrs-full_CashFlowsFromUsedInInvestingActivities|http://www.mkk.com.tr/2015/role/alternativeTotalLabel,-50622888.0,TL,-50622888.0,TRY,FLOW_YTD,PARTIAL,959164.0,False,
ALARK.IS:2021Q2,ALARK.IS,2021Q2,fcf,DERIVED,DERIVED_CFO_PLUS_INVESTING_CASH_FLOW,,TL,193089756.0,TRY,FLOW_YTD,PARTIAL,959164.0,False,
ALARK.IS:2021Q3,ALARK.IS,2021Q3,revenue,ifrs-full_Revenue,ifrs-full_Revenue|,1302299191.0,TL,1302299191.0,TRY,FLOW_YTD,HIGH,975999.0,False,
ALARK.IS:2021Q3,ALARK.IS,2021Q3,operating_profit,ifrs-full_ProfitLossFromOperatingActivities,ifrs-full_ProfitLossFromOperatingActivities|http://www.mkk.com.tr/2015/role/standartCapitalsLabel,403750262.0,TL,403750262.0,TRY,FLOW_YTD,PARTIAL,975999.0,False,
ALARK.IS:2021Q3,ALARK.IS,2021Q3,ebitda,,,,TL,,,FLOW_YTD,PARTIAL,975999.0,True,
ALARK.IS:2021Q3,ALARK.IS,2021Q3,net_income,ifrs-full_ProfitLoss,ifrs-full_ProfitLoss|http://www.mkk.com.tr/2015/role/standartCapitalsLabel,615124972.0,TL,615124972.0,TRY,FLOW_YTD,HIGH,975999.0,False,
ALARK.IS:2021Q3,ALARK.IS,2021Q3,equity,ifrs-full_Equity,ifrs-full_Equity|http://www.xbrl.org/2003/role/totalLabel,3420589124.0,TL,3420589124.0,TRY,BALANCE_SHEET_POINT_IN_TIME,HIGH,975999.0,False,
ALARK.IS:2021Q3,ALARK.IS,2021Q3,cfo,ifrs-full_CashFlowsFromUsedInOperatingActivities,ifrs-full_CashFlowsFromUsedInOperatingActivities|http://www.mkk.com.tr/2015/role/alternativeTotalLabel,255933963.0,TL,255933963.0,TRY,FLOW_YTD,PARTIAL,975999.0,False,
ALARK.IS:2021Q3,ALARK.IS,2021Q3,investing_cash_flow,ifrs-full_CashFlowsFromUsedInInvestingActivities,ifrs-full_CashFlowsFromUsedInInvestingActivities|http://www.mkk.com.tr/2015/role/alternativeTotalLabel,-61631429.0,TL,-61631429.0,TRY,FLOW_YTD,PARTIAL,975999.0,False,
ALARK.IS:2021Q3,ALARK.IS,2021Q3,fcf,DERIVED,DERIVED_CFO_PLUS_INVESTING_CASH_FLOW,,TL,194302534.0,TRY,FLOW_YTD,PARTIAL,975999.0,False,
ALARK.IS:2021Q4,ALARK.IS,2021Q4,revenue,ifrs-full_Revenue,ifrs-full_Revenue|,2016553895.0,TL,2016553895.0,TRY,FLOW_ANNUAL,HIGH,1009377.0,False,
ALARK.IS:2021Q4,ALARK.IS,2021Q4,operating_profit,ifrs-full_ProfitLossFromOperatingActivities,ifrs-full_ProfitLossFromOperatingActivities|http://www.mkk.com.tr/2015/role/standartCapitalsLabel,453312098.0,TL,453312098.0,TRY,FLOW_ANNUAL,PARTIAL,1009377.0,False,
ALARK.IS:2021Q4,ALARK.IS,2021Q4,ebitda,,,,TL,,,FLOW_ANNUAL,PARTIAL,1009377.0,True,
ALARK.IS:2021Q4,ALARK.IS,2021Q4,net_income,ifrs-full_ProfitLoss,ifrs-full_ProfitLoss|http://www.mkk.com.tr/2015/role/standartCapitalsLabel,1583676492.0,TL,1583676492.0,TRY,FLOW_ANNUAL,HIGH,1009377.0,False,
ALARK.IS:2021Q4,ALARK.IS,2021Q4,equity,ifrs-full_Equity,ifrs-full_Equity|http://www.xbrl.org/2003/role/totalLabel,4558540881.0,TL,4558540881.0,TRY,BALANCE_SHEET_POINT_IN_TIME,HIGH,1009377.0,False,
ALARK.IS:2021Q4,ALARK.IS,2021Q4,cfo,ifrs-full_CashFlowsFromUsedInOperatingActivities,ifrs-full_CashFlowsFromUsedInOperatingActivities|http://www.mkk.com.tr/2015/role/alternativeTotalLabel,747291823.0,TL,747291823.0,TRY,FLOW_ANNUAL,PARTIAL,1009377.0,False,
ALARK.IS:2021Q4,ALARK.IS,2021Q4,investing_cash_flow,ifrs-full_CashFlowsFromUsedInInvestingActivities,ifrs-full_CashFlowsFromUsedInInvestingActivities|http://www.mkk.com.tr/2015/role/alternativeTotalLabel,-173854669.0,TL,-173854669.0,TRY,FLOW_ANNUAL,PARTIAL,1009377.0,False,
ALARK.IS:2021Q4,ALARK.IS,2021Q4,fcf,DERIVED,DERIVED_CFO_PLUS_INVESTING_CASH_FLOW,,TL,573437154.0,TRY,FLOW_ANNUAL,PARTIAL,1009377.0,False,
ALARK.IS:2022Q1,ALARK.IS,2022Q1,revenue,ifrs-full_Revenue,ifrs-full_Revenue|,980001565.0,TL,980001565.0,TRY,FLOW_YTD,HIGH,1028066.0,False,
ALARK.IS:2022Q1,ALARK.IS,2022Q1,operating_profit,ifrs-full_ProfitLossFromOperatingActivities,ifrs-full_ProfitLossFromOperatingActivities|http://www.mkk.com.tr/2015/role/standartCapitalsLabel,255428618.0,TL,255428618.0,TRY,FLOW_YTD,PARTIAL,1028066.0,False,
ALARK.IS:2022Q1,ALARK.IS,2022Q1,ebitda,,,,TL,,,FLOW_YTD,PARTIAL,1028066.0,True,
ALARK.IS:2022Q1,ALARK.IS,2022Q1,net_income,ifrs-full_ProfitLoss,ifrs-full_ProfitLoss|http://www.mkk.com.tr/2015/role/standartCapitalsLabel,1070171815.0,TL,1070171815.0,TRY,FLOW_YTD,HIGH,1028066.0,False,
ALARK.IS:2022Q1,ALARK.IS,2022Q1,equity,ifrs-full_Equity,ifrs-full_Equity|http://www.xbrl.org/2003/role/totalLabel,5610548796.0,TL,5610548796.0,TRY,BALANCE_SHEET_POINT_IN_TIME,HIGH,1028066.0,False,
ALARK.IS:2022Q1,ALARK.IS,2022Q1,cfo,ifrs-full_CashFlowsFromUsedInOperatingActivities,ifrs-full_CashFlowsFromUsedInOperatingActivities|http://www.mkk.com.tr/2015/role/alternativeTotalLabel,-305700099.0,TL,-305700099.0,TRY,FLOW_YTD,PARTIAL,1028066.0,False,
ALARK.IS:2022Q1,ALARK.IS,2022Q1,investing_cash_flow,ifrs-full_CashFlowsFromUsedInInvestingActivities,ifrs-full_CashFlowsFromUsedInInvestingActivities|http://www.mkk.com.tr/2015/role/alternativeTotalLabel,-167056977.0,TL,-167056977.0,TRY,FLOW_YTD,PARTIAL,1028066.0,False,
ALARK.IS:2022Q1,ALARK.IS,2022Q1,fcf,DERIVED,DERIVED_CFO_PLUS_INVESTING_CASH_FLOW,,TL,-472757076.0,TRY,FLOW_YTD,PARTIAL,1028066.0,False,
ALARK.IS:2022Q2,ALARK.IS,2022Q2,revenue,ifrs-full_Revenue,ifrs-full_Revenue|,2737393871.0,TL,2737393871.0,TRY,FLOW_YTD,HIGH,1056898.0,False,
ALARK.IS:2022Q2,ALARK.IS,2022Q2,operating_profit,ifrs-full_ProfitLossFromOperatingActivities,ifrs-full_ProfitLossFromOperatingActivities|http://www.mkk.com.tr/2015/role/standartCapitalsLabel,678532056.0,TL,678532056.0,TRY,FLOW_YTD,PARTIAL,1056898.0,False,
ALARK.IS:2022Q2,ALARK.IS,2022Q2,ebitda,,,,TL,,,FLOW_YTD,PARTIAL,1056898.0,True,
ALARK.IS:2022Q2,ALARK.IS,2022Q2,net_income,ifrs-full_ProfitLoss,ifrs-full_ProfitLoss|http://www.mkk.com.tr/2015/role/standartCapitalsLabel,3349821141.0,TL,3349821141.0,TRY,FLOW_YTD,HIGH,1056898.0,False,
ALARK.IS:2022Q2,ALARK.IS,2022Q2,equity,ifrs-full_Equity,ifrs-full_Equity|http://www.xbrl.org/2003/role/totalLabel,7901080831.0,TL,7901080831.0,TRY,BALANCE_SHEET_POINT_IN_TIME,HIGH,1056898.0,False,
ALARK.IS:2022Q2,ALARK.IS,2022Q2,cfo,ifrs-full_CashFlowsFromUsedInOperatingActivities,ifrs-full_CashFlowsFromUsedInOperatingActivities|http://www.mkk.com.tr/2015/role/alternativeTotalLabel,-596413900.0,TL,-596413900.0,TRY,FLOW_YTD,PARTIAL,1056898.0,False,
ALARK.IS:2022Q2,ALARK.IS,2022Q2,investing_cash_flow,ifrs-full_CashFlowsFromUsedInInvestingActivities,ifrs-full_CashFlowsFromUsedInInvestingActivities|http://www.mkk.com.tr/2015/role/alternativeTotalLabel,-29385662.0,TL,-29385662.0,TRY,FLOW_YTD,PARTIAL,1056898.0,False,
ALARK.IS:2022Q2,ALARK.IS,2022Q2,fcf,DERIVED,DERIVED_CFO_PLUS_INVESTING_CASH_FLOW,,TL,-625799562.0,TRY,FLOW_YTD,PARTIAL,1056898.0,False,
ALARK.IS:2022Q3,ALARK.IS,2022Q3,revenue,ifrs-full_Revenue,ifrs-full_Revenue|,5072173550.0,TL,5072173550.0,TRY,FLOW_YTD,HIGH,1078290.0,False,
ALARK.IS:2022Q3,ALARK.IS,2022Q3,operating_profit,ifrs-full_ProfitLossFromOperatingActivities,ifrs-full_ProfitLossFromOperatingActivities|http://www.mkk.com.tr/2015/role/standartCapitalsLabel,1078234957.0,TL,1078234957.0,TRY,FLOW_YTD,PARTIAL,1078290.0,False,
ALARK.IS:2022Q3,ALARK.IS,2022Q3,ebitda,,,,TL,,,FLOW_YTD,PARTIAL,1078290.0,True,
ALARK.IS:2022Q3,ALARK.IS,2022Q3,net_income,ifrs-full_ProfitLoss,ifrs-full_ProfitLoss|http://www.mkk.com.tr/2015/role/standartCapitalsLabel,7671259862.0,TL,7671259862.0,TRY,FLOW_YTD,HIGH,1078290.0,False,
ALARK.IS:2022Q3,ALARK.IS,2022Q3,equity,ifrs-full_Equity,ifrs-full_Equity|http://www.xbrl.org/2003/role/totalLabel,12270893677.0,TL,12270893677.0,TRY,BALANCE_SHEET_POINT_IN_TIME,HIGH,1078290.0,False,
ALARK.IS:2022Q3,ALARK.IS,2022Q3,cfo,ifrs-full_CashFlowsFromUsedInOperatingActivities,ifrs-full_CashFlowsFromUsedInOperatingActivities|http://www.mkk.com.tr/2015/role/alternativeTotalLabel,451506467.0,TL,451506467.0,TRY,FLOW_YTD,PARTIAL,1078290.0,False,
ALARK.IS:2022Q3,ALARK.IS,2022Q3,investing_cash_flow,ifrs-full_CashFlowsFromUsedInInvestingActivities,ifrs-full_CashFlowsFromUsedInInvestingActivities|http://www.mkk.com.tr/2015/role/alternativeTotalLabel,179363444.0,TL,179363444.0,TRY,FLOW_YTD,PARTIAL,1078290.0,False,
ALARK.IS:2022Q3,ALARK.IS,2022Q3,fcf,DERIVED,DERIVED_CFO_PLUS_INVESTING_CASH_FLOW,,TL,630869911.0,TRY,FLOW_YTD,PARTIAL,1078290.0,False,
ALARK.IS:2022Q4,ALARK.IS,2022Q4,revenue,ifrs-full_Revenue,ifrs-full_Revenue|,7123179793.0,TL,7123179793.0,TRY,FLOW_ANNUAL,HIGH,1123127.0,False,
ALARK.IS:2022Q4,ALARK.IS,2022Q4,operating_profit,ifrs-full_ProfitLossFromOperatingActivities,ifrs-full_ProfitLossFromOperatingActivities|http://www.mkk.com.tr/2015/role/standartCapitalsLabel,1045575831.0,TL,1045575831.0,TRY,FLOW_ANNUAL,PARTIAL,1123127.0,False,
ALARK.IS:2022Q4,ALARK.IS,2022Q4,ebitda,,,,TL,,,FLOW_ANNUAL,PARTIAL,1123127.0,True,
ALARK.IS:2022Q4,ALARK.IS,2022Q4,net_income,ifrs-full_ProfitLoss,ifrs-full_ProfitLoss|http://www.mkk.com.tr/2015/role/standartCapitalsLabel,11863642480.0,TL,11863642480.0,TRY,FLOW_ANNUAL,HIGH,1123127.0,False,
ALARK.IS:2022Q4,ALARK.IS,2022Q4,equity,ifrs-full_Equity,ifrs-full_Equity|http://www.xbrl.org/2003/role/totalLabel,16251746835.0,TL,16251746835.0,TRY,BALANCE_SHEET_POINT_IN_TIME,HIGH,1123127.0,False,
ALARK.IS:2022Q4,ALARK.IS,2022Q4,cfo,ifrs-full_CashFlowsFromUsedInOperatingActivities,ifrs-full_CashFlowsFromUsedInOperatingActivities|http://www.mkk.com.tr/2015/role/alternativeTotalLabel,2994098877.0,TL,2994098877.0,TRY,FLOW_ANNUAL,PARTIAL,1123127.0,False,
ALARK.IS:2022Q4,ALARK.IS,2022Q4,investing_cash_flow,ifrs-full_CashFlowsFromUsedInInvestingActivities,ifrs-full_CashFlowsFromUsedInInvestingActivities|http://www.mkk.com.tr/2015/role/alternativeTotalLabel,224264220.0,TL,224264220.0,TRY,FLOW_ANNUAL,PARTIAL,1123127.0,False,
ALARK.IS:2022Q4,ALARK.IS,2022Q4,fcf,DERIVED,DERIVED_CFO_PLUS_INVESTING_CASH_FLOW,,TL,3218363097.0,TRY,FLOW_ANNUAL,PARTIAL,1123127.0,False,
ALARK.IS:2023Q1,ALARK.IS,2023Q1,revenue,ifrs-full_Revenue,ifrs-full_Revenue|,1391095190.0,TL,1391095190.0,TRY,FLOW_YTD,HIGH,1149025.0,False,
ALARK.IS:2023Q1,ALARK.IS,2023Q1,operating_profit,ifrs-full_ProfitLossFromOperatingActivities,ifrs-full_ProfitLossFromOperatingActivities|http://www.mkk.com.tr/2015/role/standartCapitalsLabel,208195225.0,TL,208195225.0,TRY,FLOW_YTD,PARTIAL,1149025.0,False,
ALARK.IS:2023Q1,ALARK.IS,2023Q1,ebitda,,,,TL,,,FLOW_YTD,PARTIAL,1149025.0,True,
ALARK.IS:2023Q1,ALARK.IS,2023Q1,net_income,ifrs-full_ProfitLoss,ifrs-full_ProfitLoss|http://www.mkk.com.tr/2015/role/standartCapitalsLabel,1858133465.0,TL,1858133465.0,TRY,FLOW_YTD,HIGH,1149025.0,False,
ALARK.IS:2023Q1,ALARK.IS,2023Q1,equity,ifrs-full_Equity,ifrs-full_Equity|http://www.xbrl.org/2003/role/totalLabel,18041512035.0,TL,18041512035.0,TRY,BALANCE_SHEET_POINT_IN_TIME,HIGH,1149025.0,False,
ALARK.IS:2023Q1,ALARK.IS,2023Q1,cfo,ifrs-full_CashFlowsFromUsedInOperatingActivities,ifrs-full_CashFlowsFromUsedInOperatingActivities|http://www.mkk.com.tr/2015/role/alternativeTotalLabel,-83988318.0,TL,-83988318.0,TRY,FLOW_YTD,PARTIAL,1149025.0,False,
ALARK.IS:2023Q1,ALARK.IS,2023Q1,investing_cash_flow,ifrs-full_CashFlowsFromUsedInInvestingActivities,ifrs-full_CashFlowsFromUsedInInvestingActivities|http://www.mkk.com.tr/2015/role/alternativeTotalLabel,-3660970033.0,TL,-3660970033.0,TRY,FLOW_YTD,PARTIAL,1149025.0,False,
ALARK.IS:2023Q1,ALARK.IS,2023Q1,fcf,DERIVED,DERIVED_CFO_PLUS_INVESTING_CASH_FLOW,,TL,-3744958351.0,TRY,FLOW_YTD,PARTIAL,1149025.0,False,
ALARK.IS:2023Q2,ALARK.IS,2023Q2,revenue,ifrs-full_Revenue,ifrs-full_Revenue|,3203695196.0,TL,3203695196.0,TRY,FLOW_YTD,HIGH,1187286.0,False,
ALARK.IS:2023Q2,ALARK.IS,2023Q2,operating_profit,ifrs-full_ProfitLossFromOperatingActivities,ifrs-full_ProfitLossFromOperatingActivities|http://www.mkk.com.tr/2015/role/standartCapitalsLabel,1682002052.0,TL,1682002052.0,TRY,FLOW_YTD,PARTIAL,1187286.0,False,
ALARK.IS:2023Q2,ALARK.IS,2023Q2,ebitda,,,,TL,,,FLOW_YTD,PARTIAL,1187286.0,True,
ALARK.IS:2023Q2,ALARK.IS,2023Q2,net_income,ifrs-full_ProfitLoss,ifrs-full_ProfitLoss|http://www.mkk.com.tr/2015/role/standartCapitalsLabel,5086695048.0,TL,5086695048.0,TRY,FLOW_YTD,HIGH,1187286.0,False,
ALARK.IS:2023Q2,ALARK.IS,2023Q2,equity,ifrs-full_Equity,ifrs-full_Equity|http://www.xbrl.org/2003/role/totalLabel,20975539357.0,TL,20975539357.0,TRY,BALANCE_SHEET_POINT_IN_TIME,HIGH,1187286.0,False,
ALARK.IS:2023Q2,ALARK.IS,2023Q2,cfo,ifrs-full_CashFlowsFromUsedInOperatingActivities,ifrs-full_CashFlowsFromUsedInOperatingActivities|http://www.mkk.com.tr/2015/role/alternativeTotalLabel,1763598625.0,TL,1763598625.0,TRY,FLOW_YTD,PARTIAL,1187286.0,False,
ALARK.IS:2023Q2,ALARK.IS,2023Q2,investing_cash_flow,ifrs-full_CashFlowsFromUsedInInvestingActivities,ifrs-full_CashFlowsFromUsedInInvestingActivities|http://www.mkk.com.tr/2015/role/alternativeTotalLabel,-4809994627.0,TL,-4809994627.0,TRY,FLOW_YTD,PARTIAL,1187286.0,False,
ALARK.IS:2023Q2,ALARK.IS,2023Q2,fcf,DERIVED,DERIVED_CFO_PLUS_INVESTING_CASH_FLOW,,TL,-3046396002.0,TRY,FLOW_YTD,PARTIAL,1187286.0,False,
ALARK.IS:2023Q3,ALARK.IS,2023Q3,revenue,ifrs-full_Revenue,ifrs-full_Revenue|,6072564073.0,TL,6072564073.0,TRY,FLOW_YTD,HIGH,1216029.0,False,
ALARK.IS:2023Q3,ALARK.IS,2023Q3,operating_profit,ifrs-full_ProfitLossFromOperatingActivities,ifrs-full_ProfitLossFromOperatingActivities|http://www.mkk.com.tr/2015/role/standartCapitalsLabel,2065426918.0,TL,2065426918.0,TRY,FLOW_YTD,PARTIAL,1216029.0,False,
ALARK.IS:2023Q3,ALARK.IS,2023Q3,ebitda,,,,TL,,,FLOW_YTD,PARTIAL,1216029.0,True,
ALARK.IS:2023Q3,ALARK.IS,2023Q3,net_income,ifrs-full_ProfitLoss,ifrs-full_ProfitLoss|http://www.mkk.com.tr/2015/role/standartCapitalsLabel,9190499480.0,TL,9190499480.0,TRY,FLOW_YTD,HIGH,1216029.0,False,
ALARK.IS:2023Q3,ALARK.IS,2023Q3,equity,ifrs-full_Equity,ifrs-full_Equity|http://www.xbrl.org/2003/role/totalLabel,25004145404.0,TL,25004145404.0,TRY,BALANCE_SHEET_POINT_IN_TIME,HIGH,1216029.0,False,
ALARK.IS:2023Q3,ALARK.IS,2023Q3,cfo,ifrs-full_CashFlowsFromUsedInOperatingActivities,ifrs-full_CashFlowsFromUsedInOperatingActivities|http://www.mkk.com.tr/2015/role/alternativeTotalLabel,1234714542.0,TL,1234714542.0,TRY,FLOW_YTD,PARTIAL,1216029.0,False,
ALARK.IS:2023Q3,ALARK.IS,2023Q3,investing_cash_flow,ifrs-full_CashFlowsFromUsedInInvestingActivities,ifrs-full_CashFlowsFromUsedInInvestingActivities|http://www.mkk.com.tr/2015/role/alternativeTotalLabel,-4528418515.0,TL,-4528418515.0,TRY,FLOW_YTD,PARTIAL,1216029.0,False,
ALARK.IS:2023Q3,ALARK.IS,2023Q3,fcf,DERIVED,DERIVED_CFO_PLUS_INVESTING_CASH_FLOW,,TL,-3293703973.0,TRY,FLOW_YTD,PARTIAL,1216029.0,False,
ALARK.IS:2023Q4,ALARK.IS,2023Q4,revenue,ifrs-full_Revenue,ifrs-full_Revenue|,8296228097.0,TL,8296228097.0,TRY,FLOW_ANNUAL,HIGH,1274831.0,False,
ALARK.IS:2023Q4,ALARK.IS,2023Q4,operating_profit,ifrs-full_ProfitLossFromOperatingActivities,ifrs-full_ProfitLossFromOperatingActivities|http://www.mkk.com.tr/2015/role/standartCapitalsLabel,2656370139.0,TL,2656370139.0,TRY,FLOW_ANNUAL,PARTIAL,1274831.0,False,
ALARK.IS:2023Q4,ALARK.IS,2023Q4,ebitda,,,,TL,,,FLOW_ANNUAL,PARTIAL,1274831.0,True,
ALARK.IS:2023Q4,ALARK.IS,2023Q4,net_income,ifrs-full_ProfitLoss,ifrs-full_ProfitLoss|http://www.mkk.com.tr/2015/role/standartCapitalsLabel,6907066467.0,TL,6907066467.0,TRY,FLOW_ANNUAL,HIGH,1274831.0,False,
ALARK.IS:2023Q4,ALARK.IS,2023Q4,equity,ifrs-full_Equity,ifrs-full_Equity|http://www.xbrl.org/2003/role/totalLabel,43947343787.0,TL,43947343787.0,TRY,BALANCE_SHEET_POINT_IN_TIME,HIGH,1274831.0,False,
ALARK.IS:2023Q4,ALARK.IS,2023Q4,cfo,ifrs-full_CashFlowsFromUsedInOperatingActivities,ifrs-full_CashFlowsFromUsedInOperatingActivities|http://www.mkk.com.tr/2015/role/alternativeTotalLabel,2753781522.0,TL,2753781522.0,TRY,FLOW_ANNUAL,PARTIAL,1274831.0,False,
ALARK.IS:2023Q4,ALARK.IS,2023Q4,investing_cash_flow,ifrs-full_CashFlowsFromUsedInInvestingActivities,ifrs-full_CashFlowsFromUsedInInvestingActivities|http://www.mkk.com.tr/2015/role/alternativeTotalLabel,-4874559478.0,TL,-4874559478.0,TRY,FLOW_ANNUAL,PARTIAL,1274831.0,False,
ALARK.IS:2023Q4,ALARK.IS,2023Q4,fcf,DERIVED,DERIVED_CFO_PLUS_INVESTING_CASH_FLOW,,TL,-2120777956.0,TRY,FLOW_ANNUAL,PARTIAL,1274831.0,False,
ALARK.IS:2024Q1,ALARK.IS,2024Q1,revenue,ifrs-full_Revenue,ifrs-full_Revenue|,1644478729.0,TL,1644478729.0,TRY,FLOW_YTD,HIGH,1299720.0,False,
ALARK.IS:2024Q1,ALARK.IS,2024Q1,operating_profit,ifrs-full_ProfitLossFromOperatingActivities,ifrs-full_ProfitLossFromOperatingActivities|http://www.mkk.com.tr/2015/role/standartCapitalsLabel,318946440.0,TL,318946440.0,TRY,FLOW_YTD,PARTIAL,1299720.0,False,
ALARK.IS:2024Q1,ALARK.IS,2024Q1,ebitda,,,,TL,,,FLOW_YTD,PARTIAL,1299720.0,True,
ALARK.IS:2024Q1,ALARK.IS,2024Q1,net_income,ifrs-full_ProfitLoss,ifrs-full_ProfitLoss|http://www.mkk.com.tr/2015/role/standartCapitalsLabel,-1274585489.0,TL,-1274585489.0,TRY,FLOW_YTD,HIGH,1299720.0,False,
ALARK.IS:2024Q1,ALARK.IS,2024Q1,equity,ifrs-full_Equity,ifrs-full_Equity|http://www.xbrl.org/2003/role/totalLabel,49544556618.0,TL,49544556618.0,TRY,BALANCE_SHEET_POINT_IN_TIME,HIGH,1299720.0,False,
ALARK.IS:2024Q1,ALARK.IS,2024Q1,cfo,ifrs-full_CashFlowsFromUsedInOperatingActivities,ifrs-full_CashFlowsFromUsedInOperatingActivities|http://www.mkk.com.tr/2015/role/alternativeTotalLabel,1128947662.0,TL,1128947662.0,TRY,FLOW_YTD,PARTIAL,1299720.0,False,
ALARK.IS:2024Q1,ALARK.IS,2024Q1,investing_cash_flow,ifrs-full_CashFlowsFromUsedInInvestingActivities,ifrs-full_CashFlowsFromUsedInInvestingActivities|http://www.mkk.com.tr/2015/role/alternativeTotalLabel,-2488921265.0,TL,-2488921265.0,TRY,FLOW_YTD,PARTIAL,1299720.0,False,
ALARK.IS:2024Q1,ALARK.IS,2024Q1,fcf,DERIVED,DERIVED_CFO_PLUS_INVESTING_CASH_FLOW,,TL,-1359973603.0,TRY,FLOW_YTD,PARTIAL,1299720.0,False,
ALARK.IS:2024Q2,ALARK.IS,2024Q2,revenue,ifrs-full_Revenue,ifrs-full_Revenue|,4097512674.0,TL,4097512674.0,TRY,FLOW_YTD,HIGH,1338197.0,False,
ALARK.IS:2024Q2,ALARK.IS,2024Q2,operating_profit,ifrs-full_ProfitLossFromOperatingActivities,ifrs-full_ProfitLossFromOperatingActivities|http://www.mkk.com.tr/2015/role/standartCapitalsLabel,352234820.0,TL,352234820.0,TRY,FLOW_YTD,PARTIAL,1338197.0,False,
ALARK.IS:2024Q2,ALARK.IS,2024Q2,ebitda,,,,TL,,,FLOW_YTD,PARTIAL,1338197.0,True,
ALARK.IS:2024Q2,ALARK.IS,2024Q2,net_income,ifrs-full_ProfitLoss,ifrs-full_ProfitLoss|http://www.mkk.com.tr/2015/role/standartCapitalsLabel,-1220556979.0,TL,-1220556979.0,TRY,FLOW_YTD,HIGH,1338197.0,False,
ALARK.IS:2024Q2,ALARK.IS,2024Q2,equity,ifrs-full_Equity,ifrs-full_Equity|http://www.xbrl.org/2003/role/totalLabel,53109582692.0,TL,53109582692.0,TRY,BALANCE_SHEET_POINT_IN_TIME,HIGH,1338197.0,False,
ALARK.IS:2024Q2,ALARK.IS,2024Q2,cfo,ifrs-full_CashFlowsFromUsedInOperatingActivities,ifrs-full_CashFlowsFromUsedInOperatingActivities|http://www.mkk.com.tr/2015/role/alternativeTotalLabel,-358551410.0,TL,-358551410.0,TRY,FLOW_YTD,PARTIAL,1338197.0,False,
ALARK.IS:2024Q2,ALARK.IS,2024Q2,investing_cash_flow,ifrs-full_CashFlowsFromUsedInInvestingActivities,ifrs-full_CashFlowsFromUsedInInvestingActivities|http://www.mkk.com.tr/2015/role/alternativeTotalLabel,-2795990351.0,TL,-2795990351.0,TRY,FLOW_YTD,PARTIAL,1338197.0,False,
ALARK.IS:2024Q2,ALARK.IS,2024Q2,fcf,DERIVED,DERIVED_CFO_PLUS_INVESTING_CASH_FLOW,,TL,-3154541761.0,TRY,FLOW_YTD,PARTIAL,1338197.0,False,
ALARK.IS:2024Q3,ALARK.IS,2024Q3,revenue,ifrs-full_Revenue,ifrs-full_Revenue|,6748439131.0,TL,6748439131.0,TRY,FLOW_YTD,HIGH,1356071.0,False,
ALARK.IS:2024Q3,ALARK.IS,2024Q3,operating_profit,ifrs-full_ProfitLossFromOperatingActivities,ifrs-full_ProfitLossFromOperatingActivities|http://www.mkk.com.tr/2015/role/standartCapitalsLabel,667993356.0,TL,667993356.0,TRY,FLOW_YTD,PARTIAL,1356071.0,False,
ALARK.IS:2024Q3,ALARK.IS,2024Q3,ebitda,,,,TL,,,FLOW_YTD,PARTIAL,1356071.0,True,
ALARK.IS:2024Q3,ALARK.IS,2024Q3,net_income,ifrs-full_ProfitLoss,ifrs-full_ProfitLoss|http://www.mkk.com.tr/2015/role/standartCapitalsLabel,242215826.0,TL,242215826.0,TRY,FLOW_YTD,HIGH,1356071.0,False,
ALARK.IS:2024Q3,ALARK.IS,2024Q3,equity,ifrs-full_Equity,ifrs-full_Equity|http://www.xbrl.org/2003/role/totalLabel,59397773609.0,TL,59397773609.0,TRY,BALANCE_SHEET_POINT_IN_TIME,HIGH,1356071.0,False,
ALARK.IS:2024Q3,ALARK.IS,2024Q3,cfo,ifrs-full_CashFlowsFromUsedInOperatingActivities,ifrs-full_CashFlowsFromUsedInOperatingActivities|http://www.mkk.com.tr/2015/role/alternativeTotalLabel,522209613.0,TL,522209613.0,TRY,FLOW_YTD,PARTIAL,1356071.0,False,
ALARK.IS:2024Q3,ALARK.IS,2024Q3,investing_cash_flow,ifrs-full_CashFlowsFromUsedInInvestingActivities,ifrs-full_CashFlowsFromUsedInInvestingActivities|http://www.mkk.com.tr/2015/role/alternativeTotalLabel,-3582699250.0,TL,-3582699250.0,TRY,FLOW_YTD,PARTIAL,1356071.0,False,
ALARK.IS:2024Q3,ALARK.IS,2024Q3,fcf,DERIVED,DERIVED_CFO_PLUS_INVESTING_CASH_FLOW,,TL,-3060489637.0,TRY,FLOW_YTD,PARTIAL,1356071.0,False,
ALARK.IS:2024Q4,ALARK.IS,2024Q4,revenue,ifrs-full_Revenue,ifrs-full_Revenue|,7598275.0,1.000 TL,7598275000.0,TRY,FLOW_ANNUAL,HIGH,1403943.0,False,
ALARK.IS:2024Q4,ALARK.IS,2024Q4,operating_profit,ifrs-full_ProfitLossFromOperatingActivities,ifrs-full_ProfitLossFromOperatingActivities|http://www.mkk.com.tr/2015/role/standartCapitalsLabel,-123277.0,1.000 TL,-123277000.0,TRY,FLOW_ANNUAL,PARTIAL,1403943.0,False,
ALARK.IS:2024Q4,ALARK.IS,2024Q4,ebitda,,,,1.000 TL,,,FLOW_ANNUAL,PARTIAL,1403943.0,True,
ALARK.IS:2024Q4,ALARK.IS,2024Q4,net_income,ifrs-full_ProfitLoss,ifrs-full_ProfitLoss|http://www.mkk.com.tr/2015/role/standartCapitalsLabel,2092524.0,1.000 TL,2092524000.0,TRY,FLOW_ANNUAL,HIGH,1403943.0,False,
ALARK.IS:2024Q4,ALARK.IS,2024Q4,equity,ifrs-full_Equity,ifrs-full_Equity|http://www.xbrl.org/2003/role/totalLabel,64702580.0,1.000 TL,64702580000.0,TRY,BALANCE_SHEET_POINT_IN_TIME,HIGH,1403943.0,False,
ALARK.IS:2024Q4,ALARK.IS,2024Q4,cfo,ifrs-full_CashFlowsFromUsedInOperatingActivities,ifrs-full_CashFlowsFromUsedInOperatingActivities|http://www.mkk.com.tr/2015/role/alternativeTotalLabel,1263675.0,1.000 TL,1263675000.0,TRY,FLOW_ANNUAL,PARTIAL,1403943.0,False,
ALARK.IS:2024Q4,ALARK.IS,2024Q4,investing_cash_flow,ifrs-full_CashFlowsFromUsedInInvestingActivities,ifrs-full_CashFlowsFromUsedInInvestingActivities|http://www.mkk.com.tr/2015/role/alternativeTotalLabel,-1284444.0,1.000 TL,-1284444000.0,TRY,FLOW_ANNUAL,PARTIAL,1403943.0,False,
ALARK.IS:2024Q4,ALARK.IS,2024Q4,fcf,DERIVED,DERIVED_CFO_PLUS_INVESTING_CASH_FLOW,,1.000 TL,-20769000.0,TRY,FLOW_ANNUAL,PARTIAL,1403943.0,False,
ALARK.IS:2025Q1,ALARK.IS,2025Q1,revenue,ifrs-full_Revenue,ifrs-full_Revenue|,1254176.0,1.000 TL,1254176000.0,TRY,FLOW_YTD,HIGH,1437035.0,False,
ALARK.IS:2025Q1,ALARK.IS,2025Q1,operating_profit,ifrs-full_ProfitLossFromOperatingActivities,ifrs-full_ProfitLossFromOperatingActivities|http://www.mkk.com.tr/2015/role/standartCapitalsLabel,-137955.0,1.000 TL,-137955000.0,TRY,FLOW_YTD,PARTIAL,1437035.0,False,
ALARK.IS:2025Q1,ALARK.IS,2025Q1,ebitda,,,,1.000 TL,,,FLOW_YTD,PARTIAL,1437035.0,True,
ALARK.IS:2025Q1,ALARK.IS,2025Q1,net_income,ifrs-full_ProfitLoss,ifrs-full_ProfitLoss|http://www.mkk.com.tr/2015/role/standartCapitalsLabel,-2345775.0,1.000 TL,-2345775000.0,TRY,FLOW_YTD,HIGH,1437035.0,False,
ALARK.IS:2025Q1,ALARK.IS,2025Q1,equity,ifrs-full_Equity,ifrs-full_Equity|http://www.xbrl.org/2003/role/totalLabel,68946466.0,1.000 TL,68946466000.0,TRY,BALANCE_SHEET_POINT_IN_TIME,HIGH,1437035.0,False,
ALARK.IS:2025Q1,ALARK.IS,2025Q1,cfo,ifrs-full_CashFlowsFromUsedInOperatingActivities,ifrs-full_CashFlowsFromUsedInOperatingActivities|http://www.mkk.com.tr/2015/role/alternativeTotalLabel,-902939.0,1.000 TL,-902939000.0,TRY,FLOW_YTD,PARTIAL,1437035.0,False,
ALARK.IS:2025Q1,ALARK.IS,2025Q1,investing_cash_flow,ifrs-full_CashFlowsFromUsedInInvestingActivities,ifrs-full_CashFlowsFromUsedInInvestingActivities|http://www.mkk.com.tr/2015/role/alternativeTotalLabel,-1861323.0,1.000 TL,-1861323000.0,TRY,FLOW_YTD,PARTIAL,1437035.0,False,
ALARK.IS:2025Q1,ALARK.IS,2025Q1,fcf,DERIVED,DERIVED_CFO_PLUS_INVESTING_CASH_FLOW,,1.000 TL,-2764262000.0,TRY,FLOW_YTD,PARTIAL,1437035.0,False,
ALARK.IS:2025Q2,ALARK.IS,2025Q2,revenue,ifrs-full_Revenue,ifrs-full_Revenue|,3626466.0,1.000 TL,3626466000.0,TRY,FLOW_YTD,HIGH,1480267.0,False,
ALARK.IS:2025Q2,ALARK.IS,2025Q2,operating_profit,ifrs-full_ProfitLossFromOperatingActivities,ifrs-full_ProfitLossFromOperatingActivities|http://www.mkk.com.tr/2015/role/standartCapitalsLabel,-556977.0,1.000 TL,-556977000.0,TRY,FLOW_YTD,PARTIAL,1480267.0,False,
ALARK.IS:2025Q2,ALARK.IS,2025Q2,ebitda,,,,1.000 TL,,,FLOW_YTD,PARTIAL,1480267.0,True,
ALARK.IS:2025Q2,ALARK.IS,2025Q2,net_income,ifrs-full_ProfitLoss,ifrs-full_ProfitLoss|http://www.mkk.com.tr/2015/role/standartCapitalsLabel,-3331163.0,1.000 TL,-3331163000.0,TRY,FLOW_YTD,HIGH,1480267.0,False,
ALARK.IS:2025Q2,ALARK.IS,2025Q2,equity,ifrs-full_Equity,ifrs-full_Equity|http://www.xbrl.org/2003/role/totalLabel,69981356.0,1.000 TL,69981356000.0,TRY,BALANCE_SHEET_POINT_IN_TIME,HIGH,1480267.0,False,
ALARK.IS:2025Q2,ALARK.IS,2025Q2,cfo,ifrs-full_CashFlowsFromUsedInOperatingActivities,ifrs-full_CashFlowsFromUsedInOperatingActivities|http://www.mkk.com.tr/2015/role/alternativeTotalLabel,49340.0,1.000 TL,49340000.0,TRY,FLOW_YTD,PARTIAL,1480267.0,False,
ALARK.IS:2025Q2,ALARK.IS,2025Q2,investing_cash_flow,ifrs-full_CashFlowsFromUsedInInvestingActivities,ifrs-full_CashFlowsFromUsedInInvestingActivities|http://www.mkk.com.tr/2015/role/alternativeTotalLabel,-1642575.0,1.000 TL,-1642575000.0,TRY,FLOW_YTD,PARTIAL,1480267.0,False,
ALARK.IS:2025Q2,ALARK.IS,2025Q2,fcf,DERIVED,DERIVED_CFO_PLUS_INVESTING_CASH_FLOW,,1.000 TL,-1593235000.0,TRY,FLOW_YTD,PARTIAL,1480267.0,False,
ALARK.IS:2025Q3,ALARK.IS,2025Q3,revenue,ifrs-full_Revenue,ifrs-full_Revenue|,6969723.0,1.000 TL,6969723000.0,TRY,FLOW_YTD,HIGH,1513604.0,False,
ALARK.IS:2025Q3,ALARK.IS,2025Q3,operating_profit,ifrs-full_ProfitLossFromOperatingActivities,ifrs-full_ProfitLossFromOperatingActivities|http://www.mkk.com.tr/2015/role/standartCapitalsLabel,-74586.0,1.000 TL,-74586000.0,TRY,FLOW_YTD,PARTIAL,1513604.0,False,
ALARK.IS:2025Q3,ALARK.IS,2025Q3,ebitda,,,,1.000 TL,,,FLOW_YTD,PARTIAL,1513604.0,True,
ALARK.IS:2025Q3,ALARK.IS,2025Q3,net_income,ifrs-full_ProfitLoss,ifrs-full_ProfitLoss|http://www.mkk.com.tr/2015/role/standartCapitalsLabel,-333194.0,1.000 TL,-333194000.0,TRY,FLOW_YTD,HIGH,1513604.0,False,
ALARK.IS:2025Q3,ALARK.IS,2025Q3,equity,ifrs-full_Equity,ifrs-full_Equity|http://www.xbrl.org/2003/role/totalLabel,78516573.0,1.000 TL,78516573000.0,TRY,BALANCE_SHEET_POINT_IN_TIME,HIGH,1513604.0,False,
ALARK.IS:2025Q3,ALARK.IS,2025Q3,cfo,ifrs-full_CashFlowsFromUsedInOperatingActivities,ifrs-full_CashFlowsFromUsedInOperatingActivities|http://www.mkk.com.tr/2015/role/alternativeTotalLabel,1277099.0,1.000 TL,1277099000.0,TRY,FLOW_YTD,PARTIAL,1513604.0,False,
ALARK.IS:2025Q3,ALARK.IS,2025Q3,investing_cash_flow,ifrs-full_CashFlowsFromUsedInInvestingActivities,ifrs-full_CashFlowsFromUsedInInvestingActivities|http://www.mkk.com.tr/2015/role/alternativeTotalLabel,-5458663.0,1.000 TL,-5458663000.0,TRY,FLOW_YTD,PARTIAL,1513604.0,False,
ALARK.IS:2025Q3,ALARK.IS,2025Q3,fcf,DERIVED,DERIVED_CFO_PLUS_INVESTING_CASH_FLOW,,1.000 TL,-4181564000.0,TRY,FLOW_YTD,PARTIAL,1513604.0,False,
ALARK.IS:2025Q4,ALARK.IS,2025Q4,revenue,ifrs-full_Revenue,ifrs-full_Revenue|,8669090.0,1.000 TL,8669090000.0,TRY,FLOW_ANNUAL,HIGH,1570170.0,False,
ALARK.IS:2025Q4,ALARK.IS,2025Q4,operating_profit,ifrs-full_ProfitLossFromOperatingActivities,ifrs-full_ProfitLossFromOperatingActivities|http://www.mkk.com.tr/2015/role/standartCapitalsLabel,-1130373.0,1.000 TL,-1130373000.0,TRY,FLOW_ANNUAL,PARTIAL,1570170.0,False,
ALARK.IS:2025Q4,ALARK.IS,2025Q4,ebitda,,,,1.000 TL,,,FLOW_ANNUAL,PARTIAL,1570170.0,True,
ALARK.IS:2025Q4,ALARK.IS,2025Q4,net_income,ifrs-full_ProfitLoss,ifrs-full_ProfitLoss|http://www.mkk.com.tr/2015/role/standartCapitalsLabel,-1569017.0,1.000 TL,-1569017000.0,TRY,FLOW_ANNUAL,HIGH,1570170.0,False,
ALARK.IS:2025Q4,ALARK.IS,2025Q4,equity,ifrs-full_Equity,ifrs-full_Equity|http://www.xbrl.org/2003/role/totalLabel,80404836.0,1.000 TL,80404836000.0,TRY,BALANCE_SHEET_POINT_IN_TIME,HIGH,1570170.0,False,
ALARK.IS:2025Q4,ALARK.IS,2025Q4,cfo,ifrs-full_CashFlowsFromUsedInOperatingActivities,ifrs-full_CashFlowsFromUsedInOperatingActivities|http://www.mkk.com.tr/2015/role/alternativeTotalLabel,-1159807.0,1.000 TL,-1159807000.0,TRY,FLOW_ANNUAL,PARTIAL,1570170.0,False,
ALARK.IS:2025Q4,ALARK.IS,2025Q4,investing_cash_flow,ifrs-full_CashFlowsFromUsedInInvestingActivities,ifrs-full_CashFlowsFromUsedInInvestingActivities|http://www.mkk.com.tr/2015/role/alternativeTotalLabel,-3397260.0,1.000 TL,-3397260000.0,TRY,FLOW_ANNUAL,PARTIAL,1570170.0,False,
ALARK.IS:2025Q4,ALARK.IS,2025Q4,fcf,DERIVED,DERIVED_CFO_PLUS_INVESTING_CASH_FLOW,,1.000 TL,-4557067000.0,TRY,FLOW_ANNUAL,PARTIAL,1570170.0,False,
ALARK.IS:2026Q1,ALARK.IS,2026Q1,revenue,ifrs-full_Revenue,ifrs-full_Revenue|,2072743.0,1.000 TL,2072743000.0,TRY,FLOW_YTD,HIGH,1605770.0,False,
ALARK.IS:2026Q1,ALARK.IS,2026Q1,operating_profit,ifrs-full_ProfitLossFromOperatingActivities,ifrs-full_ProfitLossFromOperatingActivities|http://www.mkk.com.tr/2015/role/standartCapitalsLabel,-224422.0,1.000 TL,-224422000.0,TRY,FLOW_YTD,PARTIAL,1605770.0,False,
ALARK.IS:2026Q1,ALARK.IS,2026Q1,ebitda,,,,1.000 TL,,,FLOW_YTD,PARTIAL,1605770.0,True,
ALARK.IS:2026Q1,ALARK.IS,2026Q1,net_income,ifrs-full_ProfitLoss,ifrs-full_ProfitLoss|http://www.mkk.com.tr/2015/role/standartCapitalsLabel,116650.0,1.000 TL,116650000.0,TRY,FLOW_YTD,HIGH,1605770.0,False,
ALARK.IS:2026Q1,ALARK.IS,2026Q1,equity,ifrs-full_Equity,ifrs-full_Equity|http://www.xbrl.org/2003/role/totalLabel,88632498.0,1.000 TL,88632498000.0,TRY,BALANCE_SHEET_POINT_IN_TIME,HIGH,1605770.0,False,
ALARK.IS:2026Q1,ALARK.IS,2026Q1,cfo,ifrs-full_CashFlowsFromUsedInOperatingActivities,ifrs-full_CashFlowsFromUsedInOperatingActivities|http://www.mkk.com.tr/2015/role/alternativeTotalLabel,-280813.0,1.000 TL,-280813000.0,TRY,FLOW_YTD,PARTIAL,1605770.0,False,
ALARK.IS:2026Q1,ALARK.IS,2026Q1,investing_cash_flow,ifrs-full_CashFlowsFromUsedInInvestingActivities,ifrs-full_CashFlowsFromUsedInInvestingActivities|http://www.mkk.com.tr/2015/role/alternativeTotalLabel,3947234.0,1.000 TL,3947234000.0,TRY,FLOW_YTD,PARTIAL,1605770.0,False,
ALARK.IS:2026Q1,ALARK.IS,2026Q1,fcf,DERIVED,DERIVED_CFO_PLUS_INVESTING_CASH_FLOW,,1.000 TL,3666421000.0,TRY,FLOW_YTD,PARTIAL,1605770.0,False,
ALARK.IS:2026Q2,ALARK.IS,2026Q2,revenue,ifrs-full_Revenue,ifrs-full_Revenue|,5580081.0,1.000 TL,5580081000.0,TRY,FLOW_YTD,HIGH,1653272.0,False,
ALARK.IS:2026Q2,ALARK.IS,2026Q2,operating_profit,ifrs-full_ProfitLossFromOperatingActivities,ifrs-full_ProfitLossFromOperatingActivities|http://www.mkk.com.tr/2015/role/standartCapitalsLabel,-725497.0,1.000 TL,-725497000.0,TRY,FLOW_YTD,PARTIAL,1653272.0,False,
ALARK.IS:2026Q2,ALARK.IS,2026Q2,ebitda,,,,1.000 TL,,,FLOW_YTD,PARTIAL,1653272.0,True,
ALARK.IS:2026Q2,ALARK.IS,2026Q2,net_income,ifrs-full_ProfitLoss,ifrs-full_ProfitLoss|http://www.mkk.com.tr/2015/role/standartCapitalsLabel,4264337.0,1.000 TL,4264337000.0,TRY,FLOW_YTD,HIGH,1653272.0,False,
ALARK.IS:2026Q2,ALARK.IS,2026Q2,equity,ifrs-full_Equity,ifrs-full_Equity|http://www.xbrl.org/2003/role/totalLabel,97784453.0,1.000 TL,97784453000.0,TRY,BALANCE_SHEET_POINT_IN_TIME,HIGH,1653272.0,False,
ALARK.IS:2026Q2,ALARK.IS,2026Q2,cfo,ifrs-full_CashFlowsFromUsedInOperatingActivities,ifrs-full_CashFlowsFromUsedInOperatingActivities|http://www.mkk.com.tr/2015/role/alternativeTotalLabel,10313734.0,1.000 TL,10313734000.0,TRY,FLOW_YTD,PARTIAL,1653272.0,False,
ALARK.IS:2026Q2,ALARK.IS,2026Q2,investing_cash_flow,ifrs-full_CashFlowsFromUsedInInvestingActivities,ifrs-full_CashFlowsFromUsedInInvestingActivities|http://www.mkk.com.tr/2015/role/alternativeTotalLabel,-6194858.0,1.000 TL,-6194858000.0,TRY,FLOW_YTD,PARTIAL,1653272.0,False,
ALARK.IS:2026Q2,ALARK.IS,2026Q2,fcf,DERIVED,DERIVED_CFO_PLUS_INVESTING_CASH_FLOW,,1.000 TL,4118876000.0,TRY,FLOW_YTD,PARTIAL,1653272.0,False,
ALFAS.IS:2023Q3,ALFAS.IS,2023Q3,revenue,ifrs-full_Revenue,ifrs-full_Revenue|,4320813031.0,TL,4320813031.0,TRY,FLOW_YTD,HIGH,1216041.0,False,
ALFAS.IS:2023Q3,ALFAS.IS,2023Q3,operating_profit,ifrs-full_ProfitLossFromOperatingActivities,ifrs-full_ProfitLossFromOperatingActivities|http://www.mkk.com.tr/2015/role/standartCapitalsLabel,653070155.0,TL,653070155.0,TRY,FLOW_YTD,PARTIAL,1216041.0,False,
ALFAS.IS:2023Q3,ALFAS.IS,2023Q3,ebitda,,,,TL,,,FLOW_YTD,PARTIAL,1216041.0,True,
ALFAS.IS:2023Q3,ALFAS.IS,2023Q3,net_income,ifrs-full_ProfitLoss,ifrs-full_ProfitLoss|http://www.mkk.com.tr/2015/role/standartCapitalsLabel,1035598573.0,TL,1035598573.0,TRY,FLOW_YTD,HIGH,1216041.0,False,
ALFAS.IS:2023Q3,ALFAS.IS,2023Q3,equity,ifrs-full_Equity,ifrs-full_Equity|http://www.xbrl.org/2003/role/totalLabel,1808453128.0,TL,1808453128.0,TRY,BALANCE_SHEET_POINT_IN_TIME,HIGH,1216041.0,False,
ALFAS.IS:2023Q3,ALFAS.IS,2023Q3,cfo,ifrs-full_CashFlowsFromUsedInOperatingActivities,ifrs-full_CashFlowsFromUsedInOperatingActivities|http://www.mkk.com.tr/2015/role/alternativeTotalLabel,297359046.0,TL,297359046.0,TRY,FLOW_YTD,PARTIAL,1216041.0,False,
ALFAS.IS:2023Q3,ALFAS.IS,2023Q3,investing_cash_flow,ifrs-full_CashFlowsFromUsedInInvestingActivities,ifrs-full_CashFlowsFromUsedInInvestingActivities|http://www.mkk.com.tr/2015/role/alternativeTotalLabel,-957144865.0,TL,-957144865.0,TRY,FLOW_YTD,PARTIAL,1216041.0,False,
ALFAS.IS:2023Q3,ALFAS.IS,2023Q3,fcf,DERIVED,DERIVED_CFO_PLUS_INVESTING_CASH_FLOW,,TL,-659785819.0,TRY,FLOW_YTD,PARTIAL,1216041.0,False,
ALFAS.IS:2023Q4,ALFAS.IS,2023Q4,revenue,ifrs-full_Revenue,ifrs-full_Revenue|,7733021378.0,TL,7733021378.0,TRY,FLOW_ANNUAL,HIGH,1286722.0,False,
ALFAS.IS:2023Q4,ALFAS.IS,2023Q4,operating_profit,ifrs-full_ProfitLossFromOperatingActivities,ifrs-full_ProfitLossFromOperatingActivities|http://www.mkk.com.tr/2015/role/standartCapitalsLabel,839424078.0,TL,839424078.0,TRY,FLOW_ANNUAL,PARTIAL,1286722.0,False,
ALFAS.IS:2023Q4,ALFAS.IS,2023Q4,ebitda,,,,TL,,,FLOW_ANNUAL,PARTIAL,1286722.0,True,
ALFAS.IS:2023Q4,ALFAS.IS,2023Q4,net_income,ifrs-full_ProfitLoss,ifrs-full_ProfitLoss|http://www.mkk.com.tr/2015/role/standartCapitalsLabel,1039125349.0,TL,1039125349.0,TRY,FLOW_ANNUAL,HIGH,1286722.0,False,
ALFAS.IS:2023Q4,ALFAS.IS,2023Q4,equity,ifrs-full_Equity,ifrs-full_Equity|http://www.xbrl.org/2003/role/totalLabel,2734160964.0,TL,2734160964.0,TRY,BALANCE_SHEET_POINT_IN_TIME,HIGH,1286722.0,False,
ALFAS.IS:2023Q4,ALFAS.IS,2023Q4,cfo,ifrs-full_CashFlowsFromUsedInOperatingActivities,ifrs-full_CashFlowsFromUsedInOperatingActivities|http://www.mkk.com.tr/2015/role/alternativeTotalLabel,82983324.0,TL,82983324.0,TRY,FLOW_ANNUAL,PARTIAL,1286722.0,False,
ALFAS.IS:2023Q4,ALFAS.IS,2023Q4,investing_cash_flow,ifrs-full_CashFlowsFromUsedInInvestingActivities,ifrs-full_CashFlowsFromUsedInInvestingActivities|http://www.mkk.com.tr/2015/role/alternativeTotalLabel,-880086705.0,TL,-880086705.0,TRY,FLOW_ANNUAL,PARTIAL,1286722.0,False,
ALFAS.IS:2023Q4,ALFAS.IS,2023Q4,fcf,DERIVED,DERIVED_CFO_PLUS_INVESTING_CASH_FLOW,,TL,-797103381.0,TRY,FLOW_ANNUAL,PARTIAL,1286722.0,False,
ALFAS.IS:2024Q1,ALFAS.IS,2024Q1,revenue,ifrs-full_Revenue,ifrs-full_Revenue|,1512273960.0,TL,1512273960.0,TRY,FLOW_YTD,HIGH,1299790.0,False,
ALFAS.IS:2024Q1,ALFAS.IS,2024Q1,operating_profit,ifrs-full_ProfitLossFromOperatingActivities,ifrs-full_ProfitLossFromOperatingActivities|http://www.mkk.com.tr/2015/role/standartCapitalsLabel,-292953316.0,TL,-292953316.0,TRY,FLOW_YTD,PARTIAL,1299790.0,False,
ALFAS.IS:2024Q1,ALFAS.IS,2024Q1,ebitda,,,,TL,,,FLOW_YTD,PARTIAL,1299790.0,True,
ALFAS.IS:2024Q1,ALFAS.IS,2024Q1,net_income,ifrs-full_ProfitLoss,ifrs-full_ProfitLoss|http://www.mkk.com.tr/2015/role/standartCapitalsLabel,-397423486.0,TL,-397423486.0,TRY,FLOW_YTD,HIGH,1299790.0,False,
ALFAS.IS:2024Q1,ALFAS.IS,2024Q1,equity,ifrs-full_Equity,ifrs-full_Equity|http://www.xbrl.org/2003/role/totalLabel,2752159300.0,TL,2752159300.0,TRY,BALANCE_SHEET_POINT_IN_TIME,HIGH,1299790.0,False,
ALFAS.IS:2024Q1,ALFAS.IS,2024Q1,cfo,ifrs-full_CashFlowsFromUsedInOperatingActivities,ifrs-full_CashFlowsFromUsedInOperatingActivities|http://www.mkk.com.tr/2015/role/alternativeTotalLabel,-249671716.0,TL,-249671716.0,TRY,FLOW_YTD,PARTIAL,1299790.0,False,
ALFAS.IS:2024Q1,ALFAS.IS,2024Q1,investing_cash_flow,ifrs-full_CashFlowsFromUsedInInvestingActivities,ifrs-full_CashFlowsFromUsedInInvestingActivities|http://www.mkk.com.tr/2015/role/alternativeTotalLabel,-475025369.0,TL,-475025369.0,TRY,FLOW_YTD,PARTIAL,1299790.0,False,
ALFAS.IS:2024Q1,ALFAS.IS,2024Q1,fcf,DERIVED,DERIVED_CFO_PLUS_INVESTING_CASH_FLOW,,TL,-724697085.0,TRY,FLOW_YTD,PARTIAL,1299790.0,False,
ALFAS.IS:2024Q2,ALFAS.IS,2024Q2,revenue,ifrs-full_Revenue,ifrs-full_Revenue|,3539627863.0,TL,3539627863.0,TRY,FLOW_YTD,HIGH,1337431.0,False,
ALFAS.IS:2024Q2,ALFAS.IS,2024Q2,operating_profit,ifrs-full_ProfitLossFromOperatingActivities,ifrs-full_ProfitLossFromOperatingActivities|http://www.mkk.com.tr/2015/role/standartCapitalsLabel,214332088.0,TL,214332088.0,TRY,FLOW_YTD,PARTIAL,1337431.0,False,
ALFAS.IS:2024Q2,ALFAS.IS,2024Q2,ebitda,,,,TL,,,FLOW_YTD,PARTIAL,1337431.0,True,
ALFAS.IS:2024Q2,ALFAS.IS,2024Q2,net_income,ifrs-full_ProfitLoss,ifrs-full_ProfitLoss|http://www.mkk.com.tr/2015/role/standartCapitalsLabel,209446626.0,TL,209446626.0,TRY,FLOW_YTD,HIGH,1337431.0,False,
ALFAS.IS:2024Q2,ALFAS.IS,2024Q2,equity,ifrs-full_Equity,ifrs-full_Equity|http://www.xbrl.org/2003/role/totalLabel,3586538745.0,TL,3586538745.0,TRY,BALANCE_SHEET_POINT_IN_TIME,HIGH,1337431.0,False,
ALFAS.IS:2024Q2,ALFAS.IS,2024Q2,cfo,ifrs-full_CashFlowsFromUsedInOperatingActivities,ifrs-full_CashFlowsFromUsedInOperatingActivities|http://www.mkk.com.tr/2015/role/alternativeTotalLabel,43325985.0,TL,43325985.0,TRY,FLOW_YTD,PARTIAL,1337431.0,False,
ALFAS.IS:2024Q2,ALFAS.IS,2024Q2,investing_cash_flow,ifrs-full_CashFlowsFromUsedInInvestingActivities,ifrs-full_CashFlowsFromUsedInInvestingActivities|http://www.mkk.com.tr/2015/role/alternativeTotalLabel,-781781235.0,TL,-781781235.0,TRY,FLOW_YTD,PARTIAL,1337431.0,False,
ALFAS.IS:2024Q2,ALFAS.IS,2024Q2,fcf,DERIVED,DERIVED_CFO_PLUS_INVESTING_CASH_FLOW,,TL,-738455250.0,TRY,FLOW_YTD,PARTIAL,1337431.0,False,
ALFAS.IS:2024Q3,ALFAS.IS,2024Q3,revenue,ifrs-full_Revenue,ifrs-full_Revenue|,5287485283.0,TL,5287485283.0,TRY,FLOW_YTD,HIGH,1356515.0,False,
ALFAS.IS:2024Q3,ALFAS.IS,2024Q3,operating_profit,ifrs-full_ProfitLossFromOperatingActivities,ifrs-full_ProfitLossFromOperatingActivities|http://www.mkk.com.tr/2015/role/standartCapitalsLabel,443213335.0,TL,443213335.0,TRY,FLOW_YTD,PARTIAL,1356515.0,False,
ALFAS.IS:2024Q3,ALFAS.IS,2024Q3,ebitda,,,,TL,,,FLOW_YTD,PARTIAL,1356515.0,True,
ALFAS.IS:2024Q3,ALFAS.IS,2024Q3,net_income,ifrs-full_ProfitLoss,ifrs-full_ProfitLoss|http://www.mkk.com.tr/2015/role/standartCapitalsLabel,245547409.0,TL,245547409.0,TRY,FLOW_YTD,HIGH,1356515.0,False,
ALFAS.IS:2024Q3,ALFAS.IS,2024Q3,equity,ifrs-full_Equity,ifrs-full_Equity|http://www.xbrl.org/2003/role/totalLabel,3520356043.0,TL,3520356043.0,TRY,BALANCE_SHEET_POINT_IN_TIME,HIGH,1356515.0,False,
ALFAS.IS:2024Q3,ALFAS.IS,2024Q3,cfo,ifrs-full_CashFlowsFromUsedInOperatingActivities,ifrs-full_CashFlowsFromUsedInOperatingActivities|http://www.mkk.com.tr/2015/role/alternativeTotalLabel,899184953.0,TL,899184953.0,TRY,FLOW_YTD,PARTIAL,1356515.0,False,
ALFAS.IS:2024Q3,ALFAS.IS,2024Q3,investing_cash_flow,ifrs-full_CashFlowsFromUsedInInvestingActivities,ifrs-full_CashFlowsFromUsedInInvestingActivities|http://www.mkk.com.tr/2015/role/alternativeTotalLabel,-1696856733.0,TL,-1696856733.0,TRY,FLOW_YTD,PARTIAL,1356515.0,False,
ALFAS.IS:2024Q3,ALFAS.IS,2024Q3,fcf,DERIVED,DERIVED_CFO_PLUS_INVESTING_CASH_FLOW,,TL,-797671780.0,TRY,FLOW_YTD,PARTIAL,1356515.0,False,
ALFAS.IS:2024Q4,ALFAS.IS,2024Q4,revenue,ifrs-full_Revenue,ifrs-full_Revenue|,7698292255.0,TL,7698292255.0,TRY,FLOW_ANNUAL,HIGH,1405002.0,False,
ALFAS.IS:2024Q4,ALFAS.IS,2024Q4,operating_profit,ifrs-full_ProfitLossFromOperatingActivities,ifrs-full_ProfitLossFromOperatingActivities|http://www.mkk.com.tr/2015/role/standartCapitalsLabel,294608920.0,TL,294608920.0,TRY,FLOW_ANNUAL,PARTIAL,1405002.0,False,
ALFAS.IS:2024Q4,ALFAS.IS,2024Q4,ebitda,,,,TL,,,FLOW_ANNUAL,PARTIAL,1405002.0,True,
ALFAS.IS:2024Q4,ALFAS.IS,2024Q4,net_income,ifrs-full_ProfitLoss,ifrs-full_ProfitLoss|http://www.mkk.com.tr/2015/role/standartCapitalsLabel,197548651.0,TL,197548651.0,TRY,FLOW_ANNUAL,HIGH,1405002.0,False,
ALFAS.IS:2024Q4,ALFAS.IS,2024Q4,equity,ifrs-full_Equity,ifrs-full_Equity|http://www.xbrl.org/2003/role/totalLabel,3799954047.0,TL,3799954047.0,TRY,BALANCE_SHEET_POINT_IN_TIME,HIGH,1405002.0,False,
ALFAS.IS:2024Q4,ALFAS.IS,2024Q4,cfo,ifrs-full_CashFlowsFromUsedInOperatingActivities,ifrs-full_CashFlowsFromUsedInOperatingActivities|http://www.mkk.com.tr/2015/role/alternativeTotalLabel,237399896.0,TL,237399896.0,TRY,FLOW_ANNUAL,PARTIAL,1405002.0,False,
ALFAS.IS:2024Q4,ALFAS.IS,2024Q4,investing_cash_flow,ifrs-full_CashFlowsFromUsedInInvestingActivities,ifrs-full_CashFlowsFromUsedInInvestingActivities|http://www.mkk.com.tr/2015/role/alternativeTotalLabel,-1819225772.0,TL,-1819225772.0,TRY,FLOW_ANNUAL,PARTIAL,1405002.0,False,
ALFAS.IS:2024Q4,ALFAS.IS,2024Q4,fcf,DERIVED,DERIVED_CFO_PLUS_INVESTING_CASH_FLOW,,TL,-1581825876.0,TRY,FLOW_ANNUAL,PARTIAL,1405002.0,False,
ALFAS.IS:2025Q1,ALFAS.IS,2025Q1,revenue,ifrs-full_Revenue,ifrs-full_Revenue|,1702726491.0,TL,1702726491.0,TRY,FLOW_YTD,HIGH,1437827.0,False,
ALFAS.IS:2025Q1,ALFAS.IS,2025Q1,operating_profit,ifrs-full_ProfitLossFromOperatingActivities,ifrs-full_ProfitLossFromOperatingActivities|http://www.mkk.com.tr/2015/role/standartCapitalsLabel,138769394.0,TL,138769394.0,TRY,FLOW_YTD,PARTIAL,1437827.0,False,
ALFAS.IS:2025Q1,ALFAS.IS,2025Q1,ebitda,,,,TL,,,FLOW_YTD,PARTIAL,1437827.0,True,
ALFAS.IS:2025Q1,ALFAS.IS,2025Q1,net_income,ifrs-full_ProfitLoss,ifrs-full_ProfitLoss|http://www.mkk.com.tr/2015/role/standartCapitalsLabel,-22263788.0,TL,-22263788.0,TRY,FLOW_YTD,HIGH,1437827.0,False,
ALFAS.IS:2025Q1,ALFAS.IS,2025Q1,equity,ifrs-full_Equity,ifrs-full_Equity|http://www.xbrl.org/2003/role/totalLabel,4167363234.0,TL,4167363234.0,TRY,BALANCE_SHEET_POINT_IN_TIME,HIGH,1437827.0,False,
ALFAS.IS:2025Q1,ALFAS.IS,2025Q1,cfo,ifrs-full_CashFlowsFromUsedInOperatingActivities,ifrs-full_CashFlowsFromUsedInOperatingActivities|http://www.mkk.com.tr/2015/role/alternativeTotalLabel,-510759378.0,TL,-510759378.0,TRY,FLOW_YTD,PARTIAL,1437827.0,False,
ALFAS.IS:2025Q1,ALFAS.IS,2025Q1,investing_cash_flow,ifrs-full_CashFlowsFromUsedInInvestingActivities,ifrs-full_CashFlowsFromUsedInInvestingActivities|http://www.mkk.com.tr/2015/role/alternativeTotalLabel,-214579136.0,TL,-214579136.0,TRY,FLOW_YTD,PARTIAL,1437827.0,False,
ALFAS.IS:2025Q1,ALFAS.IS,2025Q1,fcf,DERIVED,DERIVED_CFO_PLUS_INVESTING_CASH_FLOW,,TL,-725338514.0,TRY,FLOW_YTD,PARTIAL,1437827.0,False,
ALFAS.IS:2025Q2,ALFAS.IS,2025Q2,revenue,ifrs-full_Revenue,ifrs-full_Revenue|,3540567403.0,TL,3540567403.0,TRY,FLOW_YTD,HIGH,1480706.0,False,
ALFAS.IS:2025Q2,ALFAS.IS,2025Q2,operating_profit,ifrs-full_ProfitLossFromOperatingActivities,ifrs-full_ProfitLossFromOperatingActivities|http://www.mkk.com.tr/2015/role/standartCapitalsLabel,237357052.0,TL,237357052.0,TRY,FLOW_YTD,PARTIAL,1480706.0,False,
ALFAS.IS:2025Q2,ALFAS.IS,2025Q2,ebitda,,,,TL,,,FLOW_YTD,PARTIAL,1480706.0,True,
ALFAS.IS:2025Q2,ALFAS.IS,2025Q2,net_income,ifrs-full_ProfitLoss,ifrs-full_ProfitLoss|http://www.mkk.com.tr/2015/role/standartCapitalsLabel,35769268.0,TL,35769268.0,TRY,FLOW_YTD,HIGH,1480706.0,False,
ALFAS.IS:2025Q2,ALFAS.IS,2025Q2,equity,ifrs-full_Equity,ifrs-full_Equity|http://www.xbrl.org/2003/role/totalLabel,5079511865.0,TL,5079511865.0,TRY,BALANCE_SHEET_POINT_IN_TIME,HIGH,1480706.0,False,
ALFAS.IS:2025Q2,ALFAS.IS,2025Q2,cfo,ifrs-full_CashFlowsFromUsedInOperatingActivities,ifrs-full_CashFlowsFromUsedInOperatingActivities|http://www.mkk.com.tr/2015/role/alternativeTotalLabel,-1030435013.0,TL,-1030435013.0,TRY,FLOW_YTD,PARTIAL,1480706.0,False,
ALFAS.IS:2025Q2,ALFAS.IS,2025Q2,investing_cash_flow,ifrs-full_CashFlowsFromUsedInInvestingActivities,ifrs-full_CashFlowsFromUsedInInvestingActivities|http://www.mkk.com.tr/2015/role/alternativeTotalLabel,-802209245.0,TL,-802209245.0,TRY,FLOW_YTD,PARTIAL,1480706.0,False,
ALFAS.IS:2025Q2,ALFAS.IS,2025Q2,fcf,DERIVED,DERIVED_CFO_PLUS_INVESTING_CASH_FLOW,,TL,-1832644258.0,TRY,FLOW_YTD,PARTIAL,1480706.0,False,
ALFAS.IS:2025Q3,ALFAS.IS,2025Q3,revenue,ifrs-full_Revenue,ifrs-full_Revenue|,5833418968.0,TL,5833418968.0,TRY,FLOW_YTD,HIGH,1514818.0,False,
ALFAS.IS:2025Q3,ALFAS.IS,2025Q3,operating_profit,ifrs-full_ProfitLossFromOperatingActivities,ifrs-full_ProfitLossFromOperatingActivities|http://www.mkk.com.tr/2015/role/standartCapitalsLabel,340054060.0,TL,340054060.0,TRY,FLOW_YTD,PARTIAL,1514818.0,False,
ALFAS.IS:2025Q3,ALFAS.IS,2025Q3,ebitda,,,,TL,,,FLOW_YTD,PARTIAL,1514818.0,True,
ALFAS.IS:2025Q3,ALFAS.IS,2025Q3,net_income,ifrs-full_ProfitLoss,ifrs-full_ProfitLoss|http://www.mkk.com.tr/2015/role/standartCapitalsLabel,-15420967.0,TL,-15420967.0,TRY,FLOW_YTD,HIGH,1514818.0,False,
ALFAS.IS:2025Q3,ALFAS.IS,2025Q3,equity,ifrs-full_Equity,ifrs-full_Equity|http://www.xbrl.org/2003/role/totalLabel,5319195074.0,TL,5319195074.0,TRY,BALANCE_SHEET_POINT_IN_TIME,HIGH,1514818.0,False,
ALFAS.IS:2025Q3,ALFAS.IS,2025Q3,cfo,ifrs-full_CashFlowsFromUsedInOperatingActivities,ifrs-full_CashFlowsFromUsedInOperatingActivities|http://www.mkk.com.tr/2015/role/alternativeTotalLabel,518471060.0,TL,518471060.0,TRY,FLOW_YTD,PARTIAL,1514818.0,False,
ALFAS.IS:2025Q3,ALFAS.IS,2025Q3,investing_cash_flow,ifrs-full_CashFlowsFromUsedInInvestingActivities,ifrs-full_CashFlowsFromUsedInInvestingActivities|http://www.mkk.com.tr/2015/role/alternativeTotalLabel,-1054848092.0,TL,-1054848092.0,TRY,FLOW_YTD,PARTIAL,1514818.0,False,
ALFAS.IS:2025Q3,ALFAS.IS,2025Q3,fcf,DERIVED,DERIVED_CFO_PLUS_INVESTING_CASH_FLOW,,TL,-536377032.0,TRY,FLOW_YTD,PARTIAL,1514818.0,False,
ALFAS.IS:2025Q4,ALFAS.IS,2025Q4,revenue,ifrs-full_Revenue,ifrs-full_Revenue|,8236540064.0,TL,8236540064.0,TRY,FLOW_ANNUAL,HIGH,1563291.0,False,
ALFAS.IS:2025Q4,ALFAS.IS,2025Q4,operating_profit,ifrs-full_ProfitLossFromOperatingActivities,ifrs-full_ProfitLossFromOperatingActivities|http://www.mkk.com.tr/2015/role/standartCapitalsLabel,606008353.0,TL,606008353.0,TRY,FLOW_ANNUAL,PARTIAL,1563291.0,False,
ALFAS.IS:2025Q4,ALFAS.IS,2025Q4,ebitda,,,,TL,,,FLOW_ANNUAL,PARTIAL,1563291.0,True,
ALFAS.IS:2025Q4,ALFAS.IS,2025Q4,net_income,ifrs-full_ProfitLoss,ifrs-full_ProfitLoss|http://www.mkk.com.tr/2015/role/standartCapitalsLabel,-14183275.0,TL,-14183275.0,TRY,FLOW_ANNUAL,HIGH,1563291.0,False,
ALFAS.IS:2025Q4,ALFAS.IS,2025Q4,equity,ifrs-full_Equity,ifrs-full_Equity|http://www.xbrl.org/2003/role/totalLabel,5291992385.0,TL,5291992385.0,TRY,BALANCE_SHEET_POINT_IN_TIME,HIGH,1563291.0,False,
ALFAS.IS:2025Q4,ALFAS.IS,2025Q4,cfo,ifrs-full_CashFlowsFromUsedInOperatingActivities,ifrs-full_CashFlowsFromUsedInOperatingActivities|http://www.mkk.com.tr/2015/role/alternativeTotalLabel,64753859.0,TL,64753859.0,TRY,FLOW_ANNUAL,PARTIAL,1563291.0,False,
ALFAS.IS:2025Q4,ALFAS.IS,2025Q4,investing_cash_flow,ifrs-full_CashFlowsFromUsedInInvestingActivities,ifrs-full_CashFlowsFromUsedInInvestingActivities|http://www.mkk.com.tr/2015/role/alternativeTotalLabel,-1142672286.0,TL,-1142672286.0,TRY,FLOW_ANNUAL,PARTIAL,1563291.0,False,
ALFAS.IS:2025Q4,ALFAS.IS,2025Q4,fcf,DERIVED,DERIVED_CFO_PLUS_INVESTING_CASH_FLOW,,TL,-1077918427.0,TRY,FLOW_ANNUAL,PARTIAL,1563291.0,False,
ALFAS.IS:2026Q1,ALFAS.IS,2026Q1,revenue,ifrs-full_Revenue,ifrs-full_Revenue|,1124569569.0,TL,1124569569.0,TRY,FLOW_YTD,HIGH,1605558.0,False,
ALFAS.IS:2026Q1,ALFAS.IS,2026Q1,operating_profit,ifrs-full_ProfitLossFromOperatingActivities,ifrs-full_ProfitLossFromOperatingActivities|http://www.mkk.com.tr/2015/role/standartCapitalsLabel,-130466924.0,TL,-130466924.0,TRY,FLOW_YTD,PARTIAL,1605558.0,False,
ALFAS.IS:2026Q1,ALFAS.IS,2026Q1,ebitda,,,,TL,,,FLOW_YTD,PARTIAL,1605558.0,True,
ALFAS.IS:2026Q1,ALFAS.IS,2026Q1,net_income,ifrs-full_ProfitLoss,ifrs-full_ProfitLoss|http://www.mkk.com.tr/2015/role/standartCapitalsLabel,48198916.0,TL,48198916.0,TRY,FLOW_YTD,HIGH,1605558.0,False,
ALFAS.IS:2026Q1,ALFAS.IS,2026Q1,equity,ifrs-full_Equity,ifrs-full_Equity|http://www.xbrl.org/2003/role/totalLabel,5876859252.0,TL,5876859252.0,TRY,BALANCE_SHEET_POINT_IN_TIME,HIGH,1605558.0,False,
ALFAS.IS:2026Q1,ALFAS.IS,2026Q1,cfo,ifrs-full_CashFlowsFromUsedInOperatingActivities,ifrs-full_CashFlowsFromUsedInOperatingActivities|http://www.mkk.com.tr/2015/role/alternativeTotalLabel,292864363.0,TL,292864363.0,TRY,FLOW_YTD,PARTIAL,1605558.0,False,
ALFAS.IS:2026Q1,ALFAS.IS,2026Q1,investing_cash_flow,ifrs-full_CashFlowsFromUsedInInvestingActivities,ifrs-full_CashFlowsFromUsedInInvestingActivities|http://www.mkk.com.tr/2015/role/alternativeTotalLabel,405509504.0,TL,405509504.0,TRY,FLOW_YTD,PARTIAL,1605558.0,False,
ALFAS.IS:2026Q1,ALFAS.IS,2026Q1,fcf,DERIVED,DERIVED_CFO_PLUS_INVESTING_CASH_FLOW,,TL,698373867.0,TRY,FLOW_YTD,PARTIAL,1605558.0,False,
ALFAS.IS:2026Q2,ALFAS.IS,2026Q2,revenue,ifrs-full_Revenue,ifrs-full_Revenue|,3295371862.0,TL,3295371862.0,TRY,FLOW_YTD,HIGH,1653016.0,False,
ALFAS.IS:2026Q2,ALFAS.IS,2026Q2,operating_profit,ifrs-full_ProfitLossFromOperatingActivities,ifrs-full_ProfitLossFromOperatingActivities|http://www.mkk.com.tr/2015/role/standartCapitalsLabel,170111534.0,TL,170111534.0,TRY,FLOW_YTD,PARTIAL,1653016.0,False,
ALFAS.IS:2026Q2,ALFAS.IS,2026Q2,ebitda,,,,TL,,,FLOW_YTD,PARTIAL,1653016.0,True,
ALFAS.IS:2026Q2,ALFAS.IS,2026Q2,net_income,ifrs-full_ProfitLoss,ifrs-full_ProfitLoss|http://www.mkk.com.tr/2015/role/standartCapitalsLabel,350633153.0,TL,350633153.0,TRY,FLOW_YTD,HIGH,1653016.0,False,
ALFAS.IS:2026Q2,ALFAS.IS,2026Q2,equity,ifrs-full_Equity,ifrs-full_Equity|http://www.xbrl.org/2003/role/totalLabel,6617744885.0,TL,6617744885.0,TRY,BALANCE_SHEET_POINT_IN_TIME,HIGH,1653016.0,False,
ALFAS.IS:2026Q2,ALFAS.IS,2026Q2,cfo,ifrs-full_CashFlowsFromUsedInOperatingActivities,ifrs-full_CashFlowsFromUsedInOperatingActivities|http://www.mkk.com.tr/2015/role/alternativeTotalLabel,1764877674.0,TL,1764877674.0,TRY,FLOW_YTD,PARTIAL,1653016.0,False,
ALFAS.IS:2026Q2,ALFAS.IS,2026Q2,investing_cash_flow,ifrs-full_CashFlowsFromUsedInInvestingActivities,ifrs-full_CashFlowsFromUsedInInvestingActivities|http://www.mkk.com.tr/2015/role/alternativeTotalLabel,-524110960.0,TL,-524110960.0,TRY,FLOW_YTD,PARTIAL,1653016.0,False,
ALFAS.IS:2026Q2,ALFAS.IS,2026Q2,fcf,DERIVED,DERIVED_CFO_PLUS_INVESTING_CASH_FLOW,,TL,1240766714.0,TRY,FLOW_YTD,PARTIAL,1653016.0,False,
AEFES.IS:2018Q2,AEFES.IS,2018Q2,revenue_single_quarter,DERIVED_CUMULATIVE_DIFFERENCE,,,,5449576000.0,TRY,FLOW_SINGLE_QUARTER_DERIVED,HIGH,702260.0,False,2018Q1
AEFES.IS:2018Q2,AEFES.IS,2018Q2,net_income_single_quarter,DERIVED_CUMULATIVE_DIFFERENCE,,,,234268000.0,TRY,FLOW_SINGLE_QUARTER_DERIVED,HIGH,702260.0,False,2018Q1
AEFES.IS:2018Q3,AEFES.IS,2018Q3,revenue_single_quarter,DERIVED_CUMULATIVE_DIFFERENCE,,,,6430029000.0,TRY,FLOW_SINGLE_QUARTER_DERIVED,HIGH,718047.0,False,2018Q2
AEFES.IS:2018Q3,AEFES.IS,2018Q3,net_income_single_quarter,DERIVED_CUMULATIVE_DIFFERENCE,,,,6243000.0,TRY,FLOW_SINGLE_QUARTER_DERIVED,HIGH,718047.0,False,2018Q2
AEFES.IS:2018Q4,AEFES.IS,2018Q4,revenue_single_quarter,DERIVED_CUMULATIVE_DIFFERENCE,,,,4045960000.0,TRY,FLOW_SINGLE_QUARTER_DERIVED,HIGH,743546.0,False,2018Q3
AEFES.IS:2018Q4,AEFES.IS,2018Q4,net_income_single_quarter,DERIVED_CUMULATIVE_DIFFERENCE,,,,222241000.0,TRY,FLOW_SINGLE_QUARTER_DERIVED,HIGH,743546.0,False,2018Q3
AEFES.IS:2019Q2,AEFES.IS,2019Q2,revenue_single_quarter,DERIVED_CUMULATIVE_DIFFERENCE,,,,7164718000.0,TRY,FLOW_SINGLE_QUARTER_DERIVED,HIGH,780765.0,False,2019Q1
AEFES.IS:2019Q2,AEFES.IS,2019Q2,net_income_single_quarter,DERIVED_CUMULATIVE_DIFFERENCE,,,,617025000.0,TRY,FLOW_SINGLE_QUARTER_DERIVED,HIGH,780765.0,False,2019Q1
AEFES.IS:2019Q3,AEFES.IS,2019Q3,revenue_single_quarter,DERIVED_CUMULATIVE_DIFFERENCE,,,,7098029000.0,TRY,FLOW_SINGLE_QUARTER_DERIVED,HIGH,796754.0,False,2019Q2
AEFES.IS:2019Q3,AEFES.IS,2019Q3,net_income_single_quarter,DERIVED_CUMULATIVE_DIFFERENCE,,,,889244000.0,TRY,FLOW_SINGLE_QUARTER_DERIVED,HIGH,796754.0,False,2019Q2
AEFES.IS:2019Q4,AEFES.IS,2019Q4,revenue_single_quarter,DERIVED_CUMULATIVE_DIFFERENCE,,,,5082415000.0,TRY,FLOW_SINGLE_QUARTER_DERIVED,HIGH,822265.0,False,2019Q3
AEFES.IS:2019Q4,AEFES.IS,2019Q4,net_income_single_quarter,DERIVED_CUMULATIVE_DIFFERENCE,,,,126055000.0,TRY,FLOW_SINGLE_QUARTER_DERIVED,HIGH,822265.0,False,2019Q3
AEFES.IS:2020Q2,AEFES.IS,2020Q2,revenue_single_quarter,DERIVED_CUMULATIVE_DIFFERENCE,,,,7070215000.0,TRY,FLOW_SINGLE_QUARTER_DERIVED,HIGH,868468.0,False,2020Q1
AEFES.IS:2020Q2,AEFES.IS,2020Q2,net_income_single_quarter,DERIVED_CUMULATIVE_DIFFERENCE,,,,646137000.0,TRY,FLOW_SINGLE_QUARTER_DERIVED,HIGH,868468.0,False,2020Q1
AEFES.IS:2020Q3,AEFES.IS,2020Q3,revenue_single_quarter,DERIVED_CUMULATIVE_DIFFERENCE,,,,8739913000.0,TRY,FLOW_SINGLE_QUARTER_DERIVED,HIGH,886436.0,False,2020Q2
AEFES.IS:2020Q3,AEFES.IS,2020Q3,net_income_single_quarter,DERIVED_CUMULATIVE_DIFFERENCE,,,,967624000.0,TRY,FLOW_SINGLE_QUARTER_DERIVED,HIGH,886436.0,False,2020Q2
AEFES.IS:2020Q4,AEFES.IS,2020Q4,revenue_single_quarter,DERIVED_CUMULATIVE_DIFFERENCE,,,,6419045000.0,TRY,FLOW_SINGLE_QUARTER_DERIVED,HIGH,913168.0,False,2020Q3
AEFES.IS:2020Q4,AEFES.IS,2020Q4,net_income_single_quarter,DERIVED_CUMULATIVE_DIFFERENCE,,,,103019000.0,TRY,FLOW_SINGLE_QUARTER_DERIVED,HIGH,913168.0,False,2020Q3
AEFES.IS:2021Q2,AEFES.IS,2021Q2,revenue_single_quarter,DERIVED_CUMULATIVE_DIFFERENCE,,,,10387229000.0,TRY,FLOW_SINGLE_QUARTER_DERIVED,HIGH,957808.0,False,2021Q1
AEFES.IS:2021Q2,AEFES.IS,2021Q2,net_income_single_quarter,DERIVED_CUMULATIVE_DIFFERENCE,,,,919589000.0,TRY,FLOW_SINGLE_QUARTER_DERIVED,HIGH,957808.0,False,2021Q1
AEFES.IS:2021Q3,AEFES.IS,2021Q3,revenue_single_quarter,DERIVED_CUMULATIVE_DIFFERENCE,,,,11787025000.0,TRY,FLOW_SINGLE_QUARTER_DERIVED,HIGH,974935.0,False,2021Q2
AEFES.IS:2021Q3,AEFES.IS,2021Q3,net_income_single_quarter,DERIVED_CUMULATIVE_DIFFERENCE,,,,1089350000.0,TRY,FLOW_SINGLE_QUARTER_DERIVED,HIGH,974935.0,False,2021Q2
AEFES.IS:2021Q4,AEFES.IS,2021Q4,revenue_single_quarter,DERIVED_CUMULATIVE_DIFFERENCE,,,,10962421000.0,TRY,FLOW_SINGLE_QUARTER_DERIVED,HIGH,1003922.0,False,2021Q3
AEFES.IS:2021Q4,AEFES.IS,2021Q4,net_income_single_quarter,DERIVED_CUMULATIVE_DIFFERENCE,,,,-58291000.0,TRY,FLOW_SINGLE_QUARTER_DERIVED,HIGH,1003922.0,False,2021Q3
AEFES.IS:2022Q2,AEFES.IS,2022Q2,revenue_single_quarter,DERIVED_CUMULATIVE_DIFFERENCE,,,,24535724000.0,TRY,FLOW_SINGLE_QUARTER_DERIVED,HIGH,1054378.0,False,2022Q1
AEFES.IS:2022Q2,AEFES.IS,2022Q2,net_income_single_quarter,DERIVED_CUMULATIVE_DIFFERENCE,,,,2468719000.0,TRY,FLOW_SINGLE_QUARTER_DERIVED,HIGH,1054378.0,False,2022Q1
AEFES.IS:2022Q3,AEFES.IS,2022Q3,revenue_single_quarter,DERIVED_CUMULATIVE_DIFFERENCE,,,,29767241000.0,TRY,FLOW_SINGLE_QUARTER_DERIVED,HIGH,1076388.0,False,2022Q2
AEFES.IS:2022Q3,AEFES.IS,2022Q3,net_income_single_quarter,DERIVED_CUMULATIVE_DIFFERENCE,,,,3168136000.0,TRY,FLOW_SINGLE_QUARTER_DERIVED,HIGH,1076388.0,False,2022Q2
AEFES.IS:2022Q4,AEFES.IS,2022Q4,revenue_single_quarter,DERIVED_CUMULATIVE_DIFFERENCE,,,,22432252000.0,TRY,FLOW_SINGLE_QUARTER_DERIVED,HIGH,1117868.0,False,2022Q3
AEFES.IS:2022Q4,AEFES.IS,2022Q4,net_income_single_quarter,DERIVED_CUMULATIVE_DIFFERENCE,,,,614224000.0,TRY,FLOW_SINGLE_QUARTER_DERIVED,HIGH,1117868.0,False,2022Q3
AEFES.IS:2023Q2,AEFES.IS,2023Q2,revenue_single_quarter,DERIVED_CUMULATIVE_DIFFERENCE,,,,38001987000.0,TRY,FLOW_SINGLE_QUARTER_DERIVED,HIGH,1182359.0,False,2023Q1
AEFES.IS:2023Q2,AEFES.IS,2023Q2,net_income_single_quarter,DERIVED_CUMULATIVE_DIFFERENCE,,,,4774216000.0,TRY,FLOW_SINGLE_QUARTER_DERIVED,HIGH,1182359.0,False,2023Q1
AEFES.IS:2023Q3,AEFES.IS,2023Q3,revenue_single_quarter,DERIVED_CUMULATIVE_DIFFERENCE,,,,49790434000.0,TRY,FLOW_SINGLE_QUARTER_DERIVED,HIGH,1213300.0,False,2023Q2
AEFES.IS:2023Q3,AEFES.IS,2023Q3,net_income_single_quarter,DERIVED_CUMULATIVE_DIFFERENCE,,,,7558159000.0,TRY,FLOW_SINGLE_QUARTER_DERIVED,HIGH,1213300.0,False,2023Q2
AGHOL.IS:2018Q2,AGHOL.IS,2018Q2,revenue_single_quarter,DERIVED_CUMULATIVE_DIFFERENCE,,,,6683842000.0,TRY,FLOW_SINGLE_QUARTER_DERIVED,HIGH,704078.0,False,2018Q1
AGHOL.IS:2018Q2,AGHOL.IS,2018Q2,net_income_single_quarter,DERIVED_CUMULATIVE_DIFFERENCE,,,,-82989000.0,TRY,FLOW_SINGLE_QUARTER_DERIVED,HIGH,704078.0,False,2018Q1
AGHOL.IS:2018Q3,AGHOL.IS,2018Q3,revenue_single_quarter,DERIVED_CUMULATIVE_DIFFERENCE,,,,7810393000.0,TRY,FLOW_SINGLE_QUARTER_DERIVED,HIGH,718614.0,False,2018Q2
AGHOL.IS:2018Q3,AGHOL.IS,2018Q3,net_income_single_quarter,DERIVED_CUMULATIVE_DIFFERENCE,,,,-771177000.0,TRY,FLOW_SINGLE_QUARTER_DERIVED,HIGH,718614.0,False,2018Q2
AGHOL.IS:2018Q4,AGHOL.IS,2018Q4,revenue_single_quarter,DERIVED_CUMULATIVE_DIFFERENCE,,,,5563366000.0,TRY,FLOW_SINGLE_QUARTER_DERIVED,HIGH,746089.0,False,2018Q3
AGHOL.IS:2018Q4,AGHOL.IS,2018Q4,net_income_single_quarter,DERIVED_CUMULATIVE_DIFFERENCE,,,,434479000.0,TRY,FLOW_SINGLE_QUARTER_DERIVED,HIGH,746089.0,False,2018Q3
AGHOL.IS:2019Q2,AGHOL.IS,2019Q2,revenue_single_quarter,DERIVED_CUMULATIVE_DIFFERENCE,,,,12359214000.0,TRY,FLOW_SINGLE_QUARTER_DERIVED,HIGH,783109.0,False,2019Q1
AGHOL.IS:2019Q2,AGHOL.IS,2019Q2,net_income_single_quarter,DERIVED_CUMULATIVE_DIFFERENCE,,,,366118000.0,TRY,FLOW_SINGLE_QUARTER_DERIVED,HIGH,783109.0,False,2019Q1
AGHOL.IS:2019Q3,AGHOL.IS,2019Q3,revenue_single_quarter,DERIVED_CUMULATIVE_DIFFERENCE,,,,14740389000.0,TRY,FLOW_SINGLE_QUARTER_DERIVED,HIGH,797328.0,False,2019Q2
AGHOL.IS:2019Q3,AGHOL.IS,2019Q3,net_income_single_quarter,DERIVED_CUMULATIVE_DIFFERENCE,,,,970836000.0,TRY,FLOW_SINGLE_QUARTER_DERIVED,HIGH,797328.0,False,2019Q2
AGHOL.IS:2019Q4,AGHOL.IS,2019Q4,revenue_single_quarter,DERIVED_CUMULATIVE_DIFFERENCE,,,,12793697000.0,TRY,FLOW_SINGLE_QUARTER_DERIVED,HIGH,824441.0,False,2019Q3
AGHOL.IS:2019Q4,AGHOL.IS,2019Q4,net_income_single_quarter,DERIVED_CUMULATIVE_DIFFERENCE,,,,547476000.0,TRY,FLOW_SINGLE_QUARTER_DERIVED,HIGH,824441.0,False,2019Q3
AGHOL.IS:2020Q2,AGHOL.IS,2020Q2,revenue_single_quarter,DERIVED_CUMULATIVE_DIFFERENCE,,,,15152665000.0,TRY,FLOW_SINGLE_QUARTER_DERIVED,HIGH,868821.0,False,2020Q1
AGHOL.IS:2020Q2,AGHOL.IS,2020Q2,net_income_single_quarter,DERIVED_CUMULATIVE_DIFFERENCE,,,,335898000.0,TRY,FLOW_SINGLE_QUARTER_DERIVED,HIGH,868821.0,False,2020Q1
AGHOL.IS:2020Q3,AGHOL.IS,2020Q3,revenue_single_quarter,DERIVED_CUMULATIVE_DIFFERENCE,,,,18455275000.0,TRY,FLOW_SINGLE_QUARTER_DERIVED,HIGH,887346.0,False,2020Q2
AGHOL.IS:2020Q3,AGHOL.IS,2020Q3,net_income_single_quarter,DERIVED_CUMULATIVE_DIFFERENCE,,,,1029476000.0,TRY,FLOW_SINGLE_QUARTER_DERIVED,HIGH,887346.0,False,2020Q2
AGHOL.IS:2020Q4,AGHOL.IS,2020Q4,revenue_single_quarter,DERIVED_CUMULATIVE_DIFFERENCE,,,,16060497000.0,TRY,FLOW_SINGLE_QUARTER_DERIVED,HIGH,914993.0,False,2020Q3
AGHOL.IS:2020Q4,AGHOL.IS,2020Q4,net_income_single_quarter,DERIVED_CUMULATIVE_DIFFERENCE,,,,-36641000.0,TRY,FLOW_SINGLE_QUARTER_DERIVED,HIGH,914993.0,False,2020Q3
AGHOL.IS:2021Q2,AGHOL.IS,2021Q2,revenue_single_quarter,DERIVED_CUMULATIVE_DIFFERENCE,,,,20602555000.0,TRY,FLOW_SINGLE_QUARTER_DERIVED,HIGH,958428.0,False,2021Q1
AGHOL.IS:2021Q2,AGHOL.IS,2021Q2,net_income_single_quarter,DERIVED_CUMULATIVE_DIFFERENCE,,,,997718000.0,TRY,FLOW_SINGLE_QUARTER_DERIVED,HIGH,958428.0,False,2021Q1
AGHOL.IS:2021Q3,AGHOL.IS,2021Q3,revenue_single_quarter,DERIVED_CUMULATIVE_DIFFERENCE,,,,23361032000.0,TRY,FLOW_SINGLE_QUARTER_DERIVED,HIGH,975962.0,False,2021Q2
AGHOL.IS:2021Q3,AGHOL.IS,2021Q3,net_income_single_quarter,DERIVED_CUMULATIVE_DIFFERENCE,,,,1247013000.0,TRY,FLOW_SINGLE_QUARTER_DERIVED,HIGH,975962.0,False,2021Q2
AGHOL.IS:2021Q4,AGHOL.IS,2021Q4,revenue_single_quarter,DERIVED_CUMULATIVE_DIFFERENCE,,,,23429111000.0,TRY,FLOW_SINGLE_QUARTER_DERIVED,HIGH,1006636.0,False,2021Q3
AGHOL.IS:2021Q4,AGHOL.IS,2021Q4,net_income_single_quarter,DERIVED_CUMULATIVE_DIFFERENCE,,,,211031000.0,TRY,FLOW_SINGLE_QUARTER_DERIVED,HIGH,1006636.0,False,2021Q3
AGHOL.IS:2022Q2,AGHOL.IS,2022Q2,revenue_single_quarter,DERIVED_CUMULATIVE_DIFFERENCE,,,,43092689000.0,TRY,FLOW_SINGLE_QUARTER_DERIVED,HIGH,1055631.0,False,2022Q1
AGHOL.IS:2022Q2,AGHOL.IS,2022Q2,net_income_single_quarter,DERIVED_CUMULATIVE_DIFFERENCE,,,,3836111000.0,TRY,FLOW_SINGLE_QUARTER_DERIVED,HIGH,1055631.0,False,2022Q1
AGHOL.IS:2022Q3,AGHOL.IS,2022Q3,revenue_single_quarter,DERIVED_CUMULATIVE_DIFFERENCE,,,,55323186000.0,TRY,FLOW_SINGLE_QUARTER_DERIVED,HIGH,1077557.0,False,2022Q2
AGHOL.IS:2022Q3,AGHOL.IS,2022Q3,net_income_single_quarter,DERIVED_CUMULATIVE_DIFFERENCE,,,,4612960000.0,TRY,FLOW_SINGLE_QUARTER_DERIVED,HIGH,1077557.0,False,2022Q2
AGHOL.IS:2022Q4,AGHOL.IS,2022Q4,revenue_single_quarter,DERIVED_CUMULATIVE_DIFFERENCE,,,,51348155000.0,TRY,FLOW_SINGLE_QUARTER_DERIVED,HIGH,1119336.0,False,2022Q3
AGHOL.IS:2022Q4,AGHOL.IS,2022Q4,net_income_single_quarter,DERIVED_CUMULATIVE_DIFFERENCE,,,,1758587000.0,TRY,FLOW_SINGLE_QUARTER_DERIVED,HIGH,1119336.0,False,2022Q3
AGHOL.IS:2023Q2,AGHOL.IS,2023Q2,revenue_single_quarter,DERIVED_CUMULATIVE_DIFFERENCE,,,,77383796000.0,TRY,FLOW_SINGLE_QUARTER_DERIVED,HIGH,1184024.0,False,2023Q1
AGHOL.IS:2023Q2,AGHOL.IS,2023Q2,net_income_single_quarter,DERIVED_CUMULATIVE_DIFFERENCE,,,,7648675000.0,TRY,FLOW_SINGLE_QUARTER_DERIVED,HIGH,1184024.0,False,2023Q1
AGHOL.IS:2023Q3,AGHOL.IS,2023Q3,revenue_single_quarter,DERIVED_CUMULATIVE_DIFFERENCE,,,,99247292000.0,TRY,FLOW_SINGLE_QUARTER_DERIVED,HIGH,1214052.0,False,2023Q2
AGHOL.IS:2023Q3,AGHOL.IS,2023Q3,net_income_single_quarter,DERIVED_CUMULATIVE_DIFFERENCE,,,,10821481000.0,TRY,FLOW_SINGLE_QUARTER_DERIVED,HIGH,1214052.0,False,2023Q2
AKBNK.IS:2018Q2,AKBNK.IS,2018Q2,net_income_single_quarter,DERIVED_CUMULATIVE_DIFFERENCE,,,,1602395000.0,TRY,FLOW_SINGLE_QUARTER_DERIVED,HIGH,697681.0,False,2018Q1
AKBNK.IS:2018Q3,AKBNK.IS,2018Q3,net_income_single_quarter,DERIVED_CUMULATIVE_DIFFERENCE,,,,1327234000.0,TRY,FLOW_SINGLE_QUARTER_DERIVED,HIGH,715324.0,False,2018Q2
AKBNK.IS:2018Q4,AKBNK.IS,2018Q4,net_income_single_quarter,DERIVED_CUMULATIVE_DIFFERENCE,,,,1050801000.0,TRY,FLOW_SINGLE_QUARTER_DERIVED,HIGH,736768.0,False,2018Q3
AKBNK.IS:2019Q2,AKBNK.IS,2019Q2,net_income_single_quarter,DERIVED_CUMULATIVE_DIFFERENCE,,,,1278122000.0,TRY,FLOW_SINGLE_QUARTER_DERIVED,HIGH,776837.0,False,2019Q1
AKBNK.IS:2019Q3,AKBNK.IS,2019Q3,net_income_single_quarter,DERIVED_CUMULATIVE_DIFFERENCE,,,,1397299000.0,TRY,FLOW_SINGLE_QUARTER_DERIVED,HIGH,794877.0,False,2019Q2
AKBNK.IS:2019Q4,AKBNK.IS,2019Q4,net_income_single_quarter,DERIVED_CUMULATIVE_DIFFERENCE,,,,1329515000.0,TRY,FLOW_SINGLE_QUARTER_DERIVED,HIGH,816358.0,False,2019Q3
AKBNK.IS:2020Q2,AKBNK.IS,2020Q2,net_income_single_quarter,DERIVED_CUMULATIVE_DIFFERENCE,,,,1586248000.0,TRY,FLOW_SINGLE_QUARTER_DERIVED,HIGH,862767.0,False,2020Q1
AKBNK.IS:2020Q3,AKBNK.IS,2020Q3,net_income_single_quarter,DERIVED_CUMULATIVE_DIFFERENCE,,,,1522799000.0,TRY,FLOW_SINGLE_QUARTER_DERIVED,HIGH,884402.0,False,2020Q2
AKBNK.IS:2020Q4,AKBNK.IS,2020Q4,net_income_single_quarter,DERIVED_CUMULATIVE_DIFFERENCE,,,,1848073000.0,TRY,FLOW_SINGLE_QUARTER_DERIVED,HIGH,907036.0,False,2020Q3
AKBNK.IS:2021Q2,AKBNK.IS,2021Q2,net_income_single_quarter,DERIVED_CUMULATIVE_DIFFERENCE,,,,2104870000.0,TRY,FLOW_SINGLE_QUARTER_DERIVED,HIGH,952364.0,False,2021Q1
AKBNK.IS:2021Q3,AKBNK.IS,2021Q3,net_income_single_quarter,DERIVED_CUMULATIVE_DIFFERENCE,,,,3210548000.0,TRY,FLOW_SINGLE_QUARTER_DERIVED,HIGH,972530.0,False,2021Q2
AKBNK.IS:2021Q4,AKBNK.IS,2021Q4,net_income_single_quarter,DERIVED_CUMULATIVE_DIFFERENCE,,,,4783194000.0,TRY,FLOW_SINGLE_QUARTER_DERIVED,HIGH,998625.0,False,2021Q3
AKBNK.IS:2022Q2,AKBNK.IS,2022Q2,net_income_single_quarter,DERIVED_CUMULATIVE_DIFFERENCE,,,,13110053000.0,TRY,FLOW_SINGLE_QUARTER_DERIVED,HIGH,1048278.0,False,2022Q1
AKBNK.IS:2022Q3,AKBNK.IS,2022Q3,net_income_single_quarter,DERIVED_CUMULATIVE_DIFFERENCE,,,,17066454000.0,TRY,FLOW_SINGLE_QUARTER_DERIVED,HIGH,1074407.0,False,2022Q2
AKBNK.IS:2022Q4,AKBNK.IS,2022Q4,net_income_single_quarter,DERIVED_CUMULATIVE_DIFFERENCE,,,,21800768000.0,TRY,FLOW_SINGLE_QUARTER_DERIVED,HIGH,1107380.0,False,2022Q3
AKBNK.IS:2023Q2,AKBNK.IS,2023Q2,net_income_single_quarter,DERIVED_CUMULATIVE_DIFFERENCE,,,,20301676000.0,TRY,FLOW_SINGLE_QUARTER_DERIVED,HIGH,1175516.0,False,2023Q1
AKBNK.IS:2023Q3,AKBNK.IS,2023Q3,net_income_single_quarter,DERIVED_CUMULATIVE_DIFFERENCE,,,,20447493000.0,TRY,FLOW_SINGLE_QUARTER_DERIVED,HIGH,1210588.0,False,2023Q2
AKBNK.IS:2024Q2,AKBNK.IS,2024Q2,net_income_single_quarter,DERIVED_CUMULATIVE_DIFFERENCE,,,,10923830000.0,TRY,FLOW_SINGLE_QUARTER_DERIVED,HIGH,1316532.0,False,2024Q1
AKBNK.IS:2024Q3,AKBNK.IS,2024Q3,net_income_single_quarter,DERIVED_CUMULATIVE_DIFFERENCE,,,,9030527000.0,TRY,FLOW_SINGLE_QUARTER_DERIVED,HIGH,1350569.0,False,2024Q2
AKBNK.IS:2024Q4,AKBNK.IS,2024Q4,net_income_single_quarter,DERIVED_CUMULATIVE_DIFFERENCE,,,,9227420000.0,TRY,FLOW_SINGLE_QUARTER_DERIVED,HIGH,1386666.0,False,2024Q3
AKBNK.IS:2025Q2,AKBNK.IS,2025Q2,net_income_single_quarter,DERIVED_CUMULATIVE_DIFFERENCE,,,,11124801000.0,TRY,FLOW_SINGLE_QUARTER_DERIVED,HIGH,1467850.0,False,2025Q1
AKBNK.IS:2025Q3,AKBNK.IS,2025Q3,net_income_single_quarter,DERIVED_CUMULATIVE_DIFFERENCE,,,,14064088000.0,TRY,FLOW_SINGLE_QUARTER_DERIVED,HIGH,1507402.0,False,2025Q2
AKBNK.IS:2025Q4,AKBNK.IS,2025Q4,net_income_single_quarter,DERIVED_CUMULATIVE_DIFFERENCE,,,,18331093000.0,TRY,FLOW_SINGLE_QUARTER_DERIVED,HIGH,1551576.0,False,2025Q3
AKBNK.IS:2026Q2,AKBNK.IS,2026Q2,net_income_single_quarter,DERIVED_CUMULATIVE_DIFFERENCE,,,,15199425000.0,TRY,FLOW_SINGLE_QUARTER_DERIVED,HIGH,1637885.0,False,2026Q1
ALARK.IS:2018Q2,ALARK.IS,2018Q2,revenue_single_quarter,DERIVED_CUMULATIVE_DIFFERENCE,,,,261621970.0,TRY,FLOW_SINGLE_QUARTER_DERIVED,HIGH,704847.0,False,2018Q1
ALARK.IS:2018Q2,ALARK.IS,2018Q2,net_income_single_quarter,DERIVED_CUMULATIVE_DIFFERENCE,,,,-105927493.0,TRY,FLOW_SINGLE_QUARTER_DERIVED,HIGH,704847.0,False,2018Q1
ALARK.IS:2018Q3,ALARK.IS,2018Q3,revenue_single_quarter,DERIVED_CUMULATIVE_DIFFERENCE,,,,413703580.0,TRY,FLOW_SINGLE_QUARTER_DERIVED,HIGH,719167.0,False,2018Q2
ALARK.IS:2018Q3,ALARK.IS,2018Q3,net_income_single_quarter,DERIVED_CUMULATIVE_DIFFERENCE,,,,-307979788.0,TRY,FLOW_SINGLE_QUARTER_DERIVED,HIGH,719167.0,False,2018Q2
ALARK.IS:2018Q4,ALARK.IS,2018Q4,revenue_single_quarter,DERIVED_CUMULATIVE_DIFFERENCE,,,,302041569.0,TRY,FLOW_SINGLE_QUARTER_DERIVED,HIGH,747294.0,False,2018Q3
ALARK.IS:2018Q4,ALARK.IS,2018Q4,net_income_single_quarter,DERIVED_CUMULATIVE_DIFFERENCE,,,,331799588.0,TRY,FLOW_SINGLE_QUARTER_DERIVED,HIGH,747294.0,False,2018Q3
ALARK.IS:2019Q2,ALARK.IS,2019Q2,revenue_single_quarter,DERIVED_CUMULATIVE_DIFFERENCE,,,,418030368.0,TRY,FLOW_SINGLE_QUARTER_DERIVED,HIGH,782018.0,False,2019Q1
ALARK.IS:2019Q2,ALARK.IS,2019Q2,net_income_single_quarter,DERIVED_CUMULATIVE_DIFFERENCE,,,,178987136.0,TRY,FLOW_SINGLE_QUARTER_DERIVED,HIGH,782018.0,False,2019Q1
ALARK.IS:2019Q3,ALARK.IS,2019Q3,revenue_single_quarter,DERIVED_CUMULATIVE_DIFFERENCE,,,,320836531.0,TRY,FLOW_SINGLE_QUARTER_DERIVED,HIGH,797322.0,False,2019Q2
ALARK.IS:2019Q3,ALARK.IS,2019Q3,net_income_single_quarter,DERIVED_CUMULATIVE_DIFFERENCE,,,,260927494.0,TRY,FLOW_SINGLE_QUARTER_DERIVED,HIGH,797322.0,False,2019Q2
ALARK.IS:2019Q4,ALARK.IS,2019Q4,revenue_single_quarter,DERIVED_CUMULATIVE_DIFFERENCE,,,,282057352.0,TRY,FLOW_SINGLE_QUARTER_DERIVED,HIGH,823712.0,False,2019Q3
ALARK.IS:2019Q4,ALARK.IS,2019Q4,net_income_single_quarter,DERIVED_CUMULATIVE_DIFFERENCE,,,,74739598.0,TRY,FLOW_SINGLE_QUARTER_DERIVED,HIGH,823712.0,False,2019Q3
ALARK.IS:2020Q2,ALARK.IS,2020Q2,revenue_single_quarter,DERIVED_CUMULATIVE_DIFFERENCE,,,,260422949.0,TRY,FLOW_SINGLE_QUARTER_DERIVED,HIGH,869544.0,False,2020Q1
ALARK.IS:2020Q2,ALARK.IS,2020Q2,net_income_single_quarter,DERIVED_CUMULATIVE_DIFFERENCE,,,,113129060.0,TRY,FLOW_SINGLE_QUARTER_DERIVED,HIGH,869544.0,False,2020Q1
ALARK.IS:2020Q3,ALARK.IS,2020Q3,revenue_single_quarter,DERIVED_CUMULATIVE_DIFFERENCE,,,,304989028.0,TRY,FLOW_SINGLE_QUARTER_DERIVED,HIGH,886848.0,False,2020Q2
ALARK.IS:2020Q3,ALARK.IS,2020Q3,net_income_single_quarter,DERIVED_CUMULATIVE_DIFFERENCE,,,,203739334.0,TRY,FLOW_SINGLE_QUARTER_DERIVED,HIGH,886848.0,False,2020Q2
ALARK.IS:2020Q4,ALARK.IS,2020Q4,revenue_single_quarter,DERIVED_CUMULATIVE_DIFFERENCE,,,,235565533.0,TRY,FLOW_SINGLE_QUARTER_DERIVED,HIGH,917148.0,False,2020Q3
ALARK.IS:2020Q4,ALARK.IS,2020Q4,net_income_single_quarter,DERIVED_CUMULATIVE_DIFFERENCE,,,,539014325.0,TRY,FLOW_SINGLE_QUARTER_DERIVED,HIGH,917148.0,False,2020Q3
ALARK.IS:2021Q2,ALARK.IS,2021Q2,revenue_single_quarter,DERIVED_CUMULATIVE_DIFFERENCE,,,,435383410.0,TRY,FLOW_SINGLE_QUARTER_DERIVED,HIGH,959164.0,False,2021Q1
ALARK.IS:2021Q2,ALARK.IS,2021Q2,net_income_single_quarter,DERIVED_CUMULATIVE_DIFFERENCE,,,,128759577.0,TRY,FLOW_SINGLE_QUARTER_DERIVED,HIGH,959164.0,False,2021Q1
ALARK.IS:2021Q3,ALARK.IS,2021Q3,revenue_single_quarter,DERIVED_CUMULATIVE_DIFFERENCE,,,,625767200.0,TRY,FLOW_SINGLE_QUARTER_DERIVED,HIGH,975999.0,False,2021Q2
ALARK.IS:2021Q3,ALARK.IS,2021Q3,net_income_single_quarter,DERIVED_CUMULATIVE_DIFFERENCE,,,,391956173.0,TRY,FLOW_SINGLE_QUARTER_DERIVED,HIGH,975999.0,False,2021Q2
ALARK.IS:2021Q4,ALARK.IS,2021Q4,revenue_single_quarter,DERIVED_CUMULATIVE_DIFFERENCE,,,,714254704.0,TRY,FLOW_SINGLE_QUARTER_DERIVED,HIGH,1009377.0,False,2021Q3
ALARK.IS:2021Q4,ALARK.IS,2021Q4,net_income_single_quarter,DERIVED_CUMULATIVE_DIFFERENCE,,,,968551520.0,TRY,FLOW_SINGLE_QUARTER_DERIVED,HIGH,1009377.0,False,2021Q3
ALARK.IS:2022Q2,ALARK.IS,2022Q2,revenue_single_quarter,DERIVED_CUMULATIVE_DIFFERENCE,,,,1757392306.0,TRY,FLOW_SINGLE_QUARTER_DERIVED,HIGH,1056898.0,False,2022Q1
ALARK.IS:2022Q2,ALARK.IS,2022Q2,net_income_single_quarter,DERIVED_CUMULATIVE_DIFFERENCE,,,,2279649326.0,TRY,FLOW_SINGLE_QUARTER_DERIVED,HIGH,1056898.0,False,2022Q1
ALARK.IS:2022Q3,ALARK.IS,2022Q3,revenue_single_quarter,DERIVED_CUMULATIVE_DIFFERENCE,,,,2334779679.0,TRY,FLOW_SINGLE_QUARTER_DERIVED,HIGH,1078290.0,False,2022Q2
ALARK.IS:2022Q3,ALARK.IS,2022Q3,net_income_single_quarter,DERIVED_CUMULATIVE_DIFFERENCE,,,,4321438721.0,TRY,FLOW_SINGLE_QUARTER_DERIVED,HIGH,1078290.0,False,2022Q2
ALARK.IS:2022Q4,ALARK.IS,2022Q4,revenue_single_quarter,DERIVED_CUMULATIVE_DIFFERENCE,,,,2051006243.0,TRY,FLOW_SINGLE_QUARTER_DERIVED,HIGH,1123127.0,False,2022Q3
ALARK.IS:2022Q4,ALARK.IS,2022Q4,net_income_single_quarter,DERIVED_CUMULATIVE_DIFFERENCE,,,,4192382618.0,TRY,FLOW_SINGLE_QUARTER_DERIVED,HIGH,1123127.0,False,2022Q3
ALARK.IS:2023Q2,ALARK.IS,2023Q2,revenue_single_quarter,DERIVED_CUMULATIVE_DIFFERENCE,,,,1812600006.0,TRY,FLOW_SINGLE_QUARTER_DERIVED,HIGH,1187286.0,False,2023Q1
ALARK.IS:2023Q2,ALARK.IS,2023Q2,net_income_single_quarter,DERIVED_CUMULATIVE_DIFFERENCE,,,,3228561583.0,TRY,FLOW_SINGLE_QUARTER_DERIVED,HIGH,1187286.0,False,2023Q1
ALARK.IS:2023Q3,ALARK.IS,2023Q3,revenue_single_quarter,DERIVED_CUMULATIVE_DIFFERENCE,,,,2868868877.0,TRY,FLOW_SINGLE_QUARTER_DERIVED,HIGH,1216029.0,False,2023Q2
ALARK.IS:2023Q3,ALARK.IS,2023Q3,net_income_single_quarter,DERIVED_CUMULATIVE_DIFFERENCE,,,,4103804432.0,TRY,FLOW_SINGLE_QUARTER_DERIVED,HIGH,1216029.0,False,2023Q2
